contractSymbol,oi,iv,mid,volume,public_gex,gamma,delta,spot,oi_prev,iv_prev,mid_prev,volume_prev,public_gex_prev,gamma_prev,delta_prev,spot_prev,oi_change,iv_change,mid_change,new_public_gex,flow_class,confidence,flow_reason,inferred_dealer_new_gex,ticker
SPY261002P00745000,67934.0,0.1713950048828125,0.245,6138.0,-153770131.094372,0.003861620751927,-0.014833953433997,765.6099853515625,7078.0,0.1763998376464844,0.425,64866.0,-12058343.33747426,0.0028633480869647,-0.013833848593884,771.3499755859375,60856.0,-0.00500483276367189,-0.18,-141711787.75689775,LIKELY_CUSTOMER_SELL,95.0,IV down; option price down,-141711787.75689775,SPY
SPY261002P00730000,67749.0,0.2265702343749999,0.065,772.0,-20580776.860947262,0.0005182552338452,-0.0021095663480291,765.6099853515625,7691.0,0.2221757470703124,0.125,61462.0,-2592574.5406478187,0.0005665594663131,-0.0028741608390109,771.3499755859375,60058.0,0.0043944873046875,-0.06,-17988202.320299443,LIKELY_CUSTOMER_BUY,65.0,IV up; option price down,17988202.320299443,SPY
SPY261009P00745000,47990.0,0.1476525665283203,1.415,34295.0,-296305594.7152117,0.010533529690776,-0.1091417513976581,765.6099853515625,1942.0,0.1524742956542969,1.56,46939.0,-8477862.912444312,0.0073372653235591,-0.0758911149305809,771.3499755859375,46048.0,-0.004821729125976615,-0.14500000000000002,-287827731.8027674,LIKELY_CUSTOMER_SELL,95.0,IV down; option price down; volume confirms,-287827731.8027674,SPY
SPY261009P00725000,46452.0,0.1843343286132812,0.385,32714.0,-75907227.84069374,0.0027878123373235,-0.0267144271806393,765.6099853515625,1481.0,0.1897053686523437,0.495,45347.0,-1871004.582087742,0.0021233268538695,-0.0214763936074532,771.3499755859375,44971.0,-0.005371040039062497,-0.10999999999999999,-74036223.258606,LIKELY_CUSTOMER_SELL,95.0,IV down; option price down; volume confirms,-74036223.258606,SPY
SPY261016P00732000,72155.0,0.1676718975830078,1.54,26570.0,-253648582.6803417,0.0059972317408266,-0.0891047430053962,765.6099853515625,52776.0,0.1712119012451172,1.6549999999999998,31034.0,-145707947.25570205,0.0046402761682263,-0.0686397408726311,771.3499755859375,19379.0,-0.003540003662109409,-0.11499999999999977,-107940635.42463964,LIKELY_CUSTOMER_SELL,95.0,IV down; option price down; volume confirms,-107940635.42463964,SPY
SPY261007P00760000,18235.0,0.1198208135986328,3.535,823.0,-296545065.72050786,0.0277440434793989,-0.3093325110220348,765.6099853515625,382.0,0.1262904754638671,3.62,18444.0,-4384338.36805997,0.0192902457749,-0.1979167082628509,771.3499755859375,17853.0,-0.006469661865234302,-0.08499999999999996,-292160727.35244787,LIKELY_CUSTOMER_SELL,95.0,IV down; option price down,-292160727.35244787,SPY
SPY261007P00740000,18069.0,0.1538170556640625,0.605,329.0,-67087910.78514057,0.0063342466671325,-0.0501013016503473,765.6099853515625,754.0,0.1601646484375,0.76,18448.0,-1941098.01714184,0.0043268633523119,-0.0360352007779157,771.3499755859375,17315.0,-0.006347592773437494,-0.15500000000000003,-65146812.767998725,LIKELY_CUSTOMER_SELL,95.0,IV down; option price down,-65146812.767998725,SPY
SPY261009P00742000,16138.0,0.1529625720214844,1.14,743.0,-81702955.42590787,0.008637198035141,-0.087362566564809,765.6099853515625,1296.0,0.1578453356933593,1.285,15579.0,-4664702.065178773,0.0060494510760498,-0.0618037057914838,771.3499755859375,14842.0,-0.004882763671874901,-0.14500000000000002,-77038253.3607291,LIKELY_CUSTOMER_SELL,95.0,IV down; option price down,-77038253.3607291,SPY
SPY261001C00782000,13630.0,0.15039912109375,0.055,649.0,14859219.91343119,0.0018598802227735,0.0037605791486871,765.6099853515625,988.0,0.129891513671875,0.125,13792.0,11891494.136073409,0.0202290990661986,0.0809726802667774,771.3499755859375,12642.0,0.020507607421875018,-0.07,2967725.7773577813,LIKELY_CUSTOMER_BUY,65.0,IV up; option price down,-2967725.7773577813,SPY
SPY261005P00670000,9652.0,0.3711000390625,0.025,130.0,-546313.5205108472,9.656271266020652e-05,-0.000949628161973,765.6099853515625,16.0,0.35938140625,0.035,9636.0,-890.1548869617533,9.350668433839388e-05,-0.0009858623853516,771.3499755859375,9636.0,0.011718632812500018,-0.010000000000000002,-545423.3656238854,LIKELY_CUSTOMER_BUY,65.0,IV up; option price down,545423.3656238854,SPY
SPY261016C00785000,46029.0,0.1208584008789062,1.585,1651.0,368411680.4008558,0.013654841806377,0.1823448121854336,765.6099853515625,36552.0,0.1167080517578125,1.78,17376.0,370785918.6318168,0.0170494018570777,0.2709682754965682,771.3499755859375,9477.0,0.004150349121093702,-0.19500000000000006,-2374238.2309610248,LIKELY_CUSTOMER_BUY,65.0,IV up; option price down,2374238.2309610248,SPY
SPY260930P00663000,8082.0,0.8437515624999999,0.005,6470.0,-255377.17764060787,5.39073593927646e-05,-0.0005138577723212,765.6099853515625,1686.0,0.5937540625000001,0.005,6470.0,-107.41895072145662,1.0708296685831269e-07,-5.053493215001481e-07,771.3499755859375,6396.0,0.24999749999999987,0.0,-255269.75868988642,LIKELY_CUSTOMER_BUY,80.0,IV up; volume confirms,255269.75868988642,SPY
SPY261005P00675000,5570.0,0.3535220898437499,0.025,23.0,-360183.86708104867,0.0001103199060465,-0.001041393359985,765.6099853515625,171.0,0.34180345703125,0.035,5406.0,-10407.065075241318,0.0001022890675309,-0.0010293599352185,771.3499755859375,5399.0,0.011718632812499907,-0.010000000000000002,-349776.80200580735,LIKELY_CUSTOMER_BUY,65.0,IV up; option price down,349776.80200580735,SPY
SPY261016P00730000,64719.0,0.1709677630615234,1.41,1184.0,-207998731.59762403,0.0054829427387933,-0.0811387983406474,765.6099853515625,60178.0,0.1745077667236328,1.525,23037.0,-152241220.08099428,0.0042519834512654,-0.0628494741405144,771.3499755859375,4541.0,-0.003540003662109409,-0.11499999999999999,-55757511.516629755,LIKELY_CUSTOMER_SELL,95.0,IV down; option price down,-55757511.516629755,SPY
SPY261002C00780000,15762.0,0.1411218701171875,0.225,9683.0,98565199.2206462,0.0106683462547292,0.0395149803918504,765.6099853515625,11405.0,0.1305018591308593,0.415,14744.0,196271008.57400048,0.0289239714605053,0.1817117461952245,771.3499755859375,4357.0,0.010620010986328199,-0.18999999999999997,-97705809.35335428,LIKELY_CUSTOMER_BUY,65.0,IV up; option price down; volume confirms,97705809.35335428,SPY
SPY261001P00764000,4721.0,0.1236049554443359,2.675,10575.0,-209958886.8477462,0.0758726203327278,-0.3648416656789235,765.6099853515625,636.0,0.1366663482666015,3.015,12229.0,-12048979.32018255,0.0318412569293834,-0.1652421672447769,771.3499755859375,4085.0,-0.013061392822265608,-0.3400000000000003,-197909907.52756363,LIKELY_CUSTOMER_SELL,95.0,IV down; option price down; volume confirms,-197909907.52756363,SPY
SPY261016P00753000,31677.0,0.1349268637084961,4.305,791.0,-274717349.23169184,0.0147954052346447,-0.2533182164384531,765.6099853515625,28113.0,0.1382227291870117,4.305,4513.0,-196122790.45408544,0.0117251371386256,-0.1882130788904984,771.3499755859375,3564.0,-0.003295865478515597,0.0,-78594558.7776064,LIKELY_CUSTOMER_SELL,80.0,IV down,-78594558.7776064,SPY
SPY261002P00605000,3884.0,0.7656273437500001,0.005,4.0,-3272.134459651048,1.4372646439168595e-06,-1.4161451133198888e-05,765.6099853515625,325.0,0.6718782812500002,0.005,3667.0,-500.6672725665497,2.589183926744248e-06,-2.863556013199542e-05,771.3499755859375,3559.0,0.09374906249999992,0.0,-2771.467187084498,LIKELY_CUSTOMER_BUY,80.0,IV up,2771.467187084498,SPY
SPY260930P00656000,3341.0,0.9062509375,0.005,3205.0,-98121.34951372756,5.010393773211042e-05,-0.0005129096209153,765.6099853515625,198.0,0.64062859375,0.005,3205.0,-14.128189581375702,1.1992739035235866e-07,-6.151917124608275e-07,771.3499755859375,3143.0,0.26562234374999993,0.0,-98107.22132414619,LIKELY_CUSTOMER_BUY,80.0,IV up; volume confirms,98107.22132414619,SPY
SPY260930C00766000,4816.0,0.1458825646972656,1.53,67705.0,192413624.49316925,0.0681607191867001,0.4806480943317111,765.6099853515625,1957.0,0.131844619140625,2.78,16840.0,51453471.44675494,0.0441896859444651,0.8479955668023784,771.3499755859375,2859.0,0.01403794555664059,-1.2499999999999998,140960153.04641432,LIKELY_CUSTOMER_BUY,65.0,IV up; option price down; volume confirms,-140960153.04641432,SPY
SPY261002P00755000,8730.0,0.1496667065429687,1.045,11112.0,-105416826.46235073,0.0206006306661962,-0.0994057730182331,765.6099853515625,5904.0,0.1553429193115234,1.335,11892.0,-38707594.04961556,0.01101911939156,-0.0603732620182768,771.3499755859375,2826.0,-0.005676212768554678,-0.29000000000000004,-66709232.412735164,LIKELY_CUSTOMER_SELL,95.0,IV down; option price down; volume confirms,-66709232.412735164,SPY
SPY261016P00728000,25140.0,0.1741415594482422,1.29,102.0,-73831847.31802638,0.0050102948399558,-0.0738241557102128,765.6099853515625,22345.0,0.17774259765625,1.4049999999999998,3300.0,-51806117.65154283,0.0038967069694064,-0.0575556490730903,771.3499755859375,2795.0,-0.0036010382080078063,-0.11499999999999977,-22025729.66648355,LIKELY_CUSTOMER_SELL,95.0,IV down; option price down,-22025729.66648355,SPY
SPY261001P00752000,3554.0,0.1565025756835937,0.325,3395.0,-11601155.82684963,0.0055688902465372,-0.0136545757510655,765.6099853515625,811.0,0.16211775390625,0.595,3741.0,-2100373.289480726,0.0043528398842612,-0.0161235972134398,771.3499755859375,2743.0,-0.0056151782226563085,-0.26999999999999996,-9500782.537368905,LIKELY_CUSTOMER_SELL,95.0,IV down; option price down; volume confirms,-9500782.537368905,SPY
SPY261001P00755000,3837.0,0.148446015625,0.565,2307.0,-29102749.655493613,0.0129397845776689,-0.0348379370887734,765.6099853515625,1214.0,0.1555260229492187,0.905,5005.0,-5482953.906490074,0.0075908947169222,-0.0296637591506645,771.3499755859375,2623.0,-0.007080007324218679,-0.3400000000000001,-23619795.74900354,LIKELY_CUSTOMER_SELL,95.0,IV down; option price down; volume confirms,-23619795.74900354,SPY
SPY261005P00680000,2602.0,0.33399103515625,0.025,2603.0,-184300.8502980452,0.0001208383728448,-0.001081009856794,765.6099853515625,4.0,0.3300848242187499,0.045,2603.0,-308.741603730014,0.0001297275523842,-0.0012843970257772,771.3499755859375,2598.0,0.0039062109375000986,-0.019999999999999997,-183992.1086943152,LIKELY_CUSTOMER_BUY,65.0,IV up; option price down; volume confirms,183992.1086943152,SPY
SPY261002P00710000,7785.0,0.3222724023437499,0.035,578.0,-630630.210101745,0.0001381977513774,-0.0007310038758131,765.6099853515625,5290.0,0.2988351367187499,0.055,250.0,-515781.9730315207,0.000163873053783,-0.0010186140741883,771.3499755859375,2495.0,0.02343726562499998,-0.019999999999999997,-114848.23707022425,LIKELY_CUSTOMER_BUY,65.0,IV up; option price down,114848.23707022425,SPY
SPY260930C00768000,4638.0,0.1405115246582031,0.835,62348.0,177430399.45997453,0.0652652653319322,0.3426608835305669,765.6099853515625,2151.0,0.1285487536621093,1.865,22131.0,78779672.44860186,0.06155606082958,0.7474594072841968,771.3499755859375,2487.0,0.011962770996093802,-1.03,98650727.01137267,LIKELY_CUSTOMER_BUY,65.0,IV up; option price down; volume confirms,-98650727.01137267,SPY
SPY261002C00770000,7883.0,0.1471032556152343,1.81,21451.0,195181434.6157111,0.0422407675606082,0.3087111021093146,765.6099853515625,5429.0,0.1369104864501953,2.53,15436.0,132577503.29505484,0.0410437519462903,0.568995902054344,771.3499755859375,2454.0,0.010192769165039,-0.7199999999999998,62603931.320656255,LIKELY_CUSTOMER_BUY,65.0,IV up; option price down; volume confirms,-62603931.320656255,SPY
SPY260930C00769000,5672.0,0.1379480737304687,0.585,36552.0,201234167.33411977,0.060527163343772,0.2765602565892122,765.6099853515625,3277.0,0.1272059936523437,1.495,12937.0,135098924.8279652,0.0692903110841701,0.6836925052497567,771.3499755859375,2395.0,0.010742080078124994,-0.9100000000000001,66135242.50615457,LIKELY_CUSTOMER_BUY,65.0,IV up; option price down; volume confirms,-66135242.50615457,SPY
SPY261002C00755000,3044.0,0.2064288342285155,11.19,715.0,39290563.02080237,0.0220205633860561,0.8251690241506264,765.6099853515625,675.0,0.1707236248779297,12.255,3105.0,4944151.334625061,0.0123107650373998,0.9211999908797324,771.3499755859375,2369.0,0.0357052093505858,-1.0650000000000013,34346411.68617731,LIKELY_CUSTOMER_BUY,65.0,IV up; option price down,-34346411.68617731,SPY
SPY260930C00770000,10906.0,0.137703935546875,0.415,54771.0,342407411.8660097,0.0535627030449934,0.2193314296464453,765.6099853515625,8631.0,0.1263515100097656,1.185,26541.0,385640865.6161,0.0750963782215192,0.6120782701621253,771.3499755859375,2275.0,0.011352425537109384,-0.77,-43233453.7500903,LIKELY_CUSTOMER_BUY,65.0,IV up; option price down; volume confirms,43233453.7500903,SPY
SPY261002C00775000,11141.0,0.1405115246582031,0.665,12548.0,169712246.97079965,0.0259880582319694,0.1259536299549637,765.6099853515625,8879.0,0.1313563427734375,1.085,11872.0,214817513.29629976,0.0406633063798821,0.3583560252072005,771.3499755859375,2262.0,0.009155181884765606,-0.41999999999999993,-45105266.3255001,LIKELY_CUSTOMER_BUY,65.0,IV up; option price down; volume confirms,45105266.3255001,SPY
SPY261009C00780000,7994.0,0.1204921936035156,1.21,46963.0,84318308.64623058,0.017994615214214,0.1781127570236195,765.6099853515625,5739.0,0.1156094299316406,1.47,23948.0,80788544.12457328,0.0236597753615,0.3029515235330137,771.3499755859375,2255.0,0.004882763671874998,-0.26,3529764.521657303,LIKELY_CUSTOMER_BUY,65.0,IV up; option price down; volume confirms,-3529764.521657303,SPY
SPY260930C00797000,5146.0,0.2890696093749999,0.005,13.0,3177745.4490332347,0.0010534990431658,0.0041348289276831,765.6099853515625,3096.0,0.2109453906249999,0.015,17315.0,1121274.423476315,0.0006087066182019,0.001602969483094,771.3499755859375,2050.0,0.07812421875000003,-0.009999999999999998,2056471.0255569196,LIKELY_CUSTOMER_BUY,65.0,IV up; option price down,-2056471.0255569196,SPY
SPY261002P00740000,9101.0,0.1845784667968749,0.125,2760.0,-8652673.126902685,0.0016219819062823,-0.0059856945378937,765.6099853515625,7059.0,0.1889729541015625,0.255,8321.0,-6310498.221022698,0.0015025105375487,-0.0071502552969636,771.3499755859375,2042.0,-0.004394487304687611,-0.13,-2342174.9058799865,LIKELY_CUSTOMER_SELL,95.0,IV down; option price down; volume confirms,-2342174.9058799865,SPY
SPY261009P00751000,2469.0,0.1380091082763672,2.205,395.0,-22256975.07685539,0.0153790628400521,-0.1722224289839415,765.6099853515625,592.0,0.1425256646728515,2.325,2259.0,-3796773.449341381,0.010779287042339,-0.1167119979076449,771.3499755859375,1877.0,-0.004516556396484295,-0.1200000000000001,-18460201.627514012,LIKELY_CUSTOMER_SELL,95.0,IV down; option price down,-18460201.627514012,SPY
SPY261016P00755000,24307.0,0.1316615155029297,4.765000000000001,2124.0,-227148139.3977996,0.015942728298331,-0.2797321584225877,765.6099853515625,22464.0,0.1352625537109375,4.75,4546.0,-170253694.71264872,0.0127381545770988,-0.2082968069827735,771.3499755859375,1843.0,-0.0036010382080078063,0.015000000000000568,-56894444.68515089,LIKELY_CUSTOMER_SELL,65.0,IV down; option price up; volume confirms,-56894444.68515089,SPY
SPY261002P00620000,2242.0,0.6875031250000001,0.005,2016.0,-2208.117131848314,1.6802400061643503e-06,-1.4903786942577211e-05,765.6099853515625,504.0,0.6093789062500001,0.005,2016.0,-991.1178652046348,3.3051549746156643e-06,-3.342805081207878e-05,771.3499755859375,1738.0,0.07812421874999997,0.0,-1216.9992666436792,LIKELY_CUSTOMER_BUY,80.0,IV up; volume confirms,1216.9992666436792,SPY
SPY261001P00767000,2602.0,0.1132901171875,4.145,3378.0,-128709227.93234178,0.0843892670506272,-0.6119668963123024,765.6099853515625,871.0,0.1314784118652343,4.365,6262.0,-22885507.66405267,0.0441610565687847,-0.2714373272761321,771.3499755859375,1731.0,-0.018188294677734293,-0.22000000000000064,-105823720.26828912,LIKELY_CUSTOMER_SELL,95.0,IV down; option price down; volume confirms,-105823720.26828912,SPY
SPY261002C00783000,4178.0,0.1433191137695312,0.1149999999999999,1837.0,13511275.091379542,0.0055171237157894,0.018259673445971,765.6099853515625,2458.0,0.1325770336914062,0.235,3256.0,30124488.8849925,0.0205984654932143,0.1124062794321117,771.3499755859375,1720.0,0.010742080078124994,-0.12000000000000009,-16613213.793612957,LIKELY_CUSTOMER_BUY,65.0,IV up; option price down; volume confirms,16613213.793612957,SPY
SPY260930C00798000,3342.0,0.2968820312499999,0.005,1.0,1952847.3823236031,0.0009968887163433,0.0040049528533313,765.6099853515625,1748.0,0.21680470703125,0.015,4499.0,562676.5169063244,0.000541021372603,0.0014515765623929,771.3499755859375,1594.0,0.08007732421874991,-0.009999999999999998,1390170.8654172788,LIKELY_CUSTOMER_BUY,65.0,IV up; option price down,-1390170.8654172788,SPY
SPY261009P00580000,1786.0,0.5585981640625001,0.025,135.0,-34808.884657549315,3.3250139773719165e-05,-0.000640049938177,765.6099853515625,253.0,0.5507857421875001,0.035,1548.0,-5353.7700243398685,3.5566100419666456e-05,-0.0007237779648022,771.3499755859375,1533.0,0.007812421874999975,-0.010000000000000002,-29455.114633209447,LIKELY_CUSTOMER_BUY,65.0,IV up; option price down,29455.114633209447,SPY
SPY261002P00610000,2167.0,0.7500025,0.005,2358.0,-2413.3337748017543,1.899954941565457e-06,-1.858932903309185e-05,765.6099853515625,701.0,0.6562534375000001,0.005,2358.0,-1318.3106904578867,3.1607985372056456e-06,-3.448474449208039e-05,771.3499755859375,1466.0,0.09374906249999992,0.0,-1095.0230843438676,LIKELY_CUSTOMER_BUY,80.0,IV up; volume confirms,1095.0230843438676,SPY
SPY261002P00765000,15458.0,0.1260463372802734,3.885,13202.0,-502771685.4018332,0.0554884163985115,-0.4547848842672261,765.6099853515625,14051.0,0.1373377282714844,4.074999999999999,11194.0,-272465301.5545296,0.0325912508323649,-0.2430447103226687,771.3499755859375,1407.0,-0.011291390991211014,-0.1899999999999995,-230306383.84730357,LIKELY_CUSTOMER_SELL,95.0,IV down; option price down; volume confirms,-230306383.84730357,SPY
SPY261009P00740000,6128.0,0.1564415411376953,0.99,1638.0,-27117711.841804173,0.0075495159474191,-0.0753011668615448,765.6099853515625,4750.0,0.1610191320800781,1.1349999999999998,2137.0,-14975619.728976326,0.0052989308706369,-0.0535629998271356,771.3499755859375,1378.0,-0.004577590942382803,-0.1449999999999998,-12142092.112827847,LIKELY_CUSTOMER_SELL,95.0,IV down; option price down; volume confirms,-12142092.112827847,SPY
SPY260930C00767000,2774.0,0.1427087683105468,1.145,48371.0,110606946.15438646,0.0680237808440763,0.4112112332344823,765.6099853515625,1404.0,0.1300135827636718,2.295,10839.0,44217759.40206262,0.0529330214200248,0.8024885357368019,771.3499755859375,1370.0,0.012695185546874987,-1.15,66389186.75232384,LIKELY_CUSTOMER_BUY,65.0,IV up; option price down; volume confirms,-66389186.75232384,SPY
SPY261016P00750000,67920.0,0.1394739373779297,3.69,3226.0,-524047395.4996876,0.0131630857839812,-0.2176730561569984,765.6099853515625,66561.0,0.1428918719482422,3.725,7259.0,-408477854.795989,0.0103144420065352,-0.1620564585974213,771.3499755859375,1359.0,-0.003417934570312503,-0.03500000000000014,-115569540.70369864,LIKELY_CUSTOMER_SELL,95.0,IV down; option price down; volume confirms,-115569540.70369864,SPY
SPY260930P00666000,2294.0,0.8125018749999999,0.005,1576.0,-70841.45321084584,5.268401562970144e-05,-0.0004812509471099,765.6099853515625,954.0,0.6367223828125,0.015,1576.0,-490.3989710322404,8.639691501164306e-07,-4.793397752611561e-06,771.3499755859375,1340.0,0.1757794921874999,-0.009999999999999998,-70351.0542398136,LIKELY_CUSTOMER_BUY,65.0,IV up; option price down; volume confirms,70351.0542398136,SPY
SPY261001C00770000,2355.0,0.137703935546875,1.035,10114.0,73938149.17884219,0.0535627030449934,0.2193314296464453,765.6099853515625,1022.0,0.1283046154785156,1.78,8226.0,32375616.042014837,0.0532432068059583,0.5840484382626177,771.3499755859375,1333.0,0.00939932006835939,-0.7450000000000001,41562533.13682735,LIKELY_CUSTOMER_BUY,65.0,IV up; option price down; volume confirms,-41562533.13682735,SPY
SPY260930C00796000,2190.0,0.2812571874999999,0.005,111.0,1432740.746043285,0.0011161133920134,0.0042774842836139,765.6099853515625,859.0,0.2148516015625,0.025,4707.0,490611.02940618864,0.0009599336220601,0.0027025684884535,771.3499755859375,1331.0,0.0664055859374999,-0.02,942129.7166370963,LIKELY_CUSTOMER_BUY,65.0,IV up; option price down,-942129.7166370963,SPY
SPY261002C00768000,2923.0,0.1511315356445313,2.55,8798.0,77281767.62702341,0.0451058689222268,0.3999711411293993,765.6099853515625,1595.0,0.1400232482910156,3.38,11157.0,36037432.78418189,0.0379743385356221,0.6462101825762147,771.3499755859375,1328.0,0.011108287353515711,-0.8300000000000001,41244334.84284152,LIKELY_CUSTOMER_BUY,65.0,IV up; option price down; volume confirms,-41244334.84284152,SPY
SPY261001P00765000,2540.0,0.1201259863281249,3.115,23401.0,-122052587.95028304,0.0819781470553707,-0.4414331950311023,765.6099853515625,1235.0,0.1350184155273437,3.425,8294.0,-26405330.313669592,0.0359353357402268,-0.1965477448347856,771.3499755859375,1305.0,-0.014892429199218793,-0.3099999999999996,-95647257.63661344,LIKELY_CUSTOMER_SELL,95.0,IV down; option price down; volume confirms,-95647257.63661344,SPY
SPY261001C00791000,1603.0,0.19336744140625,0.025,35.0,282207.9719743922,0.0003003451182394,0.0006694336263114,765.6099853515625,341.0,0.1562584375,0.035,1573.0,899183.0462016669,0.0044319085522549,0.0157736839180796,771.3499755859375,1262.0,0.03710900390624999,-0.010000000000000002,-616975.0742272747,LIKELY_CUSTOMER_BUY,65.0,IV up; option price down,616975.0742272747,SPY
SPY260930P00657000,2041.0,0.87500125,0.005,4477.0,-47215.99268344502,3.946671159764915e-05,-0.0003817682285977,765.6099853515625,892.0,0.6250037500000001,0.005,4477.0,-45.46710897576516,8.567015366441473e-08,-4.2276012013342523e-07,771.3499755859375,1149.0,0.24999749999999987,0.0,-47170.525574469255,LIKELY_CUSTOMER_BUY,80.0,IV up; volume confirms,47170.525574469255,SPY
SPY261001P00768000,1894.0,0.1107266662597656,4.775,590.0,-87373451.00427864,0.0787017404616307,-0.6970659261937378,765.6099853515625,749.0,0.1309291009521484,4.92,10563.0,-21228779.4218786,0.0476365462399291,-0.3168422257379422,771.3499755859375,1145.0,-0.02020243469238281,-0.14499999999999957,-66144671.58240005,LIKELY_CUSTOMER_SELL,95.0,IV down; option price down; volume confirms,-66144671.58240005,SPY
SPY261009C00775000,9893.0,0.1257411645507812,2.38,2650.0,131005008.29653898,0.0225914814949517,0.2885721330123906,765.6099853515625,8762.0,0.1203701245117187,2.78,3290.0,133342941.91599332,0.0255778386586033,0.4317272340167614,771.3499755859375,1131.0,0.005371040039062483,-0.3999999999999999,-2337933.619454339,LIKELY_CUSTOMER_BUY,65.0,IV up; option price down; volume confirms,2337933.619454339,SPY
SPY261002C00769000,2269.0,0.1491173956298828,2.155,10239.0,58524601.96145232,0.0440036594248422,0.353874820798131,765.6099853515625,1140.0,0.1382532464599609,2.935,5051.0,26942846.446129404,0.039722418660017,0.608700235640917,771.3499755859375,1129.0,0.0108641491699219,-0.7800000000000002,31581755.515322916,LIKELY_CUSTOMER_BUY,65.0,IV up; option price down; volume confirms,-31581755.515322916,SPY
SPY260930P00762000,2526.0,0.1296473754882812,1.145,57215.0,-87984478.22410548,0.0594234056932458,-0.2369899110886322,765.6099853515625,1407.0,0.1436853210449218,1.74,5474.0,-15004194.356534531,0.0179232038170801,-0.0505116687364222,771.3499755859375,1119.0,-0.01403794555664059,-0.595,-72980283.86757095,LIKELY_CUSTOMER_SELL,95.0,IV down; option price down; volume confirms,-72980283.86757095,SPY
SPY261002C00785000,61909.0,0.148446015625,0.0849999999999999,30426.0,136704599.388068,0.0037671608099077,0.0122035958942075,765.6099853515625,60812.0,0.1352625537109375,0.165,11644.0,574722561.0767041,0.0158842245861503,0.0811289397995436,771.3499755859375,1097.0,0.0131834619140625,-0.08000000000000011,-438017961.6886362,LIKELY_CUSTOMER_BUY,65.0,IV up; option price down; volume confirms,438017961.6886362,SPY
SPY260930P00699000,8823.0,0.5468795312500001,0.005,540.0,-566293.0692032685,0.0001094989082502,-0.000692027967536,765.6099853515625,7730.0,0.445318046875,0.015,8824.0,-12637.867587992116,2.7478395280702576e-06,-1.1085588860537676e-05,771.3499755859375,1093.0,0.10156148437500012,-0.009999999999999998,-553655.2016152764,LIKELY_CUSTOMER_BUY,65.0,IV up; option price down,553655.2016152764,SPY
SPY260930P00764000,3578.0,0.1202480554199218,1.81,79650.0,-163026443.5886093,0.0777324829493468,-0.3612891451082066,765.6099853515625,2499.0,0.1390466955566406,2.39,10967.0,-43387257.703346014,0.0291805185359721,-0.0910663900754367,771.3499755859375,1079.0,-0.018798640136718794,-0.5800000000000001,-119639185.8852633,LIKELY_CUSTOMER_SELL,95.0,IV down; option price down; volume confirms,-119639185.8852633,SPY
SPY260930C00778000,4585.0,0.161141201171875,0.035,3516.0,28035564.98831732,0.0104316929309244,0.0296396101807665,765.6099853515625,3507.0,0.1306239282226562,0.145,3265.0,73525309.62037142,0.0352369374826661,0.108212262272852,771.3499755859375,1078.0,0.0305172729492188,-0.10999999999999999,-45489744.6320541,LIKELY_CUSTOMER_BUY,65.0,IV up; option price down; volume confirms,45489744.6320541,SPY
SPY261002C00766000,2248.0,0.1561363684082031,3.47,10384.0,59396417.68556887,0.0450763526275978,0.49229211726109,765.6099853515625,1180.0,0.143563251953125,4.390000000000001,5905.0,23762580.121331926,0.0338461010457286,0.714480057117766,771.3499755859375,1068.0,0.01257311645507811,-0.9200000000000004,35633837.56423694,LIKELY_CUSTOMER_BUY,65.0,IV up; option price down; volume confirms,-35633837.56423694,SPY
SPY260930P00750000,28645.0,0.178719150390625,0.055,11717.0,-79838592.01024522,0.0047549818628909,-0.0132608674591659,765.6099853515625,27592.0,0.1774984594726562,0.245,8876.0,-9062124.22051477,0.0005520061158735,-0.00119221347722,771.3499755859375,1053.0,0.0012206909179688086,-0.19,-70776467.78973044,LIKELY_CUSTOMER_BUY,65.0,IV up; option price down; volume confirms,70776467.78973044,SPY
SPY260930P00716000,2082.0,0.429693203125,0.005,1.0,-319085.39786142705,0.0002614634738716,-0.0013733895387435,765.6099853515625,1072.0,0.3632876171875,0.035,1020.0,-7646.273613242573,1.198814836476081e-05,-4.226800406637032e-05,771.3499755859375,1010.0,0.06640558593749996,-0.030000000000000002,-311439.1242481845,LIKELY_CUSTOMER_BUY,65.0,IV up; option price down,311439.1242481845,SPY
SPY260930P00760000,17472.0,0.1374597973632813,0.695,48298.0,-431435211.4776959,0.0421267337584613,-0.1489392716445809,765.6099853515625,16465.0,0.1489342919921875,1.265,17993.0,-102988048.19970584,0.0105128907760618,-0.0274595232169341,771.3499755859375,1007.0,-0.011474494628906207,-0.57,-328447163.27799004,LIKELY_CUSTOMER_SELL,95.0,IV down; option price down; volume confirms,-328447163.27799004,SPY
SPY261001C00775000,2531.0,0.1362391064453125,0.285,8966.0,25971025.77139338,0.0175057926455243,0.0454656387077238,765.6099853515625,1531.0,0.1245204736328125,0.615,2627.0,45468036.44377752,0.0499146544015465,0.3142720410139749,771.3499755859375,1000.0,0.011718632812500004,-0.33,-19497010.672384135,LIKELY_CUSTOMER_BUY,65.0,IV up; option price down; volume confirms,19497010.672384135,SPY
SPY261009P00734000,1398.0,0.1666343103027344,0.65,112.0,-4099684.227971104,0.0050029718315883,-0.0482395142464663,765.6099853515625,410.0,0.1720053503417969,0.79,1088.0,-883245.3583988919,0.003620716881297,-0.0362437016631566,771.3499755859375,988.0,-0.005371040039062497,-0.14,-3216438.869572212,LIKELY_CUSTOMER_SELL,95.0,IV down; option price down,-3216438.869572212,SPY
SPY261002C00800000,6092.0,0.2031329687499999,0.025,2354.0,1846182.639856069,0.0005170107700575,0.0018655977524037,765.6099853515625,5105.0,0.1757894921875,0.035,2161.0,7671647.896821395,0.0025257477529959,0.0119182075160117,771.3499755859375,987.0,0.027343476562499885,-0.010000000000000002,-5825465.256965325,LIKELY_CUSTOMER_BUY,65.0,IV up; option price down; volume confirms,5825465.256965325,SPY
SPY261009C00768000,2491.0,0.1370630728149414,5.1850000000000005,2159.0,35213217.81122575,0.0241166403855937,0.4648470098063915,765.6099853515625,1512.0,0.1304713418579101,5.785,3357.0,20812055.23802105,0.0231345064385855,0.603757780117988,771.3499755859375,979.0,0.006591730957031305,-0.5999999999999996,14401162.5732047,LIKELY_CUSTOMER_BUY,65.0,IV up; option price down; volume confirms,-14401162.5732047,SPY
SPY261001P00721000,1222.0,0.3086006640625,0.025,220.0,-21889.44481193352,3.055964906174733e-05,-9.518888324788756e-05,765.6099853515625,244.0,0.2753978710937499,0.045,1052.0,-14292.160519230572,9.844759671290188e-05,-0.0004307927271942,771.3499755859375,978.0,0.03320279296875006,-0.019999999999999997,-7597.284292702949,LIKELY_CUSTOMER_BUY,65.0,IV up; option price down,7597.284292702949,SPY
SPY261001P00720000,1020.0,0.3164130859374999,0.025,17787.0,-18354.2070122717,3.0698720577434706e-05,-9.822870227127468e-05,765.6099853515625,46.0,0.2812571874999999,0.045,1085.0,-2658.8041608127,9.714614643957036e-05,-0.0004344059611487,771.3499755859375,974.0,0.0351558984375,-0.019999999999999997,-15695.402851459,LIKELY_CUSTOMER_BUY,65.0,IV up; option price down; volume confirms,15695.402851459,SPY
SPY260930C00777000,8185.0,0.1562584375,0.045,5019.0,61799591.94563261,0.0128810642274638,0.0368832134123797,765.6099853515625,7213.0,0.1284266845703124,0.185,5037.0,187068948.206897,0.0435895948095704,0.1432067657303335,771.3499755859375,972.0,0.02783175292968762,-0.14,-125269356.26126438,LIKELY_CUSTOMER_BUY,65.0,IV up; option price down; volume confirms,125269356.26126438,SPY
SPY261016P00733000,6709.0,0.16602396484375,1.61,395.0,-24666992.952091936,0.0062725371158619,-0.0934124002605094,765.6099853515625,5743.0,0.1695639685058594,1.725,11695.0,-16567432.902888976,0.0048485676988866,-0.0717642074199466,771.3499755859375,966.0,-0.003540003662109381,-0.11499999999999999,-8099560.04920296,LIKELY_CUSTOMER_SELL,95.0,IV down; option price down,-8099560.04920296,SPY
SPY261005P00710000,1121.0,0.2382888671874999,0.055,3.0,-289686.56181135523,0.0004408669661434,-0.003096423111895,765.6099853515625,166.0,0.2407302490234374,0.095,1003.0,-40737.01037961898,0.000412456474629,-0.0032451128302797,771.3499755859375,955.0,-0.002441381835937506,-0.04,-248949.55143173627,LIKELY_CUSTOMER_SELL,95.0,IV down; option price down,-248949.55143173627,SPY
SPY261002C00771000,3791.0,0.1451501501464843,1.5,4473.0,88526458.82199755,0.0398386056499895,0.2652749658180889,765.6099853515625,2842.0,0.1353846228027344,2.165,3697.0,71078978.33739842,0.0420353011336319,0.5278622552632533,771.3499755859375,949.0,0.009765527343749913,-0.665,17447480.48459913,LIKELY_CUSTOMER_BUY,65.0,IV up; option price down; volume confirms,-17447480.48459913,SPY
SPY260930P00701000,5821.0,0.5312546875,0.005,1041.0,-396476.491678664,0.0001161996083885,-0.0007152311021194,765.6099853515625,4877.0,0.4492242578124999,0.025,2400.0,-15270.084198058265,5.262422777495429e-06,-2.2168732184857376e-05,771.3499755859375,944.0,0.08203042968750013,-0.02,-381206.4074806057,LIKELY_CUSTOMER_BUY,65.0,IV up; option price down; volume confirms,381206.4074806057,SPY
SPY261002P00750000,16948.0,0.1601646484375,0.505,7688.0,-92469851.66472895,0.0093082176055311,-0.0390417324566593,765.6099853515625,16008.0,0.1652915502929687,0.745,9065.0,-53806924.5931986,0.0056493457379779,-0.0285505543937891,771.3499755859375,940.0,-0.005126901855468685,-0.24,-38662927.07153036,LIKELY_CUSTOMER_SELL,95.0,IV down; option price down; volume confirms,-38662927.07153036,SPY
SPY261008C00768000,1100.0,0.1323023782348633,4.615,454.0,17059621.554352686,0.0264582752064207,0.4583562830377722,765.6099853515625,181.0,0.1258632336425781,5.234999999999999,3223.0,2709823.7706266386,0.0251628328665722,0.6102644374309992,771.3499755859375,919.0,0.006439144592285201,-0.6199999999999992,14349797.783726048,LIKELY_CUSTOMER_BUY,65.0,IV up; option price down,-14349797.783726048,SPY
SPY261002P00767000,4482.0,0.1204311590576171,4.88,5514.0,-151242935.37437162,0.0575689180572306,-0.5692367163331906,765.6099853515625,3573.0,0.1340418627929687,5.005,10805.0,-79905376.44399813,0.0375872061106905,-0.3090620548983173,771.3499755859375,909.0,-0.0136107037353516,-0.125,-71337558.93037349,LIKELY_CUSTOMER_SELL,95.0,IV down; option price down; volume confirms,-71337558.93037349,SPY
SPY261001C00767000,1619.0,0.1432580792236328,2.02,8468.0,64319229.1227498,0.0677764478594614,0.4115572066602354,765.6099853515625,739.0,0.1328822064208984,3.015,3620.0,19285774.926422257,0.0438621297663726,0.7264618774038246,771.3499755859375,880.0,0.010375872802734387,-0.9950000000000001,45033454.19632754,LIKELY_CUSTOMER_BUY,65.0,IV up; option price down; volume confirms,-45033454.19632754,SPY
SPY261002C00778000,2556.0,0.1399011791992187,0.345,3463.0,23607585.441138484,0.0157570728402388,0.0637739806457371,765.6099853515625,1693.0,0.1303797900390624,0.615,3273.0,34678001.251664765,0.0344266020666592,0.244305799271445,771.3499755859375,863.0,0.009521389160156324,-0.27,-11070415.810526282,LIKELY_CUSTOMER_BUY,65.0,IV up; option price down; volume confirms,11070415.810526282,SPY
SPY261016P00465000,3710.0,0.710940390625,0.015,1520.0,-20781.405895742544,9.556213352662736e-06,-0.0002950331298734,765.6099853515625,2862.0,0.6953155468750001,0.015,1520.0,-14747.622372616184,8.660629079684317e-06,-0.00026992135288,771.3499755859375,848.0,0.01562484374999995,0.0,-6033.78352312636,LIKELY_CUSTOMER_BUY,80.0,IV up; volume confirms,6033.78352312636,SPY
SPY261002C00799000,2890.0,0.198250205078125,0.025,2538.0,932968.3947210432,0.0005507492456884,0.0019471658343329,765.6099853515625,2080.0,0.170906728515625,0.035,1938.0,3330883.361393121,0.0026914923511004,0.0124149020985337,771.3499755859375,810.0,0.027343476562499996,-0.010000000000000002,-2397914.966672078,LIKELY_CUSTOMER_BUY,65.0,IV up; option price down; volume confirms,2397914.966672078,SPY
SPY260930C00816000,32600.0,0.429693203125,0.005,4949.0,8352052.000144958,0.0004370794737211,0.002416578841308,765.6099853515625,31791.0,0.2968820312499999,0.005,4949.0,943566.5473571576,4.988447500731529e-05,0.0001552324695506,771.3499755859375,809.0,0.13281117187500008,0.0,7408485.4527878,LIKELY_CUSTOMER_BUY,80.0,IV up; volume confirms,-7408485.4527878,SPY
SPY261005C00770000,1227.0,0.1221401263427734,2.43,6021.0,24619469.664756488,0.034230950040974,0.3614878420367244,765.6099853515625,446.0,0.1173794317626953,3.08,4064.0,8992382.679006256,0.0338873010962854,0.5665553628684822,771.3499755859375,781.0,0.0047606945800780925,-0.6499999999999999,15627086.985750232,LIKELY_CUSTOMER_BUY,65.0,IV up; option price down; volume confirms,-15627086.985750232,SPY
SPY261002C00813000,1008.0,0.2539137109375,0.015,246.0,106249.664237258,0.0001798257399991,0.0007510272655184,765.6099853515625,235.0,0.2236405761718749,0.025,4328.0,132106.3843950957,0.0009448285415935,0.0051231444503971,771.3499755859375,773.0,0.03027313476562507,-0.010000000000000002,-25856.7201578377,LIKELY_CUSTOMER_BUY,65.0,IV up; option price down,25856.7201578377,SPY
SPY261016C00790000,26196.0,0.1185390881347656,0.905,13831.0,160603926.86803132,0.0104593814063158,0.1188971275159534,765.6099853515625,25462.0,0.1146328771972656,1.035,5383.0,215408019.17211697,0.0142189135279471,0.189965008620029,771.3499755859375,734.0,0.0039062109375000015,-0.1299999999999999,-54804092.30408564,LIKELY_CUSTOMER_BUY,65.0,IV up; option price down; volume confirms,54804092.30408564,SPY
SPY261001C00766000,1087.0,0.1461267028808593,2.465,11703.0,43356544.9959755,0.0680471506506201,0.4806854885855903,765.6099853515625,378.0,0.1343470355224609,3.515,4451.0,8981047.911464015,0.0399330308048453,0.7663492361454615,771.3499755859375,709.0,0.011779667358398388,-1.0500000000000003,34375497.08451149,LIKELY_CUSTOMER_BUY,65.0,IV up; option price down; volume confirms,-34375497.08451149,SPY
SPY261008P00765000,1112.0,0.1119473571777343,5.744999999999999,532.0,-20371216.468618628,0.0312533804297752,-0.456491259735886,765.6099853515625,409.0,0.1187527090454101,5.6850000000000005,2872.0,-5939853.162768874,0.0244089704050202,-0.306598895030009,771.3499755859375,703.0,-0.006805351867675807,0.05999999999999872,-14431363.305849753,LIKELY_CUSTOMER_SELL,65.0,IV down; option price up; volume confirms,-14431363.305849753,SPY
SPY261002C00814000,1149.0,0.257819921875,0.015,5117.0,113344.905771537,0.0001682932893793,0.0007105851221334,765.6099853515625,451.0,0.2187578124999999,0.015,5117.0,189234.65796366145,0.0007052144417796,0.003603337870063,771.3499755859375,698.0,0.039062109375000126,0.0,-75889.75219212445,LIKELY_CUSTOMER_BUY,80.0,IV up; volume confirms,75889.75219212445,SPY
SPY261002P00752000,2664.0,0.1558922302246093,0.675,1440.0,-20266905.82418431,0.0129789049188873,-0.0571561581125055,765.6099853515625,1968.0,0.1615074084472656,0.94,1842.0,-8713742.03643475,0.0074417772174359,-0.0387914464854147,771.3499755859375,696.0,-0.0056151782226563085,-0.2649999999999999,-11553163.78774956,LIKELY_CUSTOMER_SELL,95.0,IV down; option price down; volume confirms,-11553163.78774956,SPY
SPY261009C00787000,1529.0,0.1174404663085937,0.42,98.0,9089669.530792529,0.0101420426044193,0.0761416377415721,765.6099853515625,847.0,0.1128628753662109,0.54,1154.0,8401475.706671875,0.0166712907364377,0.1569197352664312,771.3499755859375,682.0,0.004577590942382803,-0.12000000000000005,688193.8241206538,LIKELY_CUSTOMER_BUY,65.0,IV up; option price down,-688193.8241206538,SPY
SPY261009P00756000,2003.0,0.1293727200317382,3.1900000000000004,572.0,-23890635.47869294,0.0203484613016661,-0.2480974178419284,765.6099853515625,1331.0,0.134224966430664,3.265,1074.0,-11570809.079486445,0.0146110939065276,-0.1672269678188584,771.3499755859375,672.0,-0.0048522463989258136,-0.07499999999999973,-12319826.399206497,LIKELY_CUSTOMER_SELL,95.0,IV down; option price down; volume confirms,-12319826.399206497,SPY
SPY261002C00774000,4479.0,0.1413660083007812,0.825,2154.0,78076107.77895322,0.0297386955216993,0.1549683335741994,765.6099853515625,3810.0,0.1322108264160156,1.3050000000000002,2983.0,94740862.9774104,0.041793565219719,0.4002446514892897,771.3499755859375,669.0,0.009155181884765606,-0.4800000000000002,-16664755.198457181,LIKELY_CUSTOMER_BUY,65.0,IV up; option price down; volume confirms,16664755.198457181,SPY
SPY261001C00769000,1328.0,0.1394129028320312,1.3050000000000002,4150.0,46794238.03576106,0.0601144844433586,0.2786748408959769,765.6099853515625,663.0,0.1294642718505859,2.14,2928.0,20051787.87472564,0.050831933928915,0.6353473084117122,771.3499755859375,665.0,0.0099486309814453,-0.835,26742450.16103542,LIKELY_CUSTOMER_BUY,65.0,IV up; option price down; volume confirms,-26742450.16103542,SPY
SPY261002C00777000,1702.0,0.1402673864746093,0.435,2387.0,18897010.80648855,0.0189416748640567,0.0813625100233909,765.6099853515625,1049.0,0.1305018591308593,0.745,2674.0,23017712.196995355,0.036879389837517,0.2798961206183395,771.3499755859375,653.0,0.009765527343749997,-0.31,-4120701.390506804,LIKELY_CUSTOMER_BUY,65.0,IV up; option price down; volume confirms,4120701.390506804,SPY
SPY261002P00766000,2312.0,0.12305564453125,4.359999999999999,4092.0,-77494987.21502605,0.0571834828419803,-0.5108874469390035,765.6099853515625,1666.0,0.1354456573486328,4.515000000000001,5067.0,-34878541.69881658,0.0351868493109961,-0.2743478720212859,771.3499755859375,646.0,-0.012390012817382792,-0.15500000000000114,-42616445.51620947,LIKELY_CUSTOMER_SELL,95.0,IV down; option price down; volume confirms,-42616445.51620947,SPY
SPY260930P00670000,4157.0,0.7812521875,0.005,2.0,-140755.89024076372,5.776587755623319e-05,-0.000509529471207,765.6099853515625,3519.0,0.5625043750000001,0.005,956.0,-360.35019653216415,1.72108593779603e-07,-7.82375351504605e-07,771.3499755859375,638.0,0.21874781249999997,0.0,-140395.54004423154,LIKELY_CUSTOMER_BUY,80.0,IV up,140395.54004423154,SPY
SPY260930P00757000,8221.0,0.148446015625,0.315,18193.0,-109125557.26857436,0.022645746855499,-0.0703032611277078,765.6099853515625,7583.0,0.1566246447753906,0.765,2968.0,-19836499.228641994,0.0043966412834156,-0.0104965147378253,771.3499755859375,638.0,-0.008178629150390582,-0.45,-89289058.03993237,LIKELY_CUSTOMER_SELL,95.0,IV down; option price down; volume confirms,-89289058.03993237,SPY
QQQ261002P00650000,21289.0,0.5039112109375,0.025,254.0,-563702.7052249418,4.881057687431814e-05,-0.0003690415923233,736.530029296875,2762.0,0.47852083984375,0.06,20006.0,-129069.230945021,8.430816637781586e-05,-0.0007937633244896,744.5,18527.0,0.02539037109375003,-0.034999999999999996,-434633.4742799208,LIKELY_CUSTOMER_BUY,65.0,IV up; option price down,434633.4742799208,QQQ
QQQ261005P00660000,12131.0,0.3466862207031249,0.05,142.0,-2071820.138168255,0.0003148288556528,-0.0030947026941393,736.530029296875,572.0,0.3398503515625,0.1,11640.0,-76985.48984124149,0.0002428194351232,-0.0025414291841804,744.5,11559.0,0.006835869140624895,-0.05,-1994834.6483270137,LIKELY_CUSTOMER_BUY,65.0,IV up; option price down,1994834.6483270137,QQQ
QQQ260930P00520000,18127.0,1.9375003125,0.005,1.0,-121286.83305889455,1.2334081248159582e-05,-0.0002465457414524,736.530029296875,8018.0,1.375003125,0.005,10581.0,-109.32450744314956,2.459926172595959e-08,-2.5300424066898586e-07,744.5,10109.0,0.5624971875,0.0,-121177.5085514514,LIKELY_CUSTOMER_BUY,80.0,IV up,121177.5085514514,QQQ
QQQ261005P00580000,9896.0,0.6250037500000001,0.02,140.0,-165941.87276712147,3.091116574986062e-05,-0.0004661366521755,736.530029296875,48.0,0.6054726953125001,0.035,9908.0,-893.3822499743421,3.3578916455707725e-05,-0.0005498931713745,744.5,9848.0,0.019531054687499938,-0.015000000000000003,-165048.49051714712,LIKELY_CUSTOMER_BUY,65.0,IV up; option price down,165048.49051714712,QQQ
QQQ260930P00736000,21750.0,0.1967853759765624,2.1500000000000004,90454.0,-618186183.8263259,0.0523937057452878,-0.4658602858014412,736.530029296875,11906.0,0.1977619287109375,4.02,61741.0,-181420685.5638781,0.0274910622578888,-0.1302812442549198,744.5,9844.0,-0.0009765527343751079,-1.8699999999999992,-436765498.26244783,LIKELY_CUSTOMER_SELL,95.0,IV down; option price down; volume confirms,-436765498.26244783,QQQ
QQQ260930P00510000,10279.0,2.06250484375,0.005,9726.0,-70459.90893308513,1.2636019716575078e-05,-0.000270581524759,736.530029296875,553.0,1.4375028125,0.005,9726.0,-5.810321620327149,1.895595360981329e-08,-2.0221522922803106e-07,744.5,9726.0,0.6250020312500002,0.0,-70454.0986114648,LIKELY_CUSTOMER_BUY,80.0,IV up; volume confirms,70454.0986114648,QQQ
QQQ261005P00585000,7760.0,0.6054726953125001,0.02,7703.0,-141922.9740072201,3.371398314895007e-05,-0.0004946809338693,736.530029296875,78.0,0.5937540625000001,0.04,7703.0,-1739.8440458219193,4.02426261717837e-05,-0.0006549287119521,744.5,7682.0,0.011718632812500074,-0.02,-140183.12996139817,LIKELY_CUSTOMER_BUY,65.0,IV up; option price down; volume confirms,140183.12996139817,QQQ
QQQ261016P00710000,32233.0,0.2105181488037109,3.59,5081.0,-144077210.17771682,0.0082397426123212,-0.1856258318326289,736.530029296875,24849.0,0.2104571142578125,4.145,9902.0,-87916691.41229011,0.0063831200956593,-0.1338470885304927,744.5,7384.0,6.103454589839741e-05,-0.5549999999999997,-56160518.76542671,LIKELY_CUSTOMER_BUY,65.0,IV up; option price down; volume confirms,56160518.76542671,QQQ
QQQ261016P00734000,6294.0,0.1789632885742187,9.425,463.0,-48749747.42201336,0.0142779124545714,-0.4374785774208233,736.530029296875,1290.0,0.1787496676635742,10.37,5719.0,-9032415.297364706,0.0126323684156859,-0.331497920690875,744.5,5004.0,0.00021362091064450195,-0.9449999999999985,-39717332.12464865,LIKELY_CUSTOMER_BUY,65.0,IV up; option price down,39717332.12464865,QQQ
QQQ261005P00665000,5157.0,0.3320379296875,0.06,33.0,-1126582.054055469,0.0004027029219941,-0.0038794030251424,736.530029296875,183.0,0.3232489550781249,0.11,5072.0,-28974.3136774146,0.0002856489707809,-0.0028782432932403,744.5,4974.0,0.008788974609375111,-0.05,-1097607.7403780546,LIKELY_CUSTOMER_BUY,65.0,IV up; option price down,1097607.7403780546,QQQ
QQQ261016P00722000,6319.0,0.1942829595947265,5.825,975.0,-39167745.36773872,0.0114261336805988,-0.2900369963966491,736.530029296875,1558.0,0.1939472695922852,6.54,5317.0,-8036938.306597581,0.0093066584774517,-0.2122598239354938,744.5,4761.0,0.00033569000244129676,-0.7149999999999999,-31130807.061141133,LIKELY_CUSTOMER_BUY,65.0,IV up; option price down,31130807.061141133,QQQ
QQQ260930C00750000,14109.0,0.1899495068359375,0.155,19750.0,81508641.37450092,0.0106494334547062,0.0353948958115133,736.530029296875,9675.0,0.18164880859375,0.405,15435.0,226790456.75491735,0.0422906536597607,0.2242710919153828,744.5,4434.0,0.008300698242187515,-0.25,-145281815.38041645,LIKELY_CUSTOMER_BUY,65.0,IV up; option price down; volume confirms,145281815.38041645,QQQ
QQQ261002P00705000,13135.0,0.264655791015625,0.18,486.0,-15522750.35310753,0.0021785005766149,-0.0120887071833335,736.530029296875,8958.0,0.2639233764648437,0.47,9525.0,-7821884.409527884,0.001575327779423,-0.010609232542157,744.5,4177.0,0.0007324145507812685,-0.29,-7700865.943579647,LIKELY_CUSTOMER_BUY,65.0,IV up; option price down,7700865.943579647,QQQ
QQQ261002C00750000,13288.0,0.2039874523925781,1.42,10986.0,129173783.57642253,0.0179198283142298,0.1193663622379928,736.530029296875,9144.0,0.1936115795898437,1.52,18329.0,143294082.3147501,0.0282723972200901,0.3475953267550594,744.5,4144.0,0.010375872802734387,-0.10000000000000009,-14120298.738327578,LIKELY_CUSTOMER_BUY,65.0,IV up; option price down; volume confirms,14120298.738327578,QQQ
QQQ261009P00701000,3803.0,0.2308426525878906,1.12,101.0,-11419554.244701376,0.0055353095112699,-0.0793720486470064,736.530029296875,216.0,0.2326736889648437,1.535,3936.0,-455071.92197109695,0.0038009913821932,-0.0535928455737048,744.5,3587.0,-0.001831036376953088,-0.4149999999999998,-10964482.322730279,LIKELY_CUSTOMER_SELL,95.0,IV down; option price down,-10964482.322730279,QQQ
QQQ261005P00590000,3480.0,0.585941640625,0.02,3882.0,-69463.01005727303,3.6795392354494105e-05,-0.0005247804941138,736.530029296875,75.0,0.5722699023437501,0.04,3882.0,-1725.4235925100522,4.150544404231259e-05,-0.0006507151405971,744.5,3405.0,0.013671738281249901,-0.02,-67737.58646476298,LIKELY_CUSTOMER_BUY,65.0,IV up; option price down; volume confirms,67737.58646476298,QQQ
QQQ261002C00740000,6165.0,0.2213822979736328,4.91,20253.0,106719681.8651316,0.0319102733454755,0.3954095237391947,736.530029296875,3173.0,0.2057574542236327,4.734999999999999,36483.0,47487123.52984483,0.0270007847885275,0.6375656394987179,744.5,2992.0,0.01562484375000009,0.1750000000000007,59232558.335286774,LIKELY_CUSTOMER_BUY,95.0,IV up; option price up; volume confirms,-59232558.335286774,QQQ
QQQ261016C00785000,18869.0,0.1680991394042969,0.485,2943.0,34459983.60266636,0.0033665515223987,0.040626292760105,736.530029296875,15913.0,0.1680991394042969,0.5,3636.0,49538661.15487428,0.005616461653742,0.082166700942346,744.5,2956.0,0.0,-0.015000000000000013,-15078677.552207917,LIKELY_CUSTOMER_SELL,65.0,option price down; volume confirms,-15078677.552207917,QQQ
QQQ261005P00625000,3055.0,0.47461462890625,0.03,2689.0,-183029.645845862,0.0001104407400678,-0.0013788311024087,736.530029296875,414.0,0.45313046875,0.055,2689.0,-20094.558912690216,8.756866569701998e-05,-0.0011369479447265,744.5,2641.0,0.021484160156249987,-0.025,-162935.08693317178,LIKELY_CUSTOMER_BUY,65.0,IV up; option price down; volume confirms,162935.08693317178,QQQ
QQQ261002P00710000,10184.0,0.2485426708984375,0.28,5268.0,-21355390.374791916,0.0038655225174322,-0.0219478220428283,736.530029296875,7786.0,0.2507399145507812,0.69,6548.0,-10910540.491878586,0.002528147810974,-0.0172960491412859,744.5,2398.0,-0.0021972436523436945,-0.4099999999999999,-10444849.88291333,LIKELY_CUSTOMER_SELL,95.0,IV down; option price down; volume confirms,-10444849.88291333,QQQ
QQQ261009P00700000,5254.0,0.2325516198730468,1.065,517.0,-15027098.655449132,0.0052723490266,-0.0751728255555346,736.530029296875,2858.0,0.2349930017089843,1.47,3428.0,-5760531.693074267,0.0036363940770946,-0.051323286983711,744.5,2396.0,-0.002441381835937506,-0.405,-9266566.962374864,LIKELY_CUSTOMER_SELL,95.0,IV down; option price down,-9266566.962374864,QQQ
QQQ261002P00714000,3277.0,0.2391433508300781,0.43,1706.0,-11232145.550154803,0.0063183745136913,-0.0378486462121353,736.530029296875,1005.0,0.2415847326660156,0.955,4183.0,-2092727.451708477,0.0037567924751905,-0.0264443572524607,744.5,2272.0,-0.002441381835937506,-0.5249999999999999,-9139418.098446326,LIKELY_CUSTOMER_SELL,95.0,IV down; option price down; volume confirms,-9139418.098446326,QQQ
QQQ260930P00715000,10588.0,0.273444765625,0.045,3528.0,-24594403.13207303,0.0042819484854232,-0.0184164036762151,736.530029296875,8480.0,0.2565992309570312,0.3399999999999999,5144.0,-1931545.1391969167,0.0004109411248796,-0.0012427781477977,744.5,2108.0,0.016845534667968787,-0.29499999999999993,-22662857.992876112,LIKELY_CUSTOMER_BUY,65.0,IV up; option price down; volume confirms,22662857.992876112,QQQ
QQQ261002P00675000,3871.0,0.39258419921875,0.04,118.0,-404479.50518681685,0.000192616032517,-0.001247262275531,736.530029296875,1902.0,0.368170380859375,0.1,2737.0,-210200.08634023636,0.0001993852252587,-0.0015253086302972,744.5,1969.0,0.024413818359375006,-0.060000000000000005,-194279.4188465805,LIKELY_CUSTOMER_BUY,65.0,IV up; option price down,194279.4188465805,QQQ
QQQ261002P00733000,8735.0,0.2054522814941406,3.325,9142.0,-159399997.63045052,0.0336391090452663,-0.3677128637883016,736.530029296875,6785.0,0.2049029705810546,4.65,6489.0,-74626041.67921588,0.0198431744364524,-0.1935217544210018,744.5,1950.0,0.000549310913085993,-1.3250000000000002,-84773955.95123464,LIKELY_CUSTOMER_BUY,65.0,IV up; option price down; volume confirms,84773955.95123464,QQQ
QQQ261007C00752000,1991.0,0.1739584558105469,2.565,45.0,17365513.77476992,0.0160781272006192,0.2064075516198695,736.530029296875,46.0,0.1699912103271484,2.46,4548.0,510476.13617102185,0.0200211126195921,0.3628449487673499,744.5,1945.0,0.003967245483398496,0.10499999999999998,16855037.6385989,LIKELY_CUSTOMER_BUY,95.0,IV up; option price up,-16855037.6385989,QQQ
QQQ261002P00685000,8218.0,0.34180345703125,0.055,137.0,-1474348.3268597403,0.0003307143560871,-0.0019385218392354,736.530029296875,6304.0,0.327155166015625,0.14,3404.0,-1137392.4486687155,0.0003255102974354,-0.0022968167478402,744.5,1914.0,0.014648291015624981,-0.08500000000000002,-336955.87819102476,LIKELY_CUSTOMER_BUY,65.0,IV up; option price down,336955.87819102476,QQQ
QQQ261002P00735000,7895.0,0.2019122778320312,4.01,16750.0,-153205293.8892087,0.0357717940182509,-0.4359402395553777,736.530029296875,5984.0,0.2019733123779296,5.44,19710.0,-74443577.23822376,0.0224443093050813,-0.2331651625384545,744.5,1911.0,-6.103454589839741e-05,-1.4300000000000006,-78761716.65098494,LIKELY_CUSTOMER_SELL,95.0,IV down; option price down; volume confirms,-78761716.65098494,QQQ
QQQ261002C00755000,8054.0,0.1984943432617187,0.64,4029.0,40380733.93271042,0.0092423341538817,0.0481166623831447,736.530029296875,6199.0,0.1915364050292969,0.775,9066.0,78287025.35917886,0.0227844605788418,0.2180183836022932,744.5,1855.0,0.006957938232421801,-0.135,-37906291.42646844,LIKELY_CUSTOMER_BUY,65.0,IV up; option price down; volume confirms,37906291.42646844,QQQ
QQQ260930P00737000,2443.0,0.196297099609375,2.555,44466.0,-69789718.60209756,0.0526607528580229,-0.5184564417692882,736.530029296875,634.0,0.1958088232421875,4.475,8397.0,-11102456.840991171,0.0315936957502101,-0.157760510390256,744.5,1809.0,0.00048827636718748457,-1.9199999999999995,-58687261.76110639,LIKELY_CUSTOMER_BUY,65.0,IV up; option price down; volume confirms,58687261.76110639,QQQ
QQQ261005P00605000,1786.0,0.5351608984375,0.025,1785.0,-53234.82736618839,5.4945670685525736e-05,-0.0007343844844417,736.530029296875,29.0,0.5195360546875,0.045,1785.0,-882.9905577287758,5.4932410574812127e-05,-0.0007941383330066,744.5,1757.0,0.015624843750000061,-0.019999999999999997,-52351.83680845961,LIKELY_CUSTOMER_BUY,65.0,IV up; option price down; volume confirms,52351.83680845961,QQQ
QQQ260930C00747000,11598.0,0.188484677734375,0.375,15061.0,126989959.31903286,0.0201839128846158,0.0785803070083229,736.530029296875,9987.0,0.1811605322265624,0.74,6643.0,295526957.67101336,0.0533866474236926,0.3679699849397887,744.5,1611.0,0.007324145507812602,-0.365,-168536998.3519805,LIKELY_CUSTOMER_BUY,65.0,IV up; option price down; volume confirms,168536998.3519805,QQQ
QQQ261016P00712000,14280.0,0.207741076965332,3.89,682.0,-67744251.12678668,0.008745070646151,-0.2002228820834664,736.530029296875,12734.0,0.2075274560546874,4.46,6304.0,-48120141.35520144,0.0068176177054399,-0.144437737306441,744.5,1546.0,0.00021362091064461297,-0.5699999999999998,-19624109.77158524,LIKELY_CUSTOMER_BUY,65.0,IV up; option price down,19624109.77158524,QQQ
QQQ261005C00755000,8151.0,0.1633384448242187,1.0750000000000002,4140.0,56831999.901858166,0.0128529000203936,0.1043144186218998,736.530029296875,6610.0,0.1620567193603515,1.13,4739.0,77383017.60156459,0.0211210156155985,0.2636928307643761,744.5,1541.0,0.001281725463867206,-0.054999999999999716,-20551017.69970642,LIKELY_CUSTOMER_BUY,65.0,IV up; option price down; volume confirms,20551017.69970642,QQQ
QQQ261016P00685000,12144.0,0.2491530163574218,1.435,587.0,-23903407.81529989,0.0036284166059346,-0.0735136121158359,736.530029296875,10603.0,0.2489088781738281,1.725,2249.0,-15985682.133448666,0.0027200256998039,-0.0534674070486332,744.5,1541.0,0.00024413818359370065,-0.29000000000000004,-7917725.681851225,LIKELY_CUSTOMER_BUY,65.0,IV up; option price down,7917725.681851225,QQQ
QQQ261002C00790000,2035.0,0.2890696093749999,0.02,752.0,140160.35513302998,0.0001269637844432,0.0005683923675275,736.530029296875,525.0,0.257819921875,0.025,2033.0,284337.0724950122,0.0009771129745287,0.0060002790053417,744.5,1510.0,0.0312496874999999,-0.005000000000000001,-144176.7173619822,LIKELY_CUSTOMER_BUY,65.0,IV up; option price down,144176.7173619822,QQQ
QQQ260930P00732000,2609.0,0.2058184887695312,1.025,17950.0,-59854716.41952018,0.0422905547271202,-0.2781861091279755,736.530029296875,1106.0,0.2064288342285155,2.55,5232.0,-8689851.219302008,0.0141751547808461,-0.0567527308365463,744.5,1503.0,-0.0006103454589842794,-1.525,-51164865.20021817,LIKELY_CUSTOMER_SELL,95.0,IV down; option price down; volume confirms,-51164865.20021817,QQQ
QQQ261005P00705000,2255.0,0.2124102197265625,0.37,678.0,-5328143.7052624,0.0043556047911953,-0.0363776432814959,736.530029296875,823.0,0.2191240197753906,0.72,1851.0,-1230480.8039538262,0.0026974015549108,-0.0239712176883136,744.5,1432.0,-0.0067138000488281,-0.35,-4097662.901308574,LIKELY_CUSTOMER_SELL,95.0,IV down; option price down,-4097662.901308574,QQQ
QQQ260930C00755000,3941.0,0.2070391796874999,0.045,4390.0,8126400.919230131,0.0038011139854529,0.0116048812136035,736.530029296875,2544.0,0.186531572265625,0.145,3822.0,28305719.274459865,0.0200737117711741,0.0780506925535885,744.5,1397.0,0.020507607421874907,-0.09999999999999999,-20179318.355229735,LIKELY_CUSTOMER_BUY,65.0,IV up; option price down; volume confirms,20179318.355229735,QQQ
QQQ260930P00731000,2129.0,0.2067950415039062,0.825,16840.0,-44860102.0479008,0.0388421873918297,-0.2382917285022041,736.530029296875,733.0,0.208442974243164,2.265,4702.0,-4762439.504942396,0.0117218482099356,-0.0452522854957246,744.5,1396.0,-0.0016479327392577847,-1.4400000000000002,-40097662.54295841,LIKELY_CUSTOMER_SELL,95.0,IV down; option price down; volume confirms,-40097662.54295841,QQQ
QQQ261016P00720000,15867.0,0.196998996887207,5.375,2746.0,-93647489.74796282,0.010879787228524,-0.2697837278827257,736.530029296875,14477.0,0.1963581341552734,6.05,9421.0,-70415736.42354509,0.0087752954427354,-0.1963377364952466,744.5,1390.0,0.0006408627319336169,-0.6749999999999998,-23231753.324417725,LIKELY_CUSTOMER_BUY,65.0,IV up; option price down; volume confirms,23231753.324417725,QQQ
QQQ261002P00709000,3459.0,0.2524488818359375,0.26,1271.0,-6521783.304365413,0.0034756407947865,-0.0197176228116605,736.530029296875,2134.0,0.2534254345703125,0.64,5128.0,-2721422.3723070244,0.0023007643077694,-0.0156869940236816,744.5,1325.0,-0.0009765527343750247,-0.38,-3800360.932058389,LIKELY_CUSTOMER_SELL,95.0,IV down; option price down; volume confirms,-3800360.932058389,QQQ
QQQ260930C00745000,19220.0,0.1936115795898437,0.69,31178.0,300164017.4405826,0.0287888508344293,0.1329808537934262,736.530029296875,17908.0,0.1833577758789062,1.105,12176.0,553403542.6527648,0.0557526410483647,0.4785728639953533,744.5,1312.0,0.010253803710937509,-0.41500000000000004,-253239525.21218222,LIKELY_CUSTOMER_BUY,65.0,IV up; option price down; volume confirms,253239525.21218222,QQQ
QQQ260930C00740000,9775.0,0.2120440124511718,2.325,61907.0,238111378.56095165,0.0449037350541147,0.3416153747407978,736.530029296875,8466.0,0.1911701977539062,2.64,18794.0,207115106.71903133,0.0441371319029267,0.7329763621348764,744.5,1309.0,0.020873814697265597,-0.31499999999999995,30996271.841920316,LIKELY_CUSTOMER_BUY,65.0,IV up; option price down; volume confirms,-30996271.841920316,QQQ
QQQ261001C00747000,1719.0,0.2022784851074218,1.285,14252.0,20027986.749337345,0.0214773404828821,0.0938325235039174,736.530029296875,422.0,0.1892170922851562,1.455,1940.0,8741022.388366994,0.0373697659174802,0.4142249542635262,744.5,1297.0,0.013061392822265594,-0.17000000000000015,11286964.360970352,LIKELY_CUSTOMER_BUY,65.0,IV up; option price down; volume confirms,-11286964.360970352,QQQ
QQQ260930P00724000,2025.0,0.2221757470703124,0.175,7285.0,-16843205.070663676,0.0153327054317097,-0.068018325895959,736.530029296875,762.0,0.2276688562011718,0.975,2845.0,-1177584.8918928464,0.0027880968106561,-0.0091818684631924,744.5,1263.0,-0.005493109130859403,-0.8,-15665620.178770829,LIKELY_CUSTOMER_SELL,95.0,IV down; option price down; volume confirms,-15665620.178770829,QQQ
QQQ261002C00765000,4657.0,0.2002033105468749,0.1149999999999999,1968.0,3696451.820154384,0.001463180469037,0.0055911866153321,736.530029296875,3401.0,0.19336744140625,0.175,3320.0,18096974.783126995,0.0095999715309161,0.0640121671612614,744.5,1256.0,0.006835869140624895,-0.060000000000000095,-14400522.962972611,LIKELY_CUSTOMER_BUY,65.0,IV up; option price down; volume confirms,14400522.962972611,QQQ
QQQ261002P00704000,3439.0,0.266608896484375,0.165,590.0,-3554007.792193691,0.0019050451949163,-0.0104481690925755,736.530029296875,2210.0,0.26563234375,0.43,1752.0,-1729666.5719686914,0.0014120195649256,-0.0094284646775038,744.5,1229.0,0.0009765527343750247,-0.265,-1824341.2202249994,LIKELY_CUSTOMER_BUY,65.0,IV up; option price down,1824341.2202249994,QQQ
QQQ261001C00755000,1768.0,0.1950764086914062,0.25,1354.0,2789386.78366899,0.0029083425792579,0.0079803797030551,736.530029296875,604.0,0.186531572265625,0.39,1728.0,7947254.547013458,0.0237383637675429,0.1607194768679136,744.5,1164.0,0.008544836425781188,-0.14,-5157867.763344469,LIKELY_CUSTOMER_BUY,65.0,IV up; option price down; volume confirms,5157867.763344469,QQQ
QQQ260930C00752000,8146.0,0.19336744140625,0.0849999999999999,3844.0,29651768.898071725,0.0067100427067206,0.0207835273538626,736.530029296875,6992.0,0.1826253613281249,0.265,3796.0,127509270.81950548,0.0329011394078087,0.1509562590088725,744.5,1154.0,0.010742080078125105,-0.1800000000000001,-97857501.92143376,LIKELY_CUSTOMER_BUY,65.0,IV up; option price down; volume confirms,97857501.92143376,QQQ
QQQ261008P00713000,1162.0,0.2081988360595702,1.77,17.0,-6067352.576158518,0.0096252537596686,-0.1362685836568115,736.530029296875,9.0,0.2104571142578125,2.365,1162.0,-32319.73579792173,0.0064788196139491,-0.0877837256449496,744.5,1153.0,-0.002258278198242286,-0.5950000000000002,-6035032.840360596,LIKELY_CUSTOMER_SELL,95.0,IV down; option price down,-6035032.840360596,QQQ
QQQ261001C00736000,1425.0,0.2258378198242187,5.9,2087.0,35318986.370451845,0.0456890838990514,0.5303226663939228,736.530029296875,325.0,0.2050860742187499,5.705,5642.0,4696555.084761548,0.0260715382197782,0.781836024552064,744.5,1100.0,0.020751745605468802,0.19500000000000028,30622431.285690296,LIKELY_CUSTOMER_BUY,95.0,IV up; option price up; volume confirms,-30622431.285690296,QQQ
QQQ261005P00730000,2003.0,0.1734701794433593,3.275,2961.0,-25886079.828547545,0.0238234371672586,-0.3171208958788249,736.530029296875,903.0,0.1774374249267578,4.359999999999999,2295.0,-7828969.821000495,0.0156418265038018,-0.1827768709482008,744.5,1100.0,-0.003967245483398496,-1.0849999999999995,-18057110.00754705,LIKELY_CUSTOMER_SELL,95.0,IV down; option price down; volume confirms,-18057110.00754705,QQQ
QQQ261001P00726000,1385.0,0.21680470703125,0.94,3690.0,-15720902.837613558,0.0209241003201814,-0.0995241072232331,736.530029296875,309.0,0.2181474670410156,1.95,1738.0,-1631509.3360126817,0.0095258048409882,-0.0570636849295418,744.5,1076.0,-0.0013427600097656034,-1.01,-14089393.501600876,LIKELY_CUSTOMER_SELL,95.0,IV down; option price down; volume confirms,-14089393.501600876,QQQ
QQQ261016P00630000,22034.0,0.3588931298828125,0.39,114.0,-8725975.581572786,0.0007300283596898,-0.0161750502331294,736.530029296875,20959.0,0.3552310571289062,0.47,1186.0,-6593729.02565821,0.0005675852929649,-0.0125165574518755,744.5,1075.0,0.0036620727539063425,-0.07999999999999996,-2132246.555914576,LIKELY_CUSTOMER_BUY,65.0,IV up; option price down,2132246.555914576,QQQ
QQQ261009C00752000,1894.0,0.1817098431396484,3.58,86.0,15481725.52999102,0.0150680992618406,0.2483605725451265,736.530029296875,836.0,0.176766044921875,3.37,1300.0,8135865.121117152,0.0175577175587463,0.3857175342063413,744.5,1058.0,0.00494379821777341,0.20999999999999996,7345860.408873867,LIKELY_CUSTOMER_BUY,95.0,IV up; option price up,-7345860.408873867,QQQ
QQQ261001P00715000,1779.0,0.243171630859375,0.2,985.0,-2621648.5626235213,0.0027165494093656,-0.009492582665131,736.530029296875,728.0,0.2450026672363281,0.665,1427.0,-947589.1135128888,0.0023483308266577,-0.0122102284390674,744.5,1051.0,-0.0018310363769531157,-0.465,-1674059.4491106325,LIKELY_CUSTOMER_SELL,95.0,IV down; option price down; volume confirms,-1674059.4491106325,QQQ
QQQ261002P00699000,2728.0,0.2846751220703124,0.1149999999999999,392.0,-1659648.755840163,0.0011214783709842,-0.0061607798725201,736.530029296875,1678.0,0.2795482202148437,0.305,1438.0,-834403.1652709657,0.0008971283526249,-0.0059699675946098,744.5,1050.0,0.005126901855468713,-0.1900000000000001,-825245.5905691973,LIKELY_CUSTOMER_BUY,65.0,IV up; option price down,825245.5905691973,QQQ
QQQ261005P00715000,2251.0,0.1934895104980468,0.855,947.0,-11812147.008729294,0.0096732504397135,-0.0892224466171232,736.530029296875,1210.0,0.2004474487304687,1.45,1425.0,-3816242.118293151,0.0056901163374076,-0.0535232873484764,744.5,1041.0,-0.006957938232421912,-0.595,-7995904.890436143,LIKELY_CUSTOMER_SELL,95.0,IV down; option price down; volume confirms,-7995904.890436143,QQQ
QQQ261002P00655000,6587.0,0.49805189453125,0.035,267.0,-307318.04651535494,8.600416503096064e-05,-0.0006719244163648,736.530029296875,5569.0,0.45117736328125,0.06,1409.0,-274702.1197348058,8.899290600307518e-05,-0.00078966882774,744.5,1018.0,0.04687453124999996,-0.024999999999999994,-32615.92678054917,LIKELY_CUSTOMER_BUY,65.0,IV up; option price down,32615.92678054917,QQQ
QQQ261002C00735000,4499.0,0.2329178271484375,7.735,4072.0,75904945.40609127,0.0311009147257001,0.5564381706714661,736.530029296875,3491.0,0.2139971179199218,7.34,7263.0,42163834.78918541,0.0217901816145487,0.7544600643165444,744.5,1008.0,0.018920709228515714,0.39500000000000046,33741110.61690586,LIKELY_CUSTOMER_BUY,95.0,IV up; option price up; volume confirms,-33741110.61690586,QQQ
QQQ261002P00694000,1574.0,0.304694453125,0.08,73.0,-599302.611070819,0.0007018762147386,-0.0039294003868063,736.530029296875,570.0,0.2954172021484375,0.225,1285.0,-189592.8168469238,0.0006000916989635,-0.0040447067300017,744.5,1004.0,0.009277250976562512,-0.14500000000000002,-409709.7942238952,LIKELY_CUSTOMER_BUY,65.0,IV up; option price down,409709.7942238952,QQQ
QQQ261005P00655000,1158.0,0.367193828125,0.05,1.0,-173652.66762561683,0.0002764343343234,-0.0028552066272232,736.530029296875,157.0,0.3564517480468749,0.09,1043.0,-18099.34833076279,0.0002079858942193,-0.0022576339336104,744.5,1001.0,0.010742080078125105,-0.039999999999999994,-155553.31929485404,LIKELY_CUSTOMER_BUY,65.0,IV up; option price down,155553.31929485404,QQQ
QQQ261009P00550000,1508.0,0.5820354296875,0.02,1.0,-24518.529021523376,2.99717535737528e-05,-0.0005734917710821,736.530029296875,511.0,0.58789474609375,0.04,1002.0,-10203.590958012106,3.602489601937585e-05,-0.0007580172687002,744.5,997.0,-0.005859316406250037,-0.02,-14314.93806351127,LIKELY_CUSTOMER_SELL,95.0,IV down; option price down,-14314.93806351127,QQQ
QQQ260930C00768000,1444.0,0.2988351367187499,0.015,1232.0,788641.016961873,0.0010067722837886,0.0039064691834162,736.530029296875,448.0,0.2304764453125,0.025,1088.0,415353.6430777395,0.0016726713022595,0.0052192907562275,744.5,996.0,0.0683586914062499,-0.010000000000000002,373287.3738841335,LIKELY_CUSTOMER_BUY,65.0,IV up; option price down; volume confirms,-373287.3738841335,QQQ
QQQ261002C00738000,1739.0,0.2257157507324218,5.965,7515.0,30436182.234610483,0.03226336616999,0.4610220007053938,736.530029296875,781.0,0.2091143542480468,5.7,6189.0,10854897.436044566,0.0250752508453176,0.6877083910980346,744.5,958.0,0.016601396484375003,0.2649999999999997,19581284.798565917,LIKELY_CUSTOMER_BUY,95.0,IV up; option price up; volume confirms,-19581284.798565917,QQQ
QQQ261002C00739000,1464.0,0.2235185070800781,5.415,6240.0,25577572.693884265,0.0322060404702121,0.4282524276898678,736.530029296875,511.0,0.2073443524169921,5.205,5492.0,7388197.287983925,0.0260848401475032,0.6632489695734048,744.5,953.0,0.016174154663086,0.20999999999999996,18189375.40590034,LIKELY_CUSTOMER_BUY,95.0,IV up; option price up; volume confirms,-18189375.40590034,QQQ
QQQ260930C00737000,1591.0,0.2230302307128906,3.895,38847.0,40014372.98865506,0.0463622943357776,0.4842788544892501,736.530029296875,661.0,0.1972126177978515,4.039999999999999,7869.0,11574451.349803705,0.0315914492970414,0.840528723398172,744.5,930.0,0.02581761291503909,-0.14499999999999913,28439921.638851356,LIKELY_CUSTOMER_BUY,65.0,IV up; option price down; volume confirms,-28439921.638851356,QQQ
QQQ261002C00795000,1261.0,0.3007882421875,0.015,511.0,49677.64706408917,7.262146647184884e-05,0.0003248020619436,736.530029296875,332.0,0.2773509765624999,0.02,1103.0,139020.99369000865,0.0007554624809403,0.0048769838461557,744.5,929.0,0.023437265625000092,-0.005000000000000001,-89343.34662591948,LIKELY_CUSTOMER_BUY,65.0,IV up; option price down; volume confirms,89343.34662591948,QQQ
QQQ261002P00725000,30871.0,0.2187578124999999,1.465,9792.0,-341113810.57018405,0.0203689052777541,-0.1596215657804925,736.530029296875,29959.0,0.2185136743164062,2.41,16076.0,-176630632.1667651,0.0106367586747148,-0.0859282131242169,744.5,912.0,0.00024413818359370065,-0.9450000000000001,-164483178.40341896,LIKELY_CUSTOMER_BUY,65.0,IV up; option price down; volume confirms,164483178.40341896,QQQ
QQQ260930C00735000,14325.0,0.2310867907714844,5.17,17069.0,341956280.465458,0.0440042919404842,0.5741815537514249,736.530029296875,13418.0,0.2016681396484375,5.165,7996.0,176698353.4142411,0.0237582972014148,0.8910770719046703,744.5,907.0,0.029418651123046896,0.004999999999999893,165257927.05121687,LIKELY_CUSTOMER_BUY,95.0,IV up; option price up; volume confirms,-165257927.05121687,QQQ
QQQ261002P00677000,1781.0,0.3808655664062499,0.04,5.0,-199362.60899472111,0.0002063473388714,-0.0013009698153811,736.530029296875,891.0,0.36133451171875,0.11,1312.0,-111191.07228032147,0.0002251452610531,-0.0017074091955366,744.5,890.0,0.019531054687499938,-0.07,-88171.53671439964,LIKELY_CUSTOMER_BUY,65.0,IV up; option price down,88171.53671439964,QQQ
QQQ261002P00715000,34541.0,0.2369461071777343,0.48,2570.0,-133484037.75022247,0.0071238294212818,-0.0433812762672217,736.530029296875,33668.0,0.2391433508300781,1.035,7826.0,-77193264.21236506,0.0041364967106882,-0.0293245703625675,744.5,873.0,-0.0021972436523438055,-0.5549999999999999,-56290773.53785741,LIKELY_CUSTOMER_SELL,95.0,IV down; option price down; volume confirms,-56290773.53785741,QQQ
QQQ261009C00780000,2654.0,0.1704184521484375,0.185,216.0,3262853.012787286,0.0022662910032257,0.018190953584111,736.530029296875,1793.0,0.16993017578125,0.205,1264.0,5238403.043263579,0.0052709538808887,0.0544596263829354,744.5,861.0,0.00048827636718751233,-0.01999999999999999,-1975550.0304762926,LIKELY_CUSTOMER_BUY,65.0,IV up; option price down,1975550.0304762926,QQQ
QQQ261016C00748000,3066.0,0.1895527822875977,7.715,1311.0,21529965.70390516,0.0129446487635046,0.372458071965649,736.530029296875,2211.0,0.1846395013427734,7.225,1797.0,16458699.915067,0.0134300422902145,0.47965311199738,744.5,855.0,0.004913280944824294,0.4900000000000002,5071265.788838161,LIKELY_CUSTOMER_BUY,95.0,IV up; option price up; volume confirms,-5071265.788838161,QQQ
QQQ261016P00300000,2858.0,1.21875390625,0.01,1366.0,-4144.8786341046425,2.6734291399343e-06,-0.0001289242612038,736.530029296875,2009.0,1.125004375,0.005,849.0,-1360.5465454590935,1.2218110907322414e-06,-5.380802797494422e-05,744.5,849.0,0.09374953124999985,0.005,-2784.332088645549,LIKELY_CUSTOMER_BUY,95.0,IV up; option price up; volume confirms,2784.332088645549,QQQ
QQQ260930C00748000,1907.0,0.18946123046875,0.28,16704.0,17202397.227832798,0.0166286641635103,0.0615071528037396,736.530029296875,1063.0,0.180672255859375,0.605,4852.0,29758314.4854042,0.0505063123652819,0.3157434711544689,744.5,844.0,0.008788974609375,-0.32499999999999996,-12555917.257571403,LIKELY_CUSTOMER_BUY,65.0,IV up; option price down; volume confirms,12555917.257571403,QQQ
QQQ261016P00726000,1484.0,0.1893086441040039,6.855,477.0,-10041302.270763207,0.0124731235216778,-0.3345559139681934,736.530029296875,663.0,0.1886677813720703,7.625,1120.0,-3827252.130676195,0.010414637086706,-0.2469537746884018,744.5,821.0,0.0006408627319335891,-0.7699999999999996,-6214050.140087012,LIKELY_CUSTOMER_BUY,65.0,IV up; option price down; volume confirms,6214050.140087012,QQQ
QQQ261002C00751000,2692.0,0.2021564160156249,1.215,3312.0,23358837.00688689,0.0159954051223602,0.1006230760336827,736.530029296875,1871.0,0.1928791650390625,1.3250000000000002,2905.0,28462174.92233751,0.0274451046887467,0.3193296160831658,744.5,821.0,0.009277250976562401,-0.1100000000000001,-5103337.915450621,LIKELY_CUSTOMER_BUY,65.0,IV up; option price down; volume confirms,5103337.915450621,QQQ
QQQ261002P00712000,2420.0,0.2443923217773437,0.35,3473.0,-6544967.359300035,0.0049855284904358,-0.0291452917437764,736.530029296875,1608.0,0.2458571508789062,0.81,2249.0,-2738511.2779382886,0.0030725508933879,-0.0212587241551069,744.5,812.0,-0.0014648291015624815,-0.4600000000000001,-3806456.0813617464,LIKELY_CUSTOMER_SELL,95.0,IV down; option price down; volume confirms,-3806456.0813617464,QQQ
QQQ261002P00682000,1435.0,0.35938140625,0.05,41.0,-227725.099376189,0.0002925351673423,-0.0017898754563767,736.530029296875,650.0,0.3374089697265625,0.125,985.0,-96237.08581185108,0.0002671158770227,-0.0019109447668188,744.5,785.0,0.0219724365234375,-0.075,-131488.01356433792,LIKELY_CUSTOMER_BUY,65.0,IV up; option price down,131488.01356433792,QQQ
QQQ260930C00746000,1727.0,0.1909260595703125,0.515,14780.0,22887766.6064668,0.024430376614071,0.1033981311371617,736.530029296875,949.0,0.1821370849609375,0.91,7993.0,29009730.066481225,0.0551503243731276,0.4227504818098068,744.5,778.0,0.008788974609375,-0.395,-6121963.460014425,LIKELY_CUSTOMER_BUY,65.0,IV up; option price down; volume confirms,6121963.460014425,QQQ
QQQ261006P00715000,1026.0,0.1978229632568359,1.21,2015.0,-5728040.141289822,0.0102914786023902,-0.1134647070762039,736.530029296875,260.0,0.202583657836914,1.83,851.0,-917274.705089338,0.0063649744600479,-0.0691048620441439,744.5,766.0,-0.004760694580078106,-0.6200000000000001,-4810765.436200484,LIKELY_CUSTOMER_SELL,95.0,IV down; option price down; volume confirms,-4810765.436200484,QQQ
QQQ260930P00733000,1401.0,0.2043536596679687,1.26,19703.0,-34546263.61299096,0.0454550385896898,-0.3210563128993609,736.530029296875,642.0,0.2043536596679687,2.865,4035.0,-6042623.810707185,0.0169809164606518,-0.0706506072118076,744.5,759.0,0.0,-1.6050000000000002,-28503639.802283775,LIKELY_CUSTOMER_SELL,65.0,option price down; volume confirms,-28503639.802283775,QQQ
QQQ261002P00732000,2645.0,0.2070391796874999,3.015,2491.0,-46341599.8189933,0.0322971670343527,-0.3355925209402175,736.530029296875,1898.0,0.2064288342285155,4.295,6845.0,-19516215.06832952,0.0185511135244535,-0.1757503097003527,744.5,747.0,0.0006103454589844182,-1.2799999999999998,-26825384.75066378,LIKELY_CUSTOMER_BUY,65.0,IV up; option price down; volume confirms,26825384.75066378,QQQ
QQQ260930P00729000,1302.0,0.2094805615234374,0.525,8521.0,-22162933.7336464,0.0313787289034327,-0.1703734782010254,736.530029296875,588.0,0.2136309106445312,1.785,3068.0,-2583898.7397713684,0.0079280934362284,-0.0289195021914615,744.5,714.0,-0.004150349121093827,-1.2599999999999998,-19579034.99387503,LIKELY_CUSTOMER_SELL,95.0,IV down; option price down; volume confirms,-19579034.99387503,QQQ
QQQ260930P00740000,3399.0,0.1850667431640624,3.985,14719.0,-92362215.42647962,0.0500912950859401,-0.6804853114347851,736.530029296875,2689.0,0.1887288159179687,6.065,5736.0,-66306334.96793,0.0444871738306127,-0.2644273928711146,744.5,710.0,-0.003662072753906287,-2.0800000000000005,-26055880.458549626,LIKELY_CUSTOMER_SELL,95.0,IV down; option price down; volume confirms,-26055880.458549626,QQQ
QQQ261002P00724000,2228.0,0.2205888488769531,1.31,1455.0,-22559517.63270409,0.0186652454894761,-0.1417676079250878,736.530029296875,1519.0,0.2202226416015624,2.21,2953.0,-8187362.044642575,0.0097242657115291,-0.0770861286482835,744.5,709.0,0.00036620727539068976,-0.8999999999999999,-14372155.588061515,LIKELY_CUSTOMER_BUY,65.0,IV up; option price down; volume confirms,14372155.588061515,QQQ
QQQ261016P00655000,9738.0,0.3054268676757812,0.635,318.0,-7444395.172668447,0.0014092197853911,-0.0291155970733162,736.530029296875,9036.0,0.3039620385742187,0.77,811.0,-5387463.299367874,0.0010756691126634,-0.0220241300966125,744.5,702.0,0.0014648291015624815,-0.135,-2056931.8733005729,LIKELY_CUSTOMER_BUY,65.0,IV up; option price down,2056931.8733005729,QQQ
QQQ261002C00760000,12698.0,0.1975177905273437,0.27,7907.0,26792629.236359727,0.003889547637533,0.0168707877180381,736.530029296875,11998.0,0.1916584741210937,0.375,3870.0,104861441.34290116,0.0157680344860286,0.1233756592388027,744.5,700.0,0.005859316406249981,-0.10499999999999998,-78068812.10654142,LIKELY_CUSTOMER_BUY,65.0,IV up; option price down; volume confirms,78068812.10654142,QQQ
QQQ261005P00695000,780.0,0.2353592089843749,0.18,233.0,-841691.574710831,0.0019891954659149,-0.0161545798510466,736.530029296875,105.0,0.2414626635742187,0.39,890.0,-78520.29274790119,0.0013491592238488,-0.0119390609045433,744.5,675.0,-0.006103454589843793,-0.21000000000000002,-763171.2819629299,LIKELY_CUSTOMER_SELL,95.0,IV down; option price down,-763171.2819629299,QQQ
QQQ261002C00737000,1449.0,0.2276688562011718,6.515000000000001,7718.0,25260281.30416972,0.0321357825904995,0.4934502659226402,736.530029296875,775.0,0.2106402178955078,6.220000000000001,4242.0,10321919.300121048,0.0240286489524807,0.7112233013036062,744.5,674.0,0.017028638305664007,0.29499999999999993,14938362.00404867,LIKELY_CUSTOMER_BUY,95.0,IV up; option price up; volume confirms,-14938362.00404867,QQQ
QQQ261016C00751000,1662.0,0.1861653649902343,6.48,1599.0,11399615.985727154,0.0126438194506978,0.3318980864343729,736.530029296875,992.0,0.1818319122314453,6.07,1923.0,7419251.710916986,0.0134933265004571,0.4386380719936524,744.5,670.0,0.004333452758789019,0.41000000000000014,3980364.274810168,LIKELY_CUSTOMER_BUY,95.0,IV up; option price up; volume confirms,-3980364.274810168,QQQ
QQQ261002P00728000,1822.0,0.2141191870117187,2.015,2382.0,-25367832.05253083,0.025665756199245,-0.2246111686893521,736.530029296875,1160.0,0.2130815997314453,3.095,2855.0,-8818692.61901476,0.0137156631925611,-0.1176464584732905,744.5,662.0,0.0010375872802733943,-1.08,-16549139.433516068,LIKELY_CUSTOMER_BUY,65.0,IV up; option price down; volume confirms,16549139.433516068,QQQ
QQQ261005P00615000,818.0,0.5039112109375,0.03,706.0,-33755.83294189089,7.607020885296156e-05,-0.0009797457299856,736.530029296875,160.0,0.49414568359375,0.05,706.0,-6985.442140881653,7.8767037758445e-05,-0.0011132758357839,744.5,658.0,0.009765527343750025,-0.020000000000000004,-26770.39080100924,LIKELY_CUSTOMER_BUY,65.0,IV up; option price down; volume confirms,26770.39080100924,QQQ
QQQ260930C00738000,1563.0,0.2196122961425781,3.325,44656.0,39456340.67427694,0.0465346991065923,0.4371617552078286,736.530029296875,919.0,0.1949543395996093,3.53,7997.0,18238179.348777942,0.0358044137030515,0.8092624123843177,744.5,644.0,0.02465795654296879,-0.20499999999999963,21218161.325499,LIKELY_CUSTOMER_BUY,65.0,IV up; option price down; volume confirms,-21218161.325499,QQQ
QQQ261005C00760000,1197.0,0.1600425793457031,0.505,612.0,4925147.445082961,0.0075848006290494,0.050918673773202,736.530029296875,553.0,0.1601646484375,0.58,984.0,5039677.1338268295,0.0164417552417484,0.1682391701565379,744.5,644.0,-0.00012206909179690584,-0.07499999999999996,-114529.68874386884,LIKELY_CUSTOMER_SELL,95.0,IV down; option price down; volume confirms,-114529.68874386884,QQQ
QQQ261002P00734000,1999.0,0.2036212451171875,3.655,2305.0,-37766766.53613735,0.034827002161734,-0.4011507710735453,736.530029296875,1357.0,0.2030108996582031,5.025,2969.0,-15916996.02794744,0.0211617634796009,-0.2122012456457254,744.5,642.0,0.0006103454589843904,-1.3700000000000006,-21849770.50818991,LIKELY_CUSTOMER_BUY,65.0,IV up; option price down; volume confirms,21849770.50818991,QQQ
QQQ261016P00735000,5588.0,0.1775289767456054,9.795,2298.0,-43848794.34041946,0.0144650634349382,-0.4515659681252107,736.530029296875,4954.0,0.1775289767456054,10.77,3164.0,-35409580.261903204,0.0128954164598967,-0.3434824205713092,744.5,634.0,0.0,-0.9749999999999996,-8439214.078516252,LIKELY_CUSTOMER_SELL,65.0,option price down; volume confirms,-8439214.078516252,QQQ
QQQ261009P00710000,4704.0,0.215278843383789,1.805,570.0,-21561784.682783227,0.0084496063237828,-0.1289672907036602,736.530029296875,4092.0,0.2165605688476562,2.345,2018.0,-13225644.345809096,0.0058311177392511,-0.0850040053980953,744.5,612.0,-0.001281725463867206,-0.5400000000000003,-8336140.336974131,LIKELY_CUSTOMER_SELL,95.0,IV down; option price down; volume confirms,-8336140.336974131,QQQ
SOXX261120P00515000,1409.0,0.4339351040649414,14.1,1406.0,-1582781.6043360175,0.0035719840719325,-0.2608603393805907,560.7899780273438,73.0,0.4613090979003906,17.15,1406.0,-73407.92965321732,0.0030661690398886,-0.2328523730361182,572.6799926757812,1336.0,-0.027373993835449195,-3.049999999999999,-1509373.6746828002,LIKELY_CUSTOMER_SELL,95.0,IV down; option price down; volume confirms,-1509373.6746828002,SOXX
SOXX270115P00500000,4469.0,0.4156247402954102,20.85,17.0,-3539023.039125137,0.0025180975350525,-0.2499975729651105,560.7899780273438,3260.0,0.4214230221557618,22.8,1372.0,-2437211.726045239,0.0022795632003938,-0.224136658283294,572.6799926757812,1209.0,-0.005798281860351584,-1.9499999999999993,-1101811.3130798982,LIKELY_CUSTOMER_SELL,95.0,IV down; option price down,-1101811.3130798982,SOXX
SOXX261120P00510000,1169.0,0.4365901068115234,12.85,7.0,-1256456.831398063,0.0034176892582534,-0.2427230668184727,560.7899780273438,551.0,0.4437616659545897,15.05,697.0,-541452.3165730998,0.0029962951812928,-0.2090206374487058,572.6799926757812,618.0,-0.007171559143066331,-2.200000000000001,-715004.5148249633,LIKELY_CUSTOMER_SELL,95.0,IV down; option price down,-715004.5148249633,SOXX
SOXX261016C00580000,1421.0,0.3789429782104492,12.5,128.0,3751819.21219761,0.0083955149189109,0.3583930126475501,560.7899780273438,920.0,0.4034788656616211,10.45,507.0,2405962.841822648,0.0079740153420537,0.4677496382155179,572.6799926757812,501.0,-0.02453588745117191,2.0500000000000007,1345856.3703749622,LIKELY_CUSTOMER_SELL,65.0,IV down; option price up,1345856.3703749622,SOXX
SOXX261016P00535000,1367.0,0.3865417791748046,6.05,586.0,-3071482.4159659613,0.0071446182965979,-0.2598317613369965,560.7899780273438,870.0,0.4171200866699218,8.7,506.0,-1575301.7994197432,0.0055210349325301,-0.2056058135461848,572.6799926757812,497.0,-0.030578307495117196,-2.6499999999999995,-1496180.616546218,LIKELY_CUSTOMER_SELL,95.0,IV down; option price down; volume confirms,-1496180.616546218,SOXX
SOXX261016C00590000,1066.0,0.3901428173828125,9.15,146.0,2496900.5054916693,0.0074480664938815,0.2879758792110919,560.7899780273438,793.0,0.4156552575683593,7.199999999999999,315.0,1949206.5250771907,0.0074948103481692,0.3949143892843127,572.6799926757812,273.0,-0.025512440185546825,1.950000000000001,547693.9804144786,LIKELY_CUSTOMER_SELL,65.0,IV down; option price up; volume confirms,547693.9804144786,SOXX
SOXX261016P00400000,6557.0,0.6279334082031252,0.1,12.0,-333970.16871148173,0.0001619578507807,-0.0040353245834129,560.7899780273438,6323.0,0.5918009570312501,0.1,355.0,-174608.219357506,8.42010447507774e-05,-0.0019370220840786,572.6799926757812,234.0,0.036132451171875024,0.0,-159361.94935397574,LIKELY_CUSTOMER_BUY,80.0,IV up,159361.94935397574,SOXX
SOXX261120P00630000,209.0,0.3958800646972656,72.25,20.0,-251661.9989711307,0.003828872179994,-0.750052579132009,560.7899780273438,0.0,0.4249325085449219,78.4,20.0,-0.0,0.0038725183715507,-0.6840424688667368,572.6799926757812,209.0,-0.029052443847656317,-6.150000000000006,-251661.9989711307,LIKELY_CUSTOMER_SELL,95.0,IV down; option price down,-251661.9989711307,SOXX
SOXX261002P00465000,321.0,0.8984385156249999,0.1,16.0,-18444.562584916646,0.0001827102200154,-0.0021654507802849,560.7899780273438,118.0,0.8203142968749999,0.225,207.0,-6382.472457470674,0.0001649236434596,-0.0022391252293347,572.6799926757812,203.0,0.07812421874999997,-0.125,-12062.090127445972,LIKELY_CUSTOMER_BUY,65.0,IV up; option price down,12062.090127445972,SOXX
SOXX261002C00575000,373.0,0.414068359375,4.55,141.0,1986568.8665115505,0.0169353550382536,0.2136167375041002,560.7899780273438,172.0,0.4578911633300782,3.6,291.0,944384.2201311056,0.0167415727110464,0.4726078524990466,572.6799926757812,201.0,-0.043822803955078204,0.9499999999999997,1042184.6463804449,LIKELY_CUSTOMER_SELL,65.0,IV down; option price up; volume confirms,1042184.6463804449,SOXX
SOXX261218C00580000,6301.0,0.4357051058959961,39.150000000000006,61.0,6952707.547183651,0.0035086818878772,0.4911837812320543,560.7899780273438,6135.0,0.4381007118225098,36.0,253.0,6810120.139804898,0.0033846688539044,0.5332219411580074,572.6799926757812,166.0,-0.002395605926513722,3.1500000000000057,142587.40737875272,LIKELY_CUSTOMER_SELL,65.0,IV down; option price up,142587.40737875272,SOXX
SOXX261218P00525000,484.0,0.4216824189758301,22.9,171.0,-492276.0639579822,0.0032341701950487,-0.3161885867074867,560.7899780273438,334.0,0.4259395785522462,26.0,171.0,-323499.92787626485,0.0029532737138903,-0.2810919462458191,572.6799926757812,150.0,-0.004257159576416092,-3.1000000000000014,-168776.13608171733,LIKELY_CUSTOMER_SELL,95.0,IV down; option price down; volume confirms,-168776.13608171733,SOXX
SOXX261016C00520000,628.0,0.5038501763916017,51.25,1.0,978504.820570394,0.0049545342895775,0.7838423782645874,560.7899780273438,496.0,0.4774832525634765,46.1,187.0,662956.195940101,0.0040754834690421,0.8428042827022517,572.6799926757812,132.0,0.026366923828125166,5.149999999999999,315548.624630293,LIKELY_CUSTOMER_BUY,95.0,IV up; option price up,-315548.624630293,SOXX
SOXX261120C00650000,822.0,0.4381159704589844,10.1,2.0,824894.0689064709,0.0031909931806984,0.2161024575679112,560.7899780273438,690.0,0.4477594287109374,8.3,141.0,764318.3747368724,0.0033775453443818,0.2639757407477582,572.6799926757812,132.0,-0.009643458251952952,1.799999999999999,60575.694169598515,LIKELY_CUSTOMER_SELL,65.0,IV down; option price up,60575.694169598515,SOXX
SOXX261016P00500000,3523.0,0.437505625,1.925,332.0,-3612248.117925297,0.0032603516414908,-0.0938289133790232,560.7899780273438,3397.0,0.4460504614257812,2.6500000000000004,648.0,-2707171.939053561,0.0024299440355613,-0.0697904565158608,572.6799926757812,126.0,-0.008544836425781188,-0.7250000000000003,-905076.1788717359,LIKELY_CUSTOMER_SELL,95.0,IV down; option price down; volume confirms,-905076.1788717359,SOXX
SOXX261120P00500000,410.0,0.4459589096069336,10.75,10.0,-397908.5563482216,0.0030860214041705,-0.2103598794619567,560.7899780273438,291.0,0.4447382186889648,12.0,153.0,-257871.4441686244,0.0027020055828045,-0.1771238004159481,572.6799926757812,119.0,0.0012206909179687808,-1.25,-140037.1121795972,LIKELY_CUSTOMER_BUY,65.0,IV up; option price down,140037.1121795972,SOXX
SOXX261120P00525000,212.0,0.4290218231201171,16.75,5.0,-257506.40343737323,0.0038623505208959,-0.299351872762416,560.7899780273438,96.0,0.4408320077514648,19.7,129.0,-107412.31491485026,0.0034116056262144,-0.2611244730925008,572.6799926757812,116.0,-0.011810184631347698,-2.9499999999999993,-150094.08852252297,LIKELY_CUSTOMER_SELL,95.0,IV down; option price down,-150094.08852252297,SOXX
SOXX261002P00550000,1017.0,0.4753470434570312,2.65,326.0,-5477922.642447204,0.0171275188715532,-0.2823187211656142,560.7899780273438,906.0,0.4350642431640625,4.8,326.0,-3015882.2221524003,0.0101499092226918,-0.1462740217718464,572.6799926757812,111.0,0.04028280029296871,-2.15,-2462040.420294804,LIKELY_CUSTOMER_BUY,65.0,IV up; option price down; volume confirms,2462040.420294804,SOXX
SOXX261218C00630000,283.0,0.4368342449951171,20.65,2.0,284222.712996841,0.0031935363052226,0.3341762691448543,560.7899780273438,173.0,0.4224453507995605,18.75,112.0,188680.5791665167,0.0033255009487661,0.3672611122339058,572.6799926757812,110.0,0.014388894195556556,1.8999999999999986,95542.13383032431,LIKELY_CUSTOMER_BUY,95.0,IV up; option price up,-95542.13383032431,SOXX
SOXX261120P00340000,105.0,0.6757844921875001,0.925,2.0,-9635.215695430215,0.0002917908404105,-0.0166118898624083,560.7899780273438,0.0,0.6262244409179689,0.6749999999999999,2.0,-0.0,0.0001871291662063,-0.0094343789498384,572.6799926757812,105.0,0.049560051269531225,0.2500000000000001,-9635.215695430215,LIKELY_CUSTOMER_BUY,95.0,IV up; option price up,9635.215695430215,SOXX
SOXX261218C00600000,2414.0,0.4280452703857422,30.4,9.0,2660238.228619068,0.0035041507145137,0.4221750838548203,560.7899780273438,2311.0,0.4212704357910156,27.25,104.0,2665478.274651223,0.0035168284183738,0.4628611648596344,572.6799926757812,103.0,0.006774834594726609,3.1499999999999986,-5240.046032154933,LIKELY_CUSTOMER_BUY,95.0,IV up; option price up,5240.046032154933,SOXX
SOXX261218C00700000,1580.0,0.4195004339599609,8.15,17.0,1104924.162315366,0.0022236933456462,0.1600628893069499,560.7899780273438,1478.0,0.419378364868164,7.25,394.0,1168048.8723407022,0.0024096976767961,0.1895203401733048,572.6799926757812,102.0,0.00012206909179690584,0.9000000000000004,-63124.71002533613,LIKELY_CUSTOMER_BUY,95.0,IV up; option price up,63124.71002533613,SOXX
SOXX261009P00580000,102.0,0.4374445904541015,21.05,111.0,-301342.31137142505,0.0093941925161093,-0.6706229002694921,560.7899780273438,2.0,0.4021666229248046,25.25,100.0,-6796.292809698079,0.0103613910440033,-0.5560862739390572,572.6799926757812,100.0,0.035277967529296905,-4.199999999999999,-294546.01856172696,LIKELY_CUSTOMER_BUY,65.0,IV up; option price down; volume confirms,294546.01856172696,SOXX
SOXX261002P00555000,186.0,0.4597221997070312,3.675,147.0,-1158607.2226009662,0.0198071869156069,-0.3712929669443177,560.7899780273438,86.0,0.5051929364013672,7.25,147.0,-332285.6744473735,0.0117811896069748,-0.2373778228339909,572.6799926757812,100.0,-0.04547073669433599,-3.575,-826321.5481535927,LIKELY_CUSTOMER_SELL,95.0,IV down; option price down; volume confirms,-826321.5481535927,SOXX
SOXX270115C00640000,215.0,0.4258938026428223,23.85,1.0,192027.8878278868,0.0028400458914359,0.3420716086815903,560.7899780273438,118.0,0.4286556158447265,22.4,114.0,110218.76614985122,0.0028480625043324,0.3785442273110483,572.6799926757812,97.0,-0.0027618132019042174,1.4500000000000028,81809.12167803558,LIKELY_CUSTOMER_SELL,65.0,IV down; option price up,81809.12167803558,SOXX
SOXX261120C00600000,565.0,0.4326533786010742,22.4,17.0,746644.8610661027,0.0042020880193702,0.3811482546598219,560.7899780273438,468.0,0.4390925231933594,19.45,166.0,636532.6272443811,0.0041471600377265,0.4348899687026663,572.6799926757812,97.0,-0.006439144592285173,2.9499999999999993,110112.23382172163,LIKELY_CUSTOMER_SELL,65.0,IV down; option price up,110112.23382172163,SOXX
SOXX261002C00680000,81.0,0.9619144433593748,0.375,80.0,7238.834485208761,0.0002841732148217,0.0038120882447961,560.7899780273438,1.0,0.9331061376953124,0.55,80.0,377.1418196741017,0.0011499545361301,0.0236133686041165,572.6799926757812,80.0,0.02880830566406245,-0.17500000000000004,6861.69266553466,LIKELY_CUSTOMER_BUY,65.0,IV up; option price down; volume confirms,-6861.69266553466,SOXX
SOXX261002C00632500,113.0,0.5590864404296876,0.175,30.0,9611.141572768243,0.0002704556407026,0.0019780154138378,560.7899780273438,33.0,0.7268093725585938,1.1,82.0,38846.10372556946,0.0035892978940036,0.0707977714397432,572.6799926757812,80.0,-0.1677229321289062,-0.925,-29234.962152801218,LIKELY_CUSTOMER_SELL,95.0,IV down; option price down,-29234.962152801218,SOXX
SOXX261016C00555000,147.0,0.4304256176757813,25.5,23.0,359091.72563999216,0.0077676129286768,0.5712980935359199,560.7899780273438,68.0,0.4245663012695312,21.85,142.0,155987.8432380128,0.0069945184354269,0.6585070390767551,572.6799926757812,79.0,0.005859316406250092,3.6499999999999986,203103.88240197935,LIKELY_CUSTOMER_BUY,95.0,IV up; option price up,-203103.88240197935,SOXX
SOXX261016P00420000,533.0,0.674075524902344,0.5,75.0,-87168.46954304045,0.0005200339828507,-0.0165287607973929,560.7899780273438,459.0,0.5747112841796875,0.25,75.0,-30551.867886530898,0.0002029556099996,-0.0049829708844776,572.6799926757812,74.0,0.09936424072265648,0.25,-56616.601656509556,LIKELY_CUSTOMER_BUY,95.0,IV up; option price up; volume confirms,56616.601656509556,SOXX
SOXX261120P00450000,4362.0,0.4992725854492187,4.4,17.0,-2238550.149665816,0.001631851667595,-0.0963543063987333,560.7899780273438,4290.0,0.4852651571655273,4.85,91.0,-1900433.3219255696,0.001350738637833,-0.0750886297888916,572.6799926757812,72.0,0.014007428283691392,-0.4499999999999993,-338116.82774024666,LIKELY_CUSTOMER_BUY,65.0,IV up; option price down,338116.82774024666,SOXX
SOXX261016P00540000,327.0,0.387579366455078,7.2,141.0,-784351.0940148649,0.0076271496322947,-0.2988462987802366,560.7899780273438,257.0,0.4058897302246094,9.7,76.0,-511316.9982599072,0.0060664285362372,-0.2309119207634541,572.6799926757812,70.0,-0.01831036376953138,-2.499999999999999,-273034.0957549577,LIKELY_CUSTOMER_SELL,95.0,IV down; option price down; volume confirms,-273034.0957549577,SOXX
SOXX261002P00310000,191.0,2.1718795703125,0.025,198.0,-218.84281162018056,3.643329339964509e-06,-8.20011704202317e-05,560.7899780273438,123.0,1.8515632421875,0.025,68.0,-152.35043669475448,3.776718107610337e-06,-9.121089816099824e-05,572.6799926757812,68.0,0.3203163281250001,0.0,-66.49237492542608,LIKELY_CUSTOMER_BUY,80.0,IV up; volume confirms,66.49237492542608,SOXX
SOXX261002P00315000,129.0,2.9707056982421878,0.575,198.0,-3127.243752231416,7.708529448948137e-05,-0.0031302035481344,560.7899780273438,61.0,1.8046884765625,0.025,68.0,-78.9519023904846,3.946469425688715e-06,-9.300619333452163e-05,572.6799926757812,68.0,1.1660172216796878,0.5499999999999999,-3048.2918498409313,LIKELY_CUSTOMER_BUY,95.0,IV up; option price up; volume confirms,3048.2918498409313,SOXX
SOXX261009C00550000,253.0,0.4453790814208984,24.55,38.0,767230.0014928567,0.009642831290152,0.6281161927237203,560.7899780273438,185.0,0.4383601086425781,20.1,136.0,484125.815385889,0.0079792577037948,0.7285060122043413,572.6799926757812,68.0,0.007018972778320309,4.449999999999999,283104.1861069677,LIKELY_CUSTOMER_BUY,95.0,IV up; option price up; volume confirms,-283104.1861069677,SOXX
SOXX261002C00550000,291.0,0.5534712622070312,19.9,6.0,1402308.7611014012,0.0153232247311242,0.6914773754791937,560.7899780273438,224.0,0.5192919165039063,15.95,219.0,732298.6593758393,0.0099681875199841,0.8129567450751186,572.6799926757812,67.0,0.034179345703124975,3.9499999999999993,670010.1017255619,LIKELY_CUSTOMER_BUY,95.0,IV up; option price up,-670010.1017255619,SOXX
SOXX261002C00560000,351.0,0.4463556341552734,12.2,29.0,2371521.848477762,0.0214842168014,0.5262389907314132,560.7899780273438,285.0,0.500005,10.05,164.0,1252241.3772394713,0.0133973581788792,0.6998101746270323,572.6799926757812,66.0,-0.053649365844726626,2.1499999999999986,1119280.471238291,LIKELY_CUSTOMER_SELL,65.0,IV down; option price up,1119280.471238291,SOXX
SOXX261023P00555000,69.0,0.3934386828613281,15.5,5.0,-153790.80825817198,0.0070872997520801,-0.4285817728185632,560.7899780273438,15.0,0.4119931848144531,18.6,54.0,-30241.319671597925,0.0061473148686199,-0.3539969227284566,572.6799926757812,54.0,-0.01855450195312497,-3.1000000000000014,-123549.48858657405,LIKELY_CUSTOMER_SELL,95.0,IV down; option price down,-123549.48858657405,SOXX
SOXX261009C00600000,170.0,0.38867798828125,3.375,18.0,355067.27269001986,0.0066414244331761,0.1444255527317658,560.7899780273438,118.0,0.3907531628417968,2.625,111.0,332741.1560074272,0.0085980604136374,0.2510306016533479,572.6799926757812,52.0,-0.0020751745605467886,0.75,22326.116682592663,LIKELY_CUSTOMER_SELL,65.0,IV down; option price up,22326.116682592663,SOXX
SOXX261002C00600000,439.0,0.4516656396484375,0.7749999999999999,124.0,399045.6943439964,0.0028903978238603,0.0228512140764785,560.7899780273438,388.0,0.4846242944335938,0.8,174.0,1185512.266063337,0.0093164467232317,0.1512131748895893,572.6799926757812,51.0,-0.032958654785156305,-0.025000000000000133,-786466.5717193405,LIKELY_CUSTOMER_SELL,95.0,IV down; option price down; volume confirms,-786466.5717193405,SOXX
SOXX261002C00685000,53.0,1.0625046875000002,0.575,50.0,6595.576837368628,0.0003957094548853,0.0061796519114534,560.7899780273438,3.0,1.023930661621094,0.8,50.0,1262.819919268806,0.0012835008112098,0.0301014881953303,572.6799926757812,50.0,0.03857402587890624,-0.2250000000000001,5332.756918099822,LIKELY_CUSTOMER_BUY,65.0,IV up; option price down; volume confirms,-5332.756918099822,SOXX
SOXX261009C00547500,52.0,0.4528863305664062,26.75,90.0,151803.31653829012,0.0092827665572517,0.6505038649650775,560.7899780273438,2.0,0.4385432122802735,22.25,90.0,5026.48329391674,0.0076632011660979,0.7488386560376169,572.6799926757812,50.0,0.014343118286132717,4.5,146776.83324437338,LIKELY_CUSTOMER_BUY,95.0,IV up; option price up; volume confirms,-146776.83324437338,SOXX
SOXX270115C00635000,72.0,0.4385432122802735,26.95,50.0,63690.2215696874,0.0028128059751598,0.3611825656225941,560.7899780273438,22.0,0.4289607885742187,23.700000000000003,50.0,20739.736607146013,0.0028744617524107,0.3915400830340117,572.6799926757812,50.0,0.009582423706054777,3.2499999999999964,42950.484962541384,LIKELY_CUSTOMER_BUY,95.0,IV up; option price up; volume confirms,-42950.484962541384,SOXX
SOXX261030C00550000,91.0,0.4427545959472656,36.85,50.0,155744.48945209914,0.0054421537821089,0.595774647949279,560.7899780273438,41.0,0.4498346032714844,32.400000000000006,50.0,65967.0196778421,0.0049059033198879,0.6553119584555798,572.6799926757812,50.0,-0.007080007324218818,4.449999999999996,89777.46977425704,LIKELY_CUSTOMER_SELL,65.0,IV down; option price up; volume confirms,89777.46977425704,SOXX
SOXX261002C00590000,138.0,0.42774009765625,1.6,82.0,279471.0047818453,0.0064395746577355,0.0569504530438071,560.7899780273438,89.0,0.4687553125,1.4500000000000002,78.0,381727.375697122,0.0130779381323197,0.2507502348083765,572.6799926757812,49.0,-0.041015214843750036,0.1499999999999999,-102256.3709152767,LIKELY_CUSTOMER_SELL,65.0,IV down; option price up; volume confirms,-102256.3709152767,SOXX
SOXX261009P00555000,72.0,0.3792786682128906,7.8,226.0,-263962.6116437014,0.0116576076036696,-0.412702690305702,560.7899780273438,24.0,0.4332942413330078,11.55,52.0,-67858.2739861607,0.0086211965359804,-0.3126384412706628,572.6799926757812,48.0,-0.05401557312011723,-3.750000000000001,-196104.3376575407,LIKELY_CUSTOMER_SELL,95.0,IV down; option price down; volume confirms,-196104.3376575407,SOXX
SOXX261218P00555000,84.0,0.4025786061096191,33.95,54.0,-98444.33743930134,0.0037265844459377,-0.4225855078711279,560.7899780273438,37.0,0.4341792422485352,39.1,54.0,-39768.38134630464,0.0032772695974911,-0.382455076155341,572.6799926757812,47.0,-0.031600636138916116,-5.149999999999999,-58675.9560929967,LIKELY_CUSTOMER_SELL,95.0,IV down; option price down; volume confirms,-58675.9560929967,SOXX
SOXX261002P00435000,103.0,1.015629921875,0.025,1.0,-887.1652010200183,2.738840783622045e-05,-0.000314194031456,560.7899780273438,59.0,0.93945373046875,0.075,59.0,-741.8076346323297,3.8336747605240125e-05,-0.0005282397616191,572.6799926757812,44.0,0.07617619140624998,-0.049999999999999996,-145.35756638768862,LIKELY_CUSTOMER_BUY,65.0,IV up; option price down,145.35756638768862,SOXX
SOXX270115C00570000,248.0,0.4513452082824707,52.4,28.0,225829.70478872897,0.0028955355317515,0.54122129705231,560.7899780273438,207.0,0.4454858918762207,47.6,50.0,191693.14675726424,0.0028236588171467,0.5750953347094334,572.6799926757812,41.0,0.005859316406250037,4.799999999999997,34136.55803146472,LIKELY_CUSTOMER_BUY,95.0,IV up; option price up; volume confirms,-34136.55803146472,SOXX
SOXX261016P00425000,1709.0,0.6352575537109376,0.425,2.0,-276348.60863895004,0.0005141794699801,-0.0152218176230197,560.7899780273438,1668.0,0.5185595019531251,0.15,42.0,-80318.93814892849,0.000146824283615,-0.0030950698146861,572.6799926757812,41.0,0.11669805175781256,0.275,-196029.67049002156,LIKELY_CUSTOMER_BUY,95.0,IV up; option price up,196029.67049002156,SOXX
SOXX261002P00320000,39.0,3.61572361694336,2.25,6.0,-2707.7485258860147,0.0002207716145226,-0.0128479984459467,560.7899780273438,0.0,0.500005,0.05,6.0,-0.0,1.6740771423455996e-38,0.0,572.6799926757812,39.0,3.1157186169433597,2.2,-2707.7485258860147,LIKELY_CUSTOMER_BUY,95.0,IV up; option price up,2707.7485258860147,SOXX
SOXX261218P00265000,38.0,0.7355983471679688,0.625,1.0,-1439.089446800802,0.0001204214090108,-0.0084967353285263,560.7899780273438,0.0,0.7695335546875001,0.975,1.0,-0.0,0.0001241308460557,-0.0095538625296609,572.6799926757812,38.0,-0.033935207519531274,-0.35,-1439.089446800802,LIKELY_CUSTOMER_SELL,95.0,IV down; option price down,-1439.089446800802,SOXX
SOXX261002C00555000,93.0,0.5896037133789063,17.2,8.0,460317.00643120304,0.0157388713085136,0.6043555954191414,560.7899780273438,59.0,0.4486139123535155,11.65,129.0,240769.81483584587,0.0124430259158725,0.7879868272168437,572.6799926757812,34.0,0.14098980102539077,5.549999999999999,219547.19159535717,LIKELY_CUSTOMER_BUY,95.0,IV up; option price up,-219547.19159535717,SOXX
SOXX261002P00525000,151.0,0.523442265625,0.325,11.0,-196228.271320072,0.0041322267357337,-0.0420789972039125,560.7899780273438,117.0,0.4992725854492187,1.075,125.0,-88151.14808064226,0.0022973019949181,-0.0255651531558118,572.6799926757812,34.0,0.02416968017578125,-0.75,-108077.12323942974,LIKELY_CUSTOMER_BUY,65.0,IV up; option price down,108077.12323942974,SOXX
SOXX261023P00400000,44.0,0.6269568554687501,0.4,50.0,-5071.029326267527,0.0003664738226495,-0.0124937289933741,560.7899780273438,11.0,0.6374547973632813,0.625,63.0,-1108.7410191855008,0.0003073359814877,-0.0109168170419808,572.6799926757812,33.0,-0.010497941894531126,-0.22499999999999998,-3962.288307082026,LIKELY_CUSTOMER_SELL,95.0,IV down; option price down; volume confirms,-3962.288307082026,SOXX
SOXX261030P00475000,920.0,0.4759573889160156,2.95,1.0,-640304.66969457,0.0022130863239713,-0.0952518253697694,560.7899780273438,887.0,0.5573774731445313,4.5,38.0,-568730.4041837652,0.0019550542134902,-0.1050252086668774,572.6799926757812,33.0,-0.08142008422851577,-1.5499999999999998,-71574.26551080483,LIKELY_CUSTOMER_SELL,95.0,IV down; option price down,-71574.26551080483,SOXX
SOXX261009C00545000,43.0,0.4591118542480469,28.7,1.0,120812.642865905,0.0089339484458725,0.6721621963519434,560.7899780273438,14.0,0.4426935614013672,23.65,64.0,33496.99824996883,0.0072954793651402,0.766599161684551,572.6799926757812,29.0,0.016418292846679727,5.050000000000001,87315.64461593618,LIKELY_CUSTOMER_BUY,95.0,IV up; option price up,-87315.64461593618,SOXX
SOXX261002C00595000,139.0,0.4466608068847656,1.15,54.0,197138.7035129689,0.0045097930031215,0.0385475751785112,560.7899780273438,110.0,0.4840139489746094,1.125,38.0,401820.0614940545,0.0111381973647438,0.1999234489177696,572.6799926757812,29.0,-0.037353142089843805,0.02499999999999991,-204681.3579810856,LIKELY_CUSTOMER_SELL,65.0,IV down; option price up; volume confirms,-204681.3579810856,SOXX
SOXX261016P00525000,1245.0,0.3960021337890625,4.25,267.0,-2324914.1162814074,0.0059379573736725,-0.19544202334386,560.7899780273438,1217.0,0.3944762701416016,5.2,54.0,-1811870.1261239136,0.0045395464549894,-0.1388408086287699,572.6799926757812,28.0,0.0015258636474609344,-0.9500000000000002,-513043.99015749386,LIKELY_CUSTOMER_BUY,65.0,IV up; option price down; volume confirms,513043.99015749386,SOXX
SOXX261016C00560000,597.0,0.4280452703857422,22.9,7.0,1485552.4836680037,0.0079124901299535,0.5319229691810801,560.7899780273438,569.0,0.4231625067138671,18.85,66.0,1356171.199154664,0.0072673860216138,0.6221894769942234,572.6799926757812,28.0,0.004882763671875068,4.049999999999997,129381.28451333963,LIKELY_CUSTOMER_BUY,95.0,IV up; option price up,-129381.28451333963,SOXX
SOXX261002P00470000,2887.0,0.8789074609374999,0.125,14.0,-225954.73319823455,0.0002488709307042,-0.0029748340603825,560.7899780273438,2859.0,0.79101771484375,0.25,29.0,-182867.04854965865,0.0001950281399065,-0.0025887727301558,572.6799926757812,28.0,0.08788974609374989,-0.125,-43087.6846485759,LIKELY_CUSTOMER_BUY,65.0,IV up; option price down; volume confirms,43087.6846485759,SOXX
SOXX261009C00525000,1620.0,0.6055337298583985,45.3,8.0,2873973.6585912663,0.005641145239221,0.7738194782650121,560.7899780273438,1593.0,0.5498091894531252,39.95,40.0,2394699.7962348377,0.0045836482244347,0.8444109754971617,572.6799926757812,27.0,0.055724540405273304,5.349999999999994,479273.8623564285,LIKELY_CUSTOMER_BUY,95.0,IV up; option price up,-479273.8623564285,SOXX
SOXX261120P00325000,202.0,0.6748079394531252,0.55,3.0,-12403.903705108152,0.0001952569626218,-0.0104174835101037,560.7899780273438,177.0,0.6799348413085939,0.7,36.0,-9776.592116258653,0.000168418660446,-0.0091889965855469,572.6799926757812,25.0,-0.005126901855468713,-0.1499999999999999,-2627.3115888494995,LIKELY_CUSTOMER_SELL,95.0,IV down; option price down,-2627.3115888494995,SOXX
SOXX261002P00560000,486.0,0.4484918432617187,5.2,41.0,-3268038.782910025,0.0213821043751193,-0.473823009962574,560.7899780273438,461.0,0.4739432489013672,9.2,156.0,-2106879.4972530683,0.0139352495387205,-0.2910796976287648,572.6799926757812,25.0,-0.025451405639648483,-3.999999999999999,-1161159.285656957,LIKELY_CUSTOMER_SELL,95.0,IV down; option price down; volume confirms,-1161159.285656957,SOXX
SOXX261016P00530000,4835.0,0.3917907501220703,5.2,1047.0,-9947950.545368286,0.0065423933504656,-0.2263870739360381,560.7899780273438,4810.0,0.4423273541259765,7.7,38.0,-7825794.393198178,0.0049608870110049,-0.1898142898164942,572.6799926757812,25.0,-0.050536604003906194,-2.5,-2122156.1521701077,LIKELY_CUSTOMER_SELL,95.0,IV down; option price down; volume confirms,-2122156.1521701077,SOXX
SOXX261030P00480000,58.0,0.461919443359375,3.225,1.0,-43982.433663669945,0.0024112973864585,-0.1028071623717923,560.7899780273438,33.0,0.5029956927490236,3.45,26.0,-22070.12584871825,0.0020392329894608,-0.0966628902179084,572.6799926757812,25.0,-0.041076249389648545,-0.2250000000000001,-21912.307814951695,LIKELY_CUSTOMER_SELL,95.0,IV down; option price down,-21912.307814951695,SOXX
SOXX261002P00510000,147.0,0.5712933496093751,0.1999999999999999,48.0,-58969.31182334113,0.0012755815748686,-0.0115658264715784,560.7899780273438,123.0,0.6618686157226563,1.45,42.0,-67631.9291411305,0.0016765736743616,-0.0245762641761557,572.6799926757812,24.0,-0.09057526611328126,-1.25,8662.617317789372,LIKELY_CUSTOMER_SELL,95.0,IV down; option price down; volume confirms,8662.617317789372,SOXX
SOXX261009C00620000,49.0,0.3938048901367187,1.275,55.0,51180.76478626972,0.0033213160471313,0.0574794795779264,560.7899780273438,25.0,0.4982960327148438,1.95,29.0,45853.11812661434,0.0055924852068619,0.181924286105785,572.6799926757812,24.0,-0.10449114257812508,-0.675,5327.64665965538,LIKELY_CUSTOMER_SELL,95.0,IV down; option price down; volume confirms,5327.64665965538,SOXX
SOXX270115C00775000,339.0,0.4203854348754883,5.15,1.0,151405.10387173828,0.0014201699858183,0.1045517422796234,560.7899780273438,316.0,0.449926155090332,5.65,25.0,167230.54984061094,0.0016136320587295,0.1433435767756812,572.6799926757812,23.0,-0.02954072021484372,-0.5,-15825.445968872664,LIKELY_CUSTOMER_SELL,95.0,IV down; option price down,-15825.445968872664,SOXX
SOXX261002P00545000,93.0,0.5445602185058593,2.225,30.0,-394232.6978257684,0.0134793579424601,-0.2314392324947927,560.7899780273438,70.0,0.4936574072265626,3.95,30.0,-187292.76627311748,0.0081582863120389,-0.1278377234176775,572.6799926757812,23.0,0.050902811279296745,-1.725,-206939.9315526509,LIKELY_CUSTOMER_BUY,65.0,IV up; option price down; volume confirms,206939.9315526509,SOXX
SOXX261002P00535000,116.0,0.5124560473632812,0.975,41.0,-307037.5149309507,0.0084165278683667,-0.1027833649446996,560.7899780273438,93.0,0.4846242944335938,1.95,50.0,-139124.8806174837,0.0045613966015556,-0.0572214997768953,572.6799926757812,23.0,0.027831752929687426,-0.975,-167912.63431346702,LIKELY_CUSTOMER_BUY,65.0,IV up; option price down; volume confirms,167912.63431346702,SOXX
SOXX261218C00565000,71.0,0.4505975350952148,46.7,2.0,75312.03251550904,0.0033729160532294,0.5439683055838485,560.7899780273438,48.0,0.4486139123535155,42.7,29.0,51064.69179053247,0.0032438103573429,0.5835720635415009,572.6799926757812,23.0,0.0019836227416992758,4.0,24247.340724976566,LIKELY_CUSTOMER_BUY,95.0,IV up; option price up,-24247.340724976566,SOXX
SOXX270219P00500000,77.0,0.4438532177734374,27.5,22.0,-51689.96822757833,0.002134592861326,-0.2712348163808834,560.7899780273438,55.0,0.4274959594726563,28.6,22.0,-36767.24092918162,0.0020383292188231,-0.2420993205706807,572.6799926757812,22.0,0.016357258300781108,-1.1000000000000014,-14922.727298396705,LIKELY_CUSTOMER_BUY,65.0,IV up; option price down; volume confirms,14922.727298396705,SOXX
SOXX261002C00545000,116.0,0.5892375061035158,24.0,4.0,471647.00611419807,0.0129288115554367,0.7522650630945477,560.7899780273438,95.0,0.56836369140625,19.5,21.0,257117.0777382317,0.0082524575061388,0.8397898157984575,572.6799926757812,21.0,0.02087381469726579,4.5,214529.92837596638,LIKELY_CUSTOMER_BUY,95.0,IV up; option price up,-214529.92837596638,SOXX
SOXX261002P00540000,275.0,0.5051319018554687,1.4,53.0,-963190.7846611368,0.0111372799827337,-0.1503636707234912,560.7899780273438,254.0,0.4556939196777344,2.7,50.0,-490303.6164446622,0.0058858251786392,-0.0734073316726828,572.6799926757812,21.0,0.04943798217773432,-1.3000000000000003,-472887.1682164746,LIKELY_CUSTOMER_BUY,65.0,IV up; option price down; volume confirms,472887.1682164746,SOXX
SOXX261002P00530000,244.0,0.5197801928710937,0.575,70.0,-465739.6559986327,0.0060694998408955,-0.0677717471953907,560.7899780273438,223.0,0.5065967309570312,2.125,198.0,-254262.0146171544,0.0034765829763027,-0.0430386850061418,572.6799926757812,21.0,0.0131834619140625,-1.55,-211477.64138147832,LIKELY_CUSTOMER_BUY,65.0,IV up; option price down; volume confirms,211477.64138147832,SOXX
SOXX261016C00570000,509.0,0.3932860964965821,16.75,184.0,1370335.538589319,0.0085606876468671,0.4461611025285036,560.7899780273438,489.0,0.4190731921386719,14.4,86.0,1226748.717199877,0.0076493182816931,0.5468411996216826,572.6799926757812,20.0,-0.025787095642089808,2.3499999999999996,143586.82138944208,LIKELY_CUSTOMER_SELL,65.0,IV down; option price up; volume confirms,143586.82138944208,SOXX
SOXX261023P00480000,671.0,0.4860891235351562,1.925,20.0,-490238.3186415923,0.0023231874161081,-0.0874643385696853,560.7899780273438,651.0,0.4770560107421875,2.45,20.0,-379594.111744039,0.0017779291767992,-0.0635257038272929,572.6799926757812,20.0,0.0090331127929687,-0.5250000000000001,-110644.20689755329,LIKELY_CUSTOMER_BUY,65.0,IV up; option price down; volume confirms,110644.20689755329,SOXX
SOXX261016P00470000,2510.0,0.5565229895019532,0.775,7.0,-1363537.2940921327,0.0017273995892253,-0.0560235370963572,560.7899780273438,2490.0,0.4997608618164063,0.675,23.0,-862194.5690882955,0.0010558006240684,-0.0285047336193934,572.6799926757812,20.0,0.05676212768554695,0.09999999999999998,-501342.72500383726,LIKELY_CUSTOMER_BUY,95.0,IV up; option price up,501342.72500383726,SOXX
SOXX261002P00565000,100.0,0.5017139672851563,7.699999999999999,57.0,-593046.7007354024,0.0188576862951804,-0.5702133656867586,560.7899780273438,81.0,0.4579521978759766,11.55,47.0,-418678.2669631657,0.0157605503038496,-0.3617174392164214,572.6799926757812,19.0,0.043761769409179696,-3.8500000000000014,-174368.4337722367,LIKELY_CUSTOMER_BUY,65.0,IV up; option price down; volume confirms,174368.4337722367,SOXX
SOXX261009P00540000,104.0,0.3920959228515625,4.3,6.0,-303864.46908326267,0.0092906498878491,-0.2545069161170624,560.7899780273438,85.0,0.3924010955810546,5.65,27.0,-189682.36409157788,0.0068043086690519,-0.1700411546763767,572.6799926757812,19.0,-0.00030517272949215357,-1.3500000000000005,-114182.10499168478,LIKELY_CUSTOMER_SELL,95.0,IV down; option price down,-114182.10499168478,SOXX
SOXX261009P00545000,20.0,0.3863586755371093,5.1,9.0,-64514.000098363766,0.0102570739706802,-0.3024541227261019,560.7899780273438,1.0,0.4001524829101562,7.5,19.0,-2509.502472336644,0.007651799935597,-0.21253982534984,572.6799926757812,19.0,-0.013793807373046918,-2.4000000000000004,-62004.49762602712,LIKELY_CUSTOMER_SELL,95.0,IV down; option price down,-62004.49762602712,SOXX
SOXX261002P00515000,159.0,0.561527822265625,0.3,8.0,-99342.36725218224,0.0019867210486505,-0.0189789521424799,560.7899780273438,140.0,0.5432174584960938,0.9,25.0,-59432.31783234318,0.0012944062782363,-0.0143739136028873,572.6799926757812,19.0,0.018310363769531213,-0.6000000000000001,-39910.049419839066,LIKELY_CUSTOMER_BUY,65.0,IV up; option price down,39910.049419839066,SOXX
SOXX261016P00610000,31.0,0.4522149505615235,46.25,20.0,-52227.87557811556,0.0053572286117385,-0.7946115318712859,560.7899780273438,12.0,0.4063474893188477,52.1,20.0,-25230.173863264336,0.0064108405573804,-0.7437048582541048,572.6799926757812,19.0,0.04586746124267582,-5.850000000000001,-26997.701714851228,LIKELY_CUSTOMER_BUY,65.0,IV up; option price down; volume confirms,26997.701714851228,SOXX
SOXX261030C00650000,47.0,0.4039366247558594,3.8,4.0,44808.43178464208,0.0030315267121601,0.1173207135883661,560.7899780273438,28.0,0.4360407958984374,3.225,29.0,33384.219977064255,0.0036354584095337,0.1823771141900335,572.6799926757812,19.0,-0.03210417114257802,0.5749999999999997,11424.211807577827,LIKELY_CUSTOMER_SELL,65.0,IV down; option price up,11424.211807577827,SOXX
SOXX261002C00530000,77.0,0.7137479797363282,37.95,10.0,178171.44829785527,0.0073577816870432,0.8641976423656911,560.7899780273438,58.0,0.6108437353515627,32.1,28.0,85804.44481990505,0.0045108436116007,0.9239530772284114,572.6799926757812,19.0,0.10290424438476553,5.850000000000001,92367.00347795022,LIKELY_CUSTOMER_BUY,95.0,IV up; option price up; volume confirms,-92367.00347795022,SOXX
SOXX261016P00545000,33.0,0.3816590155029296,8.55,7.0,-84616.45065775035,0.0081534305657842,-0.3374921019019185,560.7899780273438,15.0,0.4237423348999023,11.75,28.0,-31153.453100479597,0.0063327291114644,-0.2716493297728904,572.6799926757812,18.0,-0.04208331939697274,-3.1999999999999993,-53462.99755727075,LIKELY_CUSTOMER_SELL,95.0,IV down; option price down,-53462.99755727075,SOXX
SOXX261002P00430000,53.0,1.125004375,0.05,18.0,-764.7649982437365,4.58829831010097e-05,-0.0006121066744542,560.7899780273438,36.0,0.937500625,0.05,18.0,-281.3896097280034,2.38331548598156e-05,-0.0003157596399587,572.6799926757812,17.0,0.18750375000000008,0.0,-483.3753885157331,LIKELY_CUSTOMER_BUY,80.0,IV up; volume confirms,483.3753885157331,SOXX
SOXX261009P00535000,18.0,0.3985655847167969,3.2750000000000004,22.0,-46749.62512154698,0.0082585754382712,-0.2120591344426368,560.7899780273438,1.0,0.3920959228515625,4.300000000000001,22.0,-1926.5000578598167,0.0058741496297206,-0.1360960299870476,572.6799926757812,17.0,0.0064696618652344,-1.0250000000000004,-44823.12506368716,LIKELY_CUSTOMER_BUY,65.0,IV up; option price down; volume confirms,44823.12506368716,SOXX
SOXX261120C00570000,104.0,0.4520165882873535,35.5,5.0,137674.49438233912,0.0042093948320179,0.508436779954154,560.7899780273438,87.0,0.4464471859741211,31.85,27.0,116705.96242506657,0.004090249218408,0.558003467272125,572.6799926757812,17.0,0.005569402313232441,3.6499999999999986,20968.531957272557,LIKELY_CUSTOMER_BUY,95.0,IV up; option price up,-20968.531957272557,SOXX
SOXX261016P00555000,44.0,0.3799805654907227,11.75,5.0,-121467.61714489016,0.0087782379314271,-0.4237649610933692,560.7899780273438,27.0,0.4060728338623046,15.3,24.0,-64367.50035404015,0.0072690701236147,-0.3361808107969884,572.6799926757812,17.0,-0.026092268371581906,-3.5500000000000007,-57100.11679085001,LIKELY_CUSTOMER_SELL,95.0,IV down; option price down,-57100.11679085001,SOXX
SOXX261030C00635000,115.0,0.4039976593017578,5.6,16.0,136521.35701975037,0.0037748723375019,0.1618920191638455,560.7899780273438,98.0,0.4585320260620118,4.8500000000000005,17.0,132894.12826096805,0.0041348113098765,0.2480065259422827,572.6799926757812,17.0,-0.05453436676025403,0.7499999999999991,3627.228758782323,LIKELY_CUSTOMER_SELL,65.0,IV down; option price up; volume confirms,3627.228758782323,SOXX
SOXX261218P00420000,167.0,0.4989674127197265,4.65,18.0,-60513.55413815001,0.0011522207779203,-0.0809474621678232,560.7899780273438,151.0,0.4848379153442382,4.6,18.0,-48008.02145624004,0.0009694219280104,-0.0644856975975967,572.6799926757812,16.0,0.014129497375488298,0.05000000000000071,-12505.532681909965,LIKELY_CUSTOMER_BUY,95.0,IV up; option price up; volume confirms,12505.532681909965,SOXX
SOXX261002P00520000,136.0,0.5532271240234375,0.25,41.0,-129336.50867546388,0.0030239996575551,-0.0307492738185165,560.7899780273438,120.0,0.5131884619140624,0.775,69.0,-64365.71226290474,0.0016354953434566,-0.0176707716312938,572.6799926757812,16.0,0.04003866210937512,-0.525,-64970.79641255914,LIKELY_CUSTOMER_BUY,65.0,IV up; option price down; volume confirms,64970.79641255914,SOXX
SOXX261002C00572500,245.0,0.476567734375,6.2,152.0,1326797.665446456,0.0172201974548294,0.2870666062571627,560.7899780273438,229.0,0.473088765258789,5.15,51.0,1219024.382249945,0.0162312844379214,0.5145340573379535,572.6799926757812,16.0,0.0034789691162109837,1.0499999999999998,107773.28319651098,LIKELY_CUSTOMER_BUY,95.0,IV up; option price up; volume confirms,-107773.28319651098,SOXX
SOXX261002C00562500,45.0,0.5410202148437502,11.05,6.0,251065.10957454133,0.017740806622071,0.479850673797884,560.7899780273438,30.0,0.4448297705078124,7.65,52.0,151963.55416349924,0.0154452224000489,0.6819172226204622,572.6799926757812,15.0,0.09619044433593776,3.4000000000000004,99101.55541104209,LIKELY_CUSTOMER_BUY,95.0,IV up; option price up,-99101.55541104209,SOXX
SOXX261002C00557500,18.0,0.6148720153808593,14.65,28.0,87395.1597935778,0.0154388301129365,0.5623178950666,560.7899780273438,3.0,0.5175219146728516,11.05,28.0,12179.54939678372,0.0123790108885786,0.7267615046053695,572.6799926757812,15.0,0.09735010070800776,3.5999999999999996,75215.61039679407,LIKELY_CUSTOMER_BUY,95.0,IV up; option price up; volume confirms,-75215.61039679407,SOXX
SOXX261016P00575000,94.0,0.3819641882324218,21.15,1.0,-254813.31058634527,0.0086197321228415,-0.5990906531090395,560.7899780273438,79.0,0.3893493682861328,25.35,22.0,-214770.974833196,0.0082894263184749,-0.4935893054881802,572.6799926757812,15.0,-0.007385180053711027,-4.200000000000003,-40042.335753149266,LIKELY_CUSTOMER_SELL,95.0,IV down; option price down,-40042.335753149266,SOXX
SOXX261030P00520000,41.0,0.4163876721191406,8.45,1.0,-59301.19242160022,0.0045991659688197,-0.235812173054942,560.7899780273438,26.0,0.4278926840209961,10.2,16.0,-32812.52394474984,0.0038480638381959,-0.1939499774697963,572.6799926757812,15.0,-0.011505011901855544,-1.75,-26488.668476850384,LIKELY_CUSTOMER_SELL,95.0,IV down; option price down,-26488.668476850384,SOXX
SOXX261218P00320000,137.0,0.5913126806640626,0.825,3.0,-9725.530805780169,0.0002257315477202,-0.0136082180859182,560.7899780273438,123.0,0.645389288330078,1.625,14.0,-10118.555993311213,0.000250835734192,-0.0175884547223633,572.6799926757812,14.0,-0.05407660766601541,-0.8,393.02518753104414,LIKELY_CUSTOMER_SELL,95.0,IV down; option price down,393.02518753104414,SOXX
SMH261002P00490000,20940.0,0.92187578125,0.075,72.0,-802887.8059296362,0.0001065028411251,-0.0013262179913088,600.010009765625,2855.0,0.7812521875,0.095,20074.0,-92309.97511840332,8.788100010750764e-05,-0.0011329780082032,606.5599975585938,18085.0,0.14062359375,-0.020000000000000004,-710577.8308112329,LIKELY_CUSTOMER_BUY,65.0,IV up; option price down,710577.8308112329,SMH
SMH261016C00630000,9282.0,0.3379582806396484,8.275,763.0,25762219.590015136,0.0077094735426566,0.2646291854781033,600.010009765625,8388.0,0.345435012512207,6.825,1313.0,24645523.847630806,0.0079860514017802,0.3276760676498906,606.5599975585938,894.0,-0.007476731872558595,1.4500000000000002,1116695.7423843294,LIKELY_CUSTOMER_SELL,65.0,IV down; option price up; volume confirms,1116695.7423843294,SMH
SMH261016P00520000,13555.0,0.4270076831054688,0.8400000000000001,59.0,-9072732.80003414,0.0018591807221292,-0.0479426255865185,600.010009765625,12720.0,0.4193173303222656,1.23,2269.0,-7135202.68022164,0.0015246553150125,-0.0385871346147909,606.5599975585938,835.0,0.007690352783203236,-0.3899999999999999,-1937530.1198124997,LIKELY_CUSTOMER_BUY,65.0,IV up; option price down,1937530.1198124997,SMH
SMH261002P00582500,1066.0,0.4035704174804688,1.15,564.0,-5109814.240592548,0.0133146856144009,-0.1553657091959968,600.010009765625,268.0,0.420904228515625,3.23,1306.0,-939935.3055936308,0.0095326936859413,-0.1382151642645906,606.5599975585938,798.0,-0.017333811035156188,-2.08,-4169878.934998917,LIKELY_CUSTOMER_SELL,95.0,IV down; option price down; volume confirms,-4169878.934998917,SMH
SMH261002C00760000,1507.0,0.97460962890625,0.105,324.0,26501.416572667156,4.8847106745494336e-05,0.0006033531758153,600.010009765625,793.0,0.8828136718749999,0.105,733.0,51208.8666063938,0.0001755191252556,0.0027723722765246,606.5599975585938,714.0,0.0917959570312501,0.0,-24707.450033726644,LIKELY_CUSTOMER_BUY,80.0,IV up,24707.450033726644,SMH
SMH261016P00565000,2740.0,0.3555972644042968,3.8,45.0,-6042721.655436644,0.0061258313460296,-0.1926168670887926,600.010009765625,2164.0,0.3668886553955078,5.699999999999999,929.0,-4173483.16980986,0.0052419621332979,-0.1686440232892454,606.5599975585938,576.0,-0.011291390991211014,-1.8999999999999995,-1869238.4856267842,LIKELY_CUSTOMER_SELL,95.0,IV down; option price down,-1869238.4856267842,SMH
SMH261002P00572500,857.0,0.4243221630859375,0.49,72.0,-2066897.957620356,0.0066991734586596,-0.0646434008912673,600.010009765625,348.0,0.42188078125,1.5699999999999998,976.0,-673983.6228147288,0.0052640810704532,-0.0619401488826416,606.5599975585938,509.0,0.002441381835937506,-1.0799999999999998,-1392914.3348056274,LIKELY_CUSTOMER_BUY,65.0,IV up; option price down,1392914.3348056274,SMH
SMH260930P00572500,474.0,0.526371923828125,0.1,365.0,-936200.5796188136,0.0054862244681154,-0.0426040391901726,600.010009765625,32.0,0.4575249560546875,0.49,530.0,-16893.08070089917,0.0014348660096524,-0.0075548638094858,606.5599975585938,442.0,0.06884696777343752,-0.39,-919307.4989179145,LIKELY_CUSTOMER_BUY,65.0,IV up; option price down; volume confirms,919307.4989179145,SMH
SMH261016C00605000,2316.0,0.362036408996582,18.675,394.0,7305268.181111992,0.0087615434183343,0.4807658666338862,600.010009765625,1902.0,0.3530338134765625,15.45,542.0,6012904.288685837,0.008592632696256,0.5383774892324079,606.5599975585938,414.0,0.00900259552001953,3.2250000000000014,1292363.8924261555,LIKELY_CUSTOMER_BUY,95.0,IV up; option price up; volume confirms,-1292363.8924261555,SMH
SMH261016P00560000,5658.0,0.3608462353515624,3.325,491.0,-11151155.915005708,0.0054744431955371,-0.1649264826051344,600.010009765625,5333.0,0.3663698617553711,4.7,745.0,-9176001.76127584,0.0046766446732169,-0.1415892356051246,606.5599975585938,325.0,-0.005523626403808712,-1.375,-1975154.1537298672,LIKELY_CUSTOMER_SELL,95.0,IV down; option price down; volume confirms,-1975154.1537298672,SMH
SMH260930C00620000,419.0,0.4025938647460937,0.79,833.0,1455150.57319724,0.0096466588572322,0.0618407949754625,600.010009765625,97.0,0.39258419921875,0.85,532.0,657574.882487903,0.0184257829535109,0.1466479587317378,606.5599975585938,322.0,0.010009665527343725,-0.05999999999999994,797575.690709337,LIKELY_CUSTOMER_BUY,65.0,IV up; option price down; volume confirms,-797575.690709337,SMH
SMH260930P00520000,566.0,1.8754889038085936,1.36,74.0,-442640.5279604496,0.002172289748905,-0.0657657308870072,600.010009765625,277.0,1.017583037109375,0.465,345.0,-17739.206259670205,0.0001740631680635,-0.0017527196042746,606.5599975585938,289.0,0.8579058666992185,0.895,-424901.3217007794,LIKELY_CUSTOMER_BUY,95.0,IV up; option price up,424901.3217007794,SMH
SMH261002P00492500,369.0,1.05078599609375,0.26,10.0,-40695.89293225952,0.0003063424805159,-0.0049369193752958,600.010009765625,86.0,0.7480493945312501,0.08,285.0,-2433.2842612928503,7.69036344864813e-05,-0.0009343233209246,606.5599975585938,283.0,0.30273660156249993,0.18,-38262.60867096667,LIKELY_CUSTOMER_BUY,95.0,IV up; option price up,38262.60867096667,SMH
SMH261002P00400000,483.0,1.65625171875,0.06,416.0,-3219.5932537644976,1.8515561489953312e-05,-0.000375281933336,600.010009765625,227.0,1.3984405078125,0.06,679.0,-1584.8751077913294,1.8976742147695813e-05,-0.0004042367716318,606.5599975585938,256.0,0.25781121093750015,0.0,-1634.7181459731682,LIKELY_CUSTOMER_BUY,80.0,IV up; volume confirms,1634.7181459731682,SMH
SMH260930P00567500,263.0,0.570316796875,0.075,255.0,-357067.4657131842,0.0037711824264804,-0.0297370851545422,600.010009765625,31.0,0.5356491748046875,0.55,261.0,-15308.904523766872,0.001342254566067,-0.0083778970837208,606.5599975585938,232.0,0.03466762207031249,-0.47500000000000003,-341758.5611894173,LIKELY_CUSTOMER_BUY,65.0,IV up; option price down; volume confirms,341758.5611894173,SMH
SMH260930P00575000,260.0,0.5029346582031251,0.1149999999999999,83.0,-621480.0050860902,0.0066395221087003,-0.0510590509901979,600.010009765625,57.0,0.4389704541015625,0.58,316.0,-38683.04277092352,0.0018445831690994,-0.009595300280745,606.5599975585938,203.0,0.06396420410156262,-0.4650000000000001,-582796.9623151666,LIKELY_CUSTOMER_BUY,65.0,IV up; option price down,582796.9623151666,SMH
SMH261005P00552500,200.0,0.4504449487304687,0.4649999999999999,200.0,-251882.30922487905,0.0034982486827627,-0.0546361539757409,600.010009765625,0.0,0.4659477233886719,1.08,200.0,-0.0,0.0030440497119617,-0.0544142886101953,606.5599975585938,200.0,-0.015502774658203211,-0.6150000000000002,-251882.30922487905,LIKELY_CUSTOMER_SELL,95.0,IV down; option price down; volume confirms,-251882.30922487905,SMH
SMH260930P00505000,202.0,2.3110393786621093,1.875,2.0,-132415.49261404382,0.001820834358697,-0.0685747249751218,600.010009765625,2.0,1.1416058544921874,0.355,239.0,-66.66185132756198,9.059408528636756e-05,-0.0009730010716558,606.5599975585938,200.0,1.1694335241699219,1.52,-132348.83076271624,LIKELY_CUSTOMER_BUY,95.0,IV up; option price up,132348.83076271624,SMH
SMH261005P00567500,201.0,0.3867248828124999,0.82,502.0,-477298.5049776498,0.0065959449957012,-0.1028543302879303,600.010009765625,4.0,0.3835510864257812,1.79,200.0,-7475.14127400004,0.0050793937808355,-0.082032960914038,606.5599975585938,197.0,0.003173796386718719,-0.9700000000000001,-469823.3637036497,LIKELY_CUSTOMER_BUY,65.0,IV up; option price down; volume confirms,469823.3637036497,SMH
SMH261002C00745000,354.0,0.8125018749999999,0.04,368.0,2450.185868128452,1.922555020051233e-05,0.0001819698935972,600.010009765625,162.0,0.7480493945312501,0.045,230.0,6565.2867433094725,0.0001101516872201,0.0013830428753798,606.5599975585938,192.0,0.06445248046874985,-0.0049999999999999975,-4115.1008751810205,LIKELY_CUSTOMER_BUY,65.0,IV up; option price down; volume confirms,4115.1008751810205,SMH
SMH260930P00515000,201.0,1.8071298706054684,0.885,21.0,-127475.2005634502,0.0017616217156847,-0.0480924751381425,600.010009765625,9.0,0.9794923925781251,0.255,204.0,-238.4503726059594,7.201251277813347e-05,-0.0006420663471845,606.5599975585938,192.0,0.8276374780273432,0.63,-127236.75019084424,LIKELY_CUSTOMER_BUY,95.0,IV up; option price up,127236.75019084424,SMH
SMH261009C00630000,968.0,0.3389958679199218,4.775,227.0,2978499.076068036,0.0085468310901515,0.1918479061965677,600.010009765625,779.0,0.3396062133789062,3.575,312.0,2755162.770585244,0.0096130737247606,0.2653561543948079,606.5599975585938,189.0,-0.0006103454589843627,1.2000000000000002,223336.30548279174,LIKELY_CUSTOMER_SELL,65.0,IV down; option price up; volume confirms,223336.30548279174,SMH
SMH260930C00660000,194.0,0.7304714453125,0.12,11.0,57443.72665291755,0.0008224772342508,0.0067490141264956,600.010009765625,7.0,0.5976602734375001,0.155,214.0,1492.7097019523603,0.0005796018791787,0.0036814839260337,606.5599975585938,187.0,0.1328111718749999,-0.035,55951.01695096519,LIKELY_CUSTOMER_BUY,65.0,IV up; option price down,-55951.01695096519,SMH
SMH260930C00605000,1296.0,0.4105283557128906,5.5,100.0,13483913.956291655,0.0288997429372897,0.3558457388989038,600.010009765625,1114.0,0.4466608068847656,4.295,526.0,11438296.98823113,0.0279079956770859,0.5503419744974947,606.5599975585938,182.0,-0.036132451171875024,1.205,2045616.9680605251,LIKELY_CUSTOMER_SELL,65.0,IV down; option price up; volume confirms,2045616.9680605251,SMH
SMH261009P00557500,249.0,0.39649041015625,1.375,4.0,-450822.8567041005,0.0050290920903249,-0.1098644020818265,600.010009765625,69.0,0.386602813720703,2.255,198.0,-102482.9981907536,0.0040369670159099,-0.0857910460372327,606.5599975585938,180.0,0.009887596435546986,-0.8799999999999999,-348339.8585133469,LIKELY_CUSTOMER_BUY,65.0,IV up; option price down,348339.8585133469,SMH
SMH261002P00460000,1094.0,1.12891060546875,0.055,60.0,-17327.798739782473,4.399558347781567e-05,-0.0006316766017506,600.010009765625,915.0,0.9414068359375,0.055,439.0,-11686.96505280704,3.471627505898892e-05,-0.0005060866824596,606.5599975585938,179.0,0.18750376953125014,0.0,-5640.833686975433,LIKELY_CUSTOMER_BUY,80.0,IV up,5640.833686975433,SMH
SMH261016P00570000,1798.0,0.3483951879882812,4.725,607.0,-4407040.977382201,0.0068083270551191,-0.2224538485752314,600.010009765625,1623.0,0.3538272625732421,6.525,686.0,-3502118.726380297,0.0058649567609127,-0.1903232566334115,606.5599975585938,175.0,-0.005432074584960922,-1.8000000000000007,-904922.2510019038,LIKELY_CUSTOMER_SELL,95.0,IV down; option price down; volume confirms,-904922.2510019038,SMH
SMH261002P00602500,864.0,0.3708559008789062,5.449999999999999,248.0,-7471137.911000246,0.0240190606870716,-0.5513793617652415,600.010009765625,691.0,0.4105283557128906,9.925,221.0,-4396628.151363827,0.0172939483785737,-0.4176571558894015,606.5599975585938,173.0,-0.039672454833984405,-4.475000000000001,-3074509.759636419,LIKELY_CUSTOMER_SELL,95.0,IV down; option price down; volume confirms,-3074509.759636419,SMH
SMH261009P00570000,1722.0,0.3596255444335937,2.3,119.0,-4629340.840559177,0.0074673931835855,-0.1699636431431578,600.010009765625,1550.0,0.3640810662841797,3.875,212.0,-3473950.459067397,0.0060917825422907,-0.1400902201216065,606.5599975585938,172.0,-0.004455521850586008,-1.5750000000000002,-1155390.3814917803,LIKELY_CUSTOMER_SELL,95.0,IV down; option price down; volume confirms,-1155390.3814917803,SMH
SMH261016C00610000,4285.0,0.3572146798706054,15.925,925.0,13540080.011609426,0.0087771478323326,0.4364613403936947,600.010009765625,4114.0,0.3503482934570311,13.25,752.0,13165487.865004698,0.0086981148757913,0.4950726889694569,606.5599975585938,171.0,0.006866386413574288,2.6750000000000007,374592.14660472795,LIKELY_CUSTOMER_BUY,95.0,IV up; option price up; volume confirms,-374592.14660472795,SMH
SMH261016P00575000,1148.0,0.3419865606689453,5.35,505.0,-3097061.0794119188,0.0074936066245951,-0.2562604904668907,600.010009765625,987.0,0.3461674270629882,7.675,435.0,-2362980.8982990207,0.006507220565146,-0.2184234640465471,606.5599975585938,161.0,-0.004180866394042915,-2.325,-734080.181112898,LIKELY_CUSTOMER_SELL,95.0,IV down; option price down; volume confirms,-734080.181112898,SMH
SMH260930C00625000,195.0,0.4162656030273437,0.405,910.0,382079.3834158731,0.005442544662649,0.0316640203989887,600.010009765625,36.0,0.4101621484375,0.51,212.0,156774.15823461232,0.011836531171842,0.083930232660897,606.5599975585938,159.0,0.0061034545898437376,-0.10499999999999998,225305.2251812608,LIKELY_CUSTOMER_BUY,65.0,IV up; option price down; volume confirms,-225305.2251812608,SMH
SMH261002C00705000,350.0,0.70898728515625,0.14,2.0,15615.151120450604,0.0001239256358741,0.0011746042739854,600.010009765625,194.0,0.5937540625000001,0.06,171.0,19291.992295957905,0.0002702886562829,0.0028823523584236,606.5599975585938,156.0,0.11523322265624991,0.08000000000000002,-3676.841175507301,LIKELY_CUSTOMER_BUY,95.0,IV up; option price up,3676.841175507301,SMH
SMH261002C00622500,1046.0,0.3775697009277343,2.415,89.0,3874371.9370742026,0.0102885135661221,0.097699415948477,600.010009765625,891.0,0.3881897119140625,2.075,346.0,4760991.344090701,0.0145235290315239,0.2388098382946584,606.5599975585938,155.0,-0.010620010986328199,0.33999999999999986,-886619.4070164985,LIKELY_CUSTOMER_SELL,65.0,IV down; option price up; volume confirms,-886619.4070164985,SMH
SMH261009C00622500,283.0,0.3364934515380859,6.775,114.0,1037014.6078557228,0.0101784453063505,0.2574188623306627,600.010009765625,135.0,0.3398503515625,5.225,265.0,533142.2014259236,0.0107340042215523,0.3396101199569982,606.5599975585938,148.0,-0.003356900024414078,1.5500000000000007,503872.40642979916,LIKELY_CUSTOMER_SELL,65.0,IV down; option price up; volume confirms,503872.40642979916,SMH
SMH261002P00562500,2226.0,0.5229539892578124,0.455,212.0,-3285672.441108467,0.0040999835460737,-0.0452614862013205,600.010009765625,2085.0,0.45508357421875,0.9000000000000001,367.0,-2182817.0262814537,0.0028455337611136,-0.0316956476299279,606.5599975585938,141.0,0.06787041503906244,-0.4450000000000001,-1102855.4148270134,LIKELY_CUSTOMER_BUY,65.0,IV up; option price down; volume confirms,1102855.4148270134,SMH
SMH261002P00450000,20306.0,1.1953165234375,0.05,340.0,-238579.00574603703,3.263554361949238e-05,-0.0004864677241221,600.010009765625,20167.0,0.992187578125,0.045,468.0,-186915.33859629475,2.5191620940890692e-05,-0.0003789734288889,606.5599975585938,139.0,0.20312894531250003,0.0050000000000000044,-51663.66714974228,LIKELY_CUSTOMER_BUY,95.0,IV up; option price up; volume confirms,51663.66714974228,SMH
SMH261006P00585000,484.0,0.3566958862304687,3.225,8.0,-2127094.083213434,0.0122074329236225,-0.2771890598083733,600.010009765625,346.0,0.3715883154296875,5.675,189.0,-1233713.2686076665,0.0096914912087374,-0.228454862777016,606.5599975585938,138.0,-0.014892429199218793,-2.4499999999999997,-893380.8146057676,LIKELY_CUSTOMER_SELL,95.0,IV down; option price down,-893380.8146057676,SMH
SMH261016C00580000,3634.0,0.3980773083496094,35.275,94.0,9346989.714324877,0.0071444672625369,0.6807050326371171,600.010009765625,3500.0,0.3790650473022461,30.35,226.0,8589991.171214439,0.0066707880553771,0.7294024096112064,606.5599975585938,134.0,0.01901226104736331,4.924999999999997,756998.5431104377,LIKELY_CUSTOMER_BUY,95.0,IV up; option price up; volume confirms,-756998.5431104377,SMH
SMH261002P00515000,487.0,0.7304714453125,0.08,162.0,-36450.18326987047,0.0002078996526789,-0.0021411940394445,600.010009765625,353.0,0.6543003320312502,0.1699999999999999,167.0,-29070.721881287485,0.0002238378780941,-0.0026045810273063,606.5599975585938,134.0,0.07617111328124981,-0.0899999999999999,-7379.461388582982,LIKELY_CUSTOMER_BUY,65.0,IV up; option price down; volume confirms,7379.461388582982,SMH
SMH261002C00632500,250.0,0.3881897119140625,1.1,68.0,402438.1493208041,0.0044713857994626,0.0349021437450568,600.010009765625,120.0,0.397466962890625,1.03,152.0,423174.1464773267,0.0095849610018011,0.1281892681226663,606.5599975585938,130.0,-0.009277250976562512,0.07000000000000006,-20735.997156522586,LIKELY_CUSTOMER_SELL,65.0,IV down; option price up; volume confirms,-20735.997156522586,SMH
SMH260930P00517500,130.0,1.9223636694335935,1.36,35.0,-97172.92473376656,0.0020762752682527,-0.0640501586431722,600.010009765625,1.0,1.0107471337890623,0.375,130.0,-46.414030872473504,0.00012615421227,-0.0012226722336263,606.5599975585938,129.0,0.9116165356445312,0.9850000000000001,-97126.51070289408,LIKELY_CUSTOMER_BUY,95.0,IV up; option price up,97126.51070289408,SMH
SMH261016P00600000,6386.0,0.3288030987548828,12.95,939.0,-22164748.17064004,0.0096408848534548,-0.4760246430344403,600.010009765625,6258.0,0.3331670687866211,16.775,259.0,-20588216.49142342,0.0089420199994568,-0.4156263304121621,606.5599975585938,128.0,-0.004363970031738329,-3.8249999999999993,-1576531.6792166196,LIKELY_CUSTOMER_SELL,95.0,IV down; option price down; volume confirms,-1576531.6792166196,SMH
SMH260930P00557500,142.0,0.8398453515625,0.26,76.0,-183495.77327543785,0.0035893906676389,-0.0449336654498305,600.010009765625,14.0,0.5302781347656251,0.14,249.0,-1142.7220753296335,0.0002218528697756,-0.0011197361073389,606.5599975585938,128.0,0.3095672167968748,0.12,-182353.05120010822,LIKELY_CUSTOMER_BUY,95.0,IV up; option price up; volume confirms,182353.05120010822,SMH
SMH261005C00605000,185.0,0.3330755169677735,10.125,11.0,1117915.158375701,0.0167849528390392,0.4290064882112312,600.010009765625,58.0,0.355353126220703,7.775,757.0,306700.5776693237,0.0143727234658634,0.5373400425657969,606.5599975585938,127.0,-0.022277609252929487,2.3499999999999996,811214.5807063773,LIKELY_CUSTOMER_SELL,65.0,IV down; option price up,811214.5807063773,SMH
SMH260930C00637500,127.0,0.4804739453125,0.095,8.0,69001.54575942464,0.0015091698057604,0.0083554572528985,600.010009765625,3.0,0.49414568359375,0.235,280.0,4561.109702486918,0.0041323940970591,0.0283042899655489,606.5599975585938,124.0,-0.013671738281250012,-0.13999999999999999,64440.436056937724,LIKELY_CUSTOMER_SELL,95.0,IV down; option price down,64440.436056937724,SMH
SMH260930C00655000,127.0,0.64648791015625,0.09,67.0,32950.44548431997,0.0007206768611339,0.0050670568877936,600.010009765625,4.0,0.5273484765625001,0.105,205.0,765.4183119432205,0.0005201053559943,0.0028399401626504,606.5599975585938,123.0,0.1191394335937499,-0.015,32185.02717237675,LIKELY_CUSTOMER_BUY,65.0,IV up; option price down; volume confirms,-32185.02717237675,SMH
SMH261002P00475000,477.0,1.0488328808593752,0.08,66.0,-14006.61897090842,8.156389261215638e-05,-0.0011408566055948,600.010009765625,355.0,0.85937640625,0.0699999999999999,389.0,-6995.629372481812,5.3561275270966704e-05,-0.0007332392949443,606.5599975585938,122.0,0.1894564746093752,0.010000000000000106,-7010.989598426607,LIKELY_CUSTOMER_BUY,95.0,IV up; option price up; volume confirms,7010.989598426607,SMH
SMH261001C00645000,121.0,0.4448297705078124,0.205,31.0,10538.094347288185,0.0002419132861165,0.0010040498271198,600.010009765625,0.0,0.53320779296875,0.51,262.0,0.0,0.0051575678718048,0.0628212393510916,606.5599975585938,121.0,-0.08837802246093757,-0.30500000000000005,10538.094347288185,LIKELY_CUSTOMER_SELL,95.0,IV down; option price down,10538.094347288185,SMH
SMH261002P00470000,2366.0,1.0742233789062503,0.07,73.0,-55891.05005786146,6.561611868384905e-05,-0.0009237685327063,600.010009765625,2246.0,0.97851583984375,0.155,363.0,-85407.65752518555,0.0001033569126285,-0.0017315237259266,606.5599975585938,120.0,0.09570753906250029,-0.08499999999999999,29516.607467324095,LIKELY_CUSTOMER_BUY,65.0,IV up; option price down; volume confirms,-29516.607467324095,SMH
SMH261002P00535000,1374.0,0.624027197265625,0.145,48.0,-304724.54095301137,0.0006160326172637,-0.0060283081222022,600.010009765625,1254.0,0.5747112841796875,0.37,291.0,-295495.387318708,0.000640480097351,-0.0073080591638169,606.5599975585938,120.0,0.049315913085937524,-0.225,-9229.153634303366,LIKELY_CUSTOMER_BUY,65.0,IV up; option price down,9229.153634303366,SMH
SMH261002P00540000,1092.0,0.5722699023437501,0.125,41.0,-261805.7452213406,0.0006659468102855,-0.0059696156355688,600.010009765625,980.0,0.5288133056640626,0.345,662.0,-242780.03672128305,0.0006733476773657,-0.0070381942959565,606.5599975585938,112.0,0.04345659667968749,-0.21999999999999997,-19025.708500057546,LIKELY_CUSTOMER_BUY,65.0,IV up; option price down,19025.708500057546,SMH
SMH260930P00595000,198.0,0.3647524462890625,0.7150000000000001,964.0,-2238883.349353939,0.0314086510788157,-0.3247448054158934,600.010009765625,86.0,0.4185849157714844,4.075,239.0,-636814.1228232553,0.0201264280201312,-0.1856054476938238,606.5599975585938,112.0,-0.053832469482421874,-3.3600000000000003,-1602069.2265306837,LIKELY_CUSTOMER_SELL,95.0,IV down; option price down; volume confirms,-1602069.2265306837,SMH
SMH261016P00485000,910.0,0.5510298803710938,0.74,205.0,-300409.61837104324,0.0009169706812849,-0.0275949123105557,600.010009765625,798.0,0.4956105126953125,0.5349999999999999,205.0,-174437.54016521052,0.0005941410122579,-0.0153120009193893,606.5599975585938,112.0,0.05541936767578132,0.20500000000000007,-125972.07820583272,LIKELY_CUSTOMER_BUY,95.0,IV up; option price up; volume confirms,125972.07820583272,SMH
SMH261002P00480000,1011.0,1.0078174609375,0.08,381.0,-32762.61336353657,9.001406813190472e-05,-0.0012163751405973,600.010009765625,901.0,0.8300798242187499,0.075,162.0,-20186.015422461183,6.08945294751061e-05,-0.0008117077854177,606.5599975585938,110.0,0.17773763671874998,0.0050000000000000044,-12576.597941075386,LIKELY_CUSTOMER_BUY,95.0,IV up; option price up; volume confirms,12576.597941075386,SMH
SMH261002C00630000,1307.0,0.3670717590332031,1.15,775.0,2389730.633550148,0.0050787445806064,0.0380856350033271,600.010009765625,1199.0,0.3983214465332031,1.235,301.0,4761995.452017159,0.0107949904515352,0.153199018314301,606.5599975585938,108.0,-0.031249687500000012,-0.08500000000000019,-2372264.818467011,LIKELY_CUSTOMER_SELL,95.0,IV down; option price down; volume confirms,-2372264.818467011,SMH
SMH261002P00565000,636.0,0.5065967309570312,0.415,320.0,-1079205.1234122545,0.0047133521823848,-0.051782366947272,600.010009765625,530.0,0.4460504614257812,1.035,255.0,-646413.5902687554,0.0033150270632054,-0.0372489674785025,606.5599975585938,106.0,0.060546269531249974,-0.6199999999999999,-432791.53314349905,LIKELY_CUSTOMER_BUY,65.0,IV up; option price down; volume confirms,432791.53314349905,SMH
SMH261005C00645000,106.0,0.3858703991699218,1.08,165.0,164778.50221696805,0.0043179508483732,0.0586447991448889,600.010009765625,2.0,0.3858703991699218,0.88,165.0,4738.798440161108,0.0064400718175878,0.1142967045516106,606.5599975585938,104.0,0.0,0.20000000000000007,160039.70377680694,LIKELY_CUSTOMER_BUY,65.0,option price up; volume confirms,-160039.70377680694,SMH
SMH261001P00567500,167.0,0.5224657128906249,0.38,102.0,-177074.23979760893,0.0029452483650475,-0.0199557398999226,600.010009765625,65.0,0.5101367346191408,0.99,102.0,-84317.1674082574,0.0035257792774756,-0.0369380662290228,606.5599975585938,102.0,0.012328978271484159,-0.61,-92757.07238935152,LIKELY_CUSTOMER_BUY,65.0,IV up; option price down; volume confirms,92757.07238935152,SMH
SMH261002P00542500,249.0,0.5742230078125,0.1649999999999999,19.0,-79308.21739736013,0.0008847118616095,-0.0082680517821884,600.010009765625,149.0,0.5214891601562499,0.3949999999999999,106.0,-43698.1789348073,0.0007971307075473,-0.008391534579012,606.5599975585938,100.0,0.05273384765625011,-0.23,-35610.03846255283,LIKELY_CUSTOMER_BUY,65.0,IV up; option price down,35610.03846255283,SMH
SMH261016P00585000,3403.0,0.3524845025634765,8.075,173.0,-10172889.154907288,0.0083035799588167,-0.3431258340745925,600.010009765625,3304.0,0.3474186352539062,10.875,216.0,-9191481.07173323,0.0075613253935712,-0.2928635745119822,606.5599975585938,99.0,0.0050658673095703155,-2.8000000000000007,-981408.0831740573,LIKELY_CUSTOMER_BUY,65.0,IV up; option price down; volume confirms,981408.0831740573,SMH
SMH261002P00517500,341.0,0.7226590234375,0.09,8.0,-30586.143119306827,0.0002491456713188,-0.0025841865532257,600.010009765625,242.0,0.6826203613281252,0.28,101.0,-32036.644680045032,0.0003598190294827,-0.004631890673274,606.5599975585938,99.0,0.04003866210937479,-0.19000000000000003,1450.5015607382047,LIKELY_CUSTOMER_BUY,65.0,IV up; option price down,-1450.5015607382047,SMH
SMH261009P00572500,230.0,0.3565738171386718,2.64,39.0,-665341.7876217087,0.0080352607301857,-0.1883928909507286,600.010009765625,133.0,0.3667055517578125,4.35,190.0,-321434.6671587986,0.0065689134921178,-0.1585302564866753,606.5599975585938,97.0,-0.010131734619140687,-1.7099999999999995,-343907.1204629101,LIKELY_CUSTOMER_SELL,95.0,IV down; option price down,-343907.1204629101,SMH
SMH261002P00510000,1273.0,0.7656273437500001,0.075,305.0,-80201.6580715176,0.0001749999610263,-0.0018652494440052,600.010009765625,1177.0,0.6816438085937502,0.155,143.0,-81217.80068862363,0.0001875543889309,-0.0022413072470833,606.5599975585938,96.0,0.0839835351562499,-0.08,1016.1426171060302,LIKELY_CUSTOMER_BUY,65.0,IV up; option price down; volume confirms,-1016.1426171060302,SMH
SMH260930C00602500,147.0,0.4290828576660156,7.0,14.0,1544691.1388162356,0.0291882010604388,0.433179894796545,600.010009765625,53.0,0.3956359265136719,4.475,159.0,584540.5720907002,0.0299772134310572,0.6330552360686528,606.5599975585938,94.0,0.033446931152343706,2.5250000000000004,960150.5667255354,LIKELY_CUSTOMER_BUY,95.0,IV up; option price up,-960150.5667255354,SMH
SMH260930P00612500,94.0,0.4237118176269531,7.125,14.0,-668793.6534736463,0.0197627464284764,-0.8193607674969614,600.010009765625,1.0,0.4771780798339844,14.65,112.0,-9036.278878584644,0.0245607766089576,-0.6455375422927713,606.5599975585938,93.0,-0.05346626220703132,-7.525,-659757.3745950616,LIKELY_CUSTOMER_SELL,95.0,IV down; option price down,-659757.3745950616,SMH
SMH261016C00625000,11856.0,0.3419865606689453,9.9,1418.0,34809012.192773364,0.0081552356960199,0.3051642498845709,600.010009765625,11765.0,0.3393620751953125,7.9,236.0,36602458.29379129,0.0084561132805459,0.364351280409221,606.5599975585938,91.0,0.0026244854736328094,2.0,-1793446.1010179222,LIKELY_CUSTOMER_BUY,95.0,IV up; option price up; volume confirms,1793446.1010179222,SMH
SMH261009C00680000,927.0,0.3864807446289062,0.475,17.0,479636.50060731615,0.0014371943470911,0.0219244017528471,600.010009765625,838.0,0.41211525390625,0.385,120.0,793508.8540806286,0.002573713660971,0.0520511897845011,606.5599975585938,89.0,-0.025634509277343787,0.08999999999999997,-313872.35347331245,LIKELY_CUSTOMER_SELL,65.0,IV down; option price up,-313872.35347331245,SMH
SMH261009C00610000,560.0,0.3446110461425781,11.575,115.0,2394906.5594037147,0.0118791004624279,0.3974836658650152,600.010009765625,471.0,0.3448551843261719,9.15,197.0,1994078.00063882,0.0115073071264996,0.4795288472670727,606.5599975585938,89.0,-0.00024413818359381168,2.424999999999999,400828.5587648947,LIKELY_CUSTOMER_SELL,65.0,IV down; option price up; volume confirms,400828.5587648947,SMH
SMH260930P00550000,136.0,0.79883013671875,0.075,60.0,-84957.10932654046,0.001735177179908,-0.0176497069503811,600.010009765625,48.0,0.63086306640625,0.325,227.0,-4097.063914593709,0.0002319978557892,-0.001421712432294,606.5599975585938,88.0,0.16796707031250002,-0.25,-80860.04541194675,LIKELY_CUSTOMER_BUY,65.0,IV up; option price down; volume confirms,80860.04541194675,SMH
SMH260930P00585000,161.0,0.420904228515625,0.15,218.0,-886480.2805334668,0.0152941805223285,-0.1218213289718145,600.010009765625,73.0,0.3942931665039063,1.425,186.0,-178938.8014135419,0.0066624526143094,-0.0384255214486967,606.5599975585938,88.0,0.0266110620117187,-1.2750000000000001,-707541.479119925,LIKELY_CUSTOMER_BUY,65.0,IV up; option price down; volume confirms,707541.479119925,SMH
SMH261007P00545000,287.0,0.5222215747070311,0.84,6.0,-368381.9185759894,0.0035653274050975,-0.0843452103296811,600.010009765625,200.0,0.458135301513672,1.205,325.0,-190651.99196924813,0.002590978569678,-0.0521151480970103,606.5599975585938,87.0,0.06408627319335913,-0.3650000000000001,-177729.92660674124,LIKELY_CUSTOMER_BUY,65.0,IV up; option price down,177729.92660674124,SMH
SMH261016P00540000,11096.0,0.3870910900878905,1.64,673.0,-12955724.100595174,0.0032432337559597,-0.086537905025456,600.010009765625,11010.0,0.3912414392089843,2.405,520.0,-11174065.056296458,0.0027585213264509,-0.0748070238898884,606.5599975585938,86.0,-0.004150349121093799,-0.7649999999999999,-1781659.044298716,LIKELY_CUSTOMER_SELL,95.0,IV down; option price down; volume confirms,-1781659.044298716,SMH
SMH261002P00580000,1409.0,0.41211525390625,0.98,2261.0,-5810440.047464634,0.0114546293309659,-0.1283370412964016,600.010009765625,1324.0,0.4035704174804688,2.575,916.0,-4003724.3446040503,0.0082191830545882,-0.1054543198208396,606.5599975585938,85.0,0.008544836425781188,-1.5950000000000002,-1806715.702860584,LIKELY_CUSTOMER_BUY,65.0,IV up; option price down; volume confirms,1806715.702860584,SMH
SMH261002C00615000,1995.0,0.3770814245605468,4.25,849.0,11797032.54808016,0.0164252839591948,0.1942812828780257,600.010009765625,1910.0,0.3731752136230468,3.39,306.0,12700881.503819635,0.0180739454119991,0.3512992083159543,606.5599975585938,85.0,0.0039062109374999876,0.8599999999999999,-903848.9557394758,LIKELY_CUSTOMER_BUY,95.0,IV up; option price up; volume confirms,903848.9557394758,SMH
SMH261002C00620000,2550.0,0.3717103845214844,2.935,1131.0,11197060.919223098,0.0121968271554688,0.1211278447632627,600.010009765625,2466.0,0.3829407409667968,2.3600000000000003,1427.0,14318503.487413855,0.0157818178553049,0.2727765145051853,606.5599975585938,84.0,-0.011230356445312395,0.5749999999999997,-3121442.568190757,LIKELY_CUSTOMER_SELL,65.0,IV down; option price up; volume confirms,-3121442.568190757,SMH
SMH261001P00595000,108.0,0.3908752319335937,2.2,173.0,-1154252.494117312,0.0296865736220315,-0.3352652737154924,600.010009765625,24.0,0.4251766467285156,5.35,112.0,-150920.69255110034,0.0170918871640545,-0.2630111670049628,606.5599975585938,84.0,-0.03430141479492188,-3.1499999999999995,-1003331.8015662115,LIKELY_CUSTOMER_SELL,95.0,IV down; option price down; volume confirms,-1003331.8015662115,SMH
SMH261016C00617500,230.0,0.3591983026123047,13.1,55.0,695270.7733787139,0.0083967098506554,0.3740521529307901,600.010009765625,148.0,0.3430241479492187,10.35,122.0,476061.5476834168,0.0087428667248565,0.4288573062551915,606.5599975585938,82.0,0.01617415466308597,2.75,219209.22569529706,LIKELY_CUSTOMER_BUY,95.0,IV up; option price up; volume confirms,-219209.22569529706,SMH
SMH260930P00592500,99.0,0.3801331518554687,0.47,892.0,-965153.263606912,0.0270797155224342,-0.2583349408252484,600.010009765625,17.0,0.3958800646972656,3.17,258.0,-102778.26042106935,0.01643254425969,-0.1255940220558429,606.5599975585938,82.0,-0.015746912841796912,-2.7,-862375.0031858427,LIKELY_CUSTOMER_SELL,95.0,IV down; option price down; volume confirms,-862375.0031858427,SMH
SMH261002P00465000,818.0,1.078129609375,0.05,36.0,-13027.45585368409,4.423737161084621e-05,-0.0006045435971303,600.010009765625,737.0,0.914063359375,0.06,430.0,-10857.85195471693,4.004321115821957e-05,-0.0005720169007893,606.5599975585938,81.0,0.16406624999999986,-0.009999999999999995,-2169.6038989671597,LIKELY_CUSTOMER_BUY,65.0,IV up; option price down,2169.6038989671597,SMH
SMH261005P00585000,260.0,0.3256903369140624,2.28,81.0,-1279644.1712903515,0.013670955939081,-0.2425739101958022,600.010009765625,179.0,0.3611514080810546,4.65,95.0,-668924.0779558027,0.0101572529277107,-0.2064031301672348,606.5599975585938,81.0,-0.03546107116699221,-2.3700000000000006,-610720.0933345489,LIKELY_CUSTOMER_SELL,95.0,IV down; option price down; volume confirms,-610720.0933345489,SMH
SMH261009P00567500,696.0,0.3537662280273437,1.94,29.0,-1731209.533220114,0.0069091306326894,-0.1472468018392392,600.010009765625,616.0,0.3684145190429688,3.475,175.0,-1276339.4042701356,0.0056316795451166,-0.1271416751811935,606.5599975585938,80.0,-0.014648291015625092,-1.5350000000000001,-454870.1289499784,LIKELY_CUSTOMER_SELL,95.0,IV down; option price down,-454870.1289499784,SMH
SMH261002P00485000,396.0,0.937500625,0.06,63.0,-11038.949966439912,7.743112830609642e-05,-0.0009538459350945,600.010009765625,316.0,0.8261736132812498,0.105,145.0,-10427.844561449536,8.969328610631487e-05,-0.001231464512559,606.5599975585938,80.0,0.11132701171875015,-0.045,-611.105404990376,LIKELY_CUSTOMER_BUY,65.0,IV up; option price down; volume confirms,611.105404990376,SMH
SMH260930C00612500,202.0,0.3978331701660156,2.135,279.0,1445384.1369044846,0.0198753563199917,0.165098886399102,600.010009765625,124.0,0.3861145373535155,1.8,130.0,1331512.4119512858,0.029186095777492,0.3203678977428755,606.5599975585938,78.0,0.01171863281250013,0.33499999999999974,113871.7249531988,LIKELY_CUSTOMER_BUY,95.0,IV up; option price up; volume confirms,-113871.7249531988,SMH
SMH260930P00545000,117.0,1.0888717431640624,0.375,2.0,-112406.72043021242,0.0026686365141099,-0.0429329687248504,600.010009765625,39.0,0.694338994140625,0.35,87.0,-3194.3132112634253,0.0002226206056691,-0.0015093874081574,606.5599975585938,78.0,0.3945327490234374,0.025000000000000022,-109212.407218949,LIKELY_CUSTOMER_BUY,95.0,IV up; option price up,109212.407218949,SMH
SMH261005P00530000,86.0,0.5268602001953125,0.32,3.0,-40684.70465106438,0.0013140616021912,-0.0200979696430729,600.010009765625,8.0,0.5449264257812501,0.525,82.0,-3936.559389617991,0.0013374553435573,-0.0241023432318482,606.5599975585938,78.0,-0.018066225585937512,-0.20500000000000002,-36748.145261446385,LIKELY_CUSTOMER_SELL,95.0,IV down; option price down,-36748.145261446385,SMH
SMH261009C00635000,257.0,0.3394231097412109,3.725,33.0,687281.6699112072,0.0074282181012062,0.1542767592556991,600.010009765625,179.0,0.3373479351806641,2.88,115.0,575349.9476837179,0.0087363800065734,0.2197423406662787,606.5599975585938,78.0,0.002075174560546844,0.8450000000000002,111931.72222748923,LIKELY_CUSTOMER_BUY,95.0,IV up; option price up,-111931.72222748923,SMH
SMH261002P00360000,293.0,1.6875015625,0.005,289.0,-100.63428039482892,9.540284672637863e-07,-1.6353629685439408e-05,600.010009765625,217.0,1.40625296875,0.005,264.0,-72.41136545591374,9.069836798712884e-07,-1.602476759166027e-05,606.5599975585938,76.0,0.28124859375,0.0,-28.22291493891518,LIKELY_CUSTOMER_BUY,80.0,IV up; volume confirms,28.22291493891518,SMH
SMH261002P00555000,341.0,0.5092822509765625,0.14,114.0,-242181.94290667327,0.0019727424445578,-0.018169263587264,600.010009765625,266.0,0.4875539526367188,0.5650000000000001,211.0,-182031.5881062781,0.0018600199002683,-0.0207088123617859,606.5599975585938,75.0,0.021728298339843743,-0.42500000000000004,-60150.35480039517,LIKELY_CUSTOMER_BUY,65.0,IV up; option price down; volume confirms,60150.35480039517,SMH
SMH261002P00365000,210.0,3.135744348144531,1.95,280.0,-16907.59277063106,0.0002236379450786,-0.0119614629213237,600.010009765625,136.0,2.6679720800781253,1.95,284.0,-11520.400420595955,0.0002302401901739,-0.0131366783410284,606.5599975585938,74.0,0.4677722680664056,0.0,-5387.192350035106,LIKELY_CUSTOMER_BUY,80.0,IV up; volume confirms,5387.192350035106,SMH
SMH261016C00635000,1996.0,0.3349370706176757,6.9,340.0,5149912.278008593,0.0071667507945411,0.2271764833093585,600.010009765625,1922.0,0.344733115234375,5.65,110.0,5363066.480549489,0.0075842434734454,0.2899074606178902,606.5599975585938,74.0,-0.009796044616699306,1.25,-213154.2025408959,LIKELY_CUSTOMER_SELL,65.0,IV down; option price up; volume confirms,-213154.2025408959,SMH
SMH260930P00560000,321.0,0.8398453515625,0.34,12.0,-490417.90810568014,0.004243696307437,-0.0554326252774298,600.010009765625,249.0,0.5097705273437501,0.15,146.0,-24294.49908152297,0.0002651923984579,-0.0013033754034021,606.5599975585938,72.0,0.3300748242187499,0.19000000000000003,-466123.40902415715,LIKELY_CUSTOMER_BUY,95.0,IV up; option price up,466123.40902415715,SMH
SMH261002P00592500,842.0,0.3802552209472656,2.495,1197.0,-6413635.125818142,0.0211580269680603,-0.319414277221665,600.010009765625,770.0,0.4146176702880859,5.6,355.0,-4009162.256727211,0.0141519204053255,-0.2573729664193659,606.5599975585938,72.0,-0.03436244934082028,-3.1049999999999995,-2404472.8690909306,LIKELY_CUSTOMER_SELL,95.0,IV down; option price down; volume confirms,-2404472.8690909306,SMH
SMH260930P00552500,88.0,0.7460962890625,0.06,120.0,-55256.19871771356,0.0017441399965863,-0.0163930284319464,600.010009765625,18.0,0.6064492480468751,0.335,148.0,-1716.62767259184,0.0002592125792399,-0.001537515935767,606.5599975585938,70.0,0.13964704101562497,-0.275,-53539.57104512172,LIKELY_CUSTOMER_BUY,65.0,IV up; option price down; volume confirms,53539.57104512172,SMH
SMH261007P00582500,73.0,0.3594424407958984,3.175,69.0,-286892.84189930564,0.0109164105671672,-0.2626189656338977,600.010009765625,4.0,0.3564517480468749,5.325,69.0,-13212.437909510469,0.0089779139266128,-0.2089772374359884,606.5599975585938,69.0,0.0029906927490234714,-2.1500000000000004,-273680.4039897952,LIKELY_CUSTOMER_BUY,65.0,IV up; option price down; volume confirms,273680.4039897952,SMH
SMH260930P00482500,70.0,2.7861358471679694,1.95,10.0,-33591.46792781226,0.0013329502836027,-0.058406589750065,600.010009765625,1.0,1.6279315478515624,0.905,70.0,-68.51008604949182,0.000186211707444,-0.003173505474596,606.5599975585938,69.0,1.158204299316407,1.045,-33522.95784176276,LIKELY_CUSTOMER_BUY,95.0,IV up; option price up,33522.95784176276,SMH
SMH260930P00600000,172.0,0.3725648681640625,1.6549999999999998,566.0,-2110981.2323453883,0.0340909366820094,-0.4935271915989072,600.010009765625,104.0,0.3981993774414062,5.65,147.0,-1045086.1041255964,0.0273131131118183,-0.2954970049573328,606.5599975585938,68.0,-0.02563450927734373,-3.9950000000000006,-1065895.128219792,LIKELY_CUSTOMER_SELL,95.0,IV down; option price down; volume confirms,-1065895.128219792,SMH
SMH261002P00547500,257.0,0.5419967675781252,0.185,15.0,-106825.00749091084,0.0011545767754987,-0.0104926436452948,600.010009765625,189.0,0.5449264257812501,0.445,94.0,-101008.84619463464,0.0014526134980867,-0.0176480676261323,606.5599975585938,68.0,-0.002929658203124852,-0.26,-5816.161296276201,LIKELY_CUSTOMER_SELL,95.0,IV down; option price down,-5816.161296276201,SMH
SMH261002P00507500,128.0,0.922852333984375,0.27,30.0,-20275.25642033272,0.0004399865437365,-0.0064125199108006,600.010009765625,61.0,0.7216824707031251,0.1949999999999999,68.0,-4961.541156587399,0.0002210747958049,-0.0028636530859168,606.5599975585938,67.0,0.20116986328124997,0.07500000000000012,-15313.715263745322,LIKELY_CUSTOMER_BUY,95.0,IV up; option price up,15313.715263745322,SMH
SMH261009P00515000,690.0,0.4877980908203125,0.31,84.0,-266025.165477492,0.0010709190399936,-0.0203905643901263,600.010009765625,625.0,0.4702201416015625,0.395,66.0,-190393.76179996209,0.0008279901431356,-0.0155634054429816,606.5599975585938,65.0,0.01757794921875,-0.08500000000000002,-75631.40367752989,LIKELY_CUSTOMER_BUY,65.0,IV up; option price down; volume confirms,75631.40367752989,SMH
MU261002P00620000,3075.0,1.859375703125,0.025,7.0,-4232.913657682324,1.2391662203273452e-06,-4.326738750370929e-05,1053.97998046875,192.0,1.7265638671875,0.0699999999999999,3061.0,-704.1698682771281,3.131099864024876e-06,-0.0001365997619433,1082.280029296875,2883.0,0.1328118359374999,-0.044999999999999894,-3528.743789405196,LIKELY_CUSTOMER_BUY,65.0,IV up; option price down,3528.743789405196,MU
MU261002C01200000,8413.0,1.12109814453125,6.8,10329.0,13440785.653791212,0.0014381660838508,0.0643394086876547,1053.97998046875,5673.0,0.9926758544921876,5.925000000000001,11648.0,14884697.239476798,0.0022399995564098,0.1359616577048606,1082.280029296875,2740.0,0.12842229003906236,0.8749999999999991,-1443911.5856855866,LIKELY_CUSTOMER_BUY,95.0,IV up; option price up; volume confirms,1443911.5856855866,MU
MU261002C01250000,4349.0,1.171268792114258,3.525,4361.0,3329678.8318469985,0.0006892046734871,0.027337256201139,1053.97998046875,2137.0,1.0336962377929688,3.05,4136.0,3259098.702796461,0.0013020081471459,0.0685073357602544,1082.280029296875,2212.0,0.13757255432128912,0.4750000000000001,70580.12905053748,LIKELY_CUSTOMER_BUY,95.0,IV up; option price up; volume confirms,-70580.12905053748,MU
MU261002C01100000,10884.0,1.0717209500122076,26.775,14717.0,51003445.76440326,0.0042183854555831,0.3098498619785738,1053.97998046875,9048.0,0.9632266860961914,24.125,9188.0,44308956.250715934,0.0041808023689053,0.4449048440269008,1082.280029296875,1836.0,0.10849426391601613,2.6499999999999986,6694489.5136873275,LIKELY_CUSTOMER_BUY,95.0,IV up; option price up; volume confirms,-6694489.5136873275,MU
MU261030P00795000,1488.0,0.6491123956298828,4.575,20.0,-896399.0204885879,0.0005422926501489,-0.0519749016323789,1053.97998046875,29.0,0.6419103192138673,5.275,1461.0,-14205.799450860646,0.0004182042017422,-0.0391442856303879,1082.280029296875,1459.0,0.007202076416015446,-0.7000000000000002,-882193.2210377273,LIKELY_CUSTOMER_BUY,65.0,IV up; option price down,882193.2210377273,MU
MU261002P01000000,3856.0,0.9935303381347658,13.275,7523.0,-16583633.754975894,0.00387148828062,-0.2252428430175164,1053.97998046875,2559.0,0.9211433666992188,18.225,3949.0,-8084787.753965959,0.0026972366220044,-0.1604724835253512,1082.280029296875,1297.0,0.07238697143554695,-4.950000000000001,-8498846.001009936,LIKELY_CUSTOMER_BUY,65.0,IV up; option price down; volume confirms,8498846.001009936,MU
MU261002P01010000,1606.0,1.0000660348510744,16.225,557.0,-7546776.676498682,0.0042301058405779,-0.2690318997257698,1053.97998046875,522.0,0.9248359567260744,21.65,1653.0,-1840778.69444912,0.0030105911914476,-0.1920916469108042,1082.280029296875,1084.0,0.07523007812499993,-5.424999999999997,-5705997.982049562,LIKELY_CUSTOMER_BUY,65.0,IV up; option price down; volume confirms,5705997.982049562,MU
MU261016C01500000,7229.0,0.8098163549804687,2.085,225.0,2493814.6811061907,0.0003105426314848,0.023504750905193,1053.97998046875,6166.0,0.8012715185546875,1.98,1235.0,3100502.966483746,0.0004292885858223,0.0367060890828397,1082.280029296875,1063.0,0.008544836425781188,0.10499999999999998,-606688.2853775555,LIKELY_CUSTOMER_BUY,95.0,IV up; option price up,606688.2853775555,MU
MU261002C01730000,3067.0,1.6640641796875002,0.035,391.0,4124.617789087677,1.2106126587571798e-06,3.753719264377576e-05,1053.97998046875,2045.0,1.5507834960937497,0.07,1281.0,30559.109137930405,1.275757375222377e-05,0.0005500547083456,1082.280029296875,1022.0,0.11328068359375054,-0.035,-26434.491348842726,LIKELY_CUSTOMER_BUY,65.0,IV up; option price down,26434.491348842726,MU
MU261002P01060000,1324.0,1.0390062698364262,37.425,2172.0,-7234538.096826356,0.0049187879351375,-0.5130620977420357,1053.97998046875,360.0,0.940430283203125,44.575,2559.0,-1747798.38026502,0.0041448569101128,-0.3857321305788246,1082.280029296875,964.0,0.09857598663330114,-7.150000000000006,-5486739.716561336,LIKELY_CUSTOMER_BUY,65.0,IV up; option price down; volume confirms,5486739.716561336,MU
MU261002C01150000,5114.0,1.0910079629516605,13.725,6284.0,15560226.438068874,0.0027389901174793,0.1499831911021336,1053.97998046875,4176.0,0.9677737597656252,12.025,5457.0,16700464.630036058,0.003414198557646,0.2597473444994247,1082.280029296875,938.0,0.12323420318603528,1.6999999999999993,-1140238.1919671837,LIKELY_CUSTOMER_BUY,95.0,IV up; option price up; volume confirms,1140238.1919671837,MU
MU261002P00950000,3676.0,0.9890137817382813,4.325,3067.0,-7289920.621047335,0.0017851823030384,-0.0723723112095988,1053.97998046875,2751.0,0.9180916394042968,6.85,2838.0,-3893293.1785313566,0.0012082233621916,-0.0535033074941543,1082.280029296875,925.0,0.07092214233398442,-2.5249999999999995,-3396627.442515978,LIKELY_CUSTOMER_BUY,65.0,IV up; option price down; volume confirms,3396627.442515978,MU
MU261002C01050000,5256.0,1.0463914868164066,48.0,5840.0,28415832.56225461,0.0048667642006861,0.5360160694605276,1053.97998046875,4378.0,0.9536137451171874,43.900000000000006,8211.0,20205415.931375105,0.003940149933125,0.6544159191786861,1082.280029296875,878.0,0.09277774169921915,4.099999999999994,8210416.6308795065,LIKELY_CUSTOMER_BUY,95.0,IV up; option price up; volume confirms,-8210416.6308795065,MU
MU261002P00780000,1766.0,1.379885913085937,0.235,508.0,-80666.45327131044,4.111852614610152e-05,-0.0013481872956955,1053.97998046875,892.0,1.2334022705078125,0.39,945.0,-39668.09009651048,3.796620139168208e-05,-0.0014042867577476,1082.280029296875,874.0,0.14648364257812463,-0.15500000000000003,-40998.36317479996,LIKELY_CUSTOMER_BUY,65.0,IV up; option price down; volume confirms,40998.36317479996,MU
MU261002C01060000,3726.0,1.0512132400512697,42.975,2090.0,20123839.70552789,0.0048618692481539,0.4874477384565716,1053.97998046875,2878.0,0.9522099505615234,39.075,3738.0,13809930.969122546,0.0040965798891749,0.6132991512876389,1082.280029296875,848.0,0.09900328948974635,3.8999999999999986,6313908.736405345,LIKELY_CUSTOMER_BUY,95.0,IV up; option price up; volume confirms,-6313908.736405345,MU
MU261002P01050000,2333.0,1.0293627633666995,32.275000000000006,4183.0,-12821436.431189928,0.0049471744040847,-0.4638947074712269,1053.97998046875,1488.0,0.9378057977294922,39.225,4496.0,-6968552.121264118,0.0039981614925047,-0.3436501090176813,1082.280029296875,845.0,0.09155696563720728,-6.949999999999996,-5852884.30992581,LIKELY_CUSTOMER_BUY,65.0,IV up; option price down; volume confirms,5852884.30992581,MU
MU261005C01185000,823.0,0.8435074243164062,10.375,46.0,1847143.2931196413,0.0020203938060634,0.1288358144934075,1053.97998046875,16.0,0.7885763330078125,8.825,930.0,48024.69063407095,0.0025625084359048,0.2005209953927363,1082.280029296875,807.0,0.05493109130859375,1.5500000000000007,1799118.6024855704,LIKELY_CUSTOMER_BUY,95.0,IV up; option price up,-1799118.6024855704,MU
MU261002P00800000,4025.0,1.2988316308593748,0.27,1238.0,-249173.7154970585,5.572776422483127e-05,-0.001760816357134,1053.97998046875,3284.0,1.1767619287109374,0.495,2393.0,-204610.53512319605,5.3191906100837806e-05,-0.0019311629978299,1082.280029296875,741.0,0.12206970214843738,-0.22499999999999998,-44563.180373862444,LIKELY_CUSTOMER_BUY,65.0,IV up; option price down; volume confirms,44563.180373862444,MU
MU261016C02240000,858.0,1.0625046875000002,0.055,43.0,7730.676164269774,8.110833188992943e-06,0.0005379595550007,1053.97998046875,126.0,1.2080117724609374,0.3,1232.0,6187.29613609523,4.192287595996742e-05,0.0039931080965068,1082.280029296875,732.0,-0.14550708496093723,-0.245,1543.3800281745434,LIKELY_CUSTOMER_SELL,95.0,IV down; option price down,1543.3800281745434,MU
MU261002P00900000,3554.0,1.0463914868164066,1.41,3109.0,-2215366.7072943226,0.0005611299862518,-0.0187381280649194,1053.97998046875,2849.0,0.9570316796875,2.395,2071.0,-1337871.9846599645,0.0004009062445486,-0.0148968100525158,1082.280029296875,705.0,0.08935980712890657,-0.9850000000000001,-877494.7226343581,LIKELY_CUSTOMER_BUY,65.0,IV up; option price down; volume confirms,877494.7226343581,MU
MU261002P00970000,1215.0,0.9848634326171876,6.9,1011.0,-3499725.9038636163,0.00259294336106,-0.1193171604476784,1053.97998046875,560.0,0.9150399121093752,10.325,2030.0,-1146949.464580909,0.001748545615504,-0.0860086369835683,1082.280029296875,655.0,0.06982352050781238,-3.424999999999999,-2352776.439282707,LIKELY_CUSTOMER_BUY,65.0,IV up; option price down; volume confirms,2352776.439282707,MU
MU261016C01550000,1339.0,0.8352067260742186,1.5699999999999998,68.0,348966.82322802814,0.0002346058510483,0.0175106793397924,1053.97998046875,692.0,0.825929475097656,1.5,811.0,267650.6244124048,0.0003302044159766,0.0277126334190823,1082.280029296875,647.0,0.009277250976562623,0.06999999999999984,81316.19881562336,LIKELY_CUSTOMER_BUY,95.0,IV up; option price up,-81316.19881562336,MU
MU261005C01200000,993.0,0.8503432934570312,8.55,509.0,1924564.708042524,0.0017446910988394,0.1059417080882718,1053.97998046875,347.0,0.7925435784912109,7.175,947.0,931079.7585380662,0.0022907522459493,0.1688194375709766,1082.280029296875,646.0,0.05779971496582026,1.3750000000000009,993484.9495044579,LIKELY_CUSTOMER_BUY,95.0,IV up; option price up; volume confirms,-993484.9495044579,MU
MU261002C01195000,825.0,1.1201215869140624,7.35,663.0,1419356.4659025404,0.0015487196485109,0.0707304791146479,1053.97998046875,181.0,0.9882203326416016,6.325,1753.0,498735.2384750349,0.0023524055228486,0.145165003611168,1082.280029296875,644.0,0.1319012542724608,1.0249999999999995,920621.2274275054,LIKELY_CUSTOMER_BUY,95.0,IV up; option price up; volume confirms,-920621.2274275054,MU
MU261002P00940000,1200.0,0.9971924108886718,3.45,1155.0,-1930034.8059273283,0.0014478353341209,-0.055878072853724,1053.97998046875,563.0,0.9198006066894532,5.5,1084.0,-646164.7706409086,0.0009798409640437,-0.0412946810251483,1082.280029296875,637.0,0.07739180419921865,-2.05,-1283870.0352864196,LIKELY_CUSTOMER_BUY,65.0,IV up; option price down; volume confirms,1283870.0352864196,MU
MU261002C01300000,3978.0,1.232181573486328,1.95,3893.0,1452209.4403898136,0.0003286243598527,0.0121588238994911,1053.97998046875,3365.0,1.0913131372070315,1.74,3027.0,2907044.902256341,0.0007375430618727,0.0359442187792012,1082.280029296875,613.0,0.14086843627929646,0.20999999999999996,-1454835.4618665276,LIKELY_CUSTOMER_BUY,95.0,IV up; option price up; volume confirms,1454835.4618665276,MU
MU261002P00655000,670.0,1.765626171875,0.045,23.0,-2239.0493493563795,3.0083207497121686e-06,-0.0001049978246718,1053.97998046875,63.0,1.7089858300781249,0.18,628.0,-707.4758494203711,9.587199845469398e-06,-0.0004487003875391,1082.280029296875,607.0,0.05664034179687505,-0.135,-1531.5734999360084,LIKELY_CUSTOMER_BUY,65.0,IV up; option price down,1531.5734999360084,MU
MU261005P01060000,667.0,0.7890951266479492,40.375,273.0,-3036550.427116786,0.0040981697193256,-0.5038125648709983,1053.97998046875,66.0,0.7576928527832032,47.3,858.0,-282881.1547495041,0.0036591548718765,-0.393786317023974,1082.280029296875,601.0,0.03140227386474603,-6.924999999999997,-2753669.272367282,LIKELY_CUSTOMER_BUY,65.0,IV up; option price down,2753669.272367282,MU
MU261002P00960000,1057.0,0.9859620544433594,5.475,1599.0,-2551005.9038155507,0.0021725598668289,-0.0935574566711592,1053.97998046875,467.0,0.9155892230224608,8.425,1150.0,-800714.1752811868,0.0014637986658532,-0.0681353610998086,1082.280029296875,590.0,0.07037283142089856,-2.950000000000001,-1750291.728534364,LIKELY_CUSTOMER_BUY,65.0,IV up; option price down; volume confirms,1750291.728534364,MU
MU261002P00660000,844.0,1.7734386328124998,0.055,44.0,-3679.9744044624313,3.924981622592889e-06,-0.0001400737326809,1053.97998046875,267.0,1.623048759765625,0.125,764.0,-2132.248456681179,6.817847109282023e-06,-0.0002940805074842,1082.280029296875,577.0,0.1503898730468749,-0.07,-1547.7259477812522,LIKELY_CUSTOMER_BUY,65.0,IV up; option price down,1547.7259477812522,MU
MU261002C01170000,1030.0,1.1024825149536135,10.4,1164.0,2471875.600095333,0.0021603527106853,0.1082023506125537,1053.97998046875,462.0,0.9758303198242188,9.05,2077.0,1593813.4572631216,0.0029452097154525,0.2024304622686387,1082.280029296875,568.0,0.12665219512939474,1.3499999999999996,878062.1428322115,LIKELY_CUSTOMER_BUY,95.0,IV up; option price up; volume confirms,-878062.1428322115,MU
MU261005C01060000,909.0,0.7977315148925781,45.925,676.0,4093506.5901510017,0.0040538426444569,0.4966297664363964,1053.97998046875,357.0,0.7721580401611328,42.125,682.0,1502757.1207379296,0.0035936956087543,0.6049779161695207,1082.280029296875,552.0,0.025573474731445334,3.799999999999997,2590749.469413072,LIKELY_CUSTOMER_BUY,95.0,IV up; option price up; volume confirms,-2590749.469413072,MU
MU261002P00980000,1820.0,0.9859620544433594,8.65,2146.0,-6126769.108147005,0.0030303682156917,-0.1499506793349416,1053.97998046875,1276.0,0.9158943957519532,12.575,1457.0,-3071839.9651663434,0.0020552687669376,-0.107296753174286,1082.280029296875,544.0,0.07006765869140619,-3.924999999999999,-3054929.1429806612,LIKELY_CUSTOMER_BUY,65.0,IV up; option price down; volume confirms,3054929.1429806612,MU
MU261009C01250000,947.0,0.7958394439697265,8.25,673.0,1378464.6700864958,0.0013103307621749,0.0977413855428312,1053.97998046875,413.0,0.7646202737426758,7.15,754.0,797889.0725531331,0.0016493513343091,0.1431135868668414,1082.280029296875,534.0,0.031219170227050674,1.0999999999999996,580575.5975333627,LIKELY_CUSTOMER_BUY,95.0,IV up; option price up; volume confirms,-580575.5975333627,MU
MU261005P00670000,533.0,1.271488017578125,0.09,3.0,-11499.97245211367,1.94224882439445e-05,-0.0008967564519225,1053.97998046875,3.0,1.3300814746093748,0.35,531.0,-112.94556539005212,3.214168493067776e-05,-0.0018588032512547,1082.280029296875,530.0,-0.05859345703124985,-0.26,-11387.02688672362,LIKELY_CUSTOMER_SELL,95.0,IV down; option price down,-11387.02688672362,MU
MU261002C01070000,1065.0,1.0606736419677736,38.525000000000006,7690.0,5639627.750374771,0.0047669007239152,0.4403493665245259,1053.97998046875,581.0,0.9593509924316406,35.0,1960.0,2838687.7724787053,0.0041712114427731,0.5708231481956121,1082.280029296875,484.0,0.10132264953613301,3.5250000000000057,2800939.9778960655,LIKELY_CUSTOMER_BUY,95.0,IV up; option price up; volume confirms,-2800939.9778960655,MU
MU261002P00630000,536.0,1.8359383203125,0.03,326.0,-978.7758463686964,1.643817994004038e-06,-5.758762955865304e-05,1053.97998046875,54.0,1.6679704101562502,0.065,488.0,-192.93556323201503,3.050276704293829e-06,-0.0001280385823752,1082.280029296875,482.0,0.16796791015624968,-0.035,-785.8402831366814,LIKELY_CUSTOMER_BUY,65.0,IV up; option price down; volume confirms,785.8402831366814,MU
MU261002P00910000,1067.0,1.0314989831542971,1.755,1620.0,-852765.239783314,0.0007194495516357,-0.0247216600594123,1053.97998046875,597.0,0.9448247705078124,2.935,806.0,-352615.6332731972,0.0005042523633059,-0.0191896043489432,1082.280029296875,470.0,0.08667421264648467,-1.1800000000000002,-500149.60651011684,LIKELY_CUSTOMER_BUY,65.0,IV up; option price down; volume confirms,500149.60651011684,MU
MU261002C01215000,545.0,1.1359906481933597,5.575,379.0,703137.7200710165,0.0011613929099365,0.049876880311355,1053.97998046875,80.0,1.0023243243408204,4.8,613.0,179739.5078527885,0.0019181133665081,0.1104942475283045,1082.280029296875,465.0,0.1336663238525393,0.7750000000000004,523398.21221822797,LIKELY_CUSTOMER_BUY,95.0,IV up; option price up; volume confirms,-523398.21221822797,MU
MU261002C01045000,783.0,1.041569733581543,50.575,216.0,4220906.023272037,0.0048526525516031,0.5605534275113787,1053.97998046875,323.0,0.9501958105468749,46.275000000000006,1672.0,1460518.358800931,0.0038603369045377,0.6750132622610471,1082.280029296875,460.0,0.09137392303466818,4.299999999999997,2760387.6644711057,LIKELY_CUSTOMER_BUY,95.0,IV up; option price up,-2760387.6644711057,MU
MU261002P01040000,918.0,1.023259278259277,27.675,1447.0,-4977379.455315984,0.0048808262299749,-0.4140841021602457,1053.97998046875,462.0,0.9342657940673827,34.225,1906.0,-2060782.2109324737,0.0038081218108751,-0.3026809058051306,1082.280029296875,456.0,0.08899348419189435,-6.550000000000001,-2916597.24438351,LIKELY_CUSTOMER_BUY,65.0,IV up; option price down; volume confirms,2916597.24438351,MU
MU261002P00990000,1187.0,0.9893189544677734,10.775,2713.0,-4567172.839143832,0.0034636340831719,-0.185462026544644,1053.97998046875,741.0,0.9179695703125,15.2,1144.0,-2061445.757843684,0.0023750590644368,-0.1321200548121343,1082.280029296875,446.0,0.07134938415527337,-4.424999999999999,-2505727.0813001483,LIKELY_CUSTOMER_BUY,65.0,IV up; option price down; volume confirms,2505727.0813001483,MU
MU261002P00890000,1237.0,1.067143336181641,1.165,921.0,-607665.1566106509,0.000442211376632,-0.0145162085749978,1053.97998046875,793.0,0.9700930725097656,1.955,803.0,-294844.8503382529,0.0003174249575342,-0.0115496484829678,1082.280029296875,444.0,0.0970502636718753,-0.79,-312820.30627239804,LIKELY_CUSTOMER_BUY,65.0,IV up; option price down; volume confirms,312820.30627239804,MU
MU261002P00920000,1611.0,1.0166064794921876,2.175,943.0,-1634508.635129776,0.0009133283850252,-0.0323599085799908,1053.97998046875,1168.0,0.935425450439453,3.625,1024.0,-867944.5531865476,0.0006344097514182,-0.0248893698294948,1082.280029296875,443.0,0.08118102905273461,-1.4500000000000002,-766564.0819432285,LIKELY_CUSTOMER_BUY,65.0,IV up; option price down; volume confirms,766564.0819432285,MU
MU261002P00975000,1387.0,0.9848634326171876,7.725,698.0,-4330585.95442872,0.0028106416535071,-0.1339561318321611,1053.97998046875,947.0,0.915161981201172,11.4,916.0,-2107012.133251329,0.0018994933088206,-0.0961830907187216,1082.280029296875,440.0,0.06970145141601558,-3.6750000000000007,-2223573.8211773913,LIKELY_CUSTOMER_BUY,65.0,IV up; option price down; volume confirms,2223573.8211773913,MU
MU261002P00850000,1795.0,1.1640666796875,0.585,1109.0,-346338.9663618524,0.0001736889460349,-0.0055137962028183,1053.97998046875,1370.0,1.0483446020507814,0.98,1461.0,-215855.5984390269,0.0001345127527362,-0.0047587740080258,1082.280029296875,425.0,0.11572207763671871,-0.395,-130483.36792282554,LIKELY_CUSTOMER_BUY,65.0,IV up; option price down; volume confirms,130483.36792282554,MU
MU261002C01265000,463.0,1.1860392260742183,2.9000000000000004,247.0,281176.01228231355,0.0005466792030049,0.021061269073075,1053.97998046875,45.0,1.0501756475830075,2.555,552.0,57884.16297388516,0.0010981659010441,0.0562027841456758,1082.280029296875,418.0,0.13586357849121078,0.3450000000000002,223291.84930842838,LIKELY_CUSTOMER_BUY,95.0,IV up; option price up; volume confirms,-223291.84930842838,MU
MU261002P00915000,653.0,1.0235644525146486,1.95,681.0,-588065.0028911803,0.0008106762115597,-0.0282557427776536,1053.97998046875,243.0,0.9392095922851562,3.25,612.0,-160739.57742212393,0.0005647253187141,-0.0217800380003512,1082.280029296875,410.0,0.08435486022949235,-1.3,-427325.4254690564,LIKELY_CUSTOMER_BUY,65.0,IV up; option price down; volume confirms,427325.4254690564,MU
MU261106C01070000,409.0,0.6297034100341796,83.94999999999999,38.0,856901.8689363353,0.0018860059490381,0.5180368139565508,1053.97998046875,6.0,0.6320227227783204,79.6,410.0,12503.059881479456,0.0017790402393935,0.5707729766223113,1082.280029296875,403.0,-0.002319312744140767,4.349999999999994,844398.8090548558,LIKELY_CUSTOMER_SELL,65.0,IV down; option price up,844398.8090548558,MU
MU261009C01050000,1348.0,0.7257717852783203,58.55,1249.0,4949214.62361215,0.0033050776821284,0.5393649658619956,1053.97998046875,947.0,0.7177457424926758,54.275,1290.0,3266256.9951424208,0.0029445645847268,0.6268422259207203,1082.280029296875,401.0,0.00802604278564456,4.274999999999999,1682957.6284697289,LIKELY_CUSTOMER_BUY,95.0,IV up; option price up; volume confirms,-1682957.6284697289,MU
MU261002P00930000,2293.0,1.0061084851074216,2.74,720.0,-2946698.311217119,0.0011568229494903,-0.042668914874272,1053.97998046875,1892.0,0.9260261303710936,4.45,1128.0,-1750746.7660112774,0.0007899923963933,-0.0320025687440989,1082.280029296875,401.0,0.08008235473632797,-1.71,-1195951.5452058415,LIKELY_CUSTOMER_BUY,65.0,IV up; option price down; volume confirms,1195951.5452058415,MU
MU261002C01055000,882.0,1.0458726905822755,45.325,547.0,4788289.752366544,0.0048870537317219,0.5115860703745759,1053.97998046875,492.0,0.9542851251220704,41.5,2474.0,2315810.966595712,0.0040184513420935,0.6338776103679216,1082.280029296875,390.0,0.09158756546020508,3.825000000000003,2472478.7857708316,LIKELY_CUSTOMER_BUY,95.0,IV up; option price up; volume confirms,-2472478.7857708316,MU
MU261009C01200000,1606.0,0.7740806283569336,13.725,711.0,3374525.6672020336,0.0018914831253008,0.1590084665292552,1053.97998046875,1217.0,0.7449366326904296,12.025,701.0,3175954.208408951,0.0022279444813761,0.2215873296931801,1082.280029296875,389.0,0.02914399566650394,1.6999999999999993,198571.45879308274,LIKELY_CUSTOMER_BUY,95.0,IV up; option price up; volume confirms,-198571.45879308274,MU
MU261005C01190000,420.0,0.8449112188720702,9.7,41.0,898143.1895249388,0.0019250036926066,0.1205092328009829,1053.97998046875,34.0,0.7886984020996093,8.2,462.0,98457.71548582142,0.0024722452327919,0.1890899656060503,1082.280029296875,386.0,0.05621281677246093,1.5,799685.4740391173,LIKELY_CUSTOMER_BUY,95.0,IV up; option price up,-799685.4740391173,MU
MU261002C01430000,2208.0,1.400393623046875,0.54,104.0,137841.12161630404,5.619724243529369e-05,0.0019305662054396,1053.97998046875,1825.0,1.2656286718749998,0.5900000000000001,399.0,416187.78277678567,0.000194691579757,0.008945415421781,1082.280029296875,383.0,0.13476495117187515,-0.050000000000000044,-278346.6611604816,LIKELY_CUSTOMER_BUY,65.0,IV up; option price down,278346.6611604816,MU
MU261002P00540000,20067.0,2.156254609375,0.01,33.0,-5780.558655655976,2.593120138345798e-07,-9.72738304938492e-06,1053.97998046875,19700.0,2.0468798828125,0.04,398.0,-28661.633372935696,1.242096736681486e-06,-6.122604235070384e-05,1082.280029296875,367.0,0.1093747265624998,-0.03,22881.07471727972,LIKELY_CUSTOMER_BUY,65.0,IV up; option price down,-22881.07471727972,MU
MU261002C01450000,1446.0,1.418459938964844,0.435,342.0,67595.32757407638,4.20807682874596e-05,0.0014251415991857,1053.97998046875,1080.0,1.2876012182617185,0.5,617.0,201339.93665471367,0.0001591574171536,0.0072532752637712,1082.280029296875,366.0,0.13085872070312554,-0.065,-133744.60908063728,LIKELY_CUSTOMER_BUY,65.0,IV up; option price down; volume confirms,133744.60908063728,MU
MU261002P00530000,380.0,2.2187544531249994,0.01,39.0,-107.26511958681526,2.54103238988584e-07,-9.812342981696531e-06,1053.97998046875,23.0,2.285160537109375,0.105,414.0,-87.49608483850405,3.247741798566957e-06,-0.0001916405036191,1082.280029296875,357.0,-0.06640608398437564,-0.095,-19.769034748311213,LIKELY_CUSTOMER_SELL,95.0,IV down; option price down,-19.769034748311213,MU
MU261120C01100000,3296.0,0.6146431358337403,83.475,580.0,6025487.1142721,0.0016456604627493,0.4813329349352888,1053.97998046875,2946.0,0.618038182449341,79.6,621.0,5438803.705737451,0.0015761275225796,0.5284797182254273,1082.280029296875,350.0,-0.0033950466156006387,3.875,586683.4085346488,LIKELY_CUSTOMER_SELL,65.0,IV down; option price up; volume confirms,586683.4085346488,MU
MU261002P00965000,796.0,0.9851075708007812,6.15,918.0,-2104026.249682313,0.0023794323524639,-0.1058317930897526,1053.97998046875,456.0,0.9147957739257812,9.325,690.0,-855896.0098356897,0.0016024218920344,-0.076587469874775,1082.280029296875,340.0,0.070311796875,-3.174999999999999,-1248130.239846623,LIKELY_CUSTOMER_BUY,65.0,IV up; option price down; volume confirms,1248130.239846623,MU
MU261005C01100000,1108.0,0.8135089450073242,29.7,1799.0,4524986.240190252,0.0036763155295268,0.3462416929562198,1053.97998046875,770.0,0.776644079284668,26.775,649.0,3319837.458239149,0.0036808388677502,0.4575118759884171,1082.280029296875,338.0,0.036864865722656126,2.9250000000000007,1205148.781951103,LIKELY_CUSTOMER_BUY,95.0,IV up; option price up; volume confirms,-1205148.781951103,MU
MU261016C02200000,636.0,1.1660197949218751,0.22,8.0,17065.501979849465,2.415445417959044e-05,0.0019565938041159,1053.97998046875,302.0,1.1884806201171876,0.315,808.0,15992.698722236306,4.52101058106933e-05,0.0042661768564341,1082.280029296875,334.0,-0.02246082519531245,-0.095,1072.803257613159,LIKELY_CUSTOMER_SELL,95.0,IV down; option price down,1072.803257613159,MU
MU261120C01060000,842.0,0.6122017539978029,100.3,181.0,1537097.6514697066,0.0016433294707679,0.545363401362336,1053.97998046875,510.0,0.6153450331115724,95.675,470.0,923286.2871800883,0.0015455637381794,0.5910414830355237,1082.280029296875,332.0,-0.003143279113769548,4.625,613811.3642896182,LIKELY_CUSTOMER_SELL,65.0,IV down; option price up; volume confirms,613811.3642896182,MU
MU261002C01155000,522.0,1.095097297973633,12.85,479.0,1501616.1597921895,0.0025895464560812,0.1387722683035944,1053.97998046875,191.0,0.9703372106933592,11.225,862.0,738091.5048323472,0.0032991157270003,0.2446233841357228,1082.280029296875,331.0,0.12476008728027388,1.625,763524.6549598423,LIKELY_CUSTOMER_BUY,95.0,IV up; option price up; volume confirms,-763524.6549598423,MU
MU261002C01075000,1124.0,1.0603074328613284,36.25,3879.0,5890771.858148135,0.0047178178415109,0.4170053043386204,1053.97998046875,795.0,0.9589542678833006,32.925,1704.0,3917582.27966632,0.0042069922159902,0.5496922333078672,1082.280029296875,329.0,0.10135316497802782,3.325000000000003,1973189.5784818153,LIKELY_CUSTOMER_BUY,95.0,IV up; option price up; volume confirms,-1973189.5784818153,MU
MU261002C01120000,1167.0,1.0800827246093752,20.7,1999.0,4745662.225519834,0.0036606755968219,0.236629727106414,1053.97998046875,839.0,0.9634403070068358,18.4,981.0,3908038.325239018,0.0039766517858775,0.3651277446965039,1082.280029296875,328.0,0.11664241760253935,2.3000000000000007,837623.900280816,LIKELY_CUSTOMER_BUY,95.0,IV up; option price up; volume confirms,-837623.900280816,MU
MU261002P01035000,593.0,1.0186206295776363,25.475,722.0,-3178303.2050628657,0.0048247621532101,-0.3891210486657752,1053.97998046875,272.0,0.9320075158691408,31.85,1095.0,-1178266.4721138435,0.003698241999457,-0.282717193819139,1082.280029296875,321.0,0.08661311370849556,-6.375,-2000036.7329490222,LIKELY_CUSTOMER_BUY,65.0,IV up; option price down; volume confirms,2000036.7329490222,MU
MU261120P01000000,1857.0,0.5675549836730958,59.3,269.0,-3423840.5504594534,0.0016597279351783,-0.3518869584030988,1053.97998046875,1538.0,0.5658689043426514,63.775000000000006,425.0,-2738714.864286173,0.001520236634829,-0.3072442481779702,1082.280029296875,319.0,0.001686079330444401,-4.4750000000000085,-685125.6861732802,LIKELY_CUSTOMER_BUY,65.0,IV up; option price down; volume confirms,685125.6861732802,MU
MU261002C01290000,791.0,1.2158242333984377,2.1500000000000004,458.0,330215.6316891094,0.0003757996927882,0.0139820463366482,1053.97998046875,475.0,1.0788620275878906,1.93,450.0,459224.4926100515,0.0008253765842882,0.0406859401261553,1082.280029296875,316.0,0.13696220581054708,0.22000000000000042,-129008.8609209421,LIKELY_CUSTOMER_BUY,95.0,IV up; option price up; volume confirms,129008.8609209421,MU
MU261009P01030000,382.0,0.7047759014892578,33.175,61.0,-1398589.130615346,0.0032958092027712,-0.3927317865113924,1053.97998046875,67.0,0.6912567495727541,38.775000000000006,357.0,-223177.86692431272,0.0028437867751877,-0.3087101075986994,1082.280029296875,315.0,0.013519151916503769,-5.6000000000000085,-1175411.2636910332,LIKELY_CUSTOMER_BUY,65.0,IV up; option price down,1175411.2636910332,MU
MU261007C01085000,339.0,0.7644371701049805,39.2,50.0,1316041.9838823315,0.0034946631639528,0.4153426861894,1053.97998046875,27.0,0.7280300634765625,34.8,1088.0,108078.61056832976,0.0034174069572914,0.5154500957440782,1082.280029296875,312.0,0.03640710662841795,4.400000000000006,1207963.3733140018,LIKELY_CUSTOMER_BUY,95.0,IV up; option price up,-1207963.3733140018,MU
MU261002P01045000,606.0,1.02502928894043,29.875,453.0,-3318847.250000132,0.0049300340244449,-0.438963746828562,1053.97998046875,294.0,0.9377447631835938,36.75,1123.0,-1344038.00539569,0.0039028775837946,-0.3232290724912341,1082.280029296875,312.0,0.0872845257568362,-6.875,-1974809.2446044418,LIKELY_CUSTOMER_BUY,65.0,IV up; option price down; volume confirms,1974809.2446044418,MU
MU261002P01055000,564.0,1.0348558999633792,34.825,737.0,-3094541.201509961,0.0049391525696174,-0.488617554684623,1053.97998046875,256.0,0.9407659732055664,41.925,2117.0,-1220743.536697327,0.0040710382117535,-0.3647377758441097,1082.280029296875,308.0,0.0940899267578128,-7.099999999999994,-1873797.664812634,LIKELY_CUSTOMER_BUY,65.0,IV up; option price down; volume confirms,1873797.664812634,MU
MU261002C01295000,354.0,1.2248573913574217,2.055,185.0,138562.99848513148,0.0003523540657338,0.0130883061062458,1053.97998046875,47.0,1.0859420703125,1.84,338.0,43029.93573108474,0.0007816161962507,0.0383575651042911,1082.280029296875,307.0,0.13891532104492166,0.21500000000000008,95533.06275404674,LIKELY_CUSTOMER_BUY,95.0,IV up; option price up; volume confirms,-95533.06275404674,MU
MU261005P01000000,467.0,0.7567163000488282,15.55,399.0,-1801809.3870899084,0.0034731795950738,-0.2597645034428631,1053.97998046875,161.0,0.7384669708251952,20.3,369.0,-494357.5389035728,0.0026214163027118,-0.18689152573619,1082.280029296875,306.0,0.018249329223632982,-4.75,-1307451.8481863355,LIKELY_CUSTOMER_BUY,65.0,IV up; option price down; volume confirms,1307451.8481863355,MU
MU261002P00840000,603.0,1.1840861108398435,0.48,359.0,-89788.28474919539,0.0001340409938657,-0.0042026851128523,1053.97998046875,297.0,1.0742233789062503,0.855,442.0,-38876.05061515842,0.0001117497088004,-0.0039742092826611,1082.280029296875,306.0,0.1098627319335932,-0.375,-50912.23413403697,LIKELY_CUSTOMER_BUY,65.0,IV up; option price down; volume confirms,50912.23413403697,MU
MU261218C01050000,1630.0,0.6025659250640871,126.325,233.0,2403604.579616543,0.0013274271457281,0.5732069111452425,1053.97998046875,1326.0,0.6009408802795413,120.425,516.0,1957060.70929538,0.0012600317381767,0.610053720592189,1082.280029296875,304.0,0.0016250447845458371,5.900000000000006,446543.870321163,LIKELY_CUSTOMER_BUY,95.0,IV up; option price up; volume confirms,-446543.870321163,MU
MU261002C01080000,2105.0,1.063298140563965,34.2,4648.0,10849473.895094642,0.0046397208862011,0.3944626652763358,1053.97998046875,1809.0,0.9599613378906248,31.0,1945.0,8951781.32141005,0.0042246584964036,0.5285098825908315,1082.280029296875,296.0,0.10333680267334022,3.200000000000003,1897692.5736845918,LIKELY_CUSTOMER_BUY,95.0,IV up; option price up; volume confirms,-1897692.5736845918,MU
MU261002C01062500,391.0,1.0542344651794433,41.85,945.0,2102791.972185017,0.0048412201163862,0.4755432946226302,1053.97998046875,97.0,0.9540409869384764,38.025,839.0,468086.956074499,0.0041197941380764,0.6026859616300478,1082.280029296875,294.0,0.10019347824096692,3.825000000000003,1634705.016110518,LIKELY_CUSTOMER_BUY,95.0,IV up; option price up; volume confirms,-1634705.016110518,MU
MU261002C01400000,2667.0,1.3564485302734377,0.685,2507.0,237560.543832554,8.018378841982511e-05,0.0027597348986449,1053.97998046875,2374.0,1.2192421850585935,0.7050000000000001,1172.0,704474.3226806499,0.0002533408154385,0.0115907803996746,1082.280029296875,293.0,0.1372063452148442,-0.020000000000000018,-466913.7788480959,LIKELY_CUSTOMER_BUY,65.0,IV up; option price down; volume confirms,466913.7788480959,MU
MU261002P00895000,613.0,1.055180505371094,1.27,281.0,-337702.2980771865,0.000495916796344,-0.0163731253402936,1053.97998046875,322.0,0.9621585815429688,2.15,602.0,-133928.72368535382,0.0003550901038637,-0.0130213054033356,1082.280029296875,291.0,0.09302192382812524,-0.8799999999999999,-203773.5743918327,LIKELY_CUSTOMER_BUY,65.0,IV up; option price down; volume confirms,203773.5743918327,MU
MU261002P01020000,1016.0,1.0071460775756833,19.6,1009.0,-5107275.834522075,0.0045251281444483,-0.3156903528015343,1053.97998046875,728.0,0.9244392321777344,25.3,1188.0,-2824655.3901501866,0.0033124917278265,-0.225726229104419,1082.280029296875,288.0,0.08270684539794892,-5.699999999999999,-2282620.4443718884,LIKELY_CUSTOMER_BUY,65.0,IV up; option price down; volume confirms,2282620.4443718884,MU
MU261002P01015000,633.0,1.0040333001708983,17.875,805.0,-3083324.581217437,0.0043848103229892,-0.2921347164420835,1053.97998046875,346.0,0.9208381939697264,23.275,692.0,-1284337.3789041564,0.0031690109077763,-0.2076861970651491,1082.280029296875,287.0,0.08319510620117188,-5.399999999999999,-1798987.2023132807,LIKELY_CUSTOMER_BUY,65.0,IV up; option price down; volume confirms,1798987.2023132807,MU
MU261120P00060000,285.0,3.1601583496093757,0.685,4.0,-1056.1373059988557,3.335882920185529e-06,-0.001257369072557,1053.97998046875,0.0,2.4843787890625,0.075,4.0,-0.0,6.969341498122873e-07,-0.0001857618509282,1082.280029296875,285.0,0.6757795605468755,0.6100000000000001,-1056.1373059988557,LIKELY_CUSTOMER_BUY,95.0,IV up; option price up,1056.1373059988557,MU
MU261005C01150000,542.0,0.8293474096679687,16.2,385.0,1644253.3997760229,0.0027308933395234,0.1993224262840743,1053.97998046875,260.0,0.7810690838623047,14.15,469.0,963953.6546153844,0.003165217198019,0.2913590718107548,1082.280029296875,282.0,0.048278325805664046,2.049999999999999,680299.7451606385,LIKELY_CUSTOMER_BUY,95.0,IV up; option price up; volume confirms,-680299.7451606385,MU
MU261120C01150000,1169.0,0.6188850367736818,66.0,162.0,2065881.6760838495,0.0015908389242996,0.4063061122798194,1053.97998046875,888.0,0.6180076651763917,62.25,410.0,1632045.287307387,0.0015690614430319,0.4525890527719083,1082.280029296875,281.0,0.0008773715972900664,3.75,433836.3887764625,LIKELY_CUSTOMER_BUY,95.0,IV up; option price up; volume confirms,-433836.3887764625,MU
MU261002C01420000,348.0,1.3833038647460936,0.575,43.0,24081.479665287137,6.229299337029007e-05,0.0021334533428034,1053.97998046875,68.0,1.2460975195312498,0.61,338.0,16636.086498866458,0.0002088637001996,0.0095224855702,1082.280029296875,280.0,0.13720634521484376,-0.03500000000000003,7445.393166420679,LIKELY_CUSTOMER_BUY,65.0,IV up; option price down,-7445.393166420679,MU
MU261016C02190000,367.0,1.1777384863281248,0.26,2.0,11236.42161552426,2.756114389601097e-05,0.0022880431129449,1053.97998046875,87.0,1.1875040625,0.33,297.0,4801.028903510704,4.711245964671664e-05,0.0044634456161219,1082.280029296875,280.0,-0.009765576171875123,-0.07,6435.392712013555,LIKELY_CUSTOMER_SELL,95.0,IV down; option price down,6435.392712013555,MU
MU261002C01185000,414.0,1.1129805093383789,8.45,451.0,817236.166531791,0.0017769798906238,0.0840496477982459,1053.97998046875,136.0,0.9819337744140624,7.275,471.0,411940.231807289,0.0025859255144596,0.1659379774701618,1082.280029296875,278.0,0.1310467349243165,1.174999999999999,405295.934724502,LIKELY_CUSTOMER_BUY,95.0,IV up; option price up; volume confirms,-405295.934724502,MU
MU261002C01175000,1117.0,1.1066939196777343,9.725,1095.0,2516824.450302279,0.0020283132490813,0.09971369375164,1053.97998046875,841.0,0.9761965270996094,8.375,926.0,2783721.101026648,0.0028258586607649,0.1892103328125992,1082.280029296875,276.0,0.13049739257812498,1.3499999999999996,-266896.6507243691,LIKELY_CUSTOMER_BUY,95.0,IV up; option price up; volume confirms,266896.6507243691,MU
MU261002C01065000,699.0,1.054631191711426,40.65,4872.0,3749182.744521067,0.0048283051527494,0.463589612039207,1053.97998046875,423.0,0.95312546875,36.875,1166.0,2056881.623433484,0.0041513527819677,0.5922259102422807,1082.280029296875,276.0,0.1015057229614259,3.7749999999999986,1692301.121087583,LIKELY_CUSTOMER_BUY,95.0,IV up; option price up; volume confirms,-1692301.121087583,MU
MU261005C01400000,397.0,1.0161182006835938,1.03,239.0,94485.90830976806,0.0002142455508514,0.0100873097405822,1053.97998046875,131.0,0.9548344360351562,0.91,306.0,58145.29605854835,0.0003789343723777,0.0208746345631119,1082.280029296875,266.0,0.061283764648437655,0.12,36340.6122512197,LIKELY_CUSTOMER_BUY,95.0,IV up; option price up; volume confirms,-36340.6122512197,MU
MU261002P00985000,720.0,0.9868165380859376,9.65,602.0,-2598830.101200364,0.0032492315996404,-0.1669864325531581,1053.97998046875,463.0,0.9186409503173828,13.9,648.0,-1201498.3696079028,0.0022154548582337,-0.1197043363456977,1082.280029296875,257.0,0.06817558776855481,-4.25,-1397331.7315924612,LIKELY_CUSTOMER_BUY,65.0,IV up; option price down; volume confirms,1397331.7315924612,MU
MU261002C01520000,435.0,1.505861845703125,0.25,37.0,8992.34103332937,1.860881800149616e-05,0.0006255769316543,1053.97998046875,183.0,1.37109689453125,0.31,374.0,18114.58277256705,8.450802581943029e-05,0.0038202396966081,1082.280029296875,252.0,0.13476495117187492,-0.06,-9122.24173923768,LIKELY_CUSTOMER_BUY,65.0,IV up; option price down,9122.24173923768,MU
MU261016C01040000,1133.0,0.6626925820922852,73.375,63.0,3379460.058198001,0.0026850518974702,0.5707362640689211,1053.97998046875,882.0,0.6495701547241212,67.44999999999999,962.0,2539009.58786242,0.0024576298104979,0.6434301456259446,1082.280029296875,251.0,0.013122427368164047,5.925000000000011,840450.4703355809,LIKELY_CUSTOMER_BUY,95.0,IV up; option price up,-840450.4703355809,MU
MU261002P00700000,1715.0,1.5781271093749998,0.06,495.0,-10787.572816143982,5.662326293334154e-06,-0.000182916821555,1053.97998046875,1475.0,1.474612001953125,0.1649999999999999,629.0,-18701.29560609148,1.0824314078528508e-05,-0.0004362251243237,1082.280029296875,240.0,0.10351510742187475,-0.1049999999999999,7913.722789947498,LIKELY_CUSTOMER_BUY,65.0,IV up; option price down; volume confirms,-7913.722789947498,MU
MU261120P00900000,2819.0,0.5685467950439453,25.85,260.0,-3801134.1648158897,0.0012138175127381,-0.1905965975785164,1053.97998046875,2580.0,0.5719036950683594,28.975,366.0,-3165310.2592462995,0.0010474113843432,-0.1614006698239414,1082.280029296875,239.0,-0.0033569000244140224,-3.125,-635823.9055695902,LIKELY_CUSTOMER_SELL,95.0,IV down; option price down; volume confirms,-635823.9055695902,MU
MU261007C01050000,260.0,0.7605614764404298,55.4,277.0,1033197.1755390576,0.0035772157857113,0.5381865726896924,1053.97998046875,21.0,0.7421595608520507,50.9,298.0,77927.65464068203,0.0031680572523049,0.6325076380617801,1082.280029296875,239.0,0.018401915588379114,4.5,955269.5208983755,LIKELY_CUSTOMER_BUY,95.0,IV up; option price up; volume confirms,-955269.5208983755,MU
MU261106P00700000,258.0,0.6984893432617189,2.3600000000000003,7.0,-70115.1221731598,0.0002446398858443,-0.0244386508196402,1053.97998046875,22.0,0.6989776196289064,2.85,238.0,-5012.092042192933,0.0001944988632847,-0.0195418558149461,1082.280029296875,236.0,-0.00048827636718751233,-0.48999999999999977,-65103.03013096687,LIKELY_CUSTOMER_SELL,95.0,IV down; option price down,-65103.03013096687,MU
MU261005P00960000,262.0,0.7506128454589844,6.949999999999999,54.0,-674792.2046656618,0.0023184836726613,-0.1327992167483649,1053.97998046875,27.0,0.7357509335327149,9.975,332.0,-51365.55174702348,0.0016241603494191,-0.0925704823335504,1082.280029296875,235.0,0.014861911926269511,-3.0250000000000004,-623426.6529186383,LIKELY_CUSTOMER_BUY,65.0,IV up; option price down,623426.6529186383,MU
DRAM261002C00065000,25417.0,0.7597680273437502,0.475,8582.0,3598387.037056526,0.0397223479480376,0.0693926442018739,59.70000076293945,20766.0,0.7382838671874999,0.33,9684.0,6042424.35059858,0.075916602930237,0.2453164299114001,61.90999984741211,4651.0,0.02148416015625021,0.14499999999999996,-2444037.313542054,LIKELY_CUSTOMER_BUY,95.0,IV up; option price up; volume confirms,2444037.313542054,DRAM
DRAM261002C00060000,7771.0,0.7187528125,2.305,1181.0,3471665.3201901577,0.1253465164433099,0.4746878517521878,59.70000076293945,3460.0,0.692385888671875,1.585,6207.0,1179326.6988925724,0.0889275701826285,0.7039686098804745,61.90999984741211,4311.0,0.026366923828125,0.7200000000000002,2292338.6212975853,LIKELY_CUSTOMER_BUY,95.0,IV up; option price up,-2292338.6212975853,DRAM
DRAM260930C00063000,4323.0,0.7617211328125001,0.36,9951.0,1070972.0352838328,0.0695095091977942,0.092294226127404,59.70000076293945,1244.0,0.63867548828125,0.185,5486.0,810245.5241324106,0.1699317987075408,0.3078034045813299,61.90999984741211,3079.0,0.12304564453125011,0.175,260726.51115142216,LIKELY_CUSTOMER_BUY,95.0,IV up; option price up; volume confirms,-260726.51115142216,DRAM
DRAM261002C00064000,11283.0,0.7490259472656251,0.675,6585.0,2295055.403502749,0.0570715821783379,0.1107157195597268,59.70000076293945,8660.0,0.72070591796875,0.4499999999999999,6600.0,2930616.346040655,0.088291616804328,0.31902064284295,61.90999984741211,2623.0,0.02832002929687505,0.22500000000000014,-635560.9425379061,LIKELY_CUSTOMER_BUY,95.0,IV up; option price up; volume confirms,635560.9425379061,DRAM
DRAM261002P00055000,4333.0,0.7851583984375,0.115,656.0,-626272.7160737098,0.0405532933703344,-0.074413858389404,59.70000076293945,1871.0,0.694338994140625,0.27,4480.0,-116936.38206639347,0.0163062561237803,-0.027632913342703,61.90999984741211,2462.0,0.09081940429687496,-0.15500000000000003,-509336.33400731627,LIKELY_CUSTOMER_BUY,65.0,IV up; option price down,509336.33400731627,DRAM
DRAM260930P00055000,2537.0,1.078129609375,0.035,20.0,-356427.4639912157,0.0394186748153397,-0.0690084121437935,59.70000076293945,451.0,0.6953155468750001,0.07,2362.0,-1443.996926893665,0.0008353493157528,-0.0005319968158763,61.90999984741211,2086.0,0.38281406249999983,-0.035,-354983.46706432203,LIKELY_CUSTOMER_BUY,65.0,IV up; option price down,354983.46706432203,DRAM
DRAM261023C00080000,2615.0,0.6054726953125001,0.19,79.0,76349.63183697063,0.0081919365648487,0.0333876070798389,59.70000076293945,871.0,0.641605146484375,0.19,2065.0,45048.40395794377,0.0134939671281677,0.0721642134622654,61.90999984741211,1744.0,-0.03613245117187491,0.0,31301.22787902686,LIKELY_CUSTOMER_SELL,80.0,IV down,31301.22787902686,DRAM
DRAM261009C00066000,2161.0,0.6015664843750002,0.84,169.0,329027.78512364737,0.0427197924202644,0.1576007674582031,59.70000076293945,620.0,0.6132851171875001,0.62,1688.0,128330.15032364833,0.0540026917439111,0.2847961322563717,61.90999984741211,1541.0,-0.011718632812499963,0.21999999999999997,200697.63479999904,LIKELY_CUSTOMER_SELL,65.0,IV down; option price up,200697.63479999904,DRAM
DRAM261120C00065000,10429.0,0.6132851171875001,4.15,345.0,1054717.88378088,0.0283755944936005,0.4082615088296995,59.70000076293945,9024.0,0.5986368261718751,3.4000000000000004,2161.0,983448.8865415548,0.0284335509561591,0.4691690494269762,61.90999984741211,1405.0,0.014648291015625037,0.75,71268.99723932508,LIKELY_CUSTOMER_BUY,95.0,IV up; option price up,-71268.99723932508,DRAM
DRAM261120P00050000,27149.0,0.6035195898437502,1.275,167.0,-1871114.9939581284,0.0193373949793157,-0.1778647653430497,59.70000076293945,25893.0,0.5742230078125,1.405,2206.0,-1575098.3527937676,0.015870978382863,-0.1312604525068741,61.90999984741211,1256.0,0.029296582031250185,-0.13000000000000012,-296016.6411643608,LIKELY_CUSTOMER_BUY,65.0,IV up; option price down,296016.6411643608,DRAM
DRAM260930C00060000,1529.0,0.74414318359375,1.725,1193.0,929658.4227385466,0.1705953737190096,0.4576317359471915,59.70000076293945,306.0,0.6044961425781252,0.925,2464.0,143472.97737070196,0.1223283389266439,0.8436776119499905,61.90999984741211,1223.0,0.13964704101562475,0.8,786185.4453678447,LIKELY_CUSTOMER_BUY,95.0,IV up; option price up; volume confirms,-786185.4453678447,DRAM
DRAM261120P00054000,1356.0,0.5893595751953126,2.26,80.0,-123104.50540173694,0.0254721488968354,-0.2772527194373706,59.70000076293945,142.0,0.5805706005859376,2.66,1307.0,-11995.799216295043,0.0220403881088066,-0.223812586766616,61.90999984741211,1214.0,0.008788974609375,-0.40000000000000036,-111108.7061854419,LIKELY_CUSTOMER_BUY,65.0,IV up; option price down,111108.7061854419,DRAM
DRAM260930C00064000,2520.0,0.7539087109375,0.1699999999999999,3005.0,334716.1527757183,0.0372672594559157,0.0409293978661168,59.70000076293945,1342.0,0.6816438085937502,0.12,1917.0,614229.846997257,0.1194144257146847,0.1815035121026095,61.90999984741211,1178.0,0.07226490234374983,0.049999999999999906,-279513.69422153867,LIKELY_CUSTOMER_BUY,95.0,IV up; option price up; volume confirms,279513.69422153867,DRAM
DRAM260930C00062000,2068.0,0.7695335546875001,0.675,6343.0,804073.0409383189,0.1090928514710575,0.1799260277855965,59.70000076293945,960.0,0.6533237792968751,0.365,1876.0,693191.5663154845,0.1883911214234269,0.4911533450470006,61.90999984741211,1108.0,0.11620977539062494,0.31000000000000005,110881.47462283447,LIKELY_CUSTOMER_BUY,95.0,IV up; option price up; volume confirms,-110881.47462283447,DRAM
DRAM261002C00062000,3203.0,0.7226590234375,1.28,4334.0,1134904.4239465576,0.0994154028982033,0.2495755018693002,59.70000076293945,2170.0,0.6977569287109376,0.855,2928.0,847169.9093371422,0.1018566015708496,0.5055301049853157,61.90999984741211,1033.0,0.02490209472656235,0.42500000000000004,287734.5146094153,LIKELY_CUSTOMER_BUY,95.0,IV up; option price up; volume confirms,-287734.5146094153,DRAM
DRAM261009P00055000,1956.0,0.6191444335937502,0.445,219.0,-318968.55045465654,0.0457541341247531,-0.1834831974353368,59.70000076293945,987.0,0.5742230078125,0.6599999999999999,1303.0,-109568.76007282776,0.0289632963838614,-0.096078727695898,61.90999984741211,969.0,0.044921425781250135,-0.2149999999999999,-209399.7903818288,LIKELY_CUSTOMER_BUY,65.0,IV up; option price down,209399.7903818288,DRAM
DRAM261120P00055000,17692.0,0.594730615234375,2.64,529.0,-1668370.9596600982,0.0264586095636062,-0.3067285316483396,59.70000076293945,16752.0,0.5727581787109376,2.98,1270.0,-1516849.4096157977,0.0236240414874311,-0.2476534942942065,61.90999984741211,940.0,0.02197243652343739,-0.33999999999999986,-151521.5500443005,LIKELY_CUSTOMER_BUY,65.0,IV up; option price down; volume confirms,151521.5500443005,DRAM
DRAM261009C00065000,2011.0,0.624027197265625,1.155,1632.0,352385.7804847487,0.0491651797649677,0.209273115738768,59.70000076293945,1101.0,0.622074091796875,0.825,2333.0,242716.95930344285,0.057516334115744,0.3405739558881926,61.90999984741211,910.0,0.0019531054687500493,0.33000000000000007,109668.82118130586,LIKELY_CUSTOMER_BUY,95.0,IV up; option price up; volume confirms,-109668.82118130586,DRAM
DRAM261009P00053000,1381.0,0.702151416015625,0.335,64.0,-155101.26358771863,0.0315117835007686,-0.1263666179010079,59.70000076293945,511.0,0.6171913281250001,0.405,978.0,-35298.52664639548,0.0180224600862763,-0.0567248367698882,61.90999984741211,870.0,0.08496008789062492,-0.07,-119802.73694132315,LIKELY_CUSTOMER_BUY,65.0,IV up; option price down,119802.73694132315,DRAM
DRAM261002C00061000,1957.0,0.75586181640625,1.82,1329.0,782686.5389127625,0.1122143415928441,0.3620004845869283,59.70000076293945,1131.0,0.7041045214843751,1.2,1745.0,422050.3275576678,0.0973598802060341,0.6060513357191344,61.90999984741211,826.0,0.051757294921874974,0.6200000000000001,360636.21135509474,LIKELY_CUSTOMER_BUY,95.0,IV up; option price up; volume confirms,-360636.21135509474,DRAM
DRAM261002P00054000,4515.0,0.8164080859374999,0.075,28.0,-423542.69567779306,0.0263202959582384,-0.0451022314512117,59.70000076293945,3910.0,0.77148666015625,0.235,1953.0,-189076.64073949365,0.0126165180818004,-0.023070861096194,61.90999984741211,605.0,0.04492142578124991,-0.15999999999999998,-234466.0549382994,LIKELY_CUSTOMER_BUY,65.0,IV up; option price down,234466.0549382994,DRAM
DRAM261002P00056000,3106.0,0.7656273437500001,0.185,358.0,-665186.1266981446,0.060088734567153,-0.1227970210106395,59.70000076293945,2510.0,0.6894562304687502,0.43,888.0,-257759.31788220472,0.0267928582501781,-0.0503321071645112,61.90999984741211,596.0,0.07617111328124992,-0.245,-407426.8088159399,LIKELY_CUSTOMER_BUY,65.0,IV up; option price down; volume confirms,407426.8088159399,DRAM
DRAM261016P00051000,2288.0,0.6250037500000001,0.3,520.0,-182973.6682721417,0.0224379874852245,-0.0998366402110595,59.70000076293945,1696.0,0.64062859375,0.53,708.0,-100626.36099506365,0.0154797632256433,-0.0688043534658349,61.90999984741211,592.0,-0.01562484374999995,-0.23000000000000004,-82347.30727707804,LIKELY_CUSTOMER_SELL,95.0,IV down; option price down; volume confirms,-82347.30727707804,DRAM
DRAM261005C00062000,748.0,0.584965087890625,1.51,494.0,228485.36699161795,0.0857053870047332,0.3050587974776332,59.70000076293945,169.0,0.5644574804687501,0.965,1154.0,57657.95979852827,0.0890124921559914,0.5100515281176794,61.90999984741211,579.0,0.02050760742187485,0.545,170827.4071930897,LIKELY_CUSTOMER_BUY,95.0,IV up; option price up; volume confirms,-170827.4071930897,DRAM
DRAM261030C00085000,926.0,0.6347692773437501,0.205,6.0,22610.95735090392,0.0068510839749939,0.0334428114917,59.70000076293945,367.0,0.6894562304687502,0.245,586.0,15535.575407555096,0.011044337590405,0.0721239283918845,61.90999984741211,559.0,-0.05468695312500005,-0.04000000000000001,7075.3819433488225,LIKELY_CUSTOMER_SELL,95.0,IV down; option price down,7075.3819433488225,DRAM
DRAM261002P00053000,1364.0,0.851563984375,0.05,1094.0,-81047.37840788956,0.0166715480269366,-0.0272115539855181,59.70000076293945,815.0,0.7304714453125,0.11,769.0,-17707.360588345233,0.005668584391561,-0.008551338177454,61.90999984741211,549.0,0.12109253906250006,-0.06,-63340.01781954432,LIKELY_CUSTOMER_BUY,65.0,IV up; option price down; volume confirms,63340.01781954432,DRAM
DRAM260930P00060000,1024.0,0.73633076171875,0.425,5881.0,-629111.7038333005,0.1723769272302428,-0.5429791199692704,59.70000076293945,497.0,0.632816171875,1.275,1247.0,-232425.7899225749,0.122013060548986,-0.1670342844403154,61.90999984741211,527.0,0.10351458984374995,-0.8499999999999999,-396685.9139107256,LIKELY_CUSTOMER_BUY,65.0,IV up; option price down; volume confirms,396685.9139107256,DRAM
DRAM261002P00053500,922.0,0.8398453515625,0.065,377.0,-70106.05702598348,0.0213341796258285,-0.036058337501089,59.70000076293945,398.0,0.7226590234375,0.14,558.0,-11507.286995146264,0.00754341961461,-0.0117183751969089,61.90999984741211,524.0,0.11718632812499996,-0.07500000000000001,-58598.770030837215,LIKELY_CUSTOMER_BUY,65.0,IV up; option price down; volume confirms,58598.770030837215,DRAM
DRAM261016P00059000,983.0,0.5742230078125,1.965,3487.0,-191849.0639035442,0.0547592502535193,-0.4314037676323162,59.70000076293945,466.0,0.5617719604492188,2.615,700.0,-84882.41904561406,0.0475236977770331,-0.3180739199597597,61.90999984741211,517.0,0.012451047363281176,-0.6500000000000001,-106966.64485793012,LIKELY_CUSTOMER_BUY,65.0,IV up; option price down; volume confirms,106966.64485793012,DRAM
DRAM261002P00058500,1277.0,0.7314479980468749,0.565,515.0,-517254.7626429978,0.1136488191239033,-0.3423190180731532,59.70000076293945,766.0,0.65820654296875,1.095,1164.0,-195226.4822707896,0.0664949024767407,-0.1623678318353683,61.90999984741211,511.0,0.07324145507812485,-0.53,-322028.2803722082,LIKELY_CUSTOMER_BUY,65.0,IV up; option price down; volume confirms,322028.2803722082,DRAM
DRAM260930C00065000,2162.0,0.7773459765625,0.085,2383.0,149338.3483715765,0.0193805894124113,0.0193491557583919,59.70000076293945,1652.0,0.7226590234375,0.08,1516.0,484125.764059881,0.076458636083845,0.1027885595546644,61.90999984741211,510.0,0.05468695312500005,0.0050000000000000044,-334787.41568830446,LIKELY_CUSTOMER_BUY,95.0,IV up; option price up; volume confirms,334787.41568830446,DRAM
DRAM261002C00066000,2488.0,0.7480493945312501,0.3,5491.0,219451.40196019647,0.0247479545803272,0.037528639235144,59.70000076293945,1997.0,0.7500025,0.235,986.0,482940.588167742,0.0630948679759637,0.1835240559566715,61.90999984741211,491.0,-0.0019531054687499383,0.065,-263489.1862075456,LIKELY_CUSTOMER_SELL,65.0,IV down; option price up; volume confirms,-263489.1862075456,DRAM
DRAM260930P00057000,723.0,0.773439765625,0.035,306.0,-215499.24740878487,0.0836293626825291,-0.1217780674562784,59.70000076293945,233.0,0.65820654296875,0.26,1395.0,-8960.818511288955,0.0100339089190306,-0.0077854285378928,61.90999984741211,490.0,0.11523322265625002,-0.225,-206538.4288974959,LIKELY_CUSTOMER_BUY,65.0,IV up; option price down; volume confirms,206538.4288974959,DRAM
DRAM261002P00058000,2156.0,0.735354208984375,0.4549999999999999,656.0,-805548.4462820359,0.1048320876350926,-0.2870696039474936,59.70000076293945,1667.0,0.6816438085937502,0.96,1210.0,-367063.2628966759,0.0574491642493284,-0.1374380590805186,61.90999984741211,489.0,0.0537104003906248,-0.5050000000000001,-438485.18338536,LIKELY_CUSTOMER_BUY,65.0,IV up; option price down; volume confirms,438485.18338536,DRAM
DRAM260930C00061000,691.0,0.6953155468750001,1.04,3739.0,384242.06552235945,0.1560192505795536,0.2841049214376618,59.70000076293945,238.0,0.6425816992187501,0.61,929.0,157199.20436345134,0.172326386199808,0.6773625690527887,61.90999984741211,453.0,0.05273384765625,0.43000000000000005,227042.8611589081,LIKELY_CUSTOMER_BUY,95.0,IV up; option price up; volume confirms,-227042.8611589081,DRAM
DRAM260930P00059000,1795.0,0.8476577734374999,0.29,1717.0,-923743.2087255978,0.1443903377408378,-0.3857218164997174,59.70000076293945,1346.0,0.648441015625,0.8200000000000001,1350.0,-347973.63080178475,0.0674496451005046,-0.075121929249553,61.90999984741211,449.0,0.19921675781249992,-0.53,-575769.5779238131,LIKELY_CUSTOMER_BUY,65.0,IV up; option price down; volume confirms,575769.5779238131,DRAM
DRAM261030P00053500,3816.0,0.5918009570312501,1.21,52.0,-404201.8390928536,0.0297194827013639,-0.2264801484854901,59.70000076293945,3373.0,0.5607954077148438,1.4300000000000002,484.0,-310459.4818161956,0.02401413684835,-0.1596644601315033,61.90999984741211,443.0,0.03100554931640631,-0.2200000000000002,-93742.357276658,LIKELY_CUSTOMER_BUY,65.0,IV up; option price down,93742.357276658,DRAM
DRAM261009C00060000,976.0,0.5996133789062501,3.1,400.0,246878.936279,0.0709717552948683,0.5017219774373708,59.70000076293945,549.0,0.5835002587890624,2.27,1078.0,130410.38660153092,0.0619752421103529,0.6495479840450085,61.90999984741211,427.0,0.016113120117187685,0.8300000000000001,116468.54967746907,LIKELY_CUSTOMER_BUY,95.0,IV up; option price up; volume confirms,-116468.54967746907,DRAM
DRAM261016C00065000,12367.0,0.5918009570312501,1.6949999999999998,1744.0,1973177.3142201444,0.0447664936594739,0.2708147530198508,59.70000076293945,11959.0,0.5913126806640626,1.275,2964.0,2210549.107376292,0.0482262724621737,0.3808457274877995,61.90999984741211,408.0,0.00048827636718751233,0.41999999999999993,-237371.79315614747,LIKELY_CUSTOMER_BUY,95.0,IV up; option price up; volume confirms,237371.79315614747,DRAM
DRAM261002C00060500,615.0,0.7490259472656251,2.075,326.0,258501.3843295232,0.1179340149803037,0.4174566429572189,59.70000076293945,231.0,0.6977569287109376,1.38,555.0,83223.00867904197,0.0939960982592152,0.6557975262671957,61.90999984741211,384.0,0.05126901855468746,0.6950000000000003,175278.3756504812,LIKELY_CUSTOMER_BUY,95.0,IV up; option price up; volume confirms,-175278.3756504812,DRAM
DRAM261002C00075000,2717.0,0.95312546875,0.02,98.0,5561.988948711501,0.0005743700816115,0.0006981409233113,59.70000076293945,2336.0,0.95312546875,0.025,1614.0,63022.55387421391,0.0070388474636097,0.0149009457965151,61.90999984741211,381.0,0.0,-0.005000000000000001,-57460.56492550241,LIKELY_CUSTOMER_SELL,65.0,option price down,-57460.56492550241,DRAM
DRAM261030P00052000,820.0,0.6005899316406251,0.92,72.0,-75162.96062188844,0.0257182463846482,-0.1821589873880926,59.70000076293945,441.0,0.5800823242187501,1.14,494.0,-33777.23127215719,0.0199831455723237,-0.1278791979144929,61.90999984741211,379.0,0.020507607421875074,-0.21999999999999986,-41385.72934973126,LIKELY_CUSTOMER_BUY,65.0,IV up; option price down,41385.72934973126,DRAM
DRAM261106P00052000,387.0,0.5737347314453125,1.07,28.0,-34575.44632310054,0.0250673345166578,-0.1922925594115414,59.70000076293945,13.0,0.5961954443359375,1.525,377.0,-987.4331448196062,0.0198172205493271,-0.1527705686011629,61.90999984741211,374.0,-0.022460712890625012,-0.45499999999999985,-33588.01317828093,LIKELY_CUSTOMER_SELL,95.0,IV down; option price down,-33588.01317828093,DRAM
DRAM261030P00055000,1109.0,0.5854533642578125,1.575,154.0,-132066.9165759034,0.0334128729084112,-0.2769082112180397,59.70000076293945,745.0,0.5730023168945313,1.97,531.0,-79207.42159062176,0.027738820962642,-0.2082366559340116,61.90999984741211,364.0,0.012451047363281176,-0.395,-52859.494985281635,LIKELY_CUSTOMER_BUY,65.0,IV up; option price down,52859.494985281635,DRAM
DRAM261016P00055000,48463.0,0.5996133789062501,0.845,775.0,-7044059.612845825,0.0407815806546959,-0.2327249449911841,59.70000076293945,48101.0,0.5722699023437501,1.14,1634.0,-5629743.093330827,0.0305360505324575,-0.1503116472303695,61.90999984741211,362.0,0.027343476562500024,-0.29499999999999993,-1414316.5195149984,LIKELY_CUSTOMER_BUY,65.0,IV up; option price down; volume confirms,1414316.5195149984,DRAM
DRAM261005C00065000,601.0,0.57812921875,0.5700000000000001,1092.0,101110.6638175632,0.0472034581338501,0.1121685047426328,59.70000076293945,257.0,0.6113320117187502,0.435,657.0,68690.57925601462,0.0697336583266635,0.2830440699071909,61.90999984741211,344.0,-0.03320279296875017,0.13500000000000006,32420.084561548574,LIKELY_CUSTOMER_SELL,65.0,IV down; option price up; volume confirms,32420.084561548574,DRAM
DRAM261030P00050000,1148.0,0.6127968408203126,0.625,311.0,-83510.49242425252,0.0204103514559762,-0.1322520546850054,59.70000076293945,809.0,0.594730615234375,0.79,547.0,-47037.5721511997,0.015169622381513,-0.0902875941400209,61.90999984741211,339.0,0.018066225585937623,-0.16500000000000004,-36472.92027305281,LIKELY_CUSTOMER_BUY,65.0,IV up; option price down; volume confirms,36472.92027305281,DRAM
DRAM261016C00060500,506.0,0.5942423388671876,3.525,115.0,96817.36465812146,0.0536851371435092,0.4877588031906531,59.70000076293945,173.0,0.585941640625,2.7350000000000003,506.0,32665.460117228347,0.049263024399438,0.6026249572233631,61.90999984741211,333.0,0.008300698242187599,0.7899999999999996,64151.90454089311,LIKELY_CUSTOMER_BUY,95.0,IV up; option price up,-64151.90454089311,DRAM
DRAM261120C00060000,18050.0,0.6181678808593751,6.300000000000001,1817.0,1847529.5886951825,0.0287187493255996,0.5469782007527071,59.70000076293945,17736.0,0.6084023535156251,5.375,945.0,1836230.9332727704,0.0270115815534061,0.6087634975648191,61.90999984741211,314.0,0.009765527343750025,0.9250000000000007,11298.655422412092,LIKELY_CUSTOMER_BUY,95.0,IV up; option price up; volume confirms,-11298.655422412092,DRAM
DRAM261002C00063000,3476.0,0.7246121289062499,0.915,4690.0,962198.3409553344,0.077666934257442,0.1654851155658799,59.70000076293945,3163.0,0.709963837890625,0.625,2045.0,1180981.5984615723,0.0974142144860366,0.4075444819449613,61.90999984741211,313.0,0.014648291015624926,0.29000000000000004,-218783.25750623795,LIKELY_CUSTOMER_BUY,95.0,IV up; option price up; volume confirms,218783.25750623795,DRAM
DRAM261016P00071000,413.0,0.5898478515625001,10.225,1.0,-32990.05840125487,0.0224121932921043,-0.9078652268071168,59.70000076293945,101.0,0.5478560839843751,11.575,312.0,-11726.557894102025,0.0302919737876619,-0.8607785105509029,61.90999984741211,312.0,0.04199176757812495,-1.3499999999999996,-21263.500507152847,LIKELY_CUSTOMER_BUY,65.0,IV up; option price down,21263.500507152847,DRAM
DRAM261009P00058000,1467.0,0.6186561572265626,1.135,105.0,-337562.3184241521,0.0645617321650309,-0.3608814890462362,59.70000076293945,1157.0,0.5698285205078125,1.5699999999999998,471.0,-228618.08691220087,0.0515531992281608,-0.2264882150100637,61.90999984741211,310.0,0.04882763671875012,-0.43499999999999983,-108944.23151195122,LIKELY_CUSTOMER_BUY,65.0,IV up; option price down,108944.23151195122,DRAM
DRAM261002P00054500,558.0,0.804689453125,0.095,50.0,-65731.41987266048,0.033051421397488,-0.058980450766601,59.70000076293945,256.0,0.7148466015625,0.2299999999999999,520.0,-13084.175296967527,0.0133347470789981,-0.0225060867316058,61.90999984741211,302.0,0.08984285156249994,-0.1349999999999999,-52647.24457569295,LIKELY_CUSTOMER_BUY,65.0,IV up; option price down,52647.24457569295,DRAM
DRAM261002P00057000,2377.0,0.7460962890625,0.29,524.0,-702350.7131727466,0.0829041312414203,-0.1922678684927483,59.70000076293945,2079.0,0.6445348046875,0.575,681.0,-307595.0082977662,0.0386014117475424,-0.0736770147209737,61.90999984741211,298.0,0.10156148437500001,-0.285,-394755.7048749804,LIKELY_CUSTOMER_BUY,65.0,IV up; option price down; volume confirms,394755.7048749804,DRAM
DRAM261002P00056500,731.0,0.84179845703125,0.33,213.0,-183196.2868560077,0.0703154266950364,-0.1791039342090594,59.70000076293945,434.0,0.6435582519531251,0.4549999999999999,502.0,-50912.99321418419,0.0306067555483298,-0.0545710731238848,61.90999984741211,297.0,0.1982402050781249,-0.12499999999999989,-132283.29364182352,LIKELY_CUSTOMER_BUY,65.0,IV up; option price down; volume confirms,132283.29364182352,DRAM
DRAM261030P00053000,954.0,0.5922892333984376,1.0950000000000002,74.0,-96752.08308148808,0.0284553070408041,-0.2103210827141726,59.70000076293945,658.0,0.5822795678710937,1.405,327.0,-56892.6972080368,0.0225584379646862,-0.1537281878591987,61.90999984741211,296.0,0.010009665527343947,-0.30999999999999983,-39859.385873451276,LIKELY_CUSTOMER_BUY,65.0,IV up; option price down,39859.385873451276,DRAM
DRAM261002P00055500,705.0,0.773439765625,0.145,94.0,-124897.86365460305,0.0497069618786738,-0.0956716323953044,59.70000076293945,426.0,0.7041045214843751,0.36,334.0,-35689.876621302494,0.0218581721291341,-0.0401192955578676,61.90999984741211,279.0,0.06933524414062497,-0.215,-89207.98703330055,LIKELY_CUSTOMER_BUY,65.0,IV up; option price down,89207.98703330055,DRAM
DRAM261009P00055500,532.0,0.6621127539062501,0.635,65.0,-91082.910419475,0.048037079270209,-0.2226993353444419,59.70000076293945,254.0,0.5918009570312501,0.8300000000000001,410.0,-32076.309706038213,0.0329480013842815,-0.1198046624786394,61.90999984741211,278.0,0.070311796875,-0.19500000000000006,-59006.60071343678,LIKELY_CUSTOMER_BUY,65.0,IV up; option price down,59006.60071343678,DRAM
DRAM261030P00051000,856.0,0.6064492480468751,0.76,128.0,-70285.3228894282,0.0230378637936908,-0.1558262515374784,59.70000076293945,591.0,0.5776409423828125,0.91,282.0,-39405.41035217616,0.0173958946005569,-0.1045737648821976,61.90999984741211,265.0,0.02880830566406256,-0.15000000000000002,-30879.912537252036,LIKELY_CUSTOMER_BUY,65.0,IV up; option price down,30879.912537252036,DRAM
DRAM261120C00070000,15345.0,0.6184120190429689,2.7,1229.0,1360002.4767835226,0.0248670423030181,0.2915795627194193,59.70000076293945,15081.0,0.6191444335937502,2.265,2972.0,1480417.1470205244,0.0256113434948205,0.350378107642817,61.90999984741211,264.0,-0.000732414550781213,0.43500000000000005,-120414.67023700173,LIKELY_CUSTOMER_SELL,65.0,IV down; option price up; volume confirms,-120414.67023700173,DRAM
DRAM261002C00061500,612.0,0.7602563037109377,1.585,1094.0,229048.21277735432,0.1050090699219475,0.3100149778303893,59.70000076293945,353.0,0.6743196630859377,0.955,530.0,141131.21682024433,0.104310199188519,0.5574998691916606,61.90999984741211,259.0,0.08593664062499995,0.63,87916.99595710999,LIKELY_CUSTOMER_BUY,95.0,IV up; option price up; volume confirms,-87916.99595710999,DRAM
DRAM261002P00060000,6379.0,0.711916943359375,1.0,1976.0,-2876952.364812093,0.1265410388747485,-0.5257572857513892,59.70000076293945,6123.0,0.6826203613281252,1.86,553.0,-2109137.239073052,0.0898708758862521,-0.2936945798113229,61.90999984741211,256.0,0.02929658203124985,-0.8600000000000001,-767815.1257390408,LIKELY_CUSTOMER_BUY,65.0,IV up; option price down; volume confirms,767815.1257390408,DRAM
DRAM261002C00059500,460.0,0.7421900781249999,2.67,377.0,198563.29375445377,0.121113474467812,0.5368653235130557,59.70000076293945,213.0,0.7065459033203125,1.86,505.0,66184.78675528568,0.0810694010840925,0.7444166752130877,61.90999984741211,247.0,0.0356441748046874,0.8099999999999998,132378.50699916808,LIKELY_CUSTOMER_BUY,95.0,IV up; option price up; volume confirms,-132378.50699916808,DRAM
DRAM260930P00054000,285.0,1.0312548437500002,0.01,1.0,-21155.76914353685,0.0208274109316595,-0.0295088840280187,59.70000076293945,52.0,0.73437765625,0.04,272.0,-55.40121911328031,0.0002779677246073,-0.00017292734933,61.90999984741211,233.0,0.29687718750000025,-0.03,-21100.367924423572,LIKELY_CUSTOMER_BUY,65.0,IV up; option price down,21100.367924423572,DRAM
DRAM261016C00057000,1366.0,0.6137733935546876,5.725,106.0,230010.0260107189,0.0472440797976299,0.6693227144921035,59.70000076293945,1136.0,0.6289099609375001,4.775,655.0,162885.53506730858,0.0374095583947981,0.7550249692812551,61.90999984741211,230.0,-0.015136567382812438,0.9499999999999993,67124.49094341032,LIKELY_CUSTOMER_SELL,65.0,IV down; option price up,67124.49094341032,DRAM
DRAM261016P00052000,2528.0,0.6113320117187502,0.38,1142.0,-240995.1335103908,0.0267474589611954,-0.1237262433363257,59.70000076293945,2301.0,0.5961954443359375,0.565,704.0,-157851.3630926642,0.0178982311249691,-0.0757081791139987,61.90999984741211,227.0,0.01513656738281266,-0.18499999999999994,-83143.7704177266,LIKELY_CUSTOMER_BUY,65.0,IV up; option price down; volume confirms,83143.7704177266,DRAM
DRAM260930P00056000,3085.0,0.7656273437500001,0.01,152.0,-494176.7101669332,0.0449446944359683,-0.0526917540075886,59.70000076293945,2858.0,0.710940390625,0.1649999999999999,911.0,-47229.989024830014,0.0043115558319677,-0.0032868525846232,61.90999984741211,227.0,0.05468695312500005,-0.1549999999999999,-446946.7211421032,LIKELY_CUSTOMER_BUY,65.0,IV up; option price down; volume confirms,446946.7211421032,DRAM
DRAM261023P00055000,1665.0,0.5722699023437501,1.14,99.0,-221992.99475053896,0.0374090223783703,-0.2545691181595515,59.70000076293945,1440.0,0.5473678076171876,1.445,297.0,-164109.1253133311,0.0297336779191043,-0.1756408880903284,61.90999984741211,225.0,0.024902094726562463,-0.30500000000000016,-57883.869437207846,LIKELY_CUSTOMER_BUY,65.0,IV up; option price down,57883.869437207846,DRAM
DRAM261030P00054000,764.0,0.5712933496093751,1.23,134.0,-86060.26083548053,0.0316053516006049,-0.2374133705710877,59.70000076293945,548.0,0.5800823242187501,1.685,284.0,-52763.0001981203,0.0251204443900276,-0.1805611388406459,61.90999984741211,216.0,-0.008788974609375,-0.45500000000000007,-33297.260637360225,LIKELY_CUSTOMER_SELL,95.0,IV down; option price down; volume confirms,-33297.260637360225,DRAM
DRAM260930C00059000,316.0,0.79687703125,2.535,390.0,172170.93048702326,0.1528706353670474,0.620294980810547,59.70000076293945,104.0,0.594730615234375,1.4300000000000002,633.0,24223.652530639916,0.0607693628713539,0.9412858113682178,61.90999984741211,212.0,0.202146416015625,1.105,147947.27795638333,LIKELY_CUSTOMER_BUY,95.0,IV up; option price up; volume confirms,-147947.27795638333,DRAM
DRAM261002P00059000,4147.0,0.7226590234375,0.685,1355.0,-1788957.2154769995,0.1210367476717386,-0.4007794960123541,59.70000076293945,3940.0,0.6826203613281252,1.365,573.0,-1128808.8789878648,0.0747485184428283,-0.2077638683793337,61.90999984741211,207.0,0.04003866210937479,-0.6799999999999999,-660148.3364891347,LIKELY_CUSTOMER_BUY,65.0,IV up; option price down; volume confirms,660148.3364891347,DRAM
DRAM261016C00061000,3375.0,0.5944864770507813,3.275,357.0,642791.2828564557,0.0534376717574499,0.4614620717916703,59.70000076293945,3170.0,0.5861857788085938,2.5250000000000004,557.0,607235.424567272,0.0499776960144933,0.5773160112014353,61.90999984741211,205.0,0.008300698242187488,0.7499999999999996,35555.8582891837,LIKELY_CUSTOMER_BUY,95.0,IV up; option price up; volume confirms,-35555.8582891837,DRAM
DRAM261016C00059000,6021.0,0.5983926879882813,4.375,323.0,1128028.102504935,0.0525657201681245,0.5678016135741628,59.70000076293945,5817.0,0.5874064697265625,3.45,406.0,1020544.3319928916,0.0457731926606,0.6764725337430602,61.90999984741211,204.0,0.01098621826171875,0.9249999999999998,107483.7705120435,LIKELY_CUSTOMER_BUY,95.0,IV up; option price up; volume confirms,-107483.7705120435,DRAM
DRAM261002C00059000,3393.0,0.73633076171875,3.0,563.0,1437829.1000890876,0.1188980511009157,0.5978036102973137,59.70000076293945,3190.0,0.6806672558593752,2.06,1266.0,914944.6643050556,0.0748311707422883,0.7928538898050113,61.90999984741211,203.0,0.05566350585937485,0.94,522884.435784032,LIKELY_CUSTOMER_BUY,95.0,IV up; option price up; volume confirms,-522884.435784032,DRAM
DRAM261120P00043000,210.0,0.6420934228515626,0.395,2.0,-6659.90483234643,0.0088981568154579,-0.0654669965157523,59.70000076293945,11.0,0.632816171875,0.485,213.0,-282.4079713952453,0.0066982701640525,-0.0475345118965762,61.90999984741211,199.0,0.009277250976562512,-0.08999999999999997,-6377.496860951185,LIKELY_CUSTOMER_BUY,65.0,IV up; option price down,6377.496860951185,DRAM
DRAM261030C00062000,750.0,0.6001016552734376,3.95,146.0,103146.64985714229,0.0385873709589472,0.4543835608945782,59.70000076293945,554.0,0.5993692407226563,3.25,253.0,77955.40689634363,0.0367125771442527,0.5392203696898494,61.90999984741211,196.0,0.000732414550781324,0.7000000000000002,25191.242960798656,LIKELY_CUSTOMER_BUY,95.0,IV up; option price up; volume confirms,-25191.242960798656,DRAM
DRAM261016C00060000,23575.0,0.5918009570312501,3.775,915.0,4528672.498061518,0.0538977381305311,0.5142190122690812,59.70000076293945,23380.0,0.5864299169921875,2.96,1363.0,4327121.376877387,0.0482873047108072,0.6276397282015171,61.90999984741211,195.0,0.005371040039062636,0.815,201551.12118413113,LIKELY_CUSTOMER_BUY,95.0,IV up; option price up; volume confirms,-201551.12118413113,DRAM
DRAM261106P00050000,204.0,0.6274451318359376,0.92,41.0,-14637.235441939154,0.0201316892371564,-0.1567876523580833,59.70000076293945,25.0,0.6001016552734376,1.065,228.0,-1511.8283313160134,0.0157775972261289,-0.1108981074450896,61.90999984741211,179.0,0.027343476562500024,-0.1449999999999999,-13125.40711062314,LIKELY_CUSTOMER_BUY,65.0,IV up; option price down,13125.40711062314,DRAM
DRAM261016C00075000,32094.0,0.6201209863281252,0.26,768.0,1438374.0166004505,0.0125747484939447,0.0465894601477749,59.70000076293945,31916.0,0.641605146484375,0.22,915.0,2437398.1302863383,0.0199249119719929,0.0963681291674843,61.90999984741211,178.0,-0.021484160156249876,0.04000000000000001,-999024.1136858878,LIKELY_CUSTOMER_SELL,65.0,IV down; option price up; volume confirms,-999024.1136858878,DRAM
DRAM261120C00075000,5160.0,0.6201209863281252,1.7000000000000002,161.0,371227.6545182369,0.0201856131747725,0.1992608593276179,59.70000076293945,4985.0,0.610599597167969,1.34,284.0,420392.2516136645,0.0220022925177759,0.2443792780503621,61.90999984741211,175.0,0.009521389160156213,0.3600000000000001,-49164.59709542763,LIKELY_CUSTOMER_BUY,95.0,IV up; option price up; volume confirms,49164.59709542763,DRAM
DRAM261120P00045000,9335.0,0.6293982373046876,0.565,269.0,-383579.6105999568,0.011529023337194,-0.0896577444762436,59.70000076293945,9162.0,0.6137733935546876,0.665,215.0,-308854.4502191897,0.0087951240651831,-0.0645710178538662,61.90999984741211,173.0,0.01562484374999995,-0.10000000000000009,-74725.16038076713,LIKELY_CUSTOMER_BUY,65.0,IV up; option price down; volume confirms,74725.16038076713,DRAM
DRAM261002C00062500,512.0,0.7509790527343749,1.145,1548.0,160207.6712509465,0.087793967019468,0.213955038035251,59.70000076293945,340.0,0.676761044921875,0.675,300.0,135909.00540742467,0.1042912112316127,0.4528144434802132,61.90999984741211,172.0,0.07421800781249988,0.47,24298.665843521827,LIKELY_CUSTOMER_BUY,95.0,IV up; option price up; volume confirms,-24298.665843521827,DRAM
DRAM261016P00058000,2268.0,0.5854533642578125,1.64,381.0,-419837.96625893086,0.0519385697346025,-0.3777957284346238,59.70000076293945,2099.0,0.5776409423828125,2.235,245.0,-347230.9000862914,0.04316028677288,-0.2740538396151286,61.90999984741211,169.0,0.007812421874999975,-0.595,-72607.06617263943,LIKELY_CUSTOMER_BUY,65.0,IV up; option price down; volume confirms,72607.06617263943,DRAM
DRAM261120P00053000,262.0,0.5976602734375001,2.01,102.0,-22322.4561061458,0.0239051797143037,-0.2515677756626508,59.70000076293945,94.0,0.5695843823242188,2.23,236.0,-7481.377921055533,0.0207650095009144,-0.1957816703297137,61.90999984741211,168.0,0.028075891113281237,-0.2200000000000002,-14841.078185090268,LIKELY_CUSTOMER_BUY,65.0,IV up; option price down; volume confirms,14841.078185090268,DRAM
DRAM261016P00060000,6441.0,0.5556685058593751,2.3,2142.0,-1317986.2636229629,0.0574128242827931,-0.4879711453112199,59.70000076293945,6273.0,0.5610395458984375,3.125,437.0,-1209881.9984289054,0.050320636009471,-0.3689103484633723,61.90999984741211,168.0,-0.0053710400390624136,-0.8250000000000002,-108104.26519405749,LIKELY_CUSTOMER_SELL,95.0,IV down; option price down; volume confirms,-108104.26519405749,DRAM
DRAM261002P00061500,853.0,0.7041045214843751,1.67,359.0,-336965.0499729335,0.1108376102950385,-0.7052878439025598,59.70000076293945,687.0,0.6630893066406252,2.73,218.0,-279260.2393396328,0.1060549058975412,-0.4419384755789811,61.90999984741211,166.0,0.041015214843749925,-1.06,-57704.81063330069,LIKELY_CUSTOMER_BUY,65.0,IV up; option price down; volume confirms,57704.81063330069,DRAM
DRAM261023C00065000,1001.0,0.5939982006835938,2.26,194.0,142560.8781341189,0.0399592760099647,0.31598124503539,59.70000076293945,841.0,0.5722699023437501,1.655,364.0,137510.2552185001,0.0426596694949728,0.4049274393608023,61.90999984741211,160.0,0.021728298339843688,0.6049999999999998,5050.622915618791,LIKELY_CUSTOMER_BUY,95.0,IV up; option price up; volume confirms,-5050.622915618791,DRAM
DRAM261002C00049500,172.0,0.937500625,11.8,1.0,1391.8039579845272,0.0022703925180993,0.99690628420107,59.70000076293945,13.0,0.500005,10.2,163.0,0.0314242622854995,6.306670376407277e-07,0.9999996565070388,61.90999984741211,159.0,0.43749562499999994,1.6000000000000014,1391.7725337222416,LIKELY_CUSTOMER_BUY,95.0,IV up; option price up,-1391.7725337222416,DRAM
DRAM261030C00070000,8119.0,0.6010782080078126,1.48,454.0,802796.127278288,0.0277430403804884,0.2065676786043542,59.70000076293945,7963.0,0.5961954443359375,1.14,373.0,945242.147809086,0.030970253252828,0.2741145211886089,61.90999984741211,156.0,0.004882763671875123,0.3400000000000001,-142446.020530798,LIKELY_CUSTOMER_BUY,95.0,IV up; option price up; volume confirms,142446.020530798,DRAM
DRAM261002C00043000,146.0,2.61719095703125,18.25,4.0,3605.179749699815,0.0069282794073982,0.9634118202409206,59.70000076293945,0.0,2.0156299609375,16.975,145.0,0.0,0.003988876117223,0.981589506443437,61.90999984741211,146.0,0.6015609960937502,1.2749999999999986,3605.179749699815,LIKELY_CUSTOMER_BUY,95.0,IV up; option price up,-3605.179749699815,DRAM
DRAM261016P00049000,2989.0,0.719729365234375,0.285,41.0,-177875.2078199847,0.0166970916920793,-0.0811013884862157,59.70000076293945,2845.0,0.624027197265625,0.26,210.0,-100006.0558106636,0.0091711209842196,-0.0345565892824311,61.90999984741211,144.0,0.09570216796874997,0.024999999999999967,-77869.1520093211,LIKELY_CUSTOMER_BUY,95.0,IV up; option price up,77869.1520093211,DRAM
DRAM261016C00062000,6569.0,0.5886271606445312,2.78,493.0,1236100.63051977,0.0527965923443761,0.408700832618196,59.70000076293945,6427.0,0.5881388842773438,2.15,635.0,1247829.5642167828,0.0506553552155657,0.5265885199568516,61.90999984741211,142.0,0.0004882763671874013,0.6299999999999999,-11728.933697012719,LIKELY_CUSTOMER_BUY,95.0,IV up; option price up; volume confirms,11728.933697012719,DRAM
DRAM261120P00059000,341.0,0.5742230078125,4.125,11.0,-37172.29147296891,0.0305855490818719,-0.4253167347910048,59.70000076293945,199.0,0.5795940478515625,4.875,152.0,-21091.18688164036,0.027651986586496,-0.3611059546714826,61.90999984741211,142.0,-0.005371040039062525,-0.75,-16081.104591328549,LIKELY_CUSTOMER_SELL,95.0,IV down; option price down,-16081.104591328549,DRAM
DRAM261002P00057500,2101.0,0.804689453125,0.455,634.0,-673952.5178356584,0.0900025002840896,-0.2534062811319777,59.70000076293945,1959.0,0.6962920996093751,0.825,238.0,-369775.8210774786,0.0492473048823826,-0.1136388185341377,61.90999984741211,142.0,0.10839735351562485,-0.36999999999999994,-304176.6967581798,LIKELY_CUSTOMER_BUY,65.0,IV up; option price down; volume confirms,304176.6967581798,DRAM
DRAM261106P00045000,148.0,0.649417568359375,0.34,22.0,-5617.176357477733,0.0106489716413486,-0.0680997248855429,59.70000076293945,6.0,0.6044961425781252,0.35,170.0,-163.02815365841585,0.0070890779827685,-0.0396743765279425,61.90999984741211,142.0,0.0449214257812498,-0.009999999999999953,-5454.148203819317,LIKELY_CUSTOMER_BUY,65.0,IV up; option price down,5454.148203819317,DRAM
DRAM260930P00058000,616.0,0.773439765625,0.095,724.0,-276301.24593412684,0.1258500689362469,-0.2306994074063304,59.70000076293945,479.0,0.6210975390625001,0.435,543.0,-46703.409830911725,0.0254384983111774,-0.0213634552478373,61.90999984741211,137.0,0.15234222656249996,-0.33999999999999997,-229597.83610321512,LIKELY_CUSTOMER_BUY,65.0,IV up; option price down; volume confirms,229597.83610321512,DRAM
DRAM261106C00065500,134.0,0.6171913281250001,3.2,1.0,15260.347569339368,0.0319529495341622,0.3620637092932147,59.70000076293945,1.0,0.6062051098632814,2.5700000000000003,135.0,124.47925630537348,0.0324769606494384,0.4328609162198672,61.90999984741211,133.0,0.01098621826171875,0.6299999999999999,15135.868313033994,LIKELY_CUSTOMER_BUY,95.0,IV up; option price up,-15135.868313033994,DRAM
DRAM261023P00058000,355.0,0.559574716796875,2.015,55.0,-57648.51348062238,0.0455628714954185,-0.3844396114556261,59.70000076293945,225.0,0.5610395458984375,2.66,156.0,-33320.58523230174,0.0386374536082802,-0.2933279381327976,61.90999984741211,130.0,-0.001464829101562537,-0.645,-24327.92824832064,LIKELY_CUSTOMER_SELL,95.0,IV down; option price down,-24327.92824832064,DRAM
DRAM261120P00060000,4938.0,0.5671430004882813,4.55,82.0,-551490.0070890291,0.0313355908910292,-0.4567129649845401,59.70000076293945,4809.0,0.5698285205078125,5.325,254.0,-531048.311279229,0.0288109546712964,-0.3898402303356882,61.90999984741211,129.0,-0.0026855200195312623,-0.7750000000000004,-20441.69580980006,LIKELY_CUSTOMER_SELL,95.0,IV down; option price down; volume confirms,-20441.69580980006,DRAM
DRAM261002C00045000,150.0,2.2617230957031245,16.25,9.0,4428.422816630431,0.0082834097968792,0.9619189795001044,59.70000076293945,21.0,1.78515732421875,14.975,147.0,388.64757043234334,0.0048285313614887,0.9800185299387756,61.90999984741211,129.0,0.4765657714843745,1.2750000000000004,4039.7752461980876,LIKELY_CUSTOMER_BUY,95.0,IV up; option price up,-4039.7752461980876,DRAM
