contractSymbol,lastTradeDate,strike,last_price,bid,ask,change,percentChange,volume,oi,iv,inTheMoney,contractSize,currency,ticker,type,expiration,T,mid,gamma,delta,public_gex,spot,underlying_return,snapshot_date
SMH260710C00335000,2026-07-01 18:24:33+00:00,335.0,287.3,256.5,261.45,0.0,0.0,8.0,6,2.075200124511718,True,REGULAR,USD,SMH,call,2026-07-10,0.019178082191780823,258.975,0.00024287458094344127,0.9833854170972636,511.2132279359884,592.2899780273438,-0.04540186788465472,2026-07-03
SMH260710C00350000,2026-06-29 13:48:53+00:00,350.0,269.45,241.5,246.5,0.0,0.0,3.0,4,1.9399417065429687,True,REGULAR,USD,SMH,call,2026-07-10,0.019178082191780823,244.0,0.0002791354521953502,0.9819293846298129,391.6911491076323,592.2899780273438,-0.04540186788465472,2026-07-03
SMH260710C00365000,2026-06-30 15:22:59+00:00,365.0,287.07,226.5,231.5,0.0,0.0,2.0,1,1.8046884765624998,True,REGULAR,USD,SMH,call,2026-07-10,0.019178082191780823,229.0,0.0003195802050436532,0.9805398863441729,112.1111065981665,592.2899780273438,-0.04540186788465472,2026-07-03
SMH260710C00370000,2026-07-02 17:46:32+00:00,370.0,216.37,221.5,226.5,-75.78,-25.938732,4.0,2,1.7607433837890625,True,REGULAR,USD,SMH,call,2026-07-10,0.019178082191780823,224.0,0.00033466308706633154,0.9800416024635384,234.8045869952427,592.2899780273438,-0.04540186788465472,2026-07-03
SMH260710C00380000,2026-06-15 19:14:51+00:00,380.0,268.95,211.5,216.5,0.0,0.0,0.0,1,1.674318034667969,True,REGULAR,USD,SMH,call,2026-07-10,0.019178082191780823,214.0,0.000367551276336621,0.9789925146663291,128.93971426058272,592.2899780273438,-0.04540186788465472,2026-07-03
SMH260710C00395000,2026-07-01 13:30:29+00:00,395.0,242.55,196.55,201.5,0.0,0.0,1.0,2,1.552492471923828,True,REGULAR,USD,SMH,call,2026-07-10,0.019178082191780823,199.025,0.00042796351664597503,0.9769965156875585,300.26555260686024,592.2899780273438,-0.04540186788465472,2026-07-03
SMH260710C00400000,2026-06-12 15:29:51+00:00,400.0,226.0,192.0,196.95,0.0,0.0,0.0,1,1.579836085205078,True,REGULAR,USD,SMH,call,2026-07-10,0.019178082191780823,194.475,0.0004996063012237329,0.9717432131575214,175.26559658461545,592.2899780273438,-0.04540186788465472,2026-07-03
SMH260710C00405000,2026-07-02 18:01:40+00:00,405.0,180.5,187.0,191.95,-40.47,-18.314705,1.0,3,1.5375999682617185,True,REGULAR,USD,SMH,call,2026-07-10,0.019178082191780823,189.475,0.0005250599255606358,0.9709650402480821,552.5847504564288,592.2899780273438,-0.04540186788465472,2026-07-03
SMH260710C00410000,2026-06-26 14:16:45+00:00,410.0,211.18,182.0,186.95,0.0,0.0,1.0,3,1.495852130126953,True,REGULAR,USD,SMH,call,2026-07-10,0.019178082191780823,184.475,0.0005522986968452614,0.9701476473183412,581.2514395338385,592.2899780273438,-0.04540186788465472,2026-07-03
SMH260710C00415000,2026-06-30 14:04:15+00:00,415.0,236.2,177.0,181.95,0.0,0.0,1.0,2,1.4545925708007812,True,REGULAR,USD,SMH,call,2026-07-10,0.019178082191780823,179.475,0.0005815093676545106,0.9692865321499651,407.9955997026917,592.2899780273438,-0.04540186788465472,2026-07-03
SMH260710C00420000,2026-06-12 15:29:51+00:00,420.0,206.45,172.0,176.95,0.0,0.0,0.0,1,1.4135771508789063,True,REGULAR,USD,SMH,call,2026-07-10,0.019178082191780823,174.475,0.000612682796473893,0.9683970086857027,214.93366992791323,592.2899780273438,-0.04540186788465472,2026-07-03
SMH260710C00425000,2026-06-24 18:05:57+00:00,425.0,188.45,167.0,171.95,0.0,0.0,1.0,0,1.3730500097656249,True,REGULAR,USD,SMH,call,2026-07-10,0.019178082191780823,169.475,0.000646250822871214,0.9674549854254516,0.0,592.2899780273438,-0.04540186788465472,2026-07-03
SMH260710C00430000,2026-06-12 15:30:06+00:00,430.0,196.65,162.0,167.0,0.0,0.0,0.0,1,1.3359408203124996,True,REGULAR,USD,SMH,call,2026-07-10,0.019178082191780823,164.5,0.0006854997675300165,0.9661838735405355,240.47840353590863,592.2899780273438,-0.04540186788465472,2026-07-03
SMH260710C00435000,2026-07-02 14:16:59+00:00,435.0,186.46,157.0,162.0,9.110001,5.1367354,2.0,2,1.2959019580078124,True,REGULAR,USD,SMH,call,2026-07-10,0.019178082191780823,159.5,0.000724379451092637,0.9651504832292795,508.235369883907,592.2899780273438,-0.04540186788465472,2026-07-03
SMH260710C00440000,2026-07-02 14:01:18+00:00,440.0,185.25,152.05,157.0,-20.75,-10.072815,3.0,5,1.2592810473632814,True,REGULAR,USD,SMH,call,2026-07-10,0.019178082191780823,154.525,0.0007699653746583666,0.9637471966642414,1350.5478254422892,592.2899780273438,-0.04540186788465472,2026-07-03
SMH260710C00450000,2026-07-02 15:34:48+00:00,450.0,140.62,142.5,147.45,-29.730011,-17.45231,3.0,3,1.2292519006347655,True,REGULAR,USD,SMH,call,2026-07-10,0.019178082191780823,144.975,0.0009271075490744778,0.9557702934324502,975.7086166966072,592.2899780273438,-0.04540186788465472,2026-07-03
SMH260710C00452500,2026-06-26 15:51:07+00:00,452.5,164.8,140.0,144.95,0.0,0.0,3.0,2,1.2091103997802732,True,REGULAR,USD,SMH,call,2026-07-10,0.019178082191780823,142.475,0.0009546785527030789,0.9550627383074823,669.8166363242578,592.2899780273438,-0.04540186788465472,2026-07-03
SMH260710C00455000,2026-06-29 14:56:30+00:00,455.0,162.38,137.5,142.5,0.0,0.0,1.0,1,1.191654432373047,True,REGULAR,USD,SMH,call,2026-07-10,0.019178082191780823,140.0,0.0009868066873020445,0.9540137286963887,346.1791061082499,592.2899780273438,-0.04540186788465472,2026-07-03
SMH260710C00460000,2026-06-24 14:20:07+00:00,460.0,156.75,132.5,137.45,0.0,0.0,2.0,8,1.1494183154296875,True,REGULAR,USD,SMH,call,2026-07-10,0.019178082191780823,134.975,0.001045107937311609,0.9527759061786901,2933.0529367556314,592.2899780273438,-0.04540186788465472,2026-07-03
SMH260710C00465000,2026-05-29 14:51:26+00:00,465.0,143.05,127.5,132.45,0.0,0.0,1.0,1,1.1099898016357421,True,REGULAR,USD,SMH,call,2026-07-10,0.019178082191780823,129.975,0.00111232578147264,0.9511294320988642,390.21213545292653,592.2899780273438,-0.04540186788465472,2026-07-03
SMH260710C00470000,2026-07-02 14:01:42+00:00,470.0,155.57,122.5,127.5,-43.199997,-21.73366,1.0,5,1.0730026818847658,True,REGULAR,USD,SMH,call,2026-07-10,0.019178082191780823,125.0,0.001189383803019568,0.9490590731619838,2086.223305167562,592.2899780273438,-0.04540186788465472,2026-07-03
SMH260710C00475000,2026-07-02 14:17:28+00:00,475.0,146.57,117.55,122.5,-9.789993,-6.2611876,3.0,23,1.0362597015380863,True,REGULAR,USD,SMH,call,2026-07-10,0.019178082191780823,120.025,0.0012741459318923677,0.9468317525912568,10280.536426113587,592.2899780273438,-0.04540186788465472,2026-07-03
SMH260710C00480000,2026-06-12 15:29:29+00:00,480.0,144.0,113.0,117.5,-4.649994,-3.1281493,1.0,1,1.0166064794921876,True,REGULAR,USD,SMH,call,2026-07-10,0.019178082191780823,115.25,0.0013972475600605723,0.9416729958266759,490.164808951736,592.2899780273438,-0.04540186788465472,2026-07-03
SMH260710C00490000,2026-07-02 17:53:03+00:00,490.0,96.67,103.0,107.95,-45.29001,-31.903357,1.0,2,0.956055126953125,True,REGULAR,USD,SMH,call,2026-07-10,0.019178082191780823,105.475,0.0016418267542930444,0.933703856174048,1151.930009188939,592.2899780273438,-0.04540186788465472,2026-07-03
SMH260710C00495000,2026-06-25 16:11:09+00:00,495.0,145.9,98.05,103.0,0.0,0.0,3.0,4,0.9202888830566407,True,REGULAR,USD,SMH,call,2026-07-10,0.019178082191780823,100.525,0.0017737317666735345,0.9302557122682982,2488.9530456735033,592.2899780273438,-0.04540186788465472,2026-07-03
SMH260710C00500000,2026-07-02 16:36:22+00:00,500.0,92.0,93.7,97.95,-66.89,-42.09831,12.0,13,0.9022226574707031,True,REGULAR,USD,SMH,call,2026-07-10,0.019178082191780823,95.825,0.0019549427434877283,0.9228234058507342,8915.509412170419,592.2899780273438,-0.04540186788465472,2026-07-03
SMH260710C00505000,2026-06-05 19:38:17+00:00,505.0,85.03,88.5,93.5,0.0,0.0,3.0,3,0.8740246972656249,True,REGULAR,USD,SMH,call,2026-07-10,0.019178082191780823,91.0,0.0021352764293296783,0.9168358750372055,2247.21243312707,592.2899780273438,-0.04540186788465472,2026-07-03
SMH260710C00510000,2026-06-26 18:20:48+00:00,510.0,82.15,83.55,88.5,-25.400002,-23.616924,1.0,15,0.8353287951660155,True,REGULAR,USD,SMH,call,2026-07-10,0.019178082191780823,86.025,0.002316952763089218,0.9126990812087472,12192.063249198909,592.2899780273438,-0.04540186788465472,2026-07-03
SMH260710C00515000,2026-06-23 14:40:02+00:00,515.0,120.31,79.0,84.0,0.0,0.0,1.0,3,0.8238543005371093,True,REGULAR,USD,SMH,call,2026-07-10,0.019178082191780823,81.5,0.002571141994565073,0.9013636313406066,2705.927053826753,592.2899780273438,-0.04540186788465472,2026-07-03
SMH260710C00520000,2026-07-01 19:52:28+00:00,520.0,75.0,74.05,79.0,-29.589996,-28.291422,1.0,7,0.7841818457031251,True,REGULAR,USD,SMH,call,2026-07-10,0.019178082191780823,76.525,0.0028042722997003284,0.896163066957609,6886.316675193677,592.2899780273438,-0.04540186788465472,2026-07-03
SMH260710C00525000,2026-07-02 14:49:00+00:00,525.0,80.9,69.95,74.45,-31.900002,-28.280142,5.0,6,0.77929908203125,True,REGULAR,USD,SMH,call,2026-07-10,0.019178082191780823,72.2,0.0031164805032971097,0.8807079152551233,6559.706872993423,592.2899780273438,-0.04540186788465472,2026-07-03
SMH260710C00527500,2026-06-29 19:05:39+00:00,527.5,104.87,67.05,72.0,0.0,0.0,1.0,2,0.7490259472656251,True,REGULAR,USD,SMH,call,2026-07-10,0.019178082191780823,69.525,0.003251777517044062,0.8802205499689346,2281.495349795215,592.2899780273438,-0.04540186788465472,2026-07-03
SMH260710C00530000,2026-07-02 15:21:11+00:00,530.0,70.99,65.45,69.75,-26.11,-26.889805,5.0,12,0.7568383691406251,True,REGULAR,USD,SMH,call,2026-07-10,0.019178082191780823,67.6,0.003432588945201294,0.8686250060926453,14450.131982007484,592.2899780273438,-0.04540186788465472,2026-07-03
SMH260710C00535000,2026-07-01 18:06:44+00:00,535.0,90.6,60.5,65.45,0.0,0.0,1.0,22,0.731325928955078,True,REGULAR,USD,SMH,call,2026-07-10,0.019178082191780823,62.975,0.003781308350678634,0.8560355121069947,29183.242427553945,592.2899780273438,-0.04540186788465472,2026-07-03
SMH260710C00540000,2026-07-02 18:21:37+00:00,540.0,54.65,56.0,61.0,-35.25,-39.21023,7.0,10,0.7106352178955078,True,REGULAR,USD,SMH,call,2026-07-10,0.019178082191780823,58.5,0.004167090341712916,0.8404198014623692,14618.4620364754,592.2899780273438,-0.04540186788465472,2026-07-03
SMH260710C00545000,2026-07-02 19:03:26+00:00,545.0,49.41,51.5,56.5,-63.09,-56.08,1.0,29,0.6864655377197266,True,REGULAR,USD,SMH,call,2026-07-10,0.019178082191780823,54.0,0.004593874268766993,0.8240479418123805,46735.38996398372,592.2899780273438,-0.04540186788465472,2026-07-03
SMH260710C00550000,2026-07-02 19:04:23+00:00,550.0,45.0,47.95,52.0,-31.910004,-41.49006,157.0,54,0.6787141503906251,True,REGULAR,USD,SMH,call,2026-07-10,0.019178082191780823,49.975,0.005021852464613587,0.8004673061655849,95131.96724057855,592.2899780273438,-0.04540186788465472,2026-07-03
SMH260710C00555000,2026-07-02 18:29:13+00:00,555.0,42.24,44.0,47.3,-31.609997,-42.802975,11.0,13,0.6556430920410157,True,REGULAR,USD,SMH,call,2026-07-10,0.019178082191780823,45.65,0.0055149883264580014,0.7793628314791434,25151.08460149894,592.2899780273438,-0.04540186788465472,2026-07-03
SMH260710C00557500,2026-06-26 13:37:58+00:00,557.5,65.45,41.05,46.0,0.0,0.0,9.0,27,0.6444127355957032,True,REGULAR,USD,SMH,call,2026-07-10,0.019178082191780823,43.525,0.0057757053708730795,0.7677728440795835,54706.32779485785,592.2899780273438,-0.04540186788465472,2026-07-03
SMH260710C00560000,2026-06-30 18:47:33+00:00,560.0,99.89,39.0,43.95,0.0,0.0,1.0,15,0.6350744500732424,True,REGULAR,USD,SMH,call,2026-07-10,0.019178082191780823,41.475,0.006035748599233727,0.7549380629964273,31760.78073339974,592.2899780273438,-0.04540186788465472,2026-07-03
SMH260710C00562500,2026-07-02 18:29:13+00:00,562.5,36.48,37.9,41.3,-40.920002,-52.868217,8.0,24,0.63086306640625,True,REGULAR,USD,SMH,call,2026-07-10,0.019178082191780823,39.599999999999994,0.006269275157300644,0.7399359835364208,52783.39754671823,592.2899780273438,-0.04540186788465472,2026-07-03
SMH260710C00565000,2026-07-02 19:59:00+00:00,565.0,36.08,36.0,39.35,-59.07,-62.080925,9.0,137,0.6237830590820312,True,REGULAR,USD,SMH,call,2026-07-10,0.019178082191780823,37.675,0.00652009602763029,0.7251221678894607,313359.83326539525,592.2899780273438,-0.04540186788465472,2026-07-03
SMH260710C00567500,2026-07-02 19:54:35+00:00,567.5,33.35,34.1,37.5,-30.71,-47.93943,6.0,29,0.617313397216797,True,REGULAR,USD,SMH,call,2026-07-10,0.019178082191780823,35.8,0.006766090192889322,0.7094743372316403,68834.2442992114,592.2899780273438,-0.04540186788465472,2026-07-03
SMH260710C00570000,2026-07-02 19:54:08+00:00,570.0,31.5,32.25,35.65,-32.54,-50.811993,223.0,62,0.6104775280761721,True,REGULAR,USD,SMH,call,2026-07-10,0.019178082191780823,33.95,0.007013051715838041,0.6932500341872039,152534.29504462998,592.2899780273438,-0.04540186788465472,2026-07-03
SMH260710C00572500,2026-07-02 19:08:09+00:00,572.5,26.65,30.45,33.85,-20.500002,-43.478264,1.0,58,0.6041299353027345,True,REGULAR,USD,SMH,call,2026-07-10,0.019178082191780823,32.15,0.007251912353946255,0.6762354530688429,147553.42964023983,592.2899780273438,-0.04540186788465472,2026-07-03
SMH260710C00575000,2026-07-02 15:31:11+00:00,575.0,35.23,28.8,31.95,-18.3,-34.18644,100.0,149,0.5973551007080078,True,REGULAR,USD,SMH,call,2026-07-10,0.019178082191780823,30.375,0.007489577356420195,0.6586446171023461,391482.4949331749,592.2899780273438,-0.04540186788465472,2026-07-03
SMH260710C00577500,2026-06-29 18:09:59+00:00,577.5,61.45,26.05,31.0,0.0,0.0,8.0,19,0.5871623315429688,True,REGULAR,USD,SMH,call,2026-07-10,0.019178082191780823,28.525,0.00776073355706037,0.6409819532094363,51727.93512839009,592.2899780273438,-0.04540186788465472,2026-07-03
SMH260710C00580000,2026-07-02 19:42:47+00:00,580.0,24.87,25.35,28.65,-24.81,-49.939613,17.0,109,0.5855754333496093,True,REGULAR,USD,SMH,call,2026-07-10,0.019178082191780823,27.0,0.00791979133181062,0.6211777646671282,302837.04881686415,592.2899780273438,-0.04540186788465472,2026-07-03
SMH260710C00582500,2026-06-29 18:09:58+00:00,582.5,24.7,23.75,27.05,-32.52,-56.833275,10.0,10,0.5803264624023439,True,REGULAR,USD,SMH,call,2026-07-10,0.019178082191780823,25.4,0.008108587210369242,0.6014561443189055,28445.525434782856,592.2899780273438,-0.04540186788465472,2026-07-03
SMH260710C00585000,2026-07-02 20:08:08+00:00,585.0,24.0,22.2,25.1,-22.830002,-48.7508,150.0,51,0.5694317959594727,True,REGULAR,USD,SMH,call,2026-07-10,0.019178082191780823,23.65,0.008361768424263533,0.5816847605840987,149601.88996286795,592.2899780273438,-0.04540186788465472,2026-07-03
SMH260710C00587500,2026-07-02 19:39:37+00:00,587.5,20.1,20.15,24.5,-33.129997,-62.239338,104.0,16,0.5695233477783204,True,REGULAR,USD,SMH,call,2026-07-10,0.019178082191780823,22.325,0.008441835750983869,0.5604524734603731,47383.337657399075,592.2899780273438,-0.04540186788465472,2026-07-03
SMH260710C00590000,2026-07-02 20:11:15+00:00,590.0,21.0,19.25,22.25,-19.36,-47.968285,772.0,556,0.5610395458984375,True,REGULAR,USD,SMH,call,2026-07-10,0.019178082191780823,20.75,0.008627190309383961,0.53926413162835,1682724.1908520577,592.2899780273438,-0.04540186788465472,2026-07-03
SMH260710C00592500,2026-07-02 20:14:13+00:00,592.5,19.5,17.0,21.6,-29.55,-60.244648,87.0,14,0.5547529876708985,False,REGULAR,USD,SMH,call,2026-07-10,0.019178082191780823,19.3,0.008759053577360693,0.5174613233156492,43018.37358314987,592.2899780273438,-0.04540186788465472,2026-07-03
SMH260710C00595000,2026-07-02 20:09:37+00:00,595.0,17.0,16.6,19.55,-29.95,-63.791267,248.0,53,0.553440744934082,False,REGULAR,USD,SMH,call,2026-07-10,0.019178082191780823,18.075000000000003,0.008787686809188126,0.49551921765857176,163387.64317873117,592.2899780273438,-0.04540186788465472,2026-07-03
SMH260710C00597500,2026-07-02 19:34:33+00:00,597.5,15.21,15.35,18.45,-29.89,-66.27495,64.0,69,0.5521285021972657,False,REGULAR,USD,SMH,call,2026-07-10,0.019178082191780823,16.9,0.008789801693392846,0.4735786473412773,212763.406982035,592.2899780273438,-0.04540186788465472,2026-07-03
SMH260710C00600000,2026-07-02 20:11:17+00:00,600.0,15.65,14.25,16.9,-19.15,-55.028736,1935.0,223,0.5449874603271485,False,REGULAR,USD,SMH,call,2026-07-10,0.019178082191780823,15.575,0.008856793873145521,0.4508698879313628,692867.4649998738,592.2899780273438,-0.04540186788465472,2026-07-03
SMH260710C00602500,2026-07-02 20:10:15+00:00,602.5,14.35,13.0,15.65,-26.9,-65.21212,85.0,34,0.5385177984619143,False,REGULAR,USD,SMH,call,2026-07-10,0.019178082191780823,14.325,0.008884061644822468,0.4279470031082368,105964.22073871893,592.2899780273438,-0.04540186788465472,2026-07-03
SMH260710C00605000,2026-07-02 20:00:02+00:00,605.0,13.24,11.95,14.9,-20.070002,-60.25218,276.0,52,0.5406540075683595,False,REGULAR,USD,SMH,call,2026-07-10,0.019178082191780823,13.425,0.00874923684738756,0.40675699545552435,159603.4538035189,592.2899780273438,-0.04540186788465472,2026-07-03
SMH260710C00607500,2026-07-02 19:29:47+00:00,607.5,10.5,10.9,13.85,-27.150002,-72.11155,19.0,54,0.5369919348144532,False,REGULAR,USD,SMH,call,2026-07-10,0.019178082191780823,12.375,0.008675694407522225,0.38458339217037446,164348.8895743936,592.2899780273438,-0.04540186788465472,2026-07-03
SMH260710C00610000,2026-07-02 20:14:06+00:00,610.0,11.17,9.95,12.85,-17.4,-60.90304,172.0,112,0.5340012420654296,False,REGULAR,USD,SMH,call,2026-07-10,0.019178082191780823,11.399999999999999,0.008563854778087559,0.36277258224769593,336477.5437454256,592.2899780273438,-0.04540186788465472,2026-07-03
SMH260710C00612500,2026-07-02 19:48:12+00:00,612.5,8.8,9.0,11.75,-18.8,-68.11594,43.0,84,0.5278977874755859,False,REGULAR,USD,SMH,call,2026-07-10,0.019178082191780823,10.375,0.008464073985491672,0.3402017493464701,249417.83506227806,592.2899780273438,-0.04540186788465472,2026-07-03
SMH260710C00615000,2026-07-02 20:14:13+00:00,615.0,9.5,8.15,10.85,-13.299999,-58.333332,212.0,67,0.5247850256347657,False,REGULAR,USD,SMH,call,2026-07-10,0.019178082191780823,9.5,0.008295696781471601,0.31887863070546085,194982.86192388405,592.2899780273438,-0.04540186788465472,2026-07-03
SMH260710C00617500,2026-07-02 20:08:24+00:00,617.5,9.95,7.35,10.15,-12.240001,-55.159985,55.0,114,0.5240526110839843,False,REGULAR,USD,SMH,call,2026-07-10,0.019178082191780823,8.75,0.008075633946191704,0.2989247191891432,322961.1215108849,592.2899780273438,-0.04540186788465472,2026-07-03
SMH260710C00620000,2026-07-02 20:05:05+00:00,620.0,7.64,6.6,8.5,-13.130001,-63.21618,742.0,339,0.5067798345947265,False,REGULAR,USD,SMH,call,2026-07-10,0.019178082191780823,7.55,0.007989999370757487,0.27243064168842823,950200.4058311442,592.2899780273438,-0.04540186788465472,2026-07-03
SMH260710C00622500,2026-07-02 18:57:27+00:00,622.5,6.66,5.95,8.5,-13.49,-66.94789,84.0,129,0.5172167419433593,False,REGULAR,USD,SMH,call,2026-07-10,0.019178082191780823,7.225,0.007622829637330508,0.2584886706703702,344964.72866786545,592.2899780273438,-0.04540186788465472,2026-07-03
SMH260710C00625000,2026-07-02 20:00:41+00:00,625.0,6.4,5.4,7.0,-12.6,-66.315796,846.0,245,0.5017139672851563,False,REGULAR,USD,SMH,call,2026-07-10,0.019178082191780823,6.2,0.007438126379959172,0.23333701395231726,639290.728107772,592.2899780273438,-0.04540186788465472,2026-07-03
SMH260710C00627500,2026-07-02 20:08:28+00:00,627.5,6.25,4.7,7.1,-10.65,-63.01775,65.0,76,0.5106250109863282,False,REGULAR,USD,SMH,call,2026-07-10,0.019178082191780823,5.9,0.0070791502115626955,0.22052292014044705,188739.79899732597,592.2899780273438,-0.04540186788465472,2026-07-03
SMH260710C00630000,2026-07-02 19:59:24+00:00,630.0,5.15,4.4,5.7,-10.35,-66.77419,571.0,331,0.5225877819824218,False,REGULAR,USD,SMH,call,2026-07-10,0.019178082191780823,5.050000000000001,0.006725329625553282,0.21009375213719644,780926.8176565504,592.2899780273438,-0.04540186788465472,2026-07-03
SMH260710C00632500,2026-07-02 19:57:27+00:00,632.5,4.45,3.7,6.05,-13.55,-75.27778,43.0,232,0.5089770782470704,False,REGULAR,USD,SMH,call,2026-07-10,0.019178082191780823,4.875,0.006455227478728032,0.18787627952613362,525373.6708916096,592.2899780273438,-0.04540186788465472,2026-07-03
SMH260710C00635000,2026-07-02 20:03:26+00:00,635.0,4.6,3.25,5.6,-9.4,-67.14285,235.0,378,0.5084277673339843,False,REGULAR,USD,SMH,call,2026-07-10,0.019178082191780823,4.425,0.006133723764434918,0.17288938700813872,813363.6912531558,592.2899780273438,-0.04540186788465472,2026-07-03
SMH260710C00637500,2026-07-02 19:49:11+00:00,637.5,3.5,2.86,5.15,-10.17,-74.39649,29.0,189,0.5076953527832031,False,REGULAR,USD,SMH,call,2026-07-10,0.019178082191780823,4.005,0.005809711398791477,0.15861731416980906,385198.9826992077,592.2899780273438,-0.04540186788465472,2026-07-03
SMH260710C00640000,2026-07-02 20:14:06+00:00,640.0,3.57,2.5,4.6,-8.12,-69.461075,309.0,652,0.5037891418457032,False,REGULAR,USD,SMH,call,2026-07-10,0.019178082191780823,3.55,0.005478184306546706,0.1435388711804252,1253005.5753797176,592.2899780273438,-0.04540186788465472,2026-07-03
SMH260710C00642500,2026-07-02 19:54:31+00:00,642.5,2.8,2.17,4.25,-9.75,-77.68924,19.0,88,0.5036670727539063,False,REGULAR,USD,SMH,call,2026-07-10,0.019178082191780823,3.21,0.005153331808639531,0.13120283278187256,159088.7783104615,592.2899780273438,-0.04540186788465472,2026-07-03
SMH260710C00645000,2026-07-02 20:02:37+00:00,645.0,3.43,2.4,3.95,-7.3199997,-68.09302,144.0,126,0.5179491564941407,False,REGULAR,USD,SMH,call,2026-07-10,0.019178082191780823,3.175,0.00489197991377017,0.1267246278918126,216233.99819380743,592.2899780273438,-0.04540186788465472,2026-07-03
SMH260710C00647500,2026-07-02 19:57:20+00:00,647.5,1.92,1.92,2.78,-9.03,-82.46575,38.0,81,0.5127612200927734,False,REGULAR,USD,SMH,call,2026-07-10,0.019178082191780823,2.3499999999999996,0.004568574375845324,0.11337634995424489,129817.87226573956,592.2899780273438,-0.04540186788465472,2026-07-03
SMH260710C00650000,2026-07-02 20:13:40+00:00,650.0,2.4,1.95,3.05,-6.98,-74.41364,800.0,540,0.5122119091796875,False,REGULAR,USD,SMH,call,2026-07-10,0.019178082191780823,2.5,0.0042690658042326265,0.10303159204426054,808714.7742747999,592.2899780273438,-0.04540186788465472,2026-07-03
SMH260710C00652500,2026-07-02 19:42:17+00:00,652.5,2.17,1.78,2.97,-5.73,-72.53165,1039.0,86,0.5195360546875,False,REGULAR,USD,SMH,call,2026-07-10,0.019178082191780823,2.375,0.0040267091379680275,0.09697419408714064,121483.55149737671,592.2899780273438,-0.04540186788465472,2026-07-03
SMH260710C00655000,2026-07-02 19:42:47+00:00,655.0,1.74,1.03,2.75,-5.9700003,-77.43191,263.0,585,0.5029346582031251,False,REGULAR,USD,SMH,call,2026-07-10,0.019178082191780823,1.8900000000000001,0.0036340868889077056,0.08089034783422228,745795.8135492227,592.2899780273438,-0.04540186788465472,2026-07-03
SMH260710C00657500,2026-07-02 19:45:31+00:00,657.5,1.55,0.0,2.6,-6.3,-80.25478,25.0,91,0.5622602368164062,False,REGULAR,USD,SMH,call,2026-07-10,0.019178082191780823,1.3,0.003751524814735304,0.09807007088053138,119761.7088020942,592.2899780273438,-0.04540186788465472,2026-07-03
SMH260710C00660000,2026-07-02 19:49:11+00:00,660.0,1.41,0.74,2.2,-4.9900002,-77.96875,918.0,630,0.5516402258300781,False,REGULAR,USD,SMH,call,2026-07-10,0.019178082191780823,1.4700000000000002,0.0034557448235442508,0.08555049271785792,763749.5790090373,592.2899780273438,-0.04540186788465472,2026-07-03
SMH260710C00662500,2026-07-02 18:22:12+00:00,662.5,1.35,0.61,2.15,-4.56,-77.157364,108.0,1114,0.5052539709472657,False,REGULAR,USD,SMH,call,2026-07-10,0.019178082191780823,1.38,0.0028730332730365657,0.05996329406141827,1122779.8623863005,592.2899780273438,-0.04540186788465472,2026-07-03
SMH260710C00665000,2026-07-02 20:11:34+00:00,665.0,1.23,0.28,2.27,-4.22,-77.43119,233.0,343,0.5090381127929688,False,REGULAR,USD,SMH,call,2026-07-10,0.019178082191780823,1.275,0.002671802748354283,0.05519650992153792,321489.86074517114,592.2899780273438,-0.04540186788465472,2026-07-03
SMH260710C00667500,2026-07-02 16:49:51+00:00,667.5,1.03,0.41,1.2,-4.1400003,-80.07738,55.0,101,0.5148974291992188,False,REGULAR,USD,SMH,call,2026-07-10,0.019178082191780823,0.8049999999999999,0.002501830244530659,0.0515423854743255,88643.72146226918,592.2899780273438,-0.04540186788465472,2026-07-03
SMH260710C00670000,2026-07-02 20:05:39+00:00,670.0,0.8,0.77,1.25,-3.7500002,-82.41759,1460.0,668,0.508793974609375,False,REGULAR,USD,SMH,call,2026-07-10,0.019178082191780823,1.01,0.0022400602118472874,0.044233578725373895,524934.2658144165,592.2899780273438,-0.04540186788465472,2026-07-03
SMH260710C00672500,2026-07-02 18:54:25+00:00,672.5,0.92,0.24,2.07,-3.25,-77.93765,7.0,29,0.5354050366210938,False,REGULAR,USD,SMH,call,2026-07-10,0.019178082191780823,1.1549999999999998,0.002269569482170523,0.04790589566862748,23089.272495057903,592.2899780273438,-0.04540186788465472,2026-07-03
SMH260710C00675000,2026-07-02 19:51:15+00:00,675.0,0.65,0.23,1.0,-3.35,-83.75,1056.0,313,0.5316208947753907,False,REGULAR,USD,SMH,call,2026-07-10,0.019178082191780823,0.615,0.002054738416187806,0.04196828101735975,225615.8708003719,592.2899780273438,-0.04540186788465472,2026-07-03
SMH260710C00677500,2026-07-02 19:35:36+00:00,677.5,0.9,0.0,3.45,-2.73,-75.206604,54.0,50,0.6103554589843752,False,REGULAR,USD,SMH,call,2026-07-10,0.019178082191780823,1.725,0.0024386705422669583,0.0619168830798314,42775.18582300084,592.2899780273438,-0.04540186788465472,2026-07-03
SMH260710C00680000,2026-07-02 20:00:10+00:00,680.0,0.88,0.04,3.95,-1.89,-68.23105,257.0,473,0.6442906665039063,False,REGULAR,USD,SMH,call,2026-07-10,0.019178082191780823,1.995,0.00247096500066699,0.06751852173350713,410011.9390098843,592.2899780273438,-0.04540186788465472,2026-07-03
SMH260710C00682500,2026-07-02 19:43:11+00:00,682.5,0.69,0.0,4.6,-4.2599998,-86.0606,21.0,525,0.679812772216797,False,REGULAR,USD,SMH,call,2026-07-10,0.019178082191780823,2.3,0.0024982576042198233,0.07344197414721958,460113.8324024422,592.2899780273438,-0.04540186788465472,2026-07-03
SMH260710C00685000,2026-07-02 18:53:11+00:00,685.0,0.65,0.4,5.0,-1.7500001,-72.91667,28.0,341,0.72070591796875,False,REGULAR,USD,SMH,call,2026-07-10,0.019178082191780823,2.7,0.0025347878026611577,0.08083925163405048,303224.8262641594,592.2899780273438,-0.04540186788465472,2026-07-03
SMH260710C00687500,2026-07-02 17:43:52+00:00,687.5,0.67,0.05,5.0,-1.6899998,-71.61017,44.0,45,0.7216824707031251,False,REGULAR,USD,SMH,call,2026-07-10,0.019178082191780823,2.525,0.0024108788522623774,0.07580457321136214,38058.93834505481,592.2899780273438,-0.04540186788465472,2026-07-03
SMH260710C00690000,2026-07-02 19:59:31+00:00,690.0,0.65,0.0,0.8,-1.34,-67.336685,330.0,409,0.5127001855468749,False,REGULAR,USD,SMH,call,2026-07-10,0.019178082191780823,0.4,0.0010365013938427306,0.01767639572270156,148717.4625208607,592.2899780273438,-0.04540186788465472,2026-07-03
SMH260710C00692500,2026-07-02 19:00:53+00:00,692.5,0.51,0.0,5.0,-1.49,-74.5,589.0,17,0.7456080126953125,False,REGULAR,USD,SMH,call,2026-07-10,0.019178082191780823,2.5,0.0022641020625532218,0.07286522066069528,13502.484579854168,592.2899780273438,-0.04540186788465472,2026-07-03
SMH260710C00695000,2026-07-02 17:50:16+00:00,695.0,0.57,0.0,5.0,-1.2,-67.796616,25.0,135,0.7583031982421876,False,REGULAR,USD,SMH,call,2026-07-10,0.019178082191780823,2.5,0.0021996699087282875,0.07173423436733924,104174.17037426225,592.2899780273438,-0.04540186788465472,2026-07-03
SMH260710C00697500,2026-07-02 16:59:11+00:00,697.5,0.5,0.0,5.0,-1.17,-70.059875,19.0,13,0.7709983837890625,False,REGULAR,USD,SMH,call,2026-07-10,0.019178082191780823,2.5,0.0021388495249999137,0.07067365390816895,9754.215633616413,592.2899780273438,-0.04540186788465472,2026-07-03
SMH260710C00700000,2026-07-02 19:25:09+00:00,700.0,0.35,0.05,0.71,-1.09,-75.69444,743.0,596,0.5483443603515626,False,REGULAR,USD,SMH,call,2026-07-10,0.019178082191780823,0.38,0.0008751617348779625,0.015690255058909672,182979.88425014605,592.2899780273438,-0.04540186788465472,2026-07-03
SMH260710C00702500,2026-07-02 16:51:25+00:00,702.5,0.5,0.0,0.65,-0.86,-63.235294,39.0,121,0.5454147021484376,False,REGULAR,USD,SMH,call,2026-07-10,0.019178082191780823,0.325,0.000773306651194245,0.013504740035529449,32825.0868716518,592.2899780273438,-0.04540186788465472,2026-07-03
SMH260710C00705000,2026-07-02 18:17:53+00:00,705.0,0.38,0.2,5.0,-0.77,-66.95652,11.0,58,0.8156756713867187,False,REGULAR,USD,SMH,call,2026-07-10,0.019178082191780823,2.6,0.0019976742852817267,0.06958386344180983,40646.339573730904,592.2899780273438,-0.04540186788465472,2026-07-03
SMH260710C00707500,2026-07-02 16:51:24+00:00,707.5,0.36,0.0,5.0,-0.63,-63.636364,24.0,26,0.8203142968749999,False,REGULAR,USD,SMH,call,2026-07-10,0.019178082191780823,2.5,0.0019218720539844914,0.06667076021214768,17529.381301180383,592.2899780273438,-0.04540186788465472,2026-07-03
SMH260710C00710000,2026-07-02 20:00:10+00:00,710.0,0.44,0.0,5.0,-0.51,-53.68421,155.0,173,0.8325212060546874,False,REGULAR,USD,SMH,call,2026-07-10,0.019178082191780823,2.5,0.0018741143040538854,0.06578215049819326,113739.40363049226,592.2899780273438,-0.04540186788465472,2026-07-03
SMH260710C00712500,2026-07-02 19:29:09+00:00,712.5,0.26,0.0,5.0,-0.79999995,-75.4717,37.0,36,0.844606046142578,False,REGULAR,USD,SMH,call,2026-07-10,0.019178082191780823,2.5,0.0018283742921848755,0.06491468628336473,23090.661529557216,592.2899780273438,-0.04540186788465472,2026-07-03
SMH260710C00715000,2026-07-02 17:57:38+00:00,715.0,0.25,0.0,5.0,-0.61,-70.93023,366.0,355,0.8565688171386718,False,REGULAR,USD,SMH,call,2026-07-10,0.019178082191780823,2.5,0.0017845205279763904,0.0640668982498602,222238.1788149038,592.2899780273438,-0.04540186788465472,2026-07-03
SMH260710C00717500,2026-07-02 16:20:32+00:00,717.5,0.38,0.0,5.0,-0.45999998,-54.761906,9.0,14,0.8684095190429688,False,REGULAR,USD,SMH,call,2026-07-10,0.019178082191780823,2.5,0.0017424323636366101,0.06323743653116663,8557.614781125329,592.2899780273438,-0.04540186788465472,2026-07-03
SMH260710C00720000,2026-07-02 19:40:05+00:00,720.0,0.26,0.0,5.0,-0.44,-62.857143,65.0,322,0.8802502209472656,False,REGULAR,USD,SMH,call,2026-07-10,0.019178082191780823,2.5,0.0017023629569962004,0.062453291389953085,192298.90024780916,592.2899780273438,-0.04540186788465472,2026-07-03
SMH260710C00722500,2026-07-02 19:40:11+00:00,722.5,0.24,0.0,5.0,-0.55,-69.620255,14.0,37,0.8919688537597656,False,REGULAR,USD,SMH,call,2026-07-10,0.019178082191780823,2.5,0.0016638307970530675,0.06168407013734286,21596.31488282329,592.2899780273438,-0.04540186788465472,2026-07-03
SMH260710C00725000,2026-07-02 18:38:28+00:00,725.0,0.23,0.0,5.0,-0.34999996,-60.344822,152.0,157,0.9035654174804688,False,REGULAR,USD,SMH,call,2026-07-10,0.019178082191780823,2.5,0.0016267426677440504,0.06092876883846353,89595.72303670492,592.2899780273438,-0.04540186788465472,2026-07-03
SMH260710C00727500,2026-07-02 18:38:47+00:00,727.5,0.23,0.0,5.0,-0.34999996,-60.344822,436.0,137,0.9152840502929689,False,REGULAR,USD,SMH,call,2026-07-10,0.019178082191780823,2.5,0.001591695400761716,0.06023998840957447,76497.86188398601,592.2899780273438,-0.04540186788465472,2026-07-03
SMH260710C00730000,2026-07-02 18:38:28+00:00,730.0,0.19,0.0,5.0,-0.3,-61.22449,143.0,1410,0.9267585449218749,False,REGULAR,USD,SMH,call,2026-07-10,0.019178082191780823,2.5,0.0015575642327837116,0.05953520754221867,770431.1726468409,592.2899780273438,-0.04540186788465472,2026-07-03
SMH260710C00732500,2026-07-02 18:38:28+00:00,732.5,0.19,0.0,5.0,-0.32999998,-63.461536,326.0,111,0.9381109704589843,False,REGULAR,USD,SMH,call,2026-07-10,0.019178082191780823,2.5,0.0015246249633526587,0.058840913568786755,59368.32190826451,592.2899780273438,-0.04540186788465472,2026-07-03
SMH260710C00735000,2026-07-02 19:48:02+00:00,735.0,0.19,0.13,0.3,-0.18,-48.64865,400.0,100,0.629886513671875,False,REGULAR,USD,SMH,call,2026-07-10,0.019178082191780823,0.215,0.0004106972495434306,0.007709905267235319,14407.564172145136,592.2899780273438,-0.04540186788465472,2026-07-03
SMH260710C00737500,2026-07-02 18:38:28+00:00,737.5,0.17,0.0,5.0,-0.19000001,-52.77778,213.0,25,0.960815821533203,False,REGULAR,USD,SMH,call,2026-07-10,0.019178082191780823,2.5,0.001463000810467691,0.057556140178621575,12830.78842392187,592.2899780273438,-0.04540186788465472,2026-07-03
SMH260710C00740000,2026-07-02 18:38:28+00:00,740.0,0.16,0.0,5.0,-0.16,-50.0,45.0,109,0.9719241088867188,False,REGULAR,USD,SMH,call,2026-07-10,0.019178082191780823,2.5,0.0014335413446316069,0.05691276122030467,54815.76622119721,592.2899780273438,-0.04540186788465472,2026-07-03
SMH260710C00745000,2026-07-02 19:54:36+00:00,745.0,0.17,0.0,5.0,-0.11999999,-41.37931,7.0,45,0.994262752685547,False,REGULAR,USD,SMH,call,2026-07-10,0.019178082191780823,2.5,0.0013785738536975776,0.05574274622487224,21762.627040651772,592.2899780273438,-0.04540186788465472,2026-07-03
SMH260710C00747500,2026-07-02 18:38:45+00:00,747.5,0.15,0.0,5.0,-0.16999999,-53.125,42.0,25,1.0052539971923828,False,REGULAR,USD,SMH,call,2026-07-10,0.019178082191780823,2.5,0.0013523546967374512,0.0551662262950129,11860.40148698773,592.2899780273438,-0.04540186788465472,2026-07-03
SMH260710C00750000,2026-07-02 19:43:23+00:00,750.0,0.08,0.08,0.16,-0.21,-72.41379,55.0,120,0.6347692773437501,False,REGULAR,USD,SMH,call,2026-07-10,0.019178082191780823,0.12,0.0002393751853591799,0.004233201878873016,10076.950887152649,592.2899780273438,-0.04540186788465472,2026-07-03
SMH260710C00755000,2026-07-02 20:14:49+00:00,755.0,0.09,0.0,0.15,-0.11,-55.0,245.0,109,0.6171913281250001,False,REGULAR,USD,SMH,call,2026-07-10,0.019178082191780823,0.075,0.00016165481908816392,0.0026511101989894546,6181.358357643944,592.2899780273438,-0.04540186788465472,2026-07-03
SMH260710C00760000,2026-07-02 19:41:25+00:00,760.0,0.09,0.08,0.13,-0.11999999,-57.142853,72.0,141,0.6552768847656252,False,REGULAR,USD,SMH,call,2026-07-10,0.019178082191780823,0.10500000000000001,0.00019723637248630235,0.003533761436892264,9756.06954402453,592.2899780273438,-0.04540186788465472,2026-07-03
SMH260710C00765000,2026-07-02 18:38:45+00:00,765.0,0.1,0.0,0.12,-0.019999996,-16.666664,92.0,74,0.632816171875,False,REGULAR,USD,SMH,call,2026-07-10,0.019178082191780823,0.06,0.00012604030218201217,0.0020703209493700987,3271.9746006265523,592.2899780273438,-0.04540186788465472,2026-07-03
SMH260710C00770000,2026-07-02 20:14:24+00:00,770.0,0.06,0.06,0.11,-0.06999999,-53.84615,133.0,58,0.6699251757812501,False,REGULAR,USD,SMH,call,2026-07-10,0.019178082191780823,0.08499999999999999,0.00015502882531276532,0.0027716244568235814,3154.3451922096524,592.2899780273438,-0.04540186788465472,2026-07-03
SMH260710C00775000,2026-07-02 18:38:45+00:00,775.0,0.08,0.0,5.0,-0.13,-61.904762,6.0,233,1.1223188415527345,False,REGULAR,USD,SMH,call,2026-07-10,0.019178082191780823,2.5,0.001115960917134388,0.049754274316087074,91216.55674604209,592.2899780273438,-0.04540186788465472,2026-07-03
SMH260710C00780000,2026-07-02 20:14:53+00:00,780.0,0.05,0.05,4.95,-0.2,-80.0,682.0,205,1.142826551513672,False,REGULAR,USD,SMH,call,2026-07-10,0.019178082191780823,2.5,0.001081087783178142,0.04891146549665193,77746.99085472905,592.2899780273438,-0.04540186788465472,2026-07-03
SMH260710C00785000,2026-07-02 20:04:13+00:00,785.0,0.15,0.01,5.0,-0.120000005,-44.444447,6.0,132,1.1635784008789063,False,REGULAR,USD,SMH,call,2026-07-10,0.019178082191780823,2.505,0.001049057540100432,0.04817805554549526,48578.26605075963,592.2899780273438,-0.04540186788465472,2026-07-03
SMH260710C00790000,2026-07-02 19:57:03+00:00,790.0,0.21,0.0,5.0,0.00999999,4.999995,3.0,23,1.1832316229248045,False,REGULAR,USD,SMH,call,2026-07-10,0.019178082191780823,2.5,0.0010172362923965437,0.047339879453102016,8207.642858000982,592.2899780273438,-0.04540186788465472,2026-07-03
SMH260710C00795000,2026-07-02 19:57:17+00:00,795.0,0.21,0.0,5.0,0.11999999,133.33331,6.0,63,1.203128984375,False,REGULAR,USD,SMH,call,2026-07-10,0.019178082191780823,2.5,0.000987931945179353,0.046604509420907984,21834.152859887756,592.2899780273438,-0.04540186788465472,2026-07-03
SMH260710C00800000,2026-07-02 18:14:08+00:00,800.0,0.21,0.0,5.0,0.17999999,600.0,826.0,153,1.2229042761230469,False,REGULAR,USD,SMH,call,2026-07-10,0.019178082191780823,2.5,0.0009603218074275499,0.04591079621399623,51543.8661085758,592.2899780273438,-0.04540186788465472,2026-07-03
SMH260710C00805000,2026-07-02 19:56:35+00:00,805.0,0.21,0.0,5.0,0.16,319.99997,3.0,24,1.2423133587646482,False,REGULAR,USD,SMH,call,2026-07-10,0.019178082191780823,2.5,0.000933873821722351,0.045220527625124865,7862.636740874516,592.2899780273438,-0.04540186788465472,2026-07-03
SMH260710C00810000,2026-07-02 13:52:23+00:00,810.0,0.1,0.0,0.2,0.07,233.33334,2.0,980,0.79687703125,False,REGULAR,USD,SMH,call,2026-07-10,0.019178082191780823,0.1,0.0001300202841482984,0.0027643053893092943,44699.83857542433,592.2899780273438,-0.04540186788465472,2026-07-03
SMH260710C00815000,2026-07-02 19:55:50+00:00,815.0,0.21,0.0,5.0,0.029999986,16.666658,528.0,77,1.280765314941406,False,REGULAR,USD,SMH,call,2026-07-10,0.019178082191780823,2.5,0.0008852401336887626,0.043947626410684816,23912.258036801024,592.2899780273438,-0.04540186788465472,2026-07-03
SMH260710C00820000,2026-07-02 20:06:41+00:00,820.0,0.04,0.0,0.04,0.01,33.333336,843.0,221,0.710940390625,False,REGULAR,USD,SMH,call,2026-07-10,0.019178082191780823,0.02,3.5121918576941275e-05,0.0005828857620345154,2722.947535787442,592.2899780273438,-0.04540186788465472,2026-07-03
SMH260710C00825000,2026-07-02 19:53:49+00:00,825.0,0.15,0.0,5.0,0.040000007,36.363644,250.0,29,1.3183627832031248,False,REGULAR,USD,SMH,call,2026-07-10,0.019178082191780823,2.5,0.0008410616940352518,0.04275250674253442,8556.469758380314,592.2899780273438,-0.04540186788465472,2026-07-03
SMH260710C00830000,2026-07-02 17:09:02+00:00,830.0,0.13,0.0,5.0,0.089999996,225.0,29.0,112,1.3369173779296872,False,REGULAR,USD,SMH,call,2026-07-10,0.019178082191780823,2.5,0.0008205513222897486,0.04218995294956659,32239.81496598573,592.2899780273438,-0.04540186788465472,2026-07-03
SMH260710C00840000,2026-07-02 20:09:46+00:00,840.0,0.06,0.01,0.19,0.03,100.0,58.0,721,0.87695435546875,False,REGULAR,USD,SMH,call,2026-07-10,0.019178082191780823,0.1,0.00010699014438024538,0.0024768479572659084,27061.2470788935,592.2899780273438,-0.04540186788465472,2026-07-03
SMH260710C00845000,2026-07-02 20:10:19+00:00,845.0,0.02,0.01,0.03,-0.14,-87.5,644.0,19,0.7695335546875001,False,REGULAR,USD,SMH,call,2026-07-10,0.019178082191780823,0.02,2.9736003372010273e-05,0.0005303874222793486,198.2006007673807,592.2899780273438,-0.04540186788465472,2026-07-03
SMH260710C00850000,2026-07-02 18:13:04+00:00,850.0,0.15,0.0,5.0,0.09,150.00002,1.0,45,1.4096709204101563,False,REGULAR,USD,SMH,call,2026-07-10,0.019178082191780823,2.5,0.0007476098922488489,0.04015385256327628,11802.019321108313,592.2899780273438,-0.04540186788465472,2026-07-03
SMH260710C00860000,2026-07-01 19:15:29+00:00,860.0,0.2,0.0,5.0,0.0,0.0,10.0,16,1.4450711340332032,False,REGULAR,USD,SMH,call,2026-07-10,0.019178082191780823,2.5,0.0007156592226588415,0.03923249625119208,4016.937025921583,592.2899780273438,-0.04540186788465472,2026-07-03
SMH260710C00870000,2026-07-01 15:50:24+00:00,870.0,0.03,0.0,5.0,0.0,0.0,8.0,26,1.4797389294433594,False,REGULAR,USD,SMH,call,2026-07-10,0.019178082191780823,2.5,0.0006861268059086756,0.0383545761990031,6258.157704514504,592.2899780273438,-0.04540186788465472,2026-07-03
SMH260710C00880000,2026-07-01 14:40:11+00:00,880.0,0.14,0.01,0.1,0.0,0.0,2.0,63,0.9257819921875,False,REGULAR,USD,SMH,call,2026-07-10,0.019178082191780823,0.055,5.527114418097194e-05,0.0012718650757714825,1221.5402251914732,592.2899780273438,-0.04540186788465472,2026-07-03
SMH260710C00890000,2026-07-01 14:40:37+00:00,890.0,0.14,0.0,5.0,0.0,0.0,3.0,333,1.5474876141357419,False,REGULAR,USD,SMH,call,2026-07-10,0.019178082191780823,2.5,0.0006338389454856197,0.03676776867327976,74044.34951170556,592.2899780273438,-0.04540186788465472,2026-07-03
SMH260710C00900000,2026-06-30 15:00:15+00:00,900.0,0.11,0.0,5.0,0.0,0.0,1.0,215,1.5805685034179686,False,REGULAR,USD,SMH,call,2026-07-10,0.019178082191780823,2.5,0.0006105681639073892,0.03604478354863314,46051.24584447389,592.2899780273438,-0.04540186788465472,2026-07-03
SMH260710C00910000,2026-07-02 19:22:02+00:00,910.0,0.02,0.0,0.14,-0.11,-84.61539,488.0,77,1.015629921875,False,REGULAR,USD,SMH,call,2026-07-10,0.019178082191780823,0.07,5.689317257977971e-05,0.0014528384427897401,1536.8081173534517,592.2899780273438,-0.04540186788465472,2026-07-03
SMH260710C00920000,2026-07-02 18:45:26+00:00,920.0,0.02,0.0,0.03,-0.04,-66.66667,74.0,2,0.914063359375,False,REGULAR,USD,SMH,call,2026-07-10,0.019178082191780823,0.015,1.590771332734326e-05,0.00032531402553841827,11.161087679577939,592.2899780273438,-0.04540186788465472,2026-07-03
SMH260710C00930000,2026-07-02 17:57:38+00:00,930.0,0.03,0.0,0.03,-0.15,-83.33333,54.0,13,0.937500625,False,REGULAR,USD,SMH,call,2026-07-10,0.019178082191780823,0.015,1.5785844880078766e-05,0.0003315393806881272,71.99128929797627,592.2899780273438,-0.04540186788465472,2026-07-03
SMH260710C00940000,2026-07-02 17:57:52+00:00,940.0,0.03,0.0,0.03,-0.01,-25.0,13.0,1301,0.9531254687499999,False,REGULAR,USD,SMH,call,2026-07-10,0.019178082191780823,0.015,1.4350243471981747e-05,0.0003046050886218451,6549.457591297864,592.2899780273438,-0.04540186788465472,2026-07-03
SMH260710P00325000,2026-07-02 20:12:56+00:00,325.0,0.06,0.02,0.12,0.009999998,19.999996,216.0,310,1.4453152734375,False,REGULAR,USD,SMH,put,2026-07-10,0.019178082191780823,0.06999999999999999,2.7347966028865717e-05,-0.0009596281126009742,-2974.099499150091,592.2899780273438,-0.04540186788465472,2026-07-03
SMH260710P00330000,2026-07-02 19:17:38+00:00,330.0,0.09,0.0,0.14,-0.060000002,-40.0,82.0,353,1.41015919921875,False,REGULAR,USD,SMH,put,2026-07-10,0.019178082191780823,0.07,2.85350037600401e-05,-0.000978481980768997,-3533.632720784558,592.2899780273438,-0.04540186788465472,2026-07-03
SMH260710P00335000,2026-07-02 19:17:24+00:00,335.0,0.12,0.0,0.22,0.049999997,71.428566,642.0,39,1.44140904296875,False,REGULAR,USD,SMH,put,2026-07-10,0.019178082191780823,0.11,4.241906230400178e-05,-0.0015457195533817858,-580.3559472315746,592.2899780273438,-0.04540186788465472,2026-07-03
SMH260710P00340000,2026-07-02 18:48:36+00:00,340.0,0.1,0.0,0.21,0.020000003,25.000006,1052.0,223,1.3984405078125,False,REGULAR,USD,SMH,put,2026-07-10,0.019178082191780823,0.105,4.2652609996302525e-05,-0.0015042994964311607,-3336.7159930606686,592.2899780273438,-0.04540186788465472,2026-07-03
SMH260710P00345000,2026-07-02 20:10:27+00:00,345.0,0.09,0.09,0.28,-0.16,-64.0,366.0,95,1.451174619140625,False,REGULAR,USD,SMH,put,2026-07-10,0.019178082191780823,0.185,6.770581632275598e-05,-0.0026064664546444627,-2256.411748198723,592.2899780273438,-0.04540186788465472,2026-07-03
SMH260710P00350000,2026-07-02 19:51:56+00:00,350.0,0.11,0.09,0.15,-0.030000001,-21.428572,902.0,100,1.3515657421874998,False,REGULAR,USD,SMH,put,2026-07-10,0.019178082191780823,0.12,5.2418714293719013e-05,-0.0018171226979608601,-1838.8873820014082,592.2899780273438,-0.04540186788465472,2026-07-03
SMH260710P00355000,2026-07-02 19:56:51+00:00,355.0,0.33,0.0,5.0,0.09000002,37.500008,91.0,126,2.0332080419921876,False,REGULAR,USD,SMH,put,2026-07-10,0.019178082191780823,2.5,0.0003494250886371376,-0.02491261741078843,-15445.195057434894,592.2899780273438,-0.04540186788465472,2026-07-03
SMH260710P00360000,2026-07-02 16:40:51+00:00,360.0,0.26,0.0,0.4,0.13999999,116.666664,22.0,40,1.359378203125,False,REGULAR,USD,SMH,put,2026-07-10,0.019178082191780823,0.2,8.313933596547227e-05,-0.003044036147038409,-1166.63583160949,592.2899780273438,-0.04540186788465472,2026-07-03
SMH260710P00365000,2026-07-02 17:10:28+00:00,365.0,0.34,0.0,5.0,0.18,112.500015,46.0,100,1.9384768701171877,False,REGULAR,USD,SMH,put,2026-07-10,0.019178082191780823,2.5,0.0003818777408139658,-0.026165856495300788,-13396.554427397497,592.2899780273438,-0.04540186788465472,2026-07-03
SMH260710P00370000,2026-07-02 19:57:23+00:00,370.0,0.34,0.0,1.75,0.10000001,41.66667,40.0,47,1.5737326000976561,False,REGULAR,USD,SMH,put,2026-07-10,0.019178082191780823,0.875,0.0002343127907417663,-0.011563609228894989,-3863.337261640042,592.2899780273438,-0.04540186788465472,2026-07-03
SMH260710P00375000,2026-07-02 19:57:40+00:00,375.0,0.17,0.0,0.35,-0.03999999,-19.047615,115.0,86,1.2373085009765623,False,REGULAR,USD,SMH,put,2026-07-10,0.019178082191780823,0.175,8.773705442828973e-05,-0.0029110224876217616,-2646.977619855072,592.2899780273438,-0.04540186788465472,2026-07-03
SMH260710P00380000,2026-07-02 19:41:24+00:00,380.0,0.3,0.0,0.4,0.14000002,87.500015,112.0,28,1.2236366943359376,False,REGULAR,USD,SMH,put,2026-07-10,0.019178082191780823,0.2,0.00010150143804298593,-0.003380598244687838,-997.0088074916913,592.2899780273438,-0.04540186788465472,2026-07-03
SMH260710P00385000,2026-07-02 19:39:18+00:00,385.0,0.31,0.0,0.45,0.060000002,24.0,190.0,271,1.2070352148437498,False,REGULAR,USD,SMH,put,2026-07-10,0.019178082191780823,0.225,0.0001155819797641347,-0.0038480865450379875,-10988.241307995846,592.2899780273438,-0.04540186788465472,2026-07-03
SMH260710P00390000,2026-07-02 19:23:59+00:00,390.0,0.39,0.0,5.0,0.109999985,39.285706,13.0,261,1.7109389453125,False,REGULAR,USD,SMH,put,2026-07-10,0.019178082191780823,2.5,0.00048080742922209226,-0.02969889277117821,-44023.08214995088,592.2899780273438,-0.04540186788465472,2026-07-03
SMH260710P00395000,2026-07-02 18:53:59+00:00,395.0,0.46,0.0,5.0,0.120000005,35.294117,41.0,264,1.6669938525390626,False,REGULAR,USD,SMH,put,2026-07-10,0.019178082191780823,2.5,0.0005044062800981602,-0.030493641788833514,-46714.658702012835,592.2899780273438,-0.04540186788465472,2026-07-03
SMH260710P00400000,2026-07-02 20:12:11+00:00,400.0,0.31,0.12,0.41,-0.030000001,-8.823529,2686.0,826,1.1328168359375002,False,REGULAR,USD,SMH,put,2026-07-10,0.019178082191780823,0.265,0.00015179377810233213,-0.00486225379787264,-43984.81666809467,592.2899780273438,-0.04540186788465472,2026-07-03
SMH260710P00405000,2026-07-02 20:14:24+00:00,405.0,0.29,0.21,5.0,-0.16,-35.555557,1130.0,94,1.5939961706542967,False,REGULAR,USD,SMH,put,2026-07-10,0.019178082191780823,2.605,0.000565812697767521,-0.033194378898909305,-18658.181411901027,592.2899780273438,-0.04540186788465472,2026-07-03
SMH260710P00410000,2026-07-02 19:28:26+00:00,410.0,0.58,0.0,0.82,0.17999998,44.999992,223.0,117,1.1328168359375002,False,REGULAR,USD,SMH,put,2026-07-10,0.019178082191780823,0.41,0.0002252225907555506,-0.007589613428837794,-9244.14139985993,592.2899780273438,-0.04540186788465472,2026-07-03
SMH260710P00415000,2026-07-02 20:13:35+00:00,415.0,0.44,0.15,0.7,-0.07999998,-15.384613,2808.0,1693,1.1049849438476564,False,REGULAR,USD,SMH,put,2026-07-10,0.019178082191780823,0.425,0.00024348099339389817,-0.008061557564851718,-144607.49112095567,592.2899780273438,-0.04540186788465472,2026-07-03
SMH260710P00420000,2026-07-02 20:13:03+00:00,420.0,0.48,0.06,0.96,-0.01000002,-2.0408204,974.0,401,1.1005904345703126,False,REGULAR,USD,SMH,put,2026-07-10,0.019178082191780823,0.51,0.0002883045475523838,-0.009731607539212539,-40556.88895200981,592.2899780273438,-0.04540186788465472,2026-07-03
SMH260710P00425000,2026-07-02 19:46:59+00:00,425.0,0.9,0.0,0.95,0.46999997,109.302315,1804.0,1046,1.0561570629882815,False,REGULAR,USD,SMH,put,2026-07-10,0.019178082191780823,0.475,0.0002927209292924847,-0.009446322132466434,-107412.35239797388,592.2899780273438,-0.04540186788465472,2026-07-03
SMH260710P00430000,2026-07-02 19:59:48+00:00,430.0,0.61,0.0,0.69,0.060000002,10.909091,5160.0,546,0.9780275634765626,False,REGULAR,USD,SMH,put,2026-07-10,0.019178082191780823,0.345,0.00025490632051298687,-0.007393034184952407,-48824.97336951815,592.2899780273438,-0.04540186788465472,2026-07-03
SMH260710P00435000,2026-07-02 19:38:06+00:00,435.0,0.71,0.0,0.8,0.099999964,16.393436,202.0,258,0.96679720703125,False,REGULAR,USD,SMH,put,2026-07-10,0.019178082191780823,0.4,0.0002976569053208744,-0.008703886377583903,-26940.42461011646,592.2899780273438,-0.04540186788465472,2026-07-03
SMH260710P00440000,2026-07-02 19:56:11+00:00,440.0,0.82,0.0,0.85,0.19,30.158731,2429.0,2635,0.9433599414062499,False,REGULAR,USD,SMH,put,2026-07-10,0.019178082191780823,0.425,0.0003287618739372919,-0.00948062438240227,-303900.09445193625,592.2899780273438,-0.04540186788465472,2026-07-03
SMH260710P00442500,2026-07-02 19:58:41+00:00,442.5,0.87,0.0,5.0,0.24000001,38.095238,245.0,206,1.2697790417480466,False,REGULAR,USD,SMH,put,2026-07-10,0.019178082191780823,2.5,0.0008279342124048578,-0.040032411439068105,-59831.76545770506,592.2899780273438,-0.04540186788465472,2026-07-03
SMH260710P00445000,2026-07-02 18:55:54+00:00,445.0,0.94,0.0,1.1,0.26999998,40.298504,330.0,15062,0.94726615234375,False,REGULAR,USD,SMH,put,2026-07-10,0.019178082191780823,0.55,0.0004075643469789238,-0.012192133724793108,-2153513.492894128,592.2899780273438,-0.04540186788465472,2026-07-03
SMH260710P00447500,2026-07-02 18:55:59+00:00,447.5,1.0,0.0,5.0,0.33999997,51.515144,4.0,42,1.2297401794433593,False,REGULAR,USD,SMH,put,2026-07-10,0.019178082191780823,2.5,0.0008769631558247272,-0.04130976421585919,-12921.097578430534,592.2899780273438,-0.04540186788465472,2026-07-03
SMH260710P00450000,2026-07-02 20:11:13+00:00,450.0,0.81,0.0,0.95,0.100000024,14.084511,3947.0,1730,0.8950205810546874,False,REGULAR,USD,SMH,put,2026-07-10,0.019178082191780823,0.475,0.00039951789328899627,-0.011161460128325862,-242466.1442693654,592.2899780273438,-0.04540186788465472,2026-07-03
SMH260710P00455000,2026-07-02 19:54:22+00:00,455.0,1.07,0.0,2.36,0.39000005,57.352947,89.0,483,1.0051319274902344,False,REGULAR,USD,SMH,put,2026-07-10,0.019178082191780823,1.18,0.0006956683979019685,-0.0244445823704591,-117874.04146447465,592.2899780273438,-0.04540186788465472,2026-07-03
SMH260710P00460000,2026-07-02 19:58:37+00:00,460.0,1.05,0.0,1.25,0.30999994,41.891884,565.0,9643,0.86914193359375,False,REGULAR,USD,SMH,put,2026-07-10,0.019178082191780823,0.625,0.0005352345167757397,-0.0151320612794702,-1810610.5556443746,592.2899780273438,-0.04540186788465472,2026-07-03
SMH260710P00462500,2026-07-01 16:22:27+00:00,462.5,0.79,0.0,5.0,0.0,0.0,20.0,14,1.111576707763672,False,REGULAR,USD,SMH,put,2026-07-10,0.019178082191780823,2.5,0.0010513187739907054,-0.045630785071350655,-5163.345945434772,592.2899780273438,-0.04540186788465472,2026-07-03
SMH260710P00465000,2026-07-02 19:37:48+00:00,465.0,1.54,0.0,1.94,0.65999997,74.99999,244.0,264,0.9021005883789062,False,REGULAR,USD,SMH,put,2026-07-10,0.019178082191780823,0.97,0.0007218240310857108,-0.022460082478645726,-66850.4033068701,592.2899780273438,-0.04540186788465472,2026-07-03
SMH260710P00470000,2026-07-02 20:06:33+00:00,470.0,1.0,0.55,1.45,0.100000024,11.1111145,815.0,507,0.8732922827148437,False,REGULAR,USD,SMH,put,2026-07-10,0.019178082191780823,1.0,0.000785803444127585,-0.023904388775984442,-139762.49841452015,592.2899780273438,-0.04540186788465472,2026-07-03
SMH260710P00475000,2026-07-02 19:46:59+00:00,475.0,1.35,0.26,2.05,0.40000004,42.105267,119.0,201,0.8625502026367188,False,REGULAR,USD,SMH,put,2026-07-10,0.019178082191780823,1.1549999999999998,0.000903659307516424,-0.027834095195089503,-63719.088085733245,592.2899780273438,-0.04540186788465472,2026-07-03
SMH260710P00480000,2026-07-02 19:32:10+00:00,480.0,1.66,0.34,2.2,0.64,62.745102,393.0,242,0.8439957006835936,False,REGULAR,USD,SMH,put,2026-07-10,0.019178082191780823,1.27,0.00101520880384783,-0.0311955444695019,-86186.55258611005,592.2899780273438,-0.04540186788465472,2026-07-03
SMH260710P00482500,2026-07-02 18:59:03+00:00,482.5,1.76,0.36,2.25,0.81,85.26315,86.0,35,0.8313005151367187,False,REGULAR,USD,SMH,put,2026-07-10,0.019178082191780823,1.305,0.0010665597575027842,-0.032513757784489616,-13095.497616202993,592.2899780273438,-0.04540186788465472,2026-07-03
SMH260710P00485000,2026-07-02 19:38:06+00:00,485.0,1.87,0.46,2.21,0.65999997,54.54545,109.0,304,0.8178729150390623,False,REGULAR,USD,SMH,put,2026-07-10,0.019178082191780823,1.335,0.001118882084461107,-0.033785439561780595,-119323.68909362741,592.2899780273438,-0.04540186788465472,2026-07-03
SMH260710P00487500,2026-07-02 15:50:47+00:00,487.5,1.31,0.49,2.35,0.45999992,54.117638,1.0,125,0.8107929077148437,False,REGULAR,USD,SMH,put,2026-07-10,0.019178082191780823,1.42,0.0011934783411511525,-0.03616427197873684,-52335.13192295618,592.2899780273438,-0.04540186788465472,2026-07-03
SMH260710P00490000,2026-07-02 20:08:51+00:00,490.0,1.48,1.3,2.23,0.07000005,4.964543,2264.0,6405,0.831056376953125,False,REGULAR,USD,SMH,put,2026-07-10,0.019178082191780823,1.7650000000000001,0.0013527800467828266,-0.043489374002370074,-3039590.58913366,592.2899780273438,-0.04540186788465472,2026-07-03
SMH260710P00492500,2026-07-02 19:58:41+00:00,492.5,1.73,0.63,2.46,0.49,39.51613,102.0,101,0.7899190930175781,False,REGULAR,USD,SMH,put,2026-07-10,0.019178082191780823,1.545,0.0013355237397516765,-0.0402041270297111,-47319.675126481154,592.2899780273438,-0.04540186788465472,2026-07-03
SMH260710P00495000,2026-07-02 19:57:04+00:00,495.0,1.77,1.29,2.52,0.41999996,31.111107,120.0,270,0.8088398022460936,False,REGULAR,USD,SMH,put,2026-07-10,0.019178082191780823,1.905,0.001504063305016361,-0.047975218881383785,-142461.87245525004,592.2899780273438,-0.04540186788465472,2026-07-03
SMH260710P00497500,2026-07-02 19:45:43+00:00,497.5,2.08,1.36,2.58,0.67999995,48.571426,14.0,7,0.79687703125,False,REGULAR,USD,SMH,put,2026-07-10,0.019178082191780823,1.9700000000000002,0.0015840621657062447,-0.05024489972487456,-3889.90530891455,592.2899780273438,-0.04540186788465472,2026-07-03
SMH260710P00500000,2026-07-02 20:13:35+00:00,500.0,1.75,1.6,2.25,0.37,26.811594,2934.0,878,0.7746604565429689,False,REGULAR,USD,SMH,put,2026-07-10,0.019178082191780823,1.925,0.001636836051470551,-0.05052925782484419,-504160.09308214823,592.2899780273438,-0.04540186788465472,2026-07-03
SMH260710P00502500,2026-07-02 18:58:18+00:00,502.5,2.35,1.04,2.7,0.90999985,63.19443,127.0,67,0.7515893981933592,False,REGULAR,USD,SMH,put,2026-07-10,0.019178082191780823,1.87,0.0016893735643701724,-0.05061547239967212,-39707.200144436334,592.2899780273438,-0.04540186788465472,2026-07-03
SMH260710P00505000,2026-07-02 20:00:37+00:00,505.0,1.94,1.5,2.2,0.46000004,31.081083,139.0,132,0.7318142053222656,False,REGULAR,USD,SMH,put,2026-07-10,0.019178082191780823,1.85,0.00175631172984926,-0.05139692120162076,-81328.7881926088,592.2899780273438,-0.04540186788465472,2026-07-03
SMH260710P00507500,2026-07-02 18:09:48+00:00,507.5,2.66,1.18,2.83,1.1800001,79.72974,3.0,9,0.727541787109375,False,REGULAR,USD,SMH,put,2026-07-10,0.019178082191780823,2.005,0.0018843281815751661,-0.0557562935689665,-5949.326737601966,592.2899780273438,-0.04540186788465472,2026-07-03
SMH260710P00510000,2026-07-02 19:57:45+00:00,510.0,2.3,1.39,2.89,0.7199999,45.569614,1768.0,693,0.720827987060547,False,REGULAR,USD,SMH,put,2026-07-10,0.019178082191780823,2.14,0.0020106467058530397,-0.05984301837382622,-488807.39721743326,592.2899780273438,-0.04540186788465472,2026-07-03
SMH260710P00515000,2026-07-02 19:58:28+00:00,515.0,2.51,1.54,3.05,0.77,44.252872,212.0,352,0.696414168701172,False,REGULAR,USD,SMH,put,2026-07-10,0.019178082191780823,2.295,0.0022468768356879707,-0.06602800016103039,-277453.8136313342,592.2899780273438,-0.04540186788465472,2026-07-03
SMH260710P00517500,2026-07-02 19:22:06+00:00,517.5,3.48,0.86,4.05,1.73,98.85715,209.0,12,0.6898224377441409,False,REGULAR,USD,SMH,put,2026-07-10,0.019178082191780823,2.455,0.0023974627443225415,-0.07094007268750979,-10092.572583104622,592.2899780273438,-0.04540186788465472,2026-07-03
SMH260710P00520000,2026-07-02 20:14:33+00:00,520.0,2.65,1.82,3.4,0.82000005,44.808746,1043.0,1548,0.6821320849609377,False,REGULAR,USD,SMH,put,2026-07-10,0.019178082191780823,2.61,0.0025527605608229448,-0.07588644158346425,-1386276.3243283553,592.2899780273438,-0.04540186788465472,2026-07-03
SMH260710P00525000,2026-07-02 19:57:51+00:00,525.0,3.2,2.08,3.65,1.2800001,66.66667,146.0,529,0.661258270263672,False,REGULAR,USD,SMH,put,2026-07-10,0.019178082191780823,2.865,0.002873292239813125,-0.08517090419312479,-533217.3107354573,592.2899780273438,-0.04540186788465472,2026-07-03
SMH260710P00527500,2026-07-02 19:57:54+00:00,527.5,3.46,2.26,3.95,1.3900001,67.149765,19.0,99,0.6571079211425781,False,REGULAR,USD,SMH,put,2026-07-10,0.019178082191780823,3.105,0.0030687682946814484,-0.09225680405791814,-106578.12152961093,592.2899780273438,-0.04540186788465472,2026-07-03
SMH260710P00530000,2026-07-02 19:57:54+00:00,530.0,3.57,2.45,4.15,1.45,68.39623,789.0,820,0.6491734301757812,False,REGULAR,USD,SMH,put,2026-07-10,0.019178082191780823,3.3000000000000003,0.003262379709742755,-0.0986111680042373,-938462.9422501898,592.2899780273438,-0.04540186788465472,2026-07-03
SMH260710P00532500,2026-07-02 20:14:58+00:00,532.5,3.15,2.49,4.35,1.4900001,89.75905,1751.0,123,0.6363561755371094,False,REGULAR,USD,SMH,put,2026-07-10,0.019178082191780823,3.42,0.0034544063938189104,-0.10378312991397054,-149055.2607222469,592.2899780273438,-0.04540186788465472,2026-07-03
SMH260710P00535000,2026-07-02 19:57:49+00:00,535.0,4.0,2.7,4.6,1.3499999,50.943394,275.0,320,0.6290930645751953,False,REGULAR,USD,SMH,put,2026-07-10,0.019178082191780823,3.65,0.003673023328563758,-0.11122079153063846,-412327.6257313027,592.2899780273438,-0.04540186788465472,2026-07-03
SMH260710P00537500,2026-07-02 18:26:25+00:00,537.5,4.99,2.92,4.9,2.4299998,94.92187,15.0,38,0.6226234027099609,False,REGULAR,USD,SMH,put,2026-07-10,0.019178082191780823,3.91,0.003904214317237464,-0.11944419170968934,-52045.83908067813,592.2899780273438,-0.04540186788465472,2026-07-03
SMH260710P00540000,2026-07-02 19:59:47+00:00,540.0,4.57,3.35,5.05,2.0600002,82.071724,1666.0,784,0.6167640863037109,False,REGULAR,USD,SMH,put,2026-07-10,0.019178082191780823,4.2,0.0041467093456576875,-0.12843619509087012,-1140481.9768502428,592.2899780273438,-0.04540186788465472,2026-07-03
SMH260710P00542500,2026-07-02 19:37:45+00:00,542.5,5.67,3.6,5.5,2.96,109.2251,7.0,55,0.6127968408203126,False,REGULAR,USD,SMH,put,2026-07-10,0.019178082191780823,4.55,0.0044001882302482495,-0.13870069896838633,-84899.02696454132,592.2899780273438,-0.04540186788465472,2026-07-03
SMH260710P00545000,2026-07-02 20:13:02+00:00,545.0,4.91,3.8,5.85,1.9999998,68.728516,1066.0,451,0.6042520043945314,False,REGULAR,USD,SMH,put,2026-07-10,0.019178082191780823,4.824999999999999,0.0046606175287815165,-0.14791919843425805,-737375.620052945,592.2899780273438,-0.04540186788465472,2026-07-03
SMH260710P00547500,2026-07-02 19:55:39+00:00,547.5,6.2,4.1,6.25,3.1399999,102.61438,32.0,139,0.5982095843505859,False,REGULAR,USD,SMH,put,2026-07-10,0.019178082191780823,5.175,0.004932052927930066,-0.15868603664750547,-240497.90472812884,592.2899780273438,-0.04540186788465472,2026-07-03
SMH260710P00550000,2026-07-02 20:14:55+00:00,550.0,5.7,4.55,6.55,2.1699998,61.473083,3731.0,2008,0.5921671643066408,False,REGULAR,USD,SMH,put,2026-07-10,0.019178082191780823,5.55,0.005212333784447086,-0.17012286401319865,-3671678.916955229,592.2899780273438,-0.04540186788465472,2026-07-03
SMH260710P00552500,2026-07-02 20:08:22+00:00,552.5,6.1,4.95,7.05,2.6599998,77.32558,25.0,114,0.5882609533691407,False,REGULAR,USD,SMH,put,2026-07-10,0.019178082191780823,6.0,0.005495729950409404,-0.1830507312969485,-219785.48311271454,592.2899780273438,-0.04540186788465472,2026-07-03
SMH260710P00555000,2026-07-02 20:12:03+00:00,555.0,6.6,5.35,7.55,2.8999999,78.37837,350.0,20404,0.5830119824218749,False,REGULAR,USD,SMH,put,2026-07-10,0.019178082191780823,6.449999999999999,0.005786927346843008,-0.19619544533885547,-41422100.026892334,592.2899780273438,-0.04540186788465472,2026-07-03
SMH260710P00557500,2026-07-02 20:14:39+00:00,557.5,7.0,5.65,8.0,3.1,79.487175,70.0,184,0.5738568005371094,False,REGULAR,USD,SMH,put,2026-07-10,0.019178082191780823,6.825,0.006099737766943702,-0.20865341167976936,-393729.3192761391,592.2899780273438,-0.04540186788465472,2026-07-03
SMH260710P00560000,2026-07-02 20:13:02+00:00,560.0,7.4,6.3,8.5,2.7400002,58.79829,3708.0,5234,0.5711102459716797,False,REGULAR,USD,SMH,put,2026-07-10,0.019178082191780823,7.4,0.006389570754563084,-0.22421051537125347,-11732057.158616064,592.2899780273438,-0.04540186788465472,2026-07-03
SMH260710P00562500,2026-07-02 19:57:48+00:00,562.5,8.94,6.65,9.1,4.6399994,107.90696,310.0,260,0.5634809277343751,False,REGULAR,USD,SMH,put,2026-07-10,0.019178082191780823,7.875,0.006707771550628049,-0.2388001049385604,-611815.364859444,592.2899780273438,-0.04540186788465472,2026-07-03
SMH260710P00565000,2026-07-02 20:14:47+00:00,565.0,8.92,6.7,10.1,4.17,87.789474,209.0,185,0.5565229895019532,False,REGULAR,USD,SMH,put,2026-07-10,0.019178082191780823,8.4,0.0070266227895303904,-0.25445461765854904,-456023.4087333115,592.2899780273438,-0.04540186788465472,2026-07-03
SMH260710P00567500,2026-07-02 20:12:44+00:00,567.5,9.55,7.75,10.3,4.57,91.767075,1452.0,97,0.551762294921875,False,REGULAR,USD,SMH,put,2026-07-10,0.019178082191780823,9.025,0.007328311322388308,-0.2716620151580307,-249370.11946171804,592.2899780273438,-0.04540186788465472,2026-07-03
SMH260710P00570000,2026-07-02 20:14:58+00:00,570.0,10.05,8.55,11.0,4.55,82.72728,2180.0,627,0.5497481549072267,False,REGULAR,USD,SMH,put,2026-07-10,0.019178082191780823,9.775,0.007597007659102035,-0.2904725814573432,-1671009.3245089157,592.2899780273438,-0.04540186788465472,2026-07-03
SMH260710P00572500,2026-07-02 18:15:40+00:00,572.5,11.35,9.1,11.7,5.6300006,98.42659,138.0,91,0.5423629748535157,False,REGULAR,USD,SMH,put,2026-07-10,0.019178082191780823,10.399999999999999,0.007913115090683855,-0.3084584935938126,-252614.1321218484,592.2899780273438,-0.04540186788465472,2026-07-03
SMH260710P00575000,2026-07-02 19:59:09+00:00,575.0,12.03,9.9,12.35,5.72,90.64976,661.0,491,0.5368088311767578,False,REGULAR,USD,SMH,put,2026-07-10,0.019178082191780823,11.125,0.008202697870146127,-0.32779365201064437,-1412885.5251743875,592.2899780273438,-0.04540186788465472,2026-07-03
SMH260710P00577500,2026-07-02 18:11:11+00:00,577.5,14.87,10.4,13.3,8.469999,132.34373,323.0,233,0.5299729620361329,False,REGULAR,USD,SMH,put,2026-07-10,0.019178082191780823,11.850000000000001,0.008499675467905442,-0.34763912759694093,-694747.5648448475,592.2899780273438,-0.04540186788465472,2026-07-03
SMH260710P00580000,2026-07-02 20:01:59+00:00,580.0,13.6,11.65,14.15,6.1500006,82.55035,2609.0,375,0.5315598602294922,False,REGULAR,USD,SMH,put,2026-07-10,0.019178082191780823,12.9,0.00865915970593121,-0.3699175883122432,-1139136.5471653629,592.2899780273438,-0.04540186788465472,2026-07-03
SMH260710P00582500,2026-07-02 19:29:31+00:00,582.5,16.87,12.25,15.05,9.540001,130.15009,80.0,246,0.5226488165283203,False,REGULAR,USD,SMH,put,2026-07-10,0.019178082191780823,13.65,0.008955583530907295,-0.39086534521496064,-772854.5434073934,592.2899780273438,-0.04540186788465472,2026-07-03
SMH260710P00585000,2026-07-02 20:06:07+00:00,585.0,15.4,13.45,16.0,7.3499994,91.30434,1196.0,317,0.5218553674316406,False,REGULAR,USD,SMH,put,2026-07-10,0.019178082191780823,14.725,0.009101066203420723,-0.413669469047268,-1012092.7270771594,592.2899780273438,-0.04540186788465472,2026-07-03
SMH260710P00587500,2026-07-02 19:58:41+00:00,587.5,17.08,14.45,17.0,8.58,100.94118,266.0,106,0.5173388110351562,False,REGULAR,USD,SMH,put,2026-07-10,0.019178082191780823,15.725,0.009282140448933836,-0.4364919783282325,-345161.83485728555,592.2899780273438,-0.04540186788465472,2026-07-03
SMH260710P00590000,2026-07-02 20:13:02+00:00,590.0,16.79,15.2,18.05,8.02,91.44812,683.0,468,0.5084277673339843,False,REGULAR,USD,SMH,put,2026-07-10,0.019178082191780823,16.625,0.009517514131908348,-0.45972835415570024,-1562565.2136471143,592.2899780273438,-0.04540186788465472,2026-07-03
SMH260710P00592500,2026-07-02 19:59:22+00:00,592.5,19.03,16.3,19.2,9.1,91.641495,686.0,249,0.504460521850586,True,REGULAR,USD,SMH,put,2026-07-10,0.019178082191780823,17.75,0.009633493253470128,-0.4837132889816186,-841495.7229198234,592.2899780273438,-0.04540186788465472,2026-07-03
SMH260710P00595000,2026-07-02 19:59:48+00:00,595.0,20.05,17.6,20.4,8.959999,80.7935,753.0,856,0.5024463818359376,True,REGULAR,USD,SMH,put,2026-07-10,0.019178082191780823,19.0,0.009678282792776802,-0.5078954135742723,-2906302.668603365,592.2899780273438,-0.04540186788465472,2026-07-03
SMH260710P00597500,2026-07-02 20:13:35+00:00,597.5,20.5,18.85,21.65,8.8,75.21368,4795.0,19337,0.5389450402832032,True,REGULAR,USD,SMH,put,2026-07-10,0.019178082191780823,20.25,0.009002689920420802,-0.527802198314947,-61070314.63401606,592.2899780273438,-0.04540186788465472,2026-07-03
SMH260710P00600000,2026-07-02 20:13:40+00:00,600.0,22.2,20.25,22.85,9.860001,79.90276,6384.0,5335,0.5324753784179688,True,REGULAR,USD,SMH,put,2026-07-10,0.019178082191780823,21.55,0.009059604803031907,-0.5509722518860436,-16955571.999354694,592.2899780273438,-0.04540186788465472,2026-07-03
SMH260710P00602500,2026-07-02 20:06:47+00:00,602.5,25.05,21.35,24.35,12.779999,104.15647,17927.0,19419,0.5331467584228515,True,REGULAR,USD,SMH,put,2026-07-10,0.019178082191780823,22.85,0.008969333208624761,-0.573064046256996,-61102050.98386089,592.2899780273438,-0.04540186788465472,2026-07-03
SMH260710P00605000,2026-07-02 19:33:52+00:00,605.0,28.28,22.25,26.45,15.280001,117.53847,515.0,309,0.5499312585449221,True,REGULAR,USD,SMH,put,2026-07-10,0.019178082191780823,24.35,0.008612186079083373,-0.5912034412121183,-933556.5975679064,592.2899780273438,-0.04540186788465472,2026-07-03
SMH260710P00607500,2026-07-02 19:12:32+00:00,607.5,32.35,23.5,27.8,17.349998,115.66665,333.0,169,0.5434005621337892,True,REGULAR,USD,SMH,put,2026-07-10,0.019178082191780823,25.65,0.008584230666923152,-0.6137558725277181,-508928.59359069227,592.2899780273438,-0.04540186788465472,2026-07-03
SMH260710P00610000,2026-07-02 20:07:52+00:00,610.0,28.0,25.25,29.3,11.92,74.12936,333.0,1224,0.5397384893798829,True,REGULAR,USD,SMH,put,2026-07-10,0.019178082191780823,27.275,0.008486197909768676,-0.635529895160302,-3643873.9218362886,592.2899780273438,-0.04540186788465472,2026-07-03
SMH260710P00612500,2026-07-02 19:57:49+00:00,612.5,30.85,26.8,30.95,13.6,78.84058,68.0,114,0.5391281439208986,True,REGULAR,USD,SMH,put,2026-07-10,0.019178082191780823,28.875,0.008321954348898663,-0.6560818728465099,-332811.97830297216,592.2899780273438,-0.04540186788465472,2026-07-03
SMH260710P00615000,2026-07-02 19:53:02+00:00,615.0,33.92,28.25,32.85,15.779999,86.990074,504.0,201,0.5449264257812501,True,REGULAR,USD,SMH,put,2026-07-10,0.019178082191780823,30.55,0.00806355863279873,-0.6738957298057584,-568579.9930727086,592.2899780273438,-0.04540186788465472,2026-07-03
SMH260710P00617500,2026-07-02 18:06:22+00:00,617.5,37.28,30.15,34.5,19.679998,111.81817,89.0,178,0.5415084912109377,True,REGULAR,USD,SMH,put,2026-07-10,0.019178082191780823,32.325,0.00789414300692974,-0.6943129738294903,-492939.65885456593,592.2899780273438,-0.04540186788465472,2026-07-03
SMH260710P00620000,2026-07-02 19:50:00+00:00,620.0,37.3,32.15,36.3,16.199999,76.777245,605.0,2301,0.5414474566650394,True,REGULAR,USD,SMH,put,2026-07-10,0.019178082191780823,34.224999999999994,0.007670374939317554,-0.7129636636644314,-6191587.00906578,592.2899780273438,-0.04540186788465472,2026-07-03
SMH260710P00622500,2026-07-02 17:45:12+00:00,622.5,42.0,34.35,38.0,20.45,94.8956,45.0,148,0.5365646929931642,True,REGULAR,USD,SMH,put,2026-07-10,0.019178082191780823,36.175,0.007470271930585829,-0.733033688129415,-387852.76762274577,592.2899780273438,-0.04540186788465472,2026-07-03
SMH260710P00625000,2026-07-02 19:58:21+00:00,625.0,39.5,35.55,40.0,18.5,88.09524,462.0,748,0.5404709039306643,True,REGULAR,USD,SMH,put,2026-07-10,0.019178082191780823,37.775,0.007187360030905342,-0.7487396767775287,-1885991.6529644714,592.2899780273438,-0.04540186788465472,2026-07-03
SMH260710P00627500,2026-07-02 17:53:12+00:00,627.5,47.29,37.35,42.0,24.79,110.17778,46.0,200,0.5432174584960938,True,REGULAR,USD,SMH,put,2026-07-10,0.019178082191780823,39.675,0.006910108268609933,-0.7641837305633568,-484823.44806129613,592.2899780273438,-0.04540186788465472,2026-07-03
SMH260710P00630000,2026-07-02 19:09:47+00:00,630.0,49.5,39.35,43.85,24.51,98.07923,1188.0,2190,0.539189178466797,True,REGULAR,USD,SMH,put,2026-07-10,0.019178082191780823,41.6,0.006659684879531346,-0.7820139713264154,-5116424.418492374,592.2899780273438,-0.04540186788465472,2026-07-03
SMH260710P00632500,2026-07-02 14:37:15+00:00,632.5,31.57,41.3,45.25,7.789999,32.758614,7.0,130,0.51562984375,True,REGULAR,USD,SMH,put,2026-07-10,0.019178082191780823,43.275,0.006441498219241232,-0.8087790757262039,-293764.2966446536,592.2899780273438,-0.04540186788465472,2026-07-03
SMH260710P00635000,2026-07-02 19:39:35+00:00,635.0,50.75,43.3,47.85,22.07,76.952576,36.0,1552,0.5380905566406251,True,REGULAR,USD,SMH,put,2026-07-10,0.019178082191780823,45.575,0.006100063305003672,-0.8124176807768211,-3321198.4549740567,592.2899780273438,-0.04540186788465472,2026-07-03
SMH260710P00637500,2026-07-02 14:37:15+00:00,637.5,35.17,45.4,50.0,6.669998,23.403503,3.0,311,0.5416305603027345,True,REGULAR,USD,SMH,put,2026-07-10,0.019178082191780823,47.7,0.005811250492787649,-0.8245747577269305,-634013.8619352648,592.2899780273438,-0.04540186788465472,2026-07-03
SMH260710P00640000,2026-07-02 19:58:56+00:00,640.0,52.05,47.25,52.0,22.05,73.49999,123.0,442,0.5376022802734376,True,REGULAR,USD,SMH,put,2026-07-10,0.019178082191780823,49.625,0.005525445105783126,-0.839660222563661,-856758.2720152889,592.2899780273438,-0.04540186788465472,2026-07-03
SMH260710P00642500,2026-07-02 19:50:01+00:00,642.5,56.12,49.5,53.85,25.029999,80.508194,6.0,72,0.5246629565429688,True,REGULAR,USD,SMH,put,2026-07-10,0.019178082191780823,51.675,0.005212825230688194,-0.8583700316010213,-131666.23872261948,592.2899780273438,-0.04540186788465472,2026-07-03
SMH260710P00645000,2026-07-02 19:37:57+00:00,645.0,59.73,51.5,56.5,24.61,70.074036,13.0,67,0.5482222912597658,True,REGULAR,USD,SMH,put,2026-07-10,0.019178082191780823,54.0,0.0049789208082847425,-0.8587840569218503,-117025.03768701185,592.2899780273438,-0.04540186788465472,2026-07-03
SMH260710P00647500,2026-07-02 15:12:48+00:00,647.5,57.68,53.55,58.5,31.28,118.484856,2.0,30,0.5396774548339844,True,REGULAR,USD,SMH,put,2026-07-10,0.019178082191780823,56.025,0.004679834865202498,-0.873863272688622,-49251.62358189868,592.2899780273438,-0.04540186788465472,2026-07-03
SMH260710P00650000,2026-07-02 19:58:56+00:00,650.0,60.9,56.0,60.95,25.800003,73.50429,55.0,283,0.5527998822021485,True,REGULAR,USD,SMH,put,2026-07-10,0.019178082191780823,58.475,0.004457330447814104,-0.8782352785743638,-442517.0778067948,592.2899780273438,-0.04540186788465472,2026-07-03
SMH260710P00652500,2026-07-02 15:00:18+00:00,652.5,51.0,58.1,63.0,17.740002,53.33735,1.0,31,0.5438278039550781,True,REGULAR,USD,SMH,put,2026-07-10,0.019178082191780823,60.55,0.004157929078606021,-0.8920816720940055,-45217.60330231279,592.2899780273438,-0.04540186788465472,2026-07-03
SMH260710P00655000,2026-07-02 18:41:25+00:00,655.0,68.31,60.55,65.45,28.819996,72.980484,9.0,1090,0.5558516094970705,True,REGULAR,USD,SMH,put,2026-07-10,0.019178082191780823,63.0,0.003961453757916644,-0.8959728335015482,-1514781.0274411398,592.2899780273438,-0.04540186788465472,2026-07-03
SMH260710P00657500,2026-07-02 17:07:35+00:00,657.5,69.35,62.65,67.5,35.6,105.48148,3.0,50,0.5433395275878907,True,REGULAR,USD,SMH,put,2026-07-10,0.019178082191780823,65.075,0.003645979213193116,-0.909927036997757,-63951.82770615575,592.2899780273438,-0.04540186788465472,2026-07-03
SMH260710P00660000,2026-07-02 18:52:51+00:00,660.0,70.5,65.05,70.0,37.5,113.63636,10.0,542,0.5574995422363282,True,REGULAR,USD,SMH,put,2026-07-10,0.019178082191780823,67.525,0.003490865867007431,-0.9120492737481123,-663744.9297684808,592.2899780273438,-0.04540186788465472,2026-07-03
SMH260710P00662500,2026-07-01 13:39:35+00:00,662.5,41.6,67.5,72.5,0.0,0.0,46.0,34,0.5715374877929689,True,REGULAR,USD,SMH,put,2026-07-10,0.019178082191780823,70.0,0.0033472669185443463,-0.9140439635279995,-39924.366219898344,592.2899780273438,-0.04540186788465472,2026-07-03
SMH260710P00665000,2026-07-02 15:04:10+00:00,665.0,64.4,70.0,74.5,27.95,76.68039,1.0,63,0.5505416040039064,True,REGULAR,USD,SMH,put,2026-07-10,0.019178082191780823,72.25,0.0029963953549854284,-0.9292933968118059,-66222.93623426884,592.2899780273438,-0.04540186788465472,2026-07-03
SMH260710P00667500,2026-06-30 19:59:56+00:00,667.5,26.33,72.05,77.0,0.0,0.0,16.0,35,0.5638471350097658,True,REGULAR,USD,SMH,put,2026-07-10,0.019178082191780823,74.525,0.0028762969767753242,-0.9308406610694087,-35315.92106104267,592.2899780273438,-0.04540186788465472,2026-07-03
SMH260710P00670000,2026-07-01 19:51:44+00:00,670.0,50.72,74.55,79.5,0.0,0.0,6.0,47,0.5769085278320312,True,REGULAR,USD,SMH,put,2026-07-10,0.019178082191780823,77.025,0.0027636994340640812,-0.932350700209301,-45567.734351132305,592.2899780273438,-0.04540186788465472,2026-07-03
SMH260710P00675000,2026-07-01 13:47:23+00:00,675.0,45.4,79.55,84.5,0.0,0.0,2.0,5,0.6029092443847659,True,REGULAR,USD,SMH,put,2026-07-10,0.019178082191780823,82.025,0.0025618427463693556,-0.9350689225731537,-4493.567196796854,592.2899780273438,-0.04540186788465472,2026-07-03
SMH260710P00685000,2026-06-30 18:09:53+00:00,685.0,38.89,89.05,94.0,0.0,0.0,2.0,2,0.6087685607910158,True,REGULAR,USD,SMH,put,2026-07-10,0.019178082191780823,91.525,0.001968942816437227,-0.9529051260507607,-1381.439491530059,592.2899780273438,-0.04540186788465472,2026-07-03
SMH260710P00690000,2026-07-02 14:34:47+00:00,690.0,102.75,94.5,98.8,60.52,143.31044,16.0,12,0.6113320117187502,True,REGULAR,USD,SMH,put,2026-07-10,0.019178082191780823,96.65,0.0017138988607235128,-0.9601330275811314,-7214.981209995912,592.2899780273438,-0.04540186788465472,2026-07-03
SMH260710P00695000,2026-07-02 19:56:12+00:00,695.0,105.49,99.05,104.0,40.5,62.317284,2.0,2,0.6555210229492189,True,REGULAR,USD,SMH,put,2026-07-10,0.019178082191780823,101.525,0.0017262621322799035,-0.9561572942199555,-1211.171123079884,592.2899780273438,-0.04540186788465472,2026-07-03
SMH260710P00700000,2026-07-02 16:28:45+00:00,700.0,107.5,104.2,109.0,43.68,68.4425,1.0,75,0.6784700122070313,True,REGULAR,USD,SMH,put,2026-07-10,0.019178082191780823,106.6,0.0016243683250177267,-0.9575686178729117,-42738.03435726069,592.2899780273438,-0.04540186788465472,2026-07-03
SMH260710P00710000,2026-07-01 13:37:48+00:00,710.0,81.0,114.05,119.0,0.0,0.0,1.0,3,0.7233914379882812,True,REGULAR,USD,SMH,put,2026-07-10,0.019178082191780823,116.525,0.0014497429094367136,-0.9600875970246674,-1525.741700781445,592.2899780273438,-0.04540186788465472,2026-07-03
SMH260710P00747500,2026-06-26 19:50:02+00:00,747.5,134.5,151.5,156.5,0.0,0.0,1.0,0,0.8815929809570311,True,REGULAR,USD,SMH,put,2026-07-10,0.019178082191780823,154.0,0.0010170289407649725,-0.9670421163947363,-0.0,592.2899780273438,-0.04540186788465472,2026-07-03
SMH260710P00750000,2026-06-26 19:50:02+00:00,750.0,137.0,154.0,159.0,0.0,0.0,1.0,0,0.8916026464843749,True,REGULAR,USD,SMH,put,2026-07-10,0.019178082191780823,156.5,0.0009963626369442575,-0.9674094062979056,-0.0,592.2899780273438,-0.04540186788465472,2026-07-03
SMH260710P00790000,2026-06-25 15:01:28+00:00,790.0,160.0,194.0,198.95,0.0,0.0,0.0,0,1.0383348864746096,True,REGULAR,USD,SMH,put,2026-07-10,0.019178082191780823,196.475,0.0007332026606370222,-0.9729410302338352,-0.0,592.2899780273438,-0.04540186788465472,2026-07-03
SMH260717C00225000,2026-06-09 16:46:44+00:00,225.0,334.5,366.5,371.5,0.0,0.0,1.0,23,2.4467812268066402,True,REGULAR,USD,SMH,call,2026-07-17,0.038356164383561646,369.0,0.00010868615812392739,0.9881708911064938,876.9419417663405,592.2899780273438,-0.04540186788465472,2026-07-03
SMH260717C00230000,2026-06-25 19:25:03+00:00,230.0,402.65,361.5,366.45,0.0,0.0,2.0,3,2.389896603393554,True,REGULAR,USD,SMH,call,2026-07-17,0.038356164383561646,363.975,0.00011237919892530875,0.988035239907894,118.27036985983743,592.2899780273438,-0.04540186788465472,2026-07-03
SMH260717C00235000,2026-05-07 18:59:51+00:00,235.0,305.1,361.05,366.0,0.0,0.0,0.0,1,3.0100122406005854,True,REGULAR,USD,SMH,call,2026-07-17,0.038356164383561646,363.525,0.00020054842226588664,0.9689424733685886,70.35387421343496,592.2899780273438,-0.04540186788465472,2026-07-03
SMH260717C00240000,2026-06-26 19:50:01+00:00,240.0,374.1,351.5,356.45,0.0,0.0,2.0,2,2.291019897460937,True,REGULAR,USD,SMH,call,2026-07-17,0.038356164383561646,353.975,0.00012184687859972977,0.9874897506383241,85.48957776331741,592.2899780273438,-0.04540186788465472,2026-07-03
SMH260717C00250000,2026-06-18 18:12:10+00:00,250.0,411.03,341.5,346.5,0.0,0.0,1.0,2,2.2011763720703117,True,REGULAR,USD,SMH,call,2026-07-17,0.038356164383561646,344.0,0.00013295404027642107,0.9867875620031288,93.28252718312594,592.2899780273438,-0.04540186788465472,2026-07-03
SMH260717C00255000,2026-05-07 19:08:14+00:00,255.0,285.23,341.55,346.0,0.0,0.0,0.0,2,2.7980987078857424,True,REGULAR,USD,SMH,call,2026-07-17,0.038356164383561646,343.775,0.00023689306934032158,0.96520984562518,166.20769202868428,592.2899780273438,-0.04540186788465472,2026-07-03
SMH260717C00265000,2026-07-01 15:09:47+00:00,265.0,360.97,326.5,331.5,0.0,0.0,2.0,3,2.0659228039550777,True,REGULAR,USD,SMH,call,2026-07-17,0.038356164383561646,329.0,0.00015003606734556368,0.9858777886114348,157.9012962093558,592.2899780273438,-0.04540186788465472,2026-07-03
SMH260717C00270000,2026-05-12 18:59:25+00:00,270.0,284.05,360.85,365.2,0.0,0.0,1.0,4,4.686832754745484,True,REGULAR,USD,SMH,call,2026-07-17,0.038356164383561646,363.025,0.0003084953974873443,0.9059899316569893,432.8898955180676,592.2899780273438,-0.04540186788465472,2026-07-03
SMH260717C00280000,2026-06-25 18:03:02+00:00,280.0,356.55,311.5,316.5,0.0,0.0,20.0,24,1.9375003125,True,REGULAR,USD,SMH,call,2026-07-17,0.038356164383561646,314.0,0.00016919382832851002,0.984928376876005,1424.5068016699065,592.2899780273438,-0.04540186788465472,2026-07-03
SMH260717C00285000,2026-04-20 14:51:16+00:00,285.0,179.4,311.85,316.5,0.0,0.0,1.0,2,2.5092810705566406,True,REGULAR,USD,SMH,call,2026-07-17,0.038356164383561646,314.175,0.0003030226152968702,0.9588372668714106,212.60516257921654,592.2899780273438,-0.04540186788465472,2026-07-03
SMH260717C00290000,2026-05-07 14:47:12+00:00,290.0,261.15,306.55,311.5,0.0,0.0,1.0,2,2.4450722467041013,True,REGULAR,USD,SMH,call,2026-07-17,0.038356164383561646,309.025,0.00031284001399211757,0.9585333395729595,219.49319515613558,592.2899780273438,-0.04540186788465472,2026-07-03
SMH260717C00295000,2026-04-20 14:51:16+00:00,295.0,169.85,301.55,306.5,0.0,0.0,4.0,5,2.3950235437011718,True,REGULAR,USD,SMH,call,2026-07-17,0.038356164383561646,304.025,0.0003250115575081003,0.9576279529986097,570.0823266642809,592.2899780273438,-0.04540186788465472,2026-07-03
SMH260717C00300000,2026-06-22 16:57:56+00:00,300.0,365.53,291.55,296.5,0.0,0.0,1.0,57,1.78125109375,True,REGULAR,USD,SMH,call,2026-07-17,0.038356164383561646,294.025,0.00020034425738758624,0.9833596912700511,4006.0883445981967,592.2899780273438,-0.04540186788465472,2026-07-03
SMH260717C00305000,2026-07-01 19:55:35+00:00,305.0,317.1,286.55,291.5,0.0,0.0,1.0,3,1.7426770678710937,True,REGULAR,USD,SMH,call,2026-07-17,0.038356164383561646,289.025,0.00020870957359267757,0.9829856269900726,219.6505999166351,592.2899780273438,-0.04540186788465472,2026-07-03
SMH260717C00310000,2026-06-26 19:50:00+00:00,310.0,305.15,281.55,286.5,0.0,0.0,2.0,7,1.7048354602050781,True,REGULAR,USD,SMH,call,2026-07-17,0.038356164383561646,284.025,0.00021750824867879315,0.9825961190882176,534.1245498980281,592.2899780273438,-0.04540186788465472,2026-07-03
SMH260717C00320000,2026-06-15 16:35:41+00:00,320.0,327.67,272.0,276.95,0.0,0.0,1.0,102,1.6989761145019533,True,REGULAR,USD,SMH,call,2026-07-17,0.038356164383561646,274.475,0.0002624710352180701,0.9783757000699552,9391.832190710817,592.2899780273438,-0.04540186788465472,2026-07-03
SMH260717C00325000,2026-06-18 15:13:15+00:00,325.0,335.01,267.0,271.95,0.0,0.0,1.0,8,1.6613786462402347,True,REGULAR,USD,SMH,call,2026-07-17,0.038356164383561646,269.475,0.00027352208070683233,0.9778872433632984,767.6285993467536,592.2899780273438,-0.04540186788465472,2026-07-03
SMH260717C00330000,2026-06-18 15:02:11+00:00,330.0,328.64,262.0,266.95,0.0,0.0,1.0,105,1.6245135961914063,True,REGULAR,USD,SMH,call,2026-07-17,0.038356164383561646,264.475,0.0002851896731157991,0.9773745705468162,10504.898553076831,592.2899780273438,-0.04540186788465472,2026-07-03
SMH260717C00335000,2026-06-15 16:35:41+00:00,335.0,312.82,257.0,261.95,0.0,0.0,1.0,5,1.5878926855468747,True,REGULAR,USD,SMH,call,2026-07-17,0.038356164383561646,259.475,0.0002973162604559369,0.9768628743662241,521.5037484062995,592.2899780273438,-0.04540186788465472,2026-07-03
SMH260717C00340000,2026-06-18 15:03:57+00:00,340.0,318.26,252.0,257.0,0.0,0.0,1.0,17,1.5551780053710935,True,REGULAR,USD,SMH,call,2026-07-17,0.038356164383561646,254.5,0.00031163125979515483,0.9761307795972197,1858.4834798655165,592.2899780273438,-0.04540186788465472,2026-07-03
SMH260717C00345000,2026-06-24 15:24:50+00:00,345.0,275.12,247.0,251.95,0.0,0.0,5.0,126,1.5163598400878904,True,REGULAR,USD,SMH,call,2026-07-17,0.038356164383561646,249.475,0.0003235362641153624,0.9757812858320841,14300.864104823311,592.2899780273438,-0.04540186788465472,2026-07-03
SMH260717C00350000,2026-07-01 19:55:58+00:00,350.0,246.81,242.0,246.95,-25.390015,-9.327705,8.0,58,1.4814479052734375,True,REGULAR,USD,SMH,call,2026-07-17,0.038356164383561646,244.475,0.0003377461639286739,0.9752063919259609,6872.063864422131,592.2899780273438,-0.04540186788465472,2026-07-03
SMH260717C00355000,2026-06-25 17:11:44+00:00,355.0,283.7,237.05,242.0,0.0,0.0,5.0,27,1.453127734375,True,REGULAR,USD,SMH,call,2026-07-17,0.038356164383561646,239.525,0.0003560863238397357,0.9741925667808837,3372.7785446745843,592.2899780273438,-0.04540186788465472,2026-07-03
SMH260717C00360000,2026-06-16 18:23:58+00:00,360.0,269.37,232.0,237.0,0.0,0.0,5.0,98,1.4157744055175785,True,REGULAR,USD,SMH,call,2026-07-17,0.038356164383561646,234.5,0.0003701281740568417,0.9737998061407501,12724.683491451904,592.2899780273438,-0.04540186788465472,2026-07-03
SMH260717C00365000,2026-06-17 15:46:40+00:00,365.0,271.7,227.0,232.0,0.0,0.0,4.0,12,1.382083167724609,True,REGULAR,USD,SMH,call,2026-07-17,0.038356164383561646,229.5,0.00038681921560628017,0.9731643437562927,1628.3886034479942,592.2899780273438,-0.04540186788465472,2026-07-03
SMH260717C00370000,2026-06-24 18:58:58+00:00,370.0,241.52,222.05,227.0,0.0,0.0,1.0,69,1.3515657421874998,True,REGULAR,USD,SMH,call,2026-07-17,0.038356164383561646,224.525,0.00040624920726541264,0.9722921016615828,9833.551249115424,592.2899780273438,-0.04540186788465472,2026-07-03
SMH260717C00375000,2026-06-17 15:39:14+00:00,375.0,211.18,217.05,222.0,-51.05002,-19.46765,1.0,182,1.3186069226074215,True,REGULAR,USD,SMH,call,2026-07-17,0.038356164383561646,219.525,0.0004249475583715976,0.9716079721321139,27131.60554980949,592.2899780273438,-0.04540186788465472,2026-07-03
SMH260717C00380000,2026-06-16 18:16:27+00:00,380.0,250.03,212.5,217.45,0.0,0.0,5.0,134,1.333743565673828,True,REGULAR,USD,SMH,call,2026-07-17,0.038356164383561646,214.975,0.00047833439321675627,0.9667908661865008,22485.635963536915,592.2899780273438,-0.04540186788465472,2026-07-03
SMH260717C00385000,2026-06-26 19:14:23+00:00,385.0,231.81,207.5,212.45,0.0,0.0,1.0,206,1.3005406066894527,True,REGULAR,USD,SMH,call,2026-07-17,0.038356164383561646,209.975,0.0005005625292937796,0.9659651778838445,36173.81598790097,592.2899780273438,-0.04540186788465472,2026-07-03
SMH260717C00390000,2026-06-18 16:14:14+00:00,390.0,269.98,202.5,207.45,0.0,0.0,1.0,88,1.2677038568115233,True,REGULAR,USD,SMH,call,2026-07-17,0.038356164383561646,204.975,0.0005241219310760128,0.9651087324325349,16180.195802803435,592.2899780273438,-0.04540186788465472,2026-07-03
SMH260717C00395000,2026-06-02 15:43:50+00:00,395.0,237.55,197.5,202.45,0.0,0.0,1.0,541,1.2352333160400388,True,REGULAR,USD,SMH,call,2026-07-17,0.038356164383561646,199.975,0.0005491333709073309,0.964218236516592,104218.27247350996,592.2899780273438,-0.04540186788465472,2026-07-03
SMH260717C00400000,2026-07-01 17:56:09+00:00,400.0,225.85,192.5,197.45,0.0,0.0,1.0,1971,1.203128984375,True,REGULAR,USD,SMH,call,2026-07-17,0.038356164383561646,194.975,0.0005757317949499143,0.9632900198433525,398084.810426095,592.2899780273438,-0.04540186788465472,2026-07-03
SMH260717C00405000,2026-07-01 17:01:00+00:00,405.0,221.71,187.5,192.45,0.0,0.0,1.0,432,1.171268792114258,True,REGULAR,USD,SMH,call,2026-07-17,0.038356164383561646,189.975,0.0006039578696596778,0.9623332328916392,91529.09317988112,592.2899780273438,-0.04540186788465472,2026-07-03
SMH260717C00410000,2026-07-01 17:26:00+00:00,410.0,215.68,182.55,187.5,0.0,0.0,3.0,427,1.144291387939453,True,REGULAR,USD,SMH,call,2026-07-17,0.038356164383561646,185.025,0.0006383931262947738,0.9608180474016127,95627.94993751255,592.2899780273438,-0.04540186788465472,2026-07-03
SMH260717C00415000,2026-07-01 17:26:00+00:00,415.0,210.75,178.0,182.5,0.0,0.0,3.0,70,1.1320844177246094,True,REGULAR,USD,SMH,call,2026-07-17,0.038356164383561646,180.25,0.0006895290939651012,0.9574801890982987,16932.43447974179,592.2899780273438,-0.04540186788465472,2026-07-03
SMH260717C00420000,2026-06-30 14:04:15+00:00,420.0,232.1,173.0,177.95,0.0,0.0,1.0,885,1.1186567504882814,True,REGULAR,USD,SMH,call,2026-07-17,0.038356164383561646,175.475,0.0007427551892311964,0.9540565255954,230599.16672124923,592.2899780273438,-0.04540186788465472,2026-07-03
SMH260717C00425000,2026-07-02 19:05:35+00:00,425.0,162.47,168.0,172.95,-34.850006,-17.661669,2.0,185,1.0871627673339845,True,REGULAR,USD,SMH,call,2026-07-17,0.038356164383561646,170.475,0.0007811526707719099,0.9527886251175725,50696.31803735177,592.2899780273438,-0.04540186788465472,2026-07-03
SMH260717C00430000,2026-07-02 16:47:56+00:00,430.0,164.03,163.25,167.8,-27.869995,-14.523188,1.0,1306,1.0598191540527346,True,REGULAR,USD,SMH,call,2026-07-17,0.038356164383561646,165.525,0.0008265136435169429,0.9509253697909044,378670.9351718011,592.2899780273438,-0.04540186788465472,2026-07-03
SMH260717C00435000,2026-07-02 16:31:48+00:00,435.0,158.68,158.0,163.0,-21.880005,-12.117858,1.0,210,1.0268603344726563,True,REGULAR,USD,SMH,call,2026-07-17,0.038356164383561646,160.5,0.0008685931818176039,0.9498016316827487,63988.875608291906,592.2899780273438,-0.04540186788465472,2026-07-03
SMH260717C00440000,2026-07-02 15:31:13+00:00,440.0,162.4,153.0,158.0,-22.600006,-12.216219,1.0,845,0.9960937890625,True,REGULAR,USD,SMH,call,2026-07-17,0.038356164383561646,155.5,0.0009161019312895471,0.9483409834566683,271562.1734591723,592.2899780273438,-0.04540186788465472,2026-07-03
SMH260717C00445000,2026-06-29 18:17:19+00:00,445.0,188.9,148.5,153.45,0.0,0.0,13.0,331,0.9978027563476561,True,REGULAR,USD,SMH,call,2026-07-17,0.038356164383561646,150.975,0.001007058264734299,0.941640829905392,116936.84171041429,592.2899780273438,-0.04540186788465472,2026-07-03
SMH260717C00450000,2026-07-02 14:53:18+00:00,450.0,155.5,143.55,148.25,-48.0,-23.587223,1.0,967,0.9620365124511718,True,REGULAR,USD,SMH,call,2026-07-17,0.038356164383561646,145.9,0.0010578479879845533,0.9406886864725529,358854.59097168595,592.2899780273438,-0.04540186788465472,2026-07-03
SMH260717C00455000,2026-06-29 17:43:00+00:00,455.0,178.37,138.5,143.5,0.0,0.0,3.0,401,0.9376226940917969,True,REGULAR,USD,SMH,call,2026-07-17,0.038356164383561646,141.0,0.0011271546156236087,0.9377550473486995,158561.09439025057,592.2899780273438,-0.04540186788465472,2026-07-03
SMH260717C00460000,2026-07-01 18:53:04+00:00,460.0,162.0,134.0,138.5,0.0,0.0,2.0,693,0.9219978503417969,True,REGULAR,USD,SMH,call,2026-07-17,0.038356164383561646,136.25,0.001213515802854221,0.9330138864168289,295017.26949276956,592.2899780273438,-0.04540186788465472,2026-07-03
SMH260717C00465000,2026-07-01 15:51:13+00:00,465.0,164.27,129.0,133.95,0.0,0.0,4.0,949,0.9041757629394531,True,REGULAR,USD,SMH,call,2026-07-17,0.038356164383561646,131.475,0.0013033445198084041,0.9283461012588028,433904.55663335486,592.2899780273438,-0.04540186788465472,2026-07-03
SMH260717C00470000,2026-07-02 17:46:11+00:00,470.0,119.33,124.05,129.0,-67.86,-36.251934,4.0,1257,0.875977802734375,True,REGULAR,USD,SMH,call,2026-07-17,0.038356164383561646,126.525,0.0013866644453845276,0.9254535668622105,611470.3824880656,592.2899780273438,-0.04540186788465472,2026-07-03
SMH260717C00475000,2026-07-01 17:43:34+00:00,475.0,151.55,119.5,124.45,0.0,0.0,1.0,560,0.8687757263183593,True,REGULAR,USD,SMH,call,2026-07-17,0.038356164383561646,121.975,0.001504319495272441,0.917901406397986,295526.80533115304,592.2899780273438,-0.04540186788465472,2026-07-03
SMH260717C00480000,2026-07-01 14:44:36+00:00,480.0,150.0,114.5,119.5,0.0,0.0,1.0,628,0.838746729736328,True,REGULAR,USD,SMH,call,2026-07-17,0.038356164383561646,117.0,0.001601659128739258,0.9148382515763609,352856.8114506752,592.2899780273438,-0.04540186788465472,2026-07-03
SMH260717C00485000,2026-06-16 17:31:19+00:00,485.0,147.94,110.0,114.95,0.0,0.0,1.0,142,0.8303239624023437,True,REGULAR,USD,SMH,call,2026-07-17,0.038356164383561646,112.475,0.0017339250353450365,0.9065308893850628,86374.8745986399,592.2899780273438,-0.04540186788465472,2026-07-03
SMH260717C00490000,2026-07-02 19:46:38+00:00,490.0,101.45,105.35,110.0,-30.699997,-23.231176,106.0,565,0.8078632495117187,True,REGULAR,USD,SMH,call,2026-07-17,0.038356164383561646,107.675,0.00185947473690926,0.9009696922877035,368559.4052548784,592.2899780273438,-0.04540186788465472,2026-07-03
SMH260717C00495000,2026-07-01 13:56:44+00:00,495.0,144.13,100.5,105.45,0.0,0.0,2.0,1039,0.7891866784667969,True,REGULAR,USD,SMH,call,2026-07-17,0.038356164383561646,102.975,0.0019997631974344606,0.8940155745616293,728891.5028444725,592.2899780273438,-0.04540186788465472,2026-07-03
SMH260717C00500000,2026-07-02 16:40:03+00:00,500.0,95.0,96.1,100.5,-35.0,-26.923079,28.0,2528,0.7707542456054688,True,REGULAR,USD,SMH,call,2026-07-17,0.038356164383561646,98.3,0.0021516878965050328,0.8864352069432584,1908205.374785405,592.2899780273438,-0.04540186788465472,2026-07-03
SMH260717C00505000,2026-06-30 18:50:05+00:00,505.0,154.85,91.05,96.0,0.0,0.0,1.0,1013,0.7474390490722658,True,REGULAR,USD,SMH,call,2026-07-17,0.038356164383561646,93.525,0.002313022514363122,0.8795718907238672,821973.9871359484,592.2899780273438,-0.04540186788465472,2026-07-03
SMH260717C00510000,2026-07-02 17:13:04+00:00,510.0,83.36,87.25,91.5,-42.690002,-33.867516,4.0,1035,0.7469507727050781,True,REGULAR,USD,SMH,call,2026-07-17,0.038356164383561646,89.375,0.0024972453997718644,0.865673936705815,906714.0383697096,592.2899780273438,-0.04540186788465472,2026-07-03
SMH260717C00515000,2026-07-01 19:28:29+00:00,515.0,113.62,82.7,87.0,0.0,0.0,1.0,517,0.7305935144042968,True,REGULAR,USD,SMH,call,2026-07-17,0.038356164383561646,84.85,0.0026854639135293233,0.855317122896583,487055.7021659862,592.2899780273438,-0.04540186788465472,2026-07-03
SMH260717C00520000,2026-07-02 17:41:27+00:00,520.0,74.02,78.25,82.8,-29.980003,-28.826925,1.0,211,0.7196072961425781,True,REGULAR,USD,SMH,call,2026-07-17,0.038356164383561646,80.525,0.002884388454734656,0.8425431060862745,213503.48683594938,592.2899780273438,-0.04540186788465472,2026-07-03
SMH260717C00525000,2026-06-30 19:50:09+00:00,525.0,136.55,74.0,78.3,0.0,0.0,1.0,147,0.7053252124023439,True,REGULAR,USD,SMH,call,2026-07-17,0.038356164383561646,76.15,0.0030957459632751936,0.8297589972390333,159643.56531219019,592.2899780273438,-0.04540186788465472,2026-07-03
SMH260717C00530000,2026-07-02 17:47:54+00:00,530.0,64.38,69.5,74.0,-62.010002,-49.062428,5.0,878,0.6887238159179689,True,REGULAR,USD,SMH,call,2026-07-17,0.038356164383561646,71.75,0.003322733931384714,0.8166379609471539,1023431.6666162879,592.2899780273438,-0.04540186788465472,2026-07-03
SMH260717C00535000,2026-06-30 19:41:19+00:00,535.0,73.5,65.25,69.75,-52.9,-41.85127,1.0,78,0.6751131121826173,True,REGULAR,USD,SMH,call,2026-07-17,0.038356164383561646,67.5,0.003558408545372455,0.8015345285394735,97368.65691119897,592.2899780273438,-0.04540186788465472,2026-07-03
SMH260717C00540000,2026-07-02 18:28:36+00:00,540.0,60.28,62.1,65.0,-28.32,-31.963882,7.0,321,0.668094139404297,True,REGULAR,USD,SMH,call,2026-07-17,0.038356164383561646,63.55,0.0037871006222578553,0.7833443705727129,426462.30019823066,592.2899780273438,-0.04540186788465472,2026-07-03
SMH260717C00545000,2026-07-02 19:48:35+00:00,545.0,54.67,58.1,61.0,-31.779999,-36.761135,7.0,1891,0.6574130938720704,True,REGULAR,USD,SMH,call,2026-07-17,0.038356164383561646,59.55,0.0040294332151185825,0.7650295159989469,2673032.6231644717,592.2899780273438,-0.04540186788465472,2026-07-03
SMH260717C00550000,2026-07-02 19:04:23+00:00,550.0,51.15,54.25,57.0,-57.939995,-53.112106,197.0,608,0.6465489447021484,True,REGULAR,USD,SMH,call,2026-07-17,0.038356164383561646,55.625,0.00427699425165869,0.7455170664848308,912243.9968032092,592.2899780273438,-0.04540186788465472,2026-07-03
SMH260717C00555000,2026-07-02 19:04:23+00:00,555.0,47.4,50.4,53.25,-59.989998,-55.861813,146.0,743,0.6366613482666017,True,REGULAR,USD,SMH,call,2026-07-17,0.038356164383561646,51.825,0.0045224128527507545,0.7244707431555752,1178766.5104112977,592.2899780273438,-0.04540186788465472,2026-07-03
SMH260717C00560000,2026-07-02 19:54:47+00:00,560.0,45.92,46.7,49.6,-29.260002,-38.91993,18.0,727,0.6274451318359376,True,REGULAR,USD,SMH,call,2026-07-17,0.038356164383561646,48.150000000000006,0.004762732259208139,0.7019884787350458,1214672.913557613,592.2899780273438,-0.04540186788465472,2026-07-03
SMH260717C00565000,2026-07-02 19:05:39+00:00,565.0,39.15,43.15,46.05,-30.32,-43.644737,46.0,378,0.6186866744995119,True,REGULAR,USD,SMH,call,2026-07-17,0.038356164383561646,44.599999999999994,0.004994926800890237,0.6781547561632187,662353.2875523429,592.2899780273438,-0.04540186788465472,2026-07-03
SMH260717C00570000,2026-07-02 19:02:39+00:00,570.0,36.0,39.75,42.6,-27.759998,-43.538265,79.0,677,0.6102639071655275,True,REGULAR,USD,SMH,call,2026-07-17,0.038356164383561646,41.175,0.00521564746542933,0.65304349831866,1238698.6547622383,592.2899780273438,-0.04540186788465472,2026-07-03
SMH260717C00575000,2026-07-02 18:49:59+00:00,575.0,35.0,36.5,38.95,-26.380001,-42.978172,93.0,386,0.5986978607177735,True,REGULAR,USD,SMH,call,2026-07-17,0.038356164383561646,37.725,0.00545006327357697,0.6271750754015846,738002.1333775962,592.2899780273438,-0.04540186788465472,2026-07-03
SMH260717C00580000,2026-07-02 18:55:22+00:00,580.0,32.2,33.3,35.75,-25.55,-44.242424,153.0,512,0.589969920654297,True,REGULAR,USD,SMH,call,2026-07-17,0.038356164383561646,34.525,0.005646522263692458,0.5996821629936335,1014191.0509618862,592.2899780273438,-0.04540186788465472,2026-07-03
SMH260717C00585000,2026-07-02 19:57:51+00:00,585.0,30.12,30.3,32.9,-20.679998,-40.708656,169.0,672,0.5843547424316407,True,REGULAR,USD,SMH,call,2026-07-17,0.038356164383561646,31.6,0.005792101397147344,0.5709692667269349,1365444.955622058,592.2899780273438,-0.04540186788465472,2026-07-03
SMH260717C00590000,2026-07-02 20:10:08+00:00,590.0,28.5,27.5,29.95,-22.0,-43.564354,144.0,1770,0.5768780105590819,True,REGULAR,USD,SMH,call,2026-07-17,0.038356164383561646,28.725,0.005929379929682547,0.5415571133231278,3681724.721098903,592.2899780273438,-0.04540186788465472,2026-07-03
SMH260717C00595000,2026-07-02 19:57:21+00:00,595.0,24.79,25.0,27.25,-21.759998,-46.74543,76.0,634,0.5722088677978516,False,REGULAR,USD,SMH,call,2026-07-17,0.038356164383561646,26.125,0.006007877176493173,0.5115628206119788,1336223.3961590515,592.2899780273438,-0.04540186788465472,2026-07-03
SMH260717C00600000,2026-07-02 19:52:45+00:00,600.0,23.05,22.55,24.8,-19.91,-46.34544,768.0,3265,0.5677228286743164,False,REGULAR,USD,SMH,call,2026-07-17,0.038356164383561646,23.675,0.006051228135185728,0.48128526759539736,6930993.320141485,592.2899780273438,-0.04540186788465472,2026-07-03
SMH260717C00605000,2026-07-02 19:52:02+00:00,605.0,20.26,20.1,22.0,-17.999998,-47.04652,652.0,1279,0.5565229895019532,False,REGULAR,USD,SMH,call,2026-07-17,0.038356164383561646,21.05,0.00613077036254975,0.44977557854103317,2750770.524023805,592.2899780273438,-0.04540186788465472,2026-07-03
SMH260717C00610000,2026-07-02 19:46:47+00:00,610.0,17.09,16.8,21.5,-17.810001,-51.031517,201.0,5029,0.5574995422363282,False,REGULAR,USD,SMH,call,2026-07-17,0.038356164383561646,19.15,0.0060453766219145276,0.4202720544093588,10665316.94597831,592.2899780273438,-0.04540186788465472,2026-07-03
SMH260717C00615000,2026-07-02 19:55:08+00:00,615.0,16.15,15.9,18.25,-17.74,-52.345825,73.0,1621,0.551762294921875,False,REGULAR,USD,SMH,call,2026-07-17,0.038356164383561646,17.075,0.005993579798801186,0.38975313481876017,3408302.044096669,592.2899780273438,-0.04540186788465472,2026-07-03
SMH260717C00620000,2026-07-02 20:04:57+00:00,620.0,15.32,14.0,16.45,-12.83,-45.577263,262.0,2598,0.5477645321655275,False,REGULAR,USD,SMH,call,2026-07-17,0.038356164383561646,15.225,0.005888324085483935,0.36007056309928165,5366604.864375415,592.2899780273438,-0.04540186788465472,2026-07-03
SMH260717C00625000,2026-07-02 20:14:54+00:00,625.0,13.5,12.4,13.75,-12.200001,-47.47082,396.0,772,0.5336960693359375,False,REGULAR,USD,SMH,call,2026-07-17,0.038356164383561646,13.075,0.005830526411079538,0.3273104797898816,1579042.5593598748,592.2899780273438,-0.04540186788465472,2026-07-03
SMH260717C00630000,2026-07-02 19:52:11+00:00,630.0,11.6,10.8,12.6,-11.809999,-50.448524,564.0,2798,0.5340927938842773,False,REGULAR,USD,SMH,call,2026-07-17,0.038356164383561646,11.7,0.005615885741826973,0.3004456999366089,5512324.067617153,592.2899780273438,-0.04540186788465472,2026-07-03
SMH260717C00632500,2026-07-02 19:52:19+00:00,632.5,10.35,10.1,12.4,-12.359999,-54.425358,23.0,215,0.5389450402832032,False,REGULAR,USD,SMH,call,2026-07-17,0.038356164383561646,11.25,0.0054705446847641125,0.28945262592955273,412608.1461061308,592.2899780273438,-0.04540186788465472,2026-07-03
SMH260717C00635000,2026-07-02 20:04:57+00:00,635.0,10.63,9.0,12.6,-11.669999,-52.331837,156.0,1009,0.5432784930419923,False,REGULAR,USD,SMH,call,2026-07-17,0.038356164383561646,10.8,0.005329267747075126,0.27867321847744786,1886372.5784909194,592.2899780273438,-0.04540186788465472,2026-07-03
SMH260717C00637500,2026-07-02 19:23:38+00:00,637.5,8.0,8.75,11.0,-13.799999,-63.30275,16.0,136,0.5350998638916016,False,REGULAR,USD,SMH,call,2026-07-17,0.038356164383561646,9.875,0.005254138993984372,0.26275855489613575,250673.9671150025,592.2899780273438,-0.04540186788465472,2026-07-03
SMH260717C00640000,2026-07-02 19:51:13+00:00,640.0,8.52,8.15,10.3,-10.33,-54.80106,164.0,16341,0.5329636547851562,False,REGULAR,USD,SMH,call,2026-07-17,0.038356164383561646,9.225000000000001,0.005137213157166167,0.2497347511123607,29449300.556943666,592.2899780273438,-0.04540186788465472,2026-07-03
SMH260717C00642500,2026-07-02 15:17:13+00:00,642.5,7.68,7.55,9.75,-10.43,-57.592487,4.0,134,0.5319260675048829,False,REGULAR,USD,SMH,call,2026-07-17,0.038356164383561646,8.65,0.005009825882111509,0.23753046219623886,235502.86708072416,592.2899780273438,-0.04540186788465472,2026-07-03
SMH260717C00645000,2026-07-02 19:58:40+00:00,645.0,7.94,7.05,9.1,-9.559999,-54.62857,116.0,594,0.5301560656738282,False,REGULAR,USD,SMH,call,2026-07-17,0.038356164383561646,8.075,0.004880569932170638,0.2253035073907746,1017011.2411539543,592.2899780273438,-0.04540186788465472,2026-07-03
SMH260717C00647500,2026-07-02 19:41:42+00:00,647.5,6.85,6.5,8.4,-12.23,-64.09853,595.0,504,0.5261888201904297,False,REGULAR,USD,SMH,call,2026-07-17,0.038356164383561646,7.45,0.004752193328898575,0.21231628540997383,840220.7546316225,592.2899780273438,-0.04540186788465472,2026-07-03
SMH260717C00650000,2026-07-02 20:14:49+00:00,650.0,7.05,6.1,8.0,-8.099999,-53.465343,620.0,12087,0.5278367529296876,False,REGULAR,USD,SMH,call,2026-07-17,0.038356164383561646,7.05,0.004606048267654731,0.2024583010222663,19530608.526796367,592.2899780273438,-0.04540186788465472,2026-07-03
SMH260717C00652500,2026-07-02 17:06:36+00:00,652.5,6.29,5.55,7.5,-8.66,-57.926422,109.0,182,0.5250901983642577,False,REGULAR,USD,SMH,call,2026-07-17,0.038356164383561646,6.525,0.004466157187619863,0.19076059237255638,285150.5150477588,592.2899780273438,-0.04540186788465472,2026-07-03
SMH260717C00655000,2026-07-02 19:58:40+00:00,655.0,5.77,5.15,7.1,-8.68,-60.06921,77.0,3076,0.5253343365478516,False,REGULAR,USD,SMH,call,2026-07-17,0.038356164383561646,6.125,0.0043200250434009225,0.18093412283122406,4661668.253633295,592.2899780273438,-0.04540186788465472,2026-07-03
SMH260717C00657500,2026-07-02 17:38:21+00:00,657.5,5.0,4.75,6.5,-9.08,-64.48864,7.0,220,0.5216722637939453,False,REGULAR,USD,SMH,call,2026-07-17,0.038356164383561646,5.625,0.004173601771854738,0.1694809689948345,322108.70156158024,592.2899780273438,-0.04540186788465472,2026-07-03
SMH260717C00660000,2026-07-02 20:14:49+00:00,660.0,5.4,4.7,6.1,-8.49,-61.123108,135.0,1297,0.5262498547363281,False,REGULAR,USD,SMH,call,2026-07-17,0.038356164383561646,5.4,0.004027954004011737,0.16259947937133645,1832707.8791034655,592.2899780273438,-0.04540186788465472,2026-07-03
SMH260717C00662500,2026-07-02 18:09:45+00:00,662.5,4.39,4.0,5.8,-7.1300006,-61.892365,9.0,128,0.5210008837890624,False,REGULAR,USD,SMH,call,2026-07-17,0.038356164383561646,4.9,0.003876410068781199,0.15107635905641165,174063.79617484895,592.2899780273438,-0.04540186788465472,2026-07-03
SMH260717C00665000,2026-07-02 18:55:09+00:00,665.0,4.25,3.7,5.45,-8.35,-66.269844,66.0,421,0.5208788146972656,False,REGULAR,USD,SMH,call,2026-07-17,0.038356164383561646,4.575,0.0037287808693946605,0.14253136880855427,550703.3595151855,592.2899780273438,-0.04540186788465472,2026-07-03
SMH260717C00667500,2026-07-02 18:15:44+00:00,667.5,3.89,3.4,5.15,-7.91,-67.0339,23.0,129,0.5210619183349607,False,REGULAR,USD,SMH,call,2026-07-17,0.038356164383561646,4.275,0.0035830015045137213,0.13449875976953424,162145.71237013457,592.2899780273438,-0.04540186788465472,2026-07-03
SMH260717C00670000,2026-07-02 19:57:43+00:00,670.0,3.87,3.1,4.7,-5.8199997,-60.06192,426.0,1906,0.51758294921875,False,REGULAR,USD,SMH,call,2026-07-17,0.038356164383561646,3.9000000000000004,0.003428607648166367,0.12499645694068096,2292500.579584197,592.2899780273438,-0.04540186788465472,2026-07-03
SMH260717C00672500,2026-07-02 16:44:50+00:00,672.5,3.68,2.88,5.0,-5.5299997,-60.04343,10.0,1067,0.5299119274902344,False,REGULAR,USD,SMH,call,2026-07-17,0.038356164383561646,3.94,0.003322913406832087,0.12361526957049185,1243804.7517990398,592.2899780273438,-0.04540186788465472,2026-07-03
SMH260717C00675000,2026-07-02 19:59:16+00:00,675.0,3.35,2.71,4.05,-5.32,-61.361015,590.0,1603,0.5174608801269531,False,REGULAR,USD,SMH,call,2026-07-17,0.038356164383561646,3.38,0.003142258359804294,0.1104711824610975,1767031.0500134605,592.2899780273438,-0.04540186788465472,2026-07-03
SMH260717C00677500,2026-07-02 18:43:23+00:00,677.5,3.05,2.42,3.95,-6.3099995,-67.41453,10.0,117,0.5192919165039063,False,REGULAR,USD,SMH,call,2026-07-17,0.038356164383561646,3.185,0.0030105882883734057,0.10461198099137348,123567.99440555307,592.2899780273438,-0.04540186788465472,2026-07-03
SMH260717C00680000,2026-07-02 19:55:23+00:00,680.0,2.9,2.22,3.65,-5.65,-66.08187,410.0,2482,0.5179491564941407,False,REGULAR,USD,SMH,call,2026-07-17,0.038356164383561646,2.935,0.0028688708783721935,0.09756858466556145,2497937.382715398,592.2899780273438,-0.04540186788465472,2026-07-03
SMH260717C00685000,2026-07-02 19:50:02+00:00,685.0,2.37,1.86,3.2,-4.9,-67.400276,685.0,1540,0.5178270874023438,False,REGULAR,USD,SMH,call,2026-07-17,0.038356164383561646,2.5300000000000002,0.0026051956077038246,0.08564064584863823,1407439.7948536053,592.2899780273438,-0.04540186788465472,2026-07-03
SMH260717C00690000,2026-07-02 19:20:11+00:00,690.0,1.87,1.56,2.82,-3.98,-68.03419,921.0,4745,0.5185595019531251,False,REGULAR,USD,SMH,call,2026-07-17,0.038356164383561646,2.19,0.0023597243058423576,0.07526892842055619,3927952.7137383255,592.2899780273438,-0.04540186788465472,2026-07-03
SMH260717C00695000,2026-07-02 17:06:36+00:00,695.0,1.87,1.29,2.5,-3.6100001,-65.875916,37.0,699,0.5194139855957032,False,REGULAR,USD,SMH,call,2026-07-17,0.038356164383561646,1.895,0.002130073931628114,0.06602337899316943,522324.769643047,592.2899780273438,-0.04540186788465472,2026-07-03
SMH260717C00700000,2026-07-02 20:04:21+00:00,700.0,1.8,1.46,2.19,-2.51,-58.23666,1573.0,8812,0.5325974475097657,False,REGULAR,USD,SMH,call,2026-07-17,0.038356164383561646,1.825,0.0019880566781503824,0.062395138969390106,6145709.366492504,592.2899780273438,-0.04540186788465472,2026-07-03
SMH260717C00705000,2026-07-02 19:51:10+00:00,705.0,1.5,0.87,2.0,-2.49,-62.406013,642.0,806,0.5229539892578124,False,REGULAR,USD,SMH,call,2026-07-17,0.038356164383561646,1.435,0.0017287780132338188,0.05105819879079296,488813.3299006977,592.2899780273438,-0.04540186788465472,2026-07-03
SMH260717C00710000,2026-07-02 19:37:12+00:00,710.0,1.5,0.71,1.82,-2.0,-57.14286,542.0,5915,0.5261277856445312,False,REGULAR,USD,SMH,call,2026-07-17,0.038356164383561646,1.2650000000000001,0.001560010031563075,0.04524826735550445,3237061.1852671467,592.2899780273438,-0.04540186788465472,2026-07-03
SMH260717C00715000,2026-07-02 17:07:36+00:00,715.0,1.19,0.57,1.64,-1.9299998,-61.85897,36.0,1673,0.5283250292968751,False,REGULAR,USD,SMH,call,2026-07-17,0.038356164383561646,1.105,0.001400095479239416,0.03978930026312842,821717.1714503679,592.2899780273438,-0.04540186788465472,2026-07-03
SMH260717C00720000,2026-07-02 19:41:09+00:00,720.0,1.03,0.59,1.51,-1.97,-65.66667,192.0,663,0.5388229711914063,False,REGULAR,USD,SMH,call,2026-07-17,0.038356164383561646,1.05,0.0013022564893114368,0.03729472221213684,302885.7399204128,592.2899780273438,-0.04540186788465472,2026-07-03
SMH260717C00725000,2026-07-02 19:58:10+00:00,725.0,0.94,0.39,1.0,-1.4099998,-59.999996,44.0,174,0.5161181201171875,False,REGULAR,USD,SMH,call,2026-07-17,0.038356164383561646,0.6950000000000001,0.0010259898500733433,0.026530379444211587,62626.923947315765,592.2899780273438,-0.04540186788465472,2026-07-03
SMH260717C00730000,2026-07-02 19:47:46+00:00,730.0,0.77,0.5,0.8,-1.22,-61.306538,75.0,681,0.5246629565429688,False,REGULAR,USD,SMH,call,2026-07-17,0.038356164383561646,0.65,0.0009450056070732924,0.024525483219562178,225761.69939188604,592.2899780273438,-0.04540186788465472,2026-07-03
SMH260717C00735000,2026-07-02 19:12:11+00:00,735.0,0.76,0.17,4.15,-1.0,-56.81818,6.0,371,0.6718782812500002,False,REGULAR,USD,SMH,call,2026-07-17,0.038356164383561646,2.16,0.0015087233998829922,0.059013497350261464,196359.67474446335,592.2899780273438,-0.04540186788465472,2026-07-03
SMH260717C00740000,2026-07-02 17:38:24+00:00,740.0,0.78,0.41,0.71,-0.73,-48.344376,385.0,5929,0.5397995239257813,False,REGULAR,USD,SMH,call,2026-07-17,0.038356164383561646,0.5599999999999999,0.0007973833518579358,0.02073830504910247,1658507.2816351342,592.2899780273438,-0.04540186788465472,2026-07-03
SMH260717C00745000,2026-07-02 17:39:12+00:00,745.0,0.64,0.05,5.0,-0.65999997,-50.769226,7.0,3652,0.7276638562011719,False,REGULAR,USD,SMH,call,2026-07-17,0.038356164383561646,2.525,0.001471651018738994,0.06330669746112273,1885403.775968413,592.2899780273438,-0.04540186788465472,2026-07-03
SMH260717C00750000,2026-07-02 19:52:02+00:00,750.0,0.56,0.47,0.8,-0.45,-44.554455,148.0,5138,0.5778850805664062,False,REGULAR,USD,SMH,call,2026-07-17,0.038356164383561646,0.635,0.0007803424606336265,0.021912568071203387,1406527.1086207943,592.2899780273438,-0.04540186788465472,2026-07-03
SMH260717C00755000,2026-07-02 17:01:19+00:00,755.0,0.5,0.0,5.0,-0.42000002,-45.652176,4.0,33,0.757936990966797,False,REGULAR,USD,SMH,call,2026-07-17,0.038356164383561646,2.5,0.001363732474925965,0.060499570930851496,15787.446459484046,592.2899780273438,-0.04540186788465472,2026-07-03
SMH260717C00760000,2026-07-02 19:38:59+00:00,760.0,0.5,0.0,2.6,-0.41000003,-45.054947,59.0,13322,0.680911394042969,False,REGULAR,USD,SMH,call,2026-07-17,0.038356164383561646,1.3,0.0010150572522792255,0.036611811500126615,4743825.835935636,592.2899780273438,-0.04540186788465472,2026-07-03
SMH260717C00765000,2026-07-02 19:38:54+00:00,765.0,0.51,0.0,5.0,-0.17000002,-25.000004,3.0,95,0.7891866784667969,False,REGULAR,USD,SMH,call,2026-07-17,0.038356164383561646,2.5,0.0012740070534604444,0.05840235076538537,42458.456877803,592.2899780273438,-0.04540186788465472,2026-07-03
SMH260717C00770000,2026-07-02 17:01:20+00:00,770.0,0.39,0.0,5.0,-0.35000002,-47.2973,86.0,556,0.8044453149414061,False,REGULAR,USD,SMH,call,2026-07-17,0.038356164383561646,2.5,0.0012329694889908617,0.05740121152333278,240489.3727046545,592.2899780273438,-0.04540186788465472,2026-07-03
SMH260717C00775000,2026-07-02 19:22:30+00:00,775.0,0.37,0.0,5.0,-0.33999997,-47.88732,119.0,374,0.8195818823242187,False,REGULAR,USD,SMH,call,2026-07-17,0.038356164383561646,2.5,0.0011944914299017939,0.05645677157564654,156719.63395776972,592.2899780273438,-0.04540186788465472,2026-07-03
SMH260717C00780000,2026-07-02 15:38:06+00:00,780.0,0.36,0.0,0.5,-0.20999998,-36.842102,23.0,849,0.5776409423828125,False,REGULAR,USD,SMH,call,2026-07-17,0.038356164383561646,0.25,0.0003647059215693096,0.009055324179481202,108622.36975328856,592.2899780273438,-0.04540186788465472,2026-07-03
SMH260717C00785000,2026-07-01 13:55:45+00:00,785.0,0.7,0.0,0.7,0.0,0.0,10.0,199,0.6152382226562501,False,REGULAR,USD,SMH,call,2026-07-17,0.038356164383561646,0.35,0.00043011214604048804,0.011761990783225065,30026.4197553087,592.2899780273438,-0.04540186788465472,2026-07-03
SMH260717C00790000,2026-07-01 17:23:54+00:00,790.0,0.4,0.06,5.0,0.0,0.0,36.0,96,0.866212275390625,False,REGULAR,USD,SMH,call,2026-07-17,0.038356164383561646,2.53,0.0010968514865424264,0.054356071012446334,36939.22924819001,592.2899780273438,-0.04540186788465472,2026-07-03
SMH260717C00795000,2026-07-02 18:51:57+00:00,795.0,0.24,0.0,5.0,-0.78999996,-76.69903,6.0,98,0.8786633227539062,False,REGULAR,USD,SMH,call,2026-07-17,0.038356164383561646,2.5,0.0010614537145466512,0.053098928423504325,36491.85202626001,592.2899780273438,-0.04540186788465472,2026-07-03
SMH260717C00800000,2026-07-02 18:56:48+00:00,800.0,0.23,0.0,0.5,-0.17999999,-43.90244,8.0,6672,0.62305064453125,False,REGULAR,USD,SMH,call,2026-07-17,0.038356164383561646,0.25,0.00031735973469245295,0.008423829141750867,742808.0989777282,592.2899780273438,-0.04540186788465472,2026-07-03
SMH260717C00805000,2026-07-02 18:48:23+00:00,805.0,0.2,0.0,5.0,-0.46000004,-69.696976,4.0,84,0.9072274902343749,False,REGULAR,USD,SMH,call,2026-07-17,0.038356164383561646,2.5,0.0010049745753950387,0.051603277005253134,29614.413025845275,592.2899780273438,-0.04540186788465472,2026-07-03
SMH260717C00810000,2026-07-02 18:47:52+00:00,810.0,0.2,0.05,5.0,-0.51,-71.830986,7.0,267,0.9232185412597658,False,REGULAR,USD,SMH,call,2026-07-17,0.038356164383561646,2.525,0.0009828810528450008,0.051295560830041324,92062.12450016175,592.2899780273438,-0.04540186788465472,2026-07-03
SMH260717C00815000,2026-06-30 16:41:01+00:00,815.0,0.76,0.0,0.6,0.0,0.0,2.0,34,0.6709017285156251,False,REGULAR,USD,SMH,call,2026-07-17,0.038356164383561646,0.3,0.00032260488588456437,0.009339077240879219,3847.854360531548,592.2899780273438,-0.04540186788465472,2026-07-03
SMH260717C00820000,2026-07-02 18:46:26+00:00,820.0,0.19,0.0,4.0,-0.45999998,-70.76923,2.0,74,0.9096688720703124,False,REGULAR,USD,SMH,call,2026-07-17,0.038356164383561646,2.0,0.0008491135630760475,0.04196894076730728,22042.774916711045,592.2899780273438,-0.04540186788465472,2026-07-03
SMH260717C00825000,2026-07-02 18:44:54+00:00,825.0,0.18,0.0,5.0,-0.43,-70.491806,8.0,49,0.96289099609375,False,REGULAR,USD,SMH,call,2026-07-17,0.038356164383561646,2.5,0.0009082686883878742,0.04897708113545285,15612.742280944209,592.2899780273438,-0.04540186788465472,2026-07-03
SMH260717C00830000,2026-07-02 18:42:51+00:00,830.0,0.17,0.0,5.0,-0.33999997,-66.666664,2.0,62,0.9764406652832032,False,REGULAR,USD,SMH,call,2026-07-17,0.038356164383561646,2.5,0.0008868034528780607,0.048371651803779656,19288.02823775192,592.2899780273438,-0.04540186788465472,2026-07-03
SMH260717C00835000,2026-06-29 13:38:24+00:00,835.0,0.23,0.0,5.0,0.0,0.0,2.0,137,0.9898682653808593,False,REGULAR,USD,SMH,call,2026-07-17,0.038356164383561646,2.5,0.0008663163869261726,0.04778796307113972,41635.69944550795,592.2899780273438,-0.04540186788465472,2026-07-03
SMH260717C00840000,2026-07-01 19:50:23+00:00,840.0,0.25,0.0,5.0,0.0,0.0,2.0,110,1.0031788122558591,False,REGULAR,USD,SMH,call,2026-07-17,0.038356164383561646,2.5,0.0008467490870987366,0.047225291280166164,32675.044709958056,592.2899780273438,-0.04540186788465472,2026-07-03
SMH260717C00845000,2026-07-02 18:41:21+00:00,845.0,0.14,0.0,5.0,-0.019999996,-12.499998,4.0,193,1.0163623400878907,False,REGULAR,USD,SMH,call,2026-07-17,0.038356164383561646,2.5,0.0008280218067377988,0.0466802812602443,56061.90508083805,592.2899780273438,-0.04540186788465472,2026-07-03
SMH260717C00850000,2026-06-30 20:14:05+00:00,850.0,0.47,0.0,0.3,0.0,0.0,7.0,7516,0.6884796777343751,False,REGULAR,USD,SMH,call,2026-07-17,0.038356164383561646,0.15,0.00016995030091324578,0.00465722391453657,448102.6141992661,592.2899780273438,-0.04540186788465472,2026-07-03
SMH260717C00855000,2026-07-02 18:36:09+00:00,855.0,0.13,0.0,5.0,-0.02000001,-13.33334,2.0,47,1.0424852563476565,False,REGULAR,USD,SMH,call,2026-07-17,0.038356164383561646,2.5,0.0007930972516523051,0.04566183704862269,13076.546759197045,592.2899780273438,-0.04540186788465472,2026-07-03
SMH260717C00860000,2026-07-02 18:35:24+00:00,860.0,0.13,0.0,5.0,-0.02000001,-13.33334,2.0,1977,1.0553025750732423,False,REGULAR,USD,SMH,call,2026-07-17,0.038356164383561646,2.5,0.0007765919831663168,0.04516433872429502,538602.4697636836,592.2899780273438,-0.04540186788465472,2026-07-03
SMH260717C00865000,2026-06-29 16:06:24+00:00,865.0,0.15,0.0,5.0,0.0,0.0,2.0,60,1.06799782409668,False,REGULAR,USD,SMH,call,2026-07-17,0.038356164383561646,2.5,0.0007607362336759137,0.04468051286068029,16012.31483816307,592.2899780273438,-0.04540186788465472,2026-07-03
SMH260717C00870000,2026-07-01 20:12:10+00:00,870.0,0.1,0.0,5.0,0.0,0.0,2.0,37,1.080571003417969,False,REGULAR,USD,SMH,call,2026-07-17,0.038356164383561646,2.5,0.0007454895840073012,0.04420935494808866,9676.361218101145,592.2899780273438,-0.04540186788465472,2026-07-03
SMH260717C00875000,2026-06-29 18:54:44+00:00,875.0,0.29,0.0,5.0,0.0,0.0,1.0,6,1.0931441827392578,False,REGULAR,USD,SMH,call,2026-07-17,0.038356164383561646,2.5,0.0007310012531155574,0.043769834837254586,1538.6439732755748,592.2899780273438,-0.04540186788465472,2026-07-03
SMH260717C00880000,2026-07-02 18:33:32+00:00,880.0,0.1,0.0,1.52,-0.080000006,-44.444447,3.0,50,0.9108895629882812,False,REGULAR,USD,SMH,call,2026-07-17,0.038356164383561646,0.76,0.0003977364306052102,0.016936731361495785,6976.444514682018,592.2899780273438,-0.04540186788465472,2026-07-03
SMH260717C00885000,2026-07-02 18:39:16+00:00,885.0,0.09,0.0,5.0,-0.19,-67.85714,5.0,61,1.1179243322753907,False,REGULAR,USD,SMH,call,2026-07-17,0.038356164383561646,2.5,0.0007035814427019698,0.04292080265969442,15056.116948360881,592.2899780273438,-0.04540186788465472,2026-07-03
SMH260717C00890000,2026-07-02 19:42:11+00:00,890.0,0.06,0.0,5.0,-0.16,-72.72727,219.0,17,1.1301313024902346,False,REGULAR,USD,SMH,call,2026-07-17,0.038356164383561646,2.5,0.0006905893608226978,0.04250980957558011,4118.48580050513,592.2899780273438,-0.04540186788465472,2026-07-03
SMH260717C00900000,2026-07-02 18:30:27+00:00,900.0,0.08,0.0,5.0,0.009999998,14.285712,4.0,448,1.154301103515625,False,REGULAR,USD,SMH,call,2026-07-17,0.038356164383561646,2.5,0.0006660736553696989,0.04173001008289729,104681.28352002839,592.2899780273438,-0.04540186788465472,2026-07-03
SMH260717C00910000,2026-07-02 13:46:03+00:00,910.0,0.24,0.0,5.0,0.17999999,300.0,1.0,61,1.1779826257324215,False,REGULAR,USD,SMH,call,2026-07-17,0.038356164383561646,2.5,0.0006431200481780496,0.04097692066699259,13762.288300298129,592.2899780273438,-0.04540186788465472,2026-07-03
SMH260717C00920000,2026-07-02 18:28:45+00:00,920.0,0.06,0.0,0.35,0.0,0.0,2.0,129,0.8320329296874999,False,REGULAR,USD,SMH,call,2026-07-17,0.038356164383561646,0.175,0.00013653891626028047,0.0045057694392084124,6178.95354366423,592.2899780273438,-0.04540186788465472,2026-07-03
SMH260717C00930000,2026-07-02 19:45:11+00:00,930.0,0.06,0.0,0.61,0.0,0.0,171.0,47,0.9038095556640625,False,REGULAR,USD,SMH,call,2026-07-17,0.038356164383561646,0.305,0.00018838666211407867,0.00710739061612384,3106.1096111625193,592.2899780273438,-0.04540186788465472,2026-07-03
SMH260717C00940000,2026-07-02 17:03:16+00:00,940.0,0.05,0.0,0.04,-0.009999998,-16.666664,772.0,3767,0.710940390625,False,REGULAR,USD,SMH,call,2026-07-17,0.038356164383561646,0.02,2.5693646425120463e-05,0.0006047298115158438,33953.936482132274,592.2899780273438,-0.04540186788465472,2026-07-03
SMH260717P00200000,2026-06-29 14:23:59+00:00,200.0,0.02,0.0,0.02,0.0,0.0,30.0,133,1.5781271093749998,False,REGULAR,USD,SMH,put,2026-07-17,0.038356164383561646,0.01,2.5707730961319494e-06,-0.00012023262862015383,-119.94555421617436,592.2899780273438,-0.04540186788465472,2026-07-03
SMH260717P00205000,2026-06-29 16:05:39+00:00,205.0,0.03,0.0,0.05,0.0,0.0,17.0,36,1.65625171875,False,REGULAR,USD,SMH,put,2026-07-17,0.038356164383561646,0.025,5.6360581364008625e-06,-0.0002932242575843791,-71.17815610556627,592.2899780273438,-0.04540186788465472,2026-07-03
SMH260717P00210000,2026-07-02 17:21:09+00:00,210.0,0.05,0.01,0.09,0.0,0.0,1.0,62,1.71875140625,False,REGULAR,USD,SMH,put,2026-07-17,0.038356164383561646,0.049999999999999996,1.0071019944238813e-05,-0.0005705160679990717,-219.045287247152,592.2899780273438,-0.04540186788465472,2026-07-03
SMH260717P00215000,2026-07-01 15:26:00+00:00,215.0,0.05,0.0,0.5,0.0,0.0,3.0,22,1.970703271484375,False,REGULAR,USD,SMH,put,2026-07-17,0.038356164383561646,0.25,3.250113392298528e-05,-0.002382338087530411,-250.83605527030105,592.2899780273438,-0.04540186788465472,2026-07-03
SMH260717P00220000,2026-07-02 17:34:04+00:00,220.0,0.06,0.01,0.11,0.02,50.0,1.0,1681,1.671876640625,False,REGULAR,USD,SMH,put,2026-07-17,0.038356164383561646,0.06,1.2569314086559305e-05,-0.0007038879878273896,-7412.2158929722245,592.2899780273438,-0.04540186788465472,2026-07-03
SMH260717P00225000,2026-07-02 18:01:30+00:00,225.0,0.1,0.0,5.0,0.020000003,25.000006,135.0,219,2.6113315966796877,False,REGULAR,USD,SMH,put,2026-07-17,0.038356164383561646,2.5,0.00013021115296960918,-0.015727507506943184,-10003.709404650343,592.2899780273438,-0.04540186788465472,2026-07-03
SMH260717P00230000,2026-07-02 17:59:20+00:00,230.0,0.05,0.0,0.41,0.010000002,25.000006,318.0,323,1.8046884765624998,False,REGULAR,USD,SMH,put,2026-07-17,0.038356164383561646,0.205,3.2148801499310204e-05,-0.0021359535740299584,-3642.8062895267403,592.2899780273438,-0.04540186788465472,2026-07-03
SMH260717P00235000,2026-06-30 19:38:08+00:00,235.0,0.05,0.0,5.0,0.0,0.0,80.0,65,2.5039099902343747,False,REGULAR,USD,SMH,put,2026-07-17,0.038356164383561646,2.5,0.00014109773425118223,-0.01644612476170093,-3217.3785701469374,592.2899780273438,-0.04540186788465472,2026-07-03
SMH260717P00240000,2026-06-30 19:54:10+00:00,240.0,0.18,0.0,0.46,0.0,0.0,126.0,401,1.7509778076171876,False,REGULAR,USD,SMH,put,2026-07-17,0.038356164383561646,0.23,3.787052971559141e-05,-0.0024754374121261913,-5327.390362963177,592.2899780273438,-0.04540186788465472,2026-07-03
SMH260717P00245000,2026-06-30 19:54:34+00:00,245.0,0.06,0.0,0.5,0.0,0.0,187.0,394,1.7294935400390625,False,REGULAR,USD,SMH,put,2026-07-17,0.038356164383561646,0.25,4.171785758702263e-05,-0.002717831111880842,-5766.16395958787,592.2899780273438,-0.04540186788465472,2026-07-03
SMH260717P00250000,2026-07-02 18:18:53+00:00,250.0,0.06,0.0,0.15,-0.010000002,-14.285716,27.0,523,1.4960962695312499,False,REGULAR,USD,SMH,put,2026-07-17,0.038356164383561646,0.075,1.9089383441633198e-05,-0.0009824667948017396,-3502.372697177337,592.2899780273438,-0.04540186788465472,2026-07-03
SMH260717P00255000,2026-07-02 20:11:58+00:00,255.0,0.14,0.01,0.3,0.010000005,7.6923122,61.0,204,1.572267763671875,False,REGULAR,USD,SMH,put,2026-07-17,0.038356164383561646,0.155,3.30412868056965e-05,-0.0018911957019200898,-2364.5902168704124,592.2899780273438,-0.04540186788465472,2026-07-03
SMH260717P00260000,2026-06-29 18:50:54+00:00,260.0,0.22,0.0,0.41,0.0,0.0,34.0,103,1.5839864550781246,False,REGULAR,USD,SMH,put,2026-07-17,0.038356164383561646,0.205,4.141600408027403e-05,-0.0024462299969032486,-1496.4912701992434,592.2899780273438,-0.04540186788465472,2026-07-03
SMH260717P00265000,2026-06-29 19:18:10+00:00,265.0,0.16,0.0,5.0,0.0,0.0,18.0,55,2.2075240124511715,False,REGULAR,USD,SMH,put,2026-07-17,0.038356164383561646,2.5,0.00017909946659913593,-0.018763144967013812,-3455.618180060709,592.2899780273438,-0.04540186788465472,2026-07-03
SMH260717P00270000,2026-07-02 16:56:32+00:00,270.0,0.1,0.0,0.24,-0.019999996,-16.666664,6.0,122,1.43359658203125,False,REGULAR,USD,SMH,put,2026-07-17,0.038356164383561646,0.12,3.149358605050443e-05,-0.0016209650103113926,-1347.878400199693,592.2899780273438,-0.04540186788465472,2026-07-03
SMH260717P00275000,2026-07-02 16:08:22+00:00,275.0,0.2,0.0,0.35,-0.049999997,-19.999998,3.0,28,1.4570339648437498,False,REGULAR,USD,SMH,put,2026-07-17,0.038356164383561646,0.175,4.2229641051094916e-05,-0.00227902778229927,-414.8051976103386,592.2899780273438,-0.04540186788465472,2026-07-03
SMH260717P00280000,2026-07-02 20:13:30+00:00,280.0,0.07,0.01,0.11,-0.030000001,-30.000002,7.0,116,1.2812535937499998,False,REGULAR,USD,SMH,put,2026-07-17,0.038356164383561646,0.06,2.082972729807565e-05,-0.0009125827499353312,-847.6378508985953,592.2899780273438,-0.04540186788465472,2026-07-03
SMH260717P00285000,2026-07-01 19:56:10+00:00,285.0,0.22,0.0,0.38,0.0,0.0,8.0,136,1.40625296875,False,REGULAR,USD,SMH,put,2026-07-17,0.038356164383561646,0.19,4.861495686403724e-05,-0.0025604059867097018,-2319.4102996105826,592.2899780273438,-0.04540186788465472,2026-07-03
SMH260717P00290000,2026-07-01 19:19:26+00:00,290.0,0.28,0.0,5.0,0.0,0.0,6.0,86,1.9853516357421874,False,REGULAR,USD,SMH,put,2026-07-17,0.038356164383561646,2.5,0.00021847714534412336,-0.020927767005970765,-6591.33268086159,592.2899780273438,-0.04540186788465472,2026-07-03
SMH260717P00295000,2026-07-02 17:33:36+00:00,295.0,0.13,0.0,0.42,-0.02000001,-13.33334,2.0,904,1.359378203125,False,REGULAR,USD,SMH,put,2026-07-17,0.038356164383561646,0.21,5.6569799269599886e-05,-0.002916819358728562,-17939.97512122931,592.2899780273438,-0.04540186788465472,2026-07-03
SMH260717P00300000,2026-07-02 19:12:05+00:00,300.0,0.2,0.0,0.45,-0.059999987,-23.07692,5.0,760,1.3398470507812497,False,REGULAR,USD,SMH,put,2026-07-17,0.038356164383561646,0.225,6.192789772245512e-05,-0.0031736928538528275,-16510.822089030095,592.2899780273438,-0.04540186788465472,2026-07-03
SMH260717P00305000,2026-07-02 17:47:19+00:00,305.0,0.2,0.05,0.5,-0.03999999,-16.666664,7.0,1126,1.3408236083984373,False,REGULAR,USD,SMH,put,2026-07-17,0.038356164383561646,0.275,7.368841814673946e-05,-0.0038547739358454347,-29107.599619532313,592.2899780273438,-0.04540186788465472,2026-07-03
SMH260717P00310000,2026-07-01 19:30:25+00:00,310.0,0.23,0.0,0.4,0.0,0.0,1.0,580,1.2636755566406248,False,REGULAR,USD,SMH,put,2026-07-17,0.038356164383561646,0.2,6.273403275435339e-05,-0.00301697767150666,-12764.38715235,592.2899780273438,-0.04540186788465472,2026-07-03
SMH260717P00315000,2026-07-01 20:00:19+00:00,315.0,0.32,0.0,0.41,0.0,0.0,3.0,368,1.2382850585937497,False,REGULAR,USD,SMH,put,2026-07-17,0.038356164383561646,0.205,6.664954901900764e-05,-0.0031548811730155446,-8604.265484174786,592.2899780273438,-0.04540186788465472,2026-07-03
SMH260717P00320000,2026-07-02 13:43:56+00:00,320.0,0.21,0.0,0.43,-0.19000001,-47.500004,13.0,138,1.2158242333984375,False,REGULAR,USD,SMH,put,2026-07-17,0.038356164383561646,0.215,7.17010619963806e-05,-0.0033528845069674684,-3471.1504916083063,592.2899780273438,-0.04540186788465472,2026-07-03
SMH260717P00325000,2026-07-02 19:27:19+00:00,325.0,0.35,0.06,0.36,0.03999999,12.903222,4.0,271,1.1845743896484375,False,REGULAR,USD,SMH,put,2026-07-17,0.038356164383561646,0.21,7.389431158298369e-05,-0.003368181445551177,-7025.044289940539,592.2899780273438,-0.04540186788465472,2026-07-03
SMH260717P00330000,2026-07-02 20:07:29+00:00,330.0,0.22,0.13,0.35,-0.019999996,-8.333332,104.0,854,1.1748088134765624,False,REGULAR,USD,SMH,put,2026-07-17,0.038356164383561646,0.24,8.425438634361043e-05,-0.0038625947721283582,-25241.73242918759,592.2899780273438,-0.04540186788465472,2026-07-03
SMH260717P00335000,2026-07-02 13:33:05+00:00,335.0,0.4,0.0,0.5,-0.00999999,-2.439022,3.0,946,1.15234798828125,False,REGULAR,USD,SMH,put,2026-07-17,0.038356164383561646,0.25,9.037605386239813e-05,-0.004088188143332228,-29992.542244978165,592.2899780273438,-0.04540186788465472,2026-07-03
SMH260717P00340000,2026-07-02 14:53:32+00:00,340.0,0.27,0.14,0.55,0.01000002,3.8461618,48.0,928,1.169926025390625,False,REGULAR,USD,SMH,put,2026-07-17,0.038356164383561646,0.34500000000000003,0.00011567675971675777,-0.005483950035238605,-37658.48629781505,592.2899780273438,-0.04540186788465472,2026-07-03
SMH260717P00345000,2026-07-01 19:20:15+00:00,345.0,0.42,0.0,5.0,0.0,0.0,3.0,39,1.5559104235839842,False,REGULAR,USD,SMH,put,2026-07-17,0.038356164383561646,2.5,0.0003426020344244126,-0.026742012478567556,-4687.3060697781375,592.2899780273438,-0.04540186788465472,2026-07-03
SMH260717P00350000,2026-07-02 16:53:31+00:00,350.0,0.41,0.0,0.51,0.120000005,41.379314,81.0,4006,1.0742233789062503,False,REGULAR,USD,SMH,put,2026-07-17,0.038356164383561646,0.255,0.00010537978276604692,-0.004487854420565651,-148093.8460934799,592.2899780273438,-0.04540186788465472,2026-07-03
SMH260717P00355000,2026-07-02 17:23:19+00:00,355.0,0.52,0.06,5.0,-0.050000012,-8.771933,2.0,126,1.4882838085937498,False,REGULAR,USD,SMH,put,2026-07-17,0.038356164383561646,2.53,0.0003749312156266019,-0.02824994161797212,-16572.610115261712,592.2899780273438,-0.04540186788465472,2026-07-03
SMH260717P00360000,2026-06-30 19:06:25+00:00,360.0,0.31,0.1,5.0,0.0,0.0,1.0,1508,1.4558132678222657,False,REGULAR,USD,SMH,put,2026-07-17,0.038356164383561646,2.55,0.00039284299928978944,-0.02909838848567381,-207820.85533885707,592.2899780273438,-0.04540186788465472,2026-07-03
SMH260717P00365000,2026-07-02 19:40:52+00:00,365.0,0.61,0.0,2.17,0.32000002,110.34484,4.0,446,1.2197304638671875,False,REGULAR,USD,SMH,put,2026-07-17,0.038356164383561646,1.085,0.0002780972731030323,-0.015683261721652908,-43511.1295121161,592.2899780273438,-0.04540186788465472,2026-07-03
SMH260717P00370000,2026-07-02 16:58:39+00:00,370.0,0.54,0.35,1.75,0.09000003,20.000008,2.0,931,1.183109553222656,False,REGULAR,USD,SMH,put,2026-07-17,0.038356164383561646,1.05,0.000286322017413831,-0.015658830157479597,-93513.25941705225,592.2899780273438,-0.04540186788465472,2026-07-03
SMH260717P00375000,2026-07-02 18:23:15+00:00,375.0,0.63,0.52,0.85,-0.00999999,-1.5624986,29.0,591,1.0795944458007813,False,REGULAR,USD,SMH,put,2026-07-17,0.038356164383561646,0.685,0.00023966279284106756,-0.011461342327270252,-49688.611968567,592.2899780273438,-0.04540186788465472,2026-07-03
SMH260717P00380000,2026-07-02 18:22:54+00:00,380.0,0.59,0.1,2.5,0.099999964,20.408155,9.0,1719,1.1650432373046877,False,REGULAR,USD,SMH,put,2026-07-17,0.038356164383561646,1.3,0.0003493769658444411,-0.019416341729670772,-210687.56984181138,592.2899780273438,-0.04540186788465472,2026-07-03
SMH260717P00385000,2026-07-02 18:22:04+00:00,385.0,0.76,0.0,4.3,0.29,61.702126,4.0,1852,1.2443885437011715,False,REGULAR,USD,SMH,put,2026-07-17,0.038356164383561646,2.15,0.0004583542336597471,-0.029004404896846303,-297790.60888444236,592.2899780273438,-0.04540186788465472,2026-07-03
SMH260717P00390000,2026-07-02 15:39:26+00:00,390.0,0.53,0.18,2.07,0.0,0.0,12.0,2221,1.0788620275878906,False,REGULAR,USD,SMH,put,2026-07-17,0.038356164383561646,1.125,0.00035852448471644676,-0.018286522744441314,-279341.94138222083,592.2899780273438,-0.04540186788465472,2026-07-03
SMH260717P00395000,2026-07-02 18:47:54+00:00,395.0,0.82,0.0,2.14,0.26999998,49.090904,5.0,581,1.041508698730469,False,REGULAR,USD,SMH,put,2026-07-17,0.038356164383561646,1.07,0.0003674589159723022,-0.01806002750062885,-74895.1491781531,592.2899780273438,-0.04540186788465472,2026-07-03
SMH260717P00400000,2026-07-02 20:14:03+00:00,400.0,0.77,0.5,1.08,0.01999998,2.6666641,217.0,7821,0.9648441015625,False,REGULAR,USD,SMH,put,2026-07-17,0.038356164383561646,0.79,0.0003312231519445734,-0.014632265556249746,-908765.3084794666,592.2899780273438,-0.04540186788465472,2026-07-03
SMH260717P00405000,2026-07-02 16:59:49+00:00,405.0,0.93,0.03,2.1,0.13999999,17.721518,3.0,582,0.9846192944335939,False,REGULAR,USD,SMH,put,2026-07-17,0.038356164383561646,1.065,0.00040527645290878343,-0.018968406589107922,-82745.25988119279,592.2899780273438,-0.04540186788465472,2026-07-03
SMH260717P00410000,2026-07-02 19:57:35+00:00,410.0,0.9,0.1,1.81,0.19,26.760563,24.0,3069,0.9399420068359375,False,REGULAR,USD,SMH,put,2026-07-17,0.038356164383561646,0.9550000000000001,0.0004046070422512906,-0.017927023936367692,-435611.25695330265,592.2899780273438,-0.04540186788465472,2026-07-03
SMH260717P00415000,2026-07-01 14:55:23+00:00,415.0,0.86,0.17,1.89,0.0,0.0,2.0,1110,0.9248054394531251,False,REGULAR,USD,SMH,put,2026-07-17,0.038356164383561646,1.03,0.00044281603229746034,-0.019555653533813055,-172430.89535780574,592.2899780273438,-0.04540186788465472,2026-07-03
SMH260717P00420000,2026-07-02 19:31:46+00:00,420.0,1.26,0.25,1.96,0.32,34.042553,36.0,2168,0.9086923193359374,False,REGULAR,USD,SMH,put,2026-07-17,0.038356164383561646,1.105,0.00048303396570786644,-0.021223198796140985,-367371.71562470257,592.2899780273438,-0.04540186788465472,2026-07-03
SMH260717P00425000,2026-07-02 18:59:33+00:00,425.0,1.3,0.38,1.5,0.19999993,18.18181,38.0,8633,0.8579115771484375,False,REGULAR,USD,SMH,put,2026-07-17,0.038356164383561646,0.94,0.0004719177615700643,-0.0192942658209857,-1429212.5870142183,592.2899780273438,-0.04540186788465472,2026-07-03
SMH260717P00430000,2026-07-02 18:12:40+00:00,430.0,1.29,0.45,1.55,0.17999995,16.216211,29.0,7965,0.8405777661132812,False,REGULAR,USD,SMH,put,2026-07-17,0.038356164383561646,1.0,0.0005141585666384521,-0.020838670367424594,-1436652.141561305,592.2899780273438,-0.04540186788465472,2026-07-03
SMH260717P00435000,2026-07-02 17:42:53+00:00,435.0,1.45,0.53,2.22,0.2700001,22.881365,10.0,1305,0.8620619262695313,False,REGULAR,USD,SMH,put,2026-07-17,0.038356164383561646,1.375,0.0006295824813007792,-0.0273249839005959,-288225.177170376,592.2899780273438,-0.04540186788465472,2026-07-03
SMH260717P00440000,2026-07-02 19:54:40+00:00,440.0,1.45,0.68,2.32,0.20000005,16.000004,18.0,29988,0.8490005334472657,False,REGULAR,USD,SMH,put,2026-07-17,0.038356164383561646,1.5,0.0006920637032684941,-0.030060812436778495,-7280519.0535707455,592.2899780273438,-0.04540186788465472,2026-07-03
SMH260717P00445000,2026-07-02 18:37:03+00:00,445.0,1.77,0.77,2.41,0.43999994,33.0827,411.0,3416,0.8313005151367187,False,REGULAR,USD,SMH,put,2026-07-17,0.038356164383561646,1.59,0.0007514604480452691,-0.032372136729273415,-900518.7449028086,592.2899780273438,-0.04540186788465472,2026-07-03
SMH260717P00450000,2026-07-02 20:02:44+00:00,450.0,1.79,0.98,2.47,0.4699999,35.606052,1722.0,14473,0.8171405004882811,False,REGULAR,USD,SMH,put,2026-07-17,0.038356164383561646,1.725,0.0008233483359399495,-0.035427073299929446,-4180333.6156122573,592.2899780273438,-0.04540186788465472,2026-07-03
SMH260717P00455000,2026-07-01 18:49:42+00:00,455.0,1.37,1.09,2.63,-0.20000005,-12.738856,1.0,4790,0.8022480712890624,False,REGULAR,USD,SMH,put,2026-07-17,0.038356164383561646,1.8599999999999999,0.0009003356507461581,-0.03864156483021908,-1512894.7959229273,592.2899780273438,-0.04540186788465472,2026-07-03
SMH260717P00460000,2026-07-02 19:50:49+00:00,460.0,1.9,1.23,2.77,0.35000002,22.580647,6385.0,36436,0.7867452966308592,False,REGULAR,USD,SMH,put,2026-07-17,0.038356164383561646,2.0,0.0009831275030130445,-0.04204001882470265,-12566354.506361486,592.2899780273438,-0.04540186788465472,2026-07-03
SMH260717P00465000,2026-07-02 19:40:52+00:00,465.0,2.5,1.42,2.89,0.79999995,47.058823,18.0,1012,0.7716087292480469,False,REGULAR,USD,SMH,put,2026-07-17,0.038356164383561646,2.1550000000000002,0.0010744392603786379,-0.04581679862531807,-381444.31796192186,592.2899780273438,-0.04540186788465472,2026-07-03
SMH260717P00470000,2026-07-02 20:05:17+00:00,470.0,2.1,1.65,3.05,0.31999993,17.977526,56.0,26711,0.7584252673339844,False,REGULAR,USD,SMH,put,2026-07-17,0.038356164383561646,2.3499999999999996,0.0011786851979311134,-0.050341102211146516,-11044771.75046694,592.2899780273438,-0.04540186788465472,2026-07-03
SMH260717P00475000,2026-07-02 19:58:12+00:00,475.0,2.44,1.94,3.15,0.34000015,16.190485,639.0,23747,0.74414318359375,False,REGULAR,USD,SMH,put,2026-07-17,0.038356164383561646,2.545,0.0012898893921557796,-0.05506302510941097,-10745583.214126902,592.2899780273438,-0.04540186788465472,2026-07-03
SMH260717P00480000,2026-07-02 18:34:04+00:00,480.0,3.1,2.15,3.35,1.05,51.219513,327.0,11361,0.7293728234863281,False,REGULAR,USD,SMH,put,2026-07-17,0.038356164383561646,2.75,0.0014102069501639152,-0.060121671530206755,-5620412.342817657,592.2899780273438,-0.04540186788465472,2026-07-03
SMH260717P00485000,2026-07-02 19:58:39+00:00,485.0,2.92,2.39,3.6,0.52,21.666666,35.0,5639,0.7159452233886718,False,REGULAR,USD,SMH,put,2026-07-17,0.038356164383561646,2.995,0.0015447650876373945,-0.06599080187649686,-3055858.9777840506,592.2899780273438,-0.04540186788465472,2026-07-03
SMH260717P00490000,2026-07-02 19:56:52+00:00,490.0,3.38,2.62,3.9,0.8200002,32.031258,624.0,1061,0.7023955541992188,False,REGULAR,USD,SMH,put,2026-07-17,0.038356164383561646,3.26,0.0016911239815571588,-0.0723991395199074,-629447.6267032381,592.2899780273438,-0.04540186788465472,2026-07-03
SMH260717P00495000,2026-07-02 19:54:15+00:00,495.0,3.88,2.88,4.2,1.3300002,52.15687,1076.0,1347,0.6884796777343751,False,REGULAR,USD,SMH,put,2026-07-17,0.038356164383561646,3.54,0.001849753894043537,-0.07933193036165054,-874078.2511475229,592.2899780273438,-0.04540186788465472,2026-07-03
SMH260717P00500000,2026-07-02 20:02:44+00:00,500.0,3.97,3.3,4.45,1.22,44.36364,3687.0,31182,0.6759065612792969,False,REGULAR,USD,SMH,put,2026-07-17,0.038356164383561646,3.875,0.0020252333970433006,-0.08732841717358686,-22153778.84490485,592.2899780273438,-0.04540186788465472,2026-07-03
SMH260717P00505000,2026-07-02 19:55:53+00:00,505.0,4.51,3.65,5.0,1.4600003,47.868862,79.0,3067,0.6671175866699222,False,REGULAR,USD,SMH,put,2026-07-17,0.038356164383561646,4.325,0.002222043569637315,-0.09724962026065864,-2390755.2301443913,592.2899780273438,-0.04540186788465472,2026-07-03
SMH260717P00510000,2026-07-02 20:03:33+00:00,510.0,4.77,4.1,5.5,1.6199999,51.42857,118.0,7004,0.6574130938720704,False,REGULAR,USD,SMH,put,2026-07-17,0.038356164383561646,4.8,0.0024308431736793225,-0.10783962248972612,-5972715.753738434,592.2899780273438,-0.04540186788465472,2026-07-03
SMH260717P00515000,2026-07-02 19:46:24+00:00,515.0,6.1,4.6,6.05,2.6499999,76.811584,274.0,1203,0.6477696356201172,False,REGULAR,USD,SMH,put,2026-07-17,0.038356164383561646,5.324999999999999,0.002653664787910569,-0.11945298451013953,-1119903.1270874355,592.2899780273438,-0.04540186788465472,2026-07-03
SMH260717P00520000,2026-07-02 19:40:14+00:00,520.0,6.9,5.4,6.65,3.01,77.37789,1572.0,7286,0.6426427337646485,False,REGULAR,USD,SMH,put,2026-07-17,0.038356164383561646,6.025,0.00289238768988017,-0.1336404501076408,-7392893.325302255,592.2899780273438,-0.04540186788465472,2026-07-03
SMH260717P00525000,2026-07-02 20:14:06+00:00,525.0,7.0,5.75,7.0,2.6999998,62.79069,2512.0,41999,0.6228065063476562,False,REGULAR,USD,SMH,put,2026-07-17,0.038356164383561646,6.375,0.003141005641127748,-0.14405485278178964,-46278197.43464398,592.2899780273438,-0.04540186788465472,2026-07-03
SMH260717P00530000,2026-07-02 19:51:14+00:00,530.0,8.01,6.25,8.05,3.2600002,68.631584,2195.0,20887,0.6160316717529297,False,REGULAR,USD,SMH,put,2026-07-17,0.038356164383561646,7.15,0.003406273950843575,-0.16009666622133212,-24958840.651538648,592.2899780273438,-0.04540186788465472,2026-07-03
SMH260717P00535000,2026-07-02 19:46:24+00:00,535.0,9.49,7.1,8.9,4.3999996,86.444,205.0,5025,0.6090737335205079,False,REGULAR,USD,SMH,put,2026-07-17,0.038356164383561646,8.0,0.0036800963884191375,-0.17739724822850067,-6487300.689187167,592.2899780273438,-0.04540186788465472,2026-07-03
SMH260717P00540000,2026-07-02 19:55:55+00:00,540.0,9.77,8.1,9.85,3.9200006,67.00855,17300.0,54167,0.6033975207519533,False,REGULAR,USD,SMH,put,2026-07-17,0.038356164383561646,8.975,0.0039574154462096315,-0.19649725080701663,-75199542.07181796,592.2899780273438,-0.04540186788465472,2026-07-03
SMH260717P00545000,2026-07-02 19:53:37+00:00,545.0,11.2,8.9,10.85,5.06,82.41042,329.0,34336,0.5928995788574221,False,REGULAR,USD,SMH,put,2026-07-17,0.038356164383561646,9.875,0.004252878335629198,-0.21538449087461475,-51227295.38817217,592.2899780273438,-0.04540186788465472,2026-07-03
SMH260717P00550000,2026-07-02 20:13:32+00:00,550.0,11.35,10.75,11.85,4.1200004,56.984787,5672.0,41535,0.5940592352294922,False,REGULAR,USD,SMH,put,2026-07-17,0.038356164383561646,11.3,0.004505661892961039,-0.2394507669898429,-65651035.72453422,592.2899780273438,-0.04540186788465472,2026-07-03
SMH260717P00555000,2026-07-02 19:56:52+00:00,555.0,12.84,11.1,13.15,4.6400003,56.585373,168.0,8660,0.5767864587402343,False,REGULAR,USD,SMH,put,2026-07-17,0.038356164383561646,12.125,0.004840614737397335,-0.2592279949693077,-14705750.011464637,592.2899780273438,-0.04540186788465472,2026-07-03
SMH260717P00560000,2026-07-02 19:54:47+00:00,560.0,14.82,12.6,14.5,6.9199996,87.59493,1378.0,7686,0.5722088677978516,False,REGULAR,USD,SMH,put,2026-07-17,0.038356164383561646,13.55,0.005109303407637229,-0.2843516171368,-13776244.490137,592.2899780273438,-0.04540186788465472,2026-07-03
SMH260717P00565000,2026-07-02 19:49:00+00:00,565.0,17.59,14.05,16.0,9.110001,107.42925,1349.0,5035,0.5658612750244141,False,REGULAR,USD,SMH,put,2026-07-17,0.038356164383561646,15.025,0.005377294057338209,-0.31033645817646505,-9497997.034890056,592.2899780273438,-0.04540186788465472,2026-07-03
SMH260717P00570000,2026-07-02 19:59:25+00:00,570.0,17.3,15.9,17.6,6.799999,64.761894,1120.0,6069,0.5623517886352539,False,REGULAR,USD,SMH,put,2026-07-17,0.038356164383561646,16.75,0.005605787059022062,-0.33823039771216146,-11935002.172835367,592.2899780273438,-0.04540186788465472,2026-07-03
SMH260717P00575000,2026-07-02 19:53:40+00:00,575.0,19.0,17.15,19.25,7.0,58.333332,1041.0,5204,0.5497481549072267,False,REGULAR,USD,SMH,put,2026-07-17,0.038356164383561646,18.2,0.005898069487800028,-0.3657051439581225,-10767526.294949913,592.2899780273438,-0.04540186788465472,2026-07-03
SMH260717P00580000,2026-07-02 20:04:36+00:00,580.0,20.25,18.9,21.2,7.5,58.823532,1965.0,4474,0.5430953894042969,False,REGULAR,USD,SMH,put,2026-07-17,0.038356164383561646,20.049999999999997,0.006114519379179339,-0.3956035482705327,-9596813.915054731,592.2899780273438,-0.04540186788465472,2026-07-03
SMH260717P00585000,2026-07-02 19:41:21+00:00,585.0,23.13,20.65,23.25,10.529999,83.57142,3564.0,2763,0.5344284838867188,False,REGULAR,USD,SMH,put,2026-07-17,0.038356164383561646,21.95,0.006325739320590486,-0.4264909200420546,-6131418.277358852,592.2899780273438,-0.04540186788465472,2026-07-03
SMH260717P00590000,2026-07-02 19:59:02+00:00,590.0,25.47,23.05,25.45,10.419999,69.23587,1202.0,6795,0.5311326184082032,False,REGULAR,USD,SMH,put,2026-07-17,0.038356164383561646,24.25,0.006440304999765194,-0.4585844736407402,-15351989.492375026,592.2899780273438,-0.04540186788465472,2026-07-03
SMH260717P00595000,2026-07-02 19:59:01+00:00,595.0,27.68,25.35,27.85,11.23,68.26747,672.0,503,0.5256089920043946,True,REGULAR,USD,SMH,put,2026-07-17,0.038356164383561646,26.6,0.006541689924015066,-0.4912133118698818,-1154321.2960906727,592.2899780273438,-0.04540186788465472,2026-07-03
SMH260717P00600000,2026-07-02 20:06:31+00:00,600.0,30.4,28.1,30.25,11.6,61.702133,5387.0,34710,0.5215501947021484,True,REGULAR,USD,SMH,put,2026-07-17,0.038356164383561646,29.175,0.006582130613253756,-0.5241315201422008,-80147481.1333075,592.2899780273438,-0.04540186788465472,2026-07-03
SMH260717P00605000,2026-07-02 19:46:13+00:00,605.0,35.75,30.9,33.05,15.85,79.64825,86.0,3667,0.5189257092285156,True,REGULAR,USD,SMH,put,2026-07-17,0.038356164383561646,31.974999999999998,0.006560126576213402,-0.5568564705099742,-8439017.690578695,592.2899780273438,-0.04540186788465472,2026-07-03
SMH260717P00610000,2026-07-02 19:51:25+00:00,610.0,37.32,33.3,35.85,14.32,62.260864,355.0,12424,0.5087024227905274,True,REGULAR,USD,SMH,put,2026-07-17,0.038356164383561646,34.575,0.006583486519022598,-0.5911532277710438,-28693674.116615146,592.2899780273438,-0.04540186788465472,2026-07-03
SMH260717P00615000,2026-07-02 19:46:13+00:00,615.0,42.0,35.1,39.45,16.76,66.402534,309.0,1134,0.5445297012329101,True,REGULAR,USD,SMH,put,2026-07-17,0.038356164383561646,37.275000000000006,0.0060643673322948784,-0.6122188925639805,-2412500.002255075,592.2899780273438,-0.04540186788465472,2026-07-03
SMH260717P00620000,2026-07-02 19:33:10+00:00,620.0,42.46,38.55,42.8,14.91,54.119785,1179.0,2398,0.5448043566894532,True,REGULAR,USD,SMH,put,2026-07-17,0.038356164383561646,40.675,0.005914939614944235,-0.6408748283844014,-4975861.2570949355,592.2899780273438,-0.04540186788465472,2026-07-03
SMH260717P00625000,2026-07-02 19:40:28+00:00,625.0,47.1,41.7,46.4,16.749998,55.18945,135.0,3225,0.5478560839843751,True,REGULAR,USD,SMH,put,2026-07-17,0.038356164383561646,44.05,0.005715695256931537,-0.6675115874683392,-6466474.25320816,592.2899780273438,-0.04540186788465472,2026-07-03
SMH260717P00630000,2026-07-02 20:11:51+00:00,630.0,47.94,45.3,49.8,16.989998,54.894985,343.0,2766,0.5434310794067384,True,REGULAR,USD,SMH,put,2026-07-17,0.038356164383561646,47.55,0.0055503368919976375,-0.6957852943737931,-5385676.814573039,592.2899780273438,-0.04540186788465472,2026-07-03
SMH260717P00632500,2026-07-02 15:22:16+00:00,632.5,45.98,47.05,51.5,13.73,42.573643,2.0,116,0.5399826275634767,True,REGULAR,USD,SMH,put,2026-07-17,0.038356164383561646,49.275,0.005463876539019174,-0.7101130762278711,-222345.1368725954,592.2899780273438,-0.04540186788465472,2026-07-03
SMH260717P00635000,2026-07-02 18:59:03+00:00,635.0,55.13,48.7,53.4,21.280003,62.865593,7.0,810,0.5406540075683595,True,REGULAR,USD,SMH,put,2026-07-17,0.038356164383561646,51.05,0.005344547916527688,-0.7224553472665637,-1518674.7148393278,592.2899780273438,-0.04540186788465472,2026-07-03
SMH260717P00637500,2026-07-02 17:54:36+00:00,637.5,59.59,50.7,55.3,24.59,70.25715,7.0,60,0.5406234902954102,True,REGULAR,USD,SMH,put,2026-07-17,0.038356164383561646,53.0,0.005225336384526987,-0.7347691100634235,-109985.20593669992,592.2899780273438,-0.04540186788465472,2026-07-03
SMH260717P00640000,2026-07-02 20:11:51+00:00,640.0,55.14,52.6,57.15,18.18,49.188313,68.0,5144,0.5385788330078126,True,REGULAR,USD,SMH,put,2026-07-17,0.038356164383561646,54.875,0.005111488655798514,-0.7476745548556255,-9223954.02106496,592.2899780273438,-0.04540186788465472,2026-07-03
SMH260717P00642500,2026-07-01 17:49:21+00:00,642.5,62.06,54.5,59.0,24.810001,66.60403,2.0,74,0.5357407266235351,True,REGULAR,USD,SMH,put,2026-07-17,0.038356164383561646,56.75,0.004994826767242907,-0.7606635415441265,-129664.44886293526,592.2899780273438,-0.04540186788465472,2026-07-03
SMH260717P00645000,2026-07-02 20:09:18+00:00,645.0,59.2,56.2,61.0,19.45,48.93082,62.0,264,0.5361374511718751,True,REGULAR,USD,SMH,put,2026-07-17,0.038356164383561646,58.6,0.004860907613162484,-0.771810353237875,-450184.00660418253,592.2899780273438,-0.04540186788465472,2026-07-03
SMH260717P00647500,2026-07-02 14:40:28+00:00,647.5,49.05,58.05,63.0,12.450001,34.0164,7.0,91,0.5358322784423828,True,REGULAR,USD,SMH,put,2026-07-17,0.038356164383561646,60.525,0.004726949624707609,-0.7829424555548831,-150900.65838104923,592.2899780273438,-0.04540186788465472,2026-07-03
SMH260717P00650000,2026-07-02 19:49:39+00:00,650.0,68.07,60.5,64.95,25.369999,59.414516,38.0,1156,0.5333908966064453,True,REGULAR,USD,SMH,put,2026-07-17,0.038356164383561646,62.725,0.004595050056691456,-0.7947795112692931,-1863446.1591202947,592.2899780273438,-0.04540186788465472,2026-07-03
SMH260717P00652500,2026-07-02 19:03:21+00:00,652.5,69.65,62.3,67.0,25.07,56.235973,2.0,52,0.5330857238769531,True,REGULAR,USD,SMH,put,2026-07-17,0.038356164383561646,64.65,0.004455566813838049,-0.8052205380227082,-81278.3862804249,592.2899780273438,-0.04540186788465472,2026-07-03
SMH260717P00655000,2026-07-02 19:44:46+00:00,655.0,72.56,64.6,69.0,31.909996,78.499374,11.0,1076,0.5305222729492188,True,REGULAR,USD,SMH,put,2026-07-17,0.038356164383561646,66.8,0.004316465812450907,-0.8164405800893801,-1629331.0921017572,592.2899780273438,-0.04540186788465472,2026-07-03
SMH260717P00657500,2026-07-02 19:44:46+00:00,657.5,74.7,66.5,71.5,30.069996,67.3762,2.0,49,0.5428512512207033,True,REGULAR,USD,SMH,put,2026-07-17,0.038356164383561646,69.0,0.004169055497517589,-0.8198635402699392,-71664.2441491928,592.2899780273438,-0.04540186788465472,2026-07-03
SMH260717P00660000,2026-07-02 18:52:02+00:00,660.0,74.95,68.8,73.3,25.149998,50.502003,8.0,729,0.5325974475097657,True,REGULAR,USD,SMH,put,2026-07-17,0.038356164383561646,71.05,0.0040306853623468955,-0.834193261746926,-1030801.8629425195,592.2899780273438,-0.04540186788465472,2026-07-03
SMH260717P00662500,2026-07-01 13:32:28+00:00,662.5,42.85,70.55,75.5,0.0,0.0,1.0,43,0.5344284838867188,True,REGULAR,USD,SMH,put,2026-07-17,0.038356164383561646,73.025,0.0038902985725222266,-0.8421434749144561,-58684.060703433846,592.2899780273438,-0.04540186788465472,2026-07-03
SMH260717P00665000,2026-07-01 16:35:00+00:00,665.0,48.72,73.0,77.5,0.0,0.0,3.0,190,0.5286912365722658,True,REGULAR,USD,SMH,put,2026-07-17,0.038356164383561646,75.25,0.0037417550349617417,-0.8535313725256024,-249400.73034557648,592.2899780273438,-0.04540186788465472,2026-07-03
SMH260717P00667500,2026-07-01 13:52:23+00:00,667.5,43.5,75.05,80.0,0.0,0.0,10.0,17,0.5399826275634767,True,REGULAR,USD,SMH,put,2026-07-17,0.038356164383561646,77.525,0.003619994089277822,-0.8561094153529526,-21588.65325820003,592.2899780273438,-0.04540186788465472,2026-07-03
SMH260717P00670000,2026-07-02 18:23:08+00:00,670.0,85.59,77.3,81.9,28.959995,51.13896,74.0,240,0.5289353747558594,True,REGULAR,USD,SMH,put,2026-07-17,0.038356164383561646,79.6,0.003459171482125706,-0.8693825268394048,-291240.72391476895,592.2899780273438,-0.04540186788465472,2026-07-03
SMH260717P00672500,2026-06-30 19:58:35+00:00,672.5,36.1,79.5,84.5,0.0,0.0,3.0,10,0.5435836657714845,True,REGULAR,USD,SMH,put,2026-07-17,0.038356164383561646,82.0,0.003358850979021655,-0.8697809056563279,-11783.09839637958,592.2899780273438,-0.04540186788465472,2026-07-03
SMH260717P00675000,2026-06-30 17:01:21+00:00,675.0,40.26,81.5,86.45,0.0,0.0,21.0,53,0.5325974475097657,True,REGULAR,USD,SMH,put,2026-07-17,0.038356164383561646,83.975,0.0031949013619750046,-0.8822513633610796,-59402.14018276346,592.2899780273438,-0.04540186788465472,2026-07-03
SMH260717P00677500,2026-06-22 14:32:05+00:00,677.5,43.55,84.0,88.95,0.0,0.0,0.0,1,0.5430343548583985,True,REGULAR,USD,SMH,put,2026-07-17,0.038356164383561646,86.475,0.0030966262326760853,-0.8842009607671502,-1086.3194534179802,592.2899780273438,-0.04540186788465472,2026-07-03
SMH260717P00680000,2026-07-01 13:52:10+00:00,680.0,95.15,86.15,90.8,43.15,82.98077,3.0,45,0.5252122674560546,True,REGULAR,USD,SMH,put,2026-07-17,0.038356164383561646,88.475,0.0029003947774691534,-0.8990580171597876,-45786.60014725789,592.2899780273438,-0.04540186788465472,2026-07-03
SMH260717P00685000,2026-06-23 13:58:36+00:00,685.0,68.96,91.0,95.5,0.0,0.0,1.0,8,0.5308884802246094,True,REGULAR,USD,SMH,put,2026-07-17,0.038356164383561646,93.25,0.002668317487160799,-0.9085555458057739,-7488.5245461301065,592.2899780273438,-0.04540186788465472,2026-07-03
SMH260717P00690000,2026-06-24 15:04:24+00:00,690.0,76.25,95.5,100.5,0.0,0.0,8.0,15,0.5500533276367189,True,REGULAR,USD,SMH,put,2026-07-17,0.038356164383561646,98.0,0.002515911328337618,-0.9113844604923591,-13239.005357869324,592.2899780273438,-0.04540186788465472,2026-07-03
SMH260717P00695000,2026-07-02 19:56:12+00:00,695.0,106.59,100.05,105.0,32.089996,43.073822,2.0,23,0.5426071130371095,True,REGULAR,USD,SMH,put,2026-07-17,0.038356164383561646,102.525,0.002256362482089098,-0.9246777408672919,-18205.620021233597,592.2899780273438,-0.04540186788465472,2026-07-03
SMH260717P00700000,2026-07-02 19:22:12+00:00,700.0,117.0,105.0,109.8,40.6,53.141357,3.0,98,0.549076774902344,True,REGULAR,USD,SMH,put,2026-07-17,0.038356164383561646,107.4,0.0020772952788398525,-0.9313241807435145,-71415.59814753542,592.2899780273438,-0.04540186788465472,2026-07-03
SMH260717P00705000,2026-06-24 15:04:23+00:00,705.0,88.36,110.0,114.5,0.0,0.0,90.0,52,0.5477340148925782,True,REGULAR,USD,SMH,put,2026-07-17,0.038356164383561646,112.25,0.001871363764545904,-0.9401436956846738,-34137.391106684154,592.2899780273438,-0.04540186788465472,2026-07-03
SMH260717P00710000,2026-06-29 14:08:18+00:00,710.0,108.1,114.55,119.5,0.0,0.0,3.0,14,0.5648236877441408,True,REGULAR,USD,SMH,put,2026-07-17,0.038356164383561646,117.025,0.0017768240571065246,-0.9417334748170498,-8726.522837775412,592.2899780273438,-0.04540186788465472,2026-07-03
SMH260717P00715000,2026-06-11 17:30:02+00:00,715.0,124.5,119.5,124.5,0.0,0.0,0.0,1,0.5815471533203125,True,REGULAR,USD,SMH,put,2026-07-17,0.038356164383561646,122.0,0.00169005486178423,-0.9432603294749035,-592.8837824619336,592.2899780273438,-0.04540186788465472,2026-07-03
SMH260717P00720000,2026-07-01 19:19:36+00:00,720.0,97.4,124.5,129.5,0.0,0.0,3.0,26,0.5980264807128908,True,REGULAR,USD,SMH,put,2026-07-17,0.038356164383561646,127.0,0.0016106429898995725,-0.9446939571264761,-14690.663226767883,592.2899780273438,-0.04540186788465472,2026-07-03
SMH260717P00730000,2026-06-22 17:55:18+00:00,730.0,77.55,134.5,139.0,0.0,0.0,22.0,28,0.5913126806640626,True,REGULAR,USD,SMH,put,2026-07-17,0.038356164383561646,136.75,0.0012934173576535852,-0.9585401866684099,-12704.731304369607,592.2899780273438,-0.04540186788465472,2026-07-03
SMH260717P00735000,2026-06-11 17:30:02+00:00,735.0,142.5,139.05,144.0,0.0,0.0,0.0,1,0.6066933862304689,True,REGULAR,USD,SMH,put,2026-07-17,0.038356164383561646,141.525,0.0012377828335588129,-0.9594645432981198,-434.223399974155,592.2899780273438,-0.04540186788465472,2026-07-03
SMH260717P00745000,2026-06-18 17:56:32+00:00,745.0,95.23,149.05,154.0,0.0,0.0,3.0,3,0.6366003137207032,True,REGULAR,USD,SMH,put,2026-07-17,0.038356164383561646,151.525,0.0011375202570305166,-0.9612367045542735,-1197.151633119162,592.2899780273438,-0.04540186788465472,2026-07-03
SMH260717P00750000,2026-06-11 17:49:52+00:00,750.0,153.3,154.05,159.0,0.0,0.0,3.0,3,0.6513706738281251,True,REGULAR,USD,SMH,put,2026-07-17,0.038356164383561646,156.525,0.0010930988909196345,-0.9620318716664598,-1150.4015988614422,592.2899780273438,-0.04540186788465472,2026-07-03
SMH260717P00755000,2026-06-04 14:04:54+00:00,755.0,150.6,159.05,164.0,0.0,0.0,1.0,1,0.6658968957519533,True,REGULAR,USD,SMH,put,2026-07-17,0.038356164383561646,161.525,0.0010514793488984,-0.9628034101135504,-368.86675554268777,592.2899780273438,-0.04540186788465472,2026-07-03
SMH260717P00775000,2026-07-02 19:25:18+00:00,775.0,191.98,179.0,183.95,50.229996,35.435623,7.0,7,0.7176541906738281,True,REGULAR,USD,SMH,put,2026-07-17,0.038356164383561646,181.475,0.0008952370958044181,-0.9665064971654106,-2198.390698987655,592.2899780273438,-0.04540186788465472,2026-07-03
SMH260717P00800000,2026-06-08 19:53:12+00:00,800.0,203.0,204.0,208.95,0.0,0.0,1.0,0,0.7850363293457032,True,REGULAR,USD,SMH,put,2026-07-17,0.038356164383561646,206.475,0.000764753409816429,-0.9691471391517915,-0.0,592.2899780273438,-0.04540186788465472,2026-07-03
SMH260717P00805000,2026-05-29 13:38:26+00:00,805.0,197.5,209.0,213.95,0.0,0.0,1.0,0,0.7980977221679688,True,REGULAR,USD,SMH,put,2026-07-17,0.038356164383561646,211.475,0.0007427980247323828,-0.9696140278030849,-0.0,592.2899780273438,-0.04540186788465472,2026-07-03
SMH260717P00815000,2026-06-17 14:47:28+00:00,815.0,182.95,219.0,223.95,0.0,0.0,0.0,0,0.8239763696289062,True,REGULAR,USD,SMH,put,2026-07-17,0.038356164383561646,221.475,0.0007025829336198493,-0.9704718633640865,-0.0,592.2899780273438,-0.04540186788465472,2026-07-03
SMH260717P00830000,2026-06-25 13:56:13+00:00,830.0,211.65,234.0,238.95,0.0,0.0,0.0,0,0.8618177880859376,True,REGULAR,USD,SMH,put,2026-07-17,0.038356164383561646,236.475,0.0006492925813827929,-0.9716546615529508,-0.0,592.2899780273438,-0.04540186788465472,2026-07-03
SMH260724C00365000,2026-06-16 14:47:58+00:00,365.0,273.74,228.0,232.95,0.0,0.0,1.0,1,1.227664994506836,True,REGULAR,USD,SMH,call,2026-07-24,0.057534246575342465,230.475,0.00045347041820712657,0.963991478070719,159.08078658310495,592.2899780273438,-0.04540186788465472,2026-07-03
SMH260724C00380000,2026-06-17 18:00:00+00:00,380.0,258.2,213.0,218.0,0.0,0.0,0.0,1,1.1430706909179689,True,REGULAR,USD,SMH,call,2026-07-24,0.057534246575342465,215.5,0.000518174629758418,0.9611523595624032,181.77950397577413,592.2899780273438,-0.04540186788465472,2026-07-03
SMH260724C00395000,2026-06-12 15:33:19+00:00,395.0,231.55,198.5,203.45,0.0,0.0,0.0,1,1.0920455554199218,True,REGULAR,USD,SMH,call,2026-07-24,0.057534246575342465,200.975,0.000620398416123355,0.9541335429367336,217.64036653596372,592.2899780273438,-0.04540186788465472,2026-07-03
SMH260724C00400000,2026-06-16 19:26:54+00:00,400.0,227.1,193.5,198.45,0.0,0.0,0.0,0,1.06409159362793,True,REGULAR,USD,SMH,call,2026-07-24,0.057534246575342465,195.975,0.0006494212799524074,0.9529887915228007,0.0,592.2899780273438,-0.04540186788465472,2026-07-03
SMH260724C00410000,2026-06-10 13:34:50+00:00,410.0,176.5,183.5,188.5,0.0,0.0,0.0,1,1.0106250640869139,True,REGULAR,USD,SMH,call,2026-07-24,0.057534246575342465,186.0,0.0007144775841346434,0.9503355232638728,250.64403656033102,592.2899780273438,-0.04540186788465472,2026-07-03
SMH260724C00415000,2026-06-22 14:27:36+00:00,415.0,255.25,179.0,183.5,0.0,0.0,0.0,1,0.9985351708984375,True,REGULAR,USD,SMH,call,2026-07-24,0.057534246575342465,181.25,0.0007638355355829849,0.9467952850444955,267.9591720692286,592.2899780273438,-0.04540186788465472,2026-07-03
SMH260724C00420000,2026-06-26 14:58:12+00:00,420.0,198.32,174.0,178.95,0.0,0.0,4.0,4,0.9842530871582031,True,REGULAR,USD,SMH,call,2026-07-24,0.057534246575342465,176.475,0.0008139788883178984,0.9433796403295751,1142.199328702475,592.2899780273438,-0.04540186788465472,2026-07-03
SMH260724C00425000,2026-06-24 13:55:04+00:00,425.0,199.85,169.0,173.95,0.0,0.0,1.0,2,0.9570316796874999,True,REGULAR,USD,SMH,call,2026-07-24,0.057534246575342465,171.475,0.0008546443710766785,0.9418699220941722,599.6311703737256,592.2899780273438,-0.04540186788465472,2026-07-03
SMH260724C00440000,2026-06-25 18:41:32+00:00,440.0,197.68,154.5,159.45,0.0,0.0,2.0,3,0.9019785192871093,True,REGULAR,USD,SMH,call,2026-07-24,0.057534246575342465,156.975,0.0010219758634024381,0.9322296683075836,1075.5501419152067,592.2899780273438,-0.04540186788465472,2026-07-03
SMH260724C00465000,2026-06-22 19:27:37+00:00,465.0,202.08,130.5,135.5,0.0,0.0,1.0,2,0.8128680822753906,True,REGULAR,USD,SMH,call,2026-07-24,0.057534246575342465,133.0,0.0013883306761604596,0.9115326556773518,974.073399866986,592.2899780273438,-0.04540186788465472,2026-07-03
SMH260724C00475000,2026-06-17 14:24:54+00:00,475.0,167.48,121.05,126.0,0.0,0.0,0.0,1,0.7790549438476562,True,REGULAR,USD,SMH,call,2026-07-24,0.057534246575342465,123.525,0.0015751862151070495,0.9009018673498208,552.5870091037294,592.2899780273438,-0.04540186788465472,2026-07-03
SMH260724C00480000,2026-06-17 14:26:25+00:00,480.0,114.45,116.9,121.0,-47.949997,-29.525862,1.0,1,0.7672142419433594,True,REGULAR,USD,SMH,call,2026-07-24,0.057534246575342465,118.95,0.0016824293050076047,0.8937650458765023,590.208680577767,592.2899780273438,-0.04540186788465472,2026-07-03
SMH260724C00490000,2026-07-02 16:36:32+00:00,490.0,106.54,107.5,112.45,-27.620003,-20.587358,1.0,5,0.7465845654296875,True,REGULAR,USD,SMH,call,2026-07-24,0.057534246575342465,109.975,0.0019168476966580552,0.8771986173797809,3362.2219565058294,592.2899780273438,-0.04540186788465472,2026-07-03
SMH260724C00500000,2026-06-30 19:45:01+00:00,500.0,162.5,98.5,103.5,0.0,0.0,90.0,58,0.7216824707031251,True,REGULAR,USD,SMH,call,2026-07-24,0.057534246575342465,101.0,0.0021754377420524205,0.8595671245846027,44263.262452969364,592.2899780273438,-0.04540186788465472,2026-07-03
SMH260724C00505000,2026-07-02 15:05:09+00:00,505.0,101.65,94.2,99.0,-61.370003,-37.645687,4.0,2,0.7102690106201173,True,REGULAR,USD,SMH,call,2026-07-24,0.057534246575342465,96.6,0.0023151685411842795,0.8495581874857775,1624.3565966670449,592.2899780273438,-0.04540186788465472,2026-07-03
SMH260724C00510000,2026-06-09 17:03:34+00:00,510.0,79.53,89.55,94.5,0.0,0.0,0.0,1,0.6929962341308593,True,REGULAR,USD,SMH,call,2026-07-24,0.057534246575342465,92.025,0.002465447906966915,0.8405838010422639,864.8974146331711,592.2899780273438,-0.04540186788465472,2026-07-03
SMH260724C00515000,2026-06-22 14:51:38+00:00,515.0,156.33,85.55,90.5,0.0,0.0,1.0,3,0.6901276104736329,True,REGULAR,USD,SMH,call,2026-07-24,0.057534246575342465,88.025,0.0026124563795851506,0.8267442522881947,2749.4072320410855,592.2899780273438,-0.04540186788465472,2026-07-03
SMH260724C00525000,2026-06-25 14:00:07+00:00,525.0,105.65,77.05,82.0,0.0,0.0,6.0,6,0.6669039657592776,True,REGULAR,USD,SMH,call,2026-07-24,0.057534246575342465,79.525,0.0029383152149796933,0.8018560997040023,6184.696644285698,592.2899780273438,-0.04540186788465472,2026-07-03
SMH260724C00530000,2026-06-25 14:00:08+00:00,530.0,101.45,73.85,77.45,0.0,0.0,0.0,2,0.6622043057250978,True,REGULAR,USD,SMH,call,2026-07-24,0.057534246575342465,75.65,0.003095288974379923,0.7862518043238989,2171.700666575617,592.2899780273438,-0.04540186788465472,2026-07-03
SMH260724C00540000,2026-06-26 13:57:44+00:00,540.0,90.9,65.95,69.65,0.0,0.0,2.0,4,0.6455113574218749,True,REGULAR,USD,SMH,call,2026-07-24,0.057534246575342465,67.80000000000001,0.0034304996220906507,0.7546586416693165,4813.778860485313,592.2899780273438,-0.04540186788465472,2026-07-03
SMH260724C00545000,2026-07-02 16:05:42+00:00,545.0,66.3,62.1,65.85,-30.599998,-31.578945,3.0,2,0.6369665209960937,True,REGULAR,USD,SMH,call,2026-07-24,0.057534246575342465,63.974999999999994,0.0036011248743836244,0.7376383198842732,2526.602638672094,592.2899780273438,-0.04540186788465472,2026-07-03
SMH260724C00550000,2026-06-30 14:09:05+00:00,550.0,109.1,58.6,62.0,0.0,0.0,1.0,103,0.629886513671875,True,REGULAR,USD,SMH,call,2026-07-24,0.057534246575342465,60.3,0.003765564317022977,0.7194060097297021,136061.75325066218,592.2899780273438,-0.04540186788465472,2026-07-03
SMH260724C00555000,2026-06-30 15:56:44+00:00,555.0,106.24,54.8,58.55,0.0,0.0,2.0,7,0.622074091796875,True,REGULAR,USD,SMH,call,2026-07-24,0.057534246575342465,56.675,0.003931222913509549,0.7005000005212004,9653.715121066247,592.2899780273438,-0.04540186788465472,2026-07-03
SMH260724C00560000,2026-07-01 13:30:07+00:00,560.0,85.34,51.35,55.0,0.0,0.0,1.0,50,0.6149940844726562,True,REGULAR,USD,SMH,call,2026-07-24,0.057534246575342465,53.175,0.004089770444122501,0.6806031537724447,71736.0905004142,592.2899780273438,-0.04540186788465472,2026-07-03
SMH260724C00562500,2026-06-26 15:13:40+00:00,562.5,69.14,49.6,53.05,0.0,0.0,46.0,25,0.6088906298828126,True,REGULAR,USD,SMH,call,2026-07-24,0.057534246575342465,51.325,0.004182415487619326,0.670799209333492,36680.55946286347,592.2899780273438,-0.04540186788465472,2026-07-03
SMH260724C00565000,2026-07-02 18:36:38+00:00,565.0,46.47,47.9,51.65,-21.199997,-31.328503,52.0,9,0.6080056289672852,True,REGULAR,USD,SMH,call,2026-07-24,0.057534246575342465,49.775,0.004242477641489951,0.6598832498465476,13394.633648739422,592.2899780273438,-0.04540186788465472,2026-07-03
SMH260724C00567500,2026-07-02 18:36:21+00:00,567.5,45.04,45.75,50.5,-27.400002,-37.824406,12.0,2,0.6047707980346682,True,REGULAR,USD,SMH,call,2026-07-24,0.057534246575342465,48.125,0.004314653977629885,0.6491904119621562,3027.225243529668,592.2899780273438,-0.04540186788465472,2026-07-03
SMH260724C00570000,2026-07-02 18:35:58+00:00,570.0,43.42,44.65,48.1,-20.530003,-32.10321,43.0,5,0.5992471716308594,True,REGULAR,USD,SMH,call,2026-07-24,0.057534246575342465,46.375,0.004400258574889559,0.6386135607100297,7718.216747522811,592.2899780273438,-0.04540186788465472,2026-07-03
SMH260724C00572500,2026-06-26 19:52:24+00:00,572.5,62.05,43.05,46.75,0.0,0.0,2.0,1,0.5982706188964844,True,REGULAR,USD,SMH,call,2026-07-24,0.057534246575342465,44.9,0.004452814278193116,0.627259310732963,1562.080280085422,592.2899780273438,-0.04540186788465472,2026-07-03
SMH260724C00575000,2026-07-02 15:28:19+00:00,575.0,47.9,41.55,44.95,-17.5,-26.758408,43.0,128,0.5936625106811525,True,REGULAR,USD,SMH,call,2026-07-24,0.057534246575342465,43.25,0.004528168348603797,0.6161610644482587,203329.92601182472,592.2899780273438,-0.04540186788465472,2026-07-03
SMH260724C00577500,2026-07-02 15:28:47+00:00,577.5,46.45,39.65,44.4,-14.149998,-23.349833,3.0,13,0.5961649270629883,True,REGULAR,USD,SMH,call,2026-07-24,0.057534246575342465,42.025,0.004548434847417354,0.6042771454925511,20743.120906163716,592.2899780273438,-0.04540186788465472,2026-07-03
SMH260724C00580000,2026-07-02 19:28:21+00:00,580.0,35.85,38.15,42.5,-25.95,-41.99029,30.0,24,0.589695265197754,True,REGULAR,USD,SMH,call,2026-07-24,0.057534246575342465,40.325,0.004632003142431139,0.5929869360362107,38998.58550950282,592.2899780273438,-0.04540186788465472,2026-07-03
SMH260724C00582500,2026-07-02 16:02:46+00:00,582.5,40.2,36.95,41.0,-30.649998,-43.260406,8.0,7,0.5889628506469727,True,REGULAR,USD,SMH,call,2026-07-24,0.057534246575342465,38.975,0.004668821758220457,0.5811773233274932,11465.00114506581,592.2899780273438,-0.04540186788465472,2026-07-03
SMH260724C00585000,2026-07-02 19:54:59+00:00,585.0,36.9,36.0,39.85,-47.699997,-56.382977,22.0,33,0.5929300961303713,True,REGULAR,USD,SMH,call,2026-07-24,0.057534246575342465,37.925,0.004664515542153921,0.5692131099009378,53999.43957863442,592.2899780273438,-0.04540186788465472,2026-07-03
SMH260724C00590000,2026-07-02 19:41:00+00:00,590.0,31.5,32.9,35.9,-23.46,-42.68559,69.0,49,0.5745892150878906,True,REGULAR,USD,SMH,call,2026-07-24,0.057534246575342465,34.4,0.004855645433486332,0.5452687580256219,83466.42544203972,592.2899780273438,-0.04540186788465472,2026-07-03
SMH260724C00592500,2026-07-02 16:46:02+00:00,592.5,32.7,31.55,34.55,-27.34,-45.53631,40.0,4,0.5718731777954101,False,REGULAR,USD,SMH,call,2026-07-24,0.057534246575342465,33.05,0.0048935585606776875,0.5329861168501555,6866.786575414672,592.2899780273438,-0.04540186788465472,2026-07-03
SMH260724C00595000,2026-07-02 19:31:26+00:00,595.0,29.41,30.25,33.3,-28.59,-49.293102,6.0,98,0.5699200723266601,False,REGULAR,USD,SMH,call,2026-07-24,0.057534246575342465,31.775,0.004920577004372101,0.5206528342224206,169165.1416039891,592.2899780273438,-0.04540186788465472,2026-07-03
SMH260724C00597500,2026-07-02 16:46:25+00:00,597.5,30.45,29.0,32.5,-25.86,-45.924347,4.0,26,0.5717816259765626,False,REGULAR,USD,SMH,call,2026-07-24,0.057534246575342465,30.75,0.004910004802189454,0.5085756598301989,44784.11879176023,592.2899780273438,-0.04540186788465472,2026-07-03
SMH260724C00600000,2026-07-02 19:13:17+00:00,600.0,25.86,27.9,30.65,-19.84,-43.413567,41.0,74,0.5653729986572267,False,REGULAR,USD,SMH,call,2026-07-24,0.057534246575342465,29.275,0.004966529662471621,0.4957738179323798,128929.86312742016,592.2899780273438,-0.04540186788465472,2026-07-03
SMH260724C00602500,2026-07-02 16:25:03+00:00,602.5,28.2,26.55,29.9,-22.189999,-44.036514,12.0,18,0.5658002404785156,False,REGULAR,USD,SMH,call,2026-07-24,0.057534246575342465,28.225,0.004958863502943006,0.4835996607557882,31312.90983666747,592.2899780273438,-0.04540186788465472,2026-07-03
SMH260724C00605000,2026-07-02 19:13:17+00:00,605.0,23.66,25.4,28.55,-22.05,-48.2389,9.0,12,0.5622602368164062,False,REGULAR,USD,SMH,call,2026-07-24,0.057534246575342465,26.975,0.004981039414673728,0.47092893057873736,20968.626916496643,592.2899780273438,-0.04540186788465472,2026-07-03
SMH260724C00607500,2026-07-02 15:12:58+00:00,607.5,29.68,24.3,27.3,-13.73,-31.628656,26.0,16,0.5594831649780273,False,REGULAR,USD,SMH,call,2026-07-24,0.057534246575342465,25.8,0.004991664304044009,0.4583096782090584,28017.80586211209,592.2899780273438,-0.04540186788465472,2026-07-03
SMH260724C00610000,2026-07-02 19:03:33+00:00,610.0,22.9,22.95,27.3,-18.62,-44.84586,53.0,29,0.5648847222900393,False,REGULAR,USD,SMH,call,2026-07-24,0.057534246575342465,25.125,0.00492751704955166,0.44721056594497777,50129.676476057655,592.2899780273438,-0.04540186788465472,2026-07-03
SMH260724C00612500,2026-07-02 19:15:54+00:00,612.5,20.94,21.5,26.0,-16.859999,-44.603172,114.0,35,0.5575910940551759,False,REGULAR,USD,SMH,call,2026-07-24,0.057534246575342465,23.75,0.004966562366247559,0.4337679348338188,60980.742213826336,592.2899780273438,-0.04540186788465472,2026-07-03
SMH260724C00615000,2026-07-02 19:07:23+00:00,615.0,20.5,21.1,24.35,-17.080002,-45.44971,72.0,93,0.5558821267700197,False,REGULAR,USD,SMH,call,2026-07-24,0.057534246575342465,22.725,0.0049532947359919805,0.42142003719598276,161601.6859671469,592.2899780273438,-0.04540186788465472,2026-07-03
SMH260724C00617500,2026-07-02 18:34:01+00:00,617.5,20.81,19.75,23.75,-18.9,-47.595066,147.0,41,0.5545698840332032,False,REGULAR,USD,SMH,call,2026-07-24,0.057534246575342465,21.75,0.004931904093622512,0.409223152774016,70936.09019168552,592.2899780273438,-0.04540186788465472,2026-07-03
SMH260724C00620000,2026-07-02 18:35:48+00:00,620.0,19.55,19.15,22.35,-15.400002,-44.06295,108.0,64,0.5522505712890625,False,REGULAR,USD,SMH,call,2026-07-24,0.057534246575342465,20.75,0.004913824625124117,0.3968275988730859,110323.59229418197,592.2899780273438,-0.04540186788465472,2026-07-03
SMH260724C00622500,2026-07-02 18:09:45+00:00,622.5,18.83,18.2,21.15,-15.719999,-45.499275,36.0,21,0.5481002221679689,False,REGULAR,USD,SMH,call,2026-07-24,0.057534246575342465,19.674999999999997,0.004904957342837515,0.3839372861387848,36134.603845038684,592.2899780273438,-0.04540186788465472,2026-07-03
SMH260724C00625000,2026-07-02 18:55:53+00:00,625.0,17.75,17.3,20.5,-14.599998,-45.131374,53.0,133,0.5488021194458009,False,REGULAR,USD,SMH,call,2026-07-24,0.057534246575342465,18.9,0.004853469857921723,0.3725686270960953,226450.21952961897,592.2899780273438,-0.04540186788465472,2026-07-03
SMH260724C00627500,2026-07-02 19:11:56+00:00,627.5,15.81,15.7,20.5,-17.099998,-51.959885,30.0,31,0.5485884985351563,False,REGULAR,USD,SMH,call,2026-07-24,0.057534246575342465,18.1,0.004805198199157274,0.3610800174166551,52256.67438063329,592.2899780273438,-0.04540186788465472,2026-07-03
SMH260724C00630000,2026-07-02 19:30:55+00:00,630.0,15.6,15.6,18.55,-16.119999,-50.81967,72.0,144,0.5436752175903321,False,REGULAR,USD,SMH,call,2026-07-24,0.057534246575342465,17.075,0.004785934336623166,0.3480979085736694,241767.542547524,592.2899780273438,-0.04540186788465472,2026-07-03
SMH260724C00632500,2026-07-02 17:38:22+00:00,632.5,14.45,14.8,17.7,-13.900001,-49.029984,68.0,53,0.5419357330322268,False,REGULAR,USD,SMH,call,2026-07-24,0.057534246575342465,16.25,0.004738974671339096,0.33629395953614316,88110.77584424429,592.2899780273438,-0.04540186788465472,2026-07-03
SMH260724C00635000,2026-07-02 17:54:46+00:00,635.0,13.65,14.0,16.9,-17.050001,-55.53746,82.0,90,0.5401657312011721,False,REGULAR,USD,SMH,call,2026-07-24,0.057534246575342465,15.45,0.0046876930158209,0.3246067515593943,148002.9735233294,592.2899780273438,-0.04540186788465472,2026-07-03
SMH260724C00637500,2026-07-02 17:38:23+00:00,637.5,13.0,13.25,16.35,-19.7,-60.244648,98.0,65,0.5407455593872071,False,REGULAR,USD,SMH,call,2026-07-24,0.057534246575342465,14.8,0.00461786897429498,0.31400760650778425,105298.87497125845,592.2899780273438,-0.04540186788465472,2026-07-03
SMH260724C00640000,2026-07-02 19:53:17+00:00,640.0,13.1,12.55,15.4,-11.85,-47.49499,32.0,56,0.5374191766357423,False,REGULAR,USD,SMH,call,2026-07-24,0.057534246575342465,13.975000000000001,0.004567510393926303,0.3019906079070872,89729.72558528306,592.2899780273438,-0.04540186788465472,2026-07-03
SMH260724C00642500,2026-07-02 16:00:02+00:00,642.5,15.53,11.25,15.45,-11.47,-42.481483,11.0,42,0.5375412457275393,False,REGULAR,USD,SMH,call,2026-07-24,0.057534246575342465,13.35,0.0044937220586873,0.2915803586192641,66210.10338346435,592.2899780273438,-0.04540186788465472,2026-07-03
SMH260724C00645000,2026-07-02 15:17:39+00:00,645.0,14.03,11.2,14.2,-9.0199995,-39.13232,8.0,26,0.5366562448120118,False,REGULAR,USD,SMH,call,2026-07-24,0.057534246575342465,12.7,0.004422346116463066,0.28093694021862803,40336.18739632337,592.2899780273438,-0.04540186788465472,2026-07-03
SMH260724C00647500,2026-07-02 18:35:48+00:00,647.5,11.61,10.55,13.55,-11.29,-49.30131,8.0,22,0.5352829675292969,False,REGULAR,USD,SMH,call,2026-07-24,0.057534246575342465,12.05,0.004350064771555842,0.270266237383867,33572.76980098504,592.2899780273438,-0.04540186788465472,2026-07-03
SMH260724C00650000,2026-07-02 19:59:38+00:00,650.0,11.15,11.0,12.8,-11.630001,-51.05356,124.0,148,0.543949873046875,False,REGULAR,USD,SMH,call,2026-07-24,0.057534246575342465,11.9,0.004233911707897502,0.26443573636571505,219822.5699194345,592.2899780273438,-0.04540186788465472,2026-07-03
SMH260724C00652500,2026-07-02 15:17:40+00:00,652.5,9.97,8.5,13.2,-9.429999,-48.608246,10.0,46,0.5330857238769531,False,REGULAR,USD,SMH,call,2026-07-24,0.057534246575342465,10.85,0.004193860432998183,0.24976883930930083,67676.91811163185,592.2899780273438,-0.04540186788465472,2026-07-03
SMH260724C00655000,2026-07-02 15:43:43+00:00,655.0,12.07,8.8,11.55,-9.33,-43.59813,28.0,74,0.5295457202148439,False,REGULAR,USD,SMH,call,2026-07-24,0.057534246575342465,10.175,0.0041193841101657995,0.23863825293322188,106938.17727621007,592.2899780273438,-0.04540186788465472,2026-07-03
SMH260724C00657500,2026-07-02 16:43:00+00:00,657.5,8.9,8.3,11.0,-9.550001,-51.76152,15.0,32,0.5288133056640626,False,REGULAR,USD,SMH,call,2026-07-24,0.057534246575342465,9.65,0.004032684296186462,0.22907900540686565,45270.25810698197,592.2899780273438,-0.04540186788465472,2026-07-03
SMH260724C00660000,2026-07-02 18:47:52+00:00,660.0,8.48,7.8,10.6,-8.860001,-51.095737,18.0,48,0.5293015820312501,False,REGULAR,USD,SMH,call,2026-07-24,0.057534246575342465,9.2,0.003941275753353279,0.22036122840425826,66366.181005225,592.2899780273438,-0.04540186788465472,2026-07-03
SMH260724C00662500,2026-07-02 19:29:09+00:00,662.5,8.05,7.3,9.95,-8.53,-51.44753,10.0,9,0.526371923828125,False,REGULAR,USD,SMH,call,2026-07-24,0.057534246575342465,8.625,0.003855521517136798,0.21014617308853872,12172.90993871741,592.2899780273438,-0.04540186788465472,2026-07-03
SMH260724C00665000,2026-07-02 19:42:03+00:00,665.0,7.5,6.85,9.5,-10.0,-57.14286,8.0,41,0.5258836474609375,False,REGULAR,USD,SMH,call,2026-07-24,0.057534246575342465,8.175,0.0037629401892453123,0.20139771499825143,54122.76061803208,592.2899780273438,-0.04540186788465472,2026-07-03
SMH260724C00670000,2026-07-02 19:07:23+00:00,670.0,6.67,6.0,8.55,-8.74,-56.71642,19.0,131,0.523442265625,False,REGULAR,USD,SMH,call,2026-07-24,0.057534246575342465,7.275,0.003575574843239958,0.1838502493889257,164318.3014331343,592.2899780273438,-0.04540186788465472,2026-07-03
SMH260724C00675000,2026-07-02 16:47:30+00:00,675.0,6.35,5.25,7.75,-6.53,-50.698757,6.0,145,0.5222826092529296,False,REGULAR,USD,SMH,call,2026-07-24,0.057534246575342465,6.5,0.0033835714371957615,0.16792027901260392,172112.38416281677,592.2899780273438,-0.04540186788465472,2026-07-03
SMH260724C00680000,2026-07-02 19:11:12+00:00,680.0,5.6,4.6,7.1,-8.35,-59.856636,16.0,56,0.5227098510742187,False,REGULAR,USD,SMH,call,2026-07-24,0.057534246575342465,5.85,0.0031919724992157407,0.15377184446279268,62706.98733630948,592.2899780273438,-0.04540186788465472,2026-07-03
SMH260724C00685000,2026-07-02 16:47:30+00:00,685.0,5.35,3.1,7.45,-6.35,-54.273502,3.0,33,0.5236864038085938,False,REGULAR,USD,SMH,call,2026-07-24,0.057534246575342465,5.275,0.0030037545941052654,0.14083504787506573,34773.39999140268,592.2899780273438,-0.04540186788465472,2026-07-03
SMH260724C00690000,2026-07-02 19:24:18+00:00,690.0,4.06,3.45,5.8,-5.8399997,-58.9899,11.0,172,0.5205126074218749,False,REGULAR,USD,SMH,call,2026-07-24,0.057534246575342465,4.625,0.0028100177063252957,0.12669493977115387,169553.3096821457,592.2899780273438,-0.04540186788465472,2026-07-03
SMH260724C00695000,2026-07-02 18:11:45+00:00,695.0,4.0,1.6,6.5,-4.3500004,-52.095814,13.0,46,0.5177050183105469,False,REGULAR,USD,SMH,call,2026-07-24,0.057534246575342465,4.05,0.002617528081735594,0.11368375114560425,42239.42033184808,592.2899780273438,-0.04540186788465472,2026-07-03
SMH260724C00700000,2026-07-02 19:50:00+00:00,700.0,3.79,3.3,4.6,-4.71,-55.411766,50.0,174,0.5303391693115236,False,REGULAR,USD,SMH,call,2026-07-24,0.057534246575342465,3.9499999999999997,0.0024796581193162635,0.10901795626586552,151359.54848155906,592.2899780273438,-0.04540186788465472,2026-07-03
SMH260724C00705000,2026-07-02 14:06:19+00:00,705.0,6.5,2.25,4.3,-0.8200002,-11.202188,2.0,30,0.520390538330078,False,REGULAR,USD,SMH,call,2026-07-24,0.057534246575342465,3.275,0.0022736924670126394,0.0942976527177038,23928.845515248653,592.2899780273438,-0.04540186788465472,2026-07-03
SMH260724C00710000,2026-07-02 16:40:41+00:00,710.0,2.91,1.94,3.9,-11.87,-80.31123,6.0,25,0.5208177801513671,False,REGULAR,USD,SMH,call,2026-07-24,0.057534246575342465,2.92,0.002109025897298455,0.08532218045944379,18496.548241936915,592.2899780273438,-0.04540186788465472,2026-07-03
SMH260724C00715000,2026-06-29 19:59:37+00:00,715.0,8.65,0.1,5.0,0.0,0.0,3.0,20,0.5188646746826171,False,REGULAR,USD,SMH,call,2026-07-24,0.057534246575342465,2.55,0.0019407894391991075,0.0760506082048486,13616.866643722566,592.2899780273438,-0.04540186788465472,2026-07-03
SMH260724C00720000,2026-07-02 19:07:23+00:00,720.0,2.15,1.42,3.2,-3.5299997,-62.147884,36.0,89,0.5214891601562499,False,REGULAR,USD,SMH,call,2026-07-24,0.057534246575342465,2.31,0.0018009934760542259,0.0694333589547619,56230.366545560755,592.2899780273438,-0.04540186788465472,2026-07-03
SMH260724C00725000,2026-07-02 19:11:56+00:00,725.0,2.14,1.21,2.86,-3.0399997,-58.687256,11.0,62,0.520939849243164,False,REGULAR,USD,SMH,call,2026-07-24,0.057534246575342465,2.035,0.001654153133333691,0.06213431779220034,35977.92976759325,592.2899780273438,-0.04540186788465472,2026-07-03
SMH260724C00730000,2026-07-02 19:36:30+00:00,730.0,1.89,0.23,3.6,-1.92,-50.3937,402.0,38,0.5277146838378908,False,REGULAR,USD,SMH,call,2026-07-24,0.057534246575342465,1.915,0.0015514331895428622,0.058201759708093305,20681.662318298357,592.2899780273438,-0.04540186788465472,2026-07-03
SMH260724C00735000,2026-07-02 19:42:03+00:00,735.0,1.55,0.09,3.25,-3.55,-69.60784,10.0,35,0.5262498547363281,False,REGULAR,USD,SMH,call,2026-07-24,0.057534246575342465,1.67,0.001416109527342763,0.051672549188397754,17387.360444781352,592.2899780273438,-0.04540186788465472,2026-07-03
SMH260724C00740000,2026-07-02 17:47:10+00:00,740.0,1.47,0.7,2.24,-1.6800001,-53.333336,84.0,112,0.5258836474609375,False,REGULAR,USD,SMH,call,2026-07-24,0.057534246575342465,1.4700000000000002,0.0012937716691006115,0.04610842952770442,50832.84626687799,592.2899780273438,-0.04540186788465472,2026-07-03
SMH260724C00745000,2026-07-02 19:31:26+00:00,745.0,1.31,0.34,2.1,-5.94,-81.93104,16.0,30,0.5201464001464844,False,REGULAR,USD,SMH,call,2026-07-24,0.057534246575342465,1.22,0.0011517849849841631,0.03939515410118965,12121.64150267901,592.2899780273438,-0.04540186788465472,2026-07-03
SMH260724C00750000,2026-07-02 17:52:03+00:00,750.0,1.2,0.52,1.86,-1.1099999,-48.051945,16.0,134,0.5297898583984376,False,REGULAR,USD,SMH,call,2026-07-24,0.057534246575342465,1.19,0.0010947431836821043,0.037858343367210605,51461.899982350915,592.2899780273438,-0.04540186788465472,2026-07-03
SMH260724C00755000,2026-07-02 19:31:26+00:00,755.0,1.13,0.34,1.81,-2.5300002,-69.12569,5.0,49,0.532109171142578,False,REGULAR,USD,SMH,call,2026-07-24,0.057534246575342465,1.075,0.0010074944603828684,0.0343900493363013,17318.38998805089,592.2899780273438,-0.04540186788465472,2026-07-03
SMH260724C00760000,2026-07-02 13:50:52+00:00,760.0,1.74,0.0,2.42,-0.6099999,-25.957445,17.0,33,0.5551802294921876,False,REGULAR,USD,SMH,call,2026-07-24,0.057534246575342465,1.21,0.0010220524513940316,0.03685708921603636,11831.938193041615,592.2899780273438,-0.04540186788465472,2026-07-03
SMH260724C00765000,2026-06-24 18:04:42+00:00,765.0,1.52,0.17,2.33,-2.03,-57.183098,2.0,14,0.5700726586914062,False,REGULAR,USD,SMH,call,2026-07-24,0.057534246575342465,1.25,0.000999433399672581,0.03704201120740171,4908.521106631673,592.2899780273438,-0.04540186788465472,2026-07-03
SMH260724C00770000,2026-07-01 14:51:59+00:00,770.0,2.04,0.0,5.0,0.0,0.0,5.0,45,0.664309997558594,False,REGULAR,USD,SMH,call,2026-07-24,0.057534246575342465,2.5,0.0012664527313862712,0.060258516926102124,19992.645576332237,592.2899780273438,-0.04540186788465472,2026-07-03
SMH260724C00775000,2026-07-02 14:15:01+00:00,775.0,1.28,0.03,3.65,-2.4,-65.21739,5.0,18,0.6367223828125,False,REGULAR,USD,SMH,call,2026-07-24,0.057534246575342465,1.8399999999999999,0.0010953988227527262,0.047556886211009126,6916.932589834592,592.2899780273438,-0.04540186788465472,2026-07-03
SMH260724C00780000,2026-07-02 17:47:10+00:00,780.0,0.77,0.0,4.25,-2.58,-77.01492,51.0,121,0.6669955175781253,False,REGULAR,USD,SMH,call,2026-07-24,0.057534246575342465,2.125,0.0011218144213706797,0.05193595940611051,47618.43930670488,592.2899780273438,-0.04540186788465472,2026-07-03
SMH260724C00785000,2026-06-23 17:56:46+00:00,785.0,3.44,0.0,4.75,0.0,0.0,2.0,15,0.6940948559570312,False,REGULAR,USD,SMH,call,2026-07-24,0.057534246575342465,2.375,0.001134102978906392,0.05537014014637528,5967.776067862458,592.2899780273438,-0.04540186788465472,2026-07-03
SMH260724C00790000,2026-06-29 13:39:26+00:00,790.0,1.53,0.0,5.0,0.0,0.0,1.0,24,0.7135038415527344,False,REGULAR,USD,SMH,call,2026-07-24,0.057534246575342465,2.5,0.0011224929505215988,0.05659720014110477,9450.692490626148,592.2899780273438,-0.04540186788465472,2026-07-03
SMH260724C00795000,2026-06-29 13:44:10+00:00,795.0,1.4,0.0,5.0,0.0,0.0,4.0,23,0.725466612548828,False,REGULAR,USD,SMH,call,2026-07-24,0.057534246575342465,2.5,0.0010912770078662702,0.055772334234981555,8805.045599201538,592.2899780273438,-0.04540186788465472,2026-07-03
SMH260724C00800000,2026-06-30 14:07:28+00:00,800.0,2.03,0.5,5.0,0.0,0.0,20.0,64,0.751833536376953,False,REGULAR,USD,SMH,call,2026-07-24,0.057534246575342465,2.75,0.0010992703019769433,0.058904759910445435,24680.459289558657,592.2899780273438,-0.04540186788465472,2026-07-03
SMH260724C00805000,2026-06-18 17:25:41+00:00,805.0,6.55,0.0,5.0,0.0,0.0,118.0,84,0.749148016357422,False,REGULAR,USD,SMH,call,2026-07-24,0.057534246575342465,2.5,0.0010339422107381005,0.05425134702490149,30468.02618028184,592.2899780273438,-0.04540186788465472,2026-07-03
SMH260724C00810000,2026-07-01 13:57:34+00:00,810.0,1.06,0.0,5.0,0.0,0.0,2.0,60,0.7607445800781252,False,REGULAR,USD,SMH,call,2026-07-24,0.057534246575342465,2.5,0.0010072563363154312,0.05351720576459453,21201.17968074643,592.2899780273438,-0.04540186788465472,2026-07-03
SMH260724C00815000,2026-06-29 13:44:27+00:00,815.0,1.02,0.0,5.0,0.0,0.0,4.0,12,0.7723411437988281,False,REGULAR,USD,SMH,call,2026-07-24,0.057534246575342465,2.5,0.000982156257713497,0.052839314294923063,4134.572410936412,592.2899780273438,-0.04540186788465472,2026-07-03
SMH260724C00820000,2026-07-02 18:05:23+00:00,820.0,0.81,0.0,5.0,-0.100000024,-10.989014,1.0,16,0.7836935693359376,False,REGULAR,USD,SMH,call,2026-07-24,0.057534246575342465,2.5,0.0009579438453147015,0.05215353962371161,5376.86091251937,592.2899780273438,-0.04540186788465472,2026-07-03
SMH260724C00825000,2026-06-29 13:46:18+00:00,825.0,0.91,0.0,5.0,0.0,0.0,2.0,10,0.7950459948730468,False,REGULAR,USD,SMH,call,2026-07-24,0.057534246575342465,2.5,0.0009351210528415493,0.05151883243800068,3280.474021317694,592.2899780273438,-0.04540186788465472,2026-07-03
SMH260724C00830000,2026-06-29 18:11:21+00:00,830.0,0.57,0.0,5.0,0.0,0.0,1.0,7,0.8062763513183593,False,REGULAR,USD,SMH,call,2026-07-24,0.057534246575342465,2.5,0.0009133125326591221,0.050902799644920685,2242.7776803222637,592.2899780273438,-0.04540186788465472,2026-07-03
SMH260724C00835000,2026-06-26 15:14:05+00:00,835.0,0.76,0.0,5.0,0.0,0.0,2.0,8,0.8173846386718748,False,REGULAR,USD,SMH,call,2026-07-24,0.057534246575342465,2.5,0.0008924474912068176,0.050303903256436786,2504.617601238149,592.2899780273438,-0.04540186788465472,2026-07-03
SMH260724C00840000,2026-06-24 19:11:19+00:00,840.0,0.88,0.0,5.0,0.0,0.0,1.0,3,0.8283708569335937,False,REGULAR,USD,SMH,call,2026-07-24,0.057534246575342465,2.5,0.0008724612730491384,0.04972073522655728,918.1976596975702,592.2899780273438,-0.04540186788465472,2026-07-03
SMH260724C00845000,2026-06-18 14:30:55+00:00,845.0,3.75,0.0,5.0,0.0,0.0,1.0,7,0.8392350061035156,False,REGULAR,USD,SMH,call,2026-07-24,0.057534246575342465,2.5,0.0008532947247051511,0.04915200462050835,2095.394834595703,592.2899780273438,-0.04540186788465472,2026-07-03
SMH260724C00850000,2026-06-30 18:16:06+00:00,850.0,0.77,0.0,5.0,0.0,0.0,24.0,38,0.8500991552734375,False,REGULAR,USD,SMH,call,2026-07-24,0.057534246575342465,2.5,0.0008351440975426645,0.048623495406704985,11133.040293914783,592.2899780273438,-0.04540186788465472,2026-07-03
SMH260724C00855000,2026-07-02 18:05:23+00:00,855.0,0.68,0.0,5.0,-2.12,-75.71429,1.0,1,0.8607191662597657,False,REGULAR,USD,SMH,call,2026-07-24,0.057534246575342465,2.5,0.0008174530758375092,0.048079721477955036,286.76860292927006,592.2899780273438,-0.04540186788465472,2026-07-03
SMH260724C00860000,2026-07-01 14:00:39+00:00,860.0,0.45,0.0,5.0,0.0,0.0,2.0,12,0.8713391772460937,False,REGULAR,USD,SMH,call,2026-07-24,0.057534246575342465,2.5,0.0008006716140601419,0.047573195926556976,3370.5784998202084,592.2899780273438,-0.04540186788465472,2026-07-03
SMH260724C00865000,2026-06-18 14:10:32+00:00,865.0,1.97,0.0,5.0,0.0,0.0,4.0,4,0.8818371191406249,False,REGULAR,USD,SMH,call,2026-07-24,0.057534246575342465,2.5,0.0007845077933395152,0.047076070019629,1100.8446137540332,592.2899780273438,-0.04540186788465472,2026-07-03
SMH260724C00870000,2026-06-08 15:05:53+00:00,870.0,0.96,0.0,4.9,0.0,0.0,2.0,12,0.8889171264648437,False,REGULAR,USD,SMH,call,2026-07-24,0.057534246575342465,2.45,0.0007627170386843851,0.045907651243373815,3210.801540721317,592.2899780273438,-0.04540186788465472,2026-07-03
SMH260724C00880000,2026-06-11 15:33:37+00:00,880.0,0.88,0.02,1.55,0.0,0.0,1.0,24,0.7556176782226562,False,REGULAR,USD,SMH,call,2026-07-24,0.057534246575342465,0.785,0.00042618253652212734,0.01870959500174596,3588.191886349109,592.2899780273438,-0.04540186788465472,2026-07-03
SMH260724C00890000,2026-06-08 15:12:13+00:00,890.0,0.61,0.0,1.31,0.0,0.0,2.0,1,0.7539087109375,False,REGULAR,USD,SMH,call,2026-07-24,0.057534246575342465,0.655,0.00037023266774300804,0.01582614787990117,129.8803662566968,592.2899780273438,-0.04540186788465472,2026-07-03
SMH260724C00900000,2026-06-25 14:36:55+00:00,900.0,0.63,0.0,5.0,0.0,0.0,6.0,83,0.9531254687499999,False,REGULAR,USD,SMH,call,2026-07-24,0.057534246575342465,2.5,0.0006878089197462268,0.04402899589086342,20026.943114813374,592.2899780273438,-0.04540186788465472,2026-07-03
SMH260724C00910000,2026-07-02 18:26:26+00:00,910.0,0.34,0.0,5.0,-0.22,-39.285713,1.0,60,0.9726565234375,False,REGULAR,USD,SMH,call,2026-07-24,0.057534246575342465,2.5,0.0006643024394092973,0.04324551528423923,13982.533415271717,592.2899780273438,-0.04540186788465472,2026-07-03
SMH260724C00920000,2026-07-01 19:29:23+00:00,920.0,0.2,0.0,5.0,0.0,0.0,20.0,244,0.9919434399414062,False,REGULAR,USD,SMH,call,2026-07-24,0.057534246575342465,2.5,0.0006424688127153872,0.04251414316193529,54993.40939277647,592.2899780273438,-0.04540186788465472,2026-07-03
SMH260724C00930000,2026-07-02 14:48:22+00:00,930.0,0.17,0.02,0.61,0.030000001,21.428572,799.0,1384,0.7490259472656251,False,REGULAR,USD,SMH,call,2026-07-24,0.057534246575342465,0.315,0.00020611587923675213,0.008005741912371607,100072.8595153551,592.2899780273438,-0.04540186788465472,2026-07-03
SMH260724P00365000,2026-06-30 18:57:44+00:00,365.0,0.61,0.0,2.26,0.0,0.0,183.0,644,1.013676806640625,False,REGULAR,USD,SMH,put,2026-07-24,0.057534246575342465,1.13,0.0002915341050780764,-0.0169172857732367,-65863.37838337779,592.2899780273438,-0.04540186788465472,2026-07-03
SMH260724P00370000,2026-06-30 18:58:47+00:00,370.0,0.65,0.47,1.89,0.0,0.0,139.0,831,0.9958496508789063,False,REGULAR,USD,SMH,put,2026-07-24,0.057534246575342465,1.18,0.0003117003535654381,-0.01791938772788715,-90867.18768068025,592.2899780273438,-0.04540186788465472,2026-07-03
SMH260724P00375000,2026-06-29 13:48:16+00:00,375.0,1.05,0.65,1.45,0.0,0.0,76.0,1477,0.9523930541992187,False,REGULAR,USD,SMH,put,2026-07-24,0.057534246575342465,1.05,0.0003082850852323704,-0.016789318592720814,-159735.62219059272,592.2899780273438,-0.04540186788465472,2026-07-03
SMH260724P00380000,2026-06-29 19:32:47+00:00,380.0,1.02,0.0,2.55,0.0,0.0,47.0,306,0.958740646972656,False,REGULAR,USD,SMH,put,2026-07-24,0.057534246575342465,1.275,0.00035460136588292803,-0.019942062308489605,-38065.41762067954,592.2899780273438,-0.04540186788465472,2026-07-03
SMH260724P00385000,2026-06-29 13:48:19+00:00,385.0,0.97,0.1,2.02,-0.26,-21.13821,3.0,1167,0.9057626611328125,False,REGULAR,USD,SMH,put,2026-07-24,0.057534246575342465,1.06,0.0003404482797258853,-0.017781308266239138,-139376.8895911599,592.2899780273438,-0.04540186788465472,2026-07-03
SMH260724P00390000,2026-07-02 18:11:04+00:00,390.0,1.1,0.33,2.22,0.15000004,15.789477,1.0,359,0.9099130102539061,False,REGULAR,USD,SMH,put,2026-07-24,0.057534246575342465,1.2750000000000001,0.00038983692052300544,-0.020966804868019384,-49096.008397203994,592.2899780273438,-0.04540186788465472,2026-07-03
SMH260724P00395000,2026-06-26 16:27:59+00:00,395.0,1.59,0.23,2.3,0.0,0.0,24.0,94,0.88476677734375,False,REGULAR,USD,SMH,put,2026-07-24,0.057534246575342465,1.265,0.00040775375191017346,-0.021390160560856963,-13446.045846163075,592.2899780273438,-0.04540186788465472,2026-07-03
SMH260724P00400000,2026-07-02 13:56:45+00:00,400.0,1.04,0.77,2.33,-0.08000004,-7.1428614,24.0,173,0.89257919921875,False,REGULAR,USD,SMH,put,2026-07-24,0.057534246575342465,1.55,0.00046883659998797985,-0.02551485785287355,-28453.544785092916,592.2899780273438,-0.04540186788465472,2026-07-03
SMH260724P00405000,2026-07-02 19:31:26+00:00,405.0,1.41,0.03,2.0,-0.31000006,-18.023258,1.0,46,0.80664255859375,False,REGULAR,USD,SMH,put,2026-07-24,0.057534246575342465,1.015,0.0004058881002171505,-0.019077258145934195,-6549.873597306195,592.2899780273438,-0.04540186788465472,2026-07-03
SMH260724P00410000,2026-06-30 14:59:31+00:00,410.0,1.27,0.5,1.94,0.0,0.0,1.0,56,0.8090839404296875,False,REGULAR,USD,SMH,put,2026-07-24,0.057534246575342465,1.22,0.00046568874755062916,-0.022519260267441554,-9148.555760581887,592.2899780273438,-0.04540186788465472,2026-07-03
SMH260724P00415000,2026-07-02 19:31:26+00:00,415.0,1.68,0.62,2.68,0.120000005,7.692308,2.0,176,0.8305681005859374,False,REGULAR,USD,SMH,put,2026-07-24,0.057534246575342465,1.6500000000000001,0.0005595798284110763,-0.028934229535640177,-34549.63684653469,592.2899780273438,-0.04540186788465472,2026-07-03
SMH260724P00420000,2026-07-02 19:20:54+00:00,420.0,1.99,1.58,2.79,0.029999971,1.5306108,16.0,75,0.852540537109375,False,REGULAR,USD,SMH,put,2026-07-24,0.057534246575342465,2.185,0.0006583770161398015,-0.03637092978467238,-17322.26558622814,592.2899780273438,-0.04540186788465472,2026-07-03
SMH260724P00425000,2026-06-30 14:04:25+00:00,425.0,2.02,0.88,2.91,0.72,55.384617,20.0,65,0.804689453125,False,REGULAR,USD,SMH,put,2026-07-24,0.057534246575342465,1.895,0.0006563737578809437,-0.033773149899910315,-14966.950913992217,592.2899780273438,-0.04540186788465472,2026-07-03
SMH260724P00430000,2026-07-02 13:55:34+00:00,430.0,1.63,0.98,2.47,0.059999943,3.8216524,2.0,63,0.7666038964843751,False,REGULAR,USD,SMH,put,2026-07-24,0.057534246575342465,1.725,0.0006667597498613432,-0.032455527279478424,-14735.968778345508,592.2899780273438,-0.04540186788465472,2026-07-03
SMH260724P00435000,2026-06-30 19:55:40+00:00,435.0,1.2,1.16,3.2,0.0,0.0,20.0,64,0.77929908203125,False,REGULAR,USD,SMH,put,2026-07-24,0.057534246575342465,2.18,0.0007698121856280648,-0.039461211333460366,-17283.572815376694,592.2899780273438,-0.04540186788465472,2026-07-03
SMH260724P00440000,2026-07-02 13:56:45+00:00,440.0,1.75,0.37,4.3,-0.059999943,-3.3149142,12.0,92,0.7664818273925782,False,REGULAR,USD,SMH,put,2026-07-24,0.057534246575342465,2.335,0.0008330814896809875,-0.042617216697972804,-26887.107312319516,592.2899780273438,-0.04540186788465472,2026-07-03
SMH260724P00445000,2026-06-30 17:49:41+00:00,445.0,1.53,1.54,3.5,0.0,0.0,5.0,63,0.754885263671875,False,REGULAR,USD,SMH,put,2026-07-24,0.057534246575342465,2.52,0.0009035656657829219,-0.046253196714316824,-19969.584911103328,592.2899780273438,-0.04540186788465472,2026-07-03
SMH260724P00450000,2026-07-02 17:35:36+00:00,450.0,3.0,1.87,3.55,1.02,51.515152,7.0,734,0.7428004235839842,False,REGULAR,USD,SMH,put,2026-07-24,0.057534246575342465,2.71,0.0009786034793440586,-0.05008204014356532,-251983.1981699795,592.2899780273438,-0.04540186788465472,2026-07-03
SMH260724P00455000,2026-07-02 18:07:15+00:00,455.0,3.3,1.98,3.8,1.1599998,54.205597,1.0,79,0.7293728234863281,False,REGULAR,USD,SMH,put,2026-07-24,0.057534246575342465,2.8899999999999997,0.0010569453087641658,-0.053926909406236456,-29291.95613002794,592.2899780273438,-0.04540186788465472,2026-07-03
SMH260724P00460000,2026-07-02 16:43:50+00:00,460.0,3.3,2.25,4.0,0.78,30.95238,4.0,54,0.7182645361328125,False,REGULAR,USD,SMH,put,2026-07-24,0.057534246575342465,3.125,0.00114592466121269,-0.05859697684430698,-21707.939072050165,592.2899780273438,-0.04540186788465472,2026-07-03
SMH260724P00465000,2026-07-02 18:15:00+00:00,465.0,3.8,2.56,4.25,1.91,101.0582,38.0,66,0.7084990087890625,False,REGULAR,USD,SMH,put,2026-07-24,0.057534246575342465,3.4050000000000002,0.0012441397099437707,-0.06396930524801148,-28805.926998140323,592.2899780273438,-0.04540186788465472,2026-07-03
SMH260724P00470000,2026-06-30 18:58:24+00:00,470.0,2.05,2.76,4.55,0.0,0.0,4.0,43,0.6962310650634767,False,REGULAR,USD,SMH,put,2026-07-24,0.057534246575342465,3.655,0.0013448499752434324,-0.06915784285756643,-20286.683942880372,592.2899780273438,-0.04540186788465472,2026-07-03
SMH260724P00475000,2026-07-02 19:10:37+00:00,475.0,4.75,3.1,4.85,1.8699999,64.93055,1006.0,58,0.6862824340820313,False,REGULAR,USD,SMH,put,2026-07-24,0.057534246575342465,3.9749999999999996,0.0014573916149077893,-0.0753747073209089,-29653.299793612714,592.2899780273438,-0.04540186788465472,2026-07-03
SMH260724P00480000,2026-07-02 19:57:25+00:00,480.0,4.67,3.45,5.25,1.6700001,55.666668,33.0,71,0.6776155285644532,False,REGULAR,USD,SMH,put,2026-07-24,0.057534246575342465,4.35,0.0015799117812058665,-0.08245430581846502,-39351.37886495054,592.2899780273438,-0.04540186788465472,2026-07-03
SMH260724P00485000,2026-07-02 18:56:36+00:00,485.0,5.28,3.8,5.65,2.2500002,74.25743,10.0,152,0.6676058630371096,False,REGULAR,USD,SMH,put,2026-07-24,0.057534246575342465,4.725,0.0017082885376663373,-0.08972661683346661,-91090.60426545376,592.2899780273438,-0.04540186788465472,2026-07-03
SMH260724P00490000,2026-07-02 18:01:08+00:00,490.0,6.25,4.15,6.1,2.62,72.1763,15.0,104,0.6574130938720704,False,REGULAR,USD,SMH,put,2026-07-24,0.057534246575342465,5.125,0.0018449819155661143,-0.0975312063020386,-67312.26758761452,592.2899780273438,-0.04540186788465472,2026-07-03
SMH260724P00495000,2026-07-02 16:20:02+00:00,495.0,5.58,4.65,6.6,2.9199998,109.77442,2.0,20,0.6496006719970704,False,REGULAR,USD,SMH,put,2026-07-24,0.057534246575342465,5.625,0.0019932716393287037,-0.10669654540743734,-13985.089546166211,592.2899780273438,-0.04540186788465472,2026-07-03
SMH260724P00500000,2026-07-02 19:09:34+00:00,500.0,7.5,5.15,7.05,3.35,80.722885,526.0,1317,0.6395299719238281,False,REGULAR,USD,SMH,put,2026-07-24,0.057534246575342465,6.1,0.0021477137263664703,-0.11586169749356023,-992272.4556554721,592.2899780273438,-0.04540186788465472,2026-07-03
SMH260724P00505000,2026-07-02 19:54:42+00:00,505.0,7.15,5.7,7.8,2.4500003,52.127666,72.0,66,0.6337927246093751,False,REGULAR,USD,SMH,put,2026-07-24,0.057534246575342465,6.75,0.002313658372978522,-0.12715937997219218,-53568.80232821085,592.2899780273438,-0.04540186788465472,2026-07-03
SMH260724P00510000,2026-07-02 19:53:42+00:00,510.0,7.89,6.2,8.45,3.52,80.5492,32.0,82,0.6240882318115235,False,REGULAR,USD,SMH,put,2026-07-24,0.057534246575342465,7.324999999999999,0.0024855180290867264,-0.1379697292743518,-71498.92931306116,592.2899780273438,-0.04540186788465472,2026-07-03
SMH260724P00515000,2026-07-02 16:07:36+00:00,515.0,8.78,6.85,9.25,3.4199996,63.80596,12.0,77,0.6173744317626955,False,REGULAR,USD,SMH,put,2026-07-24,0.057534246575342465,8.05,0.0026654745650641232,-0.15060712283263167,-72000.25525814272,592.2899780273438,-0.04540186788465472,2026-07-03
SMH260724P00520000,2026-07-02 19:11:07+00:00,520.0,10.28,7.6,10.05,4.3599997,73.64864,33.0,243,0.6102944244384767,False,REGULAR,USD,SMH,put,2026-07-24,0.057534246575342465,8.825,0.002851845442087609,-0.16400850969800773,-243108.99431557936,592.2899780273438,-0.04540186788465472,2026-07-03
SMH260724P00525000,2026-07-02 19:57:55+00:00,525.0,10.49,8.4,10.95,4.14,65.196846,49.0,217,0.6035195898437502,False,REGULAR,USD,SMH,put,2026-07-24,0.057534246575342465,9.675,0.0030435828369256577,-0.17843206585910343,-231693.38176585757,592.2899780273438,-0.04540186788465472,2026-07-03
SMH260724P00530000,2026-07-02 19:41:19+00:00,530.0,12.21,9.3,11.9,5.21,74.42857,134.0,576,0.5969278588867188,False,REGULAR,USD,SMH,put,2026-07-24,0.057534246575342465,10.600000000000001,0.003239578796384643,-0.19386531673138574,-654605.7253627966,592.2899780273438,-0.04540186788465472,2026-07-03
SMH260724P00535000,2026-07-02 19:38:55+00:00,535.0,12.26,10.35,12.95,7.3900003,151.74539,41.0,466,0.5914957843017579,False,REGULAR,USD,SMH,put,2026-07-24,0.057534246575342465,11.649999999999999,0.003435816121543595,-0.21064602548774558,-561674.3586764991,592.2899780273438,-0.04540186788465472,2026-07-03
SMH260724P00540000,2026-07-02 18:00:38+00:00,540.0,14.68,10.55,15.0,6.08,70.69767,14.0,124,0.5858500888061523,False,REGULAR,USD,SMH,put,2026-07-24,0.057534246575342465,12.775,0.0036333455845810755,-0.2283255258405984,-158050.96835261732,592.2899780273438,-0.04540186788465472,2026-07-03
SMH260724P00545000,2026-07-02 19:57:50+00:00,545.0,15.14,12.5,15.35,5.54,57.70833,997.0,48,0.5789226678466797,False,REGULAR,USD,SMH,put,2026-07-24,0.057534246575342465,13.925,0.0038355787283852936,-0.24659763649611055,-64586.37458473516,592.2899780273438,-0.04540186788465472,2026-07-03
SMH260724P00550000,2026-07-02 19:59:03+00:00,550.0,15.9,13.9,16.55,5.8999996,58.999996,562.0,375,0.5732464550781251,False,REGULAR,USD,SMH,put,2026-07-24,0.057534246575342465,15.225000000000001,0.00403139689306871,-0.2662367399759772,-530341.4757297864,592.2899780273438,-0.04540186788465472,2026-07-03
SMH260724P00552500,2026-07-02 19:54:42+00:00,552.5,16.75,13.7,18.5,6.3100004,60.440617,21.0,39,0.5742840423583984,False,REGULAR,USD,SMH,put,2026-07-24,0.057534246575342465,16.1,0.004107579315677447,-0.27745043761077126,-56197.8024760325,592.2899780273438,-0.04540186788465472,2026-07-03
SMH260724P00555000,2026-07-02 19:57:25+00:00,555.0,18.01,15.3,18.1,7.76,75.70731,25.0,252,0.5692181750488281,False,REGULAR,USD,SMH,put,2026-07-24,0.057534246575342465,16.700000000000003,0.0042140082340926515,-0.28726238493060197,-372532.9477803287,592.2899780273438,-0.04540186788465472,2026-07-03
SMH260724P00557500,2026-07-02 18:11:11+00:00,557.5,18.96,15.85,18.85,11.74,162.60388,1.0,24,0.5647016186523439,False,REGULAR,USD,SMH,put,2026-07-24,0.057534246575342465,17.35,0.004317406335681595,-0.29749401335103987,-36349.876065277516,592.2899780273438,-0.04540186788465472,2026-07-03
SMH260724P00560000,2026-07-02 19:53:36+00:00,560.0,19.9,16.8,19.6,8.07,68.21639,162.0,202,0.563602996826172,False,REGULAR,USD,SMH,put,2026-07-24,0.057534246575342465,18.200000000000003,0.004398502380761776,-0.30878495674562845,-311691.50724254636,592.2899780273438,-0.04540186788465472,2026-07-03
SMH260724P00562500,2026-07-02 18:24:26+00:00,562.5,21.22,16.75,21.5,8.799999,70.853455,8.0,33,0.5633893759155274,False,REGULAR,USD,SMH,put,2026-07-24,0.057534246575342465,19.125,0.00447046921784828,-0.3204383018943616,-51753.03420810798,592.2899780273438,-0.04540186788465472,2026-07-03
SMH260724P00565000,2026-07-02 19:50:00+00:00,565.0,21.73,18.4,21.25,8.98,70.431366,13.0,533,0.5583845431518556,False,REGULAR,USD,SMH,put,2026-07-24,0.057534246575342465,19.825,0.004572314314496569,-0.3312954640526292,-854932.9483565077,592.2899780273438,-0.04540186788465472,2026-07-03
SMH260724P00567500,2026-07-02 15:27:55+00:00,567.5,18.45,18.4,23.0,7.4800005,68.18597,7.0,14,0.5561567822265626,False,REGULAR,USD,SMH,put,2026-07-24,0.057534246575342465,20.7,0.004652574832371817,-0.34293891239939056,-22850.20870061174,592.2899780273438,-0.04540186788465472,2026-07-03
SMH260724P00570000,2026-07-02 18:05:24+00:00,570.0,23.97,20.1,23.0,10.07,72.446045,42.0,93,0.5529829858398438,False,REGULAR,USD,SMH,put,2026-07-24,0.057534246575342465,21.55,0.0047370681526745315,-0.3546211269870685,-154547.27425182672,592.2899780273438,-0.04540186788465472,2026-07-03
SMH260724P00572500,2026-07-02 19:23:50+00:00,572.5,25.59,20.75,23.9,16.34,176.64865,2.0,53,0.5479476358032228,False,REGULAR,USD,SMH,put,2026-07-24,0.057534246575342465,22.325,0.004833995503837965,-0.36625462366760364,-89877.47852857737,592.2899780273438,-0.04540186788465472,2026-07-03
SMH260724P00575000,2026-07-02 19:38:34+00:00,575.0,26.41,21.7,24.85,11.49,77.01072,45.0,656,0.5455672885131836,False,REGULAR,USD,SMH,put,2026-07-24,0.057534246575342465,23.275,0.0049065411459917555,-0.37850425009886324,-1129140.6763934596,592.2899780273438,-0.04540186788465472,2026-07-03
SMH260724P00577500,2026-07-02 16:50:20+00:00,577.5,25.77,22.15,26.85,13.160001,104.36163,2.0,33,0.5475509112548829,False,REGULAR,USD,SMH,put,2026-07-24,0.057534246575342465,24.5,0.004937175207568618,-0.39137656946986943,-57155.92367543576,592.2899780273438,-0.04540186788465472,2026-07-03
SMH260724P00580000,2026-07-02 19:59:16+00:00,580.0,26.32,23.65,26.85,11.17,73.72938,98.0,57,0.5405624557495119,False,REGULAR,USD,SMH,put,2026-07-24,0.057534246575342465,25.25,0.0050420502698315705,-0.40350096330201024,-100820.95230597815,592.2899780273438,-0.04540186788465472,2026-07-03
SMH260724P00582500,2026-07-02 18:24:55+00:00,582.5,29.65,24.45,27.9,12.859999,76.59319,27.0,9,0.5361984857177735,False,REGULAR,USD,SMH,put,2026-07-24,0.057534246575342465,26.174999999999997,0.00512090414363454,-0.4161350258985339,-16168.060447386759,592.2899780273438,-0.04540186788465472,2026-07-03
SMH260724P00585000,2026-07-02 19:56:12+00:00,585.0,29.57,25.5,29.0,11.42,62.920113,36.0,513,0.533909690246582,False,REGULAR,USD,SMH,put,2026-07-24,0.057534246575342465,27.25,0.005176184724408172,-0.4290836806240147,-931527.9712979337,592.2899780273438,-0.04540186788465472,2026-07-03
SMH260724P00587500,2026-07-02 14:28:00+00:00,587.5,21.35,26.35,31.0,3.6599998,20.689655,21.0,14,0.5371750384521485,False,REGULAR,USD,SMH,put,2026-07-24,0.057534246575342465,28.675,0.005172635118113265,-0.4422347124061382,-25404.38278576747,592.2899780273438,-0.04540186788465472,2026-07-03
SMH260724P00590000,2026-07-02 19:57:50+00:00,590.0,31.14,27.7,31.25,12.029999,62.951324,71.0,65,0.5290269265747071,False,REGULAR,USD,SMH,put,2026-07-24,0.057534246575342465,29.475,0.005274792622799711,-0.45536768020648977,-120278.36475639757,592.2899780273438,-0.04540186788465472,2026-07-03
SMH260724P00592500,2026-07-02 19:48:31+00:00,592.5,34.62,28.75,33.05,14.689999,73.70797,23.0,21,0.5311631356811525,True,REGULAR,USD,SMH,put,2026-07-24,0.057534246575342465,30.9,0.005270233806535653,-0.4685227796815935,-38825.579400396564,592.2899780273438,-0.04540186788465472,2026-07-03
SMH260724P00595000,2026-07-02 19:54:59+00:00,595.0,33.15,30.65,33.65,11.890001,55.92663,686.0,67,0.5297288238525393,True,REGULAR,USD,SMH,put,2026-07-24,0.057534246575342465,32.15,0.005295476478383781,-0.48176848266285455,-124465.39286633824,592.2899780273438,-0.04540186788465472,2026-07-03
SMH260724P00597500,2026-07-02 18:22:21+00:00,597.5,36.9,31.55,34.85,15.140001,69.57721,52.0,84,0.5242662319946289,True,REGULAR,USD,SMH,put,2026-07-24,0.057534246575342465,33.2,0.005355890646582172,-0.49539935346832586,-157826.4382129253,592.2899780273438,-0.04540186788465472,2026-07-03
SMH260724P00600000,2026-07-02 19:54:59+00:00,600.0,36.8,32.65,36.0,14.449999,64.65324,153.0,556,0.5195665719604492,True,REGULAR,USD,SMH,put,2026-07-24,0.057534246575342465,34.325,0.005403266667507053,-0.5091745572666545,-1053901.3520020454,592.2899780273438,-0.04540186788465472,2026-07-03
SMH260724P00602500,2026-07-02 16:37:56+00:00,602.5,38.35,33.6,38.05,18.369999,91.94194,48.0,35,0.5207872628784179,True,REGULAR,USD,SMH,put,2026-07-24,0.057534246575342465,35.825,0.005383598012355402,-0.5223047576685977,-66101.21415274878,592.2899780273438,-0.04540186788465472,2026-07-03
SMH260724P00605000,2026-07-02 18:34:32+00:00,605.0,39.45,35.4,38.8,20.75,110.962555,8.0,385,0.5175524319458008,True,REGULAR,USD,SMH,put,2026-07-24,0.057534246575342465,37.099999999999994,0.005403593582454556,-0.5360241623011218,-729813.974493188,592.2899780273438,-0.04540186788465472,2026-07-03
SMH260724P00607500,2026-07-02 18:22:54+00:00,607.5,42.7,36.5,41.0,19.300001,82.47864,23.0,38,0.5202684692382812,True,REGULAR,USD,SMH,put,2026-07-24,0.057534246575342465,38.75,0.005357160318518415,-0.5486870435479785,-71414.60002233925,592.2899780273438,-0.04540186788465472,2026-07-03
SMH260724P00610000,2026-07-02 19:46:13+00:00,610.0,44.5,38.15,41.6,16.81,60.707832,16.0,583,0.51328001373291,True,REGULAR,USD,SMH,put,2026-07-24,0.057534246575342465,39.875,0.0054021247595605,-0.5631872572027489,-1104846.4709383126,592.2899780273438,-0.04540186788465472,2026-07-03
SMH260724P00612500,2026-07-02 18:39:07+00:00,612.5,44.9,39.95,43.0,26.560001,144.82007,4.0,76,0.5140429455566407,True,REGULAR,USD,SMH,put,2026-07-24,0.057534246575342465,41.475,0.005363202770201429,-0.5760533783821287,-142990.30004708277,592.2899780273438,-0.04540186788465472,2026-07-03
SMH260724P00615000,2026-07-02 16:50:20+00:00,615.0,45.02,41.05,44.5,16.04,55.348522,30.0,144,0.5089465609741212,True,REGULAR,USD,SMH,put,2026-07-24,0.057534246575342465,42.775,0.0053755150152594855,-0.5903024866220251,-271550.95823641913,592.2899780273438,-0.04540186788465472,2026-07-03
SMH260724P00617500,2026-07-02 16:30:35+00:00,617.5,46.0,42.0,46.4,16.13,54.000664,18.0,47,0.50546759185791,True,REGULAR,USD,SMH,put,2026-07-24,0.057534246575342465,44.2,0.005364914774643439,-0.6041840381817434,-88456.43931254961,592.2899780273438,-0.04540186788465472,2026-07-03
SMH260724P00620000,2026-07-02 18:39:07+00:00,620.0,49.77,43.7,48.1,17.310001,53.32718,29.0,1215,0.5063525927734375,True,REGULAR,USD,SMH,put,2026-07-24,0.057534246575342465,45.900000000000006,0.0053068012826890205,-0.6166846231466454,-2261923.2862822185,592.2899780273438,-0.04540186788465472,2026-07-03
SMH260724P00622500,2026-07-02 17:30:57+00:00,622.5,51.93,45.0,49.85,21.880001,72.81198,1.0,28,0.503483969116211,True,REGULAR,USD,SMH,put,2026-07-24,0.057534246575342465,47.425,0.0052774199146041366,-0.6302393804841926,-51838.025521018426,592.2899780273438,-0.04540186788465472,2026-07-03
SMH260724P00625000,2026-07-02 18:58:41+00:00,625.0,52.65,46.65,51.4,17.710003,50.6869,30.0,108,0.5014393118286133,True,REGULAR,USD,SMH,put,2026-07-24,0.057534246575342465,49.025,0.005234097205667182,-0.6434358437603184,-198305.29367885282,592.2899780273438,-0.04540186788465472,2026-07-03
SMH260724P00627500,2026-07-01 19:05:16+00:00,627.5,34.25,48.1,53.0,0.0,0.0,16.0,36,0.5429428030395509,True,REGULAR,USD,SMH,put,2026-07-24,0.057534246575342465,50.55,0.004846377044621874,-0.640812734710942,-61205.220648915216,592.2899780273438,-0.04540186788465472,2026-07-03
SMH260724P00630000,2026-07-02 17:45:17+00:00,630.0,57.98,50.0,54.8,20.82,56.027985,12.0,265,0.5440109075927735,True,REGULAR,USD,SMH,put,2026-07-24,0.057534246575342465,52.4,0.004783581195591024,-0.6517832621424854,-444700.678615743,592.2899780273438,-0.04540186788465472,2026-07-03
SMH260724P00632500,2026-07-01 16:46:47+00:00,632.5,35.92,51.55,56.5,0.0,0.0,27.0,64,0.5427596994018556,True,REGULAR,USD,SMH,put,2026-07-24,0.057534246575342465,54.025,0.004733456819839687,-0.6633998520951743,-106274.032993377,592.2899780273438,-0.04540186788465472,2026-07-03
SMH260724P00635000,2026-07-02 15:02:11+00:00,635.0,48.5,53.1,58.0,16.310001,50.66792,416.0,530,0.5371750384521485,True,REGULAR,USD,SMH,put,2026-07-24,0.057534246575342465,55.55,0.004706799742974195,-0.6765621472953054,-875125.5405628876,592.2899780273438,-0.04540186788465472,2026-07-03
SMH260724P00637500,2026-07-01 16:56:36+00:00,637.5,39.2,55.0,59.95,0.0,0.0,14.0,19,0.5396469375610352,True,REGULAR,USD,SMH,put,2026-07-24,0.057534246575342465,57.475,0.004624464405315275,-0.6864357722575927,-30823.631941863463,592.2899780273438,-0.04540186788465472,2026-07-03
SMH260724P00640000,2026-07-02 15:10:28+00:00,640.0,54.44,56.6,61.5,14.09,34.919456,2.0,260,0.5338486557006835,True,REGULAR,USD,SMH,put,2026-07-24,0.057534246575342465,59.05,0.004587704757172137,-0.699517138754371,-418444.22379200946,592.2899780273438,-0.04540186788465472,2026-07-03
SMH260724P00642500,2026-06-30 18:48:54+00:00,642.5,27.26,58.6,63.15,0.0,0.0,30.0,89,0.5293626165771486,True,REGULAR,USD,SMH,put,2026-07-24,0.057534246575342465,60.875,0.004536795013933155,-0.711997346112699,-141647.1797190745,592.2899780273438,-0.04540186788465472,2026-07-03
SMH260724P00645000,2026-07-02 18:31:59+00:00,645.0,66.56,60.65,65.0,25.129997,60.656525,4.0,62,0.5283250292968751,True,REGULAR,USD,SMH,put,2026-07-24,0.057534246575342465,62.825,0.0044628161820767535,-0.7228140081932569,-97066.51937408377,592.2899780273438,-0.04540186788465472,2026-07-03
SMH260724P00647500,2026-07-01 13:42:31+00:00,647.5,41.75,62.05,67.0,0.0,0.0,6.0,34,0.5299424447631836,True,REGULAR,USD,SMH,put,2026-07-24,0.057534246575342465,64.525,0.004373779655889421,-0.7321942972592631,-52168.04784209107,592.2899780273438,-0.04540186788465472,2026-07-03
SMH260724P00650000,2026-07-01 18:53:11+00:00,650.0,49.5,64.25,69.0,0.0,0.0,34.0,233,0.5311326184082032,True,REGULAR,USD,SMH,put,2026-07-24,0.057534246575342465,66.625,0.00428566162943588,-0.7415197272453773,-350301.96059159737,592.2899780273438,-0.04540186788465472,2026-07-03
SMH260724P00652500,2026-07-02 16:54:02+00:00,652.5,71.95,66.15,70.8,31.849998,79.42643,1.0,20,0.5275315802001954,True,REGULAR,USD,SMH,put,2026-07-24,0.057534246575342465,68.475,0.0042137586312506565,-0.7529068462637483,-29564.35571612188,592.2899780273438,-0.04540186788465472,2026-07-03
SMH260724P00655000,2026-07-02 17:30:57+00:00,655.0,75.99,68.0,72.95,32.989998,76.720924,1.0,41,0.5310715838623048,True,REGULAR,USD,SMH,put,2026-07-24,0.057534246575342465,70.475,0.0041145701718158356,-0.7606150322251373,-59180.29127641974,592.2899780273438,-0.04540186788465472,2026-07-03
SMH260724P00657500,2026-07-01 15:16:58+00:00,657.5,48.7,70.0,75.0,0.0,0.0,3.0,63,0.5320481365966796,True,REGULAR,USD,SMH,put,2026-07-24,0.057534246575342465,72.5,0.004023853387811593,-0.769316932586242,-88930.6499136492,592.2899780273438,-0.04540186788465472,2026-07-03
SMH260724P00660000,2026-07-02 18:31:59+00:00,660.0,78.39,72.0,76.5,27.380001,53.675755,2.0,29,0.5198412274169921,True,REGULAR,USD,SMH,put,2026-07-24,0.057534246575342465,74.25,0.003962295746748879,-0.784445181644296,-40310.07947604224,592.2899780273438,-0.04540186788465472,2026-07-03
SMH260724P00662500,2026-06-30 19:53:21+00:00,662.5,81.3,74.0,78.95,44.850002,123.045265,1.0,23,0.5291795129394532,True,REGULAR,USD,SMH,put,2026-07-24,0.057534246575342465,76.475,0.003850340562201913,-0.788424535190924,-31066.744720418115,592.2899780273438,-0.04540186788465472,2026-07-03
SMH260724P00665000,2026-06-30 19:53:21+00:00,665.0,83.37,76.0,81.0,45.670002,121.14059,1.0,33,0.5287827883911134,True,REGULAR,USD,SMH,put,2026-07-24,0.057534246575342465,78.5,0.003758826468120219,-0.7971144740229349,-43514.59887259859,592.2899780273438,-0.04540186788465472,2026-07-03
SMH260724P00670000,2026-07-02 18:46:46+00:00,670.0,88.6,80.05,85.0,46.649998,111.203804,3.0,433,0.5239305419921875,True,REGULAR,USD,SMH,put,2026-07-24,0.057534246575342465,82.525,0.003575320316584491,-0.8158952968958813,-543089.7689543428,592.2899780273438,-0.04540186788465472,2026-07-03
SMH260724P00675000,2026-07-01 16:00:20+00:00,675.0,62.1,84.05,89.0,0.0,0.0,4.0,19,0.516606396484375,True,REGULAR,USD,SMH,put,2026-07-24,0.057534246575342465,86.525,0.003381412032524667,-0.8350610348583056,-22538.264066760188,592.2899780273438,-0.04540186788465472,2026-07-03
SMH260724P00680000,2026-06-30 14:36:12+00:00,680.0,49.65,88.55,93.5,0.0,0.0,2.0,14,0.52109243560791,True,REGULAR,USD,SMH,put,2026-07-24,0.057534246575342465,91.025,0.0031902637297320053,-0.8470694712936532,-15668.354547928004,592.2899780273438,-0.04540186788465472,2026-07-03
SMH260724P00685000,2026-07-01 16:00:23+00:00,685.0,69.3,93.0,98.0,0.0,0.0,2.0,21,0.5242357147216796,True,REGULAR,USD,SMH,put,2026-07-24,0.057534246575342465,95.5,0.0030046770438181595,-0.8588832334523359,-22135.32291349996,592.2899780273438,-0.04540186788465472,2026-07-03
SMH260724P00690000,2026-07-02 16:41:32+00:00,690.0,101.7,97.7,102.4,47.299995,86.94852,2.0,1,0.5227708856201172,True,REGULAR,USD,SMH,put,2026-07-24,0.057534246575342465,100.05000000000001,0.002815385628956527,-0.8721639391222021,-987.6581633702151,592.2899780273438,-0.04540186788465472,2026-07-03
SMH260724P00700000,2026-07-01 16:49:19+00:00,700.0,81.1,106.5,111.5,0.0,0.0,2.0,3,0.5246629565429688,True,REGULAR,USD,SMH,put,2026-07-24,0.057534246575342465,109.0,0.002461257626648399,-0.8937027111517806,-2590.2822996409077,592.2899780273438,-0.04540186788465472,2026-07-03
SMH260724P00705000,2026-06-24 15:04:24+00:00,705.0,91.3,111.0,116.0,0.0,0.0,0.0,1,0.5211839874267576,True,REGULAR,USD,SMH,put,2026-07-24,0.057534246575342465,113.5,0.0022767768243332513,-0.9053333924129006,-798.710199269676,592.2899780273438,-0.04540186788465472,2026-07-03
SMH260724P00715000,2026-06-12 16:23:20+00:00,715.0,106.5,120.5,125.5,0.0,0.0,0.0,11,0.5300339965820313,True,REGULAR,USD,SMH,put,2026-07-24,0.057534246575342465,123.0,0.0019902808748531045,-0.9191412621158184,-7680.258244390219,592.2899780273438,-0.04540186788465472,2026-07-03
SMH260724P00750000,2026-06-11 15:44:27+00:00,750.0,165.3,154.5,159.5,0.0,0.0,0.0,1,0.572391971435547,True,REGULAR,USD,SMH,put,2026-07-24,0.057534246575342465,157.0,0.00129091284257354,-0.9488777395324333,-452.8618012587339,592.2899780273438,-0.04540186788465472,2026-07-03
SMH260724P00760000,2026-06-16 14:20:19+00:00,760.0,123.5,164.5,169.0,0.0,0.0,1.0,1,0.5618940295410157,True,REGULAR,USD,SMH,put,2026-07-24,0.057534246575342465,166.75,0.001051908840687225,-0.9612528993569016,-369.01742444820843,592.2899780273438,-0.04540186788465472,2026-07-03
SMH260731C00400000,2026-06-22 19:29:14+00:00,400.0,266.25,194.5,199.0,0.0,0.0,6.0,7,0.9688723815917968,True,REGULAR,USD,SMH,call,2026-07-31,0.07671232876712329,196.75,0.000688561735495906,0.9461237646061436,1690.8679522856826,592.2899780273438,-0.04540186788465472,2026-07-03
SMH260731C00405000,2026-07-02 18:12:43+00:00,405.0,187.79,189.5,194.45,-46.930008,-19.994038,1.0,1,0.9552006433105469,True,REGULAR,USD,SMH,call,2026-07-31,0.07671232876712329,191.975,0.0007300120764529513,0.9430186175853337,256.0936517015702,592.2899780273438,-0.04540186788465472,2026-07-03
SMH260731C00420000,2026-07-02 18:12:43+00:00,420.0,173.41,175.0,180.0,-46.190002,-21.033699,1.0,1,0.9052133502197266,True,REGULAR,USD,SMH,call,2026-07-31,0.07671232876712329,177.5,0.00086093647767153,0.934303636868503,302.0229028556342,592.2899780273438,-0.04540186788465472,2026-07-03
SMH260731C00425000,2026-07-02 18:12:43+00:00,425.0,168.7,170.05,175.0,-64.229996,-27.574808,1.0,3,0.8815929809570311,True,REGULAR,USD,SMH,call,2026-07-31,0.07671232876712329,172.525,0.0009036973556094987,0.9324064505136488,951.0712081185874,592.2899780273438,-0.04540186788465472,2026-07-03
SMH260731C00430000,2026-06-18 14:10:45+00:00,430.0,228.09,165.5,170.45,0.0,0.0,5.0,6,0.875977802734375,True,REGULAR,USD,SMH,call,2026-07-31,0.07671232876712329,167.975,0.0009649923891405677,0.9269942724870012,2031.1589309590652,592.2899780273438,-0.04540186788465472,2026-07-03
SMH260731C00445000,2026-06-29 14:47:59+00:00,445.0,168.0,151.05,156.0,0.0,0.0,1.0,0,0.8234880932617187,True,REGULAR,USD,SMH,call,2026-07-31,0.07671232876712329,153.525,0.001137880468590482,0.9163744580062552,0.0,592.2899780273438,-0.04540186788465472,2026-07-03
SMH260731C00450000,2026-06-23 17:12:35+00:00,450.0,182.58,146.5,151.45,0.0,0.0,1.0,31,0.8151263604736327,True,REGULAR,USD,SMH,call,2026-07-31,0.07671232876712329,148.975,0.0012100527626043918,0.9104351661251412,13159.360046770431,592.2899780273438,-0.04540186788465472,2026-07-03
SMH260731C00455000,2026-06-26 18:02:08+00:00,455.0,166.65,142.0,146.5,0.0,0.0,1.0,1,0.7998677239990235,True,REGULAR,USD,SMH,call,2026-07-31,0.07671232876712329,144.25,0.001280772816616293,0.9057322148327345,449.3046049334927,592.2899780273438,-0.04540186788465472,2026-07-03
SMH260731C00460000,2026-07-02 17:46:11+00:00,460.0,132.63,137.05,142.0,-75.95999,-36.41593,2.0,6,0.7842428802490236,True,REGULAR,USD,SMH,call,2026-07-31,0.07671232876712329,139.525,0.0013556014665820127,0.9008544346786586,2853.3303025545165,592.2899780273438,-0.04540186788465472,2026-07-03
SMH260731C00470000,2026-06-22 13:45:17+00:00,470.0,200.73,128.0,133.0,0.0,0.0,0.0,1,0.7648949291992189,True,REGULAR,USD,SMH,call,2026-07-31,0.07671232876712329,130.5,0.0015252678041053002,0.8872503824417778,535.0752602259671,592.2899780273438,-0.04540186788465472,2026-07-03
SMH260731C00475000,2026-06-24 17:38:31+00:00,475.0,144.43,123.5,128.45,0.0,0.0,1.0,1,0.7536645727539062,True,REGULAR,USD,SMH,call,2026-07-31,0.07671232876712329,125.975,0.0016155461888252207,0.8802558284733822,566.7455872772398,592.2899780273438,-0.04540186788465472,2026-07-03
SMH260731C00480000,2026-06-23 15:33:35+00:00,480.0,153.24,119.0,123.95,0.0,0.0,0.0,2,0.7423121472167968,True,REGULAR,USD,SMH,call,2026-07-31,0.07671232876712329,121.475,0.0017103087563252503,0.8728894338667382,1199.9779978235279,592.2899780273438,-0.04540186788465472,2026-07-03
SMH260731C00500000,2026-07-02 17:53:03+00:00,500.0,95.95,101.5,106.5,-40.770004,-29.820072,1.0,12,0.7026396923828125,True,REGULAR,USD,SMH,call,2026-07-31,0.07671232876712329,104.0,0.0021339412154836182,0.8373120748290528,8983.228897445362,592.2899780273438,-0.04540186788465472,2026-07-03
SMH260731C00505000,2026-06-15 13:30:23+00:00,505.0,147.0,97.5,102.5,0.0,0.0,0.0,1,0.6989776196289064,True,REGULAR,USD,SMH,call,2026-07-31,0.07671232876712329,100.0,0.00224467307059164,0.8254171633279499,787.447964309174,592.2899780273438,-0.04540186788465472,2026-07-03
SMH260731C00515000,2026-06-24 18:42:14+00:00,515.0,111.8,89.05,94.0,0.0,0.0,0.0,1,0.6776155285644532,True,REGULAR,USD,SMH,call,2026-07-31,0.07671232876712329,91.525,0.002489617222148634,0.8037893447096355,873.3761896886292,592.2899780273438,-0.04540186788465472,2026-07-03
SMH260731C00520000,2026-06-23 14:40:02+00:00,520.0,122.56,85.0,90.0,0.0,0.0,0.0,1,0.6699251757812501,True,REGULAR,USD,SMH,call,2026-07-31,0.07671232876712329,87.5,0.0026130731767859835,0.7912706290145886,916.6854543805264,592.2899780273438,-0.04540186788465472,2026-07-03
SMH260731C00525000,2026-06-29 16:10:58+00:00,525.0,113.19,81.5,85.35,0.0,0.0,1.0,3,0.6600986138916016,True,REGULAR,USD,SMH,call,2026-07-31,0.07671232876712329,83.425,0.002743556710638606,0.7787044593162828,2887.380137976681,592.2899780273438,-0.04540186788465472,2026-07-03
SMH260731C00530000,2026-07-01 14:16:14+00:00,530.0,115.13,77.6,81.45,0.0,0.0,1.0,5,0.6526523992919924,True,REGULAR,USD,SMH,call,2026-07-31,0.07671232876712329,79.525,0.002871061142499388,0.7648756371315308,5035.947732629992,592.2899780273438,-0.04540186788465472,2026-07-03
SMH260731C00540000,2026-07-02 18:43:23+00:00,540.0,68.45,70.0,73.9,-23.730003,-25.743114,1.0,2,0.63827876373291,True,REGULAR,USD,SMH,call,2026-07-31,0.07671232876712329,71.95,0.0031270616240914187,0.7351862985029549,2193.9928289967856,592.2899780273438,-0.04540186788465472,2026-07-03
SMH260731C00545000,2026-06-22 13:45:17+00:00,545.0,132.48,66.35,70.25,0.0,0.0,0.0,1,0.6316870327758789,True,REGULAR,USD,SMH,call,2026-07-31,0.07671232876712329,68.3,0.003252644583109797,0.7192516226567754,1141.0518481054255,592.2899780273438,-0.04540186788465472,2026-07-03
SMH260731C00550000,2026-07-02 18:21:31+00:00,550.0,60.7,62.95,66.55,-39.329998,-39.318203,1.0,193,0.6255225436401368,True,REGULAR,USD,SMH,call,2026-07-31,0.07671232876712329,64.75,0.0033749103569056804,0.7026070366761432,228501.11258615289,592.2899780273438,-0.04540186788465472,2026-07-03
SMH260731C00560000,2026-07-02 18:21:31+00:00,560.0,54.05,55.95,59.85,-21.250004,-28.220457,1.0,3,0.6133766690063477,True,REGULAR,USD,SMH,call,2026-07-31,0.07671232876712329,57.900000000000006,0.0036099862778959787,0.6674879315416229,3799.2298962681207,592.2899780273438,-0.04540186788465472,2026-07-03
SMH260731C00562500,2026-06-29 14:30:39+00:00,562.5,70.53,54.3,58.2,0.0,0.0,2.0,4,0.6105080453491213,True,REGULAR,USD,SMH,call,2026-07-31,0.07671232876712329,56.25,0.0036654333257912035,0.6583200323194723,5143.4448045381,592.2899780273438,-0.04540186788465472,2026-07-03
SMH260731C00567500,2026-06-15 15:07:20+00:00,567.5,96.95,51.1,55.0,0.0,0.0,0.0,4,0.6053201089477541,True,REGULAR,USD,SMH,call,2026-07-31,0.07671232876712329,53.05,0.0037692889259830892,0.6395105033485746,5289.17806436048,592.2899780273438,-0.04540186788465472,2026-07-03
SMH260731C00570000,2026-07-02 17:08:39+00:00,570.0,48.5,49.55,53.2,-26.5,-35.333332,1.0,2,0.6009866561889651,True,REGULAR,USD,SMH,call,2026-07-31,0.07671232876712329,51.375,0.0038293667288733946,0.6300984935211758,2686.7405100109686,592.2899780273438,-0.04540186788465472,2026-07-03
SMH260731C00572500,2026-06-24 15:31:43+00:00,572.5,73.5,48.0,51.9,0.0,0.0,0.0,1,0.6002542416381836,True,REGULAR,USD,SMH,call,2026-07-31,0.07671232876712329,49.95,0.0038661261375411587,0.6201949332977679,1356.2657282500627,592.2899780273438,-0.04540186788465472,2026-07-03
SMH260731C00575000,2026-06-24 19:06:54+00:00,575.0,64.45,46.5,50.15,0.0,0.0,0.0,2,0.5960428579711915,True,REGULAR,USD,SMH,call,2026-07-31,0.07671232876712329,48.325,0.003922558538744279,0.6104875928257937,2752.1252664234235,592.2899780273438,-0.04540186788465472,2026-07-03
SMH260731C00582500,2026-07-02 19:27:18+00:00,582.5,40.59,42.15,45.8,-25.95,-38.9991,2.0,2,0.5893290579223633,True,REGULAR,USD,SMH,call,2026-07-31,0.07671232876712329,43.974999999999994,0.004042768169558735,0.5802460087502228,2836.4661268501495,592.2899780273438,-0.04540186788465472,2026-07-03
SMH260731C00585000,2026-07-02 19:20:33+00:00,585.0,38.23,40.75,44.6,-38.710003,-50.311935,4.0,3,0.5886271606445312,True,REGULAR,USD,SMH,call,2026-07-31,0.07671232876712329,42.675,0.004067742197188372,0.5699712626941442,4280.982412730032,592.2899780273438,-0.04540186788465472,2026-07-03
SMH260731C00587500,2026-07-02 18:57:56+00:00,587.5,39.15,39.4,43.0,-20.269997,-34.113087,3.0,9,0.5849040533447265,True,REGULAR,USD,SMH,call,2026-07-31,0.07671232876712329,41.2,0.004111197977461235,0.5596435029598459,12980.148728890395,592.2899780273438,-0.04540186788465472,2026-07-03
SMH260731C00590000,2026-07-02 18:32:47+00:00,590.0,38.8,38.05,41.7,-45.88,-54.180443,20.0,41,0.5830730169677734,True,REGULAR,USD,SMH,call,2026-07-31,0.07671232876712329,39.875,0.004139001270975666,0.5492374084125174,59531.68631991314,592.2899780273438,-0.04540186788465472,2026-07-03
SMH260731C00592500,2026-07-02 19:59:45+00:00,592.5,38.28,36.75,40.35,-20.77,-35.173584,5.0,1,0.5808757733154297,False,REGULAR,USD,SMH,call,2026-07-31,0.07671232876712329,38.55,0.004166808606582273,0.538760489810001,1461.7473688737791,592.2899780273438,-0.04540186788465472,2026-07-03
SMH260731C00595000,2026-07-02 19:49:16+00:00,595.0,34.49,35.6,38.0,-19.629997,-36.271244,12.0,1,0.5719036950683594,False,REGULAR,USD,SMH,call,2026-07-31,0.07671232876712329,36.8,0.004241931973222007,0.5278044825165381,1488.1012031615128,592.2899780273438,-0.04540186788465472,2026-07-03
SMH260731C00597500,2026-07-02 18:00:37+00:00,597.5,32.3,34.25,37.8,-29.420002,-47.666885,11.0,1,0.5772442178344727,False,REGULAR,USD,SMH,call,2026-07-31,0.07671232876712329,36.025,0.004208780950292184,0.5176887816170722,1476.4715784010682,592.2899780273438,-0.04540186788465472,2026-07-03
SMH260731C00600000,2026-07-02 20:02:41+00:00,600.0,35.0,33.1,36.4,-19.05,-35.24514,205.0,18,0.5746502496337891,False,REGULAR,USD,SMH,call,2026-07-31,0.07671232876712329,34.75,0.004231284561244143,0.5070211076408254,26718.58821701544,592.2899780273438,-0.04540186788465472,2026-07-03
SMH260731C00605000,2026-07-02 17:06:49+00:00,605.0,31.0,30.6,34.2,-24.740002,-44.384644,4.0,13,0.5713543841552735,False,REGULAR,USD,SMH,call,2026-07-31,0.07671232876712329,32.400000000000006,0.004253647249002659,0.4857785226971282,19398.743114531564,592.2899780273438,-0.04540186788465472,2026-07-03
SMH260731C00610000,2026-07-02 19:19:11+00:00,610.0,26.83,29.0,31.65,-43.839996,-62.034805,107.0,122,0.5706524868774415,False,REGULAR,USD,SMH,call,2026-07-31,0.07671232876712329,30.325,0.004245130235475133,0.46495105376153517,181685.22762875143,592.2899780273438,-0.04540186788465472,2026-07-03
SMH260731C00612500,2026-07-02 18:02:45+00:00,612.5,25.1,27.25,30.85,-27.390001,-52.18137,3.0,16,0.5661664477539063,False,REGULAR,USD,SMH,call,2026-07-31,0.07671232876712329,29.05,0.00426655456256406,0.45382837536859183,23947.82384247738,592.2899780273438,-0.04540186788465472,2026-07-03
SMH260731C00615000,2026-07-02 19:46:10+00:00,615.0,25.95,26.15,30.5,-23.95,-47.995995,119.0,52,0.569614899597168,False,REGULAR,USD,SMH,call,2026-07-31,0.07671232876712329,28.325,0.004227620547066863,0.4442671911263041,77120.19373256138,592.2899780273438,-0.04540186788465472,2026-07-03
SMH260731C00617500,2026-07-02 15:14:08+00:00,617.5,30.2,25.2,28.75,-35.3,-53.89313,2.0,18,0.563206272277832,False,REGULAR,USD,SMH,call,2026-07-31,0.07671232876712329,26.975,0.004256313118088267,0.4326837851001477,26876.631878297263,592.2899780273438,-0.04540186788465472,2026-07-03
SMH260731C00620000,2026-07-02 19:16:06+00:00,620.0,23.45,24.2,27.75,-17.05,-42.098763,89.0,109,0.5617109259033204,False,REGULAR,USD,SMH,call,2026-07-31,0.07671232876712329,25.975,0.004246740700610591,0.4221555656229516,162386.90730369944,592.2899780273438,-0.04540186788465472,2026-07-03
SMH260731C00622500,2026-07-02 18:32:09+00:00,622.5,24.25,23.2,26.5,-15.75,-39.375,48.0,34,0.5579267840576172,False,REGULAR,USD,SMH,call,2026-07-31,0.07671232876712329,24.85,0.0042500266322922885,0.4110646783061236,50691.98956674437,592.2899780273438,-0.04540186788465472,2026-07-03
SMH260731C00625000,2026-07-02 19:15:37+00:00,625.0,21.7,22.15,26.5,-17.95,-45.271122,6.0,54,0.5630536859130859,False,REGULAR,USD,SMH,call,2026-07-31,0.07671232876712329,24.325,0.004189288494853261,0.40243576232285083,79360.20794357981,592.2899780273438,-0.04540186788465472,2026-07-03
SMH260731C00627500,2026-07-02 15:17:40+00:00,627.5,24.9,21.35,24.85,-14.000002,-35.98972,2.0,17,0.5569197140502932,False,REGULAR,USD,SMH,call,2026-07-31,0.07671232876712329,23.1,0.004201903286345935,0.39075303201187295,25059.00032878524,592.2899780273438,-0.04540186788465472,2026-07-03
SMH260731C00630000,2026-07-02 18:29:15+00:00,630.0,21.0,20.45,23.95,-14.049999,-40.08559,20.0,108,0.5554854022216797,False,REGULAR,USD,SMH,call,2026-07-31,0.07671232876712329,22.2,0.004179852899198092,0.3804440722233056,158362.9275765858,592.2899780273438,-0.04540186788465472,2026-07-03
SMH260731C00632500,2026-07-02 15:17:39+00:00,632.5,23.0,19.6,23.05,-23.5,-50.537636,8.0,13,0.5540205731201173,False,REGULAR,USD,SMH,call,2026-07-31,0.07671232876712329,21.325000000000003,0.004155068020373941,0.3701956804176013,18949.17289381203,592.2899780273438,-0.04540186788465472,2026-07-03
SMH260731C00635000,2026-07-02 16:32:21+00:00,635.0,20.12,18.75,22.0,-13.879999,-40.82353,10.0,80,0.5509993630981446,False,REGULAR,USD,SMH,call,2026-07-31,0.07671232876712329,20.375,0.004136897678606663,0.3594835149856773,116100.35147668229,592.2899780273438,-0.04540186788465472,2026-07-03
SMH260731C00637500,2026-07-02 17:22:33+00:00,637.5,18.6,17.95,21.15,-14.67,-44.09378,13.0,28,0.5495955685424806,False,REGULAR,USD,SMH,call,2026-07-31,0.07671232876712329,19.549999999999997,0.004105674395332612,0.3493925379349718,40328.42895394433,592.2899780273438,-0.04540186788465472,2026-07-03
SMH260731C00640000,2026-07-02 19:29:42+00:00,640.0,17.28,17.15,20.35,-15.3899975,-47.107433,37.0,31,0.5481917739868166,False,REGULAR,USD,SMH,call,2026-07-31,0.07671232876712329,18.75,0.00407165548969335,0.3393934957539204,44279.37543811174,592.2899780273438,-0.04540186788465472,2026-07-03
SMH260731C00642500,2026-06-25 19:27:34+00:00,642.5,29.85,16.4,19.55,-10.629999,-26.259878,1.0,1,0.5468184967041017,False,REGULAR,USD,SMH,call,2026-07-31,0.07671232876712329,17.975,0.004034734434671823,0.3295046029534009,1415.414769631925,592.2899780273438,-0.04540186788465472,2026-07-03
SMH260731C00645000,2026-07-02 19:29:42+00:00,645.0,15.58,15.65,19.05,-14.84,-48.783695,23.0,14,0.5476119458007813,False,REGULAR,USD,SMH,call,2026-07-31,0.07671232876712329,17.35,0.003983913222474575,0.3205980446300663,19566.208359568333,592.2899780273438,-0.04540186788465472,2026-07-03
SMH260731C00647500,2026-07-02 16:00:46+00:00,647.5,17.98,14.9,18.3,-10.890001,-37.72082,2.0,29,0.5459029785156251,False,REGULAR,USD,SMH,call,2026-07-31,0.07671232876712329,16.6,0.003943967764786093,0.31081360285153625,40123.62130714822,592.2899780273438,-0.04540186788465472,2026-07-03
SMH260731C00650000,2026-07-02 19:53:02+00:00,650.0,15.0,14.5,17.25,-12.5,-45.454548,318.0,63,0.5442855630493165,False,REGULAR,USD,SMH,call,2026-07-31,0.07671232876712329,15.875,0.0039009317192848373,0.30117527275871014,86213.97442451073,592.2899780273438,-0.04540186788465472,2026-07-03
SMH260731C00655000,2026-07-02 17:57:06+00:00,655.0,13.22,12.95,16.25,-13.509999,-50.54246,7.0,16,0.5429122857666018,False,REGULAR,USD,SMH,call,2026-07-31,0.07671232876712329,14.6,0.00379968738346504,0.2830914944308015,21327.336327563575,592.2899780273438,-0.04540186788465472,2026-07-03
SMH260731C00657500,2026-06-30 19:30:37+00:00,657.5,40.96,12.3,15.6,0.0,0.0,1.0,5,0.5414474566650394,False,REGULAR,USD,SMH,call,2026-07-31,0.07671232876712329,13.95,0.0037492267788672823,0.27390561531521707,6576.282830297253,592.2899780273438,-0.04540186788465472,2026-07-03
SMH260731C00660000,2026-07-02 19:57:10+00:00,660.0,12.71,11.25,14.95,-12.29,-49.16,43.0,54,0.5359238302612305,False,REGULAR,USD,SMH,call,2026-07-31,0.07671232876712329,13.1,0.0037107519693260513,0.26292850174188986,70295.00314302863,592.2899780273438,-0.04540186788465472,2026-07-03
SMH260731C00665000,2026-07-02 19:57:10+00:00,665.0,11.62,10.6,13.6,-10.740001,-48.032204,3.0,14,0.5365646929931642,False,REGULAR,USD,SMH,call,2026-07-31,0.07671232876712329,12.1,0.0035864945705903614,0.24692681142715545,17614.364603314203,592.2899780273438,-0.04540186788465472,2026-07-03
SMH260731C00670000,2026-07-02 18:11:10+00:00,670.0,10.77,9.55,12.7,-9.23,-46.149998,35.0,69,0.5364121066284181,False,REGULAR,USD,SMH,call,2026-07-31,0.07671232876712329,11.125,0.00346086550348898,0.23121608176436337,83772.71311847806,592.2899780273438,-0.04540186788465472,2026-07-03
SMH260731C00675000,2026-07-02 19:59:10+00:00,675.0,10.01,8.6,11.5,-7.7700005,-43.700787,1407.0,2168,0.53281106842041,False,REGULAR,USD,SMH,call,2026-07-31,0.07671232876712329,10.05,0.003337623119929334,0.21441453886494682,2538430.8738625483,592.2899780273438,-0.04540186788465472,2026-07-03
SMH260731C00680000,2026-07-02 19:45:41+00:00,680.0,8.5,7.1,9.4,-9.0,-51.428574,25.0,30,0.5116625982666017,False,REGULAR,USD,SMH,call,2026-07-31,0.07671232876712329,8.25,0.0032214591563777145,0.1889005830622849,33903.35307216245,592.2899780273438,-0.04540186788465472,2026-07-03
SMH260731C00685000,2026-07-02 18:03:36+00:00,685.0,7.54,6.25,10.65,-7.05,-48.320766,40.0,42,0.5328415856933593,False,REGULAR,USD,SMH,call,2026-07-31,0.07671232876712329,8.45,0.003069281684027785,0.18652062854643825,45222.524882150115,592.2899780273438,-0.04540186788465472,2026-07-03
SMH260731C00690000,2026-07-02 17:45:35+00:00,690.0,7.12,6.0,10.0,-7.75,-52.118362,12.0,28,0.5390060748291017,False,REGULAR,USD,SMH,call,2026-07-31,0.07671232876712329,8.0,0.0029342565402247843,0.17680187943822884,28822.05090340953,592.2899780273438,-0.04540186788465472,2026-07-03
SMH260731C00695000,2026-07-02 17:18:09+00:00,695.0,6.67,5.55,8.15,-5.6499996,-45.86039,2.0,21,0.5272874420166016,False,REGULAR,USD,SMH,call,2026-07-31,0.07671232876712329,6.85,0.002794678566059921,0.1584233837414512,20588.273414091807,592.2899780273438,-0.04540186788465472,2026-07-03
SMH260731C00700000,2026-07-02 18:52:47+00:00,700.0,6.15,5.05,7.35,-5.9999995,-49.382713,51.0,539,0.5260057165527343,False,REGULAR,USD,SMH,call,2026-07-31,0.07671232876712329,6.199999999999999,0.002655811058559566,0.1461801956029516,502174.560762919,592.2899780273438,-0.04540186788465472,2026-07-03
SMH260731C00705000,2026-07-02 18:03:36+00:00,705.0,5.17,4.4,6.95,-16.39,-76.02041,41.0,76,0.5267381311035157,False,REGULAR,USD,SMH,call,2026-07-31,0.07671232876712329,5.675000000000001,0.002520944619227051,0.13564924733850292,67211.82154591863,592.2899780273438,-0.04540186788465472,2026-07-03
SMH260731C00710000,2026-07-02 17:17:24+00:00,710.0,5.13,3.9,6.2,-5.0699997,-49.70588,13.0,17,0.5233812310791015,False,REGULAR,USD,SMH,call,2026-07-31,0.07671232876712329,5.05,0.0023797563719767456,0.12367337832850944,14192.215204375472,592.2899780273438,-0.04540186788465472,2026-07-03
SMH260731C00715000,2026-07-01 14:28:18+00:00,715.0,4.57,3.45,5.85,-6.81,-59.84183,2.0,11,0.5252733020019531,False,REGULAR,USD,SMH,call,2026-07-31,0.07671232876712329,4.65,0.0022525591691442484,0.11499907360686412,8692.359127991802,592.2899780273438,-0.04540186788465472,2026-07-03
SMH260731C00720000,2026-07-01 20:00:56+00:00,720.0,5.05,3.1,5.35,-3.0500002,-37.654324,1.0,107,0.52539537109375,False,REGULAR,USD,SMH,call,2026-07-31,0.07671232876712329,4.225,0.002124623578716176,0.1060266228135795,79750.70718651784,592.2899780273438,-0.04540186788465472,2026-07-03
SMH260731C00725000,2026-07-02 19:13:35+00:00,725.0,3.65,1.71,5.9,-4.35,-54.375,5.0,47,0.524418818359375,False,REGULAR,USD,SMH,call,2026-07-31,0.07671232876712329,3.805,0.0019967009405716316,0.09711280776639059,32921.502576287196,592.2899780273438,-0.04540186788465472,2026-07-03
SMH260731C00730000,2026-07-01 16:33:01+00:00,730.0,4.15,2.41,4.5,-2.9299998,-41.38418,1.0,10,0.5246629565429688,False,REGULAR,USD,SMH,call,2026-07-31,0.07671232876712329,3.455,0.001876516258177541,0.08934425324377226,6582.958235007019,592.2899780273438,-0.04540186788465472,2026-07-03
SMH260731C00735000,2026-07-02 16:35:24+00:00,735.0,3.2,2.13,4.15,-3.55,-52.592594,2.0,15,0.5251512329101562,False,REGULAR,USD,SMH,call,2026-07-31,0.07671232876712329,3.14,0.0017615635549223286,0.08221158800367173,9269.543437070797,592.2899780273438,-0.04540186788465472,2026-07-03
SMH260731C00740000,2026-07-02 19:13:07+00:00,740.0,2.64,0.96,4.75,-3.3,-55.555553,20.0,33,0.5257615783691407,False,REGULAR,USD,SMH,call,2026-07-31,0.07671232876712329,2.855,0.001651668365994991,0.07562609014768543,19120.77799451467,592.2899780273438,-0.04540186788465472,2026-07-03
SMH260731C00745000,2026-07-01 19:11:28+00:00,745.0,5.39,1.64,3.55,0.0,0.0,10.0,12,0.5264329583740235,False,REGULAR,USD,SMH,call,2026-07-31,0.07671232876712329,2.5949999999999998,0.001546735759172412,0.06953123932800706,6511.276537372061,592.2899780273438,-0.04540186788465472,2026-07-03
SMH260731C00750000,2026-07-02 18:01:54+00:00,750.0,2.32,1.55,3.2,-2.5800002,-52.65306,8.0,35,0.5279588220214844,False,REGULAR,USD,SMH,call,2026-07-31,0.07671232876712329,2.375,0.001450184910796328,0.06421311317368658,17805.74684990146,592.2899780273438,-0.04540186788465472,2026-07-03
SMH260731C00755000,2026-07-01 17:09:04+00:00,755.0,4.35,1.28,3.05,0.0,0.0,2.0,11,0.5289353747558594,False,REGULAR,USD,SMH,call,2026-07-31,0.07671232876712329,2.165,0.0013561801810643198,0.0590715161261558,5233.338745350007,592.2899780273438,-0.04540186788465472,2026-07-03
SMH260731C00760000,2026-07-02 17:05:47+00:00,760.0,2.06,1.11,2.81,-2.1399999,-50.95238,2.0,25,0.5293015820312501,False,REGULAR,USD,SMH,call,2026-07-31,0.07671232876712329,1.96,0.0012642891319723218,0.05408665323084351,11088.050152080856,592.2899780273438,-0.04540186788465472,2026-07-03
SMH260731C00765000,2026-07-02 17:05:47+00:00,765.0,1.88,0.96,2.62,-5.24,-73.595505,1.0,8,0.5306443420410156,False,REGULAR,USD,SMH,call,2026-07-31,0.07671232876712329,1.79,0.0011813071796573725,0.04981622872341946,3315.290573160669,592.2899780273438,-0.04540186788465472,2026-07-03
SMH260731C00770000,2026-07-02 15:16:13+00:00,770.0,2.02,0.82,2.45,-4.53,-69.16031,1.0,7,0.5319871020507813,False,REGULAR,USD,SMH,call,2026-07-31,0.07671232876712329,1.635,0.0011029162691731838,0.04586666450285646,2708.378461164887,592.2899780273438,-0.04540186788465472,2026-07-03
SMH260731C00775000,2026-07-02 16:26:55+00:00,775.0,1.7,0.7,2.3,-1.5,-46.875,1.0,16,0.5336960693359375,False,REGULAR,USD,SMH,call,2026-07-31,0.07671232876712329,1.5,0.00103055272489218,0.04233234077421276,5784.408649697758,592.2899780273438,-0.04540186788465472,2026-07-03
SMH260731C00780000,2026-07-02 16:26:55+00:00,780.0,1.55,0.59,2.16,-1.4300001,-47.98658,1.0,26,0.5354050366210938,False,REGULAR,USD,SMH,call,2026-07-31,0.07671232876712329,1.375,0.0009624522093619755,0.039065949315213004,8778.519739173908,592.2899780273438,-0.04540186788465472,2026-07-03
SMH260731C00785000,2026-06-24 14:17:57+00:00,785.0,4.22,0.49,2.04,0.0,0.0,2.0,5,0.5373581420898439,False,REGULAR,USD,SMH,call,2026-07-31,0.07671232876712329,1.2650000000000001,0.0008994597507521032,0.036118648031573296,1577.685764103492,592.2899780273438,-0.04540186788465472,2026-07-03
SMH260731C00790000,2026-06-29 13:48:47+00:00,790.0,2.61,0.38,1.93,0.0,0.0,2.0,9,0.5387009020996094,False,REGULAR,USD,SMH,call,2026-07-31,0.07671232876712329,1.155,0.0008378292284541309,0.033229030439819486,2645.2503757704653,592.2899780273438,-0.04540186788465472,2026-07-03
SMH260731C00795000,2026-07-01 17:56:02+00:00,795.0,2.05,0.32,1.83,0.0,0.0,1.0,4,0.5417526293945314,False,REGULAR,USD,SMH,call,2026-07-31,0.07671232876712329,1.075,0.0007868517908135916,0.031007565386014627,1104.1337805614219,592.2899780273438,-0.04540186788465472,2026-07-03
SMH260731C00800000,2026-07-02 14:47:10+00:00,800.0,1.4,0.32,1.66,-0.6999999,-33.333332,4.0,16,0.5437057348632813,False,REGULAR,USD,SMH,call,2026-07-31,0.07671232876712329,0.99,0.0007348540297695682,0.02867869044937435,4124.675917487934,592.2899780273438,-0.04540186788465472,2026-07-03
SMH260731C00805000,2026-06-18 17:34:40+00:00,805.0,9.02,0.18,1.81,0.0,0.0,2.0,5,0.5532271240234375,False,REGULAR,USD,SMH,call,2026-07-31,0.07671232876712329,0.995,0.0007149071887345876,0.028330616239353717,1253.9737252041457,592.2899780273438,-0.04540186788465472,2026-07-03
SMH260731C00810000,2026-07-02 19:17:23+00:00,810.0,1.0,0.12,2.42,-0.73,-42.196533,1.0,4,0.5854533642578125,False,REGULAR,USD,SMH,call,2026-07-31,0.07671232876712329,1.27,0.0007777517848597305,0.03358685668962047,1091.3643821889798,592.2899780273438,-0.04540186788465472,2026-07-03
SMH260731C00815000,2026-07-01 17:35:19+00:00,815.0,1.59,0.0,5.0,0.0,0.0,1.0,47,0.6726717303466798,False,REGULAR,USD,SMH,call,2026-07-31,0.07671232876712329,2.5,0.0009993883430914935,0.054400435745947044,16477.863681668186,592.2899780273438,-0.04540186788465472,2026-07-03
SMH260731C00820000,2026-06-26 17:13:01+00:00,820.0,1.53,0.0,5.0,0.0,0.0,1.0,5,0.6826203613281252,False,REGULAR,USD,SMH,call,2026-07-31,0.07671232876712329,2.5,0.0009749936158021827,0.053715365511241765,1710.1749649794388,592.2899780273438,-0.04540186788465472,2026-07-03
SMH260731C00825000,2026-06-29 17:20:07+00:00,825.0,1.84,0.0,5.0,0.0,0.0,1.0,8,0.6925079577636719,False,REGULAR,USD,SMH,call,2026-07-31,0.07671232876712329,2.5,0.0009518330002049978,0.05306454899928808,2671.2806178983187,592.2899780273438,-0.04540186788465472,2026-07-03
SMH260731C00830000,2026-06-30 19:54:04+00:00,830.0,2.6,0.0,5.0,0.0,0.0,3.0,8,0.7022734851074219,False,REGULAR,USD,SMH,call,2026-07-31,0.07671232876712329,2.5,0.0009296613569002121,0.052428605509685214,2609.056802361062,592.2899780273438,-0.04540186788465472,2026-07-03
SMH260731C00835000,2026-07-01 14:51:29+00:00,835.0,1.22,0.0,4.7,0.0,0.0,7.0,31,0.7034941760253908,False,REGULAR,USD,SMH,call,2026-07-31,0.07671232876712329,2.35,0.000886980450411416,0.04953070614902206,9645.938972354086,592.2899780273438,-0.04540186788465472,2026-07-03
SMH260731C00840000,2026-06-30 17:05:21+00:00,840.0,2.02,0.0,5.0,0.0,0.0,2.0,7,0.7214383325195313,False,REGULAR,USD,SMH,call,2026-07-31,0.07671232876712329,2.5,0.0008880154994296888,0.051196083634333166,2180.6569719376353,592.2899780273438,-0.04540186788465472,2026-07-03
SMH260731C00845000,2026-07-01 17:24:07+00:00,845.0,0.98,0.05,5.0,0.0,0.0,2.0,7,0.732302481689453,False,REGULAR,USD,SMH,call,2026-07-31,0.07671232876712329,2.525,0.0008719270043609797,0.05098187861561335,2141.149228027651,592.2899780273438,-0.04540186788465472,2026-07-03
SMH260731C00850000,2026-07-01 17:24:42+00:00,850.0,0.75,0.0,4.95,-0.20999998,-21.874998,1.0,18,0.7389552471923828,False,REGULAR,USD,SMH,call,2026-07-31,0.07671232876712329,2.475,0.0008468500222264936,0.04970969291965982,5347.462856241236,592.2899780273438,-0.04540186788465472,2026-07-03
SMH260731C00855000,2026-06-30 17:05:17+00:00,855.0,1.5,0.05,5.0,0.0,0.0,2.0,8,0.7511011218261718,False,REGULAR,USD,SMH,call,2026-07-31,0.07671232876712329,2.525,0.0008356121971219411,0.04989348444923766,2345.1116590520896,592.2899780273438,-0.04540186788465472,2026-07-03
SMH260731C00860000,2026-06-30 19:24:38+00:00,860.0,1.57,0.0,5.0,0.0,0.0,2.0,9,0.758913543701172,False,REGULAR,USD,SMH,call,2026-07-31,0.07671232876712329,2.5,0.0008152963716872448,0.04900974841085011,2574.1081360329426,592.2899780273438,-0.04540186788465472,2026-07-03
SMH260731C00870000,2026-06-29 14:52:34+00:00,870.0,0.79,0.0,4.95,0.0,0.0,1.0,39,0.7757590783691408,False,REGULAR,USD,SMH,call,2026-07-31,0.07671232876712329,2.475,0.0007802121889088576,0.047678251546970106,10674.464718026156,592.2899780273438,-0.04540186788465472,2026-07-03
SMH260731C00875000,2026-06-26 13:31:40+00:00,875.0,0.61,0.0,1.97,-0.39,-39.0,10.0,1,0.6723665576171877,False,REGULAR,USD,SMH,call,2026-07-31,0.07671232876712329,0.985,0.0005034755697574311,0.02352391667227181,176.62296468874794,592.2899780273438,-0.04540186788465472,2026-07-03
SMH260731C00880000,2026-07-02 20:12:29+00:00,880.0,0.81,0.09,1.62,0.13999999,20.89552,1244.0,101,0.666263103027344,False,REGULAR,USD,SMH,call,2026-07-31,0.07671232876712329,0.8550000000000001,0.00045876906051634507,0.020843199841377648,16254.898550699587,592.2899780273438,-0.04540186788465472,2026-07-03
SMH260731C00890000,2026-06-30 17:14:27+00:00,890.0,0.81,0.0,1.37,0.0,0.0,26.0,97,0.6608920629882813,False,REGULAR,USD,SMH,call,2026-07-31,0.07671232876712329,0.685,0.0003918915021465046,0.017154852000986195,13335.40926512616,592.2899780273438,-0.04540186788465472,2026-07-03
SMH260731P00365000,2026-07-01 19:47:35+00:00,365.0,1.06,0.21,2.36,0.0,0.0,1.0,36,0.9021005883789062,False,REGULAR,USD,SMH,put,2026-07-31,0.07671232876712329,1.285,0.00031331160754324204,-0.019005764376031298,-3956.8332993882123,592.2899780273438,-0.04540186788465472,2026-07-03
SMH260731P00375000,2026-07-02 16:11:25+00:00,375.0,1.4,0.0,3.65,0.14999998,11.999998,11.0,10,0.9128426684570312,False,REGULAR,USD,SMH,put,2026-07-31,0.07671232876712329,1.825,0.0004007902613836221,-0.02580523234560661,-1406.0019678424273,592.2899780273438,-0.04540186788465472,2026-07-03
SMH260731P00380000,2026-07-01 14:28:22+00:00,380.0,1.23,0.47,2.63,0.0,0.0,1.0,20,0.8640150317382812,False,REGULAR,USD,SMH,put,2026-07-31,0.07671232876712329,1.5499999999999998,0.0003908356621148447,-0.023455188627186208,-2742.160990336503,592.2899780273438,-0.04540186788465472,2026-07-03
SMH260731P00385000,2026-06-26 14:16:18+00:00,385.0,1.74,0.56,2.73,0.0,0.0,1.0,96,0.8510757080078125,False,REGULAR,USD,SMH,put,2026-07-31,0.07671232876712329,1.645,0.00042001855280751843,-0.02510016627438083,-14145.179909048515,592.2899780273438,-0.04540186788465472,2026-07-03
SMH260731P00390000,2026-06-17 13:48:46+00:00,390.0,1.5,0.69,2.84,0.26999998,21.951218,1.0,5,0.8400894897460938,False,REGULAR,USD,SMH,put,2026-07-31,0.07671232876712329,1.765,0.0004535906728069576,-0.027093200292471198,-795.6148639439147,592.2899780273438,-0.04540186788465472,2026-07-03
SMH260731P00395000,2026-07-02 16:36:10+00:00,395.0,1.81,0.77,2.95,-0.09000003,-4.736844,1.0,2,0.8261736132812498,False,REGULAR,USD,SMH,put,2026-07-31,0.07671232876712329,1.86,0.000485782824415228,-0.028833858821692315,-340.8324367533015,592.2899780273438,-0.04540186788465472,2026-07-03
SMH260731P00400000,2026-07-02 18:52:20+00:00,400.0,2.09,1.22,2.82,0.53999996,34.83871,4.0,51,0.8171405004882811,False,REGULAR,USD,SMH,put,2026-07-31,0.07671232876712329,2.02,0.0005266367028675366,-0.0313646949183668,-9422.151161730586,592.2899780273438,-0.04540186788465472,2026-07-03
SMH260731P00405000,2026-07-02 18:45:37+00:00,405.0,2.3,1.07,3.2,0.51,28.49162,1.0,290,0.8039570385742187,False,REGULAR,USD,SMH,put,2026-07-31,0.07671232876712329,2.1350000000000002,0.0005646679960504477,-0.03346426159320681,-57446.0193110205,592.2899780273438,-0.04540186788465472,2026-07-03
SMH260731P00410000,2026-07-02 14:29:48+00:00,410.0,1.86,1.17,3.35,0.08000004,4.494385,3.0,10,0.791139783935547,False,REGULAR,USD,SMH,put,2026-07-31,0.07671232876712329,2.26,0.0006058487091619061,-0.03575217324296287,-2125.36221403119,592.2899780273438,-0.04540186788465472,2026-07-03
SMH260731P00420000,2026-07-01 15:34:15+00:00,420.0,1.98,1.51,3.65,0.0,0.0,589.0,528,0.7685570019531252,False,REGULAR,USD,SMH,put,2026-07-31,0.07671232876712329,2.58,0.0007016214727374714,-0.04131143535381987,-129958.76114213404,592.2899780273438,-0.04540186788465472,2026-07-03
SMH260731P00425000,2026-06-25 15:05:43+00:00,425.0,2.61,1.71,3.8,0.0,0.0,0.0,2,0.7573266455078126,False,REGULAR,USD,SMH,put,2026-07-31,0.07671232876712329,2.755,0.0007546352796056715,-0.04439166539166539,-529.4633080484585,592.2899780273438,-0.04540186788465472,2026-07-03
SMH260731P00430000,2026-07-02 14:31:02+00:00,430.0,2.76,1.93,3.95,-0.8399999,-23.333332,3.0,7,0.7459742199707031,False,REGULAR,USD,SMH,put,2026-07-31,0.07671232876712329,2.94,0.0008111224007600579,-0.047660519090203635,-1991.8342860548923,592.2899780273438,-0.04540186788465472,2026-07-03
SMH260731P00435000,2026-07-02 13:45:53+00:00,435.0,2.41,2.17,4.15,0.0,0.0,1.0,4,0.7359645544433593,False,REGULAR,USD,SMH,put,2026-07-31,0.07671232876712329,3.16,0.0008736380427645868,-0.05142907036140276,-1225.9148244455928,592.2899780273438,-0.04540186788465472,2026-07-03
SMH260731P00440000,2026-07-02 17:29:30+00:00,440.0,3.75,2.43,4.35,1.27,51.209675,3.0,15,0.7257107507324219,False,REGULAR,USD,SMH,put,2026-07-31,0.07671232876712329,3.3899999999999997,0.0009399644241589338,-0.055414241346194215,-4946.19739077575,592.2899780273438,-0.04540186788465472,2026-07-03
SMH260731P00450000,2026-07-02 19:28:06+00:00,450.0,4.55,3.1,4.0,1.5000002,49.180336,6.0,35,0.6891510577392579,False,REGULAR,USD,SMH,put,2026-07-31,0.07671232876712329,3.55,0.001059989268121035,-0.060458387947484926,-13014.823441661245,592.2899780273438,-0.04540186788465472,2026-07-03
SMH260731P00455000,2026-07-02 14:31:02+00:00,455.0,3.3,3.25,5.15,0.059999943,1.85185,2.0,6,0.6958038232421876,False,REGULAR,USD,SMH,put,2026-07-31,0.07671232876712329,4.2,0.0011679606362978662,-0.06935596881462447,-2458.3755313737247,592.2899780273438,-0.04540186788465472,2026-07-03
SMH260731P00460000,2026-07-02 17:50:12+00:00,460.0,5.36,3.65,5.5,1.9000001,54.913296,7.0,38,0.688601746826172,False,REGULAR,USD,SMH,put,2026-07-31,0.07671232876712329,4.575,0.001258082226773893,-0.07539004853250653,-16771.093952461604,592.2899780273438,-0.04540186788465472,2026-07-03
SMH260731P00465000,2026-07-02 18:21:12+00:00,465.0,5.6,3.95,5.9,2.03,56.862747,38.0,6,0.6793244958496094,False,REGULAR,USD,SMH,put,2026-07-31,0.07671232876712329,4.925000000000001,0.0013504202594113502,-0.08130341100533034,-2842.4246670943107,592.2899780273438,-0.04540186788465472,2026-07-03
SMH260731P00470000,2026-07-02 19:36:48+00:00,470.0,6.14,4.25,6.3,2.27,58.656334,8.0,21,0.6691927612304689,False,REGULAR,USD,SMH,put,2026-07-31,0.07671232876712329,5.275,0.0014472572201321807,-0.08739584350604979,-10661.879942282036,592.2899780273438,-0.04540186788465472,2026-07-03
SMH260731P00475000,2026-07-02 19:36:48+00:00,475.0,6.59,4.7,6.75,2.4,57.279236,82.0,35,0.6616244775390626,False,REGULAR,USD,SMH,put,2026-07-31,0.07671232876712329,5.725,0.0015530481762191437,-0.0946531035433964,-19068.728729410283,592.2899780273438,-0.04540186788465472,2026-07-03
SMH260731P00480000,2026-07-02 19:51:44+00:00,480.0,6.82,5.15,7.3,2.3700004,53.25844,17.0,84,0.6546055047607424,False,REGULAR,USD,SMH,put,2026-07-31,0.07671232876712329,6.225,0.0016648670702426565,-0.10257770846910064,-49060.00834092184,592.2899780273438,-0.04540186788465472,2026-07-03
SMH260731P00485000,2026-07-02 19:52:37+00:00,485.0,7.1,4.65,8.9,2.1999998,44.897957,13.0,46,0.6479527392578125,False,REGULAR,USD,SMH,put,2026-07-31,0.07671232876712329,6.775,0.0017822920929070284,-0.11115414954119318,-28761.099218661144,592.2899780273438,-0.04540186788465472,2026-07-03
SMH260731P00490000,2026-07-01 19:12:37+00:00,490.0,5.2,6.2,8.45,0.0,0.0,30.0,371,0.6400792828369142,False,REGULAR,USD,SMH,put,2026-07-31,0.07671232876712329,7.324999999999999,0.0019042236730245842,-0.11992194268485923,-247833.85815107872,592.2899780273438,-0.04540186788465472,2026-07-03
SMH260731P00495000,2026-07-02 19:36:41+00:00,495.0,9.1,6.75,9.15,3.5500002,63.963966,57.0,81,0.6332434136962892,False,REGULAR,USD,SMH,put,2026-07-31,0.07671232876712329,7.95,0.0020320857630616554,-0.12960147944742517,-57742.53154702219,592.2899780273438,-0.04540186788465472,2026-07-03
SMH260731P00500000,2026-07-02 19:59:14+00:00,500.0,9.1,7.65,9.65,2.7600002,43.533127,1753.0,1592,0.6271094418334963,False,REGULAR,USD,SMH,put,2026-07-31,0.07671232876712329,8.65,0.0021649110784107187,-0.1401284708288264,-1209071.2503089209,592.2899780273438,-0.04540186788465472,2026-07-03
SMH260731P00505000,2026-07-02 19:39:42+00:00,505.0,10.29,8.25,10.65,3.81,58.79629,5.0,106,0.6221961608886719,False,REGULAR,USD,SMH,put,2026-07-31,0.07671232876712329,9.45,0.002301541428483807,-0.15170168795426986,-85584.16744779762,592.2899780273438,-0.04540186788465472,2026-07-03
SMH260731P00510000,2026-07-02 19:37:11+00:00,510.0,11.55,9.0,11.5,4.6000004,66.18706,21.0,79,0.6158790853881836,False,REGULAR,USD,SMH,put,2026-07-31,0.07671232876712329,10.25,0.0024423805979411207,-0.1634931456868618,-67687.61328944576,592.2899780273438,-0.04540186788465472,2026-07-03
SMH260731P00515000,2026-07-02 19:37:11+00:00,515.0,12.57,9.85,12.4,4.8099995,61.984528,6.0,80,0.6099892517089844,False,REGULAR,USD,SMH,put,2026-07-31,0.07671232876712329,11.125,0.002586405946636981,-0.17611276436520917,-72586.43137798662,592.2899780273438,-0.04540186788465472,2026-07-03
SMH260731P00520000,2026-07-02 19:49:05+00:00,520.0,13.7,10.75,13.4,5.05,58.381508,162.0,193,0.6043740734863283,False,REGULAR,USD,SMH,put,2026-07-31,0.07671232876712329,12.075,0.002732846334622303,-0.1895266187115977,-185029.63396062673,592.2899780273438,-0.04540186788465472,2026-07-03
SMH260731P00525000,2026-07-02 19:17:33+00:00,525.0,15.22,11.75,14.45,6.1000004,66.88597,10.0,120,0.5989419989013673,False,REGULAR,USD,SMH,put,2026-07-31,0.07671232876712329,13.1,0.0028809360344874066,-0.20371557698196374,-121278.44782656617,592.2899780273438,-0.04540186788465472,2026-07-03
SMH260731P00530000,2026-07-02 19:17:33+00:00,530.0,16.47,12.8,15.05,6.8899994,71.92066,48.0,133,0.5881388842773438,False,REGULAR,USD,SMH,put,2026-07-31,0.07671232876712329,13.925,0.0030445701729051398,-0.21698061625806275,-142051.68759880203,592.2899780273438,-0.04540186788465472,2026-07-03
SMH260731P00535000,2026-07-02 18:41:37+00:00,535.0,17.13,13.8,16.75,6.529999,61.60376,11.0,66,0.5864299169921875,False,REGULAR,USD,SMH,put,2026-07-31,0.07671232876712329,15.275,0.003185218292135789,-0.23378851405979295,-73748.28153387338,592.2899780273438,-0.04540186788465472,2026-07-03
SMH260731P00540000,2026-07-02 19:56:07+00:00,540.0,17.81,15.35,18.05,6.7199993,60.595123,81.0,89,0.5844157769775391,False,REGULAR,USD,SMH,put,2026-07-31,0.07671232876712329,16.7,0.0033226236815040193,-0.2511415075788036,-103738.49210895543,592.2899780273438,-0.04540186788465472,2026-07-03
SMH260731P00545000,2026-07-02 19:27:14+00:00,545.0,21.0,16.5,19.4,8.89,73.41041,8.0,38,0.5776104251098633,False,REGULAR,USD,SMH,put,2026-07-31,0.07671232876712329,17.95,0.0034755634013139388,-0.26785957080843503,-46331.630080049596,592.2899780273438,-0.04540186788465472,2026-07-03
SMH260731P00550000,2026-07-02 19:53:02+00:00,550.0,20.8,17.85,20.75,8.19,64.94845,1588.0,587,0.5711712805175782,False,REGULAR,USD,SMH,put,2026-07-31,0.07671232876712329,19.3,0.0036259814685441955,-0.28543891118199693,-746676.4426129204,592.2899780273438,-0.04540186788465472,2026-07-03
SMH260731P00552500,2026-07-01 19:24:24+00:00,552.5,13.47,18.65,21.65,0.0,0.0,3.0,31,0.5704388659667969,False,REGULAR,USD,SMH,put,2026-07-31,0.07671232876712329,20.15,0.003687623644000499,-0.2950885766871978,-40103.01761052319,592.2899780273438,-0.04540186788465472,2026-07-03
SMH260731P00555000,2026-07-02 19:57:59+00:00,555.0,21.8,19.2,22.4,7.3999996,51.38889,10.0,111,0.5658917922973633,False,REGULAR,USD,SMH,put,2026-07-31,0.07671232876712329,20.799999999999997,0.003767900126170756,-0.30403234628151243,-146720.6119443248,592.2899780273438,-0.04540186788465472,2026-07-03
SMH260731P00557500,2026-07-02 19:27:47+00:00,557.5,25.42,20.25,23.25,10.12,66.14378,4.0,8,0.5660138613891602,False,REGULAR,USD,SMH,put,2026-07-31,0.07671232876712329,21.75,0.0038214536593765124,-0.31416020559101243,-10724.754332210094,592.2899780273438,-0.04540186788465472,2026-07-03
SMH260731P00560000,2026-07-02 18:56:27+00:00,560.0,24.7,21.05,24.05,8.800001,55.345924,3787.0,88,0.5632367895507813,False,REGULAR,USD,SMH,put,2026-07-31,0.07671232876712329,22.55,0.0038895181876158753,-0.3238259384946366,-120073.5212987355,592.2899780273438,-0.04540186788465472,2026-07-03
SMH260731P00562500,2026-07-02 15:30:19+00:00,562.5,21.65,21.9,24.95,6.0,38.338657,3.0,11,0.5613142013549804,False,REGULAR,USD,SMH,put,2026-07-31,0.07671232876712329,23.424999999999997,0.003950910219946467,-0.33381343901938687,-15246.09474621465,592.2899780273438,-0.04540186788465472,2026-07-03
SMH260731P00565000,2026-07-02 18:10:12+00:00,565.0,26.45,22.55,25.8,8.83,50.113506,4.0,66,0.5569502313232424,False,REGULAR,USD,SMH,put,2026-07-31,0.07671232876712329,24.175,0.00402617997680362,-0.34354378172095223,-93219.31095537578,592.2899780273438,-0.04540186788465472,2026-07-03
SMH260731P00567500,2026-07-01 19:27:53+00:00,567.5,16.84,23.45,26.75,0.0,0.0,2.0,7,0.5550581604003908,False,REGULAR,USD,SMH,put,2026-07-31,0.07671232876712329,25.1,0.00408392729492875,-0.35385244326496224,-10028.703929483516,592.2899780273438,-0.04540186788465472,2026-07-03
SMH260731P00570000,2026-07-02 19:34:32+00:00,570.0,28.71,24.35,27.7,11.41,65.95376,29.0,63,0.5527693649291993,False,REGULAR,USD,SMH,put,2026-07-31,0.07671232876712329,26.025,0.004142194721128855,-0.36424048843578416,-91546.09602195674,592.2899780273438,-0.04540186788465472,2026-07-03
SMH260731P00572500,2026-07-01 13:52:02+00:00,572.5,15.2,25.55,28.65,0.0,0.0,1.0,24,0.5524031576538085,False,REGULAR,USD,SMH,put,2026-07-31,0.07671232876712329,27.1,0.004184420257149464,-0.37498776907469866,-35230.21599689365,592.2899780273438,-0.04540186788465472,2026-07-03
SMH260731P00575000,2026-07-02 19:34:32+00:00,575.0,30.75,27.1,29.65,12.129999,65.145,3814.0,70,0.5547529876708985,False,REGULAR,USD,SMH,put,2026-07-31,0.07671232876712329,28.375,0.0042036846333985125,-0.3860563225869471,-103227.86268409473,592.2899780273438,-0.04540186788465472,2026-07-03
SMH260731P00577500,2026-07-02 17:28:16+00:00,577.5,32.35,27.3,30.7,11.929998,58.423107,19.0,25,0.5466048757934571,False,REGULAR,USD,SMH,put,2026-07-31,0.07671232876712329,29.0,0.004297835433433007,-0.3962754336040577,-37692.813792485096,592.2899780273438,-0.04540186788465472,2026-07-03
SMH260731P00580000,2026-07-02 18:52:10+00:00,580.0,32.53,28.35,31.75,11.249998,52.86653,304.0,3072,0.544651770324707,False,REGULAR,USD,SMH,put,2026-07-31,0.07671232876712329,30.05,0.004343662944041013,-0.4071952767094018,-4681080.368248162,592.2899780273438,-0.04540186788465472,2026-07-03
SMH260731P00582500,2026-07-02 17:11:30+00:00,582.5,34.5,29.4,32.8,14.0,68.29269,13.0,14,0.5423019403076172,False,REGULAR,USD,SMH,put,2026-07-31,0.07671232876712329,31.099999999999998,0.004389779572331968,-0.41820201213480557,-21559.541327427145,592.2899780273438,-0.04540186788465472,2026-07-03
SMH260731P00585000,2026-07-02 19:48:31+00:00,585.0,35.57,30.8,33.9,12.529999,54.38367,2052.0,36,0.5425765957641603,False,REGULAR,USD,SMH,put,2026-07-31,0.07671232876712329,32.35,0.0044116838925581416,-0.429373872875652,-55715.451685074935,592.2899780273438,-0.04540186788465472,2026-07-03
SMH260731P00587500,2026-07-02 16:53:20+00:00,587.5,36.06,31.6,35.05,13.240002,58.01929,23.0,9,0.5382736602783205,False,REGULAR,USD,SMH,put,2026-07-31,0.07671232876712329,33.325,0.004467666753195825,-0.44054369719654995,-14105.61574643786,592.2899780273438,-0.04540186788465472,2026-07-03
SMH260731P00590000,2026-07-02 19:15:36+00:00,590.0,38.2,33.05,36.2,13.35,53.722336,65.0,1580,0.538487281188965,False,REGULAR,USD,SMH,put,2026-07-31,0.07671232876712329,34.625,0.00448313790775579,-0.45179808520451603,-2484894.494160605,592.2899780273438,-0.04540186788465472,2026-07-03
SMH260731P00592500,2026-07-01 14:03:54+00:00,592.5,30.69,33.9,37.4,9.16,42.545284,1.0,5,0.5341233111572266,True,REGULAR,USD,SMH,put,2026-07-31,0.07671232876712329,35.65,0.004533682285289405,-0.4632244609824222,-7952.246884297345,592.2899780273438,-0.04540186788465472,2026-07-03
SMH260731P00595000,2026-07-02 19:41:27+00:00,595.0,40.63,35.45,38.65,14.530001,55.6705,4009.0,80,0.5350083120727539,True,REGULAR,USD,SMH,put,2026-07-31,0.07671232876712329,37.05,0.004536212422966174,-0.47448869300944363,-127306.9574340178,592.2899780273438,-0.04540186788465472,2026-07-03
SMH260731P00597500,2026-07-02 16:01:34+00:00,597.5,36.74,36.7,39.9,11.220001,43.965523,8.0,63,0.5332383102416992,True,REGULAR,USD,SMH,put,2026-07-31,0.07671232876712329,38.3,0.0045577533571099565,-0.48591116022201686,-100730.30230714839,592.2899780273438,-0.04540186788465472,2026-07-03
SMH260731P00600000,2026-07-02 19:59:18+00:00,600.0,41.0,38.1,41.0,13.559999,49.416904,93.0,788,0.5310410665893556,True,REGULAR,USD,SMH,put,2026-07-31,0.07671232876712329,39.55,0.004579371717996285,-0.4974183925018414,-1265904.3241990558,592.2899780273438,-0.04540186788465472,2026-07-03
SMH260731P00602500,2026-07-02 14:35:52+00:00,602.5,33.93,38.55,43.5,6.9300003,25.66667,2.0,47,0.531803998413086,True,REGULAR,USD,SMH,put,2026-07-31,0.07671232876712329,41.025,0.0045718355146397004,-0.5085990662953261,-75380.18919873025,592.2899780273438,-0.04540186788465472,2026-07-03
SMH260731P00605000,2026-07-02 18:09:40+00:00,605.0,45.62,40.55,43.8,14.249998,45.42556,2003.0,2059,0.5272569247436524,True,REGULAR,USD,SMH,put,2026-07-31,0.07671232876712329,42.175,0.004606254819701809,-0.5204814675475465,-3327155.3138156943,592.2899780273438,-0.04540186788465472,2026-07-03
SMH260731P00607500,2026-07-02 14:34:40+00:00,607.5,35.67,41.25,45.15,5.8899975,19.778366,2.0,18,0.5204210556030272,True,REGULAR,USD,SMH,put,2026-07-31,0.07671232876712329,43.2,0.004657023620486341,-0.5328958510798891,-29406.931779625444,592.2899780273438,-0.04540186788465472,2026-07-03
SMH260731P00610000,2026-07-02 18:09:40+00:00,610.0,48.56,42.6,46.55,18.350002,60.741486,9.0,37,0.5184374328613282,True,REGULAR,USD,SMH,put,2026-07-31,0.07671232876712329,44.575,0.004661460109452522,-0.5445954661893845,-60505.1670613149,592.2899780273438,-0.04540186788465472,2026-07-03
SMH260731P00612500,2026-07-02 19:04:57+00:00,612.5,50.7,44.05,47.95,18.2,56.0,1.0,13,0.5167895001220704,True,REGULAR,USD,SMH,put,2026-07-31,0.07671232876712329,46.0,0.004658942711351332,-0.5562256825254865,-21247.091625666482,592.2899780273438,-0.04540186788465472,2026-07-03
SMH260731P00615000,2026-07-02 19:46:00+00:00,615.0,51.9,46.15,49.4,16.460003,46.444706,3.0,212,0.5200548483276367,True,REGULAR,USD,SMH,put,2026-07-31,0.07671232876712329,47.775,0.004610762296355621,-0.5666676537301932,-342907.7987036267,592.2899780273438,-0.04540186788465472,2026-07-03
SMH260731P00617500,2026-07-02 19:46:00+00:00,617.5,53.34,47.25,50.9,10.889999,25.653708,3.0,15,0.5156603610229492,True,REGULAR,USD,SMH,put,2026-07-31,0.07671232876712329,49.075,0.004623640527306146,-0.5788507054528691,-24330.110932134376,592.2899780273438,-0.04540186788465472,2026-07-03
SMH260731P00620000,2026-07-02 14:35:56+00:00,620.0,54.67,48.75,52.4,18.789997,52.369,11.0,129,0.5138903591918945,True,REGULAR,USD,SMH,put,2026-07-31,0.07671232876712329,50.575,0.004610341807715659,-0.590378103479873,-208637.13167302322,592.2899780273438,-0.04540186788465472,2026-07-03
SMH260731P00622500,2026-07-02 18:10:58+00:00,622.5,55.15,50.0,54.5,23.250002,72.88402,3.0,10,0.5144396701049804,True,REGULAR,USD,SMH,put,2026-07-31,0.07671232876712329,52.25,0.004574431653729324,-0.6011652621869588,-16047.445575899268,592.2899780273438,-0.04540186788465472,2026-07-03
SMH260731P00625000,2026-07-02 17:03:53+00:00,625.0,58.25,51.75,55.95,20.55,54.50928,4.0,56,0.5134020828247069,True,REGULAR,USD,SMH,put,2026-07-31,0.07671232876712329,53.85,0.00454782267280594,-0.6123145214582459,-89342.95606290191,592.2899780273438,-0.04540186788465472,2026-07-03
SMH260731P00627500,2026-07-01 18:09:51+00:00,627.5,40.01,53.1,57.75,0.0,0.0,2.0,6,0.511571046447754,True,REGULAR,USD,SMH,put,2026-07-31,0.07671232876712329,55.425,0.004523581773052766,-0.6236420957306605,-9521.4362534432,592.2899780273438,-0.04540186788465472,2026-07-03
SMH260731P00630000,2026-07-02 16:04:00+00:00,630.0,55.5,55.0,59.3,14.950001,36.868065,4.0,87,0.5117236328125,True,REGULAR,USD,SMH,put,2026-07-31,0.07671232876712329,57.15,0.004480884202945346,-0.6341925561816725,-136757.68535844985,592.2899780273438,-0.04540186788465472,2026-07-03
SMH260731P00632500,2026-07-02 16:59:52+00:00,632.5,62.3,56.1,61.0,22.5,56.53266,1.0,4,0.5062000064086914,True,REGULAR,USD,SMH,put,2026-07-31,0.07671232876712329,58.55,0.004475470928836552,-0.646729895831136,-6280.113604799187,592.2899780273438,-0.04540186788465472,2026-07-03
SMH260731P00635000,2026-07-02 19:49:05+00:00,635.0,64.97,58.1,62.5,21.27,48.672768,13.0,26,0.5058948336791992,True,REGULAR,USD,SMH,put,2026-07-31,0.07671232876712329,60.3,0.004428638678133049,-0.6572508570343216,-40393.581806448456,592.2899780273438,-0.04540186788465472,2026-07-03
SMH260731P00637500,2026-06-29 13:56:38+00:00,637.5,53.0,59.65,64.0,0.0,0.0,1.0,3,0.5014698291015626,True,REGULAR,USD,SMH,put,2026-07-31,0.07671232876712329,61.825,0.004405825208538969,-0.6693309229224288,-4636.788497647387,592.2899780273438,-0.04540186788465472,2026-07-03
SMH260731P00640000,2026-07-02 17:21:37+00:00,640.0,69.53,61.65,66.0,23.349998,50.563015,5.0,37,0.5045215563964844,True,REGULAR,USD,SMH,put,2026-07-31,0.07671232876712329,63.825,0.004331093488594968,-0.6781683307358763,-56217.04979395164,592.2899780273438,-0.04540186788465472,2026-07-03
SMH260731P00642500,2026-06-29 16:41:27+00:00,642.5,47.0,63.05,67.5,0.0,0.0,2.0,5,0.5354965884399415,True,REGULAR,USD,SMH,put,2026-07-31,0.07671232876712329,65.275,0.004097058369718924,-0.6750065647160011,-7186.392341849314,592.2899780273438,-0.04540186788465472,2026-07-03
SMH260731P00645000,2026-07-02 17:29:54+00:00,645.0,72.92,65.0,69.4,15.009998,25.919527,2.0,24,0.5365646929931642,True,REGULAR,USD,SMH,put,2026-07-31,0.07671232876712329,67.2,0.004041644789280529,-0.6839287124154271,-34028.13535896396,592.2899780273438,-0.04540186788465472,2026-07-03
SMH260731P00647500,2026-07-01 18:18:04+00:00,647.5,51.26,66.6,71.0,0.0,0.0,1.0,23,0.5321396884155273,True,REGULAR,USD,SMH,put,2026-07-31,0.07671232876712329,68.8,0.004012355185744951,-0.695034478802582,-32373.97115124266,592.2899780273438,-0.04540186788465472,2026-07-03
SMH260731P00650000,2026-07-02 15:22:57+00:00,650.0,77.62,68.6,72.6,28.890003,59.285866,82.0,552,0.5272569247436524,True,REGULAR,USD,SMH,put,2026-07-31,0.07671232876712329,70.6,0.003980881734790991,-0.7063122513156751,-770880.6093528605,592.2899780273438,-0.04540186788465472,2026-07-03
SMH260731P00652500,2026-07-01 19:46:43+00:00,652.5,53.98,70.2,74.8,0.0,0.0,1.0,8,0.5324753784179688,True,REGULAR,USD,SMH,put,2026-07-31,0.07671232876712329,72.5,0.003900132964671099,-0.7129133760897752,-10945.564603778601,592.2899780273438,-0.04540186788465472,2026-07-03
SMH260731P00655000,2026-07-01 13:53:37+00:00,655.0,46.5,72.0,76.5,0.0,0.0,2.0,8,0.5285081329345704,True,REGULAR,USD,SMH,put,2026-07-31,0.07671232876712329,74.25,0.0038586798639989065,-0.7235302934165404,-10829.2281620356,592.2899780273438,-0.04540186788465472,2026-07-03
SMH260731P00657500,2026-07-01 14:05:20+00:00,657.5,49.5,73.95,78.5,0.0,0.0,2.0,10,0.5295457202148439,True,REGULAR,USD,SMH,put,2026-07-31,0.07671232876712329,76.225,0.0037943437413477214,-0.7316745282397484,-13310.83931178448,592.2899780273438,-0.04540186788465472,2026-07-03
SMH260731P00660000,2026-07-01 13:37:48+00:00,660.0,55.1,75.9,80.5,0.0,0.0,1.0,17,0.5302781347656251,True,REGULAR,USD,SMH,put,2026-07-31,0.07671232876712329,78.2,0.003730375721376013,-0.7397804349317262,-22246.93907930131,592.2899780273438,-0.04540186788465472,2026-07-03
SMH260731P00665000,2026-06-23 15:06:04+00:00,665.0,67.58,79.5,84.45,0.0,0.0,0.0,2,0.5297898583984376,True,REGULAR,USD,SMH,put,2026-07-31,0.07671232876712329,81.975,0.0036058126022986596,-0.7564191450371727,-2529.8916181250856,592.2899780273438,-0.04540186788465472,2026-07-03
SMH260731P00670000,2026-07-01 18:51:50+00:00,670.0,78.63,83.7,87.9,12.139999,18.258385,1.0,88,0.5178270874023438,True,REGULAR,USD,SMH,put,2026-07-31,0.07671232876712329,85.80000000000001,0.0035010011253582968,-0.7782991810693759,-108079.59055984813,592.2899780273438,-0.04540186788465472,2026-07-03
SMH260731P00675000,2026-06-23 16:47:33+00:00,675.0,71.73,87.5,92.0,0.0,0.0,0.0,6,0.5170946728515625,True,REGULAR,USD,SMH,put,2026-07-31,0.07671232876712329,89.75,0.0033611126431570353,-0.7937959964653538,-7074.619489163015,592.2899780273438,-0.04540186788465472,2026-07-03
SMH260731P00690000,2026-06-18 19:50:01+00:00,690.0,63.1,100.05,105.0,0.0,0.0,3.0,13,0.5224351956176757,True,REGULAR,USD,SMH,put,2026-07-31,0.07671232876712329,102.525,0.002931402274479297,-0.8319016177431153,-13368.649622112065,592.2899780273438,-0.04540186788465472,2026-07-03
SMH260731P00695000,2026-07-02 14:02:03+00:00,695.0,80.0,104.15,109.0,-13.699997,-14.621128,1.0,10,0.5133715655517577,True,REGULAR,USD,SMH,put,2026-07-31,0.07671232876712329,106.575,0.002781282716656241,-0.8489634853355095,-9756.946087574284,592.2899780273438,-0.04540186788465472,2026-07-03
SMH260731P00700000,2026-06-16 15:26:13+00:00,700.0,88.0,108.55,113.5,0.0,0.0,200.0,100,0.5153246710205077,True,REGULAR,USD,SMH,put,2026-07-31,0.07671232876712329,111.025,0.0026401339789469355,-0.8594320474111056,-92617.8584517557,592.2899780273438,-0.04540186788465472,2026-07-03
SMH260731P00705000,2026-06-24 15:29:29+00:00,705.0,96.8,113.05,118.0,0.0,0.0,0.0,0,0.5161791546630858,True,REGULAR,USD,SMH,put,2026-07-31,0.07671232876712329,115.525,0.0025006579524414416,-0.8698187657404511,-0.0,592.2899780273438,-0.04540186788465472,2026-07-03
SMH260731P00710000,2026-06-26 14:43:23+00:00,710.0,104.18,117.55,122.5,0.0,0.0,1.0,0,0.5158739819335938,True,REGULAR,USD,SMH,put,2026-07-31,0.07671232876712329,120.025,0.0023616704495787347,-0.8801519872621915,-0.0,592.2899780273438,-0.04540186788465472,2026-07-03
SMH260731P00725000,2026-06-12 16:24:34+00:00,725.0,116.55,131.5,136.0,0.0,0.0,0.0,12,0.5061694891357422,True,REGULAR,USD,SMH,put,2026-07-31,0.07671232876712329,133.75,0.0019311691854625773,-0.9115127862852448,-8129.621709739465,592.2899780273438,-0.04540186788465472,2026-07-03
SMH260731P00730000,2026-06-12 16:24:15+00:00,730.0,120.95,136.0,141.0,0.0,0.0,0.0,5,0.5187426055908204,True,REGULAR,USD,SMH,put,2026-07-31,0.07671232876712329,138.5,0.0018547740444140603,-0.9133697013132466,-3253.342468135869,592.2899780273438,-0.04540186788465472,2026-07-03
SMH260731P00750000,2026-06-18 19:24:53+00:00,750.0,104.6,155.0,160.0,0.0,0.0,2.0,2,0.5241746801757812,True,REGULAR,USD,SMH,put,2026-07-31,0.07671232876712329,157.5,0.001434083698907174,-0.9372837861356729,-1006.174399424481,592.2899780273438,-0.04540186788465472,2026-07-03
SMH260731P00855000,2026-06-25 14:03:21+00:00,855.0,233.95,259.0,263.95,0.0,0.0,0.0,0,0.6638217211914064,True,REGULAR,USD,SMH,put,2026-07-31,0.07671232876712329,261.475,0.0006163370565701661,-0.9704905008618151,-0.0,592.2899780273438,-0.04540186788465472,2026-07-03
SMH260731P00865000,2026-06-25 13:57:18+00:00,865.0,246.0,269.0,273.95,0.0,0.0,0.0,0,0.6807893249511721,True,REGULAR,USD,SMH,put,2026-07-31,0.07671232876712329,271.475,0.0005897390638122598,-0.9711534272613713,-0.0,592.2899780273438,-0.04540186788465472,2026-07-03
SMH260731P00880000,2026-06-17 18:32:36+00:00,880.0,247.0,284.0,288.95,0.0,0.0,0.0,0,0.7058134887695313,True,REGULAR,USD,SMH,put,2026-07-31,0.07671232876712329,286.475,0.0005540247464578688,-0.972053348602445,-0.0,592.2899780273438,-0.04540186788465472,2026-07-03
SMH260807C00420000,2026-06-26 14:58:12+00:00,420.0,200.32,176.5,181.45,0.0,0.0,4.0,4,0.8681043463134765,True,REGULAR,USD,SMH,call,2026-08-07,0.0958904109589041,178.975,0.0009046728934581865,0.9232661578292412,1269.4638478138338,592.2899780273438,-0.04540186788465472,2026-07-03
SMH260807C00490000,2026-06-26 15:50:53+00:00,490.0,138.36,112.5,117.5,0.0,0.0,5.0,5,0.7003508969116211,True,REGULAR,USD,SMH,call,2026-08-07,0.0958904109589041,115.0,0.001883138210627569,0.8414243744904565,3303.0942677114467,592.2899780273438,-0.04540186788465472,2026-07-03
SMH260807C00540000,2026-06-26 19:50:04+00:00,540.0,94.5,73.0,78.0,0.0,0.0,1.0,1,0.629611858215332,True,REGULAR,USD,SMH,call,2026-08-07,0.0958904109589041,75.5,0.00290076476894953,0.7228145287811506,1017.6097990283371,592.2899780273438,-0.04540186788465472,2026-07-03
SMH260807C00600000,2026-07-02 18:34:21+00:00,600.0,37.0,37.1,41.5,-16.0,-30.188679,33.0,2,0.5770611141967773,False,REGULAR,USD,SMH,call,2026-08-07,0.0958904109589041,39.3,0.0037665653496157304,0.5153294381757317,2642.6781305935315,592.2899780273438,-0.04540186788465472,2026-07-03
SMH260807C00605000,2026-07-01 18:52:49+00:00,605.0,51.61,34.65,39.25,0.0,0.0,4.0,13,0.5741619732666017,False,REGULAR,USD,SMH,call,2026-08-07,0.0958904109589041,36.95,0.0037882295071050434,0.4964306055792621,17276.207161853756,592.2899780273438,-0.04540186788465472,2026-07-03
SMH260807C00610000,2026-07-01 18:38:37+00:00,610.0,49.74,32.0,37.0,0.0,0.0,2.0,42,0.5686688641357422,False,REGULAR,USD,SMH,call,2026-08-07,0.0958904109589041,34.5,0.0038186613951256476,0.4770806690618663,56263.81926958136,592.2899780273438,-0.04540186788465472,2026-07-03
SMH260807C00612500,2026-07-02 17:45:44+00:00,612.5,30.15,31.0,35.85,-22.78,-43.037975,3.0,9,0.5674786904907226,False,REGULAR,USD,SMH,call,2026-08-07,0.0958904109589041,33.425,0.003820367661909128,0.4676231176046134,12061.919840028266,592.2899780273438,-0.04540186788465472,2026-07-03
SMH260807C00615000,2026-07-02 16:29:04+00:00,615.0,31.93,30.3,34.8,-33.379997,-51.11009,1.0,33,0.5687298986816407,False,REGULAR,USD,SMH,call,2026-08-07,0.0958904109589041,32.55,0.003804012839667523,0.4586603580339222,44037.70544563825,592.2899780273438,-0.04540186788465472,2026-07-03
SMH260807C00617500,2026-06-29 19:45:05+00:00,617.5,51.3,29.1,34.0,0.0,0.0,1.0,1,0.56796696685791,False,REGULAR,USD,SMH,call,2026-08-07,0.0958904109589041,31.55,0.0037988205614796996,0.4493708099538903,1332.6544328901184,592.2899780273438,-0.04540186788465472,2026-07-03
SMH260807C00620000,2026-07-02 18:54:25+00:00,620.0,28.74,28.0,32.95,-17.76,-38.193546,3.0,19,0.5658917922973633,False,REGULAR,USD,SMH,call,2026-08-07,0.0958904109589041,30.475,0.00379993378873653,0.4398227353144286,25327.85426412647,592.2899780273438,-0.04540186788465472,2026-07-03
SMH260807C00625000,2026-07-02 19:40:32+00:00,625.0,26.15,26.1,30.5,-15.879999,-37.782536,28.0,65,0.5604597177124023,False,REGULAR,USD,SMH,call,2026-08-07,0.0958904109589041,28.3,0.0038034978400885585,0.4204050753317631,86729.1916999621,592.2899780273438,-0.04540186788465472,2026-07-03
SMH260807C00630000,2026-07-02 15:29:11+00:00,630.0,28.5,24.05,28.8,-12.73,-30.875576,1.0,11,0.5579267840576172,False,REGULAR,USD,SMH,call,2026-08-07,0.0958904109589041,26.425,0.00377991968373614,0.4018057891681261,14586.262512465739,592.2899780273438,-0.04540186788465472,2026-07-03
SMH260807C00635000,2026-07-02 16:42:43+00:00,635.0,23.43,22.05,27.0,-17.84,-43.227528,7.0,5,0.5538069522094727,False,REGULAR,USD,SMH,call,2026-08-07,0.0958904109589041,24.525,0.003757151985356803,0.38288879714064833,6590.183936428618,592.2899780273438,-0.04540186788465472,2026-07-03
SMH260807C00640000,2026-07-02 18:34:57+00:00,640.0,21.5,20.6,25.5,-13.700001,-38.920456,17.0,23,0.554539366760254,False,REGULAR,USD,SMH,call,2026-08-07,0.0958904109589041,23.05,0.0036984095774777598,0.36581552149266583,29840.878841466416,592.2899780273438,-0.04540186788465472,2026-07-03
SMH260807C00645000,2026-07-01 17:17:05+00:00,645.0,33.9,19.0,23.95,0.0,0.0,2.0,6,0.5526778131103516,False,REGULAR,USD,SMH,call,2026-08-07,0.0958904109589041,21.475,0.0036472096337119143,0.3482088263765366,7676.809168610742,592.2899780273438,-0.04540186788465472,2026-07-03
SMH260807C00647500,2026-07-02 15:25:09+00:00,647.5,22.1,18.05,23.0,-9.6,-30.283913,1.0,4,0.5489241885375978,False,REGULAR,USD,SMH,call,2026-08-07,0.0958904109589041,20.525,0.0036329619681836735,0.33842939256306537,5097.880032043787,592.2899780273438,-0.04540186788465472,2026-07-03
SMH260807C00650000,2026-07-02 16:11:27+00:00,650.0,18.79,17.5,22.45,-14.0,-42.695942,37.0,34,0.5507552249145509,False,REGULAR,USD,SMH,call,2026-08-07,0.0958904109589041,19.975,0.003589101039741973,0.3309117103451439,42808.831144303025,592.2899780273438,-0.04540186788465472,2026-07-03
SMH260807C00655000,2026-07-02 15:00:00+00:00,655.0,16.12,16.15,21.0,-13.629999,-45.81512,2.0,4,0.5491683267211916,False,REGULAR,USD,SMH,call,2026-08-07,0.0958904109589041,18.575,0.0035226508985355463,0.3141170550953187,4943.088265931869,592.2899780273438,-0.04540186788465472,2026-07-03
SMH260807C00660000,2026-07-02 20:05:54+00:00,660.0,17.1,15.0,19.5,-11.299999,-39.78873,13.0,43,0.5475814285278321,False,REGULAR,USD,SMH,call,2026-08-07,0.0958904109589041,17.25,0.0034500251875263285,0.2977243212590893,52042.6604176829,592.2899780273438,-0.04540186788465472,2026-07-03
SMH260807C00665000,2026-07-02 15:25:09+00:00,665.0,17.45,13.5,18.5,-8.119999,-31.75596,1.0,2,0.546025047607422,False,REGULAR,USD,SMH,call,2026-08-07,0.0958904109589041,16.0,0.0033715781264664828,0.28177079969052243,2365.54923474499,592.2899780273438,-0.04540186788465472,2026-07-03
SMH260807C00670000,2026-07-02 16:44:50+00:00,670.0,14.33,12.5,17.4,-10.49,-42.264305,2.0,58,0.5465743585205078,False,REGULAR,USD,SMH,call,2026-08-07,0.0958904109589041,14.95,0.0032814979087413434,0.26726831080928937,66768.0809088345,592.2899780273438,-0.04540186788465472,2026-07-03
SMH260807C00680000,2026-07-02 18:26:42+00:00,680.0,11.58,10.5,13.0,-10.07,-46.512703,8.0,5,0.525120715637207,False,REGULAR,USD,SMH,call,2026-08-07,0.0958904109589041,11.75,0.0031398906175350173,0.22833005102464426,5507.484602823997,592.2899780273438,-0.04540186788465472,2026-07-03
SMH260807C00685000,2026-07-02 17:40:46+00:00,685.0,10.3,9.55,14.25,-12.28,-54.38441,4.0,4,0.5437057348632813,False,REGULAR,USD,SMH,call,2026-08-07,0.0958904109589041,11.9,0.0030044413279344427,0.22459379363177884,4215.921220001541,592.2899780273438,-0.04540186788465472,2026-07-03
SMH260807C00690000,2026-07-01 13:40:15+00:00,690.0,10.46,8.6,13.5,-10.419999,-49.904213,6.0,4,0.5436141830444338,False,REGULAR,USD,SMH,call,2026-08-07,0.0958904109589041,11.05,0.00290521338851441,0.21181784795987219,4076.6816310875015,592.2899780273438,-0.04540186788465472,2026-07-03
SMH260807C00700000,2026-07-02 19:41:13+00:00,700.0,8.55,7.0,11.85,-6.9700003,-44.909794,17.0,19,0.5417831466674806,False,REGULAR,USD,SMH,call,2026-08-07,0.0958904109589041,9.425,0.002703847717296473,0.18695676153692897,18022.066894709347,592.2899780273438,-0.04540186788465472,2026-07-03
SMH260807C00710000,2026-07-01 17:29:26+00:00,710.0,7.38,5.5,10.5,-6.12,-45.333332,1.0,13,0.539891075744629,False,REGULAR,USD,SMH,call,2026-08-07,0.0958904109589041,8.0,0.002498074540769482,0.16410781275078734,11392.460037371635,592.2899780273438,-0.04540186788465472,2026-07-03
SMH260807C00720000,2026-07-02 19:41:13+00:00,720.0,6.11,4.5,9.45,-8.049999,-56.850277,1.0,7,0.5430953894042969,False,REGULAR,USD,SMH,call,2026-08-07,0.0958904109589041,6.975,0.002297864091534305,0.14591381012944027,5642.75438321465,592.2899780273438,-0.04540186788465472,2026-07-03
SMH260807C00730000,2026-07-01 17:03:10+00:00,730.0,6.8,3.5,8.45,-3.33,-32.872654,1.0,3,0.543644700317383,False,REGULAR,USD,SMH,call,2026-08-07,0.0958904109589041,5.975,0.0021014890412590134,0.12822536452974082,2211.6538340097077,592.2899780273438,-0.04540186788465472,2026-07-03
SMH260807C00740000,2026-07-02 14:53:28+00:00,740.0,5.28,2.72,7.5,-3.0399995,-36.53846,2.0,7,0.5442550457763673,False,REGULAR,USD,SMH,call,2026-08-07,0.0958904109589041,5.11,0.001912532282680627,0.11235716241003002,4696.5135844608385,592.2899780273438,-0.04540186788465472,2026-07-03
SMH260807C00750000,2026-07-01 19:32:11+00:00,750.0,7.27,2.0,7.0,0.0,0.0,10.0,11,0.5491378094482424,False,REGULAR,USD,SMH,call,2026-08-07,0.0958904109589041,4.5,0.0017443358649131399,0.10014530970520108,6731.185571219169,592.2899780273438,-0.04540186788465472,2026-07-03
SMH260807C00755000,2026-06-26 16:38:16+00:00,755.0,8.0,1.55,6.5,0.0,0.0,1.0,1,0.5451095294189454,False,REGULAR,USD,SMH,call,2026-08-07,0.0958904109589041,4.025,0.0016459933645140525,0.09162677204178704,577.4266823682123,592.2899780273438,-0.04540186788465472,2026-07-03
SMH260807C00760000,2026-07-01 18:36:54+00:00,760.0,5.4,1.05,6.0,0.0,0.0,1.0,2,0.5387619366455079,False,REGULAR,USD,SMH,call,2026-08-07,0.0958904109589041,3.525,0.0015407513176887752,0.08256475311057365,1081.013983297726,592.2899780273438,-0.04540186788465472,2026-07-03
SMH260807C00770000,2026-07-01 17:19:09+00:00,770.0,5.3,0.6,5.5,0.0,0.0,1.0,4,0.5418136639404298,False,REGULAR,USD,SMH,call,2026-08-07,0.0958904109589041,3.05,0.001388530243513164,0.07253376713044273,1948.4268385649066,592.2899780273438,-0.04540186788465472,2026-07-03
SMH260807C00775000,2026-06-29 16:50:10+00:00,775.0,5.68,0.5,5.0,0.0,0.0,6.0,7,0.5396774548339844,False,REGULAR,USD,SMH,call,2026-08-07,0.0958904109589041,2.75,0.0013039118164933422,0.06650491083936938,3201.9535641598404,592.2899780273438,-0.04540186788465472,2026-07-03
SMH260807C00780000,2026-07-01 17:17:42+00:00,780.0,4.65,0.5,5.0,0.0,0.0,32.0,40,0.5495040167236329,False,REGULAR,USD,SMH,call,2026-08-07,0.0958904109589041,2.75,0.0012654237821179866,0.06548985264097298,17756.801990849977,592.2899780273438,-0.04540186788465472,2026-07-03
SMH260807C00790000,2026-07-01 19:16:29+00:00,790.0,3.82,0.0,4.75,0.0,0.0,2.0,12,0.5520064331054688,False,REGULAR,USD,SMH,call,2026-08-07,0.0958904109589041,2.375,0.0011360765576762667,0.05737986146086245,4782.5290071614145,592.2899780273438,-0.04540186788465472,2026-07-03
SMH260807C00800000,2026-07-02 17:26:38+00:00,800.0,1.8,0.32,5.0,-1.6500001,-47.82609,38.0,21,0.5837443969726561,False,REGULAR,USD,SMH,call,2026-08-07,0.0958904109589041,2.66,0.001118418726999848,0.06039904517010876,8239.341304777325,592.2899780273438,-0.04540186788465472,2026-07-03
SMH260807C00825000,2026-06-30 14:07:49+00:00,825.0,4.01,0.0,5.0,0.0,0.0,1.0,0,0.6214637463378907,False,REGULAR,USD,SMH,call,2026-08-07,0.0958904109589041,2.5,0.0009640681841728344,0.05415419562755348,0.0,592.2899780273438,-0.04540186788465472,2026-07-03
SMH260807C00830000,2026-07-02 17:40:24+00:00,830.0,1.43,0.0,5.0,-0.61,-29.901964,1.0,138,0.6302527209472657,False,REGULAR,USD,SMH,call,2026-08-07,0.0958904109589041,2.5,0.000941698773428773,0.05351288746387189,45588.97831247227,592.2899780273438,-0.04540186788465472,2026-07-03
SMH260807C00835000,2026-07-01 16:15:02+00:00,835.0,2.21,0.05,5.0,0.0,0.0,51.0,156,0.6401403173828125,False,REGULAR,USD,SMH,call,2026-08-07,0.0958904109589041,2.525,0.0009236217035614377,0.05325580941862542,50546.0818358043,592.2899780273438,-0.04540186788465472,2026-07-03
SMH260807C00840000,2026-07-01 14:45:22+00:00,840.0,1.99,0.0,5.0,0.0,0.0,5.0,19,0.6475254974365234,False,REGULAR,USD,SMH,call,2026-08-07,0.0958904109589041,2.5,0.0008997491423855669,0.052277125828893004,5997.134797496462,592.2899780273438,-0.04540186788465472,2026-07-03
SMH260807C00845000,2026-07-01 14:45:22+00:00,845.0,1.65,0.05,5.0,0.0,0.0,130.0,140,0.6573520593261719,False,REGULAR,USD,SMH,call,2026-08-07,0.0958904109589041,2.525,0.0008836102318430239,0.05207752141990115,43396.78336203375,592.2899780273438,-0.04540186788465472,2026-07-03
SMH260807C00850000,2026-07-01 14:45:22+00:00,850.0,1.55,0.0,5.0,0.0,0.0,2.0,3,0.6644931011962893,False,REGULAR,USD,SMH,call,2026-08-07,0.0958904109589041,2.5,0.0008613761631985493,0.05112481155837153,906.5314434003938,592.2899780273438,-0.04540186788465472,2026-07-03
SMH260807C00855000,2026-07-01 14:45:26+00:00,855.0,1.56,0.05,5.0,0.0,0.0,6.0,3,0.6741365594482425,False,REGULAR,USD,SMH,call,2026-08-07,0.0958904109589041,2.525,0.0008466200385380462,0.0509407203238907,891.0017694217113,592.2899780273438,-0.04540186788465472,2026-07-03
SMH260807C00860000,2026-07-01 14:50:58+00:00,860.0,1.48,0.0,5.0,0.0,0.0,2.0,4,0.6811555322265627,False,REGULAR,USD,SMH,call,2026-08-07,0.0958904109589041,2.5,0.0008261256387629315,0.05004414185791121,1159.2440093488049,592.2899780273438,-0.04540186788465472,2026-07-03
SMH260807C00865000,2026-07-01 14:27:02+00:00,865.0,1.54,0.0,5.0,0.0,0.0,4.0,5,0.6893951959228517,False,REGULAR,USD,SMH,call,2026-08-07,0.0958904109589041,2.5,0.0008096046593642676,0.04953380769035243,1420.0766010517066,592.2899780273438,-0.04540186788465472,2026-07-03
SMH260807C00870000,2026-06-30 17:22:26+00:00,870.0,1.99,0.05,5.0,0.0,0.0,2.0,1,0.6988555505371095,False,REGULAR,USD,SMH,call,2026-08-07,0.0958904109589041,2.525,0.0007968074594323492,0.04939106189871013,279.5259675436786,592.2899780273438,-0.04540186788465472,2026-07-03
SMH260807C00875000,2026-06-30 17:47:20+00:00,875.0,2.12,0.0,5.0,0.0,0.0,53.0,29,0.705630385131836,False,REGULAR,USD,SMH,call,2026-08-07,0.0958904109589041,2.5,0.0007784052894264899,0.048550231631604254,7919.040144113227,592.2899780273438,-0.04540186788465472,2026-07-03
SMH260807C00880000,2026-07-02 20:12:29+00:00,880.0,0.97,0.16,1.69,0.060000002,6.593407,1244.0,34,0.6049844189453126,False,REGULAR,USD,SMH,call,2026-08-07,0.0958904109589041,0.9249999999999999,0.0004873052057560089,0.022790331292685897,5812.309555500439,592.2899780273438,-0.04540186788465472,2026-07-03
SMH260807C00930000,2026-07-02 14:07:25+00:00,930.0,0.5,0.01,5.0,-0.04000002,-7.407411,114.0,233,0.7906515075683593,False,REGULAR,USD,SMH,call,2026-08-07,0.0958904109589041,2.505,0.0006433373671404728,0.044120926153356194,52585.19232672325,592.2899780273438,-0.04540186788465472,2026-07-03
SMH260807P00370000,2026-06-26 15:49:00+00:00,370.0,1.92,0.1,5.0,0.029999971,1.5873001,1.0,3,0.8953867883300779,False,REGULAR,USD,SMH,put,2026-08-07,0.0958904109589041,2.55,0.00043934187740160004,-0.032202699782115096,-462.3731689859957,592.2899780273438,-0.04540186788465472,2026-07-03
SMH260807P00375000,2026-07-01 17:21:50+00:00,375.0,1.56,0.0,2.7,0.0,0.0,1.0,2,0.776491492919922,False,REGULAR,USD,SMH,put,2026-08-07,0.0958904109589041,1.35,0.00035177227461021725,-0.020821297229193014,-246.8086468103904,592.2899780273438,-0.04540186788465472,2026-07-03
SMH260807P00390000,2026-07-02 17:26:10+00:00,390.0,2.38,0.81,3.9,0.32000017,15.53399,3.0,3,0.7969991003417969,False,REGULAR,USD,SMH,put,2026-08-07,0.0958904109589041,2.355,0.0005095976510612259,-0.033474955535120254,-536.3119086724703,592.2899780273438,-0.04540186788465472,2026-07-03
SMH260807P00395000,2026-07-02 17:44:50+00:00,395.0,2.47,0.92,5.0,-0.3499999,-12.411345,2.0,1,0.8139667041015625,False,REGULAR,USD,SMH,put,2026-08-07,0.0958904109589041,2.96,0.0005794595563522308,-0.04019051639910476,-203.27871084085905,592.2899780273438,-0.04540186788465472,2026-07-03
SMH260807P00400000,2026-07-01 16:17:36+00:00,400.0,2.0,2.0,3.5,0.0,0.0,4.0,4,0.7806418420410157,False,REGULAR,USD,SMH,put,2026-08-07,0.0958904109589041,2.75,0.0005915399812383779,-0.03915769688800019,-830.0664540175063,592.2899780273438,-0.04540186788465472,2026-07-03
SMH260807P00425000,2026-07-01 13:40:06+00:00,425.0,2.7,1.71,5.85,0.0,0.0,1.0,2,0.7302273071289063,False,REGULAR,USD,SMH,put,2026-08-07,0.0958904109589041,3.78,0.0008310637370819696,-0.055039509706883316,-583.0866477173737,592.2899780273438,-0.04540186788465472,2026-07-03
SMH260807P00450000,2026-07-02 18:10:16+00:00,450.0,5.83,3.1,7.75,1.9299998,49.487175,15.0,30,0.6898834722900393,False,REGULAR,USD,SMH,put,2026-08-07,0.0958904109589041,5.425,0.0011653956999671256,-0.07914253440004249,-12264.883696117467,592.2899780273438,-0.04540186788465472,2026-07-03
SMH260807P00465000,2026-07-02 18:21:12+00:00,465.0,7.06,4.15,9.0,2.6100001,58.65169,22.0,13,0.6622958575439455,False,REGULAR,USD,SMH,put,2026-08-07,0.0958904109589041,6.575,0.0014088867211836818,-0.09662427806754437,-6425.2228691801,592.2899780273438,-0.04540186788465472,2026-07-03
SMH260807P00475000,2026-07-02 19:25:21+00:00,475.0,8.75,5.05,10.0,3.44,64.78343,12.0,49,0.6456334265136718,False,REGULAR,USD,SMH,put,2026-08-07,0.0958904109589041,7.525,0.0015948984389578386,-0.11067351479728682,-27415.607969406457,592.2899780273438,-0.04540186788465472,2026-07-03
SMH260807P00480000,2026-07-02 19:41:13+00:00,480.0,9.1,6.0,10.7,3.2500005,55.555565,10.0,17,0.6452061846923829,False,REGULAR,USD,SMH,put,2026-08-07,0.0958904109589041,8.35,0.0016979140157137329,-0.12075486960207982,-10125.894143322888,592.2899780273438,-0.04540186788465472,2026-07-03
SMH260807P00485000,2026-06-30 14:38:48+00:00,485.0,5.05,6.5,11.45,0.0,0.0,24.0,21,0.6383092810058593,False,REGULAR,USD,SMH,put,2026-08-07,0.0958904109589041,8.975,0.0018010430089711478,-0.1293852389047867,-13268.204204075737,592.2899780273438,-0.04540186788465472,2026-07-03
SMH260807P00490000,2026-07-02 19:14:09+00:00,490.0,10.8,7.05,12.0,4.1800003,63.142002,11.0,18,0.6287268572998048,False,REGULAR,USD,SMH,put,2026-08-07,0.0958904109589041,9.525,0.001908244890699509,-0.13767093040093825,-12049.67633678419,592.2899780273438,-0.04540186788465472,2026-07-03
SMH260807P00495000,2026-07-02 19:36:12+00:00,495.0,11.25,8.0,12.65,4.21,59.801136,34.0,50,0.624027197265625,False,REGULAR,USD,SMH,put,2026-08-07,0.0958904109589041,10.325,0.002018958412876167,-0.14799774536669974,-35413.279400754334,592.2899780273438,-0.04540186788465472,2026-07-03
SMH260807P00500000,2026-07-02 19:41:13+00:00,500.0,12.13,8.55,13.5,4.6600003,62.38287,72.0,128,0.616062189025879,False,REGULAR,USD,SMH,put,2026-08-07,0.0958904109589041,11.025,0.0021341977966883936,-0.15783255895391224,-95832.62959493375,592.2899780273438,-0.04540186788465472,2026-07-03
SMH260807P00505000,2026-07-02 16:08:16+00:00,505.0,12.09,9.55,14.35,3.83,46.368034,11.0,11,0.6118508053588869,False,REGULAR,USD,SMH,put,2026-08-07,0.0958904109589041,11.95,0.002249997309080383,-0.16941334986193302,-8682.473213332682,592.2899780273438,-0.04540186788465472,2026-07-03
SMH260807P00510000,2026-07-02 19:13:53+00:00,510.0,14.29,10.5,15.45,5.55,63.50115,148.0,28,0.6084633880615236,False,REGULAR,USD,SMH,put,2026-08-07,0.0958904109589041,12.975,0.0023661286378611995,-0.18181510017210067,-23241.553391656136,592.2899780273438,-0.04540186788465472,2026-07-03
SMH260807P00515000,2026-07-02 16:35:08+00:00,515.0,13.4,11.5,16.45,3.3999996,33.999996,25.0,11,0.6033059689331056,False,REGULAR,USD,SMH,put,2026-08-07,0.0958904109589041,13.975,0.0024856908037183593,-0.1942310544684458,-9591.986502745194,592.2899780273438,-0.04540186788465472,2026-07-03
SMH260807P00525000,2026-07-02 16:56:53+00:00,525.0,16.57,13.5,18.3,5.49,49.548737,6.0,12,0.5883830224609375,False,REGULAR,USD,SMH,put,2026-08-07,0.0958904109589041,15.9,0.0027398246699260314,-0.21945001487187987,-11533.809821108529,592.2899780273438,-0.04540186788465472,2026-07-03
SMH260807P00530000,2026-07-02 19:28:20+00:00,530.0,19.25,14.8,19.45,7.5,63.829784,10.0,30,0.5839580178833007,False,REGULAR,USD,SMH,put,2026-08-07,0.0958904109589041,17.125,0.002861635392129357,-0.23388140968621596,-30116.487701259,592.2899780273438,-0.04540186788465472,2026-07-03
SMH260807P00535000,2026-07-02 19:06:33+00:00,535.0,20.3,16.0,21.0,9.829999,93.88729,4.0,5,0.5808147387695313,False,REGULAR,USD,SMH,put,2026-08-07,0.0958904109589041,18.5,0.002978266935126892,-0.2492440212709237,-5223.990669199879,592.2899780273438,-0.04540186788465472,2026-07-03
SMH260807P00540000,2026-07-02 19:58:44+00:00,540.0,20.5,17.5,22.45,6.8199997,49.853798,19.0,10,0.5780376669311523,False,REGULAR,USD,SMH,put,2026-08-07,0.0958904109589041,19.975,0.003090906682071296,-0.2652343438979172,-10843.129926377842,592.2899780273438,-0.04540186788465472,2026-07-03
SMH260807P00550000,2026-07-02 18:40:05+00:00,550.0,25.7,20.55,25.5,9.310001,56.80294,188.0,70,0.5701642105102539,False,REGULAR,USD,SMH,put,2026-08-07,0.0958904109589041,23.025,0.0033158139052676715,-0.2982046486200436,-81424.84804390752,592.2899780273438,-0.04540186788465472,2026-07-03
SMH260807P00555000,2026-07-02 19:06:33+00:00,555.0,26.75,22.0,26.95,10.1,60.660667,168.0,12,0.5632367895507813,False,REGULAR,USD,SMH,put,2026-08-07,0.0958904109589041,24.475,0.003438273748244611,-0.31488921204136244,-14474.063234941948,592.2899780273438,-0.04540186788465472,2026-07-03
SMH260807P00560000,2026-07-02 17:52:58+00:00,560.0,26.85,23.65,28.2,8.950001,50.000008,12.0,21,0.5552107467651368,False,REGULAR,USD,SMH,put,2026-08-07,0.0958904109589041,25.924999999999997,0.0035650485975901084,-0.3320213997863758,-26263.555370229995,592.2899780273438,-0.04540186788465472,2026-07-03
SMH260807P00565000,2026-07-02 16:16:26+00:00,565.0,26.85,25.5,30.5,8.110001,43.276417,7.0,41,0.5550581604003908,False,REGULAR,USD,SMH,put,2026-08-07,0.0958904109589041,28.0,0.003642061543247121,-0.35097313988625023,-52384.15046422466,592.2899780273438,-0.04540186788465472,2026-07-03
SMH260807P00570000,2026-07-02 16:39:11+00:00,570.0,30.53,28.0,32.5,16.16,112.4565,142.0,33,0.5559431613159181,False,REGULAR,USD,SMH,put,2026-08-07,0.0958904109589041,30.25,0.0037037433077918877,-0.37025408332957543,-42876.92069121633,592.2899780273438,-0.04540186788465472,2026-07-03
SMH260807P00575000,2026-07-02 17:38:02+00:00,575.0,34.73,29.5,34.0,12.619999,57.078236,6.0,31,0.5449874603271485,False,REGULAR,USD,SMH,put,2026-08-07,0.0958904109589041,31.75,0.0038348841794385584,-0.38871878008178895,-41704.480345370204,592.2899780273438,-0.04540186788465472,2026-07-03
SMH260807P00580000,2026-07-02 19:43:22+00:00,580.0,36.83,31.6,36.3,15.330002,71.30234,53.0,30,0.5425765957641603,False,REGULAR,USD,SMH,put,2026-08-07,0.0958904109589041,33.95,0.0039027966690088805,-0.40841028259627865,-41073.90068140705,592.2899780273438,-0.04540186788465472,2026-07-03
SMH260807P00585000,2026-07-02 19:39:41+00:00,585.0,39.15,34.7,38.5,13.500002,52.631588,5.0,24,0.5449569430541993,False,REGULAR,USD,SMH,put,2026-08-07,0.0958904109589041,36.6,0.003926916430371601,-0.4283823745173734,-33062.19393412148,592.2899780273438,-0.04540186788465472,2026-07-03
SMH260807P00590000,2026-07-02 19:19:29+00:00,590.0,42.73,36.25,40.8,15.859999,59.02493,22.0,7,0.5361374511718751,False,REGULAR,USD,SMH,put,2026-08-07,0.0958904109589041,38.525,0.004023215666076609,-0.44850198469297786,-9879.617301131717,592.2899780273438,-0.04540186788465472,2026-07-03
SMH260807P00597500,2026-07-02 16:49:17+00:00,597.5,42.75,39.55,44.5,3.3400002,8.475007,2.0,2,0.5288133056640626,True,REGULAR,USD,SMH,put,2026-08-07,0.0958904109589041,42.025,0.004107737396287201,-0.4793371620615746,-2882.049500215597,592.2899780273438,-0.04540186788465472,2026-07-03
SMH260807P00600000,2026-07-02 19:05:31+00:00,600.0,47.35,41.05,45.4,16.46,53.28585,60.0,27,0.5261430442810058,True,REGULAR,USD,SMH,put,2026-08-07,0.0958904109589041,43.224999999999994,0.004132774252102351,-0.4897786661267852,-39144.81235102946,592.2899780273438,-0.04540186788465472,2026-07-03
SMH260807P00607500,2026-07-02 16:27:36+00:00,607.5,49.94,45.0,49.35,15.389999,44.54414,18.0,12,0.5208788146972656,True,REGULAR,USD,SMH,put,2026-08-07,0.0958904109589041,47.175,0.0041701018362467375,-0.5210433358394895,-17554.831899233843,592.2899780273438,-0.04540186788465472,2026-07-03
SMH260807P00610000,2026-07-02 16:27:34+00:00,610.0,49.05,46.5,50.8,16.05,48.63636,9.0,11,0.5206041592407226,True,REGULAR,USD,SMH,put,2026-08-07,0.0958904109589041,48.65,0.004165307989891557,-0.5312290601407657,-16073.430355476932,592.2899780273438,-0.04540186788465472,2026-07-03
SMH260807P00612500,2026-07-01 13:51:52+00:00,612.5,30.8,47.65,52.45,0.0,0.0,9.0,5,0.5189562265014648,True,REGULAR,USD,SMH,put,2026-08-07,0.0958904109589041,50.05,0.00416852928075236,-0.5416417359323464,-7311.75497068365,592.2899780273438,-0.04540186788465472,2026-07-03
SMH260807P00615000,2026-07-02 16:27:36+00:00,615.0,51.9,49.15,54.0,17.25,49.78355,4.0,8,0.518681571044922,True,REGULAR,USD,SMH,put,2026-08-07,0.0958904109589041,51.575,0.004158277177169883,-0.5517451637861417,-11670.035841193265,592.2899780273438,-0.04540186788465472,2026-07-03
SMH260807P00617500,2026-06-29 15:38:58+00:00,617.5,49.15,50.5,55.5,8.190002,19.995123,1.0,3,0.5167284655761719,True,REGULAR,USD,SMH,put,2026-08-07,0.0958904109589041,53.0,0.004158203563954173,-0.5621894357469475,-4376.185968261058,592.2899780273438,-0.04540186788465472,2026-07-03
SMH260807P00620000,2026-07-02 14:02:03+00:00,620.0,37.5,52.05,56.8,9.57,34.26423,1.0,13,0.5144396701049804,True,REGULAR,USD,SMH,put,2026-08-07,0.0958904109589041,54.425,0.004157749651179675,-0.5727157192223873,-18961.40246154138,592.2899780273438,-0.04540186788465472,2026-07-03
SMH260807P00625000,2026-07-02 15:47:36+00:00,625.0,53.43,55.05,60.0,11.990002,28.933403,18.0,10,0.5122576850891114,True,REGULAR,USD,SMH,put,2026-08-07,0.0958904109589041,57.525,0.004130172816876898,-0.5930454303251638,-14488.952620782215,592.2899780273438,-0.04540186788465472,2026-07-03
SMH260807P00627500,2026-07-02 18:44:39+00:00,627.5,62.27,56.65,61.5,19.55,45.763103,1.0,13,0.5106707868957521,True,REGULAR,USD,SMH,put,2026-08-07,0.0958904109589041,59.075,0.00411583381613512,-0.6032829936746751,-18770.24544525352,592.2899780273438,-0.04540186788465472,2026-07-03
SMH260807P00630000,2026-07-02 15:59:13+00:00,630.0,57.58,58.05,63.0,13.09,29.422342,5.0,14,0.5073291455078125,True,REGULAR,USD,SMH,put,2026-08-07,0.0958904109589041,60.525,0.004110980792552376,-0.6140637786998027,-20190.27580608315,592.2899780273438,-0.04540186788465472,2026-07-03
SMH260807P00632500,2026-07-01 13:53:13+00:00,632.5,39.8,60.0,64.5,0.0,0.0,4.0,5,0.507542766418457,True,REGULAR,USD,SMH,put,2026-08-07,0.0958904109589041,62.25,0.004078285413718378,-0.6235953000773566,-7153.4638807286965,592.2899780273438,-0.04540186788465472,2026-07-03
SMH260807P00635000,2026-07-01 14:29:11+00:00,635.0,41.9,61.5,66.45,0.0,0.0,1.0,13,0.5074359559631347,True,REGULAR,USD,SMH,put,2026-08-07,0.0958904109589041,63.975,0.004045607933956522,-0.6331248690532675,-18449.980559938125,592.2899780273438,-0.04540186788465472,2026-07-03
SMH260807P00640000,2026-07-01 14:20:38+00:00,640.0,44.42,64.55,69.5,0.0,0.0,2.0,5,0.50040172454834,True,REGULAR,USD,SMH,put,2026-08-07,0.0958904109589041,67.025,0.004016230601148788,-0.654586061718999,-7044.61743784641,592.2899780273438,-0.04540186788465472,2026-07-03
SMH260807P00660000,2026-07-01 13:41:13+00:00,660.0,58.22,79.0,83.95,0.0,0.0,1.0,2,0.531803998413086,True,REGULAR,USD,SMH,put,2026-08-07,0.0958904109589041,81.475,0.0035127770292181994,-0.7094118564594686,-2464.616479762744,592.2899780273438,-0.04540186788465472,2026-07-03
SMH260807P00700000,2026-06-26 19:50:04+00:00,700.0,101.0,111.05,116.0,0.0,0.0,1.0,1,0.5185595019531251,True,REGULAR,USD,SMH,put,2026-08-07,0.0958904109589041,113.525,0.0027058845442690964,-0.8254510271838973,-949.2443705749746,592.2899780273438,-0.04540186788465472,2026-07-03
SMH260807P00750000,2026-06-29 19:28:45+00:00,750.0,124.75,156.5,161.45,0.0,0.0,2.0,2,0.5250291638183593,True,REGULAR,USD,SMH,put,2026-08-07,0.0958904109589041,158.975,0.001671903621242544,-0.9110372732170724,-1173.0323852654149,592.2899780273438,-0.04540186788465472,2026-07-03
SMH260807P00780000,2026-06-26 19:50:04+00:00,780.0,170.0,185.0,190.0,0.0,0.0,1.0,1,0.5295457202148439,True,REGULAR,USD,SMH,put,2026-08-07,0.0958904109589041,187.5,0.0011911646489721778,-0.9421946451861684,-417.8693950041307,592.2899780273438,-0.04540186788465472,2026-07-03
SMH260807P00790000,2026-06-26 19:50:04+00:00,790.0,179.5,195.0,199.5,0.0,0.0,1.0,1,0.5230760583496092,True,REGULAR,USD,SMH,put,2026-08-07,0.0958904109589041,197.25,0.0010249758831739693,-0.9528945513380133,-359.5691431619502,592.2899780273438,-0.04540186788465472,2026-07-03
SMH260807P00815000,2026-06-26 19:50:03+00:00,815.0,203.0,219.5,224.45,0.0,0.0,2.0,1,0.5643354113769532,True,REGULAR,USD,SMH,put,2026-08-07,0.0958904109589041,221.975,0.0008823254714652965,-0.9570291027931267,-309.5263205435755,592.2899780273438,-0.04540186788465472,2026-07-03
SMH260821C00195000,2026-04-27 13:34:57+00:00,195.0,316.6,401.55,406.5,0.0,0.0,0.0,1,1.9820557537841796,True,REGULAR,USD,SMH,call,2026-08-21,0.13424657534246576,404.025,0.00015244916592976467,0.9713058246222888,53.48029828699446,592.2899780273438,-0.04540186788465472,2026-07-03
SMH260821C00200000,2026-06-17 18:00:01+00:00,200.0,436.65,392.05,397.0,0.0,0.0,1.0,30,1.5593283752441405,True,REGULAR,USD,SMH,call,2026-08-21,0.13424657534246576,394.525,0.00010591533970495882,0.9859297391310369,1114.6766056822903,592.2899780273438,-0.04540186788465472,2026-07-03
SMH260821C00210000,2026-04-24 16:01:57+00:00,210.0,300.45,386.6,391.5,0.0,0.0,2.0,1,1.8623053759765624,True,REGULAR,USD,SMH,call,2026-08-21,0.13424657534246576,389.05,0.0001722396336052496,0.9691637125832686,60.422941154661395,592.2899780273438,-0.04540186788465472,2026-07-03
SMH260821C00220000,2026-06-08 19:02:01+00:00,220.0,381.6,372.55,377.5,0.0,0.0,2.0,15,1.484377578125,True,REGULAR,USD,SMH,call,2026-08-21,0.13424657534246576,375.025,0.00013574731187205512,0.9822571157323889,714.3174598200026,592.2899780273438,-0.04540186788465472,2026-07-03
SMH260821C00230000,2026-06-25 19:25:03+00:00,230.0,403.7,362.55,367.5,0.0,0.0,2.0,18,1.4232206573486328,True,REGULAR,USD,SMH,call,2026-08-21,0.13424657534246576,365.025,0.00014694942159403066,0.981465151231387,927.9170491773874,592.2899780273438,-0.04540186788465472,2026-07-03
SMH260821C00245000,2026-05-11 16:49:51+00:00,245.0,332.92,386.35,390.25,0.0,0.0,0.0,1,2.8313017498779294,True,REGULAR,USD,SMH,call,2026-08-21,0.13424657534246576,388.3,0.0002523569340049424,0.9154027759762688,88.52868445074692,592.2899780273438,-0.04540186788465472,2026-07-03
SMH260821C00250000,2026-05-01 19:32:22+00:00,250.0,263.7,347.85,352.05,0.0,0.0,1.0,1,1.626954990234375,True,REGULAR,USD,SMH,call,2026-08-21,0.13424657534246576,349.95000000000005,0.0002426557735757409,0.9602848527531918,85.12544540828004,592.2899780273438,-0.04540186788465472,2026-07-03
SMH260821C00260000,2026-06-11 18:09:01+00:00,260.0,338.43,333.05,338.0,0.0,0.0,0.0,2,1.2956578186035155,True,REGULAR,USD,SMH,call,2026-08-21,0.13424657534246576,335.525,0.00019864216781054634,0.9763147677103057,139.37029201953897,592.2899780273438,-0.04540186788465472,2026-07-03
SMH260821C00270000,2026-06-11 18:10:06+00:00,270.0,328.94,323.05,328.0,0.0,0.0,1.0,3,1.2425574981689451,True,REGULAR,USD,SMH,call,2026-08-21,0.13424657534246576,325.525,0.00021463425791878,0.9752897740508524,225.88586955062343,592.2899780273438,-0.04540186788465472,2026-07-03
SMH260821C00280000,2026-06-12 19:17:59+00:00,280.0,343.62,313.05,318.0,0.0,0.0,1.0,20,1.19141029296875,True,REGULAR,USD,SMH,call,2026-08-21,0.13424657534246576,315.525,0.00023191430643605194,0.9742235192622891,1627.14518109409,592.2899780273438,-0.04540186788465472,2026-07-03
SMH260821C00285000,2026-05-07 19:21:15+00:00,285.0,258.2,313.6,317.8,0.0,0.0,1.0,11,1.4438504370117187,True,REGULAR,USD,SMH,call,2026-08-21,0.13424657534246576,315.70000000000005,0.0003223984972173493,0.951282209317065,1244.0976283889158,592.2899780273438,-0.04540186788465472,2026-07-03
SMH260821C00295000,2026-06-10 15:48:14+00:00,295.0,282.85,298.55,303.5,0.0,0.0,1.0,41,1.15076108215332,True,REGULAR,USD,SMH,call,2026-08-21,0.13424657534246576,301.025,0.0002745698362039105,0.9697197891050188,3949.166548080827,592.2899780273438,-0.04540186788465472,2026-07-03
SMH260821C00300000,2026-05-07 19:50:22+00:00,300.0,246.72,298.95,303.2,0.0,0.0,1.0,23,1.3730500097656249,True,REGULAR,USD,SMH,call,2026-08-21,0.13424657534246576,301.075,0.0003637913702268597,0.9467699477757281,2935.276360038589,592.2899780273438,-0.04540186788465472,2026-07-03
SMH260821C00305000,2026-05-11 16:27:10+00:00,305.0,275.73,328.2,332.05,0.0,0.0,1.0,7,2.301762058105468,True,REGULAR,USD,SMH,call,2026-08-21,0.13424657534246576,330.125,0.0003817727968544896,0.8878171283598479,937.5011040815624,592.2899780273438,-0.04540186788465472,2026-07-03
SMH260821C00310000,2026-06-30 17:20:23+00:00,310.0,347.02,284.0,288.95,0.0,0.0,1.0,4,1.1053511529541018,True,REGULAR,USD,SMH,call,2026-08-21,0.13424657534246576,286.475,0.00032070560403527917,0.9651878417783026,450.0236196508769,592.2899780273438,-0.04540186788465472,2026-07-03
SMH260821C00320000,2026-06-17 19:49:16+00:00,320.0,311.07,274.0,278.95,0.0,0.0,1.0,30,1.05859845703125,True,REGULAR,USD,SMH,call,2026-08-21,0.13424657534246576,276.475,0.00034669687154239816,0.9636822493674713,3648.715030779023,592.2899780273438,-0.04540186788465472,2026-07-03
SMH260821C00325000,2026-06-22 17:11:55+00:00,325.0,341.7,269.05,274.0,0.0,0.0,1.0,5,1.038456956176758,True,REGULAR,USD,SMH,call,2026-08-21,0.13424657534246576,271.525,0.00036198178249358803,0.9626035246887372,634.9294725277124,592.2899780273438,-0.04540186788465472,2026-07-03
SMH260821C00330000,2026-06-24 19:11:45+00:00,330.0,281.0,264.5,269.45,0.0,0.0,2.0,31,1.0387621304321293,True,REGULAR,USD,SMH,call,2026-08-21,0.13424657534246576,266.975,0.0003886523700243968,0.9591762622313487,4226.606168126047,592.2899780273438,-0.04540186788465472,2026-07-03
SMH260821C00335000,2026-06-26 19:50:04+00:00,335.0,281.5,259.5,264.5,0.0,0.0,1.0,48,1.0173388977050783,True,REGULAR,USD,SMH,call,2026-08-21,0.13424657534246576,262.0,0.00040491226282841805,0.9581488806066542,6818.218822482198,592.2899780273438,-0.04540186788465472,2026-07-03
SMH260821C00340000,2026-06-24 15:27:55+00:00,340.0,283.45,254.55,259.5,0.0,0.0,3.0,15,0.9962158581542968,True,REGULAR,USD,SMH,call,2026-08-21,0.13424657534246576,257.025,0.0004219481833580071,0.9570890036268032,2220.3382914575664,592.2899780273438,-0.04540186788465472,2026-07-03
SMH260821C00345000,2026-06-15 19:19:56+00:00,345.0,306.55,250.0,254.95,0.0,0.0,1.0,52,0.9946899945068359,True,REGULAR,USD,SMH,call,2026-08-21,0.13424657534246576,252.475,0.00045076247139369855,0.9535096338673751,8222.80257516697,592.2899780273438,-0.04540186788465472,2026-07-03
SMH260821C00350000,2026-06-15 14:10:39+00:00,350.0,296.15,245.0,249.95,0.0,0.0,2.0,172,0.9725344543457031,True,REGULAR,USD,SMH,call,2026-08-21,0.13424657534246576,247.475,0.0004690690390938603,0.9524966994505774,28303.09854231961,592.2899780273438,-0.04540186788465472,2026-07-03
SMH260821C00360000,2026-06-30 16:25:56+00:00,360.0,296.45,235.5,240.0,0.0,0.0,5.0,46,0.9406744213867188,True,REGULAR,USD,SMH,call,2026-08-21,0.13424657534246576,237.75,0.000515555338571048,0.9487128768567752,8319.589311069134,592.2899780273438,-0.04540186788465472,2026-07-03
SMH260821C00365000,2026-07-02 18:28:10+00:00,365.0,228.46,230.5,235.5,-41.36,-15.328738,1.0,31,0.9291999267578125,True,REGULAR,USD,SMH,call,2026-08-21,0.13424657534246576,233.0,0.0005431310855210674,0.9460730707505638,5906.56682736873,592.2899780273438,-0.04540186788465472,2026-07-03
SMH260821C00370000,2026-06-30 16:25:56+00:00,370.0,286.65,225.55,230.5,0.0,0.0,5.0,160,0.9087533538818358,True,REGULAR,USD,SMH,call,2026-08-21,0.13424657534246576,228.025,0.0005663655825970702,0.9447169784587812,31789.639634482155,592.2899780273438,-0.04540186788465472,2026-07-03
SMH260821C00375000,2026-06-25 17:11:44+00:00,375.0,267.44,221.0,225.95,0.0,0.0,5.0,300,0.9044809356689454,True,REGULAR,USD,SMH,call,2026-08-21,0.13424657534246576,223.475,0.0006009209271501361,0.9407520591641305,63242.25567562503,592.2899780273438,-0.04540186788465472,2026-07-03
SMH260821C00380000,2026-07-02 18:28:10+00:00,380.0,213.78,216.05,221.0,-42.95999,-16.73288,1.0,152,0.8850719500732422,True,REGULAR,USD,SMH,call,2026-08-21,0.13424657534246576,218.525,0.0006274115562425621,0.939106812368055,33455.29547329112,592.2899780273438,-0.04540186788465472,2026-07-03
SMH260821C00385000,2026-07-02 18:28:10+00:00,385.0,209.15,211.5,216.0,-69.67001,-24.987452,1.0,22,0.871949522705078,True,REGULAR,USD,SMH,call,2026-08-21,0.13424657534246576,213.75,0.0006592236962531179,0.9363510278907706,5087.73238191226,592.2899780273438,-0.04540186788465472,2026-07-03
SMH260821C00390000,2026-06-24 18:58:58+00:00,390.0,225.74,206.55,211.5,0.0,0.0,1.0,32,0.860352958984375,True,REGULAR,USD,SMH,call,2026-08-21,0.13424657534246576,209.025,0.0006934969558959575,0.9332169632134804,7785.084049228699,592.2899780273438,-0.04540186788465472,2026-07-03
SMH260821C00395000,2026-07-02 18:28:10+00:00,395.0,199.53,202.0,206.5,-57.799988,-22.461428,1.0,30,0.8469253588867187,True,REGULAR,USD,SMH,call,2026-08-21,0.13424657534246576,204.25,0.0007281987340794135,0.9302907614800883,7663.725532362885,592.2899780273438,-0.04540186788465472,2026-07-03
SMH260821C00400000,2026-07-02 18:33:28+00:00,400.0,196.46,197.45,202.0,-24.339996,-11.023549,3.0,388,0.8411270770263672,True,REGULAR,USD,SMH,call,2026-08-21,0.13424657534246576,199.725,0.0007691790680934199,0.9257992794709261,104695.48449008731,592.2899780273438,-0.04540186788465472,2026-07-03
SMH260821C00405000,2026-06-09 15:27:21+00:00,405.0,185.15,192.5,197.5,0.0,0.0,2.0,34,0.8286149951171874,True,REGULAR,USD,SMH,call,2026-08-21,0.13424657534246576,195.0,0.0008077888474388136,0.922412438010501,9634.86287718035,592.2899780273438,-0.04540186788465472,2026-07-03
SMH260821C00410000,2026-07-01 17:26:00+00:00,410.0,220.09,187.55,192.5,0.0,0.0,3.0,71,0.8085346295166016,True,REGULAR,USD,SMH,call,2026-08-21,0.13424657534246576,190.025,0.0008438899983550848,0.9204230893282275,21019.04387361886,592.2899780273438,-0.04540186788465472,2026-07-03
SMH260821C00415000,2026-07-01 17:26:00+00:00,415.0,215.37,183.05,188.0,0.0,0.0,3.0,209,0.802187036743164,True,REGULAR,USD,SMH,call,2026-08-21,0.13424657534246576,185.525,0.0008898416387210142,0.915509961691532,65242.07698442081,592.2899780273438,-0.04540186788465472,2026-07-03
SMH260821C00420000,2026-07-02 18:33:28+00:00,420.0,177.68,178.5,183.0,-55.560013,-23.820963,1.0,168,0.7877218493652343,True,REGULAR,USD,SMH,call,2026-08-21,0.13424657534246576,180.75,0.0009332724711965241,0.9121164053856963,55003.01620426764,592.2899780273438,-0.04540186788465472,2026-07-03
SMH260821C00425000,2026-07-02 15:15:37+00:00,425.0,182.05,173.6,178.5,-67.84999,-27.150858,1.0,38,0.7751487329101563,True,REGULAR,USD,SMH,call,2026-08-21,0.13424657534246576,176.05,0.0009799107277976384,0.9081668939873397,13062.878189656542,592.2899780273438,-0.04540186788465472,2026-07-03
SMH260821C00430000,2026-06-29 15:46:14+00:00,430.0,199.48,169.05,174.0,0.0,0.0,5.0,263,0.7668175173950197,True,REGULAR,USD,SMH,call,2026-08-21,0.13424657534246576,171.525,0.0010307404577772252,0.903079195758131,95098.53785673234,592.2899780273438,-0.04540186788465472,2026-07-03
SMH260821C00435000,2026-06-26 18:51:28+00:00,435.0,186.16,164.55,169.5,0.0,0.0,1.0,70,0.7586083709716798,True,REGULAR,USD,SMH,call,2026-08-21,0.13424657534246576,167.025,0.0010835863837502738,0.897733331646392,26609.10990787066,592.2899780273438,-0.04540186788465472,2026-07-03
SMH260821C00440000,2026-07-02 16:55:37+00:00,440.0,158.0,160.05,165.0,-67.08,-29.802736,3.0,261,0.7498804309082032,True,REGULAR,USD,SMH,call,2026-08-21,0.13424657534246576,162.525,0.0011382783636827748,0.8922708955115825,104221.60488450281,592.2899780273438,-0.04540186788465472,2026-07-03
SMH260821C00445000,2026-06-16 13:31:07+00:00,445.0,207.61,155.55,160.5,0.0,0.0,1.0,227,0.7406336972045898,True,REGULAR,USD,SMH,call,2026-08-21,0.13424657534246576,158.025,0.0011949832064149478,0.8866900895823203,95160.43693487486,592.2899780273438,-0.04540186788465472,2026-07-03
SMH260821C00450000,2026-06-29 17:43:00+00:00,450.0,163.52,151.5,155.5,-25.679993,-13.572936,1.0,963,0.7304104107666016,True,REGULAR,USD,SMH,call,2026-08-21,0.13424657534246576,153.5,0.0012538292835906338,0.8811018548893719,423578.0669729092,592.2899780273438,-0.04540186788465472,2026-07-03
SMH260821C00455000,2026-07-01 20:00:57+00:00,455.0,173.74,146.55,151.5,0.0,0.0,1.0,168,0.720827987060547,True,REGULAR,USD,SMH,call,2026-08-21,0.13424657534246576,149.025,0.0013152207862062713,0.8750996754506084,77513.3869781314,592.2899780273438,-0.04540186788465472,2026-07-03
SMH260821C00460000,2026-07-02 16:31:48+00:00,460.0,140.0,142.8,147.0,-31.5,-18.367348,4.0,235,0.718050915222168,True,REGULAR,USD,SMH,call,2026-08-21,0.13424657534246576,144.9,0.001378500341900128,0.8670865426199622,113643.21425191856,592.2899780273438,-0.04540186788465472,2026-07-03
SMH260821C00465000,2026-06-23 19:41:28+00:00,465.0,169.86,138.4,142.7,0.0,0.0,2.0,140,0.7099028033447266,True,REGULAR,USD,SMH,call,2026-08-21,0.13424657534246576,140.55,0.0014438044795170094,0.8601358086688612,70909.62503234646,592.2899780273438,-0.04540186788465472,2026-07-03
SMH260821C00470000,2026-07-02 16:27:26+00:00,470.0,135.23,134.1,138.45,-58.270004,-30.113697,5.0,228,0.7026396923828125,True,REGULAR,USD,SMH,call,2026-08-21,0.13424657534246576,136.27499999999998,0.0015109510606191958,0.8526540265181273,120852.04761311816,592.2899780273438,-0.04540186788465472,2026-07-03
SMH260821C00475000,2026-06-30 18:04:51+00:00,475.0,188.88,129.8,134.0,0.0,0.0,4.0,450,0.6928741650390625,True,REGULAR,USD,SMH,call,2026-08-21,0.13424657534246576,131.9,0.0015813021131630231,0.8455104157172245,249629.63017947067,592.2899780273438,-0.04540186788465472,2026-07-03
SMH260821C00480000,2026-07-02 15:57:17+00:00,480.0,123.0,125.55,130.0,-44.240005,-26.453003,3.0,133,0.6871979522705078,True,REGULAR,USD,SMH,call,2026-08-21,0.13424657534246576,127.775,0.0016515892088849534,0.8369731103784765,77058.83622915854,592.2899780273438,-0.04540186788465472,2026-07-03
SMH260821C00485000,2026-06-30 19:15:27+00:00,485.0,182.15,121.35,125.85,0.0,0.0,14.0,211,0.6799348413085939,True,REGULAR,USD,SMH,call,2026-08-21,0.13424657534246576,123.6,0.00172455509398507,0.8285147620142724,127652.19788691141,592.2899780273438,-0.04540186788465472,2026-07-03
SMH260821C00490000,2026-06-26 19:51:23+00:00,490.0,137.88,117.15,121.5,0.0,0.0,1.0,340,0.67032190032959,True,REGULAR,USD,SMH,call,2026-08-21,0.13424657534246576,119.325,0.0018017791912500242,0.8203249353382085,214906.35204598843,592.2899780273438,-0.04540186788465472,2026-07-03
SMH260821C00495000,2026-06-22 15:10:17+00:00,495.0,182.62,113.05,117.5,0.0,0.0,2.0,136,0.6639437902832033,True,REGULAR,USD,SMH,call,2026-08-21,0.13424657534246576,115.275,0.0018776995994490874,0.8109297763683341,89584.68898197442,592.2899780273438,-0.04540186788465472,2026-07-03
SMH260821C00500000,2026-07-02 18:40:47+00:00,500.0,107.3,109.2,113.5,-27.059998,-20.139921,29.0,411,0.6588779229736328,True,REGULAR,USD,SMH,call,2026-08-21,0.13424657534246576,111.35,0.0019530529079493464,0.8008354136709448,281594.7791259457,592.2899780273438,-0.04540186788465472,2026-07-03
SMH260821C00505000,2026-06-29 14:33:46+00:00,505.0,124.58,105.05,109.5,0.0,0.0,50.0,216,0.6507298110961915,True,REGULAR,USD,SMH,call,2026-08-21,0.13424657534246576,107.275,0.002034209775081473,0.7911583760804675,154141.02986667954,592.2899780273438,-0.04540186788465472,2026-07-03
SMH260821C00510000,2026-06-29 14:39:21+00:00,510.0,119.14,101.0,106.0,0.0,0.0,2.0,75,0.64648791015625,True,REGULAR,USD,SMH,call,2026-08-21,0.13424657534246576,103.5,0.0021098040002412183,0.7801239830513569,55510.117047136606,592.2899780273438,-0.04540186788465472,2026-07-03
SMH260821C00515000,2026-06-29 14:33:46+00:00,515.0,116.58,98.25,101.15,0.0,0.0,50.0,220,0.6410863528442383,True,REGULAR,USD,SMH,call,2026-08-21,0.13424657534246576,99.7,0.0021878004588866914,0.7690127878128089,168849.2586523535,592.2899780273438,-0.04540186788465472,2026-07-03
SMH260821C00520000,2026-07-02 16:56:02+00:00,520.0,92.0,94.5,97.4,-29.019997,-23.979506,3.0,3843,0.6356237609863282,True,REGULAR,USD,SMH,call,2026-08-21,0.13424657534246576,95.95,0.0022662106126438513,0.7575440749713169,3055198.4267814625,592.2899780273438,-0.04540186788465472,2026-07-03
SMH260821C00525000,2026-06-29 15:18:49+00:00,525.0,113.68,90.8,93.7,0.0,0.0,1.0,493,0.6301001345825196,True,REGULAR,USD,SMH,call,2026-08-21,0.13424657534246576,92.25,0.002344876160854013,0.7457143948563352,405541.77618164936,592.2899780273438,-0.04540186788465472,2026-07-03
SMH260821C00530000,2026-07-02 17:13:06+00:00,530.0,84.21,86.05,91.0,-37.739998,-30.947107,4.0,81,0.6234931449890138,True,REGULAR,USD,SMH,call,2026-08-21,0.13424657534246576,88.525,0.0024266191790635935,0.7337332630377444,68953.35671688247,592.2899780273438,-0.04540186788465472,2026-07-03
SMH260821C00535000,2026-07-01 14:48:28+00:00,535.0,109.77,83.6,86.45,0.0,0.0,3.0,153,0.6191749508666994,True,REGULAR,USD,SMH,call,2026-08-21,0.13424657534246576,85.025,0.0025012985721379138,0.7209006409269322,134253.53636944783,592.2899780273438,-0.04540186788465472,2026-07-03
SMH260821C00540000,2026-07-02 17:13:06+00:00,540.0,77.31,79.05,84.0,-29.14,-27.374353,3.0,83,0.6140175317382813,True,REGULAR,USD,SMH,call,2026-08-21,0.13424657534246576,81.525,0.0025776595348265033,0.7078761799712325,75053.75314465725,592.2899780273438,-0.04540186788465472,2026-07-03
SMH260821C00545000,2026-07-02 15:50:30+00:00,545.0,82.39,76.7,79.55,-1.5699997,-1.8699378,4.0,122,0.6093789062500001,True,REGULAR,USD,SMH,call,2026-08-21,0.13424657534246576,78.125,0.0026510443519076167,0.694403243729102,113460.73496290327,592.2899780273438,-0.04540186788465472,2026-07-03
SMH260821C00550000,2026-07-02 17:21:16+00:00,550.0,71.35,73.35,76.15,-23.450005,-24.736292,11.0,250,0.6042214871215822,True,REGULAR,USD,SMH,call,2026-08-21,0.13424657534246576,74.75,0.002724894936194633,0.6806654555383989,238978.33927072544,592.2899780273438,-0.04540186788465472,2026-07-03
SMH260821C00555000,2026-07-02 17:21:16+00:00,555.0,68.25,70.1,72.95,-25.470001,-27.176697,12.0,121,0.6001321725463868,True,REGULAR,USD,SMH,call,2026-08-21,0.13424657534246576,71.525,0.0027925953154810754,0.6664384672872168,118539.24143348468,592.2899780273438,-0.04540186788465472,2026-07-03
SMH260821C00560000,2026-07-01 19:03:48+00:00,560.0,63.24,66.95,69.8,-26.369999,-29.427517,4.0,238,0.59610389251709,True,REGULAR,USD,SMH,call,2026-08-21,0.13424657534246576,68.375,0.0028575624541469237,0.6519025085011663,238584.0773512166,592.2899780273438,-0.04540186788465472,2026-07-03
SMH260821C00565000,2026-07-02 13:30:02+00:00,565.0,84.65,63.9,66.75,-1.8199997,-2.104776,4.0,429,0.5924418197631837,True,REGULAR,USD,SMH,call,2026-08-21,0.13424657534246576,65.325,0.0029180292575997236,0.6370481520995867,439152.84686818044,592.2899780273438,-0.04540186788465472,2026-07-03
SMH260821C00570000,2026-07-02 19:25:46+00:00,570.0,56.45,61.05,63.8,-27.069996,-32.411392,28.0,1464,0.589695265197754,True,REGULAR,USD,SMH,call,2026-08-21,0.13424657534246576,62.425,0.0029707850572736143,0.621881375262097,1525741.909700744,592.2899780273438,-0.04540186788465472,2026-07-03
SMH260821C00575000,2026-07-02 18:45:17+00:00,575.0,56.0,58.2,60.9,-28.900002,-34.04005,6.0,223,0.5863688824462892,True,REGULAR,USD,SMH,call,2026-08-21,0.13424657534246576,59.55,0.0030226397195017487,0.606540321789095,236461.26917429455,592.2899780273438,-0.04540186788465472,2026-07-03
SMH260821C00580000,2026-07-02 19:08:40+00:00,580.0,54.53,55.4,57.9,-21.800003,-28.560204,27.0,568,0.581882843322754,True,REGULAR,USD,SMH,call,2026-08-21,0.13424657534246576,56.65,0.00307671831814069,0.591007368440208,613062.6260941165,592.2899780273438,-0.04540186788465472,2026-07-03
SMH260821C00585000,2026-07-02 19:08:40+00:00,585.0,49.32,52.65,55.2,-17.129997,-25.77878,33.0,66,0.5785869778442383,True,REGULAR,USD,SMH,call,2026-08-21,0.13424657534246576,53.925,0.003120594468285634,0.5752459821378695,72252.02742568131,592.2899780273438,-0.04540186788465472,2026-07-03
SMH260821C00590000,2026-07-02 19:59:03+00:00,590.0,50.7,50.05,52.55,-40.429996,-44.365192,58.0,172,0.5755657678222657,True,REGULAR,USD,SMH,call,2026-08-21,0.13424657534246576,51.3,0.00315856920091874,0.5593318256263429,190584.5150620792,592.2899780273438,-0.04540186788465472,2026-07-03
SMH260821C00595000,2026-07-02 16:55:17+00:00,595.0,45.81,47.55,50.0,-18.84,-29.141531,12.0,119,0.5727886959838868,False,REGULAR,USD,SMH,call,2026-08-21,0.13424657534246576,48.775,0.0031905139236542692,0.5433070450560924,133191.45827357055,592.2899780273438,-0.04540186788465472,2026-07-03
SMH260821C00600000,2026-07-02 19:47:55+00:00,600.0,43.85,45.2,47.65,-20.43,-31.782827,237.0,3840,0.5711712805175782,False,REGULAR,USD,SMH,call,2026-08-21,0.13424657534246576,46.425,0.0032109896566544288,0.5273047975039895,4325525.725077712,592.2899780273438,-0.04540186788465472,2026-07-03
SMH260821C00605000,2026-07-02 19:36:00+00:00,605.0,42.07,42.7,45.15,-19.48,-31.649065,54.0,162,0.5669293795776368,False,REGULAR,USD,SMH,call,2026-08-21,0.13424657534246576,43.925,0.0032413872889501824,0.5109684578222164,184210.63834070455,592.2899780273438,-0.04540186788465472,2026-07-03
SMH260821C00610000,2026-07-02 19:39:22+00:00,610.0,39.26,40.4,43.05,-18.34,-31.84028,57.0,678,0.5652661882019043,False,REGULAR,USD,SMH,call,2026-08-21,0.13424657534246576,41.724999999999994,0.003251888500128753,0.49490505098968607,773453.3206219844,592.2899780273438,-0.04540186788465472,2026-07-03
SMH260821C00615000,2026-07-02 19:23:57+00:00,615.0,35.33,38.5,40.7,-19.469997,-35.529194,38.0,145,0.5635724795532228,False,REGULAR,USD,SMH,call,2026-08-21,0.13424657534246576,39.6,0.00325735534838924,0.47887995911097747,165692.14082898604,592.2899780273438,-0.04540186788465472,2026-07-03
SMH260821C00620000,2026-07-02 19:23:57+00:00,620.0,36.85,36.15,38.6,-15.150002,-29.134619,54.0,508,0.5598646308898927,False,REGULAR,USD,SMH,call,2026-08-21,0.13424657534246576,37.375,0.003269009104255454,0.46249431860345486,582570.6629063882,592.2899780273438,-0.04540186788465472,2026-07-03
SMH260821C00625000,2026-07-02 19:58:21+00:00,625.0,34.5,34.15,36.6,-15.950001,-31.615463,35.0,733,0.5578657495117189,False,REGULAR,USD,SMH,call,2026-08-21,0.13424657534246576,35.375,0.0032656152356737435,0.4464960663371806,839726.3020944503,592.2899780273438,-0.04540186788465472,2026-07-03
SMH260821C00630000,2026-07-02 19:34:40+00:00,630.0,31.88,32.2,34.65,-15.67,-32.954784,237.0,1180,0.5555922126770021,False,REGULAR,USD,SMH,call,2026-08-21,0.13424657534246576,33.425,0.003258473702028964,0.4305213677107859,1348854.1605904475,592.2899780273438,-0.04540186788465472,2026-07-03
SMH260821C00635000,2026-07-02 19:04:03+00:00,635.0,29.77,30.35,32.9,-18.43,-38.236515,64.0,159,0.5542036767578126,False,REGULAR,USD,SMH,call,2026-08-21,0.13424657534246576,31.625,0.0032413355758636117,0.4149127050768337,180796.44575111766,592.2899780273438,-0.04540186788465472,2026-07-03
SMH260821C00640000,2026-07-02 19:04:03+00:00,640.0,27.04,28.55,31.05,-15.610001,-36.600235,54.0,291,0.5516707431030273,False,REGULAR,USD,SMH,call,2026-08-21,0.13424657534246576,29.8,0.003225169877797624,0.3991124623979476,329241.3336427217,592.2899780273438,-0.04540186788465472,2026-07-03
SMH260821C00645000,2026-07-02 19:27:26+00:00,645.0,26.53,26.8,29.2,-16.039999,-37.679115,23.0,834,0.5485732398986818,False,REGULAR,USD,SMH,call,2026-08-21,0.13424657534246576,28.0,0.003206581273259732,0.38325437949305924,938160.3427557818,592.2899780273438,-0.04540186788465472,2026-07-03
SMH260821C00650000,2026-07-02 19:53:17+00:00,650.0,24.95,25.25,27.4,-12.950001,-34.168865,680.0,4622,0.5461165994262697,False,REGULAR,USD,SMH,call,2026-08-21,0.13424657534246576,26.325,0.0031795380994637697,0.36776660416820484,5155404.45826236,592.2899780273438,-0.04540186788465472,2026-07-03
SMH260821C00655000,2026-07-02 18:34:12+00:00,655.0,23.74,23.6,25.9,-14.059999,-37.195766,23.0,145,0.5440109075927735,False,REGULAR,USD,SMH,call,2026-08-21,0.13424657534246576,24.75,0.003145867809380426,0.3526041846190946,160021.0957514939,592.2899780273438,-0.04540186788465472,2026-07-03
SMH260821C00660000,2026-07-02 19:40:01+00:00,660.0,21.73,22.1,24.4,-13.77,-38.788734,82.0,1787,0.541966250305176,False,REGULAR,USD,SMH,call,2026-08-21,0.13424657534246576,23.25,0.003107209733884942,0.3376910766648502,1947887.584558225,592.2899780273438,-0.04540186788465472,2026-07-03
SMH260821C00665000,2026-07-02 19:40:08+00:00,665.0,20.7,20.7,22.95,-14.399998,-41.025635,56.0,244,0.5400589207458497,False,REGULAR,USD,SMH,call,2026-08-21,0.13424657534246576,21.825,0.0030634837957043554,0.323083684835473,262225.05312477954,592.2899780273438,-0.04540186788465472,2026-07-03
SMH260821C00670000,2026-07-02 19:34:52+00:00,670.0,19.48,19.35,21.6,-12.760002,-39.57817,30.0,489,0.5382736602783205,False,REGULAR,USD,SMH,call,2026-08-21,0.13424657534246576,20.475,0.003015063589203061,0.3088009920260528,517218.56312150456,592.2899780273438,-0.04540186788465472,2026-07-03
SMH260821C00675000,2026-07-02 19:39:11+00:00,675.0,18.29,18.5,20.3,-13.059999,-41.65869,107.0,1683,0.5393112475585939,False,REGULAR,USD,SMH,call,2026-08-21,0.13424657534246576,19.4,0.0029532938632829096,0.29613909524953685,1743650.9357598745,592.2899780273438,-0.04540186788465472,2026-07-03
SMH260821C00680000,2026-07-02 19:57:41+00:00,680.0,17.3,16.85,19.05,-12.300001,-41.554058,61.0,493,0.5345200357055665,False,REGULAR,USD,SMH,call,2026-08-21,0.13424657534246576,17.950000000000003,0.0029071407190527604,0.2810300138229864,502784.33910354966,592.2899780273438,-0.04540186788465472,2026-07-03
SMH260821C00685000,2026-07-02 19:31:35+00:00,685.0,15.89,15.1,18.75,-12.009999,-43.046593,29.0,54,0.5346726220703125,False,REGULAR,USD,SMH,call,2026-08-21,0.13424657534246576,16.925,0.002842375389228792,0.26863074539889825,53844.824060227846,592.2899780273438,-0.04540186788465472,2026-07-03
SMH260821C00690000,2026-07-02 20:01:25+00:00,690.0,15.77,14.7,16.65,-11.18,-41.48423,35.0,283,0.5308884802246094,False,REGULAR,USD,SMH,call,2026-08-21,0.13424657534246576,15.674999999999999,0.0027847871303289034,0.254582781640922,276469.48720875056,592.2899780273438,-0.04540186788465472,2026-07-03
SMH260821C00695000,2026-07-02 18:10:50+00:00,695.0,14.1,13.65,15.6,-8.9,-38.695652,9.0,131,0.5290879611206055,False,REGULAR,USD,SMH,call,2026-08-21,0.13424657534246576,14.625,0.0027189785752678307,0.2418730250289548,124952.75884541456,592.2899780273438,-0.04540186788465472,2026-07-03
SMH260821C00700000,2026-07-02 20:02:58+00:00,700.0,13.77,12.95,14.65,-7.7299995,-35.953487,398.0,3810,0.5298814102172852,False,REGULAR,USD,SMH,call,2026-08-21,0.13424657534246576,13.8,0.0026464141701642587,0.23090363684635473,3537134.361519145,592.2899780273438,-0.04540186788465472,2026-07-03
SMH260821C00705000,2026-07-02 19:41:40+00:00,705.0,12.22,11.85,13.85,-8.409999,-40.765873,45.0,333,0.528050373840332,False,REGULAR,USD,SMH,call,2026-08-21,0.13424657534246576,12.85,0.0025764785468165253,0.2189083701459829,300981.31297964277,592.2899780273438,-0.04540186788465472,2026-07-03
SMH260821C00710000,2026-07-02 19:22:00+00:00,710.0,10.68,11.0,12.95,-8.32,-43.789474,54.0,788,0.5265855447387696,False,REGULAR,USD,SMH,call,2026-08-21,0.13424657534246576,11.975,0.002504068315180855,0.20747605529543278,692215.2433749777,592.2899780273438,-0.04540186788465472,2026-07-03
SMH260821C00715000,2026-07-02 18:37:11+00:00,715.0,10.88,10.2,12.05,-8.62,-44.205128,13.0,217,0.5247545083618165,False,REGULAR,USD,SMH,call,2026-08-21,0.13424657534246576,11.125,0.002430211729017442,0.19621317810749522,185000.37753920886,592.2899780273438,-0.04540186788465472,2026-07-03
SMH260821C00720000,2026-07-02 19:56:04+00:00,720.0,10.1,9.45,11.35,-7.2199993,-41.68591,62.0,1681,0.5242357147216796,False,REGULAR,USD,SMH,call,2026-08-21,0.13424657534246576,10.399999999999999,0.0023545670917921825,0.18605115768678238,1388505.3312108645,592.2899780273438,-0.04540186788465472,2026-07-03
SMH260821C00725000,2026-07-02 19:51:44+00:00,725.0,9.32,8.75,10.55,-6.880001,-42.46914,58.0,219,0.5225267474365234,False,REGULAR,USD,SMH,call,2026-08-21,0.13424657534246576,9.65,0.002278246959733358,0.1756073465088921,175030.47947451912,592.2899780273438,-0.04540186788465472,2026-07-03
SMH260821C00730000,2026-07-02 18:10:09+00:00,730.0,8.41,8.15,9.95,-6.6500006,-44.156708,56.0,235,0.5228319201660157,False,REGULAR,USD,SMH,call,2026-08-21,0.13424657534246576,9.05,0.002202002302765375,0.16665766739438898,181532.50446891334,592.2899780273438,-0.04540186788465472,2026-07-03
SMH260821C00735000,2026-07-02 18:10:10+00:00,735.0,8.25,7.55,9.3,-5.95,-41.901405,25.0,142,0.5219774365234374,False,REGULAR,USD,SMH,call,2026-08-21,0.13424657534246576,8.425,0.0021253389401507446,0.15743739188301586,105873.02258923597,592.2899780273438,-0.04540186788465472,2026-07-03
SMH260821C00740000,2026-07-02 19:51:44+00:00,740.0,7.57,7.0,8.7,-5.57,-42.38965,3916.0,4764,0.521367091064453,False,REGULAR,USD,SMH,call,2026-08-21,0.13424657534246576,7.85,0.0020489831225072534,0.1487204801597813,3424355.953380122,592.2899780273438,-0.04540186788465472,2026-07-03
SMH260821C00745000,2026-07-02 16:22:34+00:00,745.0,7.5,6.45,7.8,-4.6800003,-38.423645,28.0,114,0.5169420864868165,False,REGULAR,USD,SMH,call,2026-08-21,0.13424657534246576,7.125,0.001967513544134694,0.13828928179069672,78684.89149402967,592.2899780273438,-0.04540186788465472,2026-07-03
SMH260821C00750000,2026-07-02 19:34:35+00:00,750.0,6.65,6.05,7.1,-5.7499995,-46.370964,346.0,1718,0.5152636364746093,False,REGULAR,USD,SMH,call,2026-08-21,0.13424657534246576,6.574999999999999,0.0018892173924003083,0.12973845214811003,1138607.0350876243,592.2899780273438,-0.04540186788465472,2026-07-03
SMH260821C00755000,2026-07-02 15:58:27+00:00,755.0,7.4,5.55,7.1,-3.65,-33.031673,21.0,119,0.5196276065063475,False,REGULAR,USD,SMH,call,2026-08-21,0.13424657534246576,6.324999999999999,0.0018231489449538377,0.12477035430581213,76109.32672257368,592.2899780273438,-0.04540186788465472,2026-07-03
SMH260821C00760000,2026-07-02 19:43:09+00:00,760.0,5.64,3.8,8.4,-5.2599998,-48.25688,96.0,107,0.5242357147216796,False,REGULAR,USD,SMH,call,2026-08-21,0.13424657534246576,6.1,0.001760331711514192,0.12019196442922614,66076.50422525233,592.2899780273438,-0.04540186788465472,2026-07-03
SMH260821C00765000,2026-07-02 16:20:04+00:00,765.0,5.13,4.75,6.2,-4.3599997,-45.943096,22.0,174,0.5188646746826171,False,REGULAR,USD,SMH,call,2026-08-21,0.13424657534246576,5.475,0.0016778829944860431,0.11073069467962038,102418.8013952186,592.2899780273438,-0.04540186788465472,2026-07-03
SMH260821C00770000,2026-07-02 16:42:32+00:00,770.0,4.9,4.4,5.85,-4.2000003,-46.153847,261.0,401,0.5194139855957032,False,REGULAR,USD,SMH,call,2026-08-21,0.13424657534246576,5.125,0.0016094819746591215,0.10466881319640492,226411.90460116186,592.2899780273438,-0.04540186788465472,2026-07-03
SMH260821C00775000,2026-07-02 17:42:04+00:00,775.0,4.54,3.65,6.15,-3.75,-45.23522,32.0,72,0.5227098510742187,False,REGULAR,USD,SMH,call,2026-08-21,0.13424657534246576,4.9,0.0015500766520019091,0.10026112557145161,39152.04394333739,592.2899780273438,-0.04540186788465472,2026-07-03
SMH260821C00780000,2026-07-02 18:03:05+00:00,780.0,4.05,3.75,5.15,-3.1799998,-43.9834,17.0,471,0.5194139855957032,False,REGULAR,USD,SMH,call,2026-08-21,0.13424657534246576,4.45,0.0014747620408950477,0.09288604408039547,243675.36546696388,592.2899780273438,-0.04540186788465472,2026-07-03
SMH260821C00785000,2026-07-02 19:27:27+00:00,785.0,3.75,3.45,4.8,-3.3200002,-46.958984,4.0,176,0.5188646746826171,False,REGULAR,USD,SMH,call,2026-08-21,0.13424657534246576,4.125,0.0014082404396051015,0.08716783529586514,86947.72990497875,592.2899780273438,-0.04540186788465472,2026-07-03
SMH260821C00790000,2026-07-02 14:00:24+00:00,790.0,6.37,1.5,6.4,-2.0299997,-24.166664,3.0,1374,0.5222215747070311,False,REGULAR,USD,SMH,call,2026-08-21,0.13424657534246576,3.95,0.0013553688283987604,0.08354290279866633,653300.5054956187,592.2899780273438,-0.04540186788465472,2026-07-03
SMH260821C00795000,2026-07-02 16:51:09+00:00,795.0,3.5,2.98,4.25,-4.5,-56.25,12.0,95,0.5202684692382812,False,REGULAR,USD,SMH,call,2026-08-21,0.13424657534246576,3.615,0.0012881089703314752,0.07771225623493108,42928.42729730478,592.2899780273438,-0.04540186788465472,2026-07-03
SMH260821C00800000,2026-07-02 19:36:34+00:00,800.0,3.3,2.81,3.9,-2.2900002,-40.966015,130.0,1837,0.519963296508789,False,REGULAR,USD,SMH,call,2026-08-21,0.13424657534246576,3.355,0.0012276402371055976,0.07290605350729391,791132.1595900429,592.2899780273438,-0.04540186788465472,2026-07-03
SMH260821C00805000,2026-07-02 18:29:16+00:00,805.0,3.0,2.54,3.75,-6.79,-69.35648,88.0,102,0.5208788146972656,False,REGULAR,USD,SMH,call,2026-08-21,0.13424657534246576,3.145,0.001173057721701473,0.06887273524599351,41974.76976110657,592.2899780273438,-0.04540186788465472,2026-07-03
SMH260821C00810000,2026-07-02 18:56:01+00:00,810.0,2.87,2.35,3.55,-2.2800002,-44.271847,54.0,152,0.5218553674316406,False,REGULAR,USD,SMH,call,2026-08-21,0.13424657534246576,2.95,0.001120640889336055,0.06507787125605555,59755.62881996868,592.2899780273438,-0.04540186788465472,2026-07-03
SMH260821C00815000,2026-07-02 18:30:30+00:00,815.0,2.75,2.17,3.3,-2.1,-43.29897,34.0,53,0.5215501947021484,False,REGULAR,USD,SMH,call,2026-08-21,0.13424657534246576,2.735,0.0010657573368618675,0.060969159850383293,19815.40572067671,592.2899780273438,-0.04540186788465472,2026-07-03
SMH260821C00820000,2026-07-02 18:30:30+00:00,820.0,2.58,2.0,3.15,-2.0500002,-44.276463,68.0,141,0.5228929547119141,False,REGULAR,USD,SMH,call,2026-08-21,0.13424657534246576,2.575,0.001018431578991892,0.05772642044906561,50375.542731935195,592.2899780273438,-0.04540186788465472,2026-07-03
SMH260821C00825000,2026-07-02 17:25:39+00:00,825.0,2.32,1.84,2.95,-2.0800002,-47.272728,2.0,134,0.5229539892578124,False,REGULAR,USD,SMH,call,2026-08-21,0.13424657534246576,2.395,0.0009685382009649858,0.05417321786872523,45529.231668292116,592.2899780273438,-0.04540186788465472,2026-07-03
SMH260821C00830000,2026-07-02 18:30:30+00:00,830.0,2.32,1.7,2.79,-1.4200001,-37.96792,9.0,68,0.5238695074462891,False,REGULAR,USD,SMH,call,2026-08-21,0.13424657534246576,2.245,0.0009234671798187666,0.051128551036795436,22029.221317775646,592.2899780273438,-0.04540186788465472,2026-07-03
SMH260821C00835000,2026-07-02 18:30:30+00:00,835.0,2.17,1.57,2.63,-1.8600001,-46.153847,17.0,90,0.5245408874511719,False,REGULAR,USD,SMH,call,2026-08-21,0.13424657534246576,2.1,0.0008793580462995595,0.04816407485710074,27763.679320457624,592.2899780273438,-0.04540186788465472,2026-07-03
SMH260821C00840000,2026-07-02 18:28:34+00:00,840.0,1.86,1.44,2.49,-1.59,-46.08696,129.0,547,0.5252733020019531,False,REGULAR,USD,SMH,call,2026-08-21,0.13424657534246576,1.965,0.0008372390136918938,0.04538449214827926,160659.1822160446,592.2899780273438,-0.04540186788465472,2026-07-03
SMH260821C00845000,2026-07-02 18:30:31+00:00,845.0,1.85,1.32,2.36,-1.4,-43.076923,4.0,31,0.5261277856445312,False,REGULAR,USD,SMH,call,2026-08-21,0.13424657534246576,1.8399999999999999,0.0007972786388505124,0.0427997379604583,8670.4290841432,592.2899780273438,-0.04540186788465472,2026-07-03
SMH260821C00850000,2026-07-02 19:51:16+00:00,850.0,1.68,1.26,2.19,-1.57,-48.307693,44.0,4618,0.5269822692871093,False,REGULAR,USD,SMH,call,2026-08-21,0.13424657534246576,1.725,0.0007590042777016269,0.04035887031976387,1229608.6804002083,592.2899780273438,-0.04540186788465472,2026-07-03
SMH260821C00855000,2026-07-02 18:39:38+00:00,855.0,1.55,1.12,2.13,-3.2300003,-67.57323,22.0,46,0.5283250292968751,False,REGULAR,USD,SMH,call,2026-08-21,0.13424657534246576,1.625,0.0007240307949281124,0.038205153925717,11683.78719356177,592.2899780273438,-0.04540186788465472,2026-07-03
SMH260821C00860000,2026-06-30 14:54:26+00:00,860.0,4.25,1.02,2.04,0.0,0.0,1.0,129,0.5295457202148439,False,REGULAR,USD,SMH,call,2026-08-21,0.13424657534246576,1.53,0.000690198384207984,0.0361339728350501,31234.3459926367,592.2899780273438,-0.04540186788465472,2026-07-03
SMH260821C00865000,2026-07-02 18:30:31+00:00,865.0,1.44,0.94,1.94,-1.06,-42.399998,6.0,26,0.5307664111328125,False,REGULAR,USD,SMH,call,2026-08-21,0.13424657534246576,1.44,0.0006578723274702355,0.03417778993139786,6000.44880813581,592.2899780273438,-0.04540186788465472,2026-07-03
SMH260821C00870000,2026-07-01 14:20:28+00:00,870.0,2.63,0.86,1.86,0.0,0.0,17.0,103,0.532231240234375,False,REGULAR,USD,SMH,call,2026-08-21,0.13424657534246576,1.36,0.0006277963772720382,0.032398256240425825,22684.26949710933,592.2899780273438,-0.04540186788465472,2026-07-03
SMH260821C00875000,2026-07-01 16:20:41+00:00,875.0,1.62,0.78,1.77,-0.5200001,-24.299068,1.0,10,0.5330857238769531,False,REGULAR,USD,SMH,call,2026-08-21,0.13424657534246576,1.275,0.0005971301849470631,0.030553087737487175,2094.7769843391493,592.2899780273438,-0.04540186788465472,2026-07-03
SMH260821C00880000,2026-07-02 15:19:02+00:00,880.0,1.3,0.71,1.69,-0.68000007,-34.343437,2.0,87,0.534184345703125,False,REGULAR,USD,SMH,call,2026-08-21,0.13424657534246576,1.2,0.0005686205460473559,0.028875360132338726,17354.438589057805,592.2899780273438,-0.04540186788465472,2026-07-03
SMH260821C00885000,2026-07-02 14:54:50+00:00,885.0,1.33,0.18,2.08,-0.65,-32.82828,3.0,49,0.5354050366210938,False,REGULAR,USD,SMH,call,2026-08-21,0.13424657534246576,1.1300000000000001,0.0005417974096008545,0.02732214003471563,9313.26096861872,592.2899780273438,-0.04540186788465472,2026-07-03
SMH260821C00890000,2026-07-02 15:18:34+00:00,890.0,1.17,0.59,1.55,-2.62,-69.12929,2.0,61,0.5369919348144532,False,REGULAR,USD,SMH,call,2026-08-21,0.13424657534246576,1.07,0.0005173321716988009,0.025943593127288982,11070.52176978182,592.2899780273438,-0.04540186788465472,2026-07-03
SMH260821C00895000,2026-06-25 14:16:02+00:00,895.0,1.16,0.53,1.49,-1.5400001,-57.037037,2.0,88,0.5383346948242189,False,REGULAR,USD,SMH,call,2026-08-21,0.13424657534246576,1.01,0.0004932850918672281,0.024584068561614627,15228.230111702942,592.2899780273438,-0.04540186788465472,2026-07-03
SMH260821C00900000,2026-07-01 16:53:58+00:00,900.0,1.1,0.0,5.0,-0.44999993,-29.032253,2.0,450,0.6322058264160157,False,REGULAR,USD,SMH,call,2026-08-21,0.13424657534246576,2.5,0.0007243544182829497,0.047731613551149986,114349.00646097903,592.2899780273438,-0.04540186788465472,2026-07-03
SMH260821C00905000,2026-06-18 14:07:08+00:00,905.0,4.59,0.43,2.06,0.0,0.0,23.0,58,0.5679974841308593,False,REGULAR,USD,SMH,call,2026-08-21,0.13424657534246576,1.245,0.0005250715197979473,0.028246936201593582,10683.54108146939,592.2899780273438,-0.04540186788465472,2026-07-03
SMH260821C00910000,2026-07-01 19:46:15+00:00,910.0,1.5,0.39,2.42,0.0,0.0,1.0,3444,0.584965087890625,False,REGULAR,USD,SMH,call,2026-08-21,0.13424657534246576,1.405,0.0005454581221452456,0.030640303715085387,659012.0019281349,592.2899780273438,-0.04540186788465472,2026-07-03
SMH260821C00915000,2026-07-01 13:33:07+00:00,915.0,1.8,0.35,2.9,0.0,0.0,1.0,64,0.6051064880371095,False,REGULAR,USD,SMH,call,2026-08-21,0.13424657534246576,1.625,0.0005728800578772582,0.033877706374061414,12862.116733993453,592.2899780273438,-0.04540186788465472,2026-07-03
SMH260821C00925000,2026-06-23 15:58:16+00:00,925.0,2.36,0.26,3.7,0.0,0.0,4.0,51,0.6378210046386719,False,REGULAR,USD,SMH,call,2026-08-21,0.13424657534246576,1.98,0.0006041367872721898,0.0385494079371312,10808.718991757412,592.2899780273438,-0.04540186788465472,2026-07-03
SMH260821C00930000,2026-06-23 16:38:52+00:00,930.0,2.19,0.23,4.0,0.0,0.0,1.0,89,0.6512486047363282,False,REGULAR,USD,SMH,call,2026-08-21,0.13424657534246576,2.115,0.0006114869396019923,0.04014136190602711,19091.759747500568,592.2899780273438,-0.04540186788465472,2026-07-03
SMH260821C00935000,2026-06-12 15:12:54+00:00,935.0,2.54,0.2,4.35,0.0,0.0,0.0,30,0.6656527575683595,False,REGULAR,USD,SMH,call,2026-08-21,0.13424657534246576,2.275,0.0006205901516794022,0.04199730496929105,6531.228863739995,592.2899780273438,-0.04540186788465472,2026-07-03
SMH260821C00940000,2026-06-30 19:25:41+00:00,940.0,1.64,0.17,1.03,0.0,0.0,4.0,1095,0.5493209130859377,False,REGULAR,USD,SMH,call,2026-08-21,0.13424657534246576,0.6,0.00031944241244863614,0.015096942280794477,122708.73088737871,592.2899780273438,-0.04540186788465472,2026-07-03
SMH260821C00945000,2026-07-01 14:20:32+00:00,945.0,1.02,0.15,4.9,0.0,0.0,20.0,68,0.6904327832031252,False,REGULAR,USD,SMH,call,2026-08-21,0.13424657534246576,2.5250000000000004,0.0006286707631958097,0.04465168127782083,14996.880973261392,592.2899780273438,-0.04540186788465472,2026-07-03
SMH260821C00950000,2026-07-01 14:44:32+00:00,950.0,0.93,0.3,5.0,0.0,0.0,3.0,5,0.7025176232910157,False,REGULAR,USD,SMH,call,2026-08-21,0.13424657534246576,2.65,0.0006317258930077148,0.0459010177145823,1108.0706472751604,592.2899780273438,-0.04540186788465472,2026-07-03
SMH260821C00960000,2026-07-02 16:42:25+00:00,960.0,0.61,0.07,5.0,-0.39,-39.0,1.0,5981,0.7091093542480469,False,REGULAR,USD,SMH,call,2026-08-21,0.13424657534246576,2.535,0.0006026859044100595,0.04380016524451746,1264543.009170903,592.2899780273438,-0.04540186788465472,2026-07-03
SMH260821C00975000,2026-07-01 20:14:58+00:00,975.0,0.75,0.02,5.0,0.0,0.0,36.0,37,0.725588681640625,False,REGULAR,USD,SMH,call,2026-08-21,0.13424657534246576,2.51,0.0005754654707058206,0.04255764831371459,7469.469570804344,592.2899780273438,-0.04540186788465472,2026-07-03
SMH260821C00980000,2026-07-02 19:54:57+00:00,980.0,0.75,0.01,5.0,0.110000014,17.187504,240.0,4361,0.7312038598632812,False,REGULAR,USD,SMH,call,2026-08-21,0.13424657534246576,2.505,0.0005672975040978529,0.04221253515927864,867892.0851056624,592.2899780273438,-0.04540186788465472,2026-07-03
SMH260821P00190000,2026-07-01 16:41:08+00:00,190.0,0.4,0.1,1.64,0.050000012,14.285718,4.0,551,1.4067412475585939,False,REGULAR,USD,SMH,put,2026-08-21,0.13424657534246576,0.87,6.124890322182525e-05,-0.006680073610692339,-11839.099849031223,592.2899780273438,-0.04540186788465472,2026-07-03
SMH260821P00195000,2026-06-05 17:23:43+00:00,195.0,0.47,0.0,5.0,0.0,0.0,1.0,2,1.625001875,False,REGULAR,USD,SMH,put,2026-08-21,0.13424657534246576,2.5,0.00010678277098262298,-0.014901521185934019,-74.92037636589656,592.2899780273438,-0.04540186788465472,2026-07-03
SMH260821P00200000,2026-07-01 17:28:11+00:00,200.0,0.3,0.1,5.0,0.0,0.0,2.0,89,1.5959492858886715,False,REGULAR,USD,SMH,put,2026-08-21,0.13424657534246576,2.55,0.00011219149471325292,-0.015455698331455325,-3502.827164505847,592.2899780273438,-0.04540186788465472,2026-07-03
SMH260821P00205000,2026-07-01 14:45:37+00:00,205.0,0.22,0.0,0.6,0.0,0.0,2.0,444,1.150394873046875,False,REGULAR,USD,SMH,put,2026-08-21,0.13424657534246576,0.3,3.737193176192547e-05,-0.0030658627159457774,-5820.995795049118,592.2899780273438,-0.04540186788465472,2026-07-03
SMH260821P00210000,2026-05-26 16:42:56+00:00,210.0,0.21,0.0,5.0,0.0,0.0,1.0,34,1.5239281616210936,False,REGULAR,USD,SMH,put,2026-08-21,0.13424657534246576,2.5,0.0001206699691930503,-0.015943822487462178,-1439.285291267507,592.2899780273438,-0.04540186788465472,2026-07-03
SMH260821P00215000,2026-07-01 17:30:21+00:00,215.0,0.33,0.02,5.0,0.0,0.0,2.0,17,1.4931665966796874,False,REGULAR,USD,SMH,put,2026-08-21,0.13424657534246576,2.51,0.0001258720057042257,-0.01635494866083753,-750.6661665861503,592.2899780273438,-0.04540186788465472,2026-07-03
SMH260821P00220000,2026-06-29 14:10:32+00:00,220.0,0.46,0.15,5.0,0.0,0.0,1.0,108,1.468508516845703,False,REGULAR,USD,SMH,put,2026-08-21,0.13424657534246576,2.575,0.00013241116507121508,-0.017017847797693886,-5016.688445788871,592.2899780273438,-0.04540186788465472,2026-07-03
SMH260821P00225000,2026-07-01 17:30:32+00:00,225.0,0.47,0.03,1.07,0.0,0.0,1.0,22,1.1362347875976564,False,REGULAR,USD,SMH,put,2026-08-21,0.13424657534246576,0.55,6.330008955501407e-05,-0.005448569079486987,-488.5351015709456,592.2899780273438,-0.04540186788465472,2026-07-03
SMH260821P00230000,2026-06-02 18:48:57+00:00,230.0,0.54,0.05,1.01,0.0,0.0,1.0,20,1.1069380590820312,False,REGULAR,USD,SMH,put,2026-08-21,0.13424657534246576,0.53,6.459336079176145e-05,-0.005412537259286254,-453.1966024785436,592.2899780273438,-0.04540186788465472,2026-07-03
SMH260821P00235000,2026-06-23 18:23:57+00:00,235.0,0.5,0.07,0.85,0.0,0.0,19.0,222,1.0639695239257816,False,REGULAR,USD,SMH,put,2026-08-21,0.13424657534246576,0.45999999999999996,6.195817898453049e-05,-0.004940304988756528,-4825.256313152259,592.2899780273438,-0.04540186788465472,2026-07-03
SMH260821P00240000,2026-06-23 19:22:14+00:00,240.0,0.47,0.15,3.0,0.0,0.0,7.0,245,1.2412147314453121,False,REGULAR,USD,SMH,put,2026-08-21,0.13424657534246576,1.575,0.0001244546842693652,-0.01302148208384224,-10696.608481586738,592.2899780273438,-0.04540186788465472,2026-07-03
SMH260821P00245000,2026-06-09 19:39:21+00:00,245.0,0.78,0.0,0.6,0.0,0.0,1.0,12,0.9672854833984376,False,REGULAR,USD,SMH,put,2026-08-21,0.13424657534246576,0.3,5.1956914234853026e-05,-0.0036473693228022963,-218.72245120437577,592.2899780273438,-0.04540186788465472,2026-07-03
SMH260821P00250000,2026-07-02 15:29:03+00:00,250.0,0.08,0.13,0.6,-0.47000003,-85.454544,10.0,635,0.9687503125,False,REGULAR,USD,SMH,put,2026-08-21,0.13424657534246576,0.365,6.0900168637680476e-05,-0.004362539577862368,-13566.286634143884,592.2899780273438,-0.04540186788465472,2026-07-03
SMH260821P00255000,2026-06-11 18:54:06+00:00,255.0,0.66,0.13,4.65,0.0,0.0,3.0,18,1.2507361682128906,False,REGULAR,USD,SMH,put,2026-08-21,0.13424657534246576,2.39,0.00016902948443497934,-0.018771395390758117,-1067.342346227054,592.2899780273438,-0.04540186788465472,2026-07-03
SMH260821P00260000,2026-06-24 13:48:42+00:00,260.0,0.63,0.14,1.54,0.0,0.0,2.0,289,1.035649353027344,False,REGULAR,USD,SMH,put,2026-08-21,0.13424657534246576,0.8400000000000001,0.00010612537571185763,-0.00880805310035182,-10759.345454108632,592.2899780273438,-0.04540186788465472,2026-07-03
SMH260821P00265000,2026-06-12 16:28:45+00:00,265.0,0.77,0.16,4.0,0.0,0.0,2.0,44,1.1700480950927734,False,REGULAR,USD,SMH,put,2026-08-21,0.13424657534246576,2.08,0.00017215866069756144,-0.017736036664999344,-2657.359551351189,592.2899780273438,-0.04540186788465472,2026-07-03
SMH260821P00270000,2026-05-29 16:23:36+00:00,270.0,0.55,0.18,3.6,0.0,0.0,10.0,122,1.1267133508300784,False,REGULAR,USD,SMH,put,2026-08-21,0.13424657534246576,1.8900000000000001,0.00017159385243113772,-0.01690429284880124,-7343.960352056498,592.2899780273438,-0.04540186788465472,2026-07-03
SMH260821P00275000,2026-06-17 19:24:38+00:00,275.0,0.7,0.19,3.2,0.0,0.0,1.0,46,1.0827682580566407,False,REGULAR,USD,SMH,put,2026-08-21,0.13424657534246576,1.695,0.00016983957174815216,-0.015944280918677056,-2740.7251559625984,592.2899780273438,-0.04540186788465472,2026-07-03
SMH260821P00280000,2026-06-26 15:28:41+00:00,280.0,0.95,0.21,2.73,0.0,0.0,1.0,44,1.0351610742187503,False,REGULAR,USD,SMH,put,2026-08-21,0.13424657534246576,1.47,0.00016529528313842008,-0.014660666656614696,-2551.41970587717,592.2899780273438,-0.04540186788465472,2026-07-03
SMH260821P00285000,2026-06-30 14:40:30+00:00,285.0,0.65,0.23,2.27,0.0,0.0,6.0,320,0.9870606762695313,False,REGULAR,USD,SMH,put,2026-08-21,0.13424657534246576,1.25,0.00015903565470350733,-0.013265931090428729,-17853.083970518048,592.2899780273438,-0.04540186788465472,2026-07-03
SMH260821P00290000,2026-06-30 14:44:36+00:00,290.0,0.82,0.29,1.71,0.0,0.0,1.0,206,0.9331061376953125,False,REGULAR,USD,SMH,put,2026-08-21,0.13424657534246576,1.0,0.00014798864205732294,-0.011441072429739574,-10694.595765355594,592.2899780273438,-0.04540186788465472,2026-07-03
SMH260821P00295000,2026-07-02 19:07:53+00:00,295.0,1.02,0.94,1.66,0.19999999,24.390244,4.0,50,0.9509282250976561,False,REGULAR,USD,SMH,put,2026-08-21,0.13424657534246576,1.2999999999999998,0.00017565755390566376,-0.014256415077371076,-3081.0986475212158,592.2899780273438,-0.04540186788465472,2026-07-03
SMH260821P00300000,2026-07-02 19:04:44+00:00,300.0,1.03,0.33,1.72,0.34999996,51.470585,858.0,4647,0.896241271972656,False,REGULAR,USD,SMH,put,2026-08-21,0.13424657534246576,1.025,0.0001624684669803658,-0.012162203767148605,-264856.4314701294,592.2899780273438,-0.04540186788465472,2026-07-03
SMH260821P00305000,2026-07-02 19:40:51+00:00,305.0,1.17,0.75,1.18,0.17999995,18.181812,283.0,6388,0.8686536572265625,False,REGULAR,USD,SMH,put,2026-08-21,0.13424657534246576,0.965,0.00016414062994037873,-0.011870854989747048,-367832.22276914597,592.2899780273438,-0.04540186788465472,2026-07-03
SMH260821P00310000,2026-07-01 19:59:42+00:00,310.0,1.1,0.35,1.2,0.0,0.0,21.0,10026,0.82226740234375,False,REGULAR,USD,SMH,put,2026-08-21,0.13424657534246576,0.7749999999999999,0.00015249472685733399,-0.01024094749880855,-536353.7172999573,592.2899780273438,-0.04540186788465472,2026-07-03
SMH260821P00315000,2026-07-02 15:40:48+00:00,315.0,1.12,0.4,2.13,-0.34000003,-23.287674,10.0,60,0.8664564135742188,False,REGULAR,USD,SMH,put,2026-08-21,0.13424657534246576,1.265,0.00020381814867297514,-0.015209467652855135,-4290.055109526378,592.2899780273438,-0.04540186788465472,2026-07-03
SMH260821P00320000,2026-07-02 16:28:29+00:00,320.0,1.25,0.48,1.8,0.25,25.0,1.0,107,0.8332536206054686,False,REGULAR,USD,SMH,put,2026-08-21,0.13424657534246576,1.1400000000000001,0.00020191882153300833,-0.014376584028920392,-7579.3043873005445,592.2899780273438,-0.04540186788465472,2026-07-03
SMH260821P00325000,2026-07-01 18:40:26+00:00,325.0,1.19,0.58,2.31,0.0,0.0,1.0,283,0.8464370825195311,False,REGULAR,USD,SMH,put,2026-08-21,0.13424657534246576,1.445,0.00023565232056040788,-0.017533063949561556,-23395.208745162985,592.2899780273438,-0.04540186788465472,2026-07-03
SMH260821P00330000,2026-07-02 15:44:05+00:00,330.0,1.5,0.75,2.4,0.14999998,11.111109,2.0,1337,0.8396012133789061,False,REGULAR,USD,SMH,put,2026-08-21,0.13424657534246576,1.575,0.00025559356937724834,-0.019104344557718256,-119880.92863913931,592.2899780273438,-0.04540186788465472,2026-07-03
SMH260821P00335000,2026-06-24 16:00:47+00:00,335.0,1.7,0.76,2.5,0.0,0.0,1.0,144,0.8254411987304686,False,REGULAR,USD,SMH,put,2026-08-21,0.13424657534246576,1.63,0.0002705936813568951,-0.02002616788029543,-13669.382981276653,592.2899780273438,-0.04540186788465472,2026-07-03
SMH260821P00340000,2026-07-01 18:03:28+00:00,340.0,1.52,0.0,1.95,0.0,0.0,1.0,306,0.7412135253906249,False,REGULAR,USD,SMH,put,2026-08-21,0.13424657534246576,0.975,0.00022085164770576653,-0.013926210158815122,-23707.7772704088,592.2899780273438,-0.04540186788465472,2026-07-03
SMH260821P00345000,2026-06-29 13:55:25+00:00,345.0,1.72,1.0,2.71,0.0,0.0,2.0,134,0.8061542822265625,False,REGULAR,USD,SMH,put,2026-08-21,0.13424657534246576,1.855,0.00031134137244909915,-0.022988884517221475,-14635.595643038045,592.2899780273438,-0.04540186788465472,2026-07-03
SMH260821P00350000,2026-07-02 18:41:05+00:00,350.0,2.07,1.2,2.3,0.31999993,18.285711,13.0,1417,0.77929908203125,False,REGULAR,USD,SMH,put,2026-08-21,0.13424657534246576,1.75,0.00031672575280557326,-0.022536892621903726,-157442.50665075844,592.2899780273438,-0.04540186788465472,2026-07-03
SMH260821P00355000,2026-06-30 15:01:29+00:00,355.0,1.59,1.29,2.95,0.0,0.0,4.0,151,0.788088056640625,False,REGULAR,USD,SMH,put,2026-08-21,0.13424657534246576,2.12,0.00035827546683929473,-0.026452535482569872,-18978.53941352551,592.2899780273438,-0.04540186788465472,2026-07-03
SMH260821P00360000,2026-06-29 19:58:58+00:00,360.0,1.93,1.43,3.0,0.0,0.0,10.0,1007,0.7758811474609376,False,REGULAR,USD,SMH,put,2026-08-21,0.13424657534246576,2.215,0.0003805629758876802,-0.027909720160519402,-134438.84518970727,592.2899780273438,-0.04540186788465472,2026-07-03
SMH260821P00365000,2026-06-24 16:54:57+00:00,365.0,2.4,1.58,3.25,0.0,0.0,13.0,217,0.7701439001464845,False,REGULAR,USD,SMH,put,2026-08-21,0.13424657534246576,2.415,0.0004110317988541525,-0.030348379126521108,-31289.881889995846,592.2899780273438,-0.04540186788465472,2026-07-03
SMH260821P00370000,2026-07-01 19:27:46+00:00,370.0,2.12,1.75,3.05,-0.1400001,-6.194695,1.0,3334,0.7507349145507812,False,REGULAR,USD,SMH,put,2026-08-21,0.13424657534246576,2.4,0.00042815819683740823,-0.030914179998883573,-500770.3725768275,592.2899780273438,-0.04540186788465472,2026-07-03
SMH260821P00375000,2026-07-02 14:53:18+00:00,375.0,2.5,1.96,3.55,0.51,25.628141,3.0,538,0.752932158203125,False,REGULAR,USD,SMH,put,2026-08-21,0.13424657534246576,2.755,0.00047092262450579184,-0.03482178458616214,-88879.29470774351,592.2899780273438,-0.04540186788465472,2026-07-03
SMH260821P00380000,2026-07-02 17:48:02+00:00,380.0,3.15,2.12,3.7,0.7800002,32.911404,1.0,898,0.7428004235839842,False,REGULAR,USD,SMH,put,2026-08-21,0.13424657534246576,2.91,0.0005017180440307093,-0.03700406791170063,-158053.75764047325,592.2899780273438,-0.04540186788465472,2026-07-03
SMH260821P00385000,2026-06-08 13:54:57+00:00,385.0,3.72,2.36,3.75,0.0,0.0,6.0,114,0.7318142053222656,False,REGULAR,USD,SMH,put,2026-08-21,0.13424657534246576,3.0549999999999997,0.0005332705710568409,-0.039155098502186125,-21326.58102692796,592.2899780273438,-0.04540186788465472,2026-07-03
SMH260821P00390000,2026-07-02 18:45:47+00:00,390.0,3.72,2.56,4.05,1.4300001,62.44542,3.0,675,0.7256497161865234,False,REGULAR,USD,SMH,put,2026-08-21,0.13424657534246576,3.3049999999999997,0.0005724648015477008,-0.04228785996138584,-135556.80680329047,592.2899780273438,-0.04540186788465472,2026-07-03
SMH260821P00395000,2026-07-01 14:36:48+00:00,395.0,2.7,2.82,4.25,0.0,0.0,2.0,3499,0.7178372943115234,False,REGULAR,USD,SMH,put,2026-08-21,0.13424657534246576,3.535,0.0006117800515170671,-0.045304863231001136,-750944.8140712114,592.2899780273438,-0.04540186788465472,2026-07-03
SMH260821P00400000,2026-07-02 19:43:04+00:00,400.0,4.1,3.15,4.15,0.91999984,28.930813,276.0,16135,0.7044707287597658,False,REGULAR,USD,SMH,put,2026-08-21,0.13424657534246576,3.6500000000000004,0.000646411406567815,-0.04739832286851242,-3658868.0635359716,592.2899780273438,-0.04540186788465472,2026-07-03
SMH260821P00405000,2026-07-02 19:07:15+00:00,405.0,4.5,3.4,4.65,1.3499999,42.857136,7.0,431,0.7017852087402343,False,REGULAR,USD,SMH,put,2026-08-21,0.13424657534246576,4.025,0.0006964616409200737,-0.051792579242839976,-105303.60522599127,592.2899780273438,-0.04540186788465472,2026-07-03
SMH260821P00410000,2026-07-02 19:30:30+00:00,410.0,4.8,3.7,4.9,2.0400002,73.91305,6.0,10289,0.6940948559570312,False,REGULAR,USD,SMH,put,2026-08-21,0.13424657534246576,4.300000000000001,0.0007426878308110916,-0.05539310614565418,-2680700.1793046533,592.2899780273438,-0.04540186788465472,2026-07-03
SMH260821P00415000,2026-07-02 18:02:28+00:00,415.0,5.2,4.05,5.15,2.08,66.66667,33.0,1032,0.6867707104492189,False,REGULAR,USD,SMH,put,2026-08-21,0.13424657534246576,4.6,0.0007918011071066309,-0.0592846833087205,-286658.33247466723,592.2899780273438,-0.04540186788465472,2026-07-03
SMH260821P00420000,2026-07-02 16:42:25+00:00,420.0,5.0,4.3,5.5,1.19,31.233597,4.0,2205,0.678836219482422,False,REGULAR,USD,SMH,put,2026-08-21,0.13424657534246576,4.9,0.0008427206430440842,-0.06325934986436321,-651869.9997370219,592.2899780273438,-0.04540186788465472,2026-07-03
SMH260821P00425000,2026-07-02 19:12:20+00:00,425.0,6.0,4.6,5.85,2.47,69.97167,141.0,1266,0.6712069012451174,False,REGULAR,USD,SMH,put,2026-08-21,0.13424657534246576,5.225,0.0008966460743347908,-0.06753422641637985,-398220.41933499824,592.2899780273438,-0.04540186788465472,2026-07-03
SMH260821P00430000,2026-07-02 16:51:09+00:00,430.0,5.9,5.0,6.2,1.3299999,29.10284,2.0,2737,0.664615170288086,False,REGULAR,USD,SMH,put,2026-08-21,0.13424657534246576,5.6,0.0009544642515411762,-0.07231362975673639,-916438.3034268654,592.2899780273438,-0.04540186788465472,2026-07-03
SMH260821P00435000,2026-07-02 18:33:45+00:00,435.0,6.34,5.4,6.65,1.7400002,37.826096,11.0,216,0.6588168884277343,False,REGULAR,USD,SMH,put,2026-08-21,0.13424657534246576,6.025,0.0010158391709842022,-0.07757321947902351,-76974.60601778279,592.2899780273438,-0.04540186788465472,2026-07-03
SMH260821P00440000,2026-07-02 19:31:58+00:00,440.0,7.18,5.8,7.05,2.1799998,43.599995,3.0,1287,0.6515537774658204,False,REGULAR,USD,SMH,put,2026-08-21,0.13424657534246576,6.425,0.0010784569081599862,-0.0827386317180715,-486911.5896041645,592.2899780273438,-0.04540186788465472,2026-07-03
SMH260821P00445000,2026-07-02 16:26:33+00:00,445.0,7.0,6.3,7.55,1.52,27.737226,1.0,288,0.646365841064453,False,REGULAR,USD,SMH,put,2026-08-21,0.13424657534246576,6.925,0.0011458709378234647,-0.08876580263006262,-115770.24724065654,592.2899780273438,-0.04540186788465472,2026-07-03
SMH260821P00450000,2026-07-02 19:17:38+00:00,450.0,8.5,6.8,8.0,2.65,45.29915,163.0,30080,0.6397741101074219,False,REGULAR,USD,SMH,put,2026-08-21,0.13424657534246576,7.4,0.0012147914873069327,-0.09472733580178927,-12818828.583938861,592.2899780273438,-0.04540186788465472,2026-07-03
SMH260821P00455000,2026-07-02 19:51:44+00:00,455.0,8.55,7.3,8.65,2.5,41.32231,6.0,670,0.6349523809814455,False,REGULAR,USD,SMH,put,2026-08-21,0.13424657534246576,7.975,0.0012878079442290831,-0.10152878681460475,-302687.6285243839,592.2899780273438,-0.04540186788465472,2026-07-03
SMH260821P00460000,2026-07-02 19:51:32+00:00,460.0,9.1,7.85,9.25,2.4600005,37.048203,1096.0,5251,0.6293066854858399,False,REGULAR,USD,SMH,put,2026-08-21,0.13424657534246576,8.55,0.001362868185081796,-0.10844666489382515,-2510525.517466884,592.2899780273438,-0.04540186788465472,2026-07-03
SMH260821P00465000,2026-07-02 19:21:19+00:00,465.0,10.55,8.45,9.9,3.4500003,48.591553,6.0,708,0.624027197265625,False,REGULAR,USD,SMH,put,2026-08-21,0.13424657534246576,9.175,0.0014407293544970079,-0.1158380387138549,-357836.32985370123,592.2899780273438,-0.04540186788465472,2026-07-03
SMH260821P00470000,2026-07-02 18:21:13+00:00,470.0,11.0,9.55,10.6,2.87,35.301353,15.0,1889,0.6238440936279297,False,REGULAR,USD,SMH,put,2026-08-21,0.13424657534246576,10.075,0.0015219412774182563,-0.1251656265803931,-1008552.7597868387,592.2899780273438,-0.04540186788465472,2026-07-03
SMH260821P00475000,2026-07-02 19:51:44+00:00,475.0,11.28,9.85,11.35,2.9299994,35.089813,164.0,39577,0.6147499462890625,False,REGULAR,USD,SMH,put,2026-08-21,0.13424657534246576,10.6,0.0016038915821755743,-0.13216549126075472,-22268278.65397892,592.2899780273438,-0.04540186788465472,2026-07-03
SMH260821P00480000,2026-07-02 17:47:49+00:00,480.0,13.0,10.55,12.15,4.7,56.626503,106.0,4247,0.6095925271606447,False,REGULAR,USD,SMH,put,2026-08-21,0.13424657534246576,11.350000000000001,0.0016887554493267894,-0.1407676947737504,-2516041.4566472983,592.2899780273438,-0.04540186788465472,2026-07-03
SMH260821P00485000,2026-07-02 19:54:28+00:00,485.0,13.0,11.35,12.95,3.67,39.335476,8.0,950,0.6045876943969729,False,REGULAR,USD,SMH,put,2026-08-21,0.13424657534246576,12.149999999999999,0.0017757227699574077,-0.1498285110646893,-591789.8841327755,592.2899780273438,-0.04540186788465472,2026-07-03
SMH260821P00490000,2026-07-02 19:54:28+00:00,490.0,13.91,12.15,13.8,4.21,43.402065,26.0,1764,0.5992166543579102,False,REGULAR,USD,SMH,put,2026-08-21,0.13424657534246576,12.975000000000001,0.001864914625171151,-0.15919466705138208,-1154054.4603996768,592.2899780273438,-0.04540186788465472,2026-07-03
SMH260821P00495000,2026-07-02 19:28:39+00:00,495.0,14.85,13.05,14.75,3.3500004,29.130438,10.0,310,0.5947916497802734,False,REGULAR,USD,SMH,put,2026-08-21,0.13424657534246576,13.9,0.0019552038033752535,-0.16928782086731786,-212628.99940043097,592.2899780273438,-0.04540186788465472,2026-07-03
SMH260821P00500000,2026-07-02 19:57:55+00:00,500.0,15.5,14.05,15.7,4.0,34.782608,372.0,21509,0.5903666452026368,False,REGULAR,USD,SMH,put,2026-08-21,0.13424657534246576,14.875,0.002046809079327515,-0.17981615642385163,-15444232.202971494,592.2899780273438,-0.04540186788465472,2026-07-03
SMH260821P00505000,2026-07-02 19:45:49+00:00,505.0,17.51,15.1,16.8,5.41,44.71074,43.0,384,0.5867045724487304,False,REGULAR,USD,SMH,put,2026-08-21,0.13424657534246576,15.95,0.0021383267687076824,-0.19101827010648909,-288054.1028059379,592.2899780273438,-0.04540186788465472,2026-07-03
SMH260821P00510000,2026-07-02 19:39:45+00:00,510.0,18.61,16.2,17.9,5.6100006,43.15385,95.0,1357,0.5824931887817383,False,REGULAR,USD,SMH,put,2026-08-21,0.13424657534246576,17.049999999999997,0.0022312310177996226,-0.20249050640870148,-1062167.8565894214,592.2899780273438,-0.04540186788465472,2026-07-03
SMH260821P00515000,2026-07-02 19:09:47+00:00,515.0,19.28,17.3,19.1,6.040001,45.619343,12.0,722,0.5781902532958985,False,REGULAR,USD,SMH,put,2026-08-21,0.13424657534246576,18.200000000000003,0.002324760921055996,-0.21437850673597003,-588822.3177243257,592.2899780273438,-0.04540186788465472,2026-07-03
SMH260821P00520000,2026-07-02 20:03:19+00:00,520.0,20.7,18.55,20.3,5.370001,35.02936,112.0,3568,0.5741009387207032,False,REGULAR,USD,SMH,put,2026-08-21,0.13424657534246576,19.425,0.0024179460727494413,-0.22677175845821762,-3026496.838341455,592.2899780273438,-0.04540186788465472,2026-07-03
SMH260821P00525000,2026-07-02 18:47:21+00:00,525.0,21.88,19.8,21.6,6.029999,38.044155,50.0,2295,0.5698590377807617,False,REGULAR,USD,SMH,put,2026-08-21,0.13424657534246576,20.700000000000003,0.0025112984969866236,-0.23956333657350148,-2021854.0152819306,592.2899780273438,-0.04540186788465472,2026-07-03
SMH260821P00530000,2026-07-02 19:55:57+00:00,530.0,23.25,21.0,23.0,6.3500004,37.573967,87.0,8129,0.5650678259277344,False,REGULAR,USD,SMH,put,2026-08-21,0.13424657534246576,22.0,0.002605909423804555,-0.2526533891775471,-7431307.087560718,592.2899780273438,-0.04540186788465472,2026-07-03
SMH260821P00535000,2026-07-02 19:39:47+00:00,535.0,25.51,22.35,24.4,7.950001,45.273354,63.0,1189,0.5604292004394531,False,REGULAR,USD,SMH,put,2026-08-21,0.13424657534246576,23.375,0.002699514511380279,-0.2662341726440549,-1125994.5520674342,592.2899780273438,-0.04540186788465472,2026-07-03
SMH260821P00540000,2026-07-02 20:14:35+00:00,540.0,25.05,23.9,25.95,5.92,30.94616,66.0,5476,0.5572554040527344,False,REGULAR,USD,SMH,put,2026-08-21,0.13424657534246576,24.924999999999997,0.002786450965120783,-0.2805962690481185,-5352831.993566976,592.2899780273438,-0.04540186788465472,2026-07-03
SMH260821P00545000,2026-07-02 17:51:11+00:00,545.0,29.97,25.4,27.55,10.57,54.484535,37.0,330,0.5531203135681153,False,REGULAR,USD,SMH,put,2026-08-21,0.13424657534246576,26.475,0.002875114791996456,-0.2951448317069255,-332841.82695714466,592.2899780273438,-0.04540186788465472,2026-07-03
SMH260821P00550000,2026-07-02 20:00:30+00:00,550.0,28.9,27.15,29.1,6.8999996,31.363634,769.0,4174,0.5493514303588869,False,REGULAR,USD,SMH,put,2026-08-21,0.13424657534246576,28.125,0.0029599984104301444,-0.31017561342209476,-4334237.355012016,592.2899780273438,-0.04540186788465472,2026-07-03
SMH260821P00555000,2026-07-02 19:21:19+00:00,555.0,31.38,28.75,30.95,8.509998,37.210308,32.0,168,0.5455978057861328,False,REGULAR,USD,SMH,put,2026-08-21,0.13424657534246576,29.85,0.003042046383263211,-0.325594903830394,-179284.96947760755,592.2899780273438,-0.04540186788465472,2026-07-03
SMH260821P00560000,2026-07-02 19:53:36+00:00,560.0,33.6,30.55,32.8,8.799999,35.48387,140.0,8786,0.5421493539428713,False,REGULAR,USD,SMH,put,2026-08-21,0.13424657534246576,31.674999999999997,0.0031193003145251396,-0.3414283037190218,-9614288.636198208,592.2899780273438,-0.04540186788465472,2026-07-03
SMH260821P00565000,2026-07-02 17:13:05+00:00,565.0,36.6,32.5,34.75,11.449999,45.526836,13.0,135,0.5392807302856447,False,REGULAR,USD,SMH,put,2026-08-21,0.13424657534246576,33.625,0.003189533115481335,-0.3576673243953903,-151053.10340795643,592.2899780273438,-0.04540186788465472,2026-07-03
SMH260821P00570000,2026-07-02 20:14:06+00:00,570.0,35.75,34.35,36.8,7.84,28.090292,4169.0,4657,0.5354355538940431,False,REGULAR,USD,SMH,put,2026-08-21,0.13424657534246576,35.575,0.0032609370632617945,-0.37410687412975907,-5327425.965586453,592.2899780273438,-0.04540186788465472,2026-07-03
SMH260821P00575000,2026-07-02 19:54:21+00:00,575.0,39.9,36.65,38.95,10.250002,34.569992,51.0,4046,0.5338944316101073,False,REGULAR,USD,SMH,put,2026-08-21,0.13424657534246576,37.8,0.00331392042424694,-0.39100144461781994,-4703668.6728150025,592.2899780273438,-0.04540186788465472,2026-07-03
SMH260821P00580000,2026-07-02 20:03:19+00:00,580.0,41.8,38.85,41.2,10.859999,35.10019,127.0,2198,0.5313614979553223,False,REGULAR,USD,SMH,put,2026-08-21,0.13424657534246576,40.025000000000006,0.0033673088803116156,-0.40802536449714577,-2596446.701265643,592.2899780273438,-0.04540186788465472,2026-07-03
SMH260821P00585000,2026-07-02 19:48:26+00:00,585.0,45.3,41.1,43.5,13.879999,44.175682,8057.0,258,0.528447098388672,False,REGULAR,USD,SMH,put,2026-08-21,0.13424657534246576,42.3,0.0034174821634690065,-0.42523963056966074,-309310.54827068304,592.2899780273438,-0.04540186788465472,2026-07-03
SMH260821P00590000,2026-07-02 19:57:53+00:00,590.0,46.1,43.45,45.85,11.899998,34.795315,45.0,398,0.5254258883666992,False,REGULAR,USD,SMH,put,2026-08-21,0.13424657534246576,44.650000000000006,0.0034625238557011045,-0.4426425868910473,-483442.2634243138,592.2899780273438,-0.04540186788465472,2026-07-03
SMH260821P00595000,2026-07-02 19:30:23+00:00,595.0,50.8,45.85,48.3,15.299999,43.09859,30.0,175,0.5223131265258788,True,REGULAR,USD,SMH,put,2026-08-21,0.13424657534246576,47.075,0.0035020822037211603,-0.4602149157233072,-214997.3727583551,592.2899780273438,-0.04540186788465472,2026-07-03
SMH260821P00600000,2026-07-02 19:53:46+00:00,600.0,50.69,48.2,50.75,11.279999,28.622173,682.0,8736,0.5179491564941407,True,REGULAR,USD,SMH,put,2026-08-21,0.13424657534246576,49.475,0.00354388234091089,-0.47805624874390584,-10860771.78919473,592.2899780273438,-0.04540186788465472,2026-07-03
SMH260821P00605000,2026-07-02 17:50:27+00:00,605.0,56.3,51.0,53.5,15.5,37.990196,19.0,193,0.516881051940918,True,REGULAR,USD,SMH,put,2026-08-21,0.13424657534246576,52.25,0.003556374595787483,-0.4956378627504744,-240787.29980124344,592.2899780273438,-0.04540186788465472,2026-07-03
SMH260821P00610000,2026-07-02 18:45:43+00:00,610.0,59.0,53.7,56.25,18.349998,45.141445,84.0,501,0.5143023423767088,True,REGULAR,USD,SMH,put,2026-08-21,0.13424657534246576,54.975,0.0035723985689779386,-0.5134159847712965,-627865.1830712765,592.2899780273438,-0.04540186788465472,2026-07-03
SMH260821P00615000,2026-07-02 18:15:15+00:00,615.0,61.61,56.5,59.1,16.84,37.614475,69.0,274,0.5118914778137207,True,REGULAR,USD,SMH,put,2026-08-21,0.13424657534246576,57.8,0.003580289428265562,-0.5311670527941027,-344141.83273644565,592.2899780273438,-0.04540186788465472,2026-07-03
SMH260821P00620000,2026-07-02 18:07:00+00:00,620.0,61.15,59.4,62.0,13.68,28.818203,60.0,4377,0.5093738027954101,True,REGULAR,USD,SMH,put,2026-08-21,0.13424657534246576,60.7,0.0035818511954318786,-0.5489072137418072,-5499875.44775439,592.2899780273438,-0.04540186788465472,2026-07-03
SMH260821P00625000,2026-07-02 18:00:34+00:00,625.0,69.5,62.35,65.0,19.75,39.698494,21.0,453,0.5067798345947265,True,REGULAR,USD,SMH,put,2026-08-21,0.13424657534246576,63.675,0.0035768020985702865,-0.5666062399753442,-568410.2252461435,592.2899780273438,-0.04540186788465472,2026-07-03
SMH260821P00630000,2026-07-02 18:33:07+00:00,630.0,69.2,65.05,68.05,15.549995,28.984148,54.0,342,0.5020191400146485,True,REGULAR,USD,SMH,put,2026-08-21,0.13424657534246576,66.55,0.0035786711200039736,-0.5848837881492852,-429355.13650174864,592.2899780273438,-0.04540186788465472,2026-07-03
SMH260821P00635000,2026-07-02 16:35:02+00:00,635.0,71.48,67.65,71.9,18.730003,35.507114,19.0,4510,0.5003864659118653,True,REGULAR,USD,SMH,put,2026-08-21,0.13424657534246576,69.775,0.0035528127943948032,-0.6021128710730465,-5621052.405653678,592.2899780273438,-0.04540186788465472,2026-07-03
SMH260821P00640000,2026-07-02 18:32:26+00:00,640.0,75.24,70.7,75.1,20.57,37.625755,4620.0,5370,0.52304554107666,True,REGULAR,USD,SMH,put,2026-08-21,0.13424657534246576,72.9,0.003379171169922655,-0.6104189622206,-6365803.742650087,592.2899780273438,-0.04540186788465472,2026-07-03
SMH260821P00645000,2026-07-02 18:33:07+00:00,645.0,77.8,74.0,78.65,21.300003,37.69912,16.0,123,0.5238084729003907,True,REGULAR,USD,SMH,put,2026-08-21,0.13424657534246576,76.325,0.003334094240847284,-0.6256188963546727,-143863.8740454132,592.2899780273438,-0.04540186788465472,2026-07-03
SMH260821P00650000,2026-07-02 19:12:08+00:00,650.0,86.16,77.55,81.8,23.010002,36.437057,22.0,277,0.5188036401367188,True,REGULAR,USD,SMH,put,2026-08-21,0.13424657534246576,79.675,0.003314059239261628,-0.6427531689988419,-322039.24852212047,592.2899780273438,-0.04540186788465472,2026-07-03
SMH260821P00655000,2026-07-02 16:28:33+00:00,655.0,84.35,81.05,85.0,23.349998,38.278687,6.0,257,0.5134326000976561,True,REGULAR,USD,SMH,put,2026-08-21,0.13424657534246576,83.025,0.0032886339182961934,-0.659964703119406,-296495.0336820919,592.2899780273438,-0.04540186788465472,2026-07-03
SMH260821P00660000,2026-07-01 16:25:24+00:00,660.0,70.87,84.0,88.95,5.5200043,8.446832,10.0,163,0.516606396484375,True,REGULAR,USD,SMH,put,2026-08-21,0.13424657534246576,86.475,0.0032174843936424516,-0.6732300472504151,-183980.9350295747,592.2899780273438,-0.04540186788465472,2026-07-03
SMH260821P00665000,2026-07-01 16:22:59+00:00,665.0,68.35,87.55,92.5,0.0,0.0,5.0,76,0.5138598419189453,True,REGULAR,USD,SMH,put,2026-08-21,0.13424657534246576,90.025,0.003169146985256449,-0.6887618335487657,-84493.78062543551,592.2899780273438,-0.04540186788465472,2026-07-03
SMH260821P00670000,2026-07-01 16:23:12+00:00,670.0,71.45,91.5,96.5,0.0,0.0,2.0,29,0.5161638960266113,True,REGULAR,USD,SMH,put,2026-08-21,0.13424657534246576,94.0,0.0030966352435912183,-0.7015666190818508,-31503.355820901725,592.2899780273438,-0.04540186788465472,2026-07-03
SMH260821P00675000,2026-07-01 17:05:10+00:00,675.0,104.76,95.05,100.0,26.760002,34.307693,1.0,70,0.5109607009887696,True,REGULAR,USD,SMH,put,2026-08-21,0.13424657534246576,97.525,0.003047968492201201,-0.7176678980161086,-74847.49699789505,592.2899780273438,-0.04540186788465472,2026-07-03
SMH260821P00680000,2026-06-30 13:37:12+00:00,680.0,70.4,99.05,104.0,0.0,0.0,3.0,32,0.5116931155395508,True,REGULAR,USD,SMH,put,2026-08-21,0.13424657534246576,101.525,0.002975073793167574,-0.7304581363299381,-33397.69459051812,592.2899780273438,-0.04540186788465472,2026-07-03
SMH260821P00685000,2026-07-01 19:18:15+00:00,685.0,83.5,103.0,107.5,0.0,0.0,5.0,45,0.504460521850586,True,REGULAR,USD,SMH,put,2026-08-21,0.13424657534246576,105.25,0.002920648895210611,-0.7470739354529938,-46106.33841101686,592.2899780273438,-0.04540186788465472,2026-07-03
SMH260821P00690000,2026-06-22 19:30:57+00:00,690.0,70.2,106.55,111.5,0.0,0.0,7.0,18,0.5034229345703125,True,REGULAR,USD,SMH,put,2026-08-21,0.13424657534246576,109.025,0.0028451588305824778,-0.7600585357986367,-17965.85082048614,592.2899780273438,-0.04540186788465472,2026-07-03
SMH260821P00695000,2026-06-30 17:13:26+00:00,695.0,72.31,110.55,115.5,0.0,0.0,8.0,7,0.5015613809204101,True,REGULAR,USD,SMH,put,2026-08-21,0.13424657534246576,113.025,0.0027685491520918525,-0.7730972679679768,-6798.59305894823,592.2899780273438,-0.04540186788465472,2026-07-03
SMH260821P00700000,2026-07-02 19:12:08+00:00,700.0,125.01,114.55,119.5,29.730003,31.202776,1.0,25,0.4988148263549804,True,REGULAR,USD,SMH,put,2026-08-21,0.13424657534246576,117.025,0.00269016906120287,-0.7862398729650183,-23593.28156341908,592.2899780273438,-0.04540186788465472,2026-07-03
SMH260821P00705000,2026-07-01 19:22:35+00:00,705.0,97.65,119.0,123.5,0.0,0.0,1.0,17,0.49506120178222657,True,REGULAR,USD,SMH,put,2026-08-21,0.13424657534246576,121.25,0.0026092629299719295,-0.7995675102383588,-15560.929456069032,592.2899780273438,-0.04540186788465472,2026-07-03
SMH260821P00720000,2026-07-02 16:36:22+00:00,720.0,136.9,131.55,136.5,44.559998,48.256443,1.0,1,0.49576309906005867,True,REGULAR,USD,SMH,put,2026-08-21,0.13424657534246576,134.025,0.0023512518608209934,-0.8300934416125835,-824.8365945307314,592.2899780273438,-0.04540186788465472,2026-07-03
SMH260821P00725000,2026-06-29 18:59:04+00:00,725.0,109.05,136.0,140.5,0.0,0.0,40.0,20,0.4880727462768555,True,REGULAR,USD,SMH,put,2026-08-21,0.13424657534246576,138.25,0.0022591180298087436,-0.844018946328764,-15850.307263125522,592.2899780273438,-0.04540186788465472,2026-07-03
SMH260821P00730000,2026-06-22 15:33:38+00:00,730.0,94.54,140.05,145.0,0.0,0.0,0.0,3,0.4890492990112305,True,REGULAR,USD,SMH,put,2026-08-21,0.13424657534246576,142.525,0.002172652780152815,-0.8524716857245145,-2286.5481365146825,592.2899780273438,-0.04540186788465472,2026-07-03
SMH260821P00735000,2026-06-22 13:31:34+00:00,735.0,96.5,144.55,149.5,0.0,0.0,0.0,1,0.489384989013672,True,REGULAR,USD,SMH,put,2026-08-21,0.13424657534246576,147.025,0.0020867121880085516,-0.8608885478304033,-732.0341149338846,592.2899780273438,-0.04540186788465472,2026-07-03
SMH260821P00740000,2026-06-15 19:59:34+00:00,740.0,112.0,149.05,154.0,0.0,0.0,1.0,1,0.48901878173828134,True,REGULAR,USD,SMH,put,2026-08-21,0.13424657534246576,151.525,0.0020007682639515563,-0.8693034830300613,-701.8843488365056,592.2899780273438,-0.04540186788465472,2026-07-03
SMH260821P00750000,2026-06-29 18:15:19+00:00,750.0,128.9,158.05,163.0,0.0,0.0,2.0,7,0.4859670544433594,True,REGULAR,USD,SMH,put,2026-08-21,0.13424657534246576,160.525,0.001826593589874931,-0.8862194658997271,-4485.478067911518,592.2899780273438,-0.04540186788465472,2026-07-03
SMH260821P00760000,2026-06-22 16:10:42+00:00,760.0,117.07,167.5,172.0,0.0,0.0,2.0,2,0.4793142889404296,True,REGULAR,USD,SMH,put,2026-08-21,0.13424657534246576,169.75,0.0016447399383478002,-0.9034200774685235,-1153.9739423421718,592.2899780273438,-0.04540186788465472,2026-07-03
SMH260821P00785000,2026-05-18 13:50:53+00:00,785.0,233.1,191.0,195.5,0.0,0.0,0.0,1,0.47632359619140624,True,REGULAR,USD,SMH,put,2026-08-21,0.13424657534246576,193.25,0.001260486638469622,-0.9326741213351615,-442.18806315531793,592.2899780273438,-0.04540186788465472,2026-07-03
SMH260821P00790000,2026-06-11 17:30:01+00:00,790.0,198.5,195.5,200.5,0.0,0.0,0.0,1,0.4845022253417969,True,REGULAR,USD,SMH,put,2026-08-21,0.13424657534246576,198.0,0.0012252716183187172,-0.9336512205992683,-429.83437285883855,592.2899780273438,-0.04540186788465472,2026-07-03
SMH260821P00820000,2026-06-17 19:59:11+00:00,820.0,199.43,224.55,229.5,0.0,0.0,0.0,1,0.48871360900878913,True,REGULAR,USD,SMH,put,2026-08-21,0.13424657534246576,227.025,0.0008909998675630059,-0.9551708307052572,-312.5693630419436,592.2899780273438,-0.04540186788465472,2026-07-03
SMH260821P00850000,2026-06-08 19:56:38+00:00,850.0,253.31,254.05,259.0,0.0,0.0,2.0,2,0.5024463818359376,True,REGULAR,USD,SMH,put,2026-08-21,0.13424657534246576,256.525,0.0006719451579313319,-0.9671917410949304,-471.44669187925024,592.2899780273438,-0.04540186788465472,2026-07-03
SMH260918C00100000,2026-06-30 18:32:01+00:00,100.0,556.0,491.55,496.5,0.0,0.0,1.0,284,1.9296878515625,True,REGULAR,USD,SMH,call,2026-09-18,0.21095890410958903,494.025,3.690173204228387e-05,0.9930468901769332,3676.4939805954423,592.2899780273438,-0.04540186788465472,2026-07-03
SMH260918C00105000,2026-06-16 18:13:58+00:00,105.0,499.45,487.0,491.95,-25.649963,-4.884777,2.0,16,1.949707282714844,True,REGULAR,USD,SMH,call,2026-09-18,0.21095890410958903,489.475,4.334007950404099e-05,0.9915548125710487,243.26434223730953,592.2899780273438,-0.04540186788465472,2026-07-03
SMH260918C00110000,2026-05-07 13:54:02+00:00,110.0,434.13,486.0,490.95,0.0,0.0,28.0,19,2.322758099365234,True,REGULAR,USD,SMH,call,2026-09-18,0.21095890410958903,488.475,6.682127139198169e-05,0.9829700018917095,445.38655609641233,592.2899780273438,-0.04540186788465472,2026-07-03
SMH260918C00120000,2026-06-17 18:00:09+00:00,120.0,499.5,472.0,476.85,-16.5,-3.1976745,1.0,1,1.7927256457519531,True,REGULAR,USD,SMH,call,2026-09-18,0.21095890410958903,474.425,5.04033255920259e-05,0.9908836663098085,17.681860513162388,592.2899780273438,-0.04540186788465472,2026-07-03
SMH260918C00130000,2026-05-18 15:13:39+00:00,130.0,418.21,462.05,467.0,0.0,0.0,2.0,12,1.7175307092285155,True,REGULAR,USD,SMH,call,2026-09-18,0.21095890410958903,464.525,5.689445044504795e-05,0.9900296158414128,239.50794315877974,592.2899780273438,-0.04540186788465472,2026-07-03
SMH260918C00140000,2026-05-13 18:18:17+00:00,140.0,436.82,491.25,495.6,0.0,0.0,2.0,16,3.5817271199035647,True,REGULAR,USD,SMH,call,2026-09-18,0.21095890410958903,493.425,9.579625658367091e-05,0.9558502714000626,537.6965989287218,592.2899780273438,-0.04540186788465472,2026-07-03
SMH260918C00145000,2026-06-24 13:30:21+00:00,145.0,476.0,447.5,452.45,0.0,0.0,1.0,31,1.6489275366210938,True,REGULAR,USD,SMH,call,2026-09-18,0.21095890410958903,449.975,7.108457654741116e-05,0.9877101201829058,773.0468996626888,592.2899780273438,-0.04540186788465472,2026-07-03
SMH260918C00150000,2026-05-13 18:18:32+00:00,150.0,426.94,481.4,485.75,0.0,0.0,38.0,32,3.4094253045654295,True,REGULAR,USD,SMH,call,2026-09-18,0.21095890410958903,483.575,0.00010748339321221413,0.9520812936537995,1206.591093067352,592.2899780273438,-0.04540186788465472,2026-07-03
SMH260918C00155000,2026-05-13 18:14:43+00:00,155.0,421.64,476.45,480.3,0.0,0.0,10.0,35,3.3197038491821287,True,REGULAR,USD,SMH,call,2026-09-18,0.21095890410958903,478.375,0.0001137780406855419,0.9502329582067393,1396.9963240150394,592.2899780273438,-0.04540186788465472,2026-07-03
SMH260918C00160000,2026-06-16 15:34:14+00:00,160.0,460.0,432.55,437.5,-13.0,-2.7484143,1.0,38,1.54297103515625,True,REGULAR,USD,SMH,call,2026-09-18,0.21095890410958903,435.025,8.211101503573507e-05,0.9865535940489988,1094.5958208372303,592.2899780273438,-0.04540186788465472,2026-07-03
SMH260918C00165000,2026-05-13 18:19:48+00:00,165.0,412.28,466.05,470.3,0.0,0.0,6.0,37,3.1591207545471196,True,REGULAR,USD,SMH,call,2026-09-18,0.21095890410958903,468.175,0.00012657779505957715,0.9465324466007582,1642.963890391863,592.2899780273438,-0.04540186788465472,2026-07-03
SMH260918C00170000,2026-05-13 18:20:52+00:00,170.0,407.95,461.0,465.15,0.0,0.0,2.0,18,3.0839256300354005,True,REGULAR,USD,SMH,call,2026-09-18,0.21095890410958903,463.075,0.00013318936080269772,0.9446883010629545,841.0286840004959,592.2899780273438,-0.04540186788465472,2026-07-03
SMH260918C00175000,2026-05-06 19:28:43+00:00,175.0,375.75,422.0,426.95,0.0,0.0,22.0,28,1.755860595703125,True,REGULAR,USD,SMH,call,2026-09-18,0.21095890410958903,424.475,0.00013083285061562503,0.9729155064128301,1285.1197666557282,592.2899780273438,-0.04540186788465472,2026-07-03
SMH260918C00185000,2026-06-09 15:32:09+00:00,185.0,396.3,408.0,412.95,0.0,0.0,50.0,38,1.4194364965820312,True,REGULAR,USD,SMH,call,2026-09-18,0.21095890410958903,410.475,0.00010832604724891955,0.9831556355343092,1444.060075921362,592.2899780273438,-0.04540186788465472,2026-07-03
SMH260918C00190000,2026-06-09 15:32:09+00:00,190.0,391.4,403.05,408.0,0.0,0.0,1.0,12,1.39294737121582,True,REGULAR,USD,SMH,call,2026-09-18,0.21095890410958903,405.525,0.00011360515622929173,0.9825794096586039,478.24237843706567,592.2899780273438,-0.04540186788465472,2026-07-03
SMH260918C00195000,2026-06-18 13:44:15+00:00,195.0,458.01,398.05,403.0,0.0,0.0,3.0,19,1.36328443359375,True,REGULAR,USD,SMH,call,2026-09-18,0.21095890410958903,400.525,0.00011838275344251532,0.9821732754080186,789.0614135082072,592.2899780273438,-0.04540186788465472,2026-07-03
SMH260918C00200000,2026-04-28 15:19:13+00:00,200.0,289.35,397.5,402.45,0.0,0.0,2.0,15,1.6020527709960937,True,REGULAR,USD,SMH,call,2026-09-18,0.21095890410958903,399.975,0.0001638790546699234,0.9681901321840597,862.3498206716331,592.2899780273438,-0.04540186788465472,2026-07-03
SMH260918C00205000,2026-06-24 13:30:21+00:00,205.0,417.0,388.05,393.0,0.0,0.0,1.0,4,1.3062778826904295,True,REGULAR,USD,SMH,call,2026-09-18,0.21095890410958903,390.525,0.00012840367137126034,0.981348472040436,180.17984169868035,592.2899780273438,-0.04540186788465472,2026-07-03
SMH260918C00210000,2026-06-16 19:41:44+00:00,210.0,414.3,383.5,388.45,0.0,0.0,10.0,15,1.3112827404785152,True,REGULAR,USD,SMH,call,2026-09-18,0.21095890410958903,385.975,0.00014052786054417608,0.9791633047692392,739.4732388694905,592.2899780273438,-0.04540186788465472,2026-07-03
SMH260918C00220000,2026-06-16 19:49:47+00:00,220.0,404.31,373.55,378.5,0.0,0.0,32.0,67,1.260623814086914,True,REGULAR,USD,SMH,call,2026-09-18,0.21095890410958903,376.025,0.00015290809848546758,0.9780233615022115,3593.9667805392833,592.2899780273438,-0.04540186788465472,2026-07-03
SMH260918C00225000,2026-06-16 19:42:15+00:00,225.0,399.54,368.55,373.5,0.0,0.0,0.0,10,1.2345008978271483,True,REGULAR,USD,SMH,call,2026-09-18,0.21095890410958903,371.025,0.0001590356769589163,0.9775401620897416,557.9089521523146,592.2899780273438,-0.04540186788465472,2026-07-03
SMH260918C00230000,2026-06-16 19:47:17+00:00,230.0,395.43,363.55,368.5,0.0,0.0,2.0,24,1.2089883300781248,True,REGULAR,USD,SMH,call,2026-09-18,0.21095890410958903,366.025,0.00016537676963560198,0.9770494852339472,1392.36954155742,592.2899780273438,-0.04540186788465472,2026-07-03
SMH260918C00235000,2026-06-16 19:49:35+00:00,235.0,389.33,359.0,363.95,0.0,0.0,24.0,12,1.2114297241210936,True,REGULAR,USD,SMH,call,2026-09-18,0.21095890410958903,361.475,0.00017916387206261543,0.9746935786760375,754.2241844400263,592.2899780273438,-0.04540186788465472,2026-07-03
SMH260918C00240000,2026-05-28 18:42:12+00:00,240.0,364.0,354.0,358.95,0.0,0.0,1.0,126,1.1865275048828123,True,REGULAR,USD,SMH,call,2026-09-18,0.21095890410958903,356.475,0.00018622266624682693,0.9741476048191806,8231.364884290526,592.2899780273438,-0.04540186788465472,2026-07-03
SMH260918C00245000,2026-06-16 19:49:10+00:00,245.0,379.79,349.05,354.0,0.0,0.0,2.0,3,1.1650432373046877,True,REGULAR,USD,SMH,call,2026-09-18,0.21095890410958903,351.525,0.0001943532530890494,0.9733800386198852,204.54168872997522,592.2899780273438,-0.04540186788465472,2026-07-03
SMH260918C00250000,2026-07-02 17:16:56+00:00,250.0,341.0,344.55,349.0,-10.640015,-3.025826,1.0,1488,1.1547893823242186,True,REGULAR,USD,SMH,call,2026-09-18,0.21095890410958903,346.775,0.00020598059276069386,0.9717599755852309,107522.16563983382,592.2899780273438,-0.04540186788465472,2026-07-03
SMH260918C00255000,2026-06-16 13:30:09+00:00,255.0,391.82,339.5,344.45,0.0,0.0,1.0,2,1.1416058544921874,True,REGULAR,USD,SMH,call,2026-09-18,0.21095890410958903,341.975,0.0002171663551905929,0.9703176350219346,152.36713671287742,592.2899780273438,-0.04540186788465472,2026-07-03
SMH260918C00260000,2026-06-03 15:25:17+00:00,260.0,379.86,334.5,339.45,0.0,0.0,1.0,381,1.1182295065307617,True,REGULAR,USD,SMH,call,2026-09-18,0.21095890410958903,336.975,0.00022559326092402,0.9696889473185955,30152.25976106293,592.2899780273438,-0.04540186788465472,2026-07-03
SMH260918C00270000,2026-05-22 14:23:43+00:00,270.0,308.9,324.55,329.5,0.0,0.0,1.0,116,1.0753220062255862,True,REGULAR,USD,SMH,call,2026-09-18,0.21095890410958903,327.025,0.0002442623476620567,0.968172856196251,9939.92904779119,592.2899780273438,-0.04540186788465472,2026-07-03
SMH260918C00275000,2026-06-17 19:47:10+00:00,275.0,356.28,320.0,324.95,0.0,0.0,2.0,2,1.0742233789062503,True,REGULAR,USD,SMH,call,2026-09-18,0.21095890410958903,322.475,0.00026112902874197725,0.9655287034671733,183.2120007130517,592.2899780273438,-0.04540186788465472,2026-07-03
SMH260918C00280000,2026-07-01 13:42:43+00:00,280.0,356.5,315.0,319.95,0.0,0.0,1.0,231,1.0521897976684573,True,REGULAR,USD,SMH,call,2026-09-18,0.21095890410958903,317.475,0.00027119390559823516,0.9648034077969188,21976.608612345757,592.2899780273438,-0.04540186788465472,2026-07-03
SMH260918C00290000,2026-05-26 13:38:59+00:00,290.0,306.27,305.5,310.0,0.0,0.0,1.0,64,1.0210009887695315,True,REGULAR,USD,SMH,call,2026-09-18,0.21095890410958903,307.75,0.00029709333433582146,0.9620733421398925,6670.2429148570545,592.2899780273438,-0.04540186788465472,2026-07-03
SMH260918C00295000,2026-06-16 14:20:19+00:00,295.0,351.5,300.5,305.45,0.0,0.0,1.0,1,1.009160227661133,True,REGULAR,USD,SMH,call,2026-09-18,0.21095890410958903,302.975,0.0003122129346276101,0.960263232693005,109.5266134852789,592.2899780273438,-0.04540186788465472,2026-07-03
SMH260918C00300000,2026-06-18 18:28:51+00:00,300.0,293.05,296.0,300.4,-71.5,-19.613222,1.0,227,0.9971313763427734,True,REGULAR,USD,SMH,call,2026-09-18,0.21095890410958903,298.2,0.0003278178197490598,0.9584209673808171,26105.20950829688,592.2899780273438,-0.04540186788465472,2026-07-03
SMH260918C00305000,2026-07-01 19:55:35+00:00,305.0,320.91,291.0,295.95,0.0,0.0,1.0,8,0.9869386071777344,True,REGULAR,USD,SMH,call,2026-09-18,0.21095890410958903,293.475,0.00034473993745738905,0.9563091003651328,967.4986189248184,592.2899780273438,-0.04540186788465472,2026-07-03
SMH260918C00310000,2026-06-30 17:20:23+00:00,310.0,348.77,286.0,290.95,0.0,0.0,1.0,48,0.9663089306640625,True,REGULAR,USD,SMH,call,2026-09-18,0.21095890410958903,288.475,0.0003579819420687926,0.9554019277774857,6027.970599044229,592.2899780273438,-0.04540186788465472,2026-07-03
SMH260918C00315000,2026-06-17 18:00:09+00:00,315.0,325.0,281.05,286.0,0.0,0.0,11.0,23,0.9478764978027343,True,REGULAR,USD,SMH,call,2026-09-18,0.21095890410958903,283.525,0.00037259252293451864,0.9542372201094141,3006.289082159432,592.2899780273438,-0.04540186788465472,2026-07-03
SMH260918C00320000,2026-06-22 14:36:46+00:00,320.0,352.0,276.5,281.45,0.0,0.0,10.0,229,0.9437261486816406,True,REGULAR,USD,SMH,call,2026-09-18,0.21095890410958903,278.975,0.00039402215675939643,0.9511981026135611,31653.730063953495,592.2899780273438,-0.04540186788465472,2026-07-03
SMH260918C00330000,2026-05-11 13:52:14+00:00,330.0,249.45,305.95,309.7,0.0,0.0,1.0,62,1.7261671406555177,True,REGULAR,USD,SMH,call,2026-09-18,0.21095890410958903,307.825,0.00044117266580594937,0.8738536976568088,9595.531916540154,592.2899780273438,-0.04540186788465472,2026-07-03
SMH260918C00335000,2026-06-22 13:43:29+00:00,335.0,335.0,262.0,266.95,0.0,0.0,2.0,15,0.9008188629150391,True,REGULAR,USD,SMH,call,2026-09-18,0.21095890410958903,264.475,0.0004493098509742775,0.9457083424994699,2364.318431016536,592.2899780273438,-0.04540186788465472,2026-07-03
SMH260918C00340000,2026-06-24 19:11:45+00:00,340.0,273.9,257.5,262.0,0.0,0.0,2.0,237,0.8899547137451171,True,REGULAR,USD,SMH,call,2026-09-18,0.21095890410958903,259.75,0.00047078107875449005,0.943279811829712,39141.37824741708,592.2899780273438,-0.04540186788465472,2026-07-03
SMH260918C00345000,2026-04-17 14:23:31+00:00,345.0,132.33,257.8,262.5,0.0,0.0,11.0,71,1.0142261203002927,True,REGULAR,USD,SMH,call,2026-09-18,0.21095890410958903,260.15,0.0005341852416676432,0.9209082585914246,13305.12632349914,592.2899780273438,-0.04540186788465472,2026-07-03
SMH260918C00350000,2026-06-25 15:11:27+00:00,350.0,285.15,248.0,252.5,0.0,0.0,1.0,1183,0.8663343444824219,True,REGULAR,USD,SMH,call,2026-09-18,0.21095890410958903,250.25,0.0005153630757689491,0.93849096059866,213878.34374629214,592.2899780273438,-0.04540186788465472,2026-07-03
SMH260918C00355000,2026-04-22 14:12:06+00:00,355.0,129.15,248.1,253.0,0.0,0.0,8.0,33,0.9810792907714845,True,REGULAR,USD,SMH,call,2026-09-18,0.21095890410958903,250.55,0.0005768203159204141,0.9162058784997249,6677.643908737005,592.2899780273438,-0.04540186788465472,2026-07-03
SMH260918C00360000,2026-07-02 15:36:34+00:00,360.0,251.23,238.5,243.0,-27.720016,-9.93727,1.0,317,0.8423172506713867,True,REGULAR,USD,SMH,call,2026-09-18,0.21095890410958903,240.75,0.0005633610537972066,0.9334770145364693,62649.10204173352,592.2899780273438,-0.04540186788465472,2026-07-03
SMH260918C00365000,2026-05-06 19:25:35+00:00,365.0,193.78,239.0,243.5,0.0,0.0,4.0,64,0.9549259878540038,True,REGULAR,USD,SMH,call,2026-09-18,0.21095890410958903,241.25,0.0006238378527489839,0.9102467601290849,14006.204570766182,592.2899780273438,-0.04540186788465472,2026-07-03
SMH260918C00370000,2026-05-26 19:50:03+00:00,370.0,242.1,229.0,233.95,0.0,0.0,2.0,132,0.8237322314453124,True,REGULAR,USD,SMH,call,2026-09-18,0.21095890410958903,231.475,0.0006176742324844249,0.9271708606994733,28602.380757355375,592.2899780273438,-0.04540186788465472,2026-07-03
SMH260918C00375000,2026-07-02 19:02:38+00:00,375.0,221.28,224.5,229.0,-42.140015,-15.997272,5.0,213,0.8118915295410156,True,REGULAR,USD,SMH,call,2026-09-18,0.21095890410958903,226.75,0.0006452931166642647,0.9243259645668711,48217.57938931037,592.2899780273438,-0.04540186788465472,2026-07-03
SMH260918C00380000,2026-07-02 18:44:06+00:00,380.0,216.95,219.55,224.5,-31.050003,-12.520163,1.0,453,0.7999897930908204,True,REGULAR,USD,SMH,call,2026-09-18,0.21095890410958903,222.025,0.0006740226338687876,0.9214037448350894,107112.8193789355,592.2899780273438,-0.04540186788465472,2026-07-03
SMH260918C00385000,2026-07-02 16:56:04+00:00,385.0,212.0,215.0,219.7,-8.369995,-3.7981555,1.0,301,0.7891866784667969,True,REGULAR,USD,SMH,call,2026-09-18,0.21095890410958903,217.35,0.0007043771416394606,0.9181722590198678,74377.3186485717,592.2899780273438,-0.04540186788465472,2026-07-03
SMH260918C00390000,2026-06-04 16:39:44+00:00,390.0,244.72,210.5,215.0,0.0,0.0,1.0,455,0.7798789102172851,True,REGULAR,USD,SMH,call,2026-09-18,0.21095890410958903,212.75,0.0007364991017113611,0.9145288696892809,117558.05346896446,592.2899780273438,-0.04540186788465472,2026-07-03
SMH260918C00395000,2026-06-29 14:00:37+00:00,395.0,223.2,206.0,210.5,0.0,0.0,1.0,709,0.7725242474365235,True,REGULAR,USD,SMH,call,2026-09-18,0.21095890410958903,208.25,0.0007704658863771481,0.9103511913945468,191632.1701533769,592.2899780273438,-0.04540186788465472,2026-07-03
SMH260918C00400000,2026-07-02 16:34:59+00:00,400.0,198.0,201.35,205.8,-57.559998,-22.523087,2.0,4481,0.7611107873535157,True,REGULAR,USD,SMH,call,2026-09-18,0.21095890410958903,203.575,0.0008043440679868756,0.9068817710392745,1264403.168343786,592.2899780273438,-0.04540186788465472,2026-07-03
SMH260918C00405000,2026-06-02 13:47:37+00:00,405.0,228.4,196.55,201.5,0.0,0.0,1.0,205,0.7521692263793945,True,REGULAR,USD,SMH,call,2026-09-18,0.21095890410958903,199.025,0.0008403075142616662,0.9027564242150504,60431.15244018676,592.2899780273438,-0.04540186788465472,2026-07-03
SMH260918C00410000,2026-06-18 14:55:38+00:00,410.0,256.62,192.05,197.0,0.0,0.0,8.0,257,0.7439600799560546,True,REGULAR,USD,SMH,call,2026-09-18,0.21095890410958903,194.525,0.0008777422838653827,0.8983196586874271,79135.05561412375,592.2899780273438,-0.04540186788465472,2026-07-03
SMH260918C00415000,2026-05-05 16:16:07+00:00,415.0,129.58,193.65,197.85,0.0,0.0,4.0,55,0.8382584533691406,True,REGULAR,USD,SMH,call,2026-09-18,0.21095890410958903,195.75,0.0009152070785266048,0.8725091039891781,17658.378772033946,592.2899780273438,-0.04540186788465472,2026-07-03
SMH260918C00420000,2026-06-12 16:18:59+00:00,420.0,213.84,183.05,188.0,0.0,0.0,1.0,1126,0.7265957516479492,True,REGULAR,USD,SMH,call,2026-09-18,0.21095890410958903,185.525,0.0009563975668058446,0.8891757295583145,377785.79255485366,592.2899780273438,-0.04540186788465472,2026-07-03
SMH260918C00425000,2026-06-23 19:43:58+00:00,425.0,207.6,178.55,183.5,0.0,0.0,1.0,1068,0.7175321215820312,True,REGULAR,USD,SMH,call,2026-09-18,0.21095890410958903,181.025,0.00099780859984494,0.884443259930707,373841.2874288795,592.2899780273438,-0.04540186788465472,2026-07-03
SMH260918C00430000,2026-06-15 15:05:47+00:00,430.0,192.99,174.5,179.0,-32.449997,-14.394072,1.0,1449,0.7121305642700196,True,REGULAR,USD,SMH,call,2026-09-18,0.21095890410958903,176.75,0.0010406685037089652,0.8786630887362511,528992.56050833,592.2899780273438,-0.04540186788465472,2026-07-03
SMH260918C00435000,2026-06-03 13:30:08+00:00,435.0,217.96,170.55,174.75,0.0,0.0,1.0,53,0.7092009060668946,True,REGULAR,USD,SMH,call,2026-09-18,0.21095890410958903,172.65,0.0010842357450751743,0.8720879077411685,20158.97094247205,592.2899780273438,-0.04540186788465472,2026-07-03
SMH260918C00440000,2026-07-02 16:24:55+00:00,440.0,162.85,166.2,170.45,-40.549988,-19.93608,8.0,2575,0.7019988296508789,True,REGULAR,USD,SMH,call,2026-09-18,0.21095890410958903,168.325,0.0011292156997764254,0.8663288739180481,1020053.4035176345,592.2899780273438,-0.04540186788465472,2026-07-03
SMH260918C00445000,2026-06-25 19:02:52+00:00,445.0,201.6,161.9,166.2,0.0,0.0,1.0,158,0.6951934777832032,True,REGULAR,USD,SMH,call,2026-09-18,0.21095890410958903,164.05,0.0011753602641034742,0.8602699412958107,65147.36572955262,592.2899780273438,-0.04540186788465472,2026-07-03
SMH260918C00450000,2026-06-18 19:39:57+00:00,450.0,175.26,157.8,161.85,-49.740005,-22.10667,1.0,423,0.6887848504638674,True,REGULAR,USD,SMH,call,2026-09-18,0.21095890410958903,159.825,0.0012225646110282007,0.8539029060270777,181418.24274449324,592.2899780273438,-0.04540186788465472,2026-07-03
SMH260918C00455000,2026-06-05 18:34:49+00:00,455.0,143.03,153.4,157.8,0.0,0.0,2.0,250,0.6819489813232424,True,REGULAR,USD,SMH,call,2026-09-18,0.21095890410958903,155.60000000000002,0.0012711191787578534,0.8474234415976913,111479.50929034373,592.2899780273438,-0.04540186788465472,2026-07-03
SMH260918C00460000,2026-07-01 16:51:20+00:00,460.0,150.0,149.2,153.35,-30.449997,-16.87448,7.0,407,0.6732820758056643,True,REGULAR,USD,SMH,call,2026-09-18,0.21095890410958903,151.27499999999998,0.001322018298755876,0.8411746884358624,188755.94719420976,592.2899780273438,-0.04540186788465472,2026-07-03
SMH260918C00465000,2026-06-25 19:30:28+00:00,465.0,183.7,145.05,149.5,0.0,0.0,3.0,593,0.6689181057739259,True,REGULAR,USD,SMH,call,2026-09-18,0.21095890410958903,147.275,0.001371423724287795,0.8336321363708938,285295.6301691522,592.2899780273438,-0.04540186788465472,2026-07-03
SMH260918C00470000,2026-07-02 16:43:39+00:00,470.0,141.99,140.95,145.5,-25.809998,-15.381405,1.0,424,0.6633639620971682,True,REGULAR,USD,SMH,call,2026-09-18,0.21095890410958903,143.225,0.0014224455464970766,0.8261509589923548,211577.88659399116,592.2899780273438,-0.04540186788465472,2026-07-03
SMH260918C00475000,2026-06-26 14:01:52+00:00,475.0,164.47,136.85,141.5,0.0,0.0,1.0,594,0.6573215420532227,True,REGULAR,USD,SMH,call,2026-09-18,0.21095890410958903,139.175,0.0014748085601009539,0.8185511128884317,307320.0271726599,592.2899780273438,-0.04540186788465472,2026-07-03
SMH260918C00480000,2026-06-30 14:10:31+00:00,480.0,143.6,132.85,137.5,-41.089996,-22.248089,1.0,734,0.6515232601928712,True,REGULAR,USD,SMH,call,2026-09-18,0.21095890410958903,135.175,0.0015278409737717186,0.8106481772538808,393407.81326895126,592.2899780273438,-0.04540186788465472,2026-07-03
SMH260918C00485000,2026-06-29 15:34:26+00:00,485.0,155.21,128.9,133.5,0.0,0.0,10.0,431,0.6455723919677734,True,REGULAR,USD,SMH,call,2026-09-18,0.21095890410958903,131.2,0.001581909961352135,0.802533979519447,239181.61788957045,592.2899780273438,-0.04540186788465472,2026-07-03
SMH260918C00490000,2026-06-29 16:06:55+00:00,490.0,155.54,125.0,129.5,0.0,0.0,6.0,536,0.6394994546508789,True,REGULAR,USD,SMH,call,2026-09-18,0.21095890410958903,127.25,0.0016369954368485053,0.7941952047245643,307808.7964313844,592.2899780273438,-0.04540186788465472,2026-07-03
SMH260918C00495000,2026-06-29 17:23:14+00:00,495.0,154.52,122.05,124.95,0.0,0.0,1.0,103,0.6354253987121583,True,REGULAR,USD,SMH,call,2026-09-18,0.21095890410958903,123.5,0.0016896833682716972,0.7851384268587707,61053.60635754306,592.2899780273438,-0.04540186788465472,2026-07-03
SMH260918C00500000,2026-07-02 19:43:19+00:00,500.0,114.6,118.35,120.95,-33.980003,-22.869835,28.0,1936,0.629611858215332,True,REGULAR,USD,SMH,call,2026-09-18,0.21095890410958903,119.65,0.001745572776625186,0.7762292465451222,1185528.7254032833,592.2899780273438,-0.04540186788465472,2026-07-03
SMH260918C00505000,2026-06-22 14:10:14+00:00,505.0,184.64,114.55,117.45,0.0,0.0,1.0,279,0.6256751300048828,True,REGULAR,USD,SMH,call,2026-09-18,0.21095890410958903,116.0,0.0017984050565340475,0.7666503926646191,176019.3798337794,592.2899780273438,-0.04540186788465472,2026-07-03
SMH260918C00510000,2026-06-26 14:25:41+00:00,510.0,120.4,110.9,113.8,-15.829994,-11.62005,1.0,2169,0.6212196081542969,True,REGULAR,USD,SMH,call,2026-09-18,0.21095890410958903,112.35,0.0018522163924352807,0.7569411754357351,1409353.841987834,592.2899780273438,-0.04540186788465472,2026-07-03
SMH260918C00515000,2026-07-01 19:14:26+00:00,515.0,135.0,107.25,110.2,0.0,0.0,2.0,197,0.6164894308471681,True,REGULAR,USD,SMH,call,2026-09-18,0.21095890410958903,108.725,0.0019066193334922605,0.7470402758234744,131764.6725086913,592.2899780273438,-0.04540186788465472,2026-07-03
SMH260918C00520000,2026-06-30 19:46:56+00:00,520.0,158.84,103.7,106.6,0.0,0.0,12.0,327,0.6118202880859377,True,REGULAR,USD,SMH,call,2026-09-18,0.21095890410958903,105.15,0.00196082648754843,0.7368766990008014,224934.30010434907,592.2899780273438,-0.04540186788465472,2026-07-03
SMH260918C00525000,2026-06-25 19:17:29+00:00,525.0,133.0,100.25,103.15,0.0,0.0,2.0,256,0.6079903703308105,True,REGULAR,USD,SMH,call,2026-09-18,0.21095890410958903,101.7,0.002012621216433574,0.7263148448444621,180746.86783827152,592.2899780273438,-0.04540186788465472,2026-07-03
SMH260918C00530000,2026-07-02 18:07:02+00:00,530.0,93.9,96.85,99.75,-23.580002,-20.071503,1.0,2898,0.6041299353027345,True,REGULAR,USD,SMH,call,2026-09-18,0.21095890410958903,98.3,0.002063913400634067,0.71552928432483,2098256.7082172446,592.2899780273438,-0.04540186788465472,2026-07-03
SMH260918C00535000,2026-06-30 14:00:18+00:00,535.0,139.4,93.5,96.4,0.0,0.0,25.0,1490,0.6002542416381836,True,REGULAR,USD,SMH,call,2026-09-18,0.21095890410958903,94.95,0.0021145556590633813,0.7045199195344201,1105284.6985759244,592.2899780273438,-0.04540186788465472,2026-07-03
SMH260918C00540000,2026-06-22 14:47:40+00:00,540.0,151.75,90.2,93.1,0.0,0.0,3.0,153,0.5963480307006835,True,REGULAR,USD,SMH,call,2026-09-18,0.21095890410958903,91.65,0.002164484032731625,0.6932919798759836,116175.50941191766,592.2899780273438,-0.04540186788465472,2026-07-03
SMH260918C00545000,2026-07-02 17:34:58+00:00,545.0,84.25,87.0,89.85,-50.699997,-37.56947,17.0,98,0.5926554406738282,True,REGULAR,USD,SMH,call,2026-09-18,0.21095890410958903,88.425,0.0022127649703578673,0.6818188114203722,76072.92787295814,592.2899780273438,-0.04540186788465472,2026-07-03
SMH260918C00550000,2026-07-02 17:48:40+00:00,550.0,79.43,83.95,86.65,-53.32,-40.165726,17.0,375,0.5893900924682618,True,REGULAR,USD,SMH,call,2026-09-18,0.21095890410958903,85.30000000000001,0.0022584036521270377,0.6700933012629756,297099.2828123358,592.2899780273438,-0.04540186788465472,2026-07-03
SMH260918C00555000,2026-06-30 13:34:26+00:00,555.0,118.4,80.75,83.65,0.0,0.0,5.0,152,0.5858348301696776,True,REGULAR,USD,SMH,call,2026-09-18,0.21095890410958903,82.2,0.002303723328093594,0.6582057116591002,122840.81136734471,592.2899780273438,-0.04540186788465472,2026-07-03
SMH260918C00560000,2026-07-01 14:48:37+00:00,560.0,101.7,77.75,80.6,0.0,0.0,1.0,324,0.5824321542358398,True,REGULAR,USD,SMH,call,2026-09-18,0.21095890410958903,79.175,0.0023470270537015022,0.646117198805602,266766.8582764666,592.2899780273438,-0.04540186788465472,2026-07-03
SMH260918C00565000,2026-06-25 19:55:00+00:00,565.0,107.0,74.8,77.65,0.0,0.0,1.0,240,0.5792125819396974,True,REGULAR,USD,SMH,call,2026-09-18,0.21095890410958903,76.225,0.0023879951124579743,0.6338420851164156,201054.33594457363,592.2899780273438,-0.04540186788465472,2026-07-03
SMH260918C00570000,2026-07-02 18:59:26+00:00,570.0,70.4,71.9,74.75,-30.599998,-30.29703,2.0,1067,0.5759014578247069,True,REGULAR,USD,SMH,call,2026-09-18,0.21095890410958903,73.325,0.0024275662560589986,0.6214073657956082,908666.0032684276,592.2899780273438,-0.04540186788465472,2026-07-03
SMH260918C00575000,2026-07-02 18:22:46+00:00,575.0,67.49,69.1,71.95,-26.800003,-28.422955,2.0,1095,0.5729717996215821,True,REGULAR,USD,SMH,call,2026-09-18,0.21095890410958903,70.525,0.0024636284691755667,0.6088120543089848,946363.7608833745,592.2899780273438,-0.04540186788465472,2026-07-03
SMH260918C00580000,2026-07-02 18:35:36+00:00,580.0,65.46,66.4,69.2,-23.29,-26.242252,21.0,2892,0.5701642105102539,True,REGULAR,USD,SMH,call,2026-09-18,0.21095890410958903,67.80000000000001,0.002497066831917453,0.5960864619785174,2533361.830821625,592.2899780273438,-0.04540186788465472,2026-07-03
SMH260918C00585000,2026-07-02 19:40:00+00:00,585.0,62.8,63.75,66.55,-42.55,-40.38918,20.0,879,0.5675092077636719,True,REGULAR,USD,SMH,call,2026-09-18,0.21095890410958903,65.15,0.0025275982421591485,0.5832499893175527,779409.4874504813,592.2899780273438,-0.04540186788465472,2026-07-03
SMH260918C00590000,2026-07-02 19:32:42+00:00,590.0,62.0,61.15,63.95,-24.25,-28.115944,10.0,145,0.5647321359252931,True,REGULAR,USD,SMH,call,2026-09-18,0.21095890410958903,62.55,0.0025563425372079687,0.5703080922718028,130033.66915176855,592.2899780273438,-0.04540186788465472,2026-07-03
SMH260918C00595000,2026-07-02 16:20:04+00:00,595.0,60.5,58.65,61.4,-22.449997,-27.064493,8.0,158,0.5620771331787109,False,REGULAR,USD,SMH,call,2026-09-18,0.21095890410958903,60.025,0.002582098175891503,0.5572833288213452,143119.4326981308,592.2899780273438,-0.04540186788465472,2026-07-03
SMH260918C00600000,2026-07-02 20:00:46+00:00,600.0,56.78,56.35,58.7,-17.36,-23.415161,113.0,1254,0.5591016990661621,False,REGULAR,USD,SMH,call,2026-09-18,0.21095890410958903,57.525000000000006,0.0026068470533611304,0.5441499976906002,1146784.610257962,592.2899780273438,-0.04540186788465472,2026-07-03
SMH260918C00605000,2026-07-02 20:00:46+00:00,605.0,54.28,53.85,56.6,-17.520004,-24.40112,9.0,229,0.5573927317810059,False,REGULAR,USD,SMH,call,2026-09-18,0.21095890410958903,55.225,0.002622969368041572,0.5310989727600157,210715.9785755541,592.2899780273438,-0.04540186788465472,2026-07-03
SMH260918C00610000,2026-07-02 19:59:51+00:00,610.0,52.7,51.6,54.3,-17.95,-25.406937,13.0,286,0.5553328158569336,False,REGULAR,USD,SMH,call,2026-09-18,0.21095890410958903,52.95,0.0026380414448003973,0.5179886365395393,264677.12929268565,592.2899780273438,-0.04540186788465472,2026-07-03
SMH260918C00615000,2026-07-02 17:17:43+00:00,615.0,48.9,49.35,52.05,-23.580002,-32.53311,5.0,649,0.5529524685668946,False,REGULAR,USD,SMH,call,2026-09-18,0.21095890410958903,50.7,0.0026519013000133526,0.5048119808092904,603769.014576978,592.2899780273438,-0.04540186788465472,2026-07-03
SMH260918C00620000,2026-07-02 19:58:27+00:00,620.0,48.0,47.35,49.9,-15.599998,-24.528301,25.0,811,0.5516097085571289,False,REGULAR,USD,SMH,call,2026-09-18,0.21095890410958903,48.625,0.0026579923096550846,0.4918279114931334,756211.6131369297,592.2899780273438,-0.04540186788465472,2026-07-03
SMH260918C00625000,2026-07-02 14:47:33+00:00,625.0,44.66,45.1,47.8,-18.420002,-29.201015,14.0,249,0.5487716021728517,False,REGULAR,USD,SMH,call,2026-09-18,0.21095890410958903,46.45,0.00266843975078078,0.47856088679823805,233091.00635352707,592.2899780273438,-0.04540186788465472,2026-07-03
SMH260918C00630000,2026-07-02 18:47:35+00:00,630.0,42.5,43.15,45.75,-16.099998,-27.4744,33.0,1471,0.547001600341797,False,REGULAR,USD,SMH,call,2026-09-18,0.21095890410958903,44.45,0.002670942569895719,0.46554660004847115,1378307.0926079683,592.2899780273438,-0.04540186788465472,2026-07-03
SMH260918C00635000,2026-07-02 17:24:44+00:00,635.0,40.24,41.15,43.8,-18.529999,-31.52969,8.0,903,0.5449111671447755,False,REGULAR,USD,SMH,call,2026-09-18,0.21095890410958903,42.474999999999994,0.0026721324166762515,0.45249956793578916,846475.6980772531,592.2899780273438,-0.04540186788465472,2026-07-03
SMH260918C00640000,2026-07-02 19:12:10+00:00,640.0,37.4,39.3,41.9,-17.599998,-31.999996,29.0,860,0.5431869412231446,False,REGULAR,USD,SMH,call,2026-09-18,0.21095890410958903,40.599999999999994,0.002668782861154154,0.4396100717365182,805156.7894271665,592.2899780273438,-0.04540186788465472,2026-07-03
SMH260918C00645000,2026-07-02 19:07:18+00:00,645.0,35.85,37.5,40.05,-18.300003,-33.79502,21.0,200,0.5413864221191409,False,REGULAR,USD,SMH,call,2026-09-18,0.21095890410958903,38.775,0.0026629965232927108,0.4267761331620348,186839.78693400935,592.2899780273438,-0.04540186788465472,2026-07-03
SMH260918C00650000,2026-07-02 19:46:38+00:00,650.0,34.95,35.85,38.2,-15.0,-30.03003,118.0,2310,0.5397384893798829,False,REGULAR,USD,SMH,call,2026-09-18,0.21095890410958903,37.025000000000006,0.0026537655769620846,0.41408118984772824,2150519.102011531,592.2899780273438,-0.04540186788465472,2026-07-03
SMH260918C00655000,2026-07-02 16:58:15+00:00,655.0,33.61,34.05,36.5,-15.639999,-31.756344,3.0,423,0.5375565043640138,False,REGULAR,USD,SMH,call,2026-09-18,0.21095890410958903,35.275,0.0026441314887301164,0.4013012265640402,392366.7378752005,592.2899780273438,-0.04540186788465472,2026-07-03
SMH260918C00660000,2026-07-02 18:49:49+00:00,660.0,32.38,32.45,34.85,-15.139999,-31.860268,29.0,1393,0.5360153820800782,False,REGULAR,USD,SMH,call,2026-09-18,0.21095890410958903,33.650000000000006,0.0026290249843122443,0.38885797137038214,1284738.0832417987,592.2899780273438,-0.04540186788465472,2026-07-03
SMH260918C00665000,2026-07-02 18:41:39+00:00,665.0,30.83,30.85,33.35,-13.070002,-29.772213,2.0,994,0.5346726220703125,False,REGULAR,USD,SMH,call,2026-09-18,0.21095890410958903,32.1,0.0026105402914011642,0.3766253904973218,910302.1180020161,592.2899780273438,-0.04540186788465472,2026-07-03
SMH260918C00670000,2026-07-02 19:31:45+00:00,670.0,29.0,29.35,31.85,-12.549999,-30.20457,34.0,931,0.5332993447875977,False,REGULAR,USD,SMH,call,2026-09-18,0.21095890410958903,30.6,0.002589720502015698,0.3645293891225261,845807.1346033846,592.2899780273438,-0.04540186788465472,2026-07-03
SMH260918C00675000,2026-07-02 19:30:39+00:00,675.0,27.7,27.95,30.3,-13.040001,-32.007854,6.0,499,0.5316361534118652,False,REGULAR,USD,SMH,call,2026-09-18,0.21095890410958903,29.125,0.0025675827781270026,0.35246457695220734,449462.8154548802,592.2899780273438,-0.04540186788465472,2026-07-03
SMH260918C00680000,2026-07-02 17:24:00+00:00,680.0,26.24,26.55,28.9,-13.01,-33.146496,5.0,309,0.5302018415832521,False,REGULAR,USD,SMH,call,2026-09-18,0.21095890410958903,27.725,0.0025422286505428736,0.3406591938561566,275576.29473480396,592.2899780273438,-0.04540186788465472,2026-07-03
SMH260918C00685000,2026-07-02 16:02:06+00:00,685.0,27.7,25.15,27.6,-10.130001,-26.77769,1.0,94,0.5287522711181643,False,REGULAR,USD,SMH,call,2026-09-18,0.21095890410958903,26.375,0.002514675900343873,0.3290191136527983,82923.69422933937,592.2899780273438,-0.04540186788465472,2026-07-03
SMH260918C00690000,2026-07-02 17:34:24+00:00,690.0,23.89,23.95,26.25,-13.310001,-35.77957,609.0,1260,0.5275620974731446,False,REGULAR,USD,SMH,call,2026-09-18,0.21095890410958903,25.1,0.002484149035557909,0.31768459478035144,1098036.965679196,592.2899780273438,-0.04540186788465472,2026-07-03
SMH260918C00695000,2026-07-02 13:59:09+00:00,695.0,34.05,22.75,25.0,-5.950001,-14.875002,3.0,103,0.5263871824645996,False,REGULAR,USD,SMH,call,2026-09-18,0.21095890410958903,23.875,0.0024516118486101555,0.3065526100272729,88584.49314064904,592.2899780273438,-0.04540186788465472,2026-07-03
SMH260918C00700000,2026-07-02 19:32:12+00:00,700.0,22.01,21.65,23.7,-9.889999,-31.003132,48.0,1696,0.5249833879089354,False,REGULAR,USD,SMH,call,2026-09-18,0.21095890410958903,22.674999999999997,0.0024178294918584717,0.2955050438183332,1438534.5162542302,592.2899780273438,-0.04540186788465472,2026-07-03
SMH260918C00705000,2026-07-02 14:55:42+00:00,705.0,24.4,20.45,22.65,-11.750002,-32.503464,1.0,47,0.5238695074462891,False,REGULAR,USD,SMH,call,2026-09-18,0.21095890410958903,21.549999999999997,0.0023814785126908843,0.284811109949755,39265.69542681742,592.2899780273438,-0.04540186788465472,2026-07-03
SMH260918C00710000,2026-07-02 17:41:06+00:00,710.0,19.75,19.35,21.55,-9.92,-33.434444,15.0,399,0.5225572647094726,False,REGULAR,USD,SMH,call,2026-09-18,0.21095890410958903,20.450000000000003,0.0023439474117921792,0.2742249983195563,328087.3817109724,592.2899780273438,-0.04540186788465472,2026-07-03
SMH260918C00715000,2026-06-30 15:49:36+00:00,715.0,38.79,18.3,20.55,0.0,0.0,11.0,334,0.5215807119750976,False,REGULAR,USD,SMH,call,2026-09-18,0.21095890410958903,19.425,0.002304142598097118,0.2640365917882751,269975.6454462417,592.2899780273438,-0.04540186788465472,2026-07-03
SMH260918C00720000,2026-07-02 16:38:51+00:00,720.0,17.85,17.4,19.5,-8.35,-31.870228,22.0,1143,0.5207109696960448,False,REGULAR,USD,SMH,call,2026-09-18,0.21095890410958903,18.45,0.002262811424005939,0.2541325986552505,907326.0109916226,592.2899780273438,-0.04540186788465472,2026-07-03
SMH260918C00725000,2026-07-02 18:45:05+00:00,725.0,16.8,16.45,18.55,-9.450001,-36.0,934.0,591,0.5196581237792968,False,REGULAR,USD,SMH,call,2026-09-18,0.21095890410958903,17.5,0.0022205814704593487,0.24435553213650307,460386.9032913044,592.2899780273438,-0.04540186788465472,2026-07-03
SMH260918C00730000,2026-07-02 17:26:55+00:00,730.0,15.64,15.5,17.65,-12.54,-44.499645,2.0,169,0.5184069155883789,False,REGULAR,USD,SMH,call,2026-09-18,0.21095890410958903,16.575,0.0021774524261054962,0.2346950967196081,129093.43234432349,592.2899780273438,-0.04540186788465472,2026-07-03
SMH260918C00735000,2026-07-01 13:49:20+00:00,735.0,14.2,14.65,16.75,-13.349999,-48.457348,1.0,309,0.5172930351257323,False,REGULAR,USD,SMH,call,2026-09-18,0.21095890410958903,15.7,0.00213304313719244,0.2253432157872186,231220.79287851276,592.2899780273438,-0.04540186788465472,2026-07-03
SMH260918C00740000,2026-07-02 13:58:26+00:00,740.0,21.85,13.85,15.95,-1.4799995,-6.343761,4.0,382,0.5166674310302735,False,REGULAR,USD,SMH,call,2026-09-18,0.21095890410958903,14.899999999999999,0.0020872802465040983,0.21650795118203298,279713.156533984,592.2899780273438,-0.04540186788465472,2026-07-03
SMH260918C00745000,2026-07-02 19:36:41+00:00,745.0,14.2,13.15,15.15,-8.05,-36.179775,38.0,340,0.5162096719360351,False,REGULAR,USD,SMH,call,2026-09-18,0.21095890410958903,14.15,0.002040796908621132,0.20800901193821247,243415.07606946173,592.2899780273438,-0.04540186788465472,2026-07-03
SMH260918C00750000,2026-07-02 19:45:08+00:00,750.0,13.15,12.5,14.3,-7.050001,-34.900993,47.0,1258,0.515355188293457,False,REGULAR,USD,SMH,call,2026-09-18,0.21095890410958903,13.4,0.0019940073945565366,0.19951659285127632,879986.83281075,592.2899780273438,-0.04540186788465472,2026-07-03
SMH260918C00755000,2026-07-02 19:36:41+00:00,755.0,12.3,10.85,14.45,-7.1500006,-36.760925,12.0,97,0.5140124282836914,False,REGULAR,USD,SMH,call,2026-09-18,0.21095890410958903,12.649999999999999,0.0019467503687777363,0.19097357226971995,66244.64363858865,592.2899780273438,-0.04540186788465472,2026-07-03
SMH260918C00760000,2026-07-02 13:57:55+00:00,760.0,12.7,11.05,12.95,-6.2799997,-33.08746,4.0,276,0.5135851864624023,False,REGULAR,USD,SMH,call,2026-09-18,0.21095890410958903,12.0,0.0018989530926847977,0.18320462435855245,183862.04548955453,592.2899780273438,-0.04540186788465472,2026-07-03
SMH260918C00765000,2026-07-01 14:29:46+00:00,765.0,19.4,10.4,12.35,0.0,0.0,2.0,170,0.5131274273681641,False,REGULAR,USD,SMH,call,2026-09-18,0.21095890410958903,11.375,0.0018510079314865901,0.1756529818722023,110389.0432567367,592.2899780273438,-0.04540186788465472,2026-07-03
SMH260918C00770000,2026-07-02 18:16:33+00:00,770.0,10.3,9.05,12.45,-6.4800005,-38.6174,10.0,55,0.5122424264526367,False,REGULAR,USD,SMH,call,2026-09-18,0.21095890410958903,10.75,0.0018027742151839402,0.16808357576855354,34783.46122871343,592.2899780273438,-0.04540186788465472,2026-07-03
SMH260918C00775000,2026-07-02 14:48:49+00:00,775.0,12.25,9.35,11.05,-3.5200005,-22.320866,2.0,63,0.5120288055419921,False,REGULAR,USD,SMH,call,2026-09-18,0.21095890410958903,10.2,0.0017548813087102906,0.16113902464655427,38784.39899864182,592.2899780273438,-0.04540186788465472,2026-07-03
SMH260918C00780000,2026-07-02 19:30:58+00:00,780.0,9.38,8.8,10.5,-4.7200003,-33.475178,13.0,1226,0.5114489773559571,False,REGULAR,USD,SMH,call,2026-09-18,0.21095890410958903,9.65,0.0017068503335429491,0.15420785841394047,734099.0799760531,592.2899780273438,-0.04540186788465472,2026-07-03
SMH260918C00785000,2026-06-30 19:50:06+00:00,785.0,22.0,8.25,10.05,0.0,0.0,82.0,518,0.5112353564453125,False,REGULAR,USD,SMH,call,2026-09-18,0.21095890410958903,9.15,0.001659360267998535,0.1477140096587411,301536.03167641803,592.2899780273438,-0.04540186788465472,2026-07-03
SMH260918C00790000,2026-07-01 14:46:28+00:00,790.0,13.67,7.75,9.55,0.0,0.0,8.0,86,0.5106250109863282,False,REGULAR,USD,SMH,call,2026-09-18,0.21095890410958903,8.65,0.00161170170584102,0.14121171408953404,48624.13461498496,592.2899780273438,-0.04540186788465472,2026-07-03
SMH260918C00795000,2026-07-01 18:58:25+00:00,795.0,12.4,7.35,9.05,0.0,0.0,16.0,79,0.510472424621582,False,REGULAR,USD,SMH,call,2026-09-18,0.21095890410958903,8.2,0.0015649777535037951,0.13518914071432636,43371.45859865046,592.2899780273438,-0.04540186788465472,2026-07-03
SMH260918C00800000,2026-07-02 19:17:29+00:00,800.0,7.25,7.05,8.45,-4.49,-38.245316,30.0,1102,0.5099536309814454,False,REGULAR,USD,SMH,call,2026-09-18,0.21095890410958903,7.75,0.0015181478216978236,0.1291708650524433,586900.4243741351,592.2899780273438,-0.04540186788465472,2026-07-03
SMH260918C00805000,2026-07-02 16:15:05+00:00,805.0,8.0,6.6,8.15,-3.6999998,-31.62393,2.0,138,0.5103808728027344,False,REGULAR,USD,SMH,call,2026-09-18,0.21095890410958903,7.375,0.0014734092644350853,0.1238905791267294,71329.84017506255,592.2899780273438,-0.04540186788465472,2026-07-03
SMH260918C00810000,2026-07-02 17:41:35+00:00,810.0,6.7,6.2,7.75,-4.4000006,-39.639645,47.0,179,0.5100146655273439,False,REGULAR,USD,SMH,call,2026-09-18,0.21095890410958903,6.975,0.0014279170081540767,0.11836757497561423,89665.37431434693,592.2899780273438,-0.04540186788465472,2026-07-03
SMH260918C00815000,2026-07-02 18:27:26+00:00,815.0,6.45,5.8,7.35,-3.5700006,-35.628746,2.0,86,0.5092822509765625,False,REGULAR,USD,SMH,call,2026-09-18,0.21095890410958903,6.574999999999999,0.0013822505714701748,0.11284557546935337,41701.722853072046,592.2899780273438,-0.04540186788465472,2026-07-03
SMH260918C00820000,2026-07-01 19:53:00+00:00,820.0,9.85,5.45,7.0,0.0,0.0,1.0,436,0.5091296646118165,False,REGULAR,USD,SMH,call,2026-09-18,0.21095890410958903,6.225,0.001338362190859908,0.10783552522169448,204705.21969443173,592.2899780273438,-0.04540186788465472,2026-07-03
SMH260918C00825000,2026-07-02 16:10:26+00:00,825.0,6.3,5.2,6.65,-3.0,-32.258064,2.0,576,0.5096789755249024,False,REGULAR,USD,SMH,call,2026-09-18,0.21095890410958903,5.925000000000001,0.0012967793586759787,0.10338393891347841,262033.8155284067,592.2899780273438,-0.04540186788465472,2026-07-03
SMH260918C00830000,2026-06-29 16:30:55+00:00,830.0,9.66,4.9,6.35,0.0,0.0,1.0,98,0.509892596435547,False,REGULAR,USD,SMH,call,2026-09-18,0.21095890410958903,5.625,0.0012552898256442244,0.09892934289089861,43155.76830125218,592.2899780273438,-0.04540186788465472,2026-07-03
SMH260918C00835000,2026-07-01 19:01:55+00:00,835.0,6.4,4.65,6.05,-1.7999997,-21.951216,66.0,149,0.5103808728027344,False,REGULAR,USD,SMH,call,2026-09-18,0.21095890410958903,5.35,0.0012153121192714225,0.0947868869392175,63524.735500202754,592.2899780273438,-0.04540186788465472,2026-07-03
SMH260918C00840000,2026-07-02 18:03:48+00:00,840.0,4.7,4.4,5.7,-3.1000004,-39.743595,47.0,555,0.5099536309814454,False,REGULAR,USD,SMH,call,2026-09-18,0.21095890410958903,5.050000000000001,0.001173912882791581,0.09034628366495373,228558.6278364928,592.2899780273438,-0.04540186788465472,2026-07-03
SMH260918C00845000,2026-07-01 13:36:21+00:00,845.0,8.6,2.5,7.5,0.0,0.0,19.0,63,0.5151110501098632,False,REGULAR,USD,SMH,call,2026-09-18,0.21095890410958903,5.0,0.0011476932890280899,0.08883717923905204,25365.017126111215,592.2899780273438,-0.04540186788465472,2026-07-03
SMH260918C00850000,2026-07-02 15:16:26+00:00,850.0,4.3,3.95,5.15,-2.73,-38.833572,13.0,98,0.5104419073486328,False,REGULAR,USD,SMH,call,2026-09-18,0.21095890410958903,4.550000000000001,0.0010970548221399471,0.08262957491999984,37715.78702451886,592.2899780273438,-0.04540186788465472,2026-07-03
SMH260918C00855000,2026-07-02 15:24:05+00:00,855.0,4.9,3.65,4.95,-3.9500003,-44.632767,2.0,51,0.5102588037109376,False,REGULAR,USD,SMH,call,2026-09-18,0.21095890410958903,4.3,0.001058789920518988,0.07879744397063942,18942.999273174228,592.2899780273438,-0.04540186788465472,2026-07-03
SMH260918C00860000,2026-07-02 14:14:34+00:00,860.0,6.1,2.35,6.5,-0.20000029,-3.1746075,1.0,807,0.5194750201416016,False,REGULAR,USD,SMH,call,2026-09-18,0.21095890410958903,4.425,0.0010471154200473794,0.07950964148096024,296440.036542359,592.2899780273438,-0.04540186788465472,2026-07-03
SMH260918C00865000,2026-06-26 13:42:48+00:00,865.0,5.45,3.25,4.5,-0.86000013,-13.629162,13.0,16,0.510869149169922,False,REGULAR,USD,SMH,call,2026-09-18,0.21095890410958903,3.875,0.000987624986490624,0.07203591393861859,5543.45874454089,592.2899780273438,-0.04540186788465472,2026-07-03
SMH260918C00870000,2026-06-22 19:11:01+00:00,870.0,13.55,3.05,4.3,0.0,0.0,1.0,37,0.5110522528076171,False,REGULAR,USD,SMH,call,2026-09-18,0.21095890410958903,3.675,0.0009530579853247639,0.0688060963949669,12370.573010860253,592.2899780273438,-0.04540186788465472,2026-07-03
SMH260918C00875000,2026-07-02 19:32:19+00:00,875.0,3.35,2.91,4.1,-2.9,-46.4,41.0,29,0.5118457019042968,False,REGULAR,USD,SMH,call,2026-09-18,0.21095890410958903,3.505,0.0009211787916577294,0.06597552620150568,9371.534251030003,592.2899780273438,-0.04540186788465472,2026-07-03
SMH260918C00880000,2026-06-26 16:54:14+00:00,880.0,5.73,2.71,3.9,0.0,0.0,13.0,13,0.5114794946289063,False,REGULAR,USD,SMH,call,2026-09-18,0.21095890410958903,3.3049999999999997,0.000886807336469552,0.06276688107558394,4044.281696440232,592.2899780273438,-0.04540186788465472,2026-07-03
SMH260918C00885000,2026-06-17 16:57:21+00:00,885.0,7.95,2.56,3.75,0.0,0.0,1.0,31,0.5123950128173829,False,REGULAR,USD,SMH,call,2026-09-18,0.21095890410958903,3.1550000000000002,0.0008571191198275685,0.060226977092556463,9321.196107602693,592.2899780273438,-0.04540186788465472,2026-07-03
SMH260918C00890000,2026-06-30 17:03:10+00:00,890.0,7.35,2.41,3.6,0.0,0.0,1.0,84,0.5130053582763672,False,REGULAR,USD,SMH,call,2026-09-18,0.21095890410958903,3.005,0.0008274294841702383,0.057668228699289496,24382.545682160653,592.2899780273438,-0.04540186788465472,2026-07-03
SMH260918C00895000,2026-06-30 17:03:20+00:00,895.0,7.0,2.27,3.45,0.0,0.0,1.0,6,0.5136157037353515,False,REGULAR,USD,SMH,call,2026-09-18,0.21095890410958903,2.8600000000000003,0.0007986274470018473,0.05521649385990804,1680.98659610314,592.2899780273438,-0.04540186788465472,2026-07-03
SMH260918C00900000,2026-07-01 18:16:18+00:00,900.0,4.16,2.22,3.25,0.0,0.0,1.0,94,0.514653291015625,False,REGULAR,USD,SMH,call,2026-09-18,0.21095890410958903,2.7350000000000003,0.0007719775665891264,0.053033780409998454,25456.652952769116,592.2899780273438,-0.04540186788465472,2026-07-03
SMH260918C00910000,2026-06-24 14:17:54+00:00,910.0,4.51,1.9,2.99,0.0,0.0,66.0,752,0.514531221923828,False,REGULAR,USD,SMH,call,2026-09-18,0.21095890410958903,2.4450000000000003,0.0007146578157226868,0.04812419088019129,188531.86188006742,592.2899780273438,-0.04540186788465472,2026-07-03
SMH260918C00915000,2026-07-01 19:34:57+00:00,915.0,4.1,1.81,2.87,0.0,0.0,1.0,13,0.5155688092041015,False,REGULAR,USD,SMH,call,2026-09-18,0.21095890410958903,2.34,0.0006905402371379185,0.046222791720826197,3149.206289644028,592.2899780273438,-0.04540186788465472,2026-07-03
SMH260918C00920000,2026-06-24 17:13:19+00:00,920.0,4.0,1.68,2.76,0.0,0.0,1.0,16,0.5158129473876953,False,REGULAR,USD,SMH,call,2026-09-18,0.21095890410958903,2.2199999999999998,0.0006648628109050397,0.044122405550259244,3731.8208970471082,592.2899780273438,-0.04540186788465472,2026-07-03
SMH260918C00925000,2026-06-23 14:00:05+00:00,925.0,5.9,1.59,2.65,0.0,0.0,29.0,30,0.5166674310302735,False,REGULAR,USD,SMH,call,2026-09-18,0.21095890410958903,2.12,0.0006417967669492277,0.042321587074031115,6754.412002205373,592.2899780273438,-0.04540186788465472,2026-07-03
SMH260918C00930000,2026-07-02 18:36:24+00:00,930.0,1.93,1.51,2.53,-1.12,-36.721313,1.0,4,0.5173388110351562,False,REGULAR,USD,SMH,call,2026-09-18,0.21095890410958903,2.02,0.0006189591918200549,0.04053599781888056,868.5419038963882,592.2899780273438,-0.04540186788465472,2026-07-03
SMH260918C00935000,2026-06-16 16:19:33+00:00,935.0,4.91,1.41,2.45,0.0,0.0,20.0,12,0.5181932946777343,False,REGULAR,USD,SMH,call,2026-09-18,0.21095890410958903,1.9300000000000002,0.0005974108210676924,0.03888624932688507,2514.913772001726,592.2899780273438,-0.04540186788465472,2026-07-03
SMH260918C00940000,2026-07-01 18:15:25+00:00,940.0,2.85,1.32,2.36,0.0,0.0,5.0,47,0.5188036401367188,False,REGULAR,USD,SMH,call,2026-09-18,0.21095890410958903,1.8399999999999999,0.0005758832085029607,0.03722920744837355,9495.132769829337,592.2899780273438,-0.04540186788465472,2026-07-03
SMH260918C00945000,2026-07-02 18:30:57+00:00,945.0,1.67,1.26,2.26,-1.0100001,-37.686573,30.0,3,0.5197801928710937,False,REGULAR,USD,SMH,call,2026-09-18,0.21095890410958903,1.7599999999999998,0.0005561254347002349,0.03575633443210548,585.278783613459,592.2899780273438,-0.04540186788465472,2026-07-03
SMH260918C00955000,2026-06-29 17:55:01+00:00,955.0,2.94,1.1,2.11,0.0,0.0,3.0,2,0.521367091064453,False,REGULAR,USD,SMH,call,2026-09-18,0.21095890410958903,1.605,0.0005176033246031688,0.03288757465433995,363.15817177866035,592.2899780273438,-0.04540186788465472,2026-07-03
SMH260918C00960000,2026-07-02 16:37:18+00:00,960.0,1.5,1.05,2.03,-1.0,-40.0,3.0,64,0.5224657128906249,False,REGULAR,USD,SMH,call,2026-09-18,0.21095890410958903,1.54,0.0005001761477753241,0.031631348833067,11229.792190852875,592.2899780273438,-0.04540186788465472,2026-07-03
SMH260918C00975000,2026-06-29 16:37:57+00:00,975.0,2.16,0.86,1.84,0.0,0.0,4.0,4,0.5251512329101562,False,REGULAR,USD,SMH,call,2026-09-18,0.21095890410958903,1.35,0.00044986107675867577,0.028009307750438275,631.2584113145401,592.2899780273438,-0.04540186788465472,2026-07-03
SMH260918C00980000,2026-07-02 19:57:13+00:00,980.0,1.29,0.82,1.73,-0.6600001,-33.846157,16.0,2613,0.5250291638183593,False,REGULAR,USD,SMH,call,2026-09-18,0.21095890410958903,1.275,0.00043157726754584284,0.0266425811927406,395609.5245980738,592.2899780273438,-0.04540186788465472,2026-07-03
SMH260918P00100000,2026-06-24 13:42:21+00:00,100.0,0.1,0.0,0.1,0.0,0.0,1.0,337,1.2773473632812498,False,REGULAR,USD,SMH,put,2026-09-18,0.21095890410958903,0.05,4.345022513635977e-06,-0.00041934146813160655,-513.6776856319786,592.2899780273438,-0.04540186788465472,2026-07-03
SMH260918P00105000,2026-06-23 14:09:36+00:00,105.0,0.2,0.0,1.37,0.0,0.0,1.0,487,1.6386736816406249,False,REGULAR,USD,SMH,put,2026-09-18,0.21095890410958903,0.685,2.426582138742866e-05,-0.003614173643229912,-4145.650882227564,592.2899780273438,-0.04540186788465472,2026-07-03
SMH260918P00110000,2026-06-22 13:38:42+00:00,110.0,0.09,0.02,0.25,0.0,0.0,1.0,75,1.32422212890625,False,REGULAR,USD,SMH,put,2026-09-18,0.21095890410958903,0.135,9.471806085770235e-06,-0.0010145886332266763,-249.2084878068166,592.2899780273438,-0.04540186788465472,2026-07-03
SMH260918P00115000,2026-06-24 17:54:18+00:00,115.0,0.22,0.0,5.0,0.0,0.0,3.0,25,1.8911138256835938,False,REGULAR,USD,SMH,put,2026-09-18,0.21095890410958903,2.5,5.124264826777416e-05,-0.009875514838527777,-449.40752834926514,592.2899780273438,-0.04540186788465472,2026-07-03
SMH260918P00120000,2026-06-26 18:24:21+00:00,120.0,0.07,0.03,0.16,0.0,0.0,2.0,65,1.2148476757812499,False,REGULAR,USD,SMH,put,2026-09-18,0.21095890410958903,0.095,8.314273360681237e-06,-0.0008016046285832523,-189.58607010215147,592.2899780273438,-0.04540186788465472,2026-07-03
SMH260918P00125000,2026-06-23 16:46:19+00:00,125.0,0.27,0.0,5.0,0.0,0.0,1.0,73,1.7958994580078125,False,REGULAR,USD,SMH,put,2026-09-18,0.21095890410958903,2.5,5.6836288991625534e-05,-0.010481406423636153,-1455.5172009565422,592.2899780273438,-0.04540186788465472,2026-07-03
SMH260918P00130000,2026-06-29 14:29:47+00:00,130.0,0.16,0.02,0.3,0.0,0.0,1.0,344,1.2148476757812499,False,REGULAR,USD,SMH,put,2026-09-18,0.21095890410958903,0.16,1.2939908311429337e-05,-0.001298209883741186,-1561.559043736762,592.2899780273438,-0.04540186788465472,2026-07-03
SMH260918P00135000,2026-04-16 19:56:00+00:00,135.0,0.35,0.0,4.8,0.0,0.0,1.0,22,1.6967788598632816,False,REGULAR,USD,SMH,put,2026-09-18,0.21095890410958903,2.4,6.166370348591344e-05,-0.010783464498228201,-475.90586138981473,592.2899780273438,-0.04540186788465472,2026-07-03
SMH260918P00140000,2026-06-05 19:56:21+00:00,140.0,0.3,0.0,0.3,0.0,0.0,1.0,159,1.1494183154296875,False,REGULAR,USD,SMH,put,2026-09-18,0.21095890410958903,0.15,1.3669667296097308e-05,-0.0012975007274693695,-762.4718897166963,592.2899780273438,-0.04540186788465472,2026-07-03
SMH260918P00145000,2026-06-11 18:50:44+00:00,145.0,0.31,0.0,0.28,0.0,0.0,2.0,179,1.1142622412109375,False,REGULAR,USD,SMH,put,2026-09-18,0.21095890410958903,0.14,1.3679233261199316e-05,-0.0012551297081456747,-858.9809937794035,592.2899780273438,-0.04540186788465472,2026-07-03
SMH260918P00150000,2026-06-29 14:30:08+00:00,150.0,0.16,0.0,0.3,0.0,0.0,1.0,643,1.0957076464843751,False,REGULAR,USD,SMH,put,2026-09-18,0.21095890410958903,0.15,1.4988120030505039e-05,-0.0013618236034680375,-3380.857792444419,592.2899780273438,-0.04540186788465472,2026-07-03
SMH260918P00155000,2026-05-19 19:50:56+00:00,155.0,0.22,0.0,5.0,0.0,0.0,1.0,26,1.554201447753906,False,REGULAR,USD,SMH,put,2026-09-18,0.21095890410958903,2.5,7.562927302472222e-05,-0.012329803665546035,-689.8140600113692,592.2899780273438,-0.04540186788465472,2026-07-03
SMH260918P00160000,2026-06-22 15:35:25+00:00,160.0,0.36,0.0,0.4,0.0,0.0,1.0,52,1.0771530517578127,False,REGULAR,USD,SMH,put,2026-09-18,0.21095890410958903,0.2,1.9737601387358346e-05,-0.0018076910102696742,-360.053043044564,592.2899780273438,-0.04540186788465472,2026-07-03
SMH260918P00165000,2026-05-29 17:36:43+00:00,165.0,0.19,0.03,5.0,0.0,0.0,128.0,181,1.486330693359375,False,REGULAR,USD,SMH,put,2026-09-18,0.21095890410958903,2.515,8.286198558907156e-05,-0.01301315867259778,-5261.4164589631555,592.2899780273438,-0.04540186788465472,2026-07-03
SMH260918P00170000,2026-04-24 15:42:37+00:00,170.0,0.5,0.0,0.75,0.0,0.0,1.0,130,1.1044966650390626,False,REGULAR,USD,SMH,put,2026-09-18,0.21095890410958903,0.375,3.19028189859815e-05,-0.0031593797046314265,-1454.9269224982427,592.2899780273438,-0.04540186788465472,2026-07-03
SMH260918P00175000,2026-06-09 16:58:31+00:00,175.0,0.36,0.09,1.0,0.0,0.0,6.0,264,1.1308637207031251,False,REGULAR,USD,SMH,put,2026-09-18,0.21095890410958903,0.545,4.155037557814457e-05,-0.0043547030060417935,-3848.1115137895213,592.2899780273438,-0.04540186788465472,2026-07-03
SMH260918P00180000,2026-06-09 17:12:50+00:00,180.0,0.48,0.15,5.0,0.0,0.0,2.0,475,1.3959991137695313,False,REGULAR,USD,SMH,put,2026-09-18,0.21095890410958903,2.575,9.521055713753053e-05,-0.014214672059370659,-15865.270618224842,592.2899780273438,-0.04540186788465472,2026-07-03
SMH260918P00185000,2026-06-24 14:37:23+00:00,185.0,0.38,0.15,5.0,0.0,0.0,10.0,108,1.365847897338867,False,REGULAR,USD,SMH,put,2026-09-18,0.21095890410958903,2.575,9.931219111842298e-05,-0.014554497336796812,-3762.66096172336,592.2899780273438,-0.04540186788465472,2026-07-03
SMH260918P00190000,2026-06-22 15:37:55+00:00,190.0,0.48,0.18,5.0,0.0,0.0,1.0,133,1.3378939355468746,False,REGULAR,USD,SMH,put,2026-09-18,0.21095890410958903,2.59,0.00010379451915099704,-0.014957035636661398,-4842.781007355253,592.2899780273438,-0.04540186788465472,2026-07-03
SMH260918P00195000,2026-06-22 15:37:55+00:00,195.0,0.55,0.0,4.8,0.0,0.0,2.0,88,1.2917515881347654,False,REGULAR,USD,SMH,put,2026-09-18,0.21095890410958903,2.4,0.00010468296400209183,-0.014502031231601875,-3231.673307954024,592.2899780273438,-0.04540186788465472,2026-07-03
SMH260918P00200000,2026-06-23 17:19:30+00:00,200.0,0.72,0.24,2.57,0.16000003,28.571432,4.0,279,1.1574749157714845,False,REGULAR,USD,SMH,put,2026-09-18,0.21095890410958903,1.4049999999999998,8.513455978677211e-05,-0.01006667122085192,-8332.567994982026,592.2899780273438,-0.04540186788465472,2026-07-03
SMH260918P00205000,2026-04-01 14:37:38+00:00,205.0,2.48,0.0,0.0,0.0,0.0,2.0,0,0.500005,False,REGULAR,USD,SMH,put,2026-09-18,0.21095890410958903,2.48,3.3376350253397364e-08,-9.142374252091301e-07,-0.0,592.2899780273438,-0.04540186788465472,2026-07-03
SMH260918P00210000,2026-06-10 17:45:30+00:00,210.0,0.8,0.28,3.7,0.0,0.0,3.0,1633,1.1729777679443358,False,REGULAR,USD,SMH,put,2026-09-18,0.21095890410958903,1.9900000000000002,0.00010883088412065215,-0.013564663360328244,-62345.78683204923,592.2899780273438,-0.04540186788465472,2026-07-03
SMH260918P00215000,2026-06-05 16:45:58+00:00,215.0,0.71,0.3,3.25,0.0,0.0,3.0,449,1.1267133508300784,False,REGULAR,USD,SMH,put,2026-09-18,0.21095890410958903,1.775,0.00010751843849234535,-0.012766944743300646,-16935.501345364333,592.2899780273438,-0.04540186788465472,2026-07-03
SMH260918P00220000,2026-07-01 17:26:03+00:00,220.0,0.63,0.4,0.85,0.0,0.0,2.0,1000,0.945313046875,False,REGULAR,USD,SMH,put,2026-09-18,0.21095890410958903,0.625,6.523052048198212e-05,-0.0059093472571566386,-22883.350469752815,592.2899780273438,-0.04540186788465472,2026-07-03
SMH260918P00225000,2026-07-01 17:25:59+00:00,225.0,0.51,0.35,1.0,0.0,0.0,2.0,159,0.9348151049804687,False,REGULAR,USD,SMH,put,2026-09-18,0.21095890410958903,0.675,7.091458943790457e-05,-0.006412452463453011,-3955.5008798670515,592.2899780273438,-0.04540186788465472,2026-07-03
SMH260918P00230000,2026-06-10 15:14:40+00:00,230.0,1.04,0.37,1.99,0.0,0.0,2.0,456,0.9909668872070312,False,REGULAR,USD,SMH,put,2026-09-18,0.21095890410958903,1.18,9.932402621437026e-05,-0.010053292634986333,-15888.68396606647,592.2899780273438,-0.04540186788465472,2026-07-03
SMH260918P00235000,2026-06-10 15:13:25+00:00,235.0,1.09,0.4,1.51,0.0,0.0,2.0,5,0.9401861450195312,False,REGULAR,USD,SMH,put,2026-09-18,0.21095890410958903,0.9550000000000001,9.269201399049652e-05,-0.00874745095005125,-162.58523051932804,592.2899780273438,-0.04540186788465472,2026-07-03
SMH260918P00240000,2026-06-26 13:30:23+00:00,240.0,0.9,0.43,1.56,0.0,0.0,6.0,300,0.9257819921875,False,REGULAR,USD,SMH,put,2026-09-18,0.21095890410958903,0.995,9.851234407907308e-05,-0.009213393939894177,-10367.658322369136,592.2899780273438,-0.04540186788465472,2026-07-03
SMH260918P00245000,2026-06-10 15:10:34+00:00,245.0,1.25,0.46,1.65,0.0,0.0,70.0,164,0.9143074975585939,False,REGULAR,USD,SMH,put,2026-09-18,0.21095890410958903,1.055,0.00010572636930533487,-0.009847597787486562,-6082.693520647138,592.2899780273438,-0.04540186788465472,2026-07-03
SMH260918P00250000,2026-07-02 18:34:27+00:00,250.0,1.05,0.52,1.2,0.099999964,10.526312,2.0,2372,0.8686536572265625,False,REGULAR,USD,SMH,put,2026-09-18,0.21095890410958903,0.86,9.881408774117708e-05,-0.008597382512471441,-82224.70395529793,592.2899780273438,-0.04540186788465472,2026-07-03
SMH260918P00255000,2026-05-19 13:42:15+00:00,255.0,1.03,0.52,1.85,0.0,0.0,1.0,743,0.8916026464843749,False,REGULAR,USD,SMH,put,2026-09-18,0.21095890410958903,1.185,0.0001213599261031296,-0.011208076536853961,-31632.454013866933,592.2899780273438,-0.04540186788465472,2026-07-03
SMH260918P00260000,2026-07-01 17:01:06+00:00,260.0,1.1,0.05,1.4,0.0,0.0,28.0,1982,0.8122577368164061,False,REGULAR,USD,SMH,put,2026-09-18,0.21095890410958903,0.725,9.7516022690365e-05,-0.007845901105387298,-67802.92008671194,592.2899780273438,-0.04540186788465472,2026-07-03
SMH260918P00265000,2026-06-26 15:24:13+00:00,265.0,1.21,0.59,2.06,0.0,0.0,1.0,33,0.8692640026855469,False,REGULAR,USD,SMH,put,2026-09-18,0.21095890410958903,1.325,0.0001387558195188896,-0.012702773778952903,-1606.3268359985525,592.2899780273438,-0.04540186788465472,2026-07-03
SMH260918P00270000,2026-06-26 15:24:13+00:00,270.0,1.22,0.63,2.19,0.0,0.0,1.0,416,0.85937640625,False,REGULAR,USD,SMH,put,2026-09-18,0.21095890410958903,1.41,0.00014876812566228033,-0.01358825692555743,-21710.608214855274,592.2899780273438,-0.04540186788465472,2026-07-03
SMH260918P00275000,2026-07-02 15:01:12+00:00,275.0,1.3,0.67,2.32,0.099999905,8.333325,1.0,280,0.8491226025390625,False,REGULAR,USD,SMH,put,2026-09-18,0.21095890410958903,1.4949999999999999,0.0001591023631772858,-0.014486212923767727,-15628.000985889214,592.2899780273438,-0.04540186788465472,2026-07-03
SMH260918P00280000,2026-07-02 16:21:15+00:00,280.0,1.5,0.71,2.46,0.100000024,7.142859,31.0,2277,0.8391129370117187,False,REGULAR,USD,SMH,put,2026-09-18,0.21095890410958903,1.585,0.00017010117989223937,-0.01544310293260176,-135874.86479478405,592.2899780273438,-0.04540186788465472,2026-07-03
SMH260918P00285000,2026-06-30 15:15:07+00:00,285.0,1.42,0.8,2.56,0.0,0.0,2.0,77,0.8293474096679687,False,REGULAR,USD,SMH,put,2026-09-18,0.21095890410958903,1.6800000000000002,0.00018180699227680504,-0.01646336986284458,-4911.001599195615,592.2899780273438,-0.04540186788465472,2026-07-03
SMH260918P00290000,2026-06-16 13:34:03+00:00,290.0,1.38,0.9,2.0,0.0,0.0,82.0,259,0.7919942675781251,False,REGULAR,USD,SMH,put,2026-09-18,0.21095890410958903,1.45,0.0001764913330399444,-0.015071642015064168,-16035.847433642692,592.2899780273438,-0.04540186788465472,2026-07-03
SMH260918P00295000,2026-06-23 14:27:52+00:00,295.0,2.14,1.02,2.77,0.0,0.0,1.0,78,0.8107929077148437,False,REGULAR,USD,SMH,put,2026-09-18,0.21095890410958903,1.895,0.000207679192518485,-0.01873699444118382,-5682.721302539656,592.2899780273438,-0.04540186788465472,2026-07-03
SMH260918P00300000,2026-07-02 18:19:32+00:00,300.0,2.1,1.2,2.85,0.30999994,17.318434,51.0,1775,0.802614278564453,False,REGULAR,USD,SMH,put,2026-09-18,0.21095890410958903,2.025,0.0002223690975959581,-0.020065610546821988,-138465.49395113808,592.2899780273438,-0.04540186788465472,2026-07-03
SMH260918P00305000,2026-06-29 14:57:03+00:00,305.0,1.98,1.29,2.5,0.0,0.0,25.0,638,0.7761252856445313,False,REGULAR,USD,SMH,put,2026-09-18,0.21095890410958903,1.895,0.00022466991838713147,-0.01952304265183724,-50284.52760418687,592.2899780273438,-0.04540186788465472,2026-07-03
SMH260918P00310000,2026-06-29 19:50:08+00:00,310.0,2.0,1.4,2.5,0.0,0.0,5.0,729,0.7631859619140625,False,REGULAR,USD,SMH,put,2026-09-18,0.21095890410958903,1.95,0.00023679305276584633,-0.020363028448688536,-60557.12564494477,592.2899780273438,-0.04540186788465472,2026-07-03
SMH260918P00315000,2026-06-17 16:18:51+00:00,315.0,1.84,1.55,3.3,0.0,0.0,1.0,81,0.7767356311035156,False,REGULAR,USD,SMH,put,2026-09-18,0.21095890410958903,2.425,0.0002701616121921785,-0.024308724576186047,-7676.750508451806,592.2899780273438,-0.04540186788465472,2026-07-03
SMH260918P00320000,2026-06-26 13:30:30+00:00,320.0,2.54,1.72,3.45,0.0,0.0,7.0,4807,0.7689232092285156,False,REGULAR,USD,SMH,put,2026-09-18,0.21095890410958903,2.585,0.00028837680948336626,-0.025961691995146863,-486298.82810741954,592.2899780273438,-0.04540186788465472,2026-07-03
SMH260918P00325000,2026-06-12 17:07:42+00:00,325.0,2.87,1.87,3.6,0.0,0.0,1.0,204,0.7602563037109377,False,REGULAR,USD,SMH,put,2026-09-18,0.21095890410958903,2.7350000000000003,0.0003068238224055627,-0.02758574880636666,-21957.758879956702,592.2899780273438,-0.04540186788465472,2026-07-03
SMH260918P00330000,2026-06-18 18:04:52+00:00,330.0,2.6,2.06,3.75,0.0,0.0,1.0,6939,0.7523218127441407,False,REGULAR,USD,SMH,put,2026-09-18,0.21095890410958903,2.9050000000000002,0.0003268016144931145,-0.029385722858052965,-795517.7039470705,592.2899780273438,-0.04540186788465472,2026-07-03
SMH260918P00335000,2026-07-02 19:35:41+00:00,335.0,3.26,2.3,3.5,0.9100001,38.723408,11.0,370,0.735354208984375,False,REGULAR,USD,SMH,put,2026-09-18,0.21095890410958903,2.9,0.00033993556816096373,-0.02997916112602661,-44123.21002158648,592.2899780273438,-0.04540186788465472,2026-07-03
SMH260918P00340000,2026-07-02 15:38:56+00:00,340.0,3.0,2.45,3.7,0.1500001,5.263161,4.0,5412,0.7273586834716796,False,REGULAR,USD,SMH,put,2026-09-18,0.21095890410958903,3.075,0.0003616882127556143,-0.03188823508151439,-686690.2984409605,592.2899780273438,-0.04540186788465472,2026-07-03
SMH260918P00345000,2026-07-02 13:40:33+00:00,345.0,2.99,2.63,4.2,0.30999994,11.567162,1.0,218,0.7264431652832031,False,REGULAR,USD,SMH,put,2026-09-18,0.21095890410958903,3.415,0.000391006558363127,-0.035000759046621144,-29902.62425908062,592.2899780273438,-0.04540186788465472,2026-07-03
SMH260918P00350000,2026-07-02 17:27:02+00:00,350.0,3.77,2.9,4.0,0.5899999,18.553457,152.0,2795,0.7114897015380859,False,REGULAR,USD,SMH,put,2026-09-18,0.21095890410958903,3.45,0.0004086242664108055,-0.036008486837899145,-400658.84469146456,592.2899780273438,-0.04540186788465472,2026-07-03
SMH260918P00355000,2026-06-17 14:12:37+00:00,355.0,3.09,1.57,4.6,0.0,0.0,11.0,77,0.6792024267578126,False,REGULAR,USD,SMH,put,2026-09-18,0.21095890410958903,3.085,0.00040919453635818013,-0.03408519460384796,-11053.232866740022,592.2899780273438,-0.04540186788465472,2026-07-03
SMH260918P00360000,2026-07-02 19:26:58+00:00,360.0,4.53,3.4,4.8,1.0200002,29.059835,234.0,3094,0.7050810742187501,False,REGULAR,USD,SMH,put,2026-09-18,0.21095890410958903,4.1,0.0004694362063014613,-0.04222618502093867,-509525.19057317596,592.2899780273438,-0.04540186788465472,2026-07-03
SMH260918P00365000,2026-07-02 17:40:11+00:00,365.0,4.63,3.6,5.0,1.23,36.17647,10.0,522,0.6961089959716797,False,REGULAR,USD,SMH,put,2026-09-18,0.21095890410958903,4.3,0.0004963328975264845,-0.044530966240484804,-90889.21091291492,592.2899780273438,-0.04540186788465472,2026-07-03
SMH260918P00370000,2026-07-02 18:24:55+00:00,370.0,5.0,3.9,5.25,0.28999996,6.1571116,10.0,1377,0.6895172650146486,False,REGULAR,USD,SMH,put,2026-09-18,0.21095890410958903,4.575,0.0005268421966180156,-0.047398466633615355,-254497.3475507386,592.2899780273438,-0.04540186788465472,2026-07-03
SMH260918P00375000,2026-07-02 13:54:09+00:00,375.0,5.2,3.05,6.1,1.1199999,27.45098,22.0,672,0.6732210412597659,False,REGULAR,USD,SMH,put,2026-09-18,0.21095890410958903,4.574999999999999,0.0005491558592534522,-0.048449900327032114,-129459.4217976271,592.2899780273438,-0.04540186788465472,2026-07-03
SMH260918P00380000,2026-07-02 17:40:11+00:00,380.0,5.58,4.55,5.75,1.48,36.09756,14.0,2610,0.6759065612792969,False,REGULAR,USD,SMH,put,2026-09-18,0.21095890410958903,5.15,0.0005916889302231095,-0.053476310003681915,-541754.7400332815,592.2899780273438,-0.04540186788465472,2026-07-03
SMH260918P00385000,2026-07-02 18:47:34+00:00,385.0,5.9,4.7,6.6,0.8499999,16.83168,5.0,114,0.6748689739990237,False,REGULAR,USD,SMH,put,2026-09-18,0.21095890410958903,5.65,0.0006317333214949287,-0.05799010271804228,-25264.3078382735,592.2899780273438,-0.04540186788465472,2026-07-03
SMH260918P00390000,2026-07-01 19:36:53+00:00,390.0,4.78,5.2,6.35,0.0,0.0,2.0,3170,0.6621737884521486,False,REGULAR,USD,SMH,put,2026-09-18,0.21095890410958903,5.775,0.0006623967230455981,-0.060128581434175654,-736624.5787578324,592.2899780273438,-0.04540186788465472,2026-07-03
SMH260918P00395000,2026-07-02 16:09:19+00:00,395.0,6.58,3.9,8.5,0.34000015,5.4487205,85.0,1292,0.6578403356933593,False,REGULAR,USD,SMH,put,2026-09-18,0.21095890410958903,6.2,0.0007024414931399473,-0.06428421909609539,-318376.81902880996,592.2899780273438,-0.04540186788465472,2026-07-03
SMH260918P00400000,2026-07-02 18:39:02+00:00,400.0,6.8,6.5,7.0,1.3500004,24.77065,85.0,81269,0.6561313684082033,False,REGULAR,USD,SMH,put,2026-09-18,0.21095890410958903,6.75,0.0007462293172749902,-0.06927608264949026,-21274824.754532453,592.2899780273438,-0.04540186788465472,2026-07-03
SMH260918P00405000,2026-07-02 18:54:28+00:00,405.0,7.41,6.35,7.55,2.25,43.604652,3.0,71078,0.6447789428710937,False,REGULAR,USD,SMH,put,2026-09-18,0.21095890410958903,6.949999999999999,0.0007833330661748494,-0.07213455127981405,-19532166.906814188,592.2899780273438,-0.04540186788465472,2026-07-03
SMH260918P00410000,2026-07-02 18:00:42+00:00,410.0,8.25,6.7,8.0,2.3000002,38.655464,1.0,316,0.6382482464599608,False,REGULAR,USD,SMH,put,2026-09-18,0.21095890410958903,7.35,0.0008263283047091087,-0.07633769352133923,-91602.74330122538,592.2899780273438,-0.04540186788465472,2026-07-03
SMH260918P00415000,2026-07-02 17:11:14+00:00,415.0,8.5,7.3,8.45,2.0700002,32.19285,6.0,829,0.634189449157715,False,REGULAR,USD,SMH,put,2026-09-18,0.21095890410958903,7.875,0.0008729517949260365,-0.08138520236166569,-253871.27321629025,592.2899780273438,-0.04540186788465472,2026-07-03
SMH260918P00420000,2026-07-01 19:57:14+00:00,420.0,8.35,7.7,9.0,1.3800006,19.799147,2.0,1219,0.6283911672973633,False,REGULAR,USD,SMH,put,2026-09-18,0.21095890410958903,8.35,0.0009198874321759081,-0.08620136484843477,-393375.3653627732,592.2899780273438,-0.04540186788465472,2026-07-03
SMH260918P00425000,2026-07-02 20:02:56+00:00,425.0,9.16,8.3,9.55,1.9299998,26.694328,1009.0,1693,0.6242408181762696,False,REGULAR,USD,SMH,put,2026-09-18,0.21095890410958903,8.925,0.0009695660008295973,-0.09169201017438033,-575841.6905640084,592.2899780273438,-0.04540186788465472,2026-07-03
SMH260918P00430000,2026-07-02 18:28:32+00:00,430.0,10.3,8.7,10.1,2.3500004,29.559755,118.0,9246,0.6174354663085939,False,REGULAR,USD,SMH,put,2026-09-18,0.21095890410958903,9.399999999999999,0.0010193403296660675,-0.0966830603993849,-3306297.011377812,592.2899780273438,-0.04540186788465472,2026-07-03
SMH260918P00435000,2026-06-30 14:49:42+00:00,435.0,6.55,9.3,10.75,0.0,0.0,6.0,147,0.6131935653686525,False,REGULAR,USD,SMH,put,2026-09-18,0.21095890410958903,10.025,0.0010721881948963841,-0.10263482737898366,-55291.34113375709,592.2899780273438,-0.04540186788465472,2026-07-03
SMH260918P00440000,2026-07-02 14:56:30+00:00,440.0,9.78,10.0,11.4,2.7299995,38.723396,15.0,1264,0.6092568371582032,False,REGULAR,USD,SMH,put,2026-09-18,0.21095890410958903,10.7,0.0011266078394916753,-0.10893535693541234,-499561.0976120855,592.2899780273438,-0.04540186788465472,2026-07-03
SMH260918P00445000,2026-07-02 17:49:13+00:00,445.0,12.8,10.75,12.1,4.2,48.837204,764.0,2205,0.6056557989501954,False,REGULAR,USD,SMH,put,2026-09-18,0.21095890410958903,11.425,0.0011824599175231736,-0.11560308473208947,-914668.6419600945,592.2899780273438,-0.04540186788465472,2026-07-03
SMH260918P00450000,2026-07-02 19:23:36+00:00,450.0,12.66,11.45,12.8,2.96,30.515465,56.0,11901,0.6009561389160158,False,REGULAR,USD,SMH,put,2026-09-18,0.21095890410958903,12.125,0.001239468255152373,-0.12221736154342011,-5174729.249282244,592.2899780273438,-0.04540186788465472,2026-07-03
SMH260918P00455000,2026-06-30 16:19:40+00:00,455.0,8.17,12.0,13.65,0.0,0.0,1.0,174,0.59570716796875,False,REGULAR,USD,SMH,put,2026-09-18,0.21095890410958903,12.825,0.0012979856771803782,-0.12893857665149422,-79229.6827143755,592.2899780273438,-0.04540186788465472,2026-07-03
SMH260918P00460000,2026-07-02 18:24:55+00:00,460.0,15.0,12.8,14.45,6.2,70.454544,16.0,1635,0.5915263015747071,False,REGULAR,USD,SMH,put,2026-09-18,0.21095890410958903,13.625,0.0013578720925396524,-0.1362624997228068,-778834.8706685114,592.2899780273438,-0.04540186788465472,2026-07-03
SMH260918P00465000,2026-07-02 17:37:34+00:00,465.0,15.91,13.7,15.3,5.26,49.389675,1.0,574,0.5879557806396485,False,REGULAR,USD,SMH,put,2026-09-18,0.21095890410958903,14.5,0.0014187561283965655,-0.1440607074605018,-285685.64003448316,592.2899780273438,-0.04540186788465472,2026-07-03
SMH260918P00470000,2026-07-02 20:02:56+00:00,470.0,15.61,14.55,16.2,3.71,31.176472,25.0,653,0.5837443969726561,False,REGULAR,USD,SMH,put,2026-09-18,0.21095890410958903,15.375,0.0014809454747474113,-0.151955303682755,-339250.9078705567,592.2899780273438,-0.04540186788465472,2026-07-03
SMH260918P00475000,2026-07-02 15:50:06+00:00,475.0,15.6,15.45,17.15,2.92,23.02839,4.0,2921,0.5796855996704101,False,REGULAR,USD,SMH,put,2026-09-18,0.21095890410958903,16.299999999999997,0.001544112874616212,-0.16019271435975702,-1582265.538456167,592.2899780273438,-0.04540186788465472,2026-07-03
SMH260918P00480000,2026-07-02 19:41:44+00:00,480.0,18.25,16.5,18.15,5.3,40.926643,35.0,2881,0.576450768737793,False,REGULAR,USD,SMH,put,2026-09-18,0.21095890410958903,17.325,0.0016074599567386055,-0.16898021618985526,-1624621.4748588556,592.2899780273438,-0.04540186788465472,2026-07-03
SMH260918P00485000,2026-07-02 19:42:49+00:00,485.0,19.86,17.4,19.2,5.1900005,35.378326,10.0,1062,0.5718884364318848,False,REGULAR,USD,SMH,put,2026-09-18,0.21095890410958903,18.299999999999997,0.001672835805878284,-0.17766726816250045,-623227.4889328496,592.2899780273438,-0.04540186788465472,2026-07-03
SMH260918P00490000,2026-07-02 20:14:43+00:00,490.0,19.36,18.45,20.3,4.01,26.12378,24.0,488,0.5680890359497069,False,REGULAR,USD,SMH,put,2026-09-18,0.21095890410958903,19.375,0.0017381386224650124,-0.18689028979410716,-297558.9381299961,592.2899780273438,-0.04540186788465472,2026-07-03
SMH260918P00495000,2026-07-02 16:40:17+00:00,495.0,21.65,18.55,21.8,5.2299995,31.851398,2.0,113,0.5601545449829101,False,REGULAR,USD,SMH,put,2026-09-18,0.21095890410958903,20.175,0.0018104397663812283,-0.1952028094475351,-71768.0741020799,592.2899780273438,-0.04540186788465472,2026-07-03
SMH260918P00500000,2026-07-02 19:57:55+00:00,500.0,22.5,20.85,22.55,5.3999996,31.578943,2841.0,11967,0.5608869595336915,False,REGULAR,USD,SMH,put,2026-09-18,0.21095890410958903,21.700000000000003,0.0018694663751295866,-0.20636926858872284,-7848229.918587684,592.2899780273438,-0.04540186788465472,2026-07-03
SMH260918P00505000,2026-07-02 19:25:18+00:00,505.0,25.79,22.0,23.9,7.34,39.7832,259.0,929,0.5574385076904298,False,REGULAR,USD,SMH,put,2026-09-18,0.21095890410958903,22.95,0.0019351360085167041,-0.21660845829176534,-630661.0020248591,592.2899780273438,-0.04540186788465472,2026-07-03
SMH260918P00510000,2026-07-02 19:47:36+00:00,510.0,26.14,23.25,25.2,7.1099987,37.362053,237.0,1473,0.5536848831176758,False,REGULAR,USD,SMH,put,2026-09-18,0.21095890410958903,24.225,0.0020014453714220747,-0.22706715098401864,-1034225.5338946729,592.2899780273438,-0.04540186788465472,2026-07-03
SMH260918P00515000,2026-07-01 17:04:02+00:00,515.0,28.5,24.6,26.6,8.549999,42.857136,24.0,237,0.5504805694580079,False,REGULAR,USD,SMH,put,2026-09-18,0.21095890410958903,25.6,0.0020663077444113766,-0.23797401764796366,-171795.632087734,592.2899780273438,-0.04540186788465472,2026-07-03
SMH260918P00520000,2026-07-02 17:53:59+00:00,520.0,29.97,26.0,28.05,8.23,37.856483,28.0,6808,0.5471847039794924,False,REGULAR,USD,SMH,put,2026-09-18,0.21095890410958903,27.025,0.0021309298604222384,-0.24915036509127575,-5089293.184519389,592.2899780273438,-0.04540186788465472,2026-07-03
SMH260918P00525000,2026-07-02 17:20:15+00:00,525.0,31.64,27.5,29.55,8.879999,39.015812,178.0,1479,0.5441177180480958,False,REGULAR,USD,SMH,put,2026-09-18,0.21095890410958903,28.525,0.002194241615870734,-0.2606706283962683,-1138469.4728797374,592.2899780273438,-0.04540186788465472,2026-07-03
SMH260918P00530000,2026-07-02 20:14:43+00:00,530.0,30.0,28.8,31.15,6.3999996,27.11864,21.0,914,0.5398758171081544,False,REGULAR,USD,SMH,put,2026-09-18,0.21095890410958903,29.975,0.002260491044536754,-0.2722122170982988,-724799.282593897,592.2899780273438,-0.04540186788465472,2026-07-03
SMH260918P00535000,2026-07-02 19:56:04+00:00,535.0,33.22,30.65,32.75,9.190001,38.243862,5.0,475,0.5379532289123536,False,REGULAR,USD,SMH,put,2026-09-18,0.21095890410958903,31.7,0.002318065760907257,-0.2845371558450699,-386267.4656394601,592.2899780273438,-0.04540186788465472,2026-07-03
SMH260918P00540000,2026-07-02 19:56:04+00:00,540.0,35.0,32.3,34.5,11.9,51.515152,60.0,1430,0.5350998638916016,False,REGULAR,USD,SMH,put,2026-09-18,0.21095890410958903,33.4,0.0023773113771942624,-0.29691709332857663,-1192589.2066457416,592.2899780273438,-0.04540186788465472,2026-07-03
SMH260918P00545000,2026-07-02 18:30:45+00:00,545.0,37.19,34.05,36.25,10.829998,41.08497,6.0,318,0.5321244297790526,False,REGULAR,USD,SMH,put,2026-09-18,0.21095890410958903,35.15,0.002435484638107794,-0.3095278337305156,-271694.77269197395,592.2899780273438,-0.04540186788465472,2026-07-03
SMH260918P00550000,2026-07-02 19:56:31+00:00,550.0,38.45,35.95,38.0,9.450001,32.586212,6814.0,3667,0.5292710647583009,False,REGULAR,USD,SMH,put,2026-09-18,0.21095890410958903,36.975,0.0024914527218606497,-0.3224036020599488,-3205031.694244935,592.2899780273438,-0.04540186788465472,2026-07-03
SMH260918P00555000,2026-07-02 16:26:45+00:00,555.0,41.76,37.5,40.0,10.859999,35.14563,3.0,328,0.5252885606384277,False,REGULAR,USD,SMH,put,2026-09-18,0.21095890410958903,38.75,0.0025505348459460802,-0.335368333189764,-293476.86643464706,592.2899780273438,-0.04540186788465472,2026-07-03
SMH260918P00560000,2026-07-02 18:28:12+00:00,560.0,43.23,39.7,42.0,10.529999,32.201828,20.0,1513,0.5238695074462891,False,REGULAR,USD,SMH,put,2026-09-18,0.21095890410958903,40.85,0.0025959861114576363,-0.3488740274355583,-1377875.763071835,592.2899780273438,-0.04540186788465472,2026-07-03
SMH260918P00565000,2026-07-02 19:31:50+00:00,565.0,46.1,41.7,44.05,13.029999,39.401264,16.0,451,0.5210619183349607,False,REGULAR,USD,SMH,put,2026-09-18,0.21095890410958903,42.875,0.002645324474719146,-0.36241163671439325,-418527.7514710011,592.2899780273438,-0.04540186788465472,2026-07-03
SMH260918P00570000,2026-07-02 19:56:31+00:00,570.0,46.75,43.75,46.15,11.0,30.769232,46.0,829,0.5181017428588868,False,REGULAR,USD,SMH,put,2026-09-18,0.21095890410958903,44.95,0.002692943355799258,-0.3761367734548585,-783160.0351930453,592.2899780273438,-0.04540186788465472,2026-07-03
SMH260918P00575000,2026-07-02 19:18:29+00:00,575.0,51.45,45.95,48.35,14.260002,38.343647,39.0,2480,0.5156908782958984,False,REGULAR,USD,SMH,put,2026-09-18,0.21095890410958903,47.150000000000006,0.002735066596853643,-0.3900703708218467,-2379514.4947185507,592.2899780273438,-0.04540186788465472,2026-07-03
SMH260918P00580000,2026-07-02 18:52:10+00:00,580.0,52.0,48.15,50.6,11.5,28.395063,57.0,1036,0.5128832891845703,False,REGULAR,USD,SMH,put,2026-09-18,0.21095890410958903,49.375,0.0027763632898021905,-0.4041511692995129,-1009031.715468044,592.2899780273438,-0.04540186788465472,2026-07-03
SMH260918P00585000,2026-07-02 18:18:18+00:00,585.0,55.5,50.2,52.95,13.900002,33.413467,35.0,507,0.509190699157715,False,REGULAR,USD,SMH,put,2026-09-18,0.21095890410958903,51.575,0.0028195772264246843,-0.4184066558792877,-501488.20367579674,592.2899780273438,-0.04540186788465472,2026-07-03
SMH260918P00590000,2026-07-02 19:59:15+00:00,590.0,55.14,53.15,55.35,13.559998,32.611828,172.0,734,0.5092822509765625,False,REGULAR,USD,SMH,put,2026-09-18,0.21095890410958903,54.25,0.002838394110603681,-0.4326652683827166,-730865.6067073818,592.2899780273438,-0.04540186788465472,2026-07-03
SMH260918P00595000,2026-07-02 18:36:40+00:00,595.0,59.88,55.3,57.85,14.330002,31.45994,145.0,351,0.5054981091308592,True,REGULAR,USD,SMH,put,2026-09-18,0.21095890410958903,56.575,0.0028756056205940916,-0.4471873101012901,-354083.1078866624,592.2899780273438,-0.04540186788465472,2026-07-03
SMH260918P00600000,2026-07-02 19:29:38+00:00,600.0,62.89,58.05,60.3,14.290001,29.403296,320.0,707,0.5036060382080079,True,REGULAR,USD,SMH,put,2026-09-18,0.21095890410958903,59.175,0.002898513784295753,-0.46167253513766626,-718891.8367980755,592.2899780273438,-0.04540186788465472,2026-07-03
SMH260918P00605000,2026-07-02 16:20:06+00:00,605.0,61.96,60.15,63.05,16.98,37.75011,1.0,184,0.5127612200927734,True,REGULAR,USD,SMH,put,2026-09-18,0.21095890410958903,61.599999999999994,0.0028542225108142303,-0.4747107563809003,-184235.9670502031,592.2899780273438,-0.04540186788465472,2026-07-03
SMH260918P00610000,2026-07-02 14:49:50+00:00,610.0,66.74,63.15,65.75,26.939999,67.68844,52.0,443,0.5105029418945313,True,REGULAR,USD,SMH,put,2026-09-18,0.21095890410958903,64.45,0.002871530390019311,-0.4890015345946296,-446257.8937823463,592.2899780273438,-0.04540186788465472,2026-07-03
SMH260918P00615000,2026-07-02 14:51:08+00:00,615.0,71.15,65.9,68.55,16.150002,29.363638,11.0,475,0.5085498364257812,True,REGULAR,USD,SMH,put,2026-09-18,0.21095890410958903,67.225,0.0028835583279065336,-0.5032590298233534,-480497.4846391248,592.2899780273438,-0.04540186788465472,2026-07-03
SMH260918P00620000,2026-07-02 19:14:42+00:00,620.0,74.95,68.35,71.4,17.949997,31.491222,10.0,581,0.506444144592285,True,REGULAR,USD,SMH,put,2026-09-18,0.21095890410958903,69.875,0.0028928448029584023,-0.5175408099547245,-589617.0528167168,592.2899780273438,-0.04540186788465472,2026-07-03
SMH260918P00625000,2026-07-02 15:01:12+00:00,625.0,66.8,71.6,74.3,6.4000015,10.596028,3.0,406,0.504185866394043,True,REGULAR,USD,SMH,put,2026-09-18,0.21095890410958903,72.94999999999999,0.002899343488613375,-0.5318432583107344,-412947.1485573612,592.2899780273438,-0.04540186788465472,2026-07-03
SMH260918P00630000,2026-07-02 15:26:09+00:00,630.0,73.0,74.55,77.3,10.0,15.873016,6.0,958,0.5022327609252931,True,REGULAR,USD,SMH,put,2026-09-18,0.21095890410958903,75.925,0.00290046126769259,-0.5460375172572576,-974768.1887374958,592.2899780273438,-0.04540186788465472,2026-07-03
SMH260918P00635000,2026-07-02 18:07:58+00:00,635.0,83.3,77.2,80.35,19.300003,30.156254,1.0,2369,0.5001423277282715,True,REGULAR,USD,SMH,put,2026-09-18,0.21095890410958903,78.775,0.0028986659207027267,-0.5602150863644542,-2408973.3392531713,592.2899780273438,-0.04540186788465472,2026-07-03
SMH260918P00640000,2026-07-02 17:47:40+00:00,640.0,88.4,80.65,83.5,21.450005,32.038845,26.0,555,0.49837232589721686,True,REGULAR,USD,SMH,put,2026-09-18,0.21095890410958903,82.075,0.0028914704244714542,-0.5742211059021393,-562963.8470918196,592.2899780273438,-0.04540186788465472,2026-07-03
SMH260918P00645000,2026-07-02 16:59:06+00:00,645.0,88.77,83.15,87.5,21.269997,31.511106,13.0,353,0.5040332800292968,True,REGULAR,USD,SMH,put,2026-09-18,0.21095890410958903,85.325,0.0028423707752001383,-0.5855293383777703,-351985.03775612824,592.2899780273438,-0.04540186788465472,2026-07-03
SMH260918P00650000,2026-07-02 15:42:47+00:00,650.0,90.66,86.4,91.0,16.760002,22.679298,5.0,1273,0.504460521850586,True,REGULAR,USD,SMH,put,2026-09-18,0.21095890410958903,88.7,0.0028182877602029406,-0.5983227777655586,-1258584.8694830055,592.2899780273438,-0.04540186788465472,2026-07-03
SMH260918P00655000,2026-07-01 14:40:47+00:00,655.0,71.0,89.5,94.45,0.0,0.0,11.0,177,0.5038501763916017,True,REGULAR,USD,SMH,put,2026-09-18,0.21095890410958903,91.975,0.0027965381071163834,-0.6112976578845465,-173645.19738266733,592.2899780273438,-0.04540186788465472,2026-07-03
SMH260918P00660000,2026-07-02 16:55:39+00:00,660.0,99.0,93.1,97.5,21.940002,28.471323,4.0,85,0.49879956771850587,True,REGULAR,USD,SMH,put,2026-09-18,0.21095890410958903,95.3,0.002792306209854507,-0.6259289693595158,-83262.74721527759,592.2899780273438,-0.04540186788465472,2026-07-03
SMH260918P00665000,2026-07-02 14:29:45+00:00,665.0,87.85,96.05,101.0,24.0,37.5881,4.0,793,0.49751784225463874,True,REGULAR,USD,SMH,put,2026-09-18,0.21095890410958903,98.525,0.0027670667376380963,-0.6389054172704752,-769771.0775251312,592.2899780273438,-0.04540186788465472,2026-07-03
SMH260918P00670000,2026-07-02 16:12:23+00:00,670.0,101.0,99.55,104.5,32.550003,47.552963,1.0,37,0.4956562886047364,True,REGULAR,USD,SMH,put,2026-09-18,0.21095890410958903,102.025,0.00274132962866884,-0.6519645892965378,-35582.114457313444,592.2899780273438,-0.04540186788465472,2026-07-03
SMH260918P00675000,2026-06-30 19:41:06+00:00,675.0,112.3,103.05,108.0,42.800003,61.582737,1.0,202,0.4931996481323243,True,REGULAR,USD,SMH,put,2026-09-18,0.21095890410958903,105.525,0.002714870928580807,-0.6651385195868663,-192384.16589233934,592.2899780273438,-0.04540186788465472,2026-07-03
SMH260918P00680000,2026-07-01 13:54:07+00:00,680.0,82.7,107.0,111.5,0.0,0.0,3.0,35,0.49014792083740244,True,REGULAR,USD,SMH,put,2026-09-18,0.21095890410958903,109.25,0.002687355485445298,-0.6784511264861031,-32996.048375139515,592.2899780273438,-0.04540186788465472,2026-07-03
SMH260918P00685000,2026-06-26 19:07:20+00:00,685.0,103.48,110.55,115.5,0.0,0.0,10.0,22,0.49173481903076177,True,REGULAR,USD,SMH,put,2026-09-18,0.21095890410958903,113.025,0.0026402366935935223,-0.6892006498340051,-20376.72158670554,592.2899780273438,-0.04540186788465472,2026-07-03
SMH260918P00690000,2026-07-02 14:03:38+00:00,690.0,94.0,114.3,119.0,-3.0,-3.0927835,200.0,133,0.4874929180908204,True,REGULAR,USD,SMH,put,2026-09-18,0.21095890410958903,116.65,0.002610819768904763,-0.7027473753201066,-121814.02730992048,592.2899780273438,-0.04540186788465472,2026-07-03
SMH260918P00695000,2026-06-24 14:20:05+00:00,695.0,109.0,118.05,123.0,0.0,0.0,12.0,13,0.4880422290039063,True,REGULAR,USD,SMH,put,2026-09-18,0.21095890410958903,120.525,0.002563448363164677,-0.713513292351654,-11690.59712134275,592.2899780273438,-0.04540186788465472,2026-07-03
SMH260918P00700000,2026-07-02 18:01:12+00:00,700.0,131.56,122.0,126.5,47.409996,56.339867,5.0,31,0.4825186026000977,True,REGULAR,USD,SMH,put,2026-09-18,0.21095890410958903,124.25,0.002530894931454152,-0.7274196746697292,-27523.55820573429,592.2899780273438,-0.04540186788465472,2026-07-03
SMH260918P00705000,2026-06-30 16:44:09+00:00,705.0,90.0,125.55,130.5,0.0,0.0,2.0,9,0.48196929168701175,True,REGULAR,USD,SMH,put,2026-09-18,0.21095890410958903,128.025,0.0024821911126099803,-0.7383027236050649,-7836.939498375512,592.2899780273438,-0.04540186788465472,2026-07-03
SMH260918P00710000,2026-06-30 19:59:40+00:00,710.0,124.83,129.55,134.5,34.130005,37.629555,1.0,18,0.48090118713378904,True,REGULAR,USD,SMH,put,2026-09-18,0.21095890410958903,132.025,0.0024330621792488572,-0.7492163040268038,-15363.652699980508,592.2899780273438,-0.04540186788465472,2026-07-03
SMH260918P00715000,2026-06-22 16:35:31+00:00,715.0,94.0,133.55,138.5,0.0,0.0,2.0,5,0.4792837716674804,True,REGULAR,USD,SMH,put,2026-09-18,0.21095890410958903,136.025,0.002383246777932526,-0.7601906311783664,-4180.30324397022,592.2899780273438,-0.04540186788465472,2026-07-03
SMH260918P00720000,2026-06-22 16:35:29+00:00,720.0,97.1,137.55,142.5,0.0,0.0,9.0,11,0.47708652801513673,True,REGULAR,USD,SMH,put,2026-09-18,0.21095890410958903,140.025,0.002332429274271628,-0.7712546542721537,-9000.568406961107,592.2899780273438,-0.04540186788465472,2026-07-03
SMH260918P00725000,2026-06-22 16:35:45+00:00,725.0,100.65,142.0,146.5,0.0,0.0,0.0,2,0.4742941975402832,True,REGULAR,USD,SMH,put,2026-09-18,0.21095890410958903,144.25,0.0022802185519729995,-0.7824262148645034,-1599.835165713364,592.2899780273438,-0.04540186788465472,2026-07-03
SMH260918P00730000,2026-06-22 16:35:37+00:00,730.0,103.85,146.0,150.5,0.0,0.0,2.0,2,0.4708610043334961,True,REGULAR,USD,SMH,put,2026-09-18,0.21095890410958903,148.25,0.0022262011710583555,-0.7937396411563844,-1561.9357698540477,592.2899780273438,-0.04540186788465472,2026-07-03
SMH260918P00740000,2026-06-17 15:16:00+00:00,740.0,128.25,154.5,159.0,0.0,0.0,2.0,2,0.4688468643188477,True,REGULAR,USD,SMH,put,2026-09-18,0.21095890410958903,156.75,0.0021103988749693234,-0.812486033718931,-1480.6871608585277,592.2899780273438,-0.04540186788465472,2026-07-03
SMH260918P00745000,2026-06-22 16:10:42+00:00,745.0,114.49,158.55,163.5,0.0,0.0,0.0,1,0.4706473834228516,True,REGULAR,USD,SMH,put,2026-09-18,0.21095890410958903,161.025,0.0020519480885100175,-0.819648723050405,-719.8386109472185,592.2899780273438,-0.04540186788465472,2026-07-03
SMH260918P00750000,2026-07-02 16:43:39+00:00,750.0,167.86,163.0,167.5,46.86,38.727276,2.0,8,0.46463548065185545,True,REGULAR,USD,SMH,put,2026-09-18,0.21095890410958903,165.25,0.0019909083507361,-0.831466486637117,-5587.4033451118485,592.2899780273438,-0.04540186788465472,2026-07-03
SMH260918P00755000,2026-06-25 14:00:03+00:00,755.0,153.5,167.05,172.0,0.0,0.0,0.0,2,0.4654899642944337,True,REGULAR,USD,SMH,put,2026-09-18,0.21095890410958903,169.525,0.0019320257844228686,-0.838644069560494,-1355.5379541624095,592.2899780273438,-0.04540186788465472,2026-07-03
SMH260918P00770000,2026-06-23 15:01:00+00:00,770.0,159.07,180.5,185.0,0.0,0.0,2.0,2,0.45691461059570315,True,REGULAR,USD,SMH,put,2026-09-18,0.21095890410958903,182.75,0.001742667344751199,-0.8654585741084899,-1222.6812635398271,592.2899780273438,-0.04540186788465472,2026-07-03
SMH260918P00775000,2026-06-23 15:01:00+00:00,775.0,178.24,185.0,189.5,15.12001,9.269257,2.0,2,0.4556939196777344,True,REGULAR,USD,SMH,put,2026-09-18,0.21095890410958903,187.25,0.0016810684097907595,-0.8727783831794678,-1179.462536880959,592.2899780273438,-0.04540186788465472,2026-07-03
SMH260918P00780000,2026-06-23 13:32:12+00:00,780.0,166.5,189.5,194.0,0.0,0.0,0.0,1,0.4539239178466796,True,REGULAR,USD,SMH,put,2026-09-18,0.21095890410958903,191.75,0.001618540829762635,-0.8801480132032362,-567.7961295325457,592.2899780273438,-0.04540186788465472,2026-07-03
SMH260918P00785000,2026-06-02 16:39:06+00:00,785.0,172.0,194.05,199.0,0.0,0.0,0.0,1,0.46130909790039065,True,REGULAR,USD,SMH,put,2026-09-18,0.21095890410958903,196.525,0.0015777246365975706,-0.8817335426696054,-553.4775061927966,592.2899780273438,-0.04540186788465472,2026-07-03
SMH260918P00790000,2026-06-02 16:39:06+00:00,790.0,176.17,198.55,203.5,0.0,0.0,0.0,1,0.4587456469726563,True,REGULAR,USD,SMH,put,2026-09-18,0.21095890410958903,201.025,0.001515796060347987,-0.8890754451563763,-531.752502253828,592.2899780273438,-0.04540186788465472,2026-07-03
SMH260918P00830000,2026-06-25 14:00:02+00:00,830.0,219.45,236.0,241.0,0.0,0.0,0.0,7,0.4529473651123047,True,REGULAR,USD,SMH,put,2026-09-18,0.21095890410958903,238.5,0.0010871323980199063,-0.9302109659197809,-2669.6187675596907,592.2899780273438,-0.04540186788465472,2026-07-03
SMH260918P00840000,2026-06-25 13:57:18+00:00,840.0,225.65,245.5,250.5,0.0,0.0,0.0,2,0.44995667236328124,True,REGULAR,USD,SMH,put,2026-09-18,0.21095890410958903,248.0,0.0009857248013246083,-0.9390094195607563,-691.5991449637154,592.2899780273438,-0.04540186788465472,2026-07-03
SMH260918P00855000,2026-06-24 13:45:39+00:00,855.0,240.5,260.05,265.0,0.0,0.0,0.0,1,0.4503228796386719,True,REGULAR,USD,SMH,put,2026-09-18,0.21095890410958903,262.525,0.000861683155491815,-0.9485188583553545,-302.28484297389963,592.2899780273438,-0.04540186788465472,2026-07-03
SMH260918P00865000,2026-06-25 14:00:02+00:00,865.0,251.85,269.55,274.5,0.0,0.0,0.0,5,0.44171700866699215,True,REGULAR,USD,SMH,put,2026-09-18,0.21095890410958903,272.025,0.0007515046818713226,-0.9576220949463798,-1318.167085580107,592.2899780273438,-0.04540186788465472,2026-07-03
SMH260918P00880000,2026-06-15 19:55:57+00:00,880.0,236.64,284.5,289.5,0.0,0.0,0.0,3,0.457585990600586,True,REGULAR,USD,SMH,put,2026-09-18,0.21095890410958903,287.0,0.0007070171380578404,-0.9589470326988251,-744.0805702033955,592.2899780273438,-0.04540186788465472,2026-07-03
SMH261016C00190000,2026-05-13 18:21:47+00:00,190.0,388.66,442.85,447.2,0.0,0.0,6.0,4,2.470645913238526,True,REGULAR,USD,SMH,call,2026-10-16,0.2876712328767123,445.025,0.00015786682046811602,0.936899571502539,221.52340675039022,592.2899780273438,-0.04540186788465472,2026-07-03
SMH261016C00195000,2026-05-13 18:25:16+00:00,195.0,383.91,437.45,441.7,0.0,0.0,24.0,13,2.4075967544555663,True,REGULAR,USD,SMH,call,2026-10-16,0.2876712328767123,439.575,0.00016557258110546491,0.9351048523192206,755.0931658538309,592.2899780273438,-0.04540186788465472,2026-07-03
SMH261016C00200000,2026-04-24 15:18:30+00:00,200.0,310.36,398.05,403.0,0.0,0.0,1.0,1,1.397097741088867,True,REGULAR,USD,SMH,call,2026-10-16,0.2876712328767123,400.525,0.00016573701416690607,0.967033782308466,58.141774018793704,592.2899780273438,-0.04540186788465472,2026-07-03
SMH261016C00210000,2026-05-13 18:25:22+00:00,210.0,369.3,423.15,427.45,0.0,0.0,0.0,1,2.278751861724853,True,REGULAR,USD,SMH,call,2026-10-16,0.2876712328767123,425.29999999999995,0.0001873716745642417,0.9290689813139984,65.7313733736396,592.2899780273438,-0.04540186788465472,2026-07-03
SMH261016C00220000,2026-05-14 13:45:05+00:00,220.0,360.42,413.15,417.0,0.0,0.0,0.0,2,2.183598291015625,True,REGULAR,USD,SMH,call,2026-10-16,0.2876712328767123,415.075,0.00020362543155508705,0.9252123038447703,142.86662379512356,592.2899780273438,-0.04540186788465472,2026-07-03
SMH261016C00225000,2026-06-18 17:43:31+00:00,225.0,439.01,369.55,374.5,0.0,0.0,1.0,2,1.1112104986572267,True,REGULAR,USD,SMH,call,2026-10-16,0.2876712328767123,372.025,0.00017170436303110657,0.9738889628040232,120.47032853315314,592.2899780273438,-0.04540186788465472,2026-07-03
SMH261016C00235000,2026-05-07 19:50:08+00:00,235.0,311.63,364.5,369.45,0.0,0.0,0.0,1,1.2590369079589845,True,REGULAR,USD,SMH,call,2026-10-16,0.2876712328767123,366.975,0.00022583245584286023,0.9576102361319603,79.2237007510095,592.2899780273438,-0.04540186788465472,2026-07-03
SMH261016C00250000,2026-07-01 18:24:03+00:00,250.0,375.87,345.5,350.5,0.0,0.0,8.0,4,1.0435838836669926,True,REGULAR,USD,SMH,call,2026-10-16,0.2876712328767123,348.0,0.00022084827802198296,0.9672197285934313,309.9008567938306,592.2899780273438,-0.04540186788465472,2026-07-03
SMH261016C00260000,2026-06-16 13:30:09+00:00,260.0,387.48,336.0,340.5,0.0,0.0,1.0,1,1.0112354125976561,True,REGULAR,USD,SMH,call,2026-10-16,0.2876712328767123,338.25,0.00024120112545074647,0.9648816641105543,84.61514405534801,592.2899780273438,-0.04540186788465472,2026-07-03
SMH261016C00265000,2026-07-02 15:42:38+00:00,265.0,342.07,331.0,336.0,-20.019989,-5.5290093,2.0,4,1.0000660348510744,True,REGULAR,USD,SMH,call,2026-10-16,0.2876712328767123,333.5,0.00025343368547879136,0.9631977886713745,355.6256674207707,592.2899780273438,-0.04540186788465472,2026-07-03
SMH261016C00270000,2026-07-01 18:26:23+00:00,270.0,356.99,326.05,331.0,0.0,0.0,4.0,2,0.9806520489501953,True,REGULAR,USD,SMH,call,2026-10-16,0.2876712328767123,328.525,0.00026340096227574135,0.9623332634297465,184.806022987072,592.2899780273438,-0.04540186788465472,2026-07-03
SMH261016C00275000,2026-07-01 18:24:33+00:00,275.0,352.0,321.5,326.45,0.0,0.0,2.0,18,0.9765016998291016,True,REGULAR,USD,SMH,call,2026-10-16,0.2876712328767123,323.975,0.0002787480141083377,0.9598304799367441,1760.1636801949312,592.2899780273438,-0.04540186788465472,2026-07-03
SMH261016C00280000,2026-06-05 19:29:23+00:00,280.0,303.2,316.55,321.5,0.0,0.0,20.0,21,0.9583134051513671,True,REGULAR,USD,SMH,call,2026-10-16,0.2876712328767123,319.025,0.00028989705074138517,0.9588071375958824,2135.6587534204864,592.2899780273438,-0.04540186788465472,2026-07-03
SMH261016C00285000,2026-06-22 14:40:56+00:00,285.0,385.54,312.0,316.5,0.0,0.0,0.0,31,0.9462285650634765,True,REGULAR,USD,SMH,call,2026-10-16,0.2876712328767123,314.25,0.00030350771576149164,0.9570829105906109,3300.6555020643314,592.2899780273438,-0.04540186788465472,2026-07-03
SMH261016C00295000,2026-05-15 15:24:57+00:00,295.0,271.93,341.0,345.45,0.0,0.0,2.0,1,1.6922622808837893,True,REGULAR,USD,SMH,call,2026-10-16,0.2876712328767123,343.225,0.00034638502531580853,0.8914813971141524,121.51443638971543,592.2899780273438,-0.04540186788465472,2026-07-03
SMH261016C00300000,2026-06-22 16:57:56+00:00,300.0,370.93,297.5,302.45,0.0,0.0,1.0,6,0.9112557702636719,True,REGULAR,USD,SMH,call,2026-10-16,0.2876712328767123,299.975,0.0003476677832597248,0.9515081287903928,731.7866243521895,592.2899780273438,-0.04540186788465472,2026-07-03
SMH261016C00305000,2026-05-29 14:03:46+00:00,305.0,312.4,292.55,297.5,0.0,0.0,2.0,2,0.8939829937744139,True,REGULAR,USD,SMH,call,2026-10-16,0.2876712328767123,295.025,0.0003613448877637157,0.9503129446666403,253.52493421954506,592.2899780273438,-0.04540186788465472,2026-07-03
SMH261016C00315000,2026-06-26 17:01:14+00:00,315.0,310.28,283.5,288.0,0.0,0.0,1.0,2,0.8773815972900392,True,REGULAR,USD,SMH,call,2026-10-16,0.2876712328767123,285.75,0.0003969870953319967,0.9453705206835605,278.53203584234865,592.2899780273438,-0.04540186788465472,2026-07-03
SMH261016C00330000,2026-06-10 18:26:56+00:00,330.0,255.5,269.05,274.0,0.0,0.0,1.0,1,0.8430801824951171,True,REGULAR,USD,SMH,call,2026-10-16,0.2876712328767123,271.525,0.0004515377785394413,0.9388320228202186,158.4028022512215,592.2899780273438,-0.04540186788465472,2026-07-03
SMH261016C00335000,2026-04-22 15:38:23+00:00,335.0,152.95,269.55,274.0,0.0,0.0,0.0,1,0.9410406286621094,True,REGULAR,USD,SMH,call,2026-10-16,0.2876712328767123,271.775,0.000497899154901628,0.9198731868702128,174.66671699108736,592.2899780273438,-0.04540186788465472,2026-07-03
SMH261016C00340000,2026-05-27 19:10:57+00:00,340.0,263.37,260.0,264.5,0.0,0.0,1.0,8,0.8248918878173828,True,REGULAR,USD,SMH,call,2026-10-16,0.2876712328767123,262.25,0.0004929400403638035,0.9334220003741273,1383.416182593213,592.2899780273438,-0.04540186788465472,2026-07-03
SMH261016C00350000,2026-06-05 19:25:00+00:00,350.0,235.5,250.55,255.5,0.0,0.0,2.0,117,0.8071918695068359,True,REGULAR,USD,SMH,call,2026-10-16,0.2876712328767123,253.025,0.0005373436191184743,0.9276003591157576,22054.98293390551,592.2899780273438,-0.04540186788465472,2026-07-03
SMH261016C00360000,2026-04-17 17:30:11+00:00,360.0,122.02,246.55,250.75,0.0,0.0,1.0,58,0.8813183255004882,True,REGULAR,USD,SMH,call,2026-10-16,0.2876712328767123,248.65,0.0006009955758318207,0.9055762583845659,12228.35496134199,592.2899780273438,-0.04540186788465472,2026-07-03
SMH261016C00365000,2026-04-27 19:20:51+00:00,365.0,157.18,242.0,246.25,0.0,0.0,10.0,28,0.8710645217895507,True,REGULAR,USD,SMH,call,2026-10-16,0.2876712328767123,244.125,0.0006238044471042556,0.9022377946024313,6127.386369166873,592.2899780273438,-0.04540186788465472,2026-07-03
SMH261016C00370000,2026-07-02 19:02:38+00:00,370.0,229.23,232.05,237.0,-3.3200073,-1.4276531,3.0,36,0.7688621746826172,True,REGULAR,USD,SMH,call,2026-10-16,0.2876712328767123,234.525,0.0006346359210045201,0.9154369555661608,8014.8595990718695,592.2899780273438,-0.04540186788465472,2026-07-03
SMH261016C00375000,2026-05-06 19:39:58+00:00,375.0,188.05,233.0,237.3,0.0,0.0,2.0,66,0.8514724325561523,True,REGULAR,USD,SMH,call,2026-10-16,0.2876712328767123,235.15,0.0006715571477504135,0.8951478422482355,15548.757119931526,592.2899780273438,-0.04540186788465472,2026-07-03
SMH261016C00385000,2026-06-01 16:30:04+00:00,385.0,235.6,218.55,223.5,0.0,0.0,10.0,76,0.7455469781494142,True,REGULAR,USD,SMH,call,2026-10-16,0.2876712328767123,221.025,0.0007179847538632057,0.904212651361695,19142.452706533568,592.2899780273438,-0.04540186788465472,2026-07-03
SMH261016C00390000,2026-06-16 18:16:27+00:00,390.0,250.08,214.05,219.0,0.0,0.0,5.0,19,0.7373378317260743,True,REGULAR,USD,SMH,call,2026-10-16,0.2876712328767123,216.525,0.0007474526794739488,0.9003273566279593,4982.026947722594,592.2899780273438,-0.04540186788465472,2026-07-03
SMH261016C00395000,2026-04-21 17:59:32+00:00,395.0,98.42,215.25,219.5,0.0,0.0,5.0,71,0.8135699795532226,True,REGULAR,USD,SMH,call,2026-10-16,0.2876712328767123,217.375,0.0007758616656384337,0.8795899221254382,19324.639966939572,592.2899780273438,-0.04540186788465472,2026-07-03
SMH261016C00400000,2026-07-02 17:48:10+00:00,400.0,198.74,205.05,210.0,-14.409988,-6.7604923,1.0,52,0.7203397106933593,True,REGULAR,USD,SMH,call,2026-10-16,0.2876712328767123,207.525,0.0008092259554275784,0.8923179639725737,14761.888339125086,592.2899780273438,-0.04540186788465472,2026-07-03
SMH261016C00405000,2026-05-27 13:58:04+00:00,405.0,208.59,201.0,205.5,0.0,0.0,2.0,6,0.7151212570190429,True,REGULAR,USD,SMH,call,2026-10-16,0.2876712328767123,203.25,0.0008416909028535704,0.8873956818227551,1771.628474666648,592.2899780273438,-0.04540186788465472,2026-07-03
SMH261016C00410000,2026-06-18 15:43:48+00:00,410.0,257.83,196.5,201.45,0.0,0.0,1.0,98,0.7095365960693358,True,REGULAR,USD,SMH,call,2026-10-16,0.2876712328767123,198.975,0.0008748878688975273,0.8824039928126042,30077.881130233076,592.2899780273438,-0.04540186788465472,2026-07-03
SMH261016C00415000,2026-05-11 14:09:24+00:00,415.0,176.77,229.45,233.85,0.0,0.0,11.0,70,1.1691936071777342,True,REGULAR,USD,SMH,call,2026-10-16,0.2876712328767123,231.64999999999998,0.000716946068719474,0.8157118139058863,17605.699948485955,592.2899780273438,-0.04540186788465472,2026-07-03
SMH261016C00420000,2026-06-25 19:31:28+00:00,420.0,225.9,188.0,192.5,0.0,0.0,9.0,31,0.6948272705078126,True,REGULAR,USD,SMH,call,2026-10-16,0.2876712328767123,190.25,0.0009441716890900665,0.8727705952151854,10267.895406446536,592.2899780273438,-0.04540186788465472,2026-07-03
SMH261016C00425000,2026-04-21 19:59:29+00:00,425.0,76.43,189.1,193.8,0.0,0.0,1.0,63,0.7626061337280273,True,REGULAR,USD,SMH,call,2026-10-16,0.2876712328767123,191.45,0.0009547780083813482,0.8517818782950535,21101.422100965614,592.2899780273438,-0.04540186788465472,2026-07-03
SMH261016C00430000,2026-06-16 16:03:24+00:00,430.0,217.84,179.5,184.45,0.0,0.0,1.0,104,0.6853669158935547,True,REGULAR,USD,SMH,call,2026-10-16,0.2876712328767123,181.975,0.0010158033182595806,0.8613036986975029,37060.539292112866,592.2899780273438,-0.04540186788465472,2026-07-03
SMH261016C00435000,2026-06-25 19:41:11+00:00,435.0,213.5,175.5,180.0,0.0,0.0,6.0,24,0.6788972540283205,True,REGULAR,USD,SMH,call,2026-10-16,0.2876712328767123,177.75,0.0010532541395746745,0.8557255593632012,8867.74476665878,592.2899780273438,-0.04540186788465472,2026-07-03
SMH261016C00440000,2026-07-01 15:25:53+00:00,440.0,205.05,171.05,176.0,0.0,0.0,2.0,93,0.6721529367065432,True,REGULAR,USD,SMH,call,2026-10-16,0.2876712328767123,173.525,0.0010917318020065997,0.8500440741504129,35617.848166042095,592.2899780273438,-0.04540186788465472,2026-07-03
SMH261016C00445000,2026-07-02 16:24:55+00:00,445.0,168.47,167.05,172.0,-23.690002,-12.328269,2.0,1027,0.6679720703125002,True,REGULAR,USD,SMH,call,2026-10-16,0.2876712328767123,169.525,0.001129677955809756,0.8435898302688433,406999.4909171705,592.2899780273438,-0.04540186788465472,2026-07-03
SMH261016C00450000,2026-06-25 19:31:21+00:00,450.0,200.4,163.05,168.0,0.0,0.0,8.0,102,0.6633792207336429,True,REGULAR,USD,SMH,call,2026-10-16,0.2876712328767123,165.525,0.0011683684666595193,0.8370571577876369,41806.97716480396,592.2899780273438,-0.04540186788465472,2026-07-03
SMH261016C00455000,2026-07-01 16:56:11+00:00,455.0,188.85,159.0,163.95,0.0,0.0,2.0,10,0.6578098184204101,True,REGULAR,USD,SMH,call,2026-10-16,0.2876712328767123,161.475,0.00120833743665659,0.8305734745668734,4238.937363127918,592.2899780273438,-0.04540186788465472,2026-07-03
SMH261016C00460000,2026-06-25 19:31:50+00:00,460.0,191.5,155.05,160.0,0.0,0.0,8.0,159,0.6530948997497559,True,REGULAR,USD,SMH,call,2026-10-16,0.2876712328767123,157.525,0.001248250793031721,0.8237110117715598,69625.40641168256,592.2899780273438,-0.04540186788465472,2026-07-03
SMH261016C00465000,2026-06-16 14:04:25+00:00,465.0,200.39,151.05,156.0,0.0,0.0,1.0,57,0.6474339456176758,True,REGULAR,USD,SMH,call,2026-10-16,0.2876712328767123,153.525,0.0012895966634084055,0.8168819707814994,25786.804323113323,592.2899780273438,-0.04540186788465472,2026-07-03
SMH261016C00470000,2026-06-25 19:14:37+00:00,470.0,183.9,147.05,152.0,0.0,0.0,4.0,56,0.6414525601196289,True,REGULAR,USD,SMH,call,2026-10-16,0.2876712328767123,149.525,0.0013319767935491905,0.809936262727339,26166.971033074024,592.2899780273438,-0.04540186788465472,2026-07-03
SMH261016C00475000,2026-06-26 15:19:31+00:00,475.0,164.19,143.5,148.0,0.0,0.0,1.0,121,0.6376073837280273,True,REGULAR,USD,SMH,call,2026-10-16,0.2876712328767123,145.75,0.001372481841761669,0.8023213693041045,58258.69416229161,592.2899780273438,-0.04540186788465472,2026-07-03
SMH261016C00480000,2026-06-25 19:05:56+00:00,480.0,175.85,139.55,144.5,0.0,0.0,1.0,52,0.6338842764282228,True,REGULAR,USD,SMH,call,2026-10-16,0.2876712328767123,142.025,0.0014130170812959046,0.7944991368987919,25776.237446987496,592.2899780273438,-0.04540186788465472,2026-07-03
SMH261016C00485000,2026-07-02 15:53:22+00:00,485.0,142.15,136.2,140.5,22.84999,19.153387,18.0,105,0.6302832382202149,True,REGULAR,USD,SMH,call,2026-10-16,0.2876712328767123,138.35,0.0014534905708678248,0.7864715280429299,53539.00380754833,592.2899780273438,-0.04540186788465472,2026-07-03
SMH261016C00490000,2026-06-05 19:52:24+00:00,490.0,125.02,132.85,136.45,0.0,0.0,2.0,56,0.6260108200073243,True,REGULAR,USD,SMH,call,2026-10-16,0.2876712328767123,134.64999999999998,0.0014950746637991353,0.7784033725093327,29371.063827374463,592.2899780273438,-0.04540186788465472,2026-07-03
SMH261016C00495000,2026-05-14 15:19:19+00:00,495.0,124.0,162.6,165.75,0.0,0.0,2.0,96,0.9422308023071287,True,REGULAR,USD,SMH,call,2026-10-16,0.2876712328767123,164.175,0.001092552582996054,0.735822484822423,36794.45287184039,592.2899780273438,-0.04540186788465472,2026-07-03
SMH261016C00500000,2026-07-02 19:34:58+00:00,500.0,123.8,125.7,129.1,-28.720001,-18.830317,13.0,175,0.6178321908569336,True,REGULAR,USD,SMH,call,2026-10-16,0.2876712328767123,127.4,0.0015779928725718829,0.7616377895488187,96875.03093841633,592.2899780273438,-0.04540186788465472,2026-07-03
SMH261016C00505000,2026-06-08 18:58:31+00:00,505.0,132.85,122.0,125.65,0.0,0.0,1.0,73,0.6136208071899415,True,REGULAR,USD,SMH,call,2026-10-16,0.2876712328767123,123.825,0.0016197363439741045,0.7530011717300653,41479.73330940277,592.2899780273438,-0.04540186788465472,2026-07-03
SMH261016C00510000,2026-06-09 20:13:54+00:00,510.0,119.7,118.5,122.15,0.0,0.0,2.0,140,0.6097603721618654,True,REGULAR,USD,SMH,call,2026-10-16,0.2876712328767123,120.325,0.0016607172403156933,0.7441176316088634,81562.86981110706,592.2899780273438,-0.04540186788465472,2026-07-03
SMH261016C00515000,2026-06-30 18:33:56+00:00,515.0,167.6,115.05,118.7,0.0,0.0,9.0,68,0.6059609716796877,True,REGULAR,USD,SMH,call,2026-10-16,0.2876712328767123,116.875,0.0017013915606456024,0.7350450270883848,40586.53307528841,592.2899780273438,-0.04540186788465472,2026-07-03
SMH261016C00520000,2026-07-02 15:04:26+00:00,520.0,120.31,111.65,115.35,-16.690002,-12.182484,1.0,87,0.6024514852905275,True,REGULAR,USD,SMH,call,2026-10-16,0.2876712328767123,113.5,0.0017411207702731587,0.7257513347663062,53139.43313142627,592.2899780273438,-0.04540186788465472,2026-07-03
SMH261016C00525000,2026-06-16 14:04:25+00:00,525.0,152.5,108.35,112.0,0.0,0.0,1.0,260,0.5989877748107912,True,REGULAR,USD,SMH,call,2026-10-16,0.2876712328767123,110.175,0.0017803435423773854,0.7162825345886786,162385.0075592973,592.2899780273438,-0.04540186788465472,2026-07-03
SMH261016C00530000,2026-07-02 15:04:26+00:00,530.0,113.49,104.5,109.0,-17.099998,-13.094417,1.0,150,0.594227080230713,True,REGULAR,USD,SMH,call,2026-10-16,0.2876712328767123,106.75,0.0018225828334934066,0.7068172159487351,95906.33670592499,592.2899780273438,-0.04540186788465472,2026-07-03
SMH261016C00535000,2026-06-08 14:35:38+00:00,535.0,108.91,101.8,105.5,0.0,0.0,2.0,380,0.5919535433959963,True,REGULAR,USD,SMH,call,2026-10-16,0.2876712328767123,103.65,0.0018576188502753713,0.696864566521232,247633.25959799223,592.2899780273438,-0.04540186788465472,2026-07-03
SMH261016C00540000,2026-07-01 19:40:36+00:00,540.0,122.9,98.65,102.3,0.0,0.0,3.0,42,0.588596643371582,True,REGULAR,USD,SMH,call,2026-10-16,0.2876712328767123,100.475,0.001894933775360708,0.6868960500324834,27919.78665634278,592.2899780273438,-0.04540186788465472,2026-07-03
SMH261016C00545000,2026-06-05 18:59:55+00:00,545.0,89.2,95.55,99.2,0.0,0.0,42.0,130,0.5854686228942871,True,REGULAR,USD,SMH,call,2026-10-16,0.2876712328767123,97.375,0.0019308418461946061,0.6767537795752072,88055.97355986491,592.2899780273438,-0.04540186788465472,2026-07-03
SMH261016C00550000,2026-07-01 18:15:02+00:00,550.0,88.75,92.5,95.9,-25.75,-22.489082,10.0,359,0.5812877565002441,True,REGULAR,USD,SMH,call,2026-10-16,0.2876712328767123,94.2,0.001969299024300395,0.6665464165130357,248013.24949916374,592.2899780273438,-0.04540186788465472,2026-07-03
SMH261016C00555000,2026-06-15 14:58:26+00:00,555.0,129.86,89.5,93.15,0.0,0.0,1.0,84,0.5792278405761719,True,REGULAR,USD,SMH,call,2026-10-16,0.2876712328767123,91.325,0.002000047131393597,0.6560440014688302,58937.035095603875,592.2899780273438,-0.04540186788465472,2026-07-03
SMH261016C00560000,2026-07-02 16:58:36+00:00,560.0,84.98,86.6,90.25,-19.419998,-18.60153,2.0,83,0.5765423205566407,True,REGULAR,USD,SMH,call,2026-10-16,0.2876712328767123,88.425,0.0020317313932913215,0.6454682762660158,59157.95487653535,592.2899780273438,-0.04540186788465472,2026-07-03
SMH261016C00565000,2026-06-30 18:39:45+00:00,565.0,130.45,83.75,87.35,0.0,0.0,30.0,509,0.5736279209899902,True,REGULAR,USD,SMH,call,2026-10-16,0.2876712328767123,85.55,0.002063091270985498,0.6347840781624678,368387.5905084563,592.2899780273438,-0.04540186788465472,2026-07-03
SMH261016C00570000,2026-07-02 17:28:04+00:00,570.0,78.93,80.55,85.0,-50.07,-38.813953,14.0,134,0.5711255046081543,True,REGULAR,USD,SMH,call,2026-10-16,0.2876712328767123,82.775,0.0020917938520794515,0.623980969914131,98331.451251738,592.2899780273438,-0.04540186788465472,2026-07-03
SMH261016C00575000,2026-07-02 16:04:57+00:00,575.0,82.1,78.2,81.65,-18.96,-18.761131,1.0,121,0.5675855009460449,True,REGULAR,USD,SMH,call,2026-10-16,0.2876712328767123,79.92500000000001,0.00212309201131419,0.6130701687873117,90120.36764493417,592.2899780273438,-0.04540186788465472,2026-07-03
SMH261016C00580000,2026-07-02 17:08:20+00:00,580.0,74.8,75.55,78.95,-11.199997,-13.0232525,9.0,183,0.5650525672912599,True,REGULAR,USD,SMH,call,2026-10-16,0.2876712328767123,77.25,0.002149350357046734,0.6020620698907032,137983.4730195034,592.2899780273438,-0.04540186788465472,2026-07-03
SMH261016C00585000,2026-07-02 18:58:31+00:00,585.0,72.33,72.95,76.55,-18.919998,-20.734245,5.0,109,0.5634961863708496,True,REGULAR,USD,SMH,call,2026-10-16,0.2876712328767123,74.75,0.0021703654078678923,0.5910184074119632,82990.45106566692,592.2899780273438,-0.04540186788465472,2026-07-03
SMH261016C00590000,2026-07-02 20:00:24+00:00,590.0,71.49,70.05,74.5,-20.770004,-22.512468,24.0,77,0.5617109259033204,True,REGULAR,USD,SMH,call,2026-10-16,0.2876712328767123,72.275,0.002190692322198496,0.5799200373644965,59175.35603516465,592.2899780273438,-0.04540186788465472,2026-07-03
SMH261016C00595000,2026-07-02 19:59:06+00:00,595.0,69.24,67.9,71.3,-23.510002,-25.347713,2.0,65,0.5579267840576172,False,REGULAR,USD,SMH,call,2026-10-16,0.2876712328767123,69.6,0.0022175059316476464,0.568603439813718,50564.639478589495,592.2899780273438,-0.04540186788465472,2026-07-03
SMH261016C00600000,2026-07-02 19:05:26+00:00,600.0,63.2,65.6,68.9,-22.850002,-26.55433,13.0,688,0.556294109954834,False,REGULAR,USD,SMH,call,2026-10-16,0.2876712328767123,67.25,0.0022340607699031833,0.5574089822760656,539202.8622673413,592.2899780273438,-0.04540186788465472,2026-07-03
SMH261016C00605000,2026-07-02 19:38:52+00:00,605.0,62.71,63.1,66.65,-24.739998,-28.290451,3.0,276,0.5540510903930665,False,REGULAR,USD,SMH,call,2026-10-16,0.2876712328767123,64.875,0.002251453467388391,0.5461166005202214,217992.13547361238,592.2899780273438,-0.04540186788465472,2026-07-03
SMH261016C00610000,2026-07-02 17:37:06+00:00,610.0,58.95,60.85,64.35,-38.3,-39.383034,2.0,251,0.5521895367431642,False,REGULAR,USD,SMH,call,2026-10-16,0.2876712328767123,62.599999999999994,0.0022655748846987732,0.5348455518907836,199489.89941302675,592.2899780273438,-0.04540186788465472,2026-07-03
SMH261016C00615000,2026-07-01 19:46:56+00:00,615.0,77.67,58.6,62.1,0.0,0.0,21.0,180,0.5500991035461427,False,REGULAR,USD,SMH,call,2026-10-16,0.2876712328767123,60.35,0.002278928544109114,0.5235228509918659,143903.7069351588,592.2899780273438,-0.04540186788465472,2026-07-03
SMH261016C00620000,2026-07-02 19:53:08+00:00,620.0,56.49,56.4,59.9,-18.859997,-25.029856,12.0,375,0.5479934117126466,False,REGULAR,USD,SMH,call,2026-10-16,0.2876712328767123,58.15,0.0022906015795331578,0.5121830042060292,301335.00973006035,592.2899780273438,-0.04540186788465472,2026-07-03
SMH261016C00625000,2026-07-02 19:38:52+00:00,625.0,54.12,54.3,57.8,-16.960003,-23.860443,8.0,195,0.5462691857910158,False,REGULAR,USD,SMH,call,2026-10-16,0.2876712328767123,56.05,0.002298897529407078,0.5009170921181583,157261.70980699713,592.2899780273438,-0.04540186788465472,2026-07-03
SMH261016C00630000,2026-07-02 14:49:16+00:00,630.0,50.6,52.25,55.7,-20.25,-28.581512,3.0,182,0.5443313389587403,False,REGULAR,USD,SMH,call,2026-10-16,0.2876712328767123,53.975,0.0023063065348293663,0.48961792078351407,147250.63821927021,592.2899780273438,-0.04540186788465472,2026-07-03
SMH261016C00635000,2026-07-01 19:55:52+00:00,635.0,57.2,50.25,53.7,-8.249996,-12.605037,1.0,188,0.5425765957641603,False,REGULAR,USD,SMH,call,2026-10-16,0.2876712328767123,51.975,0.002311149692794433,0.47838060049254455,152424.4698231767,592.2899780273438,-0.04540186788465472,2026-07-03
SMH261016C00640000,2026-07-02 19:44:12+00:00,640.0,47.67,48.3,51.75,-17.980003,-27.387667,13.0,235,0.5408065939331056,False,REGULAR,USD,SMH,call,2026-10-16,0.2876712328767123,50.025,0.0023142570499603567,0.4671697279177172,190786.75700590585,592.2899780273438,-0.04540186788465472,2026-07-03
SMH261016C00645000,2026-07-01 19:35:44+00:00,645.0,64.2,45.55,50.5,0.0,0.0,2.0,159,0.5382431430053712,False,REGULAR,USD,SMH,call,2026-10-16,0.2876712328767123,48.025,0.002318825080831929,0.4557629742441789,129340.30529105615,592.2899780273438,-0.04540186788465472,2026-07-03
SMH261016C00650000,2026-07-02 17:41:33+00:00,650.0,43.38,44.65,48.0,-18.61,-30.02097,10.0,288,0.5376785734558105,False,REGULAR,USD,SMH,call,2026-10-16,0.2876712328767123,46.325,0.00231340007757483,0.44499747191510786,233728.67755605248,592.2899780273438,-0.04540186788465472,2026-07-03
SMH261016C00655000,2026-07-02 17:39:50+00:00,655.0,41.6,42.85,46.15,-22.82,-35.423782,7.0,210,0.5357102093505859,False,REGULAR,USD,SMH,call,2026-10-16,0.2876712328767123,44.5,0.002311928574287256,0.4338636873830698,170318.75572146542,592.2899780273438,-0.04540186788465472,2026-07-03
SMH261016C00660000,2026-07-02 19:13:21+00:00,660.0,39.82,40.75,45.3,-17.869999,-30.975904,8.0,208,0.5361679684448243,False,REGULAR,USD,SMH,call,2026-10-16,0.2876712328767123,43.025,0.0022991715834342146,0.4236352260270315,167765.82095275,592.2899780273438,-0.04540186788465472,2026-07-03
SMH261016C00665000,2026-07-02 18:58:54+00:00,665.0,39.7,39.55,42.75,-15.349998,-27.883738,39.0,399,0.5330246893310546,False,REGULAR,USD,SMH,call,2026-10-16,0.2876712328767123,41.15,0.00229876627760131,0.41222383735026813,321763.28077558475,592.2899780273438,-0.04540186788465472,2026-07-03
SMH261016C00670000,2026-07-02 18:54:00+00:00,670.0,38.27,37.85,41.15,-21.61,-36.088844,3.0,81,0.5312852047729493,False,REGULAR,USD,SMH,call,2026-10-16,0.2876712328767123,39.5,0.0022911437197714528,0.40138023003528245,65103.76723388858,592.2899780273438,-0.04540186788465472,2026-07-03
SMH261016C00675000,2026-07-02 15:04:48+00:00,675.0,41.0,36.35,39.55,-14.099998,-25.589836,3.0,81,0.5300034793090821,False,REGULAR,USD,SMH,call,2026-10-16,0.2876712328767123,37.95,0.002280134004781497,0.39080429962495933,64790.92176905277,592.2899780273438,-0.04540186788465472,2026-07-03
SMH261016C00680000,2026-07-01 14:16:30+00:00,680.0,53.52,34.85,38.05,0.0,0.0,2.0,341,0.5287522711181643,False,REGULAR,USD,SMH,call,2026-10-16,0.2876712328767123,36.45,0.0022674170783472504,0.3803451063790471,271240.5152527636,592.2899780273438,-0.04540186788465472,2026-07-03
SMH261016C00685000,2026-07-02 17:37:06+00:00,685.0,32.8,33.35,36.6,-18.61,-36.199184,2.0,132,0.5273179592895508,False,REGULAR,USD,SMH,call,2026-10-16,0.2876712328767123,34.975,0.0022537672878423665,0.36991584761578833,104364.25338006146,592.2899780273438,-0.04540186788465472,2026-07-03
SMH261016C00690000,2026-07-01 14:24:03+00:00,690.0,49.98,31.9,35.2,0.0,0.0,8.0,122,0.5259446820068359,False,REGULAR,USD,SMH,call,2026-10-16,0.2876712328767123,33.55,0.002238355631248705,0.35962456702149453,95798.27468638346,592.2899780273438,-0.04540186788465472,2026-07-03
SMH261016C00695000,2026-07-01 14:16:30+00:00,695.0,47.6,30.55,33.8,0.0,0.0,4.0,1451,0.5246171806335449,False,REGULAR,USD,SMH,call,2026-10-16,0.2876712328767123,32.175,0.002221292905868583,0.34947240055171536,1130685.9882075426,592.2899780273438,-0.04540186788465472,2026-07-03
SMH261016C00700000,2026-07-02 19:51:57+00:00,700.0,29.65,29.45,32.35,-12.699999,-29.98819,40.0,1369,0.5237932142639161,False,REGULAR,USD,SMH,call,2026-10-16,0.2876712328767123,30.9,0.002201268229960502,0.33968889591966434,1057170.855978473,592.2899780273438,-0.04540186788465472,2026-07-03
SMH261016C00705000,2026-07-01 14:47:05+00:00,705.0,40.7,28.0,31.2,0.0,0.0,2.0,77,0.5223741610717773,False,REGULAR,USD,SMH,call,2026-10-16,0.2876712328767123,29.6,0.0021816806068850215,0.32975098210921,58931.93003838788,592.2899780273438,-0.04540186788465472,2026-07-03
SMH261016C00710000,2026-07-01 16:20:08+00:00,710.0,40.05,26.85,29.95,0.0,0.0,1.0,81,0.5214891601562499,False,REGULAR,USD,SMH,call,2026-10-16,0.2876712328767123,28.4,0.0021592671713523567,0.3202175376104573,61356.442246025355,592.2899780273438,-0.04540186788465472,2026-07-03
SMH261016C00715000,2026-06-29 13:31:17+00:00,715.0,35.2,25.6,28.75,0.0,0.0,6.0,55,0.5200243310546875,False,REGULAR,USD,SMH,call,2026-10-16,0.2876712328767123,27.175,0.0021371560122209025,0.3105283364400943,41235.16004649133,592.2899780273438,-0.04540186788465472,2026-07-03
SMH261016C00720000,2026-06-26 19:10:03+00:00,720.0,35.33,24.5,27.6,0.0,0.0,33.0,70,0.5190935542297364,False,REGULAR,USD,SMH,call,2026-10-16,0.2876712328767123,26.05,0.0021124740909128008,0.3012638055782231,51875.01071034354,592.2899780273438,-0.04540186788465472,2026-07-03
SMH261016C00725000,2026-06-29 13:36:30+00:00,725.0,33.5,23.4,26.5,0.0,0.0,10.0,89,0.5180559669494629,False,REGULAR,USD,SMH,call,2026-10-16,0.2876712328767123,24.95,0.0020869541620529924,0.2920947351251836,65158.591108905304,592.2899780273438,-0.04540186788465472,2026-07-03
SMH261016C00730000,2026-06-25 16:46:50+00:00,730.0,39.15,22.35,25.45,0.0,0.0,1.0,173,0.5171251901245117,False,REGULAR,USD,SMH,call,2026-10-16,0.2876712328767123,23.9,0.0020601632183971192,0.28313961281552885,125030.65332520218,592.2899780273438,-0.04540186788465472,2026-07-03
SMH261016C00735000,2026-06-25 18:51:49+00:00,735.0,38.01,21.35,24.4,0.0,0.0,53.0,34,0.5161028614807128,False,REGULAR,USD,SMH,call,2026-10-16,0.2876712328767123,22.875,0.0020325835206388898,0.27429175464653066,24243.54281426936,592.2899780273438,-0.04540186788465472,2026-07-03
SMH261016C00740000,2026-07-01 19:40:37+00:00,740.0,30.55,20.4,23.45,0.0,0.0,5.0,84,0.5154619987487792,False,REGULAR,USD,SMH,call,2026-10-16,0.2876712328767123,21.924999999999997,0.00200342412048546,0.2658226813428074,59036.54761283438,592.2899780273438,-0.04540186788465472,2026-07-03
SMH261016C00745000,2026-06-29 13:36:31+00:00,745.0,28.45,19.45,22.5,0.0,0.0,10.0,110,0.5144854460144042,False,REGULAR,USD,SMH,call,2026-10-16,0.2876712328767123,20.975,0.001974032041733308,0.25732592827584966,76175.55921262459,592.2899780273438,-0.04540186788465472,2026-07-03
SMH261016C00750000,2026-07-02 19:37:22+00:00,750.0,19.24,18.65,21.55,-9.17,-32.277367,14.0,388,0.5139361351013183,False,REGULAR,USD,SMH,call,2026-10-16,0.2876712328767123,20.1,0.0019432646659800887,0.2492445470526003,264504.12411969475,592.2899780273438,-0.04540186788465472,2026-07-03
SMH261016C00755000,2026-07-01 14:46:29+00:00,755.0,27.41,17.75,20.7,0.0,0.0,2.0,36,0.5130663928222656,False,REGULAR,USD,SMH,call,2026-10-16,0.2876712328767123,19.225,0.0019122777205686356,0.2411434414583224,24150.283552389155,592.2899780273438,-0.04540186788465472,2026-07-03
SMH261016C00760000,2026-07-02 18:46:36+00:00,760.0,17.5,17.0,19.85,-9.450001,-35.064934,12.0,301,0.5126391510009765,False,REGULAR,USD,SMH,call,2026-10-16,0.2876712328767123,18.425,0.0018802032473366136,0.23347501442005825,198536.36324106433,592.2899780273438,-0.04540186788465472,2026-07-03
SMH261016C00765000,2026-07-01 16:46:48+00:00,765.0,25.49,16.15,19.0,0.0,0.0,2.0,64,0.5113574255371094,False,REGULAR,USD,SMH,call,2026-10-16,0.2876712328767123,17.575,0.0018483892797768664,0.22546332982675787,41499.4349331075,592.2899780273438,-0.04540186788465472,2026-07-03
SMH261016C00770000,2026-07-02 18:09:24+00:00,770.0,16.22,15.45,18.15,-8.400002,-34.118607,3.0,16,0.5105639764404297,False,REGULAR,USD,SMH,call,2026-10-16,0.2876712328767123,16.799999999999997,0.0018155824235705014,0.21791372136786474,10190.716516944041,592.2899780273438,-0.04540186788465472,2026-07-03
SMH261016C00775000,2026-07-02 19:37:22+00:00,775.0,15.47,14.75,17.5,-9.44,-37.896423,1.0,53,0.5105792350769043,False,REGULAR,USD,SMH,call,2026-10-16,0.2876712328767123,16.125,0.0017819430087807858,0.21102714110902382,33131.29778124263,592.2899780273438,-0.04540186788465472,2026-07-03
SMH261016C00780000,2026-06-30 19:55:29+00:00,780.0,31.85,14.05,16.75,0.0,0.0,606.0,642,0.5097247514343262,False,REGULAR,USD,SMH,call,2026-10-16,0.2876712328767123,15.4,0.001748440512291632,0.20378155088496952,393780.9089356132,592.2899780273438,-0.04540186788465472,2026-07-03
SMH261016C00785000,2026-07-02 18:45:09+00:00,785.0,14.23,13.3,16.05,-11.02,-43.643566,13.0,29,0.5085498364257812,False,REGULAR,USD,SMH,call,2026-10-16,0.2876712328767123,14.675,0.0017146106605423564,0.19650808105030543,17443.446025865796,592.2899780273438,-0.04540186788465472,2026-07-03
SMH261016C00790000,2026-06-30 13:30:03+00:00,790.0,23.86,12.7,15.4,0.0,0.0,2.0,61,0.5082294050598146,False,REGULAR,USD,SMH,call,2026-10-16,0.2876712328767123,14.05,0.0016803902053768578,0.18992760480934312,35959.094307367945,592.2899780273438,-0.04540186788465472,2026-07-03
SMH261016C00795000,2026-06-25 16:45:41+00:00,795.0,23.25,12.1,14.75,0.0,0.0,1.0,23,0.5076343182373046,False,REGULAR,USD,SMH,call,2026-10-16,0.2876712328767123,13.425,0.0016460249464178497,0.18334670308058937,13281.068515289848,592.2899780273438,-0.04540186788465472,2026-07-03
SMH261016C00800000,2026-07-02 18:25:23+00:00,800.0,12.5,11.75,14.0,-13.5,-51.923077,44.0,76,0.5076648355102539,False,REGULAR,USD,SMH,call,2026-10-16,0.2876712328767123,12.875,0.001611746485344938,0.177316645568384,42971.35935635119,592.2899780273438,-0.04540186788465472,2026-07-03
SMH261016C00805000,2026-07-01 13:52:01+00:00,805.0,21.14,11.05,13.6,0.0,0.0,1.0,34,0.5074206973266601,False,REGULAR,USD,SMH,call,2026-10-16,0.2876712328767123,12.325,0.0015774339923021673,0.17128250079650142,18814.768564610262,592.2899780273438,-0.04540186788465472,2026-07-03
SMH261016C00810000,2026-07-02 19:37:11+00:00,810.0,11.37,10.45,13.05,-12.62,-52.605255,1.0,113,0.506566213684082,False,REGULAR,USD,SMH,call,2026-10-16,0.2876712328767123,11.75,0.0015427878349680373,0.16503844554302116,61158.0201229729,592.2899780273438,-0.04540186788465472,2026-07-03
SMH261016C00815000,2026-06-29 14:30:49+00:00,815.0,14.35,10.05,12.5,0.0,0.0,110.0,61,0.5067493173217773,False,REGULAR,USD,SMH,call,2026-10-16,0.2876712328767123,11.275,0.0015088833297937656,0.15958851899071153,32288.975370872882,592.2899780273438,-0.04540186788465472,2026-07-03
SMH261016C00820000,2026-07-02 19:37:11+00:00,820.0,10.4,9.5,12.0,-8.700001,-45.54974,1.0,37,0.5059863854980469,False,REGULAR,USD,SMH,call,2026-10-16,0.2876712328767123,10.75,0.0014743588969202955,0.15372222884158865,19136.993403763252,592.2899780273438,-0.04540186788465472,2026-07-03
SMH261016C00825000,2026-06-26 17:59:59+00:00,825.0,15.51,9.1,11.5,0.0,0.0,1.0,51,0.5059863854980469,False,REGULAR,USD,SMH,call,2026-10-16,0.2876712328767123,10.3,0.0014406738153638363,0.14847437073871583,25775.35213401087,592.2899780273438,-0.04540186788465472,2026-07-03
SMH261016C00830000,2026-06-26 19:49:43+00:00,830.0,14.88,8.6,11.0,0.0,0.0,3.0,59,0.5050403500366211,False,REGULAR,USD,SMH,call,2026-10-16,0.2876712328767123,9.8,0.0014061319684378999,0.14281280865342755,29103.609993625134,592.2899780273438,-0.04540186788465472,2026-07-03
SMH261016C00835000,2026-06-30 16:34:30+00:00,835.0,19.35,8.2,10.55,0.0,0.0,1.0,7,0.5048572463989257,False,REGULAR,USD,SMH,call,2026-10-16,0.2876712328767123,9.375,0.0013726545058642507,0.1377612359564203,3370.761681746401,592.2899780273438,-0.04540186788465472,2026-07-03
SMH261016C00840000,2026-06-30 16:34:27+00:00,840.0,18.6,7.8,10.15,0.0,0.0,1.0,13,0.5048267291259765,False,REGULAR,USD,SMH,call,2026-10-16,0.2876712328767123,8.975,0.0013396775255907897,0.13294773617960998,6109.594579414259,592.2899780273438,-0.04540186788465472,2026-07-03
SMH261016C00845000,2026-06-30 16:34:27+00:00,845.0,17.8,7.45,9.7,0.0,0.0,1.0,23,0.5045215563964844,False,REGULAR,USD,SMH,call,2026-10-16,0.2876712328767123,8.575,0.0013066192206330786,0.1281179005540783,10542.549449440323,592.2899780273438,-0.04540186788465472,2026-07-03
SMH261016C00850000,2026-07-02 16:03:06+00:00,850.0,8.7,7.15,9.3,-3.8200006,-30.511185,2.0,1137,0.504765694580078,False,REGULAR,USD,SMH,call,2026-10-16,0.2876712328767123,8.225000000000001,0.0012747722156339445,0.1237496263362643,508465.88789064856,592.2899780273438,-0.04540186788465472,2026-07-03
SMH261016C00855000,2026-07-02 18:45:09+00:00,855.0,7.82,6.8,8.95,-8.58,-52.31707,1.0,26,0.504765694580078,False,REGULAR,USD,SMH,call,2026-10-16,0.2876712328767123,7.875,0.0012429400896679496,0.11937660903591135,11336.847695527522,592.2899780273438,-0.04540186788465472,2026-07-03
SMH261016C00860000,2026-06-30 16:34:25+00:00,860.0,15.7,6.5,8.6,0.0,0.0,1.0,49,0.5049487982177734,False,REGULAR,USD,SMH,call,2026-10-16,0.2876712328767123,7.55,0.001211853211354659,0.11524194197405829,20831.2277117,592.2899780273438,-0.04540186788465472,2026-07-03
SMH261016C00865000,2026-06-30 16:34:24+00:00,865.0,15.05,6.1,8.25,0.0,0.0,1.0,44,0.504063797302246,False,REGULAR,USD,SMH,call,2026-10-16,0.2876712328767123,7.175,0.001179169103380598,0.11063909511598086,18201.095819578677,592.2899780273438,-0.04540186788465472,2026-07-03
SMH261016C00870000,2026-07-01 14:23:56+00:00,870.0,11.26,5.9,7.9,0.0,0.0,1.0,54,0.5046741427612305,False,REGULAR,USD,SMH,call,2026-10-16,0.2876712328767123,6.9,0.0011497849837504674,0.1070033491369235,21781.06748029984,592.2899780273438,-0.04540186788465472,2026-07-03
SMH261016C00875000,2026-06-30 16:34:23+00:00,875.0,13.85,5.55,7.6,0.0,0.0,1.0,12,0.5041553491210937,False,REGULAR,USD,SMH,call,2026-10-16,0.2876712328767123,6.574999999999999,0.0011185965593150744,0.10286875542628815,4708.94365004558,592.2899780273438,-0.04540186788465472,2026-07-03
SMH261016C00880000,2026-07-02 19:54:51+00:00,880.0,6.24,5.3,7.3,-3.62,-36.713997,15.0,58,0.5043079354858399,False,REGULAR,USD,SMH,call,2026-10-16,0.2876712328767123,6.3,0.0010892526098527882,0.09922596302014974,22162.837950034078,592.2899780273438,-0.04540186788465472,2026-07-03
SMH261016C00885000,2026-06-30 16:34:27+00:00,885.0,12.8,5.1,7.05,0.0,0.0,1.0,7,0.5052234536743164,False,REGULAR,USD,SMH,call,2026-10-16,0.2876712328767123,6.074999999999999,0.0010621064580422866,0.09610617500548768,2608.16376984114,592.2899780273438,-0.04540186788465472,2026-07-03
SMH261016C00890000,2026-06-30 16:34:24+00:00,890.0,12.25,4.8,6.75,0.0,0.0,1.0,4,0.504460521850586,False,REGULAR,USD,SMH,call,2026-10-16,0.2876712328767123,5.775,0.0010317297405090737,0.09221031244308303,1447.7537856628094,592.2899780273438,-0.04540186788465472,2026-07-03
SMH261016C00895000,2026-06-30 16:34:28+00:00,895.0,11.8,4.55,6.5,0.0,0.0,1.0,5,0.5044910391235352,False,REGULAR,USD,SMH,call,2026-10-16,0.2876712328767123,5.525,0.0010036185787146228,0.0888494680094486,1760.3842116379858,592.2899780273438,-0.04540186788465472,2026-07-03
SMH261016C00900000,2026-06-30 16:34:23+00:00,900.0,11.25,4.45,6.15,0.0,0.0,1.0,47,0.5047962118530273,False,REGULAR,USD,SMH,call,2026-10-16,0.2876712328767123,5.300000000000001,0.0009766758764172675,0.0857387065246788,16103.381697443096,592.2899780273438,-0.04540186788465472,2026-07-03
SMH261016C00905000,2026-06-30 16:34:24+00:00,905.0,10.8,4.15,6.0,0.0,0.0,1.0,32,0.5049182809448242,False,REGULAR,USD,SMH,call,2026-10-16,0.2876712328767123,5.075,0.0009498254573514278,0.08263956934699151,10662.586121989147,592.2899780273438,-0.04540186788465472,2026-07-03
SMH261016C00910000,2026-06-30 16:34:45+00:00,910.0,10.4,3.95,5.8,0.0,0.0,1.0,56,0.5053760400390624,False,REGULAR,USD,SMH,call,2026-10-16,0.2876712328767123,4.875,0.0009243359613906008,0.07980895805003763,18158.779074586964,592.2899780273438,-0.04540186788465472,2026-07-03
SMH261016C00915000,2026-06-30 16:34:25+00:00,915.0,9.95,3.75,5.55,0.0,0.0,1.0,18,0.5050708673095703,False,REGULAR,USD,SMH,call,2026-10-16,0.2876712328767123,4.65,0.0008974720132371093,0.0767037241214282,5667.117115594667,592.2899780273438,-0.04540186788465472,2026-07-03
SMH261016C00920000,2026-06-30 16:34:25+00:00,920.0,9.55,3.6,5.35,0.0,0.0,1.0,4,0.505742247314453,False,REGULAR,USD,SMH,call,2026-10-16,0.2876712328767123,4.475,0.0008736088947545812,0.07416802844166039,1225.8739230930646,592.2899780273438,-0.04540186788465472,2026-07-03
SMH261016C00925000,2026-06-30 16:35:29+00:00,925.0,9.2,3.4,5.15,0.0,0.0,1.0,2,0.5056201782226561,False,REGULAR,USD,SMH,call,2026-10-16,0.2876712328767123,4.275,0.0008482523586169447,0.0713466771705095,595.1464395991637,592.2899780273438,-0.04540186788465472,2026-07-03
SMH261016C00930000,2026-06-30 16:35:05+00:00,930.0,8.8,3.25,5.0,0.0,0.0,1.0,36,0.5065356964111327,False,REGULAR,USD,SMH,call,2026-10-16,0.2876712328767123,4.125,0.0008261251883272693,0.06909870034901326,10433.190395557061,592.2899780273438,-0.04540186788465472,2026-07-03
SMH261016C00935000,2026-06-30 17:19:56+00:00,935.0,5.3,3.15,4.8,-3.4499998,-39.428566,1.0,19,0.5073291455078125,False,REGULAR,USD,SMH,call,2026-10-16,0.2876712328767123,3.9749999999999996,0.0008042348021266124,0.06687215086824982,5360.4991546903375,592.2899780273438,-0.04540186788465472,2026-07-03
SMH261016C00940000,2026-07-02 18:45:09+00:00,940.0,3.72,2.24,5.4,-2.01,-35.078533,3.0,152,0.507817421875,False,REGULAR,USD,SMH,call,2026-10-16,0.2876712328767123,3.8200000000000003,0.000782083618414243,0.06458581847849144,41702.83170358697,592.2899780273438,-0.04540186788465472,2026-07-03
SMH261016C00945000,2026-06-30 17:21:48+00:00,945.0,8.05,2.83,4.5,0.0,0.0,3.0,4,0.5081225946044923,False,REGULAR,USD,SMH,call,2026-10-16,0.2876712328767123,3.665,0.0007599752677843893,0.062297713130871665,1066.419845958953,592.2899780273438,-0.04540186788465472,2026-07-03
SMH261016C00950000,2026-06-30 17:20:42+00:00,950.0,7.75,2.7,4.35,0.0,0.0,1.0,17,0.5086719055175781,False,REGULAR,USD,SMH,call,2026-10-16,0.2876712328767123,3.525,0.0007390372645518509,0.06019284936530367,4407.415828814652,592.2899780273438,-0.04540186788465472,2026-07-03
SMH261016C00955000,2026-07-01 14:33:51+00:00,955.0,5.42,2.57,4.2,0.0,0.0,2.0,13,0.5090381127929688,False,REGULAR,USD,SMH,call,2026-10-16,0.2876712328767123,3.385,0.0007181269422630431,0.0580832138524571,3275.015360018657,592.2899780273438,-0.04540186788465472,2026-07-03
SMH261016C00960000,2026-07-02 16:19:52+00:00,960.0,3.3,2.8,4.05,-1.7700002,-34.911243,1.0,67,0.5144701873779296,False,REGULAR,USD,SMH,call,2026-10-16,0.2876712328767123,3.425,0.0007111719700729632,0.05814849522236238,16715.454975956185,592.2899780273438,-0.04540186788465472,2026-07-03
SMH261016C00965000,2026-07-02 19:37:15+00:00,965.0,2.97,2.37,3.9,-1.8300002,-38.125004,3.0,11,0.5101977691650392,False,REGULAR,USD,SMH,call,2026-10-16,0.2876712328767123,3.135,0.0006789706087815546,0.05425302570583863,2620.0671883449895,592.2899780273438,-0.04540186788465472,2026-07-03
SMH261016C00970000,2026-07-02 19:36:57+00:00,970.0,3.0,2.22,3.8,-1.5999999,-34.782608,20.0,11,0.5105639764404297,False,REGULAR,USD,SMH,call,2026-10-16,0.2876712328767123,3.01,0.000659565097320455,0.05235148213205153,2545.1836172526837,592.2899780273438,-0.04540186788465472,2026-07-03
SMH261016C00980000,2026-07-02 19:54:51+00:00,980.0,2.87,2.35,3.55,-1.8299999,-38.936172,43.0,32,0.5169115692138673,False,REGULAR,USD,SMH,call,2026-10-16,0.2876712328767123,2.95,0.0006370985862756541,0.050903470564412606,7151.965123470358,592.2899780273438,-0.04540186788465472,2026-07-03
SMH261016P00190000,2026-06-29 17:32:34+00:00,190.0,0.24,0.22,2.9,0.0,0.0,1.0,75,1.0539598083496093,False,REGULAR,USD,SMH,put,2026-10-16,0.2876712328767123,1.56,8.185805349846861e-05,-0.010325506466193013,-2153.730929712543,592.2899780273438,-0.04540186788465472,2026-07-03
SMH261016P00195000,2026-05-22 13:30:01+00:00,195.0,0.39,0.25,2.43,0.0,0.0,1.0,7,1.0070850427246092,False,REGULAR,USD,SMH,put,2026-10-16,0.2876712328767123,1.34,7.915778516198999e-05,-0.009431985644094643,-194.38396763062622,592.2899780273438,-0.04540186788465472,2026-07-03
SMH261016P00200000,2026-07-02 17:37:55+00:00,200.0,0.84,0.31,1.88,0.19,29.23077,22.0,51,0.956055126953125,False,REGULAR,USD,SMH,put,2026-10-16,0.2876712328767123,1.095,7.443346157544689e-05,-0.008285938303004947,-1331.7023341442416,592.2899780273438,-0.04540186788465472,2026-07-03
SMH261016P00205000,2026-07-01 18:21:03+00:00,205.0,0.76,0.3,0.9,0.0,0.0,1.0,7,0.8605970971679688,False,REGULAR,USD,SMH,put,2026-10-16,0.2876712328767123,0.6,5.589199275811139e-05,-0.005319911485364592,-137.25127969245963,592.2899780273438,-0.04540186788465472,2026-07-03
SMH261016P00210000,2026-06-22 18:49:20+00:00,210.0,0.81,0.33,1.68,0.0,0.0,0.0,1,0.90429783203125,False,REGULAR,USD,SMH,put,2026-10-16,0.2876712328767123,1.005,7.719893924826387e-05,-0.00810703065778351,-27.08196055555217,592.2899780273438,-0.04540186788465472,2026-07-03
SMH261016P00215000,2026-03-30 18:37:33+00:00,215.0,4.53,0.0,0.0,0.0,0.0,4.0,0,0.2500075,False,REGULAR,USD,SMH,put,2026-10-16,0.2876712328767123,4.53,6.20302647455613e-16,-6.328271240363392e-15,-0.0,592.2899780273438,-0.04540186788465472,2026-07-03
SMH261016P00220000,2026-06-24 19:45:56+00:00,220.0,0.86,0.39,1.5,0.0,0.0,1.0,338,0.8586439916992188,False,REGULAR,USD,SMH,put,2026-10-16,0.2876712328767123,0.9450000000000001,8.097721909184278e-05,-0.008070013595074865,-9601.704293453799,592.2899780273438,-0.04540186788465472,2026-07-03
SMH261016P00225000,2026-06-24 19:45:56+00:00,225.0,0.89,0.42,1.98,0.0,0.0,7.0,196,0.8706067626953125,False,REGULAR,USD,SMH,put,2026-10-16,0.2876712328767123,1.2,9.534573039645354e-05,-0.009878727129158826,-6555.805942888609,592.2899780273438,-0.04540186788465472,2026-07-03
SMH261016P00230000,2026-06-24 19:45:56+00:00,230.0,1.12,0.46,2.1,0.0,0.0,1.0,8,0.8608412353515625,False,REGULAR,USD,SMH,put,2026-10-16,0.2876712328767123,1.28,0.00010251842599742983,-0.010597458003069216,-287.7137946314077,592.2899780273438,-0.04540186788465472,2026-07-03
SMH261016P00235000,2026-05-26 16:49:09+00:00,235.0,0.81,0.5,2.22,0.0,0.0,2.0,17,0.850587431640625,False,REGULAR,USD,SMH,put,2026-10-16,0.2876712328767123,1.36,0.00010984620282542908,-0.011315673142776705,-655.0926675687457,592.2899780273438,-0.04540186788465472,2026-07-03
SMH261016P00240000,2026-07-01 19:59:26+00:00,240.0,1.02,0.0,3.25,-0.18000007,-15.000005,7.0,160,0.8568129553222656,False,REGULAR,USD,SMH,put,2026-10-16,0.2876712328767123,1.625,0.0001245434238733969,-0.013190663194322272,-6990.521114692342,592.2899780273438,-0.04540186788465472,2026-07-03
SMH261016P00245000,2026-05-08 17:36:33+00:00,245.0,1.16,1.0,2.06,0.0,0.0,2.0,4,0.8306901696777342,False,REGULAR,USD,SMH,put,2026-10-16,0.2876712328767123,1.53,0.000125823434388401,-0.012877994695092876,-176.55917660280105,592.2899780273438,-0.04540186788465472,2026-07-03
SMH261016P00250000,2026-06-23 18:15:19+00:00,250.0,1.6,0.64,2.63,0.0,0.0,2.0,309,0.8220232641601561,False,REGULAR,USD,SMH,put,2026-10-16,0.2876712328767123,1.635,0.00013498675662763224,-0.013801380672514685,-14632.495870018629,592.2899780273438,-0.04540186788465472,2026-07-03
SMH261016P00255000,2026-06-22 19:46:41+00:00,255.0,1.39,0.7,2.76,0.0,0.0,1.0,71,0.8125018749999999,False,REGULAR,USD,SMH,put,2026-10-16,0.2876712328767123,1.73,0.00014418123318894884,-0.014698435775457486,-3591.169076607325,592.2899780273438,-0.04540186788465472,2026-07-03
SMH261016P00260000,2026-06-09 16:42:53+00:00,260.0,2.25,0.8,2.87,0.0,0.0,2.0,132,0.8033466931152342,False,REGULAR,USD,SMH,put,2026-10-16,0.2876712328767123,1.835,0.00015399749397730116,-0.015661670807359807,-7131.097149221577,592.2899780273438,-0.04540186788465472,2026-07-03
SMH261016P00265000,2026-06-24 19:48:51+00:00,265.0,2.02,0.91,2.99,0.0,0.0,1.0,17,0.7946797875976561,False,REGULAR,USD,SMH,put,2026-10-16,0.2876712328767123,1.9500000000000002,0.00016454347803818457,-0.01670768092011299,-981.292235748729,592.2899780273438,-0.04540186788465472,2026-07-03
SMH261016P00270000,2026-06-24 19:48:51+00:00,270.0,2.11,1.03,3.15,0.0,0.0,2.0,18,0.7874777111816407,False,REGULAR,USD,SMH,put,2026-10-16,0.2876712328767123,2.09,0.00017642185006972285,-0.01793606701309236,-1114.0216868588386,592.2899780273438,-0.04540186788465472,2026-07-03
SMH261016P00275000,2026-06-24 19:48:51+00:00,275.0,2.21,1.16,3.25,0.0,0.0,1.0,9,0.778200460205078,False,REGULAR,USD,SMH,put,2026-10-16,0.2876712328767123,2.205,0.00018767314491915875,-0.019020064921152824,-592.5341826942586,592.2899780273438,-0.04540186788465472,2026-07-03
SMH261016P00280000,2026-07-02 15:23:08+00:00,280.0,2.1,1.3,3.4,-0.24000001,-10.256412,1.0,30,0.7706321765136719,False,REGULAR,USD,SMH,put,2026-10-16,0.2876712328767123,2.35,0.00020048397571572043,-0.020323060581603936,-2109.937976567026,592.2899780273438,-0.04540186788465472,2026-07-03
SMH261016P00285000,2026-07-01 16:53:58+00:00,285.0,2.19,1.45,3.55,0.0,0.0,1.0,62,0.7629418237304688,False,REGULAR,USD,SMH,put,2026-10-16,0.2876712328767123,2.5,0.00021383308381011436,-0.021673165934515626,-4650.8823858427,592.2899780273438,-0.04540186788465472,2026-07-03
SMH261016P00290000,2026-06-12 15:28:29+00:00,290.0,2.56,1.6,3.7,0.0,0.0,2.0,119,0.7550073327636719,False,REGULAR,USD,SMH,put,2026-10-16,0.2876712328767123,2.6500000000000004,0.00022765448670466123,-0.023056170914744434,-9503.683040500884,592.2899780273438,-0.04540186788465472,2026-07-03
SMH261016P00295000,2026-06-24 19:19:14+00:00,295.0,2.74,1.77,3.85,0.0,0.0,1.0,58,0.7472559454345704,False,REGULAR,USD,SMH,put,2026-10-16,0.2876712328767123,2.81,0.00024224404621652984,-0.024521334411678586,-4928.898486993854,592.2899780273438,-0.04540186788465472,2026-07-03
SMH261016P00300000,2026-07-02 17:14:43+00:00,300.0,2.97,2.03,3.95,0.3900001,15.116283,1.0,988,0.7401759381103514,False,REGULAR,USD,SMH,put,2026-10-16,0.2876712328767123,2.99,0.0002579778334552277,-0.026135470251054005,-89414.53122205204,592.2899780273438,-0.04540186788465472,2026-07-03
SMH261016P00305000,2026-06-05 19:57:55+00:00,305.0,3.85,2.13,4.2,0.0,0.0,1.0,86,0.7325466198730468,False,REGULAR,USD,SMH,put,2026-10-16,0.2876712328767123,3.165,0.0002740473133385736,-0.027750940163750792,-8267.85341627242,592.2899780273438,-0.04540186788465472,2026-07-03
SMH261016P00310000,2026-07-02 16:22:30+00:00,310.0,3.26,2.38,4.35,0.56999993,21.189589,1.0,1027,0.7257107507324219,False,REGULAR,USD,SMH,put,2026-10-16,0.2876712328767123,3.3649999999999998,0.00029143310346339466,-0.029546221115744342,-104997.29071989417,592.2899780273438,-0.04540186788465472,2026-07-03
SMH261016P00315000,2026-06-25 14:16:02+00:00,315.0,3.28,2.54,4.55,0.0,0.0,1.0,12,0.717776259765625,False,REGULAR,USD,SMH,put,2026-10-16,0.2876712328767123,3.545,0.0003087815592668172,-0.031264268684043195,-1299.8743386542947,592.2899780273438,-0.04540186788465472,2026-07-03
SMH261016P00320000,2026-06-22 19:47:14+00:00,320.0,3.06,2.77,4.75,0.0,0.0,1.0,31,0.7108793560791016,False,REGULAR,USD,SMH,put,2026-10-16,0.2876712328767123,3.76,0.00032770797147590265,-0.03321002444910193,-3563.8340080035496,592.2899780273438,-0.04540186788465472,2026-07-03
SMH261016P00325000,2026-06-22 19:47:14+00:00,325.0,3.2,1.5,6.5,0.0,0.0,1.0,37,0.7046538323974609,False,REGULAR,USD,SMH,put,2026-10-16,0.2876712328767123,4.0,0.0003480031074692507,-0.03534850113592236,-4517.036649651115,592.2899780273438,-0.04540186788465472,2026-07-03
SMH261016P00330000,2026-06-29 16:26:30+00:00,330.0,3.6,3.25,5.2,0.0,0.0,10.0,436,0.6975127905273439,False,REGULAR,USD,SMH,put,2026-10-16,0.2876712328767123,4.225,0.00036845894742123267,-0.03743473087805449,-56356.54555646186,592.2899780273438,-0.04540186788465472,2026-07-03
SMH261016P00335000,2026-07-02 14:53:19+00:00,335.0,4.12,3.55,5.45,0.10999966,2.7431333,1.0,72,0.6917755432128907,False,REGULAR,USD,SMH,put,2026-10-16,0.2876712328767123,4.5,0.0003909407750844481,-0.03985110586742224,-9874.434522693426,592.2899780273438,-0.04540186788465472,2026-07-03
SMH261016P00340000,2026-06-17 13:54:29+00:00,340.0,3.77,3.8,5.65,0.0,0.0,1.0,81,0.6840241558837892,False,REGULAR,USD,SMH,put,2026-10-16,0.2876712328767123,4.725,0.00041273732893150203,-0.042019911159677736,-11728.09665304359,592.2899780273438,-0.04540186788465472,2026-07-03
SMH261016P00345000,2026-06-29 16:29:33+00:00,345.0,4.52,4.1,5.9,0.0,0.0,2.0,9,0.6776155285644532,False,REGULAR,USD,SMH,put,2026-10-16,0.2876712328767123,5.0,0.0004365870625316652,-0.04452500886330468,-1378.421821531902,592.2899780273438,-0.04540186788465472,2026-07-03
SMH261016P00350000,2026-07-02 19:46:39+00:00,350.0,5.71,4.5,6.2,1.21,26.88889,61.0,285,0.6730379376220705,False,REGULAR,USD,SMH,put,2026-10-16,0.2876712328767123,5.35,0.0004629388842216605,-0.047492113101843536,-46284.68248914734,592.2899780273438,-0.04540186788465472,2026-07-03
SMH261016P00355000,2026-07-02 17:41:10+00:00,355.0,5.97,4.8,6.5,1.9699998,49.249996,14.0,30,0.6666293103027345,False,REGULAR,USD,SMH,put,2026-10-16,0.2876712328767123,5.65,0.000488823623843778,-0.05023309917528107,-5144.488601191622,592.2899780273438,-0.04540186788465472,2026-07-03
SMH261016P00360000,2026-06-25 14:10:46+00:00,360.0,5.33,5.15,6.8,0.0,0.0,1.0,91,0.6605258557128908,False,REGULAR,USD,SMH,put,2026-10-16,0.2876712328767123,5.975,0.0005160157032807466,-0.05315444259012603,-16473.01442626255,592.2899780273438,-0.04540186788465472,2026-07-03
SMH261016P00365000,2026-06-08 19:19:51+00:00,365.0,6.55,5.45,7.1,0.0,0.0,1.0,13,0.653445848388672,False,REGULAR,USD,SMH,put,2026-10-16,0.2876712328767123,6.275,0.000543511228644556,-0.05599263466443882,-2478.6810205785787,592.2899780273438,-0.04540186788465472,2026-07-03
SMH261016P00370000,2026-07-01 19:47:27+00:00,370.0,5.7,5.9,7.45,0.0,0.0,2.0,103,0.6485630847167969,False,REGULAR,USD,SMH,put,2026-10-16,0.2876712328767123,6.675000000000001,0.0005738864633455388,-0.0594323334506448,-20736.333732668365,592.2899780273438,-0.04540186788465472,2026-07-03
SMH261016P00375000,2026-07-01 17:21:08+00:00,375.0,5.88,6.2,7.85,0.0,0.0,1.0,31,0.6420934228515626,False,REGULAR,USD,SMH,put,2026-10-16,0.2876712328767123,7.025,0.0006041470548160176,-0.06266175874750335,-6570.117321503211,592.2899780273438,-0.04540186788465472,2026-07-03
SMH261016P00380000,2026-07-01 18:40:19+00:00,380.0,6.28,6.6,8.3,0.0,0.0,4.0,1079,0.6370275555419922,False,REGULAR,USD,SMH,put,2026-10-16,0.2876712328767123,7.45,0.0006366547396566615,-0.06635482772237555,-240987.31865035964,592.2899780273438,-0.04540186788465472,2026-07-03
SMH261016P00385000,2026-06-10 16:32:52+00:00,385.0,10.3,7.05,8.75,0.0,0.0,2.0,68,0.6320837573242188,False,REGULAR,USD,SMH,put,2026-10-16,0.2876712328767123,7.9,0.0006704032119689745,-0.07023529676588569,-15992.404550327987,592.2899780273438,-0.04540186788465472,2026-07-03
SMH261016P00390000,2026-07-02 19:39:34+00:00,390.0,9.01,7.55,9.25,2.2600002,33.481483,2.0,49,0.6277503045654298,False,REGULAR,USD,SMH,put,2026-10-16,0.2876712328767123,8.4,0.0007057237619100321,-0.07443135723382521,-12131.083408585397,592.2899780273438,-0.04540186788465472,2026-07-03
SMH261016P00395000,2026-06-24 19:17:57+00:00,395.0,9.0,7.95,9.75,0.0,0.0,8.0,120,0.6219825399780273,False,REGULAR,USD,SMH,put,2026-10-16,0.2876712328767123,8.85,0.0007412602310293364,-0.07843866826912982,-31204.750531989892,592.2899780273438,-0.04540186788465472,2026-07-03
SMH261016P00400000,2026-07-02 16:56:05+00:00,400.0,10.55,8.65,10.2,2.7600002,35.430042,5.0,593,0.618289949951172,False,REGULAR,USD,SMH,put,2026-10-16,0.2876712328767123,9.425,0.000779265754869586,-0.08315027206838477,-162109.71902226208,592.2899780273438,-0.04540186788465472,2026-07-03
SMH261016P00405000,2026-06-26 16:57:50+00:00,405.0,9.22,8.15,11.7,0.0,0.0,8.0,149,0.6126747717285157,False,REGULAR,USD,SMH,put,2026-10-16,0.2876712328767123,9.925,0.0008173230341038555,-0.08754221523081174,-42721.72451534238,592.2899780273438,-0.04540186788465472,2026-07-03
SMH261016P00410000,2026-06-16 18:16:33+00:00,410.0,8.75,9.55,11.45,0.0,0.0,15.0,75,0.6080666635131836,False,REGULAR,USD,SMH,put,2026-10-16,0.2876712328767123,10.5,0.0008571269691858858,-0.09238352614508516,-22551.487426474745,592.2899780273438,-0.04540186788465472,2026-07-03
SMH261016P00415000,2026-07-02 14:29:19+00:00,415.0,11.9,10.3,12.1,2.67,28.927412,2.0,73,0.605167522583008,False,REGULAR,USD,SMH,put,2026-10-16,0.2876712328767123,11.2,0.0008987489251291704,-0.09788979632042771,-23016.008664102927,592.2899780273438,-0.04540186788465472,2026-07-03
SMH261016P00420000,2026-07-02 19:46:39+00:00,420.0,12.72,10.95,12.8,4.7700005,60.000008,92.0,59,0.6013223461914063,False,REGULAR,USD,SMH,put,2026-10-16,0.2876712328767123,11.875,0.0009409711786477412,-0.1033413656026112,-19475.880510012797,592.2899780273438,-0.04540186788465472,2026-07-03
SMH261016P00425000,2026-06-29 15:59:07+00:00,425.0,10.25,11.45,13.5,0.0,0.0,25.0,135,0.5957987197875977,False,REGULAR,USD,SMH,put,2026-10-16,0.2876712328767123,12.475,0.0009838566334417565,-0.10852020089718173,-46594.46771959725,592.2899780273438,-0.04540186788465472,2026-07-03
SMH261016P00430000,2026-07-02 19:57:04+00:00,430.0,13.83,12.15,14.25,3.0100002,27.818855,6.0,126,0.5918619915771486,False,REGULAR,USD,SMH,put,2026-10-16,0.2876712328767123,13.2,0.0010282341012205773,-0.1143558297784042,-45449.7309280218,592.2899780273438,-0.04540186788465472,2026-07-03
SMH261016P00435000,2026-07-02 14:19:16+00:00,435.0,11.33,12.9,15.05,-1.3500004,-10.64669,2.0,271,0.5881999188232423,False,REGULAR,USD,SMH,put,2026-10-16,0.2876712328767123,13.975000000000001,0.0010736085357123076,-0.12048557050283915,-102066.68621531576,592.2899780273438,-0.04540186788465472,2026-07-03
SMH261016P00440000,2026-07-02 19:26:24+00:00,440.0,16.43,13.8,15.85,4.6800003,39.829792,17.0,310,0.5851176742553711,False,REGULAR,USD,SMH,put,2026-10-16,0.2876712328767123,14.825,0.0011198254798194525,-0.12700467263885362,-121781.35643254925,592.2899780273438,-0.04540186788465472,2026-07-03
SMH261016P00445000,2026-07-02 19:02:14+00:00,445.0,16.52,14.6,16.75,3.7700005,29.56863,1.0,87,0.5815471533203125,False,REGULAR,USD,SMH,put,2026-10-16,0.2876712328767123,15.675,0.001166880494570897,-0.13360279232082073,-35613.47901437512,592.2899780273438,-0.04540186788465472,2026-07-03
SMH261016P00450000,2026-07-02 19:58:21+00:00,450.0,16.8,15.55,17.65,2.7999992,19.999994,74.0,866,0.5785106846618653,False,REGULAR,USD,SMH,put,2026-10-16,0.2876712328767123,16.6,0.0012145416697760805,-0.14058346811873812,-368976.81685440446,592.2899780273438,-0.04540186788465472,2026-07-03
SMH261016P00455000,2026-06-30 17:19:46+00:00,455.0,11.55,16.2,18.6,0.0,0.0,2.0,134,0.5733380068969728,False,REGULAR,USD,SMH,put,2026-10-16,0.2876712328767123,17.4,0.0012638696495285567,-0.1471570664436106,-59412.229703048215,592.2899780273438,-0.04540186788465472,2026-07-03
SMH261016P00460000,2026-07-01 19:47:27+00:00,460.0,20.0,17.15,19.55,4.87,32.187706,2.0,535,0.5696759341430665,False,REGULAR,USD,SMH,put,2026-10-16,0.2876712328767123,18.35,0.0013133922594867186,-0.15440873804307254,-246500.044894204,592.2899780273438,-0.04540186788465472,2026-07-03
SMH261016P00465000,2026-07-02 18:11:06+00:00,465.0,20.5,18.35,20.6,3.58,21.158392,1.0,36,0.5677228286743164,False,REGULAR,USD,SMH,put,2026-10-16,0.2876712328767123,19.475,0.001362251570562225,-0.16239697402767006,-17203.96642438652,592.2899780273438,-0.04540186788465472,2026-07-03
SMH261016P00470000,2026-07-01 16:38:41+00:00,470.0,16.06,19.1,21.65,0.0,0.0,1.0,75,0.5625043750000001,False,REGULAR,USD,SMH,put,2026-10-16,0.2876712328767123,20.375,0.0014142924801316004,-0.1696556406401477,-37210.8220014818,592.2899780273438,-0.04540186788465472,2026-07-03
SMH261016P00475000,2026-07-02 19:39:34+00:00,475.0,23.03,20.35,22.8,5.66,32.584915,3.0,136,0.5604139418029785,False,REGULAR,USD,SMH,put,2026-10-16,0.2876712328767123,21.575000000000003,0.0014639285147893951,-0.17806560939147498,-69843.74962199999,592.2899780273438,-0.04540186788465472,2026-07-03
SMH261016P00480000,2026-07-02 18:28:59+00:00,480.0,24.0,21.6,23.95,6.6000004,37.931038,11.0,460,0.5577741976928713,False,REGULAR,USD,SMH,put,2026-10-16,0.2876712328767123,22.775,0.0015142339901604023,-0.1865429503738456,-244354.07756445836,592.2899780273438,-0.04540186788465472,2026-07-03
SMH261016P00485000,2026-07-02 18:43:31+00:00,485.0,25.31,21.75,26.4,6.129999,31.960371,4.0,100,0.5557295404052736,False,REGULAR,USD,SMH,put,2026-10-16,0.2876712328767123,24.075,0.0015637360832895316,-0.19541323245768272,-54857.02179242461,592.2899780273438,-0.04540186788465472,2026-07-03
SMH261016P00490000,2026-07-02 14:45:31+00:00,490.0,22.99,24.0,26.45,3.83,19.989563,1.0,64,0.551533415374756,False,REGULAR,USD,SMH,put,2026-10-16,0.2876712328767123,25.225,0.0016165334705610377,-0.2039153886956837,-36293.88371416903,592.2899780273438,-0.04540186788465472,2026-07-03
SMH261016P00495000,2026-07-02 14:34:13+00:00,495.0,23.44,24.95,27.8,-0.059999466,-0.25531685,1.0,145,0.546925307159424,False,REGULAR,USD,SMH,put,2026-10-16,0.2876712328767123,26.375,0.0016705438469431695,-0.2125513872417557,-84975.68018962965,592.2899780273438,-0.04540186788465472,2026-07-03
SMH261016P00500000,2026-07-02 20:08:08+00:00,500.0,28.0,27.9,29.05,5.0,21.73913,1129.0,2746,0.5515944499206542,False,REGULAR,USD,SMH,put,2026-10-16,0.2876712328767123,28.475,0.0017064398221926646,-0.22381543954752825,-1643842.7803320892,592.2899780273438,-0.04540186788465472,2026-07-03
SMH261016P00505000,2026-07-02 18:22:30+00:00,505.0,30.93,28.9,30.55,8.52,38.018745,6.0,75,0.5469710830688478,False,REGULAR,USD,SMH,put,2026-10-16,0.2876712328767123,29.725,0.001759710910193566,-0.23288415668806484,-46298.97307181139,592.2899780273438,-0.04540186788465472,2026-07-03
SMH261016P00510000,2026-07-02 16:39:13+00:00,510.0,33.31,29.3,32.05,7.7800007,30.473953,96.0,1015,0.5390213334655762,False,REGULAR,USD,SMH,put,2026-10-16,0.2876712328767123,30.674999999999997,0.0018213028975012664,-0.2414129296987476,-648510.4655037823,592.2899780273438,-0.04540186788465472,2026-07-03
SMH261016P00515000,2026-07-02 14:29:26+00:00,515.0,31.24,30.8,33.6,4.289999,15.918364,2.0,57,0.5362900375366212,False,REGULAR,USD,SMH,put,2026-10-16,0.2876712328767123,32.2,0.0018709590591984597,-0.25144417197792235,-37411.740061882985,592.2899780273438,-0.04540186788465472,2026-07-03
SMH261016P00520000,2026-07-02 19:57:04+00:00,520.0,35.11,32.15,35.15,7.050001,25.124737,103.0,274,0.5323838265991211,False,REGULAR,USD,SMH,put,2026-10-16,0.2876712328767123,33.65,0.0019233432965605581,-0.26143488116471825,-184874.12828531032,592.2899780273438,-0.04540186788465472,2026-07-03
SMH261016P00525000,2026-07-02 18:46:34+00:00,525.0,37.7,33.95,36.8,14.790001,64.55697,6.0,120,0.5305527902221681,False,REGULAR,USD,SMH,put,2026-10-16,0.2876712328767123,35.375,0.001969325513364786,-0.2720845557817305,-82902.47984233087,592.2899780273438,-0.04540186788465472,2026-07-03
SMH261016P00530000,2026-07-02 18:13:22+00:00,530.0,38.43,35.05,39.5,8.93,30.271187,6.0,162,0.5298203756713868,False,REGULAR,USD,SMH,put,2026-10-16,0.2876712328767123,37.275,0.002010718191701127,-0.2831158923421211,-114270.72688265376,592.2899780273438,-0.04540186788465472,2026-07-03
SMH261016P00535000,2026-07-02 16:40:28+00:00,535.0,40.01,37.3,40.25,7.359997,22.542103,11.0,37,0.5249681292724608,False,REGULAR,USD,SMH,put,2026-10-16,0.2876712328767123,38.775,0.0020643384162533636,-0.29358244257724964,-26794.853503781153,592.2899780273438,-0.04540186788465472,2026-07-03
SMH261016P00540000,2026-07-02 18:34:55+00:00,540.0,42.0,39.1,42.05,9.34,28.597673,10.0,765,0.5223283851623535,False,REGULAR,USD,SMH,put,2026-10-16,0.2876712328767123,40.575,0.002109924407189789,-0.3046514935767961,-566235.5072136138,592.2899780273438,-0.04540186788465472,2026-07-03
SMH261016P00545000,2026-07-02 16:53:06+00:00,545.0,43.9,41.15,43.95,9.620003,28.06302,4.0,236,0.5207262283325195,False,REGULAR,USD,SMH,put,2026-10-16,0.2876712328767123,42.55,0.0021505087774877246,-0.31604745829808834,-178041.80589792036,592.2899780273438,-0.04540186788465472,2026-07-03
SMH261016P00550000,2026-07-02 19:46:39+00:00,550.0,47.24,42.9,45.9,10.77,29.53112,72.0,3531,0.5175676905822755,False,REGULAR,USD,SMH,put,2026-10-16,0.2876712328767123,44.4,0.002195593951830484,-0.3273997693877153,-2719684.4088203316,592.2899780273438,-0.04540186788465472,2026-07-03
SMH261016P00555000,2026-07-02 18:50:09+00:00,555.0,48.65,44.8,47.9,11.200001,29.906544,3.0,214,0.5147753601074219,False,REGULAR,USD,SMH,put,2026-10-16,0.2876712328767123,46.349999999999994,0.002238032193271419,-0.3389791886257131,-168015.31519050564,592.2899780273438,-0.04540186788465472,2026-07-03
SMH261016P00560000,2026-07-02 18:45:05+00:00,560.0,50.88,46.85,49.95,11.18,28.16121,24.0,252,0.5123644955444336,False,REGULAR,USD,SMH,put,2026-10-16,0.2876712328767123,48.400000000000006,0.0022774561780605548,-0.35075896676249263,-201335.02744237057,592.2899780273438,-0.04540186788465472,2026-07-03
SMH261016P00565000,2026-07-02 19:44:58+00:00,565.0,53.0,48.9,52.1,12.0,29.268291,19.0,112,0.5098620791625977,False,REGULAR,USD,SMH,put,2026-10-16,0.2876712328767123,50.5,0.0023156653520431214,-0.3626805506666968,-90983.48932603646,592.2899780273438,-0.04540186788465472,2026-07-03
SMH261016P00570000,2026-07-02 18:53:06+00:00,570.0,55.0,51.1,54.3,15.849998,40.485306,6.0,304,0.5077106114196777,False,REGULAR,USD,SMH,put,2026-10-16,0.2876712328767123,52.7,0.0023505812984560464,-0.3747570473125629,-250678.8123087638,592.2899780273438,-0.04540186788465472,2026-07-03
SMH261016P00575000,2026-07-02 19:32:35+00:00,575.0,57.68,53.3,56.55,13.209999,29.705418,4.0,101,0.5052844882202149,False,REGULAR,USD,SMH,put,2026-10-16,0.2876712328767123,54.925,0.0023848995682303202,-0.3869480918573419,-84500.68644899374,592.2899780273438,-0.04540186788465472,2026-07-03
SMH261016P00580000,2026-07-02 19:35:20+00:00,580.0,59.84,55.6,58.85,12.59,26.645502,10.0,328,0.5029956927490236,False,REGULAR,USD,SMH,put,2026-10-16,0.2876712328767123,57.225,0.0024166496521510557,-0.3992587205924554,-278071.3889523803,592.2899780273438,-0.04540186788465472,2026-07-03
SMH261016P00585000,2026-07-02 16:55:20+00:00,585.0,61.03,57.9,61.25,11.169998,22.402723,6.0,48,0.5006153454589843,False,REGULAR,USD,SMH,put,2026-10-16,0.2876712328767123,59.575,0.0024468218244524894,-0.41167761293232796,-41201.43584243982,592.2899780273438,-0.04540186788465472,2026-07-03
SMH261016P00590000,2026-07-02 17:55:06+00:00,590.0,63.5,59.95,64.5,11.549999,22.232914,6.0,113,0.5001575863647462,False,REGULAR,USD,SMH,put,2026-10-16,0.2876712328767123,62.225,0.00246524597738522,-0.4240807546403035,-97725.40311489225,592.2899780273438,-0.04540186788465472,2026-07-03
SMH261016P00595000,2026-07-02 20:08:01+00:00,595.0,64.95,62.45,66.2,15.899998,32.415897,14.0,39,0.5096789755249024,True,REGULAR,USD,SMH,put,2026-10-16,0.2876712328767123,64.325,0.0024317925545322863,-0.43562266522434034,-33270.54382631024,592.2899780273438,-0.04540186788465472,2026-07-03
SMH261016P00600000,2026-07-02 19:35:20+00:00,600.0,69.94,65.45,68.6,14.190002,25.452917,57.0,2091,0.5062457823181152,True,REGULAR,USD,SMH,put,2026-10-16,0.2876712328767123,67.025,0.002459616905056041,-0.4480819006872654,-1804223.2307037252,592.2899780273438,-0.04540186788465472,2026-07-03
SMH261016P00605000,2026-07-02 15:01:29+00:00,605.0,64.25,67.6,71.4,16.32,34.049652,3.0,10,0.5055133677673338,True,REGULAR,USD,SMH,put,2026-10-16,0.2876712328767123,69.5,0.0024719318332531532,-0.46029247526346084,-8671.720240726132,592.2899780273438,-0.04540186788465472,2026-07-03
SMH261016P00610000,2026-07-02 17:00:39+00:00,610.0,77.99,70.35,74.6,20.489998,35.63478,11.0,22,0.5074512145996093,True,REGULAR,USD,SMH,put,2026-10-16,0.2876712328767123,72.475,0.0024686850956657704,-0.4720516839030099,-19052.726977733397,592.2899780273438,-0.04540186788465472,2026-07-03
SMH261016P00615000,2026-07-02 17:21:46+00:00,615.0,78.48,73.0,76.85,15.930004,25.467634,8.0,54,0.5014698291015626,True,REGULAR,USD,SMH,put,2026-10-16,0.2876712328767123,74.925,0.002502530515785346,-0.4850944118245024,-47406.93851995876,592.2899780273438,-0.04540186788465472,2026-07-03
SMH261016P00620000,2026-07-02 19:53:39+00:00,620.0,80.6,75.9,80.2,14.760002,22.417988,31.0,162,0.5036823313903809,True,REGULAR,USD,SMH,put,2026-10-16,0.2876712328767123,78.05000000000001,0.0024931898999604675,-0.4966416012746885,-141689.98087391886,592.2899780273438,-0.04540186788465472,2026-07-03
SMH261016P00625000,2026-07-02 18:45:06+00:00,625.0,84.3,78.95,82.55,17.200005,25.633392,3.0,134,0.4975788768005372,True,REGULAR,USD,SMH,put,2026-10-16,0.2876712328767123,80.75,0.0025230812158411266,-0.5099202809117578,-118605.49132651057,592.2899780273438,-0.04540186788465472,2026-07-03
SMH261016P00630000,2026-07-02 19:35:49+00:00,630.0,87.75,81.85,85.5,23.470001,36.51214,6.0,269,0.49574784042358405,True,REGULAR,USD,SMH,put,2026-10-16,0.2876712328767123,83.675,0.0025292269072833204,-0.5222941219540439,-238676.04992550556,592.2899780273438,-0.04540186788465472,2026-07-03
SMH261016P00635000,2026-07-02 18:27:41+00:00,635.0,90.23,84.45,88.5,19.740005,28.003983,3.0,54,0.49385576950073246,True,REGULAR,USD,SMH,put,2026-10-16,0.2876712328767123,86.475,0.0025332859450500596,-0.534659315545135,-47989.55708748886,592.2899780273438,-0.04540186788465472,2026-07-03
SMH261016P00640000,2026-07-01 19:37:50+00:00,640.0,74.45,87.5,91.55,0.0,0.0,10.0,96,0.4919026640319825,True,REGULAR,USD,SMH,put,2026-10-16,0.2876712328767123,89.525,0.0025352399166112525,-0.5470099643146566,-85380.57305649902,592.2899780273438,-0.04540186788465472,2026-07-03
SMH261016P00645000,2026-07-01 19:07:14+00:00,645.0,76.84,90.55,94.7,0.0,0.0,5.0,23,0.4903157658386231,True,REGULAR,USD,SMH,put,2026-10-16,0.2876712328767123,92.625,0.002532997569826372,-0.5591984692999306,-20437.66976140764,592.2899780273438,-0.04540186788465472,2026-07-03
SMH261016P00650000,2026-07-01 13:32:15+00:00,650.0,75.0,93.7,97.9,0.0,0.0,41.0,2899,0.4886830917358399,True,REGULAR,USD,SMH,put,2026-10-16,0.2876712328767123,95.80000000000001,0.002528612365556436,-0.5713348990094727,-2571575.27229281,592.2899780273438,-0.04540186788465472,2026-07-03
SMH261016P00655000,2026-07-02 14:06:52+00:00,655.0,82.32,97.05,101.3,-2.3300018,-2.7525125,7.0,77,0.48824059127807623,True,REGULAR,USD,SMH,put,2026-10-16,0.2876712328767123,99.175,0.002516336475575095,-0.5829462426572507,-67971.71165368953,592.2899780273438,-0.04540186788465472,2026-07-03
SMH261016P00660000,2026-07-02 17:17:10+00:00,660.0,106.0,100.1,105.0,35.75,50.889675,3.0,15,0.48981223083496106,True,REGULAR,USD,SMH,put,2026-10-16,0.2876712328767123,102.55,0.0024929543151147883,-0.5936209992355173,-13118.202999839265,592.2899780273438,-0.04540186788465472,2026-07-03
SMH261016P00665000,2026-06-30 19:10:41+00:00,665.0,72.55,103.5,108.0,0.0,0.0,19.0,29,0.4852346398925781,True,REGULAR,USD,SMH,put,2026-10-16,0.2876712328767123,105.75,0.00249504690479166,-0.606639149899878,-25383.14791648975,592.2899780273438,-0.04540186788465472,2026-07-03
SMH261016P00670000,2026-07-01 16:51:21+00:00,670.0,90.65,106.55,111.5,0.0,0.0,2.0,16,0.48434963897705086,True,REGULAR,USD,SMH,put,2026-10-16,0.2876712328767123,109.025,0.0024784288375217984,-0.6180541131239312,-13911.21954184475,592.2899780273438,-0.04540186788465472,2026-07-03
SMH261016P00675000,2026-07-01 16:22:12+00:00,675.0,92.75,110.05,115.0,0.0,0.0,7.0,7,0.48302213760375984,True,REGULAR,USD,SMH,put,2026-10-16,0.2876712328767123,112.525,0.0024616447176444185,-0.6295310261008836,-6044.942593245559,592.2899780273438,-0.04540186788465472,2026-07-03
SMH261016P00680000,2026-07-01 16:24:07+00:00,680.0,95.51,113.55,118.5,0.0,0.0,4.0,7,0.48128265304565426,True,REGULAR,USD,SMH,put,2026-10-16,0.2876712328767123,116.025,0.0024444236495056388,-0.6410740253170176,-6002.653644094153,592.2899780273438,-0.04540186788465472,2026-07-03
SMH261016P00685000,2026-06-23 14:36:44+00:00,685.0,100.63,117.05,122.0,0.0,0.0,2.0,4,0.4791006680297851,True,REGULAR,USD,SMH,put,2026-10-16,0.2876712328767123,119.525,0.002426725222953885,-0.6527145068413482,-3405.252839335026,592.2899780273438,-0.04540186788465472,2026-07-03
SMH261016P00690000,2026-07-01 19:41:13+00:00,690.0,105.4,120.55,125.5,0.0,0.0,2.0,5,0.4764761825561523,True,REGULAR,USD,SMH,put,2026-10-16,0.2876712328767123,123.025,0.002408356869443375,-0.6644694609452592,-4224.347275822536,592.2899780273438,-0.04540186788465472,2026-07-03
SMH261016P00695000,2026-06-11 14:53:06+00:00,695.0,132.87,124.5,129.0,0.0,0.0,0.0,1,0.4733939379882813,True,REGULAR,USD,SMH,put,2026-10-16,0.2876712328767123,126.75,0.0023891533319483423,-0.6763630890526511,-838.1327117580331,592.2899780273438,-0.04540186788465472,2026-07-03
SMH261016P00700000,2026-06-26 17:04:49+00:00,700.0,116.11,128.05,133.0,0.0,0.0,1.0,3,0.47435523208618163,True,REGULAR,USD,SMH,put,2026-10-16,0.2876712328767123,130.525,0.002354482977040811,-0.685908605208862,-2477.910282207885,592.2899780273438,-0.04540186788465472,2026-07-03
SMH261016P00705000,2026-06-18 15:01:16+00:00,705.0,99.71,132.0,136.5,0.0,0.0,1.0,27,0.4703727279663086,True,REGULAR,USD,SMH,put,2026-10-16,0.2876712328767123,134.25,0.00233373804959999,-0.6980302293495682,-22104.70073016383,592.2899780273438,-0.04540186788465472,2026-07-03
SMH261016P00710000,2026-06-24 16:29:29+00:00,710.0,120.29,135.55,140.5,0.0,0.0,2.0,2,0.47055583160400394,True,REGULAR,USD,SMH,put,2026-10-16,0.2876712328767123,138.025,0.002298664478433764,-0.7076200870146541,-1612.7771013846439,592.2899780273438,-0.04540186788465472,2026-07-03
SMH261016P00715000,2026-06-02 19:38:01+00:00,715.0,121.9,139.55,144.5,0.0,0.0,0.0,24,0.4703727279663086,True,REGULAR,USD,SMH,put,2026-10-16,0.2876712328767123,142.025,0.0022635899360679886,-0.7172097524520469,-19058.019385078565,592.2899780273438,-0.04540186788465472,2026-07-03
SMH261016P00720000,2026-06-23 13:32:41+00:00,720.0,128.1,143.5,148.0,0.0,0.0,0.0,16,0.46497117065429694,True,REGULAR,USD,SMH,put,2026-10-16,0.2876712328767123,145.75,0.0022394558447723337,-0.729765640771712,-12569.883564640102,592.2899780273438,-0.04540186788465472,2026-07-03
SMH261016P00740000,2026-06-09 16:38:17+00:00,740.0,190.3,159.05,164.0,0.0,0.0,0.0,2,0.4583946983337403,True,REGULAR,USD,SMH,put,2026-10-16,0.2876712328767123,161.525,0.0020897697049827887,-0.7690981458663163,-1466.2134291386537,592.2899780273438,-0.04540186788465472,2026-07-03
SMH261016P00760000,2026-05-06 15:15:43+00:00,760.0,218.54,174.05,179.0,0.0,0.0,0.0,1,0.4321345849609375,True,REGULAR,USD,SMH,put,2026-10-16,0.2876712328767123,176.525,0.001920529544313625,-0.8186339851459373,-673.7360107709495,592.2899780273438,-0.04540186788465472,2026-07-03
SMH261016P00775000,2026-05-08 13:58:39+00:00,775.0,220.4,187.0,191.5,0.0,0.0,1.0,1,0.4204159521484375,True,REGULAR,USD,SMH,put,2026-10-16,0.2876712328767123,189.25,0.0017599762321396358,-0.8481639479989243,-617.4127178643438,592.2899780273438,-0.04540186788465472,2026-07-03
SMH261016P00780000,2026-05-28 17:30:47+00:00,780.0,188.38,193.05,198.0,0.0,0.0,2.0,2,0.4475763250732422,True,REGULAR,USD,SMH,put,2026-10-16,0.2876712328767123,195.525,0.0017378300797931921,-0.8361694627853462,-1219.2873666789337,592.2899780273438,-0.04540186788465472,2026-07-03
SMH261016P00830000,2026-06-17 19:42:14+00:00,830.0,215.78,238.05,243.0,0.0,0.0,0.0,1,0.4315242395019532,True,REGULAR,USD,SMH,put,2026-10-16,0.2876712328767123,240.525,0.0012623658644183018,-0.9019019178862758,-442.8473095583475,592.2899780273438,-0.04540186788465472,2026-07-03
SMH261120C00190000,2026-05-13 18:24:37+00:00,190.0,390.02,444.0,448.25,0.0,0.0,0.0,2,2.165867622451782,True,REGULAR,USD,SMH,call,2026-11-20,0.3835616438356164,446.125,0.00015583936621806844,0.9369597834710557,109.33921139376,592.2899780273438,-0.04540186788465472,2026-07-03
SMH261120C00195000,2026-05-13 18:23:53+00:00,195.0,384.93,438.65,442.6,0.0,0.0,0.0,1,2.109623866577148,True,REGULAR,USD,SMH,call,2026-11-20,0.3835616438356164,440.625,0.00016353937571173308,0.9351578428679334,57.370826146479544,592.2899780273438,-0.04540186788465472,2026-07-03
SMH261120C00200000,2026-05-07 13:59:17+00:00,200.0,347.99,399.95,404.2,0.0,0.0,2.0,2,1.264285905151367,True,REGULAR,USD,SMH,call,2026-11-20,0.3835616438356164,402.075,0.00017095730925839757,0.9638841545282467,119.9461845228237,592.2899780273438,-0.04540186788465472,2026-07-03
SMH261120C00215000,2026-05-05 15:18:55+00:00,215.0,313.85,385.5,389.75,0.0,0.0,0.0,1,1.2046548556518553,True,REGULAR,USD,SMH,call,2026-11-20,0.3835616438356164,387.625,0.00019461125869475062,0.9601010233588555,68.27107319037577,592.2899780273438,-0.04540186788465472,2026-07-03
SMH261120C00220000,2026-06-16 19:56:19+00:00,220.0,404.23,376.0,380.95,0.0,0.0,8.0,5,1.042363186645508,True,REGULAR,USD,SMH,call,2026-11-20,0.3835616438356164,378.475,0.00017799468582326445,0.9699915594568198,312.209280820653,592.2899780273438,-0.04540186788465472,2026-07-03
SMH261120C00230000,2026-06-16 19:56:48+00:00,230.0,394.59,366.5,371.0,0.0,0.0,0.0,3,1.0100147155761716,True,REGULAR,USD,SMH,call,2026-11-20,0.3835616438356164,368.75,0.00019469624943601842,0.9678061025115432,204.90266571863978,592.2899780273438,-0.04540186788465472,2026-07-03
SMH261120C00240000,2026-06-16 19:55:50+00:00,240.0,384.07,356.55,361.5,0.0,0.0,40.0,21,0.9787599780273439,True,REGULAR,USD,SMH,call,2026-11-20,0.3835616438356164,359.025,0.0002125963334849038,0.9655189566517848,1566.1877876680269,592.2899780273438,-0.04540186788465472,2026-07-03
SMH261120C00245000,2026-06-09 15:27:53+00:00,245.0,342.9,352.0,356.95,0.0,0.0,1.0,1,0.9735720416259765,True,REGULAR,USD,SMH,call,2026-11-20,0.3835616438356164,354.475,0.00022469686249432385,0.9633485982786958,78.82532618043012,592.2899780273438,-0.04540186788465472,2026-07-03
SMH261120C00255000,2026-06-17 18:29:33+00:00,255.0,381.95,342.5,347.45,0.0,0.0,0.0,1,0.9498906378173828,True,REGULAR,USD,SMH,call,2026-11-20,0.3835616438356164,344.975,0.000246427113369708,0.9601765077813502,86.44845938407245,592.2899780273438,-0.04540186788465472,2026-07-03
SMH261120C00265000,2026-06-05 19:29:23+00:00,265.0,319.35,333.0,337.95,0.0,0.0,20.0,21,0.9262702685546875,True,REGULAR,USD,SMH,call,2026-11-20,0.3835616438356164,335.475,0.00026953857029657986,0.9568791146327932,1985.6787282457037,592.2899780273438,-0.04540186788465472,2026-07-03
SMH261120C00270000,2026-06-10 15:19:02+00:00,270.0,311.33,328.05,333.0,0.0,0.0,2.0,22,0.9089974920654296,True,REGULAR,USD,SMH,call,2026-11-20,0.3835616438356164,330.525,0.0002800681010980939,0.9558245451346865,2161.4992834698332,592.2899780273438,-0.04540186788465472,2026-07-03
SMH261120C00275000,2026-05-07 19:48:59+00:00,275.0,274.35,328.3,332.5,0.0,0.0,2.0,2,1.0092822973632813,True,REGULAR,USD,SMH,call,2026-11-20,0.3835616438356164,330.4,0.0003169151370533093,0.9411498667180451,222.35236195497725,592.2899780273438,-0.04540186788465472,2026-07-03
SMH261120C00290000,2026-05-06 19:39:58+00:00,290.0,267.46,314.0,318.5,0.0,0.0,0.0,1,0.9682620361328125,True,REGULAR,USD,SMH,call,2026-11-20,0.3835616438356164,316.25,0.00035581706313817885,0.9352745854123979,124.82326522533516,592.2899780273438,-0.04540186788465472,2026-07-03
SMH261120C00300000,2026-06-25 13:36:31+00:00,300.0,354.07,300.0,304.95,0.0,0.0,1.0,4,0.8502822589111327,True,REGULAR,USD,SMH,call,2026-11-20,0.3835616438356164,302.475,0.00036472138114301687,0.9434195400468649,511.7878641372045,592.2899780273438,-0.04540186788465472,2026-07-03
SMH261120C00315000,2026-04-23 17:42:03+00:00,315.0,179.2,290.55,295.5,0.0,0.0,1.0,25,0.9085092156982422,True,REGULAR,USD,SMH,call,2026-11-20,0.3835616438356164,293.025,0.00043011297835783617,0.9237573465039953,3772.1705854202987,592.2899780273438,-0.04540186788465472,2026-07-03
SMH261120C00320000,2026-04-24 14:06:47+00:00,320.0,195.05,286.0,290.95,0.0,0.0,1.0,1,0.8983774810791014,True,REGULAR,USD,SMH,call,2026-11-20,0.3835616438356164,288.475,0.00044654095216412564,0.9210734831683582,156.64987849194478,592.2899780273438,-0.04540186788465472,2026-07-03
SMH261120C00325000,2026-04-20 18:40:35+00:00,325.0,155.61,281.5,286.45,0.0,0.0,2.0,6,0.8890086782836913,True,REGULAR,USD,SMH,call,2026-11-20,0.3835616438356164,283.975,0.0004635060984236838,0.9182234611304753,975.6082658908077,592.2899780273438,-0.04540186788465472,2026-07-03
SMH261120C00330000,2026-06-22 17:11:55+00:00,330.0,343.66,272.05,277.0,0.0,0.0,1.0,3,0.79141443939209,True,REGULAR,USD,SMH,call,2026-11-20,0.3835616438356164,274.525,0.0004666662197144324,0.9291797181402243,491.12991491780605,592.2899780273438,-0.04540186788465472,2026-07-03
SMH261120C00335000,2026-05-05 16:56:38+00:00,335.0,204.33,272.5,277.45,0.0,0.0,9.0,24,0.8700879690551758,True,REGULAR,USD,SMH,call,2026-11-20,0.3835616438356164,274.975,0.0004988299290543212,0.9123601302390556,4199.837747241635,592.2899780273438,-0.04540186788465472,2026-07-03
SMH261120C00345000,2026-05-05 15:25:18+00:00,345.0,195.04,263.6,267.8,0.0,0.0,1.0,4,0.8465286343383788,True,REGULAR,USD,SMH,call,2026-11-20,0.3835616438356164,265.70000000000005,0.0005359989611159937,0.9069587558461913,752.129646552714,592.2899780273438,-0.04540186788465472,2026-07-03
SMH261120C00350000,2026-05-01 19:15:32+00:00,350.0,177.56,259.1,263.3,0.0,0.0,1.0,68,0.8369156933593749,True,REGULAR,USD,SMH,call,2026-11-20,0.3835616438356164,261.20000000000005,0.0005555297588892345,0.903831540110783,13252.1093056964,592.2899780273438,-0.04540186788465472,2026-07-03
SMH261120C00360000,2026-05-11 17:59:17+00:00,360.0,231.6,282.75,287.0,0.0,0.0,11.0,112,1.2300148362731933,True,REGULAR,USD,SMH,call,2026-11-20,0.3835616438356164,284.875,0.0005070263948510016,0.8542008965791315,19921.285492846902,592.2899780273438,-0.04540186788465472,2026-07-03
SMH261120C00365000,2026-06-22 17:10:40+00:00,365.0,311.49,240.55,245.5,0.0,0.0,1.0,18,0.7383143844604492,True,REGULAR,USD,SMH,call,2026-11-20,0.3835616438356164,243.025,0.0006156740463828242,0.9067304504827078,3887.694406534902,592.2899780273438,-0.04540186788465472,2026-07-03
SMH261120C00370000,2026-06-16 18:23:58+00:00,370.0,271.82,236.5,241.0,0.0,0.0,5.0,36,0.7335231726074218,True,REGULAR,USD,SMH,call,2026-11-20,0.3835616438356164,238.75,0.0006397188403783383,0.9026135412599365,8079.052128656505,592.2899780273438,-0.04540186788465472,2026-07-03
SMH261120C00380000,2026-04-22 17:59:57+00:00,380.0,122.87,233.0,236.75,0.0,0.0,1.0,208,0.786989434814453,True,REGULAR,USD,SMH,call,2026-11-20,0.3835616438356164,234.875,0.0006841750288962576,0.8821441921185562,49922.84448240541,592.2899780273438,-0.04540186788465472,2026-07-03
SMH261120C00385000,2026-04-28 19:10:41+00:00,385.0,135.0,228.5,232.45,0.0,0.0,6.0,118,0.7780936497497559,True,REGULAR,USD,SMH,call,2026-11-20,0.3835616438356164,230.475,0.0007077282029323741,0.8783267778854353,29296.603820927437,592.2899780273438,-0.04540186788465472,2026-07-03
SMH261120C00390000,2026-06-10 13:31:47+00:00,390.0,213.0,219.0,223.5,0.0,0.0,1.0,51,0.706103402862549,True,REGULAR,USD,SMH,call,2026-11-20,0.3835616438356164,221.25,0.0007414148367826089,0.8867155852298859,13264.785055197057,592.2899780273438,-0.04540186788465472,2026-07-03
SMH261120C00400000,2026-07-02 17:36:49+00:00,400.0,205.7,210.5,215.0,-62.84999,-23.403461,6.0,37,0.6945220977783204,True,REGULAR,USD,SMH,call,2026-11-20,0.3835616438356164,212.75,0.0007959861725803446,0.8776494418801248,10331.800598874333,592.2899780273438,-0.04540186788465472,2026-07-03
SMH261120C00405000,2026-06-30 15:40:19+00:00,405.0,261.95,206.05,211.0,0.0,0.0,1.0,5,0.6886932986450197,True,REGULAR,USD,SMH,call,2026-11-20,0.3835616438356164,208.525,0.0008241829504732279,0.8729426698115571,1445.6474643708618,592.2899780273438,-0.04540186788465472,2026-07-03
SMH261120C00410000,2026-06-01 13:38:45+00:00,410.0,213.5,202.05,207.0,0.0,0.0,2.0,100,0.6853669158935547,True,REGULAR,USD,SMH,call,2026-11-20,0.3835616438356164,204.525,0.0008522840694339483,0.8675693511256442,29898.757386170637,592.2899780273438,-0.04540186788465472,2026-07-03
SMH261120C00415000,2026-06-25 13:30:05+00:00,415.0,251.85,198.0,202.5,0.0,0.0,2.0,49,0.6784394949340821,True,REGULAR,USD,SMH,call,2026-11-20,0.3835616438356164,200.25,0.000881937668268061,0.8628467250841857,15160.123538956434,592.2899780273438,-0.04540186788465472,2026-07-03
SMH261120C00420000,2026-05-19 13:32:20+00:00,420.0,151.25,193.55,198.5,0.0,0.0,1.0,11,0.6718935398864747,True,REGULAR,USD,SMH,call,2026-11-20,0.3835616438356164,196.025,0.0009121856878356108,0.8579141194927187,3520.0165654665634,592.2899780273438,-0.04540186788465472,2026-07-03
SMH261120C00425000,2026-06-15 13:50:42+00:00,425.0,242.02,189.55,194.5,0.0,0.0,11.0,17,0.6676974148559572,True,REGULAR,USD,SMH,call,2026-11-20,0.3835616438356164,192.025,0.0009420350346934857,0.8523348194804622,5618.038930315303,592.2899780273438,-0.04540186788465472,2026-07-03
SMH261120C00430000,2026-06-15 14:59:17+00:00,430.0,233.85,185.55,190.5,0.0,0.0,12.0,25,0.6632113757324221,True,REGULAR,USD,SMH,call,2026-11-20,0.3835616438356164,188.025,0.0009724322024891738,0.8466841588240379,8528.410755123421,592.2899780273438,-0.04540186788465472,2026-07-03
SMH261120C00435000,2026-06-30 15:41:35+00:00,435.0,234.85,181.55,186.5,0.0,0.0,1.0,68,0.6584201638793946,True,REGULAR,USD,SMH,call,2026-11-20,0.3835616438356164,184.025,0.0010034390766063518,0.8409634528059513,23936.943272639015,592.2899780273438,-0.04540186788465472,2026-07-03
SMH261120C00440000,2026-06-25 19:41:38+00:00,440.0,216.1,177.55,182.5,0.0,0.0,3.0,96,0.653369555206299,True,REGULAR,USD,SMH,call,2026-11-20,0.3835616438356164,180.025,0.0010350833835776644,0.8351602692768716,34859.033211045935,592.2899780273438,-0.04540186788465472,2026-07-03
SMH261120C00445000,2026-06-24 19:05:05+00:00,445.0,194.26,173.55,178.5,0.0,0.0,8.0,485,0.6480442910766601,True,REGULAR,USD,SMH,call,2026-11-20,0.3835616438356164,176.025,0.001067430394086424,0.8292750131010809,181614.31275251156,592.2899780273438,-0.04540186788465472,2026-07-03
SMH261120C00450000,2026-06-12 14:48:01+00:00,450.0,190.8,170.0,174.5,0.0,0.0,1.0,256,0.6447636842346192,True,REGULAR,USD,SMH,call,2026-11-20,0.3835616438356164,172.25,0.0010985202623813584,0.8228098988127525,98654.47857801609,592.2899780273438,-0.04540186788465472,2026-07-03
SMH261120C00455000,2026-06-15 14:53:22+00:00,455.0,212.47,166.05,171.0,0.0,0.0,1.0,40,0.6416204051208496,True,REGULAR,USD,SMH,call,2026-11-20,0.3835616438356164,168.525,0.0011296316067604597,0.8161805278450149,15851.325893589808,592.2899780273438,-0.04540186788465472,2026-07-03
SMH261120C00460000,2026-06-10 19:34:15+00:00,460.0,149.38,162.05,167.0,0.0,0.0,2.0,188,0.6354864332580568,True,REGULAR,USD,SMH,call,2026-11-20,0.3835616438356164,164.525,0.0011639945624998377,0.8100320738998766,76767.53029855741,592.2899780273438,-0.04540186788465472,2026-07-03
SMH261120C00465000,2026-06-15 13:42:05+00:00,465.0,152.2,158.8,163.5,-54.64,-26.416555,18.0,140,0.6350591914367678,True,REGULAR,USD,SMH,call,2026-11-20,0.3835616438356164,161.15,0.001192449126530108,0.8025745712330423,58564.799896371886,592.2899780273438,-0.04540186788465472,2026-07-03
SMH261120C00470000,2026-05-28 15:59:35+00:00,470.0,162.94,154.55,159.5,0.0,0.0,1.0,258,0.6272315109252932,True,REGULAR,USD,SMH,call,2026-11-20,0.3835616438356164,157.025,0.0012296337612275427,0.7964650540518192,111292.07839708531,592.2899780273438,-0.04540186788465472,2026-07-03
SMH261120C00475000,2026-06-26 13:38:25+00:00,475.0,170.45,151.05,156.0,0.0,0.0,1.0,175,0.6249579740905762,True,REGULAR,USD,SMH,call,2026-11-20,0.3835616438356164,153.525,0.0012603032140034317,0.789106859040467,77371.65038608645,592.2899780273438,-0.04540186788465472,2026-07-03
SMH261120C00480000,2026-07-02 15:15:23+00:00,480.0,156.0,148.15,152.0,-59.119995,-27.482334,2.0,133,0.6227454718017578,True,REGULAR,USD,SMH,call,2026-11-20,0.3835616438356164,150.075,0.0012907065966810253,0.7816144676767821,60220.99667306915,592.2899780273438,-0.04540186788465472,2026-07-03
SMH261120C00485000,2026-06-26 15:19:31+00:00,485.0,154.0,144.55,148.45,-10.179993,-6.200507,1.0,30,0.6190986576843263,True,REGULAR,USD,SMH,call,2026-11-20,0.3835616438356164,146.5,0.0013230964626677487,0.7742587664544935,13924.561617845444,592.2899780273438,-0.04540186788465472,2026-07-03
SMH261120C00490000,2026-06-09 17:09:33+00:00,490.0,126.33,141.0,144.9,0.0,0.0,2.0,55,0.615360291748047,True,REGULAR,USD,SMH,call,2026-11-20,0.3835616438356164,142.95,0.0013556694940314318,0.7667805407137944,26156.840322780274,592.2899780273438,-0.04540186788465472,2026-07-03
SMH261120C00495000,2026-06-26 13:30:05+00:00,495.0,162.3,137.5,141.4,0.0,0.0,5.0,123,0.6117287362670901,True,REGULAR,USD,SMH,call,2026-11-20,0.3835616438356164,139.45,0.0013880763052947734,0.7591452716638831,59894.53816386488,592.2899780273438,-0.04540186788465472,2026-07-03
SMH261120C00500000,2026-07-02 19:42:05+00:00,500.0,131.77,134.2,137.85,-55.259995,-29.546059,4.0,310,0.6084328707885743,True,REGULAR,USD,SMH,call,2026-11-20,0.3835616438356164,136.02499999999998,0.0014198264673706681,0.7513197018993285,154406.55370970152,592.2899780273438,-0.04540186788465472,2026-07-03
SMH261120C00505000,2026-05-26 15:04:17+00:00,505.0,138.8,130.65,134.6,0.0,0.0,1.0,88,0.6050301948547365,True,REGULAR,USD,SMH,call,2026-11-20,0.3835616438356164,132.625,0.0014516479522821487,0.7433787462547279,44813.900567838275,592.2899780273438,-0.04540186788465472,2026-07-03
SMH261120C00510000,2026-07-01 14:41:20+00:00,510.0,157.5,127.3,131.25,0.0,0.0,12.0,111,0.6017190707397463,True,REGULAR,USD,SMH,call,2026-11-20,0.3835616438356164,129.275,0.001483129570906104,0.7352929638672029,57752.5069533135,592.2899780273438,-0.04540186788465472,2026-07-03
SMH261120C00515000,2026-06-25 19:04:58+00:00,515.0,157.7,124.0,127.95,0.0,0.0,8.0,87,0.5984994984436036,True,REGULAR,USD,SMH,call,2026-11-20,0.3835616438356164,125.975,0.0015142062305334625,0.7270661248609048,46213.94570004367,592.2899780273438,-0.04540186788465472,2026-07-03
SMH261120C00520000,2026-06-25 19:06:00+00:00,520.0,153.45,120.75,124.7,0.0,0.0,8.0,36,0.5953714779663085,True,REGULAR,USD,SMH,call,2026-11-20,0.3835616438356164,122.725,0.0015448119941131298,0.7187024345762362,19509.53425419295,592.2899780273438,-0.04540186788465472,2026-07-03
SMH261120C00525000,2026-07-02 15:13:28+00:00,525.0,125.95,117.5,121.5,-23.949997,-15.977317,1.0,69,0.592121388397217,True,REGULAR,USD,SMH,call,2026-11-20,0.3835616438356164,119.5,0.0015753896088040223,0.7102296453268863,38133.426917377736,592.2899780273438,-0.04540186788465472,2026-07-03
SMH261120C00530000,2026-06-25 19:03:17+00:00,530.0,148.0,114.35,118.35,0.0,0.0,20.0,140,0.5891306956481934,True,REGULAR,USD,SMH,call,2026-11-20,0.3835616438356164,116.35,0.0016049897945260246,0.7016085498092671,78825.925618859,592.2899780273438,-0.04540186788465472,2026-07-03
SMH261120C00535000,2026-06-25 14:11:17+00:00,535.0,141.84,111.25,115.25,0.0,0.0,1.0,90,0.5862010374450684,True,REGULAR,USD,SMH,call,2026-11-20,0.3835616438356164,113.25,0.0016340072453123603,0.6928671635731694,51589.9676554531,592.2899780273438,-0.04540186788465472,2026-07-03
SMH261120C00540000,2026-07-02 20:01:25+00:00,540.0,109.78,108.1,112.0,-32.059998,-22.602932,1.0,228,0.5822185333251952,True,REGULAR,USD,SMH,call,2026-11-20,0.3835616438356164,110.05,0.0016653848495020082,0.6840904857649024,133204.2938860659,592.2899780273438,-0.04540186788465472,2026-07-03
SMH261120C00545000,2026-07-01 14:27:27+00:00,545.0,137.65,105.2,109.2,0.0,0.0,2.0,105,0.5805400833129883,True,REGULAR,USD,SMH,call,2026-11-20,0.3835616438356164,107.2,0.0016900221784649679,0.6750417023613237,62251.59327566437,592.2899780273438,-0.04540186788465472,2026-07-03
SMH261120C00550000,2026-06-30 17:42:08+00:00,550.0,150.8,102.25,106.25,0.0,0.0,65.0,150,0.5777935287475585,True,REGULAR,USD,SMH,call,2026-11-20,0.3835616438356164,104.25,0.0017169471075187193,0.6659690586814387,90347.66726312961,592.2899780273438,-0.04540186788465472,2026-07-03
SMH261120C00555000,2026-06-11 19:49:16+00:00,555.0,115.07,99.4,103.4,0.0,0.0,3.0,70,0.5754589573669433,True,REGULAR,USD,SMH,call,2026-11-20,0.3835616438356164,101.4,0.0017420199216952863,0.6567861347069084,42777.94576714882,592.2899780273438,-0.04540186788465472,2026-07-03
SMH261120C00560000,2026-06-25 13:32:23+00:00,560.0,137.9,96.55,100.55,0.0,0.0,3.0,188,0.5727886959838868,True,REGULAR,USD,SMH,call,2026-11-20,0.3835616438356164,98.55,0.0017673803811873328,0.6475260237632413,116561.90787565935,592.2899780273438,-0.04540186788465472,2026-07-03
SMH261120C00565000,2026-06-16 15:02:42+00:00,565.0,125.0,93.8,97.75,0.0,0.0,1.0,73,0.5703625727844239,True,REGULAR,USD,SMH,call,2026-11-20,0.3835616438356164,95.775,0.0017912572672022773,0.6381771219131775,45872.202601677236,592.2899780273438,-0.04540186788465472,2026-07-03
SMH261120C00570000,2026-07-01 14:35:14+00:00,570.0,117.7,91.05,95.05,0.0,0.0,2.0,81,0.56796696685791,True,REGULAR,USD,SMH,call,2026-11-20,0.3835616438356164,93.05,0.0018142427079107387,0.6287511525286534,51552.43380951353,592.2899780273438,-0.04540186788465472,2026-07-03
SMH261120C00575000,2026-07-02 17:51:52+00:00,575.0,85.11,88.4,92.4,-25.510002,-23.060932,4.0,139,0.5657849818420411,True,REGULAR,USD,SMH,call,2026-11-20,0.3835616438356164,90.4,0.001835692811907295,0.6192593119666869,89512.4771447813,592.2899780273438,-0.04540186788465472,2026-07-03
SMH261120C00580000,2026-07-02 18:58:31+00:00,580.0,85.43,86.05,90.0,-23.519997,-21.587881,64.0,59,0.5652051536560059,True,REGULAR,USD,SMH,call,2026-11-20,0.3835616438356164,88.025,0.0018508823677004286,0.6097831926812959,38308.892609470415,592.2899780273438,-0.04540186788465472,2026-07-03
SMH261120C00585000,2026-07-02 18:30:09+00:00,585.0,82.85,83.5,87.2,-22.150002,-21.09524,38.0,162,0.5622144609069823,True,REGULAR,USD,SMH,call,2026-11-20,0.3835616438356164,85.35,0.001873167721094427,0.6001469245106642,106453.62336006573,592.2899780273438,-0.04540186788465472,2026-07-03
SMH261120C00590000,2026-07-02 19:06:55+00:00,590.0,83.35,80.15,85.0,-18.400002,-18.08354,19.0,39,0.5582319567871095,True,REGULAR,USD,SMH,call,2026-11-20,0.3835616438356164,82.575,0.0018980649491107653,0.5903500155019825,25968.355301062587,592.2899780273438,-0.04540186788465472,2026-07-03
SMH261120C00595000,2026-07-02 18:00:17+00:00,595.0,75.32,78.25,82.2,-56.280006,-42.76596,36.0,106,0.5568739381408694,False,REGULAR,USD,SMH,call,2026-11-20,0.3835616438356164,80.225,0.0019128974402767888,0.5807028331887011,71132.21287828928,592.2899780273438,-0.04540186788465472,2026-07-03
SMH261120C00600000,2026-07-02 15:55:06+00:00,600.0,78.0,76.0,79.65,-25.550003,-24.674072,7.0,488,0.5548597981262209,False,REGULAR,USD,SMH,call,2026-11-20,0.3835616438356164,77.825,0.0019289921576891083,0.5709642495109186,330231.92205983854,592.2899780273438,-0.04540186788465472,2026-07-03
SMH261120C00605000,2026-06-30 18:35:29+00:00,605.0,115.89,73.5,77.45,0.0,0.0,1.0,170,0.5528761753845215,False,REGULAR,USD,SMH,call,2026-11-20,0.3835616438356164,75.475,0.0019439276137458643,0.5611967085972386,115930.5186063768,592.2899780273438,-0.04540186788465472,2026-07-03
SMH261120C00610000,2026-07-02 16:34:16+00:00,610.0,69.1,71.2,75.15,-20.400002,-22.793297,6.0,109,0.5509383285522461,False,REGULAR,USD,SMH,call,2026-11-20,0.3835616438356164,73.17500000000001,0.001957623285323288,0.5514089459746518,74855.61596064722,592.2899780273438,-0.04540186788465472,2026-07-03
SMH261120C00615000,2026-06-29 17:02:42+00:00,615.0,93.18,69.0,72.9,0.0,0.0,2.0,59,0.5491988439941409,False,REGULAR,USD,SMH,call,2026-11-20,0.3835616438356164,70.95,0.0019694947752971733,0.5416342247635053,40763.88924462658,592.2899780273438,-0.04540186788465472,2026-07-03
SMH261120C00620000,2026-07-02 15:38:48+00:00,620.0,71.0,67.05,70.7,-16.379997,-18.745705,7.0,1120,0.5481612567138674,False,REGULAR,USD,SMH,call,2026-11-20,0.3835616438356164,68.875,0.0019776577493061808,0.5319828640593163,777030.2499270694,592.2899780273438,-0.04540186788465472,2026-07-03
SMH261120C00625000,2026-07-01 19:31:04+00:00,625.0,86.59,64.65,68.6,0.0,0.0,6.0,117,0.5456435816955567,False,REGULAR,USD,SMH,call,2026-11-20,0.3835616438356164,66.625,0.0019901469029046906,0.5220478496815986,81684.52070117604,592.2899780273438,-0.04540186788465472,2026-07-03
SMH261120C00630000,2026-07-01 17:45:38+00:00,630.0,81.1,62.6,66.5,0.0,0.0,13.0,124,0.5440109075927735,False,REGULAR,USD,SMH,call,2026-11-20,0.3835616438356164,64.55,0.0019982256665321317,0.5122843158685791,86923.05596327462,592.2899780273438,-0.04540186788465472,2026-07-03
SMH261120C00635000,2026-07-02 16:19:48+00:00,635.0,63.45,60.55,64.45,-18.060001,-22.156792,5.0,69,0.5422409057617189,False,REGULAR,USD,SMH,call,2026-11-20,0.3835616438356164,62.5,0.0020056599852931152,0.5024973087476856,48548.42766694821,592.2899780273438,-0.04540186788465472,2026-07-03
SMH261120C00640000,2026-06-29 14:06:00+00:00,640.0,67.3,58.6,62.45,0.0,0.0,1.0,33,0.5406997834777834,False,REGULAR,USD,SMH,call,2026-11-20,0.3835616438356164,60.525000000000006,0.002011086554244974,0.4927796197381091,23281.634693237356,592.2899780273438,-0.04540186788465472,2026-07-03
SMH261120C00645000,2026-07-01 19:54:35+00:00,645.0,73.5,56.65,60.5,0.0,0.0,1.0,91,0.5390213334655762,False,REGULAR,USD,SMH,call,2026-11-20,0.3835616438356164,58.575,0.0020158571456323727,0.483046442730256,64353.16528190925,592.2899780273438,-0.04540186788465472,2026-07-03
SMH261120C00650000,2026-07-02 19:21:52+00:00,650.0,53.0,54.75,58.55,-18.739998,-26.122105,1.0,170,0.5372055557250978,False,REGULAR,USD,SMH,call,2026-11-20,0.3835616438356164,56.65,0.0020199617333222794,0.4732951674718805,120464.98524594863,592.2899780273438,-0.04540186788465472,2026-07-03
SMH261120C00655000,2026-06-26 18:55:40+00:00,655.0,66.52,52.95,56.8,0.0,0.0,10.0,109,0.5361374511718751,False,REGULAR,USD,SMH,call,2026-11-20,0.3835616438356164,54.875,0.0020201758457066886,0.4638008202246088,77247.50130065111,592.2899780273438,-0.04540186788465472,2026-07-03
SMH261120C00660000,2026-07-02 16:34:16+00:00,660.0,52.03,51.15,55.0,-14.470001,-21.7594,6.0,106,0.5346115875244142,False,REGULAR,USD,SMH,call,2026-11-20,0.3835616438356164,53.075,0.002020906137305961,0.4542081744553592,75148.57960450229,592.2899780273438,-0.04540186788465472,2026-07-03
SMH261120C00665000,2026-07-01 19:48:55+00:00,665.0,57.8,49.45,53.25,-7.6499977,-11.688309,1.0,26,0.5333146034240723,False,REGULAR,USD,SMH,call,2026-11-20,0.3835616438356164,51.35,0.002019672327640098,0.44473683532147296,18421.41689986376,592.2899780273438,-0.04540186788465472,2026-07-03
SMH261120C00670000,2026-07-01 13:50:24+00:00,670.0,71.16,47.75,51.55,0.0,0.0,23.0,172,0.5318955502319337,False,REGULAR,USD,SMH,call,2026-11-20,0.3835616438356164,49.65,0.0020177398137923566,0.43527484390442794,121748.15223969487,592.2899780273438,-0.04540186788465472,2026-07-03
SMH261120C00675000,2026-07-02 17:51:52+00:00,675.0,44.72,46.1,49.9,-17.529999,-28.16064,2.0,35,0.5305527902221681,False,REGULAR,USD,SMH,call,2026-11-20,0.3835616438356164,48.0,0.0020144182596921003,0.4258958903307437,24733.55040096272,592.2899780273438,-0.04540186788465472,2026-07-03
SMH261120C00680000,2026-07-02 15:57:05+00:00,680.0,48.67,44.5,48.3,-11.980003,-19.752684,4.0,73,0.5292710647583009,False,REGULAR,USD,SMH,call,2026-11-20,0.3835616438356164,46.4,0.0020097842459541175,0.41660177909668805,51468.447220906935,592.2899780273438,-0.04540186788465472,2026-07-03
SMH261120C00685000,2026-07-02 19:09:42+00:00,685.0,42.06,42.95,46.65,-17.48,-29.358414,34.0,71,0.5276994252014162,False,REGULAR,USD,SMH,call,2026-11-20,0.3835616438356164,44.8,0.0020050212359689406,0.40725453566884806,49939.71893080291,592.2899780273438,-0.04540186788465472,2026-07-03
SMH261120C00690000,2026-07-02 18:27:07+00:00,690.0,41.86,41.45,45.2,-15.989998,-27.640448,70.0,78,0.5267381311035157,False,REGULAR,USD,SMH,call,2026-11-20,0.3835616438356164,43.325,0.001997178451086078,0.39823005432801617,54648.75123659693,592.2899780273438,-0.04540186788465472,2026-07-03
SMH261120C00695000,2026-07-02 18:02:06+00:00,695.0,39.19,40.0,43.7,-16.810001,-30.017859,50.0,138,0.5255174401855469,False,REGULAR,USD,SMH,call,2026-11-20,0.3835616438356164,41.85,0.0019891485396655033,0.38917440634097156,96297.51274381955,592.2899780273438,-0.04540186788465472,2026-07-03
SMH261120C00700000,2026-07-02 16:00:45+00:00,700.0,37.5,38.85,42.1,-15.799999,-29.643526,10.0,260,0.5247392497253418,False,REGULAR,USD,SMH,call,2026-11-20,0.3835616438356164,40.475,0.0019787455869621218,0.38040045644359943,180481.2438995323,592.2899780273438,-0.04540186788465472,2026-07-03
SMH261120C00705000,2026-07-01 19:35:08+00:00,705.0,52.45,37.2,40.9,0.0,0.0,13.0,187,0.523320196533203,False,REGULAR,USD,SMH,call,2026-11-20,0.3835616438356164,39.05,0.0019693162871268115,0.371419853008625,129189.09250397986,592.2899780273438,-0.04540186788465472,2026-07-03
SMH261120C00710000,2026-07-02 15:01:04+00:00,710.0,35.45,36.0,39.5,-14.549999,-29.099998,14.0,111,0.5225572647094726,False,REGULAR,USD,SMH,call,2026-11-20,0.3835616438356164,37.75,0.0019569922989319845,0.36283765758330294,76204.54312875793,592.2899780273438,-0.04540186788465472,2026-07-03
SMH261120C00715000,2026-07-02 15:23:39+00:00,715.0,38.1,34.55,38.2,-21.490002,-36.063103,1.0,28,0.5209703665161132,False,REGULAR,USD,SMH,call,2026-11-20,0.3835616438356164,36.375,0.0019460755304645506,0.3539466156060072,19115.53650201018,592.2899780273438,-0.04540186788465472,2026-07-03
SMH261120C00720000,2026-07-02 14:33:46+00:00,720.0,40.47,32.85,37.5,-4.7299995,-10.464601,1.0,210,0.5204210556030272,False,REGULAR,USD,SMH,call,2026-11-20,0.3835616438356164,35.175,0.0019313958432971103,0.3456675109331797,142285.07770288148,592.2899780273438,-0.04540186788465472,2026-07-03
SMH261120C00725000,2026-06-24 14:47:27+00:00,725.0,47.04,32.05,35.7,0.0,0.0,4.0,108,0.5188646746826171,False,REGULAR,USD,SMH,call,2026-11-20,0.3835616438356164,33.875,0.001918513332010941,0.33697387426882547,72687.10052218616,592.2899780273438,-0.04540186788465472,2026-07-03
SMH261120C00730000,2026-07-01 19:36:22+00:00,730.0,43.78,30.9,34.5,0.0,0.0,6.0,42,0.5179949324035646,False,REGULAR,USD,SMH,call,2026-11-20,0.3835616438356164,32.7,0.0019030036085105246,0.32873624136600016,28038.686864268144,592.2899780273438,-0.04540186788465472,2026-07-03
SMH261120C00735000,2026-07-01 16:55:57+00:00,735.0,41.9,29.75,33.35,0.0,0.0,10.0,55,0.5170488969421387,False,REGULAR,USD,SMH,call,2026-11-20,0.3835616438356164,31.55,0.0018868937106858426,0.32056493124507146,36406.497095171515,592.2899780273438,-0.04540186788465472,2026-07-03
SMH261120C00740000,2026-07-01 16:41:19+00:00,740.0,40.95,28.65,32.2,0.0,0.0,3.0,88,0.5160570855712892,False,REGULAR,USD,SMH,call,2026-11-20,0.3835616438356164,30.425,0.0018701189630540098,0.3124764462504944,57732.54123258809,592.2899780273438,-0.04540186788465472,2026-07-03
SMH261120C00745000,2026-06-29 15:24:07+00:00,745.0,37.1,27.6,31.15,0.0,0.0,2.0,66,0.5154009642028807,False,REGULAR,USD,SMH,call,2026-11-20,0.3835616438356164,29.375,0.0018519026948923417,0.3046865705688882,42877.63939239518,592.2899780273438,-0.04540186788465472,2026-07-03
SMH261120C00750000,2026-06-29 17:34:21+00:00,750.0,41.02,26.55,30.1,0.0,0.0,2.0,21,0.5145007046508788,False,REGULAR,USD,SMH,call,2026-11-20,0.3835616438356164,28.325000000000003,0.0018335274023686767,0.2968739545589395,13507.515293759354,592.2899780273438,-0.04540186788465472,2026-07-03
SMH261120C00755000,2026-06-22 14:14:45+00:00,755.0,58.97,25.55,29.05,0.0,0.0,2.0,6,0.513554669189453,False,REGULAR,USD,SMH,call,2026-11-20,0.3835616438356164,27.3,0.001814571479196619,0.28914888544019474,3819.390813140321,592.2899780273438,-0.04540186788465472,2026-07-03
SMH261120C00760000,2026-07-01 13:49:56+00:00,760.0,40.09,24.6,28.1,0.0,0.0,19.0,99,0.5129900996398926,False,REGULAR,USD,SMH,call,2026-11-20,0.3835616438356164,26.35,0.0017943263547230144,0.2817635610989586,62316.83657214802,592.2899780273438,-0.04540186788465472,2026-07-03
SMH261120C00765000,2026-07-01 13:49:14+00:00,765.0,28.59,23.7,27.1,-10.060001,-26.028463,2.0,73,0.5121813919067383,False,REGULAR,USD,SMH,call,2026-11-20,0.3835616438356164,25.4,0.001773946243570846,0.2743543845165363,45428.88560986192,592.2899780273438,-0.04540186788465472,2026-07-03
SMH261120C00770000,2026-07-01 13:52:11+00:00,770.0,38.35,22.8,26.2,0.0,0.0,23.0,116,0.5115557878112793,False,REGULAR,USD,SMH,call,2026-11-20,0.3835616438356164,24.5,0.0017527569222623805,0.26717480537794736,71326.09512710119,592.2899780273438,-0.04540186788465472,2026-07-03
SMH261120C00775000,2026-07-01 16:05:54+00:00,775.0,32.4,21.9,25.3,0.0,0.0,3.0,38,0.5106860455322266,False,REGULAR,USD,SMH,call,2026-11-20,0.3835616438356164,23.6,0.001731415685447499,0.2599686964571185,23080.95171638131,592.2899780273438,-0.04540186788465472,2026-07-03
SMH261120C00780000,2026-06-29 13:50:46+00:00,780.0,28.5,21.1,24.45,0.0,0.0,4.0,61,0.5102435450744629,False,REGULAR,USD,SMH,call,2026-11-20,0.3835616438356164,22.775,0.001709074572939168,0.25314530179699657,36572.9183317046,592.2899780273438,-0.04540186788465472,2026-07-03
SMH261120C00785000,2026-06-30 18:34:47+00:00,785.0,40.21,20.3,23.6,0.0,0.0,32.0,62,0.5095874237060547,False,REGULAR,USD,SMH,call,2026-11-20,0.3835616438356164,21.950000000000003,0.001686595679950325,0.2463144520290495,36683.55710047674,592.2899780273438,-0.04540186788465472,2026-07-03
SMH261120C00790000,2026-06-30 18:36:01+00:00,790.0,39.16,19.5,22.8,0.0,0.0,50.0,35,0.5089007850646974,False,REGULAR,USD,SMH,call,2026-11-20,0.3835616438356164,21.15,0.0016637597900326059,0.23958753423817092,20428.074668145826,592.2899780273438,-0.04540186788465472,2026-07-03
SMH261120C00795000,2026-07-01 18:48:45+00:00,795.0,27.15,18.75,22.05,0.0,0.0,2.0,235,0.5084582846069335,False,REGULAR,USD,SMH,call,2026-11-20,0.3835616438356164,20.4,0.0016403726684506832,0.23313682041237332,135231.90161619725,592.2899780273438,-0.04540186788465472,2026-07-03
SMH261120C00800000,2026-07-02 16:55:39+00:00,800.0,19.33,18.15,21.15,-9.969999,-34.0273,1.0,65,0.5078021632385255,False,REGULAR,USD,SMH,call,2026-11-20,0.3835616438356164,19.65,0.001616853490377338,0.2266758446021943,36868.272893359645,592.2899780273438,-0.04540186788465472,2026-07-03
SMH261120C00805000,2026-06-29 17:12:08+00:00,805.0,28.2,17.35,20.55,0.0,0.0,2.0,63,0.5073901800537108,False,REGULAR,USD,SMH,call,2026-11-20,0.3835616438356164,18.950000000000003,0.0015929126762452377,0.22049262878713116,35204.75173953135,592.2899780273438,-0.04540186788465472,2026-07-03
SMH261120C00810000,2026-06-29 14:25:13+00:00,810.0,20.1,16.65,19.85,0.0,0.0,2.0,92,0.506764575958252,False,REGULAR,USD,SMH,call,2026-11-20,0.3835616438356164,18.25,0.001568849516372586,0.21429743015048763,50633.492432706684,592.2899780273438,-0.04540186788465472,2026-07-03
SMH261120C00815000,2026-06-25 16:20:06+00:00,815.0,30.09,16.0,19.15,0.0,0.0,4.0,4,0.5061694891357422,False,REGULAR,USD,SMH,call,2026-11-20,0.3835616438356164,17.575,0.00154454643156706,0.20824422050335578,2167.353382999168,592.2899780273438,-0.04540186788465472,2026-07-03
SMH261120C00820000,2026-07-02 15:25:53+00:00,820.0,18.23,15.4,18.5,-7.2299995,-28.397486,1.0,90,0.50586431640625,False,REGULAR,USD,SMH,call,2026-11-20,0.3835616438356164,16.95,0.0015200070538466783,0.20249848967881212,47990.67750095583,592.2899780273438,-0.04540186788465472,2026-07-03
SMH261120C00825000,2026-06-10 19:13:52+00:00,825.0,15.1,14.8,17.85,0.0,0.0,40.0,147,0.5053302641296387,False,REGULAR,USD,SMH,call,2026-11-20,0.3835616438356164,16.325000000000003,0.0014953717414221087,0.1967283973901382,77114.36245083866,592.2899780273438,-0.04540186788465472,2026-07-03
SMH261120C00830000,2026-07-01 14:35:33+00:00,830.0,23.0,14.2,17.25,0.0,0.0,8.0,86,0.5048572463989257,False,REGULAR,USD,SMH,call,2026-11-20,0.3835616438356164,15.725,0.001470612939418513,0.19111828438195316,44367.565830372114,592.2899780273438,-0.04540186788465472,2026-07-03
SMH261120C00835000,2026-07-01 14:20:27+00:00,835.0,23.2,13.65,16.65,0.0,0.0,2.0,6,0.504460521850586,False,REGULAR,USD,SMH,call,2026-11-20,0.3835616438356164,15.149999999999999,0.0014457807649640398,0.18567708597963112,3043.143703527978,592.2899780273438,-0.04540186788465472,2026-07-03
SMH261120C00840000,2026-06-30 16:34:30+00:00,840.0,27.05,13.1,16.1,0.0,0.0,1.0,301,0.5040943145751953,False,REGULAR,USD,SMH,call,2026-11-20,0.3835616438356164,14.600000000000001,0.0014209099881159887,0.18037444568470046,150038.19503719188,592.2899780273438,-0.04540186788465472,2026-07-03
SMH261120C00845000,2026-06-16 15:40:26+00:00,845.0,22.64,12.75,15.55,0.0,0.0,22.0,28,0.5046588841247559,False,REGULAR,USD,SMH,call,2026-11-20,0.3835616438356164,14.15,0.0013964351674315852,0.17578316748640405,13716.634836550818,592.2899780273438,-0.04540186788465472,2026-07-03
SMH261120C00850000,2026-07-02 15:25:53+00:00,850.0,14.69,12.1,15.0,-10.56,-41.821785,2.0,71,0.503361900024414,False,REGULAR,USD,SMH,call,2026-11-20,0.3835616438356164,13.55,0.001371131512402508,0.17012158601644267,34151.22050488282,592.2899780273438,-0.04540186788465472,2026-07-03
SMH261120C00855000,2026-06-24 18:46:48+00:00,855.0,17.78,11.75,14.5,0.0,0.0,16.0,38,0.5038501763916017,False,REGULAR,USD,SMH,call,2026-11-20,0.3835616438356164,13.125,0.0013468343740935377,0.16571088014380025,17954.220595143273,592.2899780273438,-0.04540186788465472,2026-07-03
SMH261120C00860000,2026-06-22 18:52:36+00:00,860.0,30.37,11.15,14.0,0.0,0.0,2.0,152,0.5027057786560059,False,REGULAR,USD,SMH,call,2026-11-20,0.3835616438356164,12.575,0.0013215028232194997,0.16037853859975537,70466.13499497663,592.2899780273438,-0.04540186788465472,2026-07-03
SMH261120C00865000,2026-06-22 15:35:06+00:00,865.0,29.55,10.75,13.5,0.0,0.0,45.0,54,0.5025379336547852,False,REGULAR,USD,SMH,call,2026-11-20,0.3835616438356164,12.125,0.0012969239603561132,0.15577735554023575,24568.409482259198,592.2899780273438,-0.04540186788465472,2026-07-03
SMH261120C00870000,2026-06-16 16:53:47+00:00,870.0,19.48,10.3,13.05,0.0,0.0,0.0,1,0.5021717263793947,False,REGULAR,USD,SMH,call,2026-11-20,0.3835616438356164,11.675,0.00127227117830448,0.15116200953680703,446.32216714794686,592.2899780273438,-0.04540186788465472,2026-07-03
SMH261120C00875000,2026-06-30 16:18:11+00:00,875.0,21.6,9.9,12.6,0.0,0.0,1.0,33,0.5019275881958009,False,REGULAR,USD,SMH,call,2026-11-20,0.3835616438356164,11.25,0.0012478462550949258,0.14673253429705702,14445.872855706772,592.2899780273438,-0.04540186788465472,2026-07-03
SMH261120C00880000,2026-06-16 14:22:17+00:00,880.0,13.31,9.65,12.2,-6.79,-33.781094,12.0,9,0.502782071838379,False,REGULAR,USD,SMH,call,2026-11-20,0.3835616438356164,10.925,0.0012248244384643675,0.14309085731711646,3867.097489638484,592.2899780273438,-0.04540186788465472,2026-07-03
SMH261120C00885000,2026-06-17 13:56:51+00:00,885.0,17.89,9.15,11.75,0.0,0.0,0.0,23,0.5015613809204101,False,REGULAR,USD,SMH,call,2026-11-20,0.3835616438356164,10.45,0.0011995738534234478,0.1382694017132805,9678.846345031498,592.2899780273438,-0.04540186788465472,2026-07-03
SMH261120C00890000,2026-06-17 16:36:41+00:00,890.0,18.45,8.75,11.35,0.0,0.0,2.0,39,0.501103621826172,False,REGULAR,USD,SMH,call,2026-11-20,0.3835616438356164,10.05,0.001175327981302933,0.1340262515231347,16080.237205820758,592.2899780273438,-0.04540186788465472,2026-07-03
SMH261120C00895000,2026-07-02 16:34:49+00:00,895.0,9.7,8.55,10.95,-3.6500006,-27.340826,28.0,22,0.501805519104004,False,REGULAR,USD,SMH,call,2026-11-20,0.3835616438356164,9.75,0.0011528653329520501,0.1305910763123727,8897.541638418406,592.2899780273438,-0.04540186788465472,2026-07-03
SMH261120C00900000,2026-06-23 18:09:42+00:00,900.0,9.3,8.35,10.5,-6.0999994,-39.610386,2.0,14,0.5020496572875978,False,REGULAR,USD,SMH,call,2026-11-20,0.3835616438356164,9.425,0.001130056521210071,0.12697217585793602,5550.050946730005,592.2899780273438,-0.04540186788465472,2026-07-03
SMH261120C00905000,2026-06-10 20:00:20+00:00,905.0,8.55,7.75,10.25,0.0,0.0,0.0,2,0.500706897277832,False,REGULAR,USD,SMH,call,2026-11-20,0.3835616438356164,9.0,0.001105046274085749,0.1225001642375228,775.3168605233958,592.2899780273438,-0.04540186788465472,2026-07-03
SMH261120C00915000,2026-06-26 19:19:20+00:00,915.0,9.1,7.3,9.6,-2.6999998,-22.881355,13.0,34,0.501805519104004,False,REGULAR,USD,SMH,call,2026-11-20,0.3835616438356164,8.45,0.0010616452342637108,0.11609940654674383,12662.72280036356,592.2899780273438,-0.04540186788465472,2026-07-03
SMH261120C00920000,2026-07-02 15:45:38+00:00,920.0,9.25,7.0,9.3,-2.3400002,-20.18982,13.0,56,0.5017444845581055,False,REGULAR,USD,SMH,call,2026-11-20,0.3835616438356164,8.15,0.001039368682430675,0.1126730583318476,20418.621658849035,592.2899780273438,-0.04540186788465472,2026-07-03
SMH261120C00925000,2026-06-12 18:27:09+00:00,925.0,13.86,6.65,9.0,0.0,0.0,12.0,5,0.5011646563720704,False,REGULAR,USD,SMH,call,2026-11-20,0.3835616438356164,7.825,0.0010164096591263462,0.10903824220093361,1782.8202411059026,592.2899780273438,-0.04540186788465472,2026-07-03
SMH261120C00930000,2026-06-22 14:45:25+00:00,930.0,19.9,6.35,8.7,0.0,0.0,2.0,4,0.5007984490966797,False,REGULAR,USD,SMH,call,2026-11-20,0.3835616438356164,7.5249999999999995,0.0009940576093086324,0.10561916086691786,1394.8911333440792,592.2899780273438,-0.04540186788465472,2026-07-03
SMH261120C00940000,2026-07-02 15:24:06+00:00,940.0,7.9,5.9,8.15,-2.2199998,-21.936756,1.0,37,0.5011951736450196,False,REGULAR,USD,SMH,call,2026-11-20,0.3835616438356164,7.025,0.0009523375712452094,0.09967796649636651,12361.222126542185,592.2899780273438,-0.04540186788465472,2026-07-03
SMH261120C00945000,2026-06-25 13:52:43+00:00,945.0,11.12,5.65,7.85,0.0,0.0,0.0,2,0.5007679318237305,False,REGULAR,USD,SMH,call,2026-11-20,0.3835616438356164,6.75,0.0009306692176180983,0.09648317520762756,652.9713306227005,592.2899780273438,-0.04540186788465472,2026-07-03
SMH261120C00965000,2026-06-24 19:34:34+00:00,965.0,9.5,4.9,6.9,1.2299995,14.87303,1.0,1,0.5018665536499024,False,REGULAR,USD,SMH,call,2026-11-20,0.3835616438356164,5.9,0.0008528202488881846,0.08601575258302846,299.17566959167004,592.2899780273438,-0.04540186788465472,2026-07-03
SMH261120C00980000,2026-07-01 17:24:03+00:00,980.0,5.95,4.35,6.3,-1.6500001,-21.71053,2.0,243,0.5025074163818359,False,REGULAR,USD,SMH,call,2026-11-20,0.3835616438356164,5.324999999999999,0.0007974197769650528,0.07880889826923448,67977.00785755701,592.2899780273438,-0.04540186788465472,2026-07-03
SMH261120P00190000,2026-06-24 18:07:07+00:00,190.0,0.99,0.41,1.94,0.0,0.0,1.0,20,0.87500125,False,REGULAR,USD,SMH,put,2026-11-20,0.3835616438356164,1.175,7.021628206607504e-05,-0.00825698231856109,-492.64785236378356,592.2899780273438,-0.04540186788465472,2026-07-03
SMH261120P00195000,2026-06-30 19:53:57+00:00,195.0,0.9,0.44,2.05,0.0,0.0,2.0,141,0.8635267553710937,False,REGULAR,USD,SMH,put,2026-11-20,0.3835616438356164,1.2449999999999999,7.531774893795782e-05,-0.008810532214595157,-3725.50553062482,592.2899780273438,-0.04540186788465472,2026-07-03
SMH261120P00200000,2026-06-23 13:52:48+00:00,200.0,1.81,0.54,2.11,0.0,0.0,2.0,227,0.8530288134765626,False,REGULAR,USD,SMH,put,2026-11-20,0.3835616438356164,1.325,8.092889206800041e-05,-0.009431411635962506,-6444.63343794646,592.2899780273438,-0.04540186788465472,2026-07-03
SMH261120P00205000,2026-06-05 18:18:17+00:00,205.0,1.3,0.53,2.29,0.0,0.0,4.0,23,0.8430191479492187,False,REGULAR,USD,SMH,put,2026-11-20,0.3835616438356164,1.4100000000000001,8.694491703802798e-05,-0.010100804670940211,-701.521202792944,592.2899780273438,-0.04540186788465472,2026-07-03
SMH261120P00210000,2026-07-01 17:25:15+00:00,210.0,1.24,0.58,1.56,0.0,0.0,1.0,61,0.7912618530273439,False,REGULAR,USD,SMH,put,2026-11-20,0.3835616438356164,1.07,7.86063238187701e-05,-0.008373218610934652,-1682.1165716808846,592.2899780273438,-0.04540186788465472,2026-07-03
SMH261120P00215000,2026-06-17 18:55:09+00:00,215.0,1.21,0.63,2.56,0.0,0.0,6.0,9,0.8234880932617187,False,REGULAR,USD,SMH,put,2026-11-20,0.3835616438356164,1.595,9.996537206816214e-05,-0.011542012576468696,-315.61734664621736,592.2899780273438,-0.04540186788465472,2026-07-03
SMH261120P00220000,2026-06-11 16:38:42+00:00,220.0,1.74,0.68,2.7,0.0,0.0,4.0,131,0.8137225659179688,False,REGULAR,USD,SMH,put,2026-11-20,0.3835616438356164,1.6900000000000002,0.00010690847913578075,-0.01230067016201275,-4913.061667162043,592.2899780273438,-0.04540186788465472,2026-07-03
SMH261120P00225000,2026-06-16 16:44:17+00:00,225.0,1.49,0.74,2.86,0.0,0.0,2.0,25,0.8049335913085938,False,REGULAR,USD,SMH,put,2026-11-20,0.3835616438356164,1.7999999999999998,0.00011454383479989436,-0.013155360952197603,-1004.5706735543604,592.2899780273438,-0.04540186788465472,2026-07-03
SMH261120P00230000,2026-06-10 20:02:11+00:00,230.0,2.15,0.8,3.05,0.0,0.0,1.0,24,0.7969991003417969,False,REGULAR,USD,SMH,put,2026-11-20,0.3835616438356164,1.9249999999999998,0.00012288497084000515,-0.01410889079649058,-1034.6150241645578,592.2899780273438,-0.04540186788465472,2026-07-03
SMH261120P00235000,2026-06-23 13:31:14+00:00,235.0,1.96,0.91,2.55,0.0,0.0,1.0,150,0.7666038964843751,False,REGULAR,USD,SMH,put,2026-11-20,0.3835616438356164,1.73,0.00012157093061232135,-0.013320089583821915,-6397.197642101086,592.2899780273438,-0.04540186788465472,2026-07-03
SMH261120P00240000,2026-06-09 14:56:32+00:00,240.0,1.88,1.03,3.3,0.0,0.0,2.0,23,0.7796652893066407,False,REGULAR,USD,SMH,put,2026-11-20,0.3835616438356164,2.165,0.0001400714089630685,-0.016015072673256192,-1130.1760544517613,592.2899780273438,-0.04540186788465472,2026-07-03
SMH261120P00245000,2026-06-09 14:56:32+00:00,245.0,2.14,1.16,3.4,0.0,0.0,1.0,37,0.7703880383300781,False,REGULAR,USD,SMH,put,2026-11-20,0.3835616438356164,2.28,0.00014894052102580257,-0.016966922141827268,-1933.229266210297,592.2899780273438,-0.04540186788465472,2026-07-03
SMH261120P00250000,2026-07-02 17:15:22+00:00,250.0,2.33,0.23,4.65,0.13999987,6.392688,7.0,201,0.7635521691894531,False,REGULAR,USD,SMH,put,2026-11-20,0.3835616438356164,2.4400000000000004,0.00015940136373565118,-0.018180396785331787,-11239.755350689355,592.2899780273438,-0.04540186788465472,2026-07-03
SMH261120P00255000,2026-06-25 15:39:42+00:00,255.0,2.29,1.44,3.7,0.0,0.0,2.0,73,0.7547631945800781,False,REGULAR,USD,SMH,put,2026-11-20,0.3835616438356164,2.5700000000000003,0.00016932882983606166,-0.019254200958937706,-4336.332100791196,592.2899780273438,-0.04540186788465472,2026-07-03
SMH261120P00260000,2026-06-25 15:39:42+00:00,260.0,2.49,1.59,3.85,0.0,0.0,1.0,80,0.7468287036132812,False,REGULAR,USD,SMH,put,2026-11-20,0.3835616438356164,2.72,0.0001801345353496177,-0.02045381529929402,-5055.402500122592,592.2899780273438,-0.04540186788465472,2026-07-03
SMH261120P00265000,2026-06-02 16:46:14+00:00,265.0,2.14,1.75,4.0,0.0,0.0,92.0,103,0.7388942126464844,False,REGULAR,USD,SMH,put,2026-11-20,0.3835616438356164,2.875,0.0001914064203372814,-0.021699278474369144,-6916.119588448072,592.2899780273438,-0.04540186788465472,2026-07-03
SMH261120P00270000,2026-06-24 13:54:40+00:00,270.0,2.81,1.92,4.2,0.0,0.0,1.0,25,0.7321804125976561,False,REGULAR,USD,SMH,put,2026-11-20,0.3835616438356164,3.06,0.00020386414182508965,-0.023132009877324555,-1787.926330776214,592.2899780273438,-0.04540186788465472,2026-07-03
SMH261120P00275000,2026-06-02 16:46:24+00:00,275.0,2.44,2.11,4.35,0.0,0.0,42.0,163,0.724490059814453,False,REGULAR,USD,SMH,put,2026-11-20,0.3835616438356164,3.2299999999999995,0.00021628450248623545,-0.024508200218907317,-12367.495885434884,592.2899780273438,-0.04540186788465472,2026-07-03
SMH261120P00280000,2026-05-26 13:51:05+00:00,280.0,2.08,2.3,4.55,0.0,0.0,4.0,11,0.7176541906738281,False,REGULAR,USD,SMH,put,2026-11-20,0.3835616438356164,3.425,0.00022975232738267707,-0.026044041543391683,-886.5870284157162,592.2899780273438,-0.04540186788465472,2026-07-03
SMH261120P00285000,2026-07-02 18:30:03+00:00,285.0,3.65,2.51,4.75,0.9200001,33.69964,4.0,7,0.710940390625,False,REGULAR,USD,SMH,put,2026-11-20,0.3835616438356164,3.63,0.00024386851556542694,-0.02765888745719225,-598.8561900612821,592.2899780273438,-0.04540186788465472,2026-07-03
SMH261120P00290000,2026-04-28 18:52:00+00:00,290.0,5.52,2.8,6.0,0.0,0.0,2.0,5,0.724490059814453,False,REGULAR,USD,SMH,put,2026-11-20,0.3835616438356164,4.4,0.0002711265790090335,-0.03215075342738016,-475.566075763766,592.2899780273438,-0.04540186788465472,2026-07-03
SMH261120P00295000,2026-04-20 13:36:12+00:00,295.0,7.26,3.4,4.5,0.0,0.0,1.0,6,0.6934234759521485,False,REGULAR,USD,SMH,put,2026-11-20,0.3835616438356164,3.95,0.0002711920672711314,-0.03050008742751953,-570.8171335253626,592.2899780273438,-0.04540186788465472,2026-07-03
SMH261120P00300000,2026-06-23 15:11:52+00:00,300.0,3.95,3.35,5.3,-0.45000005,-10.227273,5.0,2124,0.6919586468505861,False,REGULAR,USD,SMH,put,2026-11-20,0.3835616438356164,4.325,0.00029062554217816855,-0.03308036296977568,-216549.43806795432,592.2899780273438,-0.04540186788465472,2026-07-03
SMH261120P00305000,2026-06-29 18:17:48+00:00,305.0,3.79,3.45,5.6,0.0,0.0,2.0,33,0.6840241558837892,False,REGULAR,USD,SMH,put,2026-11-20,0.3835616438356164,4.525,0.0003064099981687722,-0.034786153006243326,-3547.1997108543683,592.2899780273438,-0.04540186788465472,2026-07-03
SMH261120P00310000,2026-06-12 14:34:16+00:00,310.0,4.67,3.75,5.85,0.0,0.0,20.0,299,0.6783479431152344,False,REGULAR,USD,SMH,put,2026-11-20,0.3835616438356164,4.8,0.000324400407480299,-0.03691745494932108,-34026.818741495095,592.2899780273438,-0.04540186788465472,2026-07-03
SMH261120P00315000,2026-05-28 16:25:28+00:00,315.0,4.11,4.05,6.15,0.0,0.0,1.0,23,0.6730379376220705,False,REGULAR,USD,SMH,put,2026-11-20,0.3835616438356164,5.1,0.0003433555583465316,-0.03919955856320778,-2770.3885687940733,592.2899780273438,-0.04540186788465472,2026-07-03
SMH261120P00320000,2026-06-15 15:34:45+00:00,320.0,4.21,4.35,6.4,0.0,0.0,20.0,44,0.666690344848633,False,REGULAR,USD,SMH,put,2026-11-20,0.3835616438356164,5.375,0.0003623135246669646,-0.041395406626487774,-5592.499973317408,592.2899780273438,-0.04540186788465472,2026-07-03
SMH261120P00325000,2026-06-18 18:36:28+00:00,325.0,4.7,4.7,6.7,0.0,0.0,3.0,17,0.6614413739013674,False,REGULAR,USD,SMH,put,2026-11-20,0.3835616438356164,5.7,0.00038278627915032946,-0.04387642841633599,-2282.8325264535547,592.2899780273438,-0.04540186788465472,2026-07-03
SMH261120P00330000,2026-05-21 15:02:02+00:00,330.0,5.51,5.05,7.0,0.0,0.0,2.0,8,0.655826195678711,False,REGULAR,USD,SMH,put,2026-11-20,0.3835616438356164,6.025,0.0004037655552512568,-0.046390256229777216,-1133.1516155516163,592.2899780273438,-0.04540186788465472,2026-07-03
SMH261120P00335000,2026-06-05 16:09:45+00:00,335.0,6.35,5.4,7.3,0.0,0.0,2.0,12,0.6499363619995118,False,REGULAR,USD,SMH,put,2026-11-20,0.3835616438356164,6.35,0.0004253341833641992,-0.04895022074630406,-1790.5246402032062,592.2899780273438,-0.04540186788465472,2026-07-03
SMH261120P00340000,2026-06-24 19:08:34+00:00,340.0,6.67,5.8,7.65,0.0,0.0,3.0,258,0.6449620465087891,False,REGULAR,USD,SMH,put,2026-11-20,0.3835616438356164,6.725,0.0004483439517272105,-0.05179408570131372,-40578.85510127135,592.2899780273438,-0.04540186788465472,2026-07-03
SMH261120P00345000,2026-06-29 16:41:04+00:00,345.0,6.15,6.2,8.0,0.0,0.0,2.0,34,0.639652041015625,False,REGULAR,USD,SMH,put,2026-11-20,0.3835616438356164,7.1,0.0004719332370454453,-0.054681815735304284,-5628.961133263394,592.2899780273438,-0.04540186788465472,2026-07-03
SMH261120P00350000,2026-06-29 15:23:30+00:00,350.0,6.73,6.6,8.4,0.0,0.0,4.0,115,0.6345251391601563,False,REGULAR,USD,SMH,put,2026-11-20,0.3835616438356164,7.5,0.0004964778018585614,-0.05772134915019156,-20029.331016986303,592.2899780273438,-0.04540186788465472,2026-07-03
SMH261120P00355000,2026-06-12 14:07:06+00:00,355.0,7.65,7.0,8.85,0.0,0.0,4.0,114,0.6296423754882813,False,REGULAR,USD,SMH,put,2026-11-20,0.3835616438356164,7.925,0.0005220258793521918,-0.06093281040908349,-20876.88280284115,592.2899780273438,-0.04540186788465472,2026-07-03
SMH261120P00360000,2026-06-15 15:34:45+00:00,360.0,6.53,7.45,9.3,0.0,0.0,20.0,116,0.6249427154541016,False,REGULAR,USD,SMH,put,2026-11-20,0.3835616438356164,8.375,0.0005485388674153754,-0.06431005389563849,-22322.054439631273,592.2899780273438,-0.04540186788465472,2026-07-03
SMH261120P00365000,2026-06-12 13:52:39+00:00,365.0,8.69,7.9,9.8,0.0,0.0,20.0,116,0.6203651245117189,False,REGULAR,USD,SMH,put,2026-11-20,0.3835616438356164,8.850000000000001,0.0005759782810419879,-0.06784533320981301,-23438.664621970438,592.2899780273438,-0.04540186788465472,2026-07-03
SMH261120P00370000,2026-06-24 18:32:20+00:00,370.0,8.1,8.55,10.3,-1.0,-10.98901,3.0,76,0.617313397216797,False,REGULAR,USD,SMH,put,2026-11-20,0.3835616438356164,9.425,0.000605144597994804,-0.07188071227561998,-16133.980262673991,592.2899780273438,-0.04540186788465472,2026-07-03
SMH261120P00375000,2026-07-01 18:44:56+00:00,375.0,8.4,8.9,10.85,0.0,0.0,51.0,429,0.6115456326293948,False,REGULAR,USD,SMH,put,2026-11-20,0.3835616438356164,9.875,0.0006336125243160841,-0.07540382398440593,-95356.39272295173,592.2899780273438,-0.04540186788465472,2026-07-03
SMH261120P00380000,2026-06-30 14:54:22+00:00,380.0,7.58,9.45,11.4,0.0,0.0,1.0,135,0.607273214416504,False,REGULAR,USD,SMH,put,2026-11-20,0.3835616438356164,10.425,0.0006637812139783422,-0.07942949126339693,-31436.01546842636,592.2899780273438,-0.04540186788465472,2026-07-03
SMH261120P00385000,2026-06-29 18:01:36+00:00,385.0,9.0,10.0,12.0,0.0,0.0,2.0,76,0.6030313134765627,False,REGULAR,USD,SMH,put,2026-11-20,0.3835616438356164,11.0,0.0006948133057531812,-0.08360991725540823,-18524.670299314723,592.2899780273438,-0.04540186788465472,2026-07-03
SMH261120P00390000,2026-06-23 17:22:56+00:00,390.0,10.75,10.6,12.65,0.0,0.0,3.0,183,0.5992471716308594,False,REGULAR,USD,SMH,put,2026-11-20,0.3835616438356164,11.625,0.0007268766667982564,-0.08806052976319967,-46663.8519926898,592.2899780273438,-0.04540186788465472,2026-07-03
SMH261120P00395000,2026-07-01 17:41:48+00:00,395.0,10.31,11.2,13.3,0.0,0.0,6.0,76,0.5950968225097657,False,REGULAR,USD,SMH,put,2026-11-20,0.3835616438356164,12.25,0.0007596120447548825,-0.09257131223977932,-20252.293051899534,592.2899780273438,-0.04540186788465472,2026-07-03
SMH261120P00400000,2026-07-02 17:58:42+00:00,400.0,14.05,12.05,13.9,3.3400002,31.185808,10.0,671,0.5920450952148439,False,REGULAR,USD,SMH,put,2026-11-20,0.3835616438356164,12.975000000000001,0.0007934861432093081,-0.09753673107137484,-186780.11369234047,592.2899780273438,-0.04540186788465472,2026-07-03
SMH261120P00405000,2026-07-01 18:45:13+00:00,405.0,11.66,12.65,14.75,0.0,0.0,4.0,85,0.588596643371582,False,REGULAR,USD,SMH,put,2026-11-20,0.3835616438356164,13.7,0.0008279581281253687,-0.10256209486774792,-24688.577521921932,592.2899780273438,-0.04540186788465472,2026-07-03
SMH261120P00410000,2026-07-02 19:19:09+00:00,410.0,15.43,12.35,16.5,2.58,20.07782,6.0,197,0.5847514669799804,False,REGULAR,USD,SMH,put,2026-11-20,0.3835616438356164,14.425,0.0008630968583856045,-0.10764524079315618,-59647.813745890104,592.2899780273438,-0.04540186788465472,2026-07-03
SMH261120P00415000,2026-06-30 19:52:58+00:00,415.0,10.45,14.1,16.3,0.0,0.0,1.0,100,0.5812114633178712,False,REGULAR,USD,SMH,put,2026-11-20,0.3835616438356164,15.2,0.0008990137161866204,-0.11298173316741056,-31538.06805864106,592.2899780273438,-0.04540186788465472,2026-07-03
SMH261120P00420000,2026-07-01 16:27:21+00:00,420.0,17.5,15.0,17.1,4.3500004,33.07985,2.0,332,0.5782512878417969,False,REGULAR,USD,SMH,put,2026-11-20,0.3835616438356164,16.05,0.0009356050847429091,-0.11865415277071767,-108968.11176563214,592.2899780273438,-0.04540186788465472,2026-07-03
SMH261120P00425000,2026-07-01 19:21:36+00:00,425.0,14.06,15.55,18.0,0.0,0.0,2.0,28,0.5733380068969728,False,REGULAR,USD,SMH,put,2026-11-20,0.3835616438356164,16.775,0.000973026838252902,-0.12394619505339755,-9557.660919573296,592.2899780273438,-0.04540186788465472,2026-07-03
SMH261120P00430000,2026-06-30 19:09:44+00:00,430.0,12.11,16.6,18.9,0.0,0.0,4.0,170,0.5711712805175782,False,REGULAR,USD,SMH,put,2026-11-20,0.3835616438356164,17.75,0.0010107427516526939,-0.1301973701956216,-60277.929357122615,592.2899780273438,-0.04540186788465472,2026-07-03
SMH261120P00435000,2026-07-02 15:34:25+00:00,435.0,19.6,17.55,19.85,3.63,22.73012,8.0,126,0.5682416223144531,False,REGULAR,USD,SMH,put,2026-11-20,0.3835616438356164,18.700000000000003,0.0010490653511203477,-0.13640993403881518,-46370.50830908226,592.2899780273438,-0.04540186788465472,2026-07-03
SMH261120P00440000,2026-07-02 15:33:31+00:00,440.0,19.25,17.55,22.0,2.6499996,15.963852,7.0,157,0.5663648100280763,False,REGULAR,USD,SMH,put,2026-11-20,0.3835616438356164,19.775,0.0010873852740810987,-0.14310357822735964,-59889.662810572045,592.2899780273438,-0.04540186788465472,2026-07-03
SMH261120P00445000,2026-06-25 17:44:24+00:00,445.0,16.89,19.2,21.85,0.0,0.0,4.0,38,0.5603986831665039,False,REGULAR,USD,SMH,put,2026-11-20,0.3835616438356164,20.525,0.001128207203773979,-0.14880758516422166,-15039.771335819047,592.2899780273438,-0.04540186788465472,2026-07-03
SMH261120P00450000,2026-06-25 19:35:47+00:00,450.0,18.33,20.25,22.95,0.0,0.0,7.0,292,0.5577436804199221,False,REGULAR,USD,SMH,put,2026-11-20,0.3835616438356164,21.6,0.001167892440034018,-0.15564368762512626,-119633.9567903237,592.2899780273438,-0.04540186788465472,2026-07-03
SMH261120P00455000,2026-07-02 17:26:45+00:00,455.0,24.05,21.3,24.05,3.2999992,15.903611,2.0,765,0.5546766944885255,False,REGULAR,USD,SMH,put,2026-11-20,0.3835616438356164,22.675,0.0012082081277930898,-0.1625449253482386,-324244.0059602539,592.2899780273438,-0.04540186788465472,2026-07-03
SMH261120P00460000,2026-07-02 18:27:18+00:00,460.0,25.63,22.4,25.2,5.74,28.85872,3.0,31,0.5517470362854004,False,REGULAR,USD,SMH,put,2026-11-20,0.3835616438356164,23.799999999999997,0.0012487557007788194,-0.16966887156784372,-13580.255658965893,592.2899780273438,-0.04540186788465472,2026-07-03
SMH261120P00465000,2026-07-01 18:47:27+00:00,465.0,21.66,23.5,26.4,0.62999916,2.9957163,2.0,289,0.548680050354004,False,REGULAR,USD,SMH,put,2026-11-20,0.3835616438356164,24.95,0.0012897314520148642,-0.17693830563354207,-130757.28723857497,592.2899780273438,-0.04540186788465472,2026-07-03
SMH261120P00470000,2026-07-02 18:27:18+00:00,470.0,27.88,24.7,27.65,8.799999,46.12159,1.0,75,0.5459792716979981,False,REGULAR,USD,SMH,put,2026-11-20,0.3835616438356164,26.174999999999997,0.0013305374105351665,-0.18449271510563103,-35007.179522816696,592.2899780273438,-0.04540186788465472,2026-07-03
SMH261120P00475000,2026-07-02 17:26:45+00:00,475.0,29.05,26.15,28.95,8.099998,38.663475,3.0,182,0.5443160803222657,False,REGULAR,USD,SMH,put,2026-11-20,0.3835616438356164,27.549999999999997,0.0013700605855975069,-0.19250617730591157,-87474.1898276007,592.2899780273438,-0.04540186788465472,2026-07-03
SMH261120P00480000,2026-07-02 17:38:32+00:00,480.0,30.87,27.2,30.25,6.9300003,28.947369,6.0,261,0.540364093475342,False,REGULAR,USD,SMH,put,2026-11-20,0.3835616438356164,28.725,0.0014127845465735289,-0.20008843734529513,-129355.5930585646,592.2899780273438,-0.04540186788465472,2026-07-03
SMH261120P00485000,2026-07-02 19:19:09+00:00,485.0,32.38,28.55,31.65,7.5700016,30.511898,6.0,172,0.5378921943664552,False,REGULAR,USD,SMH,put,2026-11-20,0.3835616438356164,30.1,0.0014534537916063692,-0.20824384632274628,-87699.76797021477,592.2899780273438,-0.04540186788465472,2026-07-03
SMH261120P00490000,2026-07-02 16:29:37+00:00,490.0,32.3,30.15,33.05,5.7699986,21.748957,3.0,1337,0.5361679684448243,False,REGULAR,USD,SMH,put,2026-11-20,0.3835616438356164,31.599999999999998,0.0014926687657202875,-0.21675899597946457,-700105.7116623783,592.2899780273438,-0.04540186788465472,2026-07-03
SMH261120P00495000,2026-07-02 15:33:19+00:00,495.0,32.05,31.55,34.55,9.099998,39.65141,10.0,42,0.5335740002441407,False,REGULAR,USD,SMH,put,2026-11-20,0.3835616438356164,33.05,0.0015331879051576828,-0.2252263650054489,-22589.85499793484,592.2899780273438,-0.04540186788465472,2026-07-03
SMH261120P00500000,2026-07-02 17:38:32+00:00,500.0,36.87,33.2,35.95,7.699999,26.396978,140.0,983,0.5312394288635254,False,REGULAR,USD,SMH,put,2026-11-20,0.3835616438356164,34.575,0.0015729713944156428,-0.23392534369675833,-542429.263004702,592.2899780273438,-0.04540186788465472,2026-07-03
SMH261120P00505000,2026-07-02 17:26:16+00:00,505.0,37.95,34.2,38.5,12.190001,47.32143,11.0,36,0.5306290834045411,False,REGULAR,USD,SMH,put,2026-11-20,0.3835616438356164,36.35,0.0016085305036814164,-0.2431645464163703,-20314.23958389378,592.2899780273438,-0.04540186788465472,2026-07-03
SMH261120P00510000,2026-07-02 17:32:14+00:00,510.0,40.2,36.15,39.25,13.070002,48.17546,261.0,611,0.5260667510986328,False,REGULAR,USD,SMH,put,2026-11-20,0.3835616438356164,37.7,0.0016527074888939512,-0.2517097491077279,-354246.83072099363,592.2899780273438,-0.04540186788465472,2026-07-03
SMH261120P00515000,2026-06-29 14:50:49+00:00,515.0,35.38,37.5,40.9,0.0,0.0,3.0,137,0.5224046783447265,False,REGULAR,USD,SMH,put,2026-11-20,0.3835616438356164,39.2,0.0016948209460889586,-0.2606382344005469,-81454.13914619264,592.2899780273438,-0.04540186788465472,2026-07-03
SMH261120P00520000,2026-07-02 20:04:23+00:00,520.0,42.0,39.25,42.65,2.0,5.0,7.0,539,0.5204210556030272,False,REGULAR,USD,SMH,put,2026-11-20,0.3835616438356164,40.95,0.001732241040433242,-0.27006525133765735,-327541.140704063,592.2899780273438,-0.04540186788465472,2026-07-03
SMH261120P00525000,2026-07-02 19:05:11+00:00,525.0,45.62,41.15,44.4,9.989998,28.038162,1.0,42,0.5186205364990235,False,REGULAR,USD,SMH,put,2026-11-20,0.3835616438356164,42.775,0.0017684451637907006,-0.2796666437829438,-26056.11464024851,592.2899780273438,-0.04540186788465472,2026-07-03
SMH261120P00530000,2026-07-02 16:34:16+00:00,530.0,48.0,42.95,46.2,10.18,26.916975,7.0,17,0.5162554478454588,False,REGULAR,USD,SMH,put,2026-11-20,0.3835616438356164,44.575,0.0018055604557618615,-0.2893131164616033,-10767.86802818696,592.2899780273438,-0.04540186788465472,2026-07-03
SMH261120P00535000,2026-06-25 18:48:02+00:00,535.0,38.23,44.5,48.1,0.0,0.0,8.0,173,0.5129290650939942,False,REGULAR,USD,SMH,put,2026-11-20,0.3835616438356164,46.3,0.001845050125041365,-0.2989686106884052,-111975.50781008082,592.2899780273438,-0.04540186788465472,2026-07-03
SMH261120P00540000,2026-07-02 15:34:25+00:00,540.0,46.53,46.65,50.0,6.8799973,17.351822,9.0,51,0.5115252705383302,False,REGULAR,USD,SMH,put,2026-11-20,0.3835616438356164,48.325,0.001877636926924136,-0.3090368588559025,-33593.137082920635,592.2899780273438,-0.04540186788465472,2026-07-03
SMH261120P00545000,2026-06-25 16:52:06+00:00,545.0,41.2,48.35,52.0,0.0,0.0,4.0,25,0.5084277673339843,False,REGULAR,USD,SMH,put,2026-11-20,0.3835616438356164,50.175,0.001915023715854289,-0.3190255927287693,-16795.113132619612,592.2899780273438,-0.04540186788465472,2026-07-03
SMH261120P00550000,2026-07-02 16:42:10+00:00,550.0,54.04,50.6,54.0,17.61,48.339283,2.0,172,0.5070087141418458,False,REGULAR,USD,SMH,put,2026-11-20,0.3835616438356164,52.3,0.0019456403613617975,-0.3293250132883617,-117397.75232642955,592.2899780273438,-0.04540186788465472,2026-07-03
SMH261120P00555000,2026-06-25 15:10:26+00:00,555.0,45.1,52.45,56.1,0.0,0.0,2.0,78,0.5041095732116698,False,REGULAR,USD,SMH,put,2026-11-20,0.3835616438356164,54.275000000000006,0.0019806112431047245,-0.3396087664681916,-54195.42307898257,592.2899780273438,-0.04540186788465472,2026-07-03
SMH261120P00560000,2026-07-02 19:31:30+00:00,560.0,59.33,54.75,58.25,9.09,18.093153,2.0,139,0.5026523734283448,False,REGULAR,USD,SMH,put,2026-11-20,0.3835616438356164,56.5,0.002009097441297353,-0.3501127078372108,-97968.0737589825,592.2899780273438,-0.04540186788465472,2026-07-03
SMH261120P00565000,2026-07-01 19:07:25+00:00,565.0,49.05,56.55,60.45,0.0,0.0,5.0,53,0.5131274273681641,False,REGULAR,USD,SMH,put,2026-11-20,0.3835616438356164,58.5,0.001989634354344654,-0.36106756907624304,-36992.860009976066,592.2899780273438,-0.04540186788465472,2026-07-03
SMH261120P00570000,2026-06-30 17:45:24+00:00,570.0,51.85,59.15,63.5,9.189999,21.542425,1.0,206,0.5012714668273928,False,REGULAR,USD,SMH,put,2026-11-20,0.3835616438356164,61.325,0.0020558619795835024,-0.37137733468503487,-148569.5963916802,592.2899780273438,-0.04540186788465472,2026-07-03
SMH261120P00575000,2026-07-02 15:55:12+00:00,575.0,61.72,61.05,65.05,3.7200012,6.413795,1.0,15,0.5092288457489015,False,REGULAR,USD,SMH,put,2026-11-20,0.3835616438356164,63.05,0.0020415775896246713,-0.3819833724988839,-10743.008445137033,592.2899780273438,-0.04540186788465472,2026-07-03
SMH261120P00580000,2026-07-02 16:06:52+00:00,580.0,66.85,63.45,67.4,13.5,25.304592,10.0,38,0.5071002659606934,False,REGULAR,USD,SMH,put,2026-11-20,0.3835616438356164,65.42500000000001,0.0020664377110392674,-0.3925622971667736,-27547.023764590413,592.2899780273438,-0.04540186788465472,2026-07-03
SMH261120P00585000,2026-06-30 17:55:03+00:00,585.0,48.13,65.7,69.85,0.0,0.0,4.0,16,0.5052997468566895,False,REGULAR,USD,SMH,put,2026-11-20,0.3835616438356164,67.775,0.002088656624717779,-0.4032001871636227,-11723.459804087239,592.2899780273438,-0.04540186788465472,2026-07-03
SMH261120P00590000,2026-07-02 18:03:00+00:00,590.0,75.0,68.45,72.3,16.400002,27.986351,2.0,287,0.5031635377502441,False,REGULAR,USD,SMH,put,2026-11-20,0.3835616438356164,70.375,0.002110954033882828,-0.4139186932492933,-212534.50194247265,592.2899780273438,-0.04540186788465472,2026-07-03
SMH261120P00595000,2026-06-29 14:03:27+00:00,595.0,74.93,70.65,74.85,8.440002,12.693642,1.0,89,0.5013477600097658,True,REGULAR,USD,SMH,put,2026-11-20,0.3835616438356164,72.75,0.002130509274213154,-0.42467084050206816,-66518.46273212998,592.2899780273438,-0.04540186788465472,2026-07-03
SMH261120P00600000,2026-07-02 17:10:27+00:00,600.0,78.45,73.3,77.25,23.549995,42.896168,9.0,541,0.4981739636230469,True,REGULAR,USD,SMH,put,2026-11-20,0.3835616438356164,75.275,0.0021546317617050213,-0.4356238302783422,-408920.69562340813,592.2899780273438,-0.04540186788465472,2026-07-03
SMH261120P00605000,2026-07-01 13:59:41+00:00,605.0,81.23,75.75,80.05,19.780003,32.188778,1.0,49,0.4973805145263672,True,REGULAR,USD,SMH,put,2026-11-20,0.3835616438356164,77.9,0.0021667943009310788,-0.4463454932997063,-37246.2481958959,592.2899780273438,-0.04540186788465472,2026-07-03
SMH261120P00610000,2026-07-02 15:17:03+00:00,610.0,80.24,78.4,82.75,11.939995,17.481691,4.0,58,0.49555710746765136,True,REGULAR,USD,SMH,put,2026-11-20,0.3835616438356164,80.575,0.0021820134432433244,-0.4572169229790676,-44397.057128863285,592.2899780273438,-0.04540186788465472,2026-07-03
SMH261120P00615000,2026-06-29 18:34:19+00:00,615.0,68.24,81.1,85.5,0.0,0.0,1.0,55,0.49373370040893566,True,REGULAR,USD,SMH,put,2026-11-20,0.3835616438356164,83.3,0.0021957101451761164,-0.4681120624670235,-42364.92737746061,592.2899780273438,-0.04540186788465472,2026-07-03
SMH261120P00620000,2026-06-25 19:19:41+00:00,620.0,72.56,83.9,88.35,0.0,0.0,5.0,63,0.4922383540344239,True,REGULAR,USD,SMH,put,2026-11-20,0.3835616438356164,86.125,0.002206367921245767,-0.4789571029999563,-48762.6447274029,592.2899780273438,-0.04540186788465472,2026-07-03
SMH261120P00625000,2026-06-26 16:02:44+00:00,625.0,81.0,86.7,91.2,0.0,0.0,2.0,8,0.49040731765747075,True,REGULAR,USD,SMH,put,2026-11-20,0.3835616438356164,88.95,0.002216977122454766,-0.4898734559705087,-6221.856162017851,592.2899780273438,-0.04540186788465472,2026-07-03
SMH261120P00630000,2026-06-25 17:10:35+00:00,630.0,75.0,89.55,94.1,0.0,0.0,2.0,20,0.4885762812805176,True,REGULAR,USD,SMH,put,2026-11-20,0.3835616438356164,91.82499999999999,0.002225998452164037,-0.5007932093460394,-15617.935392702273,592.2899780273438,-0.04540186788465472,2026-07-03
SMH261120P00635000,2026-06-30 14:07:11+00:00,635.0,70.48,92.5,97.05,0.0,0.0,9.0,28,0.4867528742218018,True,REGULAR,USD,SMH,put,2026-11-20,0.3835616438356164,94.775,0.002233379429772653,-0.5117074030500363,-21937.609997319425,592.2899780273438,-0.04540186788465472,2026-07-03
SMH261120P00640000,2026-07-01 13:30:12+00:00,640.0,79.0,95.5,100.1,0.0,0.0,5.0,16,0.4852651571655273,True,REGULAR,USD,SMH,put,2026-11-20,0.3835616438356164,97.8,0.0022376222420222914,-0.522512471025499,-12559.59170149592,592.2899780273438,-0.04540186788465472,2026-07-03
SMH261120P00645000,2026-07-01 13:30:00+00:00,645.0,82.65,98.5,103.15,0.0,0.0,1.0,37,0.4834493794250489,True,REGULAR,USD,SMH,put,2026-11-20,0.3835616438356164,100.825,0.0022417260025730064,-0.5333885196525259,-29097.322106506996,592.2899780273438,-0.04540186788465472,2026-07-03
SMH261120P00650000,2026-07-02 16:06:53+00:00,650.0,103.2,102.1,106.3,16.449997,18.962532,4.0,136,0.4819921796417237,True,REGULAR,USD,SMH,put,2026-11-20,0.3835616438356164,104.19999999999999,0.002242598230503513,-0.5441190412740761,-106993.93292203273,592.2899780273438,-0.04540186788465472,2026-07-03
SMH261120P00655000,2026-06-18 16:37:33+00:00,655.0,80.5,104.7,109.45,0.0,0.0,1.0,12,0.48019928985595706,True,REGULAR,USD,SMH,put,2026-11-20,0.3835616438356164,107.075,0.0022433379227519965,-0.5549228459870407,-9443.755014513657,592.2899780273438,-0.04540186788465472,2026-07-03
SMH261120P00660000,2026-07-01 18:12:31+00:00,660.0,94.88,108.0,112.7,0.0,0.0,2.0,12,0.47876497802734375,True,REGULAR,USD,SMH,put,2026-11-20,0.3835616438356164,110.35,0.0022408853429297547,-0.5655513592064164,-9433.430416172994,592.2899780273438,-0.04540186788465472,2026-07-03
SMH261120P00665000,2026-06-30 16:57:10+00:00,665.0,84.2,111.1,115.95,0.0,0.0,1.0,13,0.47701023483276367,True,REGULAR,USD,SMH,put,2026-11-20,0.3835616438356164,113.525,0.002238207015973037,-0.5762473055491484,-10207.335116983053,592.2899780273438,-0.04540186788465472,2026-07-03
SMH261120P00670000,2026-06-25 16:06:26+00:00,670.0,96.98,114.55,119.5,0.0,0.0,1.0,28,0.4770254934692383,True,REGULAR,USD,SMH,put,2026-11-20,0.3835616438356164,117.025,0.002226541035372425,-0.5861458217905244,-21870.43913178704,592.2899780273438,-0.04540186788465472,2026-07-03
SMH261120P00675000,2026-06-30 18:32:32+00:00,675.0,88.15,118.0,122.5,0.0,0.0,13.0,22,0.47284462707519537,True,REGULAR,USD,SMH,put,2026-11-20,0.3835616438356164,120.25,0.0022306530734729924,-0.5977608799656238,-17215.65219700941,592.2899780273438,-0.04540186788465472,2026-07-03
SMH261120P00680000,2026-06-30 19:54:11+00:00,680.0,89.3,121.05,126.0,0.0,0.0,5.0,7,0.47186807434082034,True,REGULAR,USD,SMH,put,2026-11-20,0.3835616438356164,123.525,0.002219952251201082,-0.6079296624609407,-5451.430022403101,592.2899780273438,-0.04540186788465472,2026-07-03
SMH261120P00685000,2026-06-30 17:07:41+00:00,685.0,94.5,124.55,129.5,0.0,0.0,2.0,3,0.47058634887695316,True,REGULAR,USD,SMH,put,2026-11-20,0.3835616438356164,127.025,0.0022090045958787713,-0.6181421302165722,-2324.8055963657976,592.2899780273438,-0.04540186788465472,2026-07-03
SMH261120P00690000,2026-06-22 15:19:04+00:00,690.0,95.55,128.05,133.0,0.0,0.0,4.0,13,0.4689689334106446,True,REGULAR,USD,SMH,put,2026-11-20,0.3835616438356164,130.525,0.0021978459802678057,-0.6284252049309135,-10023.268757539212,592.2899780273438,-0.04540186788465472,2026-07-03
SMH261120P00695000,2026-06-23 14:11:30+00:00,695.0,114.4,131.55,136.5,0.0,0.0,1.0,11,0.4670463452148438,True,REGULAR,USD,SMH,put,2026-11-20,0.3835616438356164,134.025,0.002186265848804557,-0.638776045011705,-8436.541054010413,592.2899780273438,-0.04540186788465472,2026-07-03
SMH261120P00700000,2026-06-25 15:10:26+00:00,700.0,117.0,135.5,140.0,0.0,0.0,2.0,10,0.46477280838012697,True,REGULAR,USD,SMH,put,2026-11-20,0.3835616438356164,137.75,0.0021743226322676313,-0.6492298763443163,-7627.685086805208,592.2899780273438,-0.04540186788465472,2026-07-03
SMH261120P00705000,2026-06-23 14:38:01+00:00,705.0,121.71,139.05,144.0,0.0,0.0,6.0,7,0.4659629820251466,True,REGULAR,USD,SMH,put,2026-11-20,0.3835616438356164,141.525,0.002149212552417314,-0.657698748934921,-5277.717944804609,592.2899780273438,-0.04540186788465472,2026-07-03
SMH261120P00710000,2026-06-22 15:32:40+00:00,710.0,107.45,142.55,147.5,0.0,0.0,21.0,42,0.4630485824584961,True,REGULAR,USD,SMH,put,2026-11-20,0.3835616438356164,145.025,0.0021365045128297244,-0.6682918364097108,-31479.068537455732,592.2899780273438,-0.04540186788465472,2026-07-03
SMH261120P00715000,2026-06-22 15:33:40+00:00,715.0,110.2,146.5,151.0,0.0,0.0,31.0,32,0.4597984928894043,True,REGULAR,USD,SMH,put,2026-11-20,0.3835616438356164,148.75,0.0021229991229635564,-0.6790131277886058,-23832.442908645855,592.2899780273438,-0.04540186788465472,2026-07-03
SMH261120P00720000,2026-06-22 15:32:40+00:00,720.0,113.4,150.05,155.0,0.0,0.0,0.0,4,0.46010366561889654,True,REGULAR,USD,SMH,put,2026-11-20,0.3835616438356164,152.525,0.002097487379902124,-0.687543444989897,-2943.25652872518,592.2899780273438,-0.04540186788465472,2026-07-03
SMH261120P00725000,2026-06-22 15:32:40+00:00,725.0,116.6,154.0,158.5,0.0,0.0,4.0,25,0.4561516787719727,True,REGULAR,USD,SMH,put,2026-11-20,0.3835616438356164,156.25,0.0020826292019474214,-0.6984994591331293,-18265.044328393924,592.2899780273438,-0.04540186788465472,2026-07-03
SMH261120P00730000,2026-06-22 15:13:27+00:00,730.0,119.4,157.55,162.5,0.0,0.0,0.0,2,0.45586176467895506,True,REGULAR,USD,SMH,put,2026-11-20,0.3835616438356164,160.025,0.0020565537672306003,-0.7071039182005525,-1442.9086344153072,592.2899780273438,-0.04540186788465472,2026-07-03
SMH261120P00735000,2026-06-22 15:52:03+00:00,735.0,122.9,161.55,166.5,0.0,0.0,0.0,7,0.45531245376586915,True,REGULAR,USD,SMH,put,2026-11-20,0.3835616438356164,164.025,0.0020303021643709902,-0.7157114881135361,-4985.715421317624,592.2899780273438,-0.04540186788465472,2026-07-03
SMH261120P00795000,2026-06-23 18:51:48+00:00,795.0,195.27,211.0,215.5,0.0,0.0,0.0,1,0.4336757072448731,True,REGULAR,USD,SMH,put,2026-11-20,0.3835616438356164,213.25,0.0016658755947899873,-0.8171334024784268,-584.4015162368187,592.2899780273438,-0.04540186788465472,2026-07-03
SMH261120P00800000,2026-06-23 17:35:39+00:00,800.0,193.78,215.05,220.0,0.0,0.0,1.0,1,0.43411820770263676,True,REGULAR,USD,SMH,put,2026-11-20,0.3835616438356164,217.525,0.0016308083493661567,-0.8229375504003151,-572.0996664108004,592.2899780273438,-0.04540186788465472,2026-07-03
SMH261120P00870000,2026-06-16 18:05:13+00:00,870.0,249.99,278.05,283.0,0.0,0.0,0.0,1,0.41174904663085937,True,REGULAR,USD,SMH,put,2026-11-20,0.3835616438356164,280.525,0.0011050826029866156,-0.9066038621609851,-387.6711747096123,592.2899780273438,-0.04540186788465472,2026-07-03
SMH261218C00110000,2026-05-06 19:50:34+00:00,110.0,440.2,487.05,492.0,0.0,0.0,2.0,7,1.6354998693847653,True,REGULAR,USD,SMH,call,2026-12-18,0.4602739726027397,489.525,6.853813162574371e-05,0.9816298235051918,168.3057949655654,592.2899780273438,-0.04540186788465472,2026-07-03
SMH261218C00120000,2026-06-08 14:03:00+00:00,120.0,473.3,473.5,478.45,0.0,0.0,3.0,203,1.3437532812499997,True,REGULAR,USD,SMH,call,2026-12-18,0.4602739726027397,475.975,6.185306656853612e-05,0.9870346062813308,4404.798460292342,592.2899780273438,-0.04540186788465472,2026-07-03
SMH261218C00130000,2026-04-24 15:14:58+00:00,130.0,379.47,467.55,472.5,0.0,0.0,1.0,40,1.4964624786376952,True,REGULAR,USD,SMH,call,2026-12-18,0.4602739726027397,470.025,8.634656203779244e-05,0.9782792577050077,1211.640579513596,592.2899780273438,-0.04540186788465472,2026-07-03
SMH261218C00135000,2026-05-11 15:15:01+00:00,135.0,441.77,497.15,501.45,0.0,0.0,2.0,19,2.522464631347656,True,REGULAR,USD,SMH,call,2026-12-18,0.4602739726027397,499.29999999999995,8.805746396535484e-05,0.9582295708278387,586.933019936815,592.2899780273438,-0.04540186788465472,2026-07-03
SMH261218C00150000,2026-05-11 15:08:03+00:00,150.0,427.69,482.6,487.5,0.0,0.0,12.0,36,2.352482146148681,True,REGULAR,USD,SMH,call,2026-12-18,0.4602739726027397,485.05,0.00010464346988938845,0.9525440095950093,1321.5493976383032,592.2899780273438,-0.04540186788465472,2026-07-03
SMH261218C00160000,2026-06-15 13:32:56+00:00,160.0,488.62,434.55,439.5,0.0,0.0,2.0,48,1.1644328887939455,True,REGULAR,USD,SMH,call,2026-12-18,0.4602739726027397,437.025,9.902581774949747e-05,0.9810093026773229,1667.47158946239,592.2899780273438,-0.04540186788465472,2026-07-03
SMH261218C00165000,2026-05-21 14:38:33+00:00,165.0,401.98,429.55,434.5,0.0,0.0,2.0,36,1.138432042236328,True,REGULAR,USD,SMH,call,2026-12-18,0.4602739726027397,432.025,0.00010346804152571796,0.9805273890101555,1306.7048340203562,592.2899780273438,-0.04540186788465472,2026-07-03
SMH261218C00175000,2026-06-04 14:02:23+00:00,175.0,439.25,420.05,425.0,0.0,0.0,2.0,31,1.1119429168701174,True,REGULAR,USD,SMH,call,2026-12-18,0.4602739726027397,422.525,0.00011659859147084075,0.9781923490838642,1268.0131755649118,592.2899780273438,-0.04540186788465472,2026-07-03
SMH261218C00180000,2026-06-10 17:29:59+00:00,180.0,398.2,415.5,420.45,0.0,0.0,1.0,31,1.1072432333374023,True,REGULAR,USD,SMH,call,2026-12-18,0.4602739726027397,417.975,0.00012487236004147465,0.9764631711549708,1357.9906566544869,592.2899780273438,-0.04540186788465472,2026-07-03
SMH261218C00190000,2026-07-01 18:12:26+00:00,190.0,436.67,405.55,410.5,0.0,0.0,4.0,143,1.0623826177978517,True,REGULAR,USD,SMH,call,2026-12-18,0.4602739726027397,408.025,0.00013598923717249062,0.9751996317600548,6821.962744455737,592.2899780273438,-0.04540186788465472,2026-07-03
SMH261218C00195000,2026-05-11 15:16:32+00:00,195.0,383.11,439.2,443.5,0.0,0.0,4.0,60,1.9408877467346193,True,REGULAR,USD,SMH,call,2026-12-18,0.4602739726027397,441.35,0.00016208532320125522,0.9352524998574503,3411.644024372294,592.2899780273438,-0.04540186788465472,2026-07-03
SMH261218C00200000,2026-06-01 17:42:59+00:00,200.0,416.48,396.05,401.0,0.0,0.0,2.0,410,1.037053154602051,True,REGULAR,USD,SMH,call,2026-12-18,0.4602739726027397,398.525,0.0001512519571424357,0.972637153355388,21754.726511001754,592.2899780273438,-0.04540186788465472,2026-07-03
SMH261218C00205000,2026-07-01 18:12:26+00:00,205.0,422.14,391.5,396.45,0.0,0.0,4.0,8,1.0315600180053712,True,REGULAR,USD,SMH,call,2026-12-18,0.4602739726027397,393.975,0.00016063748928110458,0.9707716844297679,450.82258288170925,592.2899780273438,-0.04540186788465472,2026-07-03
SMH261218C00210000,2026-05-19 14:18:34+00:00,210.0,325.55,386.55,391.5,0.0,0.0,1.0,72,1.0119067959594727,True,REGULAR,USD,SMH,call,2026-12-18,0.4602739726027397,389.025,0.00016744740400983891,0.9699762688517278,4229.408985371202,592.2899780273438,-0.04540186788465472,2026-07-03
SMH261218C00215000,2026-04-24 15:16:02+00:00,215.0,298.58,386.5,390.7,0.0,0.0,1.0,3,1.1267743856811525,True,REGULAR,USD,SMH,call,2026-12-18,0.4602739726027397,388.6,0.0001966462242847185,0.9583562815798141,206.9548626445711,592.2899780273438,-0.04540186788465472,2026-07-03
SMH261218C00220000,2026-05-22 15:51:53+00:00,220.0,365.87,377.05,382.0,0.0,0.0,1.0,2847,0.9869386071777344,True,REGULAR,USD,SMH,call,2026-12-18,0.4602739726027397,379.525,0.00018462685635232913,0.9672175657399597,184395.83632103034,592.2899780273438,-0.04540186788465472,2026-07-03
SMH261218C00230000,2026-05-18 15:28:20+00:00,230.0,323.1,367.55,372.5,0.0,0.0,5.0,328,0.9622806506347656,True,REGULAR,USD,SMH,call,2026-12-18,0.4602739726027397,370.025,0.00020288003038859294,0.9643482064448698,23344.35684156458,592.2899780273438,-0.04540186788465472,2026-07-03
SMH261218C00240000,2026-05-26 14:56:21+00:00,240.0,368.88,358.05,363.0,0.0,0.0,1.0,184,0.9379278668212891,True,REGULAR,USD,SMH,call,2026-12-18,0.4602739726027397,360.525,0.00022227757710314248,0.96136470408521,14347.698617053933,592.2899780273438,-0.04540186788465472,2026-07-03
SMH261218C00250000,2026-06-05 16:28:38+00:00,250.0,344.93,348.55,353.5,0.0,0.0,10.0,305,0.9138802557373047,True,REGULAR,USD,SMH,call,2026-12-18,0.4602739726027397,351.025,0.00024289976305320288,0.9582622016006196,25989.366811706066,592.2899780273438,-0.04540186788465472,2026-07-03
SMH261218C00260000,2026-05-13 19:49:54+00:00,260.0,322.62,377.15,380.8,0.0,0.0,1.0,216,1.5382713516235351,True,REGULAR,USD,SMH,call,2026-12-18,0.4602739726027397,378.975,0.00026709904699327806,0.9079695743286417,20239.270641742725,592.2899780273438,-0.04540186788465472,2026-07-03
SMH261218C00270000,2026-05-21 14:18:31+00:00,270.0,301.98,329.55,334.5,0.0,0.0,13.0,375,0.8666395172119141,True,REGULAR,USD,SMH,call,2026-12-18,0.4602739726027397,332.025,0.00028817079981840397,0.9516832015834948,37909.67034297421,592.2899780273438,-0.04540186788465472,2026-07-03
SMH261218C00275000,2026-07-01 15:09:47+00:00,275.0,359.08,325.05,330.0,0.0,0.0,2.0,113,0.8606581317138673,True,REGULAR,USD,SMH,call,2026-12-18,0.4602739726027397,327.525,0.00030186628460147284,0.9492314343494608,11966.35330514284,592.2899780273438,-0.04540186788465472,2026-07-03
SMH261218C00280000,2026-05-28 15:41:18+00:00,280.0,331.0,320.5,325.45,0.0,0.0,1.0,1094,0.8533034689331055,True,REGULAR,USD,SMH,call,2026-12-18,0.4602739726027397,322.975,0.00031557137233086916,0.9468905582930689,121111.02750911674,592.2899780273438,-0.04540186788465472,2026-07-03
SMH261218C00285000,2026-06-08 16:27:35+00:00,285.0,328.05,316.0,320.5,0.0,0.0,2.0,166,0.8421036297607423,True,REGULAR,USD,SMH,call,2026-12-18,0.4602739726027397,318.25,0.00032870011330307945,0.9450096103826533,19141.532719239196,592.2899780273438,-0.04540186788465472,2026-07-03
SMH261218C00290000,2026-07-02 14:34:10+00:00,290.0,328.0,311.1,316.0,28.98999,9.695324,1.0,1931,0.8314225842285154,True,REGULAR,USD,SMH,call,2026-12-18,0.4602739726027397,313.55,0.0003423640592524763,0.9430251230248557,231920.5375687534,592.2899780273438,-0.04540186788465472,2026-07-03
SMH261218C00300000,2026-06-30 14:01:05+00:00,300.0,358.0,302.0,306.95,0.0,0.0,1.0,589,0.8164691204833983,True,REGULAR,USD,SMH,call,2026-12-18,0.4602739726027397,304.475,0.00037251808682110663,0.9379996106476843,76971.76174316807,592.2899780273438,-0.04540186788465472,2026-07-03
SMH261218C00305000,2026-06-01 17:07:27+00:00,305.0,314.85,297.5,302.0,0.0,0.0,1.0,4,0.805269281311035,True,REGULAR,USD,SMH,call,2026-12-18,0.4602739726027397,299.75,0.0003873629867521317,0.9359556641895697,543.5592369561235,592.2899780273438,-0.04540186788465472,2026-07-03
SMH261218C00310000,2026-06-16 15:51:37+00:00,310.0,325.51,293.0,297.5,0.0,0.0,1.0,157,0.7982197912597657,True,REGULAR,USD,SMH,call,2026-12-18,0.4602739726027397,295.25,0.00040362131051396686,0.9332304827542162,22230.155921754587,592.2899780273438,-0.04540186788465472,2026-07-03
SMH261218C00315000,2026-06-02 17:54:05+00:00,315.0,321.92,288.05,293.0,0.0,0.0,1.0,12,0.7870199520874023,True,REGULAR,USD,SMH,call,2026-12-18,0.4602739726027397,290.525,0.0004194242423755715,0.9310985008204802,1765.6456265330921,592.2899780273438,-0.04540186788465472,2026-07-03
SMH261218C00320000,2026-06-29 18:25:51+00:00,320.0,322.86,283.55,288.5,0.0,0.0,1.0,1385,0.7797568411254883,True,REGULAR,USD,SMH,call,2026-12-18,0.4602739726027397,286.025,0.000436569338370151,0.9282834971670493,212115.19092797916,592.2899780273438,-0.04540186788465472,2026-07-03
SMH261218C00325000,2026-05-04 19:30:52+00:00,325.0,198.64,283.9,288.1,0.0,0.0,1.0,25,0.8432327688598632,True,REGULAR,USD,SMH,call,2026-12-18,0.4602739726027397,286.0,0.0004623220140334878,0.9142387439584146,4054.649801519109,592.2899780273438,-0.04540186788465472,2026-07-03
SMH261218C00330000,2026-06-16 15:53:13+00:00,330.0,310.07,274.55,279.5,0.0,0.0,1.0,207,0.7648033773803712,True,REGULAR,USD,SMH,call,2026-12-18,0.4602739726027397,277.025,0.0004721874757929853,0.9225134874238399,34288.90193034051,592.2899780273438,-0.04540186788465472,2026-07-03
SMH261218C00335000,2026-06-29 19:59:04+00:00,335.0,310.01,270.05,275.0,0.0,0.0,1.0,42,0.7571130245971681,True,REGULAR,USD,SMH,call,2026-12-18,0.4602739726027397,272.525,0.0004906987895418388,0.9195586287062394,7229.912567221986,592.2899780273438,-0.04540186788465472,2026-07-03
SMH261218C00340000,2026-05-27 16:34:35+00:00,340.0,265.85,265.55,270.5,0.0,0.0,30.0,515,0.7493311199951171,True,REGULAR,USD,SMH,call,2026-12-18,0.4602739726027397,268.025,0.0005097138419495198,0.9165480462454652,92087.86937758654,592.2899780273438,-0.04540186788465472,2026-07-03
SMH261218C00350000,2026-06-30 17:03:15+00:00,350.0,317.32,257.0,261.5,0.0,0.0,16.0,574,0.73672748626709,True,REGULAR,USD,SMH,call,2026-12-18,0.4602739726027397,259.25,0.000549653153616241,0.9097549677803243,110680.05969799483,592.2899780273438,-0.04540186788465472,2026-07-03
SMH261218C00355000,2026-05-19 17:03:22+00:00,355.0,212.72,252.5,257.45,0.0,0.0,4.0,11,0.7317226535034179,True,REGULAR,USD,SMH,call,2026-12-18,0.4602739726027397,254.975,0.0005704387058740535,0.9059846616822804,2201.2554253337935,592.2899780273438,-0.04540186788465472,2026-07-03
SMH261218C00360000,2026-06-25 13:54:03+00:00,360.0,276.99,248.05,253.0,0.0,0.0,1.0,448,0.7240628179931641,True,REGULAR,USD,SMH,call,2026-12-18,0.4602739726027397,250.525,0.000591557578118404,0.9026254888587661,92970.20840595025,592.2899780273438,-0.04540186788465472,2026-07-03
SMH261218C00365000,2026-05-29 13:48:49+00:00,365.0,261.49,243.55,248.5,0.0,0.0,1.0,47,0.7156400506591796,True,REGULAR,USD,SMH,call,2026-12-18,0.4602739726027397,246.025,0.0006132566996779802,0.8993331639663726,10111.344973170619,592.2899780273438,-0.04540186788465472,2026-07-03
SMH261218C00370000,2026-06-26 14:26:52+00:00,370.0,266.17,239.5,244.45,0.0,0.0,1.0,157,0.713015565185547,True,REGULAR,USD,SMH,call,2026-12-18,0.4602739726027397,241.975,0.0006354594915517466,0.8948160099053866,34999.052852699635,592.2899780273438,-0.04540186788465472,2026-07-03
SMH261218C00375000,2026-06-25 19:15:35+00:00,375.0,273.15,235.0,240.0,0.0,0.0,1.0,37,0.7046385737609864,True,REGULAR,USD,SMH,call,2026-12-18,0.4602739726027397,237.5,0.000658304254390095,0.8913332116953434,8544.706584161906,592.2899780273438,-0.04540186788465472,2026-07-03
SMH261218C00380000,2026-06-10 13:48:10+00:00,380.0,234.35,231.0,235.95,0.0,0.0,20.0,336,0.7017546914672851,True,REGULAR,USD,SMH,call,2026-12-18,0.4602739726027397,233.475,0.0006812628359861397,0.8866566696793067,80301.33099087284,592.2899780273438,-0.04540186788465472,2026-07-03
SMH261218C00385000,2026-04-28 19:11:31+00:00,385.0,138.4,231.5,235.65,0.0,0.0,8.0,23,0.7466761172485351,True,REGULAR,USD,SMH,call,2026-12-18,0.4602739726027397,233.575,0.0006943048452960402,0.8728486287331414,5602.047673057328,592.2899780273438,-0.04540186788465472,2026-07-03
SMH261218C00390000,2026-06-24 18:48:44+00:00,390.0,241.59,222.5,227.5,0.0,0.0,4.0,394,0.6899902827453614,True,REGULAR,USD,SMH,call,2026-12-18,0.4602739726027397,225.0,0.0007291130896589505,0.8781950803177969,100776.6425034016,592.2899780273438,-0.04540186788465472,2026-07-03
SMH261218C00395000,2026-05-11 18:26:32+00:00,395.0,205.16,255.75,259.3,0.0,0.0,1.0,134,1.0574082774353026,True,REGULAR,USD,SMH,call,2026-12-18,0.4602739726027397,257.525,0.0005984615912829946,0.8287054034158645,28132.598597505646,592.2899780273438,-0.04540186788465472,2026-07-03
SMH261218C00400000,2026-07-02 17:19:56+00:00,400.0,210.72,214.35,219.0,-40.100006,-15.987563,3.0,2704,0.6791719094848634,True,REGULAR,USD,SMH,call,2026-12-18,0.4602739726027397,216.675,0.0007787669200853139,0.8691198456910298,738725.2626398177,592.2899780273438,-0.04540186788465472,2026-07-03
SMH261218C00405000,2026-06-04 17:00:53+00:00,405.0,243.65,210.05,215.0,0.0,0.0,6.0,142,0.673602507171631,True,REGULAR,USD,SMH,call,2026-12-18,0.4602739726027397,212.525,0.0008043715076362581,0.8644519559260191,40069.4878305251,592.2899780273438,-0.04540186788465472,2026-07-03
SMH261218C00410000,2026-06-04 17:00:53+00:00,410.0,239.6,206.05,211.0,0.0,0.0,24.0,274,0.6694216407775879,True,REGULAR,USD,SMH,call,2026-12-18,0.4602739726027397,208.525,0.0008299151532028422,0.8593833209035939,79772.46743912953,592.2899780273438,-0.04540186788465472,2026-07-03
SMH261218C00415000,2026-06-17 15:18:59+00:00,415.0,244.09,202.05,207.0,0.0,0.0,3.0,42,0.6649813775634767,True,REGULAR,USD,SMH,call,2026-12-18,0.4602739726027397,204.525,0.0008559195292279884,0.8542547651842658,12611.042645273388,592.2899780273438,-0.04540186788465472,2026-07-03
SMH261218C00420000,2026-06-29 17:12:23+00:00,420.0,223.51,198.05,203.0,-10.410004,-4.450241,2.0,333,0.6603122348022462,True,REGULAR,USD,SMH,call,2026-12-18,0.4602739726027397,200.525,0.0008824092815435141,0.8490585156145192,103082.05533966089,592.2899780273438,-0.04540186788465472,2026-07-03
SMH261218C00425000,2026-06-30 18:18:25+00:00,425.0,251.5,194.05,199.0,0.0,0.0,1.0,122,0.6553989538574221,True,REGULAR,USD,SMH,call,2026-12-18,0.4602739726027397,196.525,0.0009094314249930653,0.8437959670419246,38922.30539403265,592.2899780273438,-0.04540186788465472,2026-07-03
SMH261218C00430000,2026-07-02 19:39:31+00:00,430.0,186.75,190.3,195.0,-38.800003,-17.202394,1.0,365,0.651492742919922,True,REGULAR,USD,SMH,call,2026-12-18,0.4602739726027397,192.65,0.0009362003254312084,0.8382078364154817,119875.4969212553,592.2899780273438,-0.04540186788465472,2026-07-03
SMH261218C00435000,2026-06-08 14:43:06+00:00,435.0,184.55,186.05,191.0,-8.669998,-4.487112,1.0,73,0.6449467878723145,True,REGULAR,USD,SMH,call,2026-12-18,0.4602739726027397,188.525,0.00096517320161342,0.8330411583488163,24717.06407604518,592.2899780273438,-0.04540186788465472,2026-07-03
SMH261218C00440000,2026-06-16 14:39:25+00:00,440.0,180.75,182.5,187.45,-45.25,-20.022123,1.0,78,0.643604027862549,True,REGULAR,USD,SMH,call,2026-12-18,0.4602739726027397,184.975,0.0009905906795446102,0.8266944139643231,27105.511575235665,592.2899780273438,-0.04540186788465472,2026-07-03
SMH261218C00445000,2026-06-11 17:24:45+00:00,445.0,175.17,178.55,183.5,0.0,0.0,2.0,16,0.6382482464599608,True,REGULAR,USD,SMH,call,2026-12-18,0.4602739726027397,181.025,0.0010194112688333477,0.8210402003420357,5721.872562760839,592.2899780273438,-0.04540186788465472,2026-07-03
SMH261218C00450000,2026-07-01 14:34:06+00:00,450.0,200.0,175.0,179.5,-10.0,-4.7619047,5.0,463,0.6342657423400879,True,REGULAR,USD,SMH,call,2026-12-18,0.4602739726027397,177.25,0.0010473660700845505,0.8149891602214403,170117.21329867508,592.2899780273438,-0.04540186788465472,2026-07-03
SMH261218C00455000,2026-06-15 18:11:14+00:00,455.0,221.57,171.05,176.0,0.0,0.0,2.0,95,0.6304663418579101,True,REGULAR,USD,SMH,call,2026-12-18,0.4602739726027397,173.525,0.001075359401588534,0.8087817857130748,35838.18524118117,592.2899780273438,-0.04540186788465472,2026-07-03
SMH261218C00460000,2026-07-02 17:48:11+00:00,460.0,161.83,167.5,172.0,-64.0,-28.339901,7.0,110,0.6259803027343751,True,REGULAR,USD,SMH,call,2026-12-18,0.4602739726027397,169.75,0.001104308854615974,0.8025837576427094,42613.971184561735,592.2899780273438,-0.04540186788465472,2026-07-03
SMH261218C00465000,2026-06-16 14:28:37+00:00,465.0,206.35,163.55,168.5,0.0,0.0,2.0,61,0.62169262588501,True,REGULAR,USD,SMH,call,2026-12-18,0.4602739726027397,166.025,0.0011333021388399615,0.7962225168059631,24251.81863051177,592.2899780273438,-0.04540186788465472,2026-07-03
SMH261218C00470000,2026-07-02 15:44:16+00:00,470.0,168.55,160.1,165.0,-49.23999,-22.60893,51.0,236,0.6192512440490725,True,REGULAR,USD,SMH,call,2026-12-18,0.4602739726027397,162.55,0.0011601394480621485,0.7894031465705919,96048.58375314424,592.2899780273438,-0.04540186788465472,2026-07-03
SMH261218C00475000,2026-07-02 16:20:33+00:00,475.0,158.6,157.25,161.0,-63.97,-28.741518,18.0,214,0.6169166726684571,True,REGULAR,USD,SMH,call,2026-12-18,0.4602739726027397,159.125,0.0011867261316913869,0.782459192820596,89090.8386663931,592.2899780273438,-0.04540186788465472,2026-07-03
SMH261218C00480000,2026-07-01 17:32:13+00:00,480.0,181.06,153.7,157.5,0.0,0.0,1.0,338,0.6134682208251954,True,REGULAR,USD,SMH,call,2026-12-18,0.4602739726027397,155.6,0.0012148016817688418,0.7755971206703183,144042.5672102362,592.2899780273438,-0.04540186788465472,2026-07-03
SMH261218C00485000,2026-07-02 16:47:53+00:00,485.0,151.19,150.2,154.0,-30.259995,-16.676767,22.0,127,0.6099739930725099,True,REGULAR,USD,SMH,call,2026-12-18,0.4602739726027397,152.1,0.0012429747939457748,0.7686254502635392,55377.68683041386,592.2899780273438,-0.04540186788465472,2026-07-03
SMH261218C00490000,2026-07-01 15:32:53+00:00,490.0,178.0,146.75,150.6,0.0,0.0,20.0,112,0.6068001966857912,True,REGULAR,USD,SMH,call,2026-12-18,0.4602739726027397,148.675,0.0012706320029988987,0.7614874602002921,49923.67881661764,592.2899780273438,-0.04540186788465472,2026-07-03
SMH261218C00495000,2026-06-01 19:29:56+00:00,495.0,156.5,143.35,147.2,0.0,0.0,34.0,277,0.6035501071166994,True,REGULAR,USD,SMH,call,2026-12-18,0.4602739726027397,145.27499999999998,0.0012983529165350649,0.7542483587256055,126165.69812753644,592.2899780273438,-0.04540186788465472,2026-07-03
SMH261218C00500000,2026-07-02 19:51:53+00:00,500.0,138.39,140.1,143.7,-30.970001,-18.286491,14.0,2961,0.600238983001709,True,REGULAR,USD,SMH,call,2026-12-18,0.4602739726027397,141.89999999999998,0.0013261062647567223,0.7469049864718708,1377480.635805474,592.2899780273438,-0.04540186788465472,2026-07-03
SMH261218C00505000,2026-07-01 14:27:10+00:00,505.0,171.3,136.65,140.55,0.0,0.0,21.0,207,0.5972177729797363,True,REGULAR,USD,SMH,call,2026-12-18,0.4602739726027397,138.60000000000002,0.0013532092998196185,0.7394113803364042,98266.18314010977,592.2899780273438,-0.04540186788465472,2026-07-03
SMH261218C00510000,2026-07-02 16:56:05+00:00,510.0,131.72,133.4,137.3,-22.880005,-14.799484,6.0,481,0.5942881147766115,True,REGULAR,USD,SMH,call,2026-12-18,0.4602739726027397,135.35000000000002,0.001379956346030748,0.7317999079707604,232851.5818680551,592.2899780273438,-0.04540186788465472,2026-07-03
SMH261218C00515000,2026-06-26 13:30:09+00:00,515.0,153.62,130.2,134.05,0.0,0.0,5.0,367,0.5912821633911134,True,REGULAR,USD,SMH,call,2026-12-18,0.4602739726027397,132.125,0.0014066494253493454,0.724092840003979,181100.94046522045,592.2899780273438,-0.04540186788465472,2026-07-03
SMH261218C00520000,2026-07-01 14:32:01+00:00,520.0,159.1,127.05,130.9,0.0,0.0,2.0,431,0.5885508674621582,True,REGULAR,USD,SMH,call,2026-12-18,0.4602739726027397,128.975,0.0014325124445896064,0.7162543947417453,216593.012570085,592.2899780273438,-0.04540186788465472,2026-07-03
SMH261218C00525000,2026-07-02 19:51:53+00:00,525.0,122.62,123.9,127.8,-29.370003,-19.32364,8.0,33,0.5857280197143554,True,REGULAR,USD,SMH,call,2026-12-18,0.4602739726027397,125.85,0.0014582808212529382,0.7083272311475737,16881.999080995007,592.2899780273438,-0.04540186788465472,2026-07-03
SMH261218C00530000,2026-07-01 14:16:39+00:00,530.0,153.15,120.85,124.7,0.0,0.0,11.0,54,0.5829967237854004,True,REGULAR,USD,SMH,call,2026-12-18,0.4602739726027397,122.775,0.0014835175885246845,0.7002959591878384,28103.164644286662,592.2899780273438,-0.04540186788465472,2026-07-03
SMH261218C00535000,2026-07-02 18:34:47+00:00,535.0,116.38,117.8,121.7,-34.420006,-22.824938,5.0,204,0.5803264624023439,True,REGULAR,USD,SMH,call,2026-12-18,0.4602739726027397,119.75,0.001508246370127478,0.6921675889624286,107937.21904374743,592.2899780273438,-0.04540186788465472,2026-07-03
SMH261218C00540000,2026-07-02 16:56:05+00:00,540.0,113.52,114.05,119.0,-22.69001,-16.658108,1.0,154,0.5760387855529785,True,REGULAR,USD,SMH,call,2026-12-18,0.4602739726027397,116.525,0.0015367018629904917,0.6840369250200475,83019.30758684027,592.2899780273438,-0.04540186788465472,2026-07-03
SMH261218C00545000,2026-07-02 16:31:51+00:00,545.0,111.83,111.9,115.8,-32.020004,-22.2593,14.0,115,0.5752300778198242,True,REGULAR,USD,SMH,call,2026-12-18,0.4602739726027397,113.85,0.001555848034015074,0.6756342098848939,62767.34864833495,592.2899780273438,-0.04540186788465472,2026-07-03
SMH261218C00550000,2026-07-02 15:15:48+00:00,550.0,110.85,108.9,112.9,-21.200005,-16.054527,8.0,2487,0.572292790298462,True,REGULAR,USD,SMH,call,2026-12-18,0.4602739726027397,110.9,0.001580009842653909,0.6672542045967093,1378492.3043183761,592.2899780273438,-0.04540186788465472,2026-07-03
SMH261218C00555000,2026-07-01 14:47:09+00:00,555.0,131.35,106.2,110.05,0.0,0.0,71.0,68,0.5702557623291016,True,REGULAR,USD,SMH,call,2026-12-18,0.4602739726027397,108.125,0.0016012284530920685,0.6587712388531682,38197.151717300134,592.2899780273438,-0.04540186788465472,2026-07-03
SMH261218C00560000,2026-07-02 17:43:35+00:00,560.0,101.32,103.4,107.3,-32.980003,-24.556965,1.0,129,0.5679440789031981,True,REGULAR,USD,SMH,call,2026-12-18,0.4602739726027397,105.35,0.0016226306661400163,0.6502254804983217,73430.78280694352,592.2899780273438,-0.04540186788465472,2026-07-03
SMH261218C00565000,2026-07-01 14:26:46+00:00,565.0,131.33,100.7,104.55,0.0,0.0,10.0,96,0.5656934300231935,True,REGULAR,USD,SMH,call,2026-12-18,0.4602739726027397,102.625,0.0016432693201972853,0.6416129854675536,55341.22247181451,592.2899780273438,-0.04540186788465472,2026-07-03
SMH261218C00570000,2026-07-02 15:45:40+00:00,570.0,105.25,97.9,101.9,-23.149994,-18.02959,51.0,299,0.5631833843231201,True,REGULAR,USD,SMH,call,2026-12-18,0.4602739726027397,99.9,0.0016640672269758981,0.6329302531394786,174546.3710905172,592.2899780273438,-0.04540186788465472,2026-07-03
SMH261218C00575000,2026-07-01 14:26:46+00:00,575.0,125.39,95.4,99.25,0.0,0.0,2.0,356,0.5613752359008789,True,REGULAR,USD,SMH,call,2026-12-18,0.4602739726027397,97.325,0.0016821090475385983,0.6242104263407325,210074.29414997302,592.2899780273438,-0.04540186788465472,2026-07-03
SMH261218C00580000,2026-07-02 15:19:21+00:00,580.0,90.95,92.8,96.5,-31.350006,-25.633694,2.0,384,0.5586668279266357,True,REGULAR,USD,SMH,call,2026-12-18,0.4602739726027397,94.65,0.0017022402751811776,0.6153945427720128,229308.87009555925,592.2899780273438,-0.04540186788465472,2026-07-03
SMH261218C00585000,2026-07-02 18:34:32+00:00,585.0,88.3,90.45,94.1,-20.07,-18.519884,4.0,87,0.5576139820098879,True,REGULAR,USD,SMH,call,2026-12-18,0.4602739726027397,92.275,0.0017164790020318265,0.6066338138361264,52387.36031829513,592.2899780273438,-0.04540186788465472,2026-07-03
SMH261218C00590000,2026-07-02 19:51:07+00:00,590.0,88.1,87.9,91.65,-8.900002,-9.17526,12.0,77,0.555493031539917,True,REGULAR,USD,SMH,call,2026-12-18,0.4602739726027397,89.775,0.0017333260752787172,0.597764410029498,46820.9006761466,592.2899780273438,-0.04540186788465472,2026-07-03
SMH261218C00595000,2026-07-02 14:45:03+00:00,595.0,94.18,85.35,89.2,-8.599998,-8.367385,2.0,91,0.5531203135681153,False,REGULAR,USD,SMH,call,2026-12-18,0.4602739726027397,87.275,0.001750254191555951,0.5888256933114887,55874.196005700214,592.2899780273438,-0.04540186788465472,2026-07-03
SMH261218C00600000,2026-07-02 19:24:12+00:00,600.0,79.63,83.1,86.65,-44.920006,-36.06584,2.0,113,0.5511061735534668,False,REGULAR,USD,SMH,call,2026-12-18,0.4602739726027397,84.875,0.0017652539448299856,0.5798834312728282,69976.85218480231,592.2899780273438,-0.04540186788465472,2026-07-03
SMH261218C00605000,2026-07-02 16:19:19+00:00,605.0,84.0,80.6,84.45,-21.599998,-20.454544,11.0,141,0.5491683267211916,False,REGULAR,USD,SMH,call,2026-12-18,0.4602739726027397,82.525,0.0017792070083242199,0.5709194280108253,88006.42136952911,592.2899780273438,-0.04540186788465472,2026-07-03
SMH261218C00610000,2026-06-29 16:15:13+00:00,610.0,101.07,78.35,82.15,0.0,0.0,17.0,147,0.547428842163086,False,REGULAR,USD,SMH,call,2026-12-18,0.4602739726027397,80.25,0.0017916754734414527,0.5619599484071433,92394.35788845878,592.2899780273438,-0.04540186788465472,2026-07-03
SMH261218C00615000,2026-07-02 14:30:48+00:00,615.0,88.4,76.1,79.8,-5.6299973,-5.9874477,6.0,110,0.5452773744201662,False,REGULAR,USD,SMH,call,2026-12-18,0.4602739726027397,77.94999999999999,0.0018047097545321,0.5529136612794945,69641.6126291703,592.2899780273438,-0.04540186788465472,2026-07-03
SMH261218C00620000,2026-07-02 15:53:05+00:00,620.0,79.0,73.9,77.6,-14.330002,-15.35412,2.0,250,0.5435073725891115,False,REGULAR,USD,SMH,call,2026-12-18,0.4602739726027397,75.75,0.0018156006830099389,0.5439131384490574,159231.54696395175,592.2899780273438,-0.04540186788465472,2026-07-03
SMH261218C00625000,2026-07-02 19:03:52+00:00,625.0,71.4,71.9,75.5,-18.599998,-20.666664,10.0,1283,0.5424087507629396,False,REGULAR,USD,SMH,call,2026-12-18,0.4602739726027397,73.7,0.001823312935263065,0.5350406962037768,820647.4751494603,592.2899780273438,-0.04540186788465472,2026-07-03
SMH261218C00630000,2026-07-02 19:23:34+00:00,630.0,67.2,69.6,73.4,-21.850006,-24.536783,16.0,314,0.5401199552917482,False,REGULAR,USD,SMH,call,2026-12-18,0.4602739726027397,71.5,0.0018342531439591342,0.5259204842014059,202049.45738993195,592.2899780273438,-0.04540186788465472,2026-07-03
SMH261218C00635000,2026-07-02 18:34:12+00:00,635.0,65.0,67.6,71.45,-37.42,-36.53583,7.0,163,0.5389908161926271,False,REGULAR,USD,SMH,call,2026-12-18,0.4602739726027397,69.525,0.0018403011153655829,0.5170574921492372,105231.3790891862,592.2899780273438,-0.04540186788465472,2026-07-03
SMH261218C00640000,2026-07-02 15:19:21+00:00,640.0,70.1,65.6,69.4,-16.400002,-18.95954,1.0,154,0.5372971075439454,False,REGULAR,USD,SMH,call,2026-12-18,0.4602739726027397,67.5,0.0018474131789345924,0.5080729962468005,99805.28210168656,592.2899780273438,-0.04540186788465472,2026-07-03
SMH261218C00645000,2026-06-30 14:05:19+00:00,645.0,77.07,63.65,67.45,-21.190002,-21.565237,6.0,46,0.5358170198059082,False,REGULAR,USD,SMH,call,2026-12-18,0.4602739726027397,65.55,0.0018528915146055534,0.49915417900389963,29900.372057457997,592.2899780273438,-0.04540186788465472,2026-07-03
SMH261218C00650000,2026-07-02 19:58:44+00:00,650.0,63.5,61.8,65.45,-17.68,-21.778765,12.0,340,0.5342530095672607,False,REGULAR,USD,SMH,call,2026-12-18,0.4602739726027397,63.625,0.0018577626157470501,0.4902293698197649,221583.74825087574,592.2899780273438,-0.04540186788465472,2026-07-03
SMH261218C00655000,2026-07-02 18:27:07+00:00,655.0,59.82,59.9,63.65,-15.599998,-20.684168,1.0,87,0.5329178788757323,False,REGULAR,USD,SMH,call,2026-12-18,0.4602739726027397,61.775,0.0018609490730198892,0.48139346735075256,56796.62233379457,592.2899780273438,-0.04540186788465472,2026-07-03
SMH261218C00660000,2026-07-02 19:24:12+00:00,660.0,55.99,58.25,61.85,-19.459995,-25.79191,5.0,2506,0.532109171142578,False,REGULAR,USD,SMH,call,2026-12-18,0.4602739726027397,60.05,0.0018614549024554164,0.47275675452121646,1636448.5435970358,592.2899780273438,-0.04540186788465472,2026-07-03
SMH261218C00665000,2026-07-02 13:50:36+00:00,665.0,72.73,56.3,60.05,2.090004,2.9586694,1.0,72,0.5301331777191163,False,REGULAR,USD,SMH,call,2026-12-18,0.4602739726027397,58.175,0.0018650363398785338,0.4637765316400666,47107.33797618388,592.2899780273438,-0.04540186788465472,2026-07-03
SMH261218C00670000,2026-07-02 19:58:13+00:00,670.0,55.84,54.55,58.3,-16.310001,-22.605684,12.0,179,0.5286912365722658,False,REGULAR,USD,SMH,call,2026-12-18,0.4602739726027397,56.425,0.0018659107834462824,0.45500127646973837,117168.98662841214,592.2899780273438,-0.04540186788465472,2026-07-03
SMH261218C00675000,2026-07-01 18:51:51+00:00,675.0,67.65,52.9,56.6,0.0,0.0,12.0,62,0.5275010629272462,False,REGULAR,USD,SMH,call,2026-12-18,0.4602739726027397,54.75,0.0018650651439169603,0.44635572304999754,40565.278635720075,592.2899780273438,-0.04540186788465472,2026-07-03
SMH261218C00680000,2026-07-01 18:52:49+00:00,680.0,65.55,50.55,55.5,0.0,0.0,4.0,238,0.5257463197326662,False,REGULAR,USD,SMH,call,2026-12-18,0.4602739726027397,53.025,0.00186519657617956,0.4375406456162434,155729.3012303724,592.2899780273438,-0.04540186788465472,2026-07-03
SMH261218C00685000,2026-07-01 19:38:46+00:00,685.0,65.85,49.6,53.35,0.0,0.0,10.0,279,0.5248765774536133,False,REGULAR,USD,SMH,call,2026-12-18,0.4602739726027397,51.475,0.0018615780650832053,0.42911337941834776,182202.4550796237,592.2899780273438,-0.04540186788465472,2026-07-03
SMH261218C00690000,2026-07-02 18:47:35+00:00,690.0,47.95,48.05,51.75,-18.310001,-27.633566,3.0,158,0.5236101106262208,False,REGULAR,USD,SMH,call,2026-12-18,0.4602739726027397,49.9,0.0018583992390195933,0.42058494806248464,103006.55772830619,592.2899780273438,-0.04540186788465472,2026-07-03
SMH261218C00695000,2026-06-25 19:16:49+00:00,695.0,67.44,46.55,50.2,0.0,0.0,2.0,85,0.5224351956176757,False,REGULAR,USD,SMH,call,2026-12-18,0.4602739726027397,48.375,0.0018540930741096535,0.41215036206673616,55286.51635639662,592.2899780273438,-0.04540186788465472,2026-07-03
SMH261218C00700000,2026-07-02 15:36:23+00:00,700.0,52.45,45.2,48.6,-7.6499977,-12.728782,1.0,406,0.521367091064453,False,REGULAR,USD,SMH,call,2026-12-18,0.4602739726027397,46.900000000000006,0.001848640957247182,0.4038231837759167,263297.8862282613,592.2899780273438,-0.04540186788465472,2026-07-03
SMH261218C00705000,2026-06-29 16:15:13+00:00,705.0,60.06,43.6,47.25,0.0,0.0,2.0,35,0.520062477645874,False,REGULAR,USD,SMH,call,2026-12-18,0.4602739726027397,45.425,0.0018430939477687524,0.39545349045653183,22629.986017807216,592.2899780273438,-0.04540186788465472,2026-07-03
SMH261218C00710000,2026-07-02 18:45:44+00:00,710.0,42.25,42.4,45.85,-17.470001,-29.253181,2.0,111,0.519688641052246,False,REGULAR,USD,SMH,call,2026-12-18,0.4602739726027397,44.125,0.0018340425349913615,0.3875838597910145,71416.92562305948,592.2899780273438,-0.04540186788465472,2026-07-03
SMH261218C00715000,2026-07-01 14:43:54+00:00,715.0,56.5,40.85,44.45,0.0,0.0,40.0,74,0.5179338978576662,False,REGULAR,USD,SMH,call,2026-12-18,0.4602739726027397,42.650000000000006,0.0018282124756441402,0.37913503167672036,47459.93687176289,592.2899780273438,-0.04540186788465472,2026-07-03
SMH261218C00720000,2026-07-02 14:17:59+00:00,720.0,51.31,39.5,43.1,-3.3899994,-6.1974397,10.0,161,0.5167895001220704,False,REGULAR,USD,SMH,call,2026-12-18,0.4602739726027397,41.3,0.0018198558156975672,0.3710445844367219,102785.44611476848,592.2899780273438,-0.04540186788465472,2026-07-03
SMH261218C00725000,2026-07-01 18:56:44+00:00,725.0,49.86,38.25,41.85,0.0,0.0,6.0,102,0.5160952321624755,False,REGULAR,USD,SMH,call,2026-12-18,0.4602739726027397,40.05,0.0018095579466634593,0.3632567855302935,64750.24781424112,592.2899780273438,-0.04540186788465472,2026-07-03
SMH261218C00730000,2026-07-02 14:17:59+00:00,730.0,48.31,37.0,40.55,-2.2199974,-4.3934245,10.0,117,0.5150194982910157,False,REGULAR,USD,SMH,call,2026-12-18,0.4602739726027397,38.775,0.0017995827853881704,0.35535665894858626,73862.9178941369,592.2899780273438,-0.04540186788465472,2026-07-03
SMH261218C00735000,2026-07-01 19:40:03+00:00,735.0,49.27,35.75,39.3,0.0,0.0,2.0,95,0.5138979885101318,False,REGULAR,USD,SMH,call,2026-12-18,0.4602739726027397,37.525,0.0017890179275354418,0.347511424228979,59622.072204044074,592.2899780273438,-0.04540186788465472,2026-07-03
SMH261218C00740000,2026-06-30 19:52:32+00:00,740.0,62.01,34.6,38.15,0.0,0.0,2.0,123,0.5132494964599608,False,REGULAR,USD,SMH,call,2026-12-18,0.4602739726027397,36.375,0.0017766352020852567,0.34000343057979754,76660.58739614008,592.2899780273438,-0.04540186788465472,2026-07-03
SMH261218C00745000,2026-06-26 19:15:05+00:00,745.0,44.78,33.45,36.95,0.0,0.0,2.0,91,0.5122271678161621,False,REGULAR,USD,SMH,call,2026-12-18,0.4602739726027397,35.2,0.0017645195836848563,0.3323806103611858,56329.596895327595,592.2899780273438,-0.04540186788465472,2026-07-03
SMH261218C00750000,2026-07-02 18:25:51+00:00,750.0,33.09,32.55,35.65,-10.310001,-23.755762,2.0,495,0.5115100119018555,False,REGULAR,USD,SMH,call,2026-12-18,0.4602739726027397,34.099999999999994,0.0017511012958766193,0.32501566953018113,304078.1655722405,592.2899780273438,-0.04540186788465472,2026-07-03
SMH261218C00755000,2026-07-02 19:30:13+00:00,755.0,31.75,31.25,34.75,-22.5,-41.474655,4.0,1265,0.5106097523498536,False,REGULAR,USD,SMH,call,2026-12-18,0.4602739726027397,33.0,0.00173750715349459,0.3176391593430524,771055.95397401,592.2899780273438,-0.04540186788465472,2026-07-03
SMH261218C00760000,2026-07-02 16:28:31+00:00,760.0,32.3,30.4,33.65,-5.470001,-14.482397,3.0,174,0.5103808728027344,False,REGULAR,USD,SMH,call,2026-12-18,0.4602739726027397,32.025,0.0017220143620851802,0.31074435336365924,105112.60173069427,592.2899780273438,-0.04540186788465472,2026-07-03
SMH261218C00765000,2026-06-26 19:09:06+00:00,765.0,39.65,29.2,32.65,0.0,0.0,2.0,189,0.5090686300659181,False,REGULAR,USD,SMH,call,2026-12-18,0.4602739726027397,30.924999999999997,0.0017081355945232257,0.3033141354089248,113253.83451224837,592.2899780273438,-0.04540186788465472,2026-07-03
SMH261218C00770000,2026-07-02 18:24:26+00:00,770.0,29.32,28.25,31.65,-5.950001,-16.869862,2.0,35,0.5084582846069335,False,REGULAR,USD,SMH,call,2026-12-18,0.4602739726027397,29.95,0.0016924009226032225,0.2963905331083827,20779.737930016916,592.2899780273438,-0.04540186788465472,2026-07-03
SMH261218C00775000,2026-06-25 13:35:05+00:00,775.0,48.5,27.25,30.65,0.0,0.0,10.0,227,0.5074664732360838,False,REGULAR,USD,SMH,call,2026-12-18,0.4602739726027397,28.95,0.001676849196219047,0.28933481102584213,133533.00810378842,592.2899780273438,-0.04540186788465472,2026-07-03
SMH261218C00780000,2026-07-01 19:37:57+00:00,780.0,37.86,26.35,29.7,0.0,0.0,1.0,1985,0.506840869140625,False,REGULAR,USD,SMH,call,2026-12-18,0.4602739726027397,28.025,0.0016602223054958496,0.28259786177479346,1156100.3263256212,592.2899780273438,-0.04540186788465472,2026-07-03
SMH261218C00785000,2026-07-02 18:24:26+00:00,785.0,26.64,25.45,28.8,-15.330002,-36.526093,1.0,15,0.5062152650451661,False,REGULAR,USD,SMH,call,2026-12-18,0.4602739726027397,27.125,0.0016431872962844854,0.27596104057561865,8646.634392264976,592.2899780273438,-0.04540186788465472,2026-07-03
SMH261218C00790000,2026-06-23 20:10:48+00:00,790.0,37.5,24.55,27.9,0.0,0.0,4.0,14,0.5053912986755371,False,REGULAR,USD,SMH,call,2026-12-18,0.4602739726027397,26.225,0.0016260281802843268,0.26930069148272456,7985.918466921609,592.2899780273438,-0.04540186788465472,2026-07-03
SMH261218C00795000,2026-07-02 17:34:52+00:00,795.0,24.6,23.95,27.05,-8.870001,-26.501347,2.0,45,0.5057575059509276,False,REGULAR,USD,SMH,call,2026-12-18,0.4602739726027397,25.5,0.0016070159382472634,0.2634898713841083,25368.890044341722,592.2899780273438,-0.04540186788465472,2026-07-03
SMH261218C00800000,2026-07-02 18:02:47+00:00,800.0,23.24,23.3,26.1,-9.85,-29.767302,10.0,649,0.5053607814025878,False,REGULAR,USD,SMH,call,2026-12-18,0.4602739726027397,24.700000000000003,0.001588720919801751,0.2573052366502389,361710.4694589137,592.2899780273438,-0.04540186788465472,2026-07-03
SMH261218C00805000,2026-06-30 16:34:30+00:00,805.0,40.75,22.15,25.4,0.0,0.0,1.0,34,0.5037738832092287,False,REGULAR,USD,SMH,call,2026-12-18,0.4602739726027397,23.775,0.0015713353116139314,0.2504620321924048,18742.026842130228,592.2899780273438,-0.04540186788465472,2026-07-03
SMH261218C00810000,2026-06-30 16:34:28+00:00,810.0,39.55,21.4,24.6,0.0,0.0,1.0,54,0.5031940550231935,False,REGULAR,USD,SMH,call,2026-12-18,0.4602739726027397,23.0,0.0015525468899515492,0.2443608283018871,29410.828158548386,592.2899780273438,-0.04540186788465472,2026-07-03
SMH261218C00815000,2026-07-01 19:40:03+00:00,815.0,30.33,20.65,23.85,0.0,0.0,12.0,27,0.5026600027465821,False,REGULAR,USD,SMH,call,2026-12-18,0.4602739726027397,22.25,0.0015334522200070155,0.23839127617663203,14524.553178995553,592.2899780273438,-0.04540186788465472,2026-07-03
SMH261218C00820000,2026-07-02 19:58:13+00:00,820.0,21.44,20.15,23.15,-15.859999,-42.520107,3.0,43,0.5031940550231935,False,REGULAR,USD,SMH,call,2026-12-18,0.4602739726027397,21.65,0.0015134116915534416,0.23321937929318903,22829.390063711162,592.2899780273438,-0.04540186788465472,2026-07-03
SMH261218C00825000,2026-06-30 18:49:43+00:00,825.0,38.13,19.45,22.4,0.0,0.0,4.0,35,0.5025226750183105,False,REGULAR,USD,SMH,call,2026-12-18,0.4602739726027397,20.924999999999997,0.0014940486548588488,0.2273672486690999,18344.31728795493,592.2899780273438,-0.04540186788465472,2026-07-03
SMH261218C00830000,2026-06-30 16:34:35+00:00,830.0,35.15,18.6,21.7,0.0,0.0,1.0,37,0.5012256909179689,False,REGULAR,USD,SMH,call,2026-12-18,0.4602739726027397,20.15,0.0014747291197504708,0.22120508796455207,19141.798849624352,592.2899780273438,-0.04540186788465472,2026-07-03
SMH261218C00835000,2026-06-30 16:35:01+00:00,835.0,34.1,17.95,21.05,0.0,0.0,1.0,26,0.5008442250061036,False,REGULAR,USD,SMH,call,2026-12-18,0.4602739726027397,19.5,0.0014547567747192566,0.21574360947891108,13268.826169598382,592.2899780273438,-0.04540186788465472,2026-07-03
SMH261218C00840000,2026-06-30 16:34:55+00:00,840.0,33.1,17.3,20.4,0.0,0.0,1.0,58,0.5002949140930177,False,REGULAR,USD,SMH,call,2026-12-18,0.4602739726027397,18.85,0.0014346908496035945,0.2102727282670565,29191.411175465062,592.2899780273438,-0.04540186788465472,2026-07-03
SMH261218C00845000,2026-06-30 16:34:42+00:00,845.0,32.1,16.9,19.75,0.0,0.0,1.0,35,0.500706897277832,False,REGULAR,USD,SMH,call,2026-12-18,0.4602739726027397,18.325,0.0014143588597943378,0.20553735835889797,17365.86529409158,592.2899780273438,-0.04540186788465472,2026-07-03
SMH261218C00850000,2026-06-30 20:07:41+00:00,850.0,17.5,16.4,19.05,-15.049999,-46.236557,1.0,584,0.5002796554565431,False,REGULAR,USD,SMH,call,2026-12-18,0.4602739726027397,17.725,0.0013941115427302932,0.20034817366778163,285613.76775249856,592.2899780273438,-0.04540186788465472,2026-07-03
SMH261218C00855000,2026-06-30 16:34:55+00:00,855.0,30.25,15.75,18.55,0.0,0.0,2.0,21,0.5129138064575195,False,REGULAR,USD,SMH,call,2026-12-18,0.4602739726027397,17.15,0.001373808996529083,0.20381631030599368,10120.790126914875,592.2899780273438,-0.04540186788465472,2026-07-03
SMH261218C00860000,2026-06-30 16:35:09+00:00,860.0,29.4,15.0,18.0,0.0,0.0,1.0,299,0.5128375132751464,False,REGULAR,USD,SMH,call,2026-12-18,0.4602739726027397,16.5,0.0013546865095853465,0.19905517402993056,142094.9889405076,592.2899780273438,-0.04540186788465472,2026-07-03
SMH261218C00865000,2026-06-30 16:34:57+00:00,865.0,28.5,14.5,17.4,0.0,0.0,17.0,11,0.512150874633789,False,REGULAR,USD,SMH,call,2026-12-18,0.4602739726027397,15.95,0.0013354834405641801,0.1939906299922119,5153.472474279129,592.2899780273438,-0.04540186788465472,2026-07-03
SMH261218C00870000,2026-06-30 16:34:48+00:00,870.0,17.21,14.2,16.85,-10.440001,-37.75769,1.0,20,0.5117846673583983,False,REGULAR,USD,SMH,call,2026-12-18,0.4602739726027397,15.525,0.0013162382137530326,0.18922648383135837,9234.922586678349,592.2899780273438,-0.04540186788465472,2026-07-03
SMH261218C00875000,2026-07-01 18:44:59+00:00,875.0,20.15,13.5,16.35,0.0,0.0,2.0,29,0.5117388914489747,False,REGULAR,USD,SMH,call,2026-12-18,0.4602739726027397,14.925,0.0012970527533076404,0.1847617041018938,13195.456097226064,592.2899780273438,-0.04540186788465472,2026-07-03
SMH261218C00880000,2026-07-01 18:47:04+00:00,880.0,19.33,13.0,15.85,0.0,0.0,2.0,10,0.5115557878112793,False,REGULAR,USD,SMH,call,2026-12-18,0.4602739726027397,14.425,0.001277848087488782,0.18029800332864848,4482.785882597116,592.2899780273438,-0.04540186788465472,2026-07-03
SMH261218C00885000,2026-06-30 16:34:36+00:00,885.0,25.3,12.55,15.35,0.0,0.0,1.0,2,0.5112353564453125,False,REGULAR,USD,SMH,call,2026-12-18,0.4602739726027397,13.95,0.0012586006485541888,0.17583477764251482,883.0528878051513,592.2899780273438,-0.04540186788465472,2026-07-03
SMH261218C00890000,2026-06-30 16:34:35+00:00,890.0,24.55,12.1,14.9,0.0,0.0,11.0,9,0.5112658737182617,False,REGULAR,USD,SMH,call,2026-12-18,0.4602739726027397,13.5,0.0012395567247358316,0.1716864773357975,3913.611247421144,592.2899780273438,-0.04540186788465472,2026-07-03
SMH261218C00895000,2026-06-30 16:34:44+00:00,895.0,23.8,11.85,14.4,0.0,0.0,3.0,12,0.5106402696228027,False,REGULAR,USD,SMH,call,2026-12-18,0.4602739726027397,13.125,0.001220176806193939,0.1672026849766643,5136.564899661421,592.2899780273438,-0.04540186788465472,2026-07-03
SMH261218C00900000,2026-07-02 15:35:13+00:00,900.0,12.75,11.55,13.8,-4.870001,-27.63905,3.0,1257,0.5088092332458496,False,REGULAR,USD,SMH,call,2026-12-18,0.4602739726027397,12.675,0.0011998992406409023,0.1620333099259318,529113.4780760698,592.2899780273438,-0.04540186788465472,2026-07-03
SMH261218C00905000,2026-06-30 16:34:37+00:00,905.0,22.45,10.9,13.55,0.0,0.0,1.0,207,0.5105639764404297,False,REGULAR,USD,SMH,call,2026-12-18,0.4602739726027397,12.225000000000001,0.0011823113051306897,0.15924828291047627,85856.06029612818,592.2899780273438,-0.04540186788465472,2026-07-03
SMH261218C00910000,2026-07-01 18:13:43+00:00,910.0,16.37,10.65,13.15,0.0,0.0,2.0,114,0.5105792350769043,False,REGULAR,USD,SMH,call,2026-12-18,0.4602739726027397,11.9,0.0011635652704495886,0.15543034072459683,46533.355424403315,592.2899780273438,-0.04540186788465472,2026-07-03
SMH261218C00915000,2026-06-30 16:34:25+00:00,915.0,21.1,10.15,12.7,0.0,0.0,1.0,3,0.5099231137084962,False,REGULAR,USD,SMH,call,2026-12-18,0.4602739726027397,11.425,0.001144302987332072,0.1512689986945273,1204.2899294328565,592.2899780273438,-0.04540186788465472,2026-07-03
SMH261218C00920000,2026-06-30 16:34:27+00:00,920.0,20.5,9.75,12.35,0.0,0.0,1.0,3,0.5102435450744629,False,REGULAR,USD,SMH,call,2026-12-18,0.4602739726027397,11.05,0.0011260519010532575,0.1478073126427915,1185.0820800694362,592.2899780273438,-0.04540186788465472,2026-07-03
SMH261218C00925000,2026-06-30 16:34:25+00:00,925.0,19.85,9.45,11.95,0.0,0.0,1.0,2,0.5098620791625977,False,REGULAR,USD,SMH,call,2026-12-18,0.4602739726027397,10.7,0.0011072158966872454,0.1439829595211674,776.8390999294376,592.2899780273438,-0.04540186788465472,2026-07-03
SMH261218C00930000,2026-06-30 16:34:40+00:00,930.0,14.19,9.1,11.6,-5.0600004,-26.285717,30.0,25,0.5099536309814454,False,REGULAR,USD,SMH,call,2026-12-18,0.4602739726027397,10.35,0.0010890036265724494,0.14053397813437984,9550.763762713099,592.2899780273438,-0.04540186788465472,2026-07-03
SMH261218C00935000,2026-06-30 16:34:28+00:00,935.0,18.7,8.8,11.25,0.0,0.0,1.0,42,0.5099078550720215,False,REGULAR,USD,SMH,call,2026-12-18,0.4602739726027397,10.025,0.0010707781178267415,0.1370760061255854,15776.750087380813,592.2899780273438,-0.04540186788465472,2026-07-03
SMH261218C00940000,2026-07-01 16:56:01+00:00,940.0,13.74,8.45,10.9,0.0,0.0,1.0,211,0.5097400100708008,False,REGULAR,USD,SMH,call,2026-12-18,0.4602739726027397,9.675,0.0010525390013821265,0.1336187189984463,77909.32128335153,592.2899780273438,-0.04540186788465472,2026-07-03
SMH261218C00945000,2026-06-30 16:34:35+00:00,945.0,10.7,8.15,10.55,-6.9000006,-39.204548,1.0,13,0.5094348373413086,False,REGULAR,USD,SMH,call,2026-12-18,0.4602739726027397,9.350000000000001,0.001034249589190204,0.1301530239827477,4716.691564330991,592.2899780273438,-0.04540186788465472,2026-07-03
SMH261218C00950000,2026-07-02 17:28:17+00:00,950.0,8.99,7.3,11.5,-8.059999,-47.272728,1.0,401,0.5249833879089354,False,REGULAR,USD,SMH,call,2026-12-18,0.4602739726027397,9.4,0.001036388984036941,0.13637476282731648,145792.75038676005,592.2899780273438,-0.04540186788465472,2026-07-03
SMH261218C00955000,2026-06-30 16:34:27+00:00,955.0,16.5,7.6,9.95,0.0,0.0,1.0,2,0.5097400100708008,False,REGULAR,USD,SMH,call,2026-12-18,0.4602739726027397,8.774999999999999,0.0009993685715085992,0.12399901066769292,701.1718165457323,592.2899780273438,-0.04540186788465472,2026-07-03
SMH261218C00960000,2026-06-30 16:34:26+00:00,960.0,16.05,7.35,9.65,0.0,0.0,1.0,36,0.5097094927978516,False,REGULAR,USD,SMH,call,2026-12-18,0.4602739726027397,8.5,0.0009819294247282373,0.12091672035015721,12400.852543829109,592.2899780273438,-0.04540186788465472,2026-07-03
SMH261218C00965000,2026-06-30 16:34:26+00:00,965.0,15.6,7.1,9.4,0.0,0.0,1.0,6,0.5102282864379883,False,REGULAR,USD,SMH,call,2026-12-18,0.4602739726027397,8.25,0.0009655052125475615,0.11822995400491315,2032.2383444910704,592.2899780273438,-0.04540186788465472,2026-07-03
SMH261218C00970000,2026-07-02 13:55:45+00:00,970.0,10.93,6.85,9.1,-4.54,-29.347122,30.0,10,0.50996888961792,False,REGULAR,USD,SMH,call,2026-12-18,0.4602739726027397,7.975,0.0009480728947459069,0.11514793781366683,3325.91004349509,592.2899780273438,-0.04540186788465472,2026-07-03
SMH261218C00975000,2026-07-02 18:43:03+00:00,975.0,7.7,6.6,8.8,-3.4499998,-30.941704,1.0,30,0.5095874237060547,False,REGULAR,USD,SMH,call,2026-12-18,0.4602739726027397,7.7,0.000930594512044175,0.11206382310069779,9793.7837412554,592.2899780273438,-0.04540186788465472,2026-07-03
SMH261218C00980000,2026-07-02 19:35:17+00:00,980.0,7.5,6.4,8.6,-3.3000002,-30.555557,26.0,61,0.5105029418945313,False,REGULAR,USD,SMH,call,2026-12-18,0.4602739726027397,7.5,0.0009154430199307551,0.10979976723699775,19589.796335029914,592.2899780273438,-0.04540186788465472,2026-07-03
SMH261218P00100000,2026-07-02 17:37:57+00:00,100.0,0.21,0.0,0.45,0.019999996,10.526314,2.0,355,1.001958115234375,False,REGULAR,USD,SMH,put,2026-12-18,0.4602739726027397,0.225,1.1554358475039883e-05,-0.0014234760912472666,-1438.9409057564988,592.2899780273438,-0.04540186788465472,2026-07-03
SMH261218P00105000,2026-07-02 17:37:22+00:00,105.0,0.76,0.0,5.0,0.31,68.88889,2.0,137,1.3559602514648437,False,REGULAR,USD,SMH,put,2026-12-18,0.4602739726027397,2.5,4.514276936372064e-05,-0.009122843091514121,-2169.5893160173273,592.2899780273438,-0.04540186788465472,2026-07-03
SMH261218P00110000,2026-04-02 15:20:42+00:00,110.0,0.61,0.0,0.0,0.0,0.0,38.0,0,0.500005,False,REGULAR,USD,SMH,put,2026-12-18,0.4602739726027397,0.61,2.857984968303682e-09,-1.0698342745030232e-07,-0.0,592.2899780273438,-0.04540186788465472,2026-07-03
SMH261218P00115000,2026-05-19 16:53:09+00:00,115.0,0.2,0.02,5.0,0.0,0.0,5.0,11,1.2856481030273437,False,REGULAR,USD,SMH,put,2026-12-18,0.4602739726027397,2.51,5.039637916711275e-05,-0.009735451509447213,-194.4736602135115,592.2899780273438,-0.04540186788465472,2026-07-03
SMH261218P00120000,2026-07-02 19:32:08+00:00,120.0,0.38,0.15,0.5,0.01999998,5.55555,3.0,1060,0.9379889013671875,False,REGULAR,USD,SMH,put,2026-12-18,0.4602739726027397,0.325,1.7929856859535793e-05,-0.002145728136904723,-6667.322398764942,592.2899780273438,-0.04540186788465472,2026-07-03
SMH261218P00125000,2026-07-02 17:36:14+00:00,125.0,0.63,0.1,5.0,0.31,96.875,5.0,206,1.2243691125488283,False,REGULAR,USD,SMH,put,2026-12-18,0.4602739726027397,2.55,5.622169517759781e-05,-0.010434926518587795,-4062.9354713218554,592.2899780273438,-0.04540186788465472,2026-07-03
SMH261218P00130000,2026-07-02 17:37:57+00:00,130.0,0.4,0.12,4.7,-0.16,-28.571426,2.0,42,1.1823771350097654,False,REGULAR,USD,SMH,put,2026-12-18,0.4602739726027397,2.41,5.766066296918202e-05,-0.010320331741736632,-849.5671086217255,592.2899780273438,-0.04540186788465472,2026-07-03
SMH261218P00135000,2026-05-21 19:49:08+00:00,135.0,0.49,0.15,4.15,0.0,0.0,1.0,25,1.1312299298095703,False,REGULAR,USD,SMH,put,2026-12-18,0.4602739726027397,2.1500000000000004,5.753171997293831e-05,-0.009785278514945817,-504.5638535231648,592.2899780273438,-0.04540186788465472,2026-07-03
SMH261218P00140000,2026-07-02 17:37:22+00:00,140.0,1.0,0.18,3.65,0.42000002,72.413795,1.0,169,1.0830123974609376,False,REGULAR,USD,SMH,put,2026-12-18,0.4602739726027397,1.915,5.720582473246267e-05,-0.009249425850694215,-3391.5304767460416,592.2899780273438,-0.04540186788465472,2026-07-03
SMH261218P00145000,2026-07-01 17:26:06+00:00,145.0,0.4,0.21,3.1,0.0,0.0,1.0,82,1.03284174987793,False,REGULAR,USD,SMH,put,2026-12-18,0.4602739726027397,1.655,5.5937031368461624e-05,-0.008540638490729169,-1609.0962950148737,592.2899780273438,-0.04540186788465472,2026-07-03
SMH261218P00150000,2026-07-02 17:36:52+00:00,150.0,1.08,0.25,2.51,0.36,50.0,1.0,1040,0.9805910144042969,False,REGULAR,USD,SMH,put,2026-12-18,0.4602739726027397,1.38,5.3549037956550546e-05,-0.007660874932115536,-19536.815735587574,592.2899780273438,-0.04540186788465472,2026-07-03
SMH261218P00155000,2026-07-02 19:47:15+00:00,155.0,0.78,0.29,0.9,0.16999996,27.868847,2.0,391,0.8510757080078125,False,REGULAR,USD,SMH,put,2026-12-18,0.4602739726027397,0.595,3.5546980134748125e-05,-0.004116947189435338,-4875.826429633993,592.2899780273438,-0.04540186788465472,2026-07-03
SMH261218P00160000,2026-07-02 17:34:08+00:00,160.0,0.94,0.4,0.95,0.26999998,40.298504,3.0,605,0.8457046679687499,False,REGULAR,USD,SMH,put,2026-12-18,0.4602739726027397,0.675,3.995785611309974e-05,-0.0046596098509495976,-8480.594962502133,592.2899780273438,-0.04540186788465472,2026-07-03
SMH261218P00165000,2026-07-02 17:32:21+00:00,165.0,0.95,0.37,1.69,0.42000002,79.24529,5.0,51,0.8762219409179688,False,REGULAR,USD,SMH,put,2026-12-18,0.4602739726027397,1.03,5.256729073424808e-05,-0.006603501291695291,-940.4907724126203,592.2899780273438,-0.04540186788465472,2026-07-03
SMH261218P00170000,2026-07-02 17:32:40+00:00,170.0,1.24,0.42,1.5,0.43,53.08642,2.0,1009,0.8479019116210937,False,REGULAR,USD,SMH,put,2026-12-18,0.4602739726027397,0.96,5.281430987677709e-05,-0.006396540648354154,-18694.400550273192,592.2899780273438,-0.04540186788465472,2026-07-03
SMH261218P00175000,2026-06-03 18:31:49+00:00,175.0,0.94,0.5,1.92,0.0,0.0,1.0,153,0.8576674389648438,False,REGULAR,USD,SMH,put,2026-12-18,0.4602739726027397,1.21,6.223735979663658e-05,-0.007805133766846883,-3340.499107171544,592.2899780273438,-0.04540186788465472,2026-07-03
SMH261218P00180000,2026-07-02 17:30:56+00:00,180.0,1.12,0.51,2.04,0.19999999,21.739128,3.0,278,0.8454605297851561,False,REGULAR,USD,SMH,put,2026-12-18,0.4602739726027397,1.275,6.665611390056118e-05,-0.008302077711960232,-6500.601662088155,592.2899780273438,-0.04540186788465472,2026-07-03
SMH261218P00185000,2026-07-02 17:30:21+00:00,185.0,1.5,0.57,2.17,0.48000002,47.058826,2.0,203,0.8361832788085937,False,REGULAR,USD,SMH,put,2026-12-18,0.4602739726027397,1.3699999999999999,7.205127538134958e-05,-0.008959025389314923,-5131.052742715767,592.2899780273438,-0.04540186788465472,2026-07-03
SMH261218P00190000,2026-06-18 16:33:47+00:00,190.0,1.18,0.62,2.3,0.0,0.0,2.0,332,0.8261736132812498,False,REGULAR,USD,SMH,put,2026-12-18,0.4602739726027397,1.46,7.747841577823083e-05,-0.009601211420210864,-9023.760994486578,592.2899780273438,-0.04540186788465472,2026-07-03
SMH261218P00195000,2026-06-22 19:56:27+00:00,195.0,1.1,0.66,2.44,0.0,0.0,30.0,294,0.8159198095703124,False,REGULAR,USD,SMH,put,2026-12-18,0.4602739726027397,1.55,8.305920285293586e-05,-0.010249709858521583,-8566.508642978333,592.2899780273438,-0.04540186788465472,2026-07-03
SMH261218P00200000,2026-07-02 19:58:38+00:00,200.0,1.56,0.79,2.09,0.16999996,12.230213,1.0,4568,0.7893087475585938,False,REGULAR,USD,SMH,put,2026-12-18,0.4602739726027397,1.44,8.340546783224871e-05,-0.00991469414859203,-133656.2851687781,592.2899780273438,-0.04540186788465472,2026-07-03
SMH261218P00205000,2026-06-23 15:23:20+00:00,205.0,1.63,0.77,2.73,0.0,0.0,1.0,41,0.7969991003417969,False,REGULAR,USD,SMH,put,2026-12-18,0.4602739726027397,1.75,9.545823718994982e-05,-0.011707100372837398,-1372.9857666133028,592.2899780273438,-0.04540186788465472,2026-07-03
SMH261218P00210000,2026-06-23 18:06:54+00:00,210.0,1.8,0.84,2.89,0.0,0.0,2.0,954,0.7883321948242188,False,REGULAR,USD,SMH,put,2026-12-18,0.4602739726027397,1.865,0.00010234275949820743,-0.012527353595562118,-34251.079653869034,592.2899780273438,-0.04540186788465472,2026-07-03
SMH261218P00215000,2026-06-17 18:52:17+00:00,215.0,1.52,0.91,3.1,0.0,0.0,8.0,27,0.7811301184082031,False,REGULAR,USD,SMH,put,2026-12-18,0.4602739726027397,2.005,0.000110089310217432,-0.013486582121820634,-1042.7439602159332,592.2899780273438,-0.04540186788465472,2026-07-03
SMH261218P00220000,2026-06-23 16:18:38+00:00,220.0,2.01,1.0,3.2,0.0,0.0,2.0,3592,0.7707542456054688,False,REGULAR,USD,SMH,put,2026-12-18,0.4602739726027397,2.1,0.00011692071567669984,-0.014239254255067668,-147331.82255318432,592.2899780273438,-0.04540186788465472,2026-07-03
SMH261218P00225000,2026-06-15 18:25:36+00:00,225.0,1.7,1.14,3.35,0.0,0.0,4.0,12,0.7634301000976562,False,REGULAR,USD,SMH,put,2026-12-18,0.4602739726027397,2.245,0.00012528830283978595,-0.01526038669382257,-527.4247924056234,592.2899780273438,-0.04540186788465472,2026-07-03
SMH261218P00230000,2026-07-02 16:29:50+00:00,230.0,2.76,1.3,3.5,0.30999994,12.653059,1.0,1339,0.7563500927734376,False,REGULAR,USD,SMH,put,2026-12-18,0.4602739726027397,2.4,0.00013413561239921938,-0.016345546964870894,-63007.673160827304,592.2899780273438,-0.04540186788465472,2026-07-03
SMH261218P00235000,2026-07-02 17:18:42+00:00,235.0,2.38,1.46,3.65,0.2800002,13.333344,2.0,15,0.7489038781738282,False,REGULAR,USD,SMH,put,2026-12-18,0.4602739726027397,2.5549999999999997,0.00014320756277487823,-0.017442615066887157,-753.5741301807914,592.2899780273438,-0.04540186788465472,2026-07-03
SMH261218P00240000,2026-06-30 18:58:45+00:00,240.0,2.14,1.9,3.8,0.0,0.0,5.0,279,0.748171463623047,False,REGULAR,USD,SMH,put,2026-12-18,0.4602739726027397,2.8499999999999996,0.00015581565290315397,-0.01923653787226265,-15250.49904233816,592.2899780273438,-0.04540186788465472,2026-07-03
SMH261218P00245000,2026-04-28 20:13:00+00:00,245.0,3.48,2.07,2.91,0.0,0.0,3.0,25,0.7148466015625,False,REGULAR,USD,SMH,put,2026-12-18,0.4602739726027397,2.49,0.00015292312125769685,-0.017837332427304786,-1341.1641332966908,592.2899780273438,-0.04540186788465472,2026-07-03
SMH261218P00250000,2026-07-02 17:37:21+00:00,250.0,3.0,1.95,3.5,0.17000008,6.00707,17.0,503,0.7115507360839843,False,REGULAR,USD,SMH,put,2026-12-18,0.4602739726027397,2.725,0.00016503310043712414,-0.019402204027943237,-29121.102437933976,592.2899780273438,-0.04540186788465472,2026-07-03
SMH261218P00255000,2026-06-24 19:50:18+00:00,255.0,2.95,2.08,4.3,0.0,0.0,30.0,40,0.7178372943115234,False,REGULAR,USD,SMH,put,2026-12-18,0.4602739726027397,3.19,0.00018281926815734206,-0.022123472924216014,-2565.3742174408953,592.2899780273438,-0.04540186788465472,2026-07-03
SMH261218P00260000,2026-06-24 19:50:18+00:00,260.0,3.29,2.52,4.5,0.0,0.0,1.0,812,0.7162503961181641,False,REGULAR,USD,SMH,put,2026-12-18,0.4602739726027397,3.51,0.0001970848668361038,-0.024124856606314138,-56140.73261992105,592.2899780273438,-0.04540186788465472,2026-07-03
SMH261218P00265000,2026-06-16 15:23:52+00:00,265.0,2.86,2.47,4.65,0.0,0.0,20.0,16,0.7034331414794923,False,REGULAR,USD,SMH,put,2026-12-18,0.4602739726027397,3.5600000000000005,0.0002057565834864127,-0.024854288391279344,-1154.894972865736,592.2899780273438,-0.04540186788465472,2026-07-03
SMH261218P00270000,2026-06-25 15:32:03+00:00,270.0,2.91,2.69,4.9,0.0,0.0,6.0,326,0.6977569287109376,False,REGULAR,USD,SMH,put,2026-12-18,0.4602739726027397,3.795,0.00021880250140727956,-0.02649055545900114,-25022.958231134522,592.2899780273438,-0.04540186788465472,2026-07-03
SMH261218P00275000,2026-06-30 16:03:52+00:00,275.0,3.2,2.92,5.1,0.0,0.0,22.0,56,0.6911041632080079,False,REGULAR,USD,SMH,put,2026-12-18,0.4602739726027397,4.01,0.00023180471564476115,-0.028064523105698735,-4553.853572361371,592.2899780273438,-0.04540186788465472,2026-07-03
SMH261218P00280000,2026-07-02 19:44:57+00:00,280.0,4.43,3.2,5.3,0.7299998,19.729723,1.0,1837,0.6850617431640625,False,REGULAR,USD,SMH,put,2026-12-18,0.4602739726027397,4.25,0.0002456907114440033,-0.029782947109305846,-158331.25801919197,592.2899780273438,-0.04540186788465472,2026-07-03
SMH261218P00285000,2026-06-16 13:53:14+00:00,285.0,3.5,3.45,5.55,0.0,0.0,1.0,25,0.6790193231201174,False,REGULAR,USD,SMH,put,2026-12-18,0.4602739726027397,4.5,0.0002601239822689723,-0.03156893126199478,-2281.335564957225,592.2899780273438,-0.04540186788465472,2026-07-03
SMH261218P00290000,2026-07-02 16:24:02+00:00,290.0,4.63,3.75,5.8,0.93000007,25.135136,10.0,290,0.6735262139892579,False,REGULAR,USD,SMH,put,2026-12-18,0.4602739726027397,4.775,0.00027546026306533926,-0.03350763213659802,-28023.716063512366,592.2899780273438,-0.04540186788465472,2026-07-03
SMH261218P00295000,2026-06-16 18:31:58+00:00,295.0,4.07,4.0,6.05,0.0,0.0,1.0,12,0.6669955175781253,False,REGULAR,USD,SMH,put,2026-12-18,0.4602739726027397,5.025,0.00029072887694125217,-0.03535963179561241,-1223.8781601435087,592.2899780273438,-0.04540186788465472,2026-07-03
SMH261218P00300000,2026-07-02 17:46:46+00:00,300.0,5.5,4.4,6.25,0.8499999,18.279568,4.0,738,0.6616244775390626,False,REGULAR,USD,SMH,put,2026-12-18,0.4602739726027397,5.325,0.00030732146808145445,-0.03746885466308714,-79564.26024290106,592.2899780273438,-0.04540186788465472,2026-07-03
SMH261218P00305000,2026-06-26 13:58:20+00:00,305.0,5.57,4.6,6.6,0.0,0.0,5.0,130,0.6553074020385744,False,REGULAR,USD,SMH,put,2026-12-18,0.4602739726027397,5.6,0.00032392109356618157,-0.039499246860907444,-14772.40992407589,592.2899780273438,-0.04540186788465472,2026-07-03
SMH261218P00310000,2026-06-03 14:52:02+00:00,310.0,4.7,4.9,6.9,0.0,0.0,2.0,273,0.649417568359375,False,REGULAR,USD,SMH,put,2026-12-18,0.4602739726027397,5.9,0.0003414193337919978,-0.041678010420106215,-32697.874746074875,592.2899780273438,-0.04540186788465472,2026-07-03
SMH261218P00315000,2026-06-11 16:54:17+00:00,315.0,6.95,5.35,7.2,0.0,0.0,2.0,63,0.6451451501464844,False,REGULAR,USD,SMH,put,2026-12-18,0.4602739726027397,6.275,0.00036061070526649064,-0.0442335814123056,-7969.809357942239,592.2899780273438,-0.04540186788465472,2026-07-03
SMH261218P00320000,2026-07-02 19:40:38+00:00,320.0,7.0,5.65,7.55,1.25,21.73913,1.0,1629,0.6392858337402343,False,REGULAR,USD,SMH,put,2026-12-18,0.4602739726027397,6.6,0.00037943322457492304,-0.0465907164513748,-216832.9154554235,592.2899780273438,-0.04540186788465472,2026-07-03
SMH261218P00325000,2026-06-24 15:41:00+00:00,325.0,6.34,6.05,7.9,0.0,0.0,2.0,237,0.6343420355224609,False,REGULAR,USD,SMH,put,2026-12-18,0.4602739726027397,6.975,0.00039952034947263697,-0.049212232834243363,-33216.664436940475,592.2899780273438,-0.04540186788465472,2026-07-03
SMH261218P00330000,2026-06-26 14:24:04+00:00,330.0,6.95,6.5,8.25,0.0,0.0,30.0,312,0.6296728927612305,False,REGULAR,USD,SMH,put,2026-12-18,0.4602739726027397,7.375,0.0004204651055643233,-0.051988063777414495,-46020.71075853769,592.2899780273438,-0.04540186788465472,2026-07-03
SMH261218P00335000,2026-06-23 16:04:47+00:00,335.0,7.69,6.95,8.65,0.0,0.0,4.0,76,0.6251868536376954,False,REGULAR,USD,SMH,put,2026-12-18,0.4602739726027397,7.800000000000001,0.0004422136646529422,-0.05490659066909298,-11790.01937889986,592.2899780273438,-0.04540186788465472,2026-07-03
SMH261218P00340000,2026-07-01 13:46:36+00:00,340.0,6.98,7.35,9.1,0.0,0.0,1.0,336,0.6203651245117189,False,REGULAR,USD,SMH,put,2026-12-18,0.4602739726027397,8.225,0.0004644531157811472,-0.05786203567903647,-54745.689049802924,592.2899780273438,-0.04540186788465472,2026-07-03
SMH261218P00345000,2026-06-26 15:30:33+00:00,345.0,8.25,7.8,9.55,0.0,0.0,2.0,46,0.6157264990234376,False,REGULAR,USD,SMH,put,2026-12-18,0.4602739726027397,8.675,0.00048751560863015745,-0.060965304003936405,-7867.108228925611,592.2899780273438,-0.04540186788465472,2026-07-03
SMH261218P00350000,2026-07-02 14:43:02+00:00,350.0,9.6,8.25,10.05,1.1500006,13.609475,3.0,736,0.6112709771728517,False,REGULAR,USD,SMH,put,2026-12-18,0.4602739726027397,9.15,0.0005114014021405634,-0.06422222233999075,-132040.90643559332,592.2899780273438,-0.04540186788465472,2026-07-03
SMH261218P00355000,2026-06-24 19:14:40+00:00,355.0,9.65,8.75,10.55,0.0,0.0,3.0,57,0.6069375244140626,False,REGULAR,USD,SMH,put,2026-12-18,0.4602739726027397,9.65,0.0005360734105751325,-0.06762432568770471,-10719.336156460799,592.2899780273438,-0.04540186788465472,2026-07-03
SMH261218P00360000,2026-07-02 19:44:24+00:00,360.0,10.8,9.4,11.1,2.0200005,23.00684,42.0,1475,0.6040078662109377,False,REGULAR,USD,SMH,put,2026-12-18,0.4602739726027397,10.25,0.0005621839142528268,-0.07148198348032553,-290896.9739746454,592.2899780273438,-0.04540186788465472,2026-07-03
SMH261218P00365000,2026-06-24 19:09:47+00:00,365.0,10.63,9.8,11.7,0.0,0.0,3.0,83,0.5990030334472658,False,REGULAR,USD,SMH,put,2026-12-18,0.4602739726027397,10.75,0.0005879368027305014,-0.0749718730766562,-17118.96511567971,592.2899780273438,-0.04540186788465472,2026-07-03
SMH261218P00370000,2026-06-26 20:03:37+00:00,370.0,11.31,10.4,12.3,0.0,0.0,5.0,1180,0.5953409606933593,False,REGULAR,USD,SMH,put,2026-12-18,0.4602739726027397,11.350000000000001,0.000615056720910151,-0.07891485908073337,-254604.42307151097,592.2899780273438,-0.04540186788465472,2026-07-03
SMH261218P00375000,2026-06-30 16:14:13+00:00,375.0,8.85,10.2,13.8,0.0,0.0,2.0,244,0.5921061297607424,False,REGULAR,USD,SMH,put,2026-12-18,0.4602739726027397,12.0,0.0006430220141457263,-0.08310130388040893,-55040.76178114647,592.2899780273438,-0.04540186788465472,2026-07-03
SMH261218P00380000,2026-07-02 15:19:26+00:00,380.0,12.26,11.6,13.6,1.8200006,17.432957,1222.0,1356,0.5877421597290039,False,REGULAR,USD,SMH,put,2026-12-18,0.4602739726027397,12.6,0.0006712301938620913,-0.0871366664513844,-319300.75236209197,592.2899780273438,-0.04540186788465472,2026-07-03
SMH261218P00385000,2026-07-02 19:51:19+00:00,385.0,13.71,12.25,14.3,2.5299997,22.629694,4.0,275,0.5841411215209961,False,REGULAR,USD,SMH,put,2026-12-18,0.4602739726027397,13.275,0.0007004031395877028,-0.09150574816981827,-67569.31967720727,592.2899780273438,-0.04540186788465472,2026-07-03
SMH261218P00390000,2026-07-02 15:34:54+00:00,390.0,14.75,13.15,15.0,3.0500002,26.068378,20.0,360,0.5819438778686524,False,REGULAR,USD,SMH,put,2026-12-18,0.4602739726027397,14.075,0.0007305606298675418,-0.09639134590636544,-92262.99179110215,592.2899780273438,-0.04540186788465472,2026-07-03
SMH261218P00395000,2026-06-29 16:43:07+00:00,395.0,12.4,13.65,15.8,0.0,0.0,15.0,387,0.5773357696533203,False,REGULAR,USD,SMH,put,2026-12-18,0.4602739726027397,14.725000000000001,0.0007607849710672042,-0.10077923439885761,-103286.04741481344,592.2899780273438,-0.04540186788465472,2026-07-03
SMH261218P00400000,2026-07-02 17:47:09+00:00,400.0,16.75,14.5,16.5,3.0,21.818182,3.0,2584,0.5740399041748048,False,REGULAR,USD,SMH,put,2026-12-18,0.4602739726027397,15.5,0.0007919154684504994,-0.10566525190715381,-717860.5769939864,592.2899780273438,-0.04540186788465472,2026-07-03
SMH261218P00405000,2026-07-02 18:21:55+00:00,405.0,16.95,15.3,17.4,5.000001,41.84101,1.0,1044,0.5713543841552735,False,REGULAR,USD,SMH,put,2026-12-18,0.4602739726027397,16.35,0.0008236520944807477,-0.11086963328007671,-301656.7682988621,592.2899780273438,-0.04540186788465472,2026-07-03
SMH261218P00410000,2026-06-29 17:51:10+00:00,410.0,14.1,15.95,18.25,0.0,0.0,282.0,1415,0.5670819659423829,False,REGULAR,USD,SMH,put,2026-12-18,0.4602739726027397,17.1,0.0008559424057399633,-0.11578586453871065,-424883.3877065549,592.2899780273438,-0.04540186788465472,2026-07-03
SMH261218P00415000,2026-07-02 18:58:31+00:00,415.0,18.96,16.8,19.15,3.5599995,23.11688,4.0,175,0.5639997213745118,False,REGULAR,USD,SMH,put,2026-12-18,0.4602739726027397,17.975,0.0008887952841330106,-0.12118519482394441,-54564.29629366511,592.2899780273438,-0.04540186788465472,2026-07-03
SMH261218P00420000,2026-07-02 17:47:09+00:00,420.0,20.4,17.1,20.65,4.0,24.390244,12.0,232,0.5608564422607423,False,REGULAR,USD,SMH,put,2026-12-18,0.4602739726027397,18.875,0.0009221667309704898,-0.1267225278627534,-75052.6797422089,592.2899780273438,-0.04540186788465472,2026-07-03
SMH261218P00425000,2026-07-02 18:25:49+00:00,425.0,21.2,17.8,22.15,4.300001,25.443796,4.0,125,0.5595594581604004,False,REGULAR,USD,SMH,put,2026-12-18,0.4602739726027397,19.975,0.0009554604449514026,-0.13293721257010915,-41897.82647037171,592.2899780273438,-0.04540186788465472,2026-07-03
SMH261218P00430000,2026-06-30 17:24:22+00:00,430.0,15.06,19.55,22.05,0.0,0.0,4.0,154,0.5549055740356447,False,REGULAR,USD,SMH,put,2026-12-18,0.4602739726027397,20.8,0.0009902397648443185,-0.13836237501993487,-53497.052097241794,592.2899780273438,-0.04540186788465472,2026-07-03
SMH261218P00435000,2026-06-30 13:33:56+00:00,435.0,17.09,20.55,23.1,0.0,0.0,1.0,59,0.5520674676513673,False,REGULAR,USD,SMH,put,2026-12-18,0.4602739726027397,21.825000000000003,0.001024844368005736,-0.14445833422530008,-21211.857393255355,592.2899780273438,-0.04540186788465472,2026-07-03
SMH261218P00440000,2026-07-02 17:38:21+00:00,440.0,24.22,21.85,24.2,3.17,15.059383,27.0,808,0.5506636730957033,False,REGULAR,USD,SMH,put,2026-12-18,0.4602739726027397,23.025,0.0010589284562884764,-0.1511158346474819,-300155.8057998961,592.2899780273438,-0.04540186788465472,2026-07-03
SMH261218P00445000,2026-07-02 17:18:06+00:00,445.0,25.27,22.65,25.3,5.67,28.928572,8.0,88,0.5463912548828126,False,REGULAR,USD,SMH,put,2026-12-18,0.4602739726027397,23.975,0.0010951079535094228,-0.1571274508447259,-33807.135443870684,592.2899780273438,-0.04540186788465472,2026-07-03
SMH261218P00450000,2026-07-02 16:24:50+00:00,450.0,25.6,24.05,26.45,4.33,20.35731,6.0,4451,0.5449569430541993,False,REGULAR,USD,SMH,put,2026-12-18,0.4602739726027397,25.25,0.0011295300909502206,-0.164089796723089,-1763697.7775748956,592.2899780273438,-0.04540186788465472,2026-07-03
SMH261218P00455000,2026-07-02 17:41:20+00:00,455.0,27.96,24.9,27.65,5.539999,24.710075,12.0,271,0.5408065939331056,False,REGULAR,USD,SMH,put,2026-12-18,0.4602739726027397,26.275,0.0011664877850896484,-0.17046027324951207,-110896.60595493621,592.2899780273438,-0.04540186788465472,2026-07-03
SMH261218P00460000,2026-07-02 19:51:19+00:00,460.0,28.68,26.3,28.9,6.2800007,28.035719,51.0,2766,0.5390976266479494,False,REGULAR,USD,SMH,put,2026-12-18,0.4602739726027397,27.6,0.0012013650146961519,-0.177658870992356,-1165724.5013031217,592.2899780273438,-0.04540186788465472,2026-07-03
SMH261218P00465000,2026-07-02 13:32:56+00:00,465.0,25.25,27.3,30.2,1.5,6.315789,2.0,94,0.5354660711669923,False,REGULAR,USD,SMH,put,2026-12-18,0.4602739726027397,28.75,0.001238472037316722,-0.18449649975154303,-40839.72670990928,592.2899780273438,-0.04540186788465472,2026-07-03
SMH261218P00470000,2026-07-02 17:48:11+00:00,470.0,32.43,28.95,31.55,6.99,27.476416,104.0,2532,0.5345963288879396,False,REGULAR,USD,SMH,put,2026-12-18,0.4602739726027397,30.25,0.001272271237311647,-0.19222033623483448,-1130087.7796313858,592.2899780273438,-0.04540186788465472,2026-07-03
SMH261218P00475000,2026-07-02 18:15:00+00:00,475.0,33.0,29.9,32.9,6.5300007,24.66944,111.0,1520,0.5303391693115236,False,REGULAR,USD,SMH,put,2026-12-18,0.4602739726027397,31.4,0.001310630065802825,-0.19921900605298926,-698863.6991356388,592.2899780273438,-0.04540186788465472,2026-07-03
SMH261218P00480000,2026-07-02 18:15:22+00:00,480.0,35.02,31.3,34.35,7.620001,27.810223,5.0,782,0.5281114083862305,False,REGULAR,USD,SMH,put,2026-12-18,0.4602739726027397,32.825,0.0013462163286803738,-0.20689684629337735,-369309.4114044419,592.2899780273438,-0.04540186788465472,2026-07-03
SMH261218P00485000,2026-07-02 19:17:46+00:00,485.0,36.56,33.1,35.8,9.060001,32.94546,8.0,122,0.5271806315612793,False,REGULAR,USD,SMH,put,2026-12-18,0.4602739726027397,34.45,0.0013794451092588684,-0.21503478123456332,-59038.18841237845,592.2899780273438,-0.04540186788465472,2026-07-03
SMH261218P00490000,2026-06-30 19:26:40+00:00,490.0,25.26,34.15,37.3,0.0,0.0,6.0,222,0.5230607997131347,False,REGULAR,USD,SMH,put,2026-12-18,0.4602739726027397,35.724999999999994,0.0014181004928801087,-0.2225591149242443,-110440.59828909009,592.2899780273438,-0.04540186788465472,2026-07-03
SMH261218P00495000,2026-06-30 19:28:16+00:00,495.0,26.44,35.65,38.85,0.0,0.0,4.0,551,0.5206346765136718,False,REGULAR,USD,SMH,put,2026-12-18,0.4602739726027397,37.25,0.0014536787105519497,-0.2306388056649724,-280988.6626100897,592.2899780273438,-0.04540186788465472,2026-07-03
SMH261218P00500000,2026-07-02 19:56:20+00:00,500.0,40.04,37.65,40.35,6.1399994,18.112091,494.0,2212,0.5196276065063475,False,REGULAR,USD,SMH,put,2026-12-18,0.4602739726027397,39.0,0.0014860235308047666,-0.23916850793066935,-1153133.4686141047,592.2899780273438,-0.04540186788465472,2026-07-03
SMH261218P00505000,2026-07-02 19:07:12+00:00,505.0,43.55,38.8,42.1,9.469997,27.787548,1.0,117,0.5159655337524415,False,REGULAR,USD,SMH,put,2026-12-18,0.4602739726027397,40.45,0.0015237804798497125,-0.24727405176487394,-62542.75901375139,592.2899780273438,-0.04540186788465472,2026-07-03
SMH261218P00510000,2026-07-01 19:51:56+00:00,510.0,41.06,40.75,43.8,4.6100006,12.647464,137.0,231,0.5148211360168458,False,REGULAR,USD,SMH,put,2026-12-18,0.4602739726027397,42.275,0.0015555046710241116,-0.2560323611938795,-126052.67538871647,592.2899780273438,-0.04540186788465472,2026-07-03
SMH261218P00515000,2026-07-02 19:07:12+00:00,515.0,47.1,42.15,45.55,6.449997,15.867149,2.0,36,0.5114947532653809,False,REGULAR,USD,SMH,put,2026-12-18,0.4602739726027397,43.849999999999994,0.0015921142211854408,-0.26450720162515173,-20106.91725153086,592.2899780273438,-0.04540186788465472,2026-07-03
SMH261218P00520000,2026-07-02 19:58:47+00:00,520.0,46.75,44.2,47.35,8.310001,21.61811,8.0,1005,0.5103961314392089,False,REGULAR,USD,SMH,put,2026-12-18,0.4602739726027397,45.775000000000006,0.0016225879111078474,-0.27351473536073845,-572061.9550684355,592.2899780273438,-0.04540186788465472,2026-07-03
SMH261218P00525000,2026-07-01 16:16:01+00:00,525.0,39.85,45.7,49.2,0.0,0.0,27.0,60,0.5071613005065918,False,REGULAR,USD,SMH,put,2026-12-18,0.4602739726027397,47.45,0.001658310729115735,-0.28229244319377944,-34904.86231449453,592.2899780273438,-0.04540186788465472,2026-07-03
SMH261218P00530000,2026-07-02 19:09:53+00:00,530.0,52.6,47.55,51.05,11.799999,28.921568,4.0,145,0.5048725050354004,False,REGULAR,USD,SMH,put,2026-12-18,0.4602739726027397,49.3,0.0016909687865826837,-0.2913563421681732,-86014.63713881465,592.2899780273438,-0.04540186788465472,2026-07-03
SMH261218P00535000,2026-07-02 19:18:09+00:00,535.0,54.65,49.45,53.0,11.800003,27.53793,14.0,316,0.5027973304748536,False,REGULAR,USD,SMH,put,2026-12-18,0.4602739726027397,51.225,0.0017223985145364273,-0.3005717121798741,-190936.73554488018,592.2899780273438,-0.04540186788465472,2026-07-03
SMH261218P00540000,2026-07-02 19:17:52+00:00,540.0,56.55,51.5,55.0,12.450001,28.231297,48.0,4544,0.5010731045532227,False,REGULAR,USD,SMH,put,2026-12-18,0.4602739726027397,53.25,0.001752025656642774,-0.3099402891119798,-2792849.62477757,592.2899780273438,-0.04540186788465472,2026-07-03
SMH261218P00545000,2026-07-02 19:18:09+00:00,545.0,58.85,53.6,57.5,11.799999,25.0797,17.0,49,0.500905259552002,False,REGULAR,USD,SMH,put,2026-12-18,0.4602739726027397,55.55,0.0017756525992368064,-0.31955244362350166,-30522.693082791815,592.2899780273438,-0.04540186788465472,2026-07-03
SMH261218P00550000,2026-07-02 19:04:32+00:00,550.0,60.5,55.55,59.1,11.779999,24.178978,1229.0,304,0.5087481986999511,False,REGULAR,USD,SMH,put,2026-12-18,0.4602739726027397,57.325,0.001771011026620149,-0.3297723318886625,-188870.27691000112,592.2899780273438,-0.04540186788465472,2026-07-03
SMH261218P00555000,2026-07-02 17:41:20+00:00,555.0,62.58,57.45,61.25,15.230003,32.164738,2.0,231,0.5067950932312011,False,REGULAR,USD,SMH,put,2026-12-18,0.4602739726027397,59.35,0.0017976723024520302,-0.3392205883232955,-145677.09594024083,592.2899780273438,-0.04540186788465472,2026-07-03
SMH261218P00560000,2026-07-02 18:06:02+00:00,560.0,65.11,59.95,63.45,21.0,47.60825,18.0,777,0.504864875717163,False,REGULAR,USD,SMH,put,2026-12-18,0.4602739726027397,61.7,0.0018234231314932126,-0.3487565334366376,-497023.87035031995,592.2899780273438,-0.04540186788465472,2026-07-03
SMH261218P00565000,2026-07-01 19:07:10+00:00,565.0,54.25,62.05,65.7,0.0,0.0,6.0,60,0.502957546157837,False,REGULAR,USD,SMH,put,2026-12-18,0.4602739726027397,63.875,0.001848218345157897,-0.358374504575399,-38902.122341847906,592.2899780273438,-0.04540186788465472,2026-07-03
SMH261218P00570000,2026-07-02 19:44:32+00:00,570.0,69.13,64.3,68.0,13.279999,23.777975,4.0,1365,0.5010731045532227,False,REGULAR,USD,SMH,put,2026-12-18,0.4602739726027397,66.15,0.0018720142728039094,-0.36806867426895806,-896418.0138125696,592.2899780273438,-0.04540186788465472,2026-07-03
SMH261218P00575000,2026-07-02 19:17:46+00:00,575.0,71.65,66.75,70.35,13.400002,23.004295,275.0,1133,0.49919629226684575,False,REGULAR,USD,SMH,put,2026-12-18,0.4602739726027397,68.55,0.0018948273010213365,-0.377833379845376,-753127.1630936029,592.2899780273438,-0.04540186788465472,2026-07-03
SMH261218P00580000,2026-07-02 17:21:50+00:00,580.0,73.71,68.95,72.7,13.619999,22.666,30.0,93,0.49702956588745123,False,REGULAR,USD,SMH,put,2026-12-18,0.4602739726027397,70.825,0.0019177853469526235,-0.38767526769585126,-62567.91931614536,592.2899780273438,-0.04540186788465472,2026-07-03
SMH261218P00585000,2026-07-02 19:14:42+00:00,585.0,77.19,71.75,75.15,17.940002,30.278486,13.0,51,0.4951985295104981,False,REGULAR,USD,SMH,put,2026-12-18,0.4602739726027397,73.45,0.0019384256085374883,-0.39756917817308435,-34680.71822560332,592.2899780273438,-0.04540186788465472,2026-07-03
SMH261218P00590000,2026-07-02 17:21:11+00:00,590.0,78.53,73.5,77.65,13.830002,21.375584,47.0,95,0.49338275177001967,False,REGULAR,USD,SMH,put,2026-12-18,0.4602739726027397,75.575,0.001957940617097675,-0.40751586842375653,-65251.70879905314,592.2899780273438,-0.04540186788465472,2026-07-03
SMH261218P00595000,2026-07-02 17:20:45+00:00,595.0,81.14,76.0,80.2,8.659996,11.948117,15.0,85,0.49159749130249025,True,REGULAR,USD,SMH,put,2026-12-18,0.4602739726027397,78.1,0.001976234397637289,-0.41750779600978594,-58928.60335585605,592.2899780273438,-0.04540186788465472,2026-07-03
SMH261218P00600000,2026-07-02 18:13:10+00:00,600.0,83.4,79.15,82.65,14.200005,20.520239,43.0,2418,0.4888814540100099,True,REGULAR,USD,SMH,put,2026-12-18,0.4602739726027397,80.9,0.0019972997819509204,-0.4276531406006663,-1694214.2075241455,592.2899780273438,-0.04540186788465472,2026-07-03
SMH261218P00605000,2026-07-01 19:41:09+00:00,605.0,72.3,81.15,85.45,0.0,0.0,1.0,89,0.4880651169586182,True,REGULAR,USD,SMH,put,2026-12-18,0.4602739726027397,83.30000000000001,0.0020092524272421943,-0.4376065894633241,-62732.59840669433,592.2899780273438,-0.04540186788465472,2026-07-03
SMH261218P00610000,2026-07-02 16:33:39+00:00,610.0,87.7,83.8,88.15,14.099998,19.157606,4.0,87,0.48633326171875,True,REGULAR,USD,SMH,put,2026-12-18,0.4602739726027397,85.975,0.0020238570289288892,-0.4476988554295076,-61768.61312122599,592.2899780273438,-0.04540186788465472,2026-07-03
SMH261218P00615000,2026-07-02 18:13:10+00:00,615.0,91.52,86.95,90.9,26.75,41.299988,78.0,534,0.48460903579711917,True,REGULAR,USD,SMH,put,2026-12-18,0.4602739726027397,88.92500000000001,0.0020372235273592052,-0.45781344926074374,-381635.4491065326,592.2899780273438,-0.04540186788465472,2026-07-03
SMH261218P00620000,2026-07-02 17:27:57+00:00,620.0,95.1,89.25,93.7,19.849998,26.378736,98.0,43,0.48291532714843755,True,REGULAR,USD,SMH,put,2026-12-18,0.4602739726027397,91.475,0.0020492317536070326,-0.46793984314541914,-30912.085122071236,592.2899780273438,-0.04540186788465472,2026-07-03
SMH261218P00625000,2026-07-02 17:26:49+00:00,625.0,97.88,92.05,96.55,25.439995,35.11871,10.0,47,0.4812445064544677,True,REGULAR,USD,SMH,put,2026-12-18,0.4602739726027397,94.3,0.002059894641522149,-0.47807240316855426,-33963.43707252276,592.2899780273438,-0.04540186788465472,2026-07-03
SMH261218P00630000,2026-07-01 14:31:01+00:00,630.0,80.0,95.0,99.45,0.0,0.0,1.0,24,0.47958894439697264,True,REGULAR,USD,SMH,put,2026-12-18,0.4602739726027397,97.225,0.0020692286172456255,-0.48820612356342263,-17421.617966780876,592.2899780273438,-0.04540186788465472,2026-07-03
SMH261218P00635000,2026-07-02 16:15:46+00:00,635.0,99.75,97.8,102.4,6.1500015,6.570514,3.0,37,0.4779715289306641,True,REGULAR,USD,SMH,put,2026-12-18,0.4602739726027397,100.1,0.0020771202180715296,-0.49832849087399356,-26960.759686864112,592.2899780273438,-0.04540186788465472,2026-07-03
SMH261218P00640000,2026-07-02 15:35:55+00:00,640.0,100.92,101.25,105.4,24.869995,32.702164,7.0,38,0.47636937210083,True,REGULAR,USD,SMH,put,2026-12-18,0.4602739726027397,103.325,0.0020836581934626707,-0.5084382634923704,-27776.584537712693,592.2899780273438,-0.04540186788465472,2026-07-03
SMH261218P00645000,2026-07-01 20:12:12+00:00,645.0,94.33,103.7,108.4,1.0200043,1.093135,2.0,38,0.47449255981445315,True,REGULAR,USD,SMH,put,2026-12-18,0.4602739726027397,106.05000000000001,0.0020900888478870925,-0.5186188015632602,-27862.309546168097,592.2899780273438,-0.04540186788465472,2026-07-03
SMH261218P00650000,2026-07-01 13:35:50+00:00,650.0,93.0,107.0,111.5,0.0,0.0,1.0,28,0.47295143753051755,True,REGULAR,USD,SMH,put,2026-12-18,0.4602739726027397,109.25,0.002093759053415205,-0.5286803292768738,-20566.17381259535,592.2899780273438,-0.04540186788465472,2026-07-03
SMH261218P00655000,2026-06-24 18:08:08+00:00,655.0,104.9,110.0,114.65,0.0,0.0,1.0,24,0.47145609115600584,True,REGULAR,USD,SMH,put,2026-12-18,0.4602739726027397,112.325,0.0020959289494455326,-0.5386982767686952,-17646.418157197775,592.2899780273438,-0.04540186788465472,2026-07-03
SMH261218P00660000,2026-06-23 19:09:24+00:00,660.0,104.85,113.0,117.85,0.0,0.0,4.0,18,0.4699912620544434,True,REGULAR,USD,SMH,put,2026-12-18,0.4602739726027397,115.425,0.0020966678068907183,-0.5486702394789614,-13239.479158006367,592.2899780273438,-0.04540186788465472,2026-07-03
SMH261218P00665000,2026-07-02 17:21:50+00:00,665.0,122.39,116.15,121.0,16.04,15.082275,85.0,7,0.46793134613037113,True,REGULAR,USD,SMH,put,2026-12-18,0.4602739726027397,118.575,0.0020985918082847515,-0.558834555783221,-5153.411016954548,592.2899780273438,-0.04540186788465472,2026-07-03
SMH261218P00670000,2026-07-02 17:23:35+00:00,670.0,125.97,119.6,124.35,11.870003,10.403158,5.0,5,0.4668632415771484,True,REGULAR,USD,SMH,put,2026-12-18,0.4602739726027397,121.975,0.002095072997071696,-0.5685676600848016,-3674.835743871581,592.2899780273438,-0.04540186788465472,2026-07-03
SMH261218P00675000,2026-07-02 13:33:54+00:00,675.0,110.21,123.0,127.5,5.760002,5.514602,4.0,1,0.4642387561035156,True,REGULAR,USD,SMH,put,2026-12-18,0.4602739726027397,125.25,0.002096613750501661,-0.5789066397005327,-735.5076565069672,592.2899780273438,-0.04540186788465472,2026-07-03
SMH261218P00680000,2026-07-02 18:01:12+00:00,680.0,134.5,126.05,131.0,25.550003,23.451128,7.0,212,0.46358263473510747,True,REGULAR,USD,SMH,put,2026-12-18,0.4602739726027397,128.525,0.0020888810719259378,-0.5883450140165318,-155352.53480622047,592.2899780273438,-0.04540186788465472,2026-07-03
SMH261218P00695000,2026-07-02 17:31:31+00:00,695.0,143.22,136.55,141.5,23.239998,19.369892,46.0,3,0.4600426310729981,True,REGULAR,USD,SMH,put,2026-12-18,0.4602739726027397,139.025,0.0020647753691303964,-0.6168916866526277,-2173.015548427602,592.2899780273438,-0.04540186788465472,2026-07-03
SMH261218P00700000,2026-07-02 17:29:47+00:00,700.0,147.19,140.05,145.0,24.190002,19.666668,34.0,11,0.45833366378784185,True,REGULAR,USD,SMH,put,2026-12-18,0.4602739726027397,142.525,0.002056268778370215,-0.6265202467244294,-7934.89775101499,592.2899780273438,-0.04540186788465472,2026-07-03
SMH261218P00705000,2026-06-04 17:58:34+00:00,705.0,122.95,143.55,148.5,0.0,0.0,0.0,21,0.4563500410461426,True,REGULAR,USD,SMH,put,2026-12-18,0.4602739726027397,146.025,0.002047447736196268,-0.6362267897768447,-15083.456933404008,592.2899780273438,-0.04540186788465472,2026-07-03
SMH261218P00715000,2026-06-04 17:46:47+00:00,715.0,129.95,150.55,155.5,0.0,0.0,2.0,1,0.451528311920166,True,REGULAR,USD,SMH,put,2026-12-18,0.4602739726027397,153.025,0.0020286119868087905,-0.655929383785005,-711.652133361554,592.2899780273438,-0.04540186788465472,2026-07-03
SMH261218P00725000,2026-06-04 14:03:57+00:00,725.0,150.5,158.05,163.0,0.0,0.0,0.0,2,0.4490564128112792,True,REGULAR,USD,SMH,put,2026-12-18,0.4602739726027397,160.525,0.0019972209996126588,-0.6739545845285628,-1401.2798843851192,592.2899780273438,-0.04540186788465472,2026-07-03
SMH261218P00770000,2026-05-06 19:41:26+00:00,770.0,226.05,190.05,195.0,0.0,0.0,0.0,1,0.4088804229736328,True,REGULAR,USD,SMH,put,2026-12-18,0.4602739726027397,192.525,0.0018454026133256833,-0.7706048504709406,-647.380926083424,592.2899780273438,-0.04540186788465472,2026-07-03
SMH261218P00775000,2026-06-22 14:32:50+00:00,775.0,155.2,197.5,202.0,0.0,0.0,6.0,6,0.43182941223144533,True,REGULAR,USD,SMH,put,2026-12-18,0.4602739726027397,199.75,0.0017888837861767773,-0.7606535763396427,-3765.322213553277,592.2899780273438,-0.04540186788465472,2026-07-03
SMH261218P00785000,2026-06-10 15:27:19+00:00,785.0,221.0,205.55,210.5,0.0,0.0,0.0,1,0.4309138940429688,True,REGULAR,USD,SMH,put,2026-12-18,0.4602739726027397,208.025,0.0017333980370658002,-0.7746917782236787,-608.0888898734873,592.2899780273438,-0.04540186788465472,2026-07-03
SMH261218P00790000,2026-05-28 16:02:08+00:00,790.0,203.8,209.55,214.5,0.0,0.0,0.0,1,0.4278926840209961,True,REGULAR,USD,SMH,put,2026-12-18,0.4602739726027397,212.025,0.0017068030908478893,-0.7833750732077085,-598.7591854570281,592.2899780273438,-0.04540186788465472,2026-07-03
SMH261218P00800000,2026-06-24 19:14:03+00:00,800.0,212.0,218.05,223.0,0.0,0.0,5.0,10,0.4254665608215333,True,REGULAR,USD,SMH,put,2026-12-18,0.4602739726027397,220.525,0.0016489333114416472,-0.7976733744400053,-5784.580375591495,592.2899780273438,-0.04540186788465472,2026-07-03
SMH261218P00820000,2026-05-19 17:09:47+00:00,820.0,272.51,235.5,240.0,0.0,0.0,0.0,0,0.41739474212646477,True,REGULAR,USD,SMH,put,2026-12-18,0.4602739726027397,237.75,0.0015260080475648025,-0.8269506203656329,-0.0,592.2899780273438,-0.04540186788465472,2026-07-03
