contractSymbol,lastTradeDate,strike,last_price,bid,ask,change,percentChange,volume,oi,iv,inTheMoney,contractSize,currency,ticker,type,expiration,T,mid,gamma,delta,public_gex,spot,underlying_return,snapshot_date
SMH260911C00375000,2026-09-04 19:55:12+00:00,375.0,192.6,191.65,195.25,0.0,0.0,2.0,1,4.520512161865234,True,REGULAR,USD,SMH,call,2026-09-11,0.0027397260273972603,193.45,0.0005089953119611317,0.9697715304171501,164.5207193561642,568.530029296875,0.01472477969695496,2026-09-11
SMH260911C00410000,2026-08-19 13:55:16+00:00,410.0,152.0,156.65,160.25,0.0,0.0,0.0,1,3.685547661132813,True,REGULAR,USD,SMH,call,2026-09-11,0.0027397260273972603,158.45,0.000730824722990751,0.9633996118173647,236.22184001350746,568.530029296875,0.01472477969695496,2026-09-11
SMH260911C00420000,2026-09-10 14:39:20+00:00,420.0,144.08,146.65,150.25,0.0,0.0,2.0,13,3.4570326074218753,True,REGULAR,USD,SMH,call,2026-09-11,0.0027397260273972603,148.45,0.0008175994884800779,0.9611738541431472,3435.5065494261335,568.530029296875,0.01472477969695496,2026-09-11
SMH260911C00425000,2026-09-11 19:33:43+00:00,425.0,144.06,141.65,145.25,-7.169998,-4.741122,1.0,3,3.3447282006835932,True,REGULAR,USD,SMH,call,2026-09-11,0.0027397260273972603,143.45,0.0008666022443762296,0.9599532173712207,840.3261559980599,568.530029296875,0.01472477969695496,2026-09-11
SMH260911C00430000,2026-09-08 17:47:48+00:00,430.0,146.24,136.65,140.25,0.0,0.0,2.0,1,3.232423793945312,True,REGULAR,USD,SMH,call,2026-09-11,0.0027397260273972603,138.45,0.0009193474352307647,0.9587039328232225,297.1573565179712,568.530029296875,0.01472477969695496,2026-09-11
SMH260911C00440000,2026-09-10 19:33:09+00:00,440.0,120.4,126.65,130.25,0.0,0.0,2.0,2,3.0117212207031248,True,REGULAR,USD,SMH,call,2026-09-11,0.0027397260273972603,128.45,0.0010400698029477886,0.9559246160120073,672.3560242718338,568.530029296875,0.01472477969695496,2026-09-11
SMH260911C00450000,2026-09-10 14:41:33+00:00,450.0,113.86,116.65,120.25,0.0,0.0,2.0,1,2.793948327636719,True,REGULAR,USD,SMH,call,2026-09-11,0.0027397260273972603,118.45,0.0011845943375971037,0.952800485408642,382.8921563458264,568.530029296875,0.01472477969695496,2026-09-11
SMH260911C00455000,2026-09-10 15:14:46+00:00,455.0,109.24,111.65,115.25,0.0,0.0,4.0,2,2.685550161132813,True,REGULAR,USD,SMH,call,2026-09-11,0.0027397260273972603,113.45,0.0012675268941035735,0.9511140145781688,819.3962950964418,568.530029296875,0.01472477969695496,2026-09-11
SMH260911C00465000,2026-09-10 18:01:31+00:00,465.0,98.32,101.65,105.25,0.0,0.0,5.0,4,2.4716835083007815,True,REGULAR,USD,SMH,call,2026-09-11,0.0027397260273972603,103.45,0.0014619112374398494,0.9473086941938438,1890.1131917445286,568.530029296875,0.01472477969695496,2026-09-11
SMH260911C00480000,2026-09-11 15:24:08+00:00,480.0,90.72,86.65,90.25,6.5599976,7.7946734,3.0,4,2.1543014892578123,True,REGULAR,USD,SMH,call,2026-09-11,0.0027397260273972603,88.45,0.0018474924212463046,0.9404391472999558,2388.6332546160197,568.530029296875,0.01472477969695496,2026-09-11
SMH260911C00485000,2026-09-11 19:44:39+00:00,485.0,83.0,81.65,85.25,4.239998,5.3834405,2.0,3,2.0493212829589846,True,REGULAR,USD,SMH,call,2026-09-11,0.0027397260273972603,83.45,0.002010650918632335,0.9377384834088849,1949.6863393475683,568.530029296875,0.01472477969695496,2026-09-11
SMH260911C00487500,2026-09-11 14:34:00+00:00,487.5,82.18,79.15,82.75,18.630001,29.315502,1.0,1,1.9970703271484376,True,REGULAR,USD,SMH,call,2026-09-11,0.0027397260273972603,80.95,0.0021007428510119775,0.9362825947483201,679.0155368998801,568.530029296875,0.01472477969695496,2026-09-11
SMH260911C00490000,2026-09-09 16:25:46+00:00,490.0,83.37,76.65,80.25,0.0,0.0,10.0,1,1.9443362158203126,True,REGULAR,USD,SMH,call,2026-09-11,0.0027397260273972603,78.45,0.0021964504335969456,0.9348067188655046,709.9507537175958,568.530029296875,0.01472477969695496,2026-09-11
SMH260911C00495000,2026-09-10 16:59:08+00:00,495.0,68.38,71.65,75.25,0.0,0.0,5.0,8,1.8398445507812498,True,REGULAR,USD,SMH,call,2026-09-11,0.0027397260273972603,73.45,0.0024104064040694714,0.9315503222119044,6232.855764588999,568.530029296875,0.01472477969695496,2026-09-11
SMH260911C00500000,2026-09-10 17:09:14+00:00,500.0,64.35,66.65,70.25,0.0,0.0,7.0,14,1.7353528857421874,True,REGULAR,USD,SMH,call,2026-09-11,0.0027397260273972603,68.45,0.0026581988488296317,0.9279538768464752,12028.800406091046,568.530029296875,0.01472477969695496,2026-09-11
SMH260911C00502500,2026-09-02 16:43:14+00:00,502.5,49.35,64.15,67.75,0.0,0.0,0.0,2,1.6831070532226562,True,REGULAR,USD,SMH,call,2026-09-11,0.0027397260273972603,65.95,0.0027972582133645803,0.9260056047342969,1808.2953719731784,568.530029296875,0.01472477969695496,2026-09-11
SMH260911C00505000,2026-09-11 14:43:15+00:00,505.0,63.13,61.65,65.25,17.2,37.44829,3.0,5,1.6308612207031248,True,REGULAR,USD,SMH,call,2026-09-11,0.0027397260273972603,63.45,0.002948055476897287,0.9239426035243791,4764.4467086767445,568.530029296875,0.01472477969695496,2026-09-11
SMH260911C00510000,2026-09-11 16:00:53+00:00,510.0,61.6,56.65,60.25,5.609997,10.019641,1.0,1,1.5258812768554684,True,REGULAR,USD,SMH,call,2026-09-11,0.0027397260273972603,58.45,0.0032900863725692166,0.9194809376614022,1063.4427548525919,568.530029296875,0.01472477969695496,2026-09-11
SMH260911C00512500,2026-09-01 16:05:53+00:00,512.5,37.8,54.15,57.75,0.0,0.0,0.0,2,1.4736354443359376,True,REGULAR,USD,SMH,call,2026-09-11,0.0027397260273972603,55.95,0.0034859022222043677,0.9169891585176173,2253.471211719562,568.530029296875,0.01472477969695496,2026-09-11
SMH260911C00515000,2026-09-11 14:32:58+00:00,515.0,54.88,52.05,55.25,17.93,48.525032,11.0,2,0.85937640625,True,REGULAR,USD,SMH,call,2026-09-11,0.0027397260273972603,53.65,0.0013174615669947754,0.9869025336536424,851.6767036260301,568.530029296875,0.01472477969695496,2026-09-11
SMH260911C00517500,2026-09-01 16:06:27+00:00,517.5,33.15,49.15,52.75,0.0,0.0,2.0,2,1.3684113610839845,True,REGULAR,USD,SMH,call,2026-09-11,0.0027397260273972603,50.95,0.0039367364287172845,0.9115464898107211,2544.914241637034,568.530029296875,0.01472477969695496,2026-09-11
SMH260911C00520000,2026-09-03 14:12:37+00:00,520.0,25.88,46.65,50.25,0.0,0.0,4.0,10,1.315677249755859,True,REGULAR,USD,SMH,call,2026-09-11,0.0027397260273972603,48.45,0.004198350128126969,0.9085151337203154,13570.175735552513,568.530029296875,0.01472477969695496,2026-09-11
SMH260911C00522500,2026-08-20 14:29:10+00:00,522.5,47.5,44.15,47.75,0.0,0.0,1.0,3,1.2626989990234374,True,REGULAR,USD,SMH,call,2026-09-11,0.0027397260273972603,45.95,0.004488883663821803,0.9052635571425494,4352.777042086934,568.530029296875,0.01472477969695496,2026-09-11
SMH260911C00525000,2026-09-11 14:31:48+00:00,525.0,45.12,41.65,45.25,4.0200005,9.781024,1.0,14,1.2094766088867184,True,REGULAR,USD,SMH,call,2026-09-11,0.0027397260273972603,43.45,0.004813210907232219,0.9017580344847183,21780.59528579214,568.530029296875,0.01472477969695496,2026-09-11
SMH260911C00527500,2026-09-03 13:53:55+00:00,527.5,21.25,39.15,42.75,0.0,0.0,4.0,4,1.15625421875,True,REGULAR,USD,SMH,call,2026-09-11,0.0027397260273972603,40.95,0.0051779123265377185,0.897911910101699,6694.551723416947,568.530029296875,0.01472477969695496,2026-09-11
SMH260911C00530000,2026-09-11 16:20:51+00:00,530.0,42.2,37.1,39.65,11.050001,35.47352,3.0,38,0.9829103271484375,True,REGULAR,USD,SMH,call,2026-09-11,0.0027397260273972603,38.375,0.005177176014498797,0.9180232384467073,63589.19754401747,568.530029296875,0.01472477969695496,2026-09-11
SMH260911C00532500,2026-09-11 16:20:51+00:00,532.5,39.72,34.15,37.75,22.69,133.23546,2.0,11,1.0488328808593752,True,REGULAR,USD,SMH,call,2026-09-11,0.0027397260273972603,35.95,0.006057817691713944,0.8891526333728774,21538.512262170312,568.530029296875,0.01472477969695496,2026-09-11
SMH260911C00535000,2026-09-11 15:18:19+00:00,535.0,35.71,31.65,35.25,4.5699997,14.675657,14.0,25,0.9946289599609376,True,REGULAR,USD,SMH,call,2026-09-11,0.0027397260273972603,33.45,0.006594195421453698,0.8841026058718828,53285.45022019433,568.530029296875,0.01472477969695496,2026-09-11
SMH260911C00537500,2026-09-11 15:20:15+00:00,537.5,32.71,29.75,32.0,15.209999,86.914276,4.0,144,0.8007832421875,True,REGULAR,USD,SMH,call,2026-09-11,0.0027397260273972603,30.875,0.0066162747200601,0.9134962053751697,307951.8654071603,568.530029296875,0.01472477969695496,2026-09-11
SMH260911C00540000,2026-09-11 17:44:30+00:00,540.0,32.0,26.65,30.25,10.299999,47.46543,27.0,53,0.88476677734375,True,REGULAR,USD,SMH,call,2026-09-11,0.0027397260273972603,28.45,0.007936518283150819,0.8722829264416446,135960.48592493247,568.530029296875,0.01472477969695496,2026-09-11
SMH260911C00542500,2026-09-11 14:20:52+00:00,542.5,26.98,24.15,27.75,4.8500004,21.915953,80.0,98,0.8291032714843749,True,REGULAR,USD,SMH,call,2026-09-11,0.0027397260273972603,25.95,0.008789365178505242,0.8652370913541518,278413.5717782178,568.530029296875,0.01472477969695496,2026-09-11
SMH260911C00545000,2026-09-11 18:34:14+00:00,545.0,26.7,22.25,24.65,6.5,32.178215,129.0,1276,0.6765169067382814,True,REGULAR,USD,SMH,call,2026-09-11,0.0027397260273972603,23.45,0.009478677003598142,0.8877151730572688,3909355.9605543395,568.530029296875,0.01472477969695496,2026-09-11
SMH260911C00547500,2026-09-11 14:36:19+00:00,547.5,21.55,19.3,22.75,6.0699997,39.211887,90.0,158,0.7155790161132812,True,REGULAR,USD,SMH,call,2026-09-11,0.0027397260273972603,21.025,0.011045402625119265,0.8480178219691721,564086.1747761886,568.530029296875,0.01472477969695496,2026-09-11
SMH260911C00550000,2026-09-11 19:55:22+00:00,550.0,18.5,16.5,19.5,4.83,35.332844,115.0,457,0.5454147021484376,True,REGULAR,USD,SMH,call,2026-09-11,0.0027397260273972603,18.0,0.012269631012130232,0.8807624790546689,1812401.9457974155,568.530029296875,0.01472477969695496,2026-09-11
SMH260911C00552500,2026-09-11 16:45:41+00:00,552.5,17.9,14.15,17.75,4.3999996,32.59259,2.0,164,0.5981485498046876,True,REGULAR,USD,SMH,call,2026-09-11,0.0027397260273972603,15.95,0.014507915437539699,0.8245038072397054,769051.955883732,568.530029296875,0.01472477969695496,2026-09-11
SMH260911C00555000,2026-09-11 19:28:12+00:00,555.0,14.25,11.7,15.15,4.6000004,47.6684,53.0,140,0.5251512329101562,True,REGULAR,USD,SMH,call,2026-09-11,0.0027397260273972603,13.425,0.017118868239380608,0.8143333755978115,774657.8075614774,568.530029296875,0.01472477969695496,2026-09-11
SMH260911C00557500,2026-09-11 19:28:12+00:00,557.5,12.11,9.9,12.15,4.0599995,50.434772,28.0,61,0.40161731201171874,True,REGULAR,USD,SMH,call,2026-09-11,0.0027397260273972603,11.025,0.021304100528143938,0.8283588136816704,420048.9033345548,568.530029296875,0.01472477969695496,2026-09-11
SMH260911C00560000,2026-09-11 19:59:45+00:00,560.0,8.5,7.45,9.5,2.94,52.877697,41.0,307,0.3232489550781249,True,REGULAR,USD,SMH,call,2026-09-11,0.0027397260273972603,8.475,0.02745183298984897,0.8181710607393133,2724059.19649098,568.530029296875,0.01472477969695496,2026-09-11
SMH260911C00562500,2026-09-11 19:25:26+00:00,562.5,7.08,4.55,6.95,2.98,72.68293,63.0,322,0.2563550927734375,True,REGULAR,USD,SMH,call,2026-09-11,0.0027397260273972603,5.75,0.03768359140339049,0.7908979602494985,3922066.7012326526,568.530029296875,0.01472477969695496,2026-09-11
SMH260911C00565000,2026-09-11 20:02:22+00:00,565.0,3.08,2.06,4.65,0.00999999,0.3257326,307.0,735,0.21106745971679686,True,REGULAR,USD,SMH,call,2026-09-11,0.0027397260273972603,3.3550000000000004,0.05370707611772147,0.7187773615516215,12759265.249554453,568.530029296875,0.01472477969695496,2026-09-11
SMH260911C00567500,2026-09-11 19:57:26+00:00,567.5,0.82,0.0,2.43,-1.73,-67.84314,434.0,1159,0.1577232666015625,True,REGULAR,USD,SMH,call,2026-09-11,0.0027397260273972603,1.215,0.08264270298427578,0.5936937224365554,30959559.053643,568.530029296875,0.01472477969695496,2026-09-11
SMH260911C00570000,2026-09-11 20:00:50+00:00,570.0,0.01,0.0,0.1,-1.6,-99.37888,2303.0,3104,0.04615211669921875,False,REGULAR,USD,SMH,call,2026-09-11,0.0027397260273972603,0.05,0.1722448248963145,0.15330599163873737,172812324.68088552,568.530029296875,0.01472477969695496,2026-09-11
SMH260911C00572500,2026-09-11 19:54:36+00:00,572.5,0.01,0.0,0.01,-1.2,-99.17355,1329.0,348,0.06153282226562501,False,REGULAR,USD,SMH,call,2026-09-11,0.0027397260273972603,0.005,0.02278939432950312,0.01679746783175889,2563414.5468818643,568.530029296875,0.01472477969695496,2026-09-11
SMH260911C00575000,2026-09-11 19:54:28+00:00,575.0,0.02,0.0,0.21,-0.8,-97.560974,3807.0,1152,0.16309430664062502,False,REGULAR,USD,SMH,call,2026-09-11,0.0027397260273972603,0.105,0.034922145998907715,0.09536086919243819,13003498.747448795,568.530029296875,0.01472477969695496,2026-09-11
SMH260911C00577500,2026-09-11 19:25:10+00:00,577.5,0.01,0.0,0.22,-0.5,-98.039215,307.0,210,0.2104571142578125,False,REGULAR,USD,SMH,call,2026-09-11,0.0027397260273972603,0.11,0.023719652789585793,0.07991882036700143,1610031.7470605911,568.530029296875,0.01472477969695496,2026-09-11
SMH260911C00580000,2026-09-11 20:00:31+00:00,580.0,0.04,0.0,0.02,-0.3,-88.2353,650.0,2730,0.16797707031250003,False,REGULAR,USD,SMH,call,2026-09-11,0.0027397260273972603,0.01,0.0062800131246852665,0.012070081475733251,5541534.174261465,568.530029296875,0.01472477969695496,2026-09-11
SMH260911C00582500,2026-09-11 19:45:15+00:00,582.5,0.02,0.0,0.05,-0.23,-92.0,101.0,182,0.225593681640625,False,REGULAR,USD,SMH,call,2026-09-11,0.0027397260273972603,0.025,0.007408941664313006,0.020644831357275403,435847.32083350833,568.530029296875,0.01472477969695496,2026-09-11
SMH260911C00585000,2026-09-11 19:47:56+00:00,585.0,0.01,0.0,0.22,-0.11,-91.66667,427.0,2105,0.334967587890625,False,REGULAR,USD,SMH,call,2026-09-11,0.0027397260273972603,0.11,0.010883948085522416,0.05328752344361622,7405346.414874795,568.530029296875,0.01472477969695496,2026-09-11
SMH260911C00587500,2026-09-11 19:30:41+00:00,587.5,0.01,0.0,0.27,-0.04,-80.00001,58.0,453,0.39014281738281253,False,REGULAR,USD,SMH,call,2026-09-11,0.0027397260273972603,0.135,0.009681408609096321,0.05572664011308483,1417566.9184132216,568.530029296875,0.01472477969695496,2026-09-11
SMH260911C00590000,2026-09-11 19:35:42+00:00,590.0,0.01,0.0,0.33,-0.049999997,-83.333336,38.0,933,0.44775942871093743,False,REGULAR,USD,SMH,call,2026-09-11,0.0027397260273972603,0.165,0.008795368524217837,0.058763542891054406,2652421.2718432993,568.530029296875,0.01472477969695496,2026-09-11
SMH260911C00592500,2026-09-11 18:14:20+00:00,592.5,0.01,0.0,2.52,-0.049999997,-83.333336,4.0,978,0.6806672558593752,False,REGULAR,USD,SMH,call,2026-09-11,0.0027397260273972603,1.26,0.010304825266683679,0.12751278347218953,3257514.1006313893,568.530029296875,0.01472477969695496,2026-09-11
SMH260911C00595000,2026-09-11 19:49:02+00:00,595.0,0.01,0.0,0.01,-0.049999997,-83.333336,50.0,5422,0.32031929687499994,False,REGULAR,USD,SMH,call,2026-09-11,0.0027397260273972603,0.005,0.0010953258669395716,0.00347432909055621,1919595.2855451482,568.530029296875,0.01472477969695496,2026-09-11
SMH260911C00597500,2026-09-11 14:58:27+00:00,597.5,0.1,0.0,0.17,0.060000002,150.0,2.0,255,0.500005,False,REGULAR,USD,SMH,call,2026-09-11,0.0027397260273972603,0.085,0.004564736115767913,0.029935119745981398,376238.0147837387,568.530029296875,0.01472477969695496,2026-09-11
SMH260911C00600000,2026-09-11 20:02:22+00:00,600.0,0.01,0.0,0.01,-0.03,-75.0,36.0,6203,0.37500625,False,REGULAR,USD,SMH,call,2026-09-11,0.0027397260273972603,0.005,0.0008623444823190182,0.003173146740839144,1728977.6825436584,568.530029296875,0.01472477969695496,2026-09-11
SMH260911C00602500,2026-09-11 14:10:08+00:00,602.5,0.01,0.0,0.01,-0.080000006,-88.88889,1.0,275,0.398443515625,False,REGULAR,USD,SMH,call,2026-09-11,0.0027397260273972603,0.005,0.000731867756715649,0.002829014469398208,65053.718411948226,568.530029296875,0.01472477969695496,2026-09-11
SMH260911C00605000,2026-09-11 16:52:34+00:00,605.0,0.01,0.0,0.05,-0.02,-66.66667,5.0,1787,0.507817421875,False,REGULAR,USD,SMH,call,2026-09-11,0.0027397260273972603,0.025,0.0017828542469237776,0.01012473830082044,1029786.537205372,568.530029296875,0.01472477969695496,2026-09-11
SMH260911C00607500,2026-09-11 13:30:08+00:00,607.5,0.02,0.0,0.22,0.01,100.0,3.0,1317,0.59570716796875,False,REGULAR,USD,SMH,call,2026-09-11,0.0027397260273972603,0.11,0.002444125924641264,0.017552511260709905,1040437.9146729812,568.530029296875,0.01472477969695496,2026-09-11
SMH260911C00610000,2026-09-11 19:42:11+00:00,610.0,0.02,0.0,0.3,0.01,100.0,65.0,1954,0.6562534375000001,False,REGULAR,USD,SMH,call,2026-09-11,0.0027397260273972603,0.15,0.002606334520621706,0.02121524023779654,1646120.1573994895,568.530029296875,0.01472477969695496,2026-09-11
SMH260911C00612500,2026-09-11 18:37:18+00:00,612.5,0.01,0.0,0.02,-0.42000002,-97.674416,1.0,69,0.500005,False,REGULAR,USD,SMH,call,2026-09-11,0.0027397260273972603,0.01,0.0004900875603141005,0.0023336558296373692,10930.237212835646,568.530029296875,0.01472477969695496,2026-09-11
SMH260911C00615000,2026-09-11 15:34:34+00:00,615.0,0.01,0.0,0.33,0.0,0.0,25.0,296,0.7304714453125,False,REGULAR,USD,SMH,call,2026-09-11,0.0027397260273972603,0.165,0.002324283907077303,0.021030736254080844,222375.89229744472,568.530029296875,0.01472477969695496,2026-09-11
SMH260911C00617500,2026-09-10 14:40:27+00:00,617.5,0.01,0.0,0.01,0.0,0.0,20.0,99,0.51562984375,False,REGULAR,USD,SMH,call,2026-09-11,0.0027397260273972603,0.005,0.00025298973155884113,0.0011678930631046304,8095.522911745831,568.530029296875,0.01472477969695496,2026-09-11
SMH260911C00620000,2026-09-11 17:26:06+00:00,620.0,0.01,0.0,0.22,-0.01,-50.0,16.0,996,0.7480493945312501,False,REGULAR,USD,SMH,call,2026-09-11,0.0027397260273972603,0.11,0.001625289216165467,0.014224719190127902,523235.02740173513,568.530029296875,0.01472477969695496,2026-09-11
SMH260911C00622500,2026-09-09 13:43:41+00:00,622.5,0.1,0.0,2.52,0.0,0.0,88.0,63,1.2041055419921873,False,REGULAR,USD,SMH,call,2026-09-11,0.0027397260273972603,1.26,0.004145453880136122,0.07991023179483481,84414.96693313804,568.530029296875,0.01472477969695496,2026-09-11
SMH260911C00625000,2026-09-11 19:34:11+00:00,625.0,0.01,0.0,1.38,-0.02,-66.66667,32.0,192,1.091801416015625,False,REGULAR,USD,SMH,call,2026-09-11,0.0027397260273972603,0.69,0.003270687279676803,0.05191310657954101,202977.1115531496,568.530029296875,0.01472477969695496,2026-09-11
SMH260911C00627500,2026-09-11 17:06:56+00:00,627.5,0.01,0.0,0.01,-0.02,-66.66667,2.0,13,0.6093789062500001,False,REGULAR,USD,SMH,call,2026-09-11,0.0027397260273972603,0.005,0.0001947924500494862,0.0010536214412084656,818.5067962405891,568.530029296875,0.01472477969695496,2026-09-11
SMH260911C00630000,2026-09-11 19:33:48+00:00,630.0,0.01,0.0,0.8,0.0,0.0,26.0,661,1.052739111328125,False,REGULAR,USD,SMH,call,2026-09-11,0.0027397260273972603,0.4,0.002370802696301123,0.033354963425401486,506528.27057030186,568.530029296875,0.01472477969695496,2026-09-11
SMH260911C00632500,2026-09-09 14:25:06+00:00,632.5,0.04,0.0,2.52,0.0,0.0,3.0,5,1.3608430395507813,False,REGULAR,USD,SMH,call,2026-09-11,0.0027397260273972603,1.26,0.0033944141383444424,0.07217556586537865,5485.821212001722,568.530029296875,0.01472477969695496,2026-09-11
SMH260911C00635000,2026-09-09 14:24:38+00:00,635.0,0.04,0.0,1.22,0.0,0.0,3.0,1517,1.2060586572265624,False,REGULAR,USD,SMH,call,2026-09-11,0.0027397260273972603,0.61,0.002540062094879303,0.042876918767794564,1245479.9249088427,568.530029296875,0.01472477969695496,2026-09-11
SMH260911C00637500,2026-09-10 18:44:07+00:00,637.5,0.01,0.0,0.82,0.0,0.0,2.0,10,1.1552776611328124,False,REGULAR,USD,SMH,call,2026-09-11,0.0027397260273972603,0.41,0.002052094881863838,0.031339897162889756,6632.912292463754,568.530029296875,0.01472477969695496,2026-09-11
SMH260911C00640000,2026-09-11 19:36:43+00:00,640.0,0.01,0.0,0.94,-0.01,-50.0,73.0,205,1.2158242333984375,False,REGULAR,USD,SMH,call,2026-09-11,0.0027397260273972603,0.47,0.0020771893461520074,0.033837178396629135,137637.49660285065,568.530029296875,0.01472477969695496,2026-09-11
SMH260911C00642500,2026-09-09 13:44:02+00:00,642.5,0.12,0.0,1.6,0.0,0.0,1.0,3,1.3759796826171873,False,REGULAR,USD,SMH,call,2026-09-11,0.0027397260273972603,0.8,0.002453526650537817,0.04838343074873932,2379.1337170714023,568.530029296875,0.01472477969695496,2026-09-11
SMH260911C00645000,2026-09-08 19:00:46+00:00,645.0,0.06,0.0,1.22,0.0,0.0,7.0,68,1.3408236083984373,False,REGULAR,USD,SMH,call,2026-09-11,0.0027397260273972603,0.61,0.0021191737518597396,0.03907883461210784,46578.1565555631,568.530029296875,0.01472477969695496,2026-09-11
SMH260911C00647500,2026-09-11 13:57:55+00:00,647.5,0.02,0.0,1.8,-0.09,-81.818184,2.0,4,1.478518232421875,False,REGULAR,USD,SMH,call,2026-09-11,0.0027397260273972603,0.9,0.0023607396075221044,0.050445824292341505,3052.2134040541728,568.530029296875,0.01472477969695496,2026-09-11
SMH260911C00650000,2026-09-11 13:57:55+00:00,650.0,0.01,0.0,0.22,0.0,0.0,9.0,521,1.08984830078125,False,REGULAR,USD,SMH,call,2026-09-11,0.0027397260273972603,0.11,0.0008395548651683009,0.010248202149029759,141381.83803392085,568.530029296875,0.01472477969695496,2026-09-11
SMH260911C00655000,2026-09-09 14:10:19+00:00,655.0,0.05,0.0,0.13,0.0,0.0,26.0,672,1.0742233789062503,False,REGULAR,USD,SMH,call,2026-09-11,0.0027397260273972603,0.065,0.0005650603800269171,0.006424173884297876,122735.71238768146,568.530029296875,0.01472477969695496,2026-09-11
SMH260911C00660000,2026-09-09 14:37:08+00:00,660.0,0.04,0.0,1.22,0.0,0.0,46.0,119,1.5361351318359375,False,REGULAR,USD,SMH,call,2026-09-11,0.0027397260273972603,0.61,0.0016843710169441933,0.0348494110315713,64787.547268387716,568.530029296875,0.01472477969695496,2026-09-11
SMH260911C00665000,2026-09-10 15:09:13+00:00,665.0,0.01,0.0,1.4,0.0,0.0,1.0,530,1.6376971240234375,False,REGULAR,USD,SMH,call,2026-09-11,0.0027397260273972603,0.7,0.0016663119351579233,0.037190003791260515,285455.87917003303,568.530029296875,0.01472477969695496,2026-09-11
SMH260911C00670000,2026-09-10 18:58:01+00:00,670.0,0.16,0.0,2.52,0.0,0.0,16.0,161,1.8994145654296877,False,REGULAR,USD,SMH,call,2026-09-11,0.0027397260273972603,1.26,0.001959238609881217,0.05468782734077677,101957.69863502316,568.530029296875,0.01472477969695496,2026-09-11
SMH260911C00675000,2026-09-10 18:58:01+00:00,675.0,0.15,0.0,1.82,0.0,0.0,27.0,91,1.8476570117187499,False,REGULAR,USD,SMH,call,2026-09-11,0.0027397260273972603,0.91,0.0016374714017063862,0.04222054982167499,48163.931888738574,568.530029296875,0.01472477969695496,2026-09-11
SMH260911C00680000,2026-09-11 14:58:45+00:00,680.0,0.04,0.0,1.67,0.03,300.0,12.0,264,1.8818365283203122,False,REGULAR,USD,SMH,call,2026-09-11,0.0027397260273972603,0.835,0.001494515932147597,0.03858965799761504,127529.68690200037,568.530029296875,0.01472477969695496,2026-09-11
SMH260911C00685000,2026-09-11 18:55:00+00:00,685.0,0.08,0.0,1.2,-2.0500002,-96.24413,14.0,24,1.8369148779296873,False,REGULAR,USD,SMH,call,2026-09-11,0.0027397260273972603,0.6,0.001225440495223523,0.02944013543599543,9506.273102228193,568.530029296875,0.01472477969695496,2026-09-11
SMH260911C00690000,2026-09-11 18:55:00+00:00,690.0,0.07,0.0,1.21,-0.059999995,-46.153843,24.0,27,1.8984380078125,False,REGULAR,USD,SMH,call,2026-09-11,0.0027397260273972603,0.605,0.0011661305085061788,0.02885543950726584,10176.952305026192,568.530029296875,0.01472477969695496,2026-09-11
SMH260911C00695000,2026-09-11 18:57:15+00:00,695.0,0.09,0.0,0.97,-2.0700002,-95.833336,58.0,33,1.8896489892578123,False,REGULAR,USD,SMH,call,2026-09-11,0.0027397260273972603,0.485,0.0009987740102416784,0.023841921982557912,10653.394024791609,568.530029296875,0.01472477969695496,2026-09-11
SMH260911C00700000,2026-09-11 18:57:15+00:00,700.0,0.08,0.0,2.52,-2.0700002,-96.279076,44.0,122,2.2880902172851565,False,REGULAR,USD,SMH,call,2026-09-11,0.0027397260273972603,1.26,0.0014379559585267847,0.04685255334622428,56703.808980306894,568.530029296875,0.01472477969695496,2026-09-11
SMH260911C00705000,2026-09-11 18:54:56+00:00,705.0,0.04,0.0,0.29,-2.0900002,-98.12207,20.0,284,1.6992202539062502,False,REGULAR,USD,SMH,call,2026-09-11,0.0027397260273972603,0.145,0.0004720885564438058,0.008816436794185577,43335.980844895574,568.530029296875,0.01472477969695496,2026-09-11
SMH260911C00710000,2026-09-11 18:54:56+00:00,710.0,0.03,0.0,1.42,-0.17999999,-85.71429,50.0,96,2.1816451708984372,False,REGULAR,USD,SMH,call,2026-09-11,0.0027397260273972603,0.71,0.0010341656644408154,0.029521329649274362,32089.88531859628,568.530029296875,0.01472477969695496,2026-09-11
SMH260911C00715000,2026-09-11 18:55:17+00:00,715.0,0.03,0.0,0.27,-0.020000001,-40.000004,44.0,32,1.78125109375,False,REGULAR,USD,SMH,call,2026-09-11,0.0027397260273972603,0.135,0.00041163203895652143,0.007958403212927134,4257.6108702136235,568.530029296875,0.01472477969695496,2026-09-11
SMH260911C00720000,2026-09-11 18:55:17+00:00,720.0,0.02,0.0,0.02,-0.02,-50.0,6.0,41,1.421877890625,False,REGULAR,USD,SMH,call,2026-09-11,0.0027397260273972603,0.01,6.923407438533763e-05,0.0008593803806744491,917.5094890281682,568.530029296875,0.01472477969695496,2026-09-11
SMH260911C00725000,2026-09-11 18:55:19+00:00,725.0,0.12,0.0,0.82,-0.21000001,-63.63636,58.0,35,2.162113969726563,False,REGULAR,USD,SMH,call,2026-09-11,0.0027397260273972603,0.41,0.0006970669766104294,0.01827779588864678,7885.865588099193,568.530029296875,0.01472477969695496,2026-09-11
SMH260911C00730000,2026-09-11 18:55:19+00:00,730.0,0.11,0.0,1.82,-0.21,-65.625,58.0,84,2.501956870117187,False,REGULAR,USD,SMH,call,2026-09-11,0.0027397260273972603,0.91,0.0009812043399636716,0.0326927147265282,26640.695826521518,568.530029296875,0.01472477969695496,2026-09-11
SMH260911C00735000,2026-09-11 18:57:53+00:00,735.0,0.08,0.0,0.78,0.0,0.0,64.0,24,2.248051254882812,False,REGULAR,USD,SMH,call,2026-09-11,0.0027397260273972603,0.39,0.0006266007437841225,0.01688622858946693,4860.813576578174,568.530029296875,0.01472477969695496,2026-09-11
SMH260911C00740000,2026-09-11 18:57:53+00:00,740.0,0.07,0.0,0.14,-0.009999998,-12.499997,64.0,11,1.875000625,False,REGULAR,USD,SMH,call,2026-09-11,0.0027397260273972603,0.07,0.00022173085840205818,0.004198496675076718,788.361924315862,568.530029296875,0.01472477969695496,2026-09-11
SMH260911C00745000,2026-09-11 18:56:59+00:00,745.0,0.12,0.0,2.52,0.049999997,71.428566,74.0,6,2.8183623291015625,False,REGULAR,USD,SMH,call,2026-09-11,0.0027397260273972603,1.26,0.0010143806027778925,0.03937399061393508,1967.2475075688196,568.530029296875,0.01472477969695496,2026-09-11
SMH260911C00750000,2026-09-11 18:56:59+00:00,750.0,0.11,0.0,1.53,0.030000001,37.5,74.0,40,2.6455111987304694,False,REGULAR,USD,SMH,call,2026-09-11,0.0027397260273972603,0.765,0.0007861674286008987,0.02677190158727635,10164.402527753147,568.530029296875,0.01472477969695496,2026-09-11
SMH260911C00755000,2026-09-11 18:56:18+00:00,755.0,0.09,0.0,0.57,-0.009999998,-9.999997,58.0,26,2.345707260742187,False,REGULAR,USD,SMH,call,2026-09-11,0.0027397260273972603,0.285,0.0004566851237683458,0.012286202267580744,3837.9298319971153,568.530029296875,0.01472477969695496,2026-09-11
SMH260911C00760000,2026-09-11 18:56:18+00:00,760.0,0.08,0.0,0.16,-0.010000005,-11.111116,80.0,290,2.07031732421875,False,REGULAR,USD,SMH,call,2026-09-11,0.0027397260273972603,0.08,0.00020741290772554916,0.004353145197720189,19441.984620393483,568.530029296875,0.01472477969695496,2026-09-11
SMH260911C00765000,2026-09-11 18:56:41+00:00,765.0,0.12,0.0,1.12,-0.12,-50.0,70.0,16,2.6718783203125005,False,REGULAR,USD,SMH,call,2026-09-11,0.0027397260273972603,0.56,0.0006115440593522649,0.020100328089791265,3162.6748993022206,568.530029296875,0.01472477969695496,2026-09-11
SMH260911C00770000,2026-09-11 18:56:41+00:00,770.0,0.11,0.0,0.73,-0.099999994,-47.619045,50.0,11,2.5644567138671874,False,REGULAR,USD,SMH,call,2026-09-11,0.0027397260273972603,0.365,0.0004731972932953151,0.01419345132857452,1682.4484034915422,568.530029296875,0.01472477969695496,2026-09-11
SMH260911C00775000,2026-09-11 18:56:34+00:00,775.0,0.1,0.0,0.49,-0.1,-50.0,84.0,320,2.4824256689453126,False,REGULAR,USD,SMH,call,2026-09-11,0.0027397260273972603,0.245,0.0003674163082545176,0.010210921001311709,38002.76751740949,568.530029296875,0.01472477969695496,2026-09-11
SMH260911C00780000,2026-09-11 18:56:34+00:00,780.0,0.09,0.0,0.44,-0.009999998,-9.999997,82.0,17,2.49219126953125,False,REGULAR,USD,SMH,call,2026-09-11,0.0027397260273972603,0.22,0.00033352844215878553,0.009181662602757625,1832.6883273459398,568.530029296875,0.01472477969695496,2026-09-11
SMH260911C00785000,2026-09-11 18:55:46+00:00,785.0,0.12,0.0,2.52,0.029999994,33.333324,76.0,42,3.248048754882812,False,REGULAR,USD,SMH,call,2026-09-11,0.0027397260273972603,1.26,0.0007992271911603238,0.03498905292149654,10849.915572517582,568.530029296875,0.01472477969695496,2026-09-11
SMH260911C00790000,2026-09-11 18:55:46+00:00,790.0,0.11,0.0,1.02,-1.6,-93.56725,76.0,38,2.874026252441406,False,REGULAR,USD,SMH,call,2026-09-11,0.0027397260273972603,0.51,0.0005025744754296531,0.017389244448719043,6172.922749618175,568.530029296875,0.01472477969695496,2026-09-11
SMH260911C00795000,2026-09-11 19:00:03+00:00,795.0,0.12,0.0,2.52,-1.58,-92.94118,68.0,18,3.350587561035156,False,REGULAR,USD,SMH,call,2026-09-11,0.0027397260273972603,1.26,0.0007588255232178825,0.03411456023749583,4414.9038787076815,568.530029296875,0.01472477969695496,2026-09-11
SMH260911C00800000,2026-09-11 19:00:03+00:00,800.0,0.11,0.0,0.82,-0.56,-83.582085,68.0,38,2.8789090527343753,False,REGULAR,USD,SMH,call,2026-09-11,0.0027397260273972603,0.41,0.00042274190494434057,0.014241547268898955,5192.370981468816,568.530029296875,0.01472477969695496,2026-09-11
SMH260911C00805000,2026-09-11 18:58:21+00:00,805.0,0.12,0.0,0.42,-0.54,-81.818184,86.0,36,2.691409521484375,False,REGULAR,USD,SMH,call,2026-09-11,0.0027397260273972603,0.21,0.00028125354613584014,0.008252357743551887,3272.7085047688297,568.530029296875,0.01472477969695496,2026-09-11
SMH260911C00810000,2026-09-11 18:58:21+00:00,810.0,0.11,0.0,0.25,-0.019999996,-15.384612,86.0,43,2.5781285546875,False,REGULAR,USD,SMH,call,2026-09-11,0.0027397260273972603,0.125,0.0001988939409276238,0.005311667512892997,2764.3741683385797,568.530029296875,0.01472477969695496,2026-09-11
SMH260911C00815000,2026-09-10 15:51:20+00:00,815.0,0.1,0.0,0.2,0.0,0.0,2.0,224,2.5585973535156246,False,REGULAR,USD,SMH,call,2026-09-11,0.0027397260273972603,0.1,0.00016873361008029353,0.004379368311937113,12216.771026583967,568.530029296875,0.01472477969695496,2026-09-11
SMH260911P00305000,2026-09-04 19:56:44+00:00,305.0,0.01,0.0,0.01,0.0,0.0,87.0,824,3.43750140625,False,REGULAR,USD,SMH,put,2026-09-11,0.0027397260273972603,0.005,7.110657088846754e-06,-0.00019140813590168282,-1893.8420902778794,568.530029296875,0.01472477969695496,2026-09-11
SMH260911P00310000,2026-09-04 19:53:13+00:00,310.0,0.02,0.0,0.01,0.0,0.0,37.0,85,3.3750015624999996,False,REGULAR,USD,SMH,put,2026-09-11,0.0027397260273972603,0.005,8.040998907284789e-06,-0.00021408890041896278,-220.92036202667384,568.530029296875,0.01472477969695496,2026-09-11
SMH260911P00315000,2026-09-09 19:23:26+00:00,315.0,0.01,0.0,0.01,0.0,0.0,563.0,1359,3.2500018749999997,False,REGULAR,USD,SMH,put,2026-09-11,0.0027397260273972603,0.005,7.384174113722553e-06,-0.00018768806065005972,-3243.606803326553,568.530029296875,0.01472477969695496,2026-09-11
SMH260911P00320000,2026-09-04 19:58:06+00:00,320.0,0.04,0.0,0.01,0.0,0.0,23.0,19,3.1875020312499998,False,REGULAR,USD,SMH,put,2026-09-11,0.0027397260273972603,0.005,8.312756238095258e-06,-0.00020867439578808877,-51.05114227130223,568.530029296875,0.01472477969695496,2026-09-11
SMH260911P00325000,2026-09-04 19:38:30+00:00,325.0,0.11,0.0,0.01,0.0,0.0,2.0,33,3.1250021875,False,REGULAR,USD,SMH,put,2026-09-11,0.0027397260273972603,0.005,9.339996190572084e-06,-0.00023145377911792941,-99.62479859096439,568.530029296875,0.01472477969695496,2026-09-11
SMH260911P00330000,2026-08-24 16:02:35+00:00,330.0,0.04,0.0,0.01,0.0,0.0,3.0,51,3.0000025,False,REGULAR,USD,SMH,put,2026-09-11,0.0027397260273972603,0.005,8.391784957308837e-06,-0.00019755261258447288,-138.3347660305561,568.530029296875,0.01472477969695496,2026-09-11
SMH260911P00335000,2026-09-08 14:46:47+00:00,335.0,0.03,0.0,0.01,0.0,0.0,2.0,4,2.93750265625,False,REGULAR,USD,SMH,put,2026-09-11,0.0027397260273972603,0.005,9.384977284403487e-06,-0.00021772440381817582,-12.133889469608537,568.530029296875,0.01472477969695496,2026-09-11
SMH260911P00340000,2026-09-11 18:38:40+00:00,340.0,0.01,0.0,0.01,0.0,0.0,6.0,22,2.8750028125,False,REGULAR,USD,SMH,put,2026-09-11,0.0027397260273972603,0.005,1.047765823749236e-05,-0.0002394174280834216,-74.50642522165737,568.530029296875,0.01472477969695496,2026-09-11
SMH260911P00350000,2026-09-11 13:44:36+00:00,350.0,0.05,0.0,0.01,0.020000001,66.66668,7.0,143,2.68750328125,False,REGULAR,USD,SMH,put,2026-09-11,0.0027397260273972603,0.005,1.0181064343263549e-05,-0.0002159758595523531,-470.5827865190669,568.530029296875,0.01472477969695496,2026-09-11
SMH260911P00355000,2026-09-10 18:51:53+00:00,355.0,0.09,0.0,0.01,0.0,0.0,3.0,59,2.6250034375,False,REGULAR,USD,SMH,put,2026-09-11,0.0027397260273972603,0.005,1.1289286635307139e-05,-0.0002352544422572489,-215.29072932921042,568.530029296875,0.01472477969695496,2026-09-11
SMH260911P00360000,2026-09-11 18:45:26+00:00,360.0,0.01,0.0,0.01,-0.07,-87.5,7.0,150,2.56250359375,False,REGULAR,USD,SMH,put,2026-09-11,0.0027397260273972603,0.005,1.2499228242770134e-05,-0.0002557001704943662,-606.0120713020805,568.530029296875,0.01472477969695496,2026-09-11
SMH260911P00365000,2026-09-11 18:45:26+00:00,365.0,0.04,0.0,1.17,-0.07,-63.636364,7.0,97,3.9980468798828124,False,REGULAR,USD,SMH,put,2026-09-11,0.0027397260273972603,0.585,0.00028349804104593177,-0.013114106273460102,-8888.502808632285,568.530029296875,0.01472477969695496,2026-09-11
SMH260911P00370000,2026-09-11 14:02:28+00:00,370.0,0.05,0.0,2.01,0.04,399.99994,3.0,178,4.229496900634766,False,REGULAR,USD,SMH,put,2026-09-11,0.0027397260273972603,1.005,0.0003864691926816667,-0.020109015658790308,-22235.23376518518,568.530029296875,0.01472477969695496,2026-09-11
SMH260911P00375000,2026-09-11 14:02:28+00:00,375.0,0.07,0.0,0.82,0.060000002,600.0001,3.0,71,3.5957041357421877,False,REGULAR,USD,SMH,put,2026-09-11,0.0027397260273972603,0.41,0.00026128796526176686,-0.010563974947667365,-5996.316847246805,568.530029296875,0.01472477969695496,2026-09-11
SMH260911P00380000,2026-09-09 14:12:26+00:00,380.0,0.01,0.0,0.01,0.0,0.0,111.0,25011,2.2500043749999996,False,REGULAR,USD,SMH,put,2026-09-11,0.0027397260273972603,0.005,1.3940549001526503e-05,-0.0002500268025474872,-112698.40016484234,568.530029296875,0.01472477969695496,2026-09-11
SMH260911P00385000,2026-09-09 14:12:30+00:00,385.0,0.01,0.0,0.01,0.0,0.0,111.0,3862,2.1875045312499997,False,REGULAR,USD,SMH,put,2026-09-11,0.0027397260273972603,0.005,1.526542597289417e-05,-0.0002674010518673997,-19055.836347453816,568.530029296875,0.01472477969695496,2026-09-11
SMH260911P00390000,2026-09-09 20:05:25+00:00,390.0,0.08,0.0,0.05,0.0,0.0,10.0,86,2.4218789453125,False,REGULAR,USD,SMH,put,2026-09-11,0.0027397260273972603,0.025,5.491483622062698e-05,-0.001192830114517096,-1526.4935070303213,568.530029296875,0.01472477969695496,2026-09-11
SMH260911P00395000,2026-09-11 13:31:58+00:00,395.0,0.01,0.0,0.01,-0.049999997,-83.333336,2.0,4723,2.0625048437499998,False,REGULAR,USD,SMH,put,2026-09-11,0.0027397260273972603,0.005,1.8228423769164727e-05,-0.00030370559930537055,-27827.48000608356,568.530029296875,0.01472477969695496,2026-09-11
SMH260911P00400000,2026-09-11 13:31:58+00:00,400.0,0.03,0.0,0.01,-0.089999996,-75.0,2.0,256,1.96875015625,False,REGULAR,USD,SMH,put,2026-09-11,0.0027397260273972603,0.005,1.6858425499731027e-05,-0.0002656555413731443,-1394.9665501119605,568.530029296875,0.01472477969695496,2026-09-11
SMH260911P00405000,2026-09-08 14:07:42+00:00,405.0,0.02,0.0,0.01,0.0,0.0,10.0,12,1.9375003125,False,REGULAR,USD,SMH,put,2026-09-11,0.0027397260273972603,0.005,2.1650333466023445e-05,-0.00034165682431808175,-83.9755106366012,568.530029296875,0.01472477969695496,2026-09-11
SMH260911P00410000,2026-09-11 19:11:42+00:00,410.0,0.01,0.0,0.01,-0.02,-66.66667,12.0,26009,1.875000625,False,REGULAR,USD,SMH,put,2026-09-11,0.0027397260273972603,0.005,2.3550051160269987e-05,-0.00036105477015058174,-197980.4591043646,568.530029296875,0.01472477969695496,2026-09-11
SMH260911P00415000,2026-09-11 19:11:42+00:00,415.0,0.03,0.0,2.52,-0.01,-25.0,12.0,31,3.366212521972656,False,REGULAR,USD,SMH,put,2026-09-11,0.0027397260273972603,1.26,0.0006863796435665005,-0.030380409814728004,-6877.536534772552,568.530029296875,0.01472477969695496,2026-09-11
SMH260911P00420000,2026-09-11 19:12:05+00:00,420.0,0.02,0.0,0.03,0.01,100.0,3.0,965,1.890625546875,False,REGULAR,USD,SMH,put,2026-09-11,0.0027397260273972603,0.015,5.62181852331971e-05,-0.0009341458657275981,-17535.20925651278,568.530029296875,0.01472477969695496,2026-09-11
SMH260911P00425000,2026-09-11 19:12:05+00:00,425.0,0.04,0.0,0.07,0.01,33.333336,3.0,607,1.96875015625,False,REGULAR,USD,SMH,put,2026-09-11,0.0027397260273972603,0.035,0.00010884917854706177,-0.0020128250336458597,-21356.0369893061,568.530029296875,0.01472477969695496,2026-09-11
SMH260911P00430000,2026-09-11 16:19:48+00:00,430.0,0.04,0.0,2.52,-0.51,-92.72727,6.0,161,3.042971142578125,False,REGULAR,USD,SMH,put,2026-09-11,0.0027397260273972603,1.26,0.0008201019838954747,-0.03335025618674492,-42677.655749683705,568.530029296875,0.01472477969695496,2026-09-11
SMH260911P00435000,2026-09-09 17:47:28+00:00,435.0,0.01,0.0,0.72,0.0,0.0,3.0,39,2.3906290234374996,False,REGULAR,USD,SMH,put,2026-09-11,0.0027397260273972603,0.36,0.0004955231128880746,-0.013802309493463172,-6246.479812079114,568.530029296875,0.01472477969695496,2026-09-11
SMH260911P00440000,2026-09-11 18:36:11+00:00,440.0,0.01,0.0,0.01,-0.03,-75.0,31.0,41634,1.5000025,False,REGULAR,USD,SMH,put,2026-09-11,0.0027397260273972603,0.005,3.798486907734041e-05,-0.0004752413132282918,-511170.2725032631,568.530029296875,0.01472477969695496,2026-09-11
SMH260911P00445000,2026-09-11 18:36:11+00:00,445.0,0.04,0.0,2.52,0.02,100.0,5.0,645,2.7275422436523433,False,REGULAR,USD,SMH,put,2026-09-11,0.0027397260273972603,1.26,0.0009936736427551903,-0.03687966670114273,-207162.0988286606,568.530029296875,0.01472477969695496,2026-09-11
SMH260911P00450000,2026-09-11 17:50:10+00:00,450.0,0.01,0.0,0.01,0.0,0.0,25.0,10383,1.3750031249999999,False,REGULAR,USD,SMH,put,2026-09-11,0.0027397260273972603,0.005,4.406557707793003e-05,-0.0005078670542637553,-147886.70523395864,568.530029296875,0.01472477969695496,2026-09-11
SMH260911P00455000,2026-09-11 17:17:42+00:00,455.0,0.03,0.0,0.77,0.01,50.0,6.0,303,2.0566454833984373,False,REGULAR,USD,SMH,put,2026-09-11,0.0027397260273972603,0.385,0.0006829735088907201,-0.016830225305896285,-66888.78458024585,568.530029296875,0.01472477969695496,2026-09-11
SMH260911P00460000,2026-09-11 17:01:20+00:00,460.0,0.04,0.0,0.07,0.03,300.0,21.0,532,1.46875265625,False,REGULAR,USD,SMH,put,2026-09-11,0.0027397260273972603,0.035,0.00018352971863070327,-0.002593079674436005,-31559.117365782247,568.530029296875,0.01472477969695496,2026-09-11
SMH260911P00465000,2026-09-11 14:37:41+00:00,465.0,0.04,0.0,0.24,0.01,33.333336,9.0,219,1.60547072265625,False,REGULAR,USD,SMH,put,2026-09-11,0.0027397260273972603,0.12,0.0004302871685244726,-0.007437581966973639,-30458.557220799354,568.530029296875,0.01472477969695496,2026-09-11
SMH260911P00470000,2026-09-11 14:59:15+00:00,470.0,0.02,0.0,0.84,-0.01,-33.333336,4.0,307,1.8203133984375,False,REGULAR,USD,SMH,put,2026-09-11,0.0027397260273972603,0.42,0.000907592387130286,-0.020363655903918643,-90060.84911494501,568.530029296875,0.01472477969695496,2026-09-11
SMH260911P00475000,2026-09-11 19:12:48+00:00,475.0,0.08,0.0,0.31,0.06,300.0,3.0,125,1.5000025,False,REGULAR,USD,SMH,put,2026-09-11,0.0027397260273972603,0.155,0.0005921282491325239,-0.009905043065289054,-23923.93485979393,568.530029296875,0.01472477969695496,2026-09-11
SMH260911P00480000,2026-09-11 19:12:48+00:00,480.0,0.11,0.0,2.52,0.1,1000.0002,2.0,454,2.0136768408203123,False,REGULAR,USD,SMH,put,2026-09-11,0.0027397260273972603,1.26,0.001679449395768663,-0.048488566648423825,-246450.43709517844,568.530029296875,0.01472477969695496,2026-09-11
SMH260911P00482500,2026-09-08 14:06:19+00:00,482.5,0.09,0.0,0.5,0.0,0.0,24.0,21,1.48047134765625,False,REGULAR,USD,SMH,put,2026-09-11,0.0027397260273972603,0.25,0.0008833940952643214,-0.015484598972706265,-5996.2620496953,568.530029296875,0.01472477969695496,2026-09-11
SMH260911P00485000,2026-09-11 18:21:39+00:00,485.0,0.05,0.0,0.1,0.010000002,25.000004,3.0,543,1.1757853710937498,False,REGULAR,USD,SMH,put,2026-09-11,0.0027397260273972603,0.05,0.0003737482434402637,-0.004467194263545138,-65597.27630921602,568.530029296875,0.01472477969695496,2026-09-11
SMH260911P00487500,2026-09-11 18:21:39+00:00,487.5,0.09,0.0,0.32,0.0,0.0,3.0,298,1.3144565527343748,False,REGULAR,USD,SMH,put,2026-09-11,0.0027397260273972603,0.16,0.0007740272138568789,-0.011577278502055921,-74555.43555643251,568.530029296875,0.01472477969695496,2026-09-11
SMH260911P00490000,2026-09-11 17:34:56+00:00,490.0,0.06,0.0,0.76,0.03,100.0,23.0,1416,1.4501980615234376,False,REGULAR,USD,SMH,put,2026-09-11,0.0027397260273972603,0.38,0.0012568442753165903,-0.022874475839616326,-575243.264366895,568.530029296875,0.01472477969695496,2026-09-11
SMH260911P00492500,2026-09-11 17:03:25+00:00,492.5,0.15,0.0,2.52,0.120000005,399.99997,11.0,51,1.763673056640625,False,REGULAR,USD,SMH,put,2026-09-11,0.0027397260273972603,1.26,0.002105144513221666,-0.05452768369016403,-34702.35178552737,568.530029296875,0.01472477969695496,2026-09-11
SMH260911P00495000,2026-09-10 13:41:57+00:00,495.0,0.06,0.0,0.17,0.0,0.0,2.0,372,1.1054732226562503,False,REGULAR,USD,SMH,put,2026-09-11,0.0027397260273972603,0.085,0.000641926428503141,-0.007668057525463401,-77185.37411849115,568.530029296875,0.01472477969695496,2026-09-11
SMH260911P00497500,2026-09-10 13:33:13+00:00,497.5,0.01,0.0,0.22,0.0,0.0,10.0,54,1.1054732226562503,False,REGULAR,USD,SMH,put,2026-09-11,0.0027397260273972603,0.11,0.000789781735011257,-0.009712342157918052,-13785.028330811068,568.530029296875,0.01472477969695496,2026-09-11
SMH260911P00500000,2026-09-11 19:48:02+00:00,500.0,0.01,0.0,0.01,-0.02,-66.66667,86.0,1163,0.7812521875,False,REGULAR,USD,SMH,put,2026-09-11,0.0027397260273972603,0.005,0.00011492669007514246,-0.0007775928773994245,-43202.355991717646,568.530029296875,0.01472477969695496,2026-09-11
SMH260911P00502500,2026-09-11 18:56:04+00:00,502.5,0.06,0.0,2.52,0.03,100.0,6.0,85,1.5644553027343748,False,REGULAR,USD,SMH,put,2026-09-11,0.0027397260273972603,1.26,0.0025779874858160388,-0.06057737635939586,-70828.25594600507,568.530029296875,0.01472477969695496,2026-09-11
SMH260911P00505000,2026-09-10 17:24:56+00:00,505.0,0.02,0.0,1.25,0.0,0.0,14.0,329,1.3095737646484373,False,REGULAR,USD,SMH,put,2026-09-11,0.0027397260273972603,0.625,0.002157945367116528,-0.038818059997288046,-229479.1120737541,568.530029296875,0.01472477969695496,2026-09-11
SMH260911P00507500,2026-09-10 19:55:07+00:00,507.5,0.04,0.0,2.52,0.0,0.0,14.0,139,1.46484642578125,False,REGULAR,USD,SMH,put,2026-09-11,0.0027397260273972603,1.26,0.0028792198293859637,-0.06415293784594933,-129358.93825998227,568.530029296875,0.01472477969695496,2026-09-11
SMH260911P00510000,2026-09-11 15:02:11+00:00,510.0,0.01,0.0,0.25,-0.02,-66.66667,11.0,1033,0.937500625,False,REGULAR,USD,SMH,put,2026-09-11,0.0027397260273972603,0.125,0.0011615084689301843,-0.01252042375811624,-387819.3906699181,568.530029296875,0.01472477969695496,2026-09-11
SMH260911P00512500,2026-09-11 14:43:51+00:00,512.5,0.01,0.0,0.96,-0.060000002,-85.71429,17.0,173,1.1171919140625,False,REGULAR,USD,SMH,put,2026-09-11,0.0027397260273972603,0.48,0.0023517981246732435,-0.03550699983439298,-131508.23840133726,568.530029296875,0.01472477969695496,2026-09-11
SMH260911P00515000,2026-09-11 19:44:50+00:00,515.0,0.03,0.0,0.09,-0.04,-57.142857,54.0,842,0.7617211328125001,False,REGULAR,USD,SMH,put,2026-09-11,0.0027397260273972603,0.045,0.0007676786574861195,-0.006158906674076259,-208928.83168205083,568.530029296875,0.01472477969695496,2026-09-11
SMH260911P00517500,2026-09-11 19:07:26+00:00,517.5,0.11,0.0,2.52,0.04,57.142857,328.0,493,1.2651403930664062,False,REGULAR,USD,SMH,put,2026-09-11,0.0027397260273972603,1.26,0.003677024843489159,-0.07284302874418158,-585936.1604239035,568.530029296875,0.01472477969695496,2026-09-11
SMH260911P00520000,2026-09-11 19:49:23+00:00,520.0,0.02,0.0,0.23,-0.030000001,-60.0,131.0,2329,0.7812521875,False,REGULAR,USD,SMH,put,2026-09-11,0.0027397260273972603,0.115,0.0015089354755858746,-0.013724634463039953,-1135917.983020408,568.530029296875,0.01472477969695496,2026-09-11
SMH260911P00522500,2026-09-11 13:44:47+00:00,522.5,0.01,0.0,0.48,-0.080000006,-88.88889,18.0,287,0.8339860351562498,False,REGULAR,USD,SMH,put,2026-09-11,0.0027397260273972603,0.24,0.002361985106644213,-0.02508908634398299,-219111.85168148394,568.530029296875,0.01472477969695496,2026-09-11
SMH260911P00525000,2026-09-11 18:40:29+00:00,525.0,0.01,0.0,1.3,-0.11,-91.66667,66.0,1023,0.9570316796874999,False,REGULAR,USD,SMH,put,2026-09-11,0.0027397260273972603,0.65,0.0037873443526100174,-0.05289774218192078,-1252325.5608853674,568.530029296875,0.01472477969695496,2026-09-11
SMH260911P00527500,2026-09-11 14:37:57+00:00,527.5,0.01,0.0,0.32,-0.1,-90.90909,20.0,723,0.7060576269531251,False,REGULAR,USD,SMH,put,2026-09-11,0.0027397260273972603,0.16,0.002330410572846564,-0.020266291352876387,-544599.8992961947,568.530029296875,0.01472477969695496,2026-09-11
SMH260911P00530000,2026-09-11 16:36:03+00:00,530.0,0.01,0.0,0.31,-0.24,-96.0,220.0,2997,0.6650424121093752,False,REGULAR,USD,SMH,put,2026-09-11,0.0027397260273972603,0.155,0.002534055646937151,-0.020846919910534556,-2454763.7874700013,568.530029296875,0.01472477969695496,2026-09-11
SMH260911P00532500,2026-09-11 16:22:07+00:00,532.5,0.04,0.0,0.01,-0.16,-80.00001,162.0,337,0.445318046875,False,REGULAR,USD,SMH,put,2026-09-11,0.0027397260273972603,0.005,0.0005564473590428504,-0.0023625999491586613,-60612.30554671229,568.530029296875,0.01472477969695496,2026-09-11
SMH260911P00535000,2026-09-11 15:31:06+00:00,535.0,0.01,0.0,0.01,-0.24999999,-96.15384,163.0,1666,0.42188078125,False,REGULAR,USD,SMH,put,2026-09-11,0.0027397260273972603,0.005,0.0006877603632641594,-0.002813370434521345,-370355.63563183276,568.530029296875,0.01472477969695496,2026-09-11
SMH260911P00537500,2026-09-11 19:49:05+00:00,537.5,0.05,0.0,0.22,-0.33999997,-87.17948,144.0,452,0.5214891601562499,False,REGULAR,USD,SMH,put,2026-09-11,0.0027397260273972603,0.11,0.0029932904519991846,-0.01904711694178185,-437314.7367926781,568.530029296875,0.01472477969695496,2026-09-11
SMH260911P00540000,2026-09-11 19:50:00+00:00,540.0,0.01,0.0,0.01,-0.42000002,-97.674416,306.0,1391,0.35938140625,False,REGULAR,USD,SMH,put,2026-09-11,0.0027397260273972603,0.005,0.0008451434423289761,-0.002959723154338456,-379983.18043153326,568.530029296875,0.01472477969695496,2026-09-11
SMH260911P00542500,2026-09-11 19:47:10+00:00,542.5,0.03,0.0,2.52,-0.69000006,-95.83334,155.0,399,0.7539087109375,False,REGULAR,USD,SMH,put,2026-09-11,0.0027397260273972603,1.26,0.008550266682675048,-0.11311046468547603,-1102705.0758884721,568.530029296875,0.01472477969695496,2026-09-11
SMH260911P00545000,2026-09-11 19:24:49+00:00,545.0,0.01,0.0,0.33,-0.88,-98.8764,51.0,2366,0.5009815527343751,False,REGULAR,USD,SMH,put,2026-09-11,0.0027397260273972603,0.165,0.007097592852145875,-0.051635650264181265,-5427910.030710419,568.530029296875,0.01472477969695496,2026-09-11
SMH260911P00547500,2026-09-11 19:17:57+00:00,547.5,0.01,0.0,0.14,-1.29,-99.230774,104.0,357,0.387701435546875,False,REGULAR,USD,SMH,put,2026-09-11,0.0027397260273972603,0.07,0.005985585837015524,-0.030541112461356046,-690687.6598627978,568.530029296875,0.01472477969695496,2026-09-11
SMH260911P00550000,2026-09-11 19:51:55+00:00,550.0,0.01,0.0,0.22,-1.64,-99.39394,269.0,3824,0.379889013671875,False,REGULAR,USD,SMH,put,2026-09-11,0.0027397260273972603,0.11,0.008578131909276282,-0.046295416032519965,-10602723.142735701,568.530029296875,0.01472477969695496,2026-09-11
SMH260911P00552500,2026-09-11 19:49:37+00:00,552.5,0.04,0.0,0.01,-1.9000001,-97.93815,450.0,778,0.21094539062499998,False,REGULAR,USD,SMH,put,2026-09-11,0.0027397260273972603,0.005,0.002131582470719,-0.004583481907318054,-536029.3310298414,568.530029296875,0.01472477969695496,2026-09-11
SMH260911P00555000,2026-09-11 19:18:46+00:00,555.0,0.01,0.0,0.01,-2.91,-99.65753,455.0,1077,0.18360191406249998,False,REGULAR,USD,SMH,put,2026-09-11,0.0027397260273972603,0.005,0.003031793314734208,-0.005825939810512271,-1055412.2039446372,568.530029296875,0.01472477969695496,2026-09-11
SMH260911P00557500,2026-09-11 19:48:48+00:00,557.5,0.03,0.0,0.01,-3.5,-99.15014,377.0,306,0.15235222656250003,False,REGULAR,USD,SMH,put,2026-09-11,0.0027397260273972603,0.005,0.004119143114844744,-0.006670754904701592,-407413.2275342478,568.530029296875,0.01472477969695496,2026-09-11
SMH260911P00560000,2026-09-11 19:48:01+00:00,560.0,0.01,0.0,0.01,-4.72,-99.788574,1054.0,1886,0.1211025390625,False,REGULAR,USD,SMH,put,2026-09-11,0.0027397260273972603,0.005,0.006134771294082227,-0.008078474736225028,-3739787.1288705333,568.530029296875,0.01472477969695496,2026-09-11
SMH260911P00562500,2026-09-11 20:00:28+00:00,562.5,0.01,0.0,0.02,-5.8599997,-99.829636,1030.0,377,0.0976652734375,False,REGULAR,USD,SMH,put,2026-09-11,0.0027397260273972603,0.01,0.014822918963085897,-0.017435385064719644,-1806266.8103485766,568.530029296875,0.01472477969695496,2026-09-11
SMH260911P00565000,2026-09-11 19:59:47+00:00,565.0,0.01,0.0,0.05,-7.6099997,-99.86876,1287.0,309,0.07422800781250001,False,REGULAR,USD,SMH,put,2026-09-11,0.0027397260273972603,0.025,0.04758920815650958,-0.05121038762072527,-4753065.240156856,568.530029296875,0.01472477969695496,2026-09-11
SMH260911P00567500,2026-09-11 20:14:55+00:00,567.5,0.06,0.0,0.15,-8.96,-99.33481,4299.0,240,0.04273418212890625,False,REGULAR,USD,SMH,put,2026-09-11,0.0027397260273972603,0.075,0.21658167263102485,-0.19467045093989266,-16801179.143279072,568.530029296875,0.01472477969695496,2026-09-11
SMH260911P00570000,2026-09-11 19:59:29+00:00,570.0,1.52,0.98,2.59,-9.110001,-85.70084,3640.0,699,0.14795773925781253,True,REGULAR,USD,SMH,put,2026-09-11,0.0027397260273972603,1.785,0.08621114081017957,-0.6237732879116287,-19478135.613317575,568.530029296875,0.01472477969695496,2026-09-11
SMH260911P00572500,2026-09-11 19:59:22+00:00,572.5,3.98,2.85,5.45,-7.02,-63.81818,233.0,199,0.2573316455078125,True,REGULAR,USD,SMH,put,2026-09-11,0.0027397260273972603,4.15,0.045934771411753575,-0.6920796775857609,-2954618.7759451335,568.530029296875,0.01472477969695496,2026-09-11
SMH260911P00575000,2026-09-11 19:59:22+00:00,575.0,6.47,5.35,7.95,-8.73,-57.43421,436.0,153,0.32569033691406246,True,REGULAR,USD,SMH,put,2026-09-11,0.0027397260273972603,6.65,0.03334887544256487,-0.7417785022251424,-1649223.2243313384,568.530029296875,0.01472477969695496,2026-09-11
SMH260911P00577500,2026-09-11 19:58:09+00:00,577.5,8.93,7.85,10.45,-7.16,-44.499687,29.0,28,0.38892212646484375,True,REGULAR,USD,SMH,put,2026-09-11,0.0027397260273972603,9.149999999999999,0.02595241063940215,-0.7744020468283845,-234878.1151385489,568.530029296875,0.01472477969695496,2026-09-11
SMH260911P00580000,2026-09-11 19:23:35+00:00,580.0,10.8,9.75,13.5,-7.38,-40.59406,35.0,50,0.5114794946289063,True,REGULAR,USD,SMH,put,2026-09-11,0.0027397260273972603,11.625,0.020100268953273274,-0.7668755074307865,-324846.8728232036,568.530029296875,0.01472477969695496,2026-09-11
SMH260911P00582500,2026-09-11 18:41:55+00:00,582.5,11.3,12.25,15.75,-9.7,-46.190475,1.0,6,0.5424850439453126,True,REGULAR,USD,SMH,put,2026-09-11,0.0027397260273972603,14.0,0.017411782193792177,-0.7986615476573152,-33767.685451856836,568.530029296875,0.01472477969695496,2026-09-11
SMH260911P00585000,2026-09-11 18:30:38+00:00,585.0,13.5,14.75,18.1,-9.5,-41.304348,7.0,35,0.5798381860351562,True,REGULAR,USD,SMH,put,2026-09-11,0.0027397260273972603,16.425,0.015112635031637223,-0.8217765356011202,-170968.08849129354,568.530029296875,0.01472477969695496,2026-09-11
SMH260911P00587500,2026-09-10 13:33:12+00:00,587.5,27.28,17.25,20.85,0.0,0.0,30.0,1,0.6667513793945314,True,REGULAR,USD,SMH,put,2026-09-11,0.0027397260273972603,19.05,0.013170130474802755,-0.8211846238073424,-4256.933784676095,568.530029296875,0.01472477969695496,2026-09-11
SMH260911P00590000,2026-09-10 17:30:53+00:00,590.0,27.1,19.75,23.35,0.0,0.0,23.0,0,0.72070591796875,True,REGULAR,USD,SMH,put,2026-09-11,0.0027397260273972603,21.55,0.011723572524180347,-0.8316907751730005,-0.0,568.530029296875,0.01472477969695496,2026-09-11
SMH260911P00592500,2026-08-31 18:31:50+00:00,592.5,37.73,22.25,25.85,0.0,0.0,2.0,0,0.7729514892578125,True,REGULAR,USD,SMH,put,2026-09-11,0.0027397260273972603,24.05,0.010542954055186985,-0.8408094146469922,-0.0,568.530029296875,0.01472477969695496,2026-09-11
SMH260911P00595000,2026-09-09 13:45:07+00:00,595.0,20.7,24.7,28.35,0.0,0.0,2.0,0,0.8242205078124999,True,REGULAR,USD,SMH,put,2026-09-11,0.0027397260273972603,26.525,0.009562357797160744,-0.848664447211537,-0.0,568.530029296875,0.01472477969695496,2026-09-11
SMH260911P00597500,2026-09-10 18:45:58+00:00,597.5,34.96,27.25,30.85,0.0,0.0,1.0,0,0.8742688354492187,True,REGULAR,USD,SMH,put,2026-09-11,0.0027397260273972603,29.05,0.008735827067003717,-0.8556091069678529,-0.0,568.530029296875,0.01472477969695496,2026-09-11
SMH260911P00600000,2026-09-10 19:42:45+00:00,600.0,37.8,29.75,33.35,0.0,0.0,5.0,0,0.9233406103515626,True,REGULAR,USD,SMH,put,2026-09-11,0.0027397260273972603,31.55,0.008030566075489203,-0.861771677869088,-0.0,568.530029296875,0.01472477969695496,2026-09-11
SMH260911P00602500,2026-08-28 19:32:49+00:00,602.5,49.04,32.25,35.85,0.0,0.0,2.0,0,0.507817421875,True,REGULAR,USD,SMH,put,2026-09-11,0.0027397260273972603,34.05,0.00252884698147252,-0.9848409333766911,-0.0,568.530029296875,0.01472477969695496,2026-09-11
SMH260911P00605000,2026-09-03 18:56:40+00:00,605.0,53.4,34.75,38.35,0.0,0.0,109.0,0,0.5390671093750001,True,REGULAR,USD,SMH,put,2026-09-11,0.0027397260273972603,36.55,0.002282761431647295,-0.9855744919915569,-0.0,568.530029296875,0.01472477969695496,2026-09-11
SMH260911P00607500,2026-08-14 15:12:56+00:00,607.5,35.36,37.25,40.7,0.0,0.0,0.0,0,1.040043862304688,True,REGULAR,USD,SMH,put,2026-09-11,0.0027397260273972603,38.975,0.006360053382967849,-0.8827058596143378,-0.0,568.530029296875,0.01472477969695496,2026-09-11
SMH260911P00610000,2026-08-14 15:12:08+00:00,610.0,36.74,39.75,43.35,0.0,0.0,0.0,0,0.5996133789062501,True,REGULAR,USD,SMH,put,2026-09-11,0.0027397260273972603,41.55,0.0018850401730877697,-0.9869279612325288,-0.0,568.530029296875,0.01472477969695496,2026-09-11
SMH260911P00615000,2026-08-25 19:23:37+00:00,615.0,62.05,44.75,48.35,0.0,0.0,2.0,0,0.6601596484375001,True,REGULAR,USD,SMH,put,2026-09-11,0.0027397260273972603,46.55,0.0016036582934095451,-0.9878801174200951,-0.0,568.530029296875,0.01472477969695496,2026-09-11
SMH260911P00620000,2026-08-28 14:07:57+00:00,620.0,55.93,49.75,53.35,0.0,0.0,2.0,0,0.7187528125,True,REGULAR,USD,SMH,put,2026-09-11,0.0027397260273972603,51.55,0.0013804440879318204,-0.9887525070627666,-0.0,568.530029296875,0.01472477969695496,2026-09-11
SMH260911P00625000,2026-08-28 19:17:37+00:00,625.0,71.84,54.75,58.35,0.0,0.0,55.0,0,0.7753928710937501,True,REGULAR,USD,SMH,put,2026-09-11,0.0027397260273972603,56.55,0.001198929709025178,-0.9895633197936831,-0.0,568.530029296875,0.01472477969695496,2026-09-11
SMH260911P00630000,2026-08-24 18:55:30+00:00,630.0,81.43,59.75,63.35,0.0,0.0,2.0,0,0.8320329296874999,True,REGULAR,USD,SMH,put,2026-09-11,0.0027397260273972603,61.55,0.0010596336608123679,-0.9901784781527079,-0.0,568.530029296875,0.01472477969695496,2026-09-11
SMH260911P00635000,2026-08-26 15:34:06+00:00,635.0,80.8,64.65,68.35,0.0,0.0,5.0,0,0.79687703125,True,REGULAR,USD,SMH,put,2026-09-11,0.0027397260273972603,66.5,0.0005331594386422467,-0.9956984054584976,-0.0,568.530029296875,0.01472477969695496,2026-09-11
SMH260911P00660000,2026-08-10 18:17:15+00:00,660.0,89.43,89.75,93.35,0.0,0.0,1.0,0,1.15234798828125,True,REGULAR,USD,SMH,put,2026-09-11,0.0027397260273972603,91.55,0.0005907827149996563,-0.9926847777288234,-0.0,568.530029296875,0.01472477969695496,2026-09-11
SMH260911P00730000,2026-07-31 14:17:21+00:00,730.0,191.5,162.0,165.8,0.0,0.0,1.0,0,3.010744660644531,True,REGULAR,USD,SMH,put,2026-09-11,0.0027397260273972603,163.9,0.001430791916807972,-0.9340752156984035,-0.0,568.530029296875,0.01472477969695496,2026-09-11
SMH260914C00490000,2026-09-04 18:57:37+00:00,490.0,75.06,77.05,80.3,0.0,0.0,1.0,1,0.6289099609375001,True,REGULAR,USD,SMH,call,2026-09-14,0.00821917808219178,78.675,0.0003759604294423687,0.995871545367744,121.52033397516676,568.530029296875,0.01472477969695496,2026-09-11
SMH260914C00500000,2026-09-03 16:22:04+00:00,500.0,51.45,66.7,70.3,0.0,0.0,0.0,3,0.8737805590820311,True,REGULAR,USD,SMH,call,2026-09-14,0.00821917808219178,68.5,0.002214148350895175,0.9520646353293677,2147.01356313291,568.530029296875,0.01472477969695496,2026-09-11
SMH260914C00515000,2026-09-04 17:53:09+00:00,515.0,50.14,51.7,55.35,0.0,0.0,4.0,4,0.7210721252441408,True,REGULAR,USD,SMH,call,2026-09-14,0.00821917808219178,53.525000000000006,0.003227013683614961,0.9394767683322075,4172.223988114534,568.530029296875,0.01472477969695496,2026-09-11
SMH260914C00535000,2026-09-08 13:35:38+00:00,535.0,44.05,31.75,35.4,0.0,0.0,1.0,0,0.509892596435547,True,REGULAR,USD,SMH,call,2026-09-14,0.00821917808219178,33.575,0.006142093891472882,0.9107212422409374,0.0,568.530029296875,0.01472477969695496,2026-09-11
SMH260914C00540000,2026-09-04 14:11:50+00:00,540.0,27.02,26.8,30.4,-2.9799995,-9.9333315,5.0,12,0.454107021484375,True,REGULAR,USD,SMH,call,2026-09-14,0.00821917808219178,28.6,0.007521206619218879,0.8995763090291733,29172.629947870122,568.530029296875,0.01472477969695496,2026-09-11
SMH260914C00545000,2026-09-11 13:43:10+00:00,545.0,24.42,21.85,25.5,9.7,65.896736,21.0,2,0.40442490112304685,True,REGULAR,USD,SMH,call,2026-09-14,0.00821917808219178,23.675,0.009538617761109066,0.8810244569037506,6166.266049385477,568.530029296875,0.01472477969695496,2026-09-11
SMH260914C00550000,2026-09-11 18:56:28+00:00,550.0,21.54,16.95,20.6,6.6900005,45.050507,25.0,36,0.3518131225585937,True,REGULAR,USD,SMH,call,2026-09-14,0.00821917808219178,18.775,0.0124757516709358,0.8565962132184248,145169.7201966501,568.530029296875,0.01472477969695496,2026-09-11
SMH260914C00555000,2026-09-11 15:51:25+00:00,555.0,17.63,12.7,16.05,6.0599995,52.37683,7.0,23,0.31537549865722647,True,REGULAR,USD,SMH,call,2026-09-14,0.00821917808219178,14.375,0.016835805490312432,0.8073584925773636,125160.86415274878,568.530029296875,0.01472477969695496,2026-09-11
SMH260914C00560000,2026-09-11 20:01:28+00:00,560.0,10.0,8.7,11.2,2.5100002,33.511353,13.0,172,0.2543409527587891,True,REGULAR,USD,SMH,call,2026-09-14,0.00821917808219178,9.95,0.02412706025592031,0.7521897209754954,1341342.4625878334,568.530029296875,0.01472477969695496,2026-09-11
SMH260914C00565000,2026-09-11 19:36:38+00:00,565.0,6.23,4.2,6.8,0.6999998,12.658225,31.0,61,0.20410952148437497,True,REGULAR,USD,SMH,call,2026-09-14,0.00821917808219178,5.5,0.0354952351862301,0.6419244673170972,699852.8097387374,568.530029296875,0.01472477969695496,2026-09-11
SMH260914C00570000,2026-09-11 20:13:07+00:00,570.0,2.85,2.41,4.0,-0.20000005,-6.5573783,64.0,111,0.19763985961914063,False,REGULAR,USD,SMH,call,2026-09-14,0.00821917808219178,3.205,0.038896025478036785,0.4535067373477547,1395516.6491545937,568.530029296875,0.01472477969695496,2026-09-11
SMH260914C00575000,2026-09-11 20:12:08+00:00,575.0,1.38,0.85,1.54,-0.40999997,-22.905025,122.0,92,0.16596293029785159,False,REGULAR,USD,SMH,call,2026-09-14,0.00821917808219178,1.195,0.03591818425966018,0.23493013772575916,1068092.8770110898,568.530029296875,0.01472477969695496,2026-09-11
SMH260914C00580000,2026-09-11 19:59:43+00:00,580.0,0.45,0.12,0.53,-0.63000005,-58.333336,497.0,1610,0.15845568115234376,False,REGULAR,USD,SMH,call,2026-09-14,0.00821917808219178,0.325,0.019364147661129826,0.08686120957711563,10076995.837057646,568.530029296875,0.01472477969695496,2026-09-11
SMH260914C00585000,2026-09-11 19:58:37+00:00,585.0,0.17,0.02,0.39,-0.46999997,-73.43749,78.0,426,0.1901936450195313,False,REGULAR,USD,SMH,call,2026-09-14,0.00821917808219178,0.20500000000000002,0.010805871312994214,0.051708027806884944,1487908.4416698788,568.530029296875,0.01472477969695496,2026-09-11
SMH260914C00590000,2026-09-11 19:21:13+00:00,590.0,0.1,0.03,0.16,-0.27,-72.97298,249.0,244,0.194343994140625,False,REGULAR,USD,SMH,call,2026-09-14,0.00821917808219178,0.095,0.0046127029290036784,0.018928526017952762,363791.14981671347,568.530029296875,0.01472477969695496,2026-09-11
SMH260914C00595000,2026-09-11 19:21:13+00:00,595.0,0.03,0.01,0.06,-0.19,-86.36364,26.0,20,0.198250205078125,False,REGULAR,USD,SMH,call,2026-09-14,0.00821917808219178,0.034999999999999996,0.0016954917239046625,0.006128479348555806,10960.553526690199,568.530029296875,0.01472477969695496,2026-09-11
SMH260914C00600000,2026-09-11 20:07:56+00:00,600.0,0.01,0.0,0.09,-0.11,-91.66667,110.0,41,0.242195078125,False,REGULAR,USD,SMH,call,2026-09-14,0.00821917808219178,0.045,0.0016779386079670826,0.007597563207394668,22236.515884475433,568.530029296875,0.01472477969695496,2026-09-11
SMH260914C00605000,2026-09-11 17:42:28+00:00,605.0,0.01,0.0,0.04,-0.060000002,-85.71429,5.0,953,0.2461012890625,False,REGULAR,USD,SMH,call,2026-09-14,0.00821917808219178,0.02,0.0006959428778278139,0.0028833293278303675,214374.59295005244,568.530029296875,0.01472477969695496,2026-09-11
SMH260914C00610000,2026-09-11 19:52:40+00:00,610.0,0.02,0.0,0.24,-1.0600001,-98.14815,9.0,4,0.35352208984374994,False,REGULAR,USD,SMH,call,2026-09-14,0.00821917808219178,0.12,0.0020768439636252695,0.014987459681269692,2685.1631428167543,568.530029296875,0.01472477969695496,2026-09-11
SMH260914C00615000,2026-09-08 19:22:14+00:00,615.0,0.7,0.0,0.21,0.0,0.0,5.0,5,0.3789124609375,False,REGULAR,USD,SMH,call,2026-09-14,0.00821917808219178,0.105,0.0015874972789202814,0.011898322482711464,2565.6051064362464,568.530029296875,0.01472477969695496,2026-09-11
SMH260914C00620000,2026-09-10 19:43:59+00:00,620.0,0.01,0.0,1.09,0.0,0.0,11.0,26,0.5622602368164062,False,REGULAR,USD,SMH,call,2026-09-14,0.00821917808219178,0.545,0.0034235722852798364,0.04763412140364388,28771.312052500787,568.530029296875,0.01472477969695496,2026-09-11
SMH260914C00625000,2026-09-09 14:44:29+00:00,625.0,0.19,0.0,1.09,0.0,0.0,2.0,3,0.5212450219726561,False,REGULAR,USD,SMH,call,2026-09-14,0.00821917808219178,0.545,0.0021188974378351464,0.024228161198318336,2054.6507356114416,568.530029296875,0.01472477969695496,2026-09-11
SMH260914P00480000,2026-09-10 15:33:10+00:00,480.0,0.06,0.0,5.0,0.0,0.0,8.0,11,1.1774943469238282,False,REGULAR,USD,SMH,put,2026-09-14,0.00821917808219178,2.5,0.0017070962747633715,-0.05028613291747286,-6069.564308115261,568.530029296875,0.01472477969695496,2026-09-11
SMH260914P00485000,2026-09-10 19:47:48+00:00,485.0,0.06,0.0,3.95,0.0,0.0,6.0,32,1.0583543176269532,False,REGULAR,USD,SMH,put,2026-09-14,0.00821917808219178,1.975,0.001702108433404836,-0.04386218019804855,-17605.323887609644,568.530029296875,0.01472477969695496,2026-09-11
SMH260914P00490000,2026-09-10 19:47:48+00:00,490.0,0.01,0.0,0.06,-0.09,-90.0,1.0,23,0.523442265625,False,REGULAR,USD,SMH,put,2026-09-14,0.00821917808219178,0.03,9.93853859459312e-05,-0.0007805926188696466,-738.8515385441389,568.530029296875,0.01472477969695496,2026-09-11
SMH260914P00495000,2026-09-11 13:36:57+00:00,495.0,0.02,0.0,2.51,-0.09,-81.818184,2.0,16,0.8562026098632812,False,REGULAR,USD,SMH,put,2026-09-14,0.00821917808219178,1.255,0.0017026855668940827,-0.03383005212214363,-8805.646660232156,568.530029296875,0.01472477969695496,2026-09-11
SMH260914P00500000,2026-09-11 20:08:38+00:00,500.0,0.01,0.0,0.01,-0.09,-90.0,74.0,54,0.414068359375,False,REGULAR,USD,SMH,put,2026-09-14,0.00821917808219178,0.005,4.878886087722425e-05,-0.0002811575675050193,-851.5717692698349,568.530029296875,0.01472477969695496,2026-09-11
SMH260914P00505000,2026-09-11 14:04:36+00:00,505.0,0.05,0.0,0.25,-0.06999999,-58.333332,2.0,12,0.50586431640625,False,REGULAR,USD,SMH,put,2026-09-14,0.00821917808219178,0.125,0.0005024431331101304,-0.004476121715212944,-1948.834586543051,568.530029296875,0.01472477969695496,2026-09-11
SMH260914P00510000,2026-09-11 14:05:04+00:00,510.0,0.06,0.0,0.06,-0.06999999,-53.84615,2.0,41,0.42774009765625004,False,REGULAR,USD,SMH,put,2026-09-14,0.00821917808219178,0.03,0.00033043190120625226,-0.0023311321091474824,-4378.976790344162,568.530029296875,0.01472477969695496,2026-09-11
SMH260914P00515000,2026-09-11 15:43:38+00:00,515.0,0.03,0.0,0.12,-0.26,-89.655174,8.0,32,0.42969320312500003,False,REGULAR,USD,SMH,put,2026-09-14,0.00821917808219178,0.06,0.0006689701301833842,-0.005138587861052035,-6919.321696477181,568.530029296875,0.01472477969695496,2026-09-11
SMH260914P00520000,2026-09-11 17:15:05+00:00,520.0,0.05,0.01,0.09,-0.18,-78.26087,6.0,129,0.37793590820312495,False,REGULAR,USD,SMH,put,2026-09-14,0.00821917808219178,0.049999999999999996,0.0006432898516856007,-0.004259010502744909,-26822.745435988014,568.530029296875,0.01472477969695496,2026-09-11
SMH260914P00525000,2026-09-11 19:57:31+00:00,525.0,0.07,0.01,0.08,-0.37,-84.09091,10.0,16,0.336920693359375,False,REGULAR,USD,SMH,put,2026-09-14,0.00821917808219178,0.045,0.0007158685862926821,-0.004221192521666306,-3702.2019500359097,568.530029296875,0.01472477969695496,2026-09-11
SMH260914P00530000,2026-09-11 19:56:28+00:00,530.0,0.06,0.02,0.06,-0.5,-89.28571,36.0,20,0.2910227148437499,False,REGULAR,USD,SMH,put,2026-09-14,0.00821917808219178,0.04,0.0007224115983243899,-0.0036212131996352648,-4670.04992127082,568.530029296875,0.01472477969695496,2026-09-11
SMH260914P00535000,2026-09-11 19:44:50+00:00,535.0,0.07,0.01,0.11,-0.81,-92.045456,56.0,177,0.27930408203124996,False,REGULAR,USD,SMH,put,2026-09-14,0.00821917808219178,0.06,0.001460091064650653,-0.007627739964726432,-83533.37469860875,568.530029296875,0.01472477969695496,2026-09-11
SMH260914P00540000,2026-09-11 17:45:33+00:00,540.0,0.1,0.07,0.2,-1.17,-92.12598,130.0,71,0.26709717285156254,False,REGULAR,USD,SMH,put,2026-09-14,0.00821917808219178,0.135,0.0028614184116501798,-0.01570456271810694,-65666.9028426577,568.530029296875,0.01472477969695496,2026-09-11
SMH260914P00545000,2026-09-11 19:55:12+00:00,545.0,0.17,0.11,0.19,-1.87,-91.66667,214.0,439,0.22510540527343748,False,REGULAR,USD,SMH,put,2026-09-14,0.00821917808219178,0.15,0.003810953829940473,-0.017975532224135504,-540760.5797179822,568.530029296875,0.01472477969695496,2026-09-11
SMH260914P00550000,2026-09-11 20:06:47+00:00,550.0,0.27,0.2,0.35,-2.78,-91.147545,165.0,202,0.20948056152343747,False,REGULAR,USD,SMH,put,2026-09-14,0.00821917808219178,0.275,0.007692701752472471,-0.03823170233551654,-502269.8183388768,568.530029296875,0.01472477969695496,2026-09-11
SMH260914P00555000,2026-09-11 20:14:03+00:00,555.0,0.45,0.35,0.62,-3.45,-88.46153,239.0,155,0.19068192138671874,False,REGULAR,USD,SMH,put,2026-09-14,0.00821917808219178,0.485,0.014790763558228334,-0.07766550837971453,-741018.6017488018,568.530029296875,0.01472477969695496,2026-09-11
SMH260914P00560000,2026-09-11 20:14:49+00:00,560.0,1.41,0.7,1.41,-5.1000004,-78.34102,132.0,246,0.1878743322753906,False,REGULAR,USD,SMH,put,2026-09-14,0.00821917808219178,1.055,0.027097328328397494,-0.1799984606123748,-2154608.6451802216,568.530029296875,0.01472477969695496,2026-09-11
SMH260914P00565000,2026-09-11 19:57:57+00:00,565.0,2.25,1.86,3.55,-5.8500004,-72.22223,362.0,204,0.21643849975585935,False,REGULAR,USD,SMH,put,2026-09-14,0.00821917808219178,2.705,0.03370655764660308,-0.36543016657586636,-2222549.214241829,568.530029296875,0.01472477969695496,2026-09-11
SMH260914P00570000,2026-09-11 19:59:35+00:00,570.0,4.3,3.6,5.2,-6.67,-60.802185,166.0,19,0.18616536499023437,True,REGULAR,USD,SMH,put,2026-09-14,0.00821917808219178,4.4,0.04125213239882269,-0.5497691842443324,-253341.78216796162,568.530029296875,0.01472477969695496,2026-09-11
SMH260914P00575000,2026-09-11 19:58:32+00:00,575.0,7.79,6.15,8.65,-9.89,-55.938915,10.0,40,0.19800606689453126,True,REGULAR,USD,SMH,put,2026-09-14,0.00821917808219178,7.4,0.0325901167799706,-0.726772779212893,-421359.43734991393,568.530029296875,0.01472477969695496,2026-09-11
SMH260914P00585000,2026-09-11 19:39:11+00:00,585.0,16.6,14.8,18.45,1.75,11.784512,5.0,11,0.31189652954101554,True,REGULAR,USD,SMH,put,2026-09-14,0.00821917808219178,16.625,0.015289734869040832,-0.8374870183673466,-54362.50457200448,568.530029296875,0.01472477969695496,2026-09-11
SMH260915C00500000,2026-09-02 19:03:33+00:00,500.0,51.99,66.8,70.4,0.0,0.0,0.0,5,0.7919942675781251,True,REGULAR,USD,SMH,call,2026-09-15,0.010958904109589041,68.6,0.00236838056667986,0.9447521631067004,3827.61555345214,568.530029296875,0.01472477969695496,2026-09-11
SMH260915C00530000,2026-09-10 13:44:46+00:00,530.0,31.9,36.9,40.5,0.0,0.0,5.0,5,0.5129443237304687,True,REGULAR,USD,SMH,call,2026-09-15,0.010958904109589041,38.7,0.005311053483814735,0.9101874881933489,8583.3633352107,568.530029296875,0.01472477969695496,2026-09-11
SMH260915C00540000,2026-09-02 13:50:22+00:00,540.0,14.96,27.05,30.7,0.0,0.0,0.0,2,0.4265194067382813,True,REGULAR,USD,SMH,call,2026-09-15,0.010958904109589041,28.875,0.0077857001195640405,0.8820346897662703,5033.087552130002,568.530029296875,0.01472477969695496,2026-09-11
SMH260915C00545000,2026-09-10 13:44:48+00:00,545.0,18.65,22.25,25.9,0.0,0.0,1.0,38,0.38623660644531244,True,REGULAR,USD,SMH,call,2026-09-15,0.010958904109589041,24.075,0.009723050585549696,0.8591364592876022,119424.37009742079,568.530029296875,0.01472477969695496,2026-09-11
SMH260915C00550000,2026-09-11 19:36:34+00:00,550.0,19.65,17.1,20.7,-11.5,-36.918137,22.0,851,0.3203803314208984,True,REGULAR,USD,SMH,call,2026-09-15,0.010958904109589041,18.9,0.012463829485252683,0.8456184752997938,3428371.50186855,568.530029296875,0.01472477969695496,2026-09-11
SMH260915C00555000,2026-09-10 15:46:57+00:00,555.0,13.75,13.55,16.2,0.0,0.0,5.0,68,0.289496851196289,True,REGULAR,USD,SMH,call,2026-09-15,0.010958904109589041,14.875,0.016483724612426365,0.7951382546345143,362302.29113709816,568.530029296875,0.01472477969695496,2026-09-11
SMH260915C00560000,2026-09-11 19:22:25+00:00,560.0,11.99,9.65,12.05,2.5900002,27.553192,4.0,20,0.26453372192382807,True,REGULAR,USD,SMH,call,2026-09-15,0.010958904109589041,10.850000000000001,0.021471113027191777,0.7175481177178515,138800.60887008117,568.530029296875,0.01472477969695496,2026-09-11
SMH260915C00565000,2026-09-11 19:22:25+00:00,565.0,8.22,6.45,8.2,1.2000003,17.09402,18.0,316,0.2371902453613281,True,REGULAR,USD,SMH,call,2026-09-15,0.010958904109589041,7.324999999999999,0.027166970686533752,0.6106098868829888,2774821.904630787,568.530029296875,0.01472477969695496,2026-09-11
SMH260915C00570000,2026-09-11 20:03:18+00:00,570.0,4.54,3.95,5.2,0.059999943,1.3392844,64.0,176,0.22217574707031246,False,REGULAR,USD,SMH,call,2026-09-15,0.010958904109589041,4.575,0.030072368583104313,0.46790114513005127,1710752.2542070798,568.530029296875,0.01472477969695496,2026-09-11
SMH260915C00575000,2026-09-11 20:03:18+00:00,575.0,2.59,1.9,3.25,-0.07000017,-2.6315854,134.0,35,0.22217574707031246,False,REGULAR,USD,SMH,call,2026-09-15,0.010958904109589041,2.575,0.027190250361617218,0.32417591025305653,307601.230374038,568.530029296875,0.01472477969695496,2026-09-11
SMH260915C00580000,2026-09-11 19:44:45+00:00,580.0,1.45,0.77,1.5,-0.24000001,-14.201183,122.0,103,0.2016681396484375,False,REGULAR,USD,SMH,call,2026-09-15,0.010958904109589041,1.135,0.021873401562613942,0.18014974210996781,728216.253772876,568.530029296875,0.01472477969695496,2026-09-11
SMH260915C00585000,2026-09-11 19:58:52+00:00,585.0,0.7,0.51,0.9,-0.37000006,-34.579445,33.0,23,0.21289849609375,False,REGULAR,USD,SMH,call,2026-09-15,0.010958904109589041,0.7050000000000001,0.014405112876624054,0.10555182902342841,107090.59194664622,568.530029296875,0.01472477969695496,2026-09-11
SMH260915C00590000,2026-09-11 14:38:54+00:00,590.0,0.51,0.23,0.49,-0.06999999,-12.068964,10.0,78,0.21875781249999998,False,REGULAR,USD,SMH,call,2026-09-15,0.010958904109589041,0.36,0.008683004268453623,0.05613501333012335,218912.94052854116,568.530029296875,0.01472477969695496,2026-09-11
SMH260915C00595000,2026-09-11 19:38:56+00:00,595.0,0.2,0.09,0.25,-0.21999998,-52.38095,6.0,57,0.22315229980468748,False,REGULAR,USD,SMH,call,2026-09-15,0.010958904109589041,0.16999999999999998,0.004777402097598535,0.027581764950375127,88018.39986141755,568.530029296875,0.01472477969695496,2026-09-11
SMH260915C00600000,2026-09-11 19:13:21+00:00,600.0,0.15,0.01,0.25,-1.16,-88.54962,4.0,24,0.25586681640625003,False,REGULAR,USD,SMH,call,2026-09-15,0.010958904109589041,0.13,0.003677566999943755,0.023760836360531844,28528.481300783664,568.530029296875,0.01472477969695496,2026-09-11
SMH260915C00605000,2026-09-11 19:13:21+00:00,605.0,0.1,0.01,0.2,0.07,233.33333,1.0,7,0.27686270019531245,False,REGULAR,USD,SMH,call,2026-09-15,0.010958904109589041,0.10500000000000001,0.002583123787799874,0.01719109974843585,5844.536514142101,568.530029296875,0.01472477969695496,2026-09-11
SMH260915C00615000,2026-09-11 18:22:12+00:00,615.0,0.04,0.0,0.27,-0.78,-95.12195,6.0,7,0.3530338134765625,False,REGULAR,USD,SMH,call,2026-09-15,0.010958904109589041,0.135,0.002112835539544778,0.018059798666796245,4780.469491074688,568.530029296875,0.01472477969695496,2026-09-11
SMH260915C00620000,2026-09-09 19:12:08+00:00,620.0,0.01,0.0,0.25,-0.34,-97.14286,1.0,18,0.37842418457031246,False,REGULAR,USD,SMH,call,2026-09-15,0.010958904109589041,0.125,0.0017304885876737435,0.015510503947924897,10068.112555547927,568.530029296875,0.01472477969695496,2026-09-11
SMH260915C00625000,2026-09-10 14:38:28+00:00,625.0,0.2,0.0,0.1,0.0,0.0,2.0,8,0.35645174804687496,False,REGULAR,USD,SMH,call,2026-09-15,0.010958904109589041,0.05,0.0008111123231650293,0.006081548501409225,2097.3832921423896,568.530029296875,0.01472477969695496,2026-09-11
SMH260915C00630000,2026-09-11 13:54:08+00:00,630.0,0.02,0.0,0.11,-0.41,-95.34884,4.0,24,0.387701435546875,False,REGULAR,USD,SMH,call,2026-09-15,0.010958904109589041,0.055,0.0007625604511521934,0.006236667632691869,5915.511959875978,568.530029296875,0.01472477969695496,2026-09-11
SMH260915P00485000,2026-09-08 19:43:48+00:00,485.0,0.17,0.0,0.42,0.0,0.0,2.0,2,0.6279334082031252,False,REGULAR,USD,SMH,put,2026-09-15,0.010958904109589041,0.21,0.0005218994472296502,-0.007007189329907959,-337.38335293887053,568.530029296875,0.01472477969695496,2026-09-11
SMH260915P00490000,2026-09-11 15:37:11+00:00,490.0,0.05,0.0,0.05,-0.06999999,-58.333332,4.0,6,0.49609878906250005,False,REGULAR,USD,SMH,put,2026-09-15,0.010958904109589041,0.025,0.00020355774184570733,-0.0018857284454959489,-394.771409464724,568.530029296875,0.01472477969695496,2026-09-11
SMH260915P00500000,2026-09-11 19:31:14+00:00,500.0,0.03,0.01,0.11,-0.120000005,-80.0,7.0,14,0.477544287109375,False,REGULAR,USD,SMH,put,2026-09-15,0.010958904109589041,0.06,0.0004740496712020596,-0.004619038685428567,-2145.1551226023903,568.530029296875,0.01472477969695496,2026-09-11
SMH260915P00505000,2026-09-11 16:34:32+00:00,505.0,0.03,0.01,0.26,-1.4300001,-97.945206,2.0,1,0.5034229345703125,False,REGULAR,USD,SMH,put,2026-09-15,0.010958904109589041,0.135,0.0009826926638789094,-0.011211274617044964,-317.63220636446505,568.530029296875,0.01472477969695496,2026-09-11
SMH260915P00515000,2026-09-10 19:50:19+00:00,515.0,0.41,0.03,0.12,0.0,0.0,5.0,6,0.38477177734374995,False,REGULAR,USD,SMH,put,2026-09-15,0.010958904109589041,0.075,0.0007925395837541063,-0.006458786164442398,-1537.0182715641681,568.530029296875,0.01472477969695496,2026-09-11
SMH260915P00520000,2026-09-11 19:49:23+00:00,520.0,0.1,0.02,0.26,-0.45000002,-81.81818,2.0,44,0.39600213378906257,False,REGULAR,USD,SMH,put,2026-09-15,0.010958904109589041,0.14,0.001560171056982601,-0.014494987470692444,-22188.692464527056,568.530029296875,0.01472477969695496,2026-09-11
SMH260915P00525000,2026-09-11 17:35:29+00:00,525.0,0.11,0.04,0.2,-0.59,-84.28571,11.0,611,0.344733115234375,False,REGULAR,USD,SMH,put,2026-09-15,0.010958904109589041,0.12000000000000001,0.0015911886885757382,-0.012628818301238298,-314245.965397363,568.530029296875,0.01472477969695496,2026-09-11
SMH260915P00530000,2026-09-11 19:49:13+00:00,530.0,0.12,0.11,0.33,-0.86,-87.755104,9.0,86,0.33789724609375,False,REGULAR,USD,SMH,put,2026-09-15,0.010958904109589041,0.22,0.0026102663979941944,-0.022004056242371006,-72558.80163511974,568.530029296875,0.01472477969695496,2026-09-11
SMH260915P00535000,2026-09-11 19:54:24+00:00,535.0,0.21,0.16,0.26,-1.29,-86.0,6.0,17,0.2873606420898437,False,REGULAR,USD,SMH,put,2026-09-15,0.010958904109589041,0.21000000000000002,0.002851035020186503,-0.020166768246079103,-15666.00607891415,568.530029296875,0.01472477969695496,2026-09-11
SMH260915P00540000,2026-09-11 19:36:49+00:00,540.0,0.33,0.11,0.4,-1.5999999,-82.90155,16.0,46,0.27295648925781246,False,REGULAR,USD,SMH,put,2026-09-15,0.010958904109589041,0.255,0.004590388407677812,-0.033519234980705304,-68251.79588019263,568.530029296875,0.01472477969695496,2026-09-11
SMH260915P00545000,2026-09-11 19:49:54+00:00,545.0,0.43,0.33,0.59,-2.1,-83.003944,143.0,382,0.25525647094726567,False,REGULAR,USD,SMH,put,2026-09-15,0.010958904109589041,0.45999999999999996,0.007166803913932718,-0.05352697108283788,-884903.0714825565,568.530029296875,0.01472477969695496,2026-09-11
SMH260915P00550000,2026-09-11 19:57:01+00:00,550.0,0.74,0.42,1.03,-3.06,-80.52631,186.0,48,0.24829853271484376,False,REGULAR,USD,SMH,put,2026-09-15,0.010958904109589041,0.725,0.011526210997076838,-0.0960049652371262,-178827.62973673773,568.530029296875,0.01472477969695496,2026-09-11
SMH260915P00555000,2026-09-11 19:59:21+00:00,555.0,1.3,0.92,1.68,-3.51,-72.97298,11.0,88,0.23828886718749998,False,REGULAR,USD,SMH,put,2026-09-15,0.010958904109589041,1.3,0.017136729939594978,-0.1597217957238004,-487435.8215729504,568.530029296875,0.01472477969695496,2026-09-11
SMH260915P00560000,2026-09-11 19:59:21+00:00,560.0,2.23,1.68,2.68,-4.52,-66.96296,226.0,177,0.22797402893066404,False,REGULAR,USD,SMH,put,2026-09-15,0.010958904109589041,2.18,0.023589712518365762,-0.2534276084576602,-1349592.7360534763,568.530029296875,0.01472477969695496,2026-09-11
SMH260915P00565000,2026-09-11 19:40:33+00:00,565.0,3.53,3.1,4.25,-6.7200003,-65.560974,513.0,67,0.22095505615234373,False,REGULAR,USD,SMH,put,2026-09-15,0.010958904109589041,3.675,0.029003712333894854,-0.38216966815723885,-628109.278882539,568.530029296875,0.01472477969695496,2026-09-11
SMH260915P00570000,2026-09-11 19:33:39+00:00,570.0,5.78,5.15,6.55,-6.7899995,-54.017498,462.0,9,0.2176591906738281,True,REGULAR,USD,SMH,put,2026-09-15,0.010958904109589041,5.85,0.030691003838104223,-0.5329533767991538,-89281.28254811812,568.530029296875,0.01472477969695496,2026-09-11
SMH260915P00575000,2026-09-11 19:29:16+00:00,575.0,8.8,7.9,9.4,-0.72999954,-7.6600165,32.0,3,0.20899228515624996,True,REGULAR,USD,SMH,put,2026-09-15,0.010958904109589041,8.65,0.028497174322214602,-0.6866032749379156,-27633.116704226784,568.530029296875,0.01472477969695496,2026-09-11
SMH260916C00500000,2026-09-04 13:36:22+00:00,500.0,63.8,66.9,70.5,0.0,0.0,4.0,3,0.7324245507812499,True,REGULAR,USD,SMH,call,2026-09-16,0.0136986301369863,68.7,0.002471478397323611,0.9391436329745501,2396.5411522215563,568.530029296875,0.01472477969695496,2026-09-11
SMH260916C00530000,2026-09-09 13:50:21+00:00,530.0,44.67,37.25,40.85,0.0,0.0,1.0,24,0.49219257812500006,True,REGULAR,USD,SMH,call,2026-09-16,0.0136986301369863,39.05,0.00553145268974637,0.8955370900146221,42909.87618390427,568.530029296875,0.01472477969695496,2026-09-11
SMH260916C00535000,2026-09-03 15:03:02+00:00,535.0,20.03,32.4,36.0,0.0,0.0,0.0,5,0.45483943603515625,True,REGULAR,USD,SMH,call,2026-09-16,0.0136986301369863,34.2,0.0065800417695781235,0.8807572578191128,10634.215874735475,568.530029296875,0.01472477969695496,2026-09-11
SMH260916C00540000,2026-09-03 15:01:25+00:00,540.0,16.38,27.6,31.25,0.0,0.0,0.0,1,0.42102629760742194,True,REGULAR,USD,SMH,call,2026-09-16,0.0136986301369863,29.425,0.007942673570210779,0.8600530264826612,2567.2817385046096,568.530029296875,0.01472477969695496,2026-09-11
SMH260916C00545000,2026-09-11 13:45:54+00:00,545.0,25.83,23.45,26.1,0.8999996,3.6101067,1.0,2,0.3633486517333985,True,REGULAR,USD,SMH,call,2026-09-16,0.0136986301369863,24.775,0.009727130382630797,0.848041978229858,6288.130559221434,568.530029296875,0.01472477969695496,2026-09-11
SMH260916C00550000,2026-09-11 13:45:54+00:00,550.0,20.36,19.35,21.45,1.3000011,6.8205733,9.0,4,0.329535513305664,True,REGULAR,USD,SMH,call,2026-09-16,0.0136986301369863,20.4,0.012215182258419768,0.8139692352937684,15793.077264140593,568.530029296875,0.01472477969695496,2026-09-11
SMH260916C00555000,2026-09-11 13:52:54+00:00,555.0,16.3,14.1,17.5,3.1499996,23.95437,1.0,10,0.3200141241455078,True,REGULAR,USD,SMH,call,2026-09-16,0.0136986301369863,15.8,0.014903658543765156,0.7506147471019772,48172.558116726315,568.530029296875,0.01472477969695496,2026-09-11
SMH260916C00560000,2026-09-11 18:20:10+00:00,560.0,15.07,11.05,13.7,4.91,48.32677,5.0,8,0.3043282458496094,True,REGULAR,USD,SMH,call,2026-09-16,0.0136986301369863,12.375,0.017742029183484175,0.6763843977746786,45877.53695189669,568.530029296875,0.01472477969695496,2026-09-11
SMH260916C00565000,2026-09-11 14:02:21+00:00,565.0,10.62,7.75,10.45,2.37,28.72727,2.0,104,0.29560030578613283,True,REGULAR,USD,SMH,call,2026-09-16,0.0136986301369863,9.1,0.01982652025662317,0.5843995512179324,666479.2838418565,568.530029296875,0.01472477969695496,2026-09-11
SMH260916C00570000,2026-09-11 19:34:36+00:00,570.0,6.51,5.55,7.1,-0.23999977,-3.5555522,6.0,11,0.2683178637695312,False,REGULAR,USD,SMH,call,2026-09-16,0.0136986301369863,6.324999999999999,0.022317499177874,0.4804296823049168,79349.65265810338,568.530029296875,0.01472477969695496,2026-09-11
SMH260916C00575000,2026-09-11 18:20:10+00:00,575.0,5.7,3.15,5.35,1.4499998,34.117645,7.0,13,0.27973132385253896,False,REGULAR,USD,SMH,call,2026-09-16,0.0136986301369863,4.25,0.020411182524639596,0.3773217858975512,85766.62807763023,568.530029296875,0.01472477969695496,2026-09-11
SMH260916C00580000,2026-09-11 19:43:55+00:00,580.0,2.87,1.86,3.55,-0.02000022,-0.6920491,28.0,13,0.27283442016601556,False,REGULAR,USD,SMH,call,2026-09-16,0.0136986301369863,2.705,0.01843828915885957,0.2768003085274279,77476.64236340631,568.530029296875,0.01472477969695496,2026-09-11
SMH260916C00585000,2026-09-11 17:33:19+00:00,585.0,2.32,1.09,2.0,-0.07000017,-2.9288774,12.0,29,0.2556226782226563,False,REGULAR,USD,SMH,call,2026-09-16,0.0136986301369863,1.545,0.015343578286283003,0.1784607095814466,143824.03502989496,568.530029296875,0.01472477969695496,2026-09-11
SMH260916C00590000,2026-09-11 17:11:42+00:00,590.0,1.49,0.78,1.41,-0.120000005,-7.453416,2.0,7,0.2672192419433594,False,REGULAR,USD,SMH,call,2026-09-16,0.0136986301369863,1.095,0.01155431260606699,0.12464851528170501,26142.611608825744,568.530029296875,0.01472477969695496,2026-09-11
SMH260916C00600000,2026-09-11 19:15:15+00:00,600.0,0.48,0.3,0.58,-0.14000002,-22.580648,7.0,540,0.27649649291992184,False,REGULAR,USD,SMH,call,2026-09-16,0.0136986301369863,0.43999999999999995,0.005727849781384878,0.05137220090882011,999751.8049704595,568.530029296875,0.01472477969695496,2026-09-11
SMH260916C00610000,2026-09-10 18:22:42+00:00,610.0,0.22,0.01,0.4,0.0,0.0,12.0,7,0.31641308593749995,False,REGULAR,USD,SMH,call,2026-09-16,0.0136986301369863,0.20500000000000002,0.0033113233549630474,0.030894503319204705,7492.149756669901,568.530029296875,0.01472477969695496,2026-09-11
SMH260916C00615000,2026-09-11 18:44:25+00:00,615.0,0.1,0.03,0.37,-0.27,-72.97298,1.0,3,0.340826904296875,False,REGULAR,USD,SMH,call,2026-09-16,0.0136986301369863,0.2,0.0027007192987308507,0.02643996457650386,2618.8312821250784,568.530029296875,0.01472477969695496,2026-09-11
SMH260916P00475000,2026-09-04 15:22:50+00:00,475.0,0.19,0.0,0.18,0.0,0.0,7.0,14,0.5722699023437501,False,REGULAR,USD,SMH,put,2026-09-16,0.0136986301369863,0.09,0.0002555916117756086,-0.003213292595254269,-1156.59537091198,568.530029296875,0.01472477969695496,2026-09-11
SMH260916P00490000,2026-09-11 18:53:36+00:00,490.0,0.08,0.03,0.08,-0.88,-91.66667,3.0,9,0.476567734375,False,REGULAR,USD,SMH,put,2026-09-16,0.0136986301369863,0.055,0.00032621329965552603,-0.003438756194739989,-948.9667373257862,568.530029296875,0.01472477969695496,2026-09-11
SMH260916P00495000,2026-09-11 20:02:23+00:00,495.0,0.07,0.02,0.15,-0.41,-85.41667,14.0,18,0.485356708984375,False,REGULAR,USD,SMH,put,2026-09-16,0.0136986301369863,0.08499999999999999,0.0005760177218848394,-0.006641733509806014,-3351.3143624500185,568.530029296875,0.01472477969695496,2026-09-11
SMH260916P00500000,2026-09-11 16:44:34+00:00,500.0,0.13,0.02,0.17,0.029999994,29.999992,1.0,415,0.4624077197265626,False,REGULAR,USD,SMH,put,2026-09-16,0.0136986301369863,0.095,0.0007096550697166076,-0.00796513891996875,-95192.38846737727,568.530029296875,0.01472477969695496,2026-09-11
SMH260916P00510000,2026-09-11 16:48:24+00:00,510.0,0.11,0.05,0.59,-0.35000002,-76.08696,4.0,409,0.49219257812500006,False,REGULAR,USD,SMH,put,2026-09-16,0.0136986301369863,0.32,0.0019126367782012863,-0.027160790022122017,-252849.80790563978,568.530029296875,0.01472477969695496,2026-09-11
SMH260916P00515000,2026-09-11 19:41:06+00:00,515.0,0.21,0.07,0.67,-0.31,-59.615387,17.0,1179,0.46753462158203124,False,REGULAR,USD,SMH,put,2026-09-16,0.0136986301369863,0.37,0.002340088125076213,-0.032555330731077525,-891769.9529859469,568.530029296875,0.01472477969695496,2026-09-11
SMH260916P00520000,2026-09-08 19:50:35+00:00,520.0,0.66,0.04,0.37,0.0,0.0,1.0,3,0.383795224609375,False,REGULAR,USD,SMH,put,2026-09-16,0.0136986301369863,0.205,0.00202679325969655,-0.021640827560440834,-1965.3392314365628,568.530029296875,0.01472477969695496,2026-09-11
SMH260916P00525000,2026-09-11 19:18:14+00:00,525.0,0.27,0.01,0.56,-0.68999994,-71.875,1.0,3,0.3786683227539062,False,REGULAR,USD,SMH,put,2026-09-16,0.0136986301369863,0.28500000000000003,0.0029573720483702793,-0.033488974040394415,-2867.702110616956,568.530029296875,0.01472477969695496,2026-09-11
SMH260916P00530000,2026-09-11 16:27:25+00:00,530.0,0.43,0.21,0.61,-0.92,-68.14815,54.0,80,0.34839518798828123,False,REGULAR,USD,SMH,put,2026-09-16,0.0136986301369863,0.41,0.0036901797769902677,-0.03964317941490769,-95421.08026493872,568.530029296875,0.01472477969695496,2026-09-11
SMH260916P00535000,2026-09-11 19:34:40+00:00,535.0,0.52,0.27,0.63,-0.78999996,-60.305347,3.0,12,0.31323928955078123,False,REGULAR,USD,SMH,put,2026-09-16,0.0136986301369863,0.45,0.0045789978401582195,-0.04538681411899248,-17760.635531763317,568.530029296875,0.01472477969695496,2026-09-11
SMH260916P00540000,2026-09-11 20:01:31+00:00,540.0,0.73,0.61,0.93,-2.61,-78.143715,2.0,17,0.30322962402343745,False,REGULAR,USD,SMH,put,2026-09-16,0.0136986301369863,0.77,0.006575404663256433,-0.06892295351012234,-36130.85377644965,568.530029296875,0.01472477969695496,2026-09-11
SMH260916P00550000,2026-09-11 17:59:20+00:00,550.0,1.47,1.23,2.02,-3.7699997,-71.94656,5.0,22,0.2846751220703124,False,REGULAR,USD,SMH,put,2026-09-16,0.0136986301369863,1.625,0.012421148627666951,-0.15206498916162114,-88326.54782371015,568.530029296875,0.01472477969695496,2026-09-11
SMH260916P00555000,2026-09-11 19:58:51+00:00,555.0,2.44,2.05,2.89,-3.9099998,-61.574802,20.0,25,0.2740551110839844,False,REGULAR,USD,SMH,put,2026-09-16,0.0136986301369863,2.4699999999999998,0.016087866915278436,-0.21651069633474695,-130000.58033982238,568.530029296875,0.01472477969695496,2026-09-11
SMH260916P00560000,2026-09-11 18:29:51+00:00,560.0,3.4,3.25,5.0,-5.02,-59.619953,18.0,18,0.2980416876220703,False,REGULAR,USD,SMH,put,2026-09-16,0.0136986301369863,4.125,0.01804183809818913,-0.3204213694797984,-104968.76892191771,568.530029296875,0.01472477969695496,2026-09-11
SMH260916P00565000,2026-09-11 19:39:01+00:00,565.0,5.38,4.8,5.9,-5.6899996,-51.400177,90.0,69,0.25989509643554687,False,REGULAR,USD,SMH,put,2026-09-16,0.0136986301369863,5.35,0.022424457154939403,-0.4059481459183396,-500124.17355679855,568.530029296875,0.01472477969695496,2026-09-11
SMH260916P00570000,2026-09-11 17:25:06+00:00,570.0,6.39,6.85,9.2,-7.4500003,-53.82948,29.0,24,0.29004616210937495,True,REGULAR,USD,SMH,put,2026-09-16,0.0136986301369863,8.024999999999999,0.02065144160951923,-0.5171296916780441,-160202.18416154094,568.530029296875,0.01472477969695496,2026-09-11
SMH260916P00575000,2026-09-09 19:30:04+00:00,575.0,10.96,9.65,11.8,0.0,0.0,61.0,43,0.2790599438476562,True,REGULAR,USD,SMH,put,2026-09-16,0.0136986301369863,10.725000000000001,0.0204549718227532,-0.6229937259265514,-284298.23179726163,568.530029296875,0.01472477969695496,2026-09-11
SMH260916P00580000,2026-09-11 19:32:47+00:00,580.0,13.83,12.85,15.1,-6.67,-32.536587,62.0,34,0.27600821655273433,True,REGULAR,USD,SMH,put,2026-09-16,0.0136986301369863,13.975,0.018303493269005846,-0.7207908072239531,-201149.8524482188,568.530029296875,0.01472477969695496,2026-09-11
SMH260917C00545000,2026-09-08 19:44:54+00:00,545.0,32.32,23.2,26.8,0.0,0.0,2.0,69,0.3695131408691406,True,REGULAR,USD,SMH,call,2026-09-17,0.01643835616438356,25.0,0.009613600424977897,0.8237508974211313,214408.4886526811,568.530029296875,0.01472477969695496,2026-09-11
SMH260917C00550000,2026-09-03 13:36:17+00:00,550.0,9.65,19.1,22.5,0.0,0.0,0.0,1,0.34955484436035156,True,REGULAR,USD,SMH,call,2026-09-17,0.01643835616438356,20.8,0.011582551533336854,0.7812542565292575,3743.7863678986823,568.530029296875,0.01472477969695496,2026-09-11
SMH260917C00555000,2026-09-10 17:40:33+00:00,555.0,15.02,15.8,18.5,0.0,0.0,1.0,1,0.3338079315185547,True,REGULAR,USD,SMH,call,2026-09-17,0.01643835616438356,17.15,0.013698617478851987,0.7255947126661473,4427.754733382992,568.530029296875,0.01472477969695496,2026-09-11
SMH260917C00560000,2026-09-11 13:36:37+00:00,560.0,11.5,12.2,14.75,0.10000038,0.8771964,17.0,3,0.3177558459472656,True,REGULAR,USD,SMH,call,2026-09-17,0.01643835616438356,13.475,0.015851179273980085,0.6582079817772011,15370.558562224242,568.530029296875,0.01472477969695496,2026-09-11
SMH260917C00565000,2026-09-11 19:13:46+00:00,565.0,10.7,9.15,11.5,1.8499994,20.903948,13.0,81,0.30762411132812495,True,REGULAR,USD,SMH,call,2026-09-17,0.01643835616438356,10.325,0.01745856525585364,0.5770327196388524,457088.5967573546,568.530029296875,0.01472477969695496,2026-09-11
SMH260917C00570000,2026-09-11 16:59:46+00:00,570.0,9.5,6.3,8.75,1.5999999,20.253162,9.0,157,0.30103238037109376,False,REGULAR,USD,SMH,call,2026-09-17,0.01643835616438356,7.525,0.018172359778455438,0.4878063699934914,922184.4531064646,568.530029296875,0.01472477969695496,2026-09-11
SMH260917C00575000,2026-09-11 19:13:38+00:00,575.0,6.2,4.8,6.25,1.4499998,30.526312,61.0,21,0.28876443664550777,False,REGULAR,USD,SMH,call,2026-09-17,0.01643835616438356,5.525,0.018277937529906273,0.3938214222427493,124066.14867001696,568.530029296875,0.01472477969695496,2026-09-11
SMH260917C00580000,2026-09-11 17:24:17+00:00,580.0,5.05,3.05,4.25,0.17000008,3.483608,60.0,7,0.27814442565917963,False,REGULAR,USD,SMH,call,2026-09-17,0.01643835616438356,3.65,0.017154274034151925,0.30019836232536234,38812.998989720945,568.530029296875,0.01472477969695496,2026-09-11
SMH260917C00585000,2026-09-11 17:03:32+00:00,585.0,3.45,1.5,3.5,-2.8,-44.8,19.0,135,0.30011686218261713,False,REGULAR,USD,SMH,call,2026-09-17,0.01643835616438356,2.5,0.014215140328635058,0.24014284203229952,620285.6544722961,568.530029296875,0.01472477969695496,2026-09-11
SMH260917C00590000,2026-09-11 19:02:38+00:00,590.0,1.91,1.24,2.29,-0.2800001,-12.785392,182.0,24,0.29242650939941395,False,REGULAR,USD,SMH,call,2026-09-17,0.01643835616438356,1.7650000000000001,0.011891687491770303,0.17044682901167718,92248.9744575478,568.530029296875,0.01472477969695496,2026-09-11
SMH260917C00600000,2026-09-11 15:24:56+00:00,600.0,1.03,0.31,1.18,-2.92,-73.92405,3.0,4,0.3048165222167969,False,REGULAR,USD,SMH,call,2026-09-17,0.01643835616438356,0.745,0.007294653503778911,0.08976742568697887,9431.298196218471,568.530029296875,0.01472477969695496,2026-09-11
SMH260917C00605000,2026-09-10 14:38:42+00:00,605.0,0.79,0.01,1.14,0.0,0.0,10.0,9,0.33521172607421873,False,REGULAR,USD,SMH,call,2026-09-17,0.01643835616438356,0.575,0.006043439323968588,0.07929065965982274,17580.59191194498,568.530029296875,0.01472477969695496,2026-09-11
SMH260917C00610000,2026-09-10 14:31:13+00:00,610.0,0.74,0.08,0.89,0.0,0.0,5.0,44,0.34632001342773433,False,REGULAR,USD,SMH,call,2026-09-17,0.01643835616438356,0.485,0.004764279958460286,0.06073924840098356,67757.40540760713,568.530029296875,0.01472477969695496,2026-09-11
SMH260917C00615000,2026-09-10 14:44:07+00:00,615.0,0.4,0.0,0.83,0.0,0.0,6.0,37,0.3707338317871094,False,REGULAR,USD,SMH,call,2026-09-17,0.01643835616438356,0.415,0.0040046368040621465,0.05311935264181325,47892.95962935526,568.530029296875,0.01472477969695496,2026-09-11
SMH260917P00500000,2026-09-10 20:14:27+00:00,500.0,0.52,0.0,0.49,0.0,0.0,2.0,6,0.50586431640625,False,REGULAR,USD,SMH,put,2026-09-17,0.01643835616438356,0.245,0.0013980502229449627,-0.02153720365195888,-2711.320394941261,568.530029296875,0.01472477969695496,2026-09-11
SMH260917P00510000,2026-09-10 18:58:09+00:00,510.0,0.79,0.03,0.42,0.0,0.0,1.0,7,0.4282283740234375,False,REGULAR,USD,SMH,put,2026-09-17,0.01643835616438356,0.22499999999999998,0.0016675189724691673,-0.0217845036882105,-3772.9030132627245,568.530029296875,0.01472477969695496,2026-09-11
SMH260917P00520000,2026-09-11 16:59:58+00:00,520.0,0.44,0.13,0.71,-0.67,-60.36036,2.0,25,0.40332627929687503,False,REGULAR,USD,SMH,put,2026-09-17,0.01643835616438356,0.42,0.0028632445650198226,-0.03886419876153324,-23136.905412483462,568.530029296875,0.01472477969695496,2026-09-11
SMH260917P00525000,2026-09-11 18:31:02+00:00,525.0,0.61,0.01,1.16,-0.77,-55.7971,2.0,5,0.41260353027343744,False,REGULAR,USD,SMH,put,2026-09-17,0.01643835616438356,0.585,0.004023466642613521,-0.0612167271389078,-6502.453075627298,568.530029296875,0.01472477969695496,2026-09-11
SMH260917P00530000,2026-09-11 15:06:51+00:00,530.0,0.75,0.54,0.9,-1.17,-60.937496,3.0,10,0.35217932983398437,False,REGULAR,USD,SMH,put,2026-09-17,0.01643835616438356,0.72,0.0043810628962968985,-0.05576841507526753,-14160.751627873664,568.530029296875,0.01472477969695496,2026-09-11
SMH260917P00535000,2026-09-10 19:08:28+00:00,535.0,2.93,0.55,1.25,0.0,0.0,7.0,16,0.34339035522460937,False,REGULAR,USD,SMH,put,2026-09-17,0.01643835616438356,0.9,0.005834973963101901,-0.07814819684263685,-30176.281510657827,568.530029296875,0.01472477969695496,2026-09-11
SMH260917P00540000,2026-09-11 13:59:44+00:00,540.0,1.32,1.01,1.64,-2.08,-61.176468,2.0,36,0.32947447875976554,False,REGULAR,USD,SMH,put,2026-09-17,0.01643835616438356,1.325,0.007553219208600254,-0.10465241725258978,-87890.39314167542,568.530029296875,0.01472477969695496,2026-09-11
SMH260917P00545000,2026-09-11 18:30:08+00:00,545.0,1.55,1.21,2.08,-2.4,-60.7595,216.0,97,0.3115913568115234,False,REGULAR,USD,SMH,put,2026-09-17,0.01643835616438356,1.645,0.009650036353893252,-0.1368743919279598,-302557.2061045983,568.530029296875,0.01472477969695496,2026-09-11
SMH260917P00550000,2026-09-11 18:35:54+00:00,550.0,2.19,2.04,2.81,-3.8600001,-63.80165,9.0,18,0.3002999658203125,False,REGULAR,USD,SMH,put,2026-09-17,0.01643835616438356,2.425,0.012189101476037419,-0.18487187984026665,-70917.10773817438,568.530029296875,0.01472477969695496,2026-09-11
SMH260917P00555000,2026-09-11 19:35:40+00:00,555.0,3.35,2.84,3.8,-3.5500002,-51.44928,10.0,25,0.2898020239257812,False,REGULAR,USD,SMH,put,2026-09-17,0.01643835616438356,3.32,0.01494101520941766,-0.24682579561272588,-120733.26180028215,568.530029296875,0.01472477969695496,2026-09-11
SMH260917P00560000,2026-09-11 14:04:49+00:00,560.0,5.23,4.0,5.65,-4.07,-43.763443,4.0,8,0.29834686035156244,False,REGULAR,USD,SMH,put,2026-09-17,0.01643835616438356,4.825,0.0167136219192514,-0.3330441150808532,-43218.26997749906,568.530029296875,0.01472477969695496,2026-09-11
SMH260917P00565000,2026-09-11 18:31:02+00:00,565.0,5.75,5.2,7.85,-6.0,-51.06383,5.0,103,0.3037789349365234,False,REGULAR,USD,SMH,put,2026-09-17,0.01643835616438356,6.525,0.017672774874270603,-0.42219879292788265,-588367.6517286408,568.530029296875,0.01472477969695496,2026-09-11
SMH260917P00570000,2026-09-11 19:40:55+00:00,570.0,8.6,7.7,9.55,-8.049999,-48.348347,29.0,16,0.27967028930664056,True,REGULAR,USD,SMH,put,2026-09-17,0.01643835616438356,8.625,0.01955706294303435,-0.5142584100184157,-101141.74298336149,568.530029296875,0.01472477969695496,2026-09-11
SMH260917P00585000,2026-09-04 19:14:36+00:00,585.0,26.35,17.5,20.25,0.0,0.0,8.0,5,0.3112251495361328,True,REGULAR,USD,SMH,put,2026-09-17,0.01643835616438356,18.875,0.01396255439589535,-0.7515106783925125,-22565.330556892146,568.530029296875,0.01472477969695496,2026-09-11
SMH260917P00595000,2026-09-03 19:58:15+00:00,595.0,43.32,26.1,28.4,0.0,0.0,0.0,1,0.3142158422851562,True,REGULAR,USD,SMH,put,2026-09-17,0.01643835616438356,27.25,0.009583449124168539,-0.8628321447354723,-3097.6237045220746,568.530029296875,0.01472477969695496,2026-09-11
SMH260918C00130000,2026-07-29 13:43:02+00:00,130.0,398.5,434.4,438.8,0.0,0.0,1.0,12,3.923828315429688,True,REGULAR,USD,SMH,call,2026-09-18,0.019178082191780823,436.6,1.4848245145744388e-05,0.9985982411953983,57.59213686607194,568.530029296875,0.01472477969695496,2026-09-11
SMH260918C00155000,2026-09-03 18:34:42+00:00,155.0,398.5,411.25,415.6,0.0,0.0,4.0,32,4.592289415893554,True,REGULAR,USD,SMH,call,2026-09-18,0.019178082191780823,413.425,6.768350661644576e-05,0.9909300128287394,700.0670653209116,568.530029296875,0.01472477969695496,2026-09-11
SMH260918C00165000,2026-07-28 14:24:02+00:00,165.0,358.5,399.45,403.85,0.0,0.0,1.0,37,3.3710953222656244,True,REGULAR,USD,SMH,call,2026-09-18,0.019178082191780823,401.65,2.3421990707269387e-05,0.9980429013631762,280.11240725863803,568.530029296875,0.01472477969695496,2026-09-11
SMH260918C00170000,2026-07-29 13:32:39+00:00,170.0,358.5,394.35,398.85,0.0,0.0,1.0,18,3.2929705175781248,True,REGULAR,USD,SMH,call,2026-09-18,0.019178082191780823,396.6,2.4534248479575067e-05,0.9979928141711072,142.74210007371218,568.530029296875,0.01472477969695496,2026-09-11
SMH260918C00175000,2026-08-21 13:51:30+00:00,175.0,388.8,391.25,395.6,0.0,0.0,10.0,35,4.184086801147461,True,REGULAR,USD,SMH,call,2026-09-18,0.019178082191780823,393.425,8.124870397870333e-05,0.9899513123671915,919.1603967510749,568.530029296875,0.01472477969695496,2026-09-11
SMH260918C00180000,2026-07-30 14:30:10+00:00,180.0,364.0,384.5,388.85,0.0,0.0,1.0,28,3.144533388671875,True,REGULAR,USD,SMH,call,2026-09-18,0.019178082191780823,386.675,2.6936882661830715e-05,0.9978854106305401,243.78792071489835,568.530029296875,0.01472477969695496,2026-09-11
SMH260918C00195000,2026-08-21 13:52:04+00:00,195.0,368.85,371.3,375.6,0.0,0.0,2.0,21,3.8232426293945316,True,REGULAR,USD,SMH,call,2026-09-18,0.019178082191780823,373.45000000000005,9.690800980001921e-05,0.9889080321252113,657.7877581369705,568.530029296875,0.01472477969695496,2026-09-11
SMH260918C00200000,2026-07-29 18:00:01+00:00,200.0,317.5,364.5,368.9,0.0,0.0,1.0,14,2.9199245751953127,True,REGULAR,USD,SMH,call,2026-09-18,0.019178082191780823,366.7,3.563226820153308e-05,0.9973460113765216,161.24205395742263,568.530029296875,0.01472477969695496,2026-09-11
SMH260918C00205000,2026-07-29 18:00:01+00:00,205.0,312.5,359.4,363.9,0.0,0.0,3.0,4,2.853518491210937,True,REGULAR,USD,SMH,call,2026-09-18,0.019178082191780823,361.65,3.7170236479285086e-05,0.9972888215750788,48.05760603687209,568.530029296875,0.01472477969695496,2026-09-11
SMH260918C00210000,2026-07-29 13:32:39+00:00,210.0,319.0,354.5,358.9,0.0,0.0,3.0,15,2.7910186474609375,True,REGULAR,USD,SMH,call,2026-09-18,0.019178082191780823,356.7,3.894542366877616e-05,0.9972141987010111,188.8228329529365,568.530029296875,0.01472477969695496,2026-09-11
SMH260918C00220000,2026-09-03 17:31:38+00:00,220.0,331.35,346.3,350.65,0.0,0.0,1.0,67,3.437013126220703,True,REGULAR,USD,SMH,call,2026-09-18,0.019178082191780823,348.475,0.00012149370487925664,0.987268300127313,2631.08813389028,568.530029296875,0.01472477969695496,2026-09-11
SMH260918C00240000,2026-08-17 19:19:42+00:00,240.0,355.0,326.45,330.65,0.0,0.0,1.0,126,1.8281258593749998,True,REGULAR,USD,SMH,call,2026-09-18,0.019178082191780823,328.54999999999995,5.339795253391797e-06,0.9997969663205638,217.4713084638127,568.530029296875,0.01472477969695496,2026-09-11
SMH260918C00250000,2026-09-11 16:52:51+00:00,250.0,320.22,316.95,319.85,13.880005,4.530915,17.0,1487,2.783694447021485,True,REGULAR,USD,SMH,call,2026-09-18,0.019178082191780823,318.4,0.00012170956268066517,0.9899902308188481,58498.19796951843,568.530029296875,0.01472477969695496,2026-09-11
SMH260918C00255000,2026-08-17 19:19:42+00:00,255.0,340.1,311.85,315.45,0.0,0.0,1.0,2,2.00781748046875,True,REGULAR,USD,SMH,call,2026-09-18,0.019178082191780823,313.65,2.5971588325126998e-05,0.998758392591457,16.789405692594425,568.530029296875,0.01472477969695496,2026-09-11
SMH260918C00260000,2026-08-21 14:31:22+00:00,260.0,299.72,306.5,310.55,0.0,0.0,1.0,380,2.858889571533203,True,REGULAR,USD,SMH,call,2026-09-18,0.019178082191780823,308.525,0.000166094411967169,0.9852229509983037,20400.717194005276,568.530029296875,0.01472477969695496,2026-09-11
SMH260918C00270000,2026-08-12 18:04:21+00:00,270.0,318.85,296.35,300.7,0.0,0.0,1.0,117,2.7700226062011724,True,REGULAR,USD,SMH,call,2026-09-18,0.019178082191780823,298.525,0.00018729303211251,0.9836169907682961,7082.952017405491,568.530029296875,0.01472477969695496,2026-09-11
SMH260918C00275000,2026-09-09 15:57:37+00:00,275.0,299.7,291.35,295.7,0.0,0.0,2.0,25,2.7089876025390627,True,REGULAR,USD,SMH,call,2026-09-18,0.019178082191780823,293.525,0.00019536864208179855,0.9832309374359058,1578.7075430563561,568.530029296875,0.01472477969695496,2026-09-11
SMH260918C00280000,2026-09-09 15:57:37+00:00,280.0,294.73,286.35,290.7,0.0,0.0,2.0,238,2.6494174389648437,True,REGULAR,USD,SMH,call,2026-09-18,0.019178082191780823,288.525,0.0002038958576621557,0.9828242668384618,15685.27644233745,568.530029296875,0.01472477969695496,2026-09-11
SMH260918C00285000,2026-08-12 13:44:05+00:00,285.0,303.55,281.35,285.7,0.0,0.0,4.0,7,2.5903355554199217,True,REGULAR,USD,SMH,call,2026-09-18,0.019178082191780823,283.525,0.00021270616539803823,0.98242243712318,481.26572807833924,568.530029296875,0.01472477969695496,2026-09-11
SMH260918C00290000,2026-09-01 14:27:02+00:00,290.0,253.38,276.35,280.7,0.0,0.0,1.0,62,2.5327185119628903,True,REGULAR,USD,SMH,call,2026-09-18,0.019178082191780823,278.525,0.00022204081239057244,0.9819958771849254,4449.705971732497,568.530029296875,0.01472477969695496,2026-09-11
SMH260918C00295000,2026-06-16 14:20:20+00:00,295.0,351.5,293.5,298.0,0.0,0.0,1.0,1,4.473393080139159,True,REGULAR,USD,SMH,call,2026-09-18,0.019178082191780823,295.75,0.00044313030217863863,0.9146622944665062,143.23140973941074,568.530029296875,0.01472477969695496,2026-09-11
SMH260918C00300000,2026-08-20 18:03:02+00:00,300.0,261.85,266.3,270.7,0.0,0.0,2.0,221,2.419925825195312,True,REGULAR,USD,SMH,call,2026-09-18,0.019178082191780823,268.5,0.00024199890000396244,0.9811186938443337,17286.71543920914,568.530029296875,0.01472477969695496,2026-09-11
SMH260918C00305000,2026-09-09 19:59:15+00:00,305.0,268.85,261.5,265.7,0.0,0.0,1.0,9,1.5000025,True,REGULAR,USD,SMH,call,2026-09-18,0.019178082191780823,263.6,2.7199119167568447e-05,0.999049999876287,79.1232589285556,568.530029296875,0.01472477969695496,2026-09-11
SMH260918C00315000,2026-06-17 18:00:09+00:00,315.0,325.0,274.0,278.5,0.0,0.0,11.0,23,4.155400313568116,True,REGULAR,USD,SMH,call,2026-09-18,0.019178082191780823,276.25,0.0005135112539115464,0.9057729372969119,3817.548992753184,568.530029296875,0.01472477969695496,2026-09-11
SMH260918C00320000,2026-08-28 19:00:14+00:00,320.0,233.63,246.7,249.75,0.0,0.0,11.0,218,1.9936523754882813,True,REGULAR,USD,SMH,call,2026-09-18,0.019178082191780823,248.225,0.00021503023662946882,0.9868754060130979,15151.751671054923,568.530029296875,0.01472477969695496,2026-09-11
SMH260918C00330000,2026-09-08 15:48:47+00:00,330.0,248.23,236.4,240.75,0.0,0.0,1.0,62,1.2656286718749998,True,REGULAR,USD,SMH,call,2026-09-18,0.019178082191780823,238.575,2.4267123829347814e-05,0.9993022149307806,486.3140458623438,568.530029296875,0.01472477969695496,2026-09-11
SMH260918C00335000,2026-06-22 13:43:29+00:00,335.0,335.0,254.5,259.0,0.0,0.0,2.0,15,3.854980831298828,True,REGULAR,USD,SMH,call,2026-09-18,0.019178082191780823,256.75,0.0005949325627094129,0.896007337791016,2884.468605660748,568.530029296875,0.01472477969695496,2026-09-11
SMH260918C00340000,2026-09-10 15:15:35+00:00,340.0,225.85,226.5,230.55,0.0,0.0,3.0,235,1.9746095019531251,True,REGULAR,USD,SMH,call,2026-09-18,0.019178082191780823,228.525,0.0003338764081525392,0.9782869835463507,25360.6518671298,568.530029296875,0.01472477969695496,2026-09-11
SMH260918C00345000,2026-04-17 14:23:31+00:00,345.0,132.33,257.8,262.5,0.0,0.0,11.0,71,4.452885293273926,True,REGULAR,USD,SMH,call,2026-09-18,0.019178082191780823,260.15,0.0006080193040588511,0.86855797027964,13953.47999563167,568.530029296875,0.01472477969695496,2026-09-11
SMH260918C00350000,2026-09-11 16:52:51+00:00,350.0,220.33,216.75,220.7,25.630005,13.163844,17.0,1194,1.3281283593749997,True,REGULAR,USD,SMH,call,2026-09-18,0.019178082191780823,218.725,9.093235810483619e-05,0.9968688793572,35093.7354435733,568.530029296875,0.01472477969695496,2026-09-11
SMH260918C00355000,2026-08-11 13:40:23+00:00,355.0,221.93,211.5,215.75,0.0,0.0,2.0,34,1.193363408203125,True,REGULAR,USD,SMH,call,2026-09-18,0.019178082191780823,213.625,5.6886930882652744e-05,0.9983424074892655,625.1701565981529,568.530029296875,0.01472477969695496,2026-09-11
SMH260918C00360000,2026-08-19 14:30:08+00:00,360.0,202.2,206.55,210.95,0.0,0.0,1.0,317,1.2763708056640621,True,REGULAR,USD,SMH,call,2026-09-18,0.019178082191780823,208.75,0.00011005083269625009,0.9962956266655322,11276.112824893187,568.530029296875,0.01472477969695496,2026-09-11
SMH260918C00370000,2026-09-01 17:31:28+00:00,370.0,175.35,196.5,200.65,0.0,0.0,5.0,132,1.015629921875,True,REGULAR,USD,SMH,call,2026-09-18,0.019178082191780823,198.575,3.72284714678107e-05,0.9991254727297763,1588.385646484052,568.530029296875,0.01472477969695496,2026-09-11
SMH260918C00375000,2026-09-04 15:47:54+00:00,375.0,189.1,191.5,195.8,0.0,0.0,1.0,214,1.09375453125,True,REGULAR,USD,SMH,call,2026-09-18,0.019178082191780823,193.65,8.493194324285454e-05,0.9976586638648632,5874.780594316062,568.530029296875,0.01472477969695496,2026-09-11
SMH260918C00380000,2026-08-27 14:16:16+00:00,380.0,189.27,186.5,190.75,0.0,0.0,5.0,429,1.0351610742187503,True,REGULAR,USD,SMH,call,2026-09-18,0.019178082191780823,188.625,7.57418050431741e-05,0.9980579810416947,10502.670979616492,568.530029296875,0.01472477969695496,2026-09-11
SMH260918C00390000,2026-09-04 17:56:00+00:00,390.0,174.81,176.95,180.6,0.0,0.0,1.0,444,1.0869186279296876,True,REGULAR,USD,SMH,call,2026-09-18,0.019178082191780823,178.77499999999998,0.00016529018466086948,0.9951220257363881,23721.210771658825,568.530029296875,0.01472477969695496,2026-09-11
SMH260918C00395000,2026-09-01 13:55:09+00:00,395.0,149.7,171.8,175.75,0.0,0.0,1.0,708,1.0537156689453124,True,REGULAR,USD,SMH,call,2026-09-18,0.019178082191780823,173.775,0.00017519488315078998,0.9949709563841419,40092.348138615445,568.530029296875,0.01472477969695496,2026-09-11
SMH260918C00400000,2026-09-08 13:30:10+00:00,400.0,180.0,166.5,171.0,0.0,0.0,1.0,4489,1.0078174609375,True,REGULAR,USD,SMH,call,2026-09-18,0.019178082191780823,168.75,0.00017368231575344505,0.9952624085208247,252006.66317217745,568.530029296875,0.01472477969695496,2026-09-11
SMH260918C00405000,2026-09-04 15:00:16+00:00,405.0,160.79,162.15,165.8,0.0,0.0,1.0,205,1.0722702636718753,True,REGULAR,USD,SMH,call,2026-09-18,0.019178082191780823,163.97500000000002,0.00028937986841933507,0.9909476318930089,19174.718342496686,568.530029296875,0.01472477969695496,2026-09-11
SMH260918C00410000,2026-09-11 17:51:57+00:00,410.0,162.5,156.8,160.6,7.2400055,4.6631494,1.0,261,0.914063359375,True,REGULAR,USD,SMH,call,2026-09-18,0.019178082191780823,158.7,0.00016473497911155294,0.9959968349140738,13897.386951004219,568.530029296875,0.01472477969695496,2026-09-11
SMH260918C00415000,2026-09-04 19:06:12+00:00,415.0,150.25,151.5,155.85,0.0,0.0,3.0,55,0.867188828125,True,REGULAR,USD,SMH,call,2026-09-18,0.019178082191780823,153.675,0.00015783819855622063,0.9964009918132686,2805.9609483561217,568.530029296875,0.01472477969695496,2026-09-11
SMH260918C00420000,2026-09-11 16:27:04+00:00,420.0,150.7,146.6,151.0,4.830002,3.311169,1.0,1126,0.905274384765625,True,REGULAR,USD,SMH,call,2026-09-18,0.019178082191780823,148.8,0.0002558599908752845,0.993506194261059,93120.99076031186,568.530029296875,0.01472477969695496,2026-09-11
SMH260918C00425000,2026-09-11 19:33:43+00:00,425.0,144.45,141.8,145.8,25.759995,21.703592,1.0,1070,0.8740246972656249,True,REGULAR,USD,SMH,call,2026-09-18,0.019178082191780823,143.8,0.0002739277015935122,0.993258430487893,94738.50968920086,568.530029296875,0.01472477969695496,2026-09-11
SMH260918C00430000,2026-09-11 19:02:50+00:00,430.0,140.85,136.85,140.8,19.120003,15.706894,1.0,1444,0.852540537109375,True,REGULAR,USD,SMH,call,2026-09-18,0.019178082191780823,138.825,0.00030961561549018026,0.9924699731513268,144509.6558968159,568.530029296875,0.01472477969695496,2026-09-11
SMH260918C00435000,2026-09-08 13:42:17+00:00,435.0,140.82,131.6,135.9,0.0,0.0,1.0,50,0.790041162109375,True,REGULAR,USD,SMH,call,2026-09-18,0.019178082191780823,133.75,0.00027580769505735687,0.9939390629782606,4457.4163384698295,568.530029296875,0.01472477969695496,2026-09-11
SMH260918C00440000,2026-09-10 19:33:09+00:00,440.0,120.75,126.55,130.85,0.0,0.0,1.0,2564,0.735354208984375,True,REGULAR,USD,SMH,call,2026-09-18,0.019178082191780823,128.7,0.0002502514469170702,0.9949887596576709,207396.50594488063,568.530029296875,0.01472477969695496,2026-09-11
SMH260918C00445000,2026-08-31 16:36:44+00:00,445.0,110.81,122.05,125.65,0.0,0.0,1.0,159,0.7685570019531252,True,REGULAR,USD,SMH,call,2026-09-18,0.019178082191780823,123.85,0.00040500487405477836,0.9909151130312311,20814.414147582458,568.530029296875,0.01472477969695496,2026-09-11
SMH260918C00450000,2026-09-11 13:30:25+00:00,450.0,116.77,116.9,120.85,1.7699966,1.5391275,15.0,416,0.7460962890625,True,REGULAR,USD,SMH,call,2026-09-18,0.019178082191780823,118.875,0.00045837009727490497,0.9898822935183004,61633.44252287509,568.530029296875,0.01472477969695496,2026-09-11
SMH260918C00455000,2026-09-10 14:42:41+00:00,455.0,109.45,111.85,115.85,0.0,0.0,3.0,249,0.7070341796875,True,REGULAR,USD,SMH,call,2026-09-18,0.019178082191780823,113.85,0.00047271077026919006,0.9901450517709393,38045.356847078525,568.530029296875,0.01472477969695496,2026-09-11
SMH260918C00460000,2026-09-09 15:32:12+00:00,460.0,106.82,106.6,111.0,-5.6299973,-5.0066676,15.0,403,0.6606479248046876,True,REGULAR,USD,SMH,call,2026-09-18,0.019178082191780823,108.8,0.0004630861226540421,0.991092576024736,60321.708026995075,568.530029296875,0.01472477969695496,2026-09-11
SMH260918C00465000,2026-09-10 18:01:31+00:00,465.0,98.79,101.55,106.0,0.0,0.0,4.0,585,0.6225623681640625,True,REGULAR,USD,SMH,call,2026-09-18,0.019178082191780823,103.775,0.00047519668083488553,0.991427102387328,89853.72416743077,568.530029296875,0.01472477969695496,2026-09-11
SMH260918C00470000,2026-09-11 13:39:19+00:00,470.0,96.78,97.25,100.85,2.3600006,2.4994712,15.0,425,0.6657748266601564,True,REGULAR,USD,SMH,call,2026-09-18,0.019178082191780823,99.05,0.0008067222306599526,0.9829399104456698,110820.41504252782,568.530029296875,0.01472477969695496,2026-09-11
SMH260918C00475000,2026-09-11 13:39:19+00:00,475.0,91.81,92.05,95.15,2.1800003,2.4322217,15.0,618,0.7883321948242188,True,REGULAR,USD,SMH,call,2026-09-18,0.019178082191780823,93.6,0.0014947583295046552,0.956181578023014,298583.8232499222,568.530029296875,0.01472477969695496,2026-09-11
SMH260918C00480000,2026-09-10 13:51:11+00:00,480.0,80.0,86.7,91.0,0.0,0.0,2.0,742,0.5576216113281252,True,REGULAR,USD,SMH,call,2026-09-18,0.019178082191780823,88.85,0.0007385236987075865,0.9874709454117029,177123.0813128025,568.530029296875,0.01472477969695496,2026-09-11
SMH260918C00485000,2026-09-11 14:39:31+00:00,485.0,83.87,81.6,85.95,1.5,1.8210512,2.0,445,0.5073291455078125,True,REGULAR,USD,SMH,call,2026-09-18,0.019178082191780823,83.775,0.0006965415490920874,0.9894949759673999,100187.57293277963,568.530029296875,0.01472477969695496,2026-09-11
SMH260918C00490000,2026-09-11 15:16:30+00:00,490.0,80.64,76.7,81.0,6.989998,9.490831,11.0,516,0.7512231909179687,True,REGULAR,USD,SMH,call,2026-09-18,0.019178082191780823,78.85,0.0022285789533976644,0.9316575583309449,371693.13829126704,568.530029296875,0.01472477969695496,2026-09-11
SMH260918C00495000,2026-09-03 13:40:38+00:00,495.0,51.93,71.85,76.0,0.0,0.0,1.0,115,0.711916943359375,True,REGULAR,USD,SMH,call,2026-09-18,0.019178082191780823,73.925,0.0024450062128059664,0.9281088279110944,90883.41232907512,568.530029296875,0.01472477969695496,2026-09-11
SMH260918C00500000,2026-09-11 16:52:08+00:00,500.0,70.45,66.75,69.8,6.7099953,10.527134,17.0,1945,0.5716595568847658,True,REGULAR,USD,SMH,call,2026-09-18,0.019178082191780823,68.275,0.0021914873419851258,0.9527139734052398,1377734.042690377,568.530029296875,0.01472477969695496,2026-09-11
SMH260918C00505000,2026-09-08 13:40:55+00:00,505.0,73.21,61.8,65.2,0.0,0.0,15.0,375,0.5722699023437501,True,REGULAR,USD,SMH,call,2026-09-18,0.019178082191780823,63.5,0.00268627025993186,0.9387669166431885,325602.543749073,568.530029296875,0.01472477969695496,2026-09-11
SMH260918C00510000,2026-09-11 16:00:53+00:00,510.0,62.29,56.85,61.05,-3.5100021,-5.3343496,1.0,2164,0.5974161352539062,True,REGULAR,USD,SMH,call,2026-09-18,0.019178082191780823,58.95,0.0033464443179607633,0.9136875068637624,2340710.3580270126,568.530029296875,0.01472477969695496,2026-09-11
SMH260918C00515000,2026-09-02 14:47:42+00:00,515.0,39.25,52.05,56.25,0.0,0.0,3.0,228,0.5704388659667969,True,REGULAR,USD,SMH,call,2026-09-18,0.019178082191780823,54.15,0.003810715127248579,0.9033692097363757,280833.0058687927,568.530029296875,0.01472477969695496,2026-09-11
SMH260918C00520000,2026-09-04 13:59:36+00:00,520.0,51.54,47.4,50.6,0.0,0.0,16.0,425,0.4892629199218751,True,REGULAR,USD,SMH,call,2026-09-18,0.019178082191780823,49.0,0.004095927469781988,0.9134122134295716,562662.5434804247,568.530029296875,0.01472477969695496,2026-09-11
SMH260918C00525000,2026-09-10 15:44:44+00:00,525.0,41.41,42.25,45.8,0.0,0.0,1.0,315,0.4630180651855469,True,REGULAR,USD,SMH,call,2026-09-18,0.019178082191780823,44.025,0.004784896385035332,0.9008304299549073,487180.51364255685,568.530029296875,0.01472477969695496,2026-09-11
SMH260918C00530000,2026-09-10 18:41:10+00:00,530.0,34.68,38.5,41.75,0.0,0.0,25.0,3047,0.47461462890625,True,REGULAR,USD,SMH,call,2026-09-18,0.019178082191780823,40.125,0.0057515416795398434,0.8669827991596009,5664525.588395609,568.530029296875,0.01472477969695496,2026-09-11
SMH260918C00535000,2026-09-11 16:25:04+00:00,535.0,37.13,33.6,36.3,5.0300026,15.66979,1.0,1536,0.4094297338867187,True,REGULAR,USD,SMH,call,2026-09-18,0.019178082191780823,34.95,0.0066544212183240374,0.8673539976253163,3303758.7086879783,568.530029296875,0.01472477969695496,2026-09-11
SMH260918C00537500,2026-09-04 19:51:59+00:00,537.5,34.33,30.95,34.65,0.0,0.0,19.0,14,0.42847251220703125,True,REGULAR,USD,SMH,call,2026-09-18,0.019178082191780823,32.8,0.007255405873691385,0.8385391379674972,32831.94150740068,568.530029296875,0.01472477969695496,2026-09-11
SMH260918C00540000,2026-09-11 19:50:30+00:00,540.0,31.14,29.45,32.05,2.8400002,10.035336,20.0,712,0.40161731201171874,True,REGULAR,USD,SMH,call,2026-09-18,0.019178082191780823,30.75,0.0079025463125836,0.8333009296365739,1818669.8233950492,568.530029296875,0.01472477969695496,2026-09-11
SMH260918C00542500,2026-09-11 19:14:50+00:00,542.5,28.85,26.3,29.7,3.6499996,14.484125,2.0,115,0.38550419189453117,True,REGULAR,USD,SMH,call,2026-09-18,0.019178082191780823,28.0,0.008617091220009275,0.8209326745234715,320306.20221884316,568.530029296875,0.01472477969695496,2026-09-11
SMH260918C00545000,2026-09-11 18:14:17+00:00,545.0,28.57,24.7,27.5,6.4699993,29.276014,54.0,501,0.3748231463623046,True,REGULAR,USD,SMH,call,2026-09-18,0.019178082191780823,26.1,0.009379384876198243,0.8037343018167455,1518864.041484958,568.530029296875,0.01472477969695496,2026-09-11
SMH260918C00547500,2026-09-11 17:09:06+00:00,547.5,26.45,22.6,25.3,5.6400013,27.102362,1.0,187,0.36286037536621096,True,REGULAR,USD,SMH,call,2026-09-18,0.019178082191780823,23.950000000000003,0.010217243661252953,0.785371528413091,617564.2887266661,568.530029296875,0.01472477969695496,2026-09-11
SMH260918C00550000,2026-09-11 19:15:42+00:00,550.0,22.8,20.25,23.65,4.549999,24.931503,33.0,4050,0.3698183135986328,True,REGULAR,USD,SMH,call,2026-09-18,0.019178082191780823,21.95,0.01081689792276391,0.7541445488655021,14160042.9941571,568.530029296875,0.01472477969695496,2026-09-11
SMH260918C00552500,2026-09-11 14:22:49+00:00,552.5,21.5,18.75,21.15,3.2000008,17.486343,12.0,118,0.34393966613769533,True,REGULAR,USD,SMH,call,2026-09-18,0.019178082191780823,19.95,0.012001054319109935,0.7390409959190514,457728.7866888065,568.530029296875,0.01472477969695496,2026-09-11
SMH260918C00555000,2026-09-11 19:51:17+00:00,555.0,18.56,16.4,19.75,2.3599987,14.567893,5.0,1158,0.35474278076171867,True,REGULAR,USD,SMH,call,2026-09-18,0.019178082191780823,18.075,0.012409007057436722,0.7021048134039434,4644643.746825314,568.530029296875,0.01472477969695496,2026-09-11
SMH260918C00557500,2026-09-11 18:07:58+00:00,557.5,18.58,15.2,17.8,2.8999996,18.494896,24.0,207,0.3443669079589844,True,REGULAR,USD,SMH,call,2026-09-18,0.019178082191780823,16.5,0.01329273848314813,0.6739136282536318,889388.7333268304,568.530029296875,0.01472477969695496,2026-09-11
SMH260918C00560000,2026-09-11 19:41:13+00:00,560.0,15.35,13.35,14.85,3.3000002,27.385895,18.0,3772,0.3004220349121094,True,REGULAR,USD,SMH,call,2026-09-18,0.019178082191780823,14.1,0.015553382812487167,0.656380284838135,18962839.220638774,568.530029296875,0.01472477969695496,2026-09-11
SMH260918C00562500,2026-09-11 18:20:49+00:00,562.5,14.75,11.8,13.6,3.8500004,35.321106,104.0,123,0.3085396295166015,True,REGULAR,USD,SMH,call,2026-09-18,0.019178082191780823,12.7,0.015751530967324172,0.6136604911218445,626231.1986206743,568.530029296875,0.01472477969695496,2026-09-11
SMH260918C00565000,2026-09-11 17:55:11+00:00,565.0,13.54,9.65,11.95,3.2200003,31.201553,494.0,4113,0.30133755310058596,True,REGULAR,USD,SMH,call,2026-09-18,0.019178082191780823,10.8,0.016519049631193244,0.5747577564013595,21960922.784254666,568.530029296875,0.01472477969695496,2026-09-11
SMH260918C00567500,2026-09-11 19:55:48+00:00,567.5,9.7,9.15,10.5,0.80999947,9.111355,249.0,501,0.2973703076171874,True,REGULAR,USD,SMH,call,2026-09-18,0.019178082191780823,9.825,0.01698053678304495,0.5331747191501159,2749767.395762694,568.530029296875,0.01472477969695496,2026-09-11
SMH260918C00570000,2026-09-11 20:11:13+00:00,570.0,8.65,8.05,9.2,1.2599998,17.050064,620.0,2777,0.2949899603271484,False,REGULAR,USD,SMH,call,2026-09-18,0.019178082191780823,8.625,0.01717203232335279,0.49042401827290405,15413611.00563754,568.530029296875,0.01472477969695496,2026-09-11
SMH260918C00572500,2026-09-11 19:54:50+00:00,572.5,7.5,7.0,8.0,-0.05000019,-0.66225415,236.0,410,0.29254857849121085,False,REGULAR,USD,SMH,call,2026-09-18,0.019178082191780823,7.5,0.01716879726447059,0.4472675237946879,2275257.457430339,568.530029296875,0.01472477969695496,2026-09-11
SMH260918C00575000,2026-09-11 19:59:50+00:00,575.0,6.4,5.7,6.8,0.80999994,14.490159,736.0,4050,0.28705546936035153,False,REGULAR,USD,SMH,call,2026-09-18,0.019178082191780823,6.25,0.01712783905240066,0.40304136568197135,22421487.113102518,568.530029296875,0.01472477969695496,2026-09-11
SMH260918C00577500,2026-09-11 19:56:09+00:00,577.5,5.2,5.05,5.8,0.33999968,6.995878,1196.0,445,0.28449201843261707,False,REGULAR,USD,SMH,call,2026-09-18,0.019178082191780823,5.425,0.01670426063428361,0.3601084601965313,2402669.780096913,568.530029296875,0.01472477969695496,2026-09-11
SMH260918C00580000,2026-09-11 20:12:18+00:00,580.0,4.7,4.25,4.9,0.39999962,9.302317,2312.0,6763,0.28186753295898437,False,REGULAR,USD,SMH,call,2026-09-18,0.019178082191780823,4.575,0.01607766575418205,0.3182735986850509,35145457.458333775,568.530029296875,0.01472477969695496,2026-09-11
SMH260918C00582500,2026-09-11 19:56:07+00:00,582.5,3.75,3.55,4.1,-0.3000002,-7.4074116,591.0,1219,0.27936511657714835,False,REGULAR,USD,SMH,call,2026-09-18,0.019178082191780823,3.8249999999999997,0.015255671540933354,0.27816996615153977,6010932.52252161,568.530029296875,0.01472477969695496,2026-09-11
SMH260918C00585000,2026-09-11 19:48:36+00:00,585.0,3.2,2.74,3.55,0.23000002,7.744108,946.0,5060,0.2825999475097656,False,REGULAR,USD,SMH,call,2026-09-18,0.019178082191780823,3.145,0.014126576424543656,0.24492797544269634,23104376.742965233,568.530029296875,0.01472477969695496,2026-09-11
SMH260918C00590000,2026-09-11 19:54:33+00:00,590.0,2.08,2.0,2.24,-0.07000017,-3.2558217,1712.0,10825,0.2713085565185547,False,REGULAR,USD,SMH,call,2026-09-18,0.019178082191780823,2.12,0.01192314795862565,0.17172028121604277,41718209.02418307,568.530029296875,0.01472477969695496,2026-09-11
SMH260918C00595000,2026-09-11 19:59:03+00:00,595.0,1.35,1.1,1.48,-0.31999993,-19.161673,401.0,8306,0.2701489001464844,False,REGULAR,USD,SMH,call,2026-09-18,0.019178082191780823,1.29,0.009380711170719059,0.11956077543907573,25184568.169607673,568.530029296875,0.01472477969695496,2026-09-11
SMH260918C00600000,2026-09-11 19:58:02+00:00,600.0,0.93,0.77,1.1,-0.19,-16.964285,2197.0,16857,0.2797923583984374,False,REGULAR,USD,SMH,call,2026-09-18,0.019178082191780823,0.935,0.00726811788745713,0.08830435293981248,39601265.73917777,568.530029296875,0.01472477969695496,2026-09-11
SMH260918C00605000,2026-09-11 19:42:41+00:00,605.0,0.62,0.47,0.86,-0.17000002,-21.51899,472.0,1428,0.2924875439453124,False,REGULAR,USD,SMH,call,2026-09-18,0.019178082191780823,0.665,0.005659900330821983,0.0673551292320665,2612424.8626605887,568.530029296875,0.01472477969695496,2026-09-11
SMH260918C00610000,2026-09-11 19:48:58+00:00,610.0,0.38,0.31,0.51,-0.19,-33.333332,790.0,6284,0.2873606420898437,False,REGULAR,USD,SMH,call,2026-09-18,0.019178082191780823,0.41000000000000003,0.003948398642555984,0.041814446509310356,8019808.3072222965,568.530029296875,0.01472477969695496,2026-09-11
SMH260918C00615000,2026-09-11 19:39:59+00:00,615.0,0.28,0.2,0.48,-0.13999999,-33.33333,62.0,3647,0.30982135498046875,False,REGULAR,USD,SMH,call,2026-09-18,0.019178082191780823,0.33999999999999997,0.00328427248799467,0.03657817382629309,3871522.2810922447,568.530029296875,0.01472477969695496,2026-09-11
SMH260918C00620000,2026-09-11 20:11:08+00:00,620.0,0.15,0.12,0.22,-0.120000005,-44.444443,44.0,6673,0.2929758203124999,False,REGULAR,USD,SMH,call,2026-09-18,0.019178082191780823,0.16999999999999998,0.0019194170910254514,0.01800321868356776,4139971.008491232,568.530029296875,0.01472477969695496,2026-09-11
SMH260918C00625000,2026-09-11 19:19:31+00:00,625.0,0.16,0.06,0.23,-0.08,-33.333336,24.0,5328,0.3178779150390625,False,REGULAR,USD,SMH,call,2026-09-18,0.019178082191780823,0.14500000000000002,0.0017145078858319476,0.017354477771677947,2952640.147115934,568.530029296875,0.01472477969695496,2026-09-11
SMH260918C00630000,2026-09-11 19:54:08+00:00,630.0,0.07,0.01,0.35,-0.07,-50.0,209.0,4618,0.36377589355468753,False,REGULAR,USD,SMH,call,2026-09-18,0.019178082191780823,0.18,0.001894485229949095,0.022884816690206436,2827821.3542543845,568.530029296875,0.01472477969695496,2026-09-11
SMH260918C00635000,2026-09-11 19:46:19+00:00,635.0,0.05,0.01,0.23,-0.08,-61.538464,352.0,3117,0.3618227880859375,False,REGULAR,USD,SMH,call,2026-09-18,0.019178082191780823,0.12000000000000001,0.0013402570080818588,0.015142941652688863,1350304.4736049045,568.530029296875,0.01472477969695496,2026-09-11
SMH260918C00640000,2026-09-11 14:26:37+00:00,640.0,0.12,0.01,0.25,0.029999994,33.333324,1.0,5632,0.3881897119140625,False,REGULAR,USD,SMH,call,2026-09-18,0.019178082191780823,0.13,0.0012621951331487184,0.015326158424213995,2297713.970421654,568.530029296875,0.01472477969695496,2026-09-11
SMH260918C00645000,2026-09-11 19:40:31+00:00,645.0,0.05,0.01,0.05,-0.02,-28.571428,357.0,2130,0.33399103515625,False,REGULAR,USD,SMH,call,2026-09-18,0.019178082191780823,0.030000000000000002,0.0004085512681164199,0.0035866170449923135,281276.19841000816,568.530029296875,0.01472477969695496,2026-09-11
SMH260918C00650000,2026-09-11 19:46:28+00:00,650.0,0.03,0.01,0.23,-0.04,-57.142857,78.0,9772,0.42529871582031253,False,REGULAR,USD,SMH,call,2026-09-18,0.019178082191780823,0.12000000000000001,0.0009884852051993149,0.01283135174604184,3122198.058125052,568.530029296875,0.01472477969695496,2026-09-11
SMH260918C00655000,2026-09-11 19:40:30+00:00,655.0,0.02,0.02,0.23,-0.02,-50.0,252.0,3776,0.4458063232421875,False,REGULAR,USD,SMH,call,2026-09-18,0.019178082191780823,0.125,0.0009043094116259198,0.01222502852096157,1103712.2273250406,568.530029296875,0.01472477969695496,2026-09-11
SMH260918C00660000,2026-09-11 18:42:22+00:00,660.0,0.02,0.0,0.03,0.01,100.0,44.0,3770,0.367193828125,False,REGULAR,USD,SMH,call,2026-09-18,0.019178082191780823,0.015,0.0002099441447241199,0.0019062045973022605,255830.27309706714,568.530029296875,0.01472477969695496,2026-09-11
SMH260918C00665000,2026-09-11 19:46:20+00:00,665.0,0.02,0.0,0.03,-0.01,-33.333336,17.0,2284,0.38281867187499996,False,REGULAR,USD,SMH,call,2026-09-18,0.019178082191780823,0.015,0.00018882770929783203,0.0017759855231449801,139401.88349486835,568.530029296875,0.01472477969695496,2026-09-11
SMH260918C00670000,2026-09-11 19:34:17+00:00,670.0,0.02,0.0,0.11,-0.02,-50.0,12.0,818,0.459966337890625,False,REGULAR,USD,SMH,call,2026-09-18,0.019178082191780823,0.055,0.00044403437560950384,0.005634415509030479,117402.32945008027,568.530029296875,0.01472477969695496,2026-09-11
SMH260918C00675000,2026-09-11 18:56:01+00:00,675.0,0.01,0.0,0.01,-0.01,-50.0,73.0,3034,0.37500625,False,REGULAR,USD,SMH,call,2026-09-18,0.019178082191780823,0.005,6.551676757792004e-05,0.0005479685298370106,64250.25508448868,568.530029296875,0.01472477969695496,2026-09-11
SMH260918C00680000,2026-09-11 18:30:52+00:00,680.0,0.04,0.0,0.18,0.01,33.333336,81.0,2229,0.5268602001953125,False,REGULAR,USD,SMH,call,2026-09-18,0.019178082191780823,0.09,0.000531043986143783,0.008045176161181606,382602.1277321181,568.530029296875,0.01472477969695496,2026-09-11
SMH260918C00685000,2026-09-11 19:48:59+00:00,685.0,0.04,0.0,0.05,0.02,100.0,30.0,407,0.47070841796875,False,REGULAR,USD,SMH,call,2026-09-18,0.019178082191780823,0.025,0.00020500322053524687,0.0024418567162740293,26968.8178726358,568.530029296875,0.01472477969695496,2026-09-11
SMH260918C00690000,2026-09-11 19:48:59+00:00,690.0,0.03,0.0,0.25,0.02,200.0,63.0,2133,0.5390671093750001,False,REGULAR,USD,SMH,call,2026-09-18,0.019178082191780823,0.125,0.00036751034565132677,0.005444476978531552,253377.03055465216,568.530029296875,0.01472477969695496,2026-09-11
SMH260918C00695000,2026-09-11 19:05:01+00:00,695.0,0.02,0.0,0.04,-0.01,-33.333336,70.0,359,0.49219257812500006,False,REGULAR,USD,SMH,call,2026-09-18,0.019178082191780823,0.02,0.000152954985064383,0.0018571042378636815,17748.632699397564,568.530029296875,0.01472477969695496,2026-09-11
SMH260918C00700000,2026-09-11 19:51:11+00:00,700.0,0.08,0.0,0.2,0.029999997,59.999996,78.0,9228,0.5585981640625001,False,REGULAR,USD,SMH,call,2026-09-18,0.019178082191780823,0.1,0.00027770430219668487,0.004138452317105904,828317.8324449417,568.530029296875,0.01472477969695496,2026-09-11
SMH260918C00705000,2026-09-11 19:51:11+00:00,705.0,0.06,0.0,1.9,0.049999997,499.99988,88.0,159,0.7893087475585938,False,REGULAR,USD,SMH,call,2026-09-18,0.019178082191780823,0.95,0.0010427316873823647,0.02828796095713178,53589.10614751884,568.530029296875,0.01472477969695496,2026-09-11
SMH260918C00710000,2026-09-11 19:49:34+00:00,710.0,0.05,0.0,0.09,0.04,399.99994,101.0,1883,0.5449264257812501,False,REGULAR,USD,SMH,call,2026-09-18,0.019178082191780823,0.045,0.00014007853823428876,0.0018855980372676651,85256.7431840595,568.530029296875,0.01472477969695496,2026-09-11
SMH260918C00715000,2026-09-11 19:34:57+00:00,715.0,0.01,0.0,0.22,-0.080000006,-88.88889,139.0,1663,0.6152382226562501,False,REGULAR,USD,SMH,call,2026-09-18,0.019178082191780823,0.11,0.0002532919574277357,0.004159622578125105,136150.88443493776,568.530029296875,0.01472477969695496,2026-09-11
SMH260918C00720000,2026-09-11 19:05:42+00:00,720.0,0.2,0.0,1.39,0.120000005,150.0,114.0,2042,0.8081073876953124,False,REGULAR,USD,SMH,call,2026-09-18,0.019178082191780823,0.695,0.000770377598470659,0.020291030086169604,508471.0143513084,568.530029296875,0.01472477969695496,2026-09-11
SMH260918C00725000,2026-09-11 19:49:22+00:00,725.0,0.09,0.0,0.38,0.010000005,12.500007,114.0,668,0.6904327832031252,False,REGULAR,USD,SMH,call,2026-09-18,0.019178082191780823,0.19,0.0003331955073002622,0.006443933441789959,71941.98503812565,568.530029296875,0.01472477969695496,2026-09-11
SMH260918C00730000,2026-09-11 19:49:22+00:00,730.0,0.08,0.0,0.15,0.009999998,14.285711,102.0,332,0.6367223828125,False,REGULAR,USD,SMH,call,2026-09-18,0.019178082191780823,0.075,0.00016587964417950164,0.0026985351998284226,17800.737514771714,568.530029296875,0.01472477969695496,2026-09-11
SMH260918C00735000,2026-09-11 19:06:11+00:00,735.0,0.08,0.0,0.78,0.02,33.333336,102.0,350,0.7949239257812499,False,REGULAR,USD,SMH,call,2026-09-18,0.019178082191780823,0.39,0.00048375141608480245,0.011577105727071928,54726.429070665596,568.530029296875,0.01472477969695496,2026-09-11
SMH260918C00740000,2026-09-11 19:05:54+00:00,740.0,0.18,0.0,0.35,0.07000001,63.63637,92.0,2375,0.7324245507812499,False,REGULAR,USD,SMH,call,2026-09-18,0.019178082191780823,0.175,0.00027445075170247466,0.005534302983829556,210685.60129641322,568.530029296875,0.01472477969695496,2026-09-11
SMH260918C00745000,2026-09-11 19:05:54+00:00,745.0,0.17,0.0,0.01,0.07,70.0,112.0,750,0.5468795312500001,False,REGULAR,USD,SMH,call,2026-09-18,0.019178082191780823,0.005,1.879807755217552e-05,0.00021460172441001212,4557.026118984732,568.530029296875,0.01472477969695496,2026-09-11
SMH260918C00750000,2026-09-11 19:28:25+00:00,750.0,0.01,0.0,0.11,0.0,0.0,142.0,1470,0.6757844921875001,False,REGULAR,USD,SMH,call,2026-09-18,0.019178082191780823,0.055,0.00011024546187113971,0.0018359208097796168,52382.33738475169,568.530029296875,0.01472477969695496,2026-09-11
SMH260918C00755000,2026-09-11 19:49:38+00:00,755.0,0.2,0.0,0.39,-0.00999999,-4.7619004,88.0,218,0.79101771484375,False,REGULAR,USD,SMH,call,2026-09-18,0.019178082191780823,0.195,0.0002625038055362848,0.005740315333351158,18496.898559649344,568.530029296875,0.01472477969695496,2026-09-11
SMH260918C00760000,2026-09-11 19:49:38+00:00,760.0,0.19,0.0,0.36,-0.010000005,-5.0000024,120.0,275,0.79883013671875,False,REGULAR,USD,SMH,call,2026-09-18,0.019178082191780823,0.18,0.00023847194812240754,0.0052097407731102365,21197.117675907193,568.530029296875,0.01472477969695496,2026-09-11
SMH260918C00765000,2026-09-11 19:49:58+00:00,765.0,0.18,0.0,1.31,-0.019999996,-9.999997,102.0,326,0.96679720703125,False,REGULAR,USD,SMH,call,2026-09-18,0.019178082191780823,0.655,0.0005259976840307364,0.016004989355486943,55425.3251360888,568.530029296875,0.01472477969695496,2026-09-11
SMH260918C00770000,2026-09-11 19:49:58+00:00,770.0,0.17,0.0,0.77,0.060000002,54.545456,74.0,2081,0.913086806640625,False,REGULAR,USD,SMH,call,2026-09-18,0.019178082191780823,0.385,0.0003679424349286437,0.009913750561410254,247490.63826745696,568.530029296875,0.01472477969695496,2026-09-11
SMH260918C00775000,2026-09-11 19:50:48+00:00,775.0,0.14,0.0,0.49,0.04,40.0,168.0,78,0.8774426318359375,False,REGULAR,USD,SMH,call,2026-09-18,0.019178082191780823,0.245,0.0002650102914653416,0.006522588242784856,6681.34903328057,568.530029296875,0.01472477969695496,2026-09-11
SMH260918C00780000,2026-09-11 19:50:48+00:00,780.0,0.13,0.0,0.44,0.06999999,116.66665,186.0,1316,0.8818371191406249,False,REGULAR,USD,SMH,call,2026-09-18,0.019178082191780823,0.22,0.0002387637876465452,0.005830917536978624,101561.98172469651,568.530029296875,0.01472477969695496,2026-09-11
SMH260918C00785000,2026-09-11 19:35:05+00:00,785.0,0.07,0.0,0.18,0.02,40.0,158.0,644,0.8125018749999999,False,REGULAR,USD,SMH,call,2026-09-18,0.019178082191780823,0.09,0.00012227106358766402,0.00252169162472753,25451.675339964047,568.530029296875,0.01472477969695496,2026-09-11
SMH260918C00790000,2026-09-11 19:35:05+00:00,790.0,0.06,0.0,0.17,0.009999998,19.999994,158.0,377,0.82226740234375,False,REGULAR,USD,SMH,call,2026-09-18,0.019178082191780823,0.085,0.00011384920145906685,0.0023613844681628303,13873.24821057983,568.530029296875,0.01472477969695496,2026-09-11
SMH260918C00795000,2026-09-11 19:35:55+00:00,795.0,0.06,0.0,0.14,0.02,50.0,172.0,273,0.8203142968749999,False,REGULAR,USD,SMH,call,2026-09-18,0.019178082191780823,0.07,9.545089145659679e-05,0.001939149634229515,8422.663559273402,568.530029296875,0.01472477969695496,2026-09-11
SMH260918C00800000,2026-09-11 19:35:55+00:00,800.0,0.05,0.0,0.09,-0.13000001,-72.22222,178.0,2982,0.79883013671875,False,REGULAR,USD,SMH,call,2026-09-18,0.019178082191780823,0.045,6.530331174278738e-05,0.0012421290578355497,62943.32238250445,568.530029296875,0.01472477969695496,2026-09-11
SMH260918C00805000,2026-09-11 19:52:13+00:00,805.0,0.03,0.0,0.05,-0.14,-82.35294,282.0,270,0.773439765625,False,REGULAR,USD,SMH,call,2026-09-18,0.019178082191780823,0.025,4.090032682113353e-05,0.0007205042526809741,3569.4175933349566,568.530029296875,0.01472477969695496,2026-09-11
SMH260918C00810000,2026-09-11 19:52:13+00:00,810.0,0.02,0.0,0.07,-0.07000001,-77.77779,170.0,811,0.804689453125,False,REGULAR,USD,SMH,call,2026-09-18,0.019178082191780823,0.035,4.938526520312634e-05,0.0009231887776616807,12945.68579224705,568.530029296875,0.01472477969695496,2026-09-11
SMH260918C00815000,2026-09-11 19:52:33+00:00,815.0,0.11,0.0,0.2,0.0,0.0,170.0,101,0.90429783203125,False,REGULAR,USD,SMH,call,2026-09-18,0.019178082191780823,0.1,0.00010901441036053173,0.0025002526082736,3558.869812579542,568.530029296875,0.01472477969695496,2026-09-11
SMH260918C00820000,2026-09-11 19:52:33+00:00,820.0,0.1,0.0,0.2,0.020000003,25.000004,170.0,600,0.9179695703125,False,REGULAR,USD,SMH,call,2026-09-18,0.019178082191780823,0.1,0.00010606360058515389,0.00246610665380544,20569.533104588085,568.530029296875,0.01472477969695496,2026-09-11
SMH260918C00825000,2026-09-11 19:51:59+00:00,825.0,0.08,0.0,0.08,0.009999998,14.285711,178.0,584,0.8554701953125,False,REGULAR,USD,SMH,call,2026-09-18,0.019178082191780823,0.04,5.205542353436196e-05,0.0010450867148116675,9826.201119352425,568.530029296875,0.01472477969695496,2026-09-11
SMH260918C00830000,2026-09-11 19:51:59+00:00,830.0,0.07,0.0,0.2,-0.07,-50.0,180.0,113,0.945313046875,False,REGULAR,USD,SMH,call,2026-09-18,0.019178082191780823,0.1,0.00010083286908222251,0.00240892681134949,3682.8784501426926,568.530029296875,0.01472477969695496,2026-09-11
SMH260918C00835000,2026-09-11 19:59:42+00:00,835.0,0.22,0.0,0.65,0.09,69.230774,184.0,184,1.0927779736328125,False,REGULAR,USD,SMH,call,2026-09-18,0.019178082191780823,0.325,0.00022541530037728828,0.0069622592639669864,13406.272152387173,568.530029296875,0.01472477969695496,2026-09-11
SMH260918C00840000,2026-09-11 19:59:42+00:00,840.0,0.21,0.0,1.22,0.019999996,10.526314,186.0,2517,1.2021524267578125,False,REGULAR,USD,SMH,call,2026-09-18,0.019178082191780823,0.61,0.00033019367942082304,0.012008274506356687,268632.6452878615,568.530029296875,0.01472477969695496,2026-09-11
SMH260918C00845000,2026-09-11 19:59:38+00:00,845.0,0.18,0.0,0.35,0.0,0.0,200.0,244,1.0439500927734378,False,REGULAR,USD,SMH,call,2026-09-18,0.019178082191780823,0.175,0.000139826311021571,0.003866695384299678,11027.715255912624,568.530029296875,0.01472477969695496,2026-09-11
SMH260918C00850000,2026-09-11 19:59:38+00:00,850.0,0.17,0.0,0.33,-0.010000005,-5.555558,208.0,80,1.05078599609375,False,REGULAR,USD,SMH,call,2026-09-18,0.019178082191780823,0.165,0.00013088317877474857,0.003618193967074632,3384.391835072523,568.530029296875,0.01472477969695496,2026-09-11
SMH260918C00855000,2026-09-11 19:59:25+00:00,855.0,0.04,0.0,0.04,-0.13,-76.4706,178.0,132,0.87500125,False,REGULAR,USD,SMH,call,2026-09-18,0.019178082191780823,0.02,2.4961473005451922e-05,0.0004825334648790433,1065.0033126189635,568.530029296875,0.01472477969695496,2026-09-11
SMH260918C00860000,2026-09-11 19:59:25+00:00,860.0,0.03,0.0,1.01,-0.17,-85.0,174.0,858,1.23047259765625,False,REGULAR,USD,SMH,call,2026-09-18,0.019178082191780823,0.505,0.00026702509964914804,0.009664287623030886,74053.60258619954,568.530029296875,0.01472477969695496,2026-09-11
SMH260918C00865000,2026-09-11 19:53:32+00:00,865.0,0.04,0.0,5.0,-0.030000001,-42.857143,130.0,75,1.5961934252929684,False,REGULAR,USD,SMH,call,2026-09-18,0.019178082191780823,2.5,0.0006458356463644665,0.03716555869939031,15656.334542112014,568.530029296875,0.01472477969695496,2026-09-11
SMH260918C00870000,2026-09-11 19:53:32+00:00,870.0,0.03,0.0,0.06,-0.03,-50.0,140.0,847,0.937500625,False,REGULAR,USD,SMH,call,2026-09-18,0.019178082191780823,0.03,3.167682587678272e-05,0.0006727905298745558,8672.251918382271,568.530029296875,0.01472477969695496,2026-09-11
SMH260918C00875000,2026-09-11 19:58:06+00:00,875.0,0.19,0.0,0.39,-0.17000002,-47.222225,128.0,178,1.1367230664062502,False,REGULAR,USD,SMH,call,2026-09-18,0.019178082191780823,0.195,0.00013120461757189849,0.003960591575475398,7548.765588634927,568.530029296875,0.01472477969695496,2026-09-11
SMH260918C00880000,2026-09-11 19:58:06+00:00,880.0,0.18,0.0,0.76,-0.16999999,-48.571423,202.0,1013,1.2421912890624998,False,REGULAR,USD,SMH,call,2026-09-18,0.019178082191780823,0.38,0.00020328547961484053,0.007160864225358138,66561.42659505516,568.530029296875,0.01472477969695496,2026-09-11
SMH260918C00885000,2026-09-11 19:58:37+00:00,885.0,0.22,0.0,1.02,-0.06999999,-24.137928,232.0,63,1.303714418945312,False,REGULAR,USD,SMH,call,2026-09-18,0.019178082191780823,0.51,0.00024190898646314895,0.00922206990556649,4926.056273588335,568.530029296875,0.01472477969695496,2026-09-11
SMH260918C00890000,2026-09-11 19:58:37+00:00,890.0,0.21,0.0,0.41,-0.07000001,-25.000004,234.0,301,1.1816447167968749,False,REGULAR,USD,SMH,call,2026-09-18,0.019178082191780823,0.205,0.00012728625558526937,0.0039980861671870035,12383.825505109378,568.530029296875,0.01472477969695496,2026-09-11
SMH260918C00895000,2026-09-11 19:58:16+00:00,895.0,0.21,0.0,1.29,-0.17,-44.736843,210.0,39,1.3735382885742187,False,REGULAR,USD,SMH,call,2026-09-18,0.019178082191780823,0.645,0.00027022160558304054,0.011114583869729884,3406.367453223774,568.530029296875,0.01472477969695496,2026-09-11
SMH260918C00900000,2026-09-11 19:58:16+00:00,900.0,0.2,0.0,0.59,-0.17,-45.945946,214.0,370,1.2578162109375,False,REGULAR,USD,SMH,call,2026-09-18,0.019178082191780823,0.295,0.00015779052500694655,0.005455571214294919,18870.763102378925,568.530029296875,0.01472477969695496,2026-09-11
SMH260918C00905000,2026-09-11 19:58:09+00:00,905.0,0.19,0.0,0.57,-0.099999994,-34.482758,212.0,340,1.2656286718749998,False,REGULAR,USD,SMH,call,2026-09-18,0.019178082191780823,0.285,0.00015099515018176054,0.005228347056314545,16593.91009851064,568.530029296875,0.01472477969695496,2026-09-11
SMH260918C00910000,2026-09-11 19:58:09+00:00,910.0,0.18,0.0,0.36,-0.099999994,-35.714283,184.0,876,1.2148476757812499,False,REGULAR,USD,SMH,call,2026-09-18,0.019178082191780823,0.18,0.00010682076243178041,0.0033916319617245025,30245.905924222316,568.530029296875,0.01472477969695496,2026-09-11
SMH260918C00915000,2026-09-11 19:55:46+00:00,915.0,0.18,0.0,1.19,-0.109999985,-37.93103,178.0,351,1.4140654296875002,False,REGULAR,USD,SMH,call,2026-09-18,0.019178082191780823,0.595,0.00023834702102149173,0.009950089416749072,27041.056909783503,568.530029296875,0.01472477969695496,2026-09-11
SMH260918C00920000,2026-09-11 19:55:46+00:00,920.0,0.17,0.0,0.94,-0.16000001,-48.48485,246.0,532,1.3847687011718748,False,REGULAR,USD,SMH,call,2026-09-18,0.019178082191780823,0.47,0.00020052335358029713,0.007976281545789159,34481.282363619124,568.530029296875,0.01472477969695496,2026-09-11
SMH260918C00925000,2026-09-11 19:54:12+00:00,925.0,0.21,0.0,1.02,-0.11,-34.375,254.0,132,1.4126005932617187,False,REGULAR,USD,SMH,call,2026-09-18,0.019178082191780823,0.51,0.00020801541816574816,0.008506977225632827,8875.16170916492,568.530029296875,0.01472477969695496,2026-09-11
SMH260918C00930000,2026-09-11 19:54:12+00:00,930.0,0.2,0.0,0.15,-0.16000001,-44.444447,300.0,86,1.16016044921875,False,REGULAR,USD,SMH,call,2026-09-18,0.019178082191780823,0.075,5.181944152508352e-05,0.0014507660979532378,1440.449366145342,568.530029296875,0.01472477969695496,2026-09-11
SMH260918C00935000,2026-09-11 19:54:20+00:00,935.0,0.21,0.0,0.12,0.029999986,16.666658,280.0,23,1.1464886425781249,False,REGULAR,USD,SMH,call,2026-09-18,0.019178082191780823,0.06,4.2312744263265205e-05,0.0011473724276942912,314.5617024211805,568.530029296875,0.01472477969695496,2026-09-11
SMH260918C00940000,2026-09-11 19:54:20+00:00,940.0,0.2,0.0,0.89,0.030000001,17.647058,308.0,57,1.4277372363281249,False,REGULAR,USD,SMH,call,2026-09-18,0.019178082191780823,0.445,0.0001806743727370015,0.007335934587129724,3328.727383502011,568.530029296875,0.01472477969695496,2026-09-11
SMH260918C00945000,2026-09-11 19:54:41+00:00,945.0,0.04,0.0,0.04,0.01,33.333336,318.0,569,1.0625046875000002,False,REGULAR,USD,SMH,call,2026-09-18,0.019178082191780823,0.02,1.6054592828774222e-05,0.0003696451461648929,2952.6935776865234,568.530029296875,0.01472477969695496,2026-09-11
SMH260918C00950000,2026-09-11 19:54:41+00:00,950.0,0.03,0.0,1.77,-0.08,-72.72727,254.0,63,1.589357521972656,False,REGULAR,USD,SMH,call,2026-09-18,0.019178082191780823,0.885,0.00027180454187297905,0.013241554724560817,5534.827326008231,568.530029296875,0.01472477969695496,2026-09-11
SMH260918C00955000,2026-09-11 19:55:11+00:00,955.0,0.07,0.0,0.14,-0.030000001,-30.0,242.0,674,1.2070352148437498,False,REGULAR,USD,SMH,call,2026-09-18,0.019178082191780823,0.07,4.462307023509333e-05,0.0012863290470742667,9721.34065718011,568.530029296875,0.01472477969695496,2026-09-11
SMH260918C00960000,2026-09-11 19:55:11+00:00,960.0,0.06,0.0,0.1,-0.120000005,-66.666664,280.0,52,1.1796916015624999,False,REGULAR,USD,SMH,call,2026-09-18,0.019178082191780823,0.05,3.301697752230613e-05,0.0009032359117840649,554.9418468008353,568.530029296875,0.01472477969695496,2026-09-11
SMH260918C00965000,2026-09-11 19:03:28+00:00,965.0,0.05,0.0,0.28,-0.120000005,-70.588234,250.0,19,1.3125034374999998,False,REGULAR,USD,SMH,call,2026-09-18,0.019178082191780823,0.14,7.329389962534443e-05,0.0024335155092953037,450.1199349795159,568.530029296875,0.01472477969695496,2026-09-11
SMH260918C00970000,2026-09-11 18:36:21+00:00,970.0,0.12,0.0,0.19,0.019999996,19.999994,261.0,452,1.2734411328124997,False,REGULAR,USD,SMH,call,2026-09-18,0.019178082191780823,0.095,5.331282373413589e-05,0.0016576986965273106,7788.914524949156,568.530029296875,0.01472477969695496,2026-09-11
SMH260918C00975000,2026-09-11 19:13:47+00:00,975.0,0.09,0.0,0.16,0.0,0.0,263.0,51,1.2656286718749998,False,REGULAR,USD,SMH,call,2026-09-18,0.019178082191780823,0.08,4.645912328428688e-05,0.0014159407718650845,765.8575597696959,568.530029296875,0.01472477969695496,2026-09-11
SMH260918C00980000,2026-09-11 19:13:47+00:00,980.0,0.08,0.0,0.5,-0.030000001,-27.272728,50.0,11446,1.4287137939453123,False,REGULAR,USD,SMH,call,2026-09-18,0.019178082191780823,0.25,0.00010612451341468055,0.004034157649802114,392623.48263280804,568.530029296875,0.01472477969695496,2026-09-11
SMH260918P00100000,2026-07-31 13:42:16+00:00,100.0,0.15,0.0,0.02,0.0,0.0,1.0,336,3.43750140625,False,REGULAR,USD,SMH,put,2026-09-18,0.019178082191780823,0.01,7.621975849150268e-07,-5.005493178744658e-05,-82.77775868860233,568.530029296875,0.01472477969695496,2026-09-11
SMH260918P00105000,2026-09-09 16:41:51+00:00,105.0,0.01,0.0,0.01,0.0,0.0,4.0,488,3.1875020312499998,False,REGULAR,USD,SMH,put,2026-09-18,0.019178082191780823,0.005,4.3793645596675345e-07,-2.5725124505826535e-05,-69.07767931944991,568.530029296875,0.01472477969695496,2026-09-11
SMH260918P00110000,2026-09-09 16:41:51+00:00,110.0,0.02,0.0,0.07,0.0,0.0,4.0,142,3.5781260546875,False,REGULAR,USD,SMH,put,2026-09-18,0.019178082191780823,0.035,2.469439388710357e-06,-0.0001824993572595579,-113.34269448609379,568.530029296875,0.01472477969695496,2026-09-11
SMH260918P00115000,2026-08-05 19:15:53+00:00,115.0,0.01,0.0,1.33,0.0,0.0,11.0,66,4.7382853271484375,False,REGULAR,USD,SMH,put,2026-09-18,0.019178082191780823,0.665,2.3404284788335002e-05,-0.0028483351757366826,-499.2822503625948,568.530029296875,0.01472477969695496,2026-09-11
SMH260918P00120000,2026-09-10 14:02:30+00:00,120.0,0.01,0.0,0.01,0.0,0.0,13.0,121,2.93750265625,False,REGULAR,USD,SMH,put,2026-09-18,0.019178082191780823,0.005,5.146753877447647e-07,-2.7985140308994794e-05,-20.129157042237825,568.530029296875,0.01472477969695496,2026-09-11
SMH260918P00125000,2026-09-04 15:35:39+00:00,125.0,0.03,0.0,0.01,0.0,0.0,2.0,110,2.8750028125,False,REGULAR,USD,SMH,put,2026-09-18,0.019178082191780823,0.005,5.783679539316944e-07,-3.094361795297207e-05,-20.563816710501946,568.530029296875,0.01472477969695496,2026-09-11
SMH260918P00130000,2026-09-04 15:35:39+00:00,130.0,0.08,0.0,0.01,0.0,0.0,2.0,605,2.81250296875,False,REGULAR,USD,SMH,put,2026-09-18,0.019178082191780823,0.005,6.415240234598508e-07,-3.373176250021093e-05,-125.45128562661635,568.530029296875,0.01472477969695496,2026-09-11
SMH260918P00135000,2026-09-09 16:25:49+00:00,135.0,0.01,0.0,0.01,0.0,0.0,4.0,78,2.750003125,False,REGULAR,USD,SMH,put,2026-09-18,0.019178082191780823,0.005,7.027816325925069e-07,-3.627341609258039e-05,-17.71829069567804,568.530029296875,0.01472477969695496,2026-09-11
SMH260918P00140000,2026-09-09 16:25:49+00:00,140.0,0.02,0.0,0.01,0.0,0.0,4.0,169,2.6250034375,False,REGULAR,USD,SMH,put,2026-09-18,0.019178082191780823,0.005,5.536995384261801e-07,-2.6845395420749263e-05,-30.24598159274455,568.530029296875,0.01472477969695496,2026-09-11
SMH260918P00145000,2026-07-22 17:24:14+00:00,145.0,0.08,0.0,0.2,0.0,0.0,1.0,180,3.281251796875,False,REGULAR,USD,SMH,put,2026-09-18,0.019178082191780823,0.1,8.226080459700255e-06,-0.0006066587985296135,-478.5995385880593,568.530029296875,0.01472477969695496,2026-09-11
SMH260918P00150000,2026-09-09 16:41:59+00:00,150.0,0.07,0.0,0.02,0.0,0.0,14.0,630,2.6562533593750004,False,REGULAR,USD,SMH,put,2026-09-18,0.019178082191780823,0.01,1.3532084782578862e-06,-6.999675339514067e-05,-275.5573991382351,568.530029296875,0.01472477969695496,2026-09-11
SMH260918P00155000,2026-09-09 16:41:59+00:00,155.0,0.08,0.0,1.78,0.0,0.0,14.0,52,4.0312549609375,False,REGULAR,USD,SMH,put,2026-09-18,0.019178082191780823,0.89,4.186148509862018e-05,-0.0045473497798342866,-703.5983180095562,568.530029296875,0.01472477969695496,2026-09-11
SMH260918P00160000,2026-08-21 15:34:01+00:00,160.0,0.01,0.0,0.03,0.0,0.0,2.0,626,2.593753515625,False,REGULAR,USD,SMH,put,2026-09-18,0.019178082191780823,0.015,1.9932351913865622e-06,-0.00010301401473000737,-403.31065605432474,568.530029296875,0.01472477969695496,2026-09-11
SMH260918P00165000,2026-08-03 19:34:11+00:00,165.0,0.1,0.0,1.87,0.0,0.0,20.0,183,3.8720706323242187,False,REGULAR,USD,SMH,put,2026-09-18,0.019178082191780823,0.935,4.733451798155191e-05,-0.004988595318307754,-2799.8570991186843,568.530029296875,0.01472477969695496,2026-09-11
SMH260918P00170000,2026-09-09 16:42:01+00:00,170.0,0.04,0.0,0.01,0.0,0.0,4.0,265,2.3125042187499996,False,REGULAR,USD,SMH,put,2026-09-18,0.019178082191780823,0.005,9.615167137356426e-07,-4.207150631918566e-05,-82.35870879424391,568.530029296875,0.01472477969695496,2026-09-11
SMH260918P00175000,2026-09-09 16:42:01+00:00,175.0,0.05,0.0,1.0,0.0,0.0,4.0,265,3.3984390039062498,False,REGULAR,USD,SMH,put,2026-09-18,0.019178082191780823,0.5,3.488104441759737e-05,-0.003067011134481823,-2987.735666566706,568.530029296875,0.01472477969695496,2026-09-11
SMH260918P00180000,2026-08-25 14:42:53+00:00,180.0,0.03,0.0,0.15,0.0,0.0,25.0,698,2.7031282421875,False,REGULAR,USD,SMH,put,2026-09-18,0.019178082191780823,0.075,9.18254117469611e-06,-0.0005540582406342587,-2071.6916921749303,568.530029296875,0.01472477969695496,2026-09-11
SMH260918P00185000,2026-07-29 14:04:13+00:00,185.0,0.33,0.0,1.2,0.0,0.0,1.0,109,3.3222673193359373,False,REGULAR,USD,SMH,put,2026-09-18,0.019178082191780823,0.6,4.2961609282869536e-05,-0.0037710202062900544,-1513.609540328522,568.530029296875,0.01472477969695496,2026-09-11
SMH260918P00190000,2026-09-09 16:42:46+00:00,190.0,0.17,0.0,0.3,0.0,0.0,4.0,207,2.761721845703125,False,REGULAR,USD,SMH,put,2026-09-18,0.019178082191780823,0.15,1.7046275407965868e-05,-0.0011104040191389775,-1140.529869917408,568.530029296875,0.01472477969695496,2026-09-11
SMH260918P00195000,2026-09-09 16:42:46+00:00,195.0,0.18,0.0,2.1,0.0,0.0,4.0,90,3.432618605957031,False,REGULAR,USD,SMH,put,2026-09-18,0.019178082191780823,1.05,6.644466455382804e-05,-0.006381610062877963,-1932.9002404542023,568.530029296875,0.01472477969695496,2026-09-11
SMH260918P00200000,2026-09-09 16:42:08+00:00,200.0,0.2,0.0,0.2,0.0,0.0,4.0,274,2.535159912109375,False,REGULAR,USD,SMH,put,2026-09-18,0.019178082191780823,0.1,1.3845997817409426e-05,-0.0008066459247759727,-1226.2573939692002,568.530029296875,0.01472477969695496,2026-09-11
SMH260918P00205000,2026-09-09 16:42:08+00:00,205.0,0.21,0.0,1.69,0.0,0.0,14.0,24,3.1806661108398435,False,REGULAR,USD,SMH,put,2026-09-18,0.019178082191780823,0.845,6.364351628241549e-05,-0.005578157312579157,-493.7103427909756,568.530029296875,0.01472477969695496,2026-09-11
SMH260918P00210000,2026-09-09 16:25:37+00:00,210.0,0.28,0.0,0.45,0.0,0.0,10.0,1636,2.6347690380859374,False,REGULAR,USD,SMH,put,2026-09-18,0.019178082191780823,0.225,2.7543241915866646e-05,-0.0017836381795512946,-14564.82173071028,568.530029296875,0.01472477969695496,2026-09-11
SMH260918P00215000,2026-09-08 17:26:42+00:00,215.0,0.01,0.0,1.41,0.0,0.0,1.0,452,2.9658228979492183,False,REGULAR,USD,SMH,put,2026-09-18,0.019178082191780823,0.705,6.208731088919677e-05,-0.005014802940956242,-9070.852446524177,568.530029296875,0.01472477969695496,2026-09-11
SMH260918P00220000,2026-09-10 16:37:42+00:00,220.0,0.01,0.0,0.25,0.0,0.0,2.0,997,2.3671915820312495,False,REGULAR,USD,SMH,put,2026-09-18,0.019178082191780823,0.125,1.9679368672027882e-05,-0.001097741890834003,-6341.808702105477,568.530029296875,0.01472477969695496,2026-09-11
SMH260918P00225000,2026-09-09 16:42:19+00:00,225.0,0.16,0.0,1.0,0.0,0.0,12.0,169,2.7089876025390627,False,REGULAR,USD,SMH,put,2026-09-18,0.019178082191780823,0.5,5.431769116302133e-05,-0.0039014262011963785,-2967.1180361588085,568.530029296875,0.01472477969695496,2026-09-11
SMH260918P00230000,2026-09-09 16:25:26+00:00,230.0,0.74,0.0,1.34,0.0,0.0,8.0,457,2.7539093652343754,False,REGULAR,USD,SMH,put,2026-09-18,0.019178082191780823,0.67,6.846161637588773e-05,-0.005149499822077908,-10112.770841227815,568.530029296875,0.01472477969695496,2026-09-11
SMH260918P00235000,2026-09-09 16:43:33+00:00,235.0,0.07,0.05,1.5,0.0,0.0,18.0,3,2.7480500048828125,False,REGULAR,USD,SMH,put,2026-09-18,0.019178082191780823,0.775,7.826457617780621e-05,-0.005972381424599771,-75.89153025751983,568.530029296875,0.01472477969695496,2026-09-11
SMH260918P00240000,2026-09-09 16:43:33+00:00,240.0,0.08,0.0,0.1,0.0,0.0,10.0,408,1.9765626171875001,False,REGULAR,USD,SMH,put,2026-09-18,0.019178082191780823,0.05,1.14271655281461e-05,-0.0005003373155461066,-1506.9730959697665,568.530029296875,0.01472477969695496,2026-09-11
SMH260918P00245000,2026-09-09 16:43:42+00:00,245.0,0.09,0.0,2.03,0.0,0.0,4.0,165,2.733401604003906,False,REGULAR,USD,SMH,put,2026-09-18,0.019178082191780823,1.015,0.0001003398009151115,-0.007865014007954585,-5351.3578875523945,568.530029296875,0.01472477969695496,2026-09-11
SMH260918P00250000,2026-09-10 16:42:45+00:00,250.0,0.01,0.0,0.1,0.0,0.0,4.0,2429,1.890625546875,False,REGULAR,USD,SMH,put,2026-09-18,0.019178082191780823,0.05,1.2695272233027426e-05,-0.0005343046590280398,-9967.27292677547,568.530029296875,0.01472477969695496,2026-09-11
SMH260918P00255000,2026-09-09 16:25:18+00:00,255.0,0.32,0.0,0.2,0.0,0.0,10.0,735,1.97265638671875,False,REGULAR,USD,SMH,put,2026-09-18,0.019178082191780823,0.1,2.2764179549552886e-05,-0.0010546613900261903,-5408.117999657561,568.530029296875,0.01472477969695496,2026-09-11
SMH260918P00260000,2026-09-10 16:43:19+00:00,260.0,0.01,0.0,0.3,0.0,0.0,1.0,1974,2.00781748046875,False,REGULAR,USD,SMH,put,2026-09-18,0.019178082191780823,0.15,3.200349627314132e-05,-0.0015605945175288793,-20419.795662842444,568.530029296875,0.01472477969695496,2026-09-11
SMH260918P00265000,2026-08-11 17:14:57+00:00,265.0,0.12,0.0,2.72,0.0,0.0,18.0,40,2.616214396972657,False,REGULAR,USD,SMH,put,2026-09-18,0.019178082191780823,1.36,0.0001406763810730395,-0.011007228508647326,-1818.8127762029915,568.530029296875,0.01472477969695496,2026-09-11
SMH260918P00270000,2026-08-21 18:35:27+00:00,270.0,0.04,0.0,1.77,0.0,0.0,160.0,307,2.394535263671875,False,REGULAR,USD,SMH,put,2026-09-18,0.019178082191780823,0.885,0.00011494890608787186,-0.00789697947570045,-11406.437773063552,568.530029296875,0.01472477969695496,2026-09-11
SMH260918P00275000,2026-09-09 16:44:21+00:00,275.0,0.08,0.0,2.09,0.0,0.0,6.0,265,2.399418063964843,False,REGULAR,USD,SMH,put,2026-09-18,0.019178082191780823,1.045,0.00013218367935841644,-0.00928169243883692,-11322.192323975174,568.530029296875,0.01472477969695496,2026-09-11
SMH260918P00280000,2026-09-09 16:44:21+00:00,280.0,0.09,0.0,0.1,0.0,0.0,6.0,2333,1.640626796875,False,REGULAR,USD,SMH,put,2026-09-18,0.019178082191780823,0.05,1.6527955489128186e-05,-0.000609685562629303,-12463.519307903418,568.530029296875,0.01472477969695496,2026-09-11
SMH260918P00285000,2026-09-09 16:26:09+00:00,285.0,0.09,0.0,0.2,0.0,0.0,4.0,121,1.71484517578125,False,REGULAR,USD,SMH,put,2026-09-18,0.019178082191780823,0.1,2.9999504198310702e-05,-0.0012233596396239443,-1173.2924199914037,568.530029296875,0.01472477969695496,2026-09-11
SMH260918P00290000,2026-09-09 16:26:09+00:00,290.0,0.1,0.0,0.1,0.0,0.0,4.0,711,1.5664084179687499,False,REGULAR,USD,SMH,put,2026-09-18,0.019178082191780823,0.05,1.840750523686534e-05,-0.000651618543160426,-4230.301787894998,568.530029296875,0.01472477969695496,2026-09-11
SMH260918P00295000,2026-09-09 16:24:52+00:00,295.0,0.21,0.0,1.15,0.0,0.0,4.0,94,2.0068409204101565,False,REGULAR,USD,SMH,put,2026-09-18,0.019178082191780823,0.575,0.00011026694945557719,-0.006167427003649362,-3350.2717164917763,568.530029296875,0.01472477969695496,2026-09-11
SMH260918P00300000,2026-09-09 19:40:11+00:00,300.0,0.01,0.0,0.5,0.0,0.0,5.0,1717,1.76171994140625,False,REGULAR,USD,SMH,put,2026-09-18,0.019178082191780823,0.25,6.639426895631622e-05,-0.0030218605114760155,-36847.47271945949,568.530029296875,0.01472477969695496,2026-09-11
SMH260918P00305000,2026-09-09 16:24:58+00:00,305.0,0.74,0.0,1.34,0.0,0.0,6.0,653,1.955078349609375,False,REGULAR,USD,SMH,put,2026-09-18,0.019178082191780823,0.67,0.00013261817941655196,-0.007378649283197536,-27991.29944869769,568.530029296875,0.01472477969695496,2026-09-11
SMH260918P00310000,2026-09-09 16:24:58+00:00,310.0,0.75,0.0,0.47,0.0,0.0,6.0,1230,1.6660172949218752,False,REGULAR,USD,SMH,put,2026-09-18,0.019178082191780823,0.235,6.98328369742556e-05,-0.003003931782750713,-27763.333794149425,568.530029296875,0.01472477969695496,2026-09-11
SMH260918P00315000,2026-09-11 18:00:16+00:00,315.0,0.01,0.0,0.15,-0.19,-95.0,40.0,158,1.4375028125,False,REGULAR,USD,SMH,put,2026-09-18,0.019178082191780823,0.075,3.1706676771587045e-05,-0.0010718980483058749,-1619.2526992429528,568.530029296875,0.01472477969695496,2026-09-11
SMH260918P00320000,2026-09-09 16:45:10+00:00,320.0,0.21,0.0,0.52,0.0,0.0,8.0,4874,1.60547072265625,False,REGULAR,USD,SMH,put,2026-09-18,0.019178082191780823,0.26,8.25262815444016e-05,-0.0034709218195281277,-130012.3533329027,568.530029296875,0.01472477969695496,2026-09-11
SMH260918P00325000,2026-09-09 16:24:32+00:00,325.0,0.05,0.0,1.13,0.0,0.0,4.0,193,1.732423212890625,False,REGULAR,USD,SMH,put,2026-09-18,0.019178082191780823,0.565,0.00014397992345489323,-0.0070617801935409785,-8981.855518976756,568.530029296875,0.01472477969695496,2026-09-11
SMH260918P00330000,2026-09-11 18:30:38+00:00,330.0,0.01,0.0,0.06,0.0,0.0,2.0,6937,1.2265663671875,False,REGULAR,USD,SMH,put,2026-09-18,0.019178082191780823,0.03,1.8323630676339102e-05,-0.0004976732661352568,-41085.6385991769,568.530029296875,0.01472477969695496,2026-09-11
SMH260918P00335000,2026-09-11 19:25:33+00:00,335.0,0.01,0.0,0.02,-0.03,-75.0,40.0,794,1.09375453125,False,REGULAR,USD,SMH,put,2026-09-18,0.019178082191780823,0.01,7.834655285115283e-06,-0.00017661332695806387,-2010.6996978971315,568.530029296875,0.01472477969695496,2026-09-11
SMH260918P00340000,2026-09-09 16:34:58+00:00,340.0,0.05,0.0,0.05,0.0,0.0,5.0,5796,1.140629296875,False,REGULAR,USD,SMH,put,2026-09-18,0.019178082191780823,0.025,1.6879511634298766e-05,-0.00042114213155530766,-31622.417738664015,568.530029296875,0.01472477969695496,2026-09-11
SMH260918P00345000,2026-09-09 14:06:54+00:00,345.0,0.08,0.0,0.09,0.0,0.0,57.0,370,1.171879140625,False,REGULAR,USD,SMH,put,2026-09-18,0.019178082191780823,0.045,2.8994032554557212e-05,-0.0007786208021021146,-3467.50554062498,568.530029296875,0.01472477969695496,2026-09-11
SMH260918P00350000,2026-09-11 20:01:22+00:00,350.0,0.02,0.0,0.04,-0.01,-33.333336,31.0,4537,1.0625046875000002,False,REGULAR,USD,SMH,put,2026-09-18,0.019178082191780823,0.02,1.599031943846126e-05,-0.0003680521225993827,-23449.454076678154,568.530029296875,0.01472477969695496,2026-09-11
SMH260918P00355000,2026-09-11 18:02:07+00:00,355.0,0.36,0.0,0.53,0.32000002,800.00024,9.0,179,1.3418001660156247,False,REGULAR,USD,SMH,put,2026-09-18,0.019178082191780823,0.265,0.00011842958667352255,-0.004251467041038182,-6852.042720068017,568.530029296875,0.01472477969695496,2026-09-11
SMH260918P00360000,2026-09-11 18:04:19+00:00,360.0,0.06,0.0,0.06,0.03,100.0,9.0,2943,1.0390673046875003,False,REGULAR,USD,SMH,put,2026-09-18,0.019178082191780823,0.03,2.4573191686779422e-05,-0.0005712594671729576,-23375.37829345383,568.530029296875,0.01472477969695496,2026-09-11
SMH260918P00365000,2026-09-11 18:30:38+00:00,365.0,0.21,0.0,0.21,0.099999994,90.90908,8.0,567,1.142582412109375,False,REGULAR,USD,SMH,put,2026-09-18,0.019178082191780823,0.105,6.916994124733859e-05,-0.0019591344845890646,-12676.731245343179,568.530029296875,0.01472477969695496,2026-09-11
SMH260918P00370000,2026-09-11 18:05:13+00:00,370.0,0.02,0.0,0.02,0.0,0.0,23.0,1662,0.8906260937499999,False,REGULAR,USD,SMH,put,2026-09-18,0.019178082191780823,0.01,1.0412207750856133e-05,-0.00019218054798875173,-5593.461610117953,568.530029296875,0.01472477969695496,2026-09-11
SMH260918P00375000,2026-09-09 16:44:51+00:00,375.0,0.04,0.0,0.35,0.0,0.0,6.0,1142,1.1416058544921874,False,REGULAR,USD,SMH,put,2026-09-18,0.019178082191780823,0.175,0.00011101339445172446,-0.0033034405814386103,-40977.76840400096,568.530029296875,0.01472477969695496,2026-09-11
SMH260918P00380000,2026-09-09 17:24:34+00:00,380.0,0.03,0.0,0.05,0.0,0.0,3.0,2698,0.914063359375,False,REGULAR,USD,SMH,put,2026-09-18,0.019178082191780823,0.025,2.800392014563358e-05,-0.0005728125289808927,-24421.233345437744,568.530029296875,0.01472477969695496,2026-09-11
SMH260918P00385000,2026-09-11 17:47:16+00:00,385.0,0.01,0.0,0.15,-0.02,-66.66667,3.0,335,0.9804689453125001,False,REGULAR,USD,SMH,put,2026-09-18,0.019178082191780823,0.075,6.772023658457162e-05,-0.0016177209235199719,-7332.804241955841,568.530029296875,0.01472477969695496,2026-09-11
SMH260918P00390000,2026-09-11 19:58:03+00:00,390.0,0.02,0.0,0.03,-0.02,-50.0,30501.0,3049,0.8203142968749999,False,REGULAR,USD,SMH,put,2026-09-18,0.019178082191780823,0.015,2.0323196642191237e-05,-0.00036063267916430775,-20028.86139347596,568.530029296875,0.01472477969695496,2026-09-11
SMH260918P00395000,2026-09-09 19:17:50+00:00,395.0,0.12,0.0,0.07,0.0,0.0,9.0,1194,0.8554701953125,False,REGULAR,USD,SMH,put,2026-09-18,0.019178082191780823,0.035,4.285953555105312e-05,-0.0008457615582911915,-16540.87976173454,568.530029296875,0.01472477969695496,2026-09-11
SMH260918P00400000,2026-09-11 19:22:28+00:00,400.0,0.02,0.0,0.03,-0.01,-33.333336,756.0,79015,0.7656273437500001,False,REGULAR,USD,SMH,put,2026-09-18,0.019178082191780823,0.015,2.2153706431972902e-05,-0.0003673919924404023,-565799.759166847,568.530029296875,0.01472477969695496,2026-09-11
SMH260918P00405000,2026-09-11 19:22:28+00:00,405.0,0.03,0.0,0.07,-0.01,-25.0,2.0,71071,0.8007832421875,False,REGULAR,USD,SMH,put,2026-09-18,0.019178082191780823,0.035,4.857199285000206e-05,-0.0009018680916984545,-1115796.9399691673,568.530029296875,0.01472477969695496,2026-09-11
SMH260918P00410000,2026-09-11 17:00:30+00:00,410.0,0.01,0.0,0.06,-0.07,-87.5,201.0,367,0.7617211328125001,False,REGULAR,USD,SMH,put,2026-09-18,0.019178082191780823,0.03,4.529538555244959e-05,-0.0007916945233299444,-5373.12374179282,568.530029296875,0.01472477969695496,2026-09-11
SMH260918P00415000,2026-09-11 19:44:55+00:00,415.0,0.03,0.01,0.07,-0.020000001,-40.000004,1.0,1367,0.7578149218750001,False,REGULAR,USD,SMH,put,2026-09-18,0.019178082191780823,0.04,6.208523150927293e-05,-0.001109684498291852,-27432.389398428815,568.530029296875,0.01472477969695496,2026-09-11
SMH260918P00420000,2026-09-11 18:23:12+00:00,420.0,0.03,0.0,0.08,-0.01,-25.0,6.0,3007,0.7304714453125,False,REGULAR,USD,SMH,put,2026-09-18,0.019178082191780823,0.04,6.594923364635898e-05,-0.001138672724065981,-64098.81470868047,568.530029296875,0.01472477969695496,2026-09-11
SMH260918P00425000,2026-09-10 19:51:09+00:00,425.0,0.06,0.02,0.08,0.0,0.0,29.0,2107,0.7187528125,False,REGULAR,USD,SMH,put,2026-09-18,0.019178082191780823,0.05,8.297476425535141e-05,-0.0014380676519567537,-56508.96854486011,568.530029296875,0.01472477969695496,2026-09-11
SMH260918P00430000,2026-09-11 18:54:53+00:00,430.0,0.1,0.02,0.07,0.060000002,150.0,36.0,9184,0.68555001953125,False,REGULAR,USD,SMH,put,2026-09-18,0.019178082191780823,0.045000000000000005,8.2818264769799e-05,-0.0013626685102597902,-245846.94690190835,568.530029296875,0.01472477969695496,2026-09-11
SMH260918P00435000,2026-09-10 14:15:12+00:00,435.0,0.08,0.0,0.08,0.0,0.0,1.0,878,0.6523472265625001,False,REGULAR,USD,SMH,put,2026-09-18,0.019178082191780823,0.04,8.198765652433163e-05,-0.0012764817332555634,-23267.504488506962,568.530029296875,0.01472477969695496,2026-09-11
SMH260918P00440000,2026-09-11 19:56:26+00:00,440.0,0.06,0.03,0.1,-0.010000002,-14.285716,101009.0,2161,0.65820654296875,False,REGULAR,USD,SMH,put,2026-09-18,0.019178082191780823,0.065,0.00012685255615161396,-0.0020813492790104915,-88605.52582876192,568.530029296875,0.01472477969695496,2026-09-11
SMH260918P00445000,2026-09-11 17:19:37+00:00,445.0,0.04,0.0,0.1,-0.030000001,-42.857143,159.0,2215,0.6152382226562501,False,REGULAR,USD,SMH,put,2026-09-18,0.019178082191780823,0.05,0.00011361863974361833,-0.0017117235423214083,-81344.8632757953,568.530029296875,0.01472477969695496,2026-09-11
SMH260918P00450000,2026-09-11 19:56:56+00:00,450.0,0.05,0.01,0.1,-0.09,-64.28571,1155.0,11461,0.59570716796875,False,REGULAR,USD,SMH,put,2026-09-18,0.019178082191780823,0.055,0.00013266251628723643,-0.0019590158550830683,-491447.9870018494,568.530029296875,0.01472477969695496,2026-09-11
SMH260918P00455000,2026-09-11 19:24:32+00:00,455.0,0.05,0.05,0.18,-0.040000003,-44.444447,103.0,618,0.6191444335937502,False,REGULAR,USD,SMH,put,2026-09-18,0.019178082191780823,0.11499999999999999,0.0002444978745224057,-0.004026964618383366,-48839.406819410055,568.530029296875,0.01472477969695496,2026-09-11
SMH260918P00460000,2026-09-11 17:00:30+00:00,460.0,0.07,0.04,0.11,-0.13,-65.00001,2.0,3892,0.5625043750000001,False,REGULAR,USD,SMH,put,2026-09-18,0.019178082191780823,0.075,0.00019533951663366404,-0.00281939542977383,-245736.5505729589,568.530029296875,0.01472477969695496,2026-09-11
SMH260918P00465000,2026-09-11 18:22:35+00:00,465.0,0.06,0.04,0.12,-0.06999999,-53.84615,48.0,2258,0.5410202148437502,False,REGULAR,USD,SMH,put,2026-09-18,0.019178082191780823,0.08,0.00022509547653800635,-0.0031602646763631004,-164284.85267236,568.530029296875,0.01472477969695496,2026-09-11
SMH260918P00470000,2026-09-11 16:30:43+00:00,470.0,0.08,0.05,0.11,-0.120000005,-60.0,161.0,2583,0.51562984375,False,REGULAR,USD,SMH,put,2026-09-18,0.019178082191780823,0.08,0.00024865760579146956,-0.003346427487130099,-207602.68749261968,568.530029296875,0.01472477969695496,2026-09-11
SMH260918P00475000,2026-09-11 18:17:32+00:00,475.0,0.09,0.05,0.12,-0.14,-60.869564,15.0,4338,0.5136767382812499,False,REGULAR,USD,SMH,put,2026-09-18,0.019178082191780823,0.08499999999999999,0.0003601136910411093,-0.005040560394442117,-504935.6079000633,568.530029296875,0.01472477969695496,2026-09-11
SMH260918P00480000,2026-09-11 19:34:26+00:00,480.0,0.09,0.05,0.18,-0.11999999,-57.142853,252.0,6264,0.5136767382812499,False,REGULAR,USD,SMH,put,2026-09-18,0.019178082191780823,0.11499999999999999,0.0005202642052744545,-0.007636622492283585,-1053373.8031522247,568.530029296875,0.01472477969695496,2026-09-11
SMH260918P00485000,2026-09-11 18:16:25+00:00,485.0,0.11,0.1,0.19,-0.24,-68.57143,90.0,1814,0.4892629199218751,False,REGULAR,USD,SMH,put,2026-09-18,0.019178082191780823,0.14500000000000002,0.0005947777280726588,-0.008413358426427764,-348737.61877052084,568.530029296875,0.01472477969695496,2026-09-11
SMH260918P00490000,2026-09-11 19:55:51+00:00,490.0,0.14,0.11,0.18,-0.26,-65.00001,201.0,2492,0.4585015087890626,False,REGULAR,USD,SMH,put,2026-09-18,0.019178082191780823,0.145,0.0006431551942533925,-0.008541462349559992,-518048.75801873807,568.530029296875,0.01472477969695496,2026-09-11
SMH260918P00495000,2026-09-11 20:12:07+00:00,495.0,0.17,0.14,0.18,-0.31,-64.58333,327.0,6028,0.43115803222656257,False,REGULAR,USD,SMH,put,2026-09-18,0.019178082191780823,0.16,0.0007217870158071481,-0.00908271840595476,-1406336.10425787,568.530029296875,0.01472477969695496,2026-09-11
SMH260918P00500000,2026-09-11 20:05:01+00:00,500.0,0.22,0.18,0.23,-0.35999998,-62.068966,409.0,19781,0.4184628466796875,False,REGULAR,USD,SMH,put,2026-09-18,0.019178082191780823,0.20500000000000002,0.0009446947956000307,-0.011951661330242613,-6040134.1342201475,568.530029296875,0.01472477969695496,2026-09-11
SMH260918P00505000,2026-09-11 19:20:57+00:00,505.0,0.25,0.22,0.28,-0.27999997,-52.830185,64.0,1486,0.4028380029296875,False,REGULAR,USD,SMH,put,2026-09-18,0.019178082191780823,0.25,0.0012053975558965167,-0.015166365564116324,-578969.8300989491,568.530029296875,0.01472477969695496,2026-09-11
SMH260918P00510000,2026-09-11 19:15:34+00:00,510.0,0.28,0.28,0.38,-0.64,-69.56522,137.0,3563,0.393560751953125,False,REGULAR,USD,SMH,put,2026-09-18,0.019178082191780823,0.33,0.0016246160774959263,-0.020940472851352032,-1870998.2726718434,568.530029296875,0.01472477969695496,2026-09-11
SMH260918P00515000,2026-09-11 20:05:51+00:00,515.0,0.4,0.23,0.45,-0.81000006,-66.942154,1570.0,2621,0.37500625,False,REGULAR,USD,SMH,put,2026-09-18,0.019178082191780823,0.34,0.0020386579209229518,-0.02589477372913429,-1727102.8359369896,568.530029296875,0.01472477969695496,2026-09-11
SMH260918P00520000,2026-09-11 19:58:23+00:00,520.0,0.53,0.32,0.56,-1.01,-65.58442,430.0,4705,0.35938140625,False,REGULAR,USD,SMH,put,2026-09-18,0.019178082191780823,0.44000000000000006,0.002627459147779423,-0.03339457347956054,-3995787.808232722,568.530029296875,0.01472477969695496,2026-09-11
SMH260918P00525000,2026-09-11 19:52:08+00:00,525.0,0.68,0.55,0.79,-1.3199999,-66.0,156.0,8462,0.35278967529296873,False,REGULAR,USD,SMH,put,2026-09-18,0.019178082191780823,0.67,0.0035582619646624064,-0.04740538238797376,-9732350.84924428,568.530029296875,0.01472477969695496,2026-09-11
SMH260918P00530000,2026-09-11 19:52:13+00:00,530.0,0.89,0.81,1.12,-1.7199999,-65.90038,4144.0,18667,0.34754070434570306,False,REGULAR,USD,SMH,put,2026-09-18,0.019178082191780823,0.9650000000000001,0.004746809489383713,-0.06705318563143825,-28640668.249675136,568.530029296875,0.01472477969695496,2026-09-11
SMH260918P00535000,2026-09-11 20:03:42+00:00,535.0,1.2,1.07,1.43,-2.19,-64.60177,1255.0,3606,0.33338068969726564,False,REGULAR,USD,SMH,put,2026-09-18,0.019178082191780823,1.25,0.006058022611701945,-0.08749387735329939,-7060954.774242342,568.530029296875,0.01472477969695496,2026-09-11
SMH260918P00537500,2026-09-11 19:51:18+00:00,537.5,1.33,0.89,1.66,-2.4699998,-65.0,27.0,568,0.32874206420898433,False,REGULAR,USD,SMH,put,2026-09-18,0.019178082191780823,1.275,0.006859871767292835,-0.10160876029468757,-1259421.637945288,568.530029296875,0.01472477969695496,2026-09-11
SMH260918P00540000,2026-09-11 20:00:30+00:00,540.0,1.64,1.4,1.89,-2.73,-62.471397,688.0,4141,0.32227240234374993,False,REGULAR,USD,SMH,put,2026-09-18,0.019178082191780823,1.645,0.007716549088127283,-0.11641456822771279,-10328450.469660534,568.530029296875,0.01472477969695496,2026-09-11
SMH260918P00542500,2026-09-11 19:23:47+00:00,542.5,1.85,1.6,2.15,-3.13,-62.851406,45.0,366,0.3156806713867187,False,REGULAR,USD,SMH,put,2026-09-18,0.019178082191780823,1.875,0.008654964663297085,-0.1331899307923845,-1023889.7653757924,568.530029296875,0.01472477969695496,2026-09-11
SMH260918P00545000,2026-09-11 19:58:11+00:00,545.0,2.25,1.93,2.51,-3.17,-58.487083,1575.0,2138,0.311957564086914,False,REGULAR,USD,SMH,put,2026-09-18,0.019178082191780823,2.2199999999999998,0.009676764543419564,-0.15439624294302634,-6687205.850141503,568.530029296875,0.01472477969695496,2026-09-11
SMH260918P00547500,2026-09-11 19:53:45+00:00,547.5,2.57,2.2,2.87,-3.6299999,-58.54839,57.0,162,0.3060372131347656,False,REGULAR,USD,SMH,put,2026-09-18,0.019178082191780823,2.535,0.010757739207705352,-0.17653972920042593,-563304.0111452371,568.530029296875,0.01472477969695496,2026-09-11
SMH260918P00550000,2026-09-11 19:49:04+00:00,550.0,3.05,2.66,3.35,-4.05,-57.042255,1402.0,13313,0.30286341674804684,False,REGULAR,USD,SMH,put,2026-09-18,0.019178082191780823,3.005,0.011862235313061291,-0.20346717738998854,-51044538.82038246,568.530029296875,0.01472477969695496,2026-09-11
SMH260918P00552500,2026-09-11 19:47:11+00:00,552.5,3.5,2.99,3.85,-3.9,-52.7027,97.0,330,0.2979196185302734,False,REGULAR,USD,SMH,put,2026-09-18,0.019178082191780823,3.42,0.013006475803944916,-0.2319474307080147,-1387331.9709211753,568.530029296875,0.01472477969695496,2026-09-11
SMH260918P00555000,2026-09-11 19:26:32+00:00,555.0,3.85,3.75,4.55,-4.35,-53.048782,395.0,1941,0.29767548034667957,False,REGULAR,USD,SMH,put,2026-09-18,0.019178082191780823,4.15,0.014015059585401715,-0.26647851156028046,-8792802.155626873,568.530029296875,0.01472477969695496,2026-09-11
SMH260918P00557500,2026-09-11 19:34:10+00:00,557.5,4.7,3.7,5.2,-4.37,-48.180817,58.0,133,0.292853751220703,False,REGULAR,USD,SMH,put,2026-09-18,0.019178082191780823,4.45,0.015096374343697528,-0.30074079725345915,-648979.7037574041,568.530029296875,0.01472477969695496,2026-09-11
SMH260918P00560000,2026-09-11 20:13:47+00:00,560.0,5.6,5.2,5.95,-5.43,-49.229374,350.0,4360,0.2887034020996093,False,REGULAR,USD,SMH,put,2026-09-18,0.019178082191780823,5.575,0.01608755537765998,-0.33823303254737747,-22671662.171555534,568.530029296875,0.01472477969695496,2026-09-11
SMH260918P00562500,2026-09-11 19:29:15+00:00,562.5,6.11,5.15,6.9,-6.0399995,-49.71193,148.0,62,0.28790995300292954,False,REGULAR,USD,SMH,put,2026-09-18,0.019178082191780823,6.025,0.01679125689847961,-0.379569436692603,-336497.40013846004,568.530029296875,0.01472477969695496,2026-09-11
SMH260918P00565000,2026-09-11 19:58:34+00:00,565.0,7.34,6.8,8.25,-6.1800003,-45.710056,1303.0,1739,0.2962716857910156,False,REGULAR,USD,SMH,put,2026-09-18,0.019178082191780823,7.525,0.016793485995647763,-0.424256583232402,-9439462.290928224,568.530029296875,0.01472477969695496,2026-09-11
SMH260918P00567500,2026-09-11 19:59:23+00:00,567.5,8.55,7.3,8.9,-6.45,-43.0,60.0,479,0.28040270385742183,False,REGULAR,USD,SMH,put,2026-09-18,0.019178082191780823,8.1,0.018004070942317634,-0.4657850140330221,-2787488.256345553,568.530029296875,0.01472477969695496,2026-09-11
SMH260918P00570000,2026-09-11 19:51:17+00:00,570.0,9.65,9.1,10.0,-5.6000004,-36.721317,1240.0,5105,0.27503166381835936,True,REGULAR,USD,SMH,put,2026-09-18,0.019178082191780823,9.55,0.01841592793129151,-0.5114129678812254,-30387583.874562226,568.530029296875,0.01472477969695496,2026-09-11
SMH260918P00572500,2026-09-11 19:42:50+00:00,572.5,10.78,9.5,11.6,-6.0600004,-35.985752,152.0,138,0.2815013256835937,True,REGULAR,USD,SMH,put,2026-09-18,0.019178082191780823,10.55,0.01782617453777083,-0.5554054637604545,-795140.8363451173,568.530029296875,0.01472477969695496,2026-09-11
SMH260918P00575000,2026-09-11 19:30:13+00:00,575.0,12.4,10.85,14.35,-7.1100006,-36.442852,103.0,2095,0.3201361932373046,True,REGULAR,USD,SMH,put,2026-09-18,0.019178082191780823,12.6,0.015463559915977029,-0.585417123882425,-10471293.344420478,568.530029296875,0.01472477969695496,2026-09-11
SMH260918P00577500,2026-09-11 19:58:09+00:00,577.5,13.95,12.95,15.6,-6.4000006,-31.449635,42.0,20,0.3106758386230468,True,REGULAR,USD,SMH,put,2026-09-18,0.019178082191780823,14.274999999999999,0.015473182571270443,-0.6272236800416386,-100026.82019000872,568.530029296875,0.01472477969695496,2026-09-11
SMH260918P00580000,2026-09-11 18:12:21+00:00,580.0,13.83,14.65,16.7,-8.92,-39.20879,45.0,2767,0.29279271667480455,True,REGULAR,USD,SMH,put,2026-09-18,0.019178082191780823,15.675,0.015615342291624774,-0.6748751059175059,-13965853.597426508,568.530029296875,0.01472477969695496,2026-09-11
SMH260918P00582500,2026-09-11 14:04:18+00:00,582.5,18.55,16.45,18.25,-5.3500004,-22.384941,5.0,40,0.28565167480468745,True,REGULAR,USD,SMH,put,2026-09-18,0.019178082191780823,17.35,0.015040182428123319,-0.7171780499737769,-194455.35738150313,568.530029296875,0.01472477969695496,2026-09-11
SMH260918P00585000,2026-09-11 13:36:21+00:00,585.0,19.5,17.65,20.1,-6.1499996,-23.976606,5.0,1048,0.285590640258789,True,REGULAR,USD,SMH,put,2026-09-18,0.019178082191780823,18.875,0.014052207044380172,-0.7526632997949411,-4760062.335936392,568.530029296875,0.01472477969695496,2026-09-11
SMH260918P00590000,2026-09-11 16:55:43+00:00,590.0,21.68,22.2,24.5,-7.619999,-26.006823,11.0,1101,0.3050606604003906,True,REGULAR,USD,SMH,put,2026-09-18,0.019178082191780823,23.35,0.01169018955062578,-0.7990278225316821,-4160214.1755339648,568.530029296875,0.01472477969695496,2026-09-11
SMH260918P00595000,2026-09-11 19:05:47+00:00,595.0,26.35,26.55,28.95,-9.35,-26.190477,24.0,837,0.3203803314208984,True,REGULAR,USD,SMH,put,2026-09-18,0.019178082191780823,27.75,0.009725005090204969,-0.8379842601395748,-2631007.661375737,568.530029296875,0.01472477969695496,2026-09-11
SMH260918P00600000,2026-09-11 19:23:46+00:00,600.0,31.61,30.2,33.5,-8.09,-20.377832,51.0,1033,0.33447931152343746,True,REGULAR,USD,SMH,put,2026-09-18,0.019178082191780823,31.85,0.008060205024661902,-0.8693630935891725,-2691244.9499555756,568.530029296875,0.01472477969695496,2026-09-11
SMH260918P00605000,2026-09-10 17:39:43+00:00,605.0,43.05,35.25,38.7,0.0,0.0,34.0,340,0.3795228063964844,True,REGULAR,USD,SMH,put,2026-09-18,0.019178082191780823,36.975,0.00695468676872718,-0.8732910083196728,-764299.0312247839,568.530029296875,0.01472477969695496,2026-09-11
SMH260918P00610000,2026-09-11 14:01:24+00:00,610.0,40.45,39.8,43.8,-5.799999,-12.540539,2.0,555,0.41870698486328123,True,REGULAR,USD,SMH,put,2026-09-18,0.019178082191780823,41.8,0.006089561107641314,-0.8793966976032569,-1092410.3179329094,568.530029296875,0.01472477969695496,2026-09-11
SMH260918P00615000,2026-09-04 14:00:48+00:00,615.0,47.59,44.7,48.9,0.0,0.0,1.0,150,0.45715874877929696,True,REGULAR,USD,SMH,put,2026-09-18,0.019178082191780823,46.8,0.005412904940131449,-0.8843939890088864,-262439.0619018996,568.530029296875,0.01472477969695496,2026-09-11
SMH260918P00620000,2026-09-03 13:36:26+00:00,620.0,78.2,49.55,53.85,0.0,0.0,6.0,174,0.4864553308105469,True,REGULAR,USD,SMH,put,2026-09-18,0.019178082191780823,51.7,0.004820266973963451,-0.8927710079721384,-271098.52728546696,568.530029296875,0.01472477969695496,2026-09-11
SMH260918P00625000,2026-09-08 15:31:08+00:00,625.0,48.72,54.5,59.15,0.0,0.0,3.0,45,0.5355271057128907,True,REGULAR,USD,SMH,put,2026-09-18,0.019178082191780823,56.825,0.00444359678308504,-0.8905518165234471,-64632.949448849,568.530029296875,0.01472477969695496,2026-09-11
SMH260918P00630000,2026-09-11 20:01:22+00:00,630.0,60.9,59.5,63.85,-17.150002,-21.973095,77.0,830,0.5483443603515626,True,REGULAR,USD,SMH,put,2026-09-18,0.019178082191780823,61.675,0.0039492358833556045,-0.9038672439882943,-1059492.7378108317,568.530029296875,0.01472477969695496,2026-09-11
SMH260918P00635000,2026-09-08 14:18:13+00:00,635.0,62.0,64.65,68.35,0.0,0.0,1.0,0,0.543949873046875,True,REGULAR,USD,SMH,put,2026-09-18,0.019178082191780823,66.5,0.0033989391993778837,-0.922195238211624,-0.0,568.530029296875,0.01472477969695496,2026-09-11
SMH260918P00640000,2026-09-11 20:01:22+00:00,640.0,71.35,69.65,73.35,-6.6500015,-8.525642,266.0,65,0.5721478332519532,True,REGULAR,USD,SMH,put,2026-09-18,0.019178082191780823,71.5,0.0031168671092719727,-0.925797606770748,-65484.491602979266,568.530029296875,0.01472477969695496,2026-09-11
SMH260918P00645000,2026-09-11 20:01:22+00:00,645.0,76.0,74.65,78.35,-7.0,-8.433735,202.0,48,0.5998575170898439,True,REGULAR,USD,SMH,put,2026-09-18,0.019178082191780823,76.5,0.0028742046585606253,-0.9289970281856168,-44592.902784708574,568.530029296875,0.01472477969695496,2026-09-11
SMH260918P00650000,2026-09-11 20:01:22+00:00,650.0,81.4,79.5,83.85,-6.5999985,-7.4999986,2231.0,959,0.664309997558594,True,REGULAR,USD,SMH,put,2026-09-18,0.019178082191780823,81.675,0.002857307189576492,-0.9194444328406209,-885691.2589419143,568.530029296875,0.01472477969695496,2026-09-11
SMH260918P00655000,2026-09-03 18:35:17+00:00,655.0,101.7,84.5,88.85,0.0,0.0,20.0,0,0.6918976123046876,True,REGULAR,USD,SMH,put,2026-09-18,0.019178082191780823,86.675,0.0026656817022950407,-0.9224431401174706,-0.0,568.530029296875,0.01472477969695496,2026-09-11
SMH260918P00660000,2026-09-11 20:01:22+00:00,660.0,91.35,89.5,93.85,-6.5,-6.642821,50.0,12,0.7189969506835938,True,REGULAR,USD,SMH,put,2026-09-18,0.019178082191780823,91.675,0.0024960086842596855,-0.9251802983126577,-9681.310643230312,568.530029296875,0.01472477969695496,2026-09-11
SMH260918P00665000,2026-09-11 20:01:22+00:00,665.0,96.35,94.5,98.85,-6.6500015,-6.4563117,866.0,212,0.7457300817871093,True,REGULAR,USD,SMH,put,2026-09-18,0.019178082191780823,96.675,0.002345244718014642,-0.9276624818784137,-160705.53867485755,568.530029296875,0.01472477969695496,2026-09-11
SMH260918P00670000,2026-09-11 19:45:34+00:00,670.0,101.98,99.75,103.5,-4.2199936,-3.9736288,5.0,6,0.7440211145019531,True,REGULAR,USD,SMH,put,2026-09-18,0.019178082191780823,101.625,0.002096987795314513,-0.9375942940397395,-4066.8108227203334,568.530029296875,0.01472477969695496,2026-09-11
SMH260918P00675000,2026-09-11 20:01:22+00:00,675.0,106.7,104.75,108.35,-6.300003,-5.575224,785.0,200,0.7562280236816408,True,REGULAR,USD,SMH,put,2026-09-18,0.019178082191780823,106.55,0.0019248920629767632,-0.9428812033431117,-124435.18415277309,568.530029296875,0.01472477969695496,2026-09-11
SMH260918P00680000,2026-09-11 20:01:22+00:00,680.0,111.35,109.5,113.85,-6.5,-5.515486,17.0,9,0.5366257275390626,True,REGULAR,USD,SMH,put,2026-09-18,0.019178082191780823,111.675,0.0005806257633800566,-0.9909047997565559,-1689.0621469569273,568.530029296875,0.01472477969695496,2026-09-11
SMH260918P00685000,2026-09-11 19:45:34+00:00,685.0,116.44,114.5,118.85,5.6900024,5.1376996,7.0,0,0.5551802294921876,True,REGULAR,USD,SMH,put,2026-09-18,0.019178082191780823,116.675,0.0005431342064053591,-0.991238577176355,-0.0,568.530029296875,0.01472477969695496,2026-09-11
SMH260918P00690000,2026-09-11 20:01:22+00:00,690.0,121.0,119.65,123.35,-6.949997,-5.431807,22.0,8,0.8291032714843749,True,REGULAR,USD,SMH,put,2026-09-18,0.019178082191780823,121.5,0.0016390417261834922,-0.9476387702127163,-4238.252376942426,568.530029296875,0.01472477969695496,2026-09-11
SMH260918P00695000,2026-09-09 19:49:44+00:00,695.0,121.2,124.65,128.85,0.0,0.0,2.0,0,0.6171913281250001,True,REGULAR,USD,SMH,put,2026-09-18,0.019178082191780823,126.75,0.000585252526027287,-0.9892270561540328,-0.0,568.530029296875,0.01472477969695496,2026-09-11
SMH260918P00700000,2026-09-11 20:01:22+00:00,700.0,131.3,129.5,133.85,-6.599991,-4.7860703,56.0,14,0.6103554589843752,True,REGULAR,USD,SMH,put,2026-09-18,0.019178082191780823,131.675,0.00045518480033822465,-0.9920189464423894,-2059.7883839900164,568.530029296875,0.01472477969695496,2026-09-11
SMH260918P00705000,2026-09-09 19:49:43+00:00,705.0,131.12,134.65,138.35,0.0,0.0,5.0,0,0.5117236328125,True,REGULAR,USD,SMH,put,2026-09-18,0.019178082191780823,136.5,0.00011345868202041405,-0.9986035744398424,-0.0,568.530029296875,0.01472477969695496,2026-09-11
SMH260918P00710000,2026-07-27 14:46:32+00:00,710.0,171.65,141.3,145.8,0.0,0.0,1.0,0,0.9414068359375,True,REGULAR,USD,SMH,put,2026-09-18,0.019178082191780823,143.55,0.001417881096772309,-0.9488059269724813,-0.0,568.530029296875,0.01472477969695496,2026-09-11
SMH260918P00715000,2026-07-23 15:33:38+00:00,715.0,146.0,167.0,171.95,0.0,0.0,4.0,0,1.9786988369750977,True,REGULAR,USD,SMH,put,2026-09-18,0.019178082191780823,169.475,0.002008927121746365,-0.7570139223619792,-0.0,568.530029296875,0.01472477969695496,2026-09-11
SMH260918P00720000,2026-09-11 19:45:33+00:00,720.0,150.8,149.6,153.85,-5.399994,-3.4571025,3.0,3,0.6997100341796876,True,REGULAR,USD,SMH,put,2026-09-18,0.019178082191780823,151.725,0.0004252082331943101,-0.991371485930648,-412.3155720143461,568.530029296875,0.01472477969695496,2026-09-11
SMH260918P00725000,2026-09-11 19:45:33+00:00,725.0,155.82,154.65,158.7,0.94000244,0.60692304,3.0,0,0.6972686523437501,True,REGULAR,USD,SMH,put,2026-09-18,0.019178082191780823,156.675,0.00035126123371000904,-0.9930827150807375,-0.0,568.530029296875,0.01472477969695496,2026-09-11
SMH260918P00730000,2026-07-30 18:10:54+00:00,730.0,192.6,161.3,165.8,0.0,0.0,1.0,0,1.0307665649414064,True,REGULAR,USD,SMH,put,2026-09-18,0.019178082191780823,163.55,0.0012097215854260331,-0.9529889774794771,-0.0,568.530029296875,0.01472477969695496,2026-09-11
SMH260918P00740000,2026-07-15 14:38:12+00:00,740.0,162.6,192.0,196.95,0.0,0.0,2.0,0,2.1340989030456536,True,REGULAR,USD,SMH,put,2026-09-18,0.019178082191780823,194.475,0.001803567784786679,-0.7708186415875014,-0.0,568.530029296875,0.01472477969695496,2026-09-11
SMH260918P00750000,2026-07-24 19:37:05+00:00,750.0,192.0,202.0,206.95,0.0,0.0,2.0,0,2.193424926605224,True,REGULAR,USD,SMH,put,2026-09-18,0.019178082191780823,204.475,0.001733829627769568,-0.7756470525418069,-0.0,568.530029296875,0.01472477969695496,2026-09-11
SMH260918P00755000,2026-07-30 13:45:38+00:00,755.0,224.0,186.3,190.8,0.0,0.0,1.0,0,1.1366009967041018,True,REGULAR,USD,SMH,put,2026-09-18,0.019178082191780823,188.55,0.0010181107215126875,-0.9571549173738296,-0.0,568.530029296875,0.01472477969695496,2026-09-11
SMH260918P00760000,2026-08-06 18:51:10+00:00,760.0,184.73,189.65,193.85,0.0,0.0,1.0,0,0.8447281152343749,True,REGULAR,USD,SMH,put,2026-09-18,0.019178082191780823,191.75,0.0003238201773977334,-0.9921587448055611,-0.0,568.530029296875,0.01472477969695496,2026-09-11
SMH260918P00765000,2026-07-02 16:43:39+00:00,765.0,180.97,217.0,221.95,0.0,0.0,4.0,0,2.279667386779785,True,REGULAR,USD,SMH,put,2026-09-18,0.019178082191780823,219.475,0.0016398202142134106,-0.7822819423684033,-0.0,568.530029296875,0.01472477969695496,2026-09-11
SMH260918P00775000,2026-07-28 14:24:01+00:00,775.0,253.0,206.3,210.8,0.0,0.0,1.0,0,1.2172890698242185,True,REGULAR,USD,SMH,put,2026-09-18,0.019178082191780823,208.55,0.0009018582658438839,-0.9598508979017637,-0.0,568.530029296875,0.01472477969695496,2026-09-11
SMH260918P00800000,2026-07-31 14:17:21+00:00,800.0,261.1,231.3,235.8,0.0,0.0,2.0,0,1.3137241345214843,True,REGULAR,USD,SMH,put,2026-09-18,0.019178082191780823,233.55,0.0007879954786434918,-0.9626432785761824,-0.0,568.530029296875,0.01472477969695496,2026-09-11
SMH260918P00805000,2026-07-31 14:17:21+00:00,805.0,266.0,236.7,240.8,0.0,0.0,2.0,0,1.3555940423583983,True,REGULAR,USD,SMH,put,2026-09-18,0.019178082191780823,238.75,0.0008018075824239128,-0.9603406354226453,-0.0,568.530029296875,0.01472477969695496,2026-09-11
SMH260918P00810000,2026-07-31 14:17:21+00:00,810.0,271.1,241.65,245.75,0.0,0.0,13.0,0,1.3686555004882814,True,REGULAR,USD,SMH,put,2026-09-18,0.019178082191780823,243.7,0.0007746398055844165,-0.961534377647491,-0.0,568.530029296875,0.01472477969695496,2026-09-11
SMH260918P00815000,2026-07-31 14:17:21+00:00,815.0,276.0,246.55,250.8,0.0,0.0,2.0,0,1.3842804223632812,True,REGULAR,USD,SMH,put,2026-09-18,0.019178082191780823,248.675,0.000752451079448346,-0.9623605097154095,-0.0,568.530029296875,0.01472477969695496,2026-09-11
SMH260918P00820000,2026-07-31 14:17:21+00:00,820.0,281.0,251.3,255.8,0.0,0.0,1.0,0,1.3874542346191405,True,REGULAR,USD,SMH,put,2026-09-18,0.019178082191780823,253.55,0.0007148479169788598,-0.9645474501508119,-0.0,568.530029296875,0.01472477969695496,2026-09-11
SMH260918P00825000,2026-07-31 14:17:21+00:00,825.0,286.0,256.65,260.8,0.0,0.0,3.0,0,1.4267606787109375,True,REGULAR,USD,SMH,put,2026-09-18,0.019178082191780823,258.725,0.0007262033944458332,-0.9626030822489201,-0.0,568.530029296875,0.01472477969695496,2026-09-11
SMH260918P00830000,2026-06-25 14:00:02+00:00,830.0,219.45,282.0,286.9,0.0,0.0,0.0,0,2.619998567199707,True,REGULAR,USD,SMH,put,2026-09-18,0.019178082191780823,284.45,0.0013369367402148158,-0.8049135200740754,-0.0,568.530029296875,0.01472477969695496,2026-09-11
SMH260918P00840000,2026-09-10 19:51:12+00:00,840.0,276.82,269.65,273.35,0.0,0.0,1.0,0,0.87500125,True,REGULAR,USD,SMH,put,2026-09-18,0.019178082191780823,271.5,3.999530020071045e-05,-0.9991959971899766,-0.0,568.530029296875,0.01472477969695496,2026-09-11
SMH260918P00855000,2026-06-24 13:45:39+00:00,855.0,240.5,307.0,311.95,0.0,0.0,0.0,0,2.7404206294250493,True,REGULAR,USD,SMH,put,2026-09-18,0.019178082191780823,309.475,0.0012515985751130384,-0.8114976742649467,-0.0,568.530029296875,0.01472477969695496,2026-09-11
SMH260918P00865000,2026-06-25 14:00:02+00:00,865.0,251.85,317.0,321.95,0.0,0.0,0.0,0,2.7866241271972663,True,REGULAR,USD,SMH,put,2026-09-18,0.019178082191780823,319.475,0.0012208983844177223,-0.8139555855254164,-0.0,568.530029296875,0.01472477969695496,2026-09-11
SMH260918P00925000,2026-07-27 13:47:15+00:00,925.0,368.0,356.55,360.8,0.0,0.0,0.0,0,1.753663341064453,True,REGULAR,USD,SMH,put,2026-09-18,0.019178082191780823,358.675,0.0004938700647331495,-0.9699217415671157,-0.0,568.530029296875,0.01472477969695496,2026-09-11
SMH260925C00340000,2026-09-11 14:43:08+00:00,340.0,228.46,226.65,231.0,2.7200012,1.2049265,1.0,4,1.0751999365234377,True,REGULAR,USD,SMH,call,2026-09-25,0.038356164383561646,228.825,0.0001277290420681642,0.9946757090514416,165.1415908155384,568.530029296875,0.01472477969695496,2026-09-11
SMH260925C00350000,2026-08-24 16:46:05+00:00,350.0,198.51,216.7,221.0,0.0,0.0,2.0,3,1.0302782861328126,True,REGULAR,USD,SMH,call,2026-09-25,0.038356164383561646,218.85,0.00014799755371395929,0.9940099993333479,143.5101469176152,568.530029296875,0.01472477969695496,2026-09-11
SMH260925C00375000,2026-09-03 20:00:28+00:00,375.0,178.44,192.25,195.9,0.0,0.0,0.0,2,0.965820654296875,True,REGULAR,USD,SMH,call,2026-09-25,0.038356164383561646,194.075,0.000261816175602328,0.9893504087898188,169.25179677279255,568.530029296875,0.01472477969695496,2026-09-11
SMH260925C00400000,2026-08-21 17:03:22+00:00,400.0,160.67,166.9,171.15,0.0,0.0,2.0,2,0.8208025732421874,True,REGULAR,USD,SMH,call,2026-09-25,0.038356164383561646,169.025,0.000326644761819146,0.9886091534803114,211.16041710227987,568.530029296875,0.01472477969695496,2026-09-11
SMH260925C00420000,2026-09-10 15:36:51+00:00,420.0,144.89,147.35,151.0,0.0,0.0,7.0,0,0.7500025,True,REGULAR,USD,SMH,call,2026-09-25,0.038356164383561646,149.175,0.00047835781706177734,0.9840374572002515,0.0,568.530029296875,0.01472477969695496,2026-09-11
SMH260925C00425000,2026-09-04 17:27:50+00:00,425.0,143.05,141.9,146.2,0.0,0.0,3.0,5,0.7006865869140625,True,REGULAR,USD,SMH,call,2026-09-25,0.038356164383561646,144.05,0.0004545936929376509,0.986100235720433,734.6834009994647,568.530029296875,0.01472477969695496,2026-09-11
SMH260925C00430000,2026-09-04 17:27:50+00:00,430.0,136.6,137.4,141.05,0.0,0.0,5.0,5,0.7077665942382813,True,REGULAR,USD,SMH,call,2026-09-25,0.038356164383561646,139.22500000000002,0.0005638924252213616,0.9819188061022021,911.3245766396642,568.530029296875,0.01472477969695496,2026-09-11
SMH260925C00445000,2026-08-14 19:34:46+00:00,445.0,142.85,122.0,126.3,0.0,0.0,0.0,7,0.6206092626953126,True,REGULAR,USD,SMH,call,2026-09-25,0.038356164383561646,124.15,0.0006514080092413697,0.9816438720278894,1473.8658339167291,568.530029296875,0.01472477969695496,2026-09-11
SMH260925C00450000,2026-08-28 16:30:38+00:00,450.0,106.87,117.0,121.35,0.0,0.0,2.0,4,0.6003457934570313,True,REGULAR,USD,SMH,call,2026-09-25,0.038356164383561646,119.175,0.0007144975999016202,0.9803194625951995,923.7779315581889,568.530029296875,0.01472477969695496,2026-09-11
SMH260925C00460000,2026-08-21 17:16:44+00:00,460.0,102.5,107.25,111.4,0.0,0.0,11.0,11,0.5722699023437501,True,REGULAR,USD,SMH,call,2026-09-25,0.038356164383561646,109.325,0.0009176313496544801,0.9749867953663387,3262.629396014879,568.530029296875,0.01472477969695496,2026-09-11
SMH260925C00465000,2026-09-09 15:32:12+00:00,465.0,108.05,102.1,106.25,0.0,0.0,1.0,3,0.5278367529296876,True,REGULAR,USD,SMH,call,2026-09-25,0.038356164383561646,104.175,0.0008984971179906224,0.9778404787120423,871.253950974772,568.530029296875,0.01472477969695496,2026-09-11
SMH260925C00470000,2026-09-02 19:02:14+00:00,470.0,82.6,97.65,101.3,0.0,0.0,5.0,5,0.540287800292969,True,REGULAR,USD,SMH,call,2026-09-25,0.038356164383561646,99.475,0.0011627242516751364,0.9689827734123989,1879.115836660778,568.530029296875,0.01472477969695496,2026-09-11
SMH260925C00475000,2026-08-18 13:40:43+00:00,475.0,106.0,92.35,96.55,0.0,0.0,0.0,1,0.5127001855468749,True,REGULAR,USD,SMH,call,2026-09-25,0.038356164383561646,94.44999999999999,0.0012495269777530024,0.9682391648549082,403.8800994901027,568.530029296875,0.01472477969695496,2026-09-11
SMH260925C00480000,2026-08-24 18:34:06+00:00,480.0,76.1,87.3,91.65,0.0,0.0,5.0,5,0.643680321044922,True,REGULAR,USD,SMH,call,2026-09-25,0.038356164383561646,89.475,0.002036997698479884,0.921893981268276,3292.0571054920906,568.530029296875,0.01472477969695496,2026-09-11
SMH260925C00490000,2026-09-11 19:52:33+00:00,490.0,80.5,79.0,81.8,2.709999,3.483737,6.0,1,0.5119677709960937,True,REGULAR,USD,SMH,call,2026-09-25,0.038356164383561646,80.4,0.0021119062047478304,0.9391836624207831,682.6238274752363,568.530029296875,0.01472477969695496,2026-09-11
SMH260925C00495000,2026-09-10 17:43:22+00:00,495.0,69.85,72.6,76.7,0.0,0.0,22.0,17,0.5565229895019532,True,REGULAR,USD,SMH,call,2026-09-25,0.038356164383561646,74.65,0.002625900497780135,0.9097565961830346,14428.925940782114,568.530029296875,0.01472477969695496,2026-09-11
SMH260925C00500000,2026-09-10 16:59:08+00:00,500.0,65.42,67.7,72.05,0.0,0.0,8.0,10,0.5429733203125001,True,REGULAR,USD,SMH,call,2026-09-25,0.038356164383561646,69.875,0.002925463917982466,0.8989303048621035,9455.871536076766,568.530029296875,0.01472477969695496,2026-09-11
SMH260925C00505000,2026-09-10 16:27:38+00:00,505.0,59.7,63.35,67.0,0.0,0.0,10.0,11,0.5101367346191408,True,REGULAR,USD,SMH,call,2026-09-25,0.038356164383561646,65.175,0.0032101660954434153,0.8945963054779162,11413.714530380483,568.530029296875,0.01472477969695496,2026-09-11
SMH260925C00510000,2026-08-12 15:19:32+00:00,510.0,88.03,58.55,62.2,0.0,0.0,0.0,1,0.4881032635498047,True,REGULAR,USD,SMH,call,2026-09-25,0.038356164383561646,60.375,0.0035714813400923398,0.8849999626313451,1154.39703555458,568.530029296875,0.01472477969695496,2026-09-11
SMH260925C00515000,2026-09-04 13:56:00+00:00,515.0,57.28,53.35,57.65,0.0,0.0,1.0,10,0.4749198016357422,True,REGULAR,USD,SMH,call,2026-09-25,0.038356164383561646,55.5,0.004001471953776188,0.8699532596605073,12933.813511607466,568.530029296875,0.01472477969695496,2026-09-11
SMH260925C00517500,2026-09-03 20:00:00+00:00,517.5,41.12,51.45,55.15,0.0,0.0,0.0,1,0.45905081970214845,True,REGULAR,USD,SMH,call,2026-09-25,0.038356164383561646,53.3,0.004224335914764139,0.866085249480162,1365.4168656707539,568.530029296875,0.01472477969695496,2026-09-11
SMH260925C00520000,2026-09-04 13:56:00+00:00,520.0,52.89,49.9,52.8,0.0,0.0,1.0,11,0.44861391235351555,True,REGULAR,USD,SMH,call,2026-09-25,0.038356164383561646,51.349999999999994,0.004472205532640829,0.8592451557512986,15900.883553410005,568.530029296875,0.01472477969695496,2026-09-11
SMH260925C00525000,2026-09-10 19:16:13+00:00,525.0,41.7,44.0,48.5,0.0,0.0,1.0,17,0.4404963177490234,True,REGULAR,USD,SMH,call,2026-09-25,0.038356164383561646,46.25,0.005011125207995459,0.8375040219313523,27535.374842754958,568.530029296875,0.01472477969695496,2026-09-11
SMH260925C00530000,2026-09-10 14:56:11+00:00,530.0,38.45,40.6,43.3,0.0,0.0,2.0,23,0.4003355865478516,True,REGULAR,USD,SMH,call,2026-09-25,0.038356164383561646,41.95,0.005678772213502777,0.8299161730314712,42217.16852084132,568.530029296875,0.01472477969695496,2026-09-11
SMH260925C00532500,2026-09-08 15:18:11+00:00,532.5,49.74,38.4,41.1,0.0,0.0,1.0,19,0.39301144104003904,True,REGULAR,USD,SMH,call,2026-09-25,0.038356164383561646,39.75,0.006031151660725796,0.818330946747363,37039.1206806352,568.530029296875,0.01472477969695496,2026-09-11
SMH260925C00535000,2026-09-10 19:16:13+00:00,535.0,33.7,35.8,38.9,0.0,0.0,1.0,15,0.3850159155273437,True,REGULAR,USD,SMH,call,2026-09-25,0.038356164383561646,37.349999999999994,0.00640597424878162,0.8062614221572645,31058.699367758487,568.530029296875,0.01472477969695496,2026-09-11
SMH260925C00537500,2026-09-04 16:30:11+00:00,537.5,35.91,34.1,36.8,0.0,0.0,3.0,14,0.3792786682128906,True,REGULAR,USD,SMH,call,2026-09-25,0.038356164383561646,35.45,0.006786078612255231,0.7919998650552018,30708.156089527063,568.530029296875,0.01472477969695496,2026-09-11
SMH260925C00540000,2026-09-11 18:38:21+00:00,540.0,35.1,32.1,35.05,5.3999977,18.18181,1.0,20,0.38245246459960935,True,REGULAR,USD,SMH,call,2026-09-25,0.038356164383561646,33.575,0.007096488017354308,0.7719537843008588,45875.44466840532,568.530029296875,0.01472477969695496,2026-09-11
SMH260925C00542500,2026-09-10 18:05:10+00:00,542.5,27.8,29.85,32.75,0.0,0.0,2.0,35,0.3692995199584961,True,REGULAR,USD,SMH,call,2026-09-25,0.038356164383561646,31.3,0.007565253921274382,0.7597058283713187,85585.14111959083,568.530029296875,0.01472477969695496,2026-09-11
SMH260925C00545000,2026-09-11 16:22:15+00:00,545.0,30.95,28.0,30.55,-6.5,-17.356476,1.0,75,0.3582827844238281,True,REGULAR,USD,SMH,call,2026-09-25,0.038356164383561646,29.275,0.00804665629253201,0.7451583830874405,195066.87741756602,568.530029296875,0.01472477969695496,2026-09-11
SMH260925C00547500,2026-09-11 14:49:55+00:00,547.5,28.1,26.05,28.65,11.01,64.42364,2.0,11,0.354223987121582,True,REGULAR,USD,SMH,call,2026-09-25,0.038356164383561646,27.35,0.008448080916365805,0.7257852829547067,30037.0700587178,568.530029296875,0.01472477969695496,2026-09-11
SMH260925C00550000,2026-09-11 16:22:16+00:00,550.0,27.05,24.2,26.8,4.0099983,17.404505,4.0,67,0.35028725891113277,True,REGULAR,USD,SMH,call,2026-09-25,0.038356164383561646,25.5,0.00884240930214102,0.7052896685385781,191492.70501698618,568.530029296875,0.01472477969695496,2026-09-11
SMH260925C00552500,2026-09-10 16:55:40+00:00,552.5,22.3,22.45,25.45,0.0,0.0,26.0,43,0.35718416259765623,True,REGULAR,USD,SMH,call,2026-09-25,0.038356164383561646,23.95,0.008999952862351274,0.679307014155723,125087.95940647638,568.530029296875,0.01472477969695496,2026-09-11
SMH260925C00555000,2026-09-11 19:09:46+00:00,555.0,22.85,20.85,23.0,3.0900002,15.637651,36.0,74,0.3366460379028321,True,REGULAR,USD,SMH,call,2026-09-25,0.038356164383561646,21.925,0.009738147849276246,0.6633255972872892,232924.3547564631,568.530029296875,0.01472477969695496,2026-09-11
SMH260925C00557500,2026-09-11 16:19:18+00:00,557.5,22.0,19.25,22.15,-1.1000004,-4.761906,2.0,46,0.3522098471069336,True,REGULAR,USD,SMH,call,2026-09-25,0.038356164383561646,20.7,0.009598955431354337,0.6333554107469188,142721.24460493927,568.530029296875,0.01472477969695496,2026-09-11
SMH260925C00560000,2026-09-11 15:05:40+00:00,560.0,20.15,17.75,19.5,3.1000004,18.18182,2.0,292,0.3253851641845703,True,REGULAR,USD,SMH,call,2026-09-25,0.038356164383561646,18.625,0.010548206622887552,0.6153014427300509,995561.9672997128,568.530029296875,0.01472477969695496,2026-09-11
SMH260925C00562500,2026-09-11 15:24:54+00:00,562.5,19.3,16.3,18.2,3.7699995,24.275593,44.0,16,0.32782654602050776,True,REGULAR,USD,SMH,call,2026-09-25,0.038356164383561646,17.25,0.010663149375077003,0.5878736369726196,55145.78117525342,568.530029296875,0.01472477969695496,2026-09-11
SMH260925C00565000,2026-09-11 19:03:33+00:00,565.0,16.67,13.95,16.6,1.2600002,8.17651,17.0,445,0.32221136779785153,True,REGULAR,USD,SMH,call,2026-09-25,0.038356164383561646,15.275,0.010987793136870237,0.5614179689748617,1580437.4164116718,568.530029296875,0.01472477969695496,2026-09-11
SMH260925C00567500,2026-09-11 16:23:00+00:00,567.5,15.7,13.55,14.95,1.8999996,13.768113,11.0,39,0.3141242904663085,True,REGULAR,USD,SMH,call,2026-09-25,0.038356164383561646,14.25,0.011364810242230561,0.5339389375991599,143262.85878462726,568.530029296875,0.01472477969695496,2026-09-11
SMH260925C00570000,2026-09-11 18:04:41+00:00,570.0,14.9,11.95,13.7,2.3999996,19.199997,82.0,140,0.3133003240966796,False,REGULAR,USD,SMH,call,2026-09-25,0.038356164383561646,12.825,0.011435049887725127,0.5054254583107711,517455.3919986111,568.530029296875,0.01472477969695496,2026-09-11
SMH260925C00572500,2026-09-11 18:30:21+00:00,572.5,13.45,10.3,12.4,-3.9000006,-22.47839,107.0,1348,0.30988238952636715,False,REGULAR,USD,SMH,call,2026-09-25,0.038356164383561646,11.350000000000001,0.011542115592623903,0.47646259238640476,5029005.71338119,568.530029296875,0.01472477969695496,2026-09-11
SMH260925C00575000,2026-09-11 19:15:43+00:00,575.0,11.11,9.0,12.2,1.1899996,11.995963,48.0,68,0.32910827148437494,False,REGULAR,USD,SMH,call,2026-09-25,0.038356164383561646,10.6,0.010809302965807392,0.4524268946914242,237581.93746786867,568.530029296875,0.01472477969695496,2026-09-11
SMH260925C00577500,2026-09-11 19:28:12+00:00,577.5,10.07,8.9,10.2,0.5699997,5.9999967,24.0,20,0.30725790405273434,False,REGULAR,USD,SMH,call,2026-09-25,0.038356164383561646,9.55,0.011419564797620093,0.4189580729777692,73822.0950601704,568.530029296875,0.01472477969695496,2026-09-11
SMH260925C00580000,2026-09-11 19:05:40+00:00,580.0,9.38,7.15,9.15,1.3100004,16.232967,20.0,188,0.30475548767089844,False,REGULAR,USD,SMH,call,2026-09-25,0.038356164383561646,8.15,0.011307636397386456,0.3900820649357878,687126.1894807172,568.530029296875,0.01472477969695496,2026-09-11
SMH260925C00582500,2026-09-11 18:51:33+00:00,582.5,8.6,7.05,8.2,0.9600005,12.565453,11.0,30,0.3029244512939453,False,REGULAR,USD,SMH,call,2026-09-25,0.038356164383561646,7.625,0.011110830488788892,0.36180065138486306,107739.41026786147,568.530029296875,0.01472477969695496,2026-09-11
SMH260925C00585000,2026-09-11 19:48:36+00:00,585.0,6.92,6.2,7.5,0.26999998,4.06015,18.0,86,0.3054573849487304,False,REGULAR,USD,SMH,call,2026-09-25,0.038356164383561646,6.85,0.010731301809625182,0.33658106104292945,298303.0390651058,568.530029296875,0.01472477969695496,2026-09-11
SMH260925C00587500,2026-09-11 18:38:21+00:00,587.5,6.65,5.5,6.55,0.4500003,7.2580695,10.0,56,0.30048306945800785,False,REGULAR,USD,SMH,call,2026-09-25,0.038356164383561646,6.025,0.01051101244947827,0.3077490248976099,190256.45259966882,568.530029296875,0.01472477969695496,2026-09-11
SMH260925C00590000,2026-09-11 19:05:40+00:00,590.0,6.0,4.7,6.0,0.7399998,14.068436,96.0,505,0.3039010040283203,False,REGULAR,USD,SMH,call,2026-09-25,0.038356164383561646,5.35,0.010037596099337038,0.2852650070294699,1638430.0768428482,568.530029296875,0.01472477969695496,2026-09-11
SMH260925C00592500,2026-09-11 16:21:47+00:00,592.5,5.6,4.2,5.65,1.25,28.735632,37.0,54,0.3113472186279296,False,REGULAR,USD,SMH,call,2026-09-25,0.038356164383561646,4.925000000000001,0.009486137642808529,0.2671001657751377,165573.1835254775,568.530029296875,0.01472477969695496,2026-09-11
SMH260925C00595000,2026-09-11 19:43:13+00:00,595.0,4.4,3.65,4.7,0.0,0.0,107.0,148,0.30133755310058596,False,REGULAR,USD,SMH,call,2026-09-25,0.038356164383561646,4.175,0.009204290856668436,0.23712118283965716,440310.3222425703,568.530029296875,0.01472477969695496,2026-09-11
SMH260925C00597500,2026-09-11 19:41:09+00:00,597.5,3.8,3.1,3.95,-0.48000026,-11.214959,806.0,24,0.29456271850585936,False,REGULAR,USD,SMH,call,2026-09-25,0.038356164383561646,3.5250000000000004,0.008789589678985748,0.21009999106191019,68184.65708506222,568.530029296875,0.01472477969695496,2026-09-11
SMH260925C00600000,2026-09-11 18:49:09+00:00,600.0,3.8,2.66,3.4,0.54999995,16.923077,482.0,553,0.29175512939453113,False,REGULAR,USD,SMH,call,2026-09-25,0.038356164383561646,3.0300000000000002,0.008283229799552663,0.18741641644137652,1480579.2507993532,568.530029296875,0.01472477969695496,2026-09-11
SMH260925C00602500,2026-09-11 19:56:02+00:00,602.5,2.66,2.36,3.2,-3.82,-58.95062,4.0,28,0.2988961712646484,False,REGULAR,USD,SMH,call,2026-09-25,0.038356164383561646,2.7800000000000002,0.007735992665768432,0.17466139555938365,70013.35642025681,568.530029296875,0.01472477969695496,2026-09-11
SMH260925C00605000,2026-09-11 19:28:12+00:00,605.0,2.72,2.07,2.74,-0.28999996,-9.63455,33.0,636,0.29614961669921874,False,REGULAR,USD,SMH,call,2026-09-25,0.038356164383561646,2.4050000000000002,0.007216860546354908,0.15469170355457812,1483584.3603883362,568.530029296875,0.01472477969695496,2026-09-11
SMH260925C00607500,2026-09-11 18:26:32+00:00,607.5,2.54,1.76,2.59,0.13999987,5.833328,32.0,148,0.3034127276611328,False,REGULAR,USD,SMH,call,2026-09-25,0.038356164383561646,2.175,0.0067319113728504755,0.14453265484378885,322037.85300208407,568.530029296875,0.01472477969695496,2026-09-11
SMH260925C00610000,2026-09-11 18:43:39+00:00,610.0,2.19,1.62,2.3,0.120000124,5.7971077,12.0,190,0.30445031494140623,False,REGULAR,USD,SMH,call,2026-09-25,0.038356164383561646,1.96,0.006248578145186642,0.13024489182299465,383744.02273627394,568.530029296875,0.01472477969695496,2026-09-11
SMH260925C00612500,2026-09-10 17:57:38+00:00,612.5,2.07,1.3,1.97,0.0,0.0,12.0,32,0.3025582440185547,False,REGULAR,USD,SMH,call,2026-09-25,0.038356164383561646,1.635,0.0057526672521541755,0.11474649620886312,59501.244576544195,568.530029296875,0.01472477969695496,2026-09-11
SMH260925C00615000,2026-09-11 18:01:59+00:00,615.0,1.78,1.05,1.54,0.16999996,10.559004,135.0,146,0.29383030395507803,False,REGULAR,USD,SMH,call,2026-09-25,0.038356164383561646,1.295,0.005170886302157761,0.09511839950380407,244019.57241192527,568.530029296875,0.01472477969695496,2026-09-11
SMH260925C00620000,2026-09-11 18:33:54+00:00,620.0,1.26,0.72,1.33,0.110000014,9.565219,14.0,288,0.30445031494140623,False,REGULAR,USD,SMH,call,2026-09-25,0.038356164383561646,1.025,0.004429587587362393,0.08106496357630222,412346.7716286909,568.530029296875,0.01472477969695496,2026-09-11
SMH260925C00625000,2026-09-11 18:01:59+00:00,625.0,0.93,0.66,0.98,0.030000031,3.3333368,7.0,1308,0.30335169311523436,False,REGULAR,USD,SMH,call,2026-09-25,0.038356164383561646,0.8200000000000001,0.0036171170110541255,0.06197300014082458,1529245.1771165384,568.530029296875,0.01472477969695496,2026-09-11
SMH260925C00630000,2026-09-11 18:06:31+00:00,630.0,0.7,0.41,0.74,-0.060000002,-7.894737,23.0,2874,0.304694453125,False,REGULAR,USD,SMH,call,2026-09-25,0.038356164383561646,0.575,0.0029407679455907216,0.047965655187446145,2731834.1965774344,568.530029296875,0.01472477969695496,2026-09-11
SMH260925C00635000,2026-09-11 14:22:08+00:00,635.0,0.44,0.44,0.66,-0.22000003,-33.33334,4.0,255,0.31592480957031244,False,REGULAR,USD,SMH,call,2026-09-25,0.038356164383561646,0.55,0.00253371248130556,0.04169665403770811,208835.501072293,568.530029296875,0.01472477969695496,2026-09-11
SMH260925C00640000,2026-09-11 15:44:56+00:00,640.0,0.44,0.23,0.53,-0.120000005,-21.428572,14.0,154,0.32068550415039054,False,REGULAR,USD,SMH,call,2026-09-25,0.038356164383561646,0.38,0.002095503747440088,0.03365632062384444,104307.60653288873,568.530029296875,0.01472477969695496,2026-09-11
SMH260925C00645000,2026-09-11 18:56:19+00:00,645.0,0.37,0.21,0.37,-0.07999998,-17.777775,378.0,398,0.3178779150390625,False,REGULAR,USD,SMH,call,2026-09-25,0.038356164383561646,0.29,0.0016148904601214187,0.02434503109569065,207746.13774821305,568.530029296875,0.01472477969695496,2026-09-11
SMH260925C00650000,2026-09-11 17:41:29+00:00,650.0,0.27,0.13,0.41,-0.09,-24.999998,7.0,346,0.3393620751953125,False,REGULAR,USD,SMH,call,2026-09-25,0.038356164383561646,0.27,0.0015508387519920423,0.02507930412857762,173440.11816264052,568.530029296875,0.01472477969695496,2026-09-11
SMH260925C00655000,2026-09-09 13:57:58+00:00,655.0,0.99,0.0,0.58,0.0,0.0,2.0,84,0.3767152172851562,False,REGULAR,USD,SMH,call,2026-09-25,0.038356164383561646,0.29,0.0016823715844774753,0.031349960248343155,45678.09968197539,568.530029296875,0.01472477969695496,2026-09-11
SMH260925C00660000,2026-09-09 14:36:34+00:00,660.0,0.76,0.04,0.54,0.0,0.0,2.0,114,0.38843385009765624,False,REGULAR,USD,SMH,call,2026-09-25,0.038356164383561646,0.29000000000000004,0.001508886070918904,0.028529227719183325,55599.14565375311,568.530029296875,0.01472477969695496,2026-09-11
SMH260925C00665000,2026-09-11 13:56:46+00:00,665.0,0.28,0.03,0.5,-0.29,-50.877193,5.0,572,0.3991759301757813,False,REGULAR,USD,SMH,call,2026-09-25,0.038356164383561646,0.265,0.0013510005127666564,0.02582020376809432,249780.40191135017,568.530029296875,0.01472477969695496,2026-09-11
SMH260925C00670000,2026-09-10 17:33:31+00:00,670.0,0.17,0.01,0.24,0.0,0.0,125.0,340,0.3715883154296875,False,REGULAR,USD,SMH,call,2026-09-25,0.038356164383561646,0.125,0.0008590303798255468,0.013934082126424151,94404.83934454518,568.530029296875,0.01472477969695496,2026-09-11
SMH260925C00675000,2026-09-03 16:51:09+00:00,675.0,0.21,0.01,0.46,0.0,0.0,1.0,40,0.424810439453125,False,REGULAR,USD,SMH,call,2026-09-25,0.038356164383561646,0.23500000000000001,0.0011341251220835413,0.022577157589193087,14663.166951866155,568.530029296875,0.01472477969695496,2026-09-11
SMH260925C00680000,2026-09-11 18:38:22+00:00,680.0,0.23,0.01,0.45,0.09,64.28571,2.0,135,0.4382380395507813,False,REGULAR,USD,SMH,call,2026-09-25,0.038356164383561646,0.23,0.001051681219282196,0.021421690029527384,45890.70232986701,568.530029296875,0.01472477969695496,2026-09-11
SMH260925C00685000,2026-09-09 17:55:34+00:00,685.0,0.21,0.01,0.28,0.0,0.0,2.0,25,0.4226131958007812,False,REGULAR,USD,SMH,call,2026-09-25,0.038356164383561646,0.14500000000000002,0.0007676797597408317,0.014199125193908752,6203.359016269953,568.530029296875,0.01472477969695496,2026-09-11
SMH260925C00690000,2026-09-09 17:54:57+00:00,690.0,0.23,0.01,0.43,0.0,0.0,2.0,48,0.4646049633789063,False,REGULAR,USD,SMH,call,2026-09-25,0.038356164383561646,0.22,0.0009131501466870279,0.01942733026414328,14167.403005828126,568.530029296875,0.01472477969695496,2026-09-11
SMH260925C00695000,2026-09-11 18:38:22+00:00,695.0,0.18,0.01,0.36,-0.019999996,-9.999997,2.0,25,0.46655806884765627,False,REGULAR,USD,SMH,call,2026-09-25,0.038356164383561646,0.185,0.0007849952424118971,0.016351444769518265,6343.279541965305,568.530029296875,0.01472477969695496,2026-09-11
SMH260925C00700000,2026-09-10 17:19:10+00:00,700.0,0.07,0.01,0.18,0.0,0.0,80.0,179,0.437505625,False,REGULAR,USD,SMH,call,2026-09-25,0.038356164383561646,0.095,0.0004972456948933581,0.008964676842307527,28769.405006637062,568.530029296875,0.01472477969695496,2026-09-11
SMH260925C00705000,2026-09-10 17:19:38+00:00,705.0,0.15,0.01,0.42,0.0,0.0,1.0,9,0.5053760400390624,False,REGULAR,USD,SMH,call,2026-09-25,0.038356164383561646,0.215,0.0007674663639911135,0.0174854902713513,2232.5884696086882,568.530029296875,0.01472477969695496,2026-09-11
SMH260925C00710000,2026-09-01 19:58:16+00:00,710.0,0.17,0.0,0.42,0.0,0.0,4.0,28,0.5195360546875,False,REGULAR,USD,SMH,call,2026-09-25,0.038356164383561646,0.21,0.000732099703830676,0.017089967991285534,6625.750529246414,568.530029296875,0.01472477969695496,2026-09-11
SMH260925C00715000,2026-09-10 17:19:00+00:00,715.0,0.16,0.01,0.42,0.0,0.0,2.0,20,0.53320779296875,False,REGULAR,USD,SMH,call,2026-09-25,0.038356164383561646,0.215,0.000697969770768008,0.01666047507482205,4512.045045490654,568.530029296875,0.01472477969695496,2026-09-11
SMH260925C00720000,2026-09-10 17:18:37+00:00,720.0,0.11,0.0,0.38,0.0,0.0,4.0,25,0.5390671093750001,False,REGULAR,USD,SMH,call,2026-09-25,0.038356164383561646,0.19,0.0006311597977265463,0.015006145620883315,5100.187639772993,568.530029296875,0.01472477969695496,2026-09-11
SMH260925C00725000,2026-09-10 17:18:05+00:00,725.0,0.04,0.0,0.38,0.0,0.0,2.0,182,0.5039112109375,False,REGULAR,USD,SMH,call,2026-09-25,0.038356164383561646,0.19,0.00040050978768005726,0.008229747481253573,23560.870882378094,568.530029296875,0.01472477969695496,2026-09-11
SMH260925C00730000,2026-09-10 17:17:48+00:00,730.0,0.1,0.0,0.41,0.0,0.0,3.0,9,0.5214891601562499,False,REGULAR,USD,SMH,call,2026-09-25,0.038356164383561646,0.205,0.00040300017059276565,0.008618230838030653,1172.342628068793,568.530029296875,0.01472477969695496,2026-09-11
SMH260925C00735000,2026-09-10 17:16:08+00:00,735.0,0.12,0.0,0.41,0.0,0.0,3.0,17,0.53320779296875,False,REGULAR,USD,SMH,call,2026-09-25,0.038356164383561646,0.205,0.00038415486395603214,0.008369796436541382,2110.87285542566,568.530029296875,0.01472477969695496,2026-09-11
SMH260925C00740000,2026-09-10 17:17:24+00:00,740.0,0.15,0.0,0.6,0.0,0.0,3.0,18,0.5727581787109376,False,REGULAR,USD,SMH,call,2026-09-25,0.038356164383561646,0.3,0.0004648486079506367,0.01129971155335232,2704.5241092448914,568.530029296875,0.01472477969695496,2026-09-11
SMH260925C00745000,2026-09-10 17:15:34+00:00,745.0,0.11,0.0,0.56,0.0,0.0,1.0,52,0.5800823242187501,False,REGULAR,USD,SMH,call,2026-09-25,0.038356164383561646,0.28,0.0004293713813742067,0.010466259663088194,7216.776495736159,568.530029296875,0.01472477969695496,2026-09-11
SMH260925C00750000,2026-08-28 16:46:33+00:00,750.0,0.17,0.0,1.47,0.0,0.0,15.0,33,0.6787141503906251,False,REGULAR,USD,SMH,call,2026-09-25,0.038356164383561646,0.735,0.000705856612868946,0.022426448419544488,7528.999097681842,568.530029296875,0.01472477969695496,2026-09-11
SMH260925C00755000,2026-08-28 16:47:58+00:00,755.0,0.08,0.0,0.98,0.0,0.0,30.0,60,0.6516148120117189,False,REGULAR,USD,SMH,call,2026-09-25,0.038356164383561646,0.49,0.0005487040627999003,0.015898943204454806,10641.338142507257,568.530029296875,0.01472477969695496,2026-09-11
SMH260925C00760000,2026-09-10 17:13:17+00:00,760.0,0.21,0.0,0.56,0.0,0.0,4.0,10,0.6162147753906251,False,REGULAR,USD,SMH,call,2026-09-25,0.038356164383561646,0.28,0.00038327054128689536,0.009847588120279796,1238.8315506796177,568.530029296875,0.01472477969695496,2026-09-11
SMH260925C00765000,2026-09-10 17:15:09+00:00,765.0,0.15,0.0,0.15,0.0,0.0,3.0,36,0.5410202148437502,False,REGULAR,USD,SMH,call,2026-09-25,0.038356164383561646,0.075,0.0001577804743792091,0.003129705339857346,1835.9572971851571,568.530029296875,0.01472477969695496,2026-09-11
SMH260925C00770000,2026-09-10 18:31:33+00:00,770.0,0.04,0.0,0.8,0.0,0.0,1.0,40,0.6704134521484376,False,REGULAR,USD,SMH,call,2026-09-25,0.038356164383561646,0.4,0.00044176619933954906,0.012776343387592086,5711.619827895882,568.530029296875,0.01472477969695496,2026-09-11
SMH260925C00775000,2026-09-03 17:28:22+00:00,775.0,0.14,0.0,0.72,0.0,0.0,1.0,5,0.6728548339843752,False,REGULAR,USD,SMH,call,2026-09-25,0.038356164383561646,0.36,0.00040173999550003497,0.011498597700538458,649.2648507817207,568.530029296875,0.01472477969695496,2026-09-11
SMH260925C00780000,2026-09-08 14:02:29+00:00,780.0,0.15,0.0,0.44,0.0,0.0,1.0,83,0.6435582519531251,False,REGULAR,USD,SMH,call,2026-09-25,0.038356164383561646,0.22,0.00028796087134821307,0.007469226722826522,7725.3539919696705,568.530029296875,0.01472477969695496,2026-09-11
SMH260925C00785000,2026-08-26 14:02:34+00:00,785.0,0.23,0.0,0.19,0.0,0.0,1.0,39,0.596683720703125,False,REGULAR,USD,SMH,call,2026-09-25,0.038356164383561646,0.095,0.00016144562710275107,0.0035802202521126665,2035.1560284809016,568.530029296875,0.01472477969695496,2026-09-11
SMH260925C00790000,2026-08-28 13:56:39+00:00,790.0,0.15,0.0,0.64,0.0,0.0,5.0,248,0.6972686523437501,False,REGULAR,USD,SMH,call,2026-09-25,0.038356164383561646,0.32,0.00034073232492178165,0.009914705659429536,27313.15283245871,568.530029296875,0.01472477969695496,2026-09-11
SMH260925C00795000,2026-09-11 15:26:37+00:00,795.0,0.03,0.0,0.14,-0.020000001,-40.000004,723.0,829,0.5976602734375001,False,REGULAR,USD,SMH,call,2026-09-25,0.038356164383561646,0.07,0.00012134874846427822,0.0026123057192346815,32515.965160468015,568.530029296875,0.01472477969695496,2026-09-11
SMH260925C00800000,2026-08-28 14:44:39+00:00,800.0,0.07,0.0,0.54,0.0,0.0,2.0,208,0.7050810742187501,False,REGULAR,USD,SMH,call,2026-09-25,0.038356164383561646,0.27,0.0002898583875515062,0.008348358759887382,19487.49533961701,568.530029296875,0.01472477969695496,2026-09-11
SMH260925C00805000,2026-09-11 13:51:57+00:00,805.0,0.07,0.0,0.05,0.010000002,16.66667,100.0,161,0.5625043750000001,False,REGULAR,USD,SMH,call,2026-09-25,0.038356164383561646,0.025,5.413738762467968e-05,0.0010076551844829024,2817.279847633856,568.530029296875,0.01472477969695496,2026-09-11
SMH260925C00810000,2026-09-08 15:26:07+00:00,810.0,0.08,0.0,0.13,0.02,33.333336,21.0,622,0.62305064453125,False,REGULAR,USD,SMH,call,2026-09-25,0.038356164383561646,0.065,0.00010564793446315373,0.0023467520640157967,21240.180967576962,568.530029296875,0.01472477969695496,2026-09-11
SMH260925C00815000,2026-08-24 17:47:02+00:00,815.0,0.06,0.0,1.22,0.0,0.0,2.0,25,0.8208025732421874,False,REGULAR,USD,SMH,call,2026-09-25,0.038356164383561646,0.61,0.00043238907705596034,0.015762259682335033,3493.98905683962,568.530029296875,0.01472477969695496,2026-09-11
SMH260925P00310000,2026-09-10 17:18:37+00:00,310.0,0.01,0.0,0.03,0.0,0.0,21.0,283,0.937500625,False,REGULAR,USD,SMH,put,2026-09-25,0.038356164383561646,0.015,1.1672182619020154e-05,-0.0003328706918108715,-1067.6903726509604,568.530029296875,0.01472477969695496,2026-09-11
SMH260925P00315000,2026-09-10 19:07:48+00:00,315.0,0.03,0.0,0.24,0.0,0.0,3.0,43,1.1015669921875002,False,REGULAR,USD,SMH,put,2026-09-25,0.038356164383561646,0.12,5.571516762561367e-05,-0.002172255559728553,-774.3703475861354,568.530029296875,0.01472477969695496,2026-09-11
SMH260925P00320000,2026-09-11 19:59:49+00:00,320.0,0.02,0.0,0.06,-0.06,-75.0,2.0,302,0.9414068359375,False,REGULAR,USD,SMH,put,2026-09-25,0.038356164383561646,0.03,2.1484759423796854e-05,-0.0006459903791434796,-2097.221278359958,568.530029296875,0.01472477969695496,2026-09-11
SMH260925P00325000,2026-09-04 17:06:24+00:00,325.0,0.06,0.0,1.39,0.0,0.0,3.0,19,1.3027378613281246,False,REGULAR,USD,SMH,put,2026-09-25,0.038356164383561646,0.695,0.00018412280941387539,-0.010023863654721965,-1130.7536838026433,568.530029296875,0.01472477969695496,2026-09-11
SMH260925P00330000,2026-09-08 16:06:17+00:00,330.0,0.07,0.0,0.21,0.0,0.0,1.0,189,1.0078174609375,False,REGULAR,USD,SMH,put,2026-09-25,0.038356164383561646,0.105,5.9115724417168896e-05,-0.0021022596821321793,-3611.3671020312613,568.530029296875,0.01472477969695496,2026-09-11
SMH260925P00335000,2026-09-03 16:55:25+00:00,335.0,0.05,0.0,0.21,0.0,0.0,2.0,7,0.98242205078125,False,REGULAR,USD,SMH,put,2026-09-25,0.038356164383561646,0.105,6.225998078673908e-05,-0.0021641206512138522,-140.86848365397566,568.530029296875,0.01472477969695496,2026-09-11
SMH260925P00340000,2026-09-04 18:36:29+00:00,340.0,0.16,0.0,1.5,0.0,0.0,11.0,29,1.2221718579101561,False,REGULAR,USD,SMH,put,2026-09-25,0.038356164383561646,0.75,0.00022094134894178077,-0.011484670508834505,-2071.008190974783,568.530029296875,0.01472477969695496,2026-09-11
SMH260925P00345000,2026-09-09 14:06:54+00:00,345.0,0.1,0.0,0.09,0.0,0.0,57.0,65,0.8554701953125,False,REGULAR,USD,SMH,put,2026-09-25,0.038356164383561646,0.045,3.712420630446844e-05,-0.0010548563352426044,-779.96901721616,568.530029296875,0.01472477969695496,2026-09-11
SMH260925P00350000,2026-09-11 18:05:10+00:00,350.0,0.04,0.0,0.19,-0.050000004,-55.555557,11.0,384,0.8964854101562498,False,REGULAR,USD,SMH,put,2026-09-25,0.038356164383561646,0.095,6.699485519769917e-05,-0.0021210203514971937,-8315.330102909891,568.530029296875,0.01472477969695496,2026-09-11
SMH260925P00355000,2026-09-11 18:02:07+00:00,355.0,0.38,0.0,0.94,0.32,533.3333,8.0,23,1.056645341796875,False,REGULAR,USD,SMH,put,2026-09-25,0.038356164383561646,0.47,0.00019655482057744032,-0.008502804641291717,-1461.2292361667326,568.530029296875,0.01472477969695496,2026-09-11
SMH260925P00360000,2026-09-11 18:04:19+00:00,360.0,0.08,0.0,0.13,-0.060000002,-42.857143,9.0,64,0.8164080859374999,False,REGULAR,USD,SMH,put,2026-09-25,0.038356164383561646,0.065,5.700475799975919e-05,-0.0016021851356734507,-1179.2283123972634,568.530029296875,0.01472477969695496,2026-09-11
SMH260925P00365000,2026-09-11 18:30:38+00:00,365.0,0.23,0.0,1.11,0.120000005,109.09091,8.0,8,1.0244189404296877,False,REGULAR,USD,SMH,put,2026-09-25,0.038356164383561646,0.555,0.00023890134630037558,-0.010257543540862168,-617.7537658970858,568.530029296875,0.01472477969695496,2026-09-11
SMH260925P00370000,2026-09-11 18:05:13+00:00,370.0,0.04,0.0,0.19,-0.010000002,-20.000002,3.0,93,0.8027363476562499,False,REGULAR,USD,SMH,put,2026-09-25,0.038356164383561646,0.095,8.356798271368498e-05,-0.0023963940836525532,-2512.0581283450833,568.530029296875,0.01472477969695496,2026-09-11
SMH260925P00375000,2026-09-08 19:53:29+00:00,375.0,0.13,0.0,1.0,0.0,0.0,4.0,101,0.9545902978515625,False,REGULAR,USD,SMH,put,2026-09-25,0.038356164383561646,0.5,0.0002500712537839935,-0.009968912825676801,-8163.792595331809,568.530029296875,0.01472477969695496,2026-09-11
SMH260925P00380000,2026-09-04 17:55:10+00:00,380.0,0.13,0.0,0.11,0.0,0.0,8.0,585,0.7148466015625,False,REGULAR,USD,SMH,put,2026-09-25,0.038356164383561646,0.055,6.297494905723242e-05,-0.0015448080112135942,-11907.771940041626,568.530029296875,0.01472477969695496,2026-09-11
SMH260925P00385000,2026-09-11 17:02:00+00:00,385.0,0.01,0.0,0.11,-0.049999997,-83.333336,1.0,8,0.69336244140625,False,REGULAR,USD,SMH,put,2026-09-25,0.038356164383561646,0.055,6.664839534325453e-05,-0.0015898124371648281,-172.34016405469103,568.530029296875,0.01472477969695496,2026-09-11
SMH260925P00390000,2026-09-10 15:44:01+00:00,390.0,0.05,0.01,0.07,0.0,0.0,2.0,100,0.6523472265625001,False,REGULAR,USD,SMH,put,2026-09-25,0.038356164383561646,0.04,5.64175549152437e-05,-0.0012390644416279128,-1823.5642845528955,568.530029296875,0.01472477969695496,2026-09-11
SMH260925P00395000,2026-09-11 17:24:30+00:00,395.0,0.12,0.01,0.12,0.04,50.0,1.0,57,0.6621127539062501,False,REGULAR,USD,SMH,put,2026-09-25,0.038356164383561646,0.065,8.431547306404336e-05,-0.0019568971822526704,-1553.4202210833441,568.530029296875,0.01472477969695496,2026-09-11
SMH260925P00400000,2026-09-11 20:04:17+00:00,400.0,0.05,0.02,0.19,-0.05,-50.0,3.0,183,0.6748079394531252,False,REGULAR,USD,SMH,put,2026-09-25,0.038356164383561646,0.105,0.0001250665672199738,-0.0030903711012466584,-7397.741247301221,568.530029296875,0.01472477969695496,2026-09-11
SMH260925P00405000,2026-09-10 14:57:53+00:00,405.0,0.06,0.02,0.12,0.0,0.0,2.0,9,0.6250037500000001,False,REGULAR,USD,SMH,put,2026-09-25,0.038356164383561646,0.06999999999999999,0.0001002924401687423,-0.0022234333224977476,-291.75447422246367,568.530029296875,0.01472477969695496,2026-09-11
SMH260925P00410000,2026-09-11 17:25:29+00:00,410.0,0.06,0.03,0.1,-0.030000005,-33.333336,2.0,156,0.5996133789062501,False,REGULAR,USD,SMH,put,2026-09-25,0.038356164383561646,0.065,0.00010134488590854955,-0.0021486017094636267,-5110.145358876163,568.530029296875,0.01472477969695496,2026-09-11
SMH260925P00415000,2026-09-11 17:26:48+00:00,415.0,0.1,0.02,0.16,-0.07,-41.17647,1.0,24,0.5996133789062501,False,REGULAR,USD,SMH,put,2026-09-25,0.038356164383561646,0.09,0.0001353608005941725,-0.0029592862413631016,-1050.052403849887,568.530029296875,0.01472477969695496,2026-09-11
SMH260925P00420000,2026-09-11 20:03:15+00:00,420.0,0.13,0.03,0.24,-0.030000001,-18.75,2.0,31,0.6064492480468751,False,REGULAR,USD,SMH,put,2026-09-25,0.038356164383561646,0.135,0.00019005827193511042,-0.004374199612884211,-1904.3873477620346,568.530029296875,0.01472477969695496,2026-09-11
SMH260925P00425000,2026-09-11 20:04:00+00:00,425.0,0.1,0.07,0.13,-0.07,-41.17647,1.0,54,0.5654340332031251,False,REGULAR,USD,SMH,put,2026-09-25,0.038356164383561646,0.1,0.00016699514350279203,-0.003501362991722212,-2914.7708566101956,568.530029296875,0.01472477969695496,2026-09-11
SMH260925P00430000,2026-09-11 17:23:18+00:00,430.0,0.11,0.04,0.17,-0.099999994,-47.619045,49.0,106,0.5478560839843751,False,REGULAR,USD,SMH,put,2026-09-25,0.038356164383561646,0.10500000000000001,0.00018479946888852255,-0.0037842831942270783,-6331.598994005746,568.530029296875,0.01472477969695496,2026-09-11
SMH260925P00435000,2026-09-10 15:39:30+00:00,435.0,0.13,0.04,0.19,0.0,0.0,5.0,128,0.53320779296875,False,REGULAR,USD,SMH,put,2026-09-25,0.038356164383561646,0.115,0.00021125073885129317,-0.004263106321181875,-8740.07226797938,568.530029296875,0.01472477969695496,2026-09-11
SMH260925P00440000,2026-09-11 13:53:45+00:00,440.0,0.19,0.1,0.39,-0.040000007,-17.391306,3.0,129,0.5629926513671876,False,REGULAR,USD,SMH,put,2026-09-25,0.038356164383561646,0.245,0.00036298474854821604,-0.00834761824093655,-15135.086434121735,568.530029296875,0.01472477969695496,2026-09-11
SMH260925P00445000,2026-09-10 19:29:56+00:00,445.0,0.25,0.04,0.33,0.0,0.0,40.0,42,0.5214891601562499,False,REGULAR,USD,SMH,put,2026-09-25,0.038356164383561646,0.185,0.00032948437972670213,-0.006855603292477808,-4472.91801635028,568.530029296875,0.01472477969695496,2026-09-11
SMH260925P00450000,2026-09-11 19:51:42+00:00,450.0,0.31,0.14,0.41,0.02000001,6.8965554,1144.0,172,0.5278367529296876,False,REGULAR,USD,SMH,put,2026-09-25,0.038356164383561646,0.275,0.0004514778741383885,-0.009949351013037289,-25099.885235794805,568.530029296875,0.01472477969695496,2026-09-11
SMH260925P00455000,2026-09-11 19:51:57+00:00,455.0,0.19,0.15,0.26,-0.18,-48.648647,61.0,1327,0.5019581054687501,False,REGULAR,USD,SMH,put,2026-09-25,0.038356164383561646,0.20500000000000002,0.000472069896448497,-0.009884951902142447,-202480.89274081244,568.530029296875,0.01472477969695496,2026-09-11
SMH260925P00460000,2026-09-11 15:53:59+00:00,460.0,0.24,0.17,0.32,-0.10000001,-29.411768,8.0,443,0.4946339599609375,False,REGULAR,USD,SMH,put,2026-09-25,0.038356164383561646,0.245,0.0005750888505339391,-0.012194877525189773,-82346.5657108346,568.530029296875,0.01472477969695496,2026-09-11
SMH260925P00465000,2026-09-10 15:39:55+00:00,465.0,0.4,0.01,0.4,0.0,0.0,4.0,132,0.4887746435546876,False,REGULAR,USD,SMH,put,2026-09-25,0.038356164383561646,0.20500000000000002,0.0007053688700759995,-0.015238865639363719,-30095.186413284104,568.530029296875,0.01472477969695496,2026-09-11
SMH260925P00470000,2026-09-10 16:02:15+00:00,470.0,0.45,0.01,0.63,0.0,0.0,7.0,209,0.5024463818359376,False,REGULAR,USD,SMH,put,2026-09-25,0.038356164383561646,0.32,0.0009671994271595264,-0.022809616111298836,-65338.496114921065,568.530029296875,0.01472477969695496,2026-09-11
SMH260925P00475000,2026-09-11 16:58:34+00:00,475.0,0.4,0.28,0.46,-0.26000002,-39.39394,5.0,237,0.454107021484375,False,REGULAR,USD,SMH,put,2026-09-25,0.038356164383561646,0.37,0.0009018888788380063,-0.018638208859002248,-69088.88679801609,568.530029296875,0.01472477969695496,2026-09-11
SMH260925P00480000,2026-09-11 19:51:42+00:00,480.0,0.51,0.29,0.47,-0.26999998,-34.615383,1149.0,1593,0.43286699951171875,False,REGULAR,USD,SMH,put,2026-09-25,0.038356164383561646,0.38,0.000997597995235934,-0.019836385486940222,-513662.8545775426,568.530029296875,0.01472477969695496,2026-09-11
SMH260925P00485000,2026-09-11 19:45:48+00:00,485.0,0.42,0.22,0.54,-0.47,-52.80899,97.0,87,0.42017181396484377,False,REGULAR,USD,SMH,put,2026-09-25,0.038356164383561646,0.38,0.0011753334590016002,-0.02324923075012586,-33051.195247664255,568.530029296875,0.01472477969695496,2026-09-11
SMH260925P00490000,2026-09-11 19:38:06+00:00,490.0,0.5,0.44,0.8,-0.57000005,-53.27103,129.0,650,0.4270076831054688,False,REGULAR,USD,SMH,put,2026-09-25,0.038356164383561646,0.62,0.001550613733656641,-0.03305674422700744,-325779.5358648456,568.530029296875,0.01472477969695496,2026-09-11
SMH260925P00495000,2026-09-11 16:19:11+00:00,495.0,0.69,0.52,0.8,-0.59999996,-46.511627,23.0,775,0.4028380029296875,False,REGULAR,USD,SMH,put,2026-09-25,0.038356164383561646,0.66,0.0017150926314853374,-0.03481178725650236,-429631.4854367026,568.530029296875,0.01472477969695496,2026-09-11
SMH260925P00500000,2026-09-11 19:59:07+00:00,500.0,0.75,0.69,0.87,-0.83000004,-52.53165,1916.0,1228,0.3852600537109374,False,REGULAR,USD,SMH,put,2026-09-25,0.038356164383561646,0.78,0.0019748560563623025,-0.03916905474682597,-783863.8394848019,568.530029296875,0.01472477969695496,2026-09-11
SMH260925P00505000,2026-09-11 17:31:09+00:00,505.0,0.92,0.79,0.98,-1.01,-52.331604,58.0,70,0.370123486328125,False,REGULAR,USD,SMH,put,2026-09-25,0.038356164383561646,0.885,0.0023128533751636065,-0.0453124396385548,-52330.267975712544,568.530029296875,0.01472477969695496,2026-09-11
SMH260925P00510000,2026-09-11 19:54:20+00:00,510.0,1.1,1.02,1.16,-1.2099999,-52.38095,23.0,842,0.3585269226074219,False,REGULAR,USD,SMH,put,2026-09-25,0.038356164383561646,1.0899999999999999,0.0027598367819535222,-0.05433266693649219,-751107.8611653679,568.530029296875,0.01472477969695496,2026-09-11
SMH260925P00515000,2026-09-11 19:59:36+00:00,515.0,1.47,1.1,1.52,-1.0,-40.48583,41.0,211,0.35559726440429684,False,REGULAR,USD,SMH,put,2026-09-25,0.038356164383561646,1.31,0.0033862062194855076,-0.06986827906399562,-230941.86876693615,568.530029296875,0.01472477969695496,2026-09-11
SMH260925P00520000,2026-09-11 19:05:07+00:00,520.0,1.73,1.53,1.86,-1.6199999,-48.358204,52.0,438,0.3469303588867187,False,REGULAR,USD,SMH,put,2026-09-25,0.038356164383561646,1.695,0.004041891413827116,-0.08538321234844437,-572223.3425201892,568.530029296875,0.01472477969695496,2026-09-11
SMH260925P00525000,2026-09-11 19:46:59+00:00,525.0,2.12,1.92,2.35,-1.6500001,-43.766582,42.0,252,0.3417424224853516,False,REGULAR,USD,SMH,put,2026-09-25,0.038356164383561646,2.135,0.004820865017458105,-0.10628366040167625,-392674.1657774611,568.530029296875,0.01472477969695496,2026-09-11
SMH260925P00530000,2026-09-11 19:58:33+00:00,530.0,2.69,2.5,2.92,-1.9000001,-41.394337,1512.0,352,0.3353337951660156,False,REGULAR,USD,SMH,put,2026-09-25,0.038356164383561646,2.71,0.005676107215146405,-0.13034475511581256,-645803.0192466067,568.530029296875,0.01472477969695496,2026-09-11
SMH260925P00532500,2026-09-11 19:48:48+00:00,532.5,2.96,2.71,3.2,-2.08,-41.26984,15.0,44,0.3303289624023437,False,REGULAR,USD,SMH,put,2026-09-25,0.038356164383561646,2.955,0.006131600372748341,-0.1427431301507982,-87203.38348630808,568.530029296875,0.01472477969695496,2026-09-11
SMH260925P00535000,2026-09-11 19:51:55+00:00,535.0,3.22,3.0,3.55,-2.3300002,-41.981983,37.0,1326,0.3267889587402344,False,REGULAR,USD,SMH,put,2026-09-25,0.038356164383561646,3.275,0.006611707890989494,-0.15726438337062887,-2833766.0925773853,568.530029296875,0.01472477969695496,2026-09-11
SMH260925P00537500,2026-09-11 19:48:48+00:00,537.5,3.65,3.1,3.95,-2.5499997,-41.12903,14.0,57,0.3237372314453124,False,REGULAR,USD,SMH,put,2026-09-25,0.038356164383561646,3.5250000000000004,0.007107543525509539,-0.17332287752732944,-130948.70293107556,568.530029296875,0.01472477969695496,2026-09-11
SMH260925P00540000,2026-09-11 19:58:59+00:00,540.0,4.1,3.65,4.25,-2.77,-40.320232,85.0,515,0.31641308593749995,False,REGULAR,USD,SMH,put,2026-09-25,0.038356164383561646,3.95,0.007643760231898337,-0.18765629870720923,-1272392.5048596568,568.530029296875,0.01472477969695496,2026-09-11
SMH260925P00542500,2026-09-11 19:48:48+00:00,542.5,4.5,4.15,5.2,-3.0500002,-40.397354,92.0,29,0.32709413146972655,False,REGULAR,USD,SMH,put,2026-09-25,0.038356164383561646,4.675000000000001,0.008032984872674254,-0.21547395467484964,-75297.70931953836,568.530029296875,0.01472477969695496,2026-09-11
SMH260925P00545000,2026-09-11 19:48:48+00:00,545.0,5.05,4.6,5.45,-3.6999998,-42.28571,20.0,480,0.31604687866210934,False,REGULAR,USD,SMH,put,2026-09-25,0.038356164383561646,5.025,0.008630210419887445,-0.23006941816987792,-1338965.6617505695,568.530029296875,0.01472477969695496,2026-09-11
SMH260925P00547500,2026-09-11 19:24:06+00:00,547.5,5.45,4.65,6.3,-3.8500004,-41.39785,13.0,61,0.32019722778320303,False,REGULAR,USD,SMH,put,2026-09-25,0.038356164383561646,5.475,0.009018351088944618,-0.2556321811292692,-177813.11535743147,568.530029296875,0.01472477969695496,2026-09-11
SMH260925P00550000,2026-09-11 19:48:48+00:00,550.0,6.29,5.55,6.75,-4.21,-40.095238,114.0,239,0.31235428863525383,False,REGULAR,USD,SMH,put,2026-09-25,0.038356164383561646,6.15,0.009596469716397415,-0.275141884704032,-741337.9205600949,568.530029296875,0.01472477969695496,2026-09-11
SMH260925P00552500,2026-09-11 19:24:05+00:00,552.5,6.7,6.2,7.25,-4.29,-39.03549,3.0,137,0.30475548767089844,False,REGULAR,USD,SMH,put,2026-09-25,0.038356164383561646,6.725,0.010190498194327796,-0.2964155031182827,-451255.80416140304,568.530029296875,0.01472477969695496,2026-09-11
SMH260925P00555000,2026-09-11 19:47:22+00:00,555.0,7.65,7.1,8.0,-4.43,-36.672184,168.0,91,0.3020089331054688,False,REGULAR,USD,SMH,put,2026-09-25,0.038356164383561646,7.55,0.010659174441786646,-0.32177832963166253,-313524.7133289783,568.530029296875,0.01472477969695496,2026-09-11
SMH260925P00557500,2026-09-11 19:31:22+00:00,557.5,8.4,7.9,8.95,-4.7800007,-36.267075,27.0,35,0.3024361749267578,False,REGULAR,USD,SMH,put,2026-09-25,0.038356164383561646,8.425,0.010995216757170363,-0.3496435219413546,-124388.04931010133,568.530029296875,0.01472477969695496,2026-09-11
SMH260925P00560000,2026-09-11 20:10:08+00:00,560.0,9.2,8.1,10.6,-5.42,-37.072502,268.0,1865,0.3170844659423828,False,REGULAR,USD,SMH,put,2026-09-25,0.038356164383561646,9.35,0.010805032993365118,-0.3823971072416671,-6513460.007319099,568.530029296875,0.01472477969695496,2026-09-11
SMH260925P00562500,2026-09-11 19:24:05+00:00,562.5,10.15,9.45,10.85,-5.1500006,-33.660133,28.0,72,0.2985909985351562,False,REGULAR,USD,SMH,put,2026-09-25,0.038356164383561646,10.149999999999999,0.011664905299288368,-0.4060116565549078,-271469.18006762356,568.530029296875,0.01472477969695496,2026-09-11
SMH260925P00565000,2026-09-11 16:21:56+00:00,565.0,10.8,10.45,12.25,-4.5999994,-29.870127,74.0,60,0.3042672113037109,False,REGULAR,USD,SMH,put,2026-09-25,0.038356164383561646,11.35,0.011625739395523417,-0.4364158029159616,-225464.74949201898,568.530029296875,0.01472477969695496,2026-09-11
SMH260925P00567500,2026-09-11 16:36:50+00:00,567.5,12.35,11.3,13.1,-5.51,-30.851063,39.0,29,0.29633272033691405,False,REGULAR,USD,SMH,put,2026-09-25,0.038356164383561646,12.2,0.012045565458420539,-0.465454991547808,-112909.89599183347,568.530029296875,0.01472477969695496,2026-09-11
SMH260925P00570000,2026-09-11 19:02:54+00:00,570.0,13.0,12.8,14.35,-6.1000004,-31.937176,47.0,66,0.2955392712402344,True,REGULAR,USD,SMH,put,2026-09-25,0.038356164383561646,13.575,0.012122672814103952,-0.49567779554808433,-258612.276246612,568.530029296875,0.01472477969695496,2026-09-11
SMH260925P00572500,2026-09-11 16:34:58+00:00,572.5,14.6,13.35,15.55,-5.879999,-28.710936,7.0,30,0.29206030212402334,True,REGULAR,USD,SMH,put,2026-09-25,0.038356164383561646,14.45,0.01224091707343776,-0.5264038629537025,-118697.62462497404,568.530029296875,0.01472477969695496,2026-09-11
SMH260925P00575000,2026-09-11 19:51:55+00:00,575.0,16.05,15.4,17.35,-5.91,-26.912569,12.0,59,0.30014737945556635,True,REGULAR,USD,SMH,put,2026-09-25,0.038356164383561646,16.375,0.011825736899024917,-0.5544890292834169,-225521.0275097389,568.530029296875,0.01472477969695496,2026-09-11
SMH260925P00577500,2026-09-11 19:25:08+00:00,577.5,17.24,16.1,18.55,-6.2700005,-26.669504,3.0,42,0.2934640966796874,True,REGULAR,USD,SMH,put,2026-09-25,0.038356164383561646,17.325000000000003,0.011925168777726187,-0.5858723178164869,-161890.2307846993,568.530029296875,0.01472477969695496,2026-09-11
SMH260925P00580000,2026-09-11 18:54:46+00:00,580.0,18.2,17.85,20.6,-5.59,-23.497267,7.0,83,0.3043282458496094,True,REGULAR,USD,SMH,put,2026-09-25,0.038356164383561646,19.225,0.011322006838932199,-0.6101003980823838,-303744.4300009948,568.530029296875,0.01472477969695496,2026-09-11
SMH260925P00582500,2026-09-08 15:42:52+00:00,582.5,19.71,19.5,21.65,0.0,0.0,2.0,28,0.2908396112060546,True,REGULAR,USD,SMH,put,2026-09-25,0.038356164383561646,20.575,0.011501003248535136,-0.6445920451791572,-104087.97867574469,568.530029296875,0.01472477969695496,2026-09-11
SMH260925P00585000,2026-09-10 13:49:55+00:00,585.0,30.24,21.25,23.35,0.0,0.0,2.0,96,0.2906565075683593,True,REGULAR,USD,SMH,put,2026-09-25,0.038356164383561646,22.3,0.011158703826545255,-0.6722968304042085,-346251.6097859788,568.530029296875,0.01472477969695496,2026-09-11
SMH260925P00587500,2026-09-08 18:32:55+00:00,587.5,23.94,23.35,25.95,0.0,0.0,4.0,15,0.3111335977172851,True,REGULAR,USD,SMH,put,2026-09-25,0.038356164383561646,24.65,0.01024788965216926,-0.6854515523760081,-49685.82630834402,568.530029296875,0.01472477969695496,2026-09-11
SMH260925P00590000,2026-09-08 16:45:52+00:00,590.0,29.0,24.8,28.1,2.8999996,11.11111,1.0,48,0.3199225723266601,True,REGULAR,USD,SMH,put,2026-09-25,0.038356164383561646,26.450000000000003,0.009701847720090752,-0.7039527208687039,-150522.87627656697,568.530029296875,0.01472477969695496,2026-09-11
SMH260925P00592500,2026-08-27 13:35:34+00:00,592.5,36.79,26.7,29.35,0.0,0.0,2.0,6,0.3042672113037109,True,REGULAR,USD,SMH,put,2026-09-25,0.038356164383561646,28.025,0.009610392926185308,-0.7380919009105951,-18637.995914965948,568.530029296875,0.01472477969695496,2026-09-11
SMH260925P00595000,2026-09-11 15:06:50+00:00,595.0,28.5,28.65,31.7,-1.3500004,-4.522614,10.0,46,0.3161079132080078,True,REGULAR,USD,SMH,put,2026-09-25,0.038356164383561646,30.174999999999997,0.008998954595539965,-0.7515361687034283,-133800.18369744543,568.530029296875,0.01472477969695496,2026-09-11
SMH260925P00597500,2026-09-09 13:46:43+00:00,597.5,32.16,30.65,32.9,0.0,0.0,2.0,6,0.2940134075927734,True,REGULAR,USD,SMH,put,2026-09-25,0.038356164383561646,31.775,0.008794553009026693,-0.790364902719058,-17055.789946900077,568.530029296875,0.01472477969695496,2026-09-11
SMH260925P00600000,2026-09-10 15:43:22+00:00,600.0,38.61,32.7,35.4,0.0,0.0,1.0,27,0.30847859497070307,True,REGULAR,USD,SMH,put,2026-09-25,0.038356164383561646,34.05,0.00818828390986884,-0.7984673265075339,-71460.07604028568,568.530029296875,0.01472477969695496,2026-09-11
SMH260925P00602500,2026-09-08 14:15:48+00:00,602.5,35.43,34.8,37.1,0.0,0.0,4.0,3,0.2966378930664062,True,REGULAR,USD,SMH,put,2026-09-25,0.038356164383561646,35.95,0.007739642300258619,-0.8272803820275827,-7504.970019616883,568.530029296875,0.01472477969695496,2026-09-11
SMH260925P00605000,2026-09-04 14:19:12+00:00,605.0,41.47,37.0,40.35,0.0,0.0,1.0,3,0.33484551879882807,True,REGULAR,USD,SMH,put,2026-09-25,0.038356164383561646,38.675,0.0071887860017130585,-0.8137777839355067,-6970.816134292826,568.530029296875,0.01472477969695496,2026-09-11
SMH260925P00607500,2026-09-11 19:52:00+00:00,607.5,40.3,39.2,42.55,-9.690002,-19.38388,2.0,1,0.3385686260986328,True,REGULAR,USD,SMH,put,2026-09-25,0.038356164383561646,40.875,0.006780541815461565,-0.8273030941683057,-2191.6500818174018,568.530029296875,0.01472477969695496,2026-09-11
SMH260925P00610000,2026-08-17 17:48:07+00:00,610.0,34.9,41.6,43.75,0.0,0.0,0.0,1,0.3037789349365234,True,REGULAR,USD,SMH,put,2026-09-25,0.038356164383561646,42.675,0.006243942131135631,-0.8703089454422033,-2018.2069007172686,568.530029296875,0.01472477969695496,2026-09-11
SMH260925P00615000,2026-09-04 17:22:16+00:00,615.0,51.85,45.35,49.55,0.0,0.0,1.0,48,0.35938140625,True,REGULAR,USD,SMH,put,2026-09-25,0.038356164383561646,47.45,0.005688837625624569,-0.8552661511404818,-88261.55870351632,568.530029296875,0.01472477969695496,2026-09-11
SMH260925P00620000,2026-09-08 13:52:51+00:00,620.0,48.55,50.05,54.25,0.0,0.0,2.0,17,0.3719545227050781,True,REGULAR,USD,SMH,put,2026-09-25,0.038356164383561646,52.15,0.0050744017189499,-0.8712283943866787,-27883.06969681532,568.530029296875,0.01472477969695496,2026-09-11
SMH260925P00625000,2026-08-17 17:49:27+00:00,625.0,43.67,54.85,59.05,0.0,0.0,3.0,2,0.3869079864501953,True,REGULAR,USD,SMH,put,2026-09-25,0.038356164383561646,56.95,0.004553114148206122,-0.8832883518477624,-2943.3733371233952,568.530029296875,0.01472477969695496,2026-09-11
SMH260925P00630000,2026-09-02 19:42:50+00:00,630.0,80.55,59.9,64.0,0.0,0.0,8.0,5,0.407232490234375,True,REGULAR,USD,SMH,put,2026-09-25,0.038356164383561646,61.95,0.0041387201920086766,-0.8903032670582567,-6688.718021583128,568.530029296875,0.01472477969695496,2026-09-11
SMH260925P00635000,2026-08-31 18:20:37+00:00,635.0,79.26,64.6,68.95,0.0,0.0,5.0,0,0.4270076831054688,True,REGULAR,USD,SMH,put,2026-09-25,0.038356164383561646,66.775,0.0037840731375074293,-0.8965274483849398,-0.0,568.530029296875,0.01472477969695496,2026-09-11
SMH260925P00640000,2026-08-20 13:51:03+00:00,640.0,82.3,69.55,73.75,0.0,0.0,1.0,1,0.4387263159179688,True,REGULAR,USD,SMH,put,2026-09-25,0.038356164383561646,71.65,0.003429446600328624,-0.9061339534454406,-1108.487658767871,568.530029296875,0.01472477969695496,2026-09-11
SMH260925P00645000,2026-08-18 19:55:01+00:00,645.0,79.8,74.65,78.85,0.0,0.0,0.0,0,0.4646049633789063,True,REGULAR,USD,SMH,put,2026-09-25,0.038356164383561646,76.75,0.003207671001360697,-0.9073383873525955,-0.0,568.530029296875,0.01472477969695496,2026-09-11
SMH260925P00675000,2026-08-14 14:21:36+00:00,675.0,92.0,104.5,108.85,0.0,0.0,0.0,0,0.5827678442382812,True,REGULAR,USD,SMH,put,2026-09-25,0.038356164383561646,106.675,0.002200487911623973,-0.924143373694197,-0.0,568.530029296875,0.01472477969695496,2026-09-11
SMH260925P00785000,2026-08-07 15:56:40+00:00,785.0,204.27,214.5,218.85,0.0,0.0,2.0,0,0.65039412109375,True,REGULAR,USD,SMH,put,2026-09-25,0.038356164383561646,216.675,0.00026918453373995805,-0.9929971907672756,-0.0,568.530029296875,0.01472477969695496,2026-09-11
SMH261002C00320000,2026-09-01 19:32:30+00:00,320.0,226.03,247.0,251.0,0.0,0.0,10.0,10,1.0434618139648442,True,REGULAR,USD,SMH,call,2026-10-02,0.057534246575342465,249.0,0.00014615778521954458,0.99246364665412,472.42053902570007,568.530029296875,0.01472477969695496,2026-09-11
SMH261002C00400000,2026-09-02 19:04:04+00:00,400.0,151.78,167.15,171.5,0.0,0.0,0.0,5,0.7287624780273438,True,REGULAR,USD,SMH,call,2026-10-02,0.057534246575342465,169.325,0.00043161085734306045,0.9826530463461529,697.5401056093962,568.530029296875,0.01472477969695496,2026-09-11
SMH261002C00405000,2026-08-25 15:24:25+00:00,405.0,151.37,162.2,166.5,0.0,0.0,0.0,1,0.709963837890625,True,REGULAR,USD,SMH,call,2026-10-02,0.057534246575342465,164.35,0.00046360583788322246,0.9817053185470407,149.84964331476868,568.530029296875,0.01472477969695496,2026-09-11
SMH261002C00420000,2026-09-10 15:36:51+00:00,420.0,145.34,147.3,151.45,0.0,0.0,7.0,10,0.6469761865234375,True,REGULAR,USD,SMH,call,2026-10-02,0.057534246575342465,149.375,0.000560281004606348,0.9795049651365156,1810.9760886455801,568.530029296875,0.01472477969695496,2026-09-11
SMH261002C00430000,2026-08-31 18:27:26+00:00,430.0,127.99,137.85,141.5,0.0,0.0,0.0,1,0.6370885900878906,True,REGULAR,USD,SMH,call,2026-10-02,0.057534246575342465,139.675,0.0007283758751717658,0.9725063221795263,235.43030776300222,568.530029296875,0.01472477969695496,2026-09-11
SMH261002C00440000,2026-09-11 15:22:30+00:00,440.0,132.1,127.5,131.8,-3.3099976,-2.444426,8.0,9,0.5903361279296876,True,REGULAR,USD,SMH,call,2026-10-02,0.057534246575342465,129.65,0.0008198171704821185,0.9710819498855303,2384.878931354431,568.530029296875,0.01472477969695496,2026-09-11
SMH261002C00450000,2026-09-08 15:34:29+00:00,450.0,129.5,118.05,121.7,0.0,0.0,2.0,2,0.5662885168457032,True,REGULAR,USD,SMH,call,2026-10-02,0.057534246575342465,119.875,0.0010110640881043893,0.9645529506695003,653.6051990310691,568.530029296875,0.01472477969695496,2026-09-11
SMH261002C00455000,2026-09-01 19:32:30+00:00,455.0,93.19,112.65,116.95,0.0,0.0,0.0,10,0.5379684875488282,True,REGULAR,USD,SMH,call,2026-10-02,0.057534246575342465,114.80000000000001,0.001059535111054415,0.9647459148144818,3424.697134874533,568.530029296875,0.01472477969695496,2026-09-11
SMH261002C00465000,2026-09-09 14:22:59+00:00,465.0,111.18,103.0,107.15,0.0,0.0,1.0,1,0.5147753601074219,True,REGULAR,USD,SMH,call,2026-10-02,0.057534246575342465,105.075,0.0013207776250801506,0.9562156041462297,426.9101893109494,568.530029296875,0.01472477969695496,2026-09-11
SMH261002C00470000,2026-08-28 15:18:24+00:00,470.0,99.0,98.4,102.05,0.0,0.0,0.0,1,0.5025684509277344,True,REGULAR,USD,SMH,call,2026-10-02,0.057534246575342465,100.225,0.0014721226189338093,0.9513586828682323,475.82888595635114,568.530029296875,0.01472477969695496,2026-09-11
SMH261002C00475000,2026-09-04 15:05:17+00:00,475.0,92.95,93.15,97.35,0.0,0.0,1.0,1,0.5875895733642578,True,REGULAR,USD,SMH,call,2026-10-02,0.057534246575342465,95.25,0.0019690394240345034,0.9134136645977053,636.4455130925475,568.530029296875,0.01472477969695496,2026-09-11
SMH261002C00480000,2026-09-08 14:23:33+00:00,480.0,97.53,88.15,92.5,0.0,0.0,1.0,2,0.5680585186767577,True,REGULAR,USD,SMH,call,2026-10-02,0.057534246575342465,90.325,0.0021342685103626375,0.9077945574105641,1379.7038297707682,568.530029296875,0.01472477969695496,2026-09-11
SMH261002C00495000,2026-08-31 16:09:36+00:00,495.0,64.62,73.75,78.1,0.0,0.0,0.0,2,0.5124560473632812,True,REGULAR,USD,SMH,call,2026-10-02,0.057534246575342465,75.925,0.0027557121589283644,0.8862663771727124,1781.4378092348466,568.530029296875,0.01472477969695496,2026-09-11
SMH261002C00500000,2026-09-09 18:02:47+00:00,500.0,78.75,69.5,73.15,0.0,0.0,1.0,4,0.4877370562744141,True,REGULAR,USD,SMH,call,2026-10-02,0.057534246575342465,71.325,0.003003673544245666,0.8802203748967183,3883.46627638969,568.530029296875,0.01472477969695496,2026-09-11
SMH261002C00505000,2026-08-26 16:31:06+00:00,505.0,59.23,64.85,68.65,0.0,0.0,0.0,1,0.47736118347167966,True,REGULAR,USD,SMH,call,2026-10-02,0.057534246575342465,66.75,0.003301570920319701,0.8669814785598109,1067.1548638111399,568.530029296875,0.01472477969695496,2026-09-11
SMH261002C00510000,2026-08-31 18:26:52+00:00,510.0,53.58,59.9,64.35,0.0,0.0,0.0,1,0.4713187634277344,True,REGULAR,USD,SMH,call,2026-10-02,0.057534246575342465,62.125,0.0036221426313758557,0.8503387236025612,1170.7721020622903,568.530029296875,0.01472477969695496,2026-09-11
SMH261002C00515000,2026-08-19 16:21:24+00:00,515.0,63.9,55.2,59.55,0.0,0.0,0.0,2,0.4490411541748046,True,REGULAR,USD,SMH,call,2026-10-02,0.057534246575342465,57.375,0.003977867238010582,0.8397236428972145,2571.503367994847,568.530029296875,0.01472477969695496,2026-09-11
SMH261002C00520000,2026-09-08 13:34:45+00:00,520.0,62.9,51.8,54.6,0.0,0.0,10.0,11,0.4220638848876953,True,REGULAR,USD,SMH,call,2026-10-02,0.057534246575342465,53.2,0.004394372777587964,0.8301347041071108,15624.149944969186,568.530029296875,0.01472477969695496,2026-09-11
SMH261002C00525000,2026-08-24 15:47:10+00:00,525.0,41.54,47.4,50.15,0.0,0.0,2.0,1,0.40772076660156253,True,REGULAR,USD,SMH,call,2026-10-02,0.057534246575342465,48.775,0.0048418589728401115,0.8124422093527174,1565.0166170756067,568.530029296875,0.01472477969695496,2026-09-11
SMH261002C00530000,2026-09-04 17:31:02+00:00,530.0,43.32,42.5,46.25,0.0,0.0,3.0,5,0.4050352465820312,True,REGULAR,USD,SMH,call,2026-10-02,0.057534246575342465,44.375,0.0052673944148239815,0.7865772039354664,8512.804517987965,568.530029296875,0.01472477969695496,2026-09-11
SMH261002C00532500,2026-09-01 18:30:08+00:00,532.5,27.66,41.1,44.0,0.0,0.0,0.0,10,0.39551385742187506,True,REGULAR,USD,SMH,call,2026-10-02,0.057534246575342465,42.55,0.005533601309668314,0.7769146466620744,17886.05998332581,568.530029296875,0.01472477969695496,2026-09-11
SMH261002C00535000,2026-09-02 17:32:23+00:00,535.0,28.3,38.8,41.9,0.0,0.0,0.0,6,0.38910523010253906,True,REGULAR,USD,SMH,call,2026-10-02,0.057534246575342465,40.349999999999994,0.005790742998499167,0.7650454745886857,11230.325875290242,568.530029296875,0.01472477969695496,2026-09-11
SMH261002C00537500,2026-09-03 14:57:55+00:00,537.5,23.94,36.8,39.9,0.0,0.0,0.0,1,0.38434453552246095,True,REGULAR,USD,SMH,call,2026-10-02,0.057534246575342465,38.349999999999994,0.006040952174435655,0.7517032192887045,1952.5951889518233,568.530029296875,0.01472477969695496,2026-09-11
SMH261002C00540000,2026-09-04 15:43:55+00:00,540.0,35.37,34.9,38.05,0.0,0.0,2.0,6,0.3821778091430663,True,REGULAR,USD,SMH,call,2026-10-02,0.057534246575342465,36.474999999999994,0.006266672987627188,0.7364934747706517,12153.324680990354,568.530029296875,0.01472477969695496,2026-09-11
SMH261002C00542500,2026-09-11 15:18:19+00:00,542.5,36.41,33.2,35.95,-4.09,-10.098765,14.0,23,0.37399917999267573,True,REGULAR,USD,SMH,call,2026-10-02,0.057534246575342465,34.575,0.006561154156582274,0.723387256122603,48776.97859777288,568.530029296875,0.01472477969695496,2026-09-11
SMH261002C00545000,2026-09-11 15:20:15+00:00,545.0,34.11,31.35,33.85,-6.1800003,-15.338794,4.0,11,0.3653017572021484,True,REGULAR,USD,SMH,call,2026-10-02,0.057534246575342465,32.6,0.006874859382846791,0.7096861046188094,24443.49609937625,568.530029296875,0.01472477969695496,2026-09-11
SMH261002C00547500,2026-09-11 14:36:19+00:00,547.5,31.55,29.55,32.3,13.009998,70.17259,1.0,6,0.3670717590332031,True,REGULAR,USD,SMH,call,2026-10-02,0.057534246575342465,30.924999999999997,0.007039397853720185,0.6908452471100643,13651.915114102909,568.530029296875,0.01472477969695496,2026-09-11
SMH261002C00550000,2026-09-11 14:25:00+00:00,550.0,30.36,27.5,30.1,-7.779999,-20.39853,1.0,54,0.35510898803710933,True,REGULAR,USD,SMH,call,2026-10-02,0.057534246575342465,28.8,0.007415782845337907,0.6767495177985609,129436.74446544235,568.530029296875,0.01472477969695496,2026-09-11
SMH261002C00552500,2026-09-09 13:30:39+00:00,552.5,33.78,26.05,28.65,0.0,0.0,4.0,28,0.35712312805175783,True,REGULAR,USD,SMH,call,2026-10-02,0.057534246575342465,27.35,0.007551046651633814,0.6567393289201572,68339.53228862202,568.530029296875,0.01472477969695496,2026-09-11
SMH261002C00555000,2026-09-10 16:08:30+00:00,555.0,24.71,24.5,26.65,0.0,0.0,1.0,42,0.3477238079833984,True,REGULAR,USD,SMH,call,2026-10-02,0.057534246575342465,25.575,0.007890723101566263,0.6398566237852368,107120.57898557413,568.530029296875,0.01472477969695496,2026-09-11
SMH261002C00557500,2026-09-11 14:55:21+00:00,557.5,24.17,22.95,25.2,1.2700005,5.5458536,7.0,21,0.3479374288940429,True,REGULAR,USD,SMH,call,2026-10-02,0.057534246575342465,24.075,0.008028182376081393,0.6194567767962496,54493.32927149094,568.530029296875,0.01472477969695496,2026-09-11
SMH261002C00560000,2026-09-11 16:27:04+00:00,560.0,24.76,21.45,23.55,3.1499996,14.576583,4.0,26,0.3435124243164062,True,REGULAR,USD,SMH,call,2026-10-02,0.057534246575342465,22.5,0.008248888939932211,0.5997115962755826,69322.72433611346,568.530029296875,0.01472477969695496,2026-09-11
SMH261002C00562500,2026-09-11 14:55:21+00:00,562.5,20.95,20.05,22.0,1.3500004,6.8877563,5.0,62,0.34006397247314457,True,REGULAR,USD,SMH,call,2026-10-02,0.057534246575342465,21.025,0.008432785071744685,0.5791511185916857,168993.32013825836,568.530029296875,0.01472477969695496,2026-09-11
SMH261002C00565000,2026-09-11 17:44:53+00:00,565.0,21.9,18.65,20.55,2.6800003,13.94381,7.0,114,0.3375310388183594,True,REGULAR,USD,SMH,call,2026-10-02,0.057534246575342465,19.6,0.008575537515450867,0.5579749277535865,315989.7679288752,568.530029296875,0.01472477969695496,2026-09-11
SMH261002C00567500,2026-09-11 19:37:54+00:00,567.5,18.7,17.55,19.15,-9.32,-33.261955,2.0,26,0.33493707061767575,True,REGULAR,USD,SMH,call,2026-10-02,0.057534246575342465,18.35,0.008697945961315467,0.5364074126050618,73096.54846336658,568.530029296875,0.01472477969695496,2026-09-11
SMH261002C00570000,2026-09-11 19:37:54+00:00,570.0,17.4,15.4,17.8,0.39999962,2.352939,3.0,119,0.33234310241699216,False,REGULAR,USD,SMH,call,2026-10-02,0.057534246575342465,16.6,0.008796706135722431,0.5144924648631436,338355.9850181842,568.530029296875,0.01472477969695496,2026-09-11
SMH261002C00572500,2026-09-10 19:41:43+00:00,572.5,14.5,14.85,16.55,0.0,0.0,4.0,44,0.33054258331298825,False,REGULAR,USD,SMH,call,2026-10-02,0.057534246575342465,15.7,0.00884884981688512,0.4923814714959162,125848.0000464719,568.530029296875,0.01472477969695496,2026-09-11
SMH261002C00575000,2026-09-11 19:50:30+00:00,575.0,14.92,12.45,15.35,0.52000046,3.6111145,9.0,1007,0.3287115469360351,False,REGULAR,USD,SMH,call,2026-10-02,0.057534246575342465,13.899999999999999,0.008874829293362778,0.4701437703458393,2888659.1252455986,568.530029296875,0.01472477969695496,2026-09-11
SMH261002C00577500,2026-09-10 14:46:24+00:00,577.5,13.14,12.5,14.25,0.0,0.0,5.0,107,0.32770447692871096,False,REGULAR,USD,SMH,call,2026-10-02,0.057534246575342465,13.375,0.00885133590010623,0.4480563069605876,306125.43640399975,568.530029296875,0.01472477969695496,2026-09-11
SMH261002C00580000,2026-09-11 19:43:14+00:00,580.0,12.5,11.0,13.0,0.14999962,1.2145717,8.0,1385,0.322974299621582,False,REGULAR,USD,SMH,call,2026-10-02,0.057534246575342465,12.0,0.008896861999224693,0.42489424214824145,3982845.3639822262,568.530029296875,0.01472477969695496,2026-09-11
SMH261002C00582500,2026-09-10 13:41:40+00:00,582.5,11.25,9.9,12.15,0.0,0.0,32.0,82,0.32459171508789053,False,REGULAR,USD,SMH,call,2026-10-02,0.057534246575342465,11.025,0.008749876878481787,0.4038862739707804,231911.67456512994,568.530029296875,0.01472477969695496,2026-09-11
SMH261002C00585000,2026-09-11 15:31:22+00:00,585.0,11.8,9.0,11.2,1.8400002,18.473898,13.0,83,0.32343205871582026,False,REGULAR,USD,SMH,call,2026-10-02,0.057534246575342465,10.1,0.008647927138977152,0.3822200847154722,232004.77944301293,568.530029296875,0.01472477969695496,2026-09-11
SMH261002C00587500,2026-09-11 15:59:40+00:00,587.5,10.95,8.75,10.35,1.0599995,10.717891,2.0,29,0.32318792053222645,False,REGULAR,USD,SMH,call,2026-10-02,0.057534246575342465,9.55,0.008499239515576192,0.3613135716532798,79668.17772282661,568.530029296875,0.01472477969695496,2026-09-11
SMH261002C00590000,2026-09-11 15:05:00+00:00,590.0,9.45,7.9,9.5,1.1499996,13.855416,6.0,91,0.32199774688720695,False,REGULAR,USD,SMH,call,2026-10-02,0.057534246575342465,8.7,0.008347681111251263,0.34034327346005366,245535.3687717765,568.530029296875,0.01472477969695496,2026-09-11
SMH261002C00592500,2026-09-11 19:02:00+00:00,592.5,8.6,7.1,8.7,-5.0999994,-37.226273,105.0,46,0.32080757324218745,False,REGULAR,USD,SMH,call,2026-10-02,0.057534246575342465,7.8999999999999995,0.008172025819112675,0.31978916864764567,121505.06419039602,568.530029296875,0.01472477969695496,2026-09-11
SMH261002C00595000,2026-09-11 19:06:57+00:00,595.0,8.15,6.4,8.0,1.3499994,19.852932,23.0,539,0.3206549868774413,False,REGULAR,USD,SMH,call,2026-10-02,0.057534246575342465,7.2,0.007955968968889043,0.3003856056072376,1386081.1684683808,568.530029296875,0.01472477969695496,2026-09-11
SMH261002C00597500,2026-09-11 19:59:37+00:00,597.5,6.6,6.0,7.9,-6.7500005,-50.561802,17.0,14,0.33234310241699216,False,REGULAR,USD,SMH,call,2026-10-02,0.057534246575342465,6.95,0.007547181207465651,0.28953928029982706,34152.27435418395,568.530029296875,0.01472477969695496,2026-09-11
SMH261002C00600000,2026-09-11 19:04:16+00:00,600.0,6.7,5.35,6.7,1.0499997,18.584064,25.0,1789,0.3197089514160155,False,REGULAR,USD,SMH,call,2026-10-02,0.057534246575342465,6.025,0.007483461485750741,0.26297822849881936,4327326.715083649,568.530029296875,0.01472477969695496,2026-09-11
SMH261002C00602500,2026-09-11 13:58:18+00:00,602.5,5.75,4.45,6.15,0.25,4.5454545,30.0,23,0.320044641418457,False,REGULAR,USD,SMH,call,2026-10-02,0.057534246575342465,5.300000000000001,0.007216295737897438,0.24584950836583053,53647.436771395005,568.530029296875,0.01472477969695496,2026-09-11
SMH261002C00605000,2026-09-11 19:06:57+00:00,605.0,5.65,4.1,5.6,0.71000004,14.37247,19.0,461,0.31949533050537104,False,REGULAR,USD,SMH,call,2026-10-02,0.057534246575342465,4.85,0.0069481198622882556,0.22875424885954382,1035321.0513651159,568.530029296875,0.01472477969695496,2026-09-11
SMH261002C00607500,2026-09-09 14:14:49+00:00,607.5,9.65,3.95,5.15,0.0,0.0,31.0,26,0.32044136596679684,False,REGULAR,USD,SMH,call,2026-10-02,0.057534246575342465,4.550000000000001,0.0066601356224746016,0.21354340087637624,55971.02217765225,568.530029296875,0.01472477969695496,2026-09-11
SMH261002C00610000,2026-09-11 18:43:39+00:00,610.0,4.64,3.95,4.7,0.19000006,4.2696643,14.0,221,0.3205634350585937,False,REGULAR,USD,SMH,call,2026-10-02,0.057534246575342465,4.325,0.006373801380657864,0.19842367511652875,455299.96513069584,568.530029296875,0.01472477969695496,2026-09-11
SMH261002C00612500,2026-09-11 15:25:16+00:00,612.5,4.2,3.2,4.3,-3.5800004,-46.015427,61.0,98,0.32117378051757806,False,REGULAR,USD,SMH,call,2026-10-02,0.057534246575342465,3.75,0.006082905692177401,0.18443301923335315,192683.25597516898,568.530029296875,0.01472477969695496,2026-09-11
SMH261002C00615000,2026-09-11 16:51:37+00:00,615.0,3.6,2.46,3.4,0.029999971,0.84033537,60.0,1467,0.30634238586425777,False,REGULAR,USD,SMH,call,2026-10-02,0.057534246575342465,2.9299999999999997,0.005785290941891669,0.15836926534453954,2743229.457814783,568.530029296875,0.01472477969695496,2026-09-11
SMH261002C00620000,2026-09-11 19:40:56+00:00,620.0,2.94,2.16,3.15,0.37000012,14.396892,21.0,2579,0.31903757141113276,False,REGULAR,USD,SMH,call,2026-10-02,0.057534246575342465,2.6550000000000002,0.005205250359443664,0.14362589432885492,4339101.231705975,568.530029296875,0.01472477969695496,2026-09-11
SMH261002C00625000,2026-09-11 17:16:51+00:00,625.0,2.4,1.78,2.47,0.17000008,7.6233215,53.0,124,0.3154365332031249,False,REGULAR,USD,SMH,call,2026-10-02,0.057534246575342465,2.125,0.0046047739813633165,0.11833596018730858,184559.67677967966,568.530029296875,0.01472477969695496,2026-09-11
SMH261002C00630000,2026-09-11 17:16:51+00:00,630.0,1.84,1.33,1.95,0.100000024,5.7471275,34.0,960,0.313483427734375,False,REGULAR,USD,SMH,call,2026-10-02,0.057534246575342465,1.6400000000000001,0.004023486961296863,0.09728835010292342,1248477.2953538029,568.530029296875,0.01472477969695496,2026-09-11
SMH261002C00635000,2026-09-10 16:41:50+00:00,635.0,1.62,1.03,1.8,0.0,0.0,13.0,32,0.3244086114501953,False,REGULAR,USD,SMH,call,2026-10-02,0.057534246575342465,1.415,0.0036131824865822514,0.08810955341974319,37372.03029660907,568.530029296875,0.01472477969695496,2026-09-11
SMH261002C00640000,2026-09-11 19:57:38+00:00,640.0,1.17,0.85,1.37,-0.23000002,-16.428574,13.0,1393,0.32019722778320303,False,REGULAR,USD,SMH,call,2026-10-02,0.057534246575342465,1.11,0.003085747419680893,0.07031972837433034,1389371.2515953397,568.530029296875,0.01472477969695496,2026-09-11
SMH261002C00645000,2026-09-11 15:35:32+00:00,645.0,1.0,0.59,1.22,-0.100000024,-9.090911,3.0,169,0.32776551147460936,False,REGULAR,USD,SMH,call,2026-10-02,0.057534246575342465,0.905,0.0027411093765809073,0.06219768748748585,149733.8140888101,568.530029296875,0.01472477969695496,2026-09-11
SMH261002C00650000,2026-09-11 16:44:06+00:00,650.0,0.84,0.62,0.91,-0.02000004,-2.325586,26.0,43,0.3232489550781249,False,REGULAR,USD,SMH,call,2026-10-02,0.057534246575342465,0.765,0.002286625482093792,0.048584326916433926,31781.201508119506,568.530029296875,0.01472477969695496,2026-09-11
SMH261002C00655000,2026-09-11 14:22:18+00:00,655.0,0.82,0.46,0.97,-1.05,-56.14973,22.0,529,0.34204759521484374,False,REGULAR,USD,SMH,call,2026-10-02,0.057534246575342465,0.715,0.002168666475535884,0.04880133275630298,370813.2596772471,568.530029296875,0.01472477969695496,2026-09-11
SMH261002C00660000,2026-09-11 19:16:37+00:00,660.0,0.53,0.39,0.62,-0.22000003,-29.333338,66.0,475,0.3283758569335937,False,REGULAR,USD,SMH,call,2026-10-02,0.057534246575342465,0.505,0.0016835478303915182,0.03396619212540618,258479.36998316526,568.530029296875,0.01472477969695496,2026-09-11
SMH261002C00665000,2026-09-11 14:25:08+00:00,665.0,0.44,0.27,0.56,-0.83,-65.35433,12.0,20,0.335944140625,False,REGULAR,USD,SMH,call,2026-10-02,0.057534246575342465,0.41500000000000004,0.0014981107142539984,0.030314187574780417,9684.57848598283,568.530029296875,0.01472477969695496,2026-09-11
SMH261002C00670000,2026-09-10 19:39:21+00:00,670.0,0.34,0.24,0.78,0.0,0.0,2.0,105,0.36963520996093746,False,REGULAR,USD,SMH,call,2026-10-02,0.057534246575342465,0.51,0.0016176891216565805,0.03737790651011759,54902.38128370046,568.530029296875,0.01472477969695496,2026-09-11
SMH261002C00675000,2026-09-11 16:08:38+00:00,675.0,0.35,0.14,0.73,-0.61,-63.541664,2.0,74,0.3786683227539062,False,REGULAR,USD,SMH,call,2026-10-02,0.057534246575342465,0.435,0.0014767731238436532,0.03444293629677371,35322.571839832366,568.530029296875,0.01472477969695496,2026-09-11
SMH261002C00680000,2026-09-09 15:21:38+00:00,680.0,0.77,0.06,0.67,0.0,0.0,201.0,290,0.3859924682617187,False,REGULAR,USD,SMH,call,2026-10-02,0.057534246575342465,0.365,0.0013373767345729061,0.03125784303829335,125359.88328963413,568.530029296875,0.01472477969695496,2026-09-11
SMH261002C00685000,2026-09-10 14:40:11+00:00,685.0,0.51,0.09,0.73,0.0,0.0,2.0,54,0.40479110839843746,False,REGULAR,USD,SMH,call,2026-10-02,0.057534246575342465,0.41,0.0013123498024562592,0.03236139334688314,22906.049108031082,568.530029296875,0.01472477969695496,2026-09-11
SMH261002C00690000,2026-09-09 15:42:48+00:00,690.0,0.45,0.07,0.5,0.0,0.0,1.0,24,0.39258419921875,False,REGULAR,USD,SMH,call,2026-10-02,0.057534246575342465,0.28500000000000003,0.0010394783496079684,0.023582808763917763,8063.684131333006,568.530029296875,0.01472477969695496,2026-09-11
SMH261002C00695000,2026-09-11 14:30:45+00:00,695.0,0.36,0.01,0.3,-0.099999994,-21.739128,5.0,46,0.3754945263671875,False,REGULAR,USD,SMH,call,2026-10-02,0.057534246575342465,0.155,0.0007567207462456707,0.015405657061481696,11251.237438793129,568.530029296875,0.01472477969695496,2026-09-11
SMH261002C00700000,2026-09-09 15:21:38+00:00,700.0,0.4,0.01,0.65,0.0,0.0,201.0,206,0.4343318286132813,False,REGULAR,USD,SMH,call,2026-10-02,0.057534246575342465,0.33,0.0010609617066351343,0.027264322529755317,70643.75032759973,568.530029296875,0.01472477969695496,2026-09-11
SMH261002C00705000,2026-09-09 16:00:07+00:00,705.0,0.31,0.0,0.63,0.0,0.0,100.0,51,0.44434149414062496,False,REGULAR,USD,SMH,call,2026-10-02,0.057534246575342465,0.315,0.0009956202026959438,0.025965306472117228,16412.34713423907,568.530029296875,0.01472477969695496,2026-09-11
SMH261002C00710000,2026-09-08 17:23:58+00:00,710.0,0.35,0.05,0.64,0.0,0.0,1.0,3,0.4572808178710938,False,REGULAR,USD,SMH,call,2026-10-02,0.057534246575342465,0.34500000000000003,0.0009555197759138381,0.025583247064433833,926.5476353015401,568.530029296875,0.01472477969695496,2026-09-11
SMH261002C00715000,2026-09-08 17:32:14+00:00,715.0,0.31,0.0,0.62,0.0,0.0,2.0,50,0.46680220703125,False,REGULAR,USD,SMH,call,2026-10-02,0.057534246575342465,0.31,0.0008989151812384171,0.02437802380098047,14527.655636719734,568.530029296875,0.01472477969695496,2026-09-11
SMH261002C00720000,2026-09-09 15:21:22+00:00,720.0,0.2,0.01,0.6,0.0,0.0,500.0,512,0.4760794580078125,False,REGULAR,USD,SMH,call,2026-10-02,0.057534246575342465,0.305,0.000846459359588722,0.023232903023784248,140082.17940332543,568.530029296875,0.01472477969695496,2026-09-11
SMH261002C00725000,2026-09-09 16:01:23+00:00,725.0,0.16,0.0,0.59,0.0,0.0,175.0,177,0.48633326171875,False,REGULAR,USD,SMH,call,2026-10-02,0.057534246575342465,0.295,0.000804284587966409,0.022425588656565496,46013.98329013746,568.530029296875,0.01472477969695496,2026-09-11
SMH261002C00730000,2026-09-10 15:15:37+00:00,730.0,0.23,0.02,0.28,0.0,0.0,1.0,10,0.44775942871093743,False,REGULAR,USD,SMH,call,2026-10-02,0.057534246575342465,0.15000000000000002,0.0005168771848137286,0.012145050554125065,1670.6834869794893,568.530029296875,0.01472477969695496,2026-09-11
SMH261002C00735000,2026-09-02 14:11:47+00:00,735.0,0.01,0.01,0.58,0.0,0.0,3.0,9,0.5075732836914062,False,REGULAR,USD,SMH,call,2026-10-02,0.057534246575342465,0.295,0.0007348134543773892,0.02119698396318209,2137.599929493828,568.530029296875,0.01472477969695496,2026-09-11
SMH261002C00740000,2026-09-08 19:35:03+00:00,740.0,0.14,0.01,0.57,0.0,0.0,3.0,13,0.5173388110351562,False,REGULAR,USD,SMH,call,2026-10-02,0.057534246575342465,0.29,0.0007006733569215737,0.02049483825698657,2944.1895948190972,568.530029296875,0.01472477969695496,2026-09-11
SMH261002C00745000,2026-09-09 15:08:04+00:00,745.0,0.15,0.0,0.57,0.0,0.0,100.0,115,0.5283250292968751,False,REGULAR,USD,SMH,call,2026-10-02,0.057534246575342465,0.285,0.0006749076755036059,0.020100915964083664,25087.017053612522,568.530029296875,0.01472477969695496,2026-09-11
SMH261002C00750000,2026-09-03 14:53:24+00:00,750.0,0.15,0.0,0.25,0.0,0.0,1.0,10,0.4819387744140625,False,REGULAR,USD,SMH,call,2026-10-02,0.057534246575342465,0.125,0.00041283055557851325,0.010206573152943628,1334.3773190030563,568.530029296875,0.01472477969695496,2026-09-11
SMH261002C00755000,2026-09-09 16:25:53+00:00,755.0,0.24,0.0,0.2,0.0,0.0,2.0,6,0.47852083984375,False,REGULAR,USD,SMH,call,2026-10-02,0.057534246575342465,0.1,0.00034820320491639684,0.008334235046298145,675.290798269773,568.530029296875,0.01472477969695496,2026-09-11
SMH261002C00760000,2026-09-09 17:37:16+00:00,760.0,0.07,0.0,0.2,0.0,0.0,1.0,19,0.48828636718750007,False,REGULAR,USD,SMH,call,2026-10-02,0.057534246575342465,0.1,0.0003362371686909298,0.008195279939967399,2064.9338250863552,568.530029296875,0.01472477969695496,2026-09-11
SMH261002C00765000,2026-09-09 17:37:01+00:00,765.0,0.23,0.0,0.22,0.0,0.0,1.0,38,0.5034229345703125,False,REGULAR,USD,SMH,call,2026-10-02,0.057534246575342465,0.11,0.0003432666237992756,0.00868774003792663,4216.20765643473,568.530029296875,0.01472477969695496,2026-09-11
SMH261002C00770000,2026-09-10 18:41:13+00:00,770.0,0.05,0.0,0.23,0.0,0.0,17.0,25,0.51562984375,False,REGULAR,USD,SMH,call,2026-10-02,0.057534246575342465,0.115,0.0003403807052836846,0.008842868873953804,2750.500700707171,568.530029296875,0.01472477969695496,2026-09-11
SMH261002C00775000,2026-09-03 14:31:18+00:00,775.0,0.03,0.0,0.54,0.0,0.0,3.0,13,0.5356491748046875,False,REGULAR,USD,SMH,call,2026-10-02,0.057534246575342465,0.27,0.00036250267025327753,0.009925793338231929,1523.2156029778907,568.530029296875,0.01472477969695496,2026-09-11
SMH261002C00780000,2026-09-10 17:05:11+00:00,780.0,0.16,0.0,0.21,0.0,0.0,1.0,12,0.5283250292968751,False,REGULAR,USD,SMH,call,2026-10-02,0.057534246575342465,0.105,0.00030057054008912604,0.007890410953573861,1165.8279825534414,568.530029296875,0.01472477969695496,2026-09-11
SMH261002C00785000,2026-09-03 14:31:57+00:00,785.0,0.15,0.0,0.57,0.0,0.0,1.0,16,0.5581098876953126,False,REGULAR,USD,SMH,call,2026-10-02,0.057534246575342465,0.285,0.0003505507652610001,0.010012013960114073,1812.9161574988384,568.530029296875,0.01472477969695496,2026-09-11
SMH261002C00790000,2026-09-02 15:06:33+00:00,790.0,0.11,0.0,0.55,0.0,0.0,6.0,7,0.5649457568359376,False,REGULAR,USD,SMH,call,2026-10-02,0.057534246575342465,0.275,0.00033277166994405595,0.009565240519684048,752.9241088041725,568.530029296875,0.01472477969695496,2026-09-11
SMH261002C00795000,2026-09-11 13:57:18+00:00,795.0,0.05,0.0,0.17,0.04,399.99994,793.0,830,0.5039112109375,False,REGULAR,USD,SMH,call,2026-10-02,0.057534246575342465,0.085,0.00015391893378091944,0.00352483660712569,41293.04943261765,568.530029296875,0.01472477969695496,2026-09-11
SMH261002C00800000,2026-09-11 19:00:38+00:00,800.0,0.18,0.0,0.19,0.050000012,38.461548,1.0,12,0.51758294921875,False,REGULAR,USD,SMH,call,2026-10-02,0.057534246575342465,0.095,0.00015977927717143292,0.003786021705815161,619.7385555596497,568.530029296875,0.01472477969695496,2026-09-11
SMH261002C00805000,2026-09-08 18:30:00+00:00,805.0,0.19,0.0,0.76,0.0,0.0,1.0,55,0.6171913281250001,False,REGULAR,USD,SMH,call,2026-10-02,0.057534246575342465,0.38,0.00036895154375528723,0.01192001792544193,6559.018241989684,568.530029296875,0.01472477969695496,2026-09-11
SMH261002C00810000,2026-08-31 13:30:02+00:00,810.0,0.05,0.0,0.21,0.0,0.0,1.0,12,0.5400436621093752,False,REGULAR,USD,SMH,call,2026-10-02,0.057534246575342465,0.105,0.00016169441993372705,0.004023004854022031,627.1668518331472,568.530029296875,0.01472477969695496,2026-09-11
SMH261002C00815000,2026-08-31 13:30:02+00:00,815.0,0.05,0.0,2.12,0.0,0.0,1.0,15,0.7358424853515625,False,REGULAR,USD,SMH,call,2026-10-02,0.057534246575342465,1.06,0.0006065961903626063,0.02624373924170098,2941.0184903073973,568.530029296875,0.01472477969695496,2026-09-11
SMH261002P00310000,2026-09-02 15:43:38+00:00,310.0,0.06,0.0,0.14,0.0,0.0,8.0,20,0.8828136718749999,False,REGULAR,USD,SMH,put,2026-10-02,0.057534246575342465,0.07,3.898508684025995e-05,-0.0014373518030909027,-252.02018094861663,568.530029296875,0.01472477969695496,2026-09-11
SMH261002P00315000,2026-09-04 13:38:34+00:00,315.0,0.21,0.0,0.57,0.0,0.0,1.0,24,1.0039112304687499,False,REGULAR,USD,SMH,put,2026-10-02,0.057534246575342465,0.285,0.00010392307720118283,-0.00490988790109359,-806.1763564604491,568.530029296875,0.01472477969695496,2026-09-11
SMH261002P00320000,2026-09-04 13:38:49+00:00,320.0,0.08,0.0,1.79,0.0,0.0,1.0,5,1.1450238061523437,False,REGULAR,USD,SMH,put,2026-10-02,0.057534246575342465,0.895,0.00020866987941076015,-0.01260026871916231,-337.2380635132831,568.530029296875,0.01472477969695496,2026-09-11
SMH261002P00325000,2026-09-08 17:00:59+00:00,325.0,0.06,0.0,2.07,0.0,0.0,2.0,17,1.142826551513672,False,REGULAR,USD,SMH,put,2026-10-02,0.057534246575342465,1.035,0.0002349628465317896,-0.014424960296639977,-1291.0852921916046,568.530029296875,0.01472477969695496,2026-09-11
SMH261002P00330000,2026-09-10 15:47:33+00:00,330.0,0.2,0.0,0.22,0.0,0.0,1.0,6,0.8359391406249999,False,REGULAR,USD,SMH,put,2026-10-02,0.057534246575342465,0.11,6.479258466131949e-05,-0.0023669024193212485,-125.65604107064298,568.530029296875,0.01472477969695496,2026-09-11
SMH261002P00335000,2026-09-09 17:51:01+00:00,335.0,0.06,0.0,0.34,0.0,0.0,4.0,27,0.8535170898437501,False,REGULAR,USD,SMH,put,2026-10-02,0.057534246575342465,0.17,9.022106934813447e-05,-0.0034966983749832314,-787.3694350391484,568.530029296875,0.01472477969695496,2026-09-11
SMH261002P00340000,2026-09-09 16:28:25+00:00,340.0,0.12,0.0,0.13,0.0,0.0,2.0,7,0.75195560546875,False,REGULAR,USD,SMH,put,2026-10-02,0.057534246575342465,0.065,4.9664567129449133e-05,-0.0015719793136451665,-112.37029267356787,568.530029296875,0.01472477969695496,2026-09-11
SMH261002P00345000,2026-09-11 19:00:08+00:00,345.0,0.06,0.01,0.12,-0.030000005,-33.333336,3.0,6,0.7324245507812499,False,REGULAR,USD,SMH,put,2026-10-02,0.057534246575342465,0.065,5.237440231353782e-05,-0.001618908106970962,-101.5727352529768,568.530029296875,0.01472477969695496,2026-09-11
SMH261002P00350000,2026-09-11 19:37:10+00:00,350.0,0.08,0.0,0.21,-0.04,-33.333336,1.0,605,0.7480493945312501,False,REGULAR,USD,SMH,put,2026-10-02,0.057534246575342465,0.105,7.625110633817474e-05,-0.0025062552982978437,-14911.053944614318,568.530029296875,0.01472477969695496,2026-09-11
SMH261002P00355000,2026-09-11 18:59:43+00:00,355.0,0.09,0.04,0.17,0.010000005,12.500007,1.0,8,0.72851833984375,False,REGULAR,USD,SMH,put,2026-10-02,0.057534246575342465,0.10500000000000001,8.06746463280571e-05,-0.0025906500975426683,-208.60940029576727,568.530029296875,0.01472477969695496,2026-09-11
SMH261002P00360000,2026-09-09 16:25:44+00:00,360.0,0.11,0.02,0.16,0.0,0.0,2.0,13,0.6972686523437501,False,REGULAR,USD,SMH,put,2026-10-02,0.057534246575342465,0.09,7.660336871474225e-05,-0.00233074736412775,-321.88299850436437,568.530029296875,0.01472477969695496,2026-09-11
SMH261002P00365000,2026-09-10 19:04:46+00:00,365.0,0.07,0.0,0.3,0.0,0.0,6.0,8,0.7158231542968749,False,REGULAR,USD,SMH,put,2026-10-02,0.057534246575342465,0.15,0.00011257750179861427,-0.0036782958887816575,-291.1041598063635,568.530029296875,0.01472477969695496,2026-09-11
SMH261002P00370000,2026-09-10 16:56:51+00:00,370.0,0.2,0.01,0.22,0.0,0.0,1.0,10,0.6757844921875001,False,REGULAR,USD,SMH,put,2026-10-02,0.057534246575342465,0.115,9.997709579957264e-05,-0.003023420382154751,-323.15236179114106,568.530029296875,0.01472477969695496,2026-09-11
SMH261002P00375000,2026-09-08 13:40:42+00:00,375.0,0.15,0.0,0.24,0.0,0.0,3.0,104,0.659183095703125,False,REGULAR,USD,SMH,put,2026-10-02,0.057534246575342465,0.12,0.00010819587879893829,-0.0032107765646115505,-3637.0634323724958,568.530029296875,0.01472477969695496,2026-09-11
SMH261002P00380000,2026-09-10 16:57:35+00:00,380.0,0.19,0.01,0.32,0.0,0.0,2.0,603,0.6640658593750002,False,REGULAR,USD,SMH,put,2026-10-02,0.057534246575342465,0.165,0.0001410941838425309,-0.004352665362793329,-27500.034665512896,568.530029296875,0.01472477969695496,2026-09-11
SMH261002P00385000,2026-09-10 16:56:39+00:00,385.0,0.11,0.0,0.22,0.0,0.0,4.0,11,0.6152382226562501,False,REGULAR,USD,SMH,put,2026-10-02,0.057534246575342465,0.11,0.00011422260995192724,-0.0031584521807891397,-406.1173858750806,568.530029296875,0.01472477969695496,2026-09-11
SMH261002P00390000,2026-09-10 17:04:58+00:00,390.0,0.22,0.05,0.19,0.0,0.0,1.0,184,0.6025430371093752,False,REGULAR,USD,SMH,put,2026-10-02,0.057534246575342465,0.12,0.0001281857947934376,-0.003508442619422958,-7623.67793221913,568.530029296875,0.01472477969695496,2026-09-11
SMH261002P00395000,2026-09-02 19:23:26+00:00,395.0,0.33,0.01,0.36,0.0,0.0,0.0,2,0.614261669921875,False,REGULAR,USD,SMH,put,2026-10-02,0.057534246575342465,0.185,0.00017935296087623985,-0.005219603701173803,-115.94322167065545,568.530029296875,0.01472477969695496,2026-09-11
SMH261002P00400000,2026-09-11 18:55:03+00:00,400.0,0.13,0.03,0.2,-0.120000005,-48.0,96.0,39,0.5625043750000001,False,REGULAR,USD,SMH,put,2026-10-02,0.057534246575342465,0.115,0.00013942969050032992,-0.00356881722871194,-1757.6268881558165,568.530029296875,0.01472477969695496,2026-09-11
SMH261002P00405000,2026-09-10 17:01:34+00:00,405.0,0.17,0.03,0.33,0.0,0.0,4.0,5,0.5742230078125,False,REGULAR,USD,SMH,put,2026-10-02,0.057534246575342465,0.18,0.0001982817210592346,-0.005416502344176788,-320.4494286809329,568.530029296875,0.01472477969695496,2026-09-11
SMH261002P00410000,2026-09-10 17:07:32+00:00,410.0,0.25,0.03,0.2,0.0,0.0,3.0,7,0.5273484765625001,False,REGULAR,USD,SMH,put,2026-10-02,0.057534246575342465,0.115,0.0001588409339335808,-0.0038404787001001806,-359.39107630066457,568.530029296875,0.01472477969695496,2026-09-11
SMH261002P00415000,2026-09-11 19:53:36+00:00,415.0,0.25,0.04,0.2,0.030000001,13.636364,1.0,11,0.5117236328125,False,REGULAR,USD,SMH,put,2026-10-02,0.057534246575342465,0.12000000000000001,0.00017315206629869853,-0.004089143118034544,-615.6404984415224,568.530029296875,0.01472477969695496,2026-09-11
SMH261002P00420000,2026-09-11 19:53:54+00:00,420.0,0.17,0.17,0.2,-0.06999999,-29.166664,1.0,113,0.5205126074218749,False,REGULAR,USD,SMH,put,2026-10-02,0.057534246575342465,0.185,0.00024317937250125776,-0.006103013222073961,-8882.025064404368,568.530029296875,0.01472477969695496,2026-09-11
SMH261002P00425000,2026-09-11 20:01:26+00:00,425.0,0.21,0.06,0.25,-0.24,-53.333336,2.0,17,0.5214891601562499,False,REGULAR,USD,SMH,put,2026-10-02,0.057534246575342465,0.155,0.00030960555085403184,-0.00804072583901616,-1701.235659121276,568.530029296875,0.01472477969695496,2026-09-11
SMH261002P00430000,2026-09-11 14:13:43+00:00,430.0,0.3,0.11,0.75,-0.19999999,-39.999996,20.0,26,0.5427291821289064,False,REGULAR,USD,SMH,put,2026-10-02,0.057534246575342465,0.43,0.0004504897370037756,-0.012939915093455712,-3785.864506355886,568.530029296875,0.01472477969695496,2026-09-11
SMH261002P00435000,2026-09-11 19:22:33+00:00,435.0,0.36,0.23,0.45,-0.19,-34.545452,1.0,7,0.5053760400390624,False,REGULAR,USD,SMH,put,2026-10-02,0.057534246575342465,0.34,0.0004224738408261223,-0.011068018488409104,-955.8828735347572,568.530029296875,0.01472477969695496,2026-09-11
SMH261002P00440000,2026-09-10 19:01:28+00:00,440.0,0.51,0.28,0.39,0.0,0.0,84.0,141,0.4963429272460938,False,REGULAR,USD,SMH,put,2026-10-02,0.057534246575342465,0.335,0.000488790149881041,-0.012824544915317815,-22276.572751828317,568.530029296875,0.01472477969695496,2026-09-11
SMH261002P00445000,2026-09-09 16:20:51+00:00,445.0,0.51,0.26,0.63,0.0,0.0,1.0,31,0.5141650146484374,False,REGULAR,USD,SMH,put,2026-10-02,0.057534246575342465,0.445,0.0006723371797323909,-0.01938048660135172,-6736.830791292916,568.530029296875,0.01472477969695496,2026-09-11
SMH261002P00450000,2026-09-10 14:28:12+00:00,450.0,0.67,0.23,0.88,0.0,0.0,4.0,152,0.5231981274414061,False,REGULAR,USD,SMH,put,2026-10-02,0.057534246575342465,0.555,0.000844837788690654,-0.025938801906973286,-41507.22856418223,568.530029296875,0.01472477969695496,2026-09-11
SMH261002P00455000,2026-09-11 18:07:07+00:00,455.0,0.45,0.27,0.91,-0.22000003,-32.835827,3.0,34,0.5053760400390624,False,REGULAR,USD,SMH,put,2026-10-02,0.057534246575342465,0.5900000000000001,0.0009213341928445027,-0.02760602912720478,-10125.183986599543,568.530029296875,0.01472477969695496,2026-09-11
SMH261002P00460000,2026-09-10 19:02:00+00:00,460.0,1.13,0.26,1.07,0.0,0.0,40.0,115,0.4993946545410156,False,REGULAR,USD,SMH,put,2026-10-02,0.057534246575342465,0.665,0.0010631199312322575,-0.03233842650101848,-39517.268528555236,568.530029296875,0.01472477969695496,2026-09-11
SMH261002P00465000,2026-09-11 19:25:57+00:00,465.0,0.59,0.55,0.86,-0.37,-38.541668,4.0,83,0.45898978515625005,False,REGULAR,USD,SMH,put,2026-10-02,0.057534246575342465,0.7050000000000001,0.0010447181612826242,-0.028598356527333002,-28027.48019187788,568.530029296875,0.01472477969695496,2026-09-11
SMH261002P00470000,2026-09-11 19:24:39+00:00,470.0,0.68,0.6,0.96,-0.51000005,-42.857143,14.0,147,0.4476373596191406,False,REGULAR,USD,SMH,put,2026-10-02,0.057534246575342465,0.78,0.0011856403956529778,-0.03232517951105229,-56334.849678146405,568.530029296875,0.01472477969695496,2026-09-11
SMH261002P00475000,2026-09-11 14:13:43+00:00,475.0,0.84,0.68,1.05,-0.41000003,-32.800003,25.0,92,0.43445389770507814,False,REGULAR,USD,SMH,put,2026-10-02,0.057534246575342465,0.865,0.001335029400815563,-0.036011024269987146,-39699.54002415869,568.530029296875,0.01472477969695496,2026-09-11
SMH261002P00480000,2026-09-11 17:49:08+00:00,480.0,0.9,0.82,1.05,-0.93000007,-50.819675,8.0,139,0.41358008300781246,False,REGULAR,USD,SMH,put,2026-10-02,0.057534246575342465,0.935,0.0014532156233913159,-0.037612743711152974,-65290.75278868503,568.530029296875,0.01472477969695496,2026-09-11
SMH261002P00485000,2026-09-11 18:38:16+00:00,485.0,1.04,0.93,1.22,-0.63,-37.724552,10.0,121,0.40515731567382807,False,REGULAR,USD,SMH,put,2026-10-02,0.057534246575342465,1.075,0.0016808929125546757,-0.04387400684495346,-65740.38357703024,568.530029296875,0.01472477969695496,2026-09-11
SMH261002P00490000,2026-09-11 19:50:24+00:00,490.0,1.29,1.09,1.56,-0.80999994,-38.571426,221.0,2658,0.4054014538574219,False,REGULAR,USD,SMH,put,2026-10-02,0.057534246575342465,1.3250000000000002,0.00200331125607422,-0.05469360694573755,-1721116.3301226422,568.530029296875,0.01472477969695496,2026-09-11
SMH261002P00495000,2026-09-11 18:46:37+00:00,495.0,1.4,1.33,1.79,-0.9599999,-40.677963,9.0,105,0.39600213378906257,False,REGULAR,USD,SMH,put,2026-10-02,0.057534246575342465,1.56,0.0022925352873214553,-0.06303446324429918,-77805.83102516552,568.530029296875,0.01472477969695496,2026-09-11
SMH261002P00500000,2026-09-11 19:50:58+00:00,500.0,1.74,1.62,1.88,-1.25,-41.80602,30.0,907,0.3781800463867187,False,REGULAR,USD,SMH,put,2026-10-02,0.057534246575342465,1.75,0.0025617206402966677,-0.06854548950594097,-751010.2630668938,568.530029296875,0.01472477969695496,2026-09-11
SMH261002P00505000,2026-09-11 19:40:56+00:00,505.0,1.99,1.95,2.22,-1.31,-39.69697,9.0,1336,0.3712221081542969,False,REGULAR,USD,SMH,put,2026-10-02,0.057534246575342465,2.085,0.0029529403036530357,-0.080585385480059,-1275169.5775564124,568.530029296875,0.01472477969695496,2026-09-11
SMH261002P00510000,2026-09-11 19:50:02+00:00,510.0,2.46,2.2,2.61,-1.31,-34.748013,28.0,961,0.36389796264648444,False,REGULAR,USD,SMH,put,2026-10-02,0.057534246575342465,2.4050000000000002,0.0033875870401960766,-0.0943058953023782,-1052254.1998636809,568.530029296875,0.01472477969695496,2026-09-11
SMH261002P00515000,2026-09-11 19:47:20+00:00,515.0,2.95,2.6,3.3,-1.4999998,-33.70786,42.0,157,0.3649355499267578,False,REGULAR,USD,SMH,put,2026-10-02,0.057534246575342465,2.95,0.0039031417055319993,-0.11511777702599213,-198070.95187386792,568.530029296875,0.01472477969695496,2026-09-11
SMH261002P00517500,2026-09-11 19:47:19+00:00,517.5,3.2,2.73,3.5,-1.8,-36.0,3.0,4,0.35907623352050777,False,REGULAR,USD,SMH,put,2026-10-02,0.057534246575342465,3.115,0.004149184221978334,-0.1226812181711261,-5364.50341997059,568.530029296875,0.01472477969695496,2026-09-11
SMH261002P00520000,2026-09-11 19:47:19+00:00,520.0,3.45,2.94,3.65,-1.8999999,-35.514015,29.0,109,0.3511417425537109,False,REGULAR,USD,SMH,put,2026-10-02,0.057534246575342465,3.295,0.004405824607347566,-0.129492373118005,-155224.5893487633,568.530029296875,0.01472477969695496,2026-09-11
SMH261002P00522500,2026-09-11 19:47:19+00:00,522.5,3.8,3.2,3.95,-1.7700002,-31.77738,2.0,3,0.34754070434570306,False,REGULAR,USD,SMH,put,2026-10-02,0.057534246575342465,3.575,0.004687347214867628,-0.1396068082551627,-4545.223016048269,568.530029296875,0.01472477969695496,2026-09-11
SMH261002P00525000,2026-09-11 19:20:02+00:00,525.0,3.9,3.75,4.45,-2.65,-40.458015,21.0,382,0.34906656799316405,False,REGULAR,USD,SMH,put,2026-10-02,0.057534246575342465,4.1,0.004977933051293616,-0.153695115428232,-614637.7520055601,568.530029296875,0.01472477969695496,2026-09-11
SMH261002P00527500,2026-09-10 18:03:59+00:00,527.5,6.26,4.0,4.7,0.0,0.0,36.0,45,0.342505354309082,False,REGULAR,USD,SMH,put,2026-10-02,0.057534246575342465,4.35,0.005279768176332423,-0.16333272850833092,-76795.21934607642,568.530029296875,0.01472477969695496,2026-09-11
SMH261002P00530000,2026-09-11 19:42:01+00:00,530.0,4.8,4.4,5.0,-2.0499997,-29.927004,229.0,1461,0.3367986242675781,False,REGULAR,USD,SMH,put,2026-10-02,0.057534246575342465,4.7,0.005596863882720222,-0.17423409396125455,-2643028.086426472,568.530029296875,0.01472477969695496,2026-09-11
SMH261002P00532500,2026-09-11 19:41:15+00:00,532.5,5.25,4.35,6.1,-2.15,-29.054056,4.0,34,0.35071450073242183,False,REGULAR,USD,SMH,put,2026-10-02,0.057534246575342465,5.225,0.005823722612410775,-0.1983040057545662,-64000.94927067491,568.530029296875,0.01472477969695496,2026-09-11
SMH261002P00535000,2026-09-11 19:31:55+00:00,535.0,5.56,4.75,6.0,-2.31,-29.35197,15.0,379,0.333563793334961,False,REGULAR,USD,SMH,put,2026-10-02,0.057534246575342465,5.375,0.006222357480752106,-0.20368814893228326,-762256.2351893145,568.530029296875,0.01472477969695496,2026-09-11
SMH261002P00537500,2026-09-11 19:41:51+00:00,537.5,6.09,5.45,7.0,-2.4799995,-28.938152,8.0,155,0.342230698852539,False,REGULAR,USD,SMH,put,2026-10-02,0.057534246575342465,6.225,0.006438967486998043,-0.22578578706830332,-322592.85770726047,568.530029296875,0.01472477969695496,2026-09-11
SMH261002P00540000,2026-09-11 19:37:10+00:00,540.0,7.02,5.55,7.2,-2.98,-29.8,22.0,287,0.33136654968261714,False,REGULAR,USD,SMH,put,2026-10-02,0.057534246575342465,6.375,0.006830046753748532,-0.23685746957154663,-633595.9473559775,568.530029296875,0.01472477969695496,2026-09-11
SMH261002P00542500,2026-09-09 17:15:50+00:00,542.5,8.65,6.3,8.25,0.21999931,2.609719,2.0,51,0.3385686260986328,False,REGULAR,USD,SMH,put,2026-10-02,0.057534246575342465,7.275,0.007013204411690691,-0.2591267335946337,-115609.49146709542,568.530029296875,0.01472477969695496,2026-09-11
SMH261002P00545000,2026-09-11 13:49:56+00:00,545.0,7.95,7.15,8.45,-3.4499998,-30.263157,1.0,106,0.3264837860107421,False,REGULAR,USD,SMH,put,2026-10-02,0.057534246575342465,7.8,0.007447039302363989,-0.27149749159326775,-255150.44409360614,568.530029296875,0.01472477969695496,2026-09-11
SMH261002P00547500,2026-09-10 18:03:59+00:00,547.5,10.15,8.05,9.05,-1.6400003,-13.910096,2.0,67,0.32221136779785153,False,REGULAR,USD,SMH,put,2026-10-02,0.057534246575342465,8.55,0.007778548794543071,-0.28906866528408215,-168453.56269733037,568.530029296875,0.01472477969695496,2026-09-11
SMH261002P00550000,2026-09-11 19:08:20+00:00,550.0,8.94,8.5,9.95,-3.8100004,-29.882355,17.0,540,0.323126885986328,False,REGULAR,USD,SMH,put,2026-10-02,0.057534246575342465,9.225,0.00800580228598412,-0.30995737462806905,-1397350.7670646512,568.530029296875,0.01472477969695496,2026-09-11
SMH261002P00552500,2026-09-11 17:54:31+00:00,552.5,9.39,9.1,10.55,-4.6099997,-32.92857,7.0,219,0.3171455004882812,False,REGULAR,USD,SMH,put,2026-10-02,0.057534246575342465,9.825,0.008357515876923058,-0.32842732862157087,-591599.9690019158,568.530029296875,0.01472477969695496,2026-09-11
SMH261002P00555000,2026-09-11 19:49:43+00:00,555.0,10.95,9.35,11.45,-3.71,-25.306957,6.0,104,0.31604687866210934,False,REGULAR,USD,SMH,put,2026-10-02,0.057534246575342465,10.399999999999999,0.008591919469718145,-0.34975348505123416,-288822.05555418803,568.530029296875,0.01472477969695496,2026-09-11
SMH261002P00557500,2026-09-11 14:57:03+00:00,557.5,12.15,10.9,12.85,-3.4400005,-22.06543,8.0,25,0.3233710241699218,False,REGULAR,USD,SMH,put,2026-10-02,0.057534246575342465,11.875,0.00859235323475149,-0.37409120349412184,-69431.88384667909,568.530029296875,0.01472477969695496,2026-09-11
SMH261002P00560000,2026-09-11 17:59:10+00:00,560.0,11.89,12.05,14.2,-2.5499992,-17.659275,28.0,161,0.3284674087524414,False,REGULAR,USD,SMH,put,2026-10-02,0.057534246575342465,13.125,0.00860929977558496,-0.3972470297569981,-448023.2206279773,568.530029296875,0.01472477969695496,2026-09-11
SMH261002P00562500,2026-09-11 17:59:42+00:00,562.5,13.01,12.65,15.2,-5.9699993,-31.45416,16.0,16,0.3260870614624023,False,REGULAR,USD,SMH,put,2026-10-02,0.057534246575342465,13.925,0.008785102919681405,-0.41884133217658304,-45433.234232201896,568.530029296875,0.01472477969695496,2026-09-11
SMH261002P00565000,2026-09-11 14:35:06+00:00,565.0,14.75,13.7,16.0,-5.7800007,-28.153923,3.0,32,0.3191291232299803,False,REGULAR,USD,SMH,put,2026-10-02,0.057534246575342465,14.85,0.009064845015219172,-0.44049864869342625,-93759.90938760592,568.530029296875,0.01472477969695496,2026-09-11
SMH261002P00567500,2026-09-11 19:41:51+00:00,567.5,15.73,14.95,16.75,-2.1900005,-12.220985,18.0,6,0.31037066589355466,False,REGULAR,USD,SMH,put,2026-10-02,0.057534246575342465,15.85,0.009385448402440011,-0.46315255687028944,-18201.74787111797,568.530029296875,0.01472477969695496,2026-09-11
SMH261002P00570000,2026-09-11 19:37:54+00:00,570.0,17.16,16.1,17.9,-5.9400005,-25.714289,11.0,112,0.3077766976928711,True,REGULAR,USD,SMH,put,2026-10-02,0.057534246575342465,17.0,0.009499914285901344,-0.48679434584609405,-343909.7804752804,568.530029296875,0.01472477969695496,2026-09-11
SMH261002P00572500,2026-09-11 19:25:39+00:00,572.5,18.1,16.9,19.8,-0.9300003,-4.887022,3.0,26,0.3176642941284179,True,REGULAR,USD,SMH,put,2026-10-02,0.057534246575342465,18.35,0.009206825889527369,-0.5091843808994311,-77373.11749472328,568.530029296875,0.01472477969695496,2026-09-11
SMH261002P00575000,2026-09-10 14:22:25+00:00,575.0,26.97,18.45,20.6,0.0,0.0,1.0,129,0.3067391104125976,True,REGULAR,USD,SMH,put,2026-10-02,0.057534246575342465,19.525,0.009502288379942724,-0.5341608534532838,-396209.36286605464,568.530029296875,0.01472477969695496,2026-09-11
SMH261002P00577500,2026-09-11 19:49:54+00:00,577.5,20.99,20.1,22.55,-6.51,-23.672728,5.0,43,0.31558911956787106,True,REGULAR,USD,SMH,put,2026-10-02,0.057534246575342465,21.325000000000003,0.009181278341969398,-0.5550963711970738,-127608.15418757504,568.530029296875,0.01472477969695496,2026-09-11
SMH261002P00580000,2026-09-11 19:11:43+00:00,580.0,21.61,21.3,23.4,-2.5900002,-10.702479,1.0,20,0.30335169311523436,True,REGULAR,USD,SMH,put,2026-10-02,0.057534246575342465,22.35,0.009440338057715924,-0.5817990563012314,-61027.32861081435,568.530029296875,0.01472477969695496,2026-09-11
SMH261002P00582500,2026-09-10 16:31:56+00:00,582.5,29.86,22.15,24.85,0.0,0.0,6.0,4,0.30097134582519536,True,REGULAR,USD,SMH,put,2026-10-02,0.057534246575342465,23.5,0.009376461254280115,-0.605759217908929,-12122.879046769414,568.530029296875,0.01472477969695496,2026-09-11
SMH261002P00585000,2026-09-11 14:20:40+00:00,585.0,25.3,24.4,27.4,-0.020000458,-0.07899075,6.0,37,0.3183967086791991,True,REGULAR,USD,SMH,put,2026-10-02,0.057534246575342465,25.9,0.008768870744873524,-0.6200497719096476,-104870.22747063202,568.530029296875,0.01472477969695496,2026-09-11
SMH261002P00587500,2026-09-11 13:40:13+00:00,587.5,28.45,26.05,28.8,-3.5499992,-11.093748,2.0,9,0.31320877227783206,True,REGULAR,USD,SMH,put,2026-10-02,0.057534246575342465,27.425,0.008726540042826166,-0.6438208580281393,-25385.832647928,568.530029296875,0.01472477969695496,2026-09-11
SMH261002P00590000,2026-09-11 18:42:39+00:00,590.0,27.4,27.25,31.0,0.35000038,1.2939017,2.0,25,0.32263860961914054,True,REGULAR,USD,SMH,put,2026-10-02,0.057534246575342465,29.125,0.00833442570608624,-0.6593007378272167,-67347.65922021511,568.530029296875,0.01472477969695496,2026-09-11
SMH261002P00592500,2026-09-08 17:47:50+00:00,592.5,30.03,29.5,32.6,0.0,0.0,9.0,11,0.3194648132324218,True,REGULAR,USD,SMH,put,2026-10-02,0.057534246575342465,31.05,0.008197552946836684,-0.6810294677771864,-29146.32028407529,568.530029296875,0.01472477969695496,2026-09-11
SMH261002P00595000,2026-09-11 18:52:45+00:00,595.0,30.55,31.3,34.4,-3.5699997,-10.463071,12.0,8,0.31928170959472646,True,REGULAR,USD,SMH,put,2026-10-02,0.057534246575342465,32.85,0.007979378365269735,-0.7005116550815285,-20633.165576494543,568.530029296875,0.01472477969695496,2026-09-11
SMH261002P00597500,2026-08-18 13:44:53+00:00,597.5,43.05,33.15,35.75,0.0,0.0,0.0,21,0.3084175604248046,True,REGULAR,USD,SMH,put,2026-10-02,0.057534246575342465,34.45,0.007905101003931443,-0.7269870759140856,-53657.88316108157,568.530029296875,0.01472477969695496,2026-09-11
SMH261002P00600000,2026-09-08 18:10:31+00:00,600.0,34.78,34.95,38.05,0.0,0.0,7.0,78,0.31711498321533205,True,REGULAR,USD,SMH,put,2026-10-02,0.057534246575342465,36.5,0.007516788918645409,-0.7389146533743292,-189510.71710184411,568.530029296875,0.01472477969695496,2026-09-11
SMH261002P00602500,2026-09-11 19:09:15+00:00,602.5,36.9,37.0,39.75,0.5600014,1.5410054,2.0,30,0.3115913568115234,True,REGULAR,USD,SMH,put,2026-10-02,0.057534246575342465,38.375,0.0073057021799529,-0.7606262811272144,-70841.87318445469,568.530029296875,0.01472477969695496,2026-09-11
SMH261002P00605000,2026-09-11 19:09:15+00:00,605.0,38.86,39.0,41.5,-6.169998,-13.701973,2.0,55,0.3057930749511719,True,REGULAR,USD,SMH,put,2026-10-02,0.057534246575342465,40.25,0.007059704038776978,-0.7821888957842292,-125503.54743629633,568.530029296875,0.01472477969695496,2026-09-11
SMH261002P00607500,2026-08-24 17:29:16+00:00,607.5,65.8,41.05,43.4,0.0,0.0,2.0,1,0.302314105834961,True,REGULAR,USD,SMH,put,2026-10-02,0.057534246575342465,42.224999999999994,0.006764165979420213,-0.8013033327857711,-2186.356979381544,568.530029296875,0.01472477969695496,2026-09-11
SMH261002P00612500,2026-08-17 17:06:45+00:00,612.5,37.81,45.25,48.0,0.0,0.0,4.0,3,0.3138801522827148,True,REGULAR,USD,SMH,put,2026-10-02,0.057534246575342465,46.625,0.006097283363538026,-0.8215400442736527,-5912.408748261222,568.530029296875,0.01472477969695496,2026-09-11
SMH261002P00615000,2026-08-17 18:43:20+00:00,615.0,40.52,47.35,50.75,0.0,0.0,0.0,1,0.33161068786621095,True,REGULAR,USD,SMH,put,2026-10-02,0.057534246575342465,49.05,0.005782895847696975,-0.8209688964786124,-1869.1845729564075,568.530029296875,0.01472477969695496,2026-09-11
SMH261002P00625000,2026-08-24 19:57:19+00:00,625.0,81.05,55.85,60.0,0.0,0.0,52.0,52,0.35108070800781244,True,REGULAR,USD,SMH,put,2026-10-02,0.057534246575342465,57.925,0.0047759017748178504,-0.8543076901200073,-80272.27050889927,568.530029296875,0.01472477969695496,2026-09-11
SMH261002P00630000,2026-09-11 19:47:02+00:00,630.0,61.1,60.3,64.55,7.0999985,13.148146,2.0,1,0.35584140258789054,True,REGULAR,USD,SMH,put,2026-10-02,0.057534246575342465,62.425,0.004326052936172291,-0.8714336646084568,-1398.2944917305267,568.530029296875,0.01472477969695496,2026-09-11
SMH261002P00635000,2026-09-11 15:56:53+00:00,635.0,62.73,65.05,68.9,-19.350002,-23.574564,1.0,1,0.35071450073242183,True,REGULAR,USD,SMH,put,2026-10-02,0.057534246575342465,66.975,0.003843017884776607,-0.8934285709795858,-1242.1648137897441,568.530029296875,0.01472477969695496,2026-09-11
SMH261002P00645000,2026-08-17 15:34:30+00:00,645.0,57.74,74.9,78.55,0.0,0.0,0.0,1,0.37085590087890624,True,REGULAR,USD,SMH,put,2026-10-02,0.057534246575342465,76.725,0.0031785407076875493,-0.91122060929323,-1027.3882518028765,568.530029296875,0.01472477969695496,2026-09-11
SMH261002P00650000,2026-08-17 15:35:10+00:00,650.0,61.42,79.6,83.95,0.0,0.0,0.0,0,0.4048521429443359,True,REGULAR,USD,SMH,put,2026-10-02,0.057534246575342465,81.775,0.003076598367095044,-0.904359124635227,-0.0,568.530029296875,0.01472477969695496,2026-09-11
SMH261002P00655000,2026-09-10 14:24:40+00:00,655.0,92.45,84.8,88.4,0.0,0.0,1.0,1,0.3967345483398438,True,REGULAR,USD,SMH,put,2026-10-02,0.057534246575342465,86.6,0.002705730891444999,-0.9216161617736511,-874.5636397506141,568.530029296875,0.01472477969695496,2026-09-11
SMH261009C00320000,2026-08-31 13:30:29+00:00,320.0,238.0,247.15,251.3,0.0,0.0,0.0,1,0.9599613378906249,True,REGULAR,USD,SMH,call,2026-10-09,0.07671232876712329,249.22500000000002,0.00018478057323966928,0.9894475856898722,59.72595840874114,568.530029296875,0.01472477969695496,2026-09-11
SMH261009C00400000,2026-09-02 19:03:11+00:00,400.0,152.51,167.8,171.95,0.0,0.0,0.0,5,0.6945831323242189,True,REGULAR,USD,SMH,call,2026-10-09,0.07671232876712329,169.875,0.000555866913801166,0.9737938255731068,898.3542910493668,568.530029296875,0.01472477969695496,2026-09-11
SMH261009C00420000,2026-09-04 15:22:30+00:00,420.0,147.83,147.8,151.95,0.0,0.0,1.0,1,0.6120644262695314,True,REGULAR,USD,SMH,call,2026-10-09,0.07671232876712329,149.875,0.0006950895284394556,0.9705569543649523,224.671281932217,568.530029296875,0.01472477969695496,2026-09-11
SMH261009C00450000,2026-09-08 15:34:29+00:00,450.0,130.25,118.5,122.4,0.0,0.0,2.0,3,0.5308884802246094,True,REGULAR,USD,SMH,call,2026-10-09,0.07671232876712329,120.45,0.0011549812611781052,0.9539550579300093,1119.9612853001402,568.530029296875,0.01472477969695496,2026-09-11
SMH261009C00505000,2026-09-11 19:56:20+00:00,505.0,68.0,66.0,70.2,8.450001,14.189757,1.0,1,0.4567925415039063,True,REGULAR,USD,SMH,call,2026-10-09,0.07671232876712329,68.1,0.0032829383323138314,0.8471072973610894,1061.1323195751593,568.530029296875,0.01472477969695496,2026-09-11
SMH261009C00515000,2026-09-03 15:48:19+00:00,515.0,44.85,58.05,60.8,0.0,0.0,0.0,12,0.4209652630615235,True,REGULAR,USD,SMH,call,2026-10-09,0.07671232876712329,59.425,0.0038954504359635903,0.8245236400910327,15109.34877899118,568.530029296875,0.01472477969695496,2026-09-11
SMH261009C00517500,2026-09-03 14:31:35+00:00,517.5,38.95,55.9,59.25,0.0,0.0,0.0,4,0.42960165130615235,True,REGULAR,USD,SMH,call,2026-10-09,0.07671232876712329,57.575,0.004019328889230349,0.809392788251336,5196.612736077109,568.530029296875,0.01472477969695496,2026-09-11
SMH261009C00532500,2026-09-03 15:15:23+00:00,532.5,31.77,43.5,46.25,0.0,0.0,0.0,5,0.3890136782836914,True,REGULAR,USD,SMH,call,2026-10-09,0.07671232876712329,44.875,0.005133044801512401,0.7549032687546846,8295.677812615366,568.530029296875,0.01472477969695496,2026-09-11
SMH261009C00537500,2026-09-03 15:14:30+00:00,537.5,28.23,39.6,42.35,0.0,0.0,0.0,1,0.38086556640624997,True,REGULAR,USD,SMH,call,2026-10-09,0.07671232876712329,40.975,0.0055095889796856435,0.7303545657733528,1780.844579495646,568.530029296875,0.01472477969695496,2026-09-11
SMH261009C00540000,2026-09-04 19:54:16+00:00,540.0,40.65,37.75,40.45,0.0,0.0,2.0,4,0.3768983209228516,True,REGULAR,USD,SMH,call,2026-10-09,0.07671232876712329,39.1,0.005698465384478702,0.7172834450204372,7367.577675074762,568.530029296875,0.01472477969695496,2026-09-11
SMH261009C00542500,2026-09-10 13:44:48+00:00,542.5,33.55,35.9,38.65,0.0,0.0,1.0,2,0.3742128009033203,True,REGULAR,USD,SMH,call,2026-10-09,0.07671232876712329,37.275,0.0058718694416045915,0.703192242400573,3795.8863737905526,568.530029296875,0.01472477969695496,2026-09-11
SMH261009C00545000,2026-09-04 19:54:08+00:00,545.0,37.18,33.8,36.85,0.0,0.0,14.0,7,0.37091693542480464,True,REGULAR,USD,SMH,call,2026-10-09,0.07671232876712329,35.325,0.0060497809621579985,0.6888787156528728,13688.142203208077,568.530029296875,0.01472477969695496,2026-09-11
SMH261009C00547500,2026-09-04 19:54:13+00:00,547.5,35.45,32.35,34.8,0.0,0.0,42.0,22,0.3627993408203125,True,REGULAR,USD,SMH,call,2026-10-09,0.07671232876712329,33.575,0.0062940312510781195,0.6757613593694641,44756.73457960203,568.530029296875,0.01472477969695496,2026-09-11
SMH261009C00550000,2026-09-08 14:36:28+00:00,550.0,39.41,30.05,33.4,0.0,0.0,1.0,63,0.3651491708374024,True,REGULAR,USD,SMH,call,2026-10-09,0.07671232876712329,31.725,0.006382775728361855,0.6585638978448703,129974.13977588614,568.530029296875,0.01472477969695496,2026-09-11
SMH261009C00552500,2026-09-08 14:17:02+00:00,552.5,37.32,29.0,31.6,0.0,0.0,46.0,30,0.3601138208007812,True,REGULAR,USD,SMH,call,2026-10-09,0.07671232876712329,30.3,0.006576206524580402,0.6433343041993782,63768.10567606683,568.530029296875,0.01472477969695496,2026-09-11
SMH261009C00555000,2026-09-10 14:09:36+00:00,555.0,25.21,27.5,29.8,0.0,0.0,1.0,22,0.35452915985107414,True,REGULAR,USD,SMH,call,2026-10-09,0.07671232876712329,28.65,0.0067771326592184575,0.6276503590670879,48192.05935582799,568.530029296875,0.01472477969695496,2026-09-11
SMH261009C00557500,2026-09-11 18:25:20+00:00,557.5,28.8,25.85,28.4,4.949999,20.754711,1.0,52,0.35480381530761707,True,REGULAR,USD,SMH,call,2026-10-09,0.07671232876712329,27.125,0.006866648450845205,0.6101559393243585,115413.0649926909,568.530029296875,0.01472477969695496,2026-09-11
SMH261009C00560000,2026-09-11 13:36:38+00:00,560.0,23.7,24.35,27.35,1.1900005,5.2865415,2.0,14,0.3599612344360351,True,REGULAR,USD,SMH,call,2026-10-09,0.07671232876712329,25.85,0.006851010371349759,0.5918310822000535,31001.983306594877,568.530029296875,0.01472477969695496,2026-09-11
SMH261009C00562500,2026-09-09 14:19:03+00:00,562.5,32.55,22.55,25.3,0.0,0.0,2.0,120,0.34848673980712885,True,REGULAR,USD,SMH,call,2026-10-09,0.07671232876712329,23.925,0.007139295911034025,0.575551297672675,276913.0649445822,568.530029296875,0.01472477969695496,2026-09-11
SMH261009C00565000,2026-09-11 13:36:35+00:00,565.0,21.65,21.6,23.75,0.4699993,2.2190714,3.0,18,0.34433639068603517,True,REGULAR,USD,SMH,call,2026-10-09,0.07671232876712329,22.675,0.007280565438154563,0.5577104763902622,42358.876459225816,568.530029296875,0.01472477969695496,2026-09-11
SMH261009C00567500,2026-09-11 16:46:43+00:00,567.5,22.87,20.25,22.5,-6.4299984,-21.945387,7.0,23,0.3442448388671875,True,REGULAR,USD,SMH,call,2026-10-09,0.07671232876712329,21.375,0.007323754176666388,0.5393811306464804,54446.30505628735,568.530029296875,0.01472477969695496,2026-09-11
SMH261009C00570000,2026-09-11 16:47:48+00:00,570.0,21.42,18.95,21.15,-7.08,-24.842106,6.0,43,0.3418644915771484,False,REGULAR,USD,SMH,call,2026-10-09,0.07671232876712329,20.049999999999997,0.007400687294943432,0.5209263440092662,102860.19116860762,568.530029296875,0.01472477969695496,2026-09-11
SMH261009C00572500,2026-09-08 13:35:43+00:00,572.5,27.15,17.75,19.9,0.0,0.0,1.0,20,0.3403386279296875,False,REGULAR,USD,SMH,call,2026-10-09,0.07671232876712329,18.825,0.007443982863756968,0.5023391266297561,48121.83479260714,568.530029296875,0.01472477969695496,2026-09-11
SMH261009C00575000,2026-09-11 18:19:10+00:00,575.0,19.23,16.55,18.5,2.83,17.256098,14.0,23,0.33576103698730464,False,REGULAR,USD,SMH,call,2026-10-09,0.07671232876712329,17.525,0.007538887966706762,0.48317436809235725,56045.65419853083,568.530029296875,0.01472477969695496,2026-09-11
SMH261009C00577500,2026-09-09 15:24:03+00:00,577.5,22.25,14.9,17.2,0.0,0.0,3.0,49,0.3320074124145508,False,REGULAR,USD,SMH,call,2026-10-09,0.07671232876712329,16.05,0.0075994551255054955,0.463790126111939,120360.87943157289,568.530029296875,0.01472477969695496,2026-09-11
SMH261009C00580000,2026-09-11 15:30:03+00:00,580.0,16.43,14.3,16.05,-6.17,-27.300884,1.0,101,0.3298712033081054,False,REGULAR,USD,SMH,call,2026-10-09,0.07671232876712329,15.175,0.007606115773616717,0.44458626478557706,248308.2349222147,568.530029296875,0.01472477969695496,2026-09-11
SMH261009C00582500,2026-09-08 13:47:29+00:00,582.5,21.14,13.5,15.4,0.0,0.0,6.0,8,0.3349981051635742,False,REGULAR,USD,SMH,call,2026-10-09,0.07671232876712329,14.45,0.007438337421070508,0.42772654529562804,19234.13586837664,568.530029296875,0.01472477969695496,2026-09-11
SMH261009C00585000,2026-09-11 18:30:18+00:00,585.0,15.3,11.55,14.4,1.9499998,14.60674,3.0,60,0.33386896606445315,False,REGULAR,USD,SMH,call,2026-10-09,0.07671232876712329,12.975000000000001,0.007391286087894917,0.40927599755953925,143343.52504691115,568.530029296875,0.01472477969695496,2026-09-11
SMH261009C00587500,2026-09-11 18:30:18+00:00,587.5,14.34,11.5,13.35,-4.1499996,-22.444563,1.0,24,0.3311834460449219,False,REGULAR,USD,SMH,call,2026-10-09,0.07671232876712329,12.425,0.0073588928241996076,0.3903125487046034,57086.12143106039,568.530029296875,0.01472477969695496,2026-09-11
SMH261009C00590000,2026-09-11 16:47:21+00:00,590.0,12.84,10.5,12.0,1.8299999,16.621254,31.0,42,0.32269964416503893,False,REGULAR,USD,SMH,call,2026-10-09,0.07671232876712329,11.25,0.007420820078693073,0.36854237785366073,100741.40647763805,568.530029296875,0.01472477969695496,2026-09-11
SMH261009C00592500,2026-09-11 17:29:14+00:00,592.5,11.68,10.0,11.25,5.0800004,76.9697,34.0,43,0.32343205871582026,False,REGULAR,USD,SMH,call,2026-10-09,0.07671232876712329,10.625,0.007282181717826903,0.35124744411078407,101213.11356203443,568.530029296875,0.01472477969695496,2026-09-11
SMH261009C00595000,2026-09-11 15:30:43+00:00,595.0,11.45,9.1,10.95,-4.5600004,-28.4822,8.0,36,0.33124448059082034,False,REGULAR,USD,SMH,call,2026-10-09,0.07671232876712329,10.024999999999999,0.0070124510340917896,0.338448168152423,81597.93344423432,568.530029296875,0.01472477969695496,2026-09-11
SMH261009C00600000,2026-09-11 18:05:52+00:00,600.0,9.55,7.15,9.25,1.6800003,21.346891,97.0,168,0.3259649923706054,False,REGULAR,USD,SMH,call,2026-10-09,0.07671232876712329,8.2,0.006797886319774055,0.3023634908508635,369139.0556121623,568.530029296875,0.01472477969695496,2026-09-11
SMH261009C00605000,2026-09-11 16:24:42+00:00,605.0,8.25,6.65,7.95,0.8299999,11.185983,7.0,107,0.324927405090332,False,REGULAR,USD,SMH,call,2026-10-09,0.07671232876712329,7.300000000000001,0.0064664775003624685,0.2703451146836845,223644.5740095965,568.530029296875,0.01472477969695496,2026-09-11
SMH261009C00610000,2026-09-11 18:43:37+00:00,610.0,6.85,5.3,6.75,1.0799999,18.717503,6.0,79,0.322974299621582,False,REGULAR,USD,SMH,call,2026-10-09,0.07671232876712329,6.025,0.006105229056989211,0.23946651800628588,155896.32274053455,568.530029296875,0.01472477969695496,2026-09-11
SMH261009C00615000,2026-09-11 15:31:10+00:00,615.0,6.0,4.35,5.7,0.9000001,17.64706,3.0,48,0.3212348150634765,False,REGULAR,USD,SMH,call,2026-10-09,0.07671232876712329,5.025,0.005708255054775955,0.21067314626831002,88562.81753277114,568.530029296875,0.01472477969695496,2026-09-11
SMH261009C00620000,2026-09-11 19:48:08+00:00,620.0,4.3,3.25,4.55,-0.23999977,-5.286339,6.0,59,0.3139411868286133,False,REGULAR,USD,SMH,call,2026-10-09,0.07671232876712329,3.9,0.005295495379302363,0.1793265097290062,100986.98874416985,568.530029296875,0.01472477969695496,2026-09-11
SMH261009C00625000,2026-09-11 19:40:56+00:00,625.0,3.88,2.92,4.1,0.11000013,2.9177754,6.0,93,0.32080757324218745,False,REGULAR,USD,SMH,call,2026-10-09,0.07671232876712329,3.51,0.004853169609010346,0.16186943049558294,145886.54372956778,568.530029296875,0.01472477969695496,2026-09-11
SMH261009C00630000,2026-09-11 18:46:28+00:00,630.0,3.39,2.52,3.5,0.17000008,5.2795053,8.0,68,0.3219672296142577,False,REGULAR,USD,SMH,call,2026-10-09,0.07671232876712329,3.01,0.004428315182606204,0.14179648345261125,97331.68772583993,568.530029296875,0.01472477969695496,2026-09-11
SMH261009C00635000,2026-09-11 13:51:21+00:00,635.0,2.06,2.21,3.0,-0.44000006,-17.600002,1.0,76,0.32367619689941396,False,REGULAR,USD,SMH,call,2026-10-09,0.07671232876712329,2.605,0.004020406307167697,0.12418265575182713,98762.10897900116,568.530029296875,0.01472477969695496,2026-09-11
SMH261009C00640000,2026-09-11 18:45:09+00:00,640.0,2.39,1.51,2.72,0.19000006,8.636366,3.0,90,0.3305731005859375,False,REGULAR,USD,SMH,call,2026-10-09,0.07671232876712329,2.115,0.00366788977877401,0.112370403419013,106700.29088051648,568.530029296875,0.01472477969695496,2026-09-11
SMH261009C00645000,2026-09-11 13:51:21+00:00,645.0,1.32,1.52,2.17,-0.65999997,-33.333332,1.0,30,0.3263006823730469,False,REGULAR,USD,SMH,call,2026-10-09,0.07671232876712329,1.845,0.0032609506006965896,0.09388346282528781,31620.759131028313,568.530029296875,0.01472477969695496,2026-09-11
SMH261009C00650000,2026-09-10 19:39:21+00:00,650.0,1.47,1.11,1.73,0.0,0.0,11.0,35,0.3228827478027343,False,REGULAR,USD,SMH,call,2026-10-09,0.07671232876712329,1.42,0.0028692878748506493,0.07802858279703058,32460.03508107725,568.530029296875,0.01472477969695496,2026-09-11
SMH261009C00655000,2026-09-10 19:05:10+00:00,655.0,1.36,0.76,1.65,0.0,0.0,100.0,111,0.3331975860595704,False,REGULAR,USD,SMH,call,2026-10-09,0.07671232876712329,1.205,0.0026391417634308674,0.07286675897737421,94687.470636984,568.530029296875,0.01472477969695496,2026-09-11
SMH261009C00660000,2026-09-10 19:50:35+00:00,660.0,1.0,0.5,1.37,0.0,0.0,3.0,12,0.33301448242187504,False,REGULAR,USD,SMH,call,2026-10-09,0.07671232876712329,0.935,0.002331131636060955,0.062016160218861124,9041.79927789858,568.530029296875,0.01472477969695496,2026-09-11
SMH261009C00665000,2026-09-11 16:42:21+00:00,665.0,1.0,0.68,1.13,0.32,47.058823,3.0,152,0.3327093096923829,False,REGULAR,USD,SMH,call,2026-10-09,0.07671232876712329,0.905,0.0020452585791874336,0.05245920326129288,100484.3964789457,568.530029296875,0.01472477969695496,2026-09-11
SMH261009C00670000,2026-09-11 14:18:26+00:00,670.0,0.76,0.43,1.0,-1.2,-61.22449,24.0,218,0.33704276245117193,False,REGULAR,USD,SMH,call,2026-10-09,0.07671232876712329,0.715,0.0018340327239137213,0.04651125508152221,129232.09695952511,568.530029296875,0.01472477969695496,2026-09-11
SMH261009C00675000,2026-09-11 16:59:04+00:00,675.0,0.65,0.33,1.13,-0.07000005,-9.722229,47.0,103,0.35742830078125,False,REGULAR,USD,SMH,call,2026-10-09,0.07671232876712329,0.73,0.001806557335064042,0.04911608615094441,60144.48237510585,568.530029296875,0.01472477969695496,2026-09-11
SMH261009C00680000,2026-09-10 18:16:48+00:00,680.0,0.75,0.38,0.73,0.0,0.0,1.0,84,0.3413151806640625,False,REGULAR,USD,SMH,call,2026-10-09,0.07671232876712329,0.5549999999999999,0.0014317993948610053,0.034824946709637004,38874.80987344784,568.530029296875,0.01472477969695496,2026-09-11
SMH261009C00685000,2026-09-09 18:25:45+00:00,685.0,1.2,0.11,1.18,0.0,0.0,151.0,153,0.3846497082519531,False,REGULAR,USD,SMH,call,2026-10-09,0.07671232876712329,0.645,0.0016408179681206495,0.047733837498893324,81144.4183353431,568.530029296875,0.01472477969695496,2026-09-11
SMH261009C00690000,2026-09-11 17:05:34+00:00,690.0,0.54,0.18,0.89,0.01000005,1.886802,2.0,200,0.3764710791015625,False,REGULAR,USD,SMH,call,2026-10-09,0.07671232876712329,0.535,0.0013914342501568499,0.03790824451005709,89949.65509234036,568.530029296875,0.01472477969695496,2026-09-11
SMH261009C00695000,2026-09-10 19:04:06+00:00,695.0,0.38,0.12,0.89,0.0,0.0,208.0,209,0.387701435546875,False,REGULAR,USD,SMH,call,2026-10-09,0.07671232876712329,0.505,0.0013207937209505824,0.03686888411348193,89225.31691151216,568.530029296875,0.01472477969695496,2026-09-11
SMH261009C00700000,2026-09-09 14:55:44+00:00,700.0,0.74,0.13,0.92,0.0,0.0,1.0,14,0.40112903564453123,False,REGULAR,USD,SMH,call,2026-10-09,0.07671232876712329,0.525,0.001274287271995041,0.0367878952419386,5766.365921646297,568.530029296875,0.01472477969695496,2026-09-11
SMH261009C00705000,2026-09-09 18:26:59+00:00,705.0,0.58,0.14,0.92,0.0,0.0,302.0,306,0.41223732299804683,False,REGULAR,USD,SMH,call,2026-10-09,0.07671232876712329,0.53,0.0012155175941535414,0.03590422690507191,120223.53493231893,568.530029296875,0.01472477969695496,2026-09-11
SMH261009C00710000,2026-09-09 16:33:13+00:00,710.0,0.54,0.01,1.12,0.0,0.0,1166.0,1165,0.4381159704589844,False,REGULAR,USD,SMH,call,2026-10-09,0.07671232876712329,0.5650000000000001,0.0012609832089878485,0.04046867967603356,474834.2600109662,568.530029296875,0.01472477969695496,2026-09-11
SMH261009C00715000,2026-09-03 14:26:01+00:00,715.0,0.19,0.0,0.83,0.0,0.0,1.0,3,0.42639733764648446,False,REGULAR,USD,SMH,call,2026-10-09,0.07671232876712329,0.415,0.0010615376884281573,0.03173038192381047,1029.3509980532976,568.530029296875,0.01472477969695496,2026-09-11
SMH261009C00725000,2026-09-09 18:56:10+00:00,725.0,0.32,0.0,0.88,0.0,0.0,1.0,1,0.45166563964843753,False,REGULAR,USD,SMH,call,2026-10-09,0.07671232876712329,0.44,0.0010014200672852761,0.03170240265920015,323.68539744046427,568.530029296875,0.01472477969695496,2026-09-11
SMH261009C00730000,2026-09-09 16:24:56+00:00,730.0,0.4,0.02,0.86,0.0,0.0,6.0,3,0.4602104760742188,False,REGULAR,USD,SMH,call,2026-10-09,0.07671232876712329,0.44,0.0009519644311372203,0.030503116122671012,923.1000914845571,568.530029296875,0.01472477969695496,2026-09-11
SMH261009C00735000,2026-09-10 13:46:06+00:00,735.0,0.45,0.06,0.74,0.0,0.0,1.0,72,0.4592339233398438,False,REGULAR,USD,SMH,call,2026-10-09,0.07671232876712329,0.4,0.0008544547103046629,0.02671861343996667,19885.126682123737,568.530029296875,0.01472477969695496,2026-09-11
SMH261009C00740000,2026-09-11 14:36:39+00:00,740.0,0.39,0.05,0.63,0.32,457.1429,2.0,18,0.45752495605468757,False,REGULAR,USD,SMH,call,2026-10-09,0.07671232876712329,0.34,0.0007606248708974945,0.023154819270270858,4425.372618631157,568.530029296875,0.01472477969695496,2026-09-11
SMH261009C00745000,2026-09-03 17:24:35+00:00,745.0,0.06,0.0,0.45,0.0,0.0,0.0,21,0.44482977050781247,False,REGULAR,USD,SMH,call,2026-10-09,0.07671232876712329,0.225,0.0006179038922638939,0.01753062265460112,4194.179788390354,568.530029296875,0.01472477969695496,2026-09-11
SMH261009C00750000,2026-09-08 18:52:32+00:00,750.0,0.24,0.01,0.34,0.0,0.0,2.0,1,0.43677321044921874,False,REGULAR,USD,SMH,call,2026-10-09,0.07671232876712329,0.17500000000000002,0.0005111881209969257,0.01375962221394511,165.22949311400004,568.530029296875,0.01472477969695496,2026-09-11
SMH261009C00755000,2026-09-11 16:16:01+00:00,755.0,0.11,0.02,0.21,-0.24,-68.57143,1.0,1,0.4194393994140625,False,REGULAR,USD,SMH,call,2026-10-09,0.07671232876712329,0.11499999999999999,0.0003753567636489328,0.009205320536043686,121.32521325744514,568.530029296875,0.01472477969695496,2026-09-11
SMH261009C00760000,2026-09-03 15:46:42+00:00,760.0,0.05,0.02,0.26,0.0,0.0,0.0,11,0.43897045410156255,False,REGULAR,USD,SMH,call,2026-10-09,0.07671232876712329,0.14,0.0004085139275384439,0.01068524605036367,1452.4673216213412,568.530029296875,0.01472477969695496,2026-09-11
SMH261009C00765000,2026-09-03 16:11:59+00:00,765.0,0.13,0.01,0.43,0.0,0.0,0.0,2,0.47803256347656253,False,REGULAR,USD,SMH,call,2026-10-09,0.07671232876712329,0.22,0.0005226330668616338,0.01568022237947408,337.85760339560943,568.530029296875,0.01472477969695496,2026-09-11
SMH261009C00770000,2026-09-10 16:04:48+00:00,770.0,0.14,0.02,0.24,0.0,0.0,1.0,87,0.4514215014648438,False,REGULAR,USD,SMH,call,2026-10-09,0.07671232876712329,0.13,0.00036399658160168674,0.0096664653583971,10235.837324174505,568.530029296875,0.01472477969695496,2026-09-11
SMH261009C00775000,2026-09-08 15:34:35+00:00,775.0,0.19,0.0,0.24,0.0,0.0,1.0,84,0.4594780615234375,False,REGULAR,USD,SMH,call,2026-10-09,0.07671232876712329,0.12,0.00035127430724797413,0.009470676496046295,9537.454727739812,568.530029296875,0.01472477969695496,2026-09-11
SMH261009C00780000,2026-09-04 16:28:49+00:00,780.0,0.06,0.01,0.5,0.0,0.0,4.0,6,0.5148974291992188,False,REGULAR,USD,SMH,call,2026-10-09,0.07671232876712329,0.255,0.0005149286470484094,0.016806838854831953,998.6311791724698,568.530029296875,0.01472477969695496,2026-09-11
SMH261009C00785000,2026-09-04 14:12:24+00:00,785.0,0.19,0.0,0.27,0.0,0.0,2.0,4,0.48291532714843755,False,REGULAR,USD,SMH,call,2026-10-09,0.07671232876712329,0.135,0.0003537933405350027,0.01010808497421772,457.42138302982084,568.530029296875,0.01472477969695496,2026-09-11
SMH261009C00790000,2026-09-09 18:33:54+00:00,790.0,0.07,0.0,0.23,0.0,0.0,1.0,7,0.481450498046875,False,REGULAR,USD,SMH,call,2026-10-09,0.07671232876712329,0.115,0.00031178260596565773,0.008717638326219647,705.4345725307693,568.530029296875,0.01472477969695496,2026-09-11
SMH261009C00795000,2026-09-11 15:45:11+00:00,795.0,0.19,0.0,0.4,-0.06999999,-26.923075,2.0,5,0.5246629565429688,False,REGULAR,USD,SMH,call,2026-10-09,0.07671232876712329,0.2,0.00041675718217307835,0.01343052885494004,673.5346062794254,568.530029296875,0.01472477969695496,2026-09-11
SMH261009C00800000,2026-09-09 18:33:57+00:00,800.0,0.15,0.0,1.12,0.0,0.0,1.0,9,0.5578657495117189,False,REGULAR,USD,SMH,call,2026-10-09,0.07671232876712329,0.56,0.00048671748770560437,0.017281500247593666,1415.8794469603918,568.530029296875,0.01472477969695496,2026-09-11
SMH261009C00805000,2026-09-04 16:27:53+00:00,805.0,0.2,0.0,1.79,0.0,0.0,1.0,1,0.6066933862304689,False,REGULAR,USD,SMH,call,2026-10-09,0.07671232876712329,0.895,0.0006028517025294118,0.024565821651488764,194.85758205333119,568.530029296875,0.01472477969695496,2026-09-11
SMH261009C00810000,2026-09-08 18:50:13+00:00,810.0,0.09,0.0,2.74,0.0,0.0,2.0,7,0.6590610266113281,False,REGULAR,USD,SMH,call,2026-10-09,0.07671232876712329,1.37,0.0007189696876249775,0.033541967653997924,1626.7298577527843,568.530029296875,0.01472477969695496,2026-09-11
SMH261009C00815000,2026-09-04 19:15:35+00:00,815.0,0.14,0.0,0.97,0.0,0.0,1.0,5,0.5717816259765626,False,REGULAR,USD,SMH,call,2026-10-09,0.07671232876712329,0.485,0.00041570135971256825,0.01479641657324258,671.8282578452299,568.530029296875,0.01472477969695496,2026-09-11
SMH261009P00310000,2026-09-11 18:28:06+00:00,310.0,0.05,0.0,0.12,-0.15,-75.0,1.0,14,0.7578149218750001,False,REGULAR,USD,SMH,put,2026-10-09,0.07671232876712329,0.06,3.614201253147658e-05,-0.001310281927538015,-163.5487334617519,568.530029296875,0.01472477969695496,2026-09-11
SMH261009P00315000,2026-09-11 16:42:44+00:00,315.0,0.05,0.0,0.19,-0.009999998,-16.666662,10.0,6,0.773439765625,False,REGULAR,USD,SMH,put,2026-10-09,0.07671232876712329,0.095,5.21027248345489e-05,-0.0020018798261988158,-101.04585526144311,568.530029296875,0.01472477969695496,2026-09-11
SMH261009P00320000,2026-09-11 16:41:40+00:00,320.0,0.05,0.0,0.41,-0.05,-50.0,2.0,7,0.8203142968749999,False,REGULAR,USD,SMH,put,2026-10-09,0.07671232876712329,0.205,9.059174961337855e-05,-0.0039452988978200265,-204.97151201041459,568.530029296875,0.01472477969695496,2026-09-11
SMH261009P00325000,2026-09-11 16:43:50+00:00,325.0,0.06,0.01,0.19,-0.05,-45.454544,6.0,16,0.7402369726562499,False,REGULAR,USD,SMH,put,2026-10-09,0.07671232876712329,0.1,5.978853498460386e-05,-0.002219780306818575,-309.20372125295665,568.530029296875,0.01472477969695496,2026-09-11
SMH261009P00330000,2026-09-11 16:39:41+00:00,330.0,0.06,0.01,0.23,-0.16,-72.72727,2.0,7,0.73437765625,False,REGULAR,USD,SMH,put,2026-10-09,0.07671232876712329,0.12000000000000001,7.016939093328119e-05,-0.002626274834438669,-158.76419450806688,568.530029296875,0.01472477969695496,2026-09-11
SMH261009P00335000,2026-09-11 16:40:42+00:00,335.0,0.06,0.0,0.35,-0.05,-45.454544,6.0,7,0.7460962890625,False,REGULAR,USD,SMH,put,2026-10-09,0.07671232876712329,0.175,9.417338365932972e-05,-0.003706112581433607,-213.0752626168404,568.530029296875,0.01472477969695496,2026-09-11
SMH261009P00340000,2026-09-11 19:52:15+00:00,340.0,0.15,0.0,0.15,-0.03999999,-21.052628,12.0,3,0.6640658593750002,False,REGULAR,USD,SMH,put,2026-10-09,0.07671232876712329,0.075,5.629526392333016e-05,-0.0018431138961437776,-54.58834550750429,568.530029296875,0.01472477969695496,2026-09-11
SMH261009P00350000,2026-09-11 19:52:31+00:00,350.0,0.1,0.0,0.37,-0.04,-28.571428,11.0,3,0.6938507177734375,False,REGULAR,USD,SMH,put,2026-10-09,0.07671232876712329,0.185,0.00011301477533467201,-0.004189349302825551,-109.5880749724195,568.530029296875,0.01472477969695496,2026-09-11
SMH261009P00360000,2026-09-03 17:24:11+00:00,360.0,0.18,0.04,0.18,0.0,0.0,0.0,6,0.6201209863281252,False,REGULAR,USD,SMH,put,2026-10-09,0.07671232876712329,0.11,8.954529823984181e-05,-0.002852939218066619,-173.66042321237748,568.530029296875,0.01472477969695496,2026-09-11
SMH261009P00365000,2026-09-09 17:20:56+00:00,365.0,0.34,0.04,0.32,0.0,0.0,1.0,6,0.6367223828125,False,REGULAR,USD,SMH,put,2026-10-09,0.07671232876712329,0.18,0.00012909967193735553,-0.004416210745887383,-250.37052872581802,568.530029296875,0.01472477969695496,2026-09-11
SMH261009P00370000,2026-09-11 17:44:05+00:00,370.0,0.14,0.05,0.24,-0.060000002,-30.0,2.0,5,0.6035195898437502,False,REGULAR,USD,SMH,put,2026-10-09,0.07671232876712329,0.145,0.00011831957388713401,-0.0037735665719442757,-191.22004616137394,568.530029296875,0.01472477969695496,2026-09-11
SMH261009P00380000,2026-09-10 17:29:30+00:00,380.0,0.26,0.08,0.35,0.0,0.0,2.0,12,0.596683720703125,False,REGULAR,USD,SMH,put,2026-10-09,0.07671232876712329,0.215,0.00016908776027397927,-0.005558153091360429,-655.8435247055166,568.530029296875,0.01472477969695496,2026-09-11
SMH261009P00385000,2026-09-11 17:50:19+00:00,385.0,0.25,0.04,0.45,0.030000001,13.636364,4.0,5,0.5888712988281251,False,REGULAR,USD,SMH,put,2026-10-09,0.07671232876712329,0.245,0.0001936235671150697,-0.006380330628135367,-312.9212371656416,568.530029296875,0.01472477969695496,2026-09-11
SMH261009P00390000,2026-09-11 17:51:01+00:00,390.0,0.2,0.16,0.34,-0.07000001,-25.925928,6.0,12,0.5722699023437501,False,REGULAR,USD,SMH,put,2026-10-09,0.07671232876712329,0.25,0.00020620168670836607,-0.006632920969937173,-799.7979321028879,568.530029296875,0.01472477969695496,2026-09-11
SMH261009P00395000,2026-09-11 14:55:44+00:00,395.0,0.3,0.05,0.54,-0.030000001,-9.090909,3.0,5,0.567387138671875,False,REGULAR,USD,SMH,put,2026-10-09,0.07671232876712329,0.29500000000000004,0.00024150643106807704,-0.007858048282786356,-390.3062644660863,568.530029296875,0.01472477969695496,2026-09-11
SMH261009P00400000,2026-09-11 14:26:07+00:00,400.0,0.25,0.16,0.56,-0.15,-37.5,1.0,29,0.5644574804687501,False,REGULAR,USD,SMH,put,2026-10-09,0.07671232876712329,0.36000000000000004,0.00028592746890326176,-0.009470076675466177,-2680.1598386157207,568.530029296875,0.01472477969695496,2026-09-11
SMH261009P00405000,2026-09-01 19:36:48+00:00,405.0,0.7,0.14,0.44,0.0,0.0,7.0,14,0.5312546875,False,REGULAR,USD,SMH,put,2026-10-09,0.07671232876712329,0.29000000000000004,0.0002680475215746481,-0.008209546927518074,-1212.9604742656616,568.530029296875,0.01472477969695496,2026-09-11
SMH261009P00415000,2026-09-11 19:35:11+00:00,415.0,0.35,0.15,0.79,-0.37000003,-51.388893,1.0,7,0.5317429638671876,False,REGULAR,USD,SMH,put,2026-10-09,0.07671232876712329,0.47000000000000003,0.0003948632834735428,-0.012814771204649356,-893.4116472678928,568.530029296875,0.01472477969695496,2026-09-11
SMH261009P00420000,2026-08-31 13:43:02+00:00,420.0,1.16,0.09,0.85,0.0,0.0,1.0,9,0.5141650146484374,False,REGULAR,USD,SMH,put,2026-10-09,0.07671232876712329,0.47,0.0004201160799969808,-0.013242384534347895,-1222.1334511922935,568.530029296875,0.01472477969695496,2026-09-11
SMH261009P00425000,2026-09-01 17:08:24+00:00,425.0,1.24,0.06,0.77,0.0,0.0,2.0,10,0.5365036584472658,False,REGULAR,USD,SMH,put,2026-10-09,0.07671232876712329,0.41500000000000004,0.0005739479123236691,-0.020033854511646965,-1855.1511416606004,568.530029296875,0.01472477969695496,2026-09-11
SMH261009P00430000,2026-09-11 17:47:47+00:00,430.0,0.49,0.21,0.6,-0.19,-27.941175,5.0,13,0.4973194799804688,False,REGULAR,USD,SMH,put,2026-10-09,0.07671232876712329,0.40499999999999997,0.0005400242391609202,-0.01706134542156834,-2269.1511389459633,568.530029296875,0.01472477969695496,2026-09-11
SMH261009P00435000,2026-09-11 19:41:30+00:00,435.0,0.54,0.24,0.78,-1.1700001,-68.42106,16.0,6,0.5007374145507812,False,REGULAR,USD,SMH,put,2026-10-09,0.07671232876712329,0.51,0.0006554453170300845,-0.02160144193305391,-1271.143358561854,568.530029296875,0.01472477969695496,2026-09-11
SMH261009P00440000,2026-09-11 19:10:15+00:00,440.0,0.54,0.22,1.02,-0.33999997,-38.63636,4.0,32,0.5056201782226561,False,REGULAR,USD,SMH,put,2026-10-09,0.07671232876712329,0.62,0.0007902716057988779,-0.027305656522447097,-8173.972530903676,568.530029296875,0.01472477969695496,2026-09-11
SMH261009P00445000,2026-09-11 14:29:43+00:00,445.0,0.69,0.37,0.9,-0.20999998,-23.333332,1.0,10,0.4759573889160156,False,REGULAR,USD,SMH,put,2026-10-09,0.07671232876712329,0.635,0.0007989651266547858,-0.025734463063004753,-2582.4661699000444,568.530029296875,0.01472477969695496,2026-09-11
SMH261009P00450000,2026-09-11 19:18:34+00:00,450.0,0.72,0.46,0.99,-0.42999995,-37.3913,48.0,34,0.4655815161132813,False,REGULAR,USD,SMH,put,2026-10-09,0.07671232876712329,0.725,0.0008926306665844753,-0.028624871157883702,-9809.740918596508,568.530029296875,0.01472477969695496,2026-09-11
SMH261009P00455000,2026-09-11 14:29:43+00:00,455.0,0.87,0.72,1.05,-0.37,-29.838709,15.0,13,0.4519097778320313,False,REGULAR,USD,SMH,put,2026-10-09,0.07671232876712329,0.885,0.0009815880230320854,-0.030964977283324813,-4124.577044726404,568.530029296875,0.01472477969695496,2026-09-11
SMH261009P00460000,2026-09-11 17:47:47+00:00,460.0,0.93,0.82,1.27,-0.43,-31.617647,5.0,46,0.4497125341796875,False,REGULAR,USD,SMH,put,2026-10-09,0.07671232876712329,1.045,0.0011400395187858687,-0.036923175759972615,-16950.579694167664,568.530029296875,0.01472477969695496,2026-09-11
SMH261009P00470000,2026-09-11 18:36:31+00:00,470.0,1.25,1.06,1.44,-0.46000004,-26.900587,19.0,32,0.422857333984375,False,REGULAR,USD,SMH,put,2026-10-09,0.07671232876712329,1.25,0.0013890785920304218,-0.04365247022037444,-14367.579666543985,568.530029296875,0.01472477969695496,2026-09-11
SMH261009P00475000,2026-09-11 19:13:29+00:00,475.0,1.38,1.16,1.73,-0.46000004,-25.000002,26.0,61,0.42017181396484377,False,REGULAR,USD,SMH,put,2026-10-09,0.07671232876712329,1.4449999999999998,0.0015996994251436364,-0.051652328282803306,-31540.969697773216,568.530029296875,0.01472477969695496,2026-09-11
SMH261009P00480000,2026-09-11 19:28:09+00:00,480.0,1.58,1.4,1.92,-0.66999996,-29.777775,8.0,83,0.4102842175292969,False,REGULAR,USD,SMH,put,2026-10-09,0.07671232876712329,1.66,0.0017909619443154787,-0.05781550165766891,-48047.552228901826,568.530029296875,0.01472477969695496,2026-09-11
SMH261009P00485000,2026-09-11 15:45:37+00:00,485.0,2.05,1.56,1.99,-0.46000004,-18.326694,14.0,31,0.39380489013671877,False,REGULAR,USD,SMH,put,2026-10-09,0.07671232876712329,1.775,0.0019667838307780875,-0.06183488280136995,-19707.209820341464,568.530029296875,0.01472477969695496,2026-09-11
SMH261009P00490000,2026-09-11 15:45:46+00:00,490.0,2.16,1.8,2.35,-0.73,-25.259514,27.0,79,0.389654541015625,False,REGULAR,USD,SMH,put,2026-10-09,0.07671232876712329,2.075,0.002240405104607948,-0.07217826474946898,-57208.48701944436,568.530029296875,0.01472477969695496,2026-09-11
SMH261009P00495000,2026-09-11 19:18:34+00:00,495.0,2.27,1.73,3.2,-1.0799999,-32.238804,54.0,68,0.401373173828125,False,REGULAR,USD,SMH,put,2026-10-09,0.07671232876712329,2.465,0.0026099614739691366,-0.09192190594015193,-57365.37366595731,568.530029296875,0.01472477969695496,2026-09-11
SMH261009P00500000,2026-09-11 18:45:09+00:00,500.0,2.66,2.53,2.98,-1.4399998,-35.12195,40.0,160,0.3721376263427735,False,REGULAR,USD,SMH,put,2026-10-09,0.07671232876712329,2.755,0.002820675768936759,-0.09217217449526816,-145874.69728567215,568.530029296875,0.01472477969695496,2026-09-11
SMH261009P00505000,2026-09-11 18:45:21+00:00,505.0,2.97,2.9,3.7,-1.78,-37.473682,24.0,62,0.3742738354492187,False,REGULAR,USD,SMH,put,2026-10-09,0.07671232876712329,3.3,0.0031983947077410314,-0.11037760785962047,-64095.946496352975,568.530029296875,0.01472477969695496,2026-09-11
SMH261009P00510000,2026-09-11 19:40:56+00:00,510.0,3.63,3.4,4.7,-2.12,-36.869564,22.0,65,0.38080453186035157,False,REGULAR,USD,SMH,put,2026-10-09,0.07671232876712329,4.05,0.0035855556784958015,-0.13308983165581478,-75331.50515849756,568.530029296875,0.01472477969695496,2026-09-11
SMH261009P00515000,2026-09-11 19:07:01+00:00,515.0,4.2,4.0,4.95,-2.3000002,-35.384617,23.0,57,0.3640200317382813,False,REGULAR,USD,SMH,put,2026-10-09,0.07671232876712329,4.475,0.0039614292131885925,-0.14419726436645952,-72984.99338885566,568.530029296875,0.01472477969695496,2026-09-11
SMH261009P00520000,2026-09-11 18:28:30+00:00,520.0,4.79,4.65,5.65,-2.81,-36.973686,3.0,72,0.35761140441894534,False,REGULAR,USD,SMH,put,2026-10-09,0.07671232876712329,5.15,0.004377188625122467,-0.1632133985606774,-101867.2485181527,568.530029296875,0.01472477969695496,2026-09-11
SMH261009P00522500,2026-09-11 19:29:37+00:00,522.5,5.21,4.95,6.15,-0.9899998,-15.967739,17.0,9,0.3570926107788086,False,REGULAR,USD,SMH,put,2026-10-09,0.07671232876712329,5.550000000000001,0.004586302665215417,-0.1751196499533202,-13341.726659194796,568.530029296875,0.01472477969695496,2026-09-11
SMH261009P00525000,2026-09-11 19:35:11+00:00,525.0,5.75,5.2,6.3,-2.75,-32.35294,18.0,274,0.3479679461669921,False,REGULAR,USD,SMH,put,2026-10-09,0.07671232876712329,5.75,0.004827617566330036,-0.18232695646166286,-427553.2766966311,568.530029296875,0.01472477969695496,2026-09-11
SMH261009P00527500,2026-09-11 18:06:40+00:00,527.5,5.93,5.3,7.3,-2.19,-26.970444,2.0,12,0.35715364532470706,False,REGULAR,USD,SMH,put,2026-10-09,0.07671232876712329,6.3,0.004994432007929839,-0.20109829705497373,-19371.986988740242,568.530029296875,0.01472477969695496,2026-09-11
SMH261009P00530000,2026-09-11 19:36:13+00:00,530.0,6.66,6.1,7.65,-2.62,-28.23276,23.0,56,0.3513858807373046,False,REGULAR,USD,SMH,put,2026-10-09,0.07671232876712329,6.875,0.005230298871430273,-0.21148981205075978,-94671.95611244552,568.530029296875,0.01472477969695496,2026-09-11
SMH261009P00532500,2026-09-11 19:35:38+00:00,532.5,7.23,6.55,7.6,-2.7900004,-27.844313,22.0,31,0.33704276245117193,False,REGULAR,USD,SMH,put,2026-10-09,0.07671232876712329,7.074999999999999,0.005541457714110998,-0.21743272653632273,-55525.50726397396,568.530029296875,0.01472477969695496,2026-09-11
SMH261009P00535000,2026-09-11 19:35:50+00:00,535.0,7.82,7.1,8.8,-2.9299998,-27.255812,11.0,920,0.3474186352539062,False,REGULAR,USD,SMH,put,2026-10-09,0.07671232876712329,7.95,0.005660753759856477,-0.23831731377544507,-1683328.6242163875,568.530029296875,0.01472477969695496,2026-09-11
SMH261009P00537500,2026-09-11 13:36:44+00:00,537.5,9.55,7.7,9.35,-1.8000002,-15.859032,6.0,28,0.34400070068359373,False,REGULAR,USD,SMH,put,2026-10-09,0.07671232876712329,8.525,0.005888473631306539,-0.2517747735242447,-53292.682779320705,568.530029296875,0.01472477969695496,2026-09-11
SMH261009P00540000,2026-09-11 17:35:27+00:00,540.0,8.81,8.25,9.4,-3.6299992,-29.180058,29.0,686,0.3306951696777344,False,REGULAR,USD,SMH,put,2026-10-09,0.07671232876712329,8.825,0.00623679347842719,-0.26062932301856645,-1382904.8394904868,568.530029296875,0.01472477969695496,2026-09-11
SMH261009P00542500,2026-09-11 19:53:13+00:00,542.5,9.6,9.1,10.15,-3.1499996,-24.70588,804.0,216,0.3299932723999023,False,REGULAR,USD,SMH,put,2026-10-09,0.07671232876712329,9.625,0.006443272726482277,-0.2769120340408978,-449849.3350263892,568.530029296875,0.01472477969695496,2026-09-11
SMH261009P00545000,2026-09-11 19:02:49+00:00,545.0,10.0,9.75,11.65,-4.0,-28.571428,39.0,933,0.34180345703125,False,REGULAR,USD,SMH,put,2026-10-09,0.07671232876712329,10.7,0.006453796409341803,-0.2993636298073702,-1946272.84043296,568.530029296875,0.01472477969695496,2026-09-11
SMH261009P00547500,2026-09-11 15:45:53+00:00,547.5,10.56,10.05,12.2,-3.9899998,-27.422678,20.0,34,0.33591362335205077,False,REGULAR,USD,SMH,put,2026-10-09,0.07671232876712329,11.125,0.0067065272383533105,-0.31397243488875526,-73702.70497594478,568.530029296875,0.01472477969695496,2026-09-11
SMH261009P00550000,2026-09-11 18:31:30+00:00,550.0,11.23,10.5,12.3,-4.2400007,-27.40789,63.0,95,0.3218146432495117,False,REGULAR,USD,SMH,put,2026-10-09,0.07671232876712329,11.4,0.007112122822593504,-0.3260848500163551,-218388.4524384846,568.530029296875,0.01472477969695496,2026-09-11
SMH261009P00552500,2026-09-11 14:09:04+00:00,552.5,12.94,11.55,13.2,-2.71,-17.316294,2.0,35,0.3208380905151367,False,REGULAR,USD,SMH,put,2026-10-09,0.07671232876712329,12.375,0.0072870673248180825,-0.34427798537396836,-82438.03735241412,568.530029296875,0.01472477969695496,2026-09-11
SMH261009P00555000,2026-09-10 14:40:10+00:00,555.0,17.3,12.75,14.0,0.0,0.0,2.0,14,0.3174201559448242,False,REGULAR,USD,SMH,put,2026-10-09,0.07671232876712329,13.375,0.007499935592603151,-0.36210893813102196,-33938.47993790306,568.530029296875,0.01472477969695496,2026-09-11
SMH261009P00557500,2026-09-11 17:35:27+00:00,557.5,13.99,13.2,15.8,-5.0599995,-26.561678,12.0,20,0.329535513305664,False,REGULAR,USD,SMH,put,2026-10-09,0.07671232876712329,14.5,0.007363161267663549,-0.38441427356325697,-47599.36133101196,568.530029296875,0.01472477969695496,2026-09-11
SMH261009P00560000,2026-09-11 19:29:37+00:00,560.0,15.26,14.55,16.05,-4.9400005,-24.455448,20.0,29,0.3157722232055663,False,REGULAR,USD,SMH,put,2026-10-09,0.07671232876712329,15.3,0.007773151577105208,-0.40065024419833883,-72862.14492206895,568.530029296875,0.01472477969695496,2026-09-11
SMH261009P00565000,2026-09-11 19:35:38+00:00,565.0,17.57,15.95,18.05,-5.16,-22.701277,24.0,13,0.31024859680175776,False,REGULAR,USD,SMH,put,2026-10-09,0.07671232876712329,17.0,0.008073331422677542,-0.43992598878472977,-33923.67946542855,568.530029296875,0.01472477969695496,2026-09-11
SMH261009P00567500,2026-09-11 19:55:59+00:00,567.5,18.62,17.45,19.15,-0.48999977,-2.5641012,1926.0,20,0.3079292840576171,False,REGULAR,USD,SMH,put,2026-10-09,0.07671232876712329,18.299999999999997,0.008186657875583406,-0.46021818651444646,-52922.87811549195,568.530029296875,0.01472477969695496,2026-09-11
SMH261009P00570000,2026-09-11 19:55:59+00:00,570.0,19.85,18.7,20.35,-5.08,-20.377056,1963.0,9,0.3064034204101562,True,REGULAR,USD,SMH,put,2026-10-09,0.07671232876712329,19.525,0.008258986780386144,-0.4807934982725266,-24025.70265184181,568.530029296875,0.01472477969695496,2026-09-11
SMH261009P00575000,2026-09-10 13:48:45+00:00,575.0,29.5,21.05,23.7,0.0,0.0,2.0,8,0.3158942922973632,True,REGULAR,USD,SMH,put,2026-10-09,0.07671232876712329,22.375,0.008009919381568625,-0.5201447447022056,-20712.138877085494,568.530029296875,0.01472477969695496,2026-09-11
SMH261009P00580000,2026-09-11 19:11:43+00:00,580.0,24.13,23.85,27.45,-5.290001,-17.98097,1.0,25,0.328833616027832,True,REGULAR,USD,SMH,put,2026-10-09,0.07671232876712329,25.65,0.007629340234463195,-0.5557011614067155,-61650.1033551101,568.530029296875,0.01472477969695496,2026-09-11
SMH261009P00582500,2026-09-11 14:20:40+00:00,582.5,26.33,25.3,28.15,-5.7199993,-17.847113,4.0,16,0.3155280850219726,True,REGULAR,USD,SMH,put,2026-10-09,0.07671232876712329,26.725,0.007872086151655829,-0.5788548947886685,-40711.45634765342,568.530029296875,0.01472477969695496,2026-09-11
SMH261009P00585000,2026-09-10 14:59:52+00:00,585.0,33.12,26.9,29.25,0.0,0.0,1.0,7,0.3076546286010742,True,REGULAR,USD,SMH,put,2026-10-09,0.07671232876712329,28.075,0.007968402220603597,-0.6012271977645091,-18029.185421793205,568.530029296875,0.01472477969695496,2026-09-11
SMH261009P00590000,2026-08-28 14:19:12+00:00,590.0,40.39,29.45,32.5,0.0,0.0,0.0,0,0.30652548950195313,True,REGULAR,USD,SMH,put,2026-10-09,0.07671232876712329,30.975,0.0077521567883414725,-0.6398391058350323,-0.0,568.530029296875,0.01472477969695496,2026-09-11
SMH261009P00600000,2026-09-10 15:00:17+00:00,600.0,43.23,36.95,39.85,0.0,0.0,31.0,34,0.31018756225585936,True,REGULAR,USD,SMH,put,2026-10-09,0.07671232876712329,38.400000000000006,0.007027301232612473,-0.7082995855714453,-77227.91410767467,568.530029296875,0.01472477969695496,2026-09-11
SMH261009P00615000,2026-09-10 19:28:11+00:00,615.0,56.45,48.75,51.55,0.0,0.0,2.0,43,0.30750204223632804,True,REGULAR,USD,SMH,put,2026-10-09,0.07671232876712329,50.15,0.005770799868949699,-0.8006334761015965,-80206.81783454261,568.530029296875,0.01472477969695496,2026-09-11
SMH261009P00635000,2026-08-28 15:11:25+00:00,635.0,74.08,65.75,70.05,0.0,0.0,0.0,1,0.34107104248046877,True,REGULAR,USD,SMH,put,2026-10-09,0.07671232876712329,67.9,0.004097561873254384,-0.8623112941269331,-1324.4401493538346,568.530029296875,0.01472477969695496,2026-09-11
SMH261016C00190000,2026-08-18 18:11:43+00:00,190.0,375.25,376.75,381.1,0.0,0.0,1.0,5,1.451174619140625,True,REGULAR,USD,SMH,call,2026-10-16,0.0958904109589041,378.925,4.3946923544019894e-05,0.9962326769325143,71.02402816928713,568.530029296875,0.01472477969695496,2026-09-11
SMH261016C00195000,2026-07-31 13:43:30+00:00,195.0,354.6,370.1,374.45,0.0,0.0,10.0,22,1.5869161279296873,True,REGULAR,USD,SMH,call,2026-10-16,0.0958904109589041,372.275,7.43677208802493e-05,0.9924722256883476,528.8274258500236,568.530029296875,0.01472477969695496,2026-09-11
SMH261016C00200000,2026-07-31 13:56:16+00:00,200.0,347.5,365.1,369.25,0.0,0.0,1.0,1,1.4990259423828123,True,REGULAR,USD,SMH,call,2026-10-16,0.0958904109589041,367.175,6.792384610162685e-05,0.9936311491043266,21.954779856460416,568.530029296875,0.01472477969695496,2026-09-11
SMH261016C00205000,2026-07-31 14:27:52+00:00,205.0,340.0,360.15,364.5,0.0,0.0,1.0,1,1.5288109497070312,True,REGULAR,USD,SMH,call,2026-10-16,0.0958904109589041,362.325,8.331176746993866e-05,0.9917904408456646,26.928562194762325,568.530029296875,0.01472477969695496,2026-09-11
SMH261016C00210000,2026-07-29 18:00:01+00:00,210.0,308.5,355.15,359.3,0.0,0.0,2.0,3,1.4462918310546877,True,REGULAR,USD,SMH,call,2026-10-16,0.0958904109589041,357.225,7.671807799277739e-05,0.992980785853896,74.3919231615116,568.530029296875,0.01472477969695496,2026-09-11
SMH261016C00220000,2026-05-14 13:45:05+00:00,220.0,360.42,413.15,417.0,0.0,0.0,0.0,2,4.545963790206908,True,REGULAR,USD,SMH,call,2026-10-16,0.0958904109589041,415.075,0.0001920843422962103,0.9163647184509898,124.17345869009262,568.530029296875,0.01472477969695496,2026-09-11
SMH261016C00225000,2026-08-07 14:49:05+00:00,225.0,354.0,341.9,346.25,0.0,0.0,1.0,2,1.291019169921875,True,REGULAR,USD,SMH,call,2026-10-16,0.0958904109589041,344.075,7.185103841352166e-05,0.9942666956496985,46.44830413362492,568.530029296875,0.01472477969695496,2026-09-11
SMH261016C00230000,2026-08-12 14:31:45+00:00,230.0,360.0,336.9,341.25,0.0,0.0,6.0,7,1.2622107202148438,True,REGULAR,USD,SMH,call,2026-10-16,0.0958904109589041,339.075,7.490564195732961e-05,0.9941421631059244,169.48036389217944,568.530029296875,0.01472477969695496,2026-09-11
SMH261016C00235000,2026-05-07 19:50:08+00:00,235.0,311.63,364.5,369.45,0.0,0.0,0.0,1,3.1242087324523924,True,REGULAR,USD,SMH,call,2026-10-16,0.0958904109589041,366.975,0.0002718836017469742,0.9193755604037812,87.87995623812897,568.530029296875,0.01472477969695496,2026-09-11
SMH261016C00250000,2026-09-11 17:07:46+00:00,250.0,321.81,317.0,321.3,2.9899902,0.93783015,16.0,5,1.173832255859375,True,REGULAR,USD,SMH,call,2026-10-16,0.0958904109589041,319.15,9.538656330791656e-05,0.9929082616758262,154.1572745716084,568.530029296875,0.01472477969695496,2026-09-11
SMH261016C00265000,2026-08-18 19:09:36+00:00,265.0,304.23,302.1,306.45,0.0,0.0,2.0,5,1.1254926538085939,True,REGULAR,USD,SMH,call,2026-10-16,0.0958904109589041,304.275,0.00011984635104231004,0.991236014781471,193.68751953454031,568.530029296875,0.01472477969695496,2026-09-11
SMH261016C00270000,2026-08-12 14:31:45+00:00,270.0,320.49,297.1,301.45,0.0,0.0,11.0,10,1.1001021557617188,True,REGULAR,USD,SMH,call,2026-10-16,0.0958904109589041,299.275,0.00012496021593014542,0.9910442697731459,403.9044001509201,568.530029296875,0.01472477969695496,2026-09-11
SMH261016C00285000,2026-08-07 14:49:05+00:00,285.0,295.0,282.2,286.5,0.0,0.0,1.0,15,1.041508698730469,True,REGULAR,USD,SMH,call,2026-10-16,0.0958904109589041,284.35,0.00014946308575478063,0.9896753175609371,724.6562141454352,568.530029296875,0.01472477969695496,2026-09-11
SMH261016C00295000,2026-05-15 15:24:57+00:00,295.0,271.93,341.0,345.45,0.0,0.0,2.0,1,3.480409013824463,True,REGULAR,USD,SMH,call,2026-10-16,0.0958904109589041,343.225,0.00033563764078772785,0.8751714211752195,108.48694439374232,568.530029296875,0.01472477969695496,2026-09-11
SMH261016C00300000,2026-08-24 13:47:48+00:00,300.0,247.55,267.4,271.6,0.0,0.0,1.0,6,0.9963379272460937,True,REGULAR,USD,SMH,call,2026-10-16,0.0958904109589041,269.5,0.00018559488302570906,0.9874123694205058,359.9349889479274,568.530029296875,0.01472477969695496,2026-09-11
SMH261016C00305000,2026-09-09 19:59:15+00:00,305.0,269.85,262.3,266.65,0.0,0.0,1.0,2,0.9692385888671875,True,REGULAR,USD,SMH,call,2026-10-16,0.0958904109589041,264.475,0.00019120671259305653,0.9873801431602963,123.6061125212846,568.530029296875,0.01472477969695496,2026-09-11
SMH261016C00315000,2026-09-04 16:01:36+00:00,315.0,251.92,252.35,256.7,0.0,0.0,8.0,8,0.93164130859375,True,REGULAR,USD,SMH,call,2026-10-16,0.0958904109589041,254.52499999999998,0.00021423944373310638,0.9862489538965789,553.9827431672167,568.530029296875,0.01472477969695496,2026-09-11
SMH261016C00330000,2026-06-10 18:26:56+00:00,330.0,255.5,264.7,269.0,0.0,0.0,1.0,1,2.0029346801757812,True,REGULAR,USD,SMH,call,2026-10-16,0.0958904109589041,266.85,0.0005551076816128977,0.883629713060623,179.4254543272895,568.530029296875,0.01472477969695496,2026-09-11
SMH261016C00335000,2026-04-22 15:38:23+00:00,335.0,152.95,269.55,274.0,0.0,0.0,0.0,1,2.2272993536376946,True,REGULAR,USD,SMH,call,2026-10-16,0.0958904109589041,271.775,0.0005450234978190749,0.8680658497123914,176.16597996103795,568.530029296875,0.01472477969695496,2026-09-11
SMH261016C00350000,2026-09-11 17:07:46+00:00,350.0,222.36,217.6,221.8,-18.36,-7.6271186,23.0,118,0.8034687622070311,True,REGULAR,USD,SMH,call,2026-10-16,0.0958904109589041,219.7,0.00031776935957603586,0.9816746237871122,12119.950425856045,568.530029296875,0.01472477969695496,2026-09-11
SMH261016C00360000,2026-08-12 17:44:09+00:00,360.0,232.42,207.8,212.0,0.0,0.0,3.0,60,0.7834494311523439,True,REGULAR,USD,SMH,call,2026-10-16,0.0958904109589041,209.9,0.0003755395966754948,0.9783410770072519,7283.058583041822,568.530029296875,0.01472477969695496,2026-09-11
SMH261016C00365000,2026-04-27 19:20:51+00:00,365.0,157.18,242.0,246.25,0.0,0.0,10.0,28,2.0283862767028804,True,REGULAR,USD,SMH,call,2026-10-16,0.0958904109589041,244.125,0.0006601865319722563,0.8474833396018032,5974.911942633742,568.530029296875,0.01472477969695496,2026-09-11
SMH261016C00370000,2026-08-20 15:31:59+00:00,370.0,195.13,197.75,201.95,0.0,0.0,3.0,38,0.7377955908203124,True,REGULAR,USD,SMH,call,2026-10-16,0.0958904109589041,199.85,0.0004064600677597867,0.9778460627823327,4992.387639544839,568.530029296875,0.01472477969695496,2026-09-11
SMH261016C00375000,2026-08-20 19:21:32+00:00,375.0,189.6,192.8,197.1,0.0,0.0,1.0,67,0.7271755798339843,True,REGULAR,USD,SMH,call,2026-10-16,0.0958904109589041,194.95,0.0004409355582481674,0.9760139384441421,9548.974708360527,568.530029296875,0.01472477969695496,2026-09-11
SMH261016C00380000,2026-08-25 14:31:40+00:00,380.0,176.0,187.95,192.15,0.0,0.0,2.0,28,0.7160672924804687,True,REGULAR,USD,SMH,call,2026-10-16,0.0958904109589041,190.05,0.000477268201881867,0.9741181588224833,4319.439039061063,568.530029296875,0.01472477969695496,2026-09-11
SMH261016C00390000,2026-09-01 17:31:28+00:00,390.0,157.3,178.05,182.25,0.0,0.0,5.0,19,0.6844513977050781,True,REGULAR,USD,SMH,call,2026-10-16,0.0958904109589041,180.15,0.0005420870869164848,0.9714385210762414,3329.120234608293,568.530029296875,0.01472477969695496,2026-09-11
SMH261016C00395000,2026-08-31 18:27:08+00:00,395.0,163.52,173.1,177.3,0.0,0.0,10.0,68,0.6685824157714846,True,REGULAR,USD,SMH,call,2026-10-16,0.0958904109589041,175.2,0.000577825782741544,0.970015314553983,12700.26100821476,568.530029296875,0.01472477969695496,2026-09-11
SMH261016C00400000,2026-09-10 17:13:46+00:00,400.0,166.43,168.05,172.35,0.0,0.0,1.0,46,0.6490513610839843,True,REGULAR,USD,SMH,call,2026-10-16,0.0958904109589041,170.2,0.000608895715729856,0.9691814625045052,9053.31366574739,568.530029296875,0.01472477969695496,2026-09-11
SMH261016C00405000,2026-09-04 14:59:47+00:00,405.0,162.93,163.1,167.45,0.0,0.0,1.0,18,0.6350134155273439,True,REGULAR,USD,SMH,call,2026-10-16,0.0958904109589041,165.27499999999998,0.0006534295781636601,0.9673094366804166,3801.702355587139,568.530029296875,0.01472477969695496,2026-09-11
SMH261016C00410000,2026-09-04 15:00:16+00:00,410.0,157.86,159.4,162.45,0.0,0.0,1.0,191,0.6568637829589845,True,REGULAR,USD,SMH,call,2026-10-16,0.0958904109589041,160.925,0.0007755980633280201,0.9579770715519655,47882.50918520459,568.530029296875,0.01472477969695496,2026-09-11
SMH261016C00415000,2026-09-10 17:38:10+00:00,415.0,150.0,153.25,157.55,0.0,0.0,3.0,80,0.6048623498535157,True,REGULAR,USD,SMH,call,2026-10-16,0.0958904109589041,155.4,0.0007485001449294958,0.9636493096624708,19354.800233035927,568.530029296875,0.01472477969695496,2026-09-11
SMH261016C00420000,2026-08-18 19:59:27+00:00,420.0,155.24,148.5,152.65,0.0,0.0,4.0,47,0.5965616516113281,True,REGULAR,USD,SMH,call,2026-10-16,0.0958904109589041,150.575,0.0008182495848731468,0.9601349671628491,12430.553555560366,568.530029296875,0.01472477969695496,2026-09-11
SMH261016C00425000,2026-09-04 17:27:50+00:00,425.0,141.6,143.5,147.75,0.0,0.0,3.0,67,0.580204393310547,True,REGULAR,USD,SMH,call,2026-10-16,0.0958904109589041,145.625,0.0008735753624956415,0.9582428061716066,18918.295170975653,568.530029296875,0.01472477969695496,2026-09-11
SMH261016C00430000,2026-09-04 17:27:50+00:00,430.0,136.35,138.5,142.8,0.0,0.0,5.0,122,0.5623823059082032,True,REGULAR,USD,SMH,call,2026-10-16,0.0958904109589041,140.65,0.0009295033450694174,0.9566185393729119,36653.68178547783,568.530029296875,0.01472477969695496,2026-09-11
SMH261016C00435000,2026-09-08 13:42:17+00:00,435.0,143.22,133.6,137.95,0.0,0.0,1.0,37,0.5501753967285157,True,REGULAR,USD,SMH,call,2026-10-16,0.0958904109589041,135.77499999999998,0.0010059734132629988,0.9534285781584391,12030.81488457045,568.530029296875,0.01472477969695496,2026-09-11
SMH261016C00440000,2026-08-21 14:58:49+00:00,440.0,123.82,128.85,132.8,0.0,0.0,1.0,154,0.5335740002441407,True,REGULAR,USD,SMH,call,2026-10-16,0.0958904109589041,130.825,0.0010763106035136887,0.9512299623459257,53575.36729563482,568.530029296875,0.01472477969695496,2026-09-11
SMH261016C00445000,2026-09-02 18:15:27+00:00,445.0,108.82,124.0,128.4,0.0,0.0,1.0,1026,0.5326584820556641,True,REGULAR,USD,SMH,call,2026-10-16,0.0958904109589041,126.2,0.001200022516856303,0.9441903490571555,397963.8038255615,568.530029296875,0.01472477969695496,2026-09-11
SMH261016C00450000,2026-09-11 19:29:02+00:00,450.0,121.6,119.05,123.05,-5.220001,-4.116071,5.0,177,0.5063525927734375,True,REGULAR,USD,SMH,call,2026-10-16,0.0958904109589041,121.05,0.0012562767883085783,0.944531200595472,71872.94150591479,568.530029296875,0.01472477969695496,2026-09-11
SMH261016C00455000,2026-07-29 14:52:03+00:00,455.0,88.45,113.0,117.55,0.0,0.0,19.0,43,0.5477340148925782,True,REGULAR,USD,SMH,call,2026-10-16,0.0958904109589041,115.275,0.001507931404033901,0.9223051393935172,20958.338909151218,568.530029296875,0.01472477969695496,2026-09-11
SMH261016C00460000,2026-09-11 16:55:18+00:00,460.0,113.94,109.8,113.4,5.9100037,5.470706,3.0,170,0.5560957476806643,True,REGULAR,USD,SMH,call,2026-10-16,0.0958904109589041,111.6,0.001663752366983352,0.9096314744910371,91420.67533517694,568.530029296875,0.01472477969695496,2026-09-11
SMH261016C00465000,2026-08-28 16:51:08+00:00,465.0,97.88,104.5,108.6,0.0,0.0,3.0,64,0.5411422839355471,True,REGULAR,USD,SMH,call,2026-10-16,0.0958904109589041,106.55,0.0017841552178656176,0.9042689194830825,36907.907698289535,568.530029296875,0.01472477969695496,2026-09-11
SMH261016C00470000,2026-09-11 15:16:19+00:00,470.0,104.2,99.6,104.25,-3.380005,-3.1418524,10.0,95,0.5392502130126955,True,REGULAR,USD,SMH,call,2026-10-16,0.0958904109589041,101.925,0.001933031610959819,0.8936568788901611,59356.649563349914,568.530029296875,0.01472477969695496,2026-09-11
SMH261016C00475000,2026-08-18 19:04:23+00:00,475.0,102.88,95.1,99.15,0.0,0.0,10.0,99,0.514653291015625,True,REGULAR,USD,SMH,call,2026-10-16,0.0958904109589041,97.125,0.002062484578987122,0.8909459412071095,65998.29590486476,568.530029296875,0.01472477969695496,2026-09-11
SMH261016C00480000,2026-09-09 13:50:00+00:00,480.0,98.9,90.75,94.4,0.0,0.0,1.0,111,0.500005,True,REGULAR,USD,SMH,call,2026-10-16,0.0958904109589041,92.575,0.0022181130478679113,0.8840390177211928,79581.74774835494,568.530029296875,0.01472477969695496,2026-09-11
SMH261016C00485000,2026-07-31 13:33:56+00:00,485.0,100.0,85.2,89.6,0.0,0.0,1.0,123,0.48352567260742196,True,REGULAR,USD,SMH,call,2026-10-16,0.0958904109589041,87.4,0.002386528579841651,0.8773344164916982,94880.85038826024,568.530029296875,0.01472477969695496,2026-09-11
SMH261016C00490000,2026-08-31 17:52:51+00:00,490.0,73.45,81.1,85.3,0.0,0.0,1.0,48,0.4793142889404296,True,REGULAR,USD,SMH,call,2026-10-16,0.0958904109589041,83.19999999999999,0.002577239137698212,0.864673512308483,39985.52224804919,568.530029296875,0.01472477969695496,2026-09-11
SMH261016C00495000,2026-07-30 18:45:42+00:00,495.0,74.77,76.95,80.15,0.0,0.0,6.0,72,0.45337460693359377,True,REGULAR,USD,SMH,call,2026-10-16,0.0958904109589041,78.55000000000001,0.002777457494431168,0.8608196185971686,64637.825112211045,568.530029296875,0.01472477969695496,2026-09-11
SMH261016C00500000,2026-09-11 16:16:39+00:00,500.0,76.75,72.25,75.65,5.029999,7.0133834,12.0,261,0.44275459594726563,True,REGULAR,USD,SMH,call,2026-10-16,0.0958904109589041,73.95,0.003000688843301271,0.8492864715232478,253144.37892804795,568.530029296875,0.01472477969695496,2026-09-11
SMH261016C00505000,2026-09-09 16:55:02+00:00,505.0,77.04,68.85,71.3,0.0,0.0,2.0,83,0.43445389770507814,True,REGULAR,USD,SMH,call,2026-10-16,0.0958904109589041,70.07499999999999,0.0032376991188140243,0.835607767196947,86860.31437264514,568.530029296875,0.01472477969695496,2026-09-11
SMH261016C00510000,2026-09-10 14:10:36+00:00,510.0,59.65,64.5,66.85,0.0,0.0,1.0,197,0.4228878512573242,True,REGULAR,USD,SMH,call,2026-10-16,0.0958904109589041,65.675,0.003495304256780012,0.8223630395753012,222565.5945440034,568.530029296875,0.01472477969695496,2026-09-11
SMH261016C00515000,2026-09-09 14:38:50+00:00,515.0,68.7,60.35,62.65,0.0,0.0,2.0,205,0.4153195675659179,True,REGULAR,USD,SMH,call,2026-10-16,0.0958904109589041,61.5,0.0037596836186442437,0.8059392175408381,249121.9407838576,568.530029296875,0.01472477969695496,2026-09-11
SMH261016C00520000,2026-09-08 19:15:55+00:00,520.0,66.3,55.0,58.4,0.0,0.0,3.0,157,0.4054014538574219,True,REGULAR,USD,SMH,call,2026-10-16,0.0958904109589041,56.7,0.004045684553262283,0.7893216046244578,205304.50875260824,568.530029296875,0.01472477969695496,2026-09-11
SMH261016C00525000,2026-09-08 18:45:32+00:00,525.0,62.05,51.0,54.35,0.0,0.0,2.0,294,0.39786368743896483,True,REGULAR,USD,SMH,call,2026-10-16,0.0958904109589041,52.675,0.004333690485046919,0.7701299194525153,411824.36583948456,568.530029296875,0.01472477969695496,2026-09-11
SMH261016C00530000,2026-09-11 19:28:46+00:00,530.0,49.3,48.0,50.1,4.549999,10.167597,11.0,777,0.3853821228027343,True,REGULAR,USD,SMH,call,2026-10-16,0.0958904109589041,49.05,0.004666692078980985,0.7517043162423461,1172025.2876379937,568.530029296875,0.01472477969695496,2026-09-11
SMH261016C00535000,2026-09-10 19:30:34+00:00,535.0,42.5,43.9,46.55,0.0,0.0,20.0,421,0.38327643096923825,True,REGULAR,USD,SMH,call,2026-10-16,0.0958904109589041,45.224999999999994,0.004927002376417503,0.7270216398333835,670458.1664224588,568.530029296875,0.01472477969695496,2026-09-11
SMH261016C00540000,2026-09-11 16:05:20+00:00,540.0,44.7,39.75,42.55,-2.9199982,-6.1318736,12.0,285,0.37198503997802734,True,REGULAR,USD,SMH,call,2026-10-16,0.0958904109589041,41.15,0.005271402818029912,0.7046603824908803,485599.10971403244,568.530029296875,0.01472477969695496,2026-09-11
SMH261016C00545000,2026-09-11 14:15:18+00:00,545.0,38.44,36.75,38.75,-6.2800026,-14.042939,2.0,275,0.362311064453125,True,REGULAR,USD,SMH,call,2026-10-16,0.0958904109589041,37.75,0.005608211192440907,0.6797600891962823,498498.51747128635,568.530029296875,0.01472477969695496,2026-09-11
SMH261016C00550000,2026-09-11 19:14:33+00:00,550.0,35.56,33.25,35.45,1.8600006,5.5192895,19.0,717,0.35843537078857424,True,REGULAR,USD,SMH,call,2026-10-16,0.0958904109589041,34.35,0.005862301639954817,0.651211008078578,1358607.8951619838,568.530029296875,0.01472477969695496,2026-09-11
SMH261016C00555000,2026-09-11 19:47:57+00:00,555.0,31.6,30.15,32.45,2.0599995,6.9735928,23.0,1425,0.356878989868164,True,REGULAR,USD,SMH,call,2026-10-16,0.0958904109589041,31.3,0.006055642187836524,0.6209259042597974,2789214.3293454014,568.530029296875,0.01472477969695496,2026-09-11
SMH261016C00560000,2026-09-11 19:55:13+00:00,560.0,28.75,27.45,29.75,3.0,11.650485,83.0,2471,0.35739778350830076,True,REGULAR,USD,SMH,call,2026-10-16,0.0958904109589041,28.6,0.006179713054255605,0.5896283430724554,4935689.974818363,568.530029296875,0.01472477969695496,2026-09-11
SMH261016C00565000,2026-09-11 19:58:17+00:00,565.0,25.6,23.95,26.25,1.6700001,6.978688,29.0,3034,0.3443669079589844,True,REGULAR,USD,SMH,call,2026-10-16,0.0958904109589041,25.1,0.006508948838921509,0.5587081920080027,6383123.568103693,568.530029296875,0.01472477969695496,2026-09-11
SMH261016C00570000,2026-09-11 19:40:16+00:00,570.0,23.0,21.25,23.75,0.90999985,4.11951,100.0,615,0.3433293206787109,False,REGULAR,USD,SMH,call,2026-10-16,0.0958904109589041,22.5,0.006586310695644476,0.5258920076142554,1309254.7162487898,568.530029296875,0.01472477969695496,2026-09-11
SMH261016C00575000,2026-09-11 19:26:13+00:00,575.0,20.85,19.4,20.95,3.0,16.806723,41.0,1079,0.33579155426025387,False,REGULAR,USD,SMH,call,2026-10-16,0.0958904109589041,20.174999999999997,0.006747033935704779,0.49204260569372843,2353104.1872685235,568.530029296875,0.01472477969695496,2026-09-11
SMH261016C00580000,2026-09-11 19:30:32+00:00,580.0,18.49,16.55,18.75,1.3400002,7.813412,48.0,1455,0.334418276977539,False,REGULAR,USD,SMH,call,2026-10-16,0.0958904109589041,17.65,0.006739498259731401,0.45855980117849976,3169548.314481445,568.530029296875,0.01472477969695496,2026-09-11
SMH261016C00585000,2026-09-11 19:32:11+00:00,585.0,16.47,15.25,16.85,1.1699991,7.647053,10.0,1723,0.3350133638000488,False,REGULAR,USD,SMH,call,2026-10-16,0.0958904109589041,16.05,0.006647513920755759,0.4260514637709808,3702127.3186062686,568.530029296875,0.01472477969695496,2026-09-11
SMH261016C00590000,2026-09-11 19:59:43+00:00,590.0,14.12,13.4,14.65,0.6700001,4.9814134,650.0,4247,0.3289709437561034,False,REGULAR,USD,SMH,call,2026-10-16,0.0958904109589041,14.025,0.006632155532137504,0.3915454038878042,9104241.740503477,568.530029296875,0.01472477969695496,2026-09-11
SMH261016C00595000,2026-09-11 18:49:46+00:00,595.0,13.35,11.65,12.85,1.3000002,10.788383,701.0,322,0.32639223419189456,False,REGULAR,USD,SMH,call,2026-10-16,0.0958904109589041,12.25,0.006502950270747744,0.3587640443534079,676819.9040173449,568.530029296875,0.01472477969695496,2026-09-11
SMH261016C00600000,2026-09-11 19:59:43+00:00,600.0,10.75,9.45,11.3,0.75,7.5,1132.0,6345,0.32529361236572263,False,REGULAR,USD,SMH,call,2026-10-16,0.0958904109589041,10.375,0.006305529054319131,0.3276533706635776,12931829.648811841,568.530029296875,0.01472477969695496,2026-09-11
SMH261016C00605000,2026-09-11 19:56:57+00:00,605.0,9.45,8.5,9.8,0.65999985,7.5085306,806.0,803,0.3226691268920897,False,REGULAR,USD,SMH,call,2026-10-16,0.0958904109589041,9.15,0.006089937647974092,0.2967036338664234,1580648.1553067449,568.530029296875,0.01472477969695496,2026-09-11
SMH261016C00610000,2026-09-11 19:08:00+00:00,610.0,8.69,7.35,8.5,1.1899996,15.86666,33.0,1839,0.3209906768798828,False,REGULAR,USD,SMH,call,2026-10-16,0.0958904109589041,7.925,0.00582504954090121,0.2676220157995236,3462487.1471937075,568.530029296875,0.01472477969695496,2026-09-11
SMH261016C00615000,2026-09-11 19:48:08+00:00,615.0,6.95,6.6,7.5,0.21000004,3.1157277,263.0,15512,0.32236395416259755,False,REGULAR,USD,SMH,call,2026-10-16,0.0958904109589041,7.05,0.005506877795600012,0.24235962536156552,27610867.544252705,568.530029296875,0.01472477969695496,2026-09-11
SMH261016C00620000,2026-09-11 19:48:08+00:00,620.0,5.95,5.5,6.3,-0.03999996,-0.667779,326.0,6572,0.3177863632202148,False,REGULAR,USD,SMH,call,2026-10-16,0.0958904109589041,5.9,0.005208949749781656,0.21403208912899574,11065079.537415965,568.530029296875,0.01472477969695496,2026-09-11
SMH261016C00625000,2026-09-11 19:59:43+00:00,625.0,5.13,4.65,5.55,-0.119999886,-2.285712,64.0,10244,0.31976998596191397,False,REGULAR,USD,SMH,call,2026-10-16,0.0958904109589041,5.1,0.004861733117161757,0.1926708026283684,16097836.124307662,568.530029296875,0.01472477969695496,2026-09-11
SMH261016C00630000,2026-09-11 19:43:14+00:00,630.0,4.55,3.95,4.9,0.10000038,2.2471998,537.0,2026,0.32211981597900385,False,REGULAR,USD,SMH,call,2026-10-16,0.0958904109589041,4.425000000000001,0.004518600525975188,0.17337254466393504,2959035.714620892,568.530029296875,0.01472477969695496,2026-09-11
SMH261016C00635000,2026-09-11 19:34:35+00:00,635.0,3.86,3.2,4.05,0.15999985,4.3243203,29.0,1667,0.31781688049316403,False,REGULAR,USD,SMH,call,2026-10-16,0.0958904109589041,3.625,0.004171879676012264,0.1502582310839149,2247885.528483331,568.530029296875,0.01472477969695496,2026-09-11
SMH261016C00640000,2026-09-11 18:42:51+00:00,640.0,3.55,3.0,3.3,0.37999988,11.987378,249.0,2227,0.31317825500488283,False,REGULAR,USD,SMH,call,2026-10-16,0.0958904109589041,3.15,0.0038083453895344215,0.12861070532792235,2741342.905184097,568.530029296875,0.01472477969695496,2026-09-11
SMH261016C00645000,2026-09-11 19:03:01+00:00,645.0,3.01,2.53,3.05,0.089999914,3.0821888,17.0,3108,0.32031929687499994,False,REGULAR,USD,SMH,call,2026-10-16,0.0958904109589041,2.79,0.0035097777420277287,0.1182076143427922,3525879.314963252,568.530029296875,0.01472477969695496,2026-09-11
SMH261016C00650000,2026-09-11 19:55:29+00:00,650.0,2.44,2.1,2.6,0.13000011,5.627711,55.0,3421,0.3202582623291015,False,REGULAR,USD,SMH,call,2026-10-16,0.0958904109589041,2.35,0.0031906062889384247,0.10345559959879991,3528036.8163125045,568.530029296875,0.01472477969695496,2026-09-11
SMH261016C00655000,2026-09-11 19:23:05+00:00,655.0,2.05,1.67,2.3,-0.1500001,-6.818186,122.0,345,0.3233710241699218,False,REGULAR,USD,SMH,call,2026-10-16,0.0958904109589041,1.9849999999999999,0.0029109778243541625,0.09249918151520675,324612.17870030244,568.530029296875,0.01472477969695496,2026-09-11
SMH261016C00660000,2026-09-11 18:20:07+00:00,660.0,1.9,1.54,1.86,0.059999943,3.2608664,69.0,3312,0.3197089514160155,False,REGULAR,USD,SMH,call,2026-10-16,0.0958904109589041,1.7000000000000002,0.0025911113300276845,0.07799944031156779,2773851.575151239,568.530029296875,0.01472477969695496,2026-09-11
SMH261016C00665000,2026-09-11 14:37:23+00:00,665.0,1.63,1.12,1.62,0.13,8.666667,6.0,523,0.3218451605224609,False,REGULAR,USD,SMH,call,2026-10-16,0.0958904109589041,1.37,0.002339962847315882,0.06886345335824136,395564.64520009555,568.530029296875,0.01472477969695496,2026-09-11
SMH261016C00670000,2026-09-11 19:27:57+00:00,670.0,1.3,1.05,1.38,-0.05000007,-3.703709,13.0,1728,0.3225165405273437,False,REGULAR,USD,SMH,call,2026-10-16,0.0958904109589041,1.2149999999999999,0.002093938250520654,0.05985225128168002,1169538.238804057,568.530029296875,0.01472477969695496,2026-09-11
SMH261016C00675000,2026-09-11 19:27:57+00:00,675.0,1.09,0.93,1.21,-0.9599999,-46.829266,7.0,387,0.32507999145507804,False,REGULAR,USD,SMH,call,2026-10-16,0.0958904109589041,1.07,0.0018864165796044301,0.052959320915878086,235969.2364260382,568.530029296875,0.01472477969695496,2026-09-11
SMH261016C00680000,2026-09-11 18:31:49+00:00,680.0,1.04,0.67,1.14,0.01999998,1.9607825,5.0,2138,0.33222103332519537,False,REGULAR,USD,SMH,call,2026-10-16,0.0958904109589041,0.905,0.0017438302857636964,0.049307026302352626,1205087.9233744428,568.530029296875,0.01472477969695496,2026-09-11
SMH261016C00685000,2026-09-10 14:04:25+00:00,685.0,1.21,0.64,1.19,0.0,0.0,1.0,230,0.34570966796874997,False,REGULAR,USD,SMH,call,2026-10-16,0.0958904109589041,0.915,0.0016760758410956735,0.04931752861108117,124602.94862505372,568.530029296875,0.01472477969695496,2026-09-11
SMH261016C00690000,2026-09-11 13:49:20+00:00,690.0,0.96,0.47,1.14,0.19,24.675325,1.0,449,0.35352208984374994,False,REGULAR,USD,SMH,call,2026-10-16,0.0958904109589041,0.8049999999999999,0.001565549684945003,0.0465708529804511,227206.113851618,568.530029296875,0.01472477969695496,2026-09-11
SMH261016C00695000,2026-09-08 19:59:41+00:00,695.0,1.39,0.41,0.73,0.0,0.0,8.0,1447,0.3363103479003906,False,REGULAR,USD,SMH,call,2026-10-16,0.0958904109589041,0.57,0.0012403106436422596,0.032900229219927586,580103.9453079228,568.530029296875,0.01472477969695496,2026-09-11
SMH261016C00700000,2026-09-11 15:33:37+00:00,700.0,0.66,0.34,0.64,0.120000005,22.222221,5.0,15368,0.3386296606445312,False,REGULAR,USD,SMH,call,2026-10-16,0.0958904109589041,0.49,0.0011114913353933024,0.029057727703182656,5521158.955906724,568.530029296875,0.01472477969695496,2026-09-11
SMH261016C00705000,2026-09-08 15:14:17+00:00,705.0,1.36,0.33,1.04,0.0,0.0,3.0,110,0.37805797729492185,False,REGULAR,USD,SMH,call,2026-10-16,0.0958904109589041,0.685,0.0013043789138421384,0.04036767790559417,46377.06623085337,568.530029296875,0.01472477969695496,2026-09-11
SMH261016C00710000,2026-09-11 13:49:20+00:00,710.0,0.01,0.18,0.94,-0.46,-97.87234,1.0,180,0.3811097045898437,False,REGULAR,USD,SMH,call,2026-10-16,0.0958904109589041,0.5599999999999999,0.0011950174214131713,0.03661512300636751,69527.01098596798,568.530029296875,0.01472477969695496,2026-09-11
SMH261016C00715000,2026-09-08 14:12:00+00:00,715.0,0.82,0.21,0.73,0.0,0.0,1.0,80,0.3746400427246094,False,REGULAR,USD,SMH,call,2026-10-16,0.0958904109589041,0.47,0.0010237955216570612,0.029725752729796273,26473.41879007346,568.530029296875,0.01472477969695496,2026-09-11
SMH261016C00720000,2026-09-11 16:13:07+00:00,720.0,0.41,0.19,0.65,-0.48999998,-54.444443,67.0,3142,0.37695935546875,False,REGULAR,USD,SMH,call,2026-10-16,0.0958904109589041,0.42000000000000004,0.0009295142659514849,0.02666582044522894,943993.6169836298,568.530029296875,0.01472477969695496,2026-09-11
SMH261016C00725000,2026-09-03 15:16:13+00:00,725.0,0.29,0.09,0.77,0.0,0.0,1.0,976,0.39649041015625003,False,REGULAR,USD,SMH,call,2026-10-16,0.0958904109589041,0.43,0.0009625122547695993,0.0295458043066258,303642.7407224695,568.530029296875,0.01472477969695496,2026-09-11
SMH261016C00730000,2026-09-09 16:25:31+00:00,730.0,0.7,0.01,0.8,0.0,0.0,4.0,185,0.40820904296875,False,REGULAR,USD,SMH,call,2026-10-16,0.0958904109589041,0.405,0.0009408788411106825,0.02977437456104373,56261.621912528855,568.530029296875,0.01472477969695496,2026-09-11
SMH261016C00735000,2026-09-11 13:31:16+00:00,735.0,0.24,0.06,0.77,0.030000001,14.285715,1.0,40,0.41480077392578124,False,REGULAR,USD,SMH,call,2026-10-16,0.0958904109589041,0.41500000000000004,0.0008895125289115442,0.028370821060679258,11500.557093069905,568.530029296875,0.01472477969695496,2026-09-11
SMH261016C00740000,2026-09-04 19:18:28+00:00,740.0,0.3,0.11,0.69,0.0,0.0,4.0,130,0.4165097412109374,False,REGULAR,USD,SMH,call,2026-10-16,0.0958904109589041,0.39999999999999997,0.0008134898596013061,0.025616972421713666,34182.38122613663,568.530029296875,0.01472477969695496,2026-09-11
SMH261016C00745000,2026-09-09 14:23:26+00:00,745.0,0.41,0.1,0.3,0.0,0.0,2.0,149,0.3776917700195312,False,REGULAR,USD,SMH,call,2026-10-16,0.0958904109589041,0.2,0.0005103300223415177,0.013206146741787685,24577.867813980374,568.530029296875,0.01472477969695496,2026-09-11
SMH261016C00750000,2026-09-11 16:13:07+00:00,750.0,0.23,0.09,0.35,-0.21,-47.727272,2.0,2044,0.393560751953125,False,REGULAR,USD,SMH,call,2026-10-16,0.0958904109589041,0.21999999999999997,0.0005341614101554775,0.014604706155212598,352906.9559912351,568.530029296875,0.01472477969695496,2026-09-11
SMH261016C00755000,2026-09-11 15:56:05+00:00,755.0,0.16,0.03,0.22,-0.31,-65.95744,2.0,61,0.37842418457031246,False,REGULAR,USD,SMH,call,2026-10-16,0.0958904109589041,0.125,0.00039725723005086614,0.00992012544944244,7832.645344690698,568.530029296875,0.01472477969695496,2026-09-11
SMH261016C00760000,2026-09-11 15:54:05+00:00,760.0,0.34,0.07,0.27,0.19,126.666664,1.0,275,0.39600213378906257,False,REGULAR,USD,SMH,call,2026-10-16,0.0958904109589041,0.17,0.00043075334453756794,0.01146906042363553,38288.48384618648,568.530029296875,0.01472477969695496,2026-09-11
SMH261016C00765000,2026-09-11 14:01:25+00:00,765.0,0.31,0.06,0.45,-0.050000012,-13.888891,10.0,84,0.43164630859375,False,REGULAR,USD,SMH,call,2026-10-16,0.0958904109589041,0.255,0.0005488749344713612,0.01678823822212114,14902.512739186259,568.530029296875,0.01472477969695496,2026-09-11
SMH261016C00770000,2026-09-10 15:10:21+00:00,770.0,0.16,0.05,0.26,0.0,0.0,3.0,43,0.40918559570312496,False,REGULAR,USD,SMH,call,2026-10-16,0.0958904109589041,0.155,0.000392923057725053,0.010714690359586432,5461.133435507725,568.530029296875,0.01472477969695496,2026-09-11
SMH261016C00775000,2026-09-11 16:11:01+00:00,775.0,0.16,0.04,0.26,-0.08,-33.333336,2.0,2550,0.4165097412109374,False,REGULAR,USD,SMH,call,2026-10-16,0.0958904109589041,0.15,0.0003794135656005967,0.010504640394628416,312723.020747003,568.530029296875,0.01472477969695496,2026-09-11
SMH261016C00780000,2026-09-02 16:08:01+00:00,780.0,0.08,0.03,0.52,0.0,0.0,4.0,726,0.4646049633789063,False,REGULAR,USD,SMH,call,2026-10-16,0.0958904109589041,0.275,0.000538305257980965,0.017886751187909944,126319.9834214891,568.530029296875,0.01472477969695496,2026-09-11
SMH261016C00785000,2026-09-02 20:03:29+00:00,785.0,0.15,0.03,0.28,0.0,0.0,4.0,51,0.43555251953125,False,REGULAR,USD,SMH,call,2026-10-16,0.0958904109589041,0.15500000000000003,0.00037265394891155607,0.010832037944609376,6143.031201978609,568.530029296875,0.01472477969695496,2026-09-11
SMH261016C00790000,2026-09-11 13:49:15+00:00,790.0,0.18,0.02,0.48,0.06000001,50.000008,13.0,83,0.47485876708984376,False,REGULAR,USD,SMH,call,2026-10-16,0.0958904109589041,0.25,0.0004857807239145297,0.01627259368434324,13032.423596805167,568.530029296875,0.01472477969695496,2026-09-11
SMH261016C00795000,2026-09-09 16:28:18+00:00,795.0,0.28,0.01,0.61,0.0,0.0,4.0,32,0.499028447265625,False,REGULAR,USD,SMH,call,2026-10-16,0.0958904109589041,0.31,0.0005355613565060723,0.01933690595460395,5539.442116573083,568.530029296875,0.01472477969695496,2026-09-11
SMH261016C00800000,2026-09-09 18:49:59+00:00,800.0,0.17,0.06,0.46,0.0,0.0,3.0,314,0.48730981445312505,False,REGULAR,USD,SMH,call,2026-10-16,0.0958904109589041,0.26,0.0004486600308843135,0.01528663919680689,45535.891899114344,568.530029296875,0.01472477969695496,2026-09-11
SMH261016C00805000,2026-09-11 16:11:01+00:00,805.0,0.09,0.01,0.15,-0.08,-47.058823,2.0,55,0.43164630859375,False,REGULAR,USD,SMH,call,2026-10-16,0.0958904109589041,0.08,0.00022698019113341655,0.0060979780472077486,4035.1293805720793,568.530029296875,0.01472477969695496,2026-09-11
SMH261016C00810000,2026-09-11 18:11:13+00:00,810.0,0.09,0.02,0.3,-0.03999999,-30.769224,27.0,134,0.4753470434570312,False,REGULAR,USD,SMH,call,2026-10-16,0.0958904109589041,0.16,0.00033450078801833646,0.010579024300757535,14488.010798693784,568.530029296875,0.01472477969695496,2026-09-11
SMH261016C00815000,2026-09-03 17:42:17+00:00,815.0,0.16,0.01,0.59,0.0,0.0,1.0,195,0.5273484765625001,False,REGULAR,USD,SMH,call,2026-10-16,0.0958904109589041,0.3,0.0004735357154220317,0.017854811766916202,29846.55215618851,568.530029296875,0.01472477969695496,2026-09-11
SMH261016C00820000,2026-09-11 19:14:52+00:00,820.0,0.06,0.01,0.55,-0.11,-64.70588,10.0,159,0.5295457202148439,False,REGULAR,USD,SMH,call,2026-10-16,0.0958904109589041,0.28,0.00044455469316066813,0.016663414869099034,22846.997869576426,568.530029296875,0.01472477969695496,2026-09-11
SMH261016C00825000,2026-09-09 18:33:15+00:00,825.0,0.1,0.0,0.59,0.0,0.0,4.0,77,0.5422409057617189,False,REGULAR,USD,SMH,call,2026-10-16,0.0958904109589041,0.295,0.0004505565604371536,0.01740258680910123,11213.646476247593,568.530029296875,0.01472477969695496,2026-09-11
SMH261016C00830000,2026-09-03 17:47:52+00:00,830.0,0.16,0.0,0.58,0.0,0.0,1.0,122,0.5009815527343751,False,REGULAR,USD,SMH,call,2026-10-16,0.0958904109589041,0.29,0.00029498087070052424,0.009727565934054022,11632.163590172686,568.530029296875,0.01472477969695496,2026-09-11
SMH261016C00835000,2026-09-04 19:27:14+00:00,835.0,0.17,0.0,0.46,0.0,0.0,1.0,2081,0.5383346948242189,False,REGULAR,USD,SMH,call,2026-10-16,0.0958904109589041,0.23,0.0003747802304123127,0.01392398148780665,252089.97285881435,568.530029296875,0.01472477969695496,2026-09-11
SMH261016C00840000,2026-09-11 18:11:51+00:00,840.0,0.05,0.0,0.58,-0.10000001,-66.66667,6.0,41,0.514653291015625,False,REGULAR,USD,SMH,call,2026-10-16,0.0958904109589041,0.29,0.0002812260655831735,0.009498503509201983,3726.887172615463,568.530029296875,0.01472477969695496,2026-09-11
SMH261016C00845000,2026-09-09 16:55:02+00:00,845.0,0.45,0.0,0.6,0.0,0.0,2.0,24,0.523442265625,False,REGULAR,USD,SMH,call,2026-10-16,0.0958904109589041,0.3,0.0002800698001469052,0.009638756822844102,2172.622839101885,568.530029296875,0.01472477969695496,2026-09-11
SMH261016C00850000,2026-09-11 14:53:43+00:00,850.0,0.07,0.0,0.09,0.030000001,75.0,87.0,1442,0.46484910156250003,False,REGULAR,USD,SMH,call,2026-10-16,0.0958904109589041,0.045,0.0001289404130482176,0.003515623762703305,60098.15436961744,568.530029296875,0.01472477969695496,2026-09-11
SMH261016C00855000,2026-09-11 14:11:16+00:00,855.0,0.15,0.0,0.15,0.0,0.0,1.0,70,0.49609878906250005,False,REGULAR,USD,SMH,call,2026-10-16,0.0958904109589041,0.075,0.00017492080219865124,0.005318789727965865,3957.7314117175783,568.530029296875,0.01472477969695496,2026-09-11
SMH261016C00860000,2026-09-04 19:28:05+00:00,860.0,0.12,0.0,0.57,0.0,0.0,1.0,63,0.5400436621093752,False,REGULAR,USD,SMH,call,2026-10-16,0.0958904109589041,0.285,0.0002540118368561492,0.008934055778332294,5172.509797198225,568.530029296875,0.01472477969695496,2026-09-11
SMH261016C00865000,2026-09-09 18:32:30+00:00,865.0,0.05,0.0,2.73,0.0,0.0,8.0,44,0.6781038049316408,False,REGULAR,USD,SMH,call,2026-10-16,0.0958904109589041,1.365,0.000575799832914284,0.030371615039114206,8189.00296636101,568.530029296875,0.01472477969695496,2026-09-11
SMH261016C00870000,2026-09-09 18:31:45+00:00,870.0,0.17,0.0,1.51,0.0,0.0,1.0,54,0.6272009936523439,False,REGULAR,USD,SMH,call,2026-10-16,0.0958904109589041,0.755,0.00042085535384773576,0.01905637553838641,7345.70415949397,568.530029296875,0.01472477969695496,2026-09-11
SMH261016C00875000,2026-09-11 14:09:46+00:00,875.0,0.15,0.0,0.2,0.0,0.0,1.0,24,0.500005,False,REGULAR,USD,SMH,call,2026-10-16,0.0958904109589041,0.1,0.0001240717917782128,0.0036530307508398875,962.4786691183608,568.530029296875,0.01472477969695496,2026-09-11
SMH261016C00880000,2026-09-11 19:03:40+00:00,880.0,0.19,0.0,2.53,0.03999999,26.666658,3.0,187,0.6921417504882813,False,REGULAR,USD,SMH,call,2026-10-16,0.0958904109589041,1.265,0.0005250646782813585,0.027858937024847222,31736.660622866893,568.530029296875,0.01472477969695496,2026-09-11
SMH261016C00885000,2026-09-11 14:09:52+00:00,885.0,0.06,0.0,0.07,-0.09,-59.999996,20.0,3120,0.49414568359375005,False,REGULAR,USD,SMH,call,2026-10-16,0.0958904109589041,0.035,9.344609582867392e-05,0.002631662569200136,94237.24317670988,568.530029296875,0.01472477969695496,2026-09-11
SMH261016C00890000,2026-09-11 16:00:11+00:00,890.0,0.05,0.0,0.05,-0.09,-64.28571,12.0,146,0.48438015625,False,REGULAR,USD,SMH,call,2026-10-16,0.0958904109589041,0.025,7.240917608501017e-05,0.0019426165086623938,3417.065306500895,568.530029296875,0.01472477969695496,2026-09-11
SMH261016C00895000,2026-09-09 18:32:20+00:00,895.0,0.14,0.0,1.22,0.0,0.0,1.0,9,0.6425816992187501,False,REGULAR,USD,SMH,call,2026-10-16,0.0958904109589041,0.61,0.00034091428869908433,0.015321558146574705,991.7324664449218,568.530029296875,0.01472477969695496,2026-09-11
SMH261016C00900000,2026-09-10 19:59:20+00:00,900.0,0.04,0.0,0.57,0.0,0.0,10.0,77,0.5908244042968751,False,REGULAR,USD,SMH,call,2026-10-16,0.0958904109589041,0.285,0.00021621915988019608,0.008237419173140246,5381.355934392112,568.530029296875,0.01472477969695496,2026-09-11
SMH261016C00905000,2026-09-09 18:31:38+00:00,905.0,0.17,0.0,2.53,0.0,0.0,1.0,78,0.7277859252929688,False,REGULAR,USD,SMH,call,2026-10-16,0.0958904109589041,1.265,0.0004806652335607667,0.02661410586749192,12118.36784083086,568.530029296875,0.01472477969695496,2026-09-11
SMH261016C00910000,2026-09-10 19:59:11+00:00,910.0,0.03,0.0,0.6,0.0,0.0,20.0,75,0.6064492480468751,False,REGULAR,USD,SMH,call,2026-10-16,0.0958904109589041,0.3,0.00021458082502076546,0.008412770841704515,5201.863975392277,568.530029296875,0.01472477969695496,2026-09-11
SMH261016C00915000,2026-09-04 19:28:17+00:00,915.0,0.12,0.0,2.4,0.0,0.0,1.0,37,0.7358424853515625,False,REGULAR,USD,SMH,call,2026-10-16,0.0958904109589041,1.2,0.0004532041534686226,0.025135779552550832,5420.039141605019,568.530029296875,0.01472477969695496,2026-09-11
SMH261016C00920000,2026-08-31 13:50:24+00:00,920.0,0.04,0.0,2.1,0.0,0.0,16.0,15,0.7280300634765625,False,REGULAR,USD,SMH,call,2026-10-16,0.0958904109589041,1.05,0.00041682847251320847,0.022467713567317207,2020.9494626320122,568.530029296875,0.01472477969695496,2026-09-11
SMH261016C00925000,2026-08-27 18:25:32+00:00,925.0,0.09,0.0,2.72,0.0,0.0,2.0,99,0.7639183764648438,False,REGULAR,USD,SMH,call,2026-10-16,0.0958904109589041,1.36,0.0004668018814243848,0.027232925675453743,14937.386205488088,568.530029296875,0.01472477969695496,2026-09-11
SMH261016C00930000,2026-08-27 18:09:15+00:00,930.0,0.09,0.0,2.4,0.0,0.0,2.0,344,0.7563500927734376,False,REGULAR,USD,SMH,call,2026-10-16,0.0958904109589041,1.2,0.00043227655894643226,0.024549637412906868,48064.77854706091,568.530029296875,0.01472477969695496,2026-09-11
SMH261016C00935000,2026-08-26 17:36:28+00:00,935.0,0.07,0.0,2.25,0.0,0.0,2.0,233,0.7556176782226562,False,REGULAR,USD,SMH,call,2026-10-16,0.0958904109589041,1.125,0.00041175531252570386,0.023142855226084006,31010.013096948504,568.530029296875,0.01472477969695496,2026-09-11
SMH261016C00940000,2026-08-27 17:57:17+00:00,940.0,0.07,0.0,1.86,0.0,0.0,2.0,156,0.7417018017578124,False,REGULAR,USD,SMH,call,2026-10-16,0.0958904109589041,0.93,0.00036777005869478917,0.019807649986939055,18544.186435501688,568.530029296875,0.01472477969695496,2026-09-11
SMH261016C00945000,2026-08-27 17:55:17+00:00,945.0,0.07,0.0,2.0,0.0,0.0,6.0,5,0.75586181640625,False,REGULAR,USD,SMH,call,2026-10-16,0.0958904109589041,1.0,0.00037614122778731573,0.02079945438248559,607.8938638614177,568.530029296875,0.01472477969695496,2026-09-11
SMH261016C00950000,2026-08-19 19:37:20+00:00,950.0,0.1,0.0,2.2,0.0,0.0,2.0,27,0.7729514892578125,False,REGULAR,USD,SMH,call,2026-10-16,0.0958904109589041,1.1,0.0003894507699094848,0.022253961172570155,3398.780738188324,568.530029296875,0.01472477969695496,2026-09-11
SMH261016C00955000,2026-08-27 17:52:39+00:00,955.0,0.07,0.0,2.2,0.0,0.0,2.0,264,0.77929908203125,False,REGULAR,USD,SMH,call,2026-10-16,0.0958904109589041,1.1,0.00038362403524447997,0.0220728572855333,32735.317202345388,568.530029296875,0.01472477969695496,2026-09-11
SMH261016C00960000,2026-08-27 18:11:14+00:00,960.0,0.06,0.0,1.96,0.0,0.0,4.0,78,0.7729514892578125,False,REGULAR,USD,SMH,call,2026-10-16,0.0958904109589041,0.98,0.0003563374604692164,0.020035135609877467,8983.858452678312,568.530029296875,0.01472477969695496,2026-09-11
SMH261016C00965000,2026-08-19 19:36:29+00:00,965.0,0.09,0.0,2.0,0.0,0.0,2.0,15,0.7813742565917969,False,REGULAR,USD,SMH,call,2026-10-16,0.0958904109589041,1.0,0.0003548579391034572,0.020193499399003993,1720.4917817103058,568.530029296875,0.01472477969695496,2026-09-11
SMH261016C00970000,2026-08-18 19:42:28+00:00,970.0,0.11,0.0,2.0,0.0,0.0,2.0,32,0.7875997802734375,False,REGULAR,USD,SMH,call,2026-10-16,0.0958904109589041,1.0,0.00034984479418903396,0.020044235424236317,3618.530283509363,568.530029296875,0.01472477969695496,2026-09-11
SMH261016C00975000,2026-08-21 18:07:37+00:00,975.0,0.13,0.0,2.1,0.0,0.0,2.0,9,0.7993184130859375,False,REGULAR,USD,SMH,call,2026-10-16,0.0958904109589041,1.05,0.00035395611941258317,0.020679667698377074,1029.6716416839856,568.530029296875,0.01472477969695496,2026-09-11
SMH261016C00980000,2026-09-10 19:59:30+00:00,980.0,0.01,0.0,0.07,0.0,0.0,20.0,5804,0.5585981640625001,False,REGULAR,USD,SMH,call,2026-10-16,0.0958904109589041,0.035,4.004027325055214e-05,0.0011862136450184848,75115.79253968231,568.530029296875,0.01472477969695496,2026-09-11
SMH261016P00190000,2026-08-24 16:54:34+00:00,190.0,0.06,0.0,1.79,0.0,0.0,10.0,61,1.6171894140625,False,REGULAR,USD,SMH,put,2026-10-16,0.0958904109589041,0.895,7.024301031998956e-05,-0.007208771588572471,-1384.9680916052273,568.530029296875,0.01472477969695496,2026-09-11
SMH261016P00195000,2026-08-12 14:38:43+00:00,195.0,0.14,0.0,0.2,0.0,0.0,1.0,17,1.22266013671875,False,REGULAR,USD,SMH,put,2026-10-16,0.0958904109589041,0.1,1.9055108379507147e-05,-0.0012402939619289288,-104.70493753815734,568.530029296875,0.01472477969695496,2026-09-11
SMH261016P00200000,2026-08-10 17:41:59+00:00,200.0,0.19,0.0,1.7,0.0,0.0,79.0,76,1.534670295410156,False,REGULAR,USD,SMH,put,2026-10-16,0.0958904109589041,0.85,7.449494059241862e-05,-0.007261249256784841,-1829.983558640801,568.530029296875,0.01472477969695496,2026-09-11
SMH261016P00205000,2026-09-08 15:10:45+00:00,205.0,0.05,0.0,2.72,0.0,0.0,2.0,12,1.609376953125,False,REGULAR,USD,SMH,put,2026-10-16,0.0958904109589041,1.36,9.913668442120224e-05,-0.010620610291408261,-384.5231164755413,568.530029296875,0.01472477969695496,2026-09-11
SMH261016P00210000,2026-08-10 15:40:44+00:00,210.0,0.27,0.0,1.78,0.0,0.0,2.0,3,1.4770533959960939,False,REGULAR,USD,SMH,put,2026-10-16,0.0958904109589041,0.89,8.315595852353973e-05,-0.007877333205448034,-80.63460189249533,568.530029296875,0.01472477969695496,2026-09-11
SMH261016P00215000,2026-08-24 17:27:18+00:00,215.0,0.04,0.0,1.49,0.0,0.0,60.0,17,1.4086943627929687,False,REGULAR,USD,SMH,put,2026-10-16,0.0958904109589041,0.745,7.880101906850233e-05,-0.007022785224444106,-432.9996773140413,568.530029296875,0.01472477969695496,2026-09-11
SMH261016P00220000,2026-09-04 15:55:36+00:00,220.0,0.04,0.0,0.14,0.0,0.0,1.0,360,1.0546922265625,False,REGULAR,USD,SMH,put,2026-10-16,0.0958904109589041,0.07,1.8596741756701813e-05,-0.0010278555231330033,-2163.944801561812,568.530029296875,0.01472477969695496,2026-09-11
SMH261016P00225000,2026-09-03 17:26:06+00:00,225.0,0.03,0.0,1.7,0.0,0.0,6.0,194,1.372561730957031,False,REGULAR,USD,SMH,put,2026-10-16,0.0958904109589041,0.85,9.213199386766182e-05,-0.00814275252540786,-5777.2214808703075,568.530029296875,0.01472477969695496,2026-09-11
SMH261016P00230000,2026-09-08 15:06:04+00:00,230.0,0.08,0.0,0.11,0.0,0.0,1.0,11,0.98437515625,False,REGULAR,USD,SMH,put,2026-10-16,0.0958904109589041,0.055,1.6963247456554315e-05,-0.0008626603897856633,-60.31266240464427,568.530029296875,0.01472477969695496,2026-09-11
SMH261016P00235000,2026-09-04 17:36:24+00:00,235.0,0.04,0.0,1.5,0.0,0.0,2.0,22,1.2895543334960937,False,REGULAR,USD,SMH,put,2026-10-16,0.0958904109589041,0.75,9.362100131777617e-05,-0.007724701145486068,-665.7371309267867,568.530029296875,0.01472477969695496,2026-09-11
SMH261016P00240000,2026-09-04 13:30:03+00:00,240.0,0.03,0.0,1.67,0.0,0.0,4.0,154,1.2802770361328122,False,REGULAR,USD,SMH,put,2026-10-16,0.0958904109589041,0.835,0.00010342263598379341,-0.008580738311648073,-5148.054559181901,568.530029296875,0.01472477969695496,2026-09-11
SMH261016P00245000,2026-09-04 14:33:30+00:00,245.0,0.05,0.0,1.84,0.0,0.0,2.0,5,1.2700231811523435,False,REGULAR,USD,SMH,put,2026-10-16,0.0958904109589041,0.92,0.00011362407650469321,-0.00946633472457814,-183.63150272157569,568.530029296875,0.01472477969695496,2026-09-11
SMH261016P00250000,2026-09-11 17:21:11+00:00,250.0,0.16,0.02,0.16,0.12,300.0,1.0,495,0.9414068359375,False,REGULAR,USD,SMH,put,2026-10-16,0.0958904109589041,0.09,2.8621940105463168e-05,-0.0014542494944320694,-4579.426415346472,568.530029296875,0.01472477969695496,2026-09-11
SMH261016P00255000,2026-09-04 14:55:51+00:00,255.0,0.19,0.0,0.87,0.0,0.0,1.0,82,1.0961959252929687,False,REGULAR,USD,SMH,put,2026-10-16,0.0958904109589041,0.435,8.148237120620174e-05,-0.005494424089529382,-2159.6547490216326,568.530029296875,0.01472477969695496,2026-09-11
SMH261016P00260000,2026-09-04 17:06:08+00:00,260.0,0.1,0.0,1.5,0.0,0.0,2.0,144,1.1528362670898438,False,REGULAR,USD,SMH,put,2026-10-16,0.0958904109589041,0.75,0.00011551557615909193,-0.008636976766404514,-5376.626374645475,568.530029296875,0.01472477969695496,2026-09-11
SMH261016P00265000,2026-09-04 16:21:48+00:00,265.0,0.19,0.0,1.15,0.0,0.0,1.0,24,1.0864303491210938,False,REGULAR,USD,SMH,put,2026-10-16,0.0958904109589041,0.575,0.00010408731749249427,-0.007171898949916322,-807.4504395919286,568.530029296875,0.01472477969695496,2026-09-11
SMH261016P00270000,2026-09-11 16:02:59+00:00,270.0,0.08,0.0,1.43,-0.010000005,-11.111116,2.0,83,1.094242810058594,False,REGULAR,USD,SMH,put,2026-10-16,0.0958904109589041,0.715,0.00012243397871071365,-0.008696309485476617,-3284.6331578216027,568.530029296875,0.01472477969695496,2026-09-11
SMH261016P00275000,2026-09-11 18:26:05+00:00,275.0,0.19,0.03,0.19,0.11,137.5,1.0,34,0.8554701953125,False,REGULAR,USD,SMH,put,2026-10-16,0.0958904109589041,0.11,4.085040647006747e-05,-0.0019348584841206717,-448.93360590451607,568.530029296875,0.01472477969695496,2026-09-11
SMH261016P00280000,2026-09-10 16:44:33+00:00,280.0,0.07,0.0,2.15,0.0,0.0,2.0,41,1.1106001501464844,False,REGULAR,USD,SMH,put,2026-10-16,0.0958904109589041,1.075,0.00016507004597698138,-0.01246282541709065,-2187.554825897567,568.530029296875,0.01472477969695496,2026-09-11
SMH261016P00285000,2026-09-10 16:01:33+00:00,285.0,0.22,0.0,0.92,0.0,0.0,1.0,70,0.9619144433593749,False,REGULAR,USD,SMH,put,2026-10-16,0.0958904109589041,0.46,0.00010874474034198264,-0.00656600723518197,-2460.441921720474,568.530029296875,0.01472477969695496,2026-09-11
SMH261016P00290000,2026-09-09 15:47:43+00:00,290.0,0.1,0.0,2.1,0.0,0.0,2.0,121,1.0571336206054687,False,REGULAR,USD,SMH,put,2026-10-16,0.0958904109589041,1.05,0.00017764030126334217,-0.012814016963964892,-6947.582119340667,568.530029296875,0.01472477969695496,2026-09-11
SMH261016P00295000,2026-09-10 17:31:17+00:00,295.0,0.1,0.0,1.5,0.0,0.0,2.0,64,0.9819337744140625,False,REGULAR,USD,SMH,put,2026-10-16,0.0958904109589041,0.75,0.00015562197313038006,-0.010107750974192697,-3219.2722710487715,568.530029296875,0.01472477969695496,2026-09-11
SMH261016P00300000,2026-09-11 13:49:02+00:00,300.0,0.26,0.04,0.79,0.16,160.00002,5.0,664,0.8842785009765625,False,REGULAR,USD,SMH,put,2026-10-16,0.0958904109589041,0.41500000000000004,0.00011673630104050606,-0.006468456855433957,-25054.216429579308,568.530029296875,0.01472477969695496,2026-09-11
SMH261016P00305000,2026-09-11 18:26:47+00:00,305.0,0.17,0.0,0.17,0.040000007,30.769236,3.0,107,0.7216824707031251,False,REGULAR,USD,SMH,put,2026-10-16,0.0958904109589041,0.085,4.4785567420393026e-05,-0.0017755828324530487,-1548.9188892948948,568.530029296875,0.01472477969695496,2026-09-11
SMH261016P00310000,2026-09-11 18:26:51+00:00,310.0,0.08,0.0,0.56,-0.25,-75.757576,42.0,1044,0.8022480712890624,False,REGULAR,USD,SMH,put,2026-10-16,0.0958904109589041,0.28,0.00010103496405679924,-0.0049263770111689364,-34094.08247479288,568.530029296875,0.01472477969695496,2026-09-11
SMH261016P00315000,2026-09-11 15:24:39+00:00,315.0,0.2,0.0,0.7,-0.030000001,-13.043478,5.0,22,0.804689453125,False,REGULAR,USD,SMH,put,2026-10-16,0.0958904109589041,0.35,0.00012076858026862421,-0.0060422461302581665,-858.7830401560697,568.530029296875,0.01472477969695496,2026-09-11
SMH261016P00320000,2026-09-08 17:11:04+00:00,320.0,0.13,0.0,0.7,0.0,0.0,5.0,53,0.7851583984375,False,REGULAR,USD,SMH,put,2026-10-16,0.0958904109589041,0.35,0.0001264264246230235,-0.006188655192046144,-2165.8109402948476,568.530029296875,0.01472477969695496,2026-09-11
SMH261016P00325000,2026-09-10 17:32:41+00:00,325.0,0.17,0.04,0.45,0.0,0.0,144.0,215,0.7329128271484374,False,REGULAR,USD,SMH,put,2026-10-16,0.0958904109589041,0.245,0.00010680340839386071,-0.004737407497624524,-7422.161325717354,568.530029296875,0.01472477969695496,2026-09-11
SMH261016P00330000,2026-09-08 16:07:08+00:00,330.0,0.26,0.06,0.25,0.0,0.0,1.0,446,0.6777375976562501,False,REGULAR,USD,SMH,put,2026-10-16,0.0958904109589041,0.155,8.383596265429617e-05,-0.003312634927220004,-12085.706177673286,568.530029296875,0.01472477969695496,2026-09-11
SMH261016P00335000,2026-09-11 19:37:10+00:00,335.0,0.11,0.06,0.37,-0.07000001,-38.888893,12.0,91,0.68555001953125,False,REGULAR,USD,SMH,put,2026-10-16,0.0958904109589041,0.215,0.00010801512584460366,-0.004451680353813492,-3177.1139078897086,568.530029296875,0.01472477969695496,2026-09-11
SMH261016P00340000,2026-09-11 15:10:14+00:00,340.0,0.34,0.08,0.34,0.15,78.94737,2.0,152,0.6665072412109377,False,REGULAR,USD,SMH,put,2026-10-16,0.0958904109589041,0.21000000000000002,0.00011198419160818837,-0.004491312392150615,-5501.829462268787,568.530029296875,0.01472477969695496,2026-09-11
SMH261016P00345000,2026-09-11 15:23:33+00:00,345.0,0.22,0.09,0.56,-0.16,-42.105263,2.0,69,0.6850617431640625,False,REGULAR,USD,SMH,put,2026-10-16,0.0958904109589041,0.325,0.00015321032111924096,-0.0065912413921074275,-3416.991755952238,568.530029296875,0.01472477969695496,2026-09-11
SMH261016P00350000,2026-09-11 19:15:20+00:00,350.0,0.16,0.07,0.39,-0.09,-36.0,100.0,1172,0.63867548828125,False,REGULAR,USD,SMH,put,2026-10-16,0.0958904109589041,0.23,0.0001301427319713312,-0.005067425337661802,-49300.84333797341,568.530029296875,0.01472477969695496,2026-09-11
SMH261016P00355000,2026-09-11 18:32:49+00:00,355.0,0.18,0.14,0.35,-0.109999985,-37.93103,10.0,96,0.6269568554687501,False,REGULAR,USD,SMH,put,2026-10-16,0.0958904109589041,0.245,0.0001426573456551066,-0.005502687898457315,-4426.619466623868,568.530029296875,0.01472477969695496,2026-09-11
SMH261016P00360000,2026-09-11 19:13:53+00:00,360.0,0.19,0.09,0.41,-0.120000005,-38.70968,26.0,182,0.6113320117187502,False,REGULAR,USD,SMH,put,2026-10-16,0.0958904109589041,0.25,0.00015151280439185482,-0.005723804172420466,-8913.074614184397,568.530029296875,0.01472477969695496,2026-09-11
SMH261016P00365000,2026-09-08 17:50:11+00:00,365.0,0.45,0.1,0.57,0.0,0.0,1.0,18,0.6171913281250001,False,REGULAR,USD,SMH,put,2026-10-16,0.0958904109589041,0.33499999999999996,0.00018967620061194668,-0.007459108405565518,-1103.55037905041,568.530029296875,0.01472477969695496,2026-09-11
SMH261016P00370000,2026-09-11 17:03:58+00:00,370.0,0.41,0.09,0.66,0.03999999,10.810808,5.0,347,0.6091347680664063,False,REGULAR,USD,SMH,put,2026-10-16,0.0958904109589041,0.375,0.00021291262283970204,-0.008380383380904632,-23880.185838878224,568.530029296875,0.01472477969695496,2026-09-11
SMH261016P00375000,2026-09-10 13:42:49+00:00,375.0,0.61,0.06,0.75,0.0,0.0,1.0,99,0.5981485498046876,False,REGULAR,USD,SMH,put,2026-10-16,0.0958904109589041,0.405,0.0002339344486863153,-0.009138848037516856,-7485.76504476121,568.530029296875,0.01472477969695496,2026-09-11
SMH261016P00380000,2026-09-02 16:19:57+00:00,380.0,0.54,0.13,0.62,0.0,0.0,1.0,1218,0.5751995605468749,False,REGULAR,USD,SMH,put,2026-10-16,0.0958904109589041,0.375,0.00023615266532573838,-0.00883434196531363,-92970.88333718007,568.530029296875,0.01472477969695496,2026-09-11
SMH261016P00385000,2026-09-08 14:24:55+00:00,385.0,0.6,0.24,0.54,0.0,0.0,2.0,228,0.561527822265625,False,REGULAR,USD,SMH,put,2026-10-16,0.0958904109589041,0.39,0.00025462145998985855,-0.009366783319955219,-18764.48581956362,568.530029296875,0.01472477969695496,2026-09-11
SMH261016P00390000,2026-09-11 18:10:36+00:00,390.0,0.35,0.27,0.58,-0.16,-31.37255,87.0,228,0.5515181567382813,False,REGULAR,USD,SMH,put,2026-10-16,0.0958904109589041,0.425,0.0002819650365804186,-0.010312644194240272,-20779.587591465133,568.530029296875,0.01472477969695496,2026-09-11
SMH261016P00395000,2026-09-11 16:17:01+00:00,395.0,0.29,0.1,0.59,-0.26000002,-47.272728,22.0,253,0.5197801928710937,False,REGULAR,USD,SMH,put,2026-10-16,0.0958904109589041,0.345,0.000264852560044029,-0.008970315696129716,-21658.656509175198,568.530029296875,0.01472477969695496,2026-09-11
SMH261016P00400000,2026-09-11 19:39:27+00:00,400.0,0.41,0.38,0.64,-0.20000002,-32.78689,1022.0,1745,0.532231240234375,False,REGULAR,USD,SMH,put,2026-10-16,0.0958904109589041,0.51,0.0003472343683324167,-0.012579276123882654,-195850.62087556723,568.530029296875,0.01472477969695496,2026-09-11
SMH261016P00405000,2026-09-11 17:52:56+00:00,405.0,0.4,0.4,0.53,-0.24999997,-38.461533,11.0,1311,0.508793974609375,False,REGULAR,USD,SMH,put,2026-10-16,0.0958904109589041,0.465,0.0003497196380510095,-0.012040801620891606,-148193.6276637156,568.530029296875,0.01472477969695496,2026-09-11
SMH261016P00410000,2026-09-11 19:57:13+00:00,410.0,0.52,0.46,0.58,-0.19,-26.760565,7.0,388,0.5007374145507812,False,REGULAR,USD,SMH,put,2026-10-16,0.0958904109589041,0.52,0.00039322036606595284,-0.01353617068229307,-49314.49000908421,568.530029296875,0.01472477969695496,2026-09-11
SMH261016P00415000,2026-09-11 17:03:58+00:00,415.0,0.72,0.47,0.97,-0.06999999,-8.860758,9.0,6986,0.5097705273437501,False,REGULAR,USD,SMH,put,2026-10-16,0.0958904109589041,0.72,0.0004928854893578799,-0.017984006565964994,-1112964.8060002208,568.530029296875,0.01472477969695496,2026-09-11
SMH261016P00420000,2026-09-11 16:17:01+00:00,420.0,0.53,0.53,0.78,-0.33000004,-38.372097,28.0,3347,0.4993946545410156,False,REGULAR,USD,SMH,put,2026-10-16,0.0958904109589041,0.655,0.000543480194111827,-0.01969096817203797,-587957.9291893028,568.530029296875,0.01472477969695496,2026-09-11
SMH261016P00425000,2026-09-10 18:03:25+00:00,425.0,0.97,0.59,0.91,0.0,0.0,4.0,4159,0.4953663745117188,False,REGULAR,USD,SMH,put,2026-10-16,0.0958904109589041,0.75,0.00062091839554102,-0.022829901788826712,-834699.7134036954,568.530029296875,0.01472477969695496,2026-09-11
SMH261016P00430000,2026-09-11 15:59:22+00:00,430.0,0.78,0.69,0.94,-0.32000005,-29.090912,3.0,1503,0.4809622216796875,False,REGULAR,USD,SMH,put,2026-10-16,0.0958904109589041,0.815,0.000669690133833031,-0.024115939129316755,-325341.67537920567,568.530029296875,0.01472477969695496,2026-09-11
SMH261016P00435000,2026-09-10 18:23:32+00:00,435.0,1.18,0.75,1.09,0.0,0.0,1.0,3225,0.476567734375,False,REGULAR,USD,SMH,put,2026-10-16,0.0958904109589041,0.92,0.0007617116550794026,-0.02782103262387392,-794012.1302350888,568.530029296875,0.01472477969695496,2026-09-11
SMH261016P00440000,2026-09-11 13:55:11+00:00,440.0,0.98,0.83,1.15,-0.25,-20.325203,210.0,1032,0.463872548828125,False,REGULAR,USD,SMH,put,2026-10-16,0.0958904109589041,0.99,0.0008302587233509878,-0.02987336388478634,-276949.10248123755,568.530029296875,0.01472477969695496,2026-09-11
SMH261016P00445000,2026-09-09 20:02:30+00:00,445.0,1.32,0.8,1.14,0.0,0.0,102.0,260,0.44605046142578125,False,REGULAR,USD,SMH,put,2026-10-16,0.0958904109589041,0.97,0.0008834501159069932,-0.0307110739975347,-74244.14281207582,568.530029296875,0.01472477969695496,2026-09-11
SMH261016P00450000,2026-09-11 19:32:54+00:00,450.0,1.12,1.07,1.21,-0.48000002,-30.0,1530.0,14384,0.4338435522460938,False,REGULAR,USD,SMH,put,2026-10-16,0.0958904109589041,1.1400000000000001,0.0009680529433111527,-0.033173631168764706,-4500757.372535887,568.530029296875,0.01472477969695496,2026-09-11
SMH261016P00455000,2026-09-11 19:18:41+00:00,455.0,1.28,1.13,1.46,-0.45000005,-26.011562,22.0,277,0.432622861328125,False,REGULAR,USD,SMH,put,2026-10-16,0.0958904109589041,1.295,0.0011162307608332358,-0.03934054491033767,-99940.28256943692,568.530029296875,0.01472477969695496,2026-09-11
SMH261016P00460000,2026-09-11 19:57:13+00:00,460.0,1.44,1.34,1.61,-0.41999996,-22.580643,244.0,3583,0.4237118176269531,False,REGULAR,USD,SMH,put,2026-10-16,0.0958904109589041,1.475,0.0012409893531270407,-0.04369895222898457,-1437214.8011858729,568.530029296875,0.01472477969695496,2026-09-11
SMH261016P00465000,2026-09-11 19:45:03+00:00,465.0,1.57,1.51,1.75,-0.58000004,-26.976746,33.0,759,0.413519048461914,False,REGULAR,USD,SMH,put,2026-10-16,0.0958904109589041,1.63,0.0013729743836847271,-0.04807654636447578,-336830.20357266616,568.530029296875,0.01472477969695496,2026-09-11
SMH261016P00470000,2026-09-11 19:52:44+00:00,470.0,1.85,1.63,1.88,-0.7499999,-28.84615,44.0,6926,0.40210558837890625,False,REGULAR,USD,SMH,put,2026-10-16,0.0958904109589041,1.755,0.00151342685168792,-0.052450587705574425,-3388057.245917215,568.530029296875,0.01472477969695496,2026-09-11
SMH261016P00475000,2026-09-11 19:18:41+00:00,475.0,2.06,1.84,2.19,-0.86000013,-29.452059,25.0,8340,0.39819937744140627,False,REGULAR,USD,SMH,put,2026-10-16,0.0958904109589041,2.015,0.0017107736118401043,-0.06052091614056665,-4611746.330144452,568.530029296875,0.01472477969695496,2026-09-11
SMH261016P00480000,2026-09-11 19:20:51+00:00,480.0,2.11,2.22,2.43,-1.1300001,-34.87655,64.0,1094,0.3897155755615235,False,REGULAR,USD,SMH,put,2026-10-16,0.0958904109589041,2.325,0.0019026518406295232,-0.06749090162659932,-672796.099513567,568.530029296875,0.01472477969695496,2026-09-11
SMH261016P00485000,2026-09-11 19:58:43+00:00,485.0,2.56,2.41,2.71,-1.1000001,-30.054647,76.0,275,0.38172005004882803,False,REGULAR,USD,SMH,put,2026-10-16,0.0958904109589041,2.56,0.002117484267661173,-0.07551818126772292,-188217.37127528648,568.530029296875,0.01472477969695496,2026-09-11
SMH261016P00490000,2026-09-11 19:58:43+00:00,490.0,2.93,2.8,3.15,-1.22,-29.39759,1148.0,473,0.3779969427490234,False,REGULAR,USD,SMH,put,2026-10-16,0.0958904109589041,2.9749999999999996,0.0023736252102416967,-0.0867188300152204,-362894.2643751427,568.530029296875,0.01472477969695496,2026-09-11
SMH261016P00495000,2026-09-11 19:37:50+00:00,495.0,3.35,3.2,3.5,-1.54,-31.492844,639.0,406,0.36963520996093746,False,REGULAR,USD,SMH,put,2026-10-16,0.0958904109589041,3.35,0.002630939685935035,-0.09667734119346494,-345257.99411838385,568.530029296875,0.01472477969695496,2026-09-11
SMH261016P00500000,2026-09-11 20:02:52+00:00,500.0,3.9,3.75,4.05,-1.6999998,-30.357141,6355.0,9668,0.3657900335693359,False,REGULAR,USD,SMH,put,2026-10-16,0.0958904109589041,3.9,0.0029272790145147953,-0.11038805352740555,-9147608.692032317,568.530029296875,0.01472477969695496,2026-09-11
SMH261016P00505000,2026-09-11 19:36:38+00:00,505.0,4.35,4.15,4.6,-1.8000002,-29.268295,235.0,770,0.3601138208007812,False,REGULAR,USD,SMH,put,2026-10-16,0.0958904109589041,4.375,0.0032379411555793205,-0.12450322532661429,-805872.7941799378,568.530029296875,0.01472477969695496,2026-09-11
SMH261016P00510000,2026-09-11 19:47:21+00:00,510.0,4.99,4.75,5.4,-2.0900002,-29.519777,245.0,4132,0.35871002624511716,False,REGULAR,USD,SMH,put,2026-10-16,0.0958904109589041,5.075,0.003570876433514317,-0.1427274988405528,-4769160.654949416,568.530029296875,0.01472477969695496,2026-09-11
SMH261016P00515000,2026-09-11 19:47:21+00:00,515.0,5.69,5.45,6.2,-2.1999998,-27.883396,75.0,1916,0.3550479534912109,False,REGULAR,USD,SMH,put,2026-10-16,0.0958904109589041,5.825,0.003912579019166066,-0.16126173226369667,-2423067.1169629283,568.530029296875,0.01472477969695496,2026-09-11
SMH261016P00520000,2026-09-11 19:55:36+00:00,520.0,6.63,6.2,6.95,-2.7200003,-29.090912,179.0,5830,0.34839518798828123,False,REGULAR,USD,SMH,put,2026-10-16,0.0958904109589041,6.575,0.004273500956438853,-0.1796921746406165,-8053027.41705728,568.530029296875,0.01472477969695496,2026-09-11
SMH261016P00525000,2026-09-11 19:50:22+00:00,525.0,7.4,7.0,7.8,-2.4,-24.489798,439.0,3129,0.3419865606689453,False,REGULAR,USD,SMH,put,2026-10-16,0.0958904109589041,7.4,0.004651025414430347,-0.2000764525500529,-4703932.630746745,568.530029296875,0.01472477969695496,2026-09-11
SMH261016P00530000,2026-09-11 19:57:34+00:00,530.0,8.5,8.0,8.8,-3.2600002,-27.72109,237.0,3101,0.3365544860839844,False,REGULAR,USD,SMH,put,2026-10-16,0.0958904109589041,8.4,0.005035416867324841,-0.2229461544990976,-5047124.4555192,568.530029296875,0.01472477969695496,2026-09-11
SMH261016P00535000,2026-09-11 19:59:07+00:00,535.0,9.6,9.2,10.0,-3.3999996,-26.153843,632.0,14170,0.33264827514648443,False,REGULAR,USD,SMH,put,2026-10-16,0.0958904109589041,9.6,0.005410172731698331,-0.24861311555142707,-24779229.54395881,568.530029296875,0.01472477969695496,2026-09-11
SMH261016P00540000,2026-09-11 19:56:33+00:00,540.0,10.75,10.05,11.2,-3.75,-25.862068,249.0,8334,0.32663637237548826,False,REGULAR,USD,SMH,put,2026-10-16,0.0958904109589041,10.625,0.00580336265851323,-0.27508437238976957,-15632917.086804038,568.530029296875,0.01472477969695496,2026-09-11
SMH261016P00545000,2026-09-11 19:54:51+00:00,545.0,12.24,11.85,12.8,-3.92,-24.257425,137.0,1664,0.32486637054443357,False,REGULAR,USD,SMH,put,2026-10-16,0.0958904109589041,12.325,0.0061290766711179214,-0.3055180287328815,-3296516.0421543284,568.530029296875,0.01472477969695496,2026-09-11
SMH261016P00550000,2026-09-11 19:56:08+00:00,550.0,13.95,13.35,14.75,-4.2,-23.140495,1306.0,5843,0.3259955096435546,False,REGULAR,USD,SMH,put,2026-10-16,0.0958904109589041,14.05,0.006373080583753304,-0.33844320068737743,-12036275.329099784,568.530029296875,0.01472477969695496,2026-09-11
SMH261016P00555000,2026-09-11 19:45:41+00:00,555.0,15.75,15.25,16.5,-3.5,-18.181818,36.0,1090,0.32163153961181634,False,REGULAR,USD,SMH,put,2026-10-16,0.0958904109589041,15.875,0.006671789927420634,-0.37064532230966374,-2350583.4752885452,568.530029296875,0.01472477969695496,2026-09-11
SMH261016P00560000,2026-09-11 19:53:28+00:00,560.0,17.63,17.0,18.45,-4.870001,-21.64445,197.0,3270,0.31784739776611326,False,REGULAR,USD,SMH,put,2026-10-16,0.0958904109589041,17.725,0.006923999986543517,-0.4044773518766549,-7318323.9258071985,568.530029296875,0.01472477969695496,2026-09-11
SMH261016P00565000,2026-09-11 19:44:13+00:00,565.0,19.88,18.7,20.2,-5.5200005,-21.732286,59.0,616,0.30884480224609373,False,REGULAR,USD,SMH,put,2026-10-16,0.0958904109589041,19.45,0.007251740738358581,-0.43917954826202843,-1443875.67054323,568.530029296875,0.01472477969695496,2026-09-11
SMH261016P00570000,2026-09-11 19:30:27+00:00,570.0,22.35,21.45,22.8,-4.549999,-16.914495,571.0,756,0.30942463043212887,True,REGULAR,USD,SMH,put,2026-10-16,0.0958904109589041,22.125,0.007309816210978565,-0.47568375880960745,-1786220.50538932,568.530029296875,0.01472477969695496,2026-09-11
SMH261016P00575000,2026-09-11 17:29:24+00:00,575.0,24.1,23.65,25.3,-5.8500004,-19.532557,45.0,346,0.30606773040771484,True,REGULAR,USD,SMH,put,2026-10-16,0.0958904109589041,24.475,0.0074000655451748895,-0.5125789725210583,-827596.1900731531,568.530029296875,0.01472477969695496,2026-09-11
SMH261016P00580000,2026-09-11 19:07:14+00:00,580.0,26.96,26.55,28.95,-5.84,-17.804878,63.0,604,0.3164741204833984,True,REGULAR,USD,SMH,put,2026-10-16,0.0958904109589041,27.75,0.007112547356442358,-0.5460458174201361,-1388573.673555026,568.530029296875,0.01472477969695496,2026-09-11
SMH261016P00585000,2026-09-11 17:07:11+00:00,585.0,29.87,29.25,31.3,-6.08,-16.912378,2.0,1214,0.30594566131591794,True,REGULAR,USD,SMH,put,2026-10-16,0.0958904109589041,30.275,0.0072396820064079695,-0.584561854927618,-2840828.3605523985,568.530029296875,0.01472477969695496,2026-09-11
SMH261016P00590000,2026-09-11 17:17:23+00:00,590.0,32.42,32.45,34.2,-6.9300003,-17.611183,30.0,589,0.30063565582275387,True,REGULAR,USD,SMH,put,2026-10-16,0.0958904109589041,33.325,0.007182953629363705,-0.6218822628143919,-1367493.1986325067,568.530029296875,0.01472477969695496,2026-09-11
SMH261016P00595000,2026-09-11 14:19:31+00:00,595.0,36.3,35.6,38.2,-2.5,-6.4432993,4.0,201,0.30939411315917964,True,REGULAR,USD,SMH,put,2026-10-16,0.0958904109589041,36.900000000000006,0.006795587747707935,-0.6506396707552151,-441499.1781732367,568.530029296875,0.01472477969695496,2026-09-11
SMH261016P00600000,2026-09-11 19:10:57+00:00,600.0,39.55,38.7,40.9,-6.6500015,-14.393942,9.0,2332,0.2955697885131836,True,REGULAR,USD,SMH,put,2026-10-16,0.0958904109589041,39.8,0.006762592454920418,-0.6918009111161744,-5097398.409873322,568.530029296875,0.01472477969695496,2026-09-11
SMH261016P00605000,2026-09-11 19:00:17+00:00,605.0,42.65,41.85,44.6,-0.13999939,-0.32717782,1.0,144,0.29480685668945306,True,REGULAR,USD,SMH,put,2026-10-16,0.0958904109589041,43.225,0.006445680981367156,-0.7235432820360475,-300011.6479464203,568.530029296875,0.01472477969695496,2026-09-11
SMH261016P00610000,2026-09-08 14:52:38+00:00,610.0,46.25,46.4,49.05,0.0,0.0,2.0,220,0.30493859130859374,True,REGULAR,USD,SMH,put,2026-10-16,0.0958904109589041,47.724999999999994,0.005985606256818025,-0.7446540060502036,-425635.3040644993,568.530029296875,0.01472477969695496,2026-09-11
SMH261016P00615000,2026-09-10 16:45:29+00:00,615.0,57.25,50.25,53.0,0.0,0.0,3.0,130,0.30445031494140623,True,REGULAR,USD,SMH,put,2026-10-16,0.0958904109589041,51.625,0.005637033527919081,-0.7720320839773894,-236864.94276681033,568.530029296875,0.01472477969695496,2026-09-11
SMH261016P00620000,2026-09-11 14:13:01+00:00,620.0,56.41,54.35,56.65,-5.4900017,-8.869146,2.0,240,0.29529513305664057,True,REGULAR,USD,SMH,put,2026-10-16,0.0958904109589041,55.5,0.005301188876297196,-0.8051330756214095,-411236.19972574245,568.530029296875,0.01472477969695496,2026-09-11
SMH261016P00625000,2026-08-17 14:29:48+00:00,625.0,51.0,58.55,61.3,0.0,0.0,1.0,246,0.30451134948730463,True,REGULAR,USD,SMH,put,2026-10-16,0.0958904109589041,59.925,0.004889813355876797,-0.8202816055539585,-388807.11789024266,568.530029296875,0.01472477969695496,2026-09-11
SMH261016P00630000,2026-09-10 16:41:53+00:00,630.0,70.65,62.85,65.15,0.0,0.0,6.0,328,0.2936472003173828,True,REGULAR,USD,SMH,put,2026-10-16,0.0958904109589041,64.0,0.004486877764221831,-0.8511549006016375,-475690.96128826035,568.530029296875,0.01472477969695496,2026-09-11
SMH261016P00635000,2026-09-09 19:47:17+00:00,635.0,65.78,67.25,70.55,0.0,0.0,1.0,149,0.31873239868164055,True,REGULAR,USD,SMH,put,2026-10-16,0.0958904109589041,68.9,0.004173925165259923,-0.8489802323269546,-201019.29435096603,568.530029296875,0.01472477969695496,2026-09-11
SMH261016P00640000,2026-09-11 15:56:53+00:00,640.0,68.95,71.6,74.95,-22.200005,-24.355463,1.0,151,0.3182441223144531,True,REGULAR,USD,SMH,put,2026-10-16,0.0958904109589041,73.275,0.003831104791711329,-0.8672298830093869,-186985.44233882517,568.530029296875,0.01472477969695496,2026-09-11
SMH261016P00645000,2026-08-24 14:42:21+00:00,645.0,103.1,75.7,79.8,0.0,0.0,2.0,29,0.3284368914794922,True,REGULAR,USD,SMH,put,2026-10-16,0.0958904109589041,77.75,0.003552350760428307,-0.8753905055847682,-33298.19229084691,568.530029296875,0.01472477969695496,2026-09-11
SMH261016P00650000,2026-09-10 14:38:27+00:00,650.0,87.1,80.65,84.6,0.0,0.0,1.0,2008,0.33661552062988287,True,REGULAR,USD,SMH,put,2026-10-16,0.0958904109589041,82.625,0.003293146422378248,-0.8841190339963039,-2137379.1421866985,568.530029296875,0.01472477969695496,2026-09-11
SMH261016P00655000,2026-08-28 13:52:07+00:00,655.0,91.69,85.15,89.35,0.0,0.0,5.0,64,0.3425969061279296,True,REGULAR,USD,SMH,put,2026-10-16,0.0958904109589041,87.25,0.003045883368664073,-0.8934982472621575,-63008.633500449214,568.530029296875,0.01472477969695496,2026-09-11
SMH261016P00660000,2026-07-29 13:36:17+00:00,660.0,138.5,92.8,97.0,0.0,0.0,2.0,5,0.42810630493164065,True,REGULAR,USD,SMH,put,2026-10-16,0.0958904109589041,94.9,0.003113767035223476,-0.8485263803349316,-5032.258456062126,568.530029296875,0.01472477969695496,2026-09-11
SMH261016P00665000,2026-08-31 14:11:43+00:00,665.0,109.35,94.75,99.0,0.0,0.0,1.0,11,0.3570010589599609,True,REGULAR,USD,SMH,put,2026-10-16,0.0958904109589041,96.875,0.0026288327572049626,-0.907876343609532,-9346.789464084088,568.530029296875,0.01472477969695496,2026-09-11
SMH261016P00670000,2026-08-18 18:28:53+00:00,670.0,106.58,99.65,104.0,0.0,0.0,1.0,0,0.3695131408691406,True,REGULAR,USD,SMH,put,2026-10-16,0.0958904109589041,101.825,0.0024837901900291192,-0.9106042677996229,-0.0,568.530029296875,0.01472477969695496,2026-09-11
SMH261016P00675000,2026-09-11 14:22:21+00:00,675.0,105.07,104.6,108.7,-2.1100006,-1.9686514,1.0,9,0.37067279724121094,True,REGULAR,USD,SMH,put,2026-10-16,0.0958904109589041,106.65,0.0022793473293477966,-0.9199439660368232,-6630.70696580283,568.530029296875,0.01472477969695496,2026-09-11
SMH261016P00680000,2026-09-09 16:27:04+00:00,680.0,107.9,109.55,113.85,0.0,0.0,10.0,0,0.3883117810058594,True,REGULAR,USD,SMH,put,2026-10-16,0.0958904109589041,111.69999999999999,0.0021996217947748416,-0.9187818077794873,-0.0,568.530029296875,0.01472477969695496,2026-09-11
SMH261016P00685000,2026-06-23 14:36:44+00:00,685.0,100.63,116.0,120.4,0.0,0.0,2.0,4,0.4525811578369141,True,REGULAR,USD,SMH,put,2026-10-16,0.0958904109589041,118.2,0.0023431536658732287,-0.8910884565880822,-3029.4764420221964,568.530029296875,0.01472477969695496,2026-09-11
SMH261016P00690000,2026-08-24 16:54:53+00:00,690.0,143.35,119.5,124.0,0.0,0.0,6.0,0,0.41760836303710935,True,REGULAR,USD,SMH,put,2026-10-16,0.0958904109589041,121.75,0.0020278088296344695,-0.919700948653114,-0.0,568.530029296875,0.01472477969695496,2026-09-11
SMH261016P00695000,2026-09-10 19:39:46+00:00,695.0,132.95,124.75,128.85,0.0,0.0,612.0,204,0.4233456103515625,True,REGULAR,USD,SMH,put,2026-10-16,0.0958904109589041,126.8,0.0019052264122246209,-0.9246922255280301,-125627.17052980803,568.530029296875,0.01472477969695496,2026-09-11
SMH261016P00700000,2026-08-27 15:03:50+00:00,700.0,129.97,129.5,134.1,0.0,0.0,1.0,0,0.4445856323242187,True,REGULAR,USD,SMH,put,2026-10-16,0.0958904109589041,131.8,0.0018747407815271708,-0.9213690169329791,-0.0,568.530029296875,0.01472477969695496,2026-09-11
SMH261016P00705000,2026-09-10 19:39:46+00:00,705.0,143.0,134.5,138.85,0.0,0.0,186.0,25,0.4459283923339844,True,REGULAR,USD,SMH,put,2026-10-16,0.0958904109589041,136.675,0.001747291811893329,-0.9280210684385843,-14119.27079987417,568.530029296875,0.01472477969695496,2026-09-11
SMH261016P00710000,2026-08-13 19:05:05+00:00,710.0,120.72,139.5,143.85,0.0,0.0,2.0,0,0.4569756451416016,True,REGULAR,USD,SMH,put,2026-10-16,0.0958904109589041,141.675,0.0016771755370850639,-0.9295500059160242,-0.0,568.530029296875,0.01472477969695496,2026-09-11
SMH261016P00715000,2026-08-13 19:25:18+00:00,715.0,126.53,144.5,148.85,0.0,0.0,2.0,0,0.4679008288574219,True,REGULAR,USD,SMH,put,2026-10-16,0.0958904109589041,146.675,0.001612295420002867,-0.9309836427228451,-0.0,568.530029296875,0.01472477969695496,2026-09-11
SMH261016P00720000,2026-08-10 14:05:15+00:00,720.0,144.89,149.5,153.85,0.0,0.0,1.0,0,0.47864290893554684,True,REGULAR,USD,SMH,put,2026-10-16,0.0958904109589041,151.675,0.0015518067032699958,-0.9323596694342147,-0.0,568.530029296875,0.01472477969695496,2026-09-11
SMH261016P00750000,2026-08-31 19:48:46+00:00,750.0,194.24,179.65,183.85,0.0,0.0,1.0,1,0.5407760766601564,True,REGULAR,USD,SMH,put,2026-10-16,0.0958904109589041,181.75,0.0012651730394789976,-0.939144223076566,-408.93731960541925,568.530029296875,0.01472477969695496,2026-09-11
SMH261016P00755000,2026-08-31 19:48:46+00:00,755.0,199.26,184.5,188.85,0.0,0.0,0.0,0,0.5506636730957033,True,REGULAR,USD,SMH,put,2026-10-16,0.0958904109589041,186.675,0.0012268550974230148,-0.940118916122052,-0.0,568.530029296875,0.01472477969695496,2026-09-11
SMH261016P00790000,2026-07-29 18:38:40+00:00,790.0,270.1,221.3,225.8,0.0,0.0,0.0,0,0.6016885534667971,True,REGULAR,USD,SMH,put,2026-10-16,0.0958904109589041,223.55,0.0009623594616811828,-0.9507245681318816,-0.0,568.530029296875,0.01472477969695496,2026-09-11
SMH261016P00800000,2026-08-11 18:11:32+00:00,800.0,228.95,229.5,233.85,0.0,0.0,0.0,0,0.6356237609863282,True,REGULAR,USD,SMH,put,2026-10-16,0.0958904109589041,231.675,0.000963855088640068,-0.9471045945080847,-0.0,568.530029296875,0.01472477969695496,2026-09-11
SMH261016P00810000,2026-08-25 19:52:07+00:00,810.0,255.6,239.5,243.85,0.0,0.0,0.0,0,0.653445848388672,True,REGULAR,USD,SMH,put,2026-10-16,0.0958904109589041,241.675,0.0009197256381577081,-0.9483689704069095,-0.0,568.530029296875,0.01472477969695496,2026-09-11
SMH261016P00815000,2026-09-11 19:45:35+00:00,815.0,245.78,244.5,248.85,-5.419998,-2.1576426,5.0,5,0.6623568920898439,True,REGULAR,USD,SMH,put,2026-10-16,0.0958904109589041,246.675,0.0008994744644974979,-0.9489318709887111,-1453.6694392278534,568.530029296875,0.01472477969695496,2026-09-11
SMH261016P00820000,2026-09-11 19:45:35+00:00,820.0,250.8,249.5,253.85,-16.87999,-6.3060336,5.0,0,0.671023797607422,True,REGULAR,USD,SMH,put,2026-10-16,0.0958904109589041,251.675,0.000879672350050922,-0.9495223671150337,-0.0,568.530029296875,0.01472477969695496,2026-09-11
SMH261016P00830000,2026-07-28 16:27:35+00:00,830.0,299.6,261.3,265.8,0.0,0.0,1.0,0,0.6713900048828126,True,REGULAR,USD,SMH,put,2026-10-16,0.0958904109589041,263.55,0.0007990196280478213,-0.9552021961107937,-0.0,568.530029296875,0.01472477969695496,2026-09-11
SMH261016P00955000,2026-08-07 15:56:40+00:00,955.0,374.15,384.5,388.75,0.0,0.0,2.0,0,0.6176796044921876,True,REGULAR,USD,SMH,put,2026-10-16,0.0958904109589041,386.625,0.00012623400797993867,-0.9952833113126525,-0.0,568.530029296875,0.01472477969695496,2026-09-11
