contractSymbol,lastTradeDate,strike,last_price,bid,ask,change,percentChange,volume,oi,iv,inTheMoney,contractSize,currency,ticker,type,expiration,T,mid,gamma,delta,public_gex,spot,underlying_return,snapshot_date
MU260618C01045000,2026-06-17 19:59:59+00:00,1045.0,23.76,0.0,0.0,0.0,0.0,3864.0,766,0.007822421875,False,REGULAR,USD,MU,call,2026-06-18,0.0027397260273972603,23.76,0.0003584637634798191,3.65120805067306e-05,298813.91079196025,1043.18994140625,0.021973756246363108,2026-06-18
MU260618C01050000,2026-06-17 19:59:59+00:00,1050.0,21.5,0.0,0.0,0.0,0.0,18436.0,5502,0.0312596875,False,REGULAR,USD,MU,call,2026-06-18,0.0027397260273972603,21.5,0.00011235757641125156,4.633549949003975e-05,672743.8411492365,1043.18994140625,0.021973756246363108,2026-06-18
MU260618C01055000,2026-06-17 19:59:59+00:00,1055.0,19.45,0.0,0.0,0.0,0.0,4816.0,889,0.062509375,False,REGULAR,USD,MU,call,2026-06-18,0.0027397260273972603,19.45,0.0003542728314918478,0.00033016591013022286,342741.2616936449,1043.18994140625,0.021973756246363108,2026-06-18
MU260618C01060000,2026-06-17 19:59:46+00:00,1060.0,17.65,0.0,0.0,0.0,0.0,8408.0,1773,0.062509375,False,REGULAR,USD,MU,call,2026-06-18,0.0027397260273972603,17.65,9.09066895875201e-07,6.153805369226549e-07,1754.0071539234602,1043.18994140625,0.021973756246363108,2026-06-18
MU260618C01065000,2026-06-17 19:59:59+00:00,1065.0,16.19,0.0,0.0,0.0,0.0,4773.0,928,0.062509375,False,REGULAR,USD,MU,call,2026-06-18,0.0027397260273972603,16.19,3.016615479569169e-10,1.5986262296120515e-10,0.30464546198950054,1043.18994140625,0.021973756246363108,2026-06-18
MU260618C01070000,2026-06-17 19:59:55+00:00,1070.0,14.5,0.0,0.0,0.0,0.0,7670.0,3085,0.12500875,False,REGULAR,USD,MU,call,2026-06-18,0.0027397260273972603,14.5,3.424288742608748e-05,5.714158109123312e-05,114961.47523496534,1043.18994140625,0.021973756246363108,2026-06-18
MU260618C01075000,2026-06-17 19:59:53+00:00,1075.0,12.82,0.0,0.0,0.0,0.0,3977.0,1487,0.12500875,False,REGULAR,USD,MU,call,2026-06-18,0.0027397260273972603,12.82,1.7003121594517655e-06,2.4320306417719103e-06,2751.480320094585,1043.18994140625,0.021973756246363108,2026-06-18
MU260618C01080000,2026-06-17 19:59:57+00:00,1080.0,11.5,0.0,0.0,0.0,0.0,9725.0,3134,0.12500875,False,REGULAR,USD,MU,call,2026-06-18,0.0027397260273972603,11.5,5.171345324292864e-08,6.467939916687867e-08,176.3718674425661,1043.18994140625,0.021973756246363108,2026-06-18
MU260618C01085000,2026-06-17 19:59:57+00:00,1085.0,10.23,0.0,0.0,0.0,0.0,3504.0,1120,0.12500875,False,REGULAR,USD,MU,call,2026-06-18,0.0027397260273972603,10.23,9.69997312228291e-10,1.077561725743706e-09,1.1822663678345344,1043.18994140625,0.021973756246363108,2026-06-18
MU260618C01090000,2026-06-17 19:59:57+00:00,1090.0,9.11,0.0,0.0,0.0,0.0,3980.0,2236,0.12500875,False,REGULAR,USD,MU,call,2026-06-18,0.0027397260273972603,9.11,1.1296784740612357e-11,1.1286963541299238e-11,0.0274886514366485,1043.18994140625,0.021973756246363108,2026-06-18
MU260618C01095000,2026-06-17 19:59:59+00:00,1095.0,8.03,0.0,0.0,0.0,0.0,1879.0,854,0.2500075,False,REGULAR,USD,MU,call,2026-06-18,0.0027397260273972603,8.03,3.239218417792192e-05,0.00011251239757868511,30104.047152246152,1043.18994140625,0.021973756246363108,2026-06-18
MU260618C01100000,2026-06-17 19:59:59+00:00,1100.0,7.0,0.0,0.0,0.0,0.0,31797.0,9499,0.2500075,False,REGULAR,USD,MU,call,2026-06-18,0.0027397260273972603,7.0,8.439856389287694e-06,2.7038218444011385e-05,87244.83512520575,1043.18994140625,0.021973756246363108,2026-06-18
MU260618C01105000,2026-06-17 19:59:59+00:00,1105.0,6.0,0.0,0.0,0.0,0.0,1414.0,1011,0.2500075,False,REGULAR,USD,MU,call,2026-06-18,0.0027397260273972603,6.0,1.9615434460513044e-06,5.830342890806662e-06,2158.121389187482,1043.18994140625,0.021973756246363108,2026-06-18
MU260618C01110000,2026-06-17 19:59:55+00:00,1110.0,5.55,0.0,0.0,0.0,0.0,2842.0,2397,0.2500075,False,REGULAR,USD,MU,call,2026-06-18,0.0027397260273972603,5.55,4.072982123151148e-07,1.1290402511457976e-06,1062.4471104502188,1043.18994140625,0.021973756246363108,2026-06-18
MU260618C01115000,2026-06-17 19:59:33+00:00,1115.0,4.9,0.0,0.0,0.0,0.0,1186.0,472,0.2500075,False,REGULAR,USD,MU,call,2026-06-18,0.0027397260273972603,4.9,7.56747665138929e-08,1.9652959274620908e-07,38.87047699365879,1043.18994140625,0.021973756246363108,2026-06-18
MU260618C01120000,2026-06-17 19:59:53+00:00,1120.0,4.3,0.0,0.0,0.0,0.0,4020.0,1697,0.2500075,False,REGULAR,USD,MU,call,2026-06-18,0.0027397260273972603,4.3,1.2600126532758226e-08,3.0781214016706625e-08,23.269311341545695,1043.18994140625,0.021973756246363108,2026-06-18
MU260618C01125000,2026-06-17 19:59:58+00:00,1125.0,3.9,0.0,0.0,0.0,0.0,2769.0,1341,0.2500075,False,REGULAR,USD,MU,call,2026-06-18,0.0027397260273972603,3.9,1.882930534276066e-09,4.342529587050031e-09,2.747829981342156,1043.18994140625,0.021973756246363108,2026-06-18
MU260618C01130000,2026-06-17 19:59:55+00:00,1130.0,3.4,0.0,0.0,0.0,0.0,1967.0,2161,0.2500075,False,REGULAR,USD,MU,call,2026-06-18,0.0027397260273972603,3.4,2.52911720220666e-10,5.524292354653073e-10,0.5947719849938818,1043.18994140625,0.021973756246363108,2026-06-18
MU260618C01135000,2026-06-17 19:59:54+00:00,1135.0,2.97,0.0,0.0,0.0,0.0,729.0,436,0.2500075,False,REGULAR,USD,MU,call,2026-06-18,0.0027397260273972603,2.97,3.0577933379025926e-11,6.344210490905513e-11,0.014508462820323845,1043.18994140625,0.021973756246363108,2026-06-18
MU260618C01140000,2026-06-17 19:59:51+00:00,1140.0,2.62,0.0,0.0,0.0,0.0,2574.0,2297,0.2500075,False,REGULAR,USD,MU,call,2026-06-18,0.0027397260273972603,2.62,3.3325052644579773e-12,6.584830845494523e-12,0.00833026123709259,1043.18994140625,0.021973756246363108,2026-06-18
MU260618C01145000,2026-06-17 19:59:55+00:00,1145.0,2.1,0.0,0.0,0.0,0.0,676.0,775,0.2500075,False,REGULAR,USD,MU,call,2026-06-18,0.0027397260273972603,2.1,3.2784313554178423e-13,6.184186919822402e-13,0.0002764996456023016,1043.18994140625,0.021973756246363108,2026-06-18
MU260618C01150000,2026-06-17 19:59:59+00:00,1150.0,2.0,0.0,0.0,0.0,0.0,10844.0,6714,0.500005,False,REGULAR,USD,MU,call,2026-06-18,0.0027397260273972603,2.0,1.5141172084377207e-05,0.00010472196493244975,110628.65033362154,1043.18994140625,0.021973756246363108,2026-06-18
MU260618C01155000,2026-06-17 19:59:51+00:00,1155.0,1.78,0.0,0.0,0.0,0.0,742.0,676,0.500005,False,REGULAR,USD,MU,call,2026-06-18,0.0027397260273972603,1.78,8.077782386544097e-06,5.372699899106192e-05,5942.451240408283,1043.18994140625,0.021973756246363108,2026-06-18
MU260618C01160000,2026-06-17 19:59:49+00:00,1160.0,1.5,0.0,0.0,0.0,0.0,1821.0,1518,0.500005,False,REGULAR,USD,MU,call,2026-06-18,0.0027397260273972603,1.5,4.204812756707485e-06,2.693544185722428e-05,6946.166904194453,1043.18994140625,0.021973756246363108,2026-06-18
MU260618C01165000,2026-06-17 19:59:36+00:00,1165.0,1.4,0.0,0.0,0.0,0.0,773.0,348,0.500005,False,REGULAR,USD,MU,call,2026-06-18,0.0027397260273972603,1.4,2.1363173827433175e-06,1.319870843769182e-05,809.0433638665828,1043.18994140625,0.021973756246363108,2026-06-18
MU260618C01170000,2026-06-17 19:59:17+00:00,1170.0,1.3,0.0,0.0,0.0,0.0,2521.0,1397,0.500005,False,REGULAR,USD,MU,call,2026-06-18,0.0027397260273972603,1.3,1.059717150042884e-06,6.322886215767475e-06,1611.0653260655306,1043.18994140625,0.021973756246363108,2026-06-18
MU260618C01175000,2026-06-17 19:59:34+00:00,1175.0,1.1,0.0,0.0,0.0,0.0,1108.0,747,0.500005,False,REGULAR,USD,MU,call,2026-06-18,0.0027397260273972603,1.1,5.134019057355725e-07,2.961951829035342e-06,417.35426886445924,1043.18994140625,0.021973756246363108,2026-06-18
MU260618C01180000,2026-06-17 19:59:47+00:00,1180.0,0.87,0.0,0.0,0.0,0.0,1299.0,2055,0.500005,False,REGULAR,USD,MU,call,2026-06-18,0.0027397260273972603,0.87,2.4299894224596044e-07,1.3571328530275893e-06,543.4292256874959,1043.18994140625,0.021973756246363108,2026-06-18
MU260618C01185000,2026-06-17 19:55:31+00:00,1185.0,1.34,0.0,0.0,0.0,0.0,275.0,270,0.500005,False,REGULAR,USD,MU,call,2026-06-18,0.0027397260273972603,1.34,1.1239956020438326e-07,6.08348169223473e-07,33.02593774039247,1043.18994140625,0.021973756246363108,2026-06-18
MU260618C01190000,2026-06-17 19:59:30+00:00,1190.0,0.84,0.0,0.0,0.0,0.0,473.0,430,0.500005,False,REGULAR,USD,MU,call,2026-06-18,0.0027397260273972603,0.84,5.0824134741568136e-08,2.6685272960760573e-07,23.78292306784979,1043.18994140625,0.021973756246363108,2026-06-18
MU260618C01195000,2026-06-17 19:59:38+00:00,1195.0,0.65,0.0,0.0,0.0,0.0,630.0,302,0.500005,False,REGULAR,USD,MU,call,2026-06-18,0.0027397260273972603,0.65,2.2472443732548265e-08,1.1457372265932653e-07,7.385570130783739,1043.18994140625,0.021973756246363108,2026-06-18
MU260618C01200000,2026-06-17 19:59:59+00:00,1200.0,0.6,0.0,0.0,0.0,0.0,11830.0,12808,0.500005,False,REGULAR,USD,MU,call,2026-06-18,0.0027397260273972603,0.6,9.719262030428444e-09,4.8161129451744225e-08,135.46945745324044,1043.18994140625,0.021973756246363108,2026-06-18
MU260618C01205000,2026-06-17 19:59:48+00:00,1205.0,0.62,0.0,0.0,0.0,0.0,631.0,631,0.500005,False,REGULAR,USD,MU,call,2026-06-18,0.0027397260273972603,0.62,4.112867666616621e-09,1.9824888082613236e-08,2.8242353010034162,1043.18994140625,0.021973756246363108,2026-06-18
MU260618C01210000,2026-06-17 19:59:45+00:00,1210.0,0.46,0.0,0.0,0.0,0.0,913.0,588,0.500005,False,REGULAR,USD,MU,call,2026-06-18,0.0027397260273972603,0.46,1.7033679454842825e-09,7.993392681882042e-09,1.089965064354473,1043.18994140625,0.021973756246363108,2026-06-18
MU260618C01215000,2026-06-17 19:59:58+00:00,1215.0,0.47,0.0,0.0,0.0,0.0,410.0,556,0.500005,False,REGULAR,USD,MU,call,2026-06-18,0.0027397260273972603,0.47,6.906315599809283e-10,3.1576307358644758e-09,0.41787654362384763,1043.18994140625,0.021973756246363108,2026-06-18
MU260618C01220000,2026-06-17 19:59:30+00:00,1220.0,0.3,0.0,0.0,0.0,0.0,913.0,1252,0.500005,False,REGULAR,USD,MU,call,2026-06-18,0.0027397260273972603,0.3,2.742070675661775e-10,1.2223744545560748e-09,0.3736024838938791,1043.18994140625,0.021973756246363108,2026-06-18
MU260618C01225000,2026-06-17 19:52:59+00:00,1225.0,0.54,0.0,0.0,0.0,0.0,346.0,627,0.500005,False,REGULAR,USD,MU,call,2026-06-18,0.0027397260273972603,0.54,1.0664079268440882e-10,4.638336555638297e-10,0.07276418798909587,1043.18994140625,0.021973756246363108,2026-06-18
MU260618C01230000,2026-06-17 19:50:09+00:00,1230.0,0.44,0.0,0.0,0.0,0.0,244.0,422,0.500005,False,REGULAR,USD,MU,call,2026-06-18,0.0027397260273972603,0.44,4.063469496967735e-11,1.7255874265814807e-10,0.018661056883710357,1043.18994140625,0.021973756246363108,2026-06-18
MU260618C01235000,2026-06-17 19:51:28+00:00,1235.0,0.36,0.0,0.0,0.0,0.0,152.0,190,0.500005,False,REGULAR,USD,MU,call,2026-06-18,0.0027397260273972603,0.36,1.517449400416248e-11,6.295486465915795e-11,0.003137578505128358,1043.18994140625,0.021973756246363108,2026-06-18
MU260618C01240000,2026-06-17 19:59:03+00:00,1240.0,0.26,0.0,0.0,0.0,0.0,435.0,2604,0.500005,False,REGULAR,USD,MU,call,2026-06-18,0.0027397260273972603,0.26,5.555049454344369e-12,2.252886599399441e-11,0.01574184715417133,1043.18994140625,0.021973756246363108,2026-06-18
MU260618C01245000,2026-06-17 19:52:35+00:00,1245.0,0.42,0.0,0.0,0.0,0.0,93.0,163,0.500005,False,REGULAR,USD,MU,call,2026-06-18,0.0027397260273972603,0.42,1.9940193014425012e-12,7.909814869470003e-12,0.00035370707266383744,1043.18994140625,0.021973756246363108,2026-06-18
MU260618C01250000,2026-06-17 19:59:47+00:00,1250.0,0.16,0.0,0.0,0.0,0.0,1660.0,6660,0.500005,False,REGULAR,USD,MU,call,2026-06-18,0.0027397260273972603,0.16,7.020176841842204e-13,2.72526414611446e-12,0.005088022970134254,1043.18994140625,0.021973756246363108,2026-06-18
MU260618C01255000,2026-06-17 19:51:06+00:00,1255.0,0.21,0.0,0.0,0.0,0.0,296.0,515,0.500005,False,REGULAR,USD,MU,call,2026-06-18,0.0027397260273972603,0.21,2.4246660013585566e-13,9.216448551321376e-13,0.00013588951030986697,1043.18994140625,0.021973756246363108,2026-06-18
MU260618C01260000,2026-06-17 19:59:18+00:00,1260.0,0.17,0.0,0.0,0.0,0.0,1301.0,2944,0.500005,False,REGULAR,USD,MU,call,2026-06-18,0.0027397260273972603,0.17,8.217642974008146e-14,3.060044808949345e-13,0.0002632763547892223,1043.18994140625,0.021973756246363108,2026-06-18
MU260618C01265000,2026-06-17 19:07:44+00:00,1265.0,0.45,0.0,0.0,0.0,0.0,25.0,84,0.500005,False,REGULAR,USD,MU,call,2026-06-18,0.0027397260273972603,0.45,2.7336241937586333e-14,9.976923449263339e-14,2.498876985923286e-06,1043.18994140625,0.021973756246363108,2026-06-18
MU260618C01270000,2026-06-17 19:54:35+00:00,1270.0,0.17,0.0,0.0,0.0,0.0,38.0,73,0.500005,False,REGULAR,USD,MU,call,2026-06-18,0.0027397260273972603,0.17,8.927496979652719e-15,3.194954355049238e-14,7.092173538320776e-07,1043.18994140625,0.021973756246363108,2026-06-18
MU260618C01275000,2026-06-17 19:50:38+00:00,1275.0,0.14,0.0,0.0,0.0,0.0,236.0,187,0.500005,False,REGULAR,USD,MU,call,2026-06-18,0.0027397260273972603,0.14,2.8630017896773372e-15,1.0051371445002332e-14,5.826261964547674e-07,1043.18994140625,0.021973756246363108,2026-06-18
MU260618C01280000,2026-06-17 19:53:53+00:00,1280.0,0.13,0.0,0.0,0.0,0.0,589.0,759,0.500005,False,REGULAR,USD,MU,call,2026-06-18,0.0027397260273972603,0.13,9.018092366474925e-16,3.1072134949133634e-15,7.448747228405359e-07,1043.18994140625,0.021973756246363108,2026-06-18
MU260618C01285000,2026-06-17 19:54:31+00:00,1285.0,0.18,0.0,0.0,0.0,0.0,14.0,40,0.500005,False,REGULAR,USD,MU,call,2026-06-18,0.0027397260273972603,0.18,2.7906641191988995e-16,9.440465390297656e-16,1.2147707931243894e-08,1043.18994140625,0.021973756246363108,2026-06-18
MU260618C01290000,2026-06-17 19:44:31+00:00,1290.0,0.32,0.0,0.0,0.0,0.0,123.0,108,0.500005,False,REGULAR,USD,MU,call,2026-06-18,0.0027397260273972603,0.32,8.485892420842832e-17,2.819568481407188e-16,9.973510723807783e-09,1043.18994140625,0.021973756246363108,2026-06-18
MU260618C01295000,2026-06-17 19:39:37+00:00,1295.0,0.2,0.0,0.0,0.0,0.0,43.0,58,0.500005,False,REGULAR,USD,MU,call,2026-06-18,0.0027397260273972603,0.2,2.536181648599052e-17,8.279958836969091e-17,1.6007928323555736e-09,1043.18994140625,0.021973756246363108,2026-06-18
MU260618C01300000,2026-06-17 19:59:26+00:00,1300.0,0.07,0.0,0.0,0.0,0.0,3068.0,7964,0.500005,False,REGULAR,USD,MU,call,2026-06-18,0.0027397260273972603,0.07,7.45161648956817e-18,2.391213258558223e-17,6.458155952031524e-08,1043.18994140625,0.021973756246363108,2026-06-18
MU260618C01305000,2026-06-17 19:44:33+00:00,1305.0,0.22,0.0,0.0,0.0,0.0,29.0,79,0.500005,False,REGULAR,USD,MU,call,2026-06-18,0.0027397260273972603,0.22,2.152786675257927e-18,6.792666883754376e-18,1.8507803067037577e-10,1043.18994140625,0.021973756246363108,2026-06-18
MU260618C01310000,2026-06-17 19:56:44+00:00,1310.0,0.08,0.0,0.0,0.0,0.0,96.0,1117,0.500005,False,REGULAR,USD,MU,call,2026-06-18,0.0027397260273972603,0.08,6.116790046856678e-19,1.898368121411174e-18,7.435386162559506e-10,1043.18994140625,0.021973756246363108,2026-06-18
MU260618C01315000,2026-06-17 19:55:00+00:00,1315.0,0.05,0.0,0.0,0.0,0.0,90.0,93,0.500005,False,REGULAR,USD,MU,call,2026-06-18,0.0027397260273972603,0.05,1.7096555504965815e-19,5.220641281879401e-19,1.7302878208498475e-11,1043.18994140625,0.021973756246363108,2026-06-18
MU260618C01320000,2026-06-17 19:55:32+00:00,1320.0,0.05,0.0,0.0,0.0,0.0,232.0,476,0.500005,False,REGULAR,USD,MU,call,2026-06-18,0.0027397260273972603,0.05,4.701595188007146e-20,1.4130409407442463e-19,2.4354485968660715e-11,1043.18994140625,0.021973756246363108,2026-06-18
MU260618C01325000,2026-06-17 19:59:57+00:00,1325.0,0.03,0.0,0.0,0.0,0.0,11.0,16,0.500005,False,REGULAR,USD,MU,call,2026-06-18,0.0027397260273972603,0.03,1.2723928927861799e-20,3.76492428340201e-20,2.2154808425736439e-13,1043.18994140625,0.021973756246363108,2026-06-18
MU260618C01330000,2026-06-17 19:10:04+00:00,1330.0,0.11,0.0,0.0,0.0,0.0,144.0,565,0.500005,False,REGULAR,USD,MU,call,2026-06-18,0.0027397260273972603,0.11,3.389402890349678e-21,9.87666845962742e-21,2.0840034089790584e-12,1043.18994140625,0.021973756246363108,2026-06-18
MU260618C01335000,2026-06-17 19:52:48+00:00,1335.0,0.05,0.0,0.0,0.0,0.0,37.0,25,0.500005,False,REGULAR,USD,MU,call,2026-06-18,0.0027397260273972603,0.05,8.888663315484886e-22,2.5515174147061663e-21,2.4182614165393695e-14,1043.18994140625,0.021973756246363108,2026-06-18
MU260618C01340000,2026-06-17 19:53:25+00:00,1340.0,0.05,0.0,0.0,0.0,0.0,145.0,371,0.500005,False,REGULAR,USD,MU,call,2026-06-18,0.0027397260273972603,0.05,2.2953300830094945e-22,6.492329136558144e-22,9.267142475459124e-14,1043.18994140625,0.021973756246363108,2026-06-18
MU260618C01345000,2026-06-17 19:39:33+00:00,1345.0,0.18,0.0,0.0,0.0,0.0,24.0,24,0.500005,False,REGULAR,USD,MU,call,2026-06-18,0.0027397260273972603,0.18,5.837571539057105e-23,1.627404649357518e-22,1.5246502851349427e-15,1043.18994140625,0.021973756246363108,2026-06-18
MU260618C01350000,2026-06-17 19:59:21+00:00,1350.0,0.03,0.0,0.0,0.0,0.0,915.0,2158,0.500005,False,REGULAR,USD,MU,call,2026-06-18,0.0027397260273972603,0.03,1.462444634579637e-23,4.0194045489183596e-23,3.434453617553835e-14,1043.18994140625,0.021973756246363108,2026-06-18
MU260618C01355000,2026-06-17 18:06:42+00:00,1355.0,0.05,0.0,0.0,0.0,0.0,26.0,79,0.500005,False,REGULAR,USD,MU,call,2026-06-18,0.0027397260273972603,0.05,3.609669412420669e-24,9.783092571406745e-24,3.103282428770458e-16,1043.18994140625,0.021973756246363108,2026-06-18
MU260618C01360000,2026-06-17 19:56:31+00:00,1360.0,0.02,0.0,0.0,0.0,0.0,55.0,592,0.500005,False,REGULAR,USD,MU,call,2026-06-18,0.0027397260273972603,0.02,8.779619673406344e-25,2.3470105655640306e-24,5.656192628600093e-16,1043.18994140625,0.021973756246363108,2026-06-18
MU260618C01370000,2026-06-17 19:54:20+00:00,1370.0,0.02,0.0,0.0,0.0,0.0,368.0,440,0.500005,False,REGULAR,USD,MU,call,2026-06-18,0.0027397260273972603,0.02,4.973539316344014e-26,1.294392481266727e-25,2.3814694445755808e-17,1043.18994140625,0.021973756246363108,2026-06-18
MU260618C01380000,2026-06-17 19:54:44+00:00,1380.0,0.02,0.0,0.0,0.0,0.0,160.0,1089,0.500005,False,REGULAR,USD,MU,call,2026-06-18,0.0027397260273972603,0.02,2.662337697094312e-27,6.75157055552296e-27,3.155133959320017e-18,1043.18994140625,0.021973756246363108,2026-06-18
MU260618C01390000,2026-06-17 19:56:59+00:00,1390.0,0.02,0.0,0.0,0.0,0.0,196.0,295,0.500005,False,REGULAR,USD,MU,call,2026-06-18,0.0027397260273972603,0.02,1.34854594570604e-28,3.3350853228057553e-28,4.3292687387937864e-20,1043.18994140625,0.021973756246363108,2026-06-18
MU260618C01400000,2026-06-17 19:59:31+00:00,1400.0,0.03,0.0,0.0,0.0,0.0,1270.0,3135,0.500005,False,REGULAR,USD,MU,call,2026-06-18,0.0027397260273972603,0.03,6.472236162459048e-30,1.56218800172847e-29,2.2080997195356012e-20,1043.18994140625,0.021973756246363108,2026-06-18
MU260618C01410000,2026-06-17 19:31:59+00:00,1410.0,0.18,0.0,0.0,0.0,0.0,165.0,246,0.500005,False,REGULAR,USD,MU,call,2026-06-18,0.0027397260273972603,0.18,2.947095304902049e-31,6.94753255993074e-31,7.889619696388573e-23,1043.18994140625,0.021973756246363108,2026-06-18
MU260618C01420000,2026-06-17 19:50:03+00:00,1420.0,0.02,0.0,0.0,0.0,0.0,30.0,295,0.500005,False,REGULAR,USD,MU,call,2026-06-18,0.0027397260273972603,0.02,1.274779842079463e-32,2.937188021581661e-32,4.092455682901974e-24,1043.18994140625,0.021973756246363108,2026-06-18
MU260618C01430000,2026-06-17 19:52:59+00:00,1430.0,0.02,0.0,0.0,0.0,0.0,78.0,160,0.500005,False,REGULAR,USD,MU,call,2026-06-18,0.0027397260273972603,0.02,5.244602624540661e-34,1.181833323559528e-33,9.131862263186866e-26,1043.18994140625,0.021973756246363108,2026-06-18
MU260618C01440000,2026-06-17 19:18:29+00:00,1440.0,0.18,0.0,0.0,0.0,0.0,131.0,312,0.500005,False,REGULAR,USD,MU,call,2026-06-18,0.0027397260273972603,0.18,2.054694781154748e-35,4.5311703705905967e-35,6.976356952357834e-27,1043.18994140625,0.021973756246363108,2026-06-18
MU260618C01450000,2026-06-17 19:54:31+00:00,1450.0,0.06,0.0,0.0,0.0,0.0,1135.0,1603,0.500005,False,REGULAR,USD,MU,call,2026-06-18,0.0027397260273972603,0.06,7.674436479293455e-37,1.6572492111051443e-36,1.3387725526541203e-27,1043.18994140625,0.021973756246363108,2026-06-18
MU260618C01460000,2026-06-17 19:48:25+00:00,1460.0,0.01,0.0,0.0,0.0,0.0,15.0,199,0.500005,False,REGULAR,USD,MU,call,2026-06-18,0.0027397260273972603,0.01,2.735922967376357e-38,5.788548713784485e-38,5.924936816457992e-30,1043.18994140625,0.021973756246363108,2026-06-18
MU260618C01470000,2026-06-17 19:48:20+00:00,1470.0,0.01,0.0,0.0,0.0,0.0,393.0,607,0.500005,False,REGULAR,USD,MU,call,2026-06-18,0.0027397260273972603,0.01,9.319663220216334e-40,1.9329699384583526e-39,6.156242115003315e-31,1043.18994140625,0.021973756246363108,2026-06-18
MU260618C01480000,2026-06-17 19:34:02+00:00,1480.0,0.01,0.0,0.0,0.0,0.0,48.0,497,0.500005,False,REGULAR,USD,MU,call,2026-06-18,0.0027397260273972603,0.01,3.0367134099572016e-41,6.177480568157095e-41,1.642430410978995e-32,1043.18994140625,0.021973756246363108,2026-06-18
MU260618C01490000,2026-06-17 18:53:01+00:00,1490.0,0.04,0.0,0.0,0.0,0.0,484.0,390,0.500005,False,REGULAR,USD,MU,call,2026-06-18,0.0027397260273972603,0.04,9.474814875581857e-43,1.89136120379603e-42,4.021259704593483e-34,1043.18994140625,0.021973756246363108,2026-06-18
MU260618C01500000,2026-06-17 19:42:00+00:00,1500.0,0.02,0.0,0.0,0.0,0.0,1068.0,3774,0.500005,False,REGULAR,USD,MU,call,2026-06-18,0.0027397260273972603,0.02,2.833644273971742e-44,5.553274960046605e-44,1.163788354432021e-34,1043.18994140625,0.021973756246363108,2026-06-18
MU260618C01510000,2026-06-17 17:40:16+00:00,1510.0,0.03,0.0,0.0,0.0,0.0,837.0,1011,0.500005,False,REGULAR,USD,MU,call,2026-06-18,0.0027397260273972603,0.03,8.131310105886764e-46,1.5651627526991558e-45,8.946197086256926e-37,1043.18994140625,0.021973756246363108,2026-06-18
MU260618C01520000,2026-06-17 18:17:21+00:00,1520.0,0.02,0.0,0.0,0.0,0.0,20.0,174,0.500005,False,REGULAR,USD,MU,call,2026-06-18,0.0027397260273972603,0.02,2.240981091103825e-47,4.238566229217231e-47,4.2434024432733006e-39,1043.18994140625,0.021973756246363108,2026-06-18
MU260618C01530000,2026-06-17 16:23:20+00:00,1530.0,0.01,0.0,0.0,0.0,0.0,11.0,81,0.500005,False,REGULAR,USD,MU,call,2026-06-18,0.0027397260273972603,0.01,5.937306830085156e-49,1.1039029628781362e-48,5.233609242583653e-41,1043.18994140625,0.021973756246363108,2026-06-18
MU260618C01540000,2026-06-17 18:44:15+00:00,1540.0,0.02,0.0,0.0,0.0,0.0,24.0,165,0.500005,False,REGULAR,USD,MU,call,2026-06-18,0.0027397260273972603,0.02,1.5136142186395692e-50,2.7675066713937305e-50,2.7178527578336744e-42,1043.18994140625,0.021973756246363108,2026-06-18
MU260618C01550000,2026-06-17 19:20:32+00:00,1550.0,0.03,0.0,0.0,0.0,0.0,296.0,758,0.500005,False,REGULAR,USD,MU,call,2026-06-18,0.0027397260273972603,0.03,3.716259277705272e-52,6.684609820066561e-52,3.0655047529507152e-43,1043.18994140625,0.021973756246363108,2026-06-18
MU260618C01560000,2026-06-17 19:00:33+00:00,1560.0,0.05,0.0,0.0,0.0,0.0,18.0,115,0.500005,False,REGULAR,USD,MU,call,2026-06-18,0.0027397260273972603,0.05,8.795141738705027e-54,1.5569241125804523e-53,1.1006961942208236e-45,1043.18994140625,0.021973756246363108,2026-06-18
MU260618C01570000,2026-06-17 17:26:27+00:00,1570.0,0.01,0.0,0.0,0.0,0.0,38.0,247,0.500005,False,REGULAR,USD,MU,call,2026-06-18,0.0027397260273972603,0.01,2.008154653344276e-55,3.49967812760731e-55,5.397850983137621e-47,1043.18994140625,0.021973756246363108,2026-06-18
MU260618C01580000,2026-06-17 17:28:32+00:00,1580.0,0.02,0.0,0.0,0.0,0.0,47.0,199,1.000005,False,REGULAR,USD,MU,call,2026-06-18,0.0027397260273972603,0.02,2.0015220345173843e-16,1.3617410721901517e-15,4.334512240538762e-08,1043.18994140625,0.021973756246363108,2026-06-18
MU260618C01590000,2026-06-17 14:06:37+00:00,1590.0,0.01,0.0,0.0,0.0,0.0,3.0,148,1.000005,False,REGULAR,USD,MU,call,2026-06-18,0.0027397260273972603,0.01,7.664793906805347e-17,5.138702333691563e-16,1.2344939874425924e-08,1043.18994140625,0.021973756246363108,2026-06-18
MU260618C01600000,2026-06-17 19:45:28+00:00,1600.0,0.01,0.0,0.0,0.0,0.0,71.0,3094,1.000005,False,REGULAR,USD,MU,call,2026-06-18,0.0027397260273972603,0.01,2.910740846765592e-17,1.923554150592738e-16,9.80055412674846e-08,1043.18994140625,0.021973756246363108,2026-06-18
MU260618C01610000,2026-06-16 15:29:35+00:00,1610.0,0.1,0.0,0.0,0.0,0.0,28.0,349,1.000005,False,REGULAR,USD,MU,call,2026-06-18,0.0027397260273972603,0.1,1.0963612988067208e-17,7.143762684557048e-17,4.16395382996451e-09,1043.18994140625,0.021973756246363108,2026-06-18
MU260618C01620000,2026-06-17 14:06:37+00:00,1620.0,0.01,0.0,0.0,0.0,0.0,1.0,451,0.500005,False,REGULAR,USD,MU,call,2026-06-18,0.0027397260273972603,0.01,7.485189383156114e-64,1.212130403139608e-63,3.673720540998979e-55,1043.18994140625,0.021973756246363108,2026-06-18
MU260618C01630000,2026-06-17 16:37:29+00:00,1630.0,0.01,0.0,0.0,0.0,0.0,19.0,1671,0.500005,False,REGULAR,USD,MU,call,2026-06-18,0.0027397260273972603,0.01,1.4014122495627302e-65,2.2382970838461835e-65,2.5484090631194275e-56,1043.18994140625,0.021973756246363108,2026-06-18
MU260618C01640000,2026-06-17 19:27:00+00:00,1640.0,0.01,0.0,0.0,0.0,0.0,8.0,308,0.500005,False,REGULAR,USD,MU,call,2026-06-18,0.0027397260273972603,0.01,2.5450934574357087e-67,4.0103089653094516e-67,8.530632497039232e-59,1043.18994140625,0.021973756246363108,2026-06-18
MU260618C01650000,2026-06-17 13:44:17+00:00,1650.0,0.2,0.0,0.0,0.0,0.0,1.0,276,0.500005,False,REGULAR,USD,MU,call,2026-06-18,0.0027397260273972603,0.2,4.486640347741912e-69,6.976388284094514e-69,1.3475879577101812e-60,1043.18994140625,0.021973756246363108,2026-06-18
MU260618C01660000,2026-06-17 17:23:20+00:00,1660.0,0.01,0.0,0.0,0.0,0.0,41.0,214,0.500005,False,REGULAR,USD,MU,call,2026-06-18,0.0027397260273972603,0.01,7.68274115823299e-71,1.1791527772733542e-70,1.7891912128310242e-62,1043.18994140625,0.021973756246363108,2026-06-18
MU260618C01670000,2026-06-17 13:41:01+00:00,1670.0,0.02,0.0,0.0,0.0,0.0,21.0,118,0.500005,False,REGULAR,USD,MU,call,2026-06-18,0.0027397260273972603,0.02,1.2787311042197352e-72,1.9376849913879639e-72,1.6420562050404194e-64,1043.18994140625,0.021973756246363108,2026-06-18
MU260618C01680000,2026-06-16 16:20:51+00:00,1680.0,0.04,0.0,0.0,0.0,0.0,11.0,41,0.500005,False,REGULAR,USD,MU,call,2026-06-18,0.0027397260273972603,0.04,2.0701134283862144e-74,3.097777962904009e-74,9.23644356483702e-67,1043.18994140625,0.021973756246363108,2026-06-18
MU260618C01690000,2026-06-16 15:04:30+00:00,1690.0,0.02,0.0,0.0,0.0,0.0,4.0,111,0.500005,False,REGULAR,USD,MU,call,2026-06-18,0.0027397260273972603,0.02,3.261655394119306e-76,4.8210901516154193e-76,3.9399239126067455e-68,1043.18994140625,0.021973756246363108,2026-06-18
MU260618C01700000,2026-06-16 15:06:24+00:00,1700.0,0.05,0.0,0.0,0.0,0.0,17.0,619,0.500005,False,REGULAR,USD,MU,call,2026-06-18,0.0027397260273972603,0.05,5.004741772912248e-78,7.308623442609016e-78,3.37131323181481e-69,1043.18994140625,0.021973756246363108,2026-06-18
MU260618C01710000,2026-06-16 15:26:02+00:00,1710.0,0.01,0.0,0.0,0.0,0.0,23.0,118,0.500005,False,REGULAR,USD,MU,call,2026-06-18,0.0027397260273972603,0.01,7.483233367813191e-80,1.0798977547909507e-79,9.609439971260474e-72,1043.18994140625,0.021973756246363108,2026-06-18
MU260618C01720000,2026-06-16 14:28:48+00:00,1720.0,0.02,0.0,0.0,0.0,0.0,5.0,197,0.500005,False,REGULAR,USD,MU,call,2026-06-18,0.0027397260273972603,0.02,1.0909858950504824e-81,1.5561152635170933e-81,2.33890263794531e-73,1043.18994140625,0.021973756246363108,2026-06-18
MU260618C01730000,2026-06-16 16:27:48+00:00,1730.0,0.01,0.0,0.0,0.0,0.0,23.0,145,0.500005,False,REGULAR,USD,MU,call,2026-06-18,0.0027397260273972603,0.01,1.5517561328106305e-83,2.1880763897579675e-83,2.4486023076651527e-75,1043.18994140625,0.021973756246363108,2026-06-18
MU260618C01740000,2026-06-16 14:28:48+00:00,1740.0,0.02,0.0,0.0,0.0,0.0,3.0,293,0.500005,False,REGULAR,USD,MU,call,2026-06-18,0.0027397260273972603,0.02,2.1545111739492343e-85,3.003921858823574e-85,6.869785119099365e-77,1043.18994140625,0.021973756246363108,2026-06-18
MU260618C01750000,2026-06-16 14:30:05+00:00,1750.0,0.02,0.0,0.0,0.0,0.0,17.0,332,0.500005,False,REGULAR,USD,MU,call,2026-06-18,0.0027397260273972603,0.02,2.9217011649851964e-87,4.0286406327776725e-87,1.0556031054209078e-78,1043.18994140625,0.021973756246363108,2026-06-18
MU260618C01760000,2026-06-16 19:46:15+00:00,1760.0,0.01,0.0,0.0,0.0,0.0,24.0,416,0.500005,False,REGULAR,USD,MU,call,2026-06-18,0.0027397260273972603,0.01,3.8718625160929615e-89,5.28086545578639e-89,1.752830978788213e-80,1043.18994140625,0.021973756246363108,2026-06-18
MU260618C01770000,2026-06-16 18:33:48+00:00,1770.0,0.02,0.0,0.0,0.0,0.0,133.0,2715,0.500005,False,REGULAR,USD,MU,call,2026-06-18,0.0027397260273972603,0.02,5.016850285827187e-91,6.769491437818915e-91,1.4822714937342542e-81,1043.18994140625,0.021973756246363108,2026-06-18
MU260618C01780000,2026-06-16 13:30:15+00:00,1780.0,0.11,0.0,0.0,0.0,0.0,2.0,774,0.500005,False,REGULAR,USD,MU,call,2026-06-18,0.0027397260273972603,0.11,6.359079042512148e-93,8.49051311107607e-93,5.356263892243821e-84,1043.18994140625,0.021973756246363108,2026-06-18
MU260618C01790000,2026-06-16 14:30:05+00:00,1790.0,0.01,0.0,0.0,0.0,0.0,7.0,414,0.500005,False,REGULAR,USD,MU,call,2026-06-18,0.0027397260273972603,0.01,7.889126242357863e-95,1.0424528024037513e-94,3.5543159347753826e-86,1043.18994140625,0.021973756246363108,2026-06-18
MU260618C01800000,2026-06-16 19:45:35+00:00,1800.0,0.01,0.0,0.0,0.0,0.0,55.0,1065,0.500005,False,REGULAR,USD,MU,call,2026-06-18,0.0027397260273972603,0.01,9.584070375470809e-97,1.2535342745331061e-96,1.1107757340096072e-87,1043.18994140625,0.021973756246363108,2026-06-18
MU260618C01810000,2026-06-17 17:37:36+00:00,1810.0,0.01,0.0,0.0,0.0,0.0,19.0,352,0.500005,False,REGULAR,USD,MU,call,2026-06-18,0.0027397260273972603,0.01,1.1406896439103383e-98,1.477003195934093e-98,4.369552320681197e-90,1043.18994140625,0.021973756246363108,2026-06-18
MU260618C01820000,2026-06-16 13:30:05+00:00,1820.0,0.02,0.0,0.0,0.0,0.0,1.0,407,0.500005,False,REGULAR,USD,MU,call,2026-06-18,0.0027397260273972603,0.02,1.3307202344484144e-100,1.706064854583362e-100,5.8939704159227956e-92,1043.18994140625,0.021973756246363108,2026-06-18
MU260618C01830000,2026-06-16 18:34:29+00:00,1830.0,0.01,0.0,0.0,0.0,0.0,66.0,1293,0.500005,False,REGULAR,USD,MU,call,2026-06-18,0.0027397260273972603,0.01,1.5223291854692339e-102,1.932758143872882e-102,2.142071091575623e-93,1043.18994140625,0.021973756246363108,2026-06-18
MU260618C01840000,2026-06-16 17:35:35+00:00,1840.0,0.08,0.0,0.0,0.0,0.0,24.0,893,0.500005,False,REGULAR,USD,MU,call,2026-06-18,0.0027397260273972603,0.08,1.7085563304919044e-104,2.1484338951067936e-104,1.6603801876125093e-95,1043.18994140625,0.021973756246363108,2026-06-18
MU260618C01850000,2026-06-17 14:51:10+00:00,1850.0,0.01,0.0,0.0,0.0,0.0,7.0,344,0.500005,False,REGULAR,USD,MU,call,2026-06-18,0.0027397260273972603,0.01,1.8820926363549912e-106,2.3443333851633088e-106,7.045733623146184e-98,1043.18994140625,0.021973756246363108,2026-06-18
MU260618C01860000,2026-06-16 16:17:55+00:00,1860.0,0.01,0.0,0.0,0.0,0.0,2.0,334,0.500005,False,REGULAR,USD,MU,call,2026-06-18,0.0027397260273972603,0.01,2.035783082017407e-108,2.5122096888702158e-108,7.399540464765709e-100,1043.18994140625,0.021973756246363108,2026-06-18
MU260618C01870000,2026-06-17 16:30:08+00:00,1870.0,0.07,0.0,0.0,0.0,0.0,2.0,843,0.500005,False,REGULAR,USD,MU,call,2026-06-18,0.0027397260273972603,0.07,2.1631397043930245e-110,2.6449273329494922e-110,1.9844443535972727e-101,1043.18994140625,0.021973756246363108,2026-06-18
MU260618C01880000,2026-06-16 18:32:06+00:00,1880.0,0.01,0.0,0.0,0.0,0.0,266.0,647,0.500005,False,REGULAR,USD,MU,call,2026-06-18,0.0027397260273972603,0.01,2.2588113378462846e-112,2.7369774562983443e-112,1.5904170443884182e-103,1043.18994140625,0.021973756246363108,2026-06-18
MU260618C01890000,2026-06-16 14:34:17+00:00,1890.0,0.04,0.0,0.0,0.0,0.0,25.0,169,0.500005,False,REGULAR,USD,MU,call,2026-06-18,0.0027397260273972603,0.04,2.3189615142351046e-114,2.7848560387673174e-114,4.2648820763235094e-106,1043.18994140625,0.021973756246363108,2026-06-18
MU260618C01900000,2026-06-17 13:55:02+00:00,1900.0,0.01,0.0,0.0,0.0,0.0,1.0,1033,0.500005,False,REGULAR,USD,MU,call,2026-06-18,0.0027397260273972603,0.01,2.3415174230268965e-116,2.787269925288283e-116,2.632234014758677e-107,1043.18994140625,0.021973756246363108,2026-06-18
MU260618C01910000,2026-06-16 18:30:42+00:00,1910.0,0.01,0.0,0.0,0.0,0.0,705.0,1117,0.500005,False,REGULAR,USD,MU,call,2026-06-18,0.0027397260273972603,0.01,2.326268817083631e-118,2.7451564916960516e-118,2.8277424662999197e-109,1043.18994140625,0.021973756246363108,2026-06-18
MU260618C01920000,2026-06-16 13:42:33+00:00,1920.0,0.02,0.0,0.0,0.0,0.0,100.0,939,0.500005,False,REGULAR,USD,MU,call,2026-06-18,0.0027397260273972603,0.02,2.2748137074189922e-120,2.6615245518048203e-120,2.3245463520441617e-111,1043.18994140625,0.021973756246363108,2026-06-18
MU260618C01930000,2026-06-16 19:17:01+00:00,1930.0,0.01,0.0,0.0,0.0,0.0,127.0,208,0.500005,False,REGULAR,USD,MU,call,2026-06-18,0.0027397260273972603,0.01,2.190364899956046e-122,2.5411433269643856e-122,4.9580007496850924e-114,1043.18994140625,0.021973756246363108,2026-06-18
MU260618C01940000,2026-06-12 14:08:10+00:00,1940.0,0.04,0.0,0.0,0.0,0.0,3.0,71,0.500005,False,REGULAR,USD,MU,call,2026-06-18,0.0027397260273972603,0.04,2.077445517890861e-124,2.3901205141788143e-124,1.6051468597351797e-116,1043.18994140625,0.021973756246363108,2026-06-18
MU260618C01950000,2026-06-16 14:33:07+00:00,1950.0,0.02,0.0,0.0,0.0,0.0,66.0,430,0.500005,False,REGULAR,USD,MU,call,2026-06-18,0.0027397260273972603,0.02,1.941510971685287e-126,2.215418256813222e-126,9.085212431016936e-118,1043.18994140625,0.021973756246363108,2026-06-18
MU260618C01960000,2026-06-17 18:47:57+00:00,1960.0,0.05,0.0,0.0,0.0,0.0,25.0,541,0.500005,False,REGULAR,USD,MU,call,2026-06-18,0.0027397260273972603,0.05,1.7885386443693389e-128,2.0243568510966345e-128,1.0529854618658124e-119,1043.18994140625,0.021973756246363108,2026-06-18
MU260618C01970000,2026-06-12 14:47:49+00:00,1970.0,0.03,0.0,0.0,0.0,0.0,7.0,104,0.500005,False,REGULAR,USD,MU,call,2026-06-18,0.0027397260273972603,0.03,1.6246250278679796e-130,1.824151058598276e-130,1.838710094899769e-122,1043.18994140625,0.021973756246363108,2026-06-18
MU260618C01980000,2026-06-15 13:38:31+00:00,1980.0,0.01,0.0,0.0,0.0,0.0,38.0,374,0.500005,False,REGULAR,USD,MU,call,2026-06-18,0.0027397260273972603,0.01,1.4556241082265812e-132,1.6215144491887516e-132,5.924444341611785e-124,1043.18994140625,0.021973756246363108,2026-06-18
MU260618C01990000,2026-06-16 13:33:01+00:00,1990.0,0.03,0.0,0.0,0.0,0.0,16.0,167,0.500005,False,REGULAR,USD,MU,call,2026-06-18,0.0027397260273972603,0.03,1.2868518767572568e-134,1.422355180936695e-134,2.3386854469752393e-126,1043.18994140625,0.021973756246363108,2026-06-18
MU260618C02000000,2026-06-17 14:46:08+00:00,2000.0,0.01,0.0,0.0,0.0,0.0,1.0,546,0.500005,False,REGULAR,USD,MU,call,2026-06-18,0.0027397260273972603,0.01,1.1228715498123085e-136,1.2315739775000693e-136,6.671899605831961e-128,1043.18994140625,0.021973756246363108,2026-06-18
MU260618C02010000,2026-06-11 15:44:02+00:00,2010.0,0.02,0.0,0.0,0.0,0.0,47.0,108,0.500005,False,REGULAR,USD,MU,call,2026-06-18,0.0027397260273972603,0.02,9.673639285476924e-139,1.0529634660615292e-138,1.136947540307962e-130,1043.18994140625,0.021973756246363108,2026-06-18
MU260618C02020000,2026-06-16 13:42:39+00:00,2020.0,0.02,0.0,0.0,0.0,0.0,9.0,329,0.500005,False,REGULAR,USD,MU,call,2026-06-18,0.0027397260273972603,0.02,8.230785343253034e-141,8.891986991642178e-141,2.9468902050515046e-132,1043.18994140625,0.021973756246363108,2026-06-18
MU260618C02030000,2026-06-16 13:41:52+00:00,2030.0,0.02,0.0,0.0,0.0,0.0,36.0,348,0.500005,False,REGULAR,USD,MU,call,2026-06-18,0.0027397260273972603,0.02,6.918545061877169e-143,7.419022635157449e-143,2.6201176918458735e-134,1043.18994140625,0.021973756246363108,2026-06-18
MU260618C02040000,2026-06-12 16:37:04+00:00,2040.0,0.03,0.0,0.0,0.0,0.0,2.0,180,0.500005,False,REGULAR,USD,MU,call,2026-06-18,0.0027397260273972603,0.03,5.746960875687857e-145,6.117640151646885e-145,1.125738521466427e-136,1043.18994140625,0.021973756246363108,2026-06-18
MU260618C02050000,2026-06-16 13:40:08+00:00,2050.0,0.02,0.0,0.0,0.0,0.0,54.0,413,0.500005,False,REGULAR,USD,MU,call,2026-06-18,0.0027397260273972603,0.02,4.718858063600683e-147,4.986948862582651e-147,2.1208685301113564e-138,1043.18994140625,0.021973756246363108,2026-06-18
MU260618C02060000,2026-06-12 13:30:01+00:00,2060.0,0.06,0.0,0.0,0.0,0.0,1.0,72,0.500005,False,REGULAR,USD,MU,call,2026-06-18,0.0027397260273972603,0.06,3.8311881438719646e-149,4.019958131900114e-149,3.0018760662092834e-141,1043.18994140625,0.021973756246363108,2026-06-18
MU260618C02070000,2026-06-11 14:20:31+00:00,2070.0,0.02,0.0,0.0,0.0,0.0,2.0,199,0.500005,False,REGULAR,USD,MU,call,2026-06-18,0.0027397260273972603,0.02,3.0764377067039196e-151,3.205259335328156e-151,6.662358278847776e-143,1043.18994140625,0.021973756246363108,2026-06-18
MU260618C02080000,2026-06-11 14:20:42+00:00,2080.0,0.02,0.0,0.0,0.0,0.0,2.0,194,0.500005,False,REGULAR,USD,MU,call,2026-06-18,0.0027397260273972603,0.02,2.4439853791123287e-153,2.528580789247577e-153,5.1597316492432755e-145,1043.18994140625,0.021973756246363108,2026-06-18
MU260618C02090000,2026-06-16 13:59:11+00:00,2090.0,0.01,0.0,0.0,0.0,0.0,11.0,1604,0.500005,False,REGULAR,USD,MU,call,2026-06-18,0.0027397260273972603,0.01,1.9213225733284916e-155,1.9741363309883536e-155,3.35375575515314e-146,1043.18994140625,0.021973756246363108,2026-06-18
MU260618C02100000,2026-06-17 17:11:19+00:00,2100.0,0.01,0.0,0.0,0.0,0.0,3.0,393,0.500005,False,REGULAR,USD,MU,call,2026-06-18,0.0027397260273972603,0.01,1.4950861493902122e-157,1.5257255599721773e-157,6.394190196258034e-149,1043.18994140625,0.021973756246363108,2026-06-18
MU260618C02110000,2026-06-17 17:11:19+00:00,2110.0,0.01,0.0,0.0,0.0,0.0,3.0,324,0.500005,False,REGULAR,USD,MU,call,2026-06-18,0.0027397260273972603,0.01,1.1518798422882378e-159,1.1675749082806862e-159,4.061429979261529e-151,1043.18994140625,0.021973756246363108,2026-06-18
MU260618C02120000,2026-06-17 17:11:19+00:00,2120.0,0.01,0.0,0.0,0.0,0.0,3.0,204,0.500005,False,REGULAR,USD,MU,call,2026-06-18,0.0027397260273972603,0.01,8.788843330225779e-162,8.849322310484429e-162,1.9511410763557915e-153,1043.18994140625,0.021973756246363108,2026-06-18
MU260618C02130000,2026-06-16 13:34:10+00:00,2130.0,0.01,0.0,0.0,0.0,0.0,15.0,314,0.500005,False,REGULAR,USD,MU,call,2026-06-18,0.0027397260273972603,0.01,6.642724504844309e-164,6.64443307814195e-164,2.2698788123218438e-155,1043.18994140625,0.021973756246363108,2026-06-18
MU260618C02140000,2026-06-15 17:17:41+00:00,2140.0,0.01,0.0,0.0,0.0,0.0,7.0,1904,0.500005,False,REGULAR,USD,MU,call,2026-06-18,0.0027397260273972603,0.01,4.9745637926593554e-166,4.9434726762274423e-166,1.0307390512698113e-156,1043.18994140625,0.021973756246363108,2026-06-18
MU260618C02150000,2026-06-11 16:44:05+00:00,2150.0,0.01,0.0,0.0,0.0,0.0,64.0,338,0.500005,False,REGULAR,USD,MU,call,2026-06-18,0.0027397260273972603,0.01,3.6919874289802073e-168,3.645307844234532e-168,1.3580122753406787e-159,1043.18994140625,0.021973756246363108,2026-06-18
MU260618C02160000,2026-06-16 13:38:48+00:00,2160.0,0.01,0.0,0.0,0.0,0.0,50.0,283,0.500005,False,REGULAR,USD,MU,call,2026-06-18,0.0027397260273972603,0.01,2.7162018839398366e-170,2.6647944764536055e-170,8.36517947861859e-162,1043.18994140625,0.021973756246363108,2026-06-18
MU260618C02170000,2026-06-15 13:51:12+00:00,2170.0,0.01,0.0,0.0,0.0,0.0,13.0,482,0.500005,False,REGULAR,USD,MU,call,2026-06-18,0.0027397260273972603,0.01,1.9813386075864553e-172,1.93160480387553e-172,1.039279885941423e-163,1043.18994140625,0.021973756246363108,2026-06-18
MU260618P00035000,2026-06-17 13:30:12+00:00,35.0,0.01,0.0,0.0,0.0,0.0,1.0,512,0.500005,False,REGULAR,USD,MU,put,2026-06-18,0.0027397260273972603,0.01,0.0,0.0,-0.0,1043.18994140625,0.021973756246363108,2026-06-18
MU260618P00040000,2026-06-17 18:50:18+00:00,40.0,0.01,0.0,0.0,0.0,0.0,5.0,1903,0.500005,False,REGULAR,USD,MU,put,2026-06-18,0.0027397260273972603,0.01,0.0,0.0,-0.0,1043.18994140625,0.021973756246363108,2026-06-18
MU260618P00045000,2026-06-17 15:36:43+00:00,45.0,0.01,0.0,0.0,0.0,0.0,5.0,1551,0.500005,False,REGULAR,USD,MU,put,2026-06-18,0.0027397260273972603,0.01,0.0,0.0,-0.0,1043.18994140625,0.021973756246363108,2026-06-18
MU260618P00047500,2026-06-16 17:46:21+00:00,47.5,0.04,0.0,0.0,0.0,0.0,4.0,1394,0.500005,False,REGULAR,USD,MU,put,2026-06-18,0.0027397260273972603,0.04,0.0,0.0,-0.0,1043.18994140625,0.021973756246363108,2026-06-18
MU260618P00050000,2026-06-10 17:07:32+00:00,50.0,0.01,0.0,0.0,0.0,0.0,1.0,1329,0.500005,False,REGULAR,USD,MU,put,2026-06-18,0.0027397260273972603,0.01,0.0,0.0,-0.0,1043.18994140625,0.021973756246363108,2026-06-18
MU260618P00055000,2026-05-26 19:22:49+00:00,55.0,0.01,0.0,0.0,0.0,0.0,1.0,1701,0.500005,False,REGULAR,USD,MU,put,2026-06-18,0.0027397260273972603,0.01,0.0,0.0,-0.0,1043.18994140625,0.021973756246363108,2026-06-18
MU260618P00060000,2026-05-18 16:48:37+00:00,60.0,0.02,0.0,0.0,0.0,0.0,20.0,4283,0.500005,False,REGULAR,USD,MU,put,2026-06-18,0.0027397260273972603,0.02,0.0,0.0,-0.0,1043.18994140625,0.021973756246363108,2026-06-18
MU260618P00065000,2026-06-12 13:46:17+00:00,65.0,0.02,0.0,0.0,0.0,0.0,4.0,3612,0.500005,False,REGULAR,USD,MU,put,2026-06-18,0.0027397260273972603,0.02,0.0,0.0,-0.0,1043.18994140625,0.021973756246363108,2026-06-18
MU260618P00070000,2026-05-21 14:18:42+00:00,70.0,0.02,0.0,0.0,0.0,0.0,2.0,2767,0.500005,False,REGULAR,USD,MU,put,2026-06-18,0.0027397260273972603,0.02,0.0,0.0,-0.0,1043.18994140625,0.021973756246363108,2026-06-18
MU260618P00075000,2026-06-12 13:46:17+00:00,75.0,0.01,0.0,0.0,0.0,0.0,2.0,5885,0.500005,False,REGULAR,USD,MU,put,2026-06-18,0.0027397260273972603,0.01,0.0,0.0,-0.0,1043.18994140625,0.021973756246363108,2026-06-18
MU260618P00080000,2026-06-17 14:06:10+00:00,80.0,0.01,0.0,0.0,0.0,0.0,2.0,6071,0.500005,False,REGULAR,USD,MU,put,2026-06-18,0.0027397260273972603,0.01,0.0,0.0,-0.0,1043.18994140625,0.021973756246363108,2026-06-18
MU260618P00085000,2026-06-16 17:47:45+00:00,85.0,0.01,0.0,0.0,0.0,0.0,6.0,2910,0.500005,False,REGULAR,USD,MU,put,2026-06-18,0.0027397260273972603,0.01,0.0,0.0,-0.0,1043.18994140625,0.021973756246363108,2026-06-18
MU260618P00087500,2026-06-16 17:47:45+00:00,87.5,0.04,0.0,0.0,0.0,0.0,6.0,1702,0.500005,False,REGULAR,USD,MU,put,2026-06-18,0.0027397260273972603,0.04,0.0,0.0,-0.0,1043.18994140625,0.021973756246363108,2026-06-18
MU260618P00090000,2026-06-16 17:48:40+00:00,90.0,0.01,0.0,0.0,0.0,0.0,3.0,7159,0.500005,False,REGULAR,USD,MU,put,2026-06-18,0.0027397260273972603,0.01,0.0,0.0,-0.0,1043.18994140625,0.021973756246363108,2026-06-18
MU260618P00092500,2026-06-16 17:48:40+00:00,92.5,0.04,0.0,0.0,0.0,0.0,3.0,3186,0.500005,False,REGULAR,USD,MU,put,2026-06-18,0.0027397260273972603,0.04,0.0,0.0,-0.0,1043.18994140625,0.021973756246363108,2026-06-18
MU260618P00095000,2026-06-17 13:30:50+00:00,95.0,0.01,0.0,0.0,0.0,0.0,5.0,2793,0.500005,False,REGULAR,USD,MU,put,2026-06-18,0.0027397260273972603,0.01,0.0,0.0,-0.0,1043.18994140625,0.021973756246363108,2026-06-18
MU260618P00097500,2026-06-16 17:49:02+00:00,97.5,0.06,0.0,0.0,0.0,0.0,3.0,3370,0.500005,False,REGULAR,USD,MU,put,2026-06-18,0.0027397260273972603,0.06,0.0,0.0,-0.0,1043.18994140625,0.021973756246363108,2026-06-18
MU260618P00100000,2026-06-11 19:48:58+00:00,100.0,0.01,0.0,0.0,0.0,0.0,5.0,8632,0.500005,False,REGULAR,USD,MU,put,2026-06-18,0.0027397260273972603,0.01,0.0,0.0,-0.0,1043.18994140625,0.021973756246363108,2026-06-18
MU260618P00105000,2026-06-10 15:34:05+00:00,105.0,0.01,0.0,0.0,0.0,0.0,9.0,2866,0.500005,False,REGULAR,USD,MU,put,2026-06-18,0.0027397260273972603,0.01,0.0,0.0,-0.0,1043.18994140625,0.021973756246363108,2026-06-18
MU260618P00110000,2026-06-11 17:38:28+00:00,110.0,0.01,0.0,0.0,0.0,0.0,4.0,5390,0.500005,False,REGULAR,USD,MU,put,2026-06-18,0.0027397260273972603,0.01,0.0,0.0,-0.0,1043.18994140625,0.021973756246363108,2026-06-18
MU260618P00115000,2026-06-11 14:05:52+00:00,115.0,0.01,0.0,0.0,0.0,0.0,1.0,4830,0.500005,False,REGULAR,USD,MU,put,2026-06-18,0.0027397260273972603,0.01,0.0,0.0,-0.0,1043.18994140625,0.021973756246363108,2026-06-18
MU260618P00120000,2026-06-11 17:02:39+00:00,120.0,0.01,0.0,0.0,0.0,0.0,1.0,4132,0.500005,False,REGULAR,USD,MU,put,2026-06-18,0.0027397260273972603,0.01,0.0,0.0,-0.0,1043.18994140625,0.021973756246363108,2026-06-18
MU260618P00125000,2026-06-11 13:30:02+00:00,125.0,0.01,0.0,0.0,0.0,0.0,10.0,2634,0.500005,False,REGULAR,USD,MU,put,2026-06-18,0.0027397260273972603,0.01,0.0,0.0,-0.0,1043.18994140625,0.021973756246363108,2026-06-18
MU260618P00130000,2026-06-05 15:31:31+00:00,130.0,0.01,0.0,0.0,0.0,0.0,149.0,6276,0.500005,False,REGULAR,USD,MU,put,2026-06-18,0.0027397260273972603,0.01,0.0,0.0,-0.0,1043.18994140625,0.021973756246363108,2026-06-18
MU260618P00135000,2026-06-16 18:49:49+00:00,135.0,0.01,0.0,0.0,0.0,0.0,4.0,3733,0.500005,False,REGULAR,USD,MU,put,2026-06-18,0.0027397260273972603,0.01,0.0,0.0,-0.0,1043.18994140625,0.021973756246363108,2026-06-18
MU260618P00140000,2026-06-16 15:54:15+00:00,140.0,0.01,0.0,0.0,0.0,0.0,7.0,5957,0.500005,False,REGULAR,USD,MU,put,2026-06-18,0.0027397260273972603,0.01,0.0,0.0,-0.0,1043.18994140625,0.021973756246363108,2026-06-18
MU260618P00145000,2026-06-11 17:16:09+00:00,145.0,0.01,0.0,0.0,0.0,0.0,14.0,3333,0.500005,False,REGULAR,USD,MU,put,2026-06-18,0.0027397260273972603,0.01,0.0,0.0,-0.0,1043.18994140625,0.021973756246363108,2026-06-18
MU260618P00150000,2026-06-16 19:57:52+00:00,150.0,0.01,0.0,0.0,0.0,0.0,11.0,8508,0.500005,False,REGULAR,USD,MU,put,2026-06-18,0.0027397260273972603,0.01,0.0,0.0,-0.0,1043.18994140625,0.021973756246363108,2026-06-18
MU260618P00155000,2026-06-15 18:47:30+00:00,155.0,0.01,0.0,0.0,0.0,0.0,1.0,11310,0.500005,False,REGULAR,USD,MU,put,2026-06-18,0.0027397260273972603,0.01,0.0,0.0,-0.0,1043.18994140625,0.021973756246363108,2026-06-18
MU260618P00160000,2026-06-15 13:41:01+00:00,160.0,0.01,0.0,0.0,0.0,0.0,1.0,2885,0.500005,False,REGULAR,USD,MU,put,2026-06-18,0.0027397260273972603,0.01,0.0,0.0,-0.0,1043.18994140625,0.021973756246363108,2026-06-18
MU260618P00165000,2026-06-11 18:42:09+00:00,165.0,0.02,0.0,0.0,0.0,0.0,73.0,1438,0.500005,False,REGULAR,USD,MU,put,2026-06-18,0.0027397260273972603,0.02,0.0,0.0,-0.0,1043.18994140625,0.021973756246363108,2026-06-18
MU260618P00170000,2026-06-12 18:17:26+00:00,170.0,0.01,0.0,0.0,0.0,0.0,35.0,7643,0.500005,False,REGULAR,USD,MU,put,2026-06-18,0.0027397260273972603,0.01,0.0,0.0,-0.0,1043.18994140625,0.021973756246363108,2026-06-18
MU260618P00175000,2026-06-12 13:59:09+00:00,175.0,0.01,0.0,0.0,0.0,0.0,88.0,5480,0.500005,False,REGULAR,USD,MU,put,2026-06-18,0.0027397260273972603,0.01,0.0,0.0,-0.0,1043.18994140625,0.021973756246363108,2026-06-18
MU260618P00180000,2026-06-12 16:34:30+00:00,180.0,0.04,0.0,0.0,0.0,0.0,21.0,2020,0.500005,False,REGULAR,USD,MU,put,2026-06-18,0.0027397260273972603,0.04,0.0,0.0,-0.0,1043.18994140625,0.021973756246363108,2026-06-18
MU260618P00185000,2026-06-17 15:32:22+00:00,185.0,0.01,0.0,0.0,0.0,0.0,1.0,1508,0.500005,False,REGULAR,USD,MU,put,2026-06-18,0.0027397260273972603,0.01,0.0,0.0,-0.0,1043.18994140625,0.021973756246363108,2026-06-18
MU260618P00190000,2026-06-17 15:17:19+00:00,190.0,0.01,0.0,0.0,0.0,0.0,14.0,10033,0.500005,False,REGULAR,USD,MU,put,2026-06-18,0.0027397260273972603,0.01,0.0,0.0,-0.0,1043.18994140625,0.021973756246363108,2026-06-18
MU260618P00195000,2026-06-12 18:24:33+00:00,195.0,0.02,0.0,0.0,0.0,0.0,7010.0,11383,0.500005,False,REGULAR,USD,MU,put,2026-06-18,0.0027397260273972603,0.02,0.0,0.0,-0.0,1043.18994140625,0.021973756246363108,2026-06-18
MU260618P00200000,2026-06-16 18:03:23+00:00,200.0,0.01,0.0,0.0,0.0,0.0,4.0,19612,0.500005,False,REGULAR,USD,MU,put,2026-06-18,0.0027397260273972603,0.01,0.0,0.0,-0.0,1043.18994140625,0.021973756246363108,2026-06-18
MU260618P00210000,2026-06-16 14:42:31+00:00,210.0,0.01,0.0,0.0,0.0,0.0,4.0,2163,0.500005,False,REGULAR,USD,MU,put,2026-06-18,0.0027397260273972603,0.01,0.0,0.0,-0.0,1043.18994140625,0.021973756246363108,2026-06-18
MU260618P00220000,2026-06-17 18:42:10+00:00,220.0,0.01,0.0,0.0,0.0,0.0,6.0,2848,0.500005,False,REGULAR,USD,MU,put,2026-06-18,0.0027397260273972603,0.01,0.0,0.0,-0.0,1043.18994140625,0.021973756246363108,2026-06-18
MU260618P00230000,2026-06-17 18:42:10+00:00,230.0,0.01,0.0,0.0,0.0,0.0,2.0,1537,0.500005,False,REGULAR,USD,MU,put,2026-06-18,0.0027397260273972603,0.01,0.0,0.0,-0.0,1043.18994140625,0.021973756246363108,2026-06-18
MU260618P00240000,2026-06-17 18:42:10+00:00,240.0,0.01,0.0,0.0,0.0,0.0,23.0,3111,0.500005,False,REGULAR,USD,MU,put,2026-06-18,0.0027397260273972603,0.01,0.0,0.0,-0.0,1043.18994140625,0.021973756246363108,2026-06-18
MU260618P00250000,2026-06-17 15:38:31+00:00,250.0,0.01,0.0,0.0,0.0,0.0,33.0,2773,0.500005,False,REGULAR,USD,MU,put,2026-06-18,0.0027397260273972603,0.01,0.0,0.0,-0.0,1043.18994140625,0.021973756246363108,2026-06-18
MU260618P00260000,2026-06-17 19:26:20+00:00,260.0,0.01,0.0,0.0,0.0,0.0,11.0,8605,0.500005,False,REGULAR,USD,MU,put,2026-06-18,0.0027397260273972603,0.01,0.0,0.0,-0.0,1043.18994140625,0.021973756246363108,2026-06-18
MU260618P00270000,2026-06-15 19:56:28+00:00,270.0,0.01,0.0,0.0,0.0,0.0,1236.0,5794,0.500005,False,REGULAR,USD,MU,put,2026-06-18,0.0027397260273972603,0.01,0.0,0.0,-0.0,1043.18994140625,0.021973756246363108,2026-06-18
MU260618P00280000,2026-06-15 16:21:39+00:00,280.0,0.01,0.0,0.0,0.0,0.0,452.0,4675,0.500005,False,REGULAR,USD,MU,put,2026-06-18,0.0027397260273972603,0.01,0.0,0.0,-0.0,1043.18994140625,0.021973756246363108,2026-06-18
MU260618P00290000,2026-06-17 13:49:45+00:00,290.0,0.01,0.0,0.0,0.0,0.0,1.0,3404,0.500005,False,REGULAR,USD,MU,put,2026-06-18,0.0027397260273972603,0.01,0.0,0.0,-0.0,1043.18994140625,0.021973756246363108,2026-06-18
MU260618P00300000,2026-06-17 19:52:04+00:00,300.0,0.01,0.0,0.0,0.0,0.0,14.0,7861,0.500005,False,REGULAR,USD,MU,put,2026-06-18,0.0027397260273972603,0.01,0.0,0.0,-0.0,1043.18994140625,0.021973756246363108,2026-06-18
MU260618P00310000,2026-06-17 14:43:35+00:00,310.0,0.01,0.0,0.0,0.0,0.0,19.0,4419,0.500005,False,REGULAR,USD,MU,put,2026-06-18,0.0027397260273972603,0.01,0.0,0.0,-0.0,1043.18994140625,0.021973756246363108,2026-06-18
MU260618P00320000,2026-06-17 19:56:12+00:00,320.0,0.01,0.0,0.0,0.0,0.0,9.0,4425,0.500005,False,REGULAR,USD,MU,put,2026-06-18,0.0027397260273972603,0.01,0.0,0.0,-0.0,1043.18994140625,0.021973756246363108,2026-06-18
MU260618P00330000,2026-06-17 19:52:37+00:00,330.0,0.01,0.0,0.0,0.0,0.0,15.0,3391,0.500005,False,REGULAR,USD,MU,put,2026-06-18,0.0027397260273972603,0.01,0.0,0.0,-0.0,1043.18994140625,0.021973756246363108,2026-06-18
MU260618P00340000,2026-06-17 15:04:15+00:00,340.0,0.01,0.0,0.0,0.0,0.0,7.0,4328,0.500005,False,REGULAR,USD,MU,put,2026-06-18,0.0027397260273972603,0.01,0.0,0.0,-0.0,1043.18994140625,0.021973756246363108,2026-06-18
MU260618P00350000,2026-06-17 17:43:16+00:00,350.0,0.01,0.0,0.0,0.0,0.0,10.0,10750,0.500005,False,REGULAR,USD,MU,put,2026-06-18,0.0027397260273972603,0.01,0.0,0.0,-0.0,1043.18994140625,0.021973756246363108,2026-06-18
MU260618P00360000,2026-06-17 19:52:29+00:00,360.0,0.01,0.0,0.0,0.0,0.0,21.0,3633,0.500005,False,REGULAR,USD,MU,put,2026-06-18,0.0027397260273972603,0.01,0.0,0.0,-0.0,1043.18994140625,0.021973756246363108,2026-06-18
MU260618P00370000,2026-06-17 17:39:17+00:00,370.0,0.01,0.0,0.0,0.0,0.0,12.0,4099,0.500005,False,REGULAR,USD,MU,put,2026-06-18,0.0027397260273972603,0.01,0.0,0.0,-0.0,1043.18994140625,0.021973756246363108,2026-06-18
MU260618P00380000,2026-06-17 19:20:47+00:00,380.0,0.01,0.0,0.0,0.0,0.0,164.0,3708,0.500005,False,REGULAR,USD,MU,put,2026-06-18,0.0027397260273972603,0.01,0.0,0.0,-0.0,1043.18994140625,0.021973756246363108,2026-06-18
MU260618P00390000,2026-06-17 19:59:43+00:00,390.0,0.01,0.0,0.0,0.0,0.0,362.0,8521,0.500005,False,REGULAR,USD,MU,put,2026-06-18,0.0027397260273972603,0.01,9.66632127122254e-310,0.0,-8.963519598083082e-300,1043.18994140625,0.021973756246363108,2026-06-18
MU260618P00400000,2026-06-17 19:58:54+00:00,400.0,0.01,0.0,0.0,0.0,0.0,806.0,32424,0.500005,False,REGULAR,USD,MU,put,2026-06-18,0.0027397260273972603,0.01,3.834084924569669e-294,0.0,-1.352866991869478e-283,1043.18994140625,0.021973756246363108,2026-06-18
MU260618P00410000,2026-06-17 19:56:30+00:00,410.0,0.01,0.0,0.0,0.0,0.0,291.0,6013,0.500005,False,REGULAR,USD,MU,put,2026-06-18,0.0027397260273972603,0.01,2.5432091102542598e-279,0.0,-1.664179072088082e-269,1043.18994140625,0.021973756246363108,2026-06-18
MU260618P00420000,2026-06-17 19:38:38+00:00,420.0,0.03,0.0,0.0,0.0,0.0,268.0,3580,0.500005,False,REGULAR,USD,MU,put,2026-06-18,0.0027397260273972603,0.03,3.141807127979042e-265,0.0,-1.2240222970029565e-255,1043.18994140625,0.021973756246363108,2026-06-18
MU260618P00430000,2026-06-17 19:52:02+00:00,430.0,0.02,0.0,0.0,0.0,0.0,113.0,3040,0.500005,False,REGULAR,USD,MU,put,2026-06-18,0.0027397260273972603,0.02,7.981354627846035e-252,0.0,-2.6404440730891946e-242,1043.18994140625,0.021973756246363108,2026-06-18
MU260618P00440000,2026-06-17 19:40:42+00:00,440.0,0.02,0.0,0.0,0.0,0.0,3.0,2512,0.500005,False,REGULAR,USD,MU,put,2026-06-18,0.0027397260273972603,0.02,4.5680852002905314e-239,0.0,-1.2487646960470764e-229,1043.18994140625,0.021973756246363108,2026-06-18
MU260618P00450000,2026-06-17 19:59:49+00:00,450.0,0.03,0.0,0.0,0.0,0.0,290.0,14794,0.500005,False,REGULAR,USD,MU,put,2026-06-18,0.0027397260273972603,0.03,6.40884834094432e-227,0.0,-1.0317925569459451e-216,1043.18994140625,0.021973756246363108,2026-06-18
MU260618P00460000,2026-06-17 15:42:13+00:00,460.0,0.03,0.0,0.0,0.0,0.0,318.0,8936,0.500005,False,REGULAR,USD,MU,put,2026-06-18,0.0027397260273972603,0.03,2.3828608552085333e-215,0.0,-2.317227237737477e-205,1043.18994140625,0.021973756246363108,2026-06-18
MU260618P00470000,2026-06-17 19:58:37+00:00,470.0,0.02,0.0,0.0,0.0,0.0,3006.0,34240,0.500005,False,REGULAR,USD,MU,put,2026-06-18,0.0027397260273972603,0.02,2.52399695925029e-204,0.0,-9.404795684651684e-194,1043.18994140625,0.021973756246363108,2026-06-18
MU260618P00480000,2026-06-17 19:59:55+00:00,480.0,0.03,0.0,0.0,0.0,0.0,600.0,10482,0.500005,False,REGULAR,USD,MU,put,2026-06-18,0.0027397260273972603,0.03,8.144998573771279e-194,0.0,-9.29098908168479e-184,1043.18994140625,0.021973756246363108,2026-06-18
MU260618P00490000,2026-06-17 19:58:38+00:00,490.0,0.04,0.0,0.0,0.0,0.0,804.0,4169,0.500005,False,REGULAR,USD,MU,put,2026-06-18,0.0027397260273972603,0.04,8.522969146366578e-184,0.0,-3.866781153107456e-174,1043.18994140625,0.021973756246363108,2026-06-18
MU260618P00500000,2026-06-17 19:48:20+00:00,500.0,0.02,0.0,0.0,0.0,0.0,1079.0,8722,0.500005,False,REGULAR,USD,MU,put,2026-06-18,0.0027397260273972603,0.02,3.064788587954995e-174,0.0,-2.9089977539591422e-164,1043.18994140625,0.021973756246363108,2026-06-18
MU260618P00510000,2026-06-17 19:58:43+00:00,510.0,0.04,0.0,0.0,0.0,0.0,287.0,1392,0.500005,False,REGULAR,USD,MU,put,2026-06-18,0.0027397260273972603,0.04,3.997792038239015e-165,0.0,-6.056004870404693e-156,1043.18994140625,0.021973756246363108,2026-06-18
MU260618P00520000,2026-06-17 19:40:41+00:00,520.0,0.05,0.0,0.0,0.0,0.0,397.0,1493,0.500005,False,REGULAR,USD,MU,put,2026-06-18,0.0027397260273972603,0.05,1.9896834789891392e-156,0.0,-3.232738558795306e-147,1043.18994140625,0.021973756246363108,2026-06-18
MU260618P00530000,2026-06-17 19:45:02+00:00,530.0,0.03,0.0,0.0,0.0,0.0,12196.0,6885,0.500005,False,REGULAR,USD,MU,put,2026-06-18,0.0027397260273972603,0.03,3.9608660218558684e-148,0.0,-2.967706027629137e-138,1043.18994140625,0.021973756246363108,2026-06-18
MU260618P00540000,2026-06-17 19:57:55+00:00,540.0,0.05,0.0,0.0,0.0,0.0,2274.0,15501,0.500005,False,REGULAR,USD,MU,put,2026-06-18,0.0027397260273972603,0.05,3.2962383764592425e-140,0.0,-5.560388153129879e-130,1043.18994140625,0.021973756246363108,2026-06-18
MU260618P00550000,2026-06-17 19:59:25+00:00,550.0,0.04,0.0,0.0,0.0,0.0,714.0,6946,0.500005,False,REGULAR,USD,MU,put,2026-06-18,0.0027397260273972603,0.04,1.1951900658850601e-132,0.0,-9.034383781047359e-123,1043.18994140625,0.021973756246363108,2026-06-18
MU260618P00560000,2026-06-17 19:46:24+00:00,560.0,0.02,0.0,0.0,0.0,0.0,308.0,10085,0.500005,False,REGULAR,USD,MU,put,2026-06-18,0.0027397260273972603,0.02,1.9628914485760332e-125,0.0,-2.1542642148111987e-115,1043.18994140625,0.021973756246363108,2026-06-18
MU260618P00570000,2026-06-17 19:54:00+00:00,570.0,0.05,0.0,0.0,0.0,0.0,484.0,3769,0.500005,False,REGULAR,USD,MU,put,2026-06-18,0.0027397260273972603,0.05,1.5143202047789817e-118,0.0,-6.211130242468823e-109,1043.18994140625,0.021973756246363108,2026-06-18
MU260618P00580000,2026-06-17 19:55:32+00:00,580.0,0.06,0.0,0.0,0.0,0.0,784.0,2929,0.500005,False,REGULAR,USD,MU,put,2026-06-18,0.0027397260273972603,0.06,5.678991701612893e-112,0.0,-1.8101617658439555e-102,1043.18994140625,0.021973756246363108,2026-06-18
MU260618P00590000,2026-06-17 19:48:33+00:00,590.0,0.06,0.0,0.0,0.0,0.0,1259.0,2944,0.500005,False,REGULAR,USD,MU,put,2026-06-18,0.0027397260273972603,0.06,1.0691706024472644e-105,0.0,-3.4254023903257674e-96,1043.18994140625,0.021973756246363108,2026-06-18
MU260618P00600000,2026-06-17 19:48:45+00:00,600.0,0.06,0.0,0.0,0.0,0.0,1282.0,10120,0.500005,False,REGULAR,USD,MU,put,2026-06-18,0.0027397260273972603,0.06,1.0416467034780516e-99,0.0,-1.1471698862247089e-89,1043.18994140625,0.021973756246363108,2026-06-18
MU260618P00610000,2026-06-17 19:51:10+00:00,610.0,0.06,0.0,0.0,0.0,0.0,519.0,3894,0.500005,False,REGULAR,USD,MU,put,2026-06-18,0.0027397260273972603,0.06,5.403951217674935e-94,0.0,-2.289992968665624e-84,1043.18994140625,0.021973756246363108,2026-06-18
MU260618P00620000,2026-06-17 19:58:50+00:00,620.0,0.07,0.0,0.0,0.0,0.0,974.0,7305,0.500005,False,REGULAR,USD,MU,put,2026-06-18,0.0027397260273972603,0.07,1.5336928267514283e-88,0.0,-1.2192292928616082e-78,1043.18994140625,0.021973756246363108,2026-06-18
MU260618P00625000,2026-06-17 19:55:48+00:00,625.0,0.09,0.0,0.0,0.0,0.0,697.0,728,0.500005,False,REGULAR,USD,MU,put,2026-06-18,0.0027397260273972603,0.09,6.568978479334892e-86,0.0,-5.204224227228723e-77,1043.18994140625,0.021973756246363108,2026-06-18
MU260618P00627500,2026-06-17 17:57:34+00:00,627.5,0.14,0.0,0.0,0.0,0.0,1805.0,1697,0.500005,False,REGULAR,USD,MU,put,2026-06-18,0.0027397260273972603,0.14,1.2890658769027508e-84,0.0,-2.3805852386822442e-75,1043.18994140625,0.021973756246363108,2026-06-18
MU260618P00630000,2026-06-17 19:56:07+00:00,630.0,0.09,0.0,0.0,0.0,0.0,2782.0,3856,0.500005,False,REGULAR,USD,MU,put,2026-06-18,0.0027397260273972603,0.09,2.442686910684398e-83,0.0,-1.025018283783042e-73,1043.18994140625,0.021973756246363108,2026-06-18
MU260618P00632500,2026-06-17 19:55:05+00:00,632.5,0.09,0.0,0.0,0.0,0.0,1645.0,1560,0.500005,False,REGULAR,USD,MU,put,2026-06-18,0.0027397260273972603,0.09,4.4713214501096193e-82,0.0,-7.590795180578606e-73,1043.18994140625,0.021973756246363108,2026-06-18
MU260618P00635000,2026-06-17 19:56:41+00:00,635.0,0.06,0.0,0.0,0.0,0.0,240.0,353,0.500005,False,REGULAR,USD,MU,put,2026-06-18,0.0027397260273972603,0.06,7.909283546783484e-81,0.0,-3.0383558192460615e-72,1043.18994140625,0.021973756246363108,2026-06-18
MU260618P00637500,2026-06-17 19:49:40+00:00,637.5,0.2,0.0,0.0,0.0,0.0,69.0,86,0.500005,False,REGULAR,USD,MU,put,2026-06-18,0.0027397260273972603,0.2,1.3524685145196068e-79,0.0,-1.265763000041836e-71,1043.18994140625,0.021973756246363108,2026-06-18
MU260618P00640000,2026-06-17 19:56:55+00:00,640.0,0.07,0.0,0.0,0.0,0.0,562.0,11661,0.500005,False,REGULAR,USD,MU,put,2026-06-18,0.0027397260273972603,0.07,2.2364511677928307e-78,0.0,-2.838062772781546e-68,1043.18994140625,0.021973756246363108,2026-06-18
MU260618P00642500,2026-06-17 18:43:19+00:00,642.5,0.17,0.0,0.0,0.0,0.0,382.0,421,0.500005,False,REGULAR,USD,MU,put,2026-06-18,0.0027397260273972603,0.17,3.577546548839888e-77,0.0,-1.6390574299790043e-68,1043.18994140625,0.021973756246363108,2026-06-18
MU260618P00645000,2026-06-17 19:49:20+00:00,645.0,0.2,0.0,0.0,0.0,0.0,42.0,63,0.500005,False,REGULAR,USD,MU,put,2026-06-18,0.0027397260273972603,0.2,5.538014710869369e-76,0.0,-3.796832481662795e-68,1043.18994140625,0.021973756246363108,2026-06-18
MU260618P00647500,2026-06-17 19:59:03+00:00,647.5,0.1,0.0,0.0,0.0,0.0,172.0,158,0.500005,False,REGULAR,USD,MU,put,2026-06-18,0.0027397260273972603,0.1,8.298759044459622e-75,0.0,-1.4269114525920561e-66,1043.18994140625,0.021973756246363108,2026-06-18
MU260618P00650000,2026-06-17 19:59:32+00:00,650.0,0.08,0.0,0.0,0.0,0.0,1315.0,8960,0.500005,False,REGULAR,USD,MU,put,2026-06-18,0.0027397260273972603,0.08,1.2042253221371143e-73,0.0,-1.1742012722792733e-63,1043.18994140625,0.021973756246363108,2026-06-18
MU260618P00652500,2026-06-17 19:59:03+00:00,652.5,0.1,0.0,0.0,0.0,0.0,140.0,175,0.500005,False,REGULAR,USD,MU,put,2026-06-18,0.0027397260273972603,0.1,1.692704950019369e-72,0.0,-3.223636724050696e-64,1043.18994140625,0.021973756246363108,2026-06-18
MU260618P00655000,2026-06-17 19:49:34+00:00,655.0,0.1,0.0,0.0,0.0,0.0,48.0,107,0.500005,False,REGULAR,USD,MU,put,2026-06-18,0.0027397260273972603,0.1,2.30555305181061e-71,0.0,-2.6846376677644387e-63,1043.18994140625,0.021973756246363108,2026-06-18
MU260618P00657500,2026-06-17 19:39:42+00:00,657.5,0.1,0.0,0.0,0.0,0.0,15.0,145,0.500005,False,REGULAR,USD,MU,put,2026-06-18,0.0027397260273972603,0.1,3.043889427880817e-70,0.0,-4.803122423551649e-62,1043.18994140625,0.021973756246363108,2026-06-18
MU260618P00660000,2026-06-17 19:40:15+00:00,660.0,0.09,0.0,0.0,0.0,0.0,1529.0,2825,0.500005,False,REGULAR,USD,MU,put,2026-06-18,0.0027397260273972603,0.09,3.896549649330023e-69,0.0,-1.1979134695937778e-59,1043.18994140625,0.021973756246363108,2026-06-18
MU260618P00662500,2026-06-17 16:46:51+00:00,662.5,0.12,0.0,0.0,0.0,0.0,5.0,79,0.500005,False,REGULAR,USD,MU,put,2026-06-18,0.0027397260273972603,0.12,4.837990534471212e-68,0.0,-4.1592869874790146e-60,1043.18994140625,0.021973756246363108,2026-06-18
MU260618P00665000,2026-06-17 19:33:23+00:00,665.0,0.18,0.0,0.0,0.0,0.0,417.0,370,0.500005,False,REGULAR,USD,MU,put,2026-06-18,0.0027397260273972603,0.18,5.8279705085209356e-67,0.0,-2.3466366608285358e-58,1043.18994140625,0.021973756246363108,2026-06-18
MU260618P00667500,2026-06-17 19:39:35+00:00,667.5,0.2,0.0,0.0,0.0,0.0,16.0,151,0.500005,False,REGULAR,USD,MU,put,2026-06-18,0.0027397260273972603,0.2,6.813488321461629e-66,0.0,-1.1196266955281553e-57,1043.18994140625,0.021973756246363108,2026-06-18
MU260618P00670000,2026-06-17 19:55:04+00:00,670.0,0.1,0.0,0.0,0.0,0.0,169.0,990,0.500005,False,REGULAR,USD,MU,put,2026-06-18,0.0027397260273972603,0.1,7.733072790025342e-65,0.0,-8.331324963816438e-56,1043.18994140625,0.021973756246363108,2026-06-18
MU260618P00672500,2026-06-17 19:50:52+00:00,672.5,0.25,0.0,0.0,0.0,0.0,15.0,111,0.500005,False,REGULAR,USD,MU,put,2026-06-18,0.0027397260273972603,0.25,8.523028834008387e-64,0.0,-1.0295411701521442e-55,1043.18994140625,0.021973756246363108,2026-06-18
MU260618P00675000,2026-06-17 19:50:56+00:00,675.0,0.13,0.0,0.0,0.0,0.0,142.0,964,1.000005,False,REGULAR,USD,MU,put,2026-06-18,0.0027397260273972603,0.13,5.512668794533508e-18,0.0,-5.783166768243205e-09,1043.18994140625,0.021973756246363108,2026-06-18
MU260618P00677500,2026-06-17 18:42:43+00:00,677.5,0.07,0.0,0.0,0.0,0.0,445.0,275,0.500005,False,REGULAR,USD,MU,put,2026-06-18,0.0027397260273972603,0.07,9.49210651972427e-62,0.0,-2.840678464013427e-53,1043.18994140625,0.021973756246363108,2026-06-18
MU260618P00680000,2026-06-17 19:44:37+00:00,680.0,0.2,0.0,0.0,0.0,0.0,1009.0,2643,1.000005,False,REGULAR,USD,MU,put,2026-06-18,0.0027397260273972603,0.2,1.7703046788271698e-17,-1.1102230246251565e-16,-5.091807331548892e-08,1043.18994140625,0.021973756246363108,2026-06-18
MU260618P00682500,2026-06-17 19:36:00+00:00,682.5,0.25,0.0,0.0,0.0,0.0,470.0,285,1.000005,False,REGULAR,USD,MU,put,2026-06-18,0.0027397260273972603,0.25,3.1389309596883497e-17,-2.220446049250313e-16,-9.73539114928498e-09,1043.18994140625,0.021973756246363108,2026-06-18
MU260618P00685000,2026-06-17 19:51:13+00:00,685.0,0.27,0.0,0.0,0.0,0.0,119.0,1212,1.000005,False,REGULAR,USD,MU,put,2026-06-18,0.0027397260273972603,0.27,5.526918176553846e-17,-3.3306690738754696e-16,-7.28974667855892e-08,1043.18994140625,0.021973756246363108,2026-06-18
MU260618P00687500,2026-06-17 16:14:46+00:00,687.5,0.06,0.0,0.0,0.0,0.0,36.0,102,1.000005,False,REGULAR,USD,MU,put,2026-06-18,0.0027397260273972603,0.06,9.664550205747317e-17,-6.661338147750939e-16,-1.0727748909851137e-08,1043.18994140625,0.021973756246363108,2026-06-18
MU260618P00690000,2026-06-17 18:58:27+00:00,690.0,0.05,0.0,0.0,0.0,0.0,118.0,2182,0.500005,False,REGULAR,USD,MU,put,2026-06-18,0.0027397260273972603,0.05,7.58622430189552e-57,0.0,-1.8013877593972754e-47,1043.18994140625,0.021973756246363108,2026-06-18
MU260618P00692500,2026-06-17 18:36:10+00:00,692.5,0.14,0.0,0.0,0.0,0.0,103.0,79,0.500005,False,REGULAR,USD,MU,put,2026-06-18,0.0027397260273972603,0.14,6.680132622612508e-56,0.0,-5.743001871107028e-48,1043.18994140625,0.021973756246363108,2026-06-18
MU260618P00695000,2026-06-17 19:41:45+00:00,695.0,0.22,0.0,0.0,0.0,0.0,109.0,430,0.500005,False,REGULAR,USD,MU,put,2026-06-18,0.0027397260273972603,0.22,5.726525454280812e-55,0.0,-2.679701583071987e-46,1043.18994140625,0.021973756246363108,2026-06-18
MU260618P00697500,2026-06-17 19:51:18+00:00,697.5,0.11,0.0,0.0,0.0,0.0,179.0,201,1.000005,False,REGULAR,USD,MU,put,2026-06-18,0.0027397260273972603,0.11,8.443696040393639e-16,-5.88418203051333e-15,-1.8469512403249883e-07,1043.18994140625,0.021973756246363108,2026-06-18
MU260618P00700000,2026-06-17 19:58:18+00:00,700.0,0.12,0.0,0.0,0.0,0.0,928.0,8352,0.500005,False,REGULAR,USD,MU,put,2026-06-18,0.0027397260273972603,0.12,3.8868261287968343e-53,0.0,-3.5327457368360313e-43,1043.18994140625,0.021973756246363108,2026-06-18
MU260618P00702500,2026-06-17 19:25:21+00:00,702.5,0.12,0.0,0.0,0.0,0.0,143.0,109,0.500005,False,REGULAR,USD,MU,put,2026-06-18,0.0027397260273972603,0.12,3.079038836798911e-52,0.0,-3.6523168466211467e-44,1043.18994140625,0.021973756246363108,2026-06-18
MU260618P00705000,2026-06-17 18:28:58+00:00,705.0,0.25,0.0,0.0,0.0,0.0,107.0,364,0.500005,False,REGULAR,USD,MU,put,2026-06-18,0.0027397260273972603,0.25,2.3769851145414563e-51,0.0,-9.41574368052366e-43,1043.18994140625,0.021973756246363108,2026-06-18
MU260618P00707500,2026-06-17 18:29:41+00:00,707.5,0.24,0.0,0.0,0.0,0.0,116.0,123,0.500005,False,REGULAR,USD,MU,put,2026-06-18,0.0027397260273972603,0.24,1.7886965851108452e-50,0.0,-2.394244900271819e-42,1043.18994140625,0.021973756246363108,2026-06-18
MU260618P00710000,2026-06-17 19:42:36+00:00,710.0,0.2,0.0,0.0,0.0,0.0,285.0,958,0.500005,False,REGULAR,USD,MU,put,2026-06-18,0.0027397260273972603,0.2,1.3123574891411278e-49,0.0,-1.368183802939495e-40,1043.18994140625,0.021973756246363108,2026-06-18
MU260618P00712500,2026-06-17 19:39:54+00:00,712.5,0.19,0.0,0.0,0.0,0.0,47.0,120,0.500005,False,REGULAR,USD,MU,put,2026-06-18,0.0027397260273972603,0.19,9.39026637235842e-49,0.0,-1.2262695374540813e-40,1043.18994140625,0.021973756246363108,2026-06-18
MU260618P00715000,2026-06-17 18:53:18+00:00,715.0,0.19,0.0,0.0,0.0,0.0,38.0,359,0.500005,False,REGULAR,USD,MU,put,2026-06-18,0.0027397260273972603,0.19,6.554169614523015e-48,0.0,-2.560583287362553e-39,1043.18994140625,0.021973756246363108,2026-06-18
MU260618P00717500,2026-06-17 19:25:16+00:00,717.5,0.09,0.0,0.0,0.0,0.0,106.0,352,0.500005,False,REGULAR,USD,MU,put,2026-06-18,0.0027397260273972603,0.09,4.463483087406232e-47,0.0,-1.7097922285012175e-38,1043.18994140625,0.021973756246363108,2026-06-18
MU260618P00720000,2026-06-17 19:40:50+00:00,720.0,0.2,0.0,0.0,0.0,0.0,309.0,1713,0.500005,False,REGULAR,USD,MU,put,2026-06-18,0.0027397260273972603,0.2,2.966523227574327e-46,0.0,-5.530086161536965e-37,1043.18994140625,0.021973756246363108,2026-06-18
MU260618P00722500,2026-06-17 19:07:42+00:00,722.5,0.18,0.0,0.0,0.0,0.0,4.0,87,0.500005,False,REGULAR,USD,MU,put,2026-06-18,0.0027397260273972603,0.18,1.924594349072017e-45,0.0,-1.8221546793907811e-37,1043.18994140625,0.021973756246363108,2026-06-18
MU260618P00725000,2026-06-17 19:59:00+00:00,725.0,0.52,0.0,0.0,0.0,0.0,96.0,1373,0.500005,False,REGULAR,USD,MU,put,2026-06-18,0.0027397260273972603,0.52,1.219121484577287e-44,0.0,-1.821563451667525e-35,1043.18994140625,0.021973756246363108,2026-06-18
MU260618P00727500,2026-06-17 18:32:33+00:00,727.5,0.29,0.0,0.0,0.0,0.0,2.0,337,0.500005,False,REGULAR,USD,MU,put,2026-06-18,0.0027397260273972603,0.29,7.541689022005169e-44,0.0,-2.765828854781681e-35,1043.18994140625,0.021973756246363108,2026-06-18
MU260618P00730000,2026-06-17 19:39:20+00:00,730.0,0.17,0.0,0.0,0.0,0.0,33.0,1391,0.500005,False,REGULAR,USD,MU,put,2026-06-18,0.0027397260273972603,0.17,4.557224909011165e-43,0.0,-6.8984953237475815e-34,1043.18994140625,0.021973756246363108,2026-06-18
MU260618P00732500,2026-06-17 19:29:30+00:00,732.5,0.15,0.0,0.0,0.0,0.0,15.0,224,0.500005,False,REGULAR,USD,MU,put,2026-06-18,0.0027397260273972603,0.15,2.690529115376109e-42,0.0,-6.5586204099504514e-34,1043.18994140625,0.021973756246363108,2026-06-18
MU260618P00735000,2026-06-17 19:47:31+00:00,735.0,0.24,0.0,0.0,0.0,0.0,129.0,435,0.500005,False,REGULAR,USD,MU,put,2026-06-18,0.0027397260273972603,0.24,1.5522953626705533e-41,0.0,-7.348359565356171e-33,1043.18994140625,0.021973756246363108,2026-06-18
MU260618P00737500,2026-06-17 19:39:37+00:00,737.5,0.23,0.0,0.0,0.0,0.0,7.0,612,0.500005,False,REGULAR,USD,MU,put,2026-06-18,0.0027397260273972603,0.23,8.753935937112658e-41,0.0,-5.830174692481016e-32,1043.18994140625,0.021973756246363108,2026-06-18
MU260618P00740000,2026-06-17 19:57:14+00:00,740.0,0.22,0.0,0.0,0.0,0.0,129.0,1331,0.500005,False,REGULAR,USD,MU,put,2026-06-18,0.0027397260273972603,0.22,4.8263243550308445e-40,0.0,-6.990710906541415e-31,1043.18994140625,0.021973756246363108,2026-06-18
MU260618P00742500,2026-06-17 19:56:12+00:00,742.5,0.36,0.0,0.0,0.0,0.0,3.0,123,0.500005,False,REGULAR,USD,MU,put,2026-06-18,0.0027397260273972603,0.36,2.6019831898640193e-39,0.0,-3.4828629040731743e-31,1043.18994140625,0.021973756246363108,2026-06-18
MU260618P00745000,2026-06-17 19:27:45+00:00,745.0,0.23,0.0,0.0,0.0,0.0,188.0,1038,0.500005,False,REGULAR,USD,MU,put,2026-06-18,0.0027397260273972603,0.23,1.372008904676779e-38,0.0,-1.549819301548784e-29,1043.18994140625,0.021973756246363108,2026-06-18
MU260618P00747500,2026-06-17 19:41:23+00:00,747.5,0.24,0.0,0.0,0.0,0.0,50.0,457,0.500005,False,REGULAR,USD,MU,put,2026-06-18,0.0027397260273972603,0.24,7.077215115465723e-38,0.0,-3.519697812269443e-29,1043.18994140625,0.021973756246363108,2026-06-18
MU260618P00750000,2026-06-17 19:55:39+00:00,750.0,0.22,0.0,0.0,0.0,0.0,1266.0,9204,0.500005,False,REGULAR,USD,MU,put,2026-06-18,0.0027397260273972603,0.22,3.5719749008229957e-37,0.0,-3.577764827973535e-27,1043.18994140625,0.021973756246363108,2026-06-18
MU260618P00755000,2026-06-17 19:58:41+00:00,755.0,0.28,0.0,0.0,0.0,0.0,165.0,547,0.500005,False,REGULAR,USD,MU,put,2026-06-18,0.0027397260273972603,0.28,8.530351365895075e-36,0.0,-5.077863570027159e-27,1043.18994140625,0.021973756246363108,2026-06-18
MU260618P00760000,2026-06-17 19:51:51+00:00,760.0,0.26,0.0,0.0,0.0,0.0,223.0,1925,0.500005,False,REGULAR,USD,MU,put,2026-06-18,0.0027397260273972603,0.26,1.8715965716978026e-34,0.0,-3.92075546607796e-25,1043.18994140625,0.021973756246363108,2026-06-18
MU260618P00765000,2026-06-17 19:36:27+00:00,765.0,0.28,0.0,0.0,0.0,0.0,40.0,2017,0.500005,False,REGULAR,USD,MU,put,2026-06-18,0.0027397260273972603,0.28,3.7784033664353065e-33,0.0,-8.293560163338246e-24,1043.18994140625,0.021973756246363108,2026-06-18
MU260618P00770000,2026-06-17 19:49:31+00:00,770.0,0.32,0.0,0.0,0.0,0.0,461.0,1141,0.500005,False,REGULAR,USD,MU,put,2026-06-18,0.0027397260273972603,0.32,7.02916575966629e-32,0.0,-8.728029611475126e-23,1043.18994140625,0.021973756246363108,2026-06-18
MU260618P00775000,2026-06-17 19:57:12+00:00,775.0,0.21,0.0,0.0,0.0,0.0,298.0,882,0.500005,False,REGULAR,USD,MU,put,2026-06-18,0.0027397260273972603,0.21,1.2067918798414962e-30,0.0,-1.158317842420056e-21,1043.18994140625,0.021973756246363108,2026-06-18
MU260618P00780000,2026-06-17 19:59:48+00:00,780.0,0.39,0.0,0.0,0.0,0.0,248.0,3075,0.500005,False,REGULAR,USD,MU,put,2026-06-18,0.0027397260273972603,0.39,1.9147557626539955e-29,0.0,-6.407450903301625e-20,1043.18994140625,0.021973756246363108,2026-06-18
MU260618P00785000,2026-06-17 19:36:31+00:00,785.0,0.32,0.0,0.0,0.0,0.0,112.0,820,0.500005,False,REGULAR,USD,MU,put,2026-06-18,0.0027397260273972603,0.32,2.8115903086185948e-28,0.0,-2.5089538434850805e-19,1043.18994140625,0.021973756246363108,2026-06-18
MU260618P00790000,2026-06-17 19:50:39+00:00,790.0,0.39,0.0,0.0,0.0,0.0,264.0,4763,0.500005,False,REGULAR,USD,MU,put,2026-06-18,0.0027397260273972603,0.39,3.825955565862355e-27,0.0,-1.983112194729512e-17,1043.18994140625,0.021973756246363108,2026-06-18
MU260618P00795000,2026-06-17 19:43:50+00:00,795.0,0.45,0.0,0.0,0.0,0.0,82.0,942,0.500005,False,REGULAR,USD,MU,put,2026-06-18,0.0027397260273972603,0.45,4.831203801282304e-26,0.0,-4.9525975999194967e-17,1043.18994140625,0.021973756246363108,2026-06-18
MU260618P00800000,2026-06-17 19:59:46+00:00,800.0,0.39,0.0,0.0,0.0,0.0,1243.0,10094,0.500005,False,REGULAR,USD,MU,put,2026-06-18,0.0027397260273972603,0.39,5.668442868365914e-25,0.0,-6.22664141507907e-15,1043.18994140625,0.021973756246363108,2026-06-18
MU260618P00805000,2026-06-17 19:56:37+00:00,805.0,0.31,0.0,0.0,0.0,0.0,111.0,686,0.500005,False,REGULAR,USD,MU,put,2026-06-18,0.0027397260273972603,0.31,6.187540584193531e-24,0.0,-4.619223308199456e-15,1043.18994140625,0.021973756246363108,2026-06-18
MU260618P00810000,2026-06-17 19:50:00+00:00,810.0,0.45,0.0,0.0,0.0,0.0,242.0,1730,0.500005,False,REGULAR,USD,MU,put,2026-06-18,0.0027397260273972603,0.45,6.291568405238079e-23,0.0,-1.1844911159365002e-13,1043.18994140625,0.021973756246363108,2026-06-18
MU260618P00815000,2026-06-17 19:41:07+00:00,815.0,0.55,0.0,0.0,0.0,0.0,1294.0,2212,0.500005,False,REGULAR,USD,MU,put,2026-06-18,0.0027397260273972603,0.55,5.96643910883008e-22,0.0,-1.436240328217893e-12,1043.18994140625,0.021973756246363108,2026-06-18
MU260618P00820000,2026-06-17 19:52:24+00:00,820.0,0.63,0.0,0.0,0.0,0.0,815.0,1822,0.500005,False,REGULAR,USD,MU,put,2026-06-18,0.0027397260273972603,0.63,5.2832876158422654e-21,0.0,-1.0475612089606627e-11,1043.18994140625,0.021973756246363108,2026-06-18
MU260618P00825000,2026-06-17 19:58:54+00:00,825.0,0.36,0.0,0.0,0.0,0.0,914.0,1645,0.500005,False,REGULAR,USD,MU,put,2026-06-18,0.0027397260273972603,0.36,4.3735304525566946e-20,0.0,-7.829334331200028e-11,1043.18994140625,0.021973756246363108,2026-06-18
MU260618P00830000,2026-06-17 19:40:50+00:00,830.0,0.8,0.0,0.0,0.0,0.0,681.0,2096,0.500005,False,REGULAR,USD,MU,put,2026-06-18,0.0027397260273972603,0.8,3.388395630799699e-19,0.0,-7.728801851260897e-10,1043.18994140625,0.021973756246363108,2026-06-18
MU260618P00835000,2026-06-17 19:36:49+00:00,835.0,0.7,0.0,0.0,0.0,0.0,816.0,866,0.500005,False,REGULAR,USD,MU,put,2026-06-18,0.0027397260273972603,0.7,2.459657898811275e-18,0.0,-2.3180317558587485e-09,1043.18994140625,0.021973756246363108,2026-06-18
MU260618P00840000,2026-06-17 19:57:14+00:00,840.0,0.58,0.0,0.0,0.0,0.0,2619.0,2673,0.500005,False,REGULAR,USD,MU,put,2026-06-18,0.0027397260273972603,0.58,1.6747430447295043e-17,0.0,-4.871625817001431e-08,1043.18994140625,0.021973756246363108,2026-06-18
MU260618P00845000,2026-06-17 19:44:45+00:00,845.0,1.22,0.0,0.0,0.0,0.0,1328.0,1419,0.500005,False,REGULAR,USD,MU,put,2026-06-18,0.0027397260273972603,1.22,1.0707269255069071e-16,-3.3306690738754696e-16,-1.6534379491971917e-07,1043.18994140625,0.021973756246363108,2026-06-18
MU260618P00850000,2026-06-17 19:59:59+00:00,850.0,0.68,0.0,0.0,0.0,0.0,3726.0,6641,0.500005,False,REGULAR,USD,MU,put,2026-06-18,0.0027397260273972603,0.68,6.434587667484294e-16,-2.220446049250313e-15,-4.650300142062677e-06,1043.18994140625,0.021973756246363108,2026-06-18
MU260618P00855000,2026-06-17 19:45:34+00:00,855.0,0.77,0.0,0.0,0.0,0.0,645.0,1260,0.500005,False,REGULAR,USD,MU,put,2026-06-18,0.0027397260273972603,0.77,3.638471962057974e-15,-1.2878587085651816e-14,-4.989032803415005e-06,1043.18994140625,0.021973756246363108,2026-06-18
MU260618P00860000,2026-06-17 19:49:40+00:00,860.0,0.59,0.0,0.0,0.0,0.0,1046.0,2226,0.500005,False,REGULAR,USD,MU,put,2026-06-18,0.0027397260273972603,0.59,1.937801211229785e-14,-7.027711745877241e-14,-4.694195413508044e-05,1043.18994140625,0.021973756246363108,2026-06-18
MU260618P00865000,2026-06-17 19:52:48+00:00,865.0,0.85,0.0,0.0,0.0,0.0,317.0,1549,0.500005,False,REGULAR,USD,MU,put,2026-06-18,0.0027397260273972603,0.85,9.730111477057095e-14,-3.6348701826227625e-13,-0.00016401970085608508,1043.18994140625,0.021973756246363108,2026-06-18
MU260618P00870000,2026-06-17 19:59:53+00:00,870.0,0.8,0.0,0.0,0.0,0.0,1625.0,1663,0.500005,False,REGULAR,USD,MU,put,2026-06-18,0.0027397260273972603,0.8,4.610653892231686e-13,-1.7748025271657752e-12,-0.0008344139444162939,1043.18994140625,0.021973756246363108,2026-06-18
MU260618P00875000,2026-06-17 19:58:42+00:00,875.0,0.72,0.0,0.0,0.0,0.0,1244.0,1219,0.500005,False,REGULAR,USD,MU,put,2026-06-18,0.0027397260273972603,0.72,2.0637280531366134e-12,-8.19233569870903e-12,-0.0027376817138007777,1043.18994140625,0.021973756246363108,2026-06-18
MU260618P00880000,2026-06-17 19:59:29+00:00,880.0,0.93,0.0,0.0,0.0,0.0,703.0,1517,0.500005,False,REGULAR,USD,MU,put,2026-06-18,0.0027397260273972603,0.93,8.733501774426072e-12,-3.577882434768753e-11,-0.014417859044823827,1043.18994140625,0.021973756246363108,2026-06-18
MU260618P00885000,2026-06-17 19:54:24+00:00,885.0,1.03,0.0,0.0,0.0,0.0,576.0,884,0.500005,False,REGULAR,USD,MU,put,2026-06-18,0.0027397260273972603,1.03,3.497542216566131e-11,-1.4798928749115703e-10,-0.03364666406112835,1043.18994140625,0.021973756246363108,2026-06-18
MU260618P00890000,2026-06-17 19:59:14+00:00,890.0,1.05,0.0,0.0,0.0,0.0,498.0,3300,0.500005,False,REGULAR,USD,MU,put,2026-06-18,0.0027397260273972603,1.05,1.3266635182842065e-10,-5.802621716455292e-10,-0.47643264148599557,1043.18994140625,0.021973756246363108,2026-06-18
MU260618P00895000,2026-06-17 19:58:40+00:00,895.0,1.06,0.0,0.0,0.0,0.0,1161.0,976,0.500005,False,REGULAR,USD,MU,put,2026-06-18,0.0027397260273972603,1.06,4.770443894241899e-10,-2.1587618359575345e-09,-0.5066819016431936,1043.18994140625,0.021973756246363108,2026-06-18
MU260618P00900000,2026-06-17 19:59:58+00:00,900.0,1.11,0.0,0.0,0.0,0.0,5252.0,12234,0.500005,False,REGULAR,USD,MU,put,2026-06-18,0.0027397260273972603,1.11,1.6275200426054727e-09,-7.627181553004903e-09,-21.66813852804448,1043.18994140625,0.021973756246363108,2026-06-18
MU260618P00905000,2026-06-17 19:59:32+00:00,905.0,1.21,0.0,0.0,0.0,0.0,738.0,1347,0.500005,False,REGULAR,USD,MU,put,2026-06-18,0.0027397260273972603,1.21,5.272607523173524e-09,-2.561468281925272e-08,-7.728937981555803,1043.18994140625,0.021973756246363108,2026-06-18
MU260618P00910000,2026-06-17 19:59:51+00:00,910.0,1.29,0.0,0.0,0.0,0.0,709.0,1232,0.500005,False,REGULAR,USD,MU,put,2026-06-18,0.0027397260273972603,1.29,1.6233453005598397e-08,-8.18391381329775e-08,-21.764485126332936,1043.18994140625,0.021973756246363108,2026-06-18
MU260618P00912500,2026-06-17 19:51:51+00:00,912.5,1.59,0.0,0.0,0.0,0.0,312.0,491,0.500005,False,REGULAR,USD,MU,put,2026-06-18,0.0027397260273972603,1.59,2.7952456894325213e-08,-1.436134934307276e-07,-14.93579211742593,1043.18994140625,0.021973756246363108,2026-06-18
MU260618P00915000,2026-06-17 19:57:39+00:00,915.0,1.69,0.0,0.0,0.0,0.0,783.0,998,0.500005,False,REGULAR,USD,MU,put,2026-06-18,0.0027397260273972603,1.69,4.7536866153003136e-08,-2.489758775814366e-07,-51.62830543601631,1043.18994140625,0.021973756246363108,2026-06-18
MU260618P00917500,2026-06-17 19:51:11+00:00,917.5,1.71,0.0,0.0,0.0,0.0,166.0,367,0.500005,False,REGULAR,USD,MU,put,2026-06-18,0.0027397260273972603,1.71,7.985185365362944e-08,-4.264750157467745e-07,-31.89171307516958,1043.18994140625,0.021973756246363108,2026-06-18
MU260618P00920000,2026-06-17 19:59:35+00:00,920.0,1.66,0.0,0.0,0.0,0.0,1319.0,3041,0.500005,False,REGULAR,USD,MU,put,2026-06-18,0.0027397260273972603,1.66,1.3250288783701656e-07,-7.218558019106425e-07,-438.4989376218423,1043.18994140625,0.021973756246363108,2026-06-18
MU260618P00922500,2026-06-17 19:58:41+00:00,922.5,1.68,0.0,0.0,0.0,0.0,182.0,317,0.500005,False,REGULAR,USD,MU,put,2026-06-18,0.0027397260273972603,1.68,2.1721667136745118e-07,-1.2074630926228735e-06,-74.93404870033443,1043.18994140625,0.021973756246363108,2026-06-18
MU260618P00925000,2026-06-17 19:59:40+00:00,925.0,1.77,0.0,0.0,0.0,0.0,2089.0,2775,0.500005,False,REGULAR,USD,MU,put,2026-06-18,0.0027397260273972603,1.77,3.5182736028469937e-07,-1.9962257507000203e-06,-1062.476612638352,1043.18994140625,0.021973756246363108,2026-06-18
MU260618P00927500,2026-06-17 19:59:42+00:00,927.5,1.89,0.0,0.0,0.0,0.0,180.0,248,0.500005,False,REGULAR,USD,MU,put,2026-06-18,0.0027397260273972603,1.89,5.630869789314171e-07,-3.262146431759483e-06,-151.96862961722283,1043.18994140625,0.021973756246363108,2026-06-18
MU260618P00930000,2026-06-17 19:59:30+00:00,930.0,2.0,0.0,0.0,0.0,0.0,2052.0,2279,0.500005,False,REGULAR,USD,MU,put,2026-06-18,0.0027397260273972603,2.0,8.905763463844569e-07,-5.269880014480144e-06,-2208.7281338084676,1043.18994140625,0.021973756246363108,2026-06-18
MU260618P00935000,2026-06-17 19:59:41+00:00,935.0,2.2,0.0,0.0,0.0,0.0,621.0,806,0.500005,False,REGULAR,USD,MU,put,2026-06-18,0.0027397260273972603,2.2,2.1506584509889307e-06,-1.3291893577016545e-05,-1886.3977446665613,1043.18994140625,0.021973756246363108,2026-06-18
MU260618P00940000,2026-06-17 19:59:50+00:00,940.0,2.33,0.0,0.0,0.0,0.0,1326.0,1150,0.500005,False,REGULAR,USD,MU,put,2026-06-18,0.0027397260273972603,2.33,4.95844778648737e-06,-3.205746357715089e-05,-6205.4083606308095,1043.18994140625,0.021973756246363108,2026-06-18
MU260618P00945000,2026-06-17 19:59:55+00:00,945.0,2.58,0.0,0.0,0.0,0.0,1362.0,1299,0.500005,False,REGULAR,USD,MU,put,2026-06-18,0.0027397260273972603,2.58,1.09220277584399e-05,-7.399244055761312e-05,-15439.712486848364,1043.18994140625,0.021973756246363108,2026-06-18
MU260618P00950000,2026-06-17 19:59:57+00:00,950.0,2.8,0.0,0.0,0.0,0.0,6496.0,5822,0.2500075,False,REGULAR,USD,MU,put,2026-06-18,0.0027397260273972603,2.8,2.0676173548280208e-13,-3.865796571744795e-13,-0.001309993532940689,1043.18994140625,0.021973756246363108,2026-06-18
MU260618P00955000,2026-06-17 19:59:27+00:00,955.0,3.3,0.0,0.0,0.0,0.0,1359.0,1384,0.2500075,False,REGULAR,USD,MU,put,2026-06-18,0.0027397260273972603,3.3,3.3799851172161255e-12,-6.680656028379417e-12,-0.005090701822466911,1043.18994140625,0.021973756246363108,2026-06-18
MU260618P00960000,2026-06-17 19:59:57+00:00,960.0,3.75,0.0,0.0,0.0,0.0,1171.0,1788,0.2500075,False,REGULAR,USD,MU,put,2026-06-18,0.0027397260273972603,3.75,4.641778768515877e-11,-9.72496527751332e-11,-0.09031891961105026,1043.18994140625,0.021973756246363108,2026-06-18
MU260618P00965000,2026-06-17 19:59:57+00:00,965.0,4.05,0.0,0.0,0.0,0.0,621.0,747,0.2500075,False,REGULAR,USD,MU,put,2026-06-18,0.0027397260273972603,4.05,5.36938596464366e-10,-1.1961455159692491e-09,-0.4364876967712577,1043.18994140625,0.021973756246363108,2026-06-18
MU260618P00970000,2026-06-17 19:59:39+00:00,970.0,4.56,0.0,0.0,0.0,0.0,2191.0,1795,0.2500075,False,REGULAR,USD,MU,put,2026-06-18,0.0027397260273972603,4.56,5.245167794557424e-09,-1.246759862016944e-08,-10.245911979753876,1043.18994140625,0.021973756246363108,2026-06-18
MU260618P00975000,2026-06-17 19:59:30+00:00,975.0,5.2,0.0,0.0,0.0,0.0,1241.0,1908,0.2500075,False,REGULAR,USD,MU,put,2026-06-18,0.0027397260273972603,5.2,4.3380225182506554e-08,-1.1045056247382945e-07,-90.07348250845703,1043.18994140625,0.021973756246363108,2026-06-18
MU260618P00980000,2026-06-17 19:59:49+00:00,980.0,5.88,0.0,0.0,0.0,0.0,2097.0,1860,0.2500075,False,REGULAR,USD,MU,put,2026-06-18,0.0027397260273972603,5.88,3.045120386692553e-07,-8.34131160032392e-07,-616.3738323295945,1043.18994140625,0.021973756246363108,2026-06-18
MU260618P00985000,2026-06-17 19:59:57+00:00,985.0,6.5,0.0,0.0,0.0,0.0,683.0,785,0.2500075,False,REGULAR,USD,MU,put,2026-06-18,0.0027397260273972603,6.5,1.8186953892995144e-06,-5.386377841087864e-06,-1553.6615011008764,1043.18994140625,0.021973756246363108,2026-06-18
MU260618P00990000,2026-06-17 19:59:58+00:00,990.0,7.22,0.0,0.0,0.0,0.0,1611.0,2166,0.2500075,False,REGULAR,USD,MU,put,2026-06-18,0.0027397260273972603,7.22,9.264059434582569e-06,-2.983322164484825e-05,-21836.677828198597,1043.18994140625,0.021973756246363108,2026-06-18
MU260618P00995000,2026-06-17 19:59:38+00:00,995.0,8.37,0.0,0.0,0.0,0.0,1001.0,767,0.2500075,False,REGULAR,USD,MU,put,2026-06-18,0.0027397260273972603,8.37,4.03415420271386e-05,-0.00014217800740290443,-33672.44409100269,1043.18994140625,0.021973756246363108,2026-06-18
MU260618P01000000,2026-06-17 19:59:58+00:00,1000.0,9.2,0.0,0.0,0.0,0.0,12477.0,9134,0.12500875,False,REGULAR,USD,MU,put,2026-06-18,0.0027397260273972603,9.2,4.391852675607596e-11,-4.521727436923584e-11,-0.43655156787791,1043.18994140625,0.021973756246363108,2026-06-18
MU260618P01005000,2026-06-17 19:59:59+00:00,1005.0,10.85,0.0,0.0,0.0,0.0,1085.0,938,0.12500875,False,REGULAR,USD,MU,put,2026-06-18,0.0027397260273972603,10.85,4.595261605625543e-09,-5.329583441238128e-09,-4.690723791309884,1043.18994140625,0.021973756246363108,2026-06-18
MU260618P01010000,2026-06-17 19:59:36+00:00,1010.0,12.2,0.0,0.0,0.0,0.0,2183.0,1286,0.12500875,False,REGULAR,USD,MU,put,2026-06-18,0.0027397260273972603,12.2,2.639335087343825e-07,-3.4987392705243536e-07,-369.3705632412487,1043.18994140625,0.021973756246363108,2026-06-18
MU260618P01015000,2026-06-17 19:59:43+00:00,1015.0,13.95,0.0,0.0,0.0,0.0,1451.0,299,0.12500875,False,REGULAR,USD,MU,put,2026-06-18,0.0027397260273972603,13.95,8.394736020113686e-06,-1.2955161075467458e-05,-2731.5239577354446,1043.18994140625,0.021973756246363108,2026-06-18
MU260618P01020000,2026-06-17 19:59:59+00:00,1020.0,15.1,0.0,0.0,0.0,0.0,4951.0,1984,0.12500875,False,REGULAR,USD,MU,put,2026-06-18,0.0027397260273972603,15.1,0.00014913719698545532,-0.00027441648269066476,-321998.9280355057,1043.18994140625,0.021973756246363108,2026-06-18
MU260618P01025000,2026-06-17 19:59:30+00:00,1025.0,16.92,0.0,0.0,0.0,0.0,2564.0,698,0.062509375,False,REGULAR,USD,MU,put,2026-06-18,0.0027397260273972603,16.92,5.115695021525787e-08,-3.126202463565875e-08,-38.85857317473216,1043.18994140625,0.021973756246363108,2026-06-18
MU260618P01030000,2026-06-17 19:59:58+00:00,1030.0,18.29,0.0,0.0,0.0,0.0,5723.0,2735,0.062509375,False,REGULAR,USD,MU,put,2026-06-18,0.0027397260273972603,18.29,5.2953729423051805e-05,-4.351706047911463e-05,-157608.8733047022,1043.18994140625,0.021973756246363108,2026-06-18
MU260618P01035000,2026-06-17 19:59:29+00:00,1035.0,20.89,0.0,0.0,0.0,0.0,3711.0,923,0.0312596875,False,REGULAR,USD,MU,put,2026-06-18,0.0027397260273972603,20.89,1.5381681523488948e-06,-5.173036516925578e-07,-1545.0135686794754,1043.18994140625,0.021973756246363108,2026-06-18
MU260618P01040000,2026-06-17 19:59:57+00:00,1040.0,22.5,0.0,0.0,0.0,0.0,6832.0,2741,0.015634843750000002,False,REGULAR,USD,MU,put,2026-06-18,0.0027397260273972603,22.5,0.0002548538946565231,-5.296138985044774e-05,-760198.6466634147,1043.18994140625,0.021973756246363108,2026-06-18
MU260626C00535000,2026-05-12 15:11:48+00:00,535.0,229.87,512.2,524.75,0.0,0.0,0.0,1,2.882082872924805,True,REGULAR,USD,MU,call,2026-06-26,0.021917808219178082,518.475,0.00018369691268184756,0.9624969832166124,199.9072933731344,1043.18994140625,0.021973756246363108,2026-06-18
MU260626C01045000,2026-06-17 19:58:31+00:00,1045.0,82.25,0.0,0.0,0.0,0.0,566.0,191,0.0039162109375,False,REGULAR,USD,MU,call,2026-06-26,0.021917808219178082,82.25,0.2213755235358344,0.06974606896069717,46013974.796077974,1043.18994140625,0.021973756246363108,2026-06-18
MU260626C01050000,2026-06-17 19:59:51+00:00,1050.0,79.0,0.0,0.0,0.0,0.0,3780.0,17098,0.007822421875,False,REGULAR,USD,MU,call,2026-06-26,0.021917808219178082,79.0,2.441408866925084e-06,5.837973020650734e-07,45426.84886439363,1043.18994140625,0.021973756246363108,2026-06-18
MU260626C01055000,2026-06-17 19:59:56+00:00,1055.0,77.2,0.0,0.0,0.0,0.0,711.0,247,0.015634843750000002,False,REGULAR,USD,MU,call,2026-06-26,0.021917808219178082,77.2,7.125792474926422e-06,3.669865607017377e-06,1915.3886306694735,1043.18994140625,0.021973756246363108,2026-06-18
MU260626C01060000,2026-06-17 19:58:26+00:00,1060.0,75.0,0.0,0.0,0.0,0.0,988.0,544,0.0312596875,False,REGULAR,USD,MU,call,2026-06-26,0.021917808219178082,75.0,0.0004036029116579417,0.0005522886865639876,238935.110460435,1043.18994140625,0.021973756246363108,2026-06-18
MU260626C01065000,2026-06-17 19:59:52+00:00,1065.0,72.0,0.0,0.0,0.0,0.0,440.0,390,0.0312596875,False,REGULAR,USD,MU,call,2026-06-26,0.021917808219178082,72.0,8.723408699702918e-06,9.374366511323045e-06,3702.3511647937444,1043.18994140625,0.021973756246363108,2026-06-18
MU260626C01070000,2026-06-17 19:59:24+00:00,1070.0,70.33,0.0,0.0,0.0,0.0,531.0,664,0.0312596875,False,REGULAR,USD,MU,call,2026-06-26,0.021917808219178082,70.33,6.875604518864345e-08,6.069673527615742e-08,49.68276406047847,1043.18994140625,0.021973756246363108,2026-06-18
MU260626C01075000,2026-06-17 19:58:30+00:00,1075.0,68.9,0.0,0.0,0.0,0.0,803.0,653,0.0312596875,False,REGULAR,USD,MU,call,2026-06-26,0.021917808219178082,68.9,2.0044130460691651e-10,1.5001995749244332e-10,0.14243843186448213,1043.18994140625,0.021973756246363108,2026-06-18
MU260626C01080000,2026-06-17 19:59:50+00:00,1080.0,66.23,0.0,0.0,0.0,0.0,891.0,942,0.062509375,False,REGULAR,USD,MU,call,2026-06-26,0.021917808219178082,66.23,5.32939915942261e-05,0.00013222596129658094,54633.11127335133,1043.18994140625,0.021973756246363108,2026-06-18
MU260626C01085000,2026-06-17 19:59:01+00:00,1085.0,64.44,0.0,0.0,0.0,0.0,680.0,573,0.062509375,False,REGULAR,USD,MU,call,2026-06-26,0.021917808219178082,64.44,7.6185032162521556e-06,1.6846271613153187e-05,4750.628380825313,1043.18994140625,0.021973756246363108,2026-06-18
MU260626C01090000,2026-06-17 19:52:59+00:00,1090.0,63.0,0.0,0.0,0.0,0.0,935.0,952,0.062509375,False,REGULAR,USD,MU,call,2026-06-26,0.021917808219178082,63.0,8.580278085061882e-07,1.7105081483947494e-06,888.9249451457836,1043.18994140625,0.021973756246363108,2026-06-18
MU260626C01095000,2026-06-17 19:58:43+00:00,1095.0,61.0,0.0,0.0,0.0,0.0,217.0,345,0.062509375,False,REGULAR,USD,MU,call,2026-06-26,0.021917808219178082,61.0,7.638567224129806e-08,1.386036271382597e-07,28.67858912119431,1043.18994140625,0.021973756246363108,2026-06-18
MU260626C01100000,2026-06-17 19:59:52+00:00,1100.0,59.17,0.0,0.0,0.0,0.0,4527.0,4154,0.062509375,False,REGULAR,USD,MU,call,2026-06-26,0.021917808219178082,59.17,5.392817083132362e-09,8.97864059368775e-09,24.378611352148706,1043.18994140625,0.021973756246363108,2026-06-18
MU260626C01105000,2026-06-17 19:55:04+00:00,1105.0,62.45,0.0,0.0,0.0,0.0,166.0,345,0.062509375,False,REGULAR,USD,MU,call,2026-06-26,0.021917808219178082,62.45,3.029029512326339e-10,4.65914692224844e-10,0.11372328117446762,1043.18994140625,0.021973756246363108,2026-06-18
MU260626C01110000,2026-06-17 19:59:36+00:00,1110.0,55.0,0.0,0.0,0.0,0.0,244.0,531,0.062509375,False,REGULAR,USD,MU,call,2026-06-26,0.021917808219178082,55.0,1.3578224942903048e-11,1.9409551524290734e-11,0.007846289029263919,1043.18994140625,0.021973756246363108,2026-06-18
MU260626C01115000,2026-06-17 19:51:08+00:00,1115.0,56.04,0.0,0.0,0.0,0.0,55.0,183,0.062509375,False,REGULAR,USD,MU,call,2026-06-26,0.021917808219178082,56.04,4.872806421474147e-13,6.506493024273602e-13,9.70413948382173e-05,1043.18994140625,0.021973756246363108,2026-06-18
MU260626C01120000,2026-06-17 19:56:04+00:00,1120.0,54.5,0.0,0.0,0.0,0.0,324.0,992,0.12500875,False,REGULAR,USD,MU,call,2026-06-26,0.021917808219178082,54.5,1.617806523954759e-05,7.772764551955874e-05,17464.857091724884,1043.18994140625,0.021973756246363108,2026-06-18
MU260626C01125000,2026-06-17 19:53:29+00:00,1125.0,52.14,0.0,0.0,0.0,0.0,723.0,738,0.12500875,False,REGULAR,USD,MU,call,2026-06-26,0.021917808219178082,52.14,6.3242005481497565e-06,2.8746380901061982e-05,5079.123548424107,1043.18994140625,0.021973756246363108,2026-06-18
MU260626C01130000,2026-06-17 19:59:21+00:00,1130.0,49.0,0.0,0.0,0.0,0.0,622.0,538,0.12500875,False,REGULAR,USD,MU,call,2026-06-26,0.021917808219178082,49.0,2.3437042719443185e-06,1.0108186475887768e-05,1372.1824771012814,1043.18994140625,0.021973756246363108,2026-06-18
MU260626C01135000,2026-06-17 19:59:59+00:00,1135.0,47.0,0.0,0.0,0.0,0.0,80.0,369,0.12500875,False,REGULAR,USD,MU,call,2026-06-26,0.021917808219178082,47.0,8.240108042237097e-07,3.3810039680150635e-06,330.89183747604204,1043.18994140625,0.021973756246363108,2026-06-18
MU260626C01140000,2026-06-17 19:57:05+00:00,1140.0,46.7,0.0,0.0,0.0,0.0,443.0,384,0.12500875,False,REGULAR,USD,MU,call,2026-06-26,0.021917808219178082,46.7,2.750461621064057e-07,1.0762408349136763e-06,114.93798931287436,1043.18994140625,0.021973756246363108,2026-06-18
MU260626C01145000,2026-06-17 19:53:29+00:00,1145.0,46.15,0.0,0.0,0.0,0.0,142.0,190,0.12500875,False,REGULAR,USD,MU,call,2026-06-26,0.021917808219178082,46.15,8.722189524457693e-08,3.26197473460886e-07,18.034574571044896,1043.18994140625,0.021973756246363108,2026-06-18
MU260626C01150000,2026-06-17 19:59:54+00:00,1150.0,43.2,0.0,0.0,0.0,0.0,1642.0,1759,0.12500875,False,REGULAR,USD,MU,call,2026-06-26,0.021917808219178082,43.2,2.6296166371373115e-08,9.418470942385596e-08,50.33673703845659,1043.18994140625,0.021973756246363108,2026-06-18
MU260626C01155000,2026-06-17 19:59:57+00:00,1155.0,42.32,0.0,0.0,0.0,0.0,113.0,70,0.12500875,False,REGULAR,USD,MU,call,2026-06-26,0.021917808219178082,42.32,7.542256077806767e-09,2.5919953795891614e-08,0.5745477066002377,1043.18994140625,0.021973756246363108,2026-06-18
MU260626C01160000,2026-06-17 19:52:21+00:00,1160.0,41.67,0.0,0.0,0.0,0.0,902.0,921,0.12500875,False,REGULAR,USD,MU,call,2026-06-26,0.021917808219178082,41.67,2.0594072018437984e-09,6.802526576251451e-09,2.0640900442143213,1043.18994140625,0.021973756246363108,2026-06-18
MU260626C01165000,2026-06-17 19:52:19+00:00,1165.0,40.58,0.0,0.0,0.0,0.0,17.0,84,0.12500875,False,REGULAR,USD,MU,call,2026-06-26,0.021917808219178082,40.58,5.356743768530577e-10,1.7034076708192901e-09,0.04896738825048218,1043.18994140625,0.021973756246363108,2026-06-18
MU260626C01170000,2026-06-17 19:57:30+00:00,1170.0,38.0,0.0,0.0,0.0,0.0,164.0,430,0.12500875,False,REGULAR,USD,MU,call,2026-06-26,0.021917808219178082,38.0,1.328184006690826e-10,4.0720261819873433e-10,0.06215176748546015,1043.18994140625,0.021973756246363108,2026-06-18
MU260626C01175000,2026-06-17 19:41:54+00:00,1175.0,41.27,0.0,0.0,0.0,0.0,192.0,164,0.12500875,False,REGULAR,USD,MU,call,2026-06-26,0.021917808219178082,41.27,3.1411663164426305e-11,9.29775160454912e-11,0.005606109310098429,1043.18994140625,0.021973756246363108,2026-06-18
MU260626C01180000,2026-06-17 19:58:21+00:00,1180.0,36.2,0.0,0.0,0.0,0.0,331.0,438,0.12500875,False,REGULAR,USD,MU,call,2026-06-26,0.021917808219178082,36.2,7.090406753857629e-12,2.028862056790857e-11,0.003379652456018829,1043.18994140625,0.021973756246363108,2026-06-18
MU260626C01185000,2026-06-17 19:52:59+00:00,1185.0,35.0,0.0,0.0,0.0,0.0,42.0,51,0.12500875,False,REGULAR,USD,MU,call,2026-06-26,0.021917808219178082,35.0,1.528504925181223e-12,4.233169241804353e-12,8.48327997461472e-05,1043.18994140625,0.021973756246363108,2026-06-18
MU260626C01190000,2026-06-17 19:55:00+00:00,1190.0,35.0,0.0,0.0,0.0,0.0,372.0,520,0.12500875,False,REGULAR,USD,MU,call,2026-06-26,0.021917808219178082,35.0,3.1487759064758474e-13,8.449826124059654e-13,0.00017818530265449023,1043.18994140625,0.021973756246363108,2026-06-18
MU260626C01195000,2026-06-17 17:23:47+00:00,1195.0,38.9,0.0,0.0,0.0,0.0,136.0,141,0.12500875,False,REGULAR,USD,MU,call,2026-06-26,0.021917808219178082,38.9,6.202339172183815e-14,1.61446375524316e-13,9.517029295335011e-06,1043.18994140625,0.021973756246363108,2026-06-18
MU260626C01200000,2026-06-17 19:59:45+00:00,1200.0,31.5,0.0,0.0,0.0,0.0,4323.0,5403,0.12500875,False,REGULAR,USD,MU,call,2026-06-26,0.021917808219178082,31.5,1.1688632580143922e-14,2.95416789490269e-14,6.872669451528799e-05,1043.18994140625,0.021973756246363108,2026-06-18
MU260626C01205000,2026-06-17 19:47:38+00:00,1205.0,34.9,0.0,0.0,0.0,0.0,47.0,125,0.12500875,False,REGULAR,USD,MU,call,2026-06-26,0.021917808219178082,34.9,2.108715401705493e-15,5.1795823813638774e-15,2.868499409536097e-07,1043.18994140625,0.021973756246363108,2026-06-18
MU260626C01210000,2026-06-17 19:52:59+00:00,1210.0,29.8,0.0,0.0,0.0,0.0,113.0,392,0.2500075,False,REGULAR,USD,MU,call,2026-06-26,0.021917808219178082,29.8,3.976076129462853e-06,3.661589235308391e-05,1696.162822920849,1043.18994140625,0.021973756246363108,2026-06-18
MU260626C01215000,2026-06-17 19:09:43+00:00,1215.0,41.03,0.0,0.0,0.0,0.0,41.0,137,0.2500075,False,REGULAR,USD,MU,call,2026-06-26,0.021917808219178082,41.03,2.5402829900253678e-06,2.2815400139736657e-05,378.7297743047552,1043.18994140625,0.021973756246363108,2026-06-18
MU260626C01220000,2026-06-17 19:49:36+00:00,1220.0,30.57,0.0,0.0,0.0,0.0,109.0,201,0.2500075,False,REGULAR,USD,MU,call,2026-06-26,0.021917808219178082,30.57,1.6060197093597868e-06,1.4077173564574848e-05,351.2964085867486,1043.18994140625,0.021973756246363108,2026-06-18
MU260626C01225000,2026-06-17 19:30:14+00:00,1225.0,37.37,0.0,0.0,0.0,0.0,80.0,70,0.2500075,False,REGULAR,USD,MU,call,2026-06-26,0.021917808219178082,37.37,1.0048937861015508e-06,8.601570223874202e-06,76.54996253446856,1043.18994140625,0.021973756246363108,2026-06-18
MU260626C01230000,2026-06-17 19:47:22+00:00,1230.0,30.43,0.0,0.0,0.0,0.0,255.0,212,0.2500075,False,REGULAR,USD,MU,call,2026-06-26,0.021917808219178082,30.43,6.223693938281759e-07,5.2054806159457056e-06,143.58559426285802,1043.18994140625,0.021973756246363108,2026-06-18
MU260626C01235000,2026-06-17 19:49:36+00:00,1235.0,27.77,0.0,0.0,0.0,0.0,28.0,60,0.2500075,False,REGULAR,USD,MU,call,2026-06-26,0.021917808219178082,27.77,3.8158600972661635e-07,3.1204020357131383e-06,24.91554984125992,1043.18994140625,0.021973756246363108,2026-06-18
MU260626C01240000,2026-06-17 19:59:21+00:00,1240.0,24.32,0.0,0.0,0.0,0.0,185.0,3285,0.2500075,False,REGULAR,USD,MU,call,2026-06-26,0.021917808219178082,24.32,2.3163773800845744e-07,1.852987717090822e-06,828.0784276667274,1043.18994140625,0.021973756246363108,2026-06-18
MU260626C01245000,2026-06-17 19:49:19+00:00,1245.0,26.25,0.0,0.0,0.0,0.0,19.0,27,0.2500075,False,REGULAR,USD,MU,call,2026-06-26,0.021917808219178082,26.25,1.3923694845963755e-07,1.0901650229923498e-06,4.0911466046918745,1043.18994140625,0.021973756246363108,2026-06-18
MU260626C01250000,2026-06-17 19:59:38+00:00,1250.0,22.77,0.0,0.0,0.0,0.0,4309.0,2681,0.2500075,False,REGULAR,USD,MU,call,2026-06-26,0.021917808219178082,22.77,8.288631003600667e-08,6.354990096157145e-07,241.827898429375,1043.18994140625,0.021973756246363108,2026-06-18
MU260626C01255000,2026-06-17 19:49:56+00:00,1255.0,24.44,0.0,0.0,0.0,0.0,24.0,25,0.2500075,False,REGULAR,USD,MU,call,2026-06-26,0.021917808219178082,24.44,4.887066416335313e-08,3.671008562158451e-07,1.329581708208094,1043.18994140625,0.021973756246363108,2026-06-18
MU260626C01260000,2026-06-17 19:59:48+00:00,1260.0,21.9,0.0,0.0,0.0,0.0,775.0,585,0.2500075,False,REGULAR,USD,MU,call,2026-06-26,0.021917808219178082,21.9,2.8543287690948428e-08,2.1015923074752999e-07,18.171326955005235,1043.18994140625,0.021973756246363108,2026-06-18
MU260626C01265000,2026-06-17 19:52:50+00:00,1265.0,21.0,0.0,0.0,0.0,0.0,97.0,79,0.2500075,False,REGULAR,USD,MU,call,2026-06-26,0.021917808219178082,21.0,1.6515908511806914e-08,1.1924727267060606e-07,1.419895365030114,1043.18994140625,0.021973756246363108,2026-06-18
MU260626C01270000,2026-06-17 19:59:35+00:00,1270.0,20.1,0.0,0.0,0.0,0.0,160.0,359,0.2500075,False,REGULAR,USD,MU,call,2026-06-26,0.021917808219178082,20.1,9.468807497703479e-09,6.707016610818027e-08,3.6992741500232382,1043.18994140625,0.021973756246363108,2026-06-18
MU260626C01275000,2026-06-17 19:58:50+00:00,1275.0,19.47,0.0,0.0,0.0,0.0,29.0,36,0.2500075,False,REGULAR,USD,MU,call,2026-06-26,0.021917808219178082,19.47,5.3793935057634895e-09,3.7396842439647855e-08,0.21074758024481827,1043.18994140625,0.021973756246363108,2026-06-18
MU260626C01280000,2026-06-17 19:59:30+00:00,1280.0,18.7,0.0,0.0,0.0,0.0,42.0,155,0.2500075,False,REGULAR,USD,MU,call,2026-06-26,0.021917808219178082,18.7,3.028772570675408e-09,2.0673234709209392e-08,0.5108873431299812,1043.18994140625,0.021973756246363108,2026-06-18
MU260626C01285000,2026-06-17 19:56:34+00:00,1285.0,18.75,0.0,0.0,0.0,0.0,13.0,11,0.2500075,False,REGULAR,USD,MU,call,2026-06-26,0.021917808219178082,18.75,1.6902257509399435e-09,1.133164166050095e-08,0.020233181665371754,1043.18994140625,0.021973756246363108,2026-06-18
MU260626C01290000,2026-06-17 19:54:51+00:00,1290.0,17.2,0.0,0.0,0.0,0.0,52.0,311,0.2500075,False,REGULAR,USD,MU,call,2026-06-26,0.021917808219178082,17.2,9.35009713257111e-10,6.159290513078187e-09,0.31644868353736455,1043.18994140625,0.021973756246363108,2026-06-18
MU260626C01295000,2026-06-17 19:58:39+00:00,1295.0,16.9,0.0,0.0,0.0,0.0,22.0,13,0.2500075,False,REGULAR,USD,MU,call,2026-06-26,0.021917808219178082,16.9,5.127773538459446e-10,3.3201994459229215e-09,0.00725435778086778,1043.18994140625,0.021973756246363108,2026-06-18
MU260626C01300000,2026-06-17 19:59:30+00:00,1300.0,16.15,0.0,0.0,0.0,0.0,2272.0,2650,0.2500075,False,REGULAR,USD,MU,call,2026-06-26,0.021917808219178082,16.15,2.7882397103879914e-10,1.7751499721966855e-09,0.8040864873287135,1043.18994140625,0.021973756246363108,2026-06-18
MU260626C01305000,2026-06-17 19:18:34+00:00,1305.0,22.27,0.0,0.0,0.0,0.0,40.0,87,0.2500075,False,REGULAR,USD,MU,call,2026-06-26,0.021917808219178082,22.27,1.5033721590293717e-10,9.414227235381137e-10,0.014233527266470659,1043.18994140625,0.021973756246363108,2026-06-18
MU260626C01310000,2026-06-17 19:57:16+00:00,1310.0,15.36,0.0,0.0,0.0,0.0,120.0,328,0.2500075,False,REGULAR,USD,MU,call,2026-06-26,0.021917808219178082,15.36,8.03866474916763e-11,4.952836540548936e-10,0.028693567134710347,1043.18994140625,0.021973756246363108,2026-06-18
MU260626C01315000,2026-06-17 19:44:17+00:00,1315.0,16.97,0.0,0.0,0.0,0.0,14.0,19,0.2500075,False,REGULAR,USD,MU,call,2026-06-26,0.021917808219178082,16.97,4.2631202530131765e-11,2.5851367848871406e-10,0.0008814708725682982,1043.18994140625,0.021973756246363108,2026-06-18
MU260626C01320000,2026-06-17 19:55:00+00:00,1320.0,14.98,0.0,0.0,0.0,0.0,86.0,389,0.2500075,False,REGULAR,USD,MU,call,2026-06-26,0.021917808219178082,14.98,2.24254975806016e-11,1.3387928187874506e-10,0.009493327668555533,1043.18994140625,0.021973756246363108,2026-06-18
MU260626C01325000,2026-06-17 19:49:14+00:00,1325.0,16.0,0.0,0.0,0.0,0.0,18.0,39,0.2500075,False,REGULAR,USD,MU,call,2026-06-26,0.021917808219178082,16.0,1.1702304085757995e-11,6.879917185508638e-11,0.0004966640983375248,1043.18994140625,0.021973756246363108,2026-06-18
MU260626C01330000,2026-06-17 19:48:28+00:00,1330.0,15.95,0.0,0.0,0.0,0.0,154.0,159,0.2500075,False,REGULAR,USD,MU,call,2026-06-26,0.021917808219178082,15.95,6.058411640073991e-12,3.508587287468959e-11,0.0010482929963967706,1043.18994140625,0.021973756246363108,2026-06-18
MU260626C01335000,2026-06-17 19:53:05+00:00,1335.0,13.2,0.0,0.0,0.0,0.0,10.0,23,0.2500075,False,REGULAR,USD,MU,call,2026-06-26,0.021917808219178082,13.2,3.1120530490400024e-12,1.7758219499815172e-11,7.78935700880698e-05,1043.18994140625,0.021973756246363108,2026-06-18
MU260626C01340000,2026-06-17 19:22:53+00:00,1340.0,17.5,0.0,0.0,0.0,0.0,62.0,131,0.2500075,False,REGULAR,USD,MU,call,2026-06-26,0.021917808219178082,17.5,1.5862736867420034e-12,8.921194466104313e-12,0.0002261393802286849,1043.18994140625,0.021973756246363108,2026-06-18
MU260626C01345000,2026-06-17 19:37:11+00:00,1345.0,16.38,0.0,0.0,0.0,0.0,29.0,37,0.2500075,False,REGULAR,USD,MU,call,2026-06-26,0.021917808219178082,16.38,8.024050827661839e-13,4.448780823066192e-12,3.2308900350495286e-05,1043.18994140625,0.021973756246363108,2026-06-18
MU260626C01350000,2026-06-17 19:58:54+00:00,1350.0,11.88,0.0,0.0,0.0,0.0,890.0,493,0.2500075,False,REGULAR,USD,MU,call,2026-06-26,0.021917808219178082,11.88,4.0284183590784184e-13,2.202373477561759e-12,0.00021612662297784563,1043.18994140625,0.021973756246363108,2026-06-18
MU260626C01355000,2026-06-17 19:48:34+00:00,1355.0,14.0,0.0,0.0,0.0,0.0,42.0,27,0.2500075,False,REGULAR,USD,MU,call,2026-06-26,0.021917808219178082,14.0,2.0074334427518204e-13,1.082455353525852e-12,5.898365774541343e-06,1043.18994140625,0.021973756246363108,2026-06-18
MU260626C01360000,2026-06-17 19:39:09+00:00,1360.0,13.8,0.0,0.0,0.0,0.0,676.0,366,0.2500075,False,REGULAR,USD,MU,call,2026-06-26,0.021917808219178082,13.8,9.930090809028579e-14,5.28244239203947e-13,3.9551329547245695e-05,1043.18994140625,0.021973756246363108,2026-06-18
MU260626C01365000,2026-06-17 19:39:30+00:00,1365.0,13.05,0.0,0.0,0.0,0.0,53.0,108,0.2500075,False,REGULAR,USD,MU,call,2026-06-26,0.021917808219178082,13.05,4.8765197856375866e-14,2.559773640679667e-13,5.731397472993971e-06,1043.18994140625,0.021973756246363108,2026-06-18
MU260626C01370000,2026-06-17 19:58:45+00:00,1370.0,10.5,0.0,0.0,0.0,0.0,13.0,122,0.2500075,False,REGULAR,USD,MU,call,2026-06-26,0.021917808219178082,10.5,2.377662181289655e-14,1.2318170609581857e-13,3.1567250925408777e-06,1043.18994140625,0.021973756246363108,2026-06-18
MU260626C01375000,2026-06-17 19:21:03+00:00,1375.0,13.24,0.0,0.0,0.0,0.0,10.0,18,0.2500075,False,REGULAR,USD,MU,call,2026-06-26,0.021917808219178082,13.24,1.1510967964914478e-14,5.887137118068072e-14,2.2548161259091986e-07,1043.18994140625,0.021973756246363108,2026-06-18
MU260626C01380000,2026-06-17 19:55:59+00:00,1380.0,10.2,0.0,0.0,0.0,0.0,34.0,188,0.2500075,False,REGULAR,USD,MU,call,2026-06-26,0.021917808219178082,10.2,5.533917701312244e-15,2.7945403237933447e-14,1.1321848186473387e-06,1043.18994140625,0.021973756246363108,2026-06-18
MU260626C01385000,2026-06-17 19:11:10+00:00,1385.0,13.4,0.0,0.0,0.0,0.0,15.0,18,0.2500075,False,REGULAR,USD,MU,call,2026-06-26,0.021917808219178082,13.4,2.6421033639236603e-15,1.317648281972836e-14,5.1754616027534665e-08,1043.18994140625,0.021973756246363108,2026-06-18
MU260626C01390000,2026-06-17 19:21:55+00:00,1390.0,12.0,0.0,0.0,0.0,0.0,19.0,148,0.2500075,False,REGULAR,USD,MU,call,2026-06-26,0.021917808219178082,12.0,1.2528519704422176e-15,6.171712640752938e-15,2.0178471117055177e-07,1043.18994140625,0.021973756246363108,2026-06-18
MU260626C01395000,2026-06-17 19:58:24+00:00,1395.0,9.0,0.0,0.0,0.0,0.0,162.0,158,0.2500075,False,REGULAR,USD,MU,call,2026-06-26,0.021917808219178082,9.0,5.900905443203491e-16,2.8718566093175055e-15,1.014617910034541e-07,1043.18994140625,0.021973756246363108,2026-06-18
MU260626C01400000,2026-06-17 19:59:45+00:00,1400.0,8.65,0.0,0.0,0.0,0.0,868.0,1281,0.2500075,False,REGULAR,USD,MU,call,2026-06-26,0.021917808219178082,8.65,2.760845392145327e-16,1.327712500339733e-15,3.8487349020069883e-07,1043.18994140625,0.021973756246363108,2026-06-18
MU260626C01405000,2026-06-17 19:15:24+00:00,1405.0,12.75,0.0,0.0,0.0,0.0,99.0,83,0.2500075,False,REGULAR,USD,MU,call,2026-06-26,0.021917808219178082,12.75,1.283231957146806e-16,6.099055044296383e-16,1.159071002172788e-08,1043.18994140625,0.021973756246363108,2026-06-18
MU260626C01410000,2026-06-17 19:43:54+00:00,1410.0,9.29,0.0,0.0,0.0,0.0,46.0,89,0.2500075,False,REGULAR,USD,MU,call,2026-06-26,0.021917808219178082,9.29,5.925739159926373e-17,2.7840104593555206e-16,5.739305189551435e-09,1043.18994140625,0.021973756246363108,2026-06-18
MU260626C01415000,2026-06-17 19:49:57+00:00,1415.0,8.9,0.0,0.0,0.0,0.0,29.0,31,0.2500075,False,REGULAR,USD,MU,call,2026-06-26,0.021917808219178082,8.9,2.718869393686881e-17,1.2628773260623446e-16,9.172269811915009e-10,1043.18994140625,0.021973756246363108,2026-06-18
MU260626C01420000,2026-06-17 19:50:39+00:00,1420.0,8.13,0.0,0.0,0.0,0.0,22.0,119,0.500005,False,REGULAR,USD,MU,call,2026-06-26,0.021917808219178082,8.13,1.0779395358110457e-06,1.9191749447470855e-05,139.59444747040425,1043.18994140625,0.021973756246363108,2026-06-18
MU260626C01425000,2026-06-17 19:50:39+00:00,1425.0,7.9,0.0,0.0,0.0,0.0,18.0,11,0.500005,False,REGULAR,USD,MU,call,2026-06-26,0.021917808219178082,7.9,8.855319697841125e-07,1.5602846065614714e-05,10.600435595761471,1043.18994140625,0.021973756246363108,2026-06-18
MU260626C01430000,2026-06-17 19:51:58+00:00,1430.0,7.67,0.0,0.0,0.0,0.0,30.0,80,0.500005,False,REGULAR,USD,MU,call,2026-06-26,0.021917808219178082,7.67,7.263385759412268e-07,1.2667084360183985e-05,63.234760636564914,1043.18994140625,0.021973756246363108,2026-06-18
MU260626C01440000,2026-06-17 19:59:54+00:00,1440.0,7.0,0.0,0.0,0.0,0.0,126.0,152,0.500005,False,REGULAR,USD,MU,call,2026-06-26,0.021917808219178082,7.0,4.8642537292023e-07,8.313812874397982e-06,80.46121572185069,1043.18994140625,0.021973756246363108,2026-06-18
MU260626C01450000,2026-06-17 19:58:02+00:00,1450.0,6.35,0.0,0.0,0.0,0.0,447.0,657,0.500005,False,REGULAR,USD,MU,call,2026-06-26,0.021917808219178082,6.35,3.238092803640668e-07,5.426739302823523e-06,231.5162305185183,1043.18994140625,0.021973756246363108,2026-06-18
MU260626C01460000,2026-06-17 19:54:41+00:00,1460.0,6.18,0.0,0.0,0.0,0.0,60.0,224,0.500005,False,REGULAR,USD,MU,call,2026-06-26,0.021917808219178082,6.18,2.142990309589951e-07,3.5232654643239896e-06,52.23901834951127,1043.18994140625,0.021973756246363108,2026-06-18
MU260626C01470000,2026-06-17 19:49:47+00:00,1470.0,6.0,0.0,0.0,0.0,0.0,55.0,77,0.500005,False,REGULAR,USD,MU,call,2026-06-26,0.021917808219178082,6.0,1.4101627216363467e-07,2.275469182507563e-06,11.816442245135303,1043.18994140625,0.021973756246363108,2026-06-18
MU260626C01480000,2026-06-17 19:59:49+00:00,1480.0,5.1,0.0,0.0,0.0,0.0,66.0,218,0.500005,False,REGULAR,USD,MU,call,2026-06-26,0.021917808219178082,5.1,9.227733635577005e-08,1.462063240364006e-06,21.891641385328565,1043.18994140625,0.021973756246363108,2026-06-18
MU260626C01490000,2026-06-17 19:13:44+00:00,1490.0,7.02,0.0,0.0,0.0,0.0,50.0,94,0.500005,False,REGULAR,USD,MU,call,2026-06-26,0.021917808219178082,7.02,6.005578343461157e-08,9.347174301005751e-07,6.143409601168828,1043.18994140625,0.021973756246363108,2026-06-18
MU260626C01500000,2026-06-17 19:59:53+00:00,1500.0,4.56,0.0,0.0,0.0,0.0,1314.0,2387,0.500005,False,REGULAR,USD,MU,call,2026-06-26,0.021917808219178082,4.56,3.887803310728896e-08,5.94650577152455e-07,100.99118916427759,1043.18994140625,0.021973756246363108,2026-06-18
MU260626C01510000,2026-06-17 19:54:26+00:00,1510.0,4.4,0.0,0.0,0.0,0.0,44.0,112,0.500005,False,REGULAR,USD,MU,call,2026-06-26,0.021917808219178082,4.4,2.503788621680299e-08,3.7649393398167977e-07,3.0517044142929812,1043.18994140625,0.021973756246363108,2026-06-18
MU260626C01520000,2026-06-17 19:30:58+00:00,1520.0,5.7,0.0,0.0,0.0,0.0,12.0,173,0.500005,False,REGULAR,USD,MU,call,2026-06-26,0.021917808219178082,5.7,1.6043083611412962e-08,2.3725483142007001e-07,3.0203740603255875,1043.18994140625,0.021973756246363108,2026-06-18
MU260626C01530000,2026-06-17 19:16:31+00:00,1530.0,5.25,0.0,0.0,0.0,0.0,38.0,112,0.500005,False,REGULAR,USD,MU,call,2026-06-26,0.021917808219178082,5.25,1.0228839892115513e-08,1.4882586250174856e-07,1.246726484079807,1043.18994140625,0.021973756246363108,2026-06-18
MU260626C01540000,2026-06-17 19:59:28+00:00,1540.0,3.6,0.0,0.0,0.0,0.0,6.0,56,0.500005,False,REGULAR,USD,MU,call,2026-06-26,0.021917808219178082,3.6,6.490281013294162e-09,9.293779349587424e-08,0.395528980497155,1043.18994140625,0.021973756246363108,2026-06-18
MU260626C01550000,2026-06-17 19:54:44+00:00,1550.0,3.5,0.0,0.0,0.0,0.0,420.0,534,0.500005,False,REGULAR,USD,MU,call,2026-06-26,0.021917808219178082,3.5,4.0987193644945336e-09,5.778302876836993e-08,2.3818599520790293,1043.18994140625,0.021973756246363108,2026-06-18
MU260626C01560000,2026-06-17 19:46:06+00:00,1560.0,3.6,0.0,0.0,0.0,0.0,56.0,106,0.500005,False,REGULAR,USD,MU,call,2026-06-26,0.021917808219178082,3.6,2.576488332797043e-09,3.5772121260924165e-08,0.2972082271755468,1043.18994140625,0.021973756246363108,2026-06-18
MU260626C01570000,2026-06-17 19:27:15+00:00,1570.0,4.0,0.0,0.0,0.0,0.0,5.0,104,0.500005,False,REGULAR,USD,MU,call,2026-06-26,0.021917808219178082,4.0,1.612315597154391e-09,2.205296892983356e-08,0.18247785881660292,1043.18994140625,0.021973756246363108,2026-06-18
MU260626C01580000,2026-06-17 19:36:27+00:00,1580.0,3.5,0.0,0.0,0.0,0.0,10.0,82,0.500005,False,REGULAR,USD,MU,call,2026-06-26,0.021917808219178082,3.5,1.0045214647269261e-09,1.3539668978225506e-08,0.08963958874321808,1043.18994140625,0.021973756246363108,2026-06-18
MU260626C01590000,2026-06-17 19:11:55+00:00,1590.0,3.15,0.0,0.0,0.0,0.0,18.0,155,0.500005,False,REGULAR,USD,MU,call,2026-06-26,0.021917808219178082,3.15,6.231605793929609e-10,8.279562425604368e-09,0.10511348915128842,1043.18994140625,0.021973756246363108,2026-06-18
MU260626C01600000,2026-06-17 19:59:18+00:00,1600.0,2.33,0.0,0.0,0.0,0.0,802.0,1124,0.500005,False,REGULAR,USD,MU,call,2026-06-26,0.021917808219178082,2.33,3.849599223762387e-10,5.043174118323518e-09,0.470878228696517,1043.18994140625,0.021973756246363108,2026-06-18
MU260626C01610000,2026-06-17 18:35:27+00:00,1610.0,2.37,0.0,0.0,0.0,0.0,58.0,165,0.500005,False,REGULAR,USD,MU,call,2026-06-26,0.021917808219178082,2.37,2.3683616169740433e-10,3.0601013855088928e-09,0.042526411769742416,1043.18994140625,0.021973756246363108,2026-06-18
MU260626C01620000,2026-06-17 19:55:42+00:00,1620.0,2.36,0.0,0.0,0.0,0.0,9.0,386,0.500005,False,REGULAR,USD,MU,call,2026-06-26,0.021917808219178082,2.36,1.451237838707727e-10,1.8498654898581366e-09,0.06096108384106077,1043.18994140625,0.021973756246363108,2026-06-18
MU260626C01630000,2026-06-17 19:55:04+00:00,1630.0,2.04,0.0,0.0,0.0,0.0,101.0,501,0.500005,False,REGULAR,USD,MU,call,2026-06-26,0.021917808219178082,2.04,8.857831123447684e-11,1.1141748831953267e-09,0.0482938583243309,1043.18994140625,0.021973756246363108,2026-06-18
MU260626C01640000,2026-06-17 19:10:46+00:00,1640.0,2.34,0.0,0.0,0.0,0.0,11.0,65,0.500005,False,REGULAR,USD,MU,call,2026-06-26,0.021917808219178082,2.34,5.385841861157281e-11,6.686687996939426e-10,0.003809725948208305,1043.18994140625,0.021973756246363108,2026-06-18
MU260626C01650000,2026-06-17 19:57:42+00:00,1650.0,2.37,0.0,0.0,0.0,0.0,57.0,415,0.500005,False,REGULAR,USD,MU,call,2026-06-26,0.021917808219178082,2.37,3.262536927895285e-11,3.9989692519460973e-10,0.014734327358279387,1043.18994140625,0.021973756246363108,2026-06-18
MU260626C01660000,2026-06-17 19:29:47+00:00,1660.0,2.22,0.0,0.0,0.0,0.0,11.0,209,0.500005,False,REGULAR,USD,MU,call,2026-06-26,0.021917808219178082,2.22,1.9691111880548564e-11,2.383408318049113e-10,0.004478610640835429,1043.18994140625,0.021973756246363108,2026-06-18
MU260626C01670000,2026-06-17 19:15:39+00:00,1670.0,2.1,0.0,0.0,0.0,0.0,1.0,45,0.500005,False,REGULAR,USD,MU,call,2026-06-26,0.021917808219178082,2.1,1.1842256189510881e-11,1.4157792607420404e-10,0.0005799275591906216,1043.18994140625,0.021973756246363108,2026-06-18
MU260626C01680000,2026-06-17 18:49:26+00:00,1680.0,1.79,0.0,0.0,0.0,0.0,6.0,53,0.500005,False,REGULAR,USD,MU,call,2026-06-26,0.021917808219178082,1.79,7.097144655091559e-12,8.382469014683903e-11,0.0004093420013003272,1043.18994140625,0.021973756246363108,2026-06-18
MU260626C01690000,2026-06-17 19:02:23+00:00,1690.0,1.18,0.0,0.0,0.0,0.0,8.0,46,0.500005,False,REGULAR,USD,MU,call,2026-06-26,0.021917808219178082,1.18,4.2388944552223665e-12,4.9472012792790846e-11,0.00021219601153370297,1043.18994140625,0.021973756246363108,2026-06-18
MU260626C01700000,2026-06-17 19:59:42+00:00,1700.0,1.28,0.0,0.0,0.0,0.0,231.0,682,0.500005,False,REGULAR,USD,MU,call,2026-06-26,0.021917808219178082,1.28,2.5233368274465145e-12,2.9106475717660165e-11,0.0018727783605615282,1043.18994140625,0.021973756246363108,2026-06-18
MU260626C01710000,2026-06-17 19:28:14+00:00,1710.0,1.6,0.0,0.0,0.0,0.0,4.0,30,0.500005,False,REGULAR,USD,MU,call,2026-06-26,0.021917808219178082,1.6,1.497216734209811e-12,1.7072322934239234e-11,4.88801701497115e-05,1043.18994140625,0.021973756246363108,2026-06-18
MU260626C01720000,2026-06-17 16:36:22+00:00,1720.0,1.3,0.0,0.0,0.0,0.0,3.0,12,0.500005,False,REGULAR,USD,MU,call,2026-06-26,0.021917808219178082,1.3,8.855504755492902e-13,9.983858880991056e-12,1.1564353224745995e-05,1043.18994140625,0.021973756246363108,2026-06-18
MU260626C01730000,2026-06-17 19:47:30+00:00,1730.0,1.18,0.0,0.0,0.0,0.0,19.0,21,0.500005,False,REGULAR,USD,MU,call,2026-06-26,0.021917808219178082,1.18,5.221470177450224e-13,5.821518749854584e-12,1.1932704291344886e-05,1043.18994140625,0.021973756246363108,2026-06-18
MU260626C01740000,2026-06-17 19:09:33+00:00,1740.0,1.25,0.0,0.0,0.0,0.0,7.0,31,0.500005,False,REGULAR,USD,MU,call,2026-06-26,0.021917808219178082,1.25,3.069403763073869e-13,3.384814055831462e-12,1.0354818639686033e-05,1043.18994140625,0.021973756246363108,2026-06-18
MU260626C01750000,2026-06-17 19:56:41+00:00,1750.0,0.94,0.0,0.0,0.0,0.0,154.0,174,0.500005,False,REGULAR,USD,MU,call,2026-06-26,0.021917808219178082,0.94,1.7989834866252913e-13,1.9625555716661276e-12,3.406459319473306e-05,1043.18994140625,0.021973756246363108,2026-06-18
MU260626C01760000,2026-06-17 19:57:15+00:00,1760.0,0.97,0.0,0.0,0.0,0.0,26.0,66,0.500005,False,REGULAR,USD,MU,call,2026-06-26,0.021917808219178082,0.97,1.0513365891825075e-13,1.1348151520661314e-12,7.551139552294449e-06,1043.18994140625,0.021973756246363108,2026-06-18
MU260626C01770000,2026-06-17 18:52:41+00:00,1770.0,1.05,0.0,0.0,0.0,0.0,29.0,47,0.500005,False,REGULAR,USD,MU,call,2026-06-26,0.021917808219178082,1.05,6.126700768134795e-14,6.544419071300313e-13,3.1336559253638488e-06,1043.18994140625,0.021973756246363108,2026-06-18
MU260626C01780000,2026-06-17 19:59:59+00:00,1780.0,0.81,0.0,0.0,0.0,0.0,11.0,14,0.500005,False,REGULAR,USD,MU,call,2026-06-26,0.021917808219178082,0.81,3.560492195049726e-14,3.7643163595810194e-13,5.424564225691824e-07,1043.18994140625,0.021973756246363108,2026-06-18
MU260626C01790000,2026-06-17 19:02:41+00:00,1790.0,0.9,0.0,0.0,0.0,0.0,5.0,32,0.500005,False,REGULAR,USD,MU,call,2026-06-26,0.021917808219178082,0.9,2.0635711172524685e-14,2.1597119567700341e-13,7.186148717869971e-07,1043.18994140625,0.021973756246363108,2026-06-18
MU260626C01800000,2026-06-17 19:57:15+00:00,1800.0,0.7,0.0,0.0,0.0,0.0,437.0,1000,0.500005,False,REGULAR,USD,MU,call,2026-06-26,0.021917808219178082,0.7,1.192838962202477e-14,1.2360196479343286e-13,1.2981013392256071e-05,1043.18994140625,0.021973756246363108,2026-06-18
MU260626C01810000,2026-06-17 19:39:53+00:00,1810.0,0.71,0.0,0.0,0.0,0.0,7.0,20,0.500005,False,REGULAR,USD,MU,call,2026-06-26,0.021917808219178082,0.71,6.877387625136309e-15,7.056662187978301e-14,1.4968568883898787e-07,1043.18994140625,0.021973756246363108,2026-06-18
MU260626C01820000,2026-06-17 19:27:27+00:00,1820.0,0.78,0.0,0.0,0.0,0.0,4.0,35,0.500005,False,REGULAR,USD,MU,call,2026-06-26,0.021917808219178082,0.78,3.955216433029206e-15,4.019219818959428e-14,1.5064859289193728e-07,1043.18994140625,0.021973756246363108,2026-06-18
MU260626C01830000,2026-06-17 19:50:41+00:00,1830.0,0.54,0.0,0.0,0.0,0.0,15.0,195,0.500005,False,REGULAR,USD,MU,call,2026-06-26,0.021917808219178082,0.54,2.2690666418627702e-15,2.283895494458756e-14,4.815136957174409e-07,1043.18994140625,0.021973756246363108,2026-06-18
MU260626C01840000,2026-06-17 14:55:14+00:00,1840.0,0.7,0.0,0.0,0.0,0.0,13.0,27,0.500005,False,REGULAR,USD,MU,call,2026-06-26,0.021917808219178082,0.7,1.2986111398873765e-15,1.2948688859707537e-14,3.815660005867896e-08,1043.18994140625,0.021973756246363108,2026-06-18
MU260626C01850000,2026-06-17 19:02:14+00:00,1850.0,0.58,0.0,0.0,0.0,0.0,52.0,105,0.500005,False,REGULAR,USD,MU,call,2026-06-26,0.021917808219178082,0.58,7.41463811839677e-16,7.325091263124505e-15,8.472391978437757e-08,1043.18994140625,0.021973756246363108,2026-06-18
MU260626C01860000,2026-06-17 17:30:32+00:00,1860.0,0.71,0.0,0.0,0.0,0.0,28.0,52,0.500005,False,REGULAR,USD,MU,call,2026-06-26,0.021917808219178082,0.71,4.223799731967448e-16,4.134852914725696e-15,2.3901956059963498e-08,1043.18994140625,0.021973756246363108,2026-06-18
MU260626C01870000,2026-06-17 16:27:04+00:00,1870.0,0.63,0.0,0.0,0.0,0.0,19.0,25,0.500005,False,REGULAR,USD,MU,call,2026-06-26,0.021917808219178082,0.63,2.400724075350293e-16,2.3291020300035408e-15,6.531441452015519e-09,1043.18994140625,0.021973756246363108,2026-06-18
MU260626C01880000,2026-06-17 16:27:21+00:00,1880.0,0.73,0.0,0.0,0.0,0.0,6.0,12,0.500005,False,REGULAR,USD,MU,call,2026-06-26,0.021917808219178082,0.73,1.3615365214158996e-16,1.3092409360983843e-15,1.7780227888510702e-09,1043.18994140625,0.021973756246363108,2026-06-18
MU260626C01890000,2026-06-17 15:05:38+00:00,1890.0,0.49,0.0,0.0,0.0,0.0,39.0,76,0.500005,False,REGULAR,USD,MU,call,2026-06-26,0.021917808219178082,0.49,7.705246209195747e-17,7.344698981248308e-16,6.372750188853144e-09,1043.18994140625,0.021973756246363108,2026-06-18
MU260626C01900000,2026-06-17 19:58:35+00:00,1900.0,0.29,0.0,0.0,0.0,0.0,155.0,322,0.500005,False,REGULAR,USD,MU,call,2026-06-26,0.021917808219178082,0.29,4.3514651358033223e-17,4.1121799236607703e-16,1.5248185325904577e-08,1043.18994140625,0.021973756246363108,2026-06-18
MU260626C01910000,2026-06-17 19:58:57+00:00,1910.0,0.35,0.0,0.0,0.0,0.0,14.0,112,0.500005,False,REGULAR,USD,MU,call,2026-06-26,0.021917808219178082,0.35,2.4524342916930463e-17,2.29791413274992e-16,2.989111975714846e-09,1043.18994140625,0.021973756246363108,2026-06-18
MU260626C01920000,2026-06-17 19:58:27+00:00,1920.0,0.43,0.0,0.0,0.0,0.0,14.0,47,0.500005,False,REGULAR,USD,MU,call,2026-06-26,0.021917808219178082,0.43,1.3794082081644544e-17,1.2816768844735572e-16,7.055331847594113e-10,1043.18994140625,0.021973756246363108,2026-06-18
MU260626C01930000,2026-06-17 13:56:52+00:00,1930.0,0.53,0.0,0.0,0.0,0.0,7.0,51,0.500005,False,REGULAR,USD,MU,call,2026-06-26,0.021917808219178082,0.53,7.743584027450823e-18,7.135517263331696e-17,4.297728468492275e-10,1043.18994140625,0.021973756246363108,2026-06-18
MU260626C01940000,2026-06-17 18:50:38+00:00,1940.0,0.36,0.0,0.0,0.0,0.0,6.0,69,0.500005,False,REGULAR,USD,MU,call,2026-06-26,0.021917808219178082,0.36,4.3387518173971716e-18,3.965456759429253e-17,3.257921990315237e-10,1043.18994140625,0.021973756246363108,2026-06-18
MU260626C01950000,2026-06-17 17:32:55+00:00,1950.0,0.34,0.0,0.0,0.0,0.0,22.0,75,0.500005,False,REGULAR,USD,MU,call,2026-06-26,0.021917808219178082,0.34,2.4265015168479814e-18,2.199885791803511e-17,1.98047156937937e-10,1043.18994140625,0.021973756246363108,2026-06-18
MU260626C01960000,2026-06-17 17:32:47+00:00,1960.0,0.46,0.0,0.0,0.0,0.0,18.0,119,0.500005,False,REGULAR,USD,MU,call,2026-06-26,0.021917808219178082,0.46,1.354591243772418e-18,1.2183277789453623e-17,1.754211715412996e-10,1043.18994140625,0.021973756246363108,2026-06-18
MU260626C01970000,2026-06-17 17:33:40+00:00,1970.0,0.38,0.0,0.0,0.0,0.0,7.0,21,0.500005,False,REGULAR,USD,MU,call,2026-06-26,0.021917808219178082,0.38,7.548601057174937e-19,6.736011581244525e-18,1.725093147474184e-11,1043.18994140625,0.021973756246363108,2026-06-18
MU260626C01980000,2026-06-17 16:02:47+00:00,1980.0,0.5,0.0,0.0,0.0,0.0,4.0,10,0.500005,False,REGULAR,USD,MU,call,2026-06-26,0.021917808219178082,0.5,4.1992659621542437e-19,3.7182054605836454e-18,4.569831252973145e-12,1043.18994140625,0.021973756246363108,2026-06-18
MU260626C01990000,2026-06-17 15:08:45+00:00,1990.0,0.43,0.0,0.0,0.0,0.0,19.0,69,0.500005,False,REGULAR,USD,MU,call,2026-06-26,0.021917808219178082,0.43,2.3320979914085643e-19,2.0491449916567745e-18,1.751147253759698e-11,1043.18994140625,0.021973756246363108,2026-06-18
MU260626C02000000,2026-06-17 18:09:48+00:00,2000.0,0.21,0.0,0.0,0.0,0.0,725.0,2131,0.500005,False,REGULAR,USD,MU,call,2026-06-26,0.021917808219178082,0.21,1.293016745739966e-19,1.1275537732638634e-18,2.998571306511131e-10,1043.18994140625,0.021973756246363108,2026-06-18
MU260626C02010000,2026-06-17 17:03:09+00:00,2010.0,0.33,0.0,0.0,0.0,0.0,49.0,62,0.500005,False,REGULAR,USD,MU,call,2026-06-26,0.021917808219178082,0.33,7.157519178662749e-20,6.195028316557433e-19,4.829264490827669e-12,1043.18994140625,0.021973756246363108,2026-06-18
MU260626C02020000,2026-06-17 17:46:41+00:00,2020.0,0.18,0.0,0.0,0.0,0.0,25.0,43,0.500005,False,REGULAR,USD,MU,call,2026-06-26,0.021917808219178082,0.18,3.9558392054505947e-20,3.3986516487603663e-19,1.8511169933419063e-12,1043.18994140625,0.021973756246363108,2026-06-18
MU260626C02030000,2026-06-16 15:49:00+00:00,2030.0,0.81,0.0,0.0,0.0,0.0,2.0,24,0.500005,False,REGULAR,USD,MU,call,2026-06-26,0.021917808219178082,0.81,2.1829754805028017e-20,1.8618422461276547e-19,5.701470494233591e-13,1043.18994140625,0.021973756246363108,2026-06-18
MU260626C02040000,2026-06-05 14:10:57+00:00,2040.0,1.0,0.0,0.0,0.0,0.0,1.0,5,0.500005,False,REGULAR,USD,MU,call,2026-06-26,0.021917808219178082,1.0,1.202843830007882e-20,1.0185144924819929e-19,6.544945445651238e-14,1043.18994140625,0.021973756246363108,2026-06-18
MU260626C02050000,2026-06-15 18:54:24+00:00,2050.0,0.72,0.0,0.0,0.0,0.0,6.0,6,0.500005,False,REGULAR,USD,MU,call,2026-06-26,0.021917808219178082,0.72,6.618133237404186e-21,5.564095575654323e-20,4.321291250975891e-14,1043.18994140625,0.021973756246363108,2026-06-18
MU260626C02060000,2026-06-15 19:57:40+00:00,2060.0,0.58,0.0,0.0,0.0,0.0,8.0,5,0.500005,False,REGULAR,USD,MU,call,2026-06-26,0.021917808219178082,0.58,3.636160426789165e-21,3.035565574090124e-20,1.9785171633473863e-14,1043.18994140625,0.021973756246363108,2026-06-18
MU260626C02070000,2026-06-15 17:05:56+00:00,2070.0,0.54,0.0,0.0,0.0,0.0,34.0,32,0.500005,False,REGULAR,USD,MU,call,2026-06-26,0.021917808219178082,0.54,1.9950184459357853e-21,1.6539282614609782e-20,6.947421936432532e-14,1043.18994140625,0.021973756246363108,2026-06-18
MU260626C02080000,2026-06-15 15:10:00+00:00,2080.0,0.53,0.0,0.0,0.0,0.0,3.0,2,0.500005,False,REGULAR,USD,MU,call,2026-06-26,0.021917808219178082,0.53,1.0931051006836746e-21,8.999943598407003e-21,2.37913287555904e-15,1043.18994140625,0.021973756246363108,2026-06-18
MU260626C02090000,2026-06-17 17:09:22+00:00,2090.0,0.2,0.0,0.0,0.0,0.0,12.0,37,0.500005,False,REGULAR,USD,MU,call,2026-06-26,0.021917808219178082,0.2,5.98139563577086e-22,4.891282627939803e-21,2.4084134024524954e-14,1043.18994140625,0.021973756246363108,2026-06-18
MU260626C02100000,2026-06-16 19:47:44+00:00,2100.0,0.3,0.0,0.0,0.0,0.0,48.0,56,0.500005,False,REGULAR,USD,MU,call,2026-06-26,0.021917808219178082,0.3,3.2687591943640007e-22,2.655089024737019e-21,1.9920385403794486e-14,1043.18994140625,0.021973756246363108,2026-06-18
MU260626C02110000,2026-06-15 15:00:05+00:00,2110.0,0.23,0.0,0.0,0.0,0.0,0.0,0,0.500005,False,REGULAR,USD,MU,call,2026-06-26,0.021917808219178082,0.23,1.7840910610802369e-22,1.4395343070762997e-21,0.0,1043.18994140625,0.021973756246363108,2026-06-18
MU260626C02120000,2026-06-17 16:31:25+00:00,2120.0,0.18,0.0,0.0,0.0,0.0,8.0,46,0.500005,False,REGULAR,USD,MU,call,2026-06-26,0.021917808219178082,0.18,9.725645183172575e-23,7.795869078074423e-22,4.8685881171649255e-15,1043.18994140625,0.021973756246363108,2026-06-18
MU260626C02130000,2026-06-15 14:56:25+00:00,2130.0,0.25,0.0,0.0,0.0,0.0,5.0,17,0.500005,False,REGULAR,USD,MU,call,2026-06-26,0.021917808219178082,0.25,5.295420979630987e-23,4.217153113373321e-22,9.796618471986517e-16,1043.18994140625,0.021973756246363108,2026-06-18
MU260626C02140000,2026-06-17 18:19:33+00:00,2140.0,0.23,0.0,0.0,0.0,0.0,5.0,168,0.500005,False,REGULAR,USD,MU,call,2026-06-26,0.021917808219178082,0.23,2.8798927502368565e-23,2.2787621478177825e-22,5.26516975663672e-15,1043.18994140625,0.021973756246363108,2026-06-18
MU260626C02150000,2026-06-16 13:43:26+00:00,2150.0,1.25,0.0,0.0,0.0,0.0,4.0,27,0.500005,False,REGULAR,USD,MU,call,2026-06-26,0.021917808219178082,1.25,1.5644392973156066e-23,1.2300298671641888e-22,4.596732828653336e-16,1043.18994140625,0.021973756246363108,2026-06-18
MU260626C02160000,2026-06-17 18:57:01+00:00,2160.0,0.3,0.0,0.0,0.0,0.0,63.0,284,0.500005,False,REGULAR,USD,MU,call,2026-06-26,0.021917808219178082,0.3,8.489073046746147e-24,6.632562472517912e-23,2.62364694057175e-15,1043.18994140625,0.021973756246363108,2026-06-18
MU260626C02170000,2026-06-17 19:59:41+00:00,2170.0,0.12,0.0,0.0,0.0,0.0,317.0,2006,0.500005,False,REGULAR,USD,MU,call,2026-06-26,0.021917808219178082,0.12,4.601435110783128e-24,3.5727928856320665e-23,1.0045024779949074e-14,1043.18994140625,0.021973756246363108,2026-06-18
MU260626C02190000,2026-06-17 19:57:01+00:00,2190.0,0.26,0.0,0.0,0.0,0.0,262.0,209,0.500005,False,REGULAR,USD,MU,call,2026-06-26,0.021917808219178082,0.26,1.3477268820415118e-24,1.0336872439901238e-23,3.0653139301968753e-16,1043.18994140625,0.021973756246363108,2026-06-18
MU260626P00035000,2026-06-16 16:47:42+00:00,35.0,0.01,0.0,0.0,0.0,0.0,8.0,409,0.500005,False,REGULAR,USD,MU,put,2026-06-26,0.021917808219178082,0.01,0.0,0.0,-0.0,1043.18994140625,0.021973756246363108,2026-06-18
MU260626P00040000,2026-06-11 14:56:06+00:00,40.0,0.01,0.0,0.0,0.0,0.0,1.0,20,0.500005,False,REGULAR,USD,MU,put,2026-06-26,0.021917808219178082,0.01,0.0,0.0,-0.0,1043.18994140625,0.021973756246363108,2026-06-18
MU260626P00045000,2026-06-09 19:34:04+00:00,45.0,0.2,0.0,0.0,0.0,0.0,5.0,9505,0.500005,False,REGULAR,USD,MU,put,2026-06-26,0.021917808219178082,0.2,0.0,0.0,-0.0,1043.18994140625,0.021973756246363108,2026-06-18
MU260626P00050000,2026-06-15 16:24:21+00:00,50.0,0.01,0.0,0.0,0.0,0.0,1.0,6512,0.500005,False,REGULAR,USD,MU,put,2026-06-26,0.021917808219178082,0.01,0.0,0.0,-0.0,1043.18994140625,0.021973756246363108,2026-06-18
MU260626P00055000,2026-06-09 19:34:18+00:00,55.0,0.2,0.0,0.0,0.0,0.0,2.0,304,0.500005,False,REGULAR,USD,MU,put,2026-06-26,0.021917808219178082,0.2,0.0,0.0,-0.0,1043.18994140625,0.021973756246363108,2026-06-18
MU260626P00060000,2026-06-09 16:01:24+00:00,60.0,0.2,0.0,0.0,0.0,0.0,7.0,20,0.500005,False,REGULAR,USD,MU,put,2026-06-26,0.021917808219178082,0.2,0.0,0.0,-0.0,1043.18994140625,0.021973756246363108,2026-06-18
MU260626P00065000,2026-06-12 15:15:33+00:00,65.0,0.05,0.0,0.0,0.0,0.0,2.0,12038,0.500005,False,REGULAR,USD,MU,put,2026-06-26,0.021917808219178082,0.05,4.064233709783417e-309,0.0,-5.324266609828323e-299,1043.18994140625,0.021973756246363108,2026-06-18
MU260626P00070000,2026-06-09 19:31:40+00:00,70.0,0.05,0.0,0.0,0.0,0.0,2.0,44,0.500005,False,REGULAR,USD,MU,put,2026-06-26,0.021917808219178082,0.05,5.19529946501909e-293,0.0,-2.487654393462733e-285,1043.18994140625,0.021973756246363108,2026-06-18
MU260626P00075000,2026-06-09 15:58:12+00:00,75.0,0.05,0.0,0.0,0.0,0.0,25.0,92,0.500005,False,REGULAR,USD,MU,put,2026-06-26,0.021917808219178082,0.05,2.0858143471894173e-278,0.0,-2.0882873586440853e-270,1043.18994140625,0.021973756246363108,2026-06-18
MU260626P00080000,2026-06-17 14:02:37+00:00,80.0,0.01,0.0,0.0,0.0,0.0,1.0,25,0.500005,False,REGULAR,USD,MU,put,2026-06-26,0.021917808219178082,0.01,4.3508702011917206e-265,0.0,-1.1837034616423494e-257,1043.18994140625,0.021973756246363108,2026-06-18
MU260626P00085000,2026-06-16 13:42:38+00:00,85.0,0.15,0.0,0.0,0.0,0.0,1.0,46,0.500005,False,REGULAR,USD,MU,put,2026-06-26,0.021917808219178082,0.15,7.070259257971402e-253,0.0,-3.539320997252967e-245,1043.18994140625,0.021973756246363108,2026-06-18
MU260626P00090000,2026-06-15 15:35:38+00:00,90.0,0.02,0.0,0.0,0.0,0.0,17.0,100,0.500005,False,REGULAR,USD,MU,put,2026-06-26,0.021917808219178082,0.02,1.2455136539760873e-241,0.0,-1.3554243225463123e-233,1043.18994140625,0.021973756246363108,2026-06-18
MU260626P00095000,2026-06-15 16:18:30+00:00,95.0,0.15,0.0,0.0,0.0,0.0,35.0,93,0.500005,False,REGULAR,USD,MU,put,2026-06-26,0.021917808219178082,0.15,3.1243301948854623e-231,0.0,-3.16203488062466e-223,1043.18994140625,0.021973756246363108,2026-06-18
MU260626P00100000,2026-06-17 19:32:44+00:00,100.0,0.01,0.0,0.0,0.0,0.0,30.0,155,0.500005,False,REGULAR,USD,MU,put,2026-06-26,0.021917808219178082,0.01,1.4010637647423024e-221,0.0,-2.3632865381016893e-213,1043.18994140625,0.021973756246363108,2026-06-18
MU260626P00105000,2026-06-17 18:04:45+00:00,105.0,0.15,0.0,0.0,0.0,0.0,1.0,110,0.500005,False,REGULAR,USD,MU,put,2026-06-26,0.021917808219178082,0.15,1.3603251641671484e-212,0.0,-1.628404143959142e-204,1043.18994140625,0.021973756246363108,2026-06-18
MU260626P00110000,2026-06-17 13:42:11+00:00,110.0,0.15,0.0,0.0,0.0,0.0,1.0,223,0.500005,False,REGULAR,USD,MU,put,2026-06-26,0.021917808219178082,0.15,3.3647908660598654e-204,0.0,-8.1656304491269e-196,1043.18994140625,0.021973756246363108,2026-06-18
MU260626P00115000,2026-06-17 16:20:26+00:00,115.0,0.01,0.0,0.0,0.0,0.0,1.0,352,0.500005,False,REGULAR,USD,MU,put,2026-06-26,0.021917808219178082,0.01,2.4370205962300303e-196,0.0,-9.33530786279482e-188,1043.18994140625,0.021973756246363108,2026-06-18
MU260626P00120000,2026-06-15 17:18:14+00:00,120.0,0.01,0.0,0.0,0.0,0.0,30.0,19,0.500005,False,REGULAR,USD,MU,put,2026-06-26,0.021917808219178082,0.01,5.8269572281051715e-189,0.0,-1.2048201240970582e-181,1043.18994140625,0.021973756246363108,2026-06-18
MU260626P00125000,2026-06-17 16:20:23+00:00,125.0,0.01,0.0,0.0,0.0,0.0,9.0,82,0.500005,False,REGULAR,USD,MU,put,2026-06-26,0.021917808219178082,0.01,5.1036923890613144e-182,0.0,-4.5543365960001205e-174,1043.18994140625,0.021973756246363108,2026-06-18
MU260626P00130000,2026-06-17 13:42:01+00:00,130.0,0.15,0.0,0.0,0.0,0.0,1.0,70,0.500005,False,REGULAR,USD,MU,put,2026-06-26,0.021917808219178082,0.15,1.7930648569521058e-175,0.0,-1.365906024297826e-167,1043.18994140625,0.021973756246363108,2026-06-18
MU260626P00135000,2026-06-17 13:43:17+00:00,135.0,0.15,0.0,0.0,0.0,0.0,1.0,24,0.500005,False,REGULAR,USD,MU,put,2026-06-26,0.021917808219178082,0.15,2.736132610250713e-169,0.0,-7.146199984830639e-162,1043.18994140625,0.021973756246363108,2026-06-18
MU260626P00140000,2026-06-15 16:50:25+00:00,140.0,0.02,0.0,0.0,0.0,0.0,37.0,24,0.500005,False,REGULAR,USD,MU,put,2026-06-26,0.021917808219178082,0.02,1.9452143907509272e-163,0.0,-5.080488788298485e-156,1043.18994140625,0.021973756246363108,2026-06-18
MU260626P00145000,2026-06-16 16:26:56+00:00,145.0,0.15,0.0,0.0,0.0,0.0,1.0,51,0.500005,False,REGULAR,USD,MU,put,2026-06-26,0.021917808219178082,0.15,6.8557553860443256e-158,0.0,-3.8049790628179583e-150,1043.18994140625,0.021973756246363108,2026-06-18
MU260626P00150000,2026-06-17 14:13:37+00:00,150.0,0.01,0.0,0.0,0.0,0.0,58.0,83,0.500005,False,REGULAR,USD,MU,put,2026-06-26,0.021917808219178082,0.01,1.2658427230766943e-152,0.0,-1.143364288473516e-144,1043.18994140625,0.021973756246363108,2026-06-18
MU260626P00155000,2026-06-16 13:44:55+00:00,155.0,0.15,0.0,0.0,0.0,0.0,1.0,8,0.500005,False,REGULAR,USD,MU,put,2026-06-26,0.021917808219178082,0.15,1.2863129199854592e-147,0.0,-1.1198591441132982e-140,1043.18994140625,0.021973756246363108,2026-06-18
MU260626P00160000,2026-06-15 15:05:46+00:00,160.0,0.2,0.0,0.0,0.0,0.0,5.0,25,0.500005,False,REGULAR,USD,MU,put,2026-06-26,0.021917808219178082,0.2,7.51857485103564e-143,0.0,-2.0455133493410852e-135,1043.18994140625,0.021973756246363108,2026-06-18
MU260626P00165000,2026-06-17 18:07:49+00:00,165.0,0.15,0.0,0.0,0.0,0.0,1.0,3,0.500005,False,REGULAR,USD,MU,put,2026-06-26,0.021917808219178082,0.15,2.6302125003984762e-138,0.0,-8.586948810536023e-132,1043.18994140625,0.021973756246363108,2026-06-18
MU260626P00170000,2026-06-15 16:21:15+00:00,170.0,0.15,0.0,0.0,0.0,0.0,5.0,7,0.500005,False,REGULAR,USD,MU,put,2026-06-26,0.021917808219178082,0.15,5.707782830166482e-134,0.0,-4.348027302459332e-127,1043.18994140625,0.021973756246363108,2026-06-18
MU260626P00175000,2026-06-16 17:26:10+00:00,175.0,0.21,0.0,0.0,0.0,0.0,3.0,2,0.500005,False,REGULAR,USD,MU,put,2026-06-26,0.021917808219178082,0.21,7.936683610555265e-130,0.0,-1.7274116541010353e-123,1043.18994140625,0.021973756246363108,2026-06-18
MU260626P00180000,2026-06-17 15:29:02+00:00,180.0,0.2,0.0,0.0,0.0,0.0,5.0,105,0.500005,False,REGULAR,USD,MU,put,2026-06-26,0.021917808219178082,0.2,7.282423505269884e-126,0.0,-8.3213159569514e-118,1043.18994140625,0.021973756246363108,2026-06-18
MU260626P00185000,2026-06-17 13:45:11+00:00,185.0,0.2,0.0,0.0,0.0,0.0,1.0,8,0.500005,False,REGULAR,USD,MU,put,2026-06-26,0.021917808219178082,0.2,4.528943047688659e-122,0.0,-3.9428806212875686e-115,1043.18994140625,0.021973756246363108,2026-06-18
MU260626P00195000,2026-06-01 13:44:49+00:00,195.0,0.16,0.0,0.0,0.0,0.0,1.0,1,0.500005,False,REGULAR,USD,MU,put,2026-06-26,0.021917808219178082,0.16,6.000351351666115e-115,0.0,-6.529853879890134e-109,1043.18994140625,0.021973756246363108,2026-06-18
MU260626P00200000,2026-06-17 17:35:50+00:00,200.0,0.04,0.0,0.0,0.0,0.0,24.0,497,0.500005,False,REGULAR,USD,MU,put,2026-06-26,0.021917808219178082,0.04,1.3341596816728128e-111,0.0,-7.215907919056366e-103,1043.18994140625,0.021973756246363108,2026-06-18
MU260626P00205000,2026-06-16 17:35:38+00:00,205.0,0.21,0.0,0.0,0.0,0.0,4.0,17,0.500005,False,REGULAR,USD,MU,put,2026-06-26,0.021917808219178082,0.21,2.1910426929481198e-108,0.0,-4.053466079696352e-101,1043.18994140625,0.021973756246363108,2026-06-18
MU260626P00210000,2026-06-17 15:34:10+00:00,210.0,0.2,0.0,0.0,0.0,0.0,1.0,280,0.500005,False,REGULAR,USD,MU,put,2026-06-26,0.021917808219178082,0.2,2.7040422308607372e-105,0.0,-8.239451147052557e-97,1043.18994140625,0.021973756246363108,2026-06-18
MU260626P00215000,2026-06-17 18:14:03+00:00,215.0,0.1,0.0,0.0,0.0,0.0,1.0,32,0.500005,False,REGULAR,USD,MU,put,2026-06-26,0.021917808219178082,0.1,2.5481157428682128e-102,0.0,-8.873519563007342e-95,1043.18994140625,0.021973756246363108,2026-06-18
MU260626P00220000,2026-06-17 18:14:13+00:00,220.0,0.04,0.0,0.0,0.0,0.0,108.0,260,0.500005,False,REGULAR,USD,MU,put,2026-06-26,0.021917808219178082,0.04,1.8606492354619296e-99,0.0,-5.264591018890483e-91,1043.18994140625,0.021973756246363108,2026-06-18
MU260626P00225000,2026-06-15 14:04:15+00:00,225.0,0.07,0.0,0.0,0.0,0.0,1.0,65,0.500005,False,REGULAR,USD,MU,put,2026-06-26,0.021917808219178082,0.07,1.0672594175581196e-96,0.0,-7.549359972606357e-89,1043.18994140625,0.021973756246363108,2026-06-18
MU260626P00230000,2026-06-17 18:41:48+00:00,230.0,0.02,0.0,0.0,0.0,0.0,61.0,440,0.500005,False,REGULAR,USD,MU,put,2026-06-26,0.021917808219178082,0.02,4.869952075652875e-94,0.0,-2.3318689824372448e-85,1043.18994140625,0.021973756246363108,2026-06-18
MU260626P00235000,2026-06-16 17:23:11+00:00,235.0,0.21,0.0,0.0,0.0,0.0,2.0,136,0.500005,False,REGULAR,USD,MU,put,2026-06-26,0.021917808219178082,0.21,1.7886526588306934e-91,0.0,-2.6472301627946716e-83,1043.18994140625,0.021973756246363108,2026-06-18
MU260626P00240000,2026-06-17 18:08:14+00:00,240.0,0.05,0.0,0.0,0.0,0.0,8.0,404,0.500005,False,REGULAR,USD,MU,put,2026-06-26,0.021917808219178082,0.05,5.3458292244799865e-89,0.0,-2.350299605701459e-80,1043.18994140625,0.021973756246363108,2026-06-18
MU260626P00245000,2026-06-17 18:43:55+00:00,245.0,0.05,0.0,0.0,0.0,0.0,416.0,386,0.500005,False,REGULAR,USD,MU,put,2026-06-26,0.021917808219178082,0.05,1.3134337708640728e-86,0.0,-5.517244940128022e-78,1043.18994140625,0.021973756246363108,2026-06-18
MU260626P00250000,2026-06-17 18:04:10+00:00,250.0,0.06,0.0,0.0,0.0,0.0,15.0,110,0.500005,False,REGULAR,USD,MU,put,2026-06-26,0.021917808219178082,0.06,2.678088422456833e-84,0.0,-3.205858716645673e-76,1043.18994140625,0.021973756246363108,2026-06-18
MU260626P00255000,2026-06-17 18:43:36+00:00,255.0,0.04,0.0,0.0,0.0,0.0,502.0,235,0.500005,False,REGULAR,USD,MU,put,2026-06-26,0.021917808219178082,0.04,4.572075742041981e-82,0.0,-1.1692518357334398e-73,1043.18994140625,0.021973756246363108,2026-06-18
MU260626P00260000,2026-06-17 17:12:08+00:00,260.0,0.05,0.0,0.0,0.0,0.0,2.0,33,0.500005,False,REGULAR,USD,MU,put,2026-06-26,0.021917808219178082,0.05,6.589811409978955e-80,0.0,-2.366539226925693e-72,1043.18994140625,0.021973756246363108,2026-06-18
MU260626P00265000,2026-06-16 15:56:06+00:00,265.0,0.17,0.0,0.0,0.0,0.0,1.0,29,0.500005,False,REGULAR,USD,MU,put,2026-06-26,0.021917808219178082,0.17,8.081173505300006e-78,0.0,-2.550346626680273e-70,1043.18994140625,0.021973756246363108,2026-06-18
MU260626P00270000,2026-06-17 18:27:47+00:00,270.0,0.05,0.0,0.0,0.0,0.0,853.0,724,0.500005,False,REGULAR,USD,MU,put,2026-06-26,0.021917808219178082,0.05,8.493338458602778e-76,0.0,-6.69181273325452e-67,1043.18994140625,0.021973756246363108,2026-06-18
MU260626P00275000,2026-06-15 16:13:37+00:00,275.0,0.1,0.0,0.0,0.0,0.0,160.0,151,0.500005,False,REGULAR,USD,MU,put,2026-06-26,0.021917808219178082,0.1,7.702861814957963e-74,0.0,-1.2657730244911174e-65,1043.18994140625,0.021973756246363108,2026-06-18
MU260626P00280000,2026-06-17 13:39:27+00:00,280.0,0.01,0.0,0.0,0.0,0.0,10.0,287,0.500005,False,REGULAR,USD,MU,put,2026-06-26,0.021917808219178082,0.01,6.06714010317319e-72,0.0,-1.894927953036038e-63,1043.18994140625,0.021973756246363108,2026-06-18
MU260626P00285000,2026-06-17 18:40:54+00:00,285.0,0.05,0.0,0.0,0.0,0.0,112.0,136,1.000005,False,REGULAR,USD,MU,put,2026-06-26,0.021917808219178082,0.05,2.6685921172047557e-20,0.0,-3.9495524801773195e-12,1043.18994140625,0.021973756246363108,2026-06-18
MU260626P00290000,2026-06-16 19:58:09+00:00,290.0,0.06,0.0,0.0,0.0,0.0,201.0,452,1.000005,False,REGULAR,USD,MU,put,2026-06-26,0.021917808219178082,0.06,7.49049851534834e-20,0.0,-3.684477755154811e-11,1043.18994140625,0.021973756246363108,2026-06-18
MU260626P00295000,2026-06-15 19:53:02+00:00,295.0,0.08,0.0,0.0,0.0,0.0,297.0,291,0.500005,False,REGULAR,USD,MU,put,2026-06-26,0.021917808219178082,0.08,1.3490047388356117e-66,0.0,-4.2720196929803424e-58,1043.18994140625,0.021973756246363108,2026-06-18
MU260626P00300000,2026-06-17 19:58:10+00:00,300.0,0.07,0.0,0.0,0.0,0.0,475.0,925,0.500005,False,REGULAR,USD,MU,put,2026-06-26,0.021917808219178082,0.07,6.399462675958938e-65,0.0,-6.4418710179868e-56,1043.18994140625,0.021973756246363108,2026-06-18
MU260626P00305000,2026-06-04 16:09:49+00:00,305.0,0.42,0.0,0.0,0.0,0.0,1.0,29,0.500005,False,REGULAR,USD,MU,put,2026-06-26,0.021917808219178082,0.42,2.7085147051353323e-63,0.0,-8.54783199126396e-56,1043.18994140625,0.021973756246363108,2026-06-18
MU260626P00310000,2026-06-17 17:04:44+00:00,310.0,0.07,0.0,0.0,0.0,0.0,32.0,50,0.500005,False,REGULAR,USD,MU,put,2026-06-26,0.021917808219178082,0.07,1.027400990175721e-61,0.0,-5.590321256803631e-54,1043.18994140625,0.021973756246363108,2026-06-18
MU260626P00315000,2026-06-15 15:14:07+00:00,315.0,0.22,0.0,0.0,0.0,0.0,12.0,82,0.500005,False,REGULAR,USD,MU,put,2026-06-26,0.021917808219178082,0.22,3.5077437899440476e-60,0.0,-3.130174135528686e-52,1043.18994140625,0.021973756246363108,2026-06-18
MU260626P00320000,2026-06-16 13:44:26+00:00,320.0,0.07,0.0,0.0,0.0,0.0,340.0,500,0.500005,False,REGULAR,USD,MU,put,2026-06-26,0.021917808219178082,0.07,1.0823172750135858e-58,0.0,-5.88913318847336e-50,1043.18994140625,0.021973756246363108,2026-06-18
MU260626P00325000,2026-06-15 15:14:03+00:00,325.0,0.22,0.0,0.0,0.0,0.0,3.0,10,0.500005,False,REGULAR,USD,MU,put,2026-06-26,0.021917808219178082,0.22,3.0296203326663247e-57,0.0,-3.296969947995147e-50,1043.18994140625,0.021973756246363108,2026-06-18
MU260626P00330000,2026-06-15 14:44:54+00:00,330.0,0.31,0.0,0.0,0.0,0.0,1.0,11,0.500005,False,REGULAR,USD,MU,put,2026-06-26,0.021917808219178082,0.31,7.72166791561991e-56,0.0,-9.24337530708709e-49,1043.18994140625,0.021973756246363108,2026-06-18
MU260626P00335000,2026-06-17 19:05:28+00:00,335.0,0.1,0.0,0.0,0.0,0.0,18.0,26,0.500005,False,REGULAR,USD,MU,put,2026-06-26,0.021917808219178082,0.1,1.7981489306692516e-54,0.0,-5.087750302747786e-47,1043.18994140625,0.021973756246363108,2026-06-18
MU260626P00340000,2026-06-17 13:54:46+00:00,340.0,0.05,0.0,0.0,0.0,0.0,30.0,83,0.500005,False,REGULAR,USD,MU,put,2026-06-26,0.021917808219178082,0.05,3.8384793138505394e-53,0.0,-3.467081723102126e-45,1043.18994140625,0.021973756246363108,2026-06-18
MU260626P00345000,2026-06-15 19:56:28+00:00,345.0,0.25,0.0,0.0,0.0,0.0,0.0,11,0.500005,False,REGULAR,USD,MU,put,2026-06-26,0.021917808219178082,0.25,7.534751278206137e-52,0.0,-9.019623049202595e-45,1043.18994140625,0.021973756246363108,2026-06-18
MU260626P00350000,2026-06-17 19:47:20+00:00,350.0,0.11,0.0,0.0,0.0,0.0,154.0,994,0.500005,False,REGULAR,USD,MU,put,2026-06-26,0.021917808219178082,0.11,1.364099746917096e-50,0.0,-1.4755682249099462e-41,1043.18994140625,0.021973756246363108,2026-06-18
MU260626P00355000,2026-06-15 16:00:01+00:00,355.0,0.25,0.0,0.0,0.0,0.0,1.0,2,0.500005,False,REGULAR,USD,MU,put,2026-06-26,0.021917808219178082,0.25,2.28412751544276e-49,0.0,-4.971381855742922e-43,1043.18994140625,0.021973756246363108,2026-06-18
MU260626P00360000,2026-06-15 16:59:13+00:00,360.0,0.18,0.0,0.0,0.0,0.0,3.0,19,0.500005,False,REGULAR,USD,MU,put,2026-06-26,0.021917808219178082,0.18,3.5470150590943543e-48,0.0,-7.334042376456347e-41,1043.18994140625,0.021973756246363108,2026-06-18
MU260626P00365000,2026-06-15 15:39:04+00:00,365.0,0.2,0.0,0.0,0.0,0.0,1.0,46,0.500005,False,REGULAR,USD,MU,put,2026-06-26,0.021917808219178082,0.2,5.121427857728058e-47,0.0,-2.5637499971923256e-39,1043.18994140625,0.021973756246363108,2026-06-18
MU260626P00370000,2026-06-17 19:45:04+00:00,370.0,0.31,0.0,0.0,0.0,0.0,374.0,698,0.500005,False,REGULAR,USD,MU,put,2026-06-26,0.021917808219178082,0.31,6.892391328134594e-46,0.0,-5.235427281068173e-37,1043.18994140625,0.021973756246363108,2026-06-18
MU260626P00375000,2026-06-17 19:32:03+00:00,375.0,0.23,0.0,0.0,0.0,0.0,2.0,25,0.500005,False,REGULAR,USD,MU,put,2026-06-26,0.021917808219178082,0.23,8.66596150402655e-45,0.0,-2.357672869203472e-37,1043.18994140625,0.021973756246363108,2026-06-18
MU260626P00380000,2026-06-17 15:56:52+00:00,380.0,0.22,0.0,0.0,0.0,0.0,4.0,33,0.500005,False,REGULAR,USD,MU,put,2026-06-26,0.021917808219178082,0.22,1.020241680635424e-43,0.0,-3.663901450217734e-36,1043.18994140625,0.021973756246363108,2026-06-18
MU260626P00385000,2026-06-17 19:56:05+00:00,385.0,0.18,0.0,0.0,0.0,0.0,48.0,54,0.500005,False,REGULAR,USD,MU,put,2026-06-26,0.021917808219178082,0.18,1.1270867663531834e-42,0.0,-6.62335285047653e-35,1043.18994140625,0.021973756246363108,2026-06-18
MU260626P00390000,2026-06-17 18:54:50+00:00,390.0,0.3,0.0,0.0,0.0,0.0,6.0,65,0.500005,False,REGULAR,USD,MU,put,2026-06-26,0.021917808219178082,0.3,1.1707590369693048e-41,0.0,-8.281474275003923e-34,1043.18994140625,0.021973756246363108,2026-06-18
MU260626P00395000,2026-06-16 19:57:40+00:00,395.0,0.25,0.0,0.0,0.0,0.0,28.0,215,0.500005,False,REGULAR,USD,MU,put,2026-06-26,0.021917808219178082,0.25,1.145732164064883e-40,0.0,-2.680700817915727e-32,1043.18994140625,0.021973756246363108,2026-06-18
MU260626P00400000,2026-06-17 19:56:29+00:00,400.0,0.3,0.0,0.0,0.0,0.0,356.0,1148,0.500005,False,REGULAR,USD,MU,put,2026-06-26,0.021917808219178082,0.3,1.0583209304116534e-39,0.0,-1.3221662135484744e-30,1043.18994140625,0.021973756246363108,2026-06-18
MU260626P00405000,2026-06-17 14:28:59+00:00,405.0,0.32,0.0,0.0,0.0,0.0,1.0,124,0.500005,False,REGULAR,USD,MU,put,2026-06-26,0.021917808219178082,0.32,9.243774210817733e-39,0.0,-1.2473771831616922e-30,1043.18994140625,0.021973756246363108,2026-06-18
MU260626P00410000,2026-06-17 19:09:22+00:00,410.0,0.36,0.0,0.0,0.0,0.0,3.0,162,0.500005,False,REGULAR,USD,MU,put,2026-06-26,0.021917808219178082,0.36,7.647604679905265e-38,0.0,-1.3482400583903847e-29,1043.18994140625,0.021973756246363108,2026-06-18
MU260626P00415000,2026-06-17 18:41:10+00:00,415.0,0.26,0.0,0.0,0.0,0.0,285.0,362,0.500005,False,REGULAR,USD,MU,put,2026-06-26,0.021917808219178082,0.26,6.002904311468604e-37,0.0,-2.364812829712805e-28,1043.18994140625,0.021973756246363108,2026-06-18
MU260626P00420000,2026-06-17 16:21:54+00:00,420.0,0.29,0.0,0.0,0.0,0.0,277.0,1857,0.500005,False,REGULAR,USD,MU,put,2026-06-26,0.021917808219178082,0.29,4.477585321533399e-36,0.0,-9.048624280338066e-27,1043.18994140625,0.021973756246363108,2026-06-18
MU260626P00425000,2026-06-17 16:18:50+00:00,425.0,0.26,0.0,0.0,0.0,0.0,1.0,27,0.500005,False,REGULAR,USD,MU,put,2026-06-26,0.021917808219178082,0.26,3.178569348421463e-35,0.0,-9.339470120132495e-28,1043.18994140625,0.021973756246363108,2026-06-18
MU260626P00430000,2026-06-17 15:07:42+00:00,430.0,0.46,0.0,0.0,0.0,0.0,4.0,703,0.500005,False,REGULAR,USD,MU,put,2026-06-26,0.021917808219178082,0.46,2.150589620257425e-34,0.0,-1.6452793699004012e-25,1043.18994140625,0.021973756246363108,2026-06-18
MU260626P00435000,2026-06-17 16:18:58+00:00,435.0,0.39,0.0,0.0,0.0,0.0,6.0,204,0.500005,False,REGULAR,USD,MU,put,2026-06-26,0.021917808219178082,0.39,1.3887662927348992e-33,0.0,-3.0830893866255814e-25,1043.18994140625,0.021973756246363108,2026-06-18
MU260626P00440000,2026-06-17 19:18:30+00:00,440.0,0.35,0.0,0.0,0.0,0.0,1009.0,1094,0.500005,False,REGULAR,USD,MU,put,2026-06-26,0.021917808219178082,0.35,8.57098240254362e-33,0.0,-1.0204100026928583e-23,1043.18994140625,0.021973756246363108,2026-06-18
MU260626P00445000,2026-06-17 19:11:56+00:00,445.0,0.36,0.0,0.0,0.0,0.0,8.0,340,0.500005,False,REGULAR,USD,MU,put,2026-06-26,0.021917808219178082,0.36,5.062014465670592e-32,0.0,-1.872962493845285e-23,1043.18994140625,0.021973756246363108,2026-06-18
MU260626P00450000,2026-06-17 19:53:37+00:00,450.0,0.39,0.0,0.0,0.0,0.0,1277.0,1931,0.500005,False,REGULAR,USD,MU,put,2026-06-26,0.021917808219178082,0.39,2.864491956139544e-31,0.0,-6.019447937385957e-22,1043.18994140625,0.021973756246363108,2026-06-18
MU260626P00455000,2026-06-17 19:44:55+00:00,455.0,0.52,0.0,0.0,0.0,0.0,861.0,900,0.500005,False,REGULAR,USD,MU,put,2026-06-26,0.021917808219178082,0.52,1.5549735040858742e-30,0.0,-1.5229732821172056e-21,1043.18994140625,0.021973756246363108,2026-06-18
MU260626P00460000,2026-06-17 19:56:24+00:00,460.0,0.5,0.0,0.0,0.0,0.0,736.0,1005,0.500005,False,REGULAR,USD,MU,put,2026-06-26,0.021917808219178082,0.5,8.106807067465652e-30,0.0,-8.866305286631945e-21,1043.18994140625,0.021973756246363108,2026-06-18
MU260626P00465000,2026-06-17 19:56:19+00:00,465.0,0.55,0.0,0.0,0.0,0.0,20.0,82,0.500005,False,REGULAR,USD,MU,put,2026-06-26,0.021917808219178082,0.55,4.0635904878117446e-29,0.0,-3.626190110803849e-21,1043.18994140625,0.021973756246363108,2026-06-18
MU260626P00470000,2026-06-17 19:56:09+00:00,470.0,0.6,0.0,0.0,0.0,0.0,2358.0,3171,0.500005,False,REGULAR,USD,MU,put,2026-06-26,0.021917808219178082,0.6,1.9605026989252833e-28,0.0,-6.765353098296381e-19,1043.18994140625,0.021973756246363108,2026-06-18
MU260626P00475000,2026-06-17 19:56:04+00:00,475.0,0.65,0.0,0.0,0.0,0.0,66.0,1154,0.500005,False,REGULAR,USD,MU,put,2026-06-26,0.021917808219178082,0.65,9.113174840426513e-28,0.0,-1.144464413482205e-18,1043.18994140625,0.021973756246363108,2026-06-18
MU260626P00480000,2026-06-17 19:16:00+00:00,480.0,0.58,0.0,0.0,0.0,0.0,229.0,1060,0.500005,False,REGULAR,USD,MU,put,2026-06-26,0.021917808219178082,0.58,4.085526141341078e-27,0.0,-4.712817698767294e-18,1043.18994140625,0.021973756246363108,2026-06-18
MU260626P00485000,2026-06-17 18:21:42+00:00,485.0,0.62,0.0,0.0,0.0,0.0,3.0,199,0.500005,False,REGULAR,USD,MU,put,2026-06-26,0.021917808219178082,0.62,1.768146631750283e-26,0.0,-3.829112588429223e-18,1043.18994140625,0.021973756246363108,2026-06-18
MU260626P00490000,2026-06-17 19:55:53+00:00,490.0,0.95,0.0,0.0,0.0,0.0,70.0,252,0.500005,False,REGULAR,USD,MU,put,2026-06-26,0.021917808219178082,0.95,7.394041405156568e-26,0.0,-2.0277256774170592e-17,1043.18994140625,0.021973756246363108,2026-06-18
MU260626P00495000,2026-06-17 19:13:47+00:00,495.0,1.03,0.0,0.0,0.0,0.0,6.0,176,0.500005,False,REGULAR,USD,MU,put,2026-06-26,0.021917808219178082,1.03,2.9903782795690674e-25,0.0,-5.727506347130798e-17,1043.18994140625,0.021973756246363108,2026-06-18
MU260626P00500000,2026-06-17 19:53:29+00:00,500.0,0.93,0.0,0.0,0.0,0.0,560.0,2102,0.500005,False,REGULAR,USD,MU,put,2026-06-26,0.021917808219178082,0.93,1.1706444099349372e-24,0.0,-2.6778391648702394e-15,1043.18994140625,0.021973756246363108,2026-06-18
MU260626P00505000,2026-06-17 19:58:41+00:00,505.0,0.9,0.0,0.0,0.0,0.0,9.0,139,0.500005,False,REGULAR,USD,MU,put,2026-06-26,0.021917808219178082,0.9,4.4395571438393984e-24,0.0,-6.715544517468183e-16,1043.18994140625,0.021973756246363108,2026-06-18
MU260626P00510000,2026-06-17 18:41:17+00:00,510.0,0.78,0.0,0.0,0.0,0.0,24.0,289,0.500005,False,REGULAR,USD,MU,put,2026-06-26,0.021917808219178082,0.78,1.632371600134393e-23,0.0,-5.133855668002658e-15,1043.18994140625,0.021973756246363108,2026-06-18
MU260626P00515000,2026-06-17 18:40:59+00:00,515.0,0.66,0.0,0.0,0.0,0.0,11.0,157,0.500005,False,REGULAR,USD,MU,put,2026-06-26,0.021917808219178082,0.66,5.823718273200724e-23,0.0,-9.950085019805969e-15,1043.18994140625,0.021973756246363108,2026-06-18
MU260626P00520000,2026-06-17 17:09:50+00:00,520.0,0.84,0.0,0.0,0.0,0.0,4.0,306,0.500005,False,REGULAR,USD,MU,put,2026-06-26,0.021917808219178082,0.84,2.0174818455310033e-22,0.0,-6.718276031977875e-14,1043.18994140625,0.021973756246363108,2026-06-18
MU260626P00525000,2026-06-17 19:46:24+00:00,525.0,1.13,0.0,0.0,0.0,0.0,33.0,176,0.500005,False,REGULAR,USD,MU,put,2026-06-26,0.021917808219178082,1.13,6.791443935135952e-22,0.0,-1.3007731667406167e-13,1043.18994140625,0.021973756246363108,2026-06-18
MU260626P00530000,2026-06-17 19:55:59+00:00,530.0,1.03,0.0,0.0,0.0,0.0,57.0,135,0.500005,False,REGULAR,USD,MU,put,2026-06-26,0.021917808219178082,1.03,2.2231192834527826e-21,0.0,-3.266053662099397e-13,1043.18994140625,0.021973756246363108,2026-06-18
MU260626P00535000,2026-06-17 14:51:46+00:00,535.0,0.95,0.0,0.0,0.0,0.0,4.0,102,0.500005,False,REGULAR,USD,MU,put,2026-06-26,0.021917808219178082,0.95,7.081196589366692e-21,0.0,-7.860200151564742e-13,1043.18994140625,0.021973756246363108,2026-06-18
MU260626P00540000,2026-06-17 19:55:17+00:00,540.0,1.31,0.0,0.0,0.0,0.0,300.0,544,0.500005,False,REGULAR,USD,MU,put,2026-06-26,0.021917808219178082,1.31,2.1962379011207272e-20,0.0,-1.3001847368891478e-11,1043.18994140625,0.021973756246363108,2026-06-18
MU260626P00545000,2026-06-17 19:56:35+00:00,545.0,1.58,0.0,0.0,0.0,0.0,38.0,121,0.500005,False,REGULAR,USD,MU,put,2026-06-26,0.021917808219178082,1.58,6.636780774673966e-20,0.0,-8.7391586664565e-12,1043.18994140625,0.021973756246363108,2026-06-18
MU260626P00550000,2026-06-17 19:58:40+00:00,550.0,1.55,0.0,0.0,0.0,0.0,1577.0,1516,0.500005,False,REGULAR,USD,MU,put,2026-06-26,0.021917808219178082,1.55,1.9552788924346677e-19,0.0,-3.2257796295654736e-10,1043.18994140625,0.021973756246363108,2026-06-18
MU260626P00555000,2026-06-17 19:38:29+00:00,555.0,1.51,0.0,0.0,0.0,0.0,96.0,198,0.500005,False,REGULAR,USD,MU,put,2026-06-26,0.021917808219178082,1.51,5.619433190830387e-19,0.0,-1.210833656852477e-10,1043.18994140625,0.021973756246363108,2026-06-18
MU260626P00560000,2026-06-17 19:29:55+00:00,560.0,1.4,0.0,0.0,0.0,0.0,24.0,372,0.500005,False,REGULAR,USD,MU,put,2026-06-26,0.021917808219178082,1.4,1.5763775312124366e-18,0.0,-6.381605563824789e-10,1043.18994140625,0.021973756246363108,2026-06-18
MU260626P00565000,2026-06-17 19:38:48+00:00,565.0,1.6,0.0,0.0,0.0,0.0,7.0,84,0.500005,False,REGULAR,USD,MU,put,2026-06-26,0.021917808219178082,1.6,4.318724621415072e-18,0.0,-3.9478585204339405e-10,1043.18994140625,0.021973756246363108,2026-06-18
MU260626P00570000,2026-06-17 17:52:37+00:00,570.0,1.26,0.0,0.0,0.0,0.0,5.0,185,0.500005,False,REGULAR,USD,MU,put,2026-06-26,0.021917808219178082,1.26,1.1561509418859948e-17,-1.1102230246251565e-16,-2.32762518419955e-09,1043.18994140625,0.021973756246363108,2026-06-18
MU260626P00575000,2026-06-17 19:55:17+00:00,575.0,1.82,0.0,0.0,0.0,0.0,15.0,595,0.500005,False,REGULAR,USD,MU,put,2026-06-26,0.021917808219178082,1.82,3.025982117005407e-17,-3.3306690738754696e-16,-1.9593413528564512e-08,1043.18994140625,0.021973756246363108,2026-06-18
MU260626P00580000,2026-06-17 19:59:24+00:00,580.0,2.0,0.0,0.0,0.0,0.0,281.0,364,0.500005,False,REGULAR,USD,MU,put,2026-06-26,0.021917808219178082,2.0,7.746992632578871e-17,-7.771561172376096e-16,-3.068748578904728e-08,1043.18994140625,0.021973756246363108,2026-06-18
MU260626P00585000,2026-06-17 19:59:30+00:00,585.0,2.0,0.0,0.0,0.0,0.0,56.0,193,0.500005,False,REGULAR,USD,MU,put,2026-06-26,0.021917808219178082,2.0,1.9410219642410664e-16,-1.887379141862766e-15,-4.076754324598017e-08,1043.18994140625,0.021973756246363108,2026-06-18
MU260626P00590000,2026-06-17 19:44:22+00:00,590.0,2.05,0.0,0.0,0.0,0.0,5615.0,5341,0.500005,False,REGULAR,USD,MU,put,2026-06-26,0.021917808219178082,2.05,4.761759582936115e-16,-4.6629367034256575e-15,-2.7676860463296608e-06,1043.18994140625,0.021973756246363108,2026-06-18
MU260626P00592500,2026-06-17 19:27:46+00:00,592.5,1.92,0.0,0.0,0.0,0.0,3.0,6,0.500005,False,REGULAR,USD,MU,put,2026-06-26,0.021917808219178082,1.92,7.400559425674143e-16,-7.327471962526033e-15,-4.832174202500079e-09,1043.18994140625,0.021973756246363108,2026-06-18
MU260626P00595000,2026-06-17 19:38:40+00:00,595.0,2.0,0.0,0.0,0.0,0.0,32.0,190,0.500005,False,REGULAR,USD,MU,put,2026-06-26,0.021917808219178082,2.0,1.144319351662711e-15,-1.1435297153639112e-14,-2.366070196340299e-07,1043.18994140625,0.021973756246363108,2026-06-18
MU260626P00597500,2026-06-17 19:27:44+00:00,597.5,1.93,0.0,0.0,0.0,0.0,29.0,15,0.500005,False,REGULAR,USD,MU,put,2026-06-26,0.021917808219178082,1.93,1.7605161025572569e-15,-1.765254609153999e-14,-2.873809939404756e-08,1043.18994140625,0.021973756246363108,2026-06-18
MU260626P00600000,2026-06-17 19:59:38+00:00,600.0,2.16,0.0,0.0,0.0,0.0,13488.0,14356,0.500005,False,REGULAR,USD,MU,put,2026-06-26,0.021917808219178082,2.16,2.6950506633366365e-15,-2.7200464103316335e-14,-4.210436919490597e-05,1043.18994140625,0.021973756246363108,2026-06-18
MU260626P00605000,2026-06-17 19:27:44+00:00,605.0,2.05,0.0,0.0,0.0,0.0,42.0,150,0.500005,False,REGULAR,USD,MU,put,2026-06-26,0.021917808219178082,2.05,6.223260773276409e-15,-6.372680161348399e-14,-1.015865099999437e-06,1043.18994140625,0.021973756246363108,2026-06-18
MU260626P00610000,2026-06-17 19:26:06+00:00,610.0,2.0,0.0,0.0,0.0,0.0,31.0,308,0.500005,False,REGULAR,USD,MU,put,2026-06-26,0.021917808219178082,2.0,1.4095692543261666e-14,-1.4654943925052066e-13,-4.724587717064572e-06,1043.18994140625,0.021973756246363108,2026-06-18
MU260626P00615000,2026-06-17 19:00:38+00:00,615.0,1.82,0.0,0.0,0.0,0.0,36.0,161,0.500005,False,REGULAR,USD,MU,put,2026-06-26,0.021917808219178082,1.82,3.132945809310628e-14,-3.304023721284466e-13,-5.4891555861639055e-06,1043.18994140625,0.021973756246363108,2026-06-18
MU260626P00617500,2026-06-17 15:47:35+00:00,617.5,1.9,0.0,0.0,0.0,0.0,2.0,7,0.500005,False,REGULAR,USD,MU,put,2026-06-26,0.021917808219178082,1.9,4.638370656459417e-14,-4.92828000631107e-13,-3.5333793967461643e-07,1043.18994140625,0.021973756246363108,2026-06-18
MU260626P00620000,2026-06-17 19:56:03+00:00,620.0,2.6,0.0,0.0,0.0,0.0,52.0,354,0.500005,False,REGULAR,USD,MU,put,2026-06-26,0.021917808219178082,2.6,6.835857333643641e-14,-7.317479955304407e-13,-2.633437611966871e-05,1043.18994140625,0.021973756246363108,2026-06-18
MU260626P00622500,2026-06-17 19:08:35+00:00,622.5,2.0,0.0,0.0,0.0,0.0,4.0,5,0.500005,False,REGULAR,USD,MU,put,2026-06-26,0.021917808219178082,2.0,1.0028978148587173e-13,-1.0815792705898275e-12,-5.45699393558857e-07,1043.18994140625,0.021973756246363108,2026-06-18
MU260626P00625000,2026-06-17 19:58:17+00:00,625.0,2.53,0.0,0.0,0.0,0.0,11411.0,10411,0.500005,False,REGULAR,USD,MU,put,2026-06-26,0.021917808219178082,2.53,1.4647969312435565e-13,-1.591504705800162e-12,-0.0016595741047519391,1043.18994140625,0.021973756246363108,2026-06-18
MU260626P00627500,2026-06-17 17:08:14+00:00,627.5,2.06,0.0,0.0,0.0,0.0,14.0,13,0.500005,False,REGULAR,USD,MU,put,2026-06-26,0.021917808219178082,2.06,2.1299813210184412e-13,-2.3315793740152913e-12,-3.0133246824069684e-06,1043.18994140625,0.021973756246363108,2026-06-18
MU260626P00630000,2026-06-17 19:33:11+00:00,630.0,2.31,0.0,0.0,0.0,0.0,40.0,216,0.500005,False,REGULAR,USD,MU,put,2026-06-26,0.021917808219178082,2.31,3.083699957666017e-13,-3.400946191334242e-12,-7.248575181379204e-05,1043.18994140625,0.021973756246363108,2026-06-18
MU260626P00635000,2026-06-17 19:57:22+00:00,635.0,2.86,0.0,0.0,0.0,0.0,76.0,236,0.500005,False,REGULAR,USD,MU,put,2026-06-26,0.021917808219178082,2.86,6.380260806097607e-13,-7.143396985043182e-12,-0.0001638616095574141,1043.18994140625,0.021973756246363108,2026-06-18
MU260626P00637500,2026-06-17 16:58:10+00:00,637.5,2.29,0.0,0.0,0.0,0.0,5.0,15,0.500005,False,REGULAR,USD,MU,put,2026-06-26,0.021917808219178082,2.29,9.119009373284377e-13,-1.02873265461767e-11,-1.4885578005451655e-05,1043.18994140625,0.021973756246363108,2026-06-18
MU260626P00640000,2026-06-17 19:57:22+00:00,640.0,2.96,0.0,0.0,0.0,0.0,129.0,300,0.500005,False,REGULAR,USD,MU,put,2026-06-26,0.021917808219178082,2.96,1.2978763392838677e-12,-1.4753309685033855e-11,-0.000423722329893422,1043.18994140625,0.021973756246363108,2026-06-18
MU260626P00642500,2026-06-17 16:58:09+00:00,642.5,2.28,0.0,0.0,0.0,0.0,86.0,76,0.500005,False,REGULAR,USD,MU,put,2026-06-26,0.021917808219178082,2.28,1.839561634107448e-12,-2.1070922784360846e-11,-0.00015214396052879483,1043.18994140625,0.021973756246363108,2026-06-18
MU260626P00645000,2026-06-17 19:50:24+00:00,645.0,2.98,0.0,0.0,0.0,0.0,38.0,221,0.500005,False,REGULAR,USD,MU,put,2026-06-26,0.021917808219178082,2.98,2.5966262403924065e-12,-2.9971025661268413e-11,-0.0006244943262512731,1043.18994140625,0.021973756246363108,2026-06-18
MU260626P00647500,2026-06-17 15:24:44+00:00,647.5,2.45,0.0,0.0,0.0,0.0,2.0,2,0.500005,False,REGULAR,USD,MU,put,2026-06-26,0.021917808219178082,2.45,3.650371387525599e-12,-4.2458481175344787e-11,-7.944998674537726e-06,1043.18994140625,0.021973756246363108,2026-06-18
MU260626P00650000,2026-06-17 19:54:14+00:00,650.0,3.16,0.0,0.0,0.0,0.0,1289.0,1479,0.500005,False,REGULAR,USD,MU,put,2026-06-26,0.021917808219178082,3.16,5.111111634481791e-12,-5.990863360949561e-11,-0.008226409464651804,1043.18994140625,0.021973756246363108,2026-06-18
MU260626P00652500,2026-06-17 19:58:13+00:00,652.5,3.18,0.0,0.0,0.0,0.0,45.0,26,0.500005,False,REGULAR,USD,MU,put,2026-06-26,0.021917808219178082,3.18,7.127912096390885e-12,-8.419664965231277e-11,-0.0002016798292279098,1043.18994140625,0.021973756246363108,2026-06-18
MU260626P00655000,2026-06-17 18:32:19+00:00,655.0,2.74,0.0,0.0,0.0,0.0,92.0,304,0.500005,False,REGULAR,USD,MU,put,2026-06-26,0.021917808219178082,2.74,9.901378560937916e-12,-1.178687147884716e-10,-0.003275638980559438,1043.18994140625,0.021973756246363108,2026-06-18
MU260626P00657500,2026-06-17 16:58:09+00:00,657.5,2.6,0.0,0.0,0.0,0.0,10.0,24,0.500005,False,REGULAR,USD,MU,put,2026-06-26,0.021917808219178082,2.6,1.3700386800696115e-11,-1.6436851879575443e-10,-0.000357825141882788,1043.18994140625,0.021973756246363108,2026-06-18
MU260626P00660000,2026-06-17 19:41:07+00:00,660.0,3.3,0.0,0.0,0.0,0.0,78.0,478,0.500005,False,REGULAR,USD,MU,put,2026-06-26,0.021917808219178082,3.3,1.8883872732695768e-11,-2.2833490653795252e-10,-0.009823036170577807,1043.18994140625,0.021973756246363108,2026-06-18
MU260626P00662500,2026-06-17 16:58:09+00:00,662.5,2.73,0.0,0.0,0.0,0.0,3.0,6,0.500005,False,REGULAR,USD,MU,put,2026-06-26,0.021917808219178082,2.73,2.59290965391781e-11,-3.159924544249293e-10,-0.000169303297472457,1043.18994140625,0.021973756246363108,2026-06-18
MU260626P00665000,2026-06-17 19:40:06+00:00,665.0,3.5,0.0,0.0,0.0,0.0,114.0,579,0.500005,False,REGULAR,USD,MU,put,2026-06-26,0.021917808219178082,3.5,3.546815310005701e-11,-4.356610627809232e-10,-0.022348270529648256,1043.18994140625,0.021973756246363108,2026-06-18
MU260626P00667500,2026-06-17 17:43:33+00:00,667.5,2.8,0.0,0.0,0.0,0.0,4.0,30,0.500005,False,REGULAR,USD,MU,put,2026-06-26,0.021917808219178082,2.8,4.833494174204204e-11,-5.984188700125515e-10,-0.001578008128378509,1043.18994140625,0.021973756246363108,2026-06-18
MU260626P00670000,2026-06-17 19:55:18+00:00,670.0,3.5,0.0,0.0,0.0,0.0,293.0,445,0.500005,False,REGULAR,USD,MU,put,2026-06-26,0.021917808219178082,3.5,6.562534624982321e-11,-8.189600109176354e-10,-0.031780329856976014,1043.18994140625,0.021973756246363108,2026-06-18
MU260626P00672500,2026-06-17 19:43:00+00:00,672.5,3.14,0.0,0.0,0.0,0.0,1.0,5,0.500005,False,REGULAR,USD,MU,put,2026-06-26,0.021917808219178082,3.14,8.877402964512779e-11,-1.1167021751745665e-09,-0.00048303958213276934,1043.18994140625,0.021973756246363108,2026-06-18
MU260626P00675000,2026-06-17 19:56:06+00:00,675.0,3.5,0.0,0.0,0.0,0.0,49.0,301,0.500005,False,REGULAR,USD,MU,put,2026-06-26,0.021917808219178082,3.5,1.1965203845964555e-10,-1.5172091361037587e-09,-0.039193439653165595,1043.18994140625,0.021973756246363108,2026-06-18
MU260626P00677500,2026-06-17 17:17:58+00:00,677.5,2.9,0.0,0.0,0.0,0.0,8.0,18,0.500005,False,REGULAR,USD,MU,put,2026-06-26,0.021917808219178082,2.9,1.6069036208447634e-10,-2.0540112943834288e-09,-0.0031476694298050484,1043.18994140625,0.021973756246363108,2026-06-18
MU260626P00680000,2026-06-17 19:59:16+00:00,680.0,4.0,0.0,0.0,0.0,0.0,41.0,422,0.500005,False,REGULAR,USD,MU,put,2026-06-26,0.021917808219178082,4.0,2.1503573139711174e-10,-2.7709274874609946e-09,-0.0987529011507583,1043.18994140625,0.021973756246363108,2026-06-18
MU260626P00682500,2026-06-17 13:52:42+00:00,682.5,3.2,0.0,0.0,0.0,0.0,1.0,7,0.500005,False,REGULAR,USD,MU,put,2026-06-26,0.021917808219178082,3.2,2.867462977023262e-10,-3.725014963151807e-09,-0.002184352082737669,1043.18994140625,0.021973756246363108,2026-06-18
MU260626P00685000,2026-06-17 19:46:26+00:00,685.0,3.8,0.0,0.0,0.0,0.0,25.0,313,0.500005,False,REGULAR,USD,MU,put,2026-06-26,0.021917808219178082,3.8,3.810364419981696e-10,-4.9903002841134025e-09,-0.12978892415878904,1043.18994140625,0.021973756246363108,2026-06-18
MU260626P00687500,2026-06-17 16:16:52+00:00,687.5,3.22,0.0,0.0,0.0,0.0,2.0,10,0.500005,False,REGULAR,USD,MU,put,2026-06-26,0.021917808219178082,3.22,5.045818631590524e-10,-6.662485452224587e-09,-0.00549108817762222,1043.18994140625,0.021973756246363108,2026-06-18
MU260626P00690000,2026-06-17 19:44:24+00:00,690.0,4.0,0.0,0.0,0.0,0.0,232.0,4794,0.500005,False,REGULAR,USD,MU,put,2026-06-26,0.021917808219178082,4.0,6.658983228255268e-10,-8.864857070634002e-09,-3.4740233448030455,1043.18994140625,0.021973756246363108,2026-06-18
MU260626P00692500,2026-06-17 19:40:24+00:00,692.5,4.0,0.0,0.0,0.0,0.0,2.0,28,0.500005,False,REGULAR,USD,MU,put,2026-06-26,0.021917808219178082,4.0,8.758100290611099e-10,-1.1755681761371761e-08,-0.02668669100722836,1043.18994140625,0.021973756246363108,2026-06-18
MU260626P00695000,2026-06-17 19:27:56+00:00,695.0,3.59,0.0,0.0,0.0,0.0,38.0,289,0.500005,False,REGULAR,USD,MU,put,2026-06-26,0.021917808219178082,3.59,1.1480266678675795e-09,-1.5537426456546655e-08,-0.3610576914818257,1043.18994140625,0.021973756246363108,2026-06-18
MU260626P00697500,2026-06-17 18:44:55+00:00,697.5,3.82,0.0,0.0,0.0,0.0,9.0,30,0.500005,False,REGULAR,USD,MU,put,2026-06-26,0.021917808219178082,3.82,1.4998515920002578e-09,-2.046821301338042e-08,-0.0489661912942623,1043.18994140625,0.021973756246363108,2026-06-18
MU260626P00700000,2026-06-17 19:59:22+00:00,700.0,4.5,0.0,0.0,0.0,0.0,456.0,2133,0.500005,False,REGULAR,USD,MU,put,2026-06-26,0.021917808219178082,4.5,1.953047703103495e-09,-2.68759954291653e-08,-4.533467307723129,1043.18994140625,0.021973756246363108,2026-06-18
MU260626P00702500,2026-06-17 19:42:04+00:00,702.5,4.5,0.0,0.0,0.0,0.0,6.0,21,0.500005,False,REGULAR,USD,MU,put,2026-06-26,0.021917808219178082,4.5,2.534892170543291e-09,-3.5176045964924185e-08,-0.05793027184598306,1043.18994140625,0.021973756246363108,2026-06-18
MU260626P00705000,2026-06-17 19:48:20+00:00,705.0,4.38,0.0,0.0,0.0,0.0,49.0,285,0.500005,False,REGULAR,USD,MU,put,2026-06-26,0.021917808219178082,4.38,3.2794563737130532e-09,-4.589244362307454e-08,-1.0171230576629866,1043.18994140625,0.021973756246363108,2026-06-18
MU260626P00707500,2026-06-15 18:40:48+00:00,707.5,4.48,0.0,0.0,0.0,0.0,7.0,10,0.500005,False,REGULAR,USD,MU,put,2026-06-26,0.021917808219178082,4.48,4.229153388855673e-09,-5.968438865355807e-08,-0.046023561032308,1043.18994140625,0.021973756246363108,2026-06-18
MU260626P00710000,2026-06-17 19:48:20+00:00,710.0,4.52,0.0,0.0,0.0,0.0,70.0,600,0.500005,False,REGULAR,USD,MU,put,2026-06-26,0.021917808219178082,4.52,5.436602019551672e-09,-7.737831386744887e-08,-3.5498138069128924,1043.18994140625,0.021973756246363108,2026-06-18
MU260626P00712500,2026-06-17 14:28:05+00:00,712.5,4.3,0.0,0.0,0.0,0.0,1.0,7,0.500005,False,REGULAR,USD,MU,put,2026-06-26,0.021917808219178082,4.3,6.9668638414097046e-09,-1.0000693018152873e-07,-0.05307159556749035,1043.18994140625,0.021973756246363108,2026-06-18
MU260626P00715000,2026-06-17 19:52:34+00:00,715.0,5.0,0.0,0.0,0.0,0.0,34.0,341,0.500005,False,REGULAR,USD,MU,put,2026-06-26,0.021917808219178082,5.0,8.900118040099034e-09,-1.2885654188110607e-07,-3.3027593246058724,1043.18994140625,0.021973756246363108,2026-06-18
MU260626P00717500,2026-06-17 19:24:14+00:00,717.5,4.17,0.0,0.0,0.0,0.0,2.0,6,0.500005,False,REGULAR,USD,MU,put,2026-06-26,0.021917808219178082,4.17,1.1334848003875587e-08,-1.6552418236059907e-07,-0.07401056726005246,1043.18994140625,0.021973756246363108,2026-06-18
MU260626P00720000,2026-06-17 19:54:50+00:00,720.0,5.2,0.0,0.0,0.0,0.0,143.0,714,0.500005,False,REGULAR,USD,MU,put,2026-06-26,0.021917808219178082,5.2,1.4391623713069617e-08,-2.119863720118076e-07,-11.18239396748547,1043.18994140625,0.021973756246363108,2026-06-18
MU260626P00722500,2026-06-17 13:55:58+00:00,722.5,5.05,0.0,0.0,0.0,0.0,1.0,10,0.500005,False,REGULAR,USD,MU,put,2026-06-26,0.021917808219178082,5.05,1.821757496241805e-08,-2.7068157937293336e-07,-0.19825189489529446,1043.18994140625,0.021973756246363108,2026-06-18
MU260626P00725000,2026-06-17 19:38:20+00:00,725.0,4.7,0.0,0.0,0.0,0.0,97.0,664,0.500005,False,REGULAR,USD,MU,put,2026-06-26,0.021917808219178082,4.7,2.2991662354250334e-08,-3.4460877984532345e-07,-16.613656776947344,1043.18994140625,0.021973756246363108,2026-06-18
MU260626P00727500,2026-06-17 17:27:08+00:00,727.5,4.3,0.0,0.0,0.0,0.0,6.0,10,0.500005,False,REGULAR,USD,MU,put,2026-06-26,0.021917808219178082,4.3,2.8930865788521502e-08,-4.3744485411778555e-07,-0.31483877384163866,1043.18994140625,0.021973756246363108,2026-06-18
MU260626P00730000,2026-06-17 19:59:30+00:00,730.0,5.54,0.0,0.0,0.0,0.0,123.0,484,0.500005,False,REGULAR,USD,MU,put,2026-06-26,0.021917808219178082,5.54,3.6297423803718e-08,-5.536839583486497e-07,-19.118241603807665,1043.18994140625,0.021973756246363108,2026-06-18
MU260626P00732500,2026-06-17 14:44:50+00:00,732.5,5.23,0.0,0.0,0.0,0.0,2.0,28,0.500005,False,REGULAR,USD,MU,put,2026-06-26,0.021917808219178082,5.23,4.5407271518410694e-08,-6.988024197074338e-07,-1.3835989361667786,1043.18994140625,0.021973756246363108,2026-06-18
MU260626P00735000,2026-06-17 19:50:00+00:00,735.0,5.7,0.0,0.0,0.0,0.0,57.0,197,0.500005,False,REGULAR,USD,MU,put,2026-06-26,0.021917808219178082,5.7,5.663983998415733e-08,-8.794531825007113e-07,-12.1426932972049,1043.18994140625,0.021973756246363108,2026-06-18
MU260626P00737500,2026-06-17 19:23:04+00:00,737.5,4.81,0.0,0.0,0.0,0.0,11.0,19,0.500005,False,REGULAR,USD,MU,put,2026-06-26,0.021917808219178082,4.81,7.044939535026168e-08,-1.1036943354802986e-06,-1.4566581824055393,1043.18994140625,0.021973756246363108,2026-06-18
MU260626P00740000,2026-06-17 19:57:14+00:00,740.0,5.91,0.0,0.0,0.0,0.0,427.0,2115,0.500005,False,REGULAR,USD,MU,put,2026-06-26,0.021917808219178082,5.91,8.737811218601925e-08,-1.381256801602504e-06,-201.11284557966675,1043.18994140625,0.021973756246363108,2026-06-18
MU260626P00742500,2026-06-17 19:03:33+00:00,742.5,4.87,0.0,0.0,0.0,0.0,5.0,12,0.500005,False,REGULAR,USD,MU,put,2026-06-26,0.021917808219178082,4.87,1.0807109139247858e-07,-1.723856865920581e-06,-1.411294227436577,1043.18994140625,0.021973756246363108,2026-06-18
MU260626P00745000,2026-06-17 19:35:35+00:00,745.0,5.4,0.0,0.0,0.0,0.0,80.0,210,0.500005,False,REGULAR,USD,MU,put,2026-06-26,0.021917808219178082,5.4,1.3329354910617908e-07,-2.1455598476771698e-06,-30.461775158593372,1043.18994140625,0.021973756246363108,2026-06-18
MU260626P00747500,2026-06-17 19:46:15+00:00,747.5,5.99,0.0,0.0,0.0,0.0,9.0,183,0.500005,False,REGULAR,USD,MU,put,2026-06-26,0.021917808219178082,5.99,1.639504185488231e-07,-2.663201893460254e-06,-32.65054246803869,1043.18994140625,0.021973756246363108,2026-06-18
MU260626P00750000,2026-06-17 19:59:54+00:00,750.0,6.65,0.0,0.0,0.0,0.0,696.0,2612,0.500005,False,REGULAR,USD,MU,put,2026-06-26,0.021917808219178082,6.65,2.0110862155938438e-07,-3.2968775739439238e-06,-571.6505736284823,1043.18994140625,0.021973756246363108,2026-06-18
MU260626P00755000,2026-06-17 19:52:15+00:00,755.0,6.72,0.0,0.0,0.0,0.0,222.0,220,0.500005,False,REGULAR,USD,MU,put,2026-06-26,0.021917808219178082,6.72,3.00161150513705e-07,-5.01245457540378e-06,-71.8627684361505,1043.18994140625,0.021973756246363108,2026-06-18
MU260626P00760000,2026-06-17 19:54:03+00:00,760.0,7.07,0.0,0.0,0.0,0.0,158.0,631,0.500005,False,REGULAR,USD,MU,put,2026-06-26,0.021917808219178082,7.07,4.4326722752544024e-07,-7.5417306707459275e-06,-304.3839610782099,1043.18994140625,0.021973756246363108,2026-06-18
MU260626P00765000,2026-06-17 19:43:24+00:00,765.0,6.91,0.0,0.0,0.0,0.0,136.0,860,0.500005,False,REGULAR,USD,MU,put,2026-06-26,0.021917808219178082,6.91,6.478094133896685e-07,-1.1231819757484551e-05,-606.2789467884219,1043.18994140625,0.021973756246363108,2026-06-18
MU260626P00770000,2026-06-17 19:40:03+00:00,770.0,7.26,0.0,0.0,0.0,0.0,409.0,759,0.500005,False,REGULAR,USD,MU,put,2026-06-26,0.021917808219178082,7.26,9.370884708792064e-07,-1.65604269725117e-05,-774.0145993825705,1043.18994140625,0.021973756246363108,2026-06-18
MU260626P00775000,2026-06-17 19:49:29+00:00,775.0,7.55,0.0,0.0,0.0,0.0,92.0,369,0.2500075,False,REGULAR,USD,MU,put,2026-06-26,0.021917808219178082,7.55,7.3845224874992e-17,-3.3306690738754696e-16,-2.965347301572985e-08,1043.18994140625,0.021973756246363108,2026-06-18
MU260626P00780000,2026-06-17 19:58:20+00:00,780.0,8.5,0.0,0.0,0.0,0.0,631.0,5111,0.2500075,False,REGULAR,USD,MU,put,2026-06-26,0.021917808219178082,8.5,2.956658019270907e-16,-1.4432899320127035e-15,-1.6444995448960223e-06,1043.18994140625,0.021973756246363108,2026-06-18
MU260626P00785000,2026-06-17 19:43:08+00:00,785.0,8.47,0.0,0.0,0.0,0.0,56.0,294,0.2500075,False,REGULAR,USD,MU,put,2026-06-26,0.021917808219178082,8.47,1.1387930646339283e-15,-5.551115123125783e-15,-3.6435012742571314e-07,1043.18994140625,0.021973756246363108,2026-06-18
MU260626P00790000,2026-06-17 19:43:08+00:00,790.0,8.87,0.0,0.0,0.0,0.0,79.0,662,0.2500075,False,REGULAR,USD,MU,put,2026-06-26,0.021917808219178082,8.87,4.2223043797528325e-15,-2.120525977034049e-14,-3.0418255884466556e-06,1043.18994140625,0.021973756246363108,2026-06-18
MU260626P00795000,2026-06-17 19:59:51+00:00,795.0,9.97,0.0,0.0,0.0,0.0,253.0,506,0.2500075,False,REGULAR,USD,MU,put,2026-06-26,0.021917808219178082,9.97,1.5080113010277563e-14,-7.749356711883593e-14,-8.303895873952801e-06,1043.18994140625,0.021973756246363108,2026-06-18
MU260626P00800000,2026-06-17 19:58:39+00:00,800.0,10.22,0.0,0.0,0.0,0.0,1081.0,11734,0.2500075,False,REGULAR,USD,MU,put,2026-06-26,0.021917808219178082,10.22,5.191500110173374e-14,-2.7278179715040096e-13,-0.0006629270391866811,1043.18994140625,0.021973756246363108,2026-06-18
MU260626P00805000,2026-06-17 19:57:42+00:00,805.0,10.6,0.0,0.0,0.0,0.0,137.0,343,0.2500075,False,REGULAR,USD,MU,put,2026-06-26,0.021917808219178082,10.6,1.7238162105463224e-13,-9.268141809570807e-13,-6.434456397060926e-05,1043.18994140625,0.021973756246363108,2026-06-18
MU260626P00810000,2026-06-17 19:32:30+00:00,810.0,8.99,0.0,0.0,0.0,0.0,423.0,3144,0.2500075,False,REGULAR,USD,MU,put,2026-06-26,0.021917808219178082,8.99,5.524199908468174e-13,-3.039457574516291e-12,-0.0018900735538913804,1043.18994140625,0.021973756246363108,2026-06-18
MU260626P00815000,2026-06-17 19:49:05+00:00,815.0,10.7,0.0,0.0,0.0,0.0,83.0,311,0.2500075,False,REGULAR,USD,MU,put,2026-06-26,0.021917808219178082,10.7,1.7095929871620506e-12,-9.630074515598608e-12,-0.0005786019572861663,1043.18994140625,0.021973756246363108,2026-06-18
MU260626P00820000,2026-06-17 19:49:13+00:00,820.0,11.3,0.0,0.0,0.0,0.0,174.0,636,0.2500075,False,REGULAR,USD,MU,put,2026-06-26,0.021917808219178082,11.3,5.112340831603762e-12,-2.949429589449437e-11,-0.0035383736908956636,1043.18994140625,0.021973756246363108,2026-06-18
MU260626P00825000,2026-06-17 19:59:46+00:00,825.0,13.45,0.0,0.0,0.0,0.0,401.0,416,0.2500075,False,REGULAR,USD,MU,put,2026-06-26,0.021917808219178082,13.45,1.4780999697888775e-11,-8.737421897109243e-11,-0.006691506751655697,1043.18994140625,0.021973756246363108,2026-06-18
MU260626P00830000,2026-06-17 19:35:17+00:00,830.0,11.0,0.0,0.0,0.0,0.0,71.0,460,0.2500075,False,REGULAR,USD,MU,put,2026-06-26,0.021917808219178082,11.0,4.134209677719138e-11,-2.505066154512292e-10,-0.02069555667693587,1043.18994140625,0.021973756246363108,2026-06-18
MU260626P00835000,2026-06-17 19:38:30+00:00,835.0,12.0,0.0,0.0,0.0,0.0,29.0,264,0.2500075,False,REGULAR,USD,MU,put,2026-06-26,0.021917808219178082,12.0,1.1192531062325773e-10,-6.954983255980096e-10,-0.03215577765089679,1043.18994140625,0.021973756246363108,2026-06-18
MU260626P00840000,2026-06-17 19:59:47+00:00,840.0,15.16,0.0,0.0,0.0,0.0,90.0,571,0.2500075,False,REGULAR,USD,MU,put,2026-06-26,0.021917808219178082,15.16,2.9345972118027194e-10,-1.870938515224907e-09,-0.1823523609481954,1043.18994140625,0.021973756246363108,2026-06-18
MU260626P00845000,2026-06-17 19:51:12+00:00,845.0,15.23,0.0,0.0,0.0,0.0,154.0,473,0.2500075,False,REGULAR,USD,MU,put,2026-06-26,0.021917808219178082,15.23,7.45564651019905e-10,-4.879220361075909e-09,-0.38377195224719607,1043.18994140625,0.021973756246363108,2026-06-18
MU260626P00850000,2026-06-17 19:59:46+00:00,850.0,16.75,0.0,0.0,0.0,0.0,1367.0,2724,0.2500075,False,REGULAR,USD,MU,put,2026-06-26,0.021917808219178082,16.75,1.8363948533130513e-09,-1.2342564970069247e-08,-5.443772306549116,1043.18994140625,0.021973756246363108,2026-06-18
MU260626P00855000,2026-06-17 19:59:53+00:00,855.0,17.44,0.0,0.0,0.0,0.0,98.0,428,0.2500075,False,REGULAR,USD,MU,put,2026-06-26,0.021917808219178082,17.44,4.387461693838468e-09,-3.030099127165897e-08,-2.0435435081230797,1043.18994140625,0.021973756246363108,2026-06-18
MU260626P00860000,2026-06-17 19:59:19+00:00,860.0,18.39,0.0,0.0,0.0,0.0,405.0,1039,0.2500075,False,REGULAR,USD,MU,put,2026-06-26,0.021917808219178082,18.39,1.0172906164165342e-08,-7.223255427124542e-08,-11.502370908216326,1043.18994140625,0.021973756246363108,2026-06-18
MU260626P00865000,2026-06-17 19:48:45+00:00,865.0,16.95,0.0,0.0,0.0,0.0,292.0,477,0.2500075,False,REGULAR,USD,MU,put,2026-06-26,0.021917808219178082,16.95,2.2902060707073043e-08,-1.6728548346556238e-07,-11.888299079980541,1043.18994140625,0.021973756246363108,2026-06-18
MU260626P00870000,2026-06-17 19:59:30+00:00,870.0,20.2,0.0,0.0,0.0,0.0,496.0,766,0.2500075,False,REGULAR,USD,MU,put,2026-06-26,0.021917808219178082,20.2,5.008537050841358e-08,-3.7657666107637766e-07,-41.75095772525957,1043.18994140625,0.021973756246363108,2026-06-18
MU260626P00875000,2026-06-17 19:51:12+00:00,875.0,20.28,0.0,0.0,0.0,0.0,539.0,522,0.2500075,False,REGULAR,USD,MU,put,2026-06-26,0.021917808219178082,20.28,1.0645319876406417e-07,-8.24395439247283e-07,-60.47223229900424,1043.18994140625,0.021973756246363108,2026-06-18
MU260626P00880000,2026-06-17 19:42:06+00:00,880.0,20.26,0.0,0.0,0.0,0.0,272.0,1993,0.2500075,False,REGULAR,USD,MU,put,2026-06-26,0.021917808219178082,20.26,2.199979030562238e-07,-1.7559761036345378e-06,-477.147465999286,1043.18994140625,0.021973756246363108,2026-06-18
MU260626P00885000,2026-06-17 19:57:00+00:00,885.0,22.5,0.0,0.0,0.0,0.0,99.0,657,0.2500075,False,REGULAR,USD,MU,put,2026-06-26,0.021917808219178082,22.5,4.422692992767423e-07,-3.6409362451639282e-06,-316.2124350713339,1043.18994140625,0.021973756246363108,2026-06-18
MU260626P00890000,2026-06-17 19:55:42+00:00,890.0,22.34,0.0,0.0,0.0,0.0,416.0,805,0.2500075,False,REGULAR,USD,MU,put,2026-06-26,0.021917808219178082,22.34,8.652785202221737e-07,-7.352357103140861e-06,-758.0163705273749,1043.18994140625,0.021973756246363108,2026-06-18
MU260626P00895000,2026-06-17 19:42:01+00:00,895.0,23.45,0.0,0.0,0.0,0.0,39.0,296,0.2500075,False,REGULAR,USD,MU,put,2026-06-26,0.021917808219178082,23.45,1.6482174432932718e-06,-1.4466514740130165e-05,-530.924783753672,1043.18994140625,0.021973756246363108,2026-06-18
MU260626P00897500,2026-06-17 19:23:05+00:00,897.5,20.1,0.0,0.0,0.0,0.0,30.0,179,0.2500075,False,REGULAR,USD,MU,put,2026-06-26,0.021917808219178082,20.1,2.2524115050613925e-06,-2.0098667135814985e-05,-438.76052728840887,1043.18994140625,0.021973756246363108,2026-06-18
MU260626P00900000,2026-06-17 19:59:58+00:00,900.0,26.1,0.0,0.0,0.0,0.0,1927.0,9715,0.2500075,False,REGULAR,USD,MU,put,2026-06-26,0.021917808219178082,26.1,3.0580694246442893e-06,-2.7747709942960164e-05,-32330.835455030207,1043.18994140625,0.021973756246363108,2026-06-18
MU260626P00902500,2026-06-17 19:51:40+00:00,902.5,25.8,0.0,0.0,0.0,0.0,11.0,44,0.12500875,False,REGULAR,USD,MU,put,2026-06-26,0.021917808219178082,25.8,6.553486364928029e-16,-1.5543122344752192e-15,-3.1379921904369804e-08,1043.18994140625,0.021973756246363108,2026-06-18
MU260626P00905000,2026-06-17 19:59:26+00:00,905.0,27.45,0.0,0.0,0.0,0.0,185.0,236,0.12500875,False,REGULAR,USD,MU,put,2026-06-26,0.021917808219178082,27.45,2.105855825657241e-15,-5.218048215738236e-15,-5.408382753856564e-07,1043.18994140625,0.021973756246363108,2026-06-18
MU260626P00907500,2026-06-17 19:22:46+00:00,907.5,21.38,0.0,0.0,0.0,0.0,34.0,242,0.12500875,False,REGULAR,USD,MU,put,2026-06-26,0.021917808219178082,21.38,6.596655894802857e-15,-1.6542323066914832e-14,-1.737264631451678e-06,1043.18994140625,0.021973756246363108,2026-06-18
MU260626P00910000,2026-06-17 19:46:42+00:00,910.0,25.59,0.0,0.0,0.0,0.0,650.0,932,0.12500875,False,REGULAR,USD,MU,put,2026-06-26,0.021917808219178082,25.59,2.014862396224559e-14,-5.140332604014475e-14,-2.0435632579444708e-05,1043.18994140625,0.021973756246363108,2026-06-18
MU260626P00912500,2026-06-17 19:48:10+00:00,912.5,26.2,0.0,0.0,0.0,0.0,21.0,60,0.12500875,False,REGULAR,USD,MU,put,2026-06-26,0.021917808219178082,26.2,6.00177703864785e-14,-1.56097357262297e-13,-3.9188432261888904e-06,1043.18994140625,0.021973756246363108,2026-06-18
MU260626P00915000,2026-06-17 19:11:30+00:00,915.0,22.25,0.0,0.0,0.0,0.0,26.0,358,0.12500875,False,REGULAR,USD,MU,put,2026-06-26,0.021917808219178082,22.25,1.7438652099145043e-13,-4.627409566637652e-13,-6.793955876203401e-05,1043.18994140625,0.021973756246363108,2026-06-18
MU260626P00917500,2026-06-17 19:16:30+00:00,917.5,22.56,0.0,0.0,0.0,0.0,37.0,66,0.12500875,False,REGULAR,USD,MU,put,2026-06-26,0.021917808219178082,22.56,4.94344151818647e-13,-1.3382628338831637e-12,-3.550586668105801e-05,1043.18994140625,0.021973756246363108,2026-06-18
MU260626P00920000,2026-06-17 19:53:02+00:00,920.0,31.5,0.0,0.0,0.0,0.0,651.0,1130,0.12500875,False,REGULAR,USD,MU,put,2026-06-26,0.021917808219178082,31.5,1.3674558931061e-12,-3.778533042009258e-12,-0.001681583945641593,1043.18994140625,0.021973756246363108,2026-06-18
MU260626P00922500,2026-06-17 18:03:30+00:00,922.5,30.85,0.0,0.0,0.0,0.0,8.0,64,0.12500875,False,REGULAR,USD,MU,put,2026-06-26,0.021917808219178082,30.85,3.691882562883657e-12,-1.0415557305520906e-11,-0.0002571311153173794,1043.18994140625,0.021973756246363108,2026-06-18
MU260626P00925000,2026-06-17 19:57:37+00:00,925.0,32.64,0.0,0.0,0.0,0.0,157.0,414,0.12500875,False,REGULAR,USD,MU,put,2026-06-26,0.021917808219178082,32.64,9.7300578994706e-12,-2.8037572263883703e-11,-0.004383717382121551,1043.18994140625,0.021973756246363108,2026-06-18
MU260626P00927500,2026-06-17 19:57:37+00:00,927.5,33.32,0.0,0.0,0.0,0.0,40.0,137,0.12500875,False,REGULAR,USD,MU,put,2026-06-26,0.021917808219178082,33.32,2.503787897990882e-11,-7.37188088351104e-11,-0.0037328873563948657,1043.18994140625,0.021973756246363108,2026-06-18
MU260626P00930000,2026-06-17 19:54:50+00:00,930.0,34.1,0.0,0.0,0.0,0.0,327.0,773,0.12500875,False,REGULAR,USD,MU,put,2026-06-26,0.021917808219178082,34.1,6.291801130471521e-11,-1.893575296563199e-10,-0.05292748561331775,1043.18994140625,0.021973756246363108,2026-06-18
MU260626P00935000,2026-06-17 19:56:34+00:00,935.0,35.05,0.0,0.0,0.0,0.0,64.0,168,0.12500875,False,REGULAR,USD,MU,put,2026-06-26,0.021917808219178082,35.05,3.70284130436681e-10,-1.1658357612631676e-09,-0.06769727118405344,1043.18994140625,0.021973756246363108,2026-06-18
MU260626P00940000,2026-06-17 19:57:59+00:00,940.0,37.06,0.0,0.0,0.0,0.0,458.0,632,0.12500875,False,REGULAR,USD,MU,put,2026-06-26,0.021917808219178082,37.06,1.9862159047981833e-09,-6.5538112714591534e-09,-1.3660616999208555,1043.18994140625,0.021973756246363108,2026-06-18
MU260626P00945000,2026-06-17 19:55:42+00:00,945.0,36.5,0.0,0.0,0.0,0.0,311.0,800,0.12500875,False,REGULAR,USD,MU,put,2026-06-26,0.021917808219178082,36.5,9.724508322879938e-09,-3.369265122454834e-08,-8.466120022728276,1043.18994140625,0.021973756246363108,2026-06-18
MU260626P00950000,2026-06-17 19:59:53+00:00,950.0,40.22,0.0,0.0,0.0,0.0,1521.0,2717,0.12500875,False,REGULAR,USD,MU,put,2026-06-26,0.021917808219178082,40.22,4.3517654698868953e-08,-1.586500599781715e-07,-128.671363179043,1043.18994140625,0.021973756246363108,2026-06-18
MU260626P00955000,2026-06-17 19:55:25+00:00,955.0,40.13,0.0,0.0,0.0,0.0,104.0,475,0.12500875,False,REGULAR,USD,MU,put,2026-06-26,0.021917808219178082,40.13,1.7824411785340003e-07,-6.853080088964347e-07,-92.13732475840476,1043.18994140625,0.021973756246363108,2026-06-18
MU260626P00960000,2026-06-17 19:55:25+00:00,960.0,41.81,0.0,0.0,0.0,0.0,426.0,880,0.12500875,False,REGULAR,USD,MU,put,2026-06-26,0.021917808219178082,41.81,6.691151053751925e-07,-2.7198690302210338e-06,-640.7819771801204,1043.18994140625,0.021973756246363108,2026-06-18
MU260626P00965000,2026-06-17 19:49:06+00:00,965.0,40.5,0.0,0.0,0.0,0.0,106.0,445,0.12500875,False,REGULAR,USD,MU,put,2026-06-26,0.021917808219178082,40.5,2.3051297664662115e-06,-9.933547192031433e-06,-1116.3032049012259,1043.18994140625,0.021973756246363108,2026-06-18
MU260626P00970000,2026-06-17 19:58:30+00:00,970.0,47.15,0.0,0.0,0.0,0.0,89.0,731,0.12500875,False,REGULAR,USD,MU,put,2026-06-26,0.021917808219178082,47.15,7.297281830784971e-06,-3.343769677155439e-05,-5805.040824725663,1043.18994140625,0.021973756246363108,2026-06-18
MU260626P00975000,2026-06-17 19:59:41+00:00,975.0,50.0,0.0,0.0,0.0,0.0,54.0,385,0.062509375,False,REGULAR,USD,MU,put,2026-06-26,0.021917808219178082,50.0,5.1493550749867045e-14,-6.59472476627343e-14,-2.1574480699882664e-05,1043.18994140625,0.021973756246363108,2026-06-18
MU260626P00980000,2026-06-17 19:56:00+00:00,980.0,50.0,0.0,0.0,0.0,0.0,174.0,646,0.062509375,False,REGULAR,USD,MU,put,2026-06-26,0.021917808219178082,50.0,2.647037775731736e-12,-3.654965219368478e-12,-0.0018608845873483225,1043.18994140625,0.021973756246363108,2026-06-18
MU260626P00985000,2026-06-17 19:58:08+00:00,985.0,52.65,0.0,0.0,0.0,0.0,58.0,500,0.062509375,False,REGULAR,USD,MU,put,2026-06-26,0.021917808219178082,52.65,9.848977857036165e-11,-1.473431376908252e-10,-0.05359051704102463,1043.18994140625,0.021973756246363108,2026-06-18
MU260626P00990000,2026-06-17 19:58:08+00:00,990.0,54.55,0.0,0.0,0.0,0.0,133.0,585,0.062509375,False,REGULAR,USD,MU,put,2026-06-26,0.021917808219178082,54.55,2.6652161769273995e-09,-4.347008530913854e-09,-1.696739180191741,1043.18994140625,0.021973756246363108,2026-06-18
MU260626P00995000,2026-06-17 19:59:42+00:00,995.0,58.11,0.0,0.0,0.0,0.0,65.0,156,0.062509375,False,REGULAR,USD,MU,put,2026-06-26,0.021917808219178082,58.11,5.2702630803946836e-08,-9.43968735400702e-08,-8.947128502707079,1043.18994140625,0.021973756246363108,2026-06-18
MU260626P01000000,2026-06-17 19:59:56+00:00,1000.0,59.91,0.0,0.0,0.0,0.0,4910.0,4521,0.062509375,False,REGULAR,USD,MU,put,2026-06-26,0.021917808219178082,59.91,7.650709094455548e-07,-1.5177603102101145e-06,-3764.115817794111,1043.18994140625,0.021973756246363108,2026-06-18
MU260626P01005000,2026-06-17 19:47:03+00:00,1005.0,55.8,0.0,0.0,0.0,0.0,28.0,115,0.062509375,False,REGULAR,USD,MU,put,2026-06-26,0.021917808219178082,55.8,8.190587978376865e-06,-1.8180918399557378e-05,-1025.0373767776982,1043.18994140625,0.021973756246363108,2026-06-18
MU260626P01010000,2026-06-17 19:56:05+00:00,1010.0,62.56,0.0,0.0,0.0,0.0,257.0,249,0.0312596875,False,REGULAR,USD,MU,put,2026-06-26,0.021917808219178082,62.56,5.345965414427773e-13,-3.5293989952833726e-13,-0.00014486126508863852,1043.18994140625,0.021973756246363108,2026-06-18
MU260626P01015000,2026-06-17 19:58:59+00:00,1015.0,67.0,0.0,0.0,0.0,0.0,165.0,145,0.0312596875,False,REGULAR,USD,MU,put,2026-06-26,0.021917808219178082,67.0,6.417344536560147e-10,-4.943524478662198e-10,-0.1012628486464706,1043.18994140625,0.021973756246363108,2026-06-18
MU260626P01020000,2026-06-17 19:59:39+00:00,1020.0,69.38,0.0,0.0,0.0,0.0,179.0,411,0.0312596875,False,REGULAR,USD,MU,put,2026-06-26,0.021917808219178082,69.38,2.4026355682979576e-07,-2.2160315749086834e-07,-107.46239258669867,1043.18994140625,0.021973756246363108,2026-06-18
MU260626P01025000,2026-06-17 19:59:04+00:00,1025.0,71.75,0.0,0.0,0.0,0.0,576.0,288,0.0312596875,False,REGULAR,USD,MU,put,2026-06-26,0.021917808219178082,71.75,2.853427852783361e-05,-3.2653812899963164e-05,-8943.06043583494,1043.18994140625,0.021973756246363108,2026-06-18
MU260626P01030000,2026-06-17 19:56:14+00:00,1030.0,73.0,0.0,0.0,0.0,0.0,260.0,434,0.015634843750000002,False,REGULAR,USD,MU,put,2026-06-26,0.021917808219178082,73.0,5.2177487194344944e-09,-2.086397055123257e-09,-2.4643345813952844,1043.18994140625,0.021973756246363108,2026-06-18
MU260626P01035000,2026-06-17 19:56:06+00:00,1035.0,74.55,0.0,0.0,0.0,0.0,197.0,122,0.015634843750000002,False,REGULAR,USD,MU,put,2026-06-26,0.021917808219178082,74.55,0.0001279527105354972,-7.683458067575533e-05,-16987.75945483307,1043.18994140625,0.021973756246363108,2026-06-18
MU260626P01040000,2026-06-17 19:59:53+00:00,1040.0,79.3,0.0,0.0,0.0,0.0,417.0,617,0.0039162109375,False,REGULAR,USD,MU,put,2026-06-26,0.021917808219178082,79.3,6.22404983836727e-11,-5.427325255880078e-12,-0.041791215936395315,1043.18994140625,0.021973756246363108,2026-06-18
MU260626P01280000,2026-05-13 19:52:32+00:00,1280.0,488.55,246.45,257.85,0.0,0.0,0.0,2,1.2004434509277342,True,REGULAR,USD,MU,put,2026-06-26,0.021917808219178082,252.15,0.0012304233926904522,-0.8548159101454521,-2678.004834645691,1043.18994140625,0.021973756246363108,2026-06-18
MU260626P01290000,2026-05-12 15:07:09+00:00,1290.0,550.69,254.55,266.8,0.0,0.0,0.0,2,1.191959606628418,True,REGULAR,USD,MU,put,2026-06-26,0.021917808219178082,260.675,0.0011701536706784953,-0.8665436355019804,-2546.828356784807,1043.18994140625,0.021973756246363108,2026-06-18
MU260626P01330000,2026-05-12 15:08:42+00:00,1330.0,590.62,288.6,301.45,0.0,0.0,0.0,1,1.1312299298095703,True,REGULAR,USD,MU,put,2026-06-26,0.021917808219178082,295.025,0.0009039667636638876,-0.9133015084329552,-983.7375401964329,1043.18994140625,0.021973756246363108,2026-06-18
MU260626P01340000,2026-05-13 19:52:49+00:00,1340.0,546.85,299.7,310.35,0.0,0.0,0.0,1,1.15625421875,True,REGULAR,USD,MU,put,2026-06-26,0.021917808219178082,305.025,0.0008716458609700287,-0.9149683383259767,-948.5644712396552,1043.18994140625,0.021973756246363108,2026-06-18
MU260626P01360000,2026-05-12 15:17:12+00:00,1360.0,633.65,316.95,328.8,0.0,0.0,0.0,1,1.1223188415527345,True,REGULAR,USD,MU,put,2026-06-26,0.021917808219178082,322.875,0.0007385660421555454,-0.9341906437102372,-803.7409900314194,1043.18994140625,0.021973756246363108,2026-06-18
MU260626P01380000,2026-05-12 15:17:42+00:00,1380.0,650.34,336.85,347.1,0.0,0.0,0.0,1,1.128056117553711,True,REGULAR,USD,MU,put,2026-06-26,0.021917808219178082,341.975,0.0006503677060379897,-0.9437039221163392,-707.7595693539187,1043.18994140625,0.021973756246363108,2026-06-18
MU260626P01390000,2026-05-12 15:18:13+00:00,1390.0,661.18,343.7,355.9,0.0,0.0,0.0,2,1.0323534710693363,True,REGULAR,USD,MU,put,2026-06-26,0.021917808219178082,349.79999999999995,0.0004989295954491718,-0.9637371202507093,-1085.9155285068964,1043.18994140625,0.021973756246363108,2026-06-18
MU260626P01410000,2026-05-12 15:19:15+00:00,1410.0,679.46,362.3,374.45,0.0,0.0,0.0,2,0.9614261669921874,True,REGULAR,USD,MU,put,2026-06-26,0.021917808219178082,368.375,0.0003357056431373125,-0.9793019786667932,-730.6601456704734,1043.18994140625,0.021973756246363108,2026-06-18
MU260626P01420000,2026-05-12 15:19:31+00:00,1420.0,687.17,371.2,383.8,0.0,0.0,0.0,1,0.8708509008789063,True,REGULAR,USD,MU,put,2026-06-26,0.021917808219178082,377.5,0.00020083293560581043,-0.9898455496430181,-218.55548899002193,1043.18994140625,0.021973756246363108,2026-06-18
MU260626P01450000,2026-05-12 18:41:24+00:00,1450.0,702.35,399.65,412.1,0.0,0.0,0.0,1,1.2833287786865233,True,REGULAR,USD,MU,put,2026-06-26,0.021917808219178082,405.875,0.0005301308458026141,-0.9488192876382492,-576.9123768648041,1043.18994140625,0.021973756246363108,2026-06-18
MU260626P01520000,2026-05-15 15:34:44+00:00,1520.0,782.37,467.0,479.6,0.0,0.0,2.0,1,1.2652624627685547,True,REGULAR,USD,MU,put,2026-06-26,0.021917808219178082,473.3,0.0003286829043048788,-0.972012090879574,-357.68761063180443,1043.18994140625,0.021973756246363108,2026-06-18
MU260626P01530000,2026-05-12 17:14:32+00:00,1530.0,802.19,476.25,488.85,0.0,0.0,0.0,1,1.2192421850585937,True,REGULAR,USD,MU,put,2026-06-26,0.021917808219178082,482.55,0.0002717578795366025,-0.9786500127836155,-295.7392226023671,1043.18994140625,0.021973756246363108,2026-06-18
MU260626P01560000,2026-05-14 19:55:10+00:00,1560.0,781.35,506.45,518.5,0.0,0.0,0.0,0,1.2334022705078125,True,REGULAR,USD,MU,put,2026-06-26,0.021917808219178082,512.475,0.0002272264040506886,-0.982468208277516,-0.0,1043.18994140625,0.021973756246363108,2026-06-18
MU260702C01045000,2026-06-17 19:56:45+00:00,1045.0,97.92,0.0,0.0,0.0,0.0,45.0,59,0.00196310546875,False,REGULAR,USD,MU,call,2026-07-02,0.038356164383561646,97.92,0.8696364202114313,0.3021021564058344,55836284.70540178,1043.18994140625,0.021973756246363108,2026-06-18
MU260702C01050000,2026-06-17 19:56:45+00:00,1050.0,96.3,0.0,0.0,0.0,0.0,150.0,353,0.007822421875,False,REGULAR,USD,MU,call,2026-07-02,0.038356164383561646,96.3,0.0012900284604570463,0.0005870736128821441,495565.1743471377,1043.18994140625,0.021973756246363108,2026-06-18
MU260702C01055000,2026-06-17 19:59:41+00:00,1055.0,91.9,0.0,0.0,0.0,0.0,53.0,42,0.015634843750000002,False,REGULAR,USD,MU,call,2026-07-02,0.038356164383561646,91.9,0.0008111400267504801,0.0007520720183537561,37074.20994143687,1043.18994140625,0.021973756246363108,2026-06-18
MU260702C01060000,2026-06-17 19:57:16+00:00,1060.0,90.0,0.0,0.0,0.0,0.0,130.0,222,0.015634843750000002,False,REGULAR,USD,MU,call,2026-07-02,0.038356164383561646,90.0,1.8320960476194214e-06,1.1908922229047596e-06,442.6169019095357,1043.18994140625,0.021973756246363108,2026-06-18
MU260702C01065000,2026-06-17 19:39:45+00:00,1065.0,96.88,0.0,0.0,0.0,0.0,43.0,88,0.0312596875,False,REGULAR,USD,MU,call,2026-07-02,0.038356164383561646,96.88,0.0004715588721246997,0.0008856247503824459,45159.10999609838,1043.18994140625,0.021973756246363108,2026-06-18
MU260702C01070000,2026-06-17 19:50:00+00:00,1070.0,90.0,0.0,0.0,0.0,0.0,64.0,211,0.0312596875,False,REGULAR,USD,MU,call,2026-07-02,0.038356164383561646,90.0,3.2190618691630034e-05,4.987559170799296e-05,7391.601770046556,1043.18994140625,0.021973756246363108,2026-06-18
MU260702C01075000,2026-06-17 19:53:07+00:00,1075.0,84.45,0.0,0.0,0.0,0.0,186.0,221,0.0312596875,False,REGULAR,USD,MU,call,2026-07-02,0.038356164383561646,84.45,1.2443045935370101e-06,1.6380938863025552e-06,299.25799358587267,1043.18994140625,0.021973756246363108,2026-06-18
MU260702C01080000,2026-06-17 19:59:39+00:00,1080.0,81.65,0.0,0.0,0.0,0.0,158.0,448,0.0312596875,False,REGULAR,USD,MU,call,2026-07-02,0.038356164383561646,81.65,2.745295153230072e-08,3.1395142499944035e-08,13.38424380573621,1043.18994140625,0.021973756246363108,2026-06-18
MU260702C01085000,2026-06-17 19:58:46+00:00,1085.0,80.25,0.0,0.0,0.0,0.0,47.0,95,0.0312596875,False,REGULAR,USD,MU,call,2026-07-02,0.038356164383561646,80.25,3.484324478943366e-10,3.5211486167334417e-10,0.036022095982332074,1043.18994140625,0.021973756246363108,2026-06-18
MU260702C01090000,2026-06-17 19:52:47+00:00,1090.0,79.44,0.0,0.0,0.0,0.0,84.0,182,0.062509375,False,REGULAR,USD,MU,call,2026-07-02,0.038356164383561646,79.44,8.017655522869489e-05,0.00027613812893962904,15879.819536993022,1043.18994140625,0.021973756246363108,2026-06-18
MU260702C01095000,2026-06-17 19:59:54+00:00,1095.0,75.75,0.0,0.0,0.0,0.0,22.0,123,0.062509375,False,REGULAR,USD,MU,call,2026-07-02,0.038356164383561646,75.75,2.0554826851244893e-05,6.46283546732007e-05,2751.3492100457943,1043.18994140625,0.021973756246363108,2026-06-18
MU260702C01100000,2026-06-17 19:59:54+00:00,1100.0,73.9,0.0,0.0,0.0,0.0,969.0,1460,0.062509375,False,REGULAR,USD,MU,call,2026-07-02,0.038356164383561646,73.9,4.615214243785835e-06,1.3345272835607739e-05,7332.8280946071645,1043.18994140625,0.021973756246363108,2026-06-18
MU260702C01105000,2026-06-17 19:59:41+00:00,1105.0,72.3,0.0,0.0,0.0,0.0,225.0,103,0.062509375,False,REGULAR,USD,MU,call,2026-07-02,0.038356164383561646,72.3,9.092360296167544e-07,2.4332982369743755e-06,101.9155947676747,1043.18994140625,0.021973756246363108,2026-06-18
MU260702C01110000,2026-06-17 19:59:41+00:00,1110.0,70.0,0.0,0.0,0.0,0.0,164.0,213,0.062509375,False,REGULAR,USD,MU,call,2026-07-02,0.038356164383561646,70.0,1.574526669611624e-07,3.9214766278413494e-07,36.496936033185975,1043.18994140625,0.021973756246363108,2026-06-18
MU260702C01115000,2026-06-17 18:02:46+00:00,1115.0,71.9,0.0,0.0,0.0,0.0,5.0,44,0.062509375,False,REGULAR,USD,MU,call,2026-07-02,0.038356164383561646,71.9,2.400938028452781e-08,5.591945424782568e-08,1.149636142271996,1043.18994140625,0.021973756246363108,2026-06-18
MU260702C01120000,2026-06-17 19:40:42+00:00,1120.0,74.78,0.0,0.0,0.0,0.0,124.0,243,0.062509375,False,REGULAR,USD,MU,call,2026-07-02,0.038356164383561646,74.78,3.2294284310109685e-09,7.063901026520901e-09,0.8540016695360355,1043.18994140625,0.021973756246363108,2026-06-18
MU260702C01125000,2026-06-17 19:28:01+00:00,1125.0,84.0,0.0,0.0,0.0,0.0,17.0,32,0.062509375,False,REGULAR,USD,MU,call,2026-07-02,0.038356164383561646,84.0,3.8382032507630056e-10,7.914638280638278e-10,0.013366100707068777,1043.18994140625,0.021973756246363108,2026-06-18
MU260702C01130000,2026-06-17 19:59:30+00:00,1130.0,64.3,0.0,0.0,0.0,0.0,23.0,417,0.062509375,False,REGULAR,USD,MU,call,2026-07-02,0.038356164383561646,64.3,4.037564636239969e-11,7.87550262321878e-11,0.018322398503947908,1043.18994140625,0.021973756246363108,2026-06-18
MU260702C01135000,2026-06-17 18:08:44+00:00,1135.0,64.45,0.0,0.0,0.0,0.0,3.0,119,0.062509375,False,REGULAR,USD,MU,call,2026-07-02,0.038356164383561646,64.45,3.76547621028275e-12,6.968768443007174e-12,0.00048763363210523573,1043.18994140625,0.021973756246363108,2026-06-18
MU260702C01140000,2026-06-17 19:54:23+00:00,1140.0,62.37,0.0,0.0,0.0,0.0,38.0,341,0.062509375,False,REGULAR,USD,MU,call,2026-07-02,0.038356164383561646,62.37,3.118438755000686e-13,5.490900141779784e-13,0.00011572265255232771,1043.18994140625,0.021973756246363108,2026-06-18
MU260702C01150000,2026-06-17 19:58:48+00:00,1150.0,58.12,0.0,0.0,0.0,0.0,175.0,571,0.12500875,False,REGULAR,USD,MU,call,2026-07-02,0.038356164383561646,58.12,7.579291444557276e-06,4.679484490011794e-05,4709.681054935831,1043.18994140625,0.021973756246363108,2026-06-18
MU260702C01160000,2026-06-17 19:47:36+00:00,1160.0,61.53,0.0,0.0,0.0,0.0,33.0,251,0.12500875,False,REGULAR,USD,MU,call,2026-07-02,0.038356164383561646,61.53,1.7884358262746907e-06,1.0208646886791546e-05,488.5104567399702,1043.18994140625,0.021973756246363108,2026-06-18
MU260702C01170000,2026-06-17 19:48:16+00:00,1170.0,58.28,0.0,0.0,0.0,0.0,35.0,131,0.12500875,False,REGULAR,USD,MU,call,2026-07-02,0.038356164383561646,58.28,3.7764615448512994e-07,2.004807447389687e-06,53.83728421822034,1043.18994140625,0.021973756246363108,2026-06-18
MU260702C01180000,2026-06-17 19:18:53+00:00,1180.0,62.0,0.0,0.0,0.0,0.0,25.0,294,0.12500875,False,REGULAR,USD,MU,call,2026-07-02,0.038356164383561646,62.0,7.15713325843884e-08,3.55188634060414e-07,22.89882592104881,1043.18994140625,0.021973756246363108,2026-06-18
MU260702C01190000,2026-06-17 19:39:04+00:00,1190.0,55.5,0.0,0.0,0.0,0.0,7.0,175,0.12500875,False,REGULAR,USD,MU,call,2026-07-02,0.038356164383561646,55.5,1.2208742256742968e-08,5.689724799934617e-08,2.325068517868744,1043.18994140625,0.021973756246363108,2026-06-18
MU260702C01200000,2026-06-17 19:59:59+00:00,1200.0,45.35,0.0,0.0,0.0,0.0,531.0,932,0.12500875,False,REGULAR,USD,MU,call,2026-07-02,0.038356164383561646,45.35,1.879652593126068e-09,8.25922536721783e-09,1.90642744845012,1043.18994140625,0.021973756246363108,2026-06-18
MU260702C01210000,2026-06-17 19:49:32+00:00,1210.0,45.1,0.0,0.0,0.0,0.0,72.0,221,0.12500875,False,REGULAR,USD,MU,call,2026-07-02,0.038356164383561646,45.1,2.618901759910062e-10,1.0888598206812888e-09,0.062985163772594,1043.18994140625,0.021973756246363108,2026-06-18
MU260702C01220000,2026-06-17 19:27:23+00:00,1220.0,54.0,0.0,0.0,0.0,0.0,20.0,179,0.12500875,False,REGULAR,USD,MU,call,2026-07-02,0.038356164383561646,54.0,3.310703971923986e-11,1.306625731868817e-10,0.006449115612990997,1043.18994140625,0.021973756246363108,2026-06-18
MU260702C01230000,2026-06-17 18:48:57+00:00,1230.0,51.0,0.0,0.0,0.0,0.0,12.0,158,0.12500875,False,REGULAR,USD,MU,call,2026-07-02,0.038356164383561646,51.0,3.806899065542246e-12,1.4303035927572985e-11,0.0006545686947147582,1043.18994140625,0.021973756246363108,2026-06-18
MU260702C01240000,2026-06-17 18:24:37+00:00,1240.0,39.0,0.0,0.0,0.0,0.0,7.0,94,0.12500875,False,REGULAR,USD,MU,call,2026-07-02,0.038356164383561646,39.0,3.991440338997429e-13,1.4313326215476902e-12,4.083046044647433e-05,1043.18994140625,0.021973756246363108,2026-06-18
MU260702C01250000,2026-06-17 19:57:30+00:00,1250.0,34.85,0.0,0.0,0.0,0.0,195.0,387,0.12500875,False,REGULAR,USD,MU,call,2026-07-02,0.038356164383561646,34.85,3.8249067442506266e-14,1.3122300332204035e-13,1.610862968400535e-05,1043.18994140625,0.021973756246363108,2026-06-18
MU260702C01260000,2026-06-17 19:59:06+00:00,1260.0,33.35,0.0,0.0,0.0,0.0,6.0,168,0.12500875,False,REGULAR,USD,MU,call,2026-07-02,0.038356164383561646,33.35,3.3576859618650726e-15,1.1044369329016103e-14,6.138696164029605e-07,1043.18994140625,0.021973756246363108,2026-06-18
MU260702C01270000,2026-06-17 17:59:11+00:00,1270.0,35.25,0.0,0.0,0.0,0.0,14.0,160,0.2500075,False,REGULAR,USD,MU,call,2026-07-02,0.038356164383561646,35.25,3.0460307873960113e-06,3.713648244447721e-05,530.3725675949229,1043.18994140625,0.021973756246363108,2026-06-18
MU260702C01280000,2026-06-17 19:17:11+00:00,1280.0,39.0,0.0,0.0,0.0,0.0,24.0,186,0.2500075,False,REGULAR,USD,MU,call,2026-07-02,0.038356164383561646,39.0,1.5941343832836457e-06,1.875129702253584e-05,322.674506849348,1043.18994140625,0.021973756246363108,2026-06-18
MU260702C01290000,2026-06-17 18:37:02+00:00,1290.0,33.0,0.0,0.0,0.0,0.0,12.0,174,0.2500075,False,REGULAR,USD,MU,call,2026-07-02,0.038356164383561646,33.0,8.175043921959663e-07,9.290701571244829e-06,154.79827781689653,1043.18994140625,0.021973756246363108,2026-06-18
MU260702C01300000,2026-06-17 19:58:13+00:00,1300.0,27.75,0.0,0.0,0.0,0.0,586.0,1414,0.2500075,False,REGULAR,USD,MU,call,2026-07-02,0.038356164383561646,27.75,4.11008506735194e-07,4.518896901858753e-06,632.4511722403057,1043.18994140625,0.021973756246363108,2026-06-18
MU260702C01310000,2026-06-17 19:02:24+00:00,1310.0,32.9,0.0,0.0,0.0,0.0,108.0,148,0.2500075,False,REGULAR,USD,MU,call,2026-07-02,0.038356164383561646,32.9,2.026850551606527e-07,2.1585421561850977e-06,32.644515297161306,1043.18994140625,0.021973756246363108,2026-06-18
MU260702C01320000,2026-06-17 19:35:34+00:00,1320.0,31.01,0.0,0.0,0.0,0.0,20.0,329,0.2500075,False,REGULAR,USD,MU,call,2026-07-02,0.038356164383561646,31.01,9.808697571857673e-08,1.0129953311052915e-06,35.11834362502733,1043.18994140625,0.021973756246363108,2026-06-18
MU260702C01330000,2026-06-17 18:11:05+00:00,1330.0,25.51,0.0,0.0,0.0,0.0,4.0,65,0.2500075,False,REGULAR,USD,MU,call,2026-07-02,0.038356164383561646,25.51,4.660389584197636e-08,4.6724515662597493e-07,3.296570449965344,1043.18994140625,0.021973756246363108,2026-06-18
MU260702C01340000,2026-06-17 19:31:45+00:00,1340.0,29.74,0.0,0.0,0.0,0.0,33.0,116,0.2500075,False,REGULAR,USD,MU,call,2026-07-02,0.038356164383561646,29.74,2.1749595941110848e-08,2.119049889436933e-07,2.7455917685069817,1043.18994140625,0.021973756246363108,2026-06-18
MU260702C01350000,2026-06-17 19:59:27+00:00,1350.0,21.25,0.0,0.0,0.0,0.0,75.0,315,0.2500075,False,REGULAR,USD,MU,call,2026-07-02,0.038356164383561646,21.25,9.974463583170196e-09,9.452831961893755e-08,3.4192187360403516,1043.18994140625,0.021973756246363108,2026-06-18
MU260702C01360000,2026-06-17 19:51:43+00:00,1360.0,20.8,0.0,0.0,0.0,0.0,4.0,69,0.2500075,False,REGULAR,USD,MU,call,2026-07-02,0.038356164383561646,20.8,4.4970036295394866e-09,4.1492463007867815e-08,0.337675157091452,1043.18994140625,0.021973756246363108,2026-06-18
MU260702C01370000,2026-06-16 15:52:05+00:00,1370.0,21.2,0.0,0.0,0.0,0.0,14.0,115,0.2500075,False,REGULAR,USD,MU,call,2026-07-02,0.038356164383561646,21.2,1.9940362163758926e-09,1.792758886261146e-08,0.24955005157501833,1043.18994140625,0.021973756246363108,2026-06-18
MU260702C01380000,2026-06-17 19:22:00+00:00,1380.0,22.53,0.0,0.0,0.0,0.0,3.0,121,0.2500075,False,REGULAR,USD,MU,call,2026-07-02,0.038356164383561646,22.53,8.69950916398936e-10,7.627382513769969e-09,0.11455311465840934,1043.18994140625,0.021973756246363108,2026-06-18
MU260702C01390000,2026-06-17 19:43:35+00:00,1390.0,19.55,0.0,0.0,0.0,0.0,5.0,120,0.2500075,False,REGULAR,USD,MU,call,2026-07-02,0.038356164383561646,19.55,3.735763087934301e-10,3.19655692551233e-09,0.04878511739948297,1043.18994140625,0.021973756246363108,2026-06-18
MU260702C01400000,2026-06-17 19:59:49+00:00,1400.0,15.55,0.0,0.0,0.0,0.0,113.0,1100,0.2500075,False,REGULAR,USD,MU,call,2026-07-02,0.038356164383561646,15.55,1.5796216272891506e-10,1.3200538796740025e-09,0.18909173126558973,1043.18994140625,0.021973756246363108,2026-06-18
MU260702C01410000,2026-06-16 18:01:47+00:00,1410.0,18.11,0.0,0.0,0.0,0.0,18.0,172,0.2500075,False,REGULAR,USD,MU,call,2026-07-02,0.038356164383561646,18.11,6.579270944225536e-11,5.373397234659435e-10,0.012314959851629535,1043.18994140625,0.021973756246363108,2026-06-18
MU260702C01420000,2026-06-17 18:51:40+00:00,1420.0,19.4,0.0,0.0,0.0,0.0,9.0,90,0.2500075,False,REGULAR,USD,MU,call,2026-07-02,0.038356164383561646,19.4,2.7002927633588697e-11,2.1567354131515828e-10,0.002644722705360568,1043.18994140625,0.021973756246363108,2026-06-18
MU260702C01430000,2026-06-17 18:47:11+00:00,1430.0,18.1,0.0,0.0,0.0,0.0,4.0,66,0.2500075,False,REGULAR,USD,MU,call,2026-07-02,0.038356164383561646,18.1,1.0924599311814356e-11,8.538366677840471e-11,0.0007846504611863141,1043.18994140625,0.021973756246363108,2026-06-18
MU260702C01440000,2026-06-17 18:09:10+00:00,1440.0,14.15,0.0,0.0,0.0,0.0,4.0,109,0.2500075,False,REGULAR,USD,MU,call,2026-07-02,0.038356164383561646,14.15,4.358237403726821e-12,3.335177760539091e-11,0.0005169685975040997,1043.18994140625,0.021973756246363108,2026-06-18
MU260702C01450000,2026-06-17 19:53:36+00:00,1450.0,13.6,0.0,0.0,0.0,0.0,33.0,168,0.2500075,False,REGULAR,USD,MU,call,2026-07-02,0.038356164383561646,13.6,1.7150315634311494e-12,1.2857678996131608e-11,0.00031355099313029676,1043.18994140625,0.021973756246363108,2026-06-18
MU260702C01460000,2026-06-17 19:32:44+00:00,1460.0,16.0,0.0,0.0,0.0,0.0,2.0,105,0.2500075,False,REGULAR,USD,MU,call,2026-07-02,0.038356164383561646,16.0,6.659330289731654e-13,4.893681508294327e-12,7.609333810709238e-05,1043.18994140625,0.021973756246363108,2026-06-18
MU260702C01470000,2026-06-17 17:12:58+00:00,1470.0,12.0,0.0,0.0,0.0,0.0,6.0,173,0.2500075,False,REGULAR,USD,MU,call,2026-07-02,0.038356164383561646,12.0,2.552253634284913e-13,1.8393547329585746e-12,4.805036774153499e-05,1043.18994140625,0.021973756246363108,2026-06-18
MU260702C01480000,2026-06-17 19:49:13+00:00,1480.0,12.3,0.0,0.0,0.0,0.0,14.0,58,0.2500075,False,REGULAR,USD,MU,call,2026-07-02,0.038356164383561646,12.3,9.657972992626551e-14,6.829299791767757e-13,6.095941097208233e-06,1043.18994140625,0.021973756246363108,2026-06-18
MU260702C01490000,2026-06-17 18:06:40+00:00,1490.0,10.0,0.0,0.0,0.0,0.0,2.0,100,0.2500075,False,REGULAR,USD,MU,call,2026-07-02,0.038356164383561646,10.0,3.6095045202208364e-14,2.5054694275008145e-13,3.92802616288469e-06,1043.18994140625,0.021973756246363108,2026-06-18
MU260702C01500000,2026-06-17 19:59:53+00:00,1500.0,10.16,0.0,0.0,0.0,0.0,514.0,728,0.2500075,False,REGULAR,USD,MU,call,2026-07-02,0.038356164383561646,10.16,1.3327105652515556e-14,9.084956164718591e-14,1.0558300097016111e-05,1043.18994140625,0.021973756246363108,2026-06-18
MU260702C01510000,2026-06-17 19:50:07+00:00,1510.0,10.0,0.0,0.0,0.0,0.0,52.0,115,0.2500075,False,REGULAR,USD,MU,call,2026-07-02,0.038356164383561646,10.0,4.862668623350288e-15,3.256815615083181e-14,6.085542457973777e-07,1043.18994140625,0.021973756246363108,2026-06-18
MU260702C01520000,2026-06-17 18:47:00+00:00,1520.0,11.3,0.0,0.0,0.0,0.0,10.0,94,0.2500075,False,REGULAR,USD,MU,call,2026-07-02,0.038356164383561646,11.3,1.7538193821176853e-15,1.1545513139317861e-14,1.794070481579666e-07,1043.18994140625,0.021973756246363108,2026-06-18
MU260702C01530000,2026-06-17 19:56:51+00:00,1530.0,9.95,0.0,0.0,0.0,0.0,8.0,29,0.2500075,False,REGULAR,USD,MU,call,2026-07-02,0.038356164383561646,9.95,6.254377919192188e-16,4.048494413579437e-15,1.9738261550422214e-08,1043.18994140625,0.021973756246363108,2026-06-18
MU260702C01540000,2026-06-17 18:47:00+00:00,1540.0,10.2,0.0,0.0,0.0,0.0,8.0,51,0.2500075,False,REGULAR,USD,MU,call,2026-07-02,0.038356164383561646,10.2,2.2059068676714008e-16,1.4045655972269055e-15,1.2242895163823685e-08,1043.18994140625,0.021973756246363108,2026-06-18
MU260702C01550000,2026-06-17 14:44:16+00:00,1550.0,7.6,0.0,0.0,0.0,0.0,2.0,80,0.2500075,False,REGULAR,USD,MU,call,2026-07-02,0.038356164383561646,7.6,7.696723339884195e-17,4.822409955597521e-16,6.700738115867633e-09,1043.18994140625,0.021973756246363108,2026-06-18
MU260702C01560000,2026-06-17 19:57:51+00:00,1560.0,7.75,0.0,0.0,0.0,0.0,13.0,69,0.2500075,False,REGULAR,USD,MU,call,2026-07-02,0.038356164383561646,7.75,2.657353220613006e-17,1.638939201432971e-16,1.9953779007953854e-09,1043.18994140625,0.021973756246363108,2026-06-18
MU260702C01570000,2026-06-17 19:15:16+00:00,1570.0,9.5,0.0,0.0,0.0,0.0,5.0,33,0.500005,False,REGULAR,USD,MU,call,2026-07-02,0.038356164383561646,9.5,8.388892607690314e-07,1.9788850813680543e-05,30.126269465774442,1043.18994140625,0.021973756246363108,2026-06-18
MU260702C01580000,2026-06-16 16:37:14+00:00,1580.0,7.9,0.0,0.0,0.0,0.0,47.0,44,0.500005,False,REGULAR,USD,MU,call,2026-07-02,0.038356164383561646,7.9,6.413000256057408e-07,1.491442162503923e-05,30.707235203043723,1043.18994140625,0.021973756246363108,2026-06-18
MU260702C01590000,2026-06-17 19:45:33+00:00,1590.0,7.62,0.0,0.0,0.0,0.0,15.0,65,0.500005,False,REGULAR,USD,MU,call,2026-07-02,0.038356164383561646,7.62,4.890410253244269e-07,1.1215990453087256e-05,34.5927773586083,1043.18994140625,0.021973756246363108,2026-06-18
MU260702C01600000,2026-06-17 19:39:19+00:00,1600.0,7.2,0.0,0.0,0.0,0.0,52.0,293,0.500005,False,REGULAR,USD,MU,call,2026-07-02,0.038356164383561646,7.2,3.720330268226099e-07,8.416570290296432e-06,118.6249104846685,1043.18994140625,0.021973756246363108,2026-06-18
MU260702C01610000,2026-06-17 18:48:07+00:00,1610.0,7.25,0.0,0.0,0.0,0.0,4.0,40,0.500005,False,REGULAR,USD,MU,call,2026-07-02,0.038356164383561646,7.25,2.8235404493321933e-07,6.302596321893954e-06,12.290817972170299,1043.18994140625,0.021973756246363108,2026-06-18
MU260702C01620000,2026-06-17 19:07:10+00:00,1620.0,6.9,0.0,0.0,0.0,0.0,4.0,66,0.500005,False,REGULAR,USD,MU,call,2026-07-02,0.038356164383561646,6.9,2.1379936534649102e-07,4.709889535683106e-06,15.355965544571012,1043.18994140625,0.021973756246363108,2026-06-18
MU260702C01630000,2026-06-16 15:28:24+00:00,1630.0,7.05,0.0,0.0,0.0,0.0,14.0,37,0.500005,False,REGULAR,USD,MU,call,2026-07-02,0.038356164383561646,7.05,1.6152571978033233e-07,3.512598466391403e-06,6.503845123256138,1043.18994140625,0.021973756246363108,2026-06-18
MU260702C01640000,2026-06-17 19:28:15+00:00,1640.0,6.7,0.0,0.0,0.0,0.0,1.0,31,0.500005,False,REGULAR,USD,MU,call,2026-07-02,0.038356164383561646,6.7,1.21764944960898e-07,2.614520819332157e-06,4.107813826613552,1043.18994140625,0.021973756246363108,2026-06-18
MU260702C01650000,2026-06-17 18:38:46+00:00,1650.0,5.5,0.0,0.0,0.0,0.0,73.0,82,0.500005,False,REGULAR,USD,MU,call,2026-07-02,0.038356164383561646,5.5,9.159464711921786e-08,1.9423181443245756e-06,8.17355008046429,1043.18994140625,0.021973756246363108,2026-06-18
MU260702C01660000,2026-06-17 19:11:16+00:00,1660.0,5.61,0.0,0.0,0.0,0.0,70.0,62,0.500005,False,REGULAR,USD,MU,call,2026-07-02,0.038356164383561646,5.61,6.875535386125428e-08,1.4402296836044992e-06,4.639006626014819,1043.18994140625,0.021973756246363108,2026-06-18
MU260702C01670000,2026-06-17 14:12:47+00:00,1670.0,4.89,0.0,0.0,0.0,0.0,1.0,65,0.500005,False,REGULAR,USD,MU,call,2026-07-02,0.038356164383561646,4.89,5.150536143845651e-08,1.0659684559070362e-06,3.643280233663827,1043.18994140625,0.021973756246363108,2026-06-18
MU260702C01680000,2026-06-16 15:22:46+00:00,1680.0,5.55,0.0,0.0,0.0,0.0,3.0,42,0.500005,False,REGULAR,USD,MU,call,2026-07-02,0.038356164383561646,5.55,3.850598466007476e-08,7.875458635673521e-07,1.7599661121500858,1043.18994140625,0.021973756246363108,2026-06-18
MU260702C01690000,2026-06-17 19:34:44+00:00,1690.0,4.9,0.0,0.0,0.0,0.0,25.0,64,0.500005,False,REGULAR,USD,MU,call,2026-07-02,0.038356164383561646,4.9,2.8731203153523384e-08,5.808227169438965e-07,2.0010621100323673,1043.18994140625,0.021973756246363108,2026-06-18
MU260702C01700000,2026-06-17 19:42:39+00:00,1700.0,4.4,0.0,0.0,0.0,0.0,51.0,141,0.500005,False,REGULAR,USD,MU,call,2026-07-02,0.038356164383561646,4.4,2.139678984102735e-08,4.2762643182826423e-07,3.283178653893017,1043.18994140625,0.021973756246363108,2026-06-18
MU260702C01710000,2026-06-15 17:51:41+00:00,1710.0,7.0,0.0,0.0,0.0,0.0,3.0,57,0.500005,False,REGULAR,USD,MU,call,2026-07-02,0.038356164383561646,7.0,1.590492585829597e-08,3.143079120488114e-07,0.9865822244542889,1043.18994140625,0.021973756246363108,2026-06-18
MU260702C01720000,2026-06-17 19:00:27+00:00,1720.0,3.55,0.0,0.0,0.0,0.0,21.0,114,0.500005,False,REGULAR,USD,MU,call,2026-07-02,0.038356164383561646,3.55,1.18010716762716e-08,2.306386999562077e-07,1.4640404675948517,1043.18994140625,0.021973756246363108,2026-06-18
MU260702C01730000,2026-06-17 16:41:55+00:00,1730.0,3.55,0.0,0.0,0.0,0.0,25.0,69,0.500005,False,REGULAR,USD,MU,call,2026-07-02,0.038356164383561646,3.55,8.7404972893191e-09,1.689705728647908e-07,0.6563145237066397,1043.18994140625,0.021973756246363108,2026-06-18
MU260702C01740000,2026-06-16 15:42:50+00:00,1740.0,4.23,0.0,0.0,0.0,0.0,4.0,58,0.500005,False,REGULAR,USD,MU,call,2026-07-02,0.038356164383561646,4.23,6.462394105831126e-09,1.235969059820047e-07,0.40789484342281895,1043.18994140625,0.021973756246363108,2026-06-18
MU260702C01750000,2026-06-17 18:44:05+00:00,1750.0,3.8,0.0,0.0,0.0,0.0,55.0,138,0.500005,False,REGULAR,USD,MU,call,2026-07-02,0.038356164383561646,3.8,4.76991503397068e-09,9.026866617464416e-08,0.7163355607848905,1043.18994140625,0.021973756246363108,2026-06-18
MU260702C01760000,2026-06-16 18:20:48+00:00,1760.0,3.8,0.0,0.0,0.0,0.0,6.0,38,0.500005,False,REGULAR,USD,MU,call,2026-07-02,0.038356164383561646,3.8,3.5148327298624203e-09,6.58285537200769e-08,0.1453500013814349,1043.18994140625,0.021973756246363108,2026-06-18
MU260702C01770000,2026-06-17 13:33:35+00:00,1770.0,3.8,0.0,0.0,0.0,0.0,3.0,51,0.500005,False,REGULAR,USD,MU,call,2026-07-02,0.038356164383561646,3.8,2.5857826809739598e-09,4.793515237015911e-08,0.14351225223308445,1043.18994140625,0.021973756246363108,2026-06-18
MU260702C01780000,2026-06-02 19:00:17+00:00,1780.0,9.85,0.0,0.0,0.0,0.0,4.0,15,0.500005,False,REGULAR,USD,MU,call,2026-07-02,0.038356164383561646,9.85,1.8992794868462644e-09,3.485545575780571e-08,0.031003228309460146,1043.18994140625,0.021973756246363108,2026-06-18
MU260702C01790000,2026-06-17 18:47:42+00:00,1790.0,2.97,0.0,0.0,0.0,0.0,20.0,4,0.500005,False,REGULAR,USD,MU,call,2026-07-02,0.038356164383561646,2.97,1.3928713908155113e-09,2.5309194427260893e-08,0.006063142721120263,1043.18994140625,0.021973756246363108,2026-06-18
MU260702C01800000,2026-06-17 19:55:01+00:00,1800.0,2.87,0.0,0.0,0.0,0.0,37.0,99,0.500005,False,REGULAR,USD,MU,call,2026-07-02,0.038356164383561646,2.87,1.0199382538059715e-09,1.8352301630573123e-08,0.10988435342863478,1043.18994140625,0.021973756246363108,2026-06-18
MU260702C01810000,2026-06-16 14:33:13+00:00,1810.0,3.95,0.0,0.0,0.0,0.0,20.0,25,0.500005,False,REGULAR,USD,MU,call,2026-07-02,0.038356164383561646,3.95,7.45748791248298e-10,1.328987476155975e-08,0.02028893956603028,1043.18994140625,0.021973756246363108,2026-06-18
MU260702C01820000,2026-06-15 18:56:55+00:00,1820.0,4.55,0.0,0.0,0.0,0.0,1.0,61,0.500005,False,REGULAR,USD,MU,call,2026-07-02,0.038356164383561646,4.55,5.444798448899639e-10,9.611309608838414e-09,0.03614418402816676,1043.18994140625,0.021973756246363108,2026-06-18
MU260702C01830000,2026-06-17 13:34:37+00:00,1830.0,3.45,0.0,0.0,0.0,0.0,1.0,54,0.500005,False,REGULAR,USD,MU,call,2026-07-02,0.038356164383561646,3.45,3.9696851434200954e-10,6.942062188392347e-09,0.02332795148969638,1043.18994140625,0.021973756246363108,2026-06-18
MU260702C01840000,2026-06-16 17:48:29+00:00,1840.0,2.58,0.0,0.0,0.0,0.0,1.0,7,0.500005,False,REGULAR,USD,MU,call,2026-07-02,0.038356164383561646,2.58,2.890210227209011e-10,5.007850374394545e-09,0.0022016802936746334,1043.18994140625,0.021973756246363108,2026-06-18
MU260702C01850000,2026-06-17 18:45:01+00:00,1850.0,2.1,0.0,0.0,0.0,0.0,10.0,38,0.500005,False,REGULAR,USD,MU,call,2026-07-02,0.038356164383561646,2.1,2.101433864559497e-10,3.608140997245464e-09,0.008690126631678223,1043.18994140625,0.021973756246363108,2026-06-18
MU260702C01860000,2026-06-17 18:50:00+00:00,1860.0,2.0,0.0,0.0,0.0,0.0,11.0,12,0.500005,False,REGULAR,USD,MU,call,2026-07-02,0.038356164383561646,2.0,1.5259083295907472e-10,2.5965525289330574e-09,0.0019926749969869264,1043.18994140625,0.021973756246363108,2026-06-18
MU260702C01870000,2026-06-09 14:18:52+00:00,1870.0,2.56,0.0,0.0,0.0,0.0,1.0,9,0.500005,False,REGULAR,USD,MU,call,2026-07-02,0.038356164383561646,2.56,1.1065748445505664e-10,1.8663972217271454e-09,0.0010838023403519307,1043.18994140625,0.021973756246363108,2026-06-18
MU260702C01880000,2026-06-15 18:13:22+00:00,1880.0,3.5,0.0,0.0,0.0,0.0,6.0,7,0.500005,False,REGULAR,USD,MU,call,2026-07-02,0.038356164383561646,3.5,8.014670961873263e-11,1.3400347296548607e-09,0.0006105349344806189,1043.18994140625,0.021973756246363108,2026-06-18
MU260702C01890000,2026-06-17 16:11:44+00:00,1890.0,1.67,0.0,0.0,0.0,0.0,1.0,4,0.500005,False,REGULAR,USD,MU,call,2026-07-02,0.038356164383561646,1.67,5.7977007946896376e-11,9.610466178653686e-10,0.00025237281492280746,1043.18994140625,0.021973756246363108,2026-06-18
MU260702C01900000,2026-06-17 19:55:19+00:00,1900.0,1.72,0.0,0.0,0.0,0.0,3.0,196,0.500005,False,REGULAR,USD,MU,call,2026-07-02,0.038356164383561646,1.72,4.1889335225056614e-11,6.884944859178523e-10,0.008934830568147149,1043.18994140625,0.021973756246363108,2026-06-18
MU260702C01910000,2026-06-16 19:15:40+00:00,1910.0,2.0,0.0,0.0,0.0,0.0,3.0,94,0.500005,False,REGULAR,USD,MU,call,2026-07-02,0.038356164383561646,2.0,3.023018545638788e-11,4.927141649174059e-10,0.0030923984495197644,1043.18994140625,0.021973756246363108,2026-06-18
MU260702C01920000,2026-06-17 14:00:44+00:00,1920.0,1.96,0.0,0.0,0.0,0.0,1.0,6,0.500005,False,REGULAR,USD,MU,call,2026-07-02,0.038356164383561646,1.96,2.1791126176215857e-11,3.522402137872939e-10,0.0001422845378240341,1043.18994140625,0.021973756246363108,2026-06-18
MU260702C01930000,2026-06-17 14:00:44+00:00,1930.0,1.81,0.0,0.0,0.0,0.0,1.0,4,0.500005,False,REGULAR,USD,MU,call,2026-07-02,0.038356164383561646,1.81,1.569031471323845e-11,2.5156061683524304e-10,6.829964207245204e-05,1043.18994140625,0.021973756246363108,2026-06-18
MU260702C01940000,2026-06-17 15:20:55+00:00,1940.0,1.63,0.0,0.0,0.0,0.0,6.0,5,0.500005,False,REGULAR,USD,MU,call,2026-07-02,0.038356164383561646,1.63,1.1285169806130262e-11,1.794801817933341e-10,6.140516240212923e-05,1043.18994140625,0.021973756246363108,2026-06-18
MU260702C01950000,2026-06-17 15:20:55+00:00,1950.0,1.5,0.0,0.0,0.0,0.0,5.0,3,0.500005,False,REGULAR,USD,MU,call,2026-07-02,0.038356164383561646,1.5,8.108119019039815e-12,1.279294657561198e-10,2.647086612039158e-05,1043.18994140625,0.021973756246363108,2026-06-18
MU260702C01960000,2026-06-17 13:52:31+00:00,1960.0,1.77,0.0,0.0,0.0,0.0,8.0,25,0.500005,False,REGULAR,USD,MU,call,2026-07-02,0.038356164383561646,1.77,5.819404965995528e-12,9.109925084744272e-11,0.00015832349586206485,1043.18994140625,0.021973756246363108,2026-06-18
MU260702C01970000,2026-06-17 15:39:42+00:00,1970.0,1.5,0.0,0.0,0.0,0.0,10.0,4,0.500005,False,REGULAR,USD,MU,call,2026-07-02,0.038356164383561646,1.5,4.172478820245816e-12,6.481251268294153e-11,1.8162721091708243e-05,1043.18994140625,0.021973756246363108,2026-06-18
MU260702C01980000,2026-06-16 18:47:38+00:00,1980.0,1.47,0.0,0.0,0.0,0.0,10.0,10,0.500005,False,REGULAR,USD,MU,call,2026-07-02,0.038356164383561646,1.47,2.988664885056912e-12,4.6069367720775794e-11,3.252400376514853e-05,1043.18994140625,0.021973756246363108,2026-06-18
MU260702C01990000,2026-06-17 19:14:27+00:00,1990.0,1.25,0.0,0.0,0.0,0.0,10.0,9,0.500005,False,REGULAR,USD,MU,call,2026-07-02,0.038356164383561646,1.25,2.138641684890773e-12,3.271781568560254e-11,2.094629996943598e-05,1043.18994140625,0.021973756246363108,2026-06-18
MU260702C02000000,2026-06-17 19:17:46+00:00,2000.0,1.05,0.0,0.0,0.0,0.0,37.0,132,0.500005,False,REGULAR,USD,MU,call,2026-07-02,0.038356164383561646,1.05,1.528926315597345e-12,2.321582594252105e-11,0.00021962777844968068,1043.18994140625,0.021973756246363108,2026-06-18
MU260702C02010000,2026-06-17 16:53:30+00:00,2010.0,1.08,0.0,0.0,0.0,0.0,10.0,11,0.500005,False,REGULAR,USD,MU,call,2026-07-02,0.038356164383561646,1.08,1.0920250320178572e-12,1.6459654486708043e-11,1.307230163998122e-05,1043.18994140625,0.021973756246363108,2026-06-18
MU260702C02020000,2026-06-12 17:43:29+00:00,2020.0,2.0,0.0,0.0,0.0,0.0,5.0,3,0.500005,False,REGULAR,USD,MU,call,2026-07-02,0.038356164383561646,2.0,7.792659989928987e-13,1.1660114107570079e-11,2.544097574674851e-06,1043.18994140625,0.021973756246363108,2026-06-18
MU260702C02040000,2026-06-17 18:17:29+00:00,2040.0,1.0,0.0,0.0,0.0,0.0,5.0,9,0.500005,False,REGULAR,USD,MU,call,2026-07-02,0.038356164383561646,1.0,3.95777086397221e-13,5.837645688655332e-12,3.876322822693401e-06,1043.18994140625,0.021973756246363108,2026-06-18
MU260702C02050000,2026-06-17 17:48:29+00:00,2050.0,0.98,0.0,0.0,0.0,0.0,1.0,43,0.500005,False,REGULAR,USD,MU,call,2026-07-02,0.038356164383561646,0.98,2.8169597279899144e-13,4.125791451314831e-12,1.3181835133382167e-05,1043.18994140625,0.021973756246363108,2026-06-18
MU260702C02060000,2026-06-17 17:49:10+00:00,2060.0,1.08,0.0,0.0,0.0,0.0,1.0,4,0.500005,False,REGULAR,USD,MU,call,2026-07-02,0.038356164383561646,1.08,2.0033376146692628e-13,2.913773010911128e-12,8.720490604101439e-07,1043.18994140625,0.021973756246363108,2026-06-18
MU260702C02070000,2026-06-16 19:26:20+00:00,2070.0,1.14,0.0,0.0,0.0,0.0,13.0,14,0.500005,False,REGULAR,USD,MU,call,2026-07-02,0.038356164383561646,1.14,1.4235732372468688e-13,2.056321465569493e-12,2.1688755465208415e-06,1043.18994140625,0.021973756246363108,2026-06-18
MU260702C02080000,2026-06-16 19:21:06+00:00,2080.0,1.26,0.0,0.0,0.0,0.0,5.0,7,0.500005,False,REGULAR,USD,MU,call,2026-07-02,0.038356164383561646,1.26,1.0108020585356833e-13,1.4501767486503592e-12,7.700003799491186e-07,1043.18994140625,0.021973756246363108,2026-06-18
MU260702C02090000,2026-06-17 18:04:30+00:00,2090.0,0.71,0.0,0.0,0.0,0.0,3.0,115,0.500005,False,REGULAR,USD,MU,call,2026-07-02,0.038356164383561646,0.71,7.171687454772163e-14,1.0220052755849105e-12,8.975238059973796e-06,1043.18994140625,0.021973756246363108,2026-06-18
MU260702C02100000,2026-06-17 17:42:54+00:00,2100.0,0.7,0.0,0.0,0.0,0.0,5.0,17,0.500005,False,REGULAR,USD,MU,call,2026-07-02,0.038356164383561646,0.7,5.084563305448822e-14,7.197722455669857e-13,9.406528204602893e-07,1043.18994140625,0.021973756246363108,2026-06-18
MU260702C02110000,2026-06-17 16:24:08+00:00,2110.0,0.79,0.0,0.0,0.0,0.0,2.0,16,0.500005,False,REGULAR,USD,MU,call,2026-07-02,0.038356164383561646,0.79,3.602226370276421e-14,5.065871333751661e-13,6.27216920120138e-07,1043.18994140625,0.021973756246363108,2026-06-18
MU260702C02120000,2026-06-17 17:46:05+00:00,2120.0,0.82,0.0,0.0,0.0,0.0,4.0,18,0.500005,False,REGULAR,USD,MU,call,2026-07-02,0.038356164383561646,0.82,2.5502408178628313e-14,3.563177962221334e-13,4.995517439190178e-07,1043.18994140625,0.021973756246363108,2026-06-18
MU260702C02130000,2026-06-16 13:41:15+00:00,2130.0,2.74,0.0,0.0,0.0,0.0,1.0,5,0.500005,False,REGULAR,USD,MU,call,2026-07-02,0.038356164383561646,2.74,1.80422995329321e-14,2.5046799084154113e-13,9.817223417637317e-08,1043.18994140625,0.021973756246363108,2026-06-18
MU260702C02140000,2026-06-17 16:23:59+00:00,2140.0,0.89,0.0,0.0,0.0,0.0,1.0,16,0.500005,False,REGULAR,USD,MU,call,2026-07-02,0.038356164383561646,0.89,1.2755884923040253e-14,1.7595646739928052e-13,2.221044996187251e-07,1043.18994140625,0.021973756246363108,2026-06-18
MU260702C02150000,2026-06-16 19:30:21+00:00,2150.0,0.91,0.0,0.0,0.0,0.0,21.0,31,0.500005,False,REGULAR,USD,MU,call,2026-07-02,0.038356164383561646,0.91,9.01248716922767e-15,1.2353878077841118e-13,3.040416880065054e-07,1043.18994140625,0.021973756246363108,2026-06-18
MU260702C02160000,2026-06-17 16:16:48+00:00,2160.0,0.58,0.0,0.0,0.0,0.0,2.0,10,0.500005,False,REGULAR,USD,MU,call,2026-07-02,0.038356164383561646,0.58,6.363576927496465e-15,8.668683007887729e-14,6.925132388864873e-08,1043.18994140625,0.021973756246363108,2026-06-18
MU260702C02170000,2026-06-17 19:40:17+00:00,2170.0,0.5,0.0,0.0,0.0,0.0,171.0,407,0.500005,False,REGULAR,USD,MU,call,2026-07-02,0.038356164383561646,0.5,4.4904263472109576e-15,6.079406738390483e-14,1.988880860169082e-06,1043.18994140625,0.021973756246363108,2026-06-18
MU260702P00035000,2026-06-17 18:35:36+00:00,35.0,0.21,0.0,0.0,0.0,0.0,29.0,45,0.500005,False,REGULAR,USD,MU,put,2026-07-02,0.038356164383561646,0.21,4.566636247719254e-265,0.0,-2.2363291001903485e-257,1043.18994140625,0.021973756246363108,2026-06-18
MU260702P00040000,2026-06-16 19:55:35+00:00,40.0,0.21,0.0,0.0,0.0,0.0,14.0,9524,0.500005,False,REGULAR,USD,MU,put,2026-07-02,0.038356164383561646,0.21,6.665985493739411e-245,0.0,-6.90892586699449e-235,1043.18994140625,0.021973756246363108,2026-06-18
MU260702P00045000,2026-06-16 19:53:44+00:00,45.0,0.21,0.0,0.0,0.0,0.0,21.0,526,0.500005,False,REGULAR,USD,MU,put,2026-07-02,0.038356164383561646,0.21,8.703762899253379e-228,0.0,-4.982181878188936e-219,1043.18994140625,0.021973756246363108,2026-06-18
MU260702P00050000,2026-06-16 13:31:04+00:00,50.0,0.12,0.0,0.0,0.0,0.0,1.0,9571,0.500005,False,REGULAR,USD,MU,put,2026-07-02,0.038356164383561646,0.12,5.223440387711639e-213,0.0,-5.440524128062629e-203,1043.18994140625,0.021973756246363108,2026-06-18
MU260702P00055000,2026-06-17 13:30:39+00:00,55.0,0.09,0.0,0.0,0.0,0.0,1.0,19033,0.500005,False,REGULAR,USD,MU,put,2026-07-02,0.038356164383561646,0.09,4.501984892710977e-200,0.0,-9.324768585749512e-190,1043.18994140625,0.021973756246363108,2026-06-18
MU260702P00060000,2026-06-17 18:51:12+00:00,60.0,0.01,0.0,0.0,0.0,0.0,123.0,119,0.500005,False,REGULAR,USD,MU,put,2026-07-02,0.038356164383561646,0.01,1.2685349095497007e-188,0.0,-1.6427677426477704e-180,1043.18994140625,0.021973756246363108,2026-06-18
MU260702P00065000,2026-06-17 19:21:31+00:00,65.0,0.02,0.0,0.0,0.0,0.0,48.0,172,0.500005,False,REGULAR,USD,MU,put,2026-07-02,0.038356164383561646,0.02,2.1547280999215655e-178,0.0,-4.0331809202965756e-170,1043.18994140625,0.021973756246363108,2026-06-18
MU260702P00070000,2026-06-17 19:11:29+00:00,70.0,0.06,0.0,0.0,0.0,0.0,12.0,203,0.500005,False,REGULAR,USD,MU,put,2026-07-02,0.038356164383561646,0.06,3.5179184117182454e-169,0.0,-7.77156677042573e-161,1043.18994140625,0.021973756246363108,2026-06-18
MU260702P00075000,2026-06-17 19:44:31+00:00,75.0,0.01,0.0,0.0,0.0,0.0,150.0,227,0.500005,False,REGULAR,USD,MU,put,2026-07-02,0.038356164383561646,0.01,7.93802567052345e-161,0.0,-1.960943758723378e-152,1043.18994140625,0.021973756246363108,2026-06-18
MU260702P00080000,2026-06-16 16:22:45+00:00,80.0,0.03,0.0,0.0,0.0,0.0,10.0,272,0.500005,False,REGULAR,USD,MU,put,2026-07-02,0.038356164383561646,0.03,3.3011817016988054e-153,0.0,-9.771587267609473e-145,1043.18994140625,0.021973756246363108,2026-06-18
MU260702P00085000,2026-06-16 16:22:30+00:00,85.0,0.03,0.0,0.0,0.0,0.0,35.0,242,0.500005,False,REGULAR,USD,MU,put,2026-07-02,0.038356164383561646,0.03,3.1897052764762906e-146,0.0,-8.400259540508685e-138,1043.18994140625,0.021973756246363108,2026-06-18
MU260702P00090000,2026-06-17 19:44:26+00:00,90.0,0.02,0.0,0.0,0.0,0.0,199.0,784,0.500005,False,REGULAR,USD,MU,put,2026-07-02,0.038356164383561646,0.02,8.649841282221029e-140,0.0,-7.379908598003312e-131,1043.18994140625,0.021973756246363108,2026-06-18
MU260702P00095000,2026-06-17 19:58:47+00:00,95.0,0.03,0.0,0.0,0.0,0.0,129.0,105,0.500005,False,REGULAR,USD,MU,put,2026-07-02,0.038356164383561646,0.03,7.694298074805707e-134,0.0,-8.791947529704723e-126,1043.18994140625,0.021973756246363108,2026-06-18
MU260702P00100000,2026-06-16 19:49:30+00:00,100.0,0.01,0.0,0.0,0.0,0.0,57.0,92,0.500005,False,REGULAR,USD,MU,put,2026-07-02,0.038356164383561646,0.01,2.5569822521807963e-128,0.0,-2.560013896108045e-120,1043.18994140625,0.021973756246363108,2026-06-18
MU260702P00105000,2026-06-17 19:30:03+00:00,105.0,0.01,0.0,0.0,0.0,0.0,14.0,469,0.500005,False,REGULAR,USD,MU,put,2026-07-02,0.038356164383561646,0.01,3.542055959829088e-123,0.0,-1.8078194003776995e-114,1043.18994140625,0.021973756246363108,2026-06-18
MU260702P00110000,2026-06-12 17:38:55+00:00,110.0,0.03,0.0,0.0,0.0,0.0,12.0,25,0.500005,False,REGULAR,USD,MU,put,2026-07-02,0.038356164383561646,0.03,2.2446584075393084e-118,0.0,-6.106847146304475e-111,1043.18994140625,0.021973756246363108,2026-06-18
MU260702P00115000,2026-06-10 19:22:41+00:00,115.0,0.04,0.0,0.0,0.0,0.0,78.0,41,0.500005,False,REGULAR,USD,MU,put,2026-07-02,0.038356164383561646,0.04,7.046653297876824e-114,0.0,-3.144079672849166e-106,1043.18994140625,0.021973756246363108,2026-06-18
MU260702P00120000,2026-06-16 16:22:50+00:00,120.0,0.03,0.0,0.0,0.0,0.0,16.0,25,0.500005,False,REGULAR,USD,MU,put,2026-07-02,0.038356164383561646,0.03,1.1736645147835687e-109,0.0,-3.193087094566903e-102,1043.18994140625,0.021973756246363108,2026-06-18
MU260702P00125000,2026-06-16 19:54:41+00:00,125.0,0.07,0.0,0.0,0.0,0.0,28.0,123,0.500005,False,REGULAR,USD,MU,put,2026-07-02,0.038356164383561646,0.07,1.1006994507990407e-105,0.0,-1.473332072495841e-97,1043.18994140625,0.021973756246363108,2026-06-18
MU260702P00130000,2026-06-15 17:40:00+00:00,130.0,0.03,0.0,0.0,0.0,0.0,34.0,58,0.500005,False,REGULAR,USD,MU,put,2026-07-02,0.038356164383561646,0.03,6.1219997027127064e-102,0.0,-3.8640975299221376e-94,1043.18994140625,0.021973756246363108,2026-06-18
MU260702P00135000,2026-06-15 19:56:42+00:00,135.0,0.03,0.0,0.0,0.0,0.0,59.0,24,0.500005,False,REGULAR,USD,MU,put,2026-07-02,0.038356164383561646,0.03,2.1133990603089985e-98,0.0,-5.519751592499522e-91,1043.18994140625,0.021973756246363108,2026-06-18
MU260702P00140000,2026-06-16 16:52:51+00:00,140.0,0.02,0.0,0.0,0.0,0.0,140.0,204,0.500005,False,REGULAR,USD,MU,put,2026-07-02,0.038356164383561646,0.02,4.713592740036051e-95,0.0,-1.0464271652980443e-86,1043.18994140625,0.021973756246363108,2026-06-18
MU260702P00150000,2026-06-16 18:43:04+00:00,150.0,0.2,0.0,0.0,0.0,0.0,1.0,2,0.500005,False,REGULAR,USD,MU,put,2026-07-02,0.038356164383561646,0.2,7.259723093253565e-89,0.0,-1.5800718401013932e-82,1043.18994140625,0.021973756246363108,2026-06-18
MU260702P00155000,2026-06-16 18:54:26+00:00,155.0,0.05,0.0,0.0,0.0,0.0,4.0,0,0.500005,False,REGULAR,USD,MU,put,2026-07-02,0.038356164383561646,0.05,5.3219645702138196e-86,0.0,-0.0,1043.18994140625,0.021973756246363108,2026-06-18
MU260702P00160000,2026-06-16 13:53:11+00:00,160.0,0.05,0.0,0.0,0.0,0.0,2.0,0,0.500005,False,REGULAR,USD,MU,put,2026-07-02,0.038356164383561646,0.05,2.843488288988301e-83,0.0,-0.0,1043.18994140625,0.021973756246363108,2026-06-18
MU260702P00165000,2026-06-16 18:55:48+00:00,165.0,0.08,0.0,0.0,0.0,0.0,2.0,2,0.500005,False,REGULAR,USD,MU,put,2026-07-02,0.038356164383561646,0.08,1.1327139941131777e-80,0.0,-2.4653412561289476e-74,1043.18994140625,0.021973756246363108,2026-06-18
MU260702P00175000,2026-06-17 17:29:37+00:00,175.0,0.05,0.0,0.0,0.0,0.0,2.0,0,0.500005,False,REGULAR,USD,MU,put,2026-07-02,0.038356164383561646,0.05,8.069779468842993e-76,0.0,-0.0,1043.18994140625,0.021973756246363108,2026-06-18
MU260702P00185000,2026-06-17 17:33:49+00:00,185.0,0.08,0.0,0.0,0.0,0.0,2.0,1,0.500005,False,REGULAR,USD,MU,put,2026-07-02,0.038356164383561646,0.08,2.217647265840078e-71,0.0,-2.4133441117665005e-65,1043.18994140625,0.021973756246363108,2026-06-18
MU260702P00190000,2026-06-12 13:30:17+00:00,190.0,0.21,0.0,0.0,0.0,0.0,0.0,1,0.500005,False,REGULAR,USD,MU,put,2026-07-02,0.038356164383561646,0.21,2.670187664151754e-69,0.0,-2.905819052405102e-63,1043.18994140625,0.021973756246363108,2026-06-18
MU260702P00200000,2026-06-17 15:41:24+00:00,200.0,0.08,0.0,0.0,0.0,0.0,444.0,169,0.500005,False,REGULAR,USD,MU,put,2026-07-02,0.038356164383561646,0.08,2.1770867487153043e-65,0.0,-4.0039553033548e-57,1043.18994140625,0.021973756246363108,2026-06-18
MU260702P00220000,2026-06-12 19:36:50+00:00,220.0,0.28,0.0,0.0,0.0,0.0,1.0,1,0.500005,False,REGULAR,USD,MU,put,2026-07-02,0.038356164383561646,0.28,1.946585281426909e-58,0.0,-2.118362193729388e-52,1043.18994140625,0.021973756246363108,2026-06-18
MU260702P00225000,2026-06-11 19:41:31+00:00,225.0,0.2,0.0,0.0,0.0,0.0,0.0,1,0.500005,False,REGULAR,USD,MU,put,2026-07-02,0.038356164383561646,0.2,7.385502578009412e-57,0.0,-8.037238127824362e-51,1043.18994140625,0.021973756246363108,2026-06-18
MU260702P00235000,2026-05-22 16:29:20+00:00,235.0,0.34,0.0,0.0,0.0,0.0,10.0,3,0.500005,False,REGULAR,USD,MU,put,2026-07-02,0.038356164383561646,0.34,7.22788168838706e-54,0.0,-2.359712382835511e-47,1043.18994140625,0.021973756246363108,2026-06-18
MU260702P00240000,2026-06-01 14:49:40+00:00,240.0,0.24,0.0,0.0,0.0,0.0,3.0,36,0.500005,False,REGULAR,USD,MU,put,2026-07-02,0.038356164383561646,0.24,1.888697800982824e-52,0.0,-7.399319104363355e-45,1043.18994140625,0.021973756246363108,2026-06-18
MU260702P00245000,2026-06-17 19:07:02+00:00,245.0,0.27,0.0,0.0,0.0,0.0,39.0,347,0.500005,False,REGULAR,USD,MU,put,2026-07-02,0.038356164383561646,0.27,4.4119879396192547e-51,0.0,-1.6660597525627302e-42,1043.18994140625,0.021973756246363108,2026-06-18
MU260702P00250000,2026-06-17 17:45:08+00:00,250.0,0.27,0.0,0.0,0.0,0.0,2.0,361,0.500005,False,REGULAR,USD,MU,put,2026-07-02,0.038356164383561646,0.27,9.263663616964103e-50,0.0,-3.639290805161034e-41,1043.18994140625,0.021973756246363108,2026-06-18
MU260702P00255000,2026-06-16 15:18:21+00:00,255.0,0.13,0.0,0.0,0.0,0.0,1.0,111,0.500005,False,REGULAR,USD,MU,put,2026-07-02,0.038356164383561646,0.13,1.7571499149453138e-48,0.0,-2.1225531613211003e-40,1043.18994140625,0.021973756246363108,2026-06-18
MU260702P00275000,2026-06-16 13:35:03+00:00,275.0,1.42,0.0,0.0,0.0,0.0,1.0,4,0.500005,False,REGULAR,USD,MU,put,2026-07-02,0.038356164383561646,1.42,9.014956163152014e-44,0.0,-3.924193303290633e-37,1043.18994140625,0.021973756246363108,2026-06-18
MU260702P00285000,2026-06-01 18:46:02+00:00,285.0,0.95,0.0,0.0,0.0,0.0,0.0,1,0.500005,False,REGULAR,USD,MU,put,2026-07-02,0.038356164383561646,0.95,1.239058222783296e-41,0.0,-1.348399230189194e-35,1043.18994140625,0.021973756246363108,2026-06-18
MU260702P00290000,2026-06-17 15:59:56+00:00,290.0,0.25,0.0,0.0,0.0,0.0,13.0,6,0.500005,False,REGULAR,USD,MU,put,2026-07-02,0.038356164383561646,0.25,1.2979746935246458e-40,0.0,-8.475088799082777e-34,1043.18994140625,0.021973756246363108,2026-06-18
MU260702P00295000,2026-06-17 15:59:15+00:00,295.0,0.32,0.0,0.0,0.0,0.0,18.0,21,0.500005,False,REGULAR,USD,MU,put,2026-07-02,0.038356164383561646,0.32,1.2666345760045468e-39,0.0,-2.8946590379715627e-32,1043.18994140625,0.021973756246363108,2026-06-18
MU260702P00300000,2026-06-17 17:45:15+00:00,300.0,0.2,0.0,0.0,0.0,0.0,80.0,59,0.500005,False,REGULAR,USD,MU,put,2026-07-02,0.038356164383561646,0.2,1.1547941159658712e-38,0.0,-7.4145253736632265e-31,1043.18994140625,0.021973756246363108,2026-06-18
MU260702P00310000,2026-06-17 15:01:01+00:00,310.0,0.25,0.0,0.0,0.0,0.0,2.0,35,0.500005,False,REGULAR,USD,MU,put,2026-07-02,0.038356164383561646,0.25,7.912285760739127e-37,0.0,-3.013677599183507e-29,1043.18994140625,0.021973756246363108,2026-06-18
MU260702P00325000,2026-06-17 16:03:30+00:00,325.0,0.54,0.0,0.0,0.0,0.0,1.0,12,0.500005,False,REGULAR,USD,MU,put,2026-07-02,0.038356164383561646,0.54,2.8720456392641564e-34,0.0,-3.75058804292782e-27,1043.18994140625,0.021973756246363108,2026-06-18
MU260702P00330000,2026-06-01 18:31:23+00:00,330.0,0.6,0.0,0.0,0.0,0.0,0.0,5,0.500005,False,REGULAR,USD,MU,put,2026-07-02,0.038356164383561646,0.6,1.835185324962649e-33,0.0,-9.985658599139645e-27,1043.18994140625,0.021973756246363108,2026-06-18
MU260702P00335000,2026-05-26 15:25:22+00:00,335.0,1.72,0.0,0.0,0.0,0.0,3.0,1,0.500005,False,REGULAR,USD,MU,put,2026-07-02,0.038356164383561646,1.72,1.1136161721438895e-32,0.0,-1.2118875139475012e-26,1043.18994140625,0.021973756246363108,2026-06-18
MU260702P00340000,2026-06-05 17:26:25+00:00,340.0,0.75,0.0,0.0,0.0,0.0,3.0,13,0.500005,False,REGULAR,USD,MU,put,2026-07-02,0.038356164383561646,0.75,6.42946184166165e-32,0.0,-9.095880734207187e-25,1043.18994140625,0.021973756246363108,2026-06-18
MU260702P00345000,2026-06-16 13:46:09+00:00,345.0,0.4,0.0,0.0,0.0,0.0,13.0,423,0.500005,False,REGULAR,USD,MU,put,2026-07-02,0.038356164383561646,0.4,3.5381279254916803e-31,0.0,-1.6286984401898466e-22,1043.18994140625,0.021973756246363108,2026-06-18
MU260702P00350000,2026-06-17 16:06:57+00:00,350.0,0.43,0.0,0.0,0.0,0.0,5.0,53,0.500005,False,REGULAR,USD,MU,put,2026-07-02,0.038356164383561646,0.43,1.8589637264056015e-30,0.0,-1.0721944797414671e-22,1043.18994140625,0.021973756246363108,2026-06-18
MU260702P00355000,2026-06-10 19:49:22+00:00,355.0,1.25,0.0,0.0,0.0,0.0,20.0,54,0.500005,False,REGULAR,USD,MU,put,2026-07-02,0.038356164383561646,1.25,9.340499250750643e-30,0.0,-5.488967148244117e-22,1043.18994140625,0.021973756246363108,2026-06-18
MU260702P00360000,2026-06-10 19:51:09+00:00,360.0,1.25,0.0,0.0,0.0,0.0,2.0,24,0.500005,False,REGULAR,USD,MU,put,2026-07-02,0.038356164383561646,1.25,4.495118670786106e-29,0.0,-1.174029974155388e-21,1043.18994140625,0.021973756246363108,2026-06-18
MU260702P00365000,2026-06-10 19:49:52+00:00,365.0,1.22,0.0,0.0,0.0,0.0,2.0,8,0.500005,False,REGULAR,USD,MU,put,2026-07-02,0.038356164383561646,1.22,2.0750234764086655e-28,0.0,-1.8065075598651972e-21,1043.18994140625,0.021973756246363108,2026-06-18
MU260702P00370000,2026-06-16 13:54:28+00:00,370.0,0.39,0.0,0.0,0.0,0.0,10.0,20,0.500005,False,REGULAR,USD,MU,put,2026-07-02,0.038356164383561646,0.39,9.200790696167346e-28,0.0,-2.0025433613564333e-20,1043.18994140625,0.021973756246363108,2026-06-18
MU260702P00375000,2026-06-17 19:56:54+00:00,375.0,0.6,0.0,0.0,0.0,0.0,13.0,52,0.500005,False,REGULAR,USD,MU,put,2026-07-02,0.038356164383561646,0.6,3.9240036413261864e-27,0.0,-2.220544736159335e-19,1043.18994140625,0.021973756246363108,2026-06-18
MU260702P00380000,2026-06-17 17:45:41+00:00,380.0,0.78,0.0,0.0,0.0,0.0,3.0,23,0.500005,False,REGULAR,USD,MU,put,2026-07-02,0.038356164383561646,0.78,1.611727119213819e-26,0.0,-4.0340950923716315e-19,1043.18994140625,0.021973756246363108,2026-06-18
MU260702P00385000,2026-06-12 15:41:47+00:00,385.0,2.24,0.0,0.0,0.0,0.0,3.0,14,0.500005,False,REGULAR,USD,MU,put,2026-07-02,0.038356164383561646,2.24,6.383261421606283e-26,0.0,-9.725175524616083e-19,1043.18994140625,0.021973756246363108,2026-06-18
MU260702P00390000,2026-06-17 17:45:48+00:00,390.0,0.68,0.0,0.0,0.0,0.0,19.0,309,0.500005,False,REGULAR,USD,MU,put,2026-07-02,0.038356164383561646,0.68,2.4405666552555012e-25,0.0,-8.20683939500374e-17,1043.18994140625,0.021973756246363108,2026-06-18
MU260702P00395000,2026-05-29 15:19:29+00:00,395.0,1.35,0.0,0.0,0.0,0.0,6.0,41,0.500005,False,REGULAR,USD,MU,put,2026-07-02,0.038356164383561646,1.35,9.01823647361458e-25,0.0,-4.0237617466126373e-17,1043.18994140625,0.021973756246363108,2026-06-18
MU260702P00400000,2026-06-17 19:42:16+00:00,400.0,0.75,0.0,0.0,0.0,0.0,11.0,291,0.500005,False,REGULAR,USD,MU,put,2026-07-02,0.038356164383561646,0.75,3.2240421053358172e-24,0.0,-1.0209876191302837e-15,1043.18994140625,0.021973756246363108,2026-06-18
MU260702P00405000,2026-06-17 15:23:32+00:00,405.0,0.46,0.0,0.0,0.0,0.0,1.0,22,0.500005,False,REGULAR,USD,MU,put,2026-07-02,0.038356164383561646,0.46,1.1162810334380509e-23,0.0,-2.672532580526697e-16,1043.18994140625,0.021973756246363108,2026-06-18
MU260702P00410000,2026-06-17 15:46:01+00:00,410.0,0.77,0.0,0.0,0.0,0.0,2.0,77,0.500005,False,REGULAR,USD,MU,put,2026-07-02,0.038356164383561646,0.77,3.7468575379901096e-23,0.0,-3.1396749480821623e-15,1043.18994140625,0.021973756246363108,2026-06-18
MU260702P00415000,2026-06-08 14:47:57+00:00,415.0,1.75,0.0,0.0,0.0,0.0,2.0,66,0.500005,False,REGULAR,USD,MU,put,2026-07-02,0.038356164383561646,1.75,1.2203686795200838e-22,0.0,-8.765198794679958e-15,1043.18994140625,0.021973756246363108,2026-06-18
MU260702P00420000,2026-06-17 19:52:50+00:00,420.0,1.02,0.0,0.0,0.0,0.0,10.0,34,0.500005,False,REGULAR,USD,MU,put,2026-07-02,0.038356164383561646,1.02,3.8604499491196225e-22,0.0,-1.42837955385221e-14,1043.18994140625,0.021973756246363108,2026-06-18
MU260702P00425000,2026-06-17 15:44:59+00:00,425.0,0.7,0.0,0.0,0.0,0.0,3.0,128,0.500005,False,REGULAR,USD,MU,put,2026-07-02,0.038356164383561646,0.7,1.1870929982755185e-21,0.0,-1.653565851204217e-13,1043.18994140625,0.021973756246363108,2026-06-18
MU260702P00430000,2026-06-17 18:45:47+00:00,430.0,0.91,0.0,0.0,0.0,0.0,4.0,60,0.500005,False,REGULAR,USD,MU,put,2026-07-02,0.038356164383561646,0.91,3.5513496514473315e-21,0.0,-2.3188436417721503e-13,1043.18994140625,0.021973756246363108,2026-06-18
MU260702P00435000,2026-06-11 19:55:38+00:00,435.0,2.57,0.0,0.0,0.0,0.0,6.0,156,0.500005,False,REGULAR,USD,MU,put,2026-07-02,0.038356164383561646,2.57,1.0344551485182458e-20,0.0,-1.7561558128871541e-12,1043.18994140625,0.021973756246363108,2026-06-18
MU260702P00440000,2026-06-17 13:32:33+00:00,440.0,0.61,0.0,0.0,0.0,0.0,3.0,44,0.500005,False,REGULAR,USD,MU,put,2026-07-02,0.038356164383561646,0.61,2.93611837492216e-20,0.0,-1.4058954299518776e-12,1043.18994140625,0.021973756246363108,2026-06-18
MU260702P00445000,2026-06-11 15:07:24+00:00,445.0,2.65,0.0,0.0,0.0,0.0,50.0,53,0.500005,False,REGULAR,USD,MU,put,2026-07-02,0.038356164383561646,2.65,8.126440490740698e-20,0.0,-4.687086956218868e-12,1043.18994140625,0.021973756246363108,2026-06-18
MU260702P00450000,2026-06-17 19:11:00+00:00,450.0,1.01,0.0,0.0,0.0,0.0,27.0,289,0.500005,False,REGULAR,USD,MU,put,2026-07-02,0.038356164383561646,1.01,2.194830802324095e-19,0.0,-6.902806048506778e-11,1043.18994140625,0.021973756246363108,2026-06-18
MU260702P00455000,2026-06-17 15:44:10+00:00,455.0,1.05,0.0,0.0,0.0,0.0,1.0,12,0.500005,False,REGULAR,USD,MU,put,2026-07-02,0.038356164383561646,1.05,5.788592060633265e-19,0.0,-7.559289403757695e-12,1043.18994140625,0.021973756246363108,2026-06-18
MU260702P00460000,2026-06-15 14:44:30+00:00,460.0,1.5,0.0,0.0,0.0,0.0,9.0,16,0.500005,False,REGULAR,USD,MU,put,2026-07-02,0.038356164383561646,1.5,1.4917713744955744e-18,0.0,-2.5974609890013646e-11,1043.18994140625,0.021973756246363108,2026-06-18
MU260702P00465000,2026-06-17 16:11:04+00:00,465.0,1.23,0.0,0.0,0.0,0.0,5.0,37,0.500005,False,REGULAR,USD,MU,put,2026-07-02,0.038356164383561646,1.23,3.758933588887999e-18,0.0,-1.5135374059301781e-10,1043.18994140625,0.021973756246363108,2026-06-18
MU260702P00470000,2026-06-17 19:42:02+00:00,470.0,1.0,0.0,0.0,0.0,0.0,14.0,33,0.500005,False,REGULAR,USD,MU,put,2026-07-02,0.038356164383561646,1.0,9.266711435261626e-18,-1.1102230246251565e-16,-3.3278700636165193e-10,1043.18994140625,0.021973756246363108,2026-06-18
MU260702P00475000,2026-06-17 15:30:43+00:00,475.0,1.03,0.0,0.0,0.0,0.0,4.0,21,0.500005,False,REGULAR,USD,MU,put,2026-07-02,0.038356164383561646,1.03,2.2363570876899014e-17,-3.3306690738754696e-16,-5.110780471849441e-10,1043.18994140625,0.021973756246363108,2026-06-18
MU260702P00480000,2026-06-17 19:44:14+00:00,480.0,1.48,0.0,0.0,0.0,0.0,9.0,43,0.500005,False,REGULAR,USD,MU,put,2026-07-02,0.038356164383561646,1.48,5.2863744840125136e-17,-6.661338147750939e-16,-2.473734935191827e-09,1043.18994140625,0.021973756246363108,2026-06-18
MU260702P00485000,2026-06-17 15:43:00+00:00,485.0,1.31,0.0,0.0,0.0,0.0,3.0,20,0.500005,False,REGULAR,USD,MU,put,2026-07-02,0.038356164383561646,1.31,1.224655500517949e-16,-1.5543122344752192e-15,-2.6654510720827867e-09,1043.18994140625,0.021973756246363108,2026-06-18
MU260702P00490000,2026-06-16 17:31:40+00:00,490.0,1.55,0.0,0.0,0.0,0.0,5.0,7,0.500005,False,REGULAR,USD,MU,put,2026-07-02,0.038356164383561646,1.55,2.781882535386799e-16,-3.552713678800501e-15,-2.1191593261343113e-09,1043.18994140625,0.021973756246363108,2026-06-18
MU260702P00495000,2026-06-17 19:42:02+00:00,495.0,1.3,0.0,0.0,0.0,0.0,6.0,451,0.500005,False,REGULAR,USD,MU,put,2026-07-02,0.038356164383561646,1.3,6.199463057421777e-16,-8.104628079763643e-15,-3.0426878481478904e-07,1043.18994140625,0.021973756246363108,2026-06-18
MU260702P00500000,2026-06-17 18:43:50+00:00,500.0,1.35,0.0,0.0,0.0,0.0,9.0,161,0.500005,False,REGULAR,USD,MU,put,2026-07-02,0.038356164383561646,1.35,1.3560439114632732e-15,-1.7985612998927536e-14,-2.3758904445685418e-07,1043.18994140625,0.021973756246363108,2026-06-18
MU260702P00505000,2026-06-17 16:25:22+00:00,505.0,1.51,0.0,0.0,0.0,0.0,6.0,15,0.500005,False,REGULAR,USD,MU,put,2026-07-02,0.038356164383561646,1.51,2.9127583288210473e-15,-3.9190872769268026e-14,-4.754693140432479e-08,1043.18994140625,0.021973756246363108,2026-06-18
MU260702P00510000,2026-06-17 15:33:39+00:00,510.0,1.5,0.0,0.0,0.0,0.0,13.0,40,0.500005,False,REGULAR,USD,MU,put,2026-07-02,0.038356164383561646,1.5,6.146753677518132e-15,-8.37108160567368e-14,-2.675670206460546e-07,1043.18994140625,0.021973756246363108,2026-06-18
MU260702P00515000,2026-06-17 14:16:12+00:00,515.0,1.51,0.0,0.0,0.0,0.0,13.0,17,0.500005,False,REGULAR,USD,MU,put,2026-07-02,0.038356164383561646,1.51,1.274942966073034e-14,-1.758593271006248e-13,-2.358666073991863e-07,1043.18994140625,0.021973756246363108,2026-06-18
MU260702P00520000,2026-06-17 19:41:26+00:00,520.0,2.0,0.0,0.0,0.0,0.0,8.0,24,0.500005,False,REGULAR,USD,MU,put,2026-07-02,0.038356164383561646,2.0,2.600314102218644e-14,-3.6348701826227625e-13,-6.791470752628127e-07,1043.18994140625,0.021973756246363108,2026-06-18
MU260702P00525000,2026-06-17 15:38:36+00:00,525.0,1.71,0.0,0.0,0.0,0.0,37.0,48,0.500005,False,REGULAR,USD,MU,put,2026-07-02,0.038356164383561646,1.71,5.21712616847085e-14,-7.388534228880417e-13,-2.7252061399589613e-06,1043.18994140625,0.021973756246363108,2026-06-18
MU260702P00530000,2026-06-17 17:55:35+00:00,530.0,1.76,0.0,0.0,0.0,0.0,34.0,38,0.500005,False,REGULAR,USD,MU,put,2026-07-02,0.038356164383561646,1.76,1.0301057645364786e-13,-1.4783729795908584e-12,-4.259829295041925e-06,1043.18994140625,0.021973756246363108,2026-06-18
MU260702P00535000,2026-06-17 17:55:35+00:00,535.0,1.92,0.0,0.0,0.0,0.0,24.0,20,0.500005,False,REGULAR,USD,MU,put,2026-07-02,0.038356164383561646,1.92,2.002378024734227e-13,-2.9123370381967106e-12,-4.358156763665827e-06,1043.18994140625,0.021973756246363108,2026-06-18
MU260702P00540000,2026-06-17 14:52:08+00:00,540.0,1.93,0.0,0.0,0.0,0.0,80.0,73,0.500005,False,REGULAR,USD,MU,put,2026-07-02,0.038356164383561646,1.93,3.8334297117310727e-13,-5.650480083829734e-12,-3.0453495335272956e-05,1043.18994140625,0.021973756246363108,2026-06-18
MU260702P00545000,2026-06-17 14:52:08+00:00,545.0,2.03,0.0,0.0,0.0,0.0,65.0,60,0.500005,False,REGULAR,USD,MU,put,2026-07-02,0.038356164383561646,2.03,7.230433338182416e-13,-1.080147082888061e-11,-4.7210908581385947e-05,1043.18994140625,0.021973756246363108,2026-06-18
MU260702P00550000,2026-06-17 19:52:15+00:00,550.0,2.5,0.0,0.0,0.0,0.0,22.0,231,0.500005,False,REGULAR,USD,MU,put,2026-07-02,0.038356164383561646,2.5,1.3440943358330528e-12,-2.0351387242101282e-11,-0.0003378846890723691,1043.18994140625,0.021973756246363108,2026-06-18
MU260702P00555000,2026-06-17 17:56:25+00:00,555.0,2.1,0.0,0.0,0.0,0.0,71.0,40,0.500005,False,REGULAR,USD,MU,put,2026-07-02,0.038356164383561646,2.1,2.4633844757462095e-12,-3.780609159065307e-11,-0.00010723065856565912,1043.18994140625,0.021973756246363108,2026-06-18
MU260702P00560000,2026-06-17 19:38:28+00:00,560.0,2.5,0.0,0.0,0.0,0.0,83.0,222,0.500005,False,REGULAR,USD,MU,put,2026-07-02,0.038356164383561646,2.5,4.45261855997062e-12,-6.926836881859799e-11,-0.0010757101053516854,1043.18994140625,0.021973756246363108,2026-06-18
MU260702P00565000,2026-06-17 17:55:11+00:00,565.0,2.31,0.0,0.0,0.0,0.0,9.0,44,0.500005,False,REGULAR,USD,MU,put,2026-07-02,0.038356164383561646,2.31,7.939972919179768e-12,-1.2521383929708918e-10,-0.00038018806518018666,1043.18994140625,0.021973756246363108,2026-06-18
MU260702P00570000,2026-06-17 14:15:30+00:00,570.0,2.45,0.0,0.0,0.0,0.0,1.0,161,0.500005,False,REGULAR,USD,MU,put,2026-07-02,0.038356164383561646,2.45,1.3972622578528144e-11,-2.2338297878121693e-10,-0.002448108072994861,1043.18994140625,0.021973756246363108,2026-06-18
MU260702P00575000,2026-06-17 14:30:09+00:00,575.0,2.57,0.0,0.0,0.0,0.0,7.0,203,0.500005,False,REGULAR,USD,MU,put,2026-07-02,0.038356164383561646,2.57,2.4272989361141986e-11,-3.9342373803208375e-10,-0.005362237990215696,1043.18994140625,0.021973756246363108,2026-06-18
MU260702P00580000,2026-06-17 15:41:02+00:00,580.0,2.44,0.0,0.0,0.0,0.0,62.0,66,0.500005,False,REGULAR,USD,MU,put,2026-07-02,0.038356164383561646,2.44,4.163726087737147e-11,-6.842443278642918e-10,-0.00299056240118874,1043.18994140625,0.021973756246363108,2026-06-18
MU260702P00585000,2026-06-17 17:51:41+00:00,585.0,2.54,0.0,0.0,0.0,0.0,91.0,60,0.500005,False,REGULAR,USD,MU,put,2026-07-02,0.038356164383561646,2.54,7.05468976364127e-11,-1.1755100226551463e-09,-0.004606339591605049,1043.18994140625,0.021973756246363108,2026-06-18
MU260702P00590000,2026-06-17 17:51:49+00:00,590.0,2.73,0.0,0.0,0.0,0.0,17.0,61,0.500005,False,REGULAR,USD,MU,put,2026-07-02,0.038356164383561646,2.73,1.1809466040741647e-10,-1.9953840801889555e-09,-0.007839473175305773,1043.18994140625,0.021973756246363108,2026-06-18
MU260702P00595000,2026-06-17 17:51:49+00:00,595.0,2.74,0.0,0.0,0.0,0.0,14.0,51,0.500005,False,REGULAR,USD,MU,put,2026-07-02,0.038356164383561646,2.74,1.9536886775010286e-10,-3.3475628935519808e-09,-0.010843071397045696,1043.18994140625,0.021973756246363108,2026-06-18
MU260702P00600000,2026-06-17 19:52:37+00:00,600.0,3.07,0.0,0.0,0.0,0.0,60.0,692,0.500005,False,REGULAR,USD,MU,put,2026-07-02,0.038356164383561646,3.07,3.1949643659425893e-10,-5.551965442940343e-09,-0.24060181267627717,1043.18994140625,0.021973756246363108,2026-06-18
MU260702P00605000,2026-06-17 17:51:05+00:00,605.0,3.0,0.0,0.0,0.0,0.0,4.0,106,0.500005,False,REGULAR,USD,MU,put,2026-07-02,0.038356164383561646,3.0,5.16620683243185e-10,-9.105231124628688e-09,-0.059594260697559236,1043.18994140625,0.021973756246363108,2026-06-18
MU260702P00610000,2026-06-17 17:57:08+00:00,610.0,3.12,0.0,0.0,0.0,0.0,15.0,64,0.500005,False,REGULAR,USD,MU,put,2026-07-02,0.038356164383561646,3.12,8.261883855704186e-10,-1.4769599654407273e-08,-0.05754211772057427,1043.18994140625,0.021973756246363108,2026-06-18
MU260702P00615000,2026-06-17 17:57:08+00:00,615.0,3.14,0.0,0.0,0.0,0.0,18.0,161,0.500005,False,REGULAR,USD,MU,put,2026-07-02,0.038356164383561646,3.14,1.3070472778130205e-09,-2.3701962725830583e-08,-0.22900446745889802,1043.18994140625,0.021973756246363108,2026-06-18
MU260702P00620000,2026-06-17 18:00:54+00:00,620.0,3.45,0.0,0.0,0.0,0.0,10.0,133,0.500005,False,REGULAR,USD,MU,put,2026-07-02,0.038356164383561646,3.45,2.04601540162394e-09,-3.763909262044507e-08,-0.2961333511664466,1043.18994140625,0.021973756246363108,2026-06-18
MU260702P00625000,2026-06-17 19:41:16+00:00,625.0,3.4,0.0,0.0,0.0,0.0,8.0,120,0.500005,False,REGULAR,USD,MU,put,2026-07-02,0.038356164383561646,3.4,3.1697831534398913e-09,-5.9160500609500843e-08,-0.4139401766962048,1043.18994140625,0.021973756246363108,2026-06-18
MU260702P00630000,2026-06-17 19:25:52+00:00,630.0,3.5,0.0,0.0,0.0,0.0,14.0,108,0.500005,False,REGULAR,USD,MU,put,2026-07-02,0.038356164383561646,3.5,4.861252832208267e-09,-9.205731710260068e-08,-0.5713454148214929,1043.18994140625,0.021973756246363108,2026-06-18
MU260702P00635000,2026-06-17 19:45:09+00:00,635.0,4.01,0.0,0.0,0.0,0.0,10.0,86,0.500005,False,REGULAR,USD,MU,put,2026-07-02,0.038356164383561646,4.01,7.381713718863784e-09,-1.4184429686370237e-07,-0.6908478831063793,1043.18994140625,0.021973756246363108,2026-06-18
MU260702P00640000,2026-06-17 17:58:17+00:00,640.0,3.72,0.0,0.0,0.0,0.0,6.0,50,0.500005,False,REGULAR,USD,MU,put,2026-07-02,0.038356164383561646,3.72,1.110059666215462e-08,-2.1646283365761576e-07,-0.6040085816252981,1043.18994140625,0.021973756246363108,2026-06-18
MU260702P00645000,2026-06-17 16:43:14+00:00,645.0,3.9,0.0,0.0,0.0,0.0,6.0,121,0.500005,False,REGULAR,USD,MU,put,2026-07-02,0.038356164383561646,3.9,1.653495227524059e-08,-3.272360012962494e-07,-2.1772840836785377,1043.18994140625,0.021973756246363108,2026-06-18
MU260702P00650000,2026-06-17 19:41:27+00:00,650.0,4.6,0.0,0.0,0.0,0.0,49.0,442,0.500005,False,REGULAR,USD,MU,put,2026-07-02,0.038356164383561646,4.6,2.4401249827814125e-08,-4.901524014444547e-07,-11.737108586414744,1043.18994140625,0.021973756246363108,2026-06-18
MU260702P00655000,2026-06-17 17:30:13+00:00,655.0,4.0,0.0,0.0,0.0,0.0,6.0,63,0.500005,False,REGULAR,USD,MU,put,2026-07-02,0.038356164383561646,4.0,3.5682594705508934e-08,-7.275742114343231e-07,-2.446379103002006,1043.18994140625,0.021973756246363108,2026-06-18
MU260702P00660000,2026-06-17 19:53:14+00:00,660.0,4.61,0.0,0.0,0.0,0.0,225.0,348,0.500005,False,REGULAR,USD,MU,put,2026-07-02,0.038356164383561646,4.61,5.171500122088053e-08,-1.070486436383078e-06,-19.58495441177278,1043.18994140625,0.021973756246363108,2026-06-18
MU260702P00665000,2026-06-17 18:44:08+00:00,665.0,4.32,0.0,0.0,0.0,0.0,5.0,174,0.500005,False,REGULAR,USD,MU,put,2026-07-02,0.038356164383561646,4.32,7.429691938490551e-08,-1.5614290242993434e-06,-14.068468961971305,1043.18994140625,0.021973756246363108,2026-06-18
MU260702P00670000,2026-06-17 18:03:10+00:00,670.0,5.0,0.0,0.0,0.0,0.0,8.0,799,0.500005,False,REGULAR,USD,MU,put,2026-07-02,0.038356164383561646,5.0,1.0582677745816745e-07,-2.2582810873528203e-06,-92.017225151073,1043.18994140625,0.021973756246363108,2026-06-18
MU260702P00675000,2026-06-17 19:42:36+00:00,675.0,5.55,0.0,0.0,0.0,0.0,2.0,151,0.500005,False,REGULAR,USD,MU,put,2026-07-02,0.038356164383561646,5.55,1.4947383828173766e-07,-3.2390967052986497e-06,-24.562293457837885,1043.18994140625,0.021973756246363108,2026-06-18
MU260702P00680000,2026-06-17 19:53:14+00:00,680.0,5.44,0.0,0.0,0.0,0.0,47.0,386,0.500005,False,REGULAR,USD,MU,put,2026-07-02,0.038356164383561646,5.44,2.093881409659678e-07,-4.608224144941886e-06,-87.956141138909,1043.18994140625,0.021973756246363108,2026-06-18
MU260702P00685000,2026-06-17 18:08:12+00:00,685.0,5.4,0.0,0.0,0.0,0.0,26.0,104,0.500005,False,REGULAR,USD,MU,put,2026-07-02,0.038356164383561646,5.4,2.909556678972405e-07,-6.5039740368977306e-06,-32.92963696570816,1043.18994140625,0.021973756246363108,2026-06-18
MU260702P00690000,2026-06-17 19:06:40+00:00,690.0,5.52,0.0,0.0,0.0,0.0,204.0,941,0.500005,False,REGULAR,USD,MU,put,2026-07-02,0.038356164383561646,5.52,4.011050912328447e-07,-9.108136044266857e-06,-410.7471698317344,1043.18994140625,0.021973756246363108,2026-06-18
MU260702P00695000,2026-06-17 19:25:35+00:00,695.0,4.95,0.0,0.0,0.0,0.0,3.0,116,0.500005,False,REGULAR,USD,MU,put,2026-07-02,0.038356164383561646,4.95,5.486724589562088e-07,-1.2657676450200661e-05,-69.26246312784198,1043.18994140625,0.021973756246363108,2026-06-18
MU260702P00700000,2026-06-17 19:53:30+00:00,700.0,6.5,0.0,0.0,0.0,0.0,66.0,715,0.500005,False,REGULAR,USD,MU,put,2026-07-02,0.038356164383561646,6.5,7.448299207157455e-07,-1.7458979183593293e-05,-579.5487026938591,1043.18994140625,0.021973756246363108,2026-06-18
MU260702P00705000,2026-06-17 19:58:54+00:00,705.0,7.3,0.0,0.0,0.0,0.0,4.0,192,0.2500075,False,REGULAR,USD,MU,put,2026-07-02,0.038356164383561646,7.3,6.180813939080174e-17,-3.3306690738754696e-16,-1.2914383553551078e-08,1043.18994140625,0.021973756246363108,2026-06-18
MU260702P00710000,2026-06-17 17:28:35+00:00,710.0,6.2,0.0,0.0,0.0,0.0,17.0,110,0.2500075,False,REGULAR,USD,MU,put,2026-07-02,0.038356164383561646,6.2,1.957345317711172e-16,-1.2212453270876722e-15,-2.343078927361704e-08,1043.18994140625,0.021973756246363108,2026-06-18
MU260702P00715000,2026-06-16 16:28:49+00:00,715.0,7.95,0.0,0.0,0.0,0.0,5.0,57,0.2500075,False,REGULAR,USD,MU,put,2026-07-02,0.038356164383561646,7.95,6.023147179384214e-16,-3.885780586188048e-15,-3.73615695879082e-08,1043.18994140625,0.021973756246363108,2026-06-18
MU260702P00720000,2026-06-17 19:15:00+00:00,720.0,6.2,0.0,0.0,0.0,0.0,38.0,324,0.2500075,False,REGULAR,USD,MU,put,2026-07-02,0.038356164383561646,6.2,1.8019787065304777e-15,-1.1879386363489175e-14,-6.353623070749458e-07,1043.18994140625,0.021973756246363108,2026-06-18
MU260702P00725000,2026-06-17 17:34:30+00:00,725.0,7.1,0.0,0.0,0.0,0.0,1.0,96,0.2500075,False,REGULAR,USD,MU,put,2026-07-02,0.038356164383561646,7.1,5.244162553499115e-15,-3.519406988061746e-14,-5.478657608898694e-07,1043.18994140625,0.021973756246363108,2026-06-18
MU260702P00730000,2026-06-17 19:52:17+00:00,730.0,8.55,0.0,0.0,0.0,0.0,42.0,145,0.2500075,False,REGULAR,USD,MU,put,2026-07-02,0.038356164383561646,8.55,1.485345631270218e-14,-1.0147438445073931e-13,-2.343809483659669e-06,1043.18994140625,0.021973756246363108,2026-06-18
MU260702P00735000,2026-06-17 19:13:03+00:00,735.0,7.1,0.0,0.0,0.0,0.0,10.0,111,0.2500075,False,REGULAR,USD,MU,put,2026-07-02,0.038356164383561646,7.1,4.0965942925398446e-14,-2.849942504212777e-13,-4.948490218349432e-06,1043.18994140625,0.021973756246363108,2026-06-18
MU260702P00740000,2026-06-17 15:15:59+00:00,740.0,9.0,0.0,0.0,0.0,0.0,8.0,674,0.2500075,False,REGULAR,USD,MU,put,2026-07-02,0.038356164383561646,9.0,1.100718742843831e-13,-7.8026474170656e-13,-8.073522127665364e-05,1043.18994140625,0.021973756246363108,2026-06-18
MU260702P00745000,2026-06-17 19:58:34+00:00,745.0,10.02,0.0,0.0,0.0,0.0,11.0,223,0.2500075,False,REGULAR,USD,MU,put,2026-07-02,0.038356164383561646,10.02,2.882680901969223e-13,-2.0825563495918686e-12,-6.995652296156014e-05,1043.18994140625,0.021973756246363108,2026-06-18
MU260702P00750000,2026-06-17 19:50:01+00:00,750.0,9.54,0.0,0.0,0.0,0.0,613.0,1003,0.2500075,False,REGULAR,USD,MU,put,2026-07-02,0.038356164383561646,9.54,7.361858650397226e-13,-5.421219029244639e-12,-0.0008035542259025454,1043.18994140625,0.021973756246363108,2026-06-18
MU260702P00755000,2026-06-17 15:02:30+00:00,755.0,10.45,0.0,0.0,0.0,0.0,23.0,329,0.2500075,False,REGULAR,USD,MU,put,2026-07-02,0.038356164383561646,10.45,1.834206262925377e-12,-1.377109537514798e-11,-0.0006567057996099593,1043.18994140625,0.021973756246363108,2026-06-18
MU260702P00760000,2026-06-17 19:43:39+00:00,760.0,10.78,0.0,0.0,0.0,0.0,64.0,220,0.2500075,False,REGULAR,USD,MU,put,2026-07-02,0.038356164383561646,10.78,4.460392849396339e-12,-3.4151348415889515e-11,-0.001067880296706803,1043.18994140625,0.021973756246363108,2026-06-18
MU260702P00765000,2026-06-17 19:35:20+00:00,765.0,9.45,0.0,0.0,0.0,0.0,6.0,112,0.2500075,False,REGULAR,USD,MU,put,2026-07-02,0.038356164383561646,9.45,1.0591372043731536e-11,-8.271916485114161e-11,-0.001290913160136641,1043.18994140625,0.021973756246363108,2026-06-18
MU260702P00770000,2026-06-17 19:43:32+00:00,770.0,11.45,0.0,0.0,0.0,0.0,47.0,242,0.2500075,False,REGULAR,USD,MU,put,2026-07-02,0.038356164383561646,11.45,2.4568071020527986e-11,-1.9577373056023362e-10,-0.006470132977617099,1043.18994140625,0.021973756246363108,2026-06-18
MU260702P00775000,2026-06-17 18:46:11+00:00,775.0,9.99,0.0,0.0,0.0,0.0,9.0,136,0.2500075,False,REGULAR,USD,MU,put,2026-07-02,0.038356164383561646,9.99,5.569432011021344e-11,-4.5293579997718325e-10,-0.008242834815591469,1043.18994140625,0.021973756246363108,2026-06-18
MU260702P00780000,2026-06-17 19:52:47+00:00,780.0,13.12,0.0,0.0,0.0,0.0,37.0,291,0.2500075,False,REGULAR,USD,MU,put,2026-07-02,0.038356164383561646,13.12,1.2343801293106822e-10,-1.0247883652780843e-09,-0.039090272029663004,1043.18994140625,0.021973756246363108,2026-06-18
MU260702P00785000,2026-06-17 19:59:12+00:00,785.0,14.1,0.0,0.0,0.0,0.0,22.0,133,0.2500075,False,REGULAR,USD,MU,put,2026-07-02,0.038356164383561646,14.1,2.675828295981099e-10,-2.268423338058767e-09,-0.03872903399485405,1043.18994140625,0.021973756246363108,2026-06-18
MU260702P00790000,2026-06-17 19:59:45+00:00,790.0,14.75,0.0,0.0,0.0,0.0,94.0,279,0.2500075,False,REGULAR,USD,MU,put,2026-07-02,0.038356164383561646,14.75,5.675551905199419e-10,-4.914505580266848e-09,-0.17232134862455747,1043.18994140625,0.021973756246363108,2026-06-18
MU260702P00795000,2026-06-17 18:56:06+00:00,795.0,11.5,0.0,0.0,0.0,0.0,7.0,91,0.2500075,False,REGULAR,USD,MU,put,2026-07-02,0.038356164383561646,11.5,1.1783218606114347e-09,-1.042488240177164e-08,-0.11668958868107267,1043.18994140625,0.021973756246363108,2026-06-18
MU260702P00800000,2026-06-17 19:59:56+00:00,800.0,16.0,0.0,0.0,0.0,0.0,156.0,684,0.2500075,False,REGULAR,USD,MU,put,2026-07-02,0.038356164383561646,16.0,2.3954521431931633e-09,-2.166029822170401e-08,-1.7830781671497888,1043.18994140625,0.021973756246363108,2026-06-18
MU260702P00805000,2026-06-17 19:42:00+00:00,805.0,15.55,0.0,0.0,0.0,0.0,45.0,133,0.2500075,False,REGULAR,USD,MU,put,2026-07-02,0.038356164383561646,15.55,4.770204065086278e-09,-4.409837428553942e-08,-0.6904232071863194,1043.18994140625,0.021973756246363108,2026-06-18
MU260702P00810000,2026-06-17 19:08:38+00:00,810.0,13.0,0.0,0.0,0.0,0.0,22.0,102,0.2500075,False,REGULAR,USD,MU,put,2026-07-02,0.038356164383561646,13.0,9.308227592236244e-09,-8.800458317637094e-08,-1.0332227188997998,1043.18994140625,0.021973756246363108,2026-06-18
MU260702P00815000,2026-06-17 18:54:04+00:00,815.0,13.77,0.0,0.0,0.0,0.0,5.0,110,0.2500075,False,REGULAR,USD,MU,put,2026-07-02,0.038356164383561646,13.77,1.780446366301652e-08,-1.722142530802273e-07,-2.1313185386507785,1043.18994140625,0.021973756246363108,2026-06-18
MU260702P00820000,2026-06-17 19:50:23+00:00,820.0,18.0,0.0,0.0,0.0,0.0,9.0,361,0.2500075,False,REGULAR,USD,MU,put,2026-07-02,0.038356164383561646,18.0,3.339417032398011e-08,-3.3057306547679133e-07,-13.11911809745425,1043.18994140625,0.021973756246363108,2026-06-18
MU260702P00825000,2026-06-17 19:58:54+00:00,825.0,19.68,0.0,0.0,0.0,0.0,16.0,172,0.2500075,False,REGULAR,USD,MU,put,2026-07-02,0.038356164383561646,19.68,6.143799951667594e-08,-6.226599678083033e-07,-11.499853157382946,1043.18994140625,0.021973756246363108,2026-06-18
MU260702P00830000,2026-06-17 19:39:01+00:00,830.0,17.09,0.0,0.0,0.0,0.0,7.0,536,0.2500075,False,REGULAR,USD,MU,put,2026-07-02,0.038356164383561646,17.09,1.1090976506911405e-07,-1.1512435998950465e-06,-64.69360563702575,1043.18994140625,0.021973756246363108,2026-06-18
MU260702P00835000,2026-06-17 15:09:41+00:00,835.0,21.85,0.0,0.0,0.0,0.0,13.0,124,0.2500075,False,REGULAR,USD,MU,put,2026-07-02,0.038356164383561646,21.85,1.965203112790259e-07,-2.0900721339200956e-06,-26.518924708309694,1043.18994140625,0.021973756246363108,2026-06-18
MU260702P00840000,2026-06-17 19:40:51+00:00,840.0,19.75,0.0,0.0,0.0,0.0,16.0,414,0.2500075,False,REGULAR,USD,MU,put,2026-07-02,0.038356164383561646,19.75,3.418894600050849e-07,-3.727137397824265e-06,-154.0326670276018,1043.18994140625,0.021973756246363108,2026-06-18
MU260702P00845000,2026-06-17 19:44:18+00:00,845.0,21.9,0.0,0.0,0.0,0.0,35.0,73,0.2500075,False,REGULAR,USD,MU,put,2026-07-02,0.038356164383561646,21.9,5.84167493948623e-07,-6.530544482519218e-06,-46.407377700291875,1043.18994140625,0.021973756246363108,2026-06-18
MU260702P00850000,2026-06-17 19:58:48+00:00,850.0,24.48,0.0,0.0,0.0,0.0,305.0,945,0.2500075,False,REGULAR,USD,MU,put,2026-07-02,0.038356164383561646,24.48,9.806012917311312e-07,-1.1246582639401481e-05,-1008.442293056165,1043.18994140625,0.021973756246363108,2026-06-18
MU260702P00855000,2026-06-17 19:59:30+00:00,855.0,25.7,0.0,0.0,0.0,0.0,11.0,48,0.2500075,False,REGULAR,USD,MU,put,2026-07-02,0.038356164383561646,25.7,1.6176263045616452e-06,-1.9042499549093428e-05,-84.49795912531324,1043.18994140625,0.021973756246363108,2026-06-18
MU260702P00860000,2026-06-17 19:38:21+00:00,860.0,22.15,0.0,0.0,0.0,0.0,29.0,194,0.2500075,False,REGULAR,USD,MU,put,2026-07-02,0.038356164383561646,22.15,2.62312638030458e-06,-3.1709709115035345e-05,-553.7933377219448,1043.18994140625,0.021973756246363108,2026-06-18
MU260702P00865000,2026-06-17 17:55:32+00:00,865.0,23.3,0.0,0.0,0.0,0.0,45.0,98,0.12500875,False,REGULAR,USD,MU,put,2026-07-02,0.038356164383561646,23.3,1.7111046256949789e-15,-5.551115123125783e-15,-1.8248594580002455e-07,1043.18994140625,0.021973756246363108,2026-06-18
MU260702P00870000,2026-06-17 19:59:57+00:00,870.0,28.7,0.0,0.0,0.0,0.0,33.0,179,0.12500875,False,REGULAR,USD,MU,put,2026-07-02,0.038356164383561646,28.7,1.0259357641615186e-14,-3.441691376337985e-14,-1.9984808097278628e-06,1043.18994140625,0.021973756246363108,2026-06-18
MU260702P00875000,2026-06-17 19:59:24+00:00,875.0,29.97,0.0,0.0,0.0,0.0,16.0,110,0.12500875,False,REGULAR,USD,MU,put,2026-07-02,0.038356164383561646,29.97,5.762924661907457e-14,-1.9917401061775308e-13,-6.8986229527849485e-06,1043.18994140625,0.021973756246363108,2026-06-18
MU260702P00880000,2026-06-17 19:57:50+00:00,880.0,30.78,0.0,0.0,0.0,0.0,43.0,334,0.12500875,False,REGULAR,USD,MU,put,2026-07-02,0.038356164383561646,30.78,3.0360101331138216e-13,-1.0829115382193777e-12,-0.00011035104884137338,1043.18994140625,0.021973756246363108,2026-06-18
MU260702P00885000,2026-06-17 18:29:08+00:00,885.0,29.3,0.0,0.0,0.0,0.0,16.0,39,0.12500875,False,REGULAR,USD,MU,put,2026-07-02,0.038356164383561646,29.3,1.5015852885454387e-12,-5.531242130984992e-12,-6.372962947698054e-05,1043.18994140625,0.021973756246363108,2026-06-18
MU260702P00890000,2026-06-17 19:49:30+00:00,890.0,30.92,0.0,0.0,0.0,0.0,39.0,389,0.12500875,False,REGULAR,USD,MU,put,2026-07-02,0.038356164383561646,30.92,6.9794826301764195e-12,-2.6574187295125284e-11,-0.002954606261337594,1043.18994140625,0.021973756246363108,2026-06-18
MU260702P00895000,2026-06-17 19:15:29+00:00,895.0,26.25,0.0,0.0,0.0,0.0,8.0,160,0.12500875,False,REGULAR,USD,MU,put,2026-07-02,0.038356164383561646,26.25,3.051785193748277e-11,-1.202100641251036e-10,-0.005313745204591762,1043.18994140625,0.021973756246363108,2026-06-18
MU260702P00900000,2026-06-17 19:52:50+00:00,900.0,36.0,0.0,0.0,0.0,0.0,162.0,1196,0.12500875,False,REGULAR,USD,MU,put,2026-07-02,0.038356164383561646,36.0,1.2565061773499502e-10,-5.125201374411859e-10,-0.16353947131871768,1043.18994140625,0.021973756246363108,2026-06-18
MU260702P00905000,2026-06-17 19:29:10+00:00,905.0,30.25,0.0,0.0,0.0,0.0,5.0,574,0.12500875,False,REGULAR,USD,MU,put,2026-07-02,0.038356164383561646,30.25,4.876062231378645e-10,-2.061627868421567e-09,-0.3045845807368169,1043.18994140625,0.021973756246363108,2026-06-18
MU260702P00910000,2026-06-17 19:21:21+00:00,910.0,31.98,0.0,0.0,0.0,0.0,11.0,392,0.12500875,False,REGULAR,USD,MU,put,2026-07-02,0.038356164383561646,31.98,1.7851453954560324e-09,-7.83198284004527e-09,-0.7615289935834082,1043.18994140625,0.021973756246363108,2026-06-18
MU260702P00915000,2026-06-17 19:59:24+00:00,915.0,41.05,0.0,0.0,0.0,0.0,3.0,72,0.12500875,False,REGULAR,USD,MU,put,2026-07-02,0.038356164383561646,41.05,6.171283227276699e-09,-2.8126956430618577e-08,-0.4835426171223767,1043.18994140625,0.021973756246363108,2026-06-18
MU260702P00920000,2026-06-17 19:33:01+00:00,920.0,34.8,0.0,0.0,0.0,0.0,35.0,307,0.12500875,False,REGULAR,USD,MU,put,2026-07-02,0.038356164383561646,34.8,2.0163451146095086e-08,-9.558410485333013e-08,-6.736433463376393,1043.18994140625,0.021973756246363108,2026-06-18
MU260702P00925000,2026-06-17 19:44:23+00:00,925.0,41.4,0.0,0.0,0.0,0.0,7.0,154,0.12500875,False,REGULAR,USD,MU,put,2026-07-02,0.038356164383561646,41.4,6.231952172742926e-08,-3.0766517511437996e-07,-10.444114256291115,1043.18994140625,0.021973756246363108,2026-06-18
MU260702P00930000,2026-06-17 19:09:01+00:00,930.0,34.81,0.0,0.0,0.0,0.0,24.0,300,0.12500875,False,REGULAR,USD,MU,put,2026-07-02,0.038356164383561646,34.81,1.823593876252929e-07,-9.388895970685596e-07,-59.53552142352953,1043.18994140625,0.021973756246363108,2026-06-18
MU260702P00935000,2026-06-17 14:02:08+00:00,935.0,55.0,0.0,0.0,0.0,0.0,2.0,38,0.12500875,False,REGULAR,USD,MU,put,2026-07-02,0.038356164383561646,55.0,5.056436564685629e-07,-2.7189713595054954e-06,-20.910043753090978,1043.18994140625,0.021973756246363108,2026-06-18
MU260702P00940000,2026-06-17 19:58:11+00:00,940.0,49.1,0.0,0.0,0.0,0.0,16.0,81,0.12500875,False,REGULAR,USD,MU,put,2026-07-02,0.038356164383561646,49.1,1.3296397732082718e-06,-7.479220197170733e-06,-117.20490797457806,1043.18994140625,0.021973756246363108,2026-06-18
MU260702P00945000,2026-06-17 18:51:16+00:00,945.0,38.95,0.0,0.0,0.0,0.0,19.0,58,0.12500875,False,REGULAR,USD,MU,put,2026-07-02,0.038356164383561646,38.95,3.318563145703567e-06,-1.9560287962794298e-05,-209.46181438920533,1043.18994140625,0.021973756246363108,2026-06-18
MU260702P00950000,2026-06-17 19:58:41+00:00,950.0,53.01,0.0,0.0,0.0,0.0,71.0,269,0.12500875,False,REGULAR,USD,MU,put,2026-07-02,0.038356164383561646,53.01,7.867554057566272e-06,-4.8681715284493166e-05,-2303.1318295297297,1043.18994140625,0.021973756246363108,2026-06-18
MU260702P00955000,2026-06-17 18:39:33+00:00,955.0,46.15,0.0,0.0,0.0,0.0,17.0,147,0.062509375,False,REGULAR,USD,MU,put,2026-07-02,0.038356164383561646,46.15,5.9626004335962e-14,-1.0180745135812685e-13,-9.538494285033875e-06,1043.18994140625,0.021973756246363108,2026-06-18
MU260702P00960000,2026-06-17 19:22:56+00:00,960.0,46.0,0.0,0.0,0.0,0.0,27.0,278,0.062509375,False,REGULAR,USD,MU,put,2026-07-02,0.038356164383561646,46.0,1.2497635259718548e-12,-2.261080211951594e-12,-0.00037809368470990035,1043.18994140625,0.021973756246363108,2026-06-18
MU260702P00965000,2026-06-17 19:52:50+00:00,965.0,58.0,0.0,0.0,0.0,0.0,1.0,28,0.062509375,False,REGULAR,USD,MU,put,2026-07-02,0.038356164383561646,58.0,2.1525474974611976e-11,-4.13830081313904e-11,-0.0006558998873843843,1043.18994140625,0.021973756246363108,2026-06-18
MU260702P00970000,2026-06-17 19:53:43+00:00,970.0,58.85,0.0,0.0,0.0,0.0,14.0,281,0.062509375,False,REGULAR,USD,MU,put,2026-07-02,0.038356164383561646,58.85,3.055595482160756e-10,-6.263656260330208e-10,-0.09343916760033008,1043.18994140625,0.021973756246363108,2026-06-18
MU260702P00975000,2026-06-17 18:44:31+00:00,975.0,49.33,0.0,0.0,0.0,0.0,13.0,45,0.062509375,False,REGULAR,USD,MU,put,2026-07-02,0.038356164383561646,49.33,3.5852436953764883e-09,-7.866404416745354e-09,-0.17557309959269904,1043.18994140625,0.021973756246363108,2026-06-18
MU260702P00980000,2026-06-17 19:28:33+00:00,980.0,51.68,0.0,0.0,0.0,0.0,14.0,118,0.062509375,False,REGULAR,USD,MU,put,2026-07-02,0.038356164383561646,51.68,3.487058847048474e-08,-8.22461335703295e-08,-4.477834783436299,1043.18994140625,0.021973756246363108,2026-06-18
MU260702P00985000,2026-06-17 18:46:18+00:00,985.0,52.07,0.0,0.0,0.0,0.0,10.0,37,0.062509375,False,REGULAR,USD,MU,put,2026-07-02,0.038356164383561646,52.07,2.8192451064501233e-07,-7.183077317396425e-07,-11.351711394188742,1043.18994140625,0.021973756246363108,2026-06-18
MU260702P00990000,2026-06-17 19:51:19+00:00,990.0,67.09,0.0,0.0,0.0,0.0,48.0,311,0.062509375,False,REGULAR,USD,MU,put,2026-07-02,0.038356164383561646,67.09,1.8999063296568825e-06,-5.258403390828725e-06,-643.0124183093926,1043.18994140625,0.021973756246363108,2026-06-18
MU260702P00995000,2026-06-17 19:34:06+00:00,995.0,59.43,0.0,0.0,0.0,0.0,13.0,65,0.062509375,False,REGULAR,USD,MU,put,2026-07-02,0.038356164383561646,59.43,1.0701097604457058e-05,-3.238017754148004e-05,-756.9522141381573,1043.18994140625,0.021973756246363108,2026-06-18
MU260702P01000000,2026-06-17 19:59:19+00:00,1000.0,74.0,0.0,0.0,0.0,0.0,171.0,825,0.0312596875,False,REGULAR,USD,MU,put,2026-07-02,0.038356164383561646,74.0,4.597551503748913e-13,-4.0245584642661925e-13,-0.0004127692472715148,1043.18994140625,0.021973756246363108,2026-06-18
MU260702P01005000,2026-06-17 19:51:49+00:00,1005.0,74.17,0.0,0.0,0.0,0.0,26.0,36,0.0312596875,False,REGULAR,USD,MU,put,2026-07-02,0.038356164383561646,74.17,1.1266376765666905e-10,-1.1076173311863613e-10,-0.004413809175601019,1043.18994140625,0.021973756246363108,2026-06-18
MU260702P01010000,2026-06-17 19:13:50+00:00,1010.0,60.13,0.0,0.0,0.0,0.0,23.0,60,0.0312596875,False,REGULAR,USD,MU,put,2026-07-02,0.038356164383561646,60.13,1.3902329310383746e-08,-1.5561966049126852e-08,-0.9077486333700717,1043.18994140625,0.021973756246363108,2026-06-18
MU260702P01015000,2026-06-17 15:38:50+00:00,1015.0,77.5,0.0,0.0,0.0,0.0,2.0,30,0.0312596875,False,REGULAR,USD,MU,put,2026-07-02,0.038356164383561646,77.5,8.725465945619041e-07,-1.131674155274709e-06,-28.486340708879936,1043.18994140625,0.021973756246363108,2026-06-18
MU260702P01020000,2026-06-17 19:39:24+00:00,1020.0,74.28,0.0,0.0,0.0,0.0,19.0,420,0.0312596875,False,REGULAR,USD,MU,put,2026-07-02,0.038356164383561646,74.28,2.8129472268361907e-05,-4.323887994672759e-05,-12856.941169540904,1043.18994140625,0.021973756246363108,2026-06-18
MU260702P01025000,2026-06-17 19:27:22+00:00,1025.0,67.7,0.0,0.0,0.0,0.0,13.0,50,0.015634843750000002,False,REGULAR,USD,MU,put,2026-07-02,0.038356164383561646,67.7,4.18275118297562e-10,-2.08761674613811e-10,-0.022759295614568038,1043.18994140625,0.021973756246363108,2026-06-18
MU260702P01030000,2026-06-17 19:39:24+00:00,1030.0,79.06,0.0,0.0,0.0,0.0,41.0,273,0.015634843750000002,False,REGULAR,USD,MU,put,2026-07-02,0.038356164383561646,79.06,2.4256491496895996e-06,-1.5954401297868515e-06,-720.6384206815918,1043.18994140625,0.021973756246363108,2026-06-18
MU260702P01035000,2026-06-17 19:58:31+00:00,1035.0,90.52,0.0,0.0,0.0,0.0,54.0,46,0.007822421875,False,REGULAR,USD,MU,put,2026-07-02,0.038356164383561646,90.52,1.5564872668647064e-09,-3.9471603763274743e-10,-0.07791663451888402,1043.18994140625,0.021973756246363108,2026-06-18
MU260702P01040000,2026-06-17 19:38:33+00:00,1040.0,81.76,0.0,0.0,0.0,0.0,69.0,87,0.0039162109375,False,REGULAR,USD,MU,put,2026-07-02,0.038356164383561646,81.76,7.882937939076586e-09,-1.0251571813668647e-09,-0.7463355724785011,1043.18994140625,0.021973756246363108,2026-06-18
MU260710C01045000,2026-06-17 19:56:33+00:00,1045.0,112.2,0.0,0.0,0.0,0.0,27.0,24,0.00196310546875,False,REGULAR,USD,MU,call,2026-07-10,0.06027397260273973,112.2,0.2954553175776651,0.9200848717049523,7716668.3298956575,1043.18994140625,0.021973756246363108,2026-06-18
MU260710C01050000,2026-06-17 19:58:49+00:00,1050.0,110.0,0.0,0.0,0.0,0.0,131.0,407,0.007822421875,False,REGULAR,USD,MU,call,2026-07-10,0.06027397260273973,110.0,0.020524715965383786,0.01651065669311324,9090721.367540747,1043.18994140625,0.021973756246363108,2026-06-18
MU260710C01055000,2026-06-17 19:54:09+00:00,1055.0,108.7,0.0,0.0,0.0,0.0,12.0,109,0.007822421875,False,REGULAR,USD,MU,call,2026-07-10,0.06027397260273973,108.7,4.9352974958638515e-06,2.057392989449341e-06,585.4187343076995,1043.18994140625,0.021973756246363108,2026-06-18
MU260710C01060000,2026-06-17 19:49:49+00:00,1060.0,110.93,0.0,0.0,0.0,0.0,270.0,217,0.015634843750000002,False,REGULAR,USD,MU,call,2026-07-10,0.06027397260273973,110.93,0.00019299355919516893,0.00020422730257803538,45575.278485503484,1043.18994140625,0.021973756246363108,2026-06-18
MU260710C01065000,2026-06-17 19:57:14+00:00,1065.0,103.0,0.0,0.0,0.0,0.0,30.0,42,0.015634843750000002,False,REGULAR,USD,MU,call,2026-07-10,0.06027397260273973,103.0,1.1946377745847799e-06,9.653776652837381e-07,54.60247330705511,1043.18994140625,0.021973756246363108,2026-06-18
MU260710C01070000,2026-06-17 19:57:44+00:00,1070.0,101.92,0.0,0.0,0.0,0.0,72.0,197,0.015634843750000002,False,REGULAR,USD,MU,call,2026-07-10,0.06027397260273973,101.92,1.7025333678669444e-09,1.1103725252813292e-09,0.3649964498495785,1043.18994140625,0.021973756246363108,2026-06-18
MU260710C01075000,2026-06-17 19:54:09+00:00,1075.0,100.3,0.0,0.0,0.0,0.0,51.0,46,0.0312596875,False,REGULAR,USD,MU,call,2026-07-10,0.06027397260273973,100.3,7.755639561783194e-05,0.0001616130007058535,3882.417454097846,1043.18994140625,0.021973756246363108,2026-06-18
MU260710C01080000,2026-06-17 19:49:23+00:00,1080.0,103.88,0.0,0.0,0.0,0.0,45.0,128,0.0312596875,False,REGULAR,USD,MU,call,2026-07-10,0.06027397260273973,103.88,7.3442799331333375e-06,1.3311198568717913e-05,1023.024355863908,1043.18994140625,0.021973756246363108,2026-06-18
MU260710C01085000,2026-06-17 19:59:06+00:00,1085.0,95.23,0.0,0.0,0.0,0.0,23.0,46,0.0312596875,False,REGULAR,USD,MU,call,2026-07-10,0.06027397260273973,95.23,4.890224510628063e-07,7.83703664265641e-07,24.48011262420531,1043.18994140625,0.021973756246363108,2026-06-18
MU260710C01090000,2026-06-17 19:27:55+00:00,1090.0,112.85,0.0,0.0,0.0,0.0,48.0,65,0.0312596875,False,REGULAR,USD,MU,call,2026-07-10,0.06027397260273973,112.85,2.300838377246769e-08,3.3036749846153955e-08,1.6275196885463339,1043.18994140625,0.021973756246363108,2026-06-18
MU260710C01095000,2026-06-17 19:27:38+00:00,1095.0,111.25,0.0,0.0,0.0,0.0,3.0,142,0.0312596875,False,REGULAR,USD,MU,call,2026-07-10,0.06027397260273973,111.25,7.686260253348287e-10,9.99539852087933e-10,0.11877641461611113,1043.18994140625,0.021973756246363108,2026-06-18
MU260710C01100000,2026-06-17 19:54:20+00:00,1100.0,90.0,0.0,0.0,0.0,0.0,169.0,354,0.0312596875,False,REGULAR,USD,MU,call,2026-07-10,0.06027397260273973,90.0,1.8317851414176636e-11,2.1768344719890017e-11,0.007056747461228982,1043.18994140625,0.021973756246363108,2026-06-18
MU260710C01105000,2026-06-17 19:49:34+00:00,1105.0,92.0,0.0,0.0,0.0,0.0,14.0,28,0.062509375,False,REGULAR,USD,MU,call,2026-07-10,0.06027397260273973,92.0,4.018670804401887e-05,0.00016786480833156495,1224.5238403105786,1043.18994140625,0.021973756246363108,2026-06-18
MU260710C01110000,2026-06-17 19:57:19+00:00,1110.0,85.4,0.0,0.0,0.0,0.0,141.0,165,0.062509375,False,REGULAR,USD,MU,call,2026-07-10,0.06027397260273973,85.4,1.340077215901349e-05,5.217914876779758e-05,2406.248905497921,1043.18994140625,0.021973756246363108,2026-06-18
MU260710C01115000,2026-06-17 18:50:25+00:00,1115.0,103.06,0.0,0.0,0.0,0.0,21.0,144,0.062509375,False,REGULAR,USD,MU,call,2026-07-10,0.06027397260273973,103.06,4.120866256777562e-06,1.5024868753861662e-05,645.7698929798843,1043.18994140625,0.021973756246363108,2026-06-18
MU260710C01120000,2026-06-17 19:50:15+00:00,1120.0,86.59,0.0,0.0,0.0,0.0,18.0,137,0.062509375,False,REGULAR,USD,MU,call,2026-07-10,0.06027397260273973,86.59,1.1698766479807986e-06,4.010190595132038e-06,174.41644123663042,1043.18994140625,0.021973756246363108,2026-06-18
MU260710C01125000,2026-06-17 19:22:04+00:00,1125.0,95.15,0.0,0.0,0.0,0.0,8.0,74,0.062509375,False,REGULAR,USD,MU,call,2026-07-10,0.06027397260273973,95.15,3.0694326989822997e-07,9.927698561688403e-07,24.718187193454874,1043.18994140625,0.021973756246363108,2026-06-18
MU260710C01130000,2026-06-17 17:48:50+00:00,1130.0,84.37,0.0,0.0,0.0,0.0,7.0,111,0.062509375,False,REGULAR,USD,MU,call,2026-07-10,0.06027397260273973,84.37,7.450896456185343e-08,2.2812281663198156e-07,9.000327002972067,1043.18994140625,0.021973756246363108,2026-06-18
MU260710C01135000,2026-06-17 18:42:03+00:00,1135.0,90.41,0.0,0.0,0.0,0.0,7.0,23,0.062509375,False,REGULAR,USD,MU,call,2026-07-10,0.06027397260273973,90.41,1.6751341351526626e-08,4.869081621280975e-08,0.419280057593115,1043.18994140625,0.021973756246363108,2026-06-18
MU260710C01140000,2026-06-17 19:54:51+00:00,1140.0,76.0,0.0,0.0,0.0,0.0,318.0,52,0.062509375,False,REGULAR,USD,MU,call,2026-07-10,0.06027397260273973,76.0,3.491661444164306e-09,9.660863030554401e-09,0.19758876772268125,1043.18994140625,0.021973756246363108,2026-06-18
MU260710C01150000,2026-06-17 19:56:29+00:00,1150.0,74.2,0.0,0.0,0.0,0.0,165.0,353,0.062509375,False,REGULAR,USD,MU,call,2026-07-10,0.06027397260273973,74.2,1.2139159353684838e-10,3.064728726458414e-10,0.04663265040993891,1043.18994140625,0.021973756246363108,2026-06-18
MU260710C01160000,2026-06-17 19:59:56+00:00,1160.0,67.8,0.0,0.0,0.0,0.0,40.0,157,0.062509375,False,REGULAR,USD,MU,call,2026-07-10,0.06027397260273973,67.8,3.1560308448642273e-12,7.329536767901288e-12,0.0005392220873052314,1043.18994140625,0.021973756246363108,2026-06-18
MU260710C01170000,2026-06-17 19:41:09+00:00,1170.0,72.56,0.0,0.0,0.0,0.0,119.0,44,0.062509375,False,REGULAR,USD,MU,call,2026-07-10,0.06027397260273973,72.56,6.183626624532707e-14,1.3301136767063218e-13,2.9608930233236124e-06,1043.18994140625,0.021973756246363108,2026-06-18
MU260710C01180000,2026-06-17 19:42:19+00:00,1180.0,69.33,0.0,0.0,0.0,0.0,53.0,72,0.12500875,False,REGULAR,USD,MU,call,2026-07-10,0.06027397260273973,69.33,5.707334142768462e-06,4.4023049219490525e-05,447.19050909675923,1043.18994140625,0.021973756246363108,2026-06-18
MU260710C01190000,2026-06-17 18:46:57+00:00,1190.0,75.43,0.0,0.0,0.0,0.0,216.0,96,0.12500875,False,REGULAR,USD,MU,call,2026-07-10,0.06027397260273973,75.43,1.8695636590074076e-06,1.356325084052091e-05,195.31620275399507,1043.18994140625,0.021973756246363108,2026-06-18
MU260710C01200000,2026-06-17 19:57:53+00:00,1200.0,58.84,0.0,0.0,0.0,0.0,141.0,610,0.12500875,False,REGULAR,USD,MU,call,2026-07-10,0.06027397260273973,58.84,5.736921412646185e-07,3.929247616385006e-06,380.83382744079285,1043.18994140625,0.021973756246363108,2026-06-18
MU260710C01210000,2026-06-17 19:40:53+00:00,1210.0,61.9,0.0,0.0,0.0,0.0,246.0,442,0.12500875,False,REGULAR,USD,MU,call,2026-07-10,0.06027397260273973,61.9,1.65191634640971e-07,1.0717316588795288e-06,79.45790346928771,1043.18994140625,0.021973756246363108,2026-06-18
MU260710C01220000,2026-06-17 19:10:00+00:00,1220.0,68.18,0.0,0.0,0.0,0.0,55.0,47,0.12500875,False,REGULAR,USD,MU,call,2026-07-10,0.06027397260273973,68.18,4.470786112467289e-08,2.7559045997051353e-07,2.2866965309018488,1043.18994140625,0.021973756246363108,2026-06-18
MU260710C01230000,2026-06-17 19:54:20+00:00,1230.0,53.18,0.0,0.0,0.0,0.0,17.0,139,0.12500875,False,REGULAR,USD,MU,call,2026-07-10,0.06027397260273973,53.18,1.1390973047553259e-08,6.68978515012389e-08,1.7230679574487624,1043.18994140625,0.021973756246363108,2026-06-18
MU260710C01240000,2026-06-17 19:46:07+00:00,1240.0,52.95,0.0,0.0,0.0,0.0,16.0,78,0.12500875,False,REGULAR,USD,MU,call,2026-07-10,0.06027397260273973,52.95,2.736479877103566e-09,1.5349490585224633e-08,0.2322809766043418,1043.18994140625,0.021973756246363108,2026-06-18
MU260710C01250000,2026-06-17 19:40:28+00:00,1250.0,52.73,0.0,0.0,0.0,0.0,108.0,127,0.12500875,False,REGULAR,USD,MU,call,2026-07-10,0.06027397260273973,52.73,6.207709766246051e-10,3.3332442502113145e-09,0.08579498576811624,1043.18994140625,0.021973756246363108,2026-06-18
MU260710C01260000,2026-06-17 18:59:27+00:00,1260.0,53.55,0.0,0.0,0.0,0.0,329.0,234,0.12500875,False,REGULAR,USD,MU,call,2026-07-10,0.06027397260273973,53.55,1.3317171619249007e-10,6.859326312799008e-10,0.03391209621392417,1043.18994140625,0.021973756246363108,2026-06-18
MU260710C01270000,2026-06-17 18:22:54+00:00,1270.0,46.6,0.0,0.0,0.0,0.0,103.0,62,0.12500875,False,REGULAR,USD,MU,call,2026-07-10,0.06027397260273973,46.6,2.7055091801574608e-11,1.339299992524497e-10,0.0018254396652254274,1043.18994140625,0.021973756246363108,2026-06-18
MU260710C01280000,2026-06-17 19:59:19+00:00,1280.0,43.3,0.0,0.0,0.0,0.0,90.0,109,0.12500875,False,REGULAR,USD,MU,call,2026-07-10,0.06027397260273973,43.3,5.212419227365022e-12,2.4842061821187937e-11,0.000618290562893623,1043.18994140625,0.021973756246363108,2026-06-18
MU260710C01290000,2026-06-17 18:46:08+00:00,1290.0,52.0,0.0,0.0,0.0,0.0,69.0,182,0.12500875,False,REGULAR,USD,MU,call,2026-07-10,0.06027397260273973,52.0,9.53591616244867e-13,4.382600455620431e-12,0.0001888689621893161,1043.18994140625,0.021973756246363108,2026-06-18
MU260710C01300000,2026-06-17 19:31:49+00:00,1300.0,49.0,0.0,0.0,0.0,0.0,104.0,323,0.12500875,False,REGULAR,USD,MU,call,2026-07-10,0.06027397260273973,49.0,1.6587498599668815e-13,7.362428949242731e-13,5.830559119665892e-05,1043.18994140625,0.021973756246363108,2026-06-18
MU260710C01310000,2026-06-17 19:29:04+00:00,1310.0,46.33,0.0,0.0,0.0,0.0,176.0,62,0.12500875,False,REGULAR,USD,MU,call,2026-07-10,0.06027397260273973,46.33,2.746889351322025e-14,1.1791119909081977e-13,1.8533593656469271e-06,1043.18994140625,0.021973756246363108,2026-06-18
MU260710C01320000,2026-06-17 18:23:13+00:00,1320.0,37.81,0.0,0.0,0.0,0.0,157.0,186,0.12500875,False,REGULAR,USD,MU,call,2026-07-10,0.06027397260273973,37.81,4.3358471959605235e-15,1.8022807587321987e-14,8.776345146316017e-07,1043.18994140625,0.021973756246363108,2026-06-18
MU260710C01330000,2026-06-17 18:57:30+00:00,1330.0,40.13,0.0,0.0,0.0,0.0,37.0,245,0.2500075,False,REGULAR,USD,MU,call,2026-07-10,0.06027397260273973,40.13,3.2591112378086156e-06,5.067090549528368e-05,868.9445223979725,1043.18994140625,0.021973756246363108,2026-06-18
MU260710C01340000,2026-06-17 19:17:15+00:00,1340.0,40.47,0.0,0.0,0.0,0.0,171.0,179,0.2500075,False,REGULAR,USD,MU,call,2026-07-10,0.06027397260273973,40.47,2.0129351884140945e-06,3.0437025375019316e-05,392.11152255319706,1043.18994140625,0.021973756246363108,2026-06-18
MU260710C01350000,2026-06-17 18:25:57+00:00,1350.0,32.75,0.0,0.0,0.0,0.0,88.0,399,0.2500075,False,REGULAR,USD,MU,call,2026-07-10,0.06027397260273973,32.75,1.229475793980951e-06,1.8096424332532708e-05,533.8505078123454,1043.18994140625,0.021973756246363108,2026-06-18
MU260710C01360000,2026-06-17 18:37:13+00:00,1360.0,33.98,0.0,0.0,0.0,0.0,76.0,32,0.2500075,False,REGULAR,USD,MU,call,2026-07-10,0.06027397260273973,33.98,7.428279467366192e-07,1.0651917254808776e-05,25.86812759885246,1043.18994140625,0.021973756246363108,2026-06-18
MU260710C01370000,2026-06-17 19:59:25+00:00,1370.0,29.11,0.0,0.0,0.0,0.0,58.0,137,0.2500075,False,REGULAR,USD,MU,call,2026-07-10,0.06027397260273973,29.11,4.440682617683554e-07,6.208732503827699e-06,66.20595942098353,1043.18994140625,0.021973756246363108,2026-06-18
MU260710C01380000,2026-06-17 19:58:16+00:00,1380.0,28.26,0.0,0.0,0.0,0.0,118.0,136,0.2500075,False,REGULAR,USD,MU,call,2026-07-10,0.06027397260273973,28.26,2.627341289106636e-07,3.584364896319289e-06,38.88500695839835,1043.18994140625,0.021973756246363108,2026-06-18
MU260710C01390000,2026-06-17 18:47:43+00:00,1390.0,32.95,0.0,0.0,0.0,0.0,188.0,165,0.2500075,False,REGULAR,USD,MU,call,2026-07-10,0.06027397260273973,32.95,1.538854069258019e-07,2.0499711707524927e-06,27.631735514453517,1043.18994140625,0.021973756246363108,2026-06-18
MU260710C01400000,2026-06-17 19:36:13+00:00,1400.0,30.8,0.0,0.0,0.0,0.0,117.0,224,0.2500075,False,REGULAR,USD,MU,call,2026-07-10,0.06027397260273973,30.8,8.924800895305852e-08,1.161715923223014e-06,21.755713763578623,1043.18994140625,0.021973756246363108,2026-06-18
MU260710C01410000,2026-06-17 19:58:39+00:00,1410.0,23.3,0.0,0.0,0.0,0.0,273.0,111,0.2500075,False,REGULAR,USD,MU,call,2026-07-10,0.06027397260273973,23.3,5.12652259781414e-08,6.524652135120031e-07,6.19259441327356,1043.18994140625,0.021973756246363108,2026-06-18
MU260710C01420000,2026-06-17 19:26:15+00:00,1420.0,29.55,0.0,0.0,0.0,0.0,360.0,181,0.2500075,False,REGULAR,USD,MU,call,2026-07-10,0.06027397260273973,29.55,2.917230639060683e-08,3.632509823759809e-07,5.746138939198106,1043.18994140625,0.021973756246363108,2026-06-18
MU260710C01430000,2026-06-17 18:54:52+00:00,1430.0,28.23,0.0,0.0,0.0,0.0,190.0,142,0.2500075,False,REGULAR,USD,MU,call,2026-07-10,0.06027397260273973,28.23,1.6449012346379864e-08,2.0050871017883e-07,2.541879465541193,1043.18994140625,0.021973756246363108,2026-06-18
MU260710C01440000,2026-06-17 19:42:49+00:00,1440.0,23.84,0.0,0.0,0.0,0.0,114.0,50,0.2500075,False,REGULAR,USD,MU,call,2026-07-10,0.06027397260273973,23.84,9.192318744650676e-09,1.097538886873279e-07,0.5001748622876646,1043.18994140625,0.021973756246363108,2026-06-18
MU260710C01450000,2026-06-17 19:58:09+00:00,1450.0,21.29,0.0,0.0,0.0,0.0,118.0,200,0.2500075,False,REGULAR,USD,MU,call,2026-07-10,0.06027397260273973,21.29,5.092358983894909e-09,5.95865544248473e-08,1.1083470990260056,1043.18994140625,0.021973756246363108,2026-06-18
MU260710C01460000,2026-06-17 19:55:13+00:00,1460.0,20.97,0.0,0.0,0.0,0.0,116.0,209,0.2500075,False,REGULAR,USD,MU,call,2026-07-10,0.06027397260273973,20.97,2.7971238553346804e-09,3.209209183241474e-08,0.6361869628403902,1043.18994140625,0.021973756246363108,2026-06-18
MU260710C01470000,2026-06-17 18:10:08+00:00,1470.0,20.28,0.0,0.0,0.0,0.0,26.0,128,0.2500075,False,REGULAR,USD,MU,call,2026-07-10,0.06027397260273973,20.28,1.523669706966358e-09,1.714933046530874e-08,0.21224016986149763,1043.18994140625,0.021973756246363108,2026-06-18
MU260710C01480000,2026-06-17 18:58:15+00:00,1480.0,21.15,0.0,0.0,0.0,0.0,119.0,45,0.2500075,False,REGULAR,USD,MU,call,2026-07-10,0.06027397260273973,21.15,8.232691363276587e-10,9.094357026939646e-09,0.040316342861282876,1043.18994140625,0.021973756246363108,2026-06-18
MU260710C01490000,2026-06-17 19:33:13+00:00,1490.0,21.4,0.0,0.0,0.0,0.0,27.0,109,0.2500075,False,REGULAR,USD,MU,call,2026-07-10,0.06027397260273973,21.4,4.413141995181416e-10,4.7868205452338465e-09,0.052348131056019556,1043.18994140625,0.021973756246363108,2026-06-18
MU260710C01500000,2026-06-17 19:46:11+00:00,1500.0,19.08,0.0,0.0,0.0,0.0,179.0,238,0.2500075,False,REGULAR,USD,MU,call,2026-07-10,0.06027397260273973,19.08,2.34741615514424e-10,2.5011837361432927e-09,0.06079863485365318,1043.18994140625,0.021973756246363108,2026-06-18
MU260710C01510000,2026-06-17 18:38:53+00:00,1510.0,18.5,0.0,0.0,0.0,0.0,25.0,103,0.2500075,False,REGULAR,USD,MU,call,2026-07-10,0.06027397260273973,18.5,1.2392170324182026e-10,1.2975936849350291e-09,0.013890292156412664,1043.18994140625,0.021973756246363108,2026-06-18
MU260710C01520000,2026-06-17 19:57:52+00:00,1520.0,15.77,0.0,0.0,0.0,0.0,99.0,84,0.2500075,False,REGULAR,USD,MU,call,2026-07-10,0.06027397260273973,15.77,6.493767229460126e-11,6.684921626146837e-10,0.005936121548342395,1043.18994140625,0.021973756246363108,2026-06-18
MU260710C01530000,2026-06-17 15:45:20+00:00,1530.0,14.71,0.0,0.0,0.0,0.0,5.0,85,0.2500075,False,REGULAR,USD,MU,call,2026-07-10,0.06027397260273973,14.71,3.3784160136791746e-11,3.420476617545381e-10,0.003125063413557993,1043.18994140625,0.021973756246363108,2026-06-18
MU260710C01540000,2026-06-17 19:54:21+00:00,1540.0,15.43,0.0,0.0,0.0,0.0,8.0,59,0.2500075,False,REGULAR,USD,MU,call,2026-07-10,0.06027397260273973,15.43,1.7452985093527547e-11,1.73850666413001e-10,0.001120594563420433,1043.18994140625,0.021973756246363108,2026-06-18
MU260710C01550000,2026-06-17 19:39:16+00:00,1550.0,15.9,0.0,0.0,0.0,0.0,18.0,90,0.2500075,False,REGULAR,USD,MU,call,2026-07-10,0.06027397260273973,15.9,8.954426325389666e-12,8.778710964806538e-11,0.0008770150754608791,1043.18994140625,0.021973756246363108,2026-06-18
MU260710C01560000,2026-06-17 19:33:17+00:00,1560.0,16.74,0.0,0.0,0.0,0.0,37.0,72,0.2500075,False,REGULAR,USD,MU,call,2026-07-10,0.06027397260273973,16.74,4.563381455572626e-12,4.404671940519856e-11,0.00035755763115883515,1043.18994140625,0.021973756246363108,2026-06-18
MU260710C01570000,2026-06-17 19:33:17+00:00,1570.0,15.84,0.0,0.0,0.0,0.0,132.0,57,0.2500075,False,REGULAR,USD,MU,call,2026-07-10,0.06027397260273973,15.84,2.3103857842684386e-12,2.196277210775619e-11,0.00014331318276483517,1043.18994140625,0.021973756246363108,2026-06-18
MU260710C01580000,2026-06-17 19:55:06+00:00,1580.0,13.23,0.0,0.0,0.0,0.0,67.0,34,0.2500075,False,REGULAR,USD,MU,call,2026-07-10,0.06027397260273973,13.23,1.1622433006310532e-12,1.0884599656868313e-11,4.300339569489033e-05,1043.18994140625,0.021973756246363108,2026-06-18
MU260710C01590000,2026-06-17 17:27:17+00:00,1590.0,13.01,0.0,0.0,0.0,0.0,2.0,37,0.2500075,False,REGULAR,USD,MU,call,2026-07-10,0.06027397260273973,13.01,5.810170570335292e-13,5.362274777268443e-12,2.3394695024762687e-05,1043.18994140625,0.021973756246363108,2026-06-18
MU260710C01600000,2026-06-17 17:31:53+00:00,1600.0,12.21,0.0,0.0,0.0,0.0,13.0,166,0.2500075,False,REGULAR,USD,MU,call,2026-07-10,0.06027397260273973,12.21,2.886841117999761e-13,2.626365819011436e-12,5.215041301174197e-05,1043.18994140625,0.021973756246363108,2026-06-18
MU260710C01610000,2026-06-16 19:09:25+00:00,1610.0,12.28,0.0,0.0,0.0,0.0,7.0,25,0.2500075,False,REGULAR,USD,MU,call,2026-07-10,0.06027397260273973,12.28,1.42580589427251e-13,1.2790510072930247e-12,3.8790662433877246e-06,1043.18994140625,0.021973756246363108,2026-06-18
MU260710C01620000,2026-06-17 18:46:15+00:00,1620.0,12.95,0.0,0.0,0.0,0.0,156.0,81,0.2500075,False,REGULAR,USD,MU,call,2026-07-10,0.06027397260273973,12.95,7.001019988320618e-14,6.194448914909984e-13,6.1712496872697705e-06,1043.18994140625,0.021973756246363108,2026-06-18
MU260710C01630000,2026-06-17 18:46:18+00:00,1630.0,12.35,0.0,0.0,0.0,0.0,57.0,41,0.2500075,False,REGULAR,USD,MU,call,2026-07-10,0.06027397260273973,12.35,3.4180942845824715e-14,2.983692623290358e-13,1.5250872017892082e-06,1043.18994140625,0.021973756246363108,2026-06-18
MU260710C01640000,2026-06-17 18:01:13+00:00,1640.0,9.91,0.0,0.0,0.0,0.0,27.0,34,0.2500075,False,REGULAR,USD,MU,call,2026-07-10,0.06027397260273973,9.91,1.6595318192575677e-14,1.429536643481667e-13,6.140323928134984e-07,1043.18994140625,0.021973756246363108,2026-06-18
MU260710C01650000,2026-06-17 19:59:02+00:00,1650.0,9.7,0.0,0.0,0.0,0.0,42.0,124,0.2500075,False,REGULAR,USD,MU,call,2026-07-10,0.06027397260273973,9.7,8.013488310687854e-15,6.813626733058585e-14,1.0813594369913432e-06,1043.18994140625,0.021973756246363108,2026-06-18
MU260710C01660000,2026-06-17 18:46:18+00:00,1660.0,10.85,0.0,0.0,0.0,0.0,4.0,49,0.2500075,False,REGULAR,USD,MU,call,2026-07-10,0.06027397260273973,10.85,3.8489869465681135e-15,3.231127448971913e-14,2.0524344706015598e-07,1043.18994140625,0.021973756246363108,2026-06-18
MU260710C01670000,2026-06-17 14:40:44+00:00,1670.0,8.73,0.0,0.0,0.0,0.0,40.0,99,0.2500075,False,REGULAR,USD,MU,call,2026-07-10,0.06027397260273973,8.73,1.8391329123117745e-15,1.524657462794772e-14,1.9814133863945305e-07,1043.18994140625,0.021973756246363108,2026-06-18
MU260710C01680000,2026-06-17 19:51:54+00:00,1680.0,8.89,0.0,0.0,0.0,0.0,11.0,79,0.2500075,False,REGULAR,USD,MU,call,2026-07-10,0.06027397260273973,8.89,8.74326078908441e-16,7.159481328555626e-15,7.516701524954311e-08,1043.18994140625,0.021973756246363108,2026-06-18
MU260710C01690000,2026-06-17 19:51:54+00:00,1690.0,8.6,0.0,0.0,0.0,0.0,10.0,11,0.2500075,False,REGULAR,USD,MU,call,2026-07-10,0.06027397260273973,8.6,4.135975530984271e-16,3.346027303009836e-15,4.951051315802051e-09,1043.18994140625,0.021973756246363108,2026-06-18
MU260710C01700000,2026-06-17 19:51:54+00:00,1700.0,8.3,0.0,0.0,0.0,0.0,23.0,55,0.2500075,False,REGULAR,USD,MU,call,2026-07-10,0.06027397260273973,8.3,1.9470454683639234e-16,1.5565481265899582e-15,1.1653746444887131e-08,1043.18994140625,0.021973756246363108,2026-06-18
MU260710C01710000,2026-06-17 19:51:54+00:00,1710.0,8.0,0.0,0.0,0.0,0.0,10.0,43,0.2500075,False,REGULAR,USD,MU,call,2026-07-10,0.06027397260273973,8.0,9.122546247724225e-17,7.208190641045574e-16,4.268854092563206e-09,1043.18994140625,0.021973756246363108,2026-06-18
MU260710C01720000,2026-06-17 19:51:54+00:00,1720.0,7.75,0.0,0.0,0.0,0.0,11.0,31,0.2500075,False,REGULAR,USD,MU,call,2026-07-10,0.06027397260273973,7.75,4.254465702596198e-17,3.323265960521645e-16,1.4352696536421048e-09,1043.18994140625,0.021973756246363108,2026-06-18
MU260710C01730000,2026-06-17 14:12:15+00:00,1730.0,7.1,0.0,0.0,0.0,0.0,1.0,35,0.2500075,False,REGULAR,USD,MU,call,2026-07-10,0.06027397260273973,7.1,1.975190515936858e-17,1.5255363739598324e-16,7.523220965470491e-10,1043.18994140625,0.021973756246363108,2026-06-18
MU260710C01740000,2026-06-17 19:14:29+00:00,1740.0,8.15,0.0,0.0,0.0,0.0,1.0,83,0.500005,False,REGULAR,USD,MU,call,2026-07-10,0.06027397260273973,8.15,7.36205689288031e-07,2.1882565720154687e-05,66.49730481975243,1043.18994140625,0.021973756246363108,2026-06-18
MU260710C01750000,2026-06-17 19:42:49+00:00,1750.0,7.62,0.0,0.0,0.0,0.0,10.0,37,0.500005,False,REGULAR,USD,MU,call,2026-07-10,0.06027397260273973,7.62,6.076745701224379e-07,1.7877136507671576e-05,24.468061772406465,1043.18994140625,0.021973756246363108,2026-06-18
MU260710C01760000,2026-06-15 19:44:55+00:00,1760.0,11.26,0.0,0.0,0.0,0.0,2.0,11,0.500005,False,REGULAR,USD,MU,call,2026-07-10,0.06027397260273973,11.26,5.010480124844556e-07,1.4591541895971597e-05,5.997894336915506,1043.18994140625,0.021973756246363108,2026-06-18
MU260710C01770000,2026-06-16 19:39:25+00:00,1770.0,6.87,0.0,0.0,0.0,0.0,13.0,62,0.500005,False,REGULAR,USD,MU,call,2026-07-10,0.06027397260273973,6.87,4.1270009462917994e-07,1.1899173110944356e-05,27.84537299313643,1043.18994140625,0.021973756246363108,2026-06-18
MU260710C01780000,2026-06-17 16:51:50+00:00,1780.0,5.97,0.0,0.0,0.0,0.0,2.0,32,0.500005,False,REGULAR,USD,MU,call,2026-07-10,0.06027397260273973,5.97,3.395838703564794e-07,9.695125122953308e-06,11.825617126395247,1043.18994140625,0.021973756246363108,2026-06-18
MU260710C01790000,2026-06-16 18:42:51+00:00,1790.0,6.55,0.0,0.0,0.0,0.0,20.0,59,0.500005,False,REGULAR,USD,MU,call,2026-07-10,0.06027397260273973,6.55,2.7914309246251e-07,7.892590891522102e-06,17.922792585542314,1043.18994140625,0.021973756246363108,2026-06-18
MU260710C01800000,2026-06-17 19:39:53+00:00,1800.0,6.15,0.0,0.0,0.0,0.0,4.0,30,0.500005,False,REGULAR,USD,MU,call,2026-07-10,0.06027397260273973,6.15,2.292365815699762e-07,6.419831531674538e-06,7.483968657077833,1043.18994140625,0.021973756246363108,2026-06-18
MU260710C01810000,2026-06-17 19:32:07+00:00,1810.0,6.0,0.0,0.0,0.0,0.0,26.0,86,0.500005,False,REGULAR,USD,MU,call,2026-07-10,0.06027397260273973,6.0,1.8807358738357662e-07,5.217635037405313e-06,17.601636240664973,1043.18994140625,0.021973756246363108,2026-06-18
MU260710C01820000,2026-06-17 19:30:15+00:00,1820.0,6.0,0.0,0.0,0.0,0.0,41.0,107,0.500005,False,REGULAR,USD,MU,call,2026-07-10,0.06027397260273973,6.0,1.541586744044525e-07,4.237188530087117e-06,17.95058169638785,1043.18994140625,0.021973756246363108,2026-06-18
MU260710C01830000,2026-06-17 16:30:28+00:00,1830.0,5.05,0.0,0.0,0.0,0.0,21.0,28,0.500005,False,REGULAR,USD,MU,call,2026-07-10,0.06027397260273973,5.05,1.2624483471709138e-07,3.4382997747994026e-06,3.8467895817148214,1043.18994140625,0.021973756246363108,2026-06-18
MU260710C01840000,2026-06-16 14:35:53+00:00,1840.0,6.83,0.0,0.0,0.0,0.0,30.0,6,0.500005,False,REGULAR,USD,MU,call,2026-07-10,0.06027397260273973,6.83,1.0329368635199057e-07,2.78791308490127e-06,0.6744531835520741,1043.18994140625,0.021973756246363108,2026-06-18
MU260710C01850000,2026-06-17 19:42:49+00:00,1850.0,5.26,0.0,0.0,0.0,0.0,10.0,30,0.500005,False,REGULAR,USD,MU,call,2026-07-10,0.06027397260273973,5.26,8.444175707161907e-08,2.2588728656899115e-06,2.756800240801301,1043.18994140625,0.021973756246363108,2026-06-18
MU260710C01870000,2026-06-03 13:45:18+00:00,1870.0,11.0,0.0,0.0,0.0,0.0,0.0,1,0.500005,False,REGULAR,USD,MU,call,2026-07-10,0.06027397260273973,11.0,5.6289646832989356e-08,1.4797129105701047e-06,0.061256941006959505,1043.18994140625,0.021973756246363108,2026-06-18
MU260710C01880000,2026-06-17 19:06:37+00:00,1880.0,4.65,0.0,0.0,0.0,0.0,52.0,24,0.500005,False,REGULAR,USD,MU,call,2026-07-10,0.06027397260273973,4.65,4.5902146499216e-08,1.1963682886023048e-06,1.1988670336644758,1043.18994140625,0.021973756246363108,2026-06-18
MU260710C01890000,2026-06-16 13:48:40+00:00,1890.0,7.1,0.0,0.0,0.0,0.0,1.0,28,0.500005,False,REGULAR,USD,MU,call,2026-07-10,0.06027397260273973,7.1,3.7401945025346374e-08,9.666250004592594e-07,1.1396696964418014,1043.18994140625,0.021973756246363108,2026-06-18
MU260710C01900000,2026-06-17 19:58:04+00:00,1900.0,3.93,0.0,0.0,0.0,0.0,19.0,43,0.500005,False,REGULAR,USD,MU,call,2026-07-10,0.06027397260273973,3.93,3.0452293424979555e-08,7.804833817001899e-07,1.4250012429105459,1043.18994140625,0.021973756246363108,2026-06-18
MU260710C01910000,2026-06-12 19:05:28+00:00,1910.0,5.25,0.0,0.0,0.0,0.0,26.0,31,0.500005,False,REGULAR,USD,MU,call,2026-07-10,0.06027397260273973,5.25,2.4775257881653845e-08,6.297794346936467e-07,0.8358082608821105,1043.18994140625,0.021973756246363108,2026-06-18
MU260710C01920000,2026-06-16 19:56:21+00:00,1920.0,5.0,0.0,0.0,0.0,0.0,2.0,11,0.500005,False,REGULAR,USD,MU,call,2026-07-10,0.06027397260273973,5.0,2.0141707752995983e-08,5.078541495279808e-07,0.2411102965332083,1043.18994140625,0.021973756246363108,2026-06-18
MU260710C01930000,2026-06-17 14:17:12+00:00,1930.0,3.85,0.0,0.0,0.0,0.0,4.0,17,0.500005,False,REGULAR,USD,MU,call,2026-07-10,0.06027397260273973,3.85,1.636295491334341e-08,4.092810730693134e-07,0.30271743639825444,1043.18994140625,0.021973756246363108,2026-06-18
MU260710C01940000,2026-06-16 18:37:35+00:00,1940.0,4.02,0.0,0.0,0.0,0.0,1.0,9,0.500005,False,REGULAR,USD,MU,call,2026-07-10,0.06027397260273973,4.02,1.3283782780792286e-08,3.2964214091260935e-07,0.13010412207948455,1043.18994140625,0.021973756246363108,2026-06-18
MU260710C01950000,2026-06-05 14:53:13+00:00,1950.0,3.66,0.0,0.0,0.0,0.0,20.0,24,0.500005,False,REGULAR,USD,MU,call,2026-07-10,0.06027397260273973,3.66,1.0776642678056222e-08,2.653434418204488e-07,0.28146312592427286,1043.18994140625,0.021973756246363108,2026-06-18
MU260710C01960000,2026-06-12 18:13:11+00:00,1960.0,4.64,0.0,0.0,0.0,0.0,1.0,19,0.500005,False,REGULAR,USD,MU,call,2026-07-10,0.06027397260273973,4.64,8.736829009791394e-09,2.134639765432743e-07,0.18064844136868022,1043.18994140625,0.021973756246363108,2026-06-18
MU260710C01970000,2026-06-08 14:54:59+00:00,1970.0,4.14,0.0,0.0,0.0,0.0,1.0,3,0.500005,False,REGULAR,USD,MU,call,2026-07-10,0.06027397260273973,4.14,7.0784737754656595e-09,1.7163164191472724e-07,0.023109346471981543,1043.18994140625,0.021973756246363108,2026-06-18
MU260710C01980000,2026-06-17 19:01:46+00:00,1980.0,2.82,0.0,0.0,0.0,0.0,2.0,3,0.500005,False,REGULAR,USD,MU,call,2026-07-10,0.06027397260273973,2.82,5.731225785257938e-09,1.3792165069534598e-07,0.01871093777866928,1043.18994140625,0.021973756246363108,2026-06-18
MU260710C01990000,2026-06-16 14:57:01+00:00,1990.0,4.12,0.0,0.0,0.0,0.0,2.0,10,0.500005,False,REGULAR,USD,MU,call,2026-07-10,0.06027397260273973,4.12,4.637501153216889e-09,1.1077341693465585e-07,0.05046738619717631,1043.18994140625,0.021973756246363108,2026-06-18
MU260710C02000000,2026-06-17 19:58:04+00:00,2000.0,2.77,0.0,0.0,0.0,0.0,14.0,58,0.500005,False,REGULAR,USD,MU,call,2026-07-10,0.06027397260273973,2.77,3.750209693994025e-09,8.892262061194157e-08,0.23670657822526864,1043.18994140625,0.021973756246363108,2026-06-18
MU260710C02010000,2026-06-17 19:58:22+00:00,2010.0,2.7,0.0,0.0,0.0,0.0,1.0,31,0.500005,False,REGULAR,USD,MU,call,2026-07-10,0.06027397260273973,2.7,3.0308771784179485e-09,7.134573534251003e-08,0.10224846883699443,1043.18994140625,0.021973756246363108,2026-06-18
MU260710C02020000,2026-06-15 13:35:26+00:00,2020.0,4.75,0.0,0.0,0.0,0.0,1.0,3,0.500005,False,REGULAR,USD,MU,call,2026-07-10,0.06027397260273973,4.75,2.4480963892657024e-09,5.721477718294865e-08,0.0079923878297658,1043.18994140625,0.021973756246363108,2026-06-18
MU260710C02030000,2026-06-09 13:46:14+00:00,2030.0,3.39,0.0,0.0,0.0,0.0,2.0,4,0.500005,False,REGULAR,USD,MU,call,2026-07-10,0.06027397260273973,3.39,1.976250895259225e-09,4.586042648499725e-08,0.008602582628739952,1043.18994140625,0.021973756246363108,2026-06-18
MU260710C02040000,2026-06-08 14:53:46+00:00,2040.0,3.51,0.0,0.0,0.0,0.0,4.0,4,0.500005,False,REGULAR,USD,MU,call,2026-07-10,0.06027397260273973,3.51,1.5944647196241407e-09,3.6742001424392646e-08,0.006940674654256465,1043.18994140625,0.021973756246363108,2026-06-18
MU260710C02050000,2026-06-17 17:24:51+00:00,2050.0,2.39,0.0,0.0,0.0,0.0,6.0,19,0.500005,False,REGULAR,USD,MU,call,2026-07-10,0.06027397260273973,2.39,1.2857388724751548e-09,2.9423032333465326e-08,0.026584785287597924,1043.18994140625,0.021973756246363108,2026-06-18
MU260710C02060000,2026-06-09 18:19:17+00:00,2060.0,2.52,0.0,0.0,0.0,0.0,4.0,6,0.500005,False,REGULAR,USD,MU,call,2026-07-10,0.06027397260273973,2.52,1.0362422628689344e-09,2.355140962456836e-08,0.006766114346442718,1043.18994140625,0.021973756246363108,2026-06-18
MU260710C02070000,2026-06-03 18:04:48+00:00,2070.0,7.25,0.0,0.0,0.0,0.0,0.0,3,0.500005,False,REGULAR,USD,MU,call,2026-07-10,0.06027397260273973,7.25,8.347299955348477e-10,1.8843262754869436e-08,0.0027251728676640323,1043.18994140625,0.021973756246363108,2026-06-18
MU260710C02080000,2026-06-16 13:53:11+00:00,2080.0,3.79,0.0,0.0,0.0,0.0,2.0,5,0.500005,False,REGULAR,USD,MU,call,2026-07-10,0.06027397260273973,3.79,6.720666514984401e-10,1.5069879940802532e-08,0.003656866718824146,1043.18994140625,0.021973756246363108,2026-06-18
MU260710C02090000,2026-06-12 18:58:18+00:00,2090.0,3.0,0.0,0.0,0.0,0.0,4.0,9,0.500005,False,REGULAR,USD,MU,call,2026-07-10,0.06027397260273973,3.0,5.408359902552285e-10,1.2047103702217665e-08,0.005297059795564377,1043.18994140625,0.021973756246363108,2026-06-18
MU260710C02100000,2026-06-11 18:29:10+00:00,2100.0,2.0,0.0,0.0,0.0,0.0,3.0,14,0.500005,False,REGULAR,USD,MU,call,2026-07-10,0.06027397260273973,2.0,4.3502171277138947e-10,9.62674041664865e-09,0.006627744399439433,1043.18994140625,0.021973756246363108,2026-06-18
MU260710C02110000,2026-06-09 18:19:51+00:00,2110.0,2.01,0.0,0.0,0.0,0.0,0.0,1,0.500005,False,REGULAR,USD,MU,call,2026-07-10,0.06027397260273973,2.01,3.4974659071401157e-10,7.689606743735729e-09,0.0003806100673951527,1043.18994140625,0.021973756246363108,2026-06-18
MU260710C02120000,2026-06-15 15:24:39+00:00,2120.0,2.7,0.0,0.0,0.0,0.0,0.0,1,0.500005,False,REGULAR,USD,MU,call,2026-07-10,0.06027397260273973,2.7,2.810594840479742e-10,6.1399052458766505e-09,0.00030586164956506807,1043.18994140625,0.021973756246363108,2026-06-18
MU260710C02130000,2026-06-17 18:13:07+00:00,2130.0,1.57,0.0,0.0,0.0,0.0,42.0,22,0.500005,False,REGULAR,USD,MU,call,2026-07-10,0.06027397260273973,1.57,2.2576160945279047e-10,4.900678450193661e-09,0.005405047999753641,1043.18994140625,0.021973756246363108,2026-06-18
MU260710C02140000,2026-06-12 15:36:41+00:00,2140.0,2.5,0.0,0.0,0.0,0.0,1.0,27,0.500005,False,REGULAR,USD,MU,call,2026-07-10,0.06027397260273973,2.5,1.812649476103824e-10,3.910137182230319e-09,0.005326039411017677,1043.18994140625,0.021973756246363108,2026-06-18
MU260710C02150000,2026-06-16 19:33:01+00:00,2150.0,1.97,0.0,0.0,0.0,0.0,1.0,2,0.500005,False,REGULAR,USD,MU,call,2026-07-10,0.06027397260273973,1.97,1.454769403401864e-10,3.1186970875516323e-09,0.00031662917973999683,1043.18994140625,0.021973756246363108,2026-06-18
MU260710C02160000,2026-06-16 19:33:25+00:00,2160.0,2.16,0.0,0.0,0.0,0.0,1.0,2,0.500005,False,REGULAR,USD,MU,call,2026-07-10,0.06027397260273973,2.16,1.167066726201662e-10,2.4865883611535442e-09,0.0002540109651433176,1043.18994140625,0.021973756246363108,2026-06-18
MU260710C02170000,2026-06-17 15:53:31+00:00,2170.0,1.56,0.0,0.0,0.0,0.0,3.0,31,0.500005,False,REGULAR,USD,MU,call,2026-07-10,0.06027397260273973,1.56,9.358859652847601e-11,1.981929079952815e-09,0.0031572677255879045,1043.18994140625,0.021973756246363108,2026-06-18
MU260710C02190000,2026-06-17 17:43:51+00:00,2190.0,1.5,0.0,0.0,0.0,0.0,1.0,1,0.500005,False,REGULAR,USD,MU,call,2026-07-10,0.06027397260273973,1.5,6.011352800021294e-11,1.257861237598471e-09,6.541826153848147e-05,1043.18994140625,0.021973756246363108,2026-06-18
MU260710P00035000,2026-06-17 19:58:16+00:00,35.0,0.21,0.0,0.0,0.0,0.0,11.0,9526,0.500005,False,REGULAR,USD,MU,put,2026-07-10,0.06027397260273973,0.21,2.8496597300432335e-170,0.0,-2.9541351770532583e-160,1043.18994140625,0.021973756246363108,2026-06-18
MU260710P00040000,2026-06-17 19:49:49+00:00,40.0,0.21,0.0,0.0,0.0,0.0,9.0,14521,0.500005,False,REGULAR,USD,MU,put,2026-07-10,0.06027397260273973,0.21,1.9976430050233795e-157,0.0,-3.1567572462933757e-147,1043.18994140625,0.021973756246363108,2026-06-18
MU260710P00045000,2026-06-17 19:59:23+00:00,45.0,0.21,0.0,0.0,0.0,0.0,13.0,11508,0.500005,False,REGULAR,USD,MU,put,2026-07-10,0.06027397260273973,0.21,1.6021173251021768e-146,0.0,-2.006415858688586e-136,1043.18994140625,0.021973756246363108,2026-06-18
MU260710P00050000,2026-06-17 19:58:59+00:00,50.0,0.02,0.0,0.0,0.0,0.0,156.0,28667,0.500005,False,REGULAR,USD,MU,put,2026-07-10,0.06027397260273973,0.02,4.1688542340990522e-137,0.0,-1.300546061606073e-126,1043.18994140625,0.021973756246363108,2026-06-18
MU260710P00055000,2026-06-16 13:32:16+00:00,55.0,0.09,0.0,0.0,0.0,0.0,2.0,47546,0.500005,False,REGULAR,USD,MU,put,2026-07-10,0.06027397260273973,0.09,7.271085405118281e-129,0.0,-3.7621838397955313e-118,1043.18994140625,0.021973756246363108,2026-06-18
MU260710P00060000,2026-06-17 19:47:07+00:00,60.0,0.02,0.0,0.0,0.0,0.0,42.0,22,0.500005,False,REGULAR,USD,MU,put,2026-07-10,0.06027397260273973,0.02,1.435381788995601e-121,0.0,-3.436504322545518e-114,1043.18994140625,0.021973756246363108,2026-06-18
MU260710P00065000,2026-06-17 19:50:41+00:00,65.0,0.02,0.0,0.0,0.0,0.0,38.0,38,0.500005,False,REGULAR,USD,MU,put,2026-07-10,0.06027397260273973,0.02,4.735519211417574e-115,0.0,-1.95829439641157e-107,1043.18994140625,0.021973756246363108,2026-06-18
MU260710P00080000,2026-06-17 19:57:08+00:00,80.0,0.03,0.0,0.0,0.0,0.0,172.0,99,0.500005,False,REGULAR,USD,MU,put,2026-07-10,0.06027397260273973,0.03,5.296687056643842e-99,0.0,-5.706453605022336e-91,1043.18994140625,0.021973756246363108,2026-06-18
MU260710P00095000,2026-06-17 19:59:53+00:00,95.0,0.04,0.0,0.0,0.0,0.0,129.0,68,0.500005,False,REGULAR,USD,MU,put,2026-07-10,0.06027397260273973,0.04,1.1659736996224166e-86,0.0,-8.628284344159859e-79,1043.18994140625,0.021973756246363108,2026-06-18
MU260710P00100000,2026-06-17 19:59:16+00:00,100.0,0.04,0.0,0.0,0.0,0.0,80.0,37,0.500005,False,REGULAR,USD,MU,put,2026-07-10,0.06027397260273973,0.04,3.852602838358166e-83,0.0,-1.5512533989122308e-75,1043.18994140625,0.021973756246363108,2026-06-18
MU260710P00105000,2026-06-17 19:51:59+00:00,105.0,0.02,0.0,0.0,0.0,0.0,201.0,135,0.500005,False,REGULAR,USD,MU,put,2026-07-10,0.06027397260273973,0.02,7.289888972569277e-80,0.0,-1.0709802551925724e-71,1043.18994140625,0.021973756246363108,2026-06-18
MU260710P00110000,2026-06-17 18:11:04+00:00,110.0,0.14,0.0,0.0,0.0,0.0,70.0,25,0.500005,False,REGULAR,USD,MU,put,2026-07-10,0.06027397260273973,0.14,8.381484875077849e-77,0.0,-2.2802777838822199e-69,1043.18994140625,0.021973756246363108,2026-06-18
MU260710P00115000,2026-06-17 19:59:43+00:00,115.0,0.05,0.0,0.0,0.0,0.0,31.0,27,0.500005,False,REGULAR,USD,MU,put,2026-07-10,0.06027397260273973,0.05,6.159918333983393e-74,0.0,-1.8099455105884322e-66,1043.18994140625,0.021973756246363108,2026-06-18
MU260710P00120000,2026-06-17 19:36:17+00:00,120.0,0.2,0.0,0.0,0.0,0.0,4.0,5,0.500005,False,REGULAR,USD,MU,put,2026-07-10,0.06027397260273973,0.2,3.0231444845681628e-71,0.0,-1.6449613185188303e-64,1043.18994140625,0.021973756246363108,2026-06-18
MU260710P00125000,2026-06-12 18:58:18+00:00,125.0,0.05,0.0,0.0,0.0,0.0,0.0,15,0.500005,False,REGULAR,USD,MU,put,2026-07-10,0.06027397260273973,0.05,1.0290335953706892e-68,0.0,-1.679761389323345e-61,1043.18994140625,0.021973756246363108,2026-06-18
MU260710P00130000,2026-06-11 13:51:51+00:00,130.0,0.38,0.0,0.0,0.0,0.0,11.0,11,0.500005,False,REGULAR,USD,MU,put,2026-07-10,0.06027397260273973,0.38,2.510974207273011e-66,0.0,-3.0058113399683285e-59,1043.18994140625,0.021973756246363108,2026-06-18
MU260710P00140000,2026-06-10 13:53:30+00:00,140.0,0.05,0.0,0.0,0.0,0.0,40.0,73,0.500005,False,REGULAR,USD,MU,put,2026-07-10,0.06027397260273973,0.05,6.163940975557296e-62,0.0,-4.896752043518378e-54,1043.18994140625,0.021973756246363108,2026-06-18
MU260710P00145000,2026-06-08 18:08:11+00:00,145.0,0.07,0.0,0.0,0.0,0.0,1.0,2,0.500005,False,REGULAR,USD,MU,put,2026-07-10,0.06027397260273973,0.07,6.507019033575456e-60,0.0,-1.41624651600155e-53,1043.18994140625,0.021973756246363108,2026-06-18
MU260710P00150000,2026-06-16 16:22:58+00:00,150.0,0.1,0.0,0.0,0.0,0.0,10.0,41,0.500005,False,REGULAR,USD,MU,put,2026-07-10,0.06027397260273973,0.1,5.4274131496508626e-58,0.0,-2.421606206326774e-50,1043.18994140625,0.021973756246363108,2026-06-18
MU260710P00155000,2026-06-08 14:33:55+00:00,155.0,0.11,0.0,0.0,0.0,0.0,1.0,1,0.500005,False,REGULAR,USD,MU,put,2026-07-10,0.06027397260273973,0.11,3.6415733989906248e-56,0.0,-3.96292496800224e-50,1043.18994140625,0.021973756246363108,2026-06-18
MU260710P00160000,2026-06-05 16:25:33+00:00,160.0,0.1,0.0,0.0,0.0,0.0,1.0,1,0.500005,False,REGULAR,USD,MU,put,2026-07-10,0.06027397260273973,0.1,1.9973671351584088e-54,0.0,-2.1736253050344572e-48,1043.18994140625,0.021973756246363108,2026-06-18
MU260710P00165000,2026-06-08 13:53:20+00:00,165.0,0.2,0.0,0.0,0.0,0.0,4.0,2,0.500005,False,REGULAR,USD,MU,put,2026-07-10,0.06027397260273973,0.2,9.086188828758431e-53,0.0,-1.9776003736983866e-46,1043.18994140625,0.021973756246363108,2026-06-18
MU260710P00175000,2026-06-12 13:53:05+00:00,175.0,0.2,0.0,0.0,0.0,0.0,0.0,1,0.500005,False,REGULAR,USD,MU,put,2026-07-10,0.06027397260273973,0.2,1.1288152742312065e-49,0.0,-1.2284278646568235e-43,1043.18994140625,0.021973756246363108,2026-06-18
MU260710P00200000,2026-06-09 15:34:12+00:00,200.0,1.15,0.0,0.0,0.0,0.0,3.0,1,0.500005,False,REGULAR,USD,MU,put,2026-07-10,0.06027397260273973,1.15,5.063594509992704e-43,0.0,-5.510432692926428e-37,1043.18994140625,0.021973756246363108,2026-06-18
MU260710P00215000,2026-05-29 17:40:23+00:00,215.0,2.15,0.0,0.0,0.0,0.0,5.0,5,0.500005,False,REGULAR,USD,MU,put,2026-07-10,0.06027397260273973,2.15,1.237552481970604e-39,0.0,-6.73380307448126e-33,1043.18994140625,0.021973756246363108,2026-06-18
MU260710P00220000,2026-06-04 16:07:27+00:00,220.0,0.2,0.0,0.0,0.0,0.0,1.0,2,0.500005,False,REGULAR,USD,MU,put,2026-07-10,0.06027397260273973,0.2,1.3740730928645392e-38,0.0,-2.99065704350888e-32,1043.18994140625,0.021973756246363108,2026-06-18
MU260710P00225000,2026-06-04 18:09:37+00:00,225.0,0.26,0.0,0.0,0.0,0.0,0.0,59,0.500005,False,REGULAR,USD,MU,put,2026-07-10,0.06027397260273973,0.26,1.3971344938582516e-37,0.0,-8.970507393404738e-30,1043.18994140625,0.021973756246363108,2026-06-18
MU260710P00230000,2026-06-05 17:32:34+00:00,230.0,0.42,0.0,0.0,0.0,0.0,2.0,75,0.500005,False,REGULAR,USD,MU,put,2026-07-10,0.06027397260273973,0.42,1.3069197927914623e-36,0.0,-1.0666869462521028e-28,1043.18994140625,0.021973756246363108,2026-06-18
MU260710P00235000,2026-06-04 16:29:20+00:00,235.0,0.35,0.0,0.0,0.0,0.0,258.0,68,0.500005,False,REGULAR,USD,MU,put,2026-07-10,0.06027397260273973,0.35,1.1295344517328336e-35,0.0,-8.358631441885591e-28,1043.18994140625,0.021973756246363108,2026-06-18
MU260710P00240000,2026-06-16 15:19:02+00:00,240.0,0.22,0.0,0.0,0.0,0.0,6.0,39,0.500005,False,REGULAR,USD,MU,put,2026-07-10,0.06027397260273973,0.22,9.055606146962111e-35,0.0,-3.843340959969047e-27,1043.18994140625,0.021973756246363108,2026-06-18
MU260710P00245000,2026-06-12 15:36:30+00:00,245.0,0.59,0.0,0.0,0.0,0.0,249.0,285,0.500005,False,REGULAR,USD,MU,put,2026-07-10,0.06027397260273973,0.59,6.759466110850776e-34,0.0,-2.0964477204048475e-25,1043.18994140625,0.021973756246363108,2026-06-18
MU260710P00250000,2026-06-17 17:28:42+00:00,250.0,0.21,0.0,0.0,0.0,0.0,11.0,290,0.500005,False,REGULAR,USD,MU,put,2026-07-10,0.06027397260273973,0.21,4.713953871462e-33,0.0,-1.4876819989726495e-24,1043.18994140625,0.021973756246363108,2026-06-18
MU260710P00265000,2026-06-15 19:48:29+00:00,265.0,0.95,0.0,0.0,0.0,0.0,0.0,15,0.500005,False,REGULAR,USD,MU,put,2026-07-10,0.06027397260273973,0.95,1.0971093823764211e-30,0.0,-1.790886117490102e-23,1043.18994140625,0.021973756246363108,2026-06-18
MU260710P00295000,2026-06-03 19:32:44+00:00,295.0,1.26,0.0,0.0,0.0,0.0,5.0,7,0.500005,False,REGULAR,USD,MU,put,2026-07-10,0.06027397260273973,1.26,1.3827227317932933e-26,0.0,-1.0533190151863281e-19,1043.18994140625,0.021973756246363108,2026-06-18
MU260710P00300000,2026-06-15 16:09:29+00:00,300.0,0.42,0.0,0.0,0.0,0.0,1.0,22,0.500005,False,REGULAR,USD,MU,put,2026-07-10,0.06027397260273973,0.42,5.666339594095018e-26,0.0,-1.3566007773962379e-18,1043.18994140625,0.021973756246363108,2026-06-18
MU260710P00340000,2026-06-17 13:30:00+00:00,340.0,0.5,0.0,0.0,0.0,0.0,1.0,65,0.500005,False,REGULAR,USD,MU,put,2026-07-10,0.06027397260273973,0.5,1.1456382476951933e-21,0.0,-8.103780006950364e-14,1043.18994140625,0.021973756246363108,2026-06-18
MU260710P00345000,2026-06-15 19:48:29+00:00,345.0,2.84,0.0,0.0,0.0,0.0,0.0,5,0.500005,False,REGULAR,USD,MU,put,2026-07-10,0.06027397260273973,2.84,3.402979665486128e-21,0.0,-1.851638234958669e-14,1043.18994140625,0.021973756246363108,2026-06-18
MU260710P00350000,2026-06-16 15:53:38+00:00,350.0,1.14,0.0,0.0,0.0,0.0,1.0,3,0.500005,False,REGULAR,USD,MU,put,2026-07-10,0.06027397260273973,1.14,9.814257080181998e-21,0.0,-3.204095606275006e-14,1043.18994140625,0.021973756246363108,2026-06-18
MU260710P00355000,2026-06-08 13:51:14+00:00,355.0,1.34,0.0,0.0,0.0,0.0,1.0,5,0.500005,False,REGULAR,USD,MU,put,2026-07-10,0.06027397260273973,1.34,2.750995734062151e-20,0.0,-1.496879025478983e-13,1043.18994140625,0.021973756246363108,2026-06-18
MU260710P00375000,2026-06-09 13:56:23+00:00,375.0,1.65,0.0,0.0,0.0,0.0,2.0,3,0.500005,False,REGULAR,USD,MU,put,2026-07-10,0.06027397260273973,1.65,1.302006222763811e-18,0.0,-4.250706277222241e-12,1043.18994140625,0.021973756246363108,2026-06-18
MU260710P00380000,2026-06-05 18:00:24+00:00,380.0,1.95,0.0,0.0,0.0,0.0,1.0,7,0.500005,False,REGULAR,USD,MU,put,2026-07-10,0.06027397260273973,1.95,3.2095358327518056e-18,0.0,-2.4449334959402025e-11,1043.18994140625,0.021973756246363108,2026-06-18
MU260710P00390000,2026-06-17 19:14:55+00:00,390.0,1.0,0.0,0.0,0.0,0.0,22.0,41,0.500005,False,REGULAR,USD,MU,put,2026-07-10,0.06027397260273973,1.0,1.8204782184407456e-17,-3.3306690738754696e-16,-8.122619801926097e-10,1043.18994140625,0.021973756246363108,2026-06-18
MU260710P00395000,2026-06-08 19:48:05+00:00,395.0,1.85,0.0,0.0,0.0,0.0,3.0,5,0.500005,False,REGULAR,USD,MU,put,2026-07-10,0.06027397260273973,1.85,4.195009712239959e-17,-6.661338147750939e-16,-2.28259970460236e-10,1043.18994140625,0.021973756246363108,2026-06-18
MU260710P00400000,2026-06-17 18:00:13+00:00,400.0,1.07,0.0,0.0,0.0,0.0,18.0,68,0.500005,False,REGULAR,USD,MU,put,2026-07-10,0.06027397260273973,1.07,9.465220818630071e-17,-1.5543122344752192e-15,-7.004327510118707e-09,1043.18994140625,0.021973756246363108,2026-06-18
MU260710P00405000,2026-06-12 14:02:25+00:00,405.0,2.5,0.0,0.0,0.0,0.0,2.0,27,0.500005,False,REGULAR,USD,MU,put,2026-07-10,0.06027397260273973,2.5,2.0924872190034907e-16,-3.4416913763379853e-15,-6.148276069026943e-09,1043.18994140625,0.021973756246363108,2026-06-18
MU260710P00410000,2026-06-09 13:58:14+00:00,410.0,1.8,0.0,0.0,0.0,0.0,3.0,22,0.500005,False,REGULAR,USD,MU,put,2026-07-10,0.06027397260273973,1.8,4.535250853614226e-16,-7.438494264988549e-15,-1.0858023476234383e-08,1043.18994140625,0.021973756246363108,2026-06-18
MU260710P00415000,2026-06-15 19:50:57+00:00,415.0,2.07,0.0,0.0,0.0,0.0,4.0,148,0.500005,False,REGULAR,USD,MU,put,2026-07-10,0.06027397260273973,2.07,9.642889483746893e-16,-1.5987211554602254e-14,-1.5530866496866468e-07,1043.18994140625,0.021973756246363108,2026-06-18
MU260710P00420000,2026-06-17 16:15:06+00:00,420.0,1.36,0.0,0.0,0.0,0.0,7.0,47,0.500005,False,REGULAR,USD,MU,put,2026-07-10,0.06027397260273973,1.36,2.0124761986738047e-15,-3.3861802251067274e-14,-1.0293318056967548e-07,1043.18994140625,0.021973756246363108,2026-06-18
MU260710P00425000,2026-06-17 14:18:48+00:00,425.0,1.4,0.0,0.0,0.0,0.0,5.0,24,0.500005,False,REGULAR,USD,MU,put,2026-07-10,0.06027397260273973,1.4,4.124888701860061e-15,-7.016609515630989e-14,-1.0773337325912512e-07,1043.18994140625,0.021973756246363108,2026-06-18
MU260710P00430000,2026-06-17 16:13:08+00:00,430.0,1.19,0.0,0.0,0.0,0.0,3.0,48,0.500005,False,REGULAR,USD,MU,put,2026-07-10,0.06027397260273973,1.19,8.307728583380703e-15,-1.4310774787418268e-13,-4.3396061765509424e-07,1043.18994140625,0.021973756246363108,2026-06-18
MU260710P00435000,2026-06-17 14:56:25+00:00,435.0,1.13,0.0,0.0,0.0,0.0,4.0,71,0.500005,False,REGULAR,USD,MU,put,2026-07-10,0.06027397260273973,1.13,1.6449872064899785e-14,-2.8699265186560297e-13,-1.271006159277122e-06,1043.18994140625,0.021973756246363108,2026-06-18
MU260710P00440000,2026-06-17 14:56:08+00:00,440.0,1.34,0.0,0.0,0.0,0.0,3.0,7,0.500005,False,REGULAR,USD,MU,put,2026-07-10,0.06027397260273973,1.34,3.203803377692428e-14,-5.659916979539048e-13,-2.4405666740323047e-07,1043.18994140625,0.021973756246363108,2026-06-18
MU260710P00445000,2026-06-17 14:54:10+00:00,445.0,1.57,0.0,0.0,0.0,0.0,1.0,6,0.500005,False,REGULAR,USD,MU,put,2026-07-10,0.06027397260273973,1.57,6.140405141584245e-14,-1.0984546605641299e-12,-4.009360051231445e-07,1043.18994140625,0.021973756246363108,2026-06-18
MU260710P00450000,2026-06-17 14:54:10+00:00,450.0,1.69,0.0,0.0,0.0,0.0,2.0,122,0.500005,False,REGULAR,USD,MU,put,2026-07-10,0.06027397260273973,1.69,1.1586518729714702e-13,-2.0988766280538584e-12,-1.5382948299849124e-05,1043.18994140625,0.021973756246363108,2026-06-18
MU260710P00455000,2026-06-17 14:54:00+00:00,455.0,1.89,0.0,0.0,0.0,0.0,1.0,21,0.500005,False,REGULAR,USD,MU,put,2026-07-10,0.06027397260273973,1.89,2.1533923950365009e-13,-3.950173521616307e-12,-4.921180012513143e-06,1043.18994140625,0.021973756246363108,2026-06-18
MU260710P00460000,2026-06-17 14:54:00+00:00,460.0,1.9,0.0,0.0,0.0,0.0,2.0,5,0.500005,False,REGULAR,USD,MU,put,2026-07-10,0.06027397260273973,1.9,3.9435746468084265e-13,-7.325695605686633e-12,-2.1457881962985476e-06,1043.18994140625,0.021973756246363108,2026-06-18
MU260710P00465000,2026-06-17 14:20:16+00:00,465.0,2.13,0.0,0.0,0.0,0.0,1.0,11,0.500005,False,REGULAR,USD,MU,put,2026-07-10,0.06027397260273973,2.13,7.119169209599436e-13,-1.3392509323750801e-11,-8.52214231408101e-06,1043.18994140625,0.021973756246363108,2026-06-18
MU260710P00470000,2026-06-16 17:39:47+00:00,470.0,2.16,0.0,0.0,0.0,0.0,10.0,12,0.500005,False,REGULAR,USD,MU,put,2026-07-10,0.06027397260273973,2.16,1.267389688990933e-12,-2.4144797272640517e-11,-1.6550769765891598e-05,1043.18994140625,0.021973756246363108,2026-06-18
MU260710P00475000,2026-06-16 17:39:05+00:00,475.0,1.95,0.0,0.0,0.0,0.0,7.0,31,0.500005,False,REGULAR,USD,MU,put,2026-07-10,0.06027397260273973,1.95,2.2258492237902752e-12,-4.294364863710598e-11,-7.509036546092078e-05,1043.18994140625,0.021973756246363108,2026-06-18
MU260710P00480000,2026-06-16 17:39:05+00:00,480.0,1.97,0.0,0.0,0.0,0.0,7.0,12,0.500005,False,REGULAR,USD,MU,put,2026-07-10,0.06027397260273973,1.97,3.857831876570248e-12,-7.537803714541269e-11,-5.037920675800015e-05,1043.18994140625,0.021973756246363108,2026-06-18
MU260710P00485000,2026-06-17 14:55:02+00:00,485.0,2.05,0.0,0.0,0.0,0.0,2.0,6,0.500005,False,REGULAR,USD,MU,put,2026-07-10,0.06027397260273973,2.05,6.600920634891246e-12,-1.3062106951622354e-10,-4.310052331181212e-05,1043.18994140625,0.021973756246363108,2026-06-18
MU260710P00490000,2026-06-17 14:55:02+00:00,490.0,2.2,0.0,0.0,0.0,0.0,5.0,14,0.500005,False,REGULAR,USD,MU,put,2026-07-10,0.06027397260273973,2.2,1.1153873777385779e-11,-2.2353863204926938e-10,-0.00016993410280413218,1043.18994140625,0.021973756246363108,2026-06-18
MU260710P00495000,2026-06-17 14:54:34+00:00,495.0,2.19,0.0,0.0,0.0,0.0,4.0,22,0.500005,False,REGULAR,USD,MU,put,2026-07-10,0.06027397260273973,2.19,1.861864979991199e-11,-3.779234702960821e-10,-0.00044575646011316996,1043.18994140625,0.021973756246363108,2026-06-18
MU260710P00500000,2026-06-17 18:21:39+00:00,500.0,2.26,0.0,0.0,0.0,0.0,25.0,113,0.500005,False,REGULAR,USD,MU,put,2026-07-10,0.06027397260273973,2.26,3.0712010888518214e-11,-6.313995992712762e-10,-0.0037767086096790786,1043.18994140625,0.021973756246363108,2026-06-18
MU260710P00505000,2026-06-17 13:32:11+00:00,505.0,2.65,0.0,0.0,0.0,0.0,5.0,8,0.500005,False,REGULAR,USD,MU,put,2026-07-10,0.06027397260273973,2.65,5.0076923644832864e-11,-1.0427647634259074e-09,-0.00043596779587165655,1043.18994140625,0.021973756246363108,2026-06-18
MU260710P00510000,2026-06-17 14:31:21+00:00,510.0,2.2,0.0,0.0,0.0,0.0,10.0,23,0.500005,False,REGULAR,USD,MU,put,2026-07-10,0.06027397260273973,2.2,8.073532410706847e-11,-1.7028558563225715e-09,-0.0020207761653860336,1043.18994140625,0.021973756246363108,2026-06-18
MU260710P00515000,2026-06-16 16:38:17+00:00,515.0,2.8,0.0,0.0,0.0,0.0,16.0,7,0.500005,False,REGULAR,USD,MU,put,2026-07-10,0.06027397260273973,2.8,1.2873868947462383e-10,-2.750442096299821e-09,-0.0009806948746544574,1043.18994140625,0.021973756246363108,2026-06-18
MU260710P00520000,2026-06-17 15:42:54+00:00,520.0,2.56,0.0,0.0,0.0,0.0,1.0,6,0.500005,False,REGULAR,USD,MU,put,2026-07-10,0.06027397260273973,2.56,2.0309208536899255e-10,-4.395211750107819e-09,-0.0013260839879852635,1043.18994140625,0.021973756246363108,2026-06-18
MU260710P00525000,2026-06-16 13:51:58+00:00,525.0,2.55,0.0,0.0,0.0,0.0,6.0,19,0.500005,False,REGULAR,USD,MU,put,2026-07-10,0.06027397260273973,2.55,3.17051860606098e-10,-6.950649500403472e-09,-0.006555573468056141,1043.18994140625,0.021973756246363108,2026-06-18
MU260710P00530000,2026-06-17 13:37:49+00:00,530.0,2.97,0.0,0.0,0.0,0.0,3.0,40,0.500005,False,REGULAR,USD,MU,put,2026-07-10,0.06027397260273973,2.97,4.899279516131705e-10,-1.0880557121950574e-08,-0.021326470722882438,1043.18994140625,0.021973756246363108,2026-06-18
MU260710P00535000,2026-06-17 14:53:02+00:00,535.0,2.96,0.0,0.0,0.0,0.0,1.0,13,0.500005,False,REGULAR,USD,MU,put,2026-07-10,0.06027397260273973,2.96,7.495599018348381e-10,-1.6864183827181023e-08,-0.0106041650734359,1043.18994140625,0.021973756246363108,2026-06-18
MU260710P00540000,2026-06-17 14:53:02+00:00,540.0,2.97,0.0,0.0,0.0,0.0,1.0,33,0.500005,False,REGULAR,USD,MU,put,2026-07-10,0.06027397260273973,2.97,1.1356822766741576e-09,-2.588646774714931e-08,-0.04078472796662713,1043.18994140625,0.021973756246363108,2026-06-18
MU260710P00545000,2026-06-16 13:52:43+00:00,545.0,2.92,0.0,0.0,0.0,0.0,2.0,3,0.500005,False,REGULAR,USD,MU,put,2026-07-10,0.06027397260273973,2.92,1.704451195146346e-09,-3.936180892338825e-08,-0.005564582770616924,1043.18994140625,0.021973756246363108,2026-06-18
MU260710P00550000,2026-06-17 15:44:57+00:00,550.0,3.2,0.0,0.0,0.0,0.0,8.0,131,0.500005,False,REGULAR,USD,MU,put,2026-07-10,0.06027397260273973,3.2,2.5344701185426707e-09,-5.9302148414097644e-08,-0.36131438515665104,1043.18994140625,0.021973756246363108,2026-06-18
MU260710P00555000,2026-06-17 14:21:36+00:00,555.0,3.49,0.0,0.0,0.0,0.0,4.0,6,0.500005,False,REGULAR,USD,MU,put,2026-07-10,0.06027397260273973,3.49,3.734730535290094e-09,-8.854299671234855e-08,-0.024385816676655032,1043.18994140625,0.021973756246363108,2026-06-18
MU260710P00560000,2026-06-16 15:48:20+00:00,560.0,4.25,0.0,0.0,0.0,0.0,1.0,31,0.500005,False,REGULAR,USD,MU,put,2026-07-10,0.06027397260273973,4.25,5.454972142623595e-09,-1.3104449259060402e-07,-0.18402677386711563,1043.18994140625,0.021973756246363108,2026-06-18
MU260710P00565000,2026-06-17 19:51:31+00:00,565.0,3.86,0.0,0.0,0.0,0.0,1.0,20,0.500005,False,REGULAR,USD,MU,put,2026-07-10,0.06027397260273973,3.86,7.899067494457033e-09,-1.9228864445164362e-07,-0.17192245421385924,1043.18994140625,0.021973756246363108,2026-06-18
MU260710P00570000,2026-06-17 13:36:13+00:00,570.0,4.04,0.0,0.0,0.0,0.0,6.0,21,0.500005,False,REGULAR,USD,MU,put,2026-07-10,0.06027397260273973,4.04,1.1342147239665609e-08,-2.797986692337773e-07,-0.2592037959429935,1043.18994140625,0.021973756246363108,2026-06-18
MU260710P00575000,2026-06-17 19:58:36+00:00,575.0,4.5,0.0,0.0,0.0,0.0,9.0,23,0.500005,False,REGULAR,USD,MU,put,2026-07-10,0.06027397260273973,4.5,1.6152302697608178e-08,-4.0381181998228044e-07,-0.40428633523711166,1043.18994140625,0.021973756246363108,2026-06-18
MU260710P00580000,2026-06-15 19:51:53+00:00,580.0,4.8,0.0,0.0,0.0,0.0,12.0,34,0.500005,False,REGULAR,USD,MU,put,2026-07-10,0.06027397260273973,4.8,2.2817830466480104e-08,-5.781433266571767e-07,-0.8442674540831426,1043.18994140625,0.021973756246363108,2026-06-18
MU260710P00585000,2026-06-17 15:10:05+00:00,585.0,4.4,0.0,0.0,0.0,0.0,1.0,73,0.500005,False,REGULAR,USD,MU,put,2026-07-10,0.06027397260273973,4.4,3.198111595694797e-08,-8.212860385103937e-07,-2.5406407286699286,1043.18994140625,0.021973756246363108,2026-06-18
MU260710P00590000,2026-06-17 15:26:48+00:00,590.0,4.42,0.0,0.0,0.0,0.0,1.0,58,0.500005,False,REGULAR,USD,MU,put,2026-07-10,0.06027397260273973,4.42,4.448038508422994e-08,-1.1577980280064182e-06,-2.8075229415283793,1043.18994140625,0.021973756246363108,2026-06-18
MU260710P00595000,2026-06-15 18:49:27+00:00,595.0,5.13,0.0,0.0,0.0,0.0,16.0,24,0.500005,False,REGULAR,USD,MU,put,2026-07-10,0.06027397260273973,5.13,6.140068064994524e-08,-1.6200387178422204e-06,-1.6036559832128305,1043.18994140625,0.021973756246363108,2026-06-18
MU260710P00600000,2026-06-17 19:55:02+00:00,600.0,4.97,0.0,0.0,0.0,0.0,32.0,893,0.500005,False,REGULAR,USD,MU,put,2026-07-10,0.06027397260273973,4.97,8.413553592057808e-08,-2.250322900021473e-06,-81.76316719769419,1043.18994140625,0.021973756246363108,2026-06-18
MU260710P00605000,2026-06-17 16:01:58+00:00,605.0,4.85,0.0,0.0,0.0,0.0,22.0,28,0.500005,False,REGULAR,USD,MU,put,2026-07-10,0.06027397260273973,4.85,1.1446091523146986e-07,-3.1035711762772422e-06,-3.4877233370590455,1043.18994140625,0.021973756246363108,2026-06-18
MU260710P00610000,2026-06-17 16:41:42+00:00,610.0,4.9,0.0,0.0,0.0,0.0,4.0,47,0.500005,False,REGULAR,USD,MU,put,2026-07-10,0.06027397260273973,4.9,1.5462306183838377e-07,-4.2505446231633215e-06,-7.908587219533222,1043.18994140625,0.021973756246363108,2026-06-18
MU260710P00615000,2026-06-17 19:55:22+00:00,615.0,6.17,0.0,0.0,0.0,0.0,24.0,35,0.500005,False,REGULAR,USD,MU,put,2026-07-10,0.06027397260273973,6.17,2.0744192765823847e-07,-5.7817606149423995e-06,-7.901169262833591,1043.18994140625,0.021973756246363108,2026-06-18
MU260710P00620000,2026-06-17 16:16:53+00:00,620.0,5.22,0.0,0.0,0.0,0.0,2.0,98,0.500005,False,REGULAR,USD,MU,put,2026-07-10,0.06027397260273973,5.22,2.764318484213051e-07,-7.812195375045405e-06,-29.480913411663696,1043.18994140625,0.021973756246363108,2026-06-18
MU260710P00625000,2026-06-16 16:16:53+00:00,625.0,6.4,0.0,0.0,0.0,0.0,16.0,49,0.500005,False,REGULAR,USD,MU,put,2026-07-10,0.06027397260273973,6.4,3.6594106133438266e-07,-1.0486886596439149e-05,-19.513447536133782,1043.18994140625,0.021973756246363108,2026-06-18
MU260710P00630000,2026-06-16 18:20:27+00:00,630.0,6.47,0.0,0.0,0.0,0.0,7.0,90,0.500005,False,REGULAR,USD,MU,put,2026-07-10,0.06027397260273973,6.47,4.813115310540007e-07,-1.398755592729728e-05,-47.1406490364023,1043.18994140625,0.021973756246363108,2026-06-18
MU260710P00635000,2026-06-17 15:36:59+00:00,635.0,6.09,0.0,0.0,0.0,0.0,5.0,34,0.500005,False,REGULAR,USD,MU,put,2026-07-10,0.06027397260273973,6.09,6.29060344655898e-07,-1.8540375785636165e-05,-23.275445771564026,1043.18994140625,0.021973756246363108,2026-06-18
MU260710P00640000,2026-06-17 14:16:45+00:00,640.0,6.82,0.0,0.0,0.0,0.0,2.0,64,0.2500075,False,REGULAR,USD,MU,put,2026-07-10,0.06027397260273973,6.82,6.209180328483263e-17,-4.440892098500626e-16,-4.324551054577915e-09,1043.18994140625,0.021973756246363108,2026-06-18
MU260710P00645000,2026-06-17 18:41:41+00:00,645.0,6.0,0.0,0.0,0.0,0.0,3.0,127,0.2500075,False,REGULAR,USD,MU,put,2026-07-10,0.06027397260273973,6.0,1.7049022556914904e-16,-1.3322676295501878e-15,-2.3562967708062624e-08,1043.18994140625,0.021973756246363108,2026-06-18
MU260710P00650000,2026-06-17 19:14:55+00:00,650.0,6.67,0.0,0.0,0.0,0.0,24.0,218,0.2500075,False,REGULAR,USD,MU,put,2026-07-10,0.06027397260273973,6.67,4.571686929938088e-16,-3.6637359812630166e-15,-1.0845754195844894e-07,1043.18994140625,0.021973756246363108,2026-06-18
MU260710P00655000,2026-06-17 19:15:07+00:00,655.0,6.45,0.0,0.0,0.0,0.0,4.0,65,0.2500075,False,REGULAR,USD,MU,put,2026-07-10,0.06027397260273973,6.45,1.1977760290911502e-15,-9.880984919163893e-15,-8.472581512428484e-08,1043.18994140625,0.021973756246363108,2026-06-18
MU260710P00660000,2026-06-17 18:40:16+00:00,660.0,7.46,0.0,0.0,0.0,0.0,6.0,148,0.2500075,False,REGULAR,USD,MU,put,2026-07-10,0.06027397260273973,7.46,3.067620616101347e-15,-2.5646151868841116e-14,-4.940718892610698e-07,1043.18994140625,0.021973756246363108,2026-06-18
MU260710P00665000,2026-06-17 18:45:37+00:00,665.0,6.1,0.0,0.0,0.0,0.0,2.0,100,0.2500075,False,REGULAR,USD,MU,put,2026-07-10,0.06027397260273973,6.1,7.683408435983778e-15,-6.52811138479592e-14,-8.361432763859428e-07,1043.18994140625,0.021973756246363108,2026-06-18
MU260710P00670000,2026-06-16 14:07:57+00:00,670.0,7.58,0.0,0.0,0.0,0.0,2.0,84,0.2500075,False,REGULAR,USD,MU,put,2026-07-10,0.06027397260273973,7.58,1.8828969419757226e-14,-1.6253665080512292e-13,-1.7212050749006166e-06,1043.18994140625,0.021973756246363108,2026-06-18
MU260710P00675000,2026-06-16 14:34:38+00:00,675.0,8.05,0.0,0.0,0.0,0.0,1.0,57,0.2500075,False,REGULAR,USD,MU,put,2026-07-10,0.06027397260273973,8.05,4.5165684355265426e-14,-3.963496197911809e-13,-2.8016264732837994e-06,1043.18994140625,0.021973756246363108,2026-06-18
MU260710P00680000,2026-06-17 19:56:18+00:00,680.0,8.93,0.0,0.0,0.0,0.0,26.0,127,0.2500075,False,REGULAR,USD,MU,put,2026-07-10,0.06027397260273973,8.93,1.0609238662284504e-13,-9.46243083888021e-13,-1.4662726098930992e-05,1043.18994140625,0.021973756246363108,2026-06-18
MU260710P00685000,2026-06-17 19:52:19+00:00,685.0,9.35,0.0,0.0,0.0,0.0,10.0,90,0.2500075,False,REGULAR,USD,MU,put,2026-07-10,0.06027397260273973,9.35,2.4413657784006223e-13,-2.213562666497637e-12,-2.391124249133242e-05,1043.18994140625,0.021973756246363108,2026-06-18
MU260710P00690000,2026-06-17 19:56:18+00:00,690.0,9.6,0.0,0.0,0.0,0.0,13.0,122,0.2500075,False,REGULAR,USD,MU,put,2026-07-10,0.06027397260273973,9.6,5.505912983175669e-13,-5.075828646283753e-12,-7.309976079911355e-05,1043.18994140625,0.021973756246363108,2026-06-18
MU260710P00695000,2026-06-17 19:52:20+00:00,695.0,10.1,0.0,0.0,0.0,0.0,3.0,308,0.2500075,False,REGULAR,USD,MU,put,2026-07-10,0.06027397260273973,10.1,1.2174302963973867e-12,-1.1412759626239222e-11,-0.0004080577245203184,1043.18994140625,0.021973756246363108,2026-06-18
MU260710P00700000,2026-06-17 19:52:20+00:00,700.0,10.45,0.0,0.0,0.0,0.0,70.0,302,0.2500075,False,REGULAR,USD,MU,put,2026-07-10,0.06027397260273973,10.45,2.640239095485605e-12,-2.5172641748838487e-11,-0.0008677147547377479,1043.18994140625,0.021973756246363108,2026-06-18
MU260710P00705000,2026-06-17 14:46:19+00:00,705.0,10.95,0.0,0.0,0.0,0.0,16.0,63,0.2500075,False,REGULAR,USD,MU,put,2026-07-10,0.06027397260273973,10.95,5.618090904261671e-12,-5.4485416178806645e-11,-0.000385173228022835,1043.18994140625,0.021973756246363108,2026-06-18
MU260710P00710000,2026-06-17 19:52:18+00:00,710.0,11.3,0.0,0.0,0.0,0.0,12.0,131,0.2500075,False,REGULAR,USD,MU,put,2026-07-10,0.06027397260273973,11.3,1.1733796510066268e-11,-1.1577250269567685e-10,-0.0016727715353872983,1043.18994140625,0.021973756246363108,2026-06-18
MU260710P00715000,2026-06-17 19:52:18+00:00,715.0,11.75,0.0,0.0,0.0,0.0,22.0,43,0.2500075,False,REGULAR,USD,MU,put,2026-07-10,0.06027397260273973,11.75,2.406282761477507e-11,-2.4157986722173064e-10,-0.0011260090916787725,1043.18994140625,0.021973756246363108,2026-06-18
MU260710P00720000,2026-06-17 19:52:20+00:00,720.0,12.25,0.0,0.0,0.0,0.0,84.0,205,0.2500075,False,REGULAR,USD,MU,put,2026-07-10,0.06027397260273973,12.25,4.846891908874965e-11,-4.952201981822668e-10,-0.010812944587313831,1043.18994140625,0.021973756246363108,2026-06-18
MU260710P00725000,2026-06-17 16:12:59+00:00,725.0,11.8,0.0,0.0,0.0,0.0,1.0,46,0.2500075,False,REGULAR,USD,MU,put,2026-07-10,0.06027397260273973,11.8,9.59257407527285e-11,-9.976245385345806e-10,-0.0048019736764304925,1043.18994140625,0.021973756246363108,2026-06-18
MU260710P00730000,2026-06-17 19:58:52+00:00,730.0,14.0,0.0,0.0,0.0,0.0,93.0,200,0.2500075,False,REGULAR,USD,MU,put,2026-07-10,0.06027397260273973,14.0,1.865972214507479e-10,-1.9756606350895822e-09,-0.04061270812511863,1043.18994140625,0.021973756246363108,2026-06-18
MU260710P00735000,2026-06-17 19:08:10+00:00,735.0,11.25,0.0,0.0,0.0,0.0,27.0,119,0.2500075,False,REGULAR,USD,MU,put,2026-07-10,0.06027397260273973,11.25,3.568723937613819e-10,-3.847475893437036e-09,-0.04621539796021847,1043.18994140625,0.021973756246363108,2026-06-18
MU260710P00740000,2026-06-17 18:05:28+00:00,740.0,13.6,0.0,0.0,0.0,0.0,117.0,174,0.2500075,False,REGULAR,USD,MU,put,2026-07-10,0.06027397260273973,13.6,6.712661551082831e-10,-7.370492327574141e-09,-0.1271073840819478,1043.18994140625,0.021973756246363108,2026-06-18
MU260710P00745000,2026-06-17 16:38:56+00:00,745.0,13.56,0.0,0.0,0.0,0.0,1.0,56,0.2500075,False,REGULAR,USD,MU,put,2026-07-10,0.06027397260273973,13.56,1.2421772382846692e-09,-1.3893434402945104e-08,-0.0757004351042941,1043.18994140625,0.021973756246363108,2026-06-18
MU260710P00750000,2026-06-17 19:49:53+00:00,750.0,14.75,0.0,0.0,0.0,0.0,92.0,401,0.2500075,False,REGULAR,USD,MU,put,2026-07-10,0.06027397260273973,14.75,2.262086777891896e-09,-2.5777911027979883e-08,-0.9871437851359819,1043.18994140625,0.021973756246363108,2026-06-18
MU260710P00755000,2026-06-17 19:57:42+00:00,755.0,16.48,0.0,0.0,0.0,0.0,37.0,70,0.2500075,False,REGULAR,USD,MU,put,2026-07-10,0.06027397260273973,16.48,4.055072665071602e-09,-4.7091259336440316e-08,-0.3089039507250065,1043.18994140625,0.021973756246363108,2026-06-18
MU260710P00760000,2026-06-17 19:57:55+00:00,760.0,17.31,0.0,0.0,0.0,0.0,31.0,179,0.2500075,False,REGULAR,USD,MU,put,2026-07-10,0.06027397260273973,17.31,7.157733941314498e-09,-8.472547274873676e-08,-1.3942972282037298,1043.18994140625,0.021973756246363108,2026-06-18
MU260710P00765000,2026-06-17 19:57:41+00:00,765.0,17.65,0.0,0.0,0.0,0.0,9.0,43,0.2500075,False,REGULAR,USD,MU,put,2026-07-10,0.06027397260273973,17.65,1.2444027490452871e-08,-1.5017327870125996e-07,-0.5823126157769923,1043.18994140625,0.021973756246363108,2026-06-18
MU260710P00770000,2026-06-17 19:57:42+00:00,770.0,18.5,0.0,0.0,0.0,0.0,55.0,155,0.2500075,False,REGULAR,USD,MU,put,2026-07-10,0.06027397260273973,18.5,2.131439698565409e-08,-2.6229950067513386e-07,-3.595270160542369,1043.18994140625,0.021973756246363108,2026-06-18
MU260710P00775000,2026-06-17 18:31:08+00:00,775.0,16.75,0.0,0.0,0.0,0.0,39.0,83,0.2500075,False,REGULAR,USD,MU,put,2026-07-10,0.06027397260273973,16.75,3.597719358479952e-08,-4.5159276607087406e-07,-3.249616843740071,1043.18994140625,0.021973756246363108,2026-06-18
MU260710P00780000,2026-06-17 19:12:23+00:00,780.0,16.24,0.0,0.0,0.0,0.0,25.0,351,0.2500075,False,REGULAR,USD,MU,put,2026-07-10,0.06027397260273973,16.24,5.985996966065171e-08,-7.665796013522908e-07,-22.864957085486733,1043.18994140625,0.021973756246363108,2026-06-18
MU260710P00785000,2026-06-17 18:07:22+00:00,785.0,18.7,0.0,0.0,0.0,0.0,7.0,65,0.2500075,False,REGULAR,USD,MU,put,2026-07-10,0.06027397260273973,18.7,9.819987894077394e-08,-1.2833405964585154e-06,-6.946260892093719,1043.18994140625,0.021973756246363108,2026-06-18
MU260710P00790000,2026-06-17 19:01:01+00:00,790.0,17.33,0.0,0.0,0.0,0.0,6.0,120,0.2500075,False,REGULAR,USD,MU,put,2026-07-10,0.06027397260273973,17.33,1.5887605624676591e-07,-2.119396760424941e-06,-20.747533699336245,1043.18994140625,0.021973756246363108,2026-06-18
MU260710P00795000,2026-06-17 19:58:54+00:00,795.0,23.0,0.0,0.0,0.0,0.0,10.0,85,0.2500075,False,REGULAR,USD,MU,put,2026-07-10,0.06027397260273973,23.0,2.5356211143619834e-07,-3.4536414389441106e-06,-23.454709967788684,1043.18994140625,0.021973756246363108,2026-06-18
MU260710P00800000,2026-06-17 19:58:55+00:00,800.0,23.65,0.0,0.0,0.0,0.0,243.0,556,0.2500075,False,REGULAR,USD,MU,put,2026-07-10,0.06027397260273973,23.65,3.9929300459434763e-07,-5.554483192171666e-06,-241.59796673305055,1043.18994140625,0.021973756246363108,2026-06-18
MU260710P00805000,2026-06-17 19:57:46+00:00,805.0,24.21,0.0,0.0,0.0,0.0,13.0,183,0.2500075,False,REGULAR,USD,MU,put,2026-07-10,0.06027397260273973,24.21,6.205563405746386e-07,-8.818935126386762e-06,-123.58310110510155,1043.18994140625,0.021973756246363108,2026-06-18
MU260710P00810000,2026-06-17 19:57:46+00:00,810.0,25.2,0.0,0.0,0.0,0.0,84.0,310,0.2500075,False,REGULAR,USD,MU,put,2026-07-10,0.06027397260273973,25.2,9.520317386476671e-07,-1.3826024076513121e-05,-321.17364654069195,1043.18994140625,0.021973756246363108,2026-06-18
MU260710P00815000,2026-06-17 18:05:58+00:00,815.0,25.0,0.0,0.0,0.0,0.0,12.0,85,0.2500075,False,REGULAR,USD,MU,put,2026-07-10,0.06027397260273973,25.0,1.4421110080670459e-06,-2.140857383303718e-05,-133.39648910471723,1043.18994140625,0.021973756246363108,2026-06-18
MU260710P00820000,2026-06-17 18:49:14+00:00,820.0,21.26,0.0,0.0,0.0,0.0,377.0,313,0.2500075,False,REGULAR,USD,MU,put,2026-07-10,0.06027397260273973,21.26,2.1573334317121344e-06,-3.274809979036952e-05,-734.8325626950173,1043.18994140625,0.021973756246363108,2026-06-18
MU260710P00825000,2026-06-17 19:20:34+00:00,825.0,22.61,0.0,0.0,0.0,0.0,9.0,48,0.12500875,False,REGULAR,USD,MU,put,2026-07-10,0.06027397260273973,22.61,1.2236640384037984e-15,-4.9960036108132044e-15,-6.391903594086221e-08,1043.18994140625,0.021973756246363108,2026-06-18
MU260710P00830000,2026-06-17 19:42:58+00:00,830.0,26.66,0.0,0.0,0.0,0.0,48.0,161,0.12500875,False,REGULAR,USD,MU,put,2026-07-10,0.06027397260273973,26.66,5.508297084057581e-15,-2.298161660974074e-14,-9.650948835229967e-07,1043.18994140625,0.021973756246363108,2026-06-18
MU260710P00835000,2026-06-17 19:52:30+00:00,835.0,29.45,0.0,0.0,0.0,0.0,47.0,167,0.12500875,False,REGULAR,USD,MU,put,2026-07-10,0.06027397260273973,29.45,2.364645594495937e-14,-1.0125233984581428e-13,-4.297434956567991e-06,1043.18994140625,0.021973756246363108,2026-06-18
MU260710P00840000,2026-06-17 19:50:47+00:00,840.0,29.33,0.0,0.0,0.0,0.0,106.0,206,0.12500875,False,REGULAR,USD,MU,put,2026-07-10,0.06027397260273973,29.33,9.688435623446144e-14,-4.25659507641285e-13,-2.1719391813983307e-05,1043.18994140625,0.021973756246363108,2026-06-18
MU260710P00845000,2026-06-17 18:46:12+00:00,845.0,24.75,0.0,0.0,0.0,0.0,10.0,72,0.12500875,False,REGULAR,USD,MU,put,2026-07-10,0.06027397260273973,24.75,3.79156212697413e-13,-1.7102985694350537e-12,-2.9708276323402542e-05,1043.18994140625,0.021973756246363108,2026-06-18
MU260710P00850000,2026-06-17 19:58:33+00:00,850.0,34.1,0.0,0.0,0.0,0.0,94.0,438,0.12500875,False,REGULAR,USD,MU,put,2026-07-10,0.06027397260273973,34.1,1.4183731795433806e-12,-6.572742350385852e-12,-0.0006760695918026137,1043.18994140625,0.021973756246363108,2026-06-18
MU260710P00855000,2026-06-17 18:35:17+00:00,855.0,30.95,0.0,0.0,0.0,0.0,5.0,59,0.12500875,False,REGULAR,USD,MU,put,2026-07-10,0.06027397260273973,30.95,5.075684417048184e-12,-2.4176105561934946e-11,-0.0003258917791370443,1043.18994140625,0.021973756246363108,2026-06-18
MU260710P00860000,2026-06-17 19:28:14+00:00,860.0,28.22,0.0,0.0,0.0,0.0,38.0,148,0.12500875,False,REGULAR,USD,MU,put,2026-07-10,0.06027397260273973,28.22,1.7387921522135647e-11,-8.517808680608141e-11,-0.002800503814478522,1043.18994140625,0.021973756246363108,2026-06-18
MU260710P00865000,2026-06-17 17:35:37+00:00,865.0,32.63,0.0,0.0,0.0,0.0,2.0,35,0.12500875,False,REGULAR,USD,MU,put,2026-07-10,0.06027397260273973,32.63,5.7063748168004305e-11,-2.8766800053148245e-10,-0.002173477358877628,1043.18994140625,0.021973756246363108,2026-06-18
MU260710P00870000,2026-06-17 18:55:55+00:00,870.0,30.52,0.0,0.0,0.0,0.0,26.0,244,0.12500875,False,REGULAR,USD,MU,put,2026-07-10,0.06027397260273973,30.52,1.7952985107182768e-10,-9.319570670740518e-10,-0.04767089203826006,1043.18994140625,0.021973756246363108,2026-06-18
MU260710P00875000,2026-06-17 17:48:44+00:00,875.0,35.05,0.0,0.0,0.0,0.0,68.0,124,0.12500875,False,REGULAR,USD,MU,put,2026-07-10,0.06027397260273973,35.05,5.418445873732281e-10,-2.8983602184950996e-09,-0.07311781526619912,1043.18994140625,0.021973756246363108,2026-06-18
MU260710P00880000,2026-06-17 19:50:47+00:00,880.0,39.33,0.0,0.0,0.0,0.0,42.0,161,0.12500875,False,REGULAR,USD,MU,put,2026-07-10,0.06027397260273973,39.33,1.5698796134877387e-09,-8.658997519006562e-09,-0.2750546601978156,1043.18994140625,0.021973756246363108,2026-06-18
MU260710P00885000,2026-06-17 17:45:15+00:00,885.0,37.56,0.0,0.0,0.0,0.0,32.0,89,0.12500875,False,REGULAR,USD,MU,put,2026-07-10,0.06027397260273973,37.56,4.369154625044589e-09,-2.4868151760060186e-08,-0.42316934878015494,1043.18994140625,0.021973756246363108,2026-06-18
MU260710P00890000,2026-06-17 18:19:48+00:00,890.0,38.49,0.0,0.0,0.0,0.0,155.0,96,0.12500875,False,REGULAR,USD,MU,put,2026-07-10,0.06027397260273973,38.49,1.1688211517421775e-08,-6.870324220642487e-08,-1.2210855081449175,1043.18994140625,0.021973756246363108,2026-06-18
MU260710P00895000,2026-06-17 16:33:46+00:00,895.0,41.0,0.0,0.0,0.0,0.0,14.0,56,0.12500875,False,REGULAR,USD,MU,put,2026-07-10,0.06027397260273973,41.0,3.0074109758965264e-08,-1.8270970758571536e-07,-1.8327684037036225,1043.18994140625,0.021973756246363108,2026-06-18
MU260710P00900000,2026-06-17 19:50:01+00:00,900.0,44.54,0.0,0.0,0.0,0.0,25.0,289,0.12500875,False,REGULAR,USD,MU,put,2026-07-10,0.06027397260273973,44.54,7.447329317658577e-08,-4.68042633761101e-07,-23.422065065207025,1043.18994140625,0.021973756246363108,2026-06-18
MU260710P00905000,2026-06-17 14:46:39+00:00,905.0,48.6,0.0,0.0,0.0,0.0,3.0,52,0.12500875,False,REGULAR,USD,MU,put,2026-07-10,0.06027397260273973,48.6,1.7759675436033542e-07,-1.1556691521530382e-06,-10.049978901664419,1043.18994140625,0.021973756246363108,2026-06-18
MU260710P00910000,2026-06-17 19:42:27+00:00,910.0,46.95,0.0,0.0,0.0,0.0,11.0,140,0.12500875,False,REGULAR,USD,MU,put,2026-07-10,0.06027397260273973,46.95,4.0808870782185385e-07,-2.752246413550985e-06,-62.1740839212348,1043.18994140625,0.021973756246363108,2026-06-18
MU260710P00915000,2026-06-17 19:21:35+00:00,915.0,44.25,0.0,0.0,0.0,0.0,7.0,177,0.12500875,False,REGULAR,USD,MU,put,2026-07-10,0.06027397260273973,44.25,9.04091771740898e-07,-6.325937945361737e-06,-174.14562359679903,1043.18994140625,0.021973756246363108,2026-06-18
MU260710P00920000,2026-06-17 19:55:02+00:00,920.0,52.97,0.0,0.0,0.0,0.0,33.0,226,0.12500875,False,REGULAR,USD,MU,put,2026-07-10,0.06027397260273973,52.97,1.9322226386463667e-06,-1.4041760674321502e-05,-475.2174581912989,1043.18994140625,0.021973756246363108,2026-06-18
MU260710P00925000,2026-06-17 19:55:22+00:00,925.0,54.48,0.0,0.0,0.0,0.0,24.0,74,0.12500875,False,REGULAR,USD,MU,put,2026-07-10,0.06027397260273973,54.48,3.985951379699484e-06,-3.011964495758246e-05,-320.9892576569236,1043.18994140625,0.021973756246363108,2026-06-18
MU260710P00930000,2026-06-17 18:04:39+00:00,930.0,54.88,0.0,0.0,0.0,0.0,6.0,126,0.12500875,False,REGULAR,USD,MU,put,2026-07-10,0.06027397260273973,54.88,7.941010022767995e-06,-6.24712436830821e-05,-1088.8625749757973,1043.18994140625,0.021973756246363108,2026-06-18
MU260710P00935000,2026-06-17 19:55:11+00:00,935.0,58.42,0.0,0.0,0.0,0.0,29.0,46,0.062509375,False,REGULAR,USD,MU,put,2026-07-10,0.06027397260273973,58.42,6.708084786240167e-14,-1.4455103780619538e-13,-3.358019058286283e-06,1043.18994140625,0.021973756246363108,2026-06-18
MU260710P00940000,2026-06-17 19:19:48+00:00,940.0,50.3,0.0,0.0,0.0,0.0,299.0,165,0.062509375,False,REGULAR,USD,MU,put,2026-07-10,0.06027397260273973,50.3,7.981232125408028e-13,-1.802114013571554e-12,-0.00014331137667593694,1043.18994140625,0.021973756246363108,2026-06-18
MU260710P00945000,2026-06-17 14:03:11+00:00,945.0,69.65,0.0,0.0,0.0,0.0,4.0,22,0.062509375,False,REGULAR,USD,MU,put,2026-07-10,0.06027397260273973,69.65,8.313814920966694e-12,-1.971445229287383e-11,-0.00019904433184105998,1043.18994140625,0.021973756246363108,2026-06-18
MU260710P00950000,2026-06-17 19:44:26+00:00,950.0,62.0,0.0,0.0,0.0,0.0,66.0,173,0.062509375,False,REGULAR,USD,MU,put,2026-07-10,0.06027397260273973,62.0,7.597541008971255e-11,-1.8961188175126154e-10,-0.014303619143038068,1043.18994140625,0.021973756246363108,2026-06-18
MU260710P00955000,2026-06-16 16:21:23+00:00,955.0,66.5,0.0,0.0,0.0,0.0,12.0,80,0.062509375,False,REGULAR,USD,MU,put,2026-07-10,0.06027397260273973,66.5,6.103157049121289e-10,-1.606843991197593e-09,-0.0531338535377167,1043.18994140625,0.021973756246363108,2026-06-18
MU260710P00960000,2026-06-17 19:17:56+00:00,960.0,57.08,0.0,0.0,0.0,0.0,13.0,60,0.062509375,False,REGULAR,USD,MU,put,2026-07-10,0.06027397260273973,57.08,4.31812240276205e-09,-1.2024265805266054e-08,-0.28195057262125406,1043.18994140625,0.021973756246363108,2026-06-18
MU260710P00965000,2026-06-17 19:50:23+00:00,965.0,69.0,0.0,0.0,0.0,0.0,21.0,35,0.062509375,False,REGULAR,USD,MU,put,2026-07-10,0.06027397260273973,69.0,2.6960527362560694e-08,-7.96283592396918e-08,-1.0268883080270998,1043.18994140625,0.021973756246363108,2026-06-18
MU260710P00970000,2026-06-17 18:15:13+00:00,970.0,66.19,0.0,0.0,0.0,0.0,12.0,50,0.062509375,False,REGULAR,USD,MU,put,2026-07-10,0.06027397260273973,66.19,1.48824126812749e-07,-4.6768180350653665e-07,-8.097857483125976,1043.18994140625,0.021973756246363108,2026-06-18
MU260710P00975000,2026-06-17 18:51:51+00:00,975.0,60.75,0.0,0.0,0.0,0.0,5.0,44,0.062509375,False,REGULAR,USD,MU,put,2026-07-10,0.06027397260273973,60.75,7.276676398501591e-07,-2.4415241371977814e-06,-34.84275763971297,1043.18994140625,0.021973756246363108,2026-06-18
MU260710P00980000,2026-06-17 18:52:38+00:00,980.0,61.93,0.0,0.0,0.0,0.0,8.0,86,0.062509375,False,REGULAR,USD,MU,put,2026-07-10,0.06027397260273973,61.93,3.157154693388459e-06,-1.135438131782962e-05,-295.47524052484,1043.18994140625,0.021973756246363108,2026-06-18
MU260710P00985000,2026-06-17 14:26:39+00:00,985.0,81.15,0.0,0.0,0.0,0.0,4.0,34,0.062509375,False,REGULAR,USD,MU,put,2026-07-10,0.06027397260273973,81.15,1.2176865220303344e-05,-4.714516655812684e-05,-450.54813661453903,1043.18994140625,0.021973756246363108,2026-06-18
MU260710P00990000,2026-06-17 19:23:03+00:00,990.0,70.13,0.0,0.0,0.0,0.0,4.0,23,0.0312596875,False,REGULAR,USD,MU,put,2026-07-10,0.06027397260273973,70.13,4.327559659341914e-13,-4.763966998666547e-13,-1.0831726398084285e-05,1043.18994140625,0.021973756246363108,2026-06-18
MU260710P00995000,2026-06-17 19:38:15+00:00,995.0,74.05,0.0,0.0,0.0,0.0,106.0,119,0.0312596875,False,REGULAR,USD,MU,put,2026-07-10,0.06027397260273973,74.05,3.778960417170936e-11,-4.5643044899179586e-11,-0.004893798528788497,1043.18994140625,0.021973756246363108,2026-06-18
MU260710P01000000,2026-06-17 19:39:17+00:00,1000.0,77.58,0.0,0.0,0.0,0.0,327.0,668,0.0312596875,False,REGULAR,USD,MU,put,2026-07-10,0.06027397260273973,77.58,2.103955647211405e-09,-2.811906485433724e-09,-1.5294659912573145,1043.18994140625,0.021973756246363108,2026-06-18
MU260710P01005000,2026-06-16 18:49:35+00:00,1005.0,95.9,0.0,0.0,0.0,0.0,16.0,20,0.0312596875,False,REGULAR,USD,MU,put,2026-07-10,0.06027397260273973,95.9,7.518126331400502e-08,-1.1232467755917241e-07,-1.6363130596000286,1043.18994140625,0.021973756246363108,2026-06-18
MU260710P01010000,2026-06-17 19:10:29+00:00,1010.0,76.0,0.0,0.0,0.0,0.0,9.0,25,0.0312596875,False,REGULAR,USD,MU,put,2026-07-10,0.06027397260273973,76.0,1.7354550364508222e-06,-2.934837632917464e-06,-47.215017667243146,1043.18994140625,0.021973756246363108,2026-06-18
MU260710P01015000,2026-06-16 18:57:10+00:00,1015.0,101.01,0.0,0.0,0.0,0.0,2.0,15,0.0312596875,False,REGULAR,USD,MU,put,2026-07-10,0.06027397260273973,101.01,2.604467563655593e-05,-5.0627830214144964e-05,-425.1449197436299,1043.18994140625,0.021973756246363108,2026-06-18
MU260710P01020000,2026-06-17 19:58:54+00:00,1020.0,97.27,0.0,0.0,0.0,0.0,17.0,38,0.015634843750000002,False,REGULAR,USD,MU,put,2026-07-10,0.06027397260273973,97.27,7.26878566781576e-11,-4.3872350197204923e-11,-0.0030058841716195397,1043.18994140625,0.021973756246363108,2026-06-18
MU260710P01025000,2026-06-17 18:41:34+00:00,1025.0,87.1,0.0,0.0,0.0,0.0,5.0,28,0.015634843750000002,False,REGULAR,USD,MU,put,2026-07-10,0.06027397260273973,87.1,1.252872030309361e-07,-9.303275938510325e-08,-3.8176097138677343,1043.18994140625,0.021973756246363108,2026-06-18
MU260710P01030000,2026-06-17 19:14:42+00:00,1030.0,82.28,0.0,0.0,0.0,0.0,16.0,31,0.015634843750000002,False,REGULAR,USD,MU,put,2026-07-10,0.06027397260273973,82.28,4.1582616462435104e-05,-3.9899166210499715e-05,-1402.814635246721,1043.18994140625,0.021973756246363108,2026-06-18
MU260710P01035000,2026-06-17 14:42:10+00:00,1035.0,107.68,0.0,0.0,0.0,0.0,3.0,7,0.007822421875,False,REGULAR,USD,MU,put,2026-07-10,0.06027397260273973,107.68,1.1466305078674498e-07,-4.149599286407124e-08,-0.8734706456754003,1043.18994140625,0.021973756246363108,2026-06-18
MU260710P01040000,2026-06-17 19:58:43+00:00,1040.0,107.79,0.0,0.0,0.0,0.0,66.0,58,0.0039162109375,False,REGULAR,USD,MU,put,2026-07-10,0.06027397260273973,107.79,3.6376302398015856e-08,-6.22653162363207e-09,-2.2960076293631615,1043.18994140625,0.021973756246363108,2026-06-18
MU260717C00130000,2026-05-15 15:03:29+00:00,130.0,602.63,915.85,928.4,0.0,0.0,1.0,43,4.475346202697753,True,REGULAR,USD,MU,call,2026-07-17,0.07945205479452055,922.125,2.2324504660856376e-05,0.9888172907936408,1044.665058395482,1043.18994140625,0.021973756246363108,2026-06-18
MU260717C00195000,2026-05-12 19:14:49+00:00,195.0,559.42,851.2,863.8,0.0,0.0,1.0,11,3.605347666320801,True,REGULAR,USD,MU,call,2026-07-17,0.07945205479452055,857.5,3.6394725482258555e-05,0.9846707577040102,435.67025998412737,1043.18994140625,0.021973756246363108,2026-06-18
MU260717C01050000,2026-06-17 19:59:50+00:00,1050.0,120.85,0.0,0.0,0.0,0.0,567.0,2006,0.0039162109375,False,REGULAR,USD,MU,call,2026-07-17,0.07945205479452055,120.85,0.0036785462035902883,0.001284784539045939,8030339.8569415575,1043.18994140625,0.021973756246363108,2026-06-18
MU260717C01060000,2026-06-17 19:45:51+00:00,1060.0,127.41,0.0,0.0,0.0,0.0,287.0,580,0.015634843750000002,False,REGULAR,USD,MU,call,2026-07-17,0.07945205479452055,127.41,0.001279972328239693,0.0018423722352594219,807895.8105352569,1043.18994140625,0.021973756246363108,2026-06-18
MU260717C01070000,2026-06-17 19:55:15+00:00,1070.0,116.7,0.0,0.0,0.0,0.0,301.0,438,0.015634843750000002,False,REGULAR,USD,MU,call,2026-07-17,0.07945205479452055,116.7,2.718648856958982e-07,2.394389669260336e-07,129.58478413774085,1043.18994140625,0.021973756246363108,2026-06-18
MU260717C01080000,2026-06-17 19:51:10+00:00,1080.0,111.2,0.0,0.0,0.0,0.0,213.0,535,0.0312596875,False,REGULAR,USD,MU,call,2026-07-17,0.07945205479452055,111.2,7.398728570461549e-05,0.00017812512163631282,43076.227194657615,1043.18994140625,0.021973756246363108,2026-06-18
MU260717C01090000,2026-06-17 19:57:40+00:00,1090.0,106.0,0.0,0.0,0.0,0.0,392.0,817,0.0312596875,False,REGULAR,USD,MU,call,2026-07-17,0.07945205479452055,106.0,1.0222480185298162e-06,1.950882444148026e-06,908.877004964278,1043.18994140625,0.021973756246363108,2026-06-18
MU260717C01100000,2026-06-17 19:59:49+00:00,1100.0,102.0,0.0,0.0,0.0,0.0,7099.0,8086,0.0312596875,False,REGULAR,USD,MU,call,2026-07-17,0.07945205479452055,102.0,4.991713308363993e-09,7.883307483063784e-09,43.92483644651441,1043.18994140625,0.021973756246363108,2026-06-18
MU260717C01110000,2026-06-17 19:54:17+00:00,1110.0,100.6,0.0,0.0,0.0,0.0,139.0,311,0.0312596875,False,REGULAR,USD,MU,call,2026-07-17,0.07945205479452055,100.6,8.864115927551675e-12,1.1940285836726869e-11,0.003000009279288608,1043.18994140625,0.021973756246363108,2026-06-18
MU260717C01120000,2026-06-17 19:50:15+00:00,1120.0,99.52,0.0,0.0,0.0,0.0,199.0,427,0.062509375,False,REGULAR,USD,MU,call,2026-07-17,0.07945205479452055,99.52,1.3477330706839703e-05,6.077364033685191e-05,6262.655782280532,1043.18994140625,0.021973756246363108,2026-06-18
MU260717C01130000,2026-06-17 19:45:07+00:00,1130.0,99.65,0.0,0.0,0.0,0.0,198.0,742,0.062509375,False,REGULAR,USD,MU,call,2026-07-17,0.07945205479452055,99.65,1.7074595297367929e-06,6.8857103158450986e-06,1378.7359691992363,1043.18994140625,0.021973756246363108,2026-06-18
MU260717C01140000,2026-06-17 19:59:02+00:00,1140.0,88.81,0.0,0.0,0.0,0.0,661.0,1403,0.062509375,False,REGULAR,USD,MU,call,2026-07-17,0.07945205479452055,88.81,1.7136672491466268e-07,6.250739018671705e-07,261.6441021541315,1043.18994140625,0.021973756246363108,2026-06-18
MU260717C01150000,2026-06-17 19:58:49+00:00,1150.0,85.68,0.0,0.0,0.0,0.0,182.0,1025,0.062509375,False,REGULAR,USD,MU,call,2026-07-17,0.07945205479452055,85.68,1.371032685703517e-08,4.566062444485354e-08,15.293203084189745,1043.18994140625,0.021973756246363108,2026-06-18
MU260717C01160000,2026-06-17 19:41:35+00:00,1160.0,87.05,0.0,0.0,0.0,0.0,71.0,106,0.062509375,False,REGULAR,USD,MU,call,2026-07-17,0.07945205479452055,87.05,8.797173375734497e-10,2.696253315361319e-09,0.10147891103855929,1043.18994140625,0.021973756246363108,2026-06-18
MU260717C01170000,2026-06-17 19:57:28+00:00,1170.0,80.0,0.0,0.0,0.0,0.0,167.0,458,0.062509375,False,REGULAR,USD,MU,call,2026-07-17,0.07945205479452055,80.0,4.5536309660034863e-11,1.293071887162957e-10,0.02269604017236711,1043.18994140625,0.021973756246363108,2026-06-18
MU260717C01180000,2026-06-17 19:45:07+00:00,1180.0,83.4,0.0,0.0,0.0,0.0,148.0,289,0.062509375,False,REGULAR,USD,MU,call,2026-07-17,0.07945205479452055,83.4,1.912303903517114e-12,5.060398542436399e-12,0.0006014250819609133,1043.18994140625,0.021973756246363108,2026-06-18
MU260717C01190000,2026-06-17 19:38:58+00:00,1190.0,83.4,0.0,0.0,0.0,0.0,198.0,350,0.062509375,False,REGULAR,USD,MU,call,2026-07-17,0.07945205479452055,83.4,6.551312251196817e-14,1.623693606183054e-13,2.4953020623516986e-05,1043.18994140625,0.021973756246363108,2026-06-18
MU260717C01200000,2026-06-17 19:59:41+00:00,1200.0,70.85,0.0,0.0,0.0,0.0,1046.0,5707,0.12500875,False,REGULAR,USD,MU,call,2026-07-17,0.07945205479452055,70.85,6.156937864028664e-06,5.5220905748391155e-05,38238.37473894049,1043.18994140625,0.021973756246363108,2026-06-18
MU260717C01210000,2026-06-17 19:59:27+00:00,1210.0,68.85,0.0,0.0,0.0,0.0,411.0,1034,0.12500875,False,REGULAR,USD,MU,call,2026-07-17,0.07945205479452055,68.85,2.4090581001908293e-06,2.048472277250561e-05,2710.782009273069,1043.18994140625,0.021973756246363108,2026-06-18
MU260717C01220000,2026-06-17 19:59:37+00:00,1220.0,66.3,0.0,0.0,0.0,0.0,227.0,453,0.12500875,False,REGULAR,USD,MU,call,2026-07-17,0.07945205479452055,66.3,8.992715996045253e-07,7.27072801111995e-06,443.31850673732896,1043.18994140625,0.021973756246363108,2026-06-18
MU260717C01230000,2026-06-17 19:54:20+00:00,1230.0,65.06,0.0,0.0,0.0,0.0,68.0,399,0.12500875,False,REGULAR,USD,MU,call,2026-07-17,0.07945205479452055,65.06,3.206437085318089e-07,2.4714825446147157e-06,139.2266586008053,1043.18994140625,0.021973756246363108,2026-06-18
MU260717C01240000,2026-06-17 19:55:53+00:00,1240.0,62.9,0.0,0.0,0.0,0.0,25.0,747,0.12500875,False,REGULAR,USD,MU,call,2026-07-17,0.07945205479452055,62.9,1.0933369474162214e-07,8.053382751675731e-07,88.87946016827185,1043.18994140625,0.021973756246363108,2026-06-18
MU260717C01250000,2026-06-17 19:59:28+00:00,1250.0,59.62,0.0,0.0,0.0,0.0,269.0,1644,0.12500875,False,REGULAR,USD,MU,call,2026-07-17,0.07945205479452055,59.62,3.5692803394384305e-08,2.5179472216555697e-07,63.857109276116546,1043.18994140625,0.021973756246363108,2026-06-18
MU260717C01260000,2026-06-17 19:39:56+00:00,1260.0,61.4,0.0,0.0,0.0,0.0,352.0,540,0.12500875,False,REGULAR,USD,MU,call,2026-07-17,0.07945205479452055,61.4,1.1168214004122329e-08,7.560743360944476e-08,6.563028177349391,1043.18994140625,0.021973756246363108,2026-06-18
MU260717C01270000,2026-06-17 19:48:45+00:00,1270.0,60.64,0.0,0.0,0.0,0.0,213.0,733,0.12500875,False,REGULAR,USD,MU,call,2026-07-17,0.07945205479452055,60.64,3.3529732157645413e-09,2.1823722358210202e-08,2.674612319057526,1043.18994140625,0.021973756246363108,2026-06-18
MU260717C01280000,2026-06-17 19:59:54+00:00,1280.0,53.3,0.0,0.0,0.0,0.0,203.0,516,0.12500875,False,REGULAR,USD,MU,call,2026-07-17,0.07945205479452055,53.3,9.668806288422867e-10,6.0608074581827125e-09,0.5429368797751813,1043.18994140625,0.021973756246363108,2026-06-18
MU260717C01290000,2026-06-17 19:17:10+00:00,1290.0,62.25,0.0,0.0,0.0,0.0,153.0,299,0.12500875,False,REGULAR,USD,MU,call,2026-07-17,0.07945205479452055,62.25,2.680723022757582e-10,1.6208908934992017e-09,0.08722679478152491,1043.18994140625,0.021973756246363108,2026-06-18
MU260717C01300000,2026-06-17 19:59:03+00:00,1300.0,50.0,0.0,0.0,0.0,0.0,942.0,3361,0.12500875,False,REGULAR,USD,MU,call,2026-07-17,0.07945205479452055,50.0,7.153102744564473e-11,4.1780731039692974e-10,0.26163133506707953,1043.18994140625,0.021973756246363108,2026-06-18
MU260717C01310000,2026-06-17 19:39:23+00:00,1310.0,53.5,0.0,0.0,0.0,0.0,258.0,150,0.12500875,False,REGULAR,USD,MU,call,2026-07-17,0.07945205479452055,53.5,1.8387184078147653e-11,1.0388845323879657e-10,0.0030014648707098125,1043.18994140625,0.021973756246363108,2026-06-18
MU260717C01320000,2026-06-17 18:41:41+00:00,1320.0,53.93,0.0,0.0,0.0,0.0,86.0,427,0.12500875,False,REGULAR,USD,MU,call,2026-07-17,0.07945205479452055,53.93,4.5574000100849504e-12,2.4939633348632738e-11,0.0021177359334841567,1043.18994140625,0.021973756246363108,2026-06-18
MU260717C01330000,2026-06-17 18:57:30+00:00,1330.0,51.47,0.0,0.0,0.0,0.0,214.0,252,0.12500875,False,REGULAR,USD,MU,call,2026-07-17,0.07945205479452055,51.47,1.0901636296375133e-12,5.784946051226999e-12,0.000298964079760297,1043.18994140625,0.021973756246363108,2026-06-18
MU260717C01340000,2026-06-17 19:21:22+00:00,1340.0,49.11,0.0,0.0,0.0,0.0,442.0,419,0.12500875,False,REGULAR,USD,MU,call,2026-07-17,0.07945205479452055,49.11,2.518948095782604e-13,1.2976042754655812e-12,0.00011485767568618745,1043.18994140625,0.021973756246363108,2026-06-18
MU260717C01350000,2026-06-17 19:45:54+00:00,1350.0,45.39,0.0,0.0,0.0,0.0,314.0,581,0.12500875,False,REGULAR,USD,MU,call,2026-07-17,0.07945205479452055,45.39,5.626902864339881e-14,2.816815926706965e-13,3.557724645215686e-05,1043.18994140625,0.021973756246363108,2026-06-18
MU260717C01360000,2026-06-17 19:55:50+00:00,1360.0,41.47,0.0,0.0,0.0,0.0,205.0,564,0.12500875,False,REGULAR,USD,MU,call,2026-07-17,0.07945205479452055,41.47,1.2161905810346161e-14,5.922155044108347e-14,7.464616859604352e-06,1043.18994140625,0.021973756246363108,2026-06-18
MU260717C01370000,2026-06-17 19:56:23+00:00,1370.0,39.0,0.0,0.0,0.0,0.0,272.0,218,0.12500875,False,REGULAR,USD,MU,call,2026-07-17,0.07945205479452055,39.0,2.545453915251093e-15,1.2067864374673392e-14,6.038770349928189e-07,1043.18994140625,0.021973756246363108,2026-06-18
MU260717C01380000,2026-06-17 19:46:23+00:00,1380.0,40.7,0.0,0.0,0.0,0.0,291.0,454,0.2500075,False,REGULAR,USD,MU,call,2026-07-17,0.07945205479452055,40.7,2.8080707486087973e-06,5.0092867721396486e-05,1387.3648277519358,1043.18994140625,0.021973756246363108,2026-06-18
MU260717C01390000,2026-06-17 19:00:22+00:00,1390.0,41.0,0.0,0.0,0.0,0.0,103.0,287,0.2500075,False,REGULAR,USD,MU,call,2026-07-17,0.07945205479452055,41.0,1.8751190144718958e-06,3.26764105544592e-05,585.6491485887734,1043.18994140625,0.021973756246363108,2026-06-18
MU260717C01400000,2026-06-17 19:58:29+00:00,1400.0,34.73,0.0,0.0,0.0,0.0,1117.0,2633,0.2500075,False,REGULAR,USD,MU,call,2026-07-17,0.07945205479452055,34.73,1.2427868916245229e-06,2.117014501724538e-05,3561.01911343283,1043.18994140625,0.021973756246363108,2026-06-18
MU260717C01410000,2026-06-17 19:19:27+00:00,1410.0,40.35,0.0,0.0,0.0,0.0,700.0,282,0.2500075,False,REGULAR,USD,MU,call,2026-07-17,0.07945205479452055,40.35,8.176921284825259e-07,1.3624143761486665e-05,250.93758097698597,1043.18994140625,0.021973756246363108,2026-06-18
MU260717C01420000,2026-06-17 19:42:37+00:00,1420.0,35.0,0.0,0.0,0.0,0.0,702.0,819,0.2500075,False,REGULAR,USD,MU,call,2026-07-17,0.07945205479452055,35.0,5.341761332466662e-07,8.71072127648847e-06,476.0966915738049,1043.18994140625,0.021973756246363108,2026-06-18
MU260717C01430000,2026-06-17 19:39:22+00:00,1430.0,35.0,0.0,0.0,0.0,0.0,396.0,222,0.2500075,False,REGULAR,USD,MU,call,2026-07-17,0.07945205479452055,35.0,3.465411352684528e-07,5.533767568692359e-06,83.72102754986041,1043.18994140625,0.021973756246363108,2026-06-18
MU260717C01440000,2026-06-17 19:42:49+00:00,1440.0,32.72,0.0,0.0,0.0,0.0,279.0,147,0.2500075,False,REGULAR,USD,MU,call,2026-07-17,0.07945205479452055,32.72,2.2329187656170115e-07,3.4935804713076943e-06,35.720459759093686,1043.18994140625,0.021973756246363108,2026-06-18
MU260717C01450000,2026-06-17 19:58:09+00:00,1450.0,29.61,0.0,0.0,0.0,0.0,208.0,485,0.2500075,False,REGULAR,USD,MU,call,2026-07-17,0.07945205479452055,29.61,1.4292530322639963e-07,2.1921160596181177e-06,75.43582470231419,1043.18994140625,0.021973756246363108,2026-06-18
MU260717C01460000,2026-06-17 19:56:27+00:00,1460.0,28.28,0.0,0.0,0.0,0.0,185.0,107,0.2500075,False,REGULAR,USD,MU,call,2026-07-17,0.07945205479452055,28.28,9.089328333573416e-08,1.3672816412787645e-06,10.583817709085722,1043.18994140625,0.021973756246363108,2026-06-18
MU260717C01470000,2026-06-17 18:43:15+00:00,1470.0,31.95,0.0,0.0,0.0,0.0,65.0,293,0.2500075,False,REGULAR,USD,MU,call,2026-07-17,0.07945205479452055,31.95,5.743908873810413e-08,8.478354022492916e-07,18.314790001500047,1043.18994140625,0.021973756246363108,2026-06-18
MU260717C01480000,2026-06-17 19:45:55+00:00,1480.0,28.8,0.0,0.0,0.0,0.0,146.0,337,0.2500075,False,REGULAR,USD,MU,call,2026-07-17,0.07945205479452055,28.8,3.607457675940669e-08,5.227337225566036e-07,13.2299415998295,1043.18994140625,0.021973756246363108,2026-06-18
MU260717C01490000,2026-06-17 17:06:57+00:00,1490.0,25.75,0.0,0.0,0.0,0.0,80.0,442,0.2500075,False,REGULAR,USD,MU,call,2026-07-17,0.07945205479452055,25.75,2.252039965793707e-08,3.204940658900939e-07,10.832411374821088,1043.18994140625,0.021973756246363108,2026-06-18
MU260717C01500000,2026-06-17 19:59:21+00:00,1500.0,24.7,0.0,0.0,0.0,0.0,533.0,2080,0.2500075,False,REGULAR,USD,MU,call,2026-07-17,0.07945205479452055,24.7,1.397634624727118e-08,1.9542670055187494e-07,31.63616033712898,1043.18994140625,0.021973756246363108,2026-06-18
MU260717C01510000,2026-06-17 19:14:53+00:00,1510.0,30.0,0.0,0.0,0.0,0.0,62.0,219,0.2500075,False,REGULAR,USD,MU,call,2026-07-17,0.07945205479452055,30.0,8.624102356627421e-09,1.1852910846371663e-07,2.0553453223735096,1043.18994140625,0.021973756246363108,2026-06-18
MU260717C01520000,2026-06-17 19:30:35+00:00,1520.0,27.7,0.0,0.0,0.0,0.0,78.0,188,0.2500075,False,REGULAR,USD,MU,call,2026-07-17,0.07945205479452055,27.7,5.291701053867916e-09,7.151464602089682e-08,1.082629688654152,1043.18994140625,0.021973756246363108,2026-06-18
MU260717C01530000,2026-06-17 19:20:02+00:00,1530.0,26.48,0.0,0.0,0.0,0.0,26.0,214,0.2500075,False,REGULAR,USD,MU,call,2026-07-17,0.07945205479452055,26.48,3.229199078841133e-09,4.292836618081742e-08,0.7520303622559424,1043.18994140625,0.021973756246363108,2026-06-18
MU260717C01540000,2026-06-17 19:54:21+00:00,1540.0,22.07,0.0,0.0,0.0,0.0,27.0,121,0.2500075,False,REGULAR,USD,MU,call,2026-07-17,0.07945205479452055,22.07,1.9600537964256223e-09,2.564026785112424e-08,0.2580953281916325,1043.18994140625,0.021973756246363108,2026-06-18
MU260717C01550000,2026-06-17 19:09:43+00:00,1550.0,25.14,0.0,0.0,0.0,0.0,18.0,162,0.2500075,False,REGULAR,USD,MU,call,2026-07-17,0.07945205479452055,25.14,1.1835018871114578e-09,1.5239753906124547e-08,0.20864633047481845,1043.18994140625,0.021973756246363108,2026-06-18
MU260717C01560000,2026-06-17 19:33:17+00:00,1560.0,23.94,0.0,0.0,0.0,0.0,107.0,152,0.2500075,False,REGULAR,USD,MU,call,2026-07-17,0.07945205479452055,23.94,7.10968724798712e-10,9.014836684155192e-09,0.11760366774062077,1043.18994140625,0.021973756246363108,2026-06-18
MU260717C01570000,2026-06-17 19:54:44+00:00,1570.0,19.73,0.0,0.0,0.0,0.0,72.0,254,0.2500075,False,REGULAR,USD,MU,call,2026-07-17,0.07945205479452055,19.73,4.249756939881481e-10,5.307726893001624e-09,0.11746935662411674,1043.18994140625,0.021973756246363108,2026-06-18
MU260717C01580000,2026-06-17 19:55:06+00:00,1580.0,19.03,0.0,0.0,0.0,0.0,217.0,308,0.2500075,False,REGULAR,USD,MU,call,2026-07-17,0.07945205479452055,19.03,2.527900299614045e-10,3.1108232823940476e-09,0.08473004550052964,1043.18994140625,0.021973756246363108,2026-06-18
MU260717C01590000,2026-06-17 19:11:56+00:00,1590.0,20.2,0.0,0.0,0.0,0.0,17.0,179,0.2500075,False,REGULAR,USD,MU,call,2026-07-17,0.07945205479452055,20.2,1.4965354595025267e-10,1.815107962358073e-09,0.029151897237322665,1043.18994140625,0.021973756246363108,2026-06-18
MU260717C01600000,2026-06-17 19:59:41+00:00,1600.0,17.4,0.0,0.0,0.0,0.0,348.0,1292,0.2500075,False,REGULAR,USD,MU,call,2026-07-17,0.07945205479452055,17.4,8.818466504171795e-11,1.0544676100612156e-09,0.12398877380678394,1043.18994140625,0.021973756246363108,2026-06-18
MU260717C01610000,2026-06-17 19:11:56+00:00,1610.0,18.8,0.0,0.0,0.0,0.0,44.0,292,0.2500075,False,REGULAR,USD,MU,call,2026-07-17,0.07945205479452055,18.8,5.172788460268315e-11,6.099722122686555e-10,0.01643744647390432,1043.18994140625,0.021973756246363108,2026-06-18
MU260717C01620000,2026-06-17 19:15:46+00:00,1620.0,19.6,0.0,0.0,0.0,0.0,28.0,387,0.2500075,False,REGULAR,USD,MU,call,2026-07-17,0.07945205479452055,19.6,3.020837966390253e-11,3.51377798669637e-10,0.012722286682965427,1043.18994140625,0.021973756246363108,2026-06-18
MU260717C01630000,2026-06-17 19:57:59+00:00,1630.0,16.05,0.0,0.0,0.0,0.0,65.0,2232,0.2500075,False,REGULAR,USD,MU,call,2026-07-17,0.07945205479452055,16.05,1.756489599788933e-11,2.0158888033914974e-10,0.042664489619534604,1043.18994140625,0.021973756246363108,2026-06-18
MU260717C01640000,2026-06-17 18:45:58+00:00,1640.0,18.45,0.0,0.0,0.0,0.0,20.0,159,0.2500075,False,REGULAR,USD,MU,call,2026-07-17,0.07945205479452055,18.45,1.0170035835548263e-11,1.1519309751016434e-10,0.0017597314234955514,1043.18994140625,0.021973756246363108,2026-06-18
MU260717C01650000,2026-06-17 19:58:25+00:00,1650.0,14.92,0.0,0.0,0.0,0.0,47.0,149,0.2500075,False,REGULAR,USD,MU,call,2026-07-17,0.07945205479452055,14.92,5.864087025828766e-12,6.556812162061785e-11,0.0009508531662302329,1043.18994140625,0.021973756246363108,2026-06-18
MU260717C01660000,2026-06-17 19:55:01+00:00,1660.0,15.05,0.0,0.0,0.0,0.0,34.0,101,0.2500075,False,REGULAR,USD,MU,call,2026-07-17,0.07945205479452055,15.05,3.367600937447894e-12,3.717948378424077e-11,0.00037014234944128635,1043.18994140625,0.021973756246363108,2026-06-18
MU260717C01670000,2026-06-17 18:57:27+00:00,1670.0,14.9,0.0,0.0,0.0,0.0,36.0,51,0.2500075,False,REGULAR,USD,MU,call,2026-07-17,0.07945205479452055,14.9,1.9262977565633994e-12,2.1003680016129857e-11,0.0001069105039452986,1043.18994140625,0.021973756246363108,2026-06-18
MU260717C01680000,2026-06-17 18:57:26+00:00,1680.0,14.4,0.0,0.0,0.0,0.0,59.0,102,0.2500075,False,REGULAR,USD,MU,call,2026-07-17,0.07945205479452055,14.4,1.0976102120590137e-12,1.1822386228803386e-11,0.000121835848592884,1043.18994140625,0.021973756246363108,2026-06-18
MU260717C01690000,2026-06-17 19:47:34+00:00,1690.0,14.15,0.0,0.0,0.0,0.0,49.0,50,0.2500075,False,REGULAR,USD,MU,call,2026-07-17,0.07945205479452055,14.15,6.230647760763108e-13,6.630833188701762e-12,3.390236427034453e-05,1043.18994140625,0.021973756246363108,2026-06-18
MU260717C01700000,2026-06-17 19:51:54+00:00,1700.0,12.57,0.0,0.0,0.0,0.0,98.0,1857,0.2500075,False,REGULAR,USD,MU,call,2026-07-17,0.07945205479452055,12.57,3.523839515038851e-13,3.706115890978056e-12,0.0007121226622405396,1043.18994140625,0.021973756246363108,2026-06-18
MU260717C01710000,2026-06-17 19:49:19+00:00,1710.0,12.8,0.0,0.0,0.0,0.0,50.0,158,0.2500075,False,REGULAR,USD,MU,call,2026-07-17,0.07945205479452055,12.8,1.985791057144034e-13,2.064390220836078e-12,3.4144237550618225e-05,1043.18994140625,0.021973756246363108,2026-06-18
MU260717C01720000,2026-06-17 19:47:47+00:00,1720.0,13.08,0.0,0.0,0.0,0.0,71.0,112,0.2500075,False,REGULAR,USD,MU,call,2026-07-17,0.07945205479452055,13.08,1.1151191813280428e-13,1.1460926533389007e-12,1.3591459353456888e-05,1043.18994140625,0.021973756246363108,2026-06-18
MU260717C01730000,2026-06-17 19:47:47+00:00,1730.0,12.63,0.0,0.0,0.0,0.0,41.0,71,0.2500075,False,REGULAR,USD,MU,call,2026-07-17,0.07945205479452055,12.63,6.240426918143239e-14,6.342132580390632e-13,4.821691632728893e-06,1043.18994140625,0.021973756246363108,2026-06-18
MU260717C01740000,2026-06-17 19:47:40+00:00,1740.0,12.05,0.0,0.0,0.0,0.0,64.0,29,0.2500075,False,REGULAR,USD,MU,call,2026-07-17,0.07945205479452055,12.05,3.480541101547474e-14,3.4984072864829475e-13,1.0984278770319644e-06,1043.18994140625,0.021973756246363108,2026-06-18
MU260717C01750000,2026-06-17 19:40:19+00:00,1750.0,11.63,0.0,0.0,0.0,0.0,55.0,166,0.2500075,False,REGULAR,USD,MU,call,2026-07-17,0.07945205479452055,11.63,1.9348712476492433e-14,1.9237826850294237e-13,3.495319990431869e-06,1043.18994140625,0.021973756246363108,2026-06-18
MU260717C01760000,2026-06-17 19:35:41+00:00,1760.0,11.92,0.0,0.0,0.0,0.0,40.0,82,0.2500075,False,REGULAR,USD,MU,call,2026-07-17,0.07945205479452055,11.92,1.0721680065899318e-14,1.0546848336015642e-13,9.567610304921064e-07,1043.18994140625,0.021973756246363108,2026-06-18
MU260717C01770000,2026-06-17 19:35:41+00:00,1770.0,11.44,0.0,0.0,0.0,0.0,13.0,126,0.2500075,False,REGULAR,USD,MU,call,2026-07-17,0.07945205479452055,11.44,5.922580531888262e-15,5.765012313941873e-14,8.120977394517251e-07,1043.18994140625,0.021973756246363108,2026-06-18
MU260717C01780000,2026-06-17 19:32:47+00:00,1780.0,11.35,0.0,0.0,0.0,0.0,14.0,91,0.2500075,False,REGULAR,USD,MU,call,2026-07-17,0.07945205479452055,11.35,3.26157698493915e-15,3.142083996013384e-14,3.2299500632765337e-07,1043.18994140625,0.021973756246363108,2026-06-18
MU260717C01790000,2026-06-17 19:16:06+00:00,1790.0,11.1,0.0,0.0,0.0,0.0,43.0,55,0.2500075,False,REGULAR,USD,MU,call,2026-07-17,0.07945205479452055,11.1,1.7907843514043723e-15,1.707669790794916e-14,1.0718469140977198e-07,1043.18994140625,0.021973756246363108,2026-06-18
MU260717C01800000,2026-06-17 19:41:26+00:00,1800.0,9.5,0.0,0.0,0.0,0.0,42.0,1064,0.2500075,False,REGULAR,USD,MU,call,2026-07-17,0.07945205479452055,9.5,9.803648519031137e-16,9.25521445435414e-15,1.1351575505421425e-06,1043.18994140625,0.021973756246363108,2026-06-18
MU260717C01810000,2026-06-17 19:31:12+00:00,1810.0,10.4,0.0,0.0,0.0,0.0,19.0,62,0.2500075,False,REGULAR,USD,MU,call,2026-07-17,0.07945205479452055,10.4,5.351679328311069e-16,5.0025668443457355e-15,3.6108425700841395e-08,1043.18994140625,0.021973756246363108,2026-06-18
MU260717C01820000,2026-06-17 19:11:55+00:00,1820.0,9.05,0.0,0.0,0.0,0.0,17.0,103,0.2500075,False,REGULAR,USD,MU,call,2026-07-17,0.07945205479452055,9.05,2.9132571293490417e-16,2.6968071783971386e-15,3.2654483915900605e-08,1043.18994140625,0.021973756246363108,2026-06-18
MU260717C01830000,2026-06-17 19:11:55+00:00,1830.0,8.65,0.0,0.0,0.0,0.0,10.0,469,0.2500075,False,REGULAR,USD,MU,call,2026-07-17,0.07945205479452055,8.65,1.5815458438084364e-16,1.450052287964564e-15,8.072004766298415e-08,1043.18994140625,0.021973756246363108,2026-06-18
MU260717C01840000,2026-06-17 14:19:52+00:00,1840.0,8.09,0.0,0.0,0.0,0.0,1.0,47,0.2500075,False,REGULAR,USD,MU,call,2026-07-17,0.07945205479452055,8.09,8.563005403034541e-17,7.777138632703733e-16,4.379765494620526e-09,1043.18994140625,0.021973756246363108,2026-06-18
MU260717C01850000,2026-06-17 19:35:28+00:00,1850.0,8.79,0.0,0.0,0.0,0.0,107.0,109,0.2500075,False,REGULAR,USD,MU,call,2026-07-17,0.07945205479452055,8.79,4.6242228195204294e-17,4.16086405587573e-16,5.485194504341814e-09,1043.18994140625,0.021973756246363108,2026-06-18
MU260717C01860000,2026-06-17 18:09:52+00:00,1860.0,6.96,0.0,0.0,0.0,0.0,5.0,17,0.2500075,False,REGULAR,USD,MU,call,2026-07-17,0.07945205479452055,6.96,2.490837769753807e-17,2.220748062779257e-16,4.6080920477813063e-10,1043.18994140625,0.021973756246363108,2026-06-18
MU260717C01870000,2026-06-17 18:11:42+00:00,1870.0,7.05,0.0,0.0,0.0,0.0,136.0,83,0.2500075,False,REGULAR,USD,MU,call,2026-07-17,0.07945205479452055,7.05,1.3383563834449257e-17,1.1824728884035435e-16,1.2088617852636523e-09,1043.18994140625,0.021973756246363108,2026-06-18
MU260717C01880000,2026-06-17 19:40:16+00:00,1880.0,7.5,0.0,0.0,0.0,0.0,96.0,107,0.500005,False,REGULAR,USD,MU,call,2026-07-17,0.07945205479452055,7.5,6.427832056993788e-07,2.193857257333913e-05,74.8471176957624,1043.18994140625,0.021973756246363108,2026-06-18
MU260717C01890000,2026-06-17 19:42:13+00:00,1890.0,7.2,0.0,0.0,0.0,0.0,108.0,62,0.500005,False,REGULAR,USD,MU,call,2026-07-17,0.07945205479452055,7.2,5.507579110754757e-07,1.8642104498687947e-05,37.16030033043019,1043.18994140625,0.021973756246363108,2026-06-18
MU260717C01900000,2026-06-17 19:54:13+00:00,1900.0,6.74,0.0,0.0,0.0,0.0,54.0,796,0.500005,False,REGULAR,USD,MU,call,2026-07-17,0.07945205479452055,6.74,4.716291154771494e-07,1.583329805291573e-05,408.5455246108444,1043.18994140625,0.021973756246363108,2026-06-18
MU260717C01910000,2026-06-17 17:27:12+00:00,1910.0,7.0,0.0,0.0,0.0,0.0,4.0,405,0.500005,False,REGULAR,USD,MU,call,2026-07-17,0.07945205479452055,7.0,4.036360991784762e-07,1.3441341010128291e-05,177.8983030316615,1043.18994140625,0.021973756246363108,2026-06-18
MU260717C01920000,2026-06-16 16:48:24+00:00,1920.0,7.1,0.0,0.0,0.0,0.0,28.0,34,0.500005,False,REGULAR,USD,MU,call,2026-07-17,0.07945205479452055,7.1,3.452507921054669e-07,1.1405474673651124e-05,12.774396220502526,1043.18994140625,0.021973756246363108,2026-06-18
MU260717C01930000,2026-06-17 18:52:27+00:00,1930.0,6.6,0.0,0.0,0.0,0.0,16.0,75,0.500005,False,REGULAR,USD,MU,call,2026-07-17,0.07945205479452055,6.6,2.951483076264679e-07,9.673605643416004e-06,24.089530871753272,1043.18994140625,0.021973756246363108,2026-06-18
MU260717C01940000,2026-06-16 15:12:09+00:00,1940.0,7.4,0.0,0.0,0.0,0.0,1.0,13,0.500005,False,REGULAR,USD,MU,call,2026-07-17,0.07945205479452055,7.4,2.521809995572669e-07,8.201102643243856e-06,3.567652086435333,1043.18994140625,0.021973756246363108,2026-06-18
MU260717C01950000,2026-06-17 17:12:12+00:00,1950.0,5.4,0.0,0.0,0.0,0.0,3.0,144,0.500005,False,REGULAR,USD,MU,call,2026-07-17,0.07945205479452055,5.4,2.1535565528818748e-07,6.949754856524572e-06,33.74780684506269,1043.18994140625,0.021973756246363108,2026-06-18
MU260717C01960000,2026-06-17 19:25:27+00:00,1960.0,6.0,0.0,0.0,0.0,0.0,37.0,1662,0.500005,False,REGULAR,USD,MU,call,2026-07-17,0.07945205479452055,6.0,1.838134748317996e-07,5.886871028182612e-06,332.4567433052925,1043.18994140625,0.021973756246363108,2026-06-18
MU260717C01970000,2026-06-16 15:10:42+00:00,1970.0,6.95,0.0,0.0,0.0,0.0,58.0,32,0.500005,False,REGULAR,USD,MU,call,2026-07-17,0.07945205479452055,6.95,1.5681251992443783e-07,4.984501096739679e-06,5.460815377670794,1043.18994140625,0.021973756246363108,2026-06-18
MU260717C01980000,2026-06-16 16:21:15+00:00,1980.0,6.0,0.0,0.0,0.0,0.0,7.0,50,0.500005,False,REGULAR,USD,MU,call,2026-07-17,0.07945205479452055,6.0,1.3371234909167522e-07,4.218764350099922e-06,7.275591464015353,1043.18994140625,0.021973756246363108,2026-06-18
MU260717C01990000,2026-06-16 16:21:52+00:00,1990.0,5.78,0.0,0.0,0.0,0.0,54.0,43,0.500005,False,REGULAR,USD,MU,call,2026-07-17,0.07945205479452055,5.78,1.1396058384991044e-07,3.5692700782577487e-06,5.3327337735332785,1043.18994140625,0.021973756246363108,2026-06-18
MU260717C02000000,2026-06-17 19:59:27+00:00,2000.0,4.78,0.0,0.0,0.0,0.0,215.0,880,0.500005,False,REGULAR,USD,MU,call,2026-07-17,0.07945205479452055,4.78,9.70811780392886e-08,3.0186184497145855e-06,92.97035549079234,1043.18994140625,0.021973756246363108,2026-06-18
MU260717C02010000,2026-06-15 14:19:24+00:00,2010.0,6.78,0.0,0.0,0.0,0.0,2.0,31,0.500005,False,REGULAR,USD,MU,call,2026-07-17,0.07945205479452055,6.78,8.266418676790589e-08,2.5519708885723954e-06,2.788726176322862,1043.18994140625,0.021973756246363108,2026-06-18
MU260717C02020000,2026-06-17 16:38:01+00:00,2020.0,4.45,0.0,0.0,0.0,0.0,1.0,74,0.500005,False,REGULAR,USD,MU,call,2026-07-17,0.07945205479452055,4.45,7.035685371175298e-08,2.156680596940087e-06,5.665847897451031,1043.18994140625,0.021973756246363108,2026-06-18
MU260717C02030000,2026-06-17 19:55:38+00:00,2030.0,4.5,0.0,0.0,0.0,0.0,2.0,80,0.500005,False,REGULAR,USD,MU,call,2026-07-17,0.07945205479452055,4.5,5.985585568864249e-08,1.8219750716632067e-06,5.211028069469286,1043.18994140625,0.021973756246363108,2026-06-18
MU260717C02040000,2026-06-17 13:30:06+00:00,2040.0,5.05,0.0,0.0,0.0,0.0,1.0,64,0.500005,False,REGULAR,USD,MU,call,2026-07-17,0.07945205479452055,5.05,5.090056164369694e-08,1.5386835230624192e-06,3.5451068561351917,1043.18994140625,0.021973756246363108,2026-06-18
MU260717C02050000,2026-06-17 16:55:39+00:00,2050.0,4.0,0.0,0.0,0.0,0.0,1.0,59,0.500005,False,REGULAR,USD,MU,call,2026-07-17,0.07945205479452055,4.0,4.326717958771297e-08,1.2990030323687481e-06,2.7780328671974504,1043.18994140625,0.021973756246363108,2026-06-18
MU260717C02060000,2026-06-16 16:11:57+00:00,2060.0,4.6,0.0,0.0,0.0,0.0,41.0,118,0.500005,False,REGULAR,USD,MU,call,2026-07-17,0.07945205479452055,4.6,3.676367975655755e-08,1.09629809841932e-06,4.720932201083037,1043.18994140625,0.021973756246363108,2026-06-18
MU260717C02070000,2026-06-16 19:17:30+00:00,2070.0,4.0,0.0,0.0,0.0,0.0,22.0,54,0.500005,False,REGULAR,USD,MU,call,2026-07-17,0.07945205479452055,4.0,3.122539544556041e-08,9.24928936069516e-07,1.83496797323589,1043.18994140625,0.021973756246363108,2026-06-18
MU260717C02080000,2026-06-17 17:10:55+00:00,2080.0,3.6,0.0,0.0,0.0,0.0,3.0,49,0.500005,False,REGULAR,USD,MU,call,2026-07-17,0.07945205479452055,3.6,2.6511214749093813e-08,7.801045105251928e-07,1.4136844776020003,1043.18994140625,0.021973756246363108,2026-06-18
MU260717C02090000,2026-06-17 19:09:37+00:00,2090.0,3.8,0.0,0.0,0.0,0.0,2.0,197,0.500005,False,REGULAR,USD,MU,call,2026-07-17,0.07945205479452055,3.8,2.250028692784064e-08,6.577568340296823e-07,4.823708600523907,1043.18994140625,0.021973756246363108,2026-06-18
MU260717C02100000,2026-06-17 19:29:23+00:00,2100.0,3.9,0.0,0.0,0.0,0.0,14.0,77,0.500005,False,REGULAR,USD,MU,call,2026-07-17,0.07945205479452055,3.9,1.9089176453544986e-08,5.544335235642319e-07,1.5995753370133416,1043.18994140625,0.021973756246363108,2026-06-18
MU260717C02110000,2026-06-15 19:56:21+00:00,2110.0,5.95,0.0,0.0,0.0,0.0,30.0,60,0.500005,False,REGULAR,USD,MU,call,2026-07-17,0.07945205479452055,5.95,1.6189406055046237e-08,4.672060289255218e-07,1.0570826581244128,1043.18994140625,0.021973756246363108,2026-06-18
MU260717C02120000,2026-06-16 18:42:02+00:00,2120.0,3.6,0.0,0.0,0.0,0.0,41.0,130,0.500005,False,REGULAR,USD,MU,call,2026-07-17,0.07945205479452055,3.6,1.3725337414185031e-08,3.9359129728288334e-07,1.9417493288040668,1043.18994140625,0.021973756246363108,2026-06-18
MU260717C02130000,2026-06-17 19:26:13+00:00,2130.0,3.5,0.0,0.0,0.0,0.0,2.0,141,0.500005,False,REGULAR,USD,MU,call,2026-07-17,0.07945205479452055,3.5,1.16323446321884e-08,3.314849497969541e-07,1.7848969810367714,1043.18994140625,0.021973756246363108,2026-06-18
MU260717C02140000,2026-06-16 19:06:01+00:00,2140.0,3.44,0.0,0.0,0.0,0.0,86.0,264,0.500005,False,REGULAR,USD,MU,call,2026-07-17,0.07945205479452055,3.44,9.85524129519614e-09,2.7910431403995283e-07,2.8313787651746014,1043.18994140625,0.021973756246363108,2026-06-18
MU260717C02150000,2026-06-17 18:12:07+00:00,2150.0,2.83,0.0,0.0,0.0,0.0,46.0,289,0.500005,False,REGULAR,USD,MU,call,2026-07-17,0.07945205479452055,2.83,8.346926993074313e-09,2.3493988804396816e-07,2.6251325648076063,1043.18994140625,0.021973756246363108,2026-06-18
MU260717C02160000,2026-06-17 19:20:46+00:00,2160.0,2.98,0.0,0.0,0.0,0.0,93.0,200,0.500005,False,REGULAR,USD,MU,call,2026-07-17,0.07945205479452055,2.98,7.067223562825871e-09,1.977140124461727e-07,1.5381745000300893,1043.18994140625,0.021973756246363108,2026-06-18
MU260717C02170000,2026-06-17 19:49:32+00:00,2170.0,3.1,0.0,0.0,0.0,0.0,31.0,1099,0.500005,False,REGULAR,USD,MU,call,2026-07-17,0.07945205479452055,3.1,5.981875204195098e-09,1.6634570047187975e-07,7.154212282804784,1043.18994140625,0.021973756246363108,2026-06-18
MU260717C02180000,2026-06-17 18:12:35+00:00,2180.0,2.52,0.0,0.0,0.0,0.0,114.0,92,0.500005,False,REGULAR,USD,MU,call,2026-07-17,0.07945205479452055,2.52,5.06169001151487e-09,1.399207249760066e-07,0.5067691320977202,1043.18994140625,0.021973756246363108,2026-06-18
MU260717C02190000,2026-06-17 19:55:59+00:00,2190.0,2.8,0.0,0.0,0.0,0.0,46.0,89,0.500005,False,REGULAR,USD,MU,call,2026-07-17,0.07945205479452055,2.8,4.281803437511528e-09,1.1766619058815986e-07,0.41470905192280555,1043.18994140625,0.021973756246363108,2026-06-18
MU260717P00050000,2026-06-17 16:07:00+00:00,50.0,0.04,0.0,0.0,0.0,0.0,100.0,7163,0.500005,False,REGULAR,USD,MU,put,2026-07-17,0.07945205479452055,0.04,4.606068103274127e-105,0.0,-3.590476494174893e-95,1043.18994140625,0.021973756246363108,2026-06-18
MU260717P00055000,2026-06-12 17:15:04+00:00,55.0,0.03,0.0,0.0,0.0,0.0,3.0,680,0.500005,False,REGULAR,USD,MU,put,2026-07-17,0.07945205479452055,0.03,8.359102161932245e-99,0.0,-6.1857922128423075e-90,1043.18994140625,0.021973756246363108,2026-06-18
MU260717P00060000,2026-06-17 18:22:39+00:00,60.0,0.01,0.0,0.0,0.0,0.0,2.0,5220,0.500005,False,REGULAR,USD,MU,put,2026-07-17,0.07945205479452055,0.01,2.9013288542228996e-93,0.0,-1.6481405395550993e-83,1043.18994140625,0.021973756246363108,2026-06-18
MU260717P00065000,2026-06-17 19:27:11+00:00,65.0,0.02,0.0,0.0,0.0,0.0,182.0,4929,0.500005,False,REGULAR,USD,MU,put,2026-07-17,0.07945205479452055,0.02,2.5889766082164036e-88,0.0,-1.3887169184174228e-78,1043.18994140625,0.021973756246363108,2026-06-18
MU260717P00070000,2026-06-17 19:55:43+00:00,70.0,0.05,0.0,0.0,0.0,0.0,230.0,2447,0.500005,False,REGULAR,USD,MU,put,2026-07-17,0.07945205479452055,0.05,7.442501217813106e-84,0.0,-1.9818905436432227e-74,1043.18994140625,0.021973756246363108,2026-06-18
MU260717P00075000,2026-06-17 15:03:58+00:00,75.0,0.03,0.0,0.0,0.0,0.0,9.0,1473,0.500005,False,REGULAR,USD,MU,put,2026-07-17,0.07945205479452055,0.03,8.215546506457878e-80,0.0,-1.3169399943846532e-70,1043.18994140625,0.021973756246363108,2026-06-18
MU260717P00080000,2026-06-17 13:49:59+00:00,80.0,0.03,0.0,0.0,0.0,0.0,4.0,1955,0.500005,False,REGULAR,USD,MU,put,2026-07-17,0.07945205479452055,0.03,4.00241370582455e-76,0.0,-8.515213091255863e-67,1043.18994140625,0.021973756246363108,2026-06-18
MU260717P00085000,2026-06-17 19:34:32+00:00,85.0,0.03,0.0,0.0,0.0,0.0,7.0,2047,0.500005,False,REGULAR,USD,MU,put,2026-07-17,0.07945205479452055,0.03,9.625387424915816e-73,0.0,-2.1441879125824084e-63,1043.18994140625,0.021973756246363108,2026-06-18
MU260717P00090000,2026-06-17 15:52:17+00:00,90.0,0.03,0.0,0.0,0.0,0.0,3.0,1538,0.500005,False,REGULAR,USD,MU,put,2026-07-17,0.07945205479452055,0.03,1.2519961475774033e-69,0.0,-2.0954924950483576e-60,1043.18994140625,0.021973756246363108,2026-06-18
MU260717P00095000,2026-06-16 19:33:42+00:00,95.0,0.03,0.0,0.0,0.0,0.0,10.0,1147,0.500005,False,REGULAR,USD,MU,put,2026-07-17,0.07945205479452055,0.03,9.497900354710409e-67,0.0,-1.1855443595002054e-57,1043.18994140625,0.021973756246363108,2026-06-18
MU260717P00100000,2026-06-16 14:58:29+00:00,100.0,0.03,0.0,0.0,0.0,0.0,36.0,168,1.000005,False,REGULAR,USD,MU,put,2026-07-17,0.07945205479452055,0.03,3.5499062599401067e-19,0.0,-6.490123313513948e-11,1043.18994140625,0.021973756246363108,2026-06-18
MU260717P00105000,2026-06-17 17:35:46+00:00,105.0,0.04,0.0,0.0,0.0,0.0,30.0,2246,0.500005,False,REGULAR,USD,MU,put,2026-07-17,0.07945205479452055,0.04,1.3809015397645808e-61,0.0,-3.3751979418535784e-52,1043.18994140625,0.021973756246363108,2026-06-18
MU260717P00110000,2026-06-17 19:54:36+00:00,110.0,0.02,0.0,0.0,0.0,0.0,1314.0,2435,0.500005,False,REGULAR,USD,MU,put,2026-07-17,0.07945205479452055,0.02,2.9188772301264217e-59,0.0,-7.734666201651501e-50,1043.18994140625,0.021973756246363108,2026-06-18
MU260717P00115000,2026-06-17 19:34:53+00:00,115.0,0.03,0.0,0.0,0.0,0.0,151.0,437,0.500005,False,REGULAR,USD,MU,put,2026-07-17,0.07945205479452055,0.03,4.392288946542218e-57,0.0,-2.0888108810328687e-48,1043.18994140625,0.021973756246363108,2026-06-18
MU260717P00120000,2026-06-17 19:42:54+00:00,120.0,0.05,0.0,0.0,0.0,0.0,134.0,424,0.500005,False,REGULAR,USD,MU,put,2026-07-17,0.07945205479452055,0.05,4.864024158589015e-55,0.0,-2.2443385110056276e-46,1043.18994140625,0.021973756246363108,2026-06-18
MU260717P00125000,2026-06-17 19:56:29+00:00,125.0,0.03,0.0,0.0,0.0,0.0,325.0,2312,0.500005,False,REGULAR,USD,MU,put,2026-07-17,0.07945205479452055,0.03,4.0796734872357677e-53,0.0,-1.0264552436134597e-43,1043.18994140625,0.021973756246363108,2026-06-18
MU260717P00130000,2026-06-17 17:17:11+00:00,130.0,0.05,0.0,0.0,0.0,0.0,11.0,1447,0.500005,False,REGULAR,USD,MU,put,2026-07-17,0.07945205479452055,0.05,2.6575390061413497e-51,0.0,-4.184802442387582e-42,1043.18994140625,0.021973756246363108,2026-06-18
MU260717P00135000,2026-06-17 16:58:46+00:00,135.0,0.24,0.0,0.0,0.0,0.0,5.0,285,0.500005,False,REGULAR,USD,MU,put,2026-07-17,0.07945205479452055,0.24,1.3744139407504266e-49,0.0,-4.262743426368346e-41,1043.18994140625,0.021973756246363108,2026-06-18
MU260717P00140000,2026-06-16 15:54:20+00:00,140.0,0.1,0.0,0.0,0.0,0.0,1.0,1054,0.500005,False,REGULAR,USD,MU,put,2026-07-17,0.07945205479452055,0.1,5.753923823594916e-48,0.0,-6.599811027818988e-39,1043.18994140625,0.021973756246363108,2026-06-18
MU260717P00145000,2026-06-17 18:31:52+00:00,145.0,0.04,0.0,0.0,0.0,0.0,1610.0,1641,0.500005,False,REGULAR,USD,MU,put,2026-07-17,0.07945205479452055,0.04,1.9837130657145174e-46,0.0,-3.5425355455056435e-37,1043.18994140625,0.021973756246363108,2026-06-18
MU260717P00150000,2026-06-17 19:24:26+00:00,150.0,0.05,0.0,0.0,0.0,0.0,1005.0,1307,0.500005,False,REGULAR,USD,MU,put,2026-07-17,0.07945205479452055,0.05,5.718665256598714e-45,0.0,-8.133866593281314e-36,1043.18994140625,0.021973756246363108,2026-06-18
MU260717P00155000,2026-06-11 19:29:41+00:00,155.0,0.34,0.0,0.0,0.0,0.0,73.0,418,0.500005,False,REGULAR,USD,MU,put,2026-07-17,0.07945205479452055,0.34,1.3974389180763568e-43,0.0,-6.3567612091999e-35,1043.18994140625,0.021973756246363108,2026-06-18
MU260717P00160000,2026-06-17 19:18:53+00:00,160.0,0.09,0.0,0.0,0.0,0.0,888.0,1609,0.500005,False,REGULAR,USD,MU,put,2026-07-17,0.07945205479452055,0.09,2.930211026336438e-42,0.0,-5.130760281688552e-33,1043.18994140625,0.021973756246363108,2026-06-18
MU260717P00165000,2026-06-17 18:21:15+00:00,165.0,0.06,0.0,0.0,0.0,0.0,880.0,5009,0.500005,False,REGULAR,USD,MU,put,2026-07-17,0.07945205479452055,0.06,5.330442293412038e-41,0.0,-2.905635009040672e-31,1043.18994140625,0.021973756246363108,2026-06-18
MU260717P00170000,2026-06-11 17:32:23+00:00,170.0,0.25,0.0,0.0,0.0,0.0,11.0,907,0.500005,False,REGULAR,USD,MU,put,2026-07-17,0.07945205479452055,0.25,8.496283372560018e-40,0.0,-8.386158330395728e-31,1043.18994140625,0.021973756246363108,2026-06-18
MU260717P00175000,2026-06-12 19:19:06+00:00,175.0,0.29,0.0,0.0,0.0,0.0,33.0,346,0.500005,False,REGULAR,USD,MU,put,2026-07-17,0.07945205479452055,0.29,1.1972630828565035e-38,0.0,-4.5080889016531646e-30,1043.18994140625,0.021973756246363108,2026-06-18
MU260717P00180000,2026-06-17 19:53:21+00:00,180.0,0.12,0.0,0.0,0.0,0.0,466.0,791,0.500005,False,REGULAR,USD,MU,put,2026-07-17,0.07945205479452055,0.12,1.5037581469063182e-37,0.0,-1.2944380140518738e-28,1043.18994140625,0.021973756246363108,2026-06-18
MU260717P00185000,2026-06-17 19:59:41+00:00,185.0,0.17,0.0,0.0,0.0,0.0,677.0,400,0.500005,False,REGULAR,USD,MU,put,2026-07-17,0.07945205479452055,0.17,1.695932949643808e-36,0.0,-7.3823639331987935e-28,1043.18994140625,0.021973756246363108,2026-06-18
MU260717P00190000,2026-06-17 19:59:31+00:00,190.0,0.18,0.0,0.0,0.0,0.0,399.0,594,0.500005,False,REGULAR,USD,MU,put,2026-07-17,0.07945205479452055,0.18,1.729075130585457e-35,0.0,-1.1177047358205643e-26,1043.18994140625,0.021973756246363108,2026-06-18
MU260717P00195000,2026-06-16 18:45:28+00:00,195.0,0.18,0.0,0.0,0.0,0.0,1.0,346,0.500005,False,REGULAR,USD,MU,put,2026-07-17,0.07945205479452055,0.18,1.6035214270298182e-34,0.0,-6.037785055151967e-26,1043.18994140625,0.021973756246363108,2026-06-18
MU260717P00200000,2026-06-17 19:51:00+00:00,200.0,0.18,0.0,0.0,0.0,0.0,178.0,1083,0.500005,False,REGULAR,USD,MU,put,2026-07-17,0.07945205479452055,0.18,1.3603438893399654e-33,0.0,-1.603259967017578e-24,1043.18994140625,0.021973756246363108,2026-06-18
MU260717P00210000,2026-06-16 18:45:28+00:00,210.0,0.17,0.0,0.0,0.0,0.0,1.0,760,0.500005,False,REGULAR,USD,MU,put,2026-07-17,0.07945205479452055,0.17,7.648638619121777e-32,0.0,-6.325931953518382e-23,1043.18994140625,0.021973756246363108,2026-06-18
MU260717P00220000,2026-06-17 19:59:07+00:00,220.0,0.27,0.0,0.0,0.0,0.0,120.0,1132,0.500005,False,REGULAR,USD,MU,put,2026-07-17,0.07945205479452055,0.27,3.188793630318669e-30,0.0,-3.9282545521542304e-21,1043.18994140625,0.021973756246363108,2026-06-18
MU260717P00230000,2026-06-17 19:31:13+00:00,230.0,0.26,0.0,0.0,0.0,0.0,75.0,357,0.500005,False,REGULAR,USD,MU,put,2026-07-17,0.07945205479452055,0.26,1.0172671495867438e-28,0.0,-3.9521190463482604e-20,1043.18994140625,0.021973756246363108,2026-06-18
MU260717P00240000,2026-06-17 15:00:59+00:00,240.0,0.27,0.0,0.0,0.0,0.0,9.0,550,0.500005,False,REGULAR,USD,MU,put,2026-07-17,0.07945205479452055,0.27,2.5512256875707802e-27,0.0,-1.5269975853011566e-18,1043.18994140625,0.021973756246363108,2026-06-18
MU260717P00250000,2026-06-17 19:29:47+00:00,250.0,0.36,0.0,0.0,0.0,0.0,20.0,2473,0.500005,False,REGULAR,USD,MU,put,2026-07-17,0.07945205479452055,0.36,5.148980293418564e-26,0.0,-1.385709287531984e-16,1043.18994140625,0.021973756246363108,2026-06-18
MU260717P00260000,2026-06-16 18:20:46+00:00,260.0,0.43,0.0,0.0,0.0,0.0,7.0,2816,0.500005,False,REGULAR,USD,MU,put,2026-07-17,0.07945205479452055,0.43,8.534646906110036e-25,0.0,-2.615441379265753e-15,1043.18994140625,0.021973756246363108,2026-06-18
MU260717P00270000,2026-06-16 19:40:38+00:00,270.0,0.43,0.0,0.0,0.0,0.0,6.0,2978,0.500005,False,REGULAR,USD,MU,put,2026-07-17,0.07945205479452055,0.43,1.1826841779006687e-23,0.0,-3.832836220460929e-14,1043.18994140625,0.021973756246363108,2026-06-18
MU260717P00280000,2026-06-16 19:20:37+00:00,280.0,0.48,0.0,0.0,0.0,0.0,2.0,3590,0.500005,False,REGULAR,USD,MU,put,2026-07-17,0.07945205479452055,0.48,1.3917578869648922e-22,0.0,-5.437320354848149e-13,1043.18994140625,0.021973756246363108,2026-06-18
MU260717P00290000,2026-06-17 19:21:49+00:00,290.0,0.51,0.0,0.0,0.0,0.0,45.0,1857,0.500005,False,REGULAR,USD,MU,put,2026-07-17,0.07945205479452055,0.51,1.4101635366587645e-21,0.0,-2.8497592118888037e-12,1043.18994140625,0.021973756246363108,2026-06-18
MU260717P00300000,2026-06-17 19:37:11+00:00,300.0,0.54,0.0,0.0,0.0,0.0,9.0,5612,0.500005,False,REGULAR,USD,MU,put,2026-07-17,0.07945205479452055,0.54,1.2453954727800957e-20,0.0,-7.605919538104856e-11,1043.18994140625,0.021973756246363108,2026-06-18
MU260717P00310000,2026-06-17 18:17:13+00:00,310.0,0.43,0.0,0.0,0.0,0.0,5.0,1548,0.500005,False,REGULAR,USD,MU,put,2026-07-17,0.07945205479452055,0.43,9.692050577161327e-20,0.0,-1.6327263806974744e-10,1043.18994140625,0.021973756246363108,2026-06-18
MU260717P00320000,2026-06-17 14:12:24+00:00,320.0,0.61,0.0,0.0,0.0,0.0,405.0,3780,0.500005,False,REGULAR,USD,MU,put,2026-07-17,0.07945205479452055,0.61,6.7116640363965495e-19,0.0,-2.760888009493719e-09,1043.18994140625,0.021973756246363108,2026-06-18
MU260717P00330000,2026-06-17 19:41:24+00:00,330.0,0.82,0.0,0.0,0.0,0.0,4.0,1323,0.500005,False,REGULAR,USD,MU,put,2026-07-17,0.07945205479452055,0.82,4.1720553913977045e-18,-1.1102230246251565e-16,-6.0067103700459205e-09,1043.18994140625,0.021973756246363108,2026-06-18
MU260717P00340000,2026-06-17 19:32:48+00:00,340.0,0.92,0.0,0.0,0.0,0.0,3.0,1691,0.500005,False,REGULAR,USD,MU,put,2026-07-17,0.07945205479452055,0.92,2.346357308514271e-17,-4.440892098500626e-16,-4.317820038366978e-08,1043.18994140625,0.021973756246363108,2026-06-18
MU260717P00350000,2026-06-17 19:41:26+00:00,350.0,1.0,0.0,0.0,0.0,0.0,2.0,3470,0.500005,False,REGULAR,USD,MU,put,2026-07-17,0.07945205479452055,1.0,1.2023990535114287e-16,-2.220446049250313e-15,-4.5405125693697834e-07,1043.18994140625,0.021973756246363108,2026-06-18
MU260717P00360000,2026-06-17 18:42:08+00:00,360.0,0.85,0.0,0.0,0.0,0.0,5.0,1450,0.500005,False,REGULAR,USD,MU,put,2026-07-17,0.07945205479452055,0.85,5.650766781866007e-16,-1.0658141036401503e-14,-8.916659189929064e-07,1043.18994140625,0.021973756246363108,2026-06-18
MU260717P00370000,2026-06-17 18:58:38+00:00,370.0,1.28,0.0,0.0,0.0,0.0,7.0,1569,0.500005,False,REGULAR,USD,MU,put,2026-07-17,0.07945205479452055,1.28,2.4496645134665897e-15,-4.75175454539567e-14,-4.1826963393027255e-06,1043.18994140625,0.021973756246363108,2026-06-18
MU260717P00380000,2026-06-17 16:16:26+00:00,380.0,0.96,0.0,0.0,0.0,0.0,4.0,2845,0.500005,False,REGULAR,USD,MU,put,2026-07-17,0.07945205479452055,0.96,9.84814670004746e-15,-1.9584334154387761e-13,-3.0490430886308995e-05,1043.18994140625,0.021973756246363108,2026-06-18
MU260717P00390000,2026-06-17 19:58:42+00:00,390.0,1.6,0.0,0.0,0.0,0.0,1127.0,8359,0.500005,False,REGULAR,USD,MU,put,2026-07-17,0.07945205479452055,1.6,3.689409933510693e-14,-7.522871214860061e-13,-0.0003356124164026106,1043.18994140625,0.021973756246363108,2026-06-18
MU260717P00400000,2026-06-17 19:56:57+00:00,400.0,1.69,0.0,0.0,0.0,0.0,26.0,3863,0.500005,False,REGULAR,USD,MU,put,2026-07-17,0.07945205479452055,1.69,1.2937175571585944e-13,-2.7041702210794938e-12,-0.0005438648132785064,1043.18994140625,0.021973756246363108,2026-06-18
MU260717P00410000,2026-06-17 19:36:04+00:00,410.0,1.64,0.0,0.0,0.0,0.0,5.0,1011,0.500005,False,REGULAR,USD,MU,put,2026-07-17,0.07945205479452055,1.64,4.263506550655461e-13,-9.134804024313325e-12,-0.00046907779169678575,1043.18994140625,0.021973756246363108,2026-06-18
MU260717P00420000,2026-06-17 19:16:34+00:00,420.0,1.75,0.0,0.0,0.0,0.0,2.0,2501,0.500005,False,REGULAR,USD,MU,put,2026-07-17,0.07945205479452055,1.75,1.3254396544370593e-12,-2.9109159527251904e-11,-0.0036074509364313868,1043.18994140625,0.021973756246363108,2026-06-18
MU260717P00430000,2026-06-17 19:52:17+00:00,430.0,2.0,0.0,0.0,0.0,0.0,5.0,2534,0.500005,False,REGULAR,USD,MU,put,2026-07-17,0.07945205479452055,2.0,3.900406159337369e-12,-8.780387528162237e-11,-0.010755812576170644,1043.18994140625,0.021973756246363108,2026-06-18
MU260717P00440000,2026-06-17 18:56:40+00:00,440.0,2.02,0.0,0.0,0.0,0.0,14.0,1696,0.500005,False,REGULAR,USD,MU,put,2026-07-17,0.07945205479452055,2.02,1.0899118855086726e-11,-2.5149815563452194e-10,-0.020116110763392744,1043.18994140625,0.021973756246363108,2026-06-18
MU260717P00450000,2026-06-17 19:56:57+00:00,450.0,2.43,0.0,0.0,0.0,0.0,489.0,3539,0.500005,False,REGULAR,USD,MU,put,2026-07-17,0.07945205479452055,2.43,2.9005100785075194e-11,-6.860687573606583e-10,-0.11170734330132227,1043.18994140625,0.021973756246363108,2026-06-18
MU260717P00460000,2026-06-17 19:20:56+00:00,460.0,2.36,0.0,0.0,0.0,0.0,3.0,789,0.500005,False,REGULAR,USD,MU,put,2026-07-17,0.07945205479452055,2.36,7.371120779945916e-11,-1.7872784363603955e-09,-0.06329032304224196,1043.18994140625,0.021973756246363108,2026-06-18
MU260717P00470000,2026-06-17 19:38:38+00:00,470.0,2.47,0.0,0.0,0.0,0.0,23.0,3013,0.500005,False,REGULAR,USD,MU,put,2026-07-17,0.07945205479452055,2.47,1.7933184793562668e-10,-4.457612390318388e-09,-0.5880081385618633,1043.18994140625,0.021973756246363108,2026-06-18
MU260717P00480000,2026-06-17 19:21:06+00:00,480.0,2.72,0.0,0.0,0.0,0.0,5.0,1039,0.500005,False,REGULAR,USD,MU,put,2026-07-17,0.07945205479452055,2.72,4.1865513687141975e-10,-1.066874399935358e-08,-0.4733678448630655,1043.18994140625,0.021973756246363108,2026-06-18
MU260717P00490000,2026-06-17 19:02:07+00:00,490.0,2.72,0.0,0.0,0.0,0.0,4.0,643,0.500005,False,REGULAR,USD,MU,put,2026-07-17,0.07945205479452055,2.72,9.398741091430648e-10,-2.455666114897781e-08,-0.6576691052507043,1043.18994140625,0.021973756246363108,2026-06-18
MU260717P00500000,2026-06-17 19:50:32+00:00,500.0,3.4,0.0,0.0,0.0,0.0,299.0,5303,0.500005,False,REGULAR,USD,MU,put,2026-07-17,0.07945205479452055,3.4,2.0331594657183977e-09,-5.446901596428688e-08,-11.733291264537051,1043.18994140625,0.021973756246363108,2026-06-18
MU260717P00510000,2026-06-17 18:38:45+00:00,510.0,3.28,0.0,0.0,0.0,0.0,68.0,614,0.500005,False,REGULAR,USD,MU,put,2026-07-17,0.07945205479452055,3.28,4.245967034033623e-09,-1.1664703891689499e-07,-2.837081232296524,1043.18994140625,0.021973756246363108,2026-06-18
MU260717P00520000,2026-06-17 19:48:36+00:00,520.0,3.8,0.0,0.0,0.0,0.0,35.0,10090,0.500005,False,REGULAR,USD,MU,put,2026-07-17,0.07945205479452055,3.8,8.575231603644331e-09,-2.4160580469612114e-07,-94.1594268918061,1043.18994140625,0.021973756246363108,2026-06-18
MU260717P00530000,2026-06-17 17:54:46+00:00,530.0,3.62,0.0,0.0,0.0,0.0,5.0,1400,0.500005,False,REGULAR,USD,MU,put,2026-07-17,0.07945205479452055,3.62,1.6776063253316923e-08,-4.848039684146599e-07,-25.55905969922095,1043.18994140625,0.021973756246363108,2026-06-18
MU260717P00540000,2026-06-17 19:54:17+00:00,540.0,4.46,0.0,0.0,0.0,0.0,802.0,964,0.500005,False,REGULAR,USD,MU,put,2026-07-17,0.07945205479452055,4.46,3.184009916003846e-08,-9.438872674571996e-07,-33.40244266851239,1043.18994140625,0.021973756246363108,2026-06-18
MU260717P00550000,2026-06-17 19:43:47+00:00,550.0,4.79,0.0,0.0,0.0,0.0,199.0,4191,0.500005,False,REGULAR,USD,MU,put,2026-07-17,0.07945205479452055,4.79,5.8711356874849373e-08,-1.7856536937976841e-06,-267.77286175891714,1043.18994140625,0.021973756246363108,2026-06-18
MU260717P00560000,2026-06-17 19:54:53+00:00,560.0,5.2,0.0,0.0,0.0,0.0,34.0,2103,0.500005,False,REGULAR,USD,MU,put,2026-07-17,0.07945205479452055,5.2,1.0532165231180392e-07,-3.2869022850157137e-06,-241.03700270254527,1043.18994140625,0.021973756246363108,2026-06-18
MU260717P00570000,2026-06-17 19:20:45+00:00,570.0,5.1,0.0,0.0,0.0,0.0,34.0,467,0.500005,False,REGULAR,USD,MU,put,2026-07-17,0.07945205479452055,5.1,1.840389928403667e-07,-5.894438297571192e-06,-93.53055474513113,1043.18994140625,0.021973756246363108,2026-06-18
MU260717P00580000,2026-06-17 19:57:46+00:00,580.0,5.92,0.0,0.0,0.0,0.0,47.0,691,0.500005,False,REGULAR,USD,MU,put,2026-07-17,0.07945205479452055,5.92,3.1362776067438795e-07,-1.0310620993325692e-05,-235.8410101226436,1043.18994140625,0.021973756246363108,2026-06-18
MU260717P00590000,2026-06-17 18:03:25+00:00,590.0,6.2,0.0,0.0,0.0,0.0,124.0,499,0.500005,False,REGULAR,USD,MU,put,2026-07-17,0.07945205479452055,6.2,5.218154627134367e-07,-1.7611819211227342e-05,-283.3637371413422,1043.18994140625,0.021973756246363108,2026-06-18
MU260717P00600000,2026-06-17 19:55:17+00:00,600.0,6.9,0.0,0.0,0.0,0.0,421.0,7550,0.2500075,False,REGULAR,USD,MU,put,2026-07-17,0.07945205479452055,6.9,1.208182767738911e-16,-1.1102230246251565e-15,-9.926733678963685e-07,1043.18994140625,0.021973756246363108,2026-06-18
MU260717P00610000,2026-06-17 18:18:47+00:00,610.0,6.65,0.0,0.0,0.0,0.0,33.0,583,0.2500075,False,REGULAR,USD,MU,put,2026-07-17,0.07945205479452055,6.65,7.549280568354228e-16,-7.105427357601002e-15,-4.789618280376895e-07,1043.18994140625,0.021973756246363108,2026-06-18
MU260717P00620000,2026-06-17 19:50:51+00:00,620.0,7.6,0.0,0.0,0.0,0.0,93.0,3330,0.2500075,False,REGULAR,USD,MU,put,2026-07-17,0.07945205479452055,7.6,4.339348513644527e-15,-4.196643033083092e-14,-1.5725177164516763e-05,1043.18994140625,0.021973756246363108,2026-06-18
MU260717P00630000,2026-06-17 19:58:01+00:00,630.0,9.05,0.0,0.0,0.0,0.0,22.0,756,0.2500075,False,REGULAR,USD,MU,put,2026-07-17,0.07945205479452055,9.05,2.3026068897536345e-14,-2.297051437949449e-13,-1.8943855705601136e-05,1043.18994140625,0.021973756246363108,2026-06-18
MU260717P00640000,2026-06-17 19:53:02+00:00,640.0,9.02,0.0,0.0,0.0,0.0,261.0,1036,0.2500075,False,REGULAR,USD,MU,put,2026-07-17,0.07945205479452055,9.02,1.1317168159812952e-13,-1.163513729807164e-12,-0.0001275922530028236,1043.18994140625,0.021973756246363108,2026-06-18
MU260717P00650000,2026-06-17 19:52:50+00:00,650.0,10.2,0.0,0.0,0.0,0.0,203.0,5845,0.2500075,False,REGULAR,USD,MU,put,2026-07-17,0.07945205479452055,10.2,5.168288000640766e-13,-5.478839604222685e-12,-0.0032874412765878597,1043.18994140625,0.021973756246363108,2026-06-18
MU260717P00660000,2026-06-17 19:38:12+00:00,660.0,9.37,0.0,0.0,0.0,0.0,70.0,5321,0.2500075,False,REGULAR,USD,MU,put,2026-07-17,0.07945205479452055,9.37,2.1995913989472054e-12,-2.405398102922618e-11,-0.012736850564582307,1043.18994140625,0.021973756246363108,2026-06-18
MU260717P00670000,2026-06-17 19:58:02+00:00,670.0,12.1,0.0,0.0,0.0,0.0,51.0,577,0.2500075,False,REGULAR,USD,MU,put,2026-07-17,0.07945205479452055,12.1,8.748851833533446e-12,-9.87430137655565e-11,-0.005493557271550688,1043.18994140625,0.021973756246363108,2026-06-18
MU260717P00680000,2026-06-17 19:58:01+00:00,680.0,13.1,0.0,0.0,0.0,0.0,101.0,712,0.2500075,False,REGULAR,USD,MU,put,2026-07-17,0.07945205479452055,13.1,3.260901303383516e-11,-3.8003089564142556e-10,-0.025266461810791667,1043.18994140625,0.021973756246363108,2026-06-18
MU260717P00690000,2026-06-17 19:58:04+00:00,690.0,14.05,0.0,0.0,0.0,0.0,223.0,2715,0.2500075,False,REGULAR,USD,MU,put,2026-07-17,0.07945205479452055,14.05,1.141842293111935e-10,-1.3748050475825835e-09,-0.3373671098381019,1043.18994140625,0.021973756246363108,2026-06-18
MU260717P00700000,2026-06-17 19:58:35+00:00,700.0,15.0,0.0,0.0,0.0,0.0,614.0,9015,0.2500075,False,REGULAR,USD,MU,put,2026-07-17,0.07945205479452055,15.0,3.7653480517502314e-10,-4.686349308613558e-09,-3.694006364993086,1043.18994140625,0.021973756246363108,2026-06-18
MU260717P00710000,2026-06-17 19:58:02+00:00,710.0,16.3,0.0,0.0,0.0,0.0,302.0,620,0.2500075,False,REGULAR,USD,MU,put,2026-07-17,0.07945205479452055,16.3,1.172009494027905e-09,-1.508724123411298e-08,-0.7907689369935187,1043.18994140625,0.021973756246363108,2026-06-18
MU260717P00720000,2026-06-17 19:58:04+00:00,720.0,17.45,0.0,0.0,0.0,0.0,219.0,1707,0.2500075,False,REGULAR,USD,MU,put,2026-07-17,0.07945205479452055,17.45,3.4508942947667728e-09,-4.597574609910282e-08,-6.410500809662221,1043.18994140625,0.021973756246363108,2026-06-18
MU260717P00730000,2026-06-17 19:58:01+00:00,730.0,18.6,0.0,0.0,0.0,0.0,102.0,16754,0.2500075,False,REGULAR,USD,MU,put,2026-07-17,0.07945205479452055,18.6,9.631818155307976e-09,-1.3289498645985276e-07,-175.6117487122213,1043.18994140625,0.021973756246363108,2026-06-18
MU260717P00740000,2026-06-17 19:58:02+00:00,740.0,20.15,0.0,0.0,0.0,0.0,300.0,913,0.2500075,False,REGULAR,USD,MU,put,2026-07-17,0.07945205479452055,20.15,2.553403047698918e-08,-3.6511035550468307e-07,-25.369793467664834,1043.18994140625,0.021973756246363108,2026-06-18
MU260717P00750000,2026-06-17 19:53:16+00:00,750.0,21.0,0.0,0.0,0.0,0.0,248.0,1883,0.2500075,False,REGULAR,USD,MU,put,2026-07-17,0.07945205479452055,21.0,6.441436528194135e-08,-9.552362335574216e-07,-131.9957152019619,1043.18994140625,0.021973756246363108,2026-06-18
MU260717P00760000,2026-06-17 19:58:54+00:00,760.0,23.21,0.0,0.0,0.0,0.0,5068.0,3642,0.2500075,False,REGULAR,USD,MU,put,2026-07-17,0.07945205479452055,23.21,1.5490945235844282e-07,-2.384332344229634e-06,-613.9664527055785,1043.18994140625,0.021973756246363108,2026-06-18
MU260717P00770000,2026-06-17 19:19:55+00:00,770.0,19.84,0.0,0.0,0.0,0.0,108.0,806,0.2500075,False,REGULAR,USD,MU,put,2026-07-17,0.07945205479452055,19.84,3.5575294497540754e-07,-5.687949217847432e-06,-312.0400418539308,1043.18994140625,0.021973756246363108,2026-06-18
MU260717P00780000,2026-06-17 19:19:32+00:00,780.0,21.2,0.0,0.0,0.0,0.0,115.0,1162,0.2500075,False,REGULAR,USD,MU,put,2026-07-17,0.07945205479452055,21.2,7.814552805096512e-07,-1.2989981992506117e-05,-988.1822301296405,1043.18994140625,0.021973756246363108,2026-06-18
MU260717P00790000,2026-06-17 19:58:02+00:00,790.0,28.45,0.0,0.0,0.0,0.0,177.0,957,0.2500075,False,REGULAR,USD,MU,put,2026-07-17,0.07945205479452055,28.45,1.6444566735860453e-06,-2.844630131382253e-05,-1712.6205668755674,1043.18994140625,0.021973756246363108,2026-06-18
MU260717P00800000,2026-06-17 19:59:52+00:00,800.0,30.95,0.0,0.0,0.0,0.0,620.0,5208,0.12500875,False,REGULAR,USD,MU,put,2026-07-17,0.07945205479452055,30.95,2.2855653810078627e-15,-1.0769163338864018e-14,-1.2953627572317457e-05,1043.18994140625,0.021973756246363108,2026-06-18
MU260717P00810000,2026-06-17 19:57:51+00:00,810.0,32.08,0.0,0.0,0.0,0.0,183.0,539,0.12500875,False,REGULAR,USD,MU,put,2026-07-17,0.07945205479452055,32.08,3.175700422149751e-14,-1.5731860258938468e-13,-1.8627521515990684e-05,1043.18994140625,0.021973756246363108,2026-06-18
MU260717P00820000,2026-06-17 19:57:51+00:00,820.0,34.35,0.0,0.0,0.0,0.0,644.0,2104,0.12500875,False,REGULAR,USD,MU,put,2026-07-17,0.07945205479452055,34.35,3.781583588218031e-13,-1.963762485956977e-12,-0.0008658570984599195,1043.18994140625,0.021973756246363108,2026-06-18
MU260717P00830000,2026-06-17 19:29:25+00:00,830.0,30.31,0.0,0.0,0.0,0.0,91.0,1179,0.12500875,False,REGULAR,USD,MU,put,2026-07-17,0.07945205479452055,30.31,3.879351993224677e-12,-2.115363439969542e-11,-0.004977368259286279,1043.18994140625,0.021973756246363108,2026-06-18
MU260717P00840000,2026-06-17 19:57:21+00:00,840.0,39.09,0.0,0.0,0.0,0.0,300.0,673,0.12500875,False,REGULAR,USD,MU,put,2026-07-17,0.07945205479452055,39.09,3.445581040411408e-11,-1.9763601866173985e-10,-0.025235058450134594,1043.18994140625,0.021973756246363108,2026-06-18
MU260717P00850000,2026-06-17 19:59:09+00:00,850.0,42.46,0.0,0.0,0.0,0.0,217.0,1865,0.12500875,False,REGULAR,USD,MU,put,2026-07-17,0.07945205479452055,42.46,2.662310098847286e-10,-1.6094569010860482e-09,-0.5403364404238892,1043.18994140625,0.021973756246363108,2026-06-18
MU260717P00860000,2026-06-17 19:40:46+00:00,860.0,41.1,0.0,0.0,0.0,0.0,232.0,683,0.12500875,False,REGULAR,USD,MU,put,2026-07-17,0.07945205479452055,41.1,1.7977784279978288e-09,-1.1478625716598856e-08,-1.3362374839116058,1043.18994140625,0.021973756246363108,2026-06-18
MU260717P00870000,2026-06-17 19:50:00+00:00,870.0,45.25,0.0,0.0,0.0,0.0,70.0,1231,0.12500875,False,REGULAR,USD,MU,put,2026-07-17,0.07945205479452055,45.25,1.0656175641877042e-08,-7.202610241563434e-08,-14.27533158933342,1043.18994140625,0.021973756246363108,2026-06-18
MU260717P00880000,2026-06-17 19:59:26+00:00,880.0,51.25,0.0,0.0,0.0,0.0,87.0,2069,0.12500875,False,REGULAR,USD,MU,put,2026-07-17,0.07945205479452055,51.25,5.567787400098969e-08,-3.9939732321414567e-07,-125.36315581890251,1043.18994140625,0.021973756246363108,2026-06-18
MU260717P00890000,2026-06-17 19:50:02+00:00,890.0,51.73,0.0,0.0,0.0,0.0,447.0,1004,0.12500875,False,REGULAR,USD,MU,put,2026-07-17,0.07945205479452055,51.73,2.574745953161947e-07,-1.965625249011893e-06,-281.3162883654613,1043.18994140625,0.021973756246363108,2026-06-18
MU260717P00900000,2026-06-17 19:59:41+00:00,900.0,58.0,0.0,0.0,0.0,0.0,2583.0,9292,0.12500875,False,REGULAR,USD,MU,put,2026-07-17,0.07945205479452055,58.0,1.057890474944178e-06,-8.621586929935532e-06,-10697.361928299395,1043.18994140625,0.021973756246363108,2026-06-18
MU260717P00910000,2026-06-17 19:55:46+00:00,910.0,58.92,0.0,0.0,0.0,0.0,56.0,561,0.12500875,False,REGULAR,USD,MU,put,2026-07-17,0.07945205479452055,58.92,3.876313817822517e-06,-3.383974032755699e-05,-2366.51124433721,1043.18994140625,0.021973756246363108,2026-06-18
MU260717P00920000,2026-06-17 19:56:21+00:00,920.0,63.6,0.0,0.0,0.0,0.0,69.0,903,0.062509375,False,REGULAR,USD,MU,put,2026-07-17,0.07945205479452055,63.6,4.980463431989649e-14,-1.2279066652354231e-13,-4.89422901973339e-05,1043.18994140625,0.021973756246363108,2026-06-18
MU260717P00930000,2026-06-17 19:56:41+00:00,930.0,67.55,0.0,0.0,0.0,0.0,65.0,500,0.062509375,False,REGULAR,USD,MU,put,2026-07-17,0.07945205479452055,67.55,3.6848542658536164e-12,-9.886425011984556e-12,-0.0020050125829742275,1043.18994140625,0.021973756246363108,2026-06-18
MU260717P00940000,2026-06-17 19:58:25+00:00,940.0,72.0,0.0,0.0,0.0,0.0,76.0,666,0.062509375,False,REGULAR,USD,MU,put,2026-07-17,0.07945205479452055,72.0,1.797606858201171e-10,-5.280860193579429e-10,-0.13028539297306796,1043.18994140625,0.021973756246363108,2026-06-18
MU260717P00950000,2026-06-17 19:55:25+00:00,950.0,74.41,0.0,0.0,0.0,0.0,397.0,2760,0.062509375,False,REGULAR,USD,MU,put,2026-07-17,0.07945205479452055,74.41,5.856183220934951e-09,-1.8979183558087698e-08,-17.589379524588367,1043.18994140625,0.021973756246363108,2026-06-18
MU260717P00960000,2026-06-17 19:55:46+00:00,960.0,78.1,0.0,0.0,0.0,0.0,107.0,432,0.062509375,False,REGULAR,USD,MU,put,2026-07-17,0.07945205479452055,78.1,1.2897130378255927e-07,-4.6523577967860774e-07,-60.63224078492709,1043.18994140625,0.021973756246363108,2026-06-18
MU260717P00970000,2026-06-17 19:58:33+00:00,970.0,84.15,0.0,0.0,0.0,0.0,61.0,485,0.062509375,False,REGULAR,USD,MU,put,2026-07-17,0.07945205479452055,84.15,1.9428710315550028e-06,-7.884503346322624e-06,-1025.4452867833145,1043.18994140625,0.021973756246363108,2026-06-18
MU260717P00980000,2026-06-17 19:59:18+00:00,980.0,89.85,0.0,0.0,0.0,0.0,98.0,1588,0.0312596875,False,REGULAR,USD,MU,put,2026-07-17,0.07945205479452055,89.85,3.660815391046578e-14,-4.440892098500626e-14,-6.326377579556456e-05,1043.18994140625,0.021973756246363108,2026-06-18
MU260717P00990000,2026-06-17 19:38:10+00:00,990.0,83.0,0.0,0.0,0.0,0.0,88.0,227,0.0312596875,False,REGULAR,USD,MU,put,2026-07-17,0.07945205479452055,83.0,1.0153404167492076e-10,-1.445604747019047e-10,-0.025082124143252612,1043.18994140625,0.021973756246363108,2026-06-18
MU260717P01000000,2026-06-17 19:59:29+00:00,1000.0,99.35,0.0,0.0,0.0,0.0,1037.0,2848,0.0312596875,False,REGULAR,USD,MU,put,2026-07-17,0.07945205479452055,99.35,7.033053763750152e-08,-1.2094377077609408e-07,-217.97701653914595,1043.18994140625,0.021973756246363108,2026-06-18
MU260717P01010000,2026-06-17 19:35:39+00:00,1010.0,91.2,0.0,0.0,0.0,0.0,97.0,205,0.0312596875,False,REGULAR,USD,MU,put,2026-07-17,0.07945205479452055,91.2,1.267032483834552e-05,-2.7347725969573133e-05,-2826.6262783668453,1043.18994140625,0.021973756246363108,2026-06-18
MU260717P01020000,2026-06-17 19:58:54+00:00,1020.0,109.24,0.0,0.0,0.0,0.0,136.0,518,0.015634843750000002,False,REGULAR,USD,MU,put,2026-07-17,0.07945205479452055,109.24,3.731689134004241e-09,-2.8654237871350574e-09,-2.1035943682647646,1043.18994140625,0.021973756246363108,2026-06-18
MU260717P01030000,2026-06-17 19:50:29+00:00,1030.0,112.0,0.0,0.0,0.0,0.0,106.0,605,0.007822421875,False,REGULAR,USD,MU,put,2026-07-17,0.07945205479452055,112.0,8.716352608999208e-13,-2.728928194528635e-13,-0.0005738745261370203,1043.18994140625,0.021973756246363108,2026-06-18
MU260717P01040000,2026-06-17 19:58:43+00:00,1040.0,120.01,0.0,0.0,0.0,0.0,45.0,211,0.00196310546875,False,REGULAR,USD,MU,put,2026-07-17,0.07945205479452055,120.01,1.653580957344768e-28,0.0,-3.796948436534057e-20,1043.18994140625,0.021973756246363108,2026-06-18
MU260717P01210000,2026-05-11 13:31:15+00:00,1210.0,435.2,226.7,236.35,0.0,0.0,0.0,1,1.0273486132812502,True,REGULAR,USD,MU,put,2026-07-17,0.07945205479452055,231.52499999999998,0.0012393141121658884,-0.6392600145280933,-1348.6777005953113,1043.18994140625,0.021973756246363108,2026-06-18
MU260717P01320000,2026-05-12 16:56:34+00:00,1320.0,614.25,310.1,321.15,0.0,0.0,0.0,6,1.0009510401916504,True,REGULAR,USD,MU,put,2026-07-17,0.07945205479452055,315.625,0.0010743219852764143,-0.7523233164262304,-7014.754809510181,1043.18994140625,0.021973756246363108,2026-06-18
MU260717P01370000,2026-05-12 16:58:29+00:00,1370.0,662.5,353.3,363.9,0.0,0.0,0.0,1,1.0075885802459714,True,REGULAR,USD,MU,put,2026-07-17,0.07945205479452055,358.6,0.0009727804631566818,-0.7899850834523976,-1058.623722069407,1043.18994140625,0.021973756246363108,2026-06-18
MU260717P01450000,2026-05-12 18:41:24+00:00,1450.0,706.65,423.0,433.85,0.0,0.0,0.0,1,0.9974060317993164,True,REGULAR,USD,MU,put,2026-07-17,0.07945205479452055,428.425,0.0008090752203821297,-0.8459821582998635,-880.4722685894465,1043.18994140625,0.021973756246363108,2026-06-18
MU260717P01460000,2026-05-11 13:31:05+00:00,1460.0,672.0,432.45,442.75,0.0,0.0,0.0,1,0.999298102722168,True,REGULAR,USD,MU,put,2026-07-17,0.07945205479452055,437.6,0.0007894956527472052,-0.8511294275440107,-859.1648970382818,1043.18994140625,0.021973756246363108,2026-06-18
MU260717P01490000,2026-05-13 13:46:46+00:00,1490.0,711.65,459.0,470.2,0.0,0.0,0.0,184,0.9938355108642578,True,REGULAR,USD,MU,put,2026-07-17,0.07945205479452055,464.6,0.0007281547932326046,-0.8688909307770765,-145803.6235960033,1043.18994140625,0.021973756246363108,2026-06-18
MU260717P01560000,2026-05-12 17:01:41+00:00,1560.0,848.7,521.6,533.3,0.0,0.0,0.0,4,0.9501347760009764,True,REGULAR,USD,MU,put,2026-07-17,0.07945205479452055,527.45,0.0005688373861572056,-0.9125703481041361,-2476.138342794749,1043.18994140625,0.021973756246363108,2026-06-18
MU260717P01580000,2026-05-12 18:07:41+00:00,1580.0,843.09,541.45,552.3,0.0,0.0,0.0,2,0.9597171997070311,True,REGULAR,USD,MU,put,2026-07-17,0.07945205479452055,546.875,0.0005398105776765372,-0.9173722810163396,-1174.8925982703056,1043.18994140625,0.021973756246363108,2026-06-18
MU260724C01045000,2026-06-17 19:53:47+00:00,1045.0,138.24,0.0,0.0,0.0,0.0,23.0,59,0.00196310546875,False,REGULAR,USD,MU,call,2026-07-24,0.09863013698630137,138.24,0.0009950814896743443,0.999833076618499,63890.66979166249,1043.18994140625,0.021973756246363108,2026-06-18
MU260724C01050000,2026-06-17 19:55:52+00:00,1050.0,136.78,0.0,0.0,0.0,0.0,29.0,51,0.0039162109375,False,REGULAR,USD,MU,call,2026-07-24,0.09863013698630137,136.78,0.0355795910189663,0.018661061535577457,1974685.3740781548,1043.18994140625,0.021973756246363108,2026-06-18
MU260724C01055000,2026-06-17 18:59:07+00:00,1055.0,147.1,0.0,0.0,0.0,0.0,15.0,44,0.007822421875,False,REGULAR,USD,MU,call,2026-07-24,0.09863013698630137,147.1,0.0018618603111121722,0.0014635952759506838,89151.06846367454,1043.18994140625,0.021973756246363108,2026-06-18
MU260724C01060000,2026-06-17 19:55:22+00:00,1060.0,134.0,0.0,0.0,0.0,0.0,60.0,46,0.015634843750000002,False,REGULAR,USD,MU,call,2026-07-24,0.09863013698630137,134.0,0.0038758456187848807,0.007149235967649107,194022.04756791584,1043.18994140625,0.021973756246363108,2026-06-18
MU260724C01065000,2026-06-17 19:59:41+00:00,1065.0,127.0,0.0,0.0,0.0,0.0,58.0,178,0.015634843750000002,False,REGULAR,USD,MU,call,2026-07-24,0.09863013698630137,127.0,0.00023404396702304434,0.00032712180765545005,45336.10806234856,1043.18994140625,0.021973756246363108,2026-06-18
MU260724C01070000,2026-06-17 19:29:22+00:00,1070.0,144.9,0.0,0.0,0.0,0.0,55.0,49,0.015634843750000002,False,REGULAR,USD,MU,call,2026-07-24,0.09863013698630137,144.9,5.752146607005263e-06,6.444748229862477e-06,306.72756598195133,1043.18994140625,0.021973756246363108,2026-06-18
MU260724C01075000,2026-06-17 19:53:38+00:00,1075.0,125.83,0.0,0.0,0.0,0.0,3.0,12,0.015634843750000002,False,REGULAR,USD,MU,call,2026-07-24,0.09863013698630137,125.83,5.82701882616896e-08,5.438438210138161e-08,0.7609470698015778,1043.18994140625,0.021973756246363108,2026-06-18
MU260724C01080000,2026-06-17 19:49:23+00:00,1080.0,128.53,0.0,0.0,0.0,0.0,27.0,70,0.0312596875,False,REGULAR,USD,MU,call,2026-07-24,0.09863013698630137,128.53,0.00029459033938815425,0.0008873340578812738,22441.057706869608,1043.18994140625,0.021973756246363108,2026-06-18
MU260724C01085000,2026-06-17 18:51:22+00:00,1085.0,141.91,0.0,0.0,0.0,0.0,1.0,15,0.0312596875,False,REGULAR,USD,MU,call,2026-07-24,0.09863013698630137,141.91,6.060326356748275e-05,0.00016154077699797294,989.2682091780742,1043.18994140625,0.021973756246363108,2026-06-18
MU260724C01090000,2026-06-17 19:31:14+00:00,1090.0,138.55,0.0,0.0,0.0,0.0,21.0,123,0.0312596875,False,REGULAR,USD,MU,call,2026-07-24,0.09863013698630137,138.55,1.0079889012046052e-05,2.407979896912525e-05,1349.2351393348047,1043.18994140625,0.021973756246363108,2026-06-18
MU260724C01095000,2026-06-17 17:44:00+00:00,1095.0,120.9,0.0,0.0,0.0,0.0,3.0,111,0.0312596875,False,REGULAR,USD,MU,call,2026-07-24,0.09863013698630137,120.9,1.3594983749775358e-06,2.9412361881250507e-06,164.2209096148335,1043.18994140625,0.021973756246363108,2026-06-18
MU260724C01100000,2026-06-17 19:59:17+00:00,1100.0,114.0,0.0,0.0,0.0,0.0,45.0,376,0.0312596875,False,REGULAR,USD,MU,call,2026-07-24,0.09863013698630137,114.0,1.4911603484166825e-07,2.9473885806004144e-07,61.01533126327154,1043.18994140625,0.021973756246363108,2026-06-18
MU260724C01105000,2026-06-17 18:23:00+00:00,1105.0,117.3,0.0,0.0,0.0,0.0,11.0,46,0.0312596875,False,REGULAR,USD,MU,call,2026-07-24,0.09863013698630137,117.3,1.3339243217318165e-08,2.426810578675853e-08,0.6677529335757969,1043.18994140625,0.021973756246363108,2026-06-18
MU260724C01110000,2026-06-17 19:50:00+00:00,1110.0,114.5,0.0,0.0,0.0,0.0,11.0,210,0.0312596875,False,REGULAR,USD,MU,call,2026-07-24,0.09863013698630137,114.5,9.759264972583087e-10,1.6446841860170954e-09,0.22302994953728086,1043.18994140625,0.021973756246363108,2026-06-18
MU260724C01115000,2026-06-15 19:26:55+00:00,1115.0,140.25,0.0,0.0,0.0,0.0,20.0,19,0.0312596875,False,REGULAR,USD,MU,call,2026-07-24,0.09863013698630137,140.25,5.855713390330607e-11,9.191849594238053e-11,0.0012107659379386108,1043.18994140625,0.021973756246363108,2026-06-18
MU260724C01120000,2026-06-17 19:50:15+00:00,1120.0,110.96,0.0,0.0,0.0,0.0,20.0,49,0.062509375,False,REGULAR,USD,MU,call,2026-07-24,0.09863013698630137,110.96,5.851316253480526e-05,0.0003269661147207379,3120.156899399888,1043.18994140625,0.021973756246363108,2026-06-18
MU260724C01125000,2026-06-16 17:59:44+00:00,1125.0,110.1,0.0,0.0,0.0,0.0,1.0,8,0.062509375,False,REGULAR,USD,MU,call,2026-07-24,0.09863013698630137,110.1,2.63163335078615e-05,0.00013893706396240967,229.10900030955946,1043.18994140625,0.021973756246363108,2026-06-18
MU260724C01130000,2026-06-17 19:29:28+00:00,1130.0,120.8,0.0,0.0,0.0,0.0,9.0,75,0.062509375,False,REGULAR,USD,MU,call,2026-07-24,0.09863013698630137,120.8,1.128562452287544e-05,5.646367766109524e-05,921.1145492824226,1043.18994140625,0.021973756246363108,2026-06-18
MU260724C01135000,2026-06-17 18:58:55+00:00,1135.0,112.2,0.0,0.0,0.0,0.0,3.0,106,0.062509375,False,REGULAR,USD,MU,call,2026-07-24,0.09863013698630137,112.2,4.6177944047692555e-06,2.195418916025203e-05,532.6810414905696,1043.18994140625,0.021973756246363108,2026-06-18
MU260724C01140000,2026-06-17 18:03:07+00:00,1140.0,100.93,0.0,0.0,0.0,0.0,14.0,65,0.062509375,False,REGULAR,USD,MU,call,2026-07-24,0.09863013698630137,100.93,1.8039653428063962e-06,8.170231185434697e-06,127.60518695736948,1043.18994140625,0.021973756246363108,2026-06-18
MU260724C01150000,2026-06-17 19:41:25+00:00,1150.0,102.5,0.0,0.0,0.0,0.0,19.0,94,0.062509375,False,REGULAR,USD,MU,call,2026-07-24,0.09863013698630137,102.5,2.4018740440317433e-07,9.937984400908171e-07,24.56998347039921,1043.18994140625,0.021973756246363108,2026-06-18
MU260724C01160000,2026-06-17 18:07:52+00:00,1160.0,94.09,0.0,0.0,0.0,0.0,21.0,178,0.062509375,False,REGULAR,USD,MU,call,2026-07-24,0.09863013698630137,94.09,2.6767669703264803e-08,1.0196780207233435e-07,5.18510253299962,1043.18994140625,0.021973756246363108,2026-06-18
MU260724C01170000,2026-06-17 19:56:49+00:00,1170.0,92.0,0.0,0.0,0.0,0.0,112.0,81,0.062509375,False,REGULAR,USD,MU,call,2026-07-24,0.09863013698630137,92.0,2.5087694958543756e-09,8.85708107558447e-09,0.22114267624648054,1043.18994140625,0.021973756246363108,2026-06-18
MU260724C01180000,2026-06-17 19:42:19+00:00,1180.0,92.78,0.0,0.0,0.0,0.0,68.0,65,0.062509375,False,REGULAR,USD,MU,call,2026-07-24,0.09863013698630137,92.78,1.9864960550393973e-10,6.536933824256381e-10,0.014051666873989597,1043.18994140625,0.021973756246363108,2026-06-18
MU260724C01190000,2026-06-17 18:46:57+00:00,1190.0,100.42,0.0,0.0,0.0,0.0,132.0,86,0.062509375,False,REGULAR,USD,MU,call,2026-07-24,0.09863013698630137,100.42,1.3347997460810987e-11,4.1145034946465496e-11,0.0012492269601224785,1043.18994140625,0.021973756246363108,2026-06-18
MU260724C01200000,2026-06-17 19:50:55+00:00,1200.0,83.24,0.0,0.0,0.0,0.0,131.0,290,0.062509375,False,REGULAR,USD,MU,call,2026-07-24,0.09863013698630137,83.24,7.643827816633153e-13,2.2167737453930626e-12,0.00024123242093849199,1043.18994140625,0.021973756246363108,2026-06-18
MU260724C01210000,2026-06-17 19:40:53+00:00,1210.0,85.4,0.0,0.0,0.0,0.0,141.0,147,0.062509375,False,REGULAR,USD,MU,call,2026-07-24,0.09863013698630137,85.4,3.7461005160299856e-14,1.0260614789387866e-13,5.992713877318034e-06,1043.18994140625,0.021973756246363108,2026-06-18
MU260724C01220000,2026-06-17 19:10:00+00:00,1220.0,92.72,0.0,0.0,0.0,0.0,50.0,101,0.12500875,False,REGULAR,USD,MU,call,2026-07-24,0.09863013698630137,92.72,5.494756229650521e-06,5.4889797697400595e-05,603.9438811866222,1043.18994140625,0.021973756246363108,2026-06-18
MU260724C01230000,2026-06-17 19:54:20+00:00,1230.0,75.96,0.0,0.0,0.0,0.0,16.0,134,0.12500875,False,REGULAR,USD,MU,call,2026-07-24,0.09863013698630137,75.96,2.405885444106175e-06,2.2925710055280152e-05,350.83791772499507,1043.18994140625,0.021973756246363108,2026-06-18
MU260724C01240000,2026-06-17 14:14:47+00:00,1240.0,68.55,0.0,0.0,0.0,0.0,4.0,109,0.12500875,False,REGULAR,USD,MU,call,2026-07-24,0.09863013698630137,68.55,1.0161461244023041e-06,9.25798655789183e-06,120.53396548390799,1043.18994140625,0.021973756246363108,2026-06-18
MU260724C01250000,2026-06-17 19:18:38+00:00,1250.0,82.0,0.0,0.0,0.0,0.0,55.0,168,0.12500875,False,REGULAR,USD,MU,call,2026-07-24,0.09863013698630137,82.0,4.1437335542104755e-07,3.6173319998621036e-06,75.75789267636934,1043.18994140625,0.021973756246363108,2026-06-18
MU260724C01260000,2026-06-17 18:07:49+00:00,1260.0,67.47,0.0,0.0,0.0,0.0,141.0,166,0.12500875,False,REGULAR,USD,MU,call,2026-07-24,0.09863013698630137,67.47,1.6329381492046702e-07,1.3685208834822698e-06,29.49881736569478,1043.18994140625,0.021973756246363108,2026-06-18
MU260724C01270000,2026-06-17 18:22:54+00:00,1270.0,68.85,0.0,0.0,0.0,0.0,100.0,149,0.12500875,False,REGULAR,USD,MU,call,2026-07-24,0.09863013698630137,68.85,6.223952154490519e-08,5.016671328284411e-07,10.092047724558446,1043.18994140625,0.021973756246363108,2026-06-18
MU260724C01280000,2026-06-17 19:09:16+00:00,1280.0,77.06,0.0,0.0,0.0,0.0,86.0,79,0.12500875,False,REGULAR,USD,MU,call,2026-07-24,0.09863013698630137,77.06,2.2963951885732305e-08,1.7831464529495368e-07,1.9742425202958793,1043.18994140625,0.021973756246363108,2026-06-18
MU260724C01290000,2026-06-17 19:27:33+00:00,1290.0,73.8,0.0,0.0,0.0,0.0,94.0,89,0.12500875,False,REGULAR,USD,MU,call,2026-07-24,0.09863013698630137,73.8,8.208531896797078e-09,6.149885346639596e-08,0.7950277331220111,1043.18994140625,0.021973756246363108,2026-06-18
MU260724C01300000,2026-06-17 19:12:46+00:00,1300.0,70.0,0.0,0.0,0.0,0.0,147.0,255,0.12500875,False,REGULAR,USD,MU,call,2026-07-24,0.09863013698630137,70.0,2.844900928438401e-09,2.0594547259929085e-08,0.7894672329277226,1043.18994140625,0.021973756246363108,2026-06-18
MU260724C01310000,2026-06-17 19:29:04+00:00,1310.0,68.33,0.0,0.0,0.0,0.0,106.0,46,0.12500875,False,REGULAR,USD,MU,call,2026-07-24,0.09863013698630137,68.33,9.567224996859424e-10,6.70091429933321e-09,0.04789284109864953,1043.18994140625,0.021973756246363108,2026-06-18
MU260724C01320000,2026-06-17 18:23:13+00:00,1320.0,58.28,0.0,0.0,0.0,0.0,40.0,141,0.12500875,False,REGULAR,USD,MU,call,2026-07-24,0.09863013698630137,58.28,3.124257498073243e-10,2.119816987218566e-09,0.04793941335662888,1043.18994140625,0.021973756246363108,2026-06-18
MU260724C01330000,2026-06-17 18:57:30+00:00,1330.0,61.88,0.0,0.0,0.0,0.0,28.0,31,0.12500875,False,REGULAR,USD,MU,call,2026-07-24,0.09863013698630137,61.88,9.914371975057885e-11,6.524172748875585e-10,0.003344673156499272,1043.18994140625,0.021973756246363108,2026-06-18
MU260724C01340000,2026-06-17 19:17:15+00:00,1340.0,61.47,0.0,0.0,0.0,0.0,177.0,180,0.12500875,False,REGULAR,USD,MU,call,2026-07-24,0.09863013698630137,61.47,3.0594811929041416e-11,1.9547439764352589e-10,0.005993038597364756,1043.18994140625,0.021973756246363108,2026-06-18
MU260724C01350000,2026-06-17 19:29:43+00:00,1350.0,60.15,0.0,0.0,0.0,0.0,121.0,126,0.12500875,False,REGULAR,USD,MU,call,2026-07-24,0.09863013698630137,60.15,9.18739887390378e-12,5.7050630804940474e-11,0.001259766045690191,1043.18994140625,0.021973756246363108,2026-06-18
MU260724C01360000,2026-06-17 18:37:13+00:00,1360.0,52.37,0.0,0.0,0.0,0.0,100.0,56,0.12500875,False,REGULAR,USD,MU,call,2026-07-24,0.09863013698630137,52.37,2.6865148690304605e-12,1.622931306763661e-11,0.00016372087511488858,1043.18994140625,0.021973756246363108,2026-06-18
MU260724C01370000,2026-06-17 19:29:17+00:00,1370.0,56.0,0.0,0.0,0.0,0.0,105.0,154,0.12500875,False,REGULAR,USD,MU,call,2026-07-24,0.09863013698630137,56.0,7.654546413620299e-13,4.5026286817296024e-12,0.00012828236659708972,1043.18994140625,0.021973756246363108,2026-06-18
MU260724C01380000,2026-06-17 19:06:34+00:00,1380.0,54.92,0.0,0.0,0.0,0.0,133.0,141,0.12500875,False,REGULAR,USD,MU,call,2026-07-24,0.09863013698630137,54.92,2.1264593071355172e-13,1.2190172762457575e-12,3.2628940403820184e-05,1043.18994140625,0.021973756246363108,2026-06-18
MU260724C01390000,2026-06-17 19:06:38+00:00,1390.0,53.1,0.0,0.0,0.0,0.0,50.0,26,0.12500875,False,REGULAR,USD,MU,call,2026-07-24,0.09863013698630137,53.1,5.763263128820246e-14,3.222382042692233e-13,1.6306793741248682e-06,1043.18994140625,0.021973756246363108,2026-06-18
MU260724C01400000,2026-06-17 19:15:49+00:00,1400.0,52.47,0.0,0.0,0.0,0.0,501.0,197,0.12500875,False,REGULAR,USD,MU,call,2026-07-24,0.09863013698630137,52.47,1.524799231486751e-14,8.321616535588474e-14,3.2689303876805113e-06,1043.18994140625,0.021973756246363108,2026-06-18
MU260724C01410000,2026-06-17 19:17:24+00:00,1410.0,49.52,0.0,0.0,0.0,0.0,266.0,103,0.12500875,False,REGULAR,USD,MU,call,2026-07-24,0.09863013698630137,49.52,3.9404133919312126e-15,2.1005661631839264e-14,4.4167802571401754e-07,1043.18994140625,0.021973756246363108,2026-06-18
MU260724C01420000,2026-06-17 18:49:00+00:00,1420.0,47.86,0.0,0.0,0.0,0.0,382.0,213,0.12500875,False,REGULAR,USD,MU,call,2026-07-24,0.09863013698630137,47.86,9.951787185733705e-16,5.18551671930875e-15,2.306786841681081e-07,1043.18994140625,0.021973756246363108,2026-06-18
MU260724C01430000,2026-06-17 19:37:04+00:00,1430.0,45.86,0.0,0.0,0.0,0.0,190.0,96,0.2500075,False,REGULAR,USD,MU,call,2026-07-24,0.09863013698630137,45.86,2.178742655862502e-06,4.293438354318872e-05,227.61661004212536,1043.18994140625,0.021973756246363108,2026-06-18
MU260724C01440000,2026-06-17 19:42:49+00:00,1440.0,40.75,0.0,0.0,0.0,0.0,122.0,79,0.2500075,False,REGULAR,USD,MU,call,2026-07-24,0.09863013698630137,40.75,1.5314782264776898e-06,2.957758101858052e-05,131.66328899592014,1043.18994140625,0.021973756246363108,2026-06-18
MU260724C01450000,2026-06-17 19:58:09+00:00,1450.0,37.53,0.0,0.0,0.0,0.0,96.0,113,0.2500075,False,REGULAR,USD,MU,call,2026-07-24,0.09863013698630137,37.53,1.070753540422389e-06,2.0277363770318073e-05,131.67239780021785,1043.18994140625,0.021973756246363108,2026-06-18
MU260724C01460000,2026-06-17 19:55:13+00:00,1460.0,36.03,0.0,0.0,0.0,0.0,99.0,114,0.2500075,False,REGULAR,USD,MU,call,2026-07-24,0.09863013698630137,36.03,7.447271357227328e-07,1.3835592295135825e-05,92.39081787854663,1043.18994140625,0.021973756246363108,2026-06-18
MU260724C01470000,2026-06-17 19:31:18+00:00,1470.0,41.61,0.0,0.0,0.0,0.0,27.0,39,0.2500075,False,REGULAR,USD,MU,call,2026-07-24,0.09863013698630137,41.61,5.153324913884186e-07,9.396508999887877e-06,21.87151737844118,1043.18994140625,0.021973756246363108,2026-06-18
MU260724C01480000,2026-06-17 18:41:49+00:00,1480.0,38.43,0.0,0.0,0.0,0.0,221.0,106,0.2500075,False,REGULAR,USD,MU,call,2026-07-24,0.09863013698630137,38.43,3.548239119842544e-07,6.352753603573643e-06,40.930356445995834,1043.18994140625,0.021973756246363108,2026-06-18
MU260724C01490000,2026-06-17 18:45:41+00:00,1490.0,38.88,0.0,0.0,0.0,0.0,136.0,95,0.2500075,False,REGULAR,USD,MU,call,2026-07-24,0.09863013698630137,38.88,2.4312197025463586e-07,4.275899343904446e-06,25.134751372472643,1043.18994140625,0.021973756246363108,2026-06-18
MU260724C01500000,2026-06-17 19:32:04+00:00,1500.0,37.83,0.0,0.0,0.0,0.0,235.0,275,0.2500075,False,REGULAR,USD,MU,call,2026-07-24,0.09863013698630137,37.83,1.65794896194321e-07,2.865532363898795e-06,49.61701494645999,1043.18994140625,0.021973756246363108,2026-06-18
MU260724C01510000,2026-06-17 19:30:29+00:00,1510.0,36.9,0.0,0.0,0.0,0.0,32.0,106,0.2500075,False,REGULAR,USD,MU,call,2026-07-24,0.09863013698630137,36.9,1.1253875593749945e-07,1.9122165198675138e-06,12.981795304469754,1043.18994140625,0.021973756246363108,2026-06-18
MU260724C01520000,2026-06-17 19:30:58+00:00,1520.0,35.59,0.0,0.0,0.0,0.0,50.0,45,0.2500075,False,REGULAR,USD,MU,call,2026-07-24,0.09863013698630137,35.59,7.604386983429985e-08,1.2707595229040515e-06,3.7239471194244023,1043.18994140625,0.021973756246363108,2026-06-18
MU260724C01530000,2026-06-17 18:44:46+00:00,1530.0,33.85,0.0,0.0,0.0,0.0,40.0,86,0.2500075,False,REGULAR,USD,MU,call,2026-07-24,0.09863013698630137,33.85,5.115680417851288e-08,8.410543143994742e-07,4.787718844053613,1043.18994140625,0.021973756246363108,2026-06-18
MU260724C01540000,2026-06-17 19:54:21+00:00,1540.0,28.94,0.0,0.0,0.0,0.0,18.0,25,0.2500075,False,REGULAR,USD,MU,call,2026-07-24,0.09863013698630137,28.94,3.426608498043718e-08,5.544444507096223e-07,0.9322476087005451,1043.18994140625,0.021973756246363108,2026-06-18
MU260724C01550000,2026-06-16 14:40:43+00:00,1550.0,34.6,0.0,0.0,0.0,0.0,2.0,17,0.2500075,False,REGULAR,USD,MU,call,2026-07-24,0.09863013698630137,34.6,2.285552072714619e-08,3.6408560449128304e-07,0.42283100324543804,1043.18994140625,0.021973756246363108,2026-06-18
MU260724C01560000,2026-06-17 19:33:17+00:00,1560.0,31.04,0.0,0.0,0.0,0.0,102.0,83,0.2500075,False,REGULAR,USD,MU,call,2026-07-24,0.09863013698630137,31.04,1.5181891350567788e-08,2.38175877183164e-07,1.371294560159387,1043.18994140625,0.021973756246363108,2026-06-18
MU260724C01570000,2026-06-17 19:33:17+00:00,1570.0,30.05,0.0,0.0,0.0,0.0,82.0,54,0.2500075,False,REGULAR,USD,MU,call,2026-07-24,0.09863013698630137,30.05,1.0044082707346433e-08,1.5523061301117262e-07,0.5902429681201545,1043.18994140625,0.021973756246363108,2026-06-18
MU260724C01580000,2026-06-17 19:55:06+00:00,1580.0,25.53,0.0,0.0,0.0,0.0,130.0,24,0.2500075,False,REGULAR,USD,MU,call,2026-07-24,0.09863013698630137,25.53,6.618884676299815e-09,1.0080406815708401e-07,0.17287127603451707,1043.18994140625,0.021973756246363108,2026-06-18
MU260724C01590000,2026-06-17 18:42:33+00:00,1590.0,27.38,0.0,0.0,0.0,0.0,19.0,25,0.2500075,False,REGULAR,USD,MU,call,2026-07-24,0.09863013698630137,27.38,4.344991941849242e-09,6.522811407876126e-08,0.11821042146847598,1043.18994140625,0.021973756246363108,2026-06-18
MU260724C01600000,2026-06-17 19:59:24+00:00,1600.0,23.75,0.0,0.0,0.0,0.0,79.0,77,0.2500075,False,REGULAR,USD,MU,call,2026-07-24,0.09863013698630137,23.75,2.841589183030618e-09,4.206122321637283e-08,0.23811063752074899,1043.18994140625,0.021973756246363108,2026-06-18
MU260724C01610000,2026-06-17 18:42:33+00:00,1610.0,26.46,0.0,0.0,0.0,0.0,19.0,78,0.2500075,False,REGULAR,USD,MU,call,2026-07-24,0.09863013698630137,26.46,1.8515666496473808e-09,2.7030419838934762e-08,0.15716677225609496,1043.18994140625,0.021973756246363108,2026-06-18
MU260724C01620000,2026-06-16 15:56:10+00:00,1620.0,24.11,0.0,0.0,0.0,0.0,2.0,13,0.2500075,False,REGULAR,USD,MU,call,2026-07-24,0.09863013698630137,24.11,1.2021532345086045e-09,1.7313317047252818e-08,0.017007088174125766,1043.18994140625,0.021973756246363108,2026-06-18
MU260724C01630000,2026-06-16 19:12:00+00:00,1630.0,22.4,0.0,0.0,0.0,0.0,45.0,32,0.2500075,False,REGULAR,USD,MU,call,2026-07-24,0.09863013698630137,22.4,7.777831356885214e-10,1.1053414282634125e-08,0.027085401790032583,1043.18994140625,0.021973756246363108,2026-06-18
MU260724C01640000,2026-06-17 18:01:13+00:00,1640.0,21.67,0.0,0.0,0.0,0.0,6.0,25,0.2500075,False,REGULAR,USD,MU,call,2026-07-24,0.09863013698630137,21.67,5.014993355275814e-10,7.03449093978101e-09,0.013643856792435216,1043.18994140625,0.021973756246363108,2026-06-18
MU260724C01650000,2026-06-17 19:50:35+00:00,1650.0,21.0,0.0,0.0,0.0,0.0,36.0,16,0.2500075,False,REGULAR,USD,MU,call,2026-07-24,0.09863013698630137,21.0,3.222770995726012e-10,4.462925874048093e-09,0.005611464384556896,1043.18994140625,0.021973756246363108,2026-06-18
MU260724C01660000,2026-06-17 18:43:06+00:00,1660.0,21.85,0.0,0.0,0.0,0.0,28.0,5,0.2500075,False,REGULAR,USD,MU,call,2026-07-24,0.09863013698630137,21.85,2.0642821773688928e-10,2.8228480061793045e-09,0.0011232226410656338,1043.18994140625,0.021973756246363108,2026-06-18
MU260724C01670000,2026-06-17 15:55:59+00:00,1670.0,18.95,0.0,0.0,0.0,0.0,48.0,38,0.2500075,False,REGULAR,USD,MU,call,2026-07-24,0.09863013698630137,18.95,1.3180191202123775e-10,1.780186655100236e-09,0.005450446597813643,1043.18994140625,0.021973756246363108,2026-06-18
MU260724C01680000,2026-06-17 16:15:03+00:00,1680.0,18.8,0.0,0.0,0.0,0.0,12.0,23,0.2500075,False,REGULAR,USD,MU,call,2026-07-24,0.09863013698630137,18.8,8.389172452519317e-11,1.1193929943787654e-09,0.0020997797341944296,1043.18994140625,0.021973756246363108,2026-06-18
MU260724C01690000,2026-06-17 18:52:10+00:00,1690.0,20.43,0.0,0.0,0.0,0.0,6.0,41,0.2500075,False,REGULAR,USD,MU,call,2026-07-24,0.09863013698630137,20.43,5.32343905123304e-11,7.01886320791242e-10,0.0023752149854848474,1043.18994140625,0.021973756246363108,2026-06-18
MU260724C01700000,2026-06-17 19:51:54+00:00,1700.0,18.3,0.0,0.0,0.0,0.0,55.0,57,0.2500075,False,REGULAR,USD,MU,call,2026-07-24,0.09863013698630137,18.3,3.367995226692418e-11,4.3887988034632964e-10,0.002089166747651619,1043.18994140625,0.021973756246363108,2026-06-18
MU260724C01710000,2026-06-17 15:56:24+00:00,1710.0,16.72,0.0,0.0,0.0,0.0,14.0,34,0.2500075,False,REGULAR,USD,MU,call,2026-07-24,0.09863013698630137,16.72,2.1246442709019124e-11,2.736819928090934e-10,0.000786125574936573,1043.18994140625,0.021973756246363108,2026-06-18
MU260724C01720000,2026-06-16 18:48:25+00:00,1720.0,17.65,0.0,0.0,0.0,0.0,25.0,9,0.2500075,False,REGULAR,USD,MU,call,2026-07-24,0.09863013698630137,17.65,1.336489159441022e-11,1.7021381859642283e-10,0.0001308985186126715,1043.18994140625,0.021973756246363108,2026-06-18
MU260724C01730000,2026-06-17 18:44:02+00:00,1730.0,16.64,0.0,0.0,0.0,0.0,15.0,34,0.2500075,False,REGULAR,USD,MU,call,2026-07-24,0.09863013698630137,16.64,8.383730707786362e-12,1.0558865634095403e-10,0.0003102008751787054,1043.18994140625,0.021973756246363108,2026-06-18
MU260724C01740000,2026-06-16 19:00:47+00:00,1740.0,16.5,0.0,0.0,0.0,0.0,21.0,21,0.2500075,False,REGULAR,USD,MU,call,2026-07-24,0.09863013698630137,16.5,5.2448060002326315e-12,6.533393788877994e-11,0.00011986033997958988,1043.18994140625,0.021973756246363108,2026-06-18
MU260724C01750000,2026-06-17 19:09:09+00:00,1750.0,17.0,0.0,0.0,0.0,0.0,11.0,21,0.2500075,False,REGULAR,USD,MU,call,2026-07-24,0.09863013698630137,17.0,3.2724174549334773e-12,4.032591761992698e-11,7.478504804297308e-05,1043.18994140625,0.021973756246363108,2026-06-18
MU260724C01760000,2026-06-17 18:56:31+00:00,1760.0,15.8,0.0,0.0,0.0,0.0,4.0,3,0.2500075,False,REGULAR,USD,MU,call,2026-07-24,0.09863013698630137,15.8,2.0364861283622676e-12,2.483005804552273e-11,6.6485890911719795e-06,1043.18994140625,0.021973756246363108,2026-06-18
MU260724C01770000,2026-06-17 17:24:52+00:00,1770.0,15.14,0.0,0.0,0.0,0.0,126.0,80,0.2500075,False,REGULAR,USD,MU,call,2026-07-24,0.09863013698630137,15.14,1.264134897205425e-12,1.5252567360676274e-11,0.00011005510416891578,1043.18994140625,0.021973756246363108,2026-06-18
MU260724C01780000,2026-06-17 17:24:52+00:00,1780.0,14.65,0.0,0.0,0.0,0.0,10.0,78,0.2500075,False,REGULAR,USD,MU,call,2026-07-24,0.09863013698630137,14.65,7.827620057831754e-13,9.347664027782382e-12,6.644328893970822e-05,1043.18994140625,0.021973756246363108,2026-06-18
MU260724C01790000,2026-06-17 17:24:53+00:00,1790.0,14.2,0.0,0.0,0.0,0.0,6.0,28,0.2500075,False,REGULAR,USD,MU,call,2026-07-24,0.09863013698630137,14.2,4.835206053385493e-13,5.715850468542644e-12,1.4733292109169862e-05,1043.18994140625,0.021973756246363108,2026-06-18
MU260724C01800000,2026-06-17 19:47:33+00:00,1800.0,14.03,0.0,0.0,0.0,0.0,19.0,61,0.2500075,False,REGULAR,USD,MU,call,2026-07-24,0.09863013698630137,14.03,2.9797044979561343e-13,3.4873734729762395e-12,1.978016059445655e-05,1043.18994140625,0.021973756246363108,2026-06-18
MU260724C01810000,2026-06-17 18:54:48+00:00,1810.0,14.27,0.0,0.0,0.0,0.0,312.0,194,0.2500075,False,REGULAR,USD,MU,call,2026-07-24,0.09863013698630137,14.27,1.8320100917658025e-13,2.123135173381884e-12,3.867731997500886e-05,1043.18994140625,0.021973756246363108,2026-06-18
MU260724C01820000,2026-06-16 14:24:00+00:00,1820.0,17.45,0.0,0.0,0.0,0.0,34.0,18,0.2500075,False,REGULAR,USD,MU,call,2026-07-24,0.09863013698630137,17.45,1.123833449326211e-13,1.2898514779137536e-12,2.2014115512272004e-06,1043.18994140625,0.021973756246363108,2026-06-18
MU260724C01830000,2026-06-17 19:00:59+00:00,1830.0,12.9,0.0,0.0,0.0,0.0,74.0,63,0.2500075,False,REGULAR,USD,MU,call,2026-07-24,0.09863013698630137,12.9,6.878883245970641e-14,7.819977160572417e-13,4.716124587861067e-06,1043.18994140625,0.021973756246363108,2026-06-18
MU260724C01840000,2026-06-17 19:42:20+00:00,1840.0,12.8,0.0,0.0,0.0,0.0,87.0,42,0.2500075,False,REGULAR,USD,MU,call,2026-07-24,0.09863013698630137,12.8,4.201436306854312e-14,4.731462361444022e-13,1.9203211105227305e-06,1043.18994140625,0.021973756246363108,2026-06-18
MU260724C01850000,2026-06-17 19:42:20+00:00,1850.0,12.42,0.0,0.0,0.0,0.0,92.0,55,0.2500075,False,REGULAR,USD,MU,call,2026-07-24,0.09863013698630137,12.42,2.560725223884493e-14,2.8571260558457777e-13,1.5326833892201084e-06,1043.18994140625,0.021973756246363108,2026-06-18
MU260724C01860000,2026-06-16 19:53:16+00:00,1860.0,13.1,0.0,0.0,0.0,0.0,5.0,8,0.2500075,False,REGULAR,USD,MU,call,2026-07-24,0.09863013698630137,13.1,1.5575232661368675e-14,1.7219759669119136e-13,1.3559738417089814e-07,1043.18994140625,0.021973756246363108,2026-06-18
MU260724C01870000,2026-06-17 19:42:20+00:00,1870.0,11.8,0.0,0.0,0.0,0.0,24.0,28,0.2500075,False,REGULAR,USD,MU,call,2026-07-24,0.09863013698630137,11.8,9.454379596709535e-15,1.0358755914938971e-13,2.880831442783431e-07,1043.18994140625,0.021973756246363108,2026-06-18
MU260724C01880000,2026-06-16 14:23:22+00:00,1880.0,14.95,0.0,0.0,0.0,0.0,6.0,2,0.2500075,False,REGULAR,USD,MU,call,2026-07-24,0.09863013698630137,14.95,5.7276777062534294e-15,6.219990257645708e-14,1.2466236158838963e-08,1043.18994140625,0.021973756246363108,2026-06-18
MU260724C01890000,2026-06-16 18:49:22+00:00,1890.0,11.05,0.0,0.0,0.0,0.0,66.0,33,0.2500075,False,REGULAR,USD,MU,call,2026-07-24,0.09863013698630137,11.05,3.4633057571581627e-15,3.728136218573103e-14,1.2437455974447313e-07,1043.18994140625,0.021973756246363108,2026-06-18
MU260724C01900000,2026-06-16 16:29:41+00:00,1900.0,11.3,0.0,0.0,0.0,0.0,18.0,30,0.2500075,False,REGULAR,USD,MU,call,2026-07-24,0.09863013698630137,11.3,2.0902059513797347e-15,2.2306518681480778e-14,6.823970118481431e-08,1043.18994140625,0.021973756246363108,2026-06-18
MU260724C01910000,2026-06-17 18:53:38+00:00,1910.0,10.96,0.0,0.0,0.0,0.0,20.0,13,0.2500075,False,REGULAR,USD,MU,call,2026-07-24,0.09863013698630137,10.96,1.2591925698866847e-15,1.3323778365030708e-14,1.781403439223004e-08,1043.18994140625,0.021973756246363108,2026-06-18
MU260724C01920000,2026-06-17 18:53:38+00:00,1920.0,10.45,0.0,0.0,0.0,0.0,20.0,11,0.2500075,False,REGULAR,USD,MU,call,2026-07-24,0.09863013698630137,10.45,7.572137545242425e-16,7.945035520657703e-15,9.064377019630194e-09,1043.18994140625,0.021973756246363108,2026-06-18
MU260724C01930000,2026-06-16 15:26:11+00:00,1930.0,11.05,0.0,0.0,0.0,0.0,22.0,21,0.2500075,False,REGULAR,USD,MU,call,2026-07-24,0.09863013698630137,11.05,4.545547024002846e-16,4.729922596602995e-15,1.0388006947559705e-08,1043.18994140625,0.021973756246363108,2026-06-18
MU260724C01940000,2026-06-15 19:57:21+00:00,1940.0,13.76,0.0,0.0,0.0,0.0,12.0,4,0.2500075,False,REGULAR,USD,MU,call,2026-07-24,0.09863013698630137,13.76,2.72403574136098e-16,2.8113734100351295e-15,1.1857675867428218e-09,1043.18994140625,0.021973756246363108,2026-06-18
MU260724C01950000,2026-06-15 16:00:12+00:00,1950.0,12.1,0.0,0.0,0.0,0.0,26.0,36,0.2500075,False,REGULAR,USD,MU,call,2026-07-24,0.09863013698630137,12.1,1.6297302533794317e-16,1.6684206818842419e-15,6.384766367872224e-09,1043.18994140625,0.021973756246363108,2026-06-18
MU260724C01960000,2026-06-16 13:32:54+00:00,1960.0,8.8,0.0,0.0,0.0,0.0,9.0,13,0.2500075,False,REGULAR,USD,MU,call,2026-07-24,0.09863013698630137,8.8,9.734459950240964e-17,9.88623712684034e-16,1.3771523791550305e-09,1043.18994140625,0.021973756246363108,2026-06-18
MU260724C01970000,2026-06-15 19:57:03+00:00,1970.0,12.8,0.0,0.0,0.0,0.0,58.0,29,0.2500075,False,REGULAR,USD,MU,call,2026-07-24,0.09863013698630137,12.8,5.805207946211864e-17,5.849388666107213e-16,1.8320720985744153e-09,1043.18994140625,0.021973756246363108,2026-06-18
MU260724C01980000,2026-06-17 15:49:55+00:00,1980.0,8.0,0.0,0.0,0.0,0.0,1.0,6,0.2500075,False,REGULAR,USD,MU,call,2026-07-24,0.09863013698630137,8.0,3.456604655930644e-17,3.455884264690329e-16,2.256980166753839e-10,1043.18994140625,0.021973756246363108,2026-06-18
MU260724C01990000,2026-06-09 16:28:48+00:00,1990.0,5.36,0.0,0.0,0.0,0.0,1.0,2,0.2500075,False,REGULAR,USD,MU,call,2026-07-24,0.09863013698630137,5.36,2.0550554329199252e-17,2.0388820527971625e-16,4.472808642552362e-11,1043.18994140625,0.021973756246363108,2026-06-18
MU260724C02000000,2026-06-17 19:48:08+00:00,2000.0,8.11,0.0,0.0,0.0,0.0,3.0,135,0.2500075,False,REGULAR,USD,MU,call,2026-07-24,0.09863013698630137,8.11,1.2199859582202479e-17,1.2012236283418476e-16,1.792319303877655e-09,1043.18994140625,0.021973756246363108,2026-06-18
MU260724C02010000,2026-06-17 14:29:14+00:00,2010.0,7.15,0.0,0.0,0.0,0.0,32.0,21,0.500005,False,REGULAR,USD,MU,call,2026-07-24,0.09863013698630137,7.15,6.084853228219481e-07,2.3206254217594134e-05,13.905806556580787,1043.18994140625,0.021973756246363108,2026-06-18
MU260724C02020000,2026-06-16 15:39:09+00:00,2020.0,8.18,0.0,0.0,0.0,0.0,4.0,1,0.500005,False,REGULAR,USD,MU,call,2026-07-24,0.09863013698630137,8.18,5.347231223699214e-07,2.0250848978361022e-05,0.5819099000435481,1043.18994140625,0.021973756246363108,2026-06-18
MU260724C02030000,2026-06-17 18:56:47+00:00,2030.0,6.95,0.0,0.0,0.0,0.0,2.0,95,0.500005,False,REGULAR,USD,MU,call,2026-07-24,0.09863013698630137,6.95,4.697365822718846e-07,1.766697999174052e-05,48.5629175906768,1043.18994140625,0.021973756246363108,2026-06-18
MU260724C02040000,2026-06-16 13:59:23+00:00,2040.0,10.8,0.0,0.0,0.0,0.0,10.0,5,0.500005,False,REGULAR,USD,MU,call,2026-07-24,0.09863013698630137,10.8,4.125057286233608e-07,1.5408673550859756e-05,2.244537006803967,1043.18994140625,0.021973756246363108,2026-06-18
MU260724C02050000,2026-06-17 18:57:12+00:00,2050.0,6.65,0.0,0.0,0.0,0.0,2.0,0,0.500005,False,REGULAR,USD,MU,call,2026-07-24,0.09863013698630137,6.65,3.621256692010245e-07,1.3435534603943502e-05,0.0,1043.18994140625,0.021973756246363108,2026-06-18
MU260724C02100000,2026-06-16 14:24:26+00:00,2100.0,8.55,0.0,0.0,0.0,0.0,5.0,1,0.500005,False,REGULAR,USD,MU,call,2026-07-24,0.09863013698630137,8.55,1.8790181180140684e-07,6.746876364392291e-06,0.20448325488291777,1043.18994140625,0.021973756246363108,2026-06-18
MU260724C02130000,2026-06-17 18:53:04+00:00,2130.0,4.97,0.0,0.0,0.0,0.0,1.0,0,0.500005,False,REGULAR,USD,MU,call,2026-07-24,0.09863013698630137,4.97,1.2630789011188788e-07,4.45068565078809e-06,0.0,1043.18994140625,0.021973756246363108,2026-06-18
MU260724C02140000,2026-06-16 14:23:11+00:00,2140.0,7.91,0.0,0.0,0.0,0.0,1.0,1,0.500005,False,REGULAR,USD,MU,call,2026-07-24,0.09863013698630137,7.91,1.1058380578665279e-07,3.872750243847354e-06,0.12034230180012503,1043.18994140625,0.021973756246363108,2026-06-18
MU260724C02190000,2026-06-16 16:59:54+00:00,2190.0,5.3,0.0,0.0,0.0,0.0,4.0,3,0.500005,False,REGULAR,USD,MU,call,2026-07-24,0.09863013698630137,5.3,5.6667622025989367e-08,1.9262972934158816e-06,0.18500481215044573,1043.18994140625,0.021973756246363108,2026-06-18
MU260724P00040000,2026-06-12 15:13:11+00:00,40.0,0.13,0.0,0.0,0.0,0.0,2.0,9500,0.500005,False,REGULAR,USD,MU,put,2026-07-24,0.09863013698630137,0.13,6.202130627791061e-98,0.0,-6.411967258485702e-88,1043.18994140625,0.021973756246363108,2026-06-18
MU260724P00050000,2026-06-15 19:15:13+00:00,50.0,0.01,0.0,0.0,0.0,0.0,0.0,1,0.500005,False,REGULAR,USD,MU,put,2026-07-24,0.09863013698630137,0.01,1.7174569760322754e-85,0.0,-1.8690144028607158e-79,1043.18994140625,0.021973756246363108,2026-06-18
MU260724P00105000,2026-06-12 18:25:46+00:00,105.0,1.76,0.0,0.0,0.0,0.0,0.0,0,0.500005,False,REGULAR,USD,MU,put,2026-07-24,0.09863013698630137,1.76,1.9917782550547014e-50,0.0,-0.0,1043.18994140625,0.021973756246363108,2026-06-18
MU260724P00125000,2026-06-12 14:21:33+00:00,125.0,0.22,0.0,0.0,0.0,0.0,0.0,371,0.500005,False,REGULAR,USD,MU,put,2026-07-24,0.09863013698630137,0.22,1.356396658144946e-43,0.0,-5.47630215684924e-35,1043.18994140625,0.021973756246363108,2026-06-18
MU260724P00130000,2026-06-12 19:28:48+00:00,130.0,0.15,0.0,0.0,0.0,0.0,0.0,1036,0.500005,False,REGULAR,USD,MU,put,2026-07-24,0.09863013698630137,0.15,3.942148743849761e-42,0.0,-4.44446554824679e-33,1043.18994140625,0.021973756246363108,2026-06-18
MU260724P00135000,2026-06-12 14:51:54+00:00,135.0,0.28,0.0,0.0,0.0,0.0,550.0,1232,0.500005,False,REGULAR,USD,MU,put,2026-07-24,0.09863013698630137,0.28,9.511893240368921e-41,0.0,-1.2752767934331724e-31,1043.18994140625,0.021973756246363108,2026-06-18
MU260724P00140000,2026-06-12 15:32:21+00:00,140.0,0.28,0.0,0.0,0.0,0.0,123.0,1034,0.500005,False,REGULAR,USD,MU,put,2026-07-24,0.09863013698630137,0.28,1.9354474853718227e-39,0.0,-2.1778537523952375e-30,1043.18994140625,0.021973756246363108,2026-06-18
MU260724P00145000,2026-06-12 15:07:40+00:00,145.0,0.33,0.0,0.0,0.0,0.0,250.0,246,0.500005,False,REGULAR,USD,MU,put,2026-07-24,0.09863013698630137,0.33,3.3673691094165047e-38,0.0,-9.014727690167423e-30,1043.18994140625,0.021973756246363108,2026-06-18
MU260724P00150000,2026-06-12 14:46:17+00:00,150.0,0.37,0.0,0.0,0.0,0.0,377.0,293,0.500005,False,REGULAR,USD,MU,put,2026-07-24,0.09863013698630137,0.37,5.071576076110076e-37,0.0,-1.6171017481509836e-28,1043.18994140625,0.021973756246363108,2026-06-18
MU260724P00155000,2026-06-12 14:09:30+00:00,155.0,0.25,0.0,0.0,0.0,0.0,0.0,150,0.500005,False,REGULAR,USD,MU,put,2026-07-24,0.09863013698630137,0.25,6.685167733449935e-36,0.0,-1.0912653085688864e-27,1043.18994140625,0.021973756246363108,2026-06-18
MU260724P00180000,2026-06-16 15:38:56+00:00,180.0,0.25,0.0,0.0,0.0,0.0,3.0,3,0.500005,False,REGULAR,USD,MU,put,2026-07-24,0.09863013698630137,0.25,4.92530031664369e-31,0.0,-1.6079804080137562e-24,1043.18994140625,0.021973756246363108,2026-06-18
MU260724P00195000,2026-06-16 14:21:23+00:00,195.0,1.07,0.0,0.0,0.0,0.0,1.0,0,0.500005,False,REGULAR,USD,MU,put,2026-07-24,0.09863013698630137,1.07,1.3678324418296442e-28,0.0,-0.0,1043.18994140625,0.021973756246363108,2026-06-18
MU260724P00205000,2026-06-15 16:07:54+00:00,205.0,0.88,0.0,0.0,0.0,0.0,10.0,10,0.500005,False,REGULAR,USD,MU,put,2026-07-24,0.09863013698630137,0.88,4.031899066678129e-27,0.0,-4.3876950233194573e-20,1043.18994140625,0.021973756246363108,2026-06-18
MU260724P00240000,2026-06-09 16:06:51+00:00,240.0,0.73,0.0,0.0,0.0,0.0,0.0,2,0.500005,False,REGULAR,USD,MU,put,2026-07-24,0.09863013698630137,0.73,8.891071469024385e-23,0.0,-1.935133265563477e-16,1043.18994140625,0.021973756246363108,2026-06-18
MU260724P00250000,2026-06-05 16:59:59+00:00,250.0,0.95,0.0,0.0,0.0,0.0,20.0,10,0.500005,False,REGULAR,USD,MU,put,2026-07-24,0.09863013698630137,0.95,1.0056735056954166e-21,0.0,-1.0944194194969102e-14,1043.18994140625,0.021973756246363108,2026-06-18
MU260724P00260000,2026-06-16 15:59:02+00:00,260.0,0.68,0.0,0.0,0.0,0.0,1.0,292,0.500005,False,REGULAR,USD,MU,put,2026-07-24,0.09863013698630137,0.68,9.704858512664201e-21,0.0,-3.083889734985566e-12,1043.18994140625,0.021973756246363108,2026-06-18
MU260724P00270000,2026-06-12 19:36:59+00:00,270.0,1.23,0.0,0.0,0.0,0.0,1.0,6,0.500005,False,REGULAR,USD,MU,put,2026-07-24,0.09863013698630137,1.23,8.10553904504609e-20,0.0,-5.292488637406078e-13,1043.18994140625,0.021973756246363108,2026-06-18
MU260724P00275000,2026-06-12 19:36:37+00:00,275.0,1.26,0.0,0.0,0.0,0.0,0.0,1,0.500005,False,REGULAR,USD,MU,put,2026-07-24,0.09863013698630137,1.26,2.2278655193869755e-19,0.0,-2.4244640776915596e-13,1043.18994140625,0.021973756246363108,2026-06-18
MU260724P00280000,2026-06-09 16:52:59+00:00,280.0,1.4,0.0,0.0,0.0,0.0,1.0,5,0.500005,False,REGULAR,USD,MU,put,2026-07-24,0.09863013698630137,1.4,5.933528759960077e-19,0.0,-3.2285672558080017e-12,1043.18994140625,0.021973756246363108,2026-06-18
MU260724P00285000,2026-06-11 18:17:38+00:00,285.0,1.37,0.0,0.0,0.0,0.0,0.0,2,0.500005,False,REGULAR,USD,MU,put,2026-07-24,0.09863013698630137,1.37,1.5333446226209917e-18,0.0,-3.3373100161710316e-12,1043.18994140625,0.021973756246363108,2026-06-18
MU260724P00290000,2026-06-16 15:29:30+00:00,290.0,0.85,0.0,0.0,0.0,0.0,32.0,255,0.500005,False,REGULAR,USD,MU,put,2026-07-24,0.09863013698630137,0.85,3.849645369788157e-18,-1.1102230246251565e-16,-1.0682863671839393e-09,1043.18994140625,0.021973756246363108,2026-06-18
MU260724P00300000,2026-06-17 19:07:38+00:00,300.0,0.8,0.0,0.0,0.0,0.0,3.0,215,0.500005,False,REGULAR,USD,MU,put,2026-07-24,0.09863013698630137,0.8,2.235610839407734e-17,-4.440892098500626e-16,-5.230719703703973e-09,1043.18994140625,0.021973756246363108,2026-06-18
MU260724P00305000,2026-06-05 14:01:49+00:00,305.0,2.68,0.0,0.0,0.0,0.0,2.0,2,0.500005,False,REGULAR,USD,MU,put,2026-07-24,0.09863013698630137,2.68,5.182569395350766e-17,-9.992007221626409e-16,-1.1279813094489655e-10,1043.18994140625,0.021973756246363108,2026-06-18
MU260724P00320000,2026-06-17 13:34:48+00:00,320.0,1.46,0.0,0.0,0.0,0.0,402.0,406,0.500005,False,REGULAR,USD,MU,put,2026-07-24,0.09863013698630137,1.46,5.595399782551195e-16,-1.176836406102666e-14,-2.4722019062450613e-07,1043.18994140625,0.021973756246363108,2026-06-18
MU260724P00325000,2026-06-05 14:03:25+00:00,325.0,2.31,0.0,0.0,0.0,0.0,2.0,2,0.500005,False,REGULAR,USD,MU,put,2026-07-24,0.09863013698630137,2.31,1.1826346534911268e-15,-2.531308496145357e-14,-2.5739930974032963e-09,1043.18994140625,0.021973756246363108,2026-06-18
MU260724P00330000,2026-06-05 14:01:49+00:00,330.0,2.99,0.0,0.0,0.0,0.0,2.0,2,0.500005,False,REGULAR,USD,MU,put,2026-07-24,0.09863013698630137,2.99,2.4477693033068778e-15,-5.306866057708248e-14,-5.327546653692615e-09,1043.18994140625,0.021973756246363108,2026-06-18
MU260724P00340000,2026-06-17 19:54:01+00:00,340.0,1.37,0.0,0.0,0.0,0.0,24.0,667,0.500005,False,REGULAR,USD,MU,put,2026-07-24,0.09863013698630137,1.37,9.87726014425168e-15,-2.1938006966593093e-13,-7.1695039425145215e-06,1043.18994140625,0.021973756246363108,2026-06-18
MU260724P00345000,2026-06-10 18:53:58+00:00,345.0,2.62,0.0,0.0,0.0,0.0,0.0,20,0.500005,False,REGULAR,USD,MU,put,2026-07-24,0.09863013698630137,2.62,1.928432186583587e-14,-4.3365311341858614e-13,-4.1972143488468654e-07,1043.18994140625,0.021973756246363108,2026-06-18
MU260724P00350000,2026-06-12 19:51:40+00:00,350.0,2.66,0.0,0.0,0.0,0.0,72.0,508,0.500005,False,REGULAR,USD,MU,put,2026-07-24,0.09863013698630137,2.66,3.6975852526009914e-14,-8.418821195732562e-13,-2.044130837741389e-05,1043.18994140625,0.021973756246363108,2026-06-18
MU260724P00360000,2026-06-09 14:10:22+00:00,360.0,1.9,0.0,0.0,0.0,0.0,4.0,196,0.500005,False,REGULAR,USD,MU,put,2026-07-24,0.09863013698630137,1.9,1.290829681145243e-13,-3.0125901773203623e-12,-2.7532889771116117e-05,1043.18994140625,0.021973756246363108,2026-06-18
MU260724P00365000,2026-06-08 16:12:59+00:00,365.0,2.24,0.0,0.0,0.0,0.0,2.0,1,0.500005,False,REGULAR,USD,MU,put,2026-07-24,0.09863013698630137,2.24,2.3529726347421586e-13,-5.559774862717859e-12,-2.560611302199849e-07,1043.18994140625,0.021973756246363108,2026-06-18
MU260724P00370000,2026-06-08 14:23:28+00:00,370.0,2.39,0.0,0.0,0.0,0.0,5.0,68,0.500005,False,REGULAR,USD,MU,put,2026-07-24,0.09863013698630137,2.39,4.2221559370265494e-13,-1.0100253966527362e-11,-3.124423988452319e-05,1043.18994140625,0.021973756246363108,2026-06-18
MU260724P00375000,2026-06-15 14:24:37+00:00,375.0,2.15,0.0,0.0,0.0,0.0,1.0,1,0.500005,False,REGULAR,USD,MU,put,2026-07-24,0.09863013698630137,2.15,7.461880179785429e-13,-1.8071322216428598e-11,-8.120355690457649e-07,1043.18994140625,0.021973756246363108,2026-06-18
MU260724P00380000,2026-06-12 14:14:45+00:00,380.0,3.25,0.0,0.0,0.0,0.0,40.0,21,0.500005,False,REGULAR,USD,MU,put,2026-07-24,0.09863013698630137,3.25,1.299498712831481e-12,-3.186073627148289e-11,-2.9697639439115986e-05,1043.18994140625,0.021973756246363108,2026-06-18
MU260724P00385000,2026-06-12 19:50:56+00:00,385.0,3.46,0.0,0.0,0.0,0.0,0.0,1,0.500005,False,REGULAR,USD,MU,put,2026-07-24,0.09863013698630137,3.46,2.2311274909018414e-12,-5.5377813446000346e-11,-2.4280139027108103e-06,1043.18994140625,0.021973756246363108,2026-06-18
MU260724P00390000,2026-06-17 14:58:20+00:00,390.0,3.05,0.0,0.0,0.0,0.0,3.0,80,0.500005,False,REGULAR,USD,MU,put,2026-07-24,0.09863013698630137,3.05,3.77826294571665e-12,-9.49352818579996e-11,-0.0003289341374782324,1043.18994140625,0.021973756246363108,2026-06-18
MU260724P00395000,2026-06-16 17:46:05+00:00,395.0,1.8,0.0,0.0,0.0,0.0,2.0,2,0.500005,False,REGULAR,USD,MU,put,2026-07-24,0.09863013698630137,1.8,6.313482385154327e-12,-1.605916510882821e-10,-1.3741234481834388e-05,1043.18994140625,0.021973756246363108,2026-06-18
MU260724P00400000,2026-06-15 13:55:05+00:00,400.0,2.89,0.0,0.0,0.0,0.0,2.0,64,0.500005,False,REGULAR,USD,MU,put,2026-07-24,0.09863013698630137,2.89,1.0414451919855038e-11,-2.681662669701268e-10,-0.0007253425838875845,1043.18994140625,0.021973756246363108,2026-06-18
MU260724P00405000,2026-06-05 19:14:36+00:00,405.0,3.7,0.0,0.0,0.0,0.0,64.0,64,0.500005,False,REGULAR,USD,MU,put,2026-07-24,0.09863013698630137,3.7,1.6965572121419535e-11,-4.4222736583776623e-10,-0.001181613013760296,1043.18994140625,0.021973756246363108,2026-06-18
MU260724P00410000,2026-06-12 15:48:45+00:00,410.0,4.0,0.0,0.0,0.0,0.0,9.0,20,0.500005,False,REGULAR,USD,MU,put,2026-07-24,0.09863013698630137,4.0,2.7304359089572537e-11,-7.204686847117614e-10,-0.0005942767837735102,1043.18994140625,0.021973756246363108,2026-06-18
MU260724P00415000,2026-06-15 19:50:57+00:00,415.0,3.17,0.0,0.0,0.0,0.0,1.0,95,0.500005,False,REGULAR,USD,MU,put,2026-07-24,0.09863013698630137,3.17,4.3429689653305374e-11,-1.1600401750300193e-09,-0.004489904595936712,1043.18994140625,0.021973756246363108,2026-06-18
MU260724P00420000,2026-06-12 13:43:38+00:00,420.0,4.47,0.0,0.0,0.0,0.0,2.0,398,0.500005,False,REGULAR,USD,MU,put,2026-07-24,0.09863013698630137,4.47,6.829455700619735e-11,-1.8466029816366358e-09,-0.02957984855529339,1043.18994140625,0.021973756246363108,2026-06-18
MU260724P00425000,2026-06-17 14:17:44+00:00,425.0,2.3,0.0,0.0,0.0,0.0,1.0,334,0.500005,False,REGULAR,USD,MU,put,2026-07-24,0.09863013698630137,2.3,1.0621290247966977e-10,-2.907129981188916e-09,-0.038605619465100285,1043.18994140625,0.021973756246363108,2026-06-18
MU260724P00430000,2026-06-11 15:16:02+00:00,430.0,4.8,0.0,0.0,0.0,0.0,1.0,339,0.500005,False,REGULAR,USD,MU,put,2026-07-24,0.09863013698630137,4.8,1.6341864703729237e-10,-4.527805463894197e-09,-0.0602876132228696,1043.18994140625,0.021973756246363108,2026-06-18
MU260724P00435000,2026-06-05 19:14:38+00:00,435.0,4.8,0.0,0.0,0.0,0.0,285.0,285,0.500005,False,REGULAR,USD,MU,put,2026-07-24,0.09863013698630137,4.8,2.4882548470632297e-10,-6.978786548650362e-09,-0.07717319853912914,1043.18994140625,0.021973756246363108,2026-06-18
MU260724P00440000,2026-06-17 19:57:55+00:00,440.0,2.81,0.0,0.0,0.0,0.0,1.0,83,0.500005,False,REGULAR,USD,MU,put,2026-07-24,0.09863013698630137,2.81,3.750485568864301e-10,-1.0648097736876139e-08,-0.03387601939561738,1043.18994140625,0.021973756246363108,2026-06-18
MU260724P00445000,2026-06-15 15:14:41+00:00,445.0,3.8,0.0,0.0,0.0,0.0,2.0,135,0.500005,False,REGULAR,USD,MU,put,2026-07-24,0.09863013698630137,3.8,5.597640203268349e-10,-1.608756006188372e-08,-0.08223667268363968,1043.18994140625,0.021973756246363108,2026-06-18
MU260724P00450000,2026-06-17 17:09:16+00:00,450.0,2.71,0.0,0.0,0.0,0.0,4.0,121,0.500005,False,REGULAR,USD,MU,put,2026-07-24,0.09863013698630137,2.71,8.274999371897185e-10,-2.4074411131280726e-08,-0.10896326838427169,1043.18994140625,0.021973756246363108,2026-06-18
MU260724P00455000,2026-06-15 13:40:29+00:00,455.0,3.88,0.0,0.0,0.0,0.0,1.0,61,0.500005,False,REGULAR,USD,MU,put,2026-07-24,0.09863013698630137,3.88,1.2119719847099331e-09,-3.5693179301077294e-08,-0.08045428836983161,1043.18994140625,0.021973756246363108,2026-06-18
MU260724P00460000,2026-06-15 15:08:27+00:00,460.0,4.17,0.0,0.0,0.0,0.0,2.0,169,0.500005,False,REGULAR,USD,MU,put,2026-07-24,0.09863013698630137,4.17,1.7591002626577069e-09,-5.2443449694017374e-08,-0.32352219450866726,1043.18994140625,0.021973756246363108,2026-06-18
MU260724P00465000,2026-06-09 17:46:53+00:00,465.0,7.14,0.0,0.0,0.0,0.0,2.0,6,0.500005,False,REGULAR,USD,MU,put,2026-07-24,0.09863013698630137,7.14,2.5308689317577732e-09,-7.638040933066748e-08,-0.016525236618628744,1043.18994140625,0.021973756246363108,2026-06-18
MU260724P00470000,2026-06-16 17:07:02+00:00,470.0,3.5,0.0,0.0,0.0,0.0,1.0,8,0.500005,False,REGULAR,USD,MU,put,2026-07-24,0.09863013698630137,3.5,3.6102183901768744e-09,-1.1029649904514827e-07,-0.031430424227809714,1043.18994140625,0.021973756246363108,2026-06-18
MU260724P00475000,2026-06-15 16:24:17+00:00,475.0,3.97,0.0,0.0,0.0,0.0,8.0,16,0.500005,False,REGULAR,USD,MU,put,2026-07-24,0.09863013698630137,3.97,5.107189893292713e-09,-1.579541476504076e-07,-0.08892600259027977,1043.18994140625,0.021973756246363108,2026-06-18
MU260724P00480000,2026-06-16 15:57:26+00:00,480.0,3.95,0.0,0.0,0.0,0.0,2.0,13,0.500005,False,REGULAR,USD,MU,put,2026-07-24,0.09863013698630137,3.95,7.166574489877441e-09,-2.243814012370393e-07,-0.10138687877474042,1043.18994140625,0.021973756246363108,2026-06-18
MU260724P00485000,2026-06-09 17:47:06+00:00,485.0,8.45,0.0,0.0,0.0,0.0,4.0,3,0.500005,False,REGULAR,USD,MU,put,2026-07-24,0.09863013698630137,8.45,9.977351255260489e-09,-3.162443088511324e-07,-0.03257341544862989,1043.18994140625,0.021973756246363108,2026-06-18
MU260724P00490000,2026-06-17 16:09:01+00:00,490.0,3.6,0.0,0.0,0.0,0.0,3.0,21,0.500005,False,REGULAR,USD,MU,put,2026-07-24,0.09863013698630137,3.6,1.3784233230930516e-08,-4.42312156567759e-07,-0.31501315422229353,1043.18994140625,0.021973756246363108,2026-06-18
MU260724P00495000,2026-06-10 14:15:38+00:00,495.0,8.4,0.0,0.0,0.0,0.0,0.0,3,0.500005,False,REGULAR,USD,MU,put,2026-07-24,0.09863013698630137,8.4,1.8901672218995562e-08,-6.140340464977356e-07,-0.06170896524651761,1043.18994140625,0.021973756246363108,2026-06-18
MU260724P00500000,2026-06-17 17:49:14+00:00,500.0,3.9,0.0,0.0,0.0,0.0,4.0,91,0.500005,False,REGULAR,USD,MU,put,2026-07-24,0.09863013698630137,3.9,2.5730704426130138e-08,-8.462478587878408e-07,-2.5481198442685034,1043.18994140625,0.021973756246363108,2026-06-18
MU260724P00505000,2026-06-12 14:12:57+00:00,505.0,8.05,0.0,0.0,0.0,0.0,2.0,2,0.500005,False,REGULAR,USD,MU,put,2026-07-24,0.09863013698630137,8.05,3.4779046521395344e-08,-1.158045284888054e-06,-0.07569626462075543,1043.18994140625,0.021973756246363108,2026-06-18
MU260724P00510000,2026-06-10 19:48:59+00:00,510.0,10.8,0.0,0.0,0.0,0.0,1.0,12,0.500005,False,REGULAR,USD,MU,put,2026-07-24,0.09863013698630137,10.8,4.668487442109145e-08,-1.57381931287226e-06,-0.6096551161846908,1043.18994140625,0.021973756246363108,2026-06-18
MU260724P00515000,2026-06-16 15:29:11+00:00,515.0,6.23,0.0,0.0,0.0,0.0,2.0,100,0.500005,False,REGULAR,USD,MU,put,2026-07-24,0.09863013698630137,6.23,6.224473336623687e-08,-2.1245232368904965e-06,-6.773753566303917,1043.18994140625,0.021973756246363108,2026-06-18
MU260724P00520000,2026-06-16 13:32:48+00:00,520.0,4.33,0.0,0.0,0.0,0.0,2.0,18,0.500005,False,REGULAR,USD,MU,put,2026-07-24,0.09863013698630137,4.33,8.244603584827747e-08,-2.8491728655266613e-06,-1.6149871297931728,1043.18994140625,0.021973756246363108,2026-06-18
MU260724P00525000,2026-06-16 15:01:47+00:00,525.0,5.2,0.0,0.0,0.0,0.0,2.0,14,0.500005,False,REGULAR,USD,MU,put,2026-07-24,0.09863013698630137,5.2,1.0850460185913856e-07,-3.79662603400277e-06,-1.6531146519190654,1043.18994140625,0.021973756246363108,2026-06-18
MU260724P00530000,2026-06-15 14:58:37+00:00,530.0,6.1,0.0,0.0,0.0,0.0,2.0,31,0.500005,False,REGULAR,USD,MU,put,2026-07-24,0.09863013698630137,6.1,1.4190768200306333e-07,-5.027675705204793e-06,-4.787341204170521,1043.18994140625,0.021973756246363108,2026-06-18
MU260724P00535000,2026-06-09 17:46:51+00:00,535.0,12.85,0.0,0.0,0.0,0.0,0.0,11,0.500005,False,REGULAR,USD,MU,put,2026-07-24,0.09863013698630137,12.85,1.8446287650353954e-07,-6.617494745952968e-06,-2.2081493485338366,1043.18994140625,0.021973756246363108,2026-06-18
MU260724P00540000,2026-06-17 13:50:23+00:00,540.0,5.75,0.0,0.0,0.0,0.0,1.0,18,0.500005,False,REGULAR,USD,MU,put,2026-07-24,0.09863013698630137,5.75,2.383533205169331e-07,-8.658471803091317e-06,-4.668963656259968,1043.18994140625,0.021973756246363108,2026-06-18
MU260724P00545000,2026-06-17 13:49:33+00:00,545.0,6.0,0.0,0.0,0.0,0.0,1.0,27,0.500005,False,REGULAR,USD,MU,put,2026-07-24,0.09863013698630137,6.0,3.061994471021958e-07,-1.1263478449818898e-05,-8.996942566102103,1043.18994140625,0.021973756246363108,2026-06-18
MU260724P00550000,2026-06-17 19:41:45+00:00,550.0,5.82,0.0,0.0,0.0,0.0,13.0,104,0.500005,False,REGULAR,USD,MU,put,2026-07-24,0.09863013698630137,5.82,3.9112756267322717e-07,-1.456960782264538e-05,-44.26684222786984,1043.18994140625,0.021973756246363108,2026-06-18
MU260724P00555000,2026-06-17 17:41:56+00:00,555.0,5.75,0.0,0.0,0.0,0.0,5.0,93,0.2500075,False,REGULAR,USD,MU,put,2026-07-24,0.09863013698630137,5.75,2.2154777067237896e-17,-2.220446049250313e-16,-2.2422142824003825e-09,1043.18994140625,0.021973756246363108,2026-06-18
MU260724P00560000,2026-06-17 17:24:51+00:00,560.0,6.0,0.0,0.0,0.0,0.0,3.0,62,0.2500075,False,REGULAR,USD,MU,put,2026-07-24,0.09863013698630137,6.0,5.569294709194173e-17,-5.551115123125783e-16,-3.757670291438992e-09,1043.18994140625,0.021973756246363108,2026-06-18
MU260724P00565000,2026-06-17 13:48:32+00:00,565.0,6.93,0.0,0.0,0.0,0.0,2.0,7,0.2500075,False,REGULAR,USD,MU,put,2026-07-24,0.09863013698630137,6.93,1.370828607417884e-16,-1.4432899320127035e-15,-1.0442584081061497e-09,1043.18994140625,0.021973756246363108,2026-06-18
MU260724P00570000,2026-06-17 15:18:27+00:00,570.0,7.0,0.0,0.0,0.0,0.0,3.0,241,0.2500075,False,REGULAR,USD,MU,put,2026-07-24,0.09863013698630137,7.0,3.3054191740007365e-16,-3.4416913763379853e-15,-8.669027214708884e-08,1043.18994140625,0.021973756246363108,2026-06-18
MU260724P00575000,2026-06-17 13:34:30+00:00,575.0,7.48,0.0,0.0,0.0,0.0,1.0,32,0.2500075,False,REGULAR,USD,MU,put,2026-07-24,0.09863013698630137,7.48,7.811496937752593e-16,-8.215650382226158e-15,-2.72026382975432e-08,1043.18994140625,0.021973756246363108,2026-06-18
MU260724P00580000,2026-06-17 13:34:24+00:00,580.0,7.72,0.0,0.0,0.0,0.0,2.0,50,0.2500075,False,REGULAR,USD,MU,put,2026-07-24,0.09863013698630137,7.72,1.810106513650245e-15,-1.9317880628477724e-14,-9.849199112224885e-08,1043.18994140625,0.021973756246363108,2026-06-18
MU260724P00585000,2026-06-17 13:36:36+00:00,585.0,7.9,0.0,0.0,0.0,0.0,2.0,10,0.2500075,False,REGULAR,USD,MU,put,2026-07-24,0.09863013698630137,7.9,4.114603997404992e-15,-4.440892098500626e-14,-4.477698271653057e-08,1043.18994140625,0.021973756246363108,2026-06-18
MU260724P00590000,2026-06-17 14:00:24+00:00,590.0,8.6,0.0,0.0,0.0,0.0,5.0,13,0.2500075,False,REGULAR,USD,MU,put,2026-07-24,0.09863013698630137,8.6,9.17893394870093e-15,-1.0047518372857667e-13,-1.2985610696613378e-07,1043.18994140625,0.021973756246363108,2026-06-18
MU260724P00595000,2026-06-17 14:03:39+00:00,595.0,8.9,0.0,0.0,0.0,0.0,11.0,12,0.2500075,False,REGULAR,USD,MU,put,2026-07-24,0.09863013698630137,8.9,2.0103770465475377e-14,-2.2326585025211898e-13,-2.6253399352280413e-07,1043.18994140625,0.021973756246363108,2026-06-18
MU260724P00600000,2026-06-17 19:58:43+00:00,600.0,9.11,0.0,0.0,0.0,0.0,18.0,198,0.2500075,False,REGULAR,USD,MU,put,2026-07-24,0.09863013698630137,9.11,4.324733866810893e-14,-4.872768855079812e-13,-9.31861478735826e-06,1043.18994140625,0.021973756246363108,2026-06-18
MU260724P00605000,2026-06-17 14:03:46+00:00,605.0,9.55,0.0,0.0,0.0,0.0,25.0,50,0.2500075,False,REGULAR,USD,MU,put,2026-07-24,0.09863013698630137,9.55,9.141307488660034e-14,-1.0449419107771973e-12,-4.973992244264244e-06,1043.18994140625,0.021973756246363108,2026-06-18
MU260724P00610000,2026-06-17 14:04:07+00:00,610.0,9.9,0.0,0.0,0.0,0.0,3.0,165,0.2500075,False,REGULAR,USD,MU,put,2026-07-24,0.09863013698630137,9.9,1.8992839163931802e-13,-2.2026824808563106e-12,-3.410363067755739e-05,1043.18994140625,0.021973756246363108,2026-06-18
MU260724P00615000,2026-06-17 14:03:54+00:00,615.0,10.35,0.0,0.0,0.0,0.0,4.0,97,0.2500075,False,REGULAR,USD,MU,put,2026-07-24,0.09863013698630137,10.35,3.8802971387207635e-13,-4.566125255678344e-12,-4.0960334964028114e-05,1043.18994140625,0.021973756246363108,2026-06-18
MU260724P00620000,2026-06-17 14:04:12+00:00,620.0,10.8,0.0,0.0,0.0,0.0,5.0,33,0.2500075,False,REGULAR,USD,MU,put,2026-07-24,0.09863013698630137,10.8,7.798120428698515e-13,-9.311662552136113e-12,-2.8004682900120473e-05,1043.18994140625,0.021973756246363108,2026-06-18
MU260724P00625000,2026-06-17 13:30:53+00:00,625.0,9.63,0.0,0.0,0.0,0.0,1.0,37,0.2500075,False,REGULAR,USD,MU,put,2026-07-24,0.09863013698630137,9.63,1.5421148494795753e-12,-1.868749599509556e-11,-6.209336913606399e-05,1043.18994140625,0.021973756246363108,2026-06-18
MU260724P00630000,2026-06-17 16:41:44+00:00,630.0,10.32,0.0,0.0,0.0,0.0,2.0,33,0.2500075,False,REGULAR,USD,MU,put,2026-07-24,0.09863013698630137,10.32,3.001878230699901e-12,-3.691991157239727e-11,-0.00010780373132754492,1043.18994140625,0.021973756246363108,2026-06-18
MU260724P00635000,2026-06-17 18:21:07+00:00,635.0,10.6,0.0,0.0,0.0,0.0,16.0,48,0.2500075,False,REGULAR,USD,MU,put,2026-07-24,0.09863013698630137,10.6,5.7539046971262896e-12,-7.182998640331562e-11,-0.00030055965493246416,1043.18994140625,0.021973756246363108,2026-06-18
MU260724P00640000,2026-06-16 15:24:44+00:00,640.0,11.85,0.0,0.0,0.0,0.0,4.0,93,0.2500075,False,REGULAR,USD,MU,put,2026-07-24,0.09863013698630137,11.85,1.0863386585097193e-11,-1.3766587869668e-10,-0.001099448686954377,1043.18994140625,0.021973756246363108,2026-06-18
MU260724P00645000,2026-06-16 14:29:58+00:00,645.0,10.75,0.0,0.0,0.0,0.0,1.0,74,0.2500075,False,REGULAR,USD,MU,put,2026-07-24,0.09863013698630137,10.75,2.0208622963469737e-11,-2.5999113972829946e-10,-0.0016274034139879224,1043.18994140625,0.021973756246363108,2026-06-18
MU260724P00650000,2026-06-17 19:50:17+00:00,650.0,12.51,0.0,0.0,0.0,0.0,12.0,149,0.2500075,False,REGULAR,USD,MU,put,2026-07-24,0.09863013698630137,12.51,3.7051807151005304e-11,-4.839904033104858e-10,-0.006007896538524894,1043.18994140625,0.021973756246363108,2026-06-18
MU260724P00655000,2026-06-16 17:10:59+00:00,655.0,14.0,0.0,0.0,0.0,0.0,1.0,22,0.2500075,False,REGULAR,USD,MU,put,2026-07-24,0.09863013698630137,14.0,6.697488595461152e-11,-8.883631608114229e-10,-0.0016034722388812539,1043.18994140625,0.021973756246363108,2026-06-18
MU260724P00660000,2026-06-16 13:53:18+00:00,660.0,12.38,0.0,0.0,0.0,0.0,1.0,39,0.2500075,False,REGULAR,USD,MU,put,2026-07-24,0.09863013698630137,12.38,1.19390504436826e-10,-1.608224220461807e-09,-0.005067119842522671,1043.18994140625,0.021973756246363108,2026-06-18
MU260724P00665000,2026-06-17 13:55:58+00:00,665.0,14.8,0.0,0.0,0.0,0.0,1.0,20,0.2500075,False,REGULAR,USD,MU,put,2026-07-24,0.09863013698630137,14.8,2.0994464436445688e-10,-2.872289517341642e-09,-0.004569425256021863,1043.18994140625,0.021973756246363108,2026-06-18
MU260724P00670000,2026-06-17 14:51:54+00:00,670.0,15.09,0.0,0.0,0.0,0.0,1.0,58,0.2500075,False,REGULAR,USD,MU,put,2026-07-24,0.09863013698630137,15.09,3.6428040802153253e-10,-5.062388952481456e-09,-0.02299273265582334,1043.18994140625,0.021973756246363108,2026-06-18
MU260724P00675000,2026-06-17 18:19:28+00:00,675.0,13.69,0.0,0.0,0.0,0.0,14.0,59,0.2500075,False,REGULAR,USD,MU,put,2026-07-24,0.09863013698630137,13.69,6.238476248337169e-10,-8.807356066675709e-09,-0.04005505379424564,1043.18994140625,0.021973756246363108,2026-06-18
MU260724P00680000,2026-06-17 18:19:28+00:00,680.0,14.3,0.0,0.0,0.0,0.0,11.0,31,0.2500075,False,REGULAR,USD,MU,put,2026-07-24,0.09863013698630137,14.3,1.0547405383799113e-09,-1.5129077879372232e-08,-0.035582307933027524,1043.18994140625,0.021973756246363108,2026-06-18
MU260724P00685000,2026-06-17 18:19:28+00:00,685.0,14.73,0.0,0.0,0.0,0.0,20.0,32,0.2500075,False,REGULAR,USD,MU,put,2026-07-24,0.09863013698630137,14.73,1.7609497270148456e-09,-2.5666548109093412e-08,-0.06132304584622172,1043.18994140625,0.021973756246363108,2026-06-18
MU260724P00690000,2026-06-17 18:44:20+00:00,690.0,14.6,0.0,0.0,0.0,0.0,36.0,82,0.2500075,False,REGULAR,USD,MU,put,2026-07-24,0.09863013698630137,14.6,2.903952358773806e-09,-4.301491307590055e-08,-0.25913741449133265,1043.18994140625,0.021973756246363108,2026-06-18
MU260724P00695000,2026-06-16 17:47:49+00:00,695.0,18.93,0.0,0.0,0.0,0.0,4.0,61,0.2500075,False,REGULAR,USD,MU,put,2026-07-24,0.09863013698630137,18.93,4.7312676483742365e-09,-7.123165246536445e-08,-0.3140755533456153,1043.18994140625,0.021973756246363108,2026-06-18
MU260724P00700000,2026-06-17 19:18:59+00:00,700.0,15.75,0.0,0.0,0.0,0.0,24.0,139,0.2500075,False,REGULAR,USD,MU,put,2026-07-24,0.09863013698630137,15.75,7.617504316077607e-09,-1.165822929305449e-07,-1.1522700956245593,1043.18994140625,0.021973756246363108,2026-06-18
MU260724P00705000,2026-06-17 18:50:44+00:00,705.0,16.99,0.0,0.0,0.0,0.0,15.0,27,0.2500075,False,REGULAR,USD,MU,put,2026-07-24,0.09863013698630137,16.99,1.2122555522139608e-08,-1.8862466588664972e-07,-0.3561924648109262,1043.18994140625,0.021973756246363108,2026-06-18
MU260724P00710000,2026-06-17 19:52:18+00:00,710.0,18.67,0.0,0.0,0.0,0.0,4.0,41,0.2500075,False,REGULAR,USD,MU,put,2026-07-24,0.09863013698630137,18.67,1.9072981586270167e-08,-3.0176508292178994e-07,-0.8509993492100242,1043.18994140625,0.021973756246363108,2026-06-18
MU260724P00715000,2026-06-17 18:19:39+00:00,715.0,18.05,0.0,0.0,0.0,0.0,2.0,30,0.2500075,False,REGULAR,USD,MU,put,2026-07-24,0.09863013698630137,18.05,2.9674280530557187e-08,-4.774633637349979e-07,-0.9687868484648158,1043.18994140625,0.021973756246363108,2026-06-18
MU260724P00720000,2026-06-17 19:53:02+00:00,720.0,21.35,0.0,0.0,0.0,0.0,26.0,69,0.2500075,False,REGULAR,USD,MU,put,2026-07-24,0.09863013698630137,21.35,4.566368547636517e-08,-7.473178740280417e-07,-3.4288369405174994,1043.18994140625,0.021973756246363108,2026-06-18
MU260724P00725000,2026-06-17 17:15:45+00:00,725.0,20.04,0.0,0.0,0.0,0.0,4.0,25,0.2500075,False,REGULAR,USD,MU,put,2026-07-24,0.09863013698630137,20.04,6.951532950180271e-08,-1.157327911172068e-06,-1.891243185005935,1043.18994140625,0.021973756246363108,2026-06-18
MU260724P00730000,2026-06-17 19:58:02+00:00,730.0,22.7,0.0,0.0,0.0,0.0,148.0,96,0.2500075,False,REGULAR,USD,MU,put,2026-07-24,0.09863013698630137,22.7,1.047120375986088e-07,-1.7737099180514804e-06,-10.939428282026098,1043.18994140625,0.021973756246363108,2026-06-18
MU260724P00735000,2026-06-17 18:45:52+00:00,735.0,19.6,0.0,0.0,0.0,0.0,55.0,36,0.2500075,False,REGULAR,USD,MU,put,2026-07-24,0.09863013698630137,19.6,1.561005606608896e-07,-2.6907365959782936e-06,-6.115524993457941,1043.18994140625,0.021973756246363108,2026-06-18
MU260724P00740000,2026-06-17 16:45:24+00:00,740.0,22.54,0.0,0.0,0.0,0.0,28.0,93,0.2500075,False,REGULAR,USD,MU,put,2026-07-24,0.09863013698630137,22.54,2.3034963359905634e-07,-4.041173761848427e-06,-23.312951280619313,1043.18994140625,0.021973756246363108,2026-06-18
MU260724P00745000,2026-06-17 18:45:52+00:00,745.0,20.59,0.0,0.0,0.0,0.0,40.0,74,0.2500075,False,REGULAR,USD,MU,put,2026-07-24,0.09863013698630137,20.59,3.365326453632388e-07,-6.010007450263366e-06,-27.101024002106882,1043.18994140625,0.021973756246363108,2026-06-18
MU260724P00750000,2026-06-17 19:21:44+00:00,750.0,22.07,0.0,0.0,0.0,0.0,44.0,236,0.2500075,False,REGULAR,USD,MU,put,2026-07-24,0.09863013698630137,22.07,4.868587273057574e-07,-8.852280707460913e-06,-125.03792103161736,1043.18994140625,0.021973756246363108,2026-06-18
MU260724P00755000,2026-06-16 13:52:51+00:00,755.0,23.12,0.0,0.0,0.0,0.0,1.0,116,0.2500075,False,REGULAR,USD,MU,put,2026-07-24,0.09863013698630137,23.12,6.975774204043925e-07,-1.2915991592254983e-05,-88.05969676606385,1043.18994140625,0.021973756246363108,2026-06-18
MU260724P00760000,2026-06-17 19:57:56+00:00,760.0,28.51,0.0,0.0,0.0,0.0,40.0,105,0.2500075,False,REGULAR,USD,MU,put,2026-07-24,0.09863013698630137,28.51,9.900824470134585e-07,-1.867113510511942e-05,-113.13251500779415,1043.18994140625,0.021973756246363108,2026-06-18
MU260724P00765000,2026-06-17 14:53:40+00:00,765.0,28.6,0.0,0.0,0.0,0.0,22.0,35,0.2500075,False,REGULAR,USD,MU,put,2026-07-24,0.09863013698630137,28.6,1.3922391285104647e-06,-2.6746094202612092e-05,-53.02841683395934,1043.18994140625,0.021973756246363108,2026-06-18
MU260724P00770000,2026-06-17 19:19:55+00:00,770.0,25.13,0.0,0.0,0.0,0.0,24.0,71,0.12500875,False,REGULAR,USD,MU,put,2026-07-24,0.09863013698630137,25.13,3.909446224640893e-16,-1.9984014443252818e-15,-3.0206497723978114e-08,1043.18994140625,0.021973756246363108,2026-06-18
MU260724P00775000,2026-06-17 19:06:58+00:00,775.0,25.5,0.0,0.0,0.0,0.0,4.0,82,0.12500875,False,REGULAR,USD,MU,put,2026-07-24,0.09863013698630137,25.5,1.4079712769130027e-15,-7.327471962526033e-15,-1.2564188089206704e-07,1043.18994140625,0.021973756246363108,2026-06-18
MU260724P00780000,2026-06-17 19:53:07+00:00,780.0,31.7,0.0,0.0,0.0,0.0,106.0,369,0.12500875,False,REGULAR,USD,MU,put,2026-07-24,0.09863013698630137,31.7,4.8955671834283766e-15,-2.6201263381153694e-14,-1.9658761905896585e-06,1043.18994140625,0.021973756246363108,2026-06-18
MU260724P00785000,2026-06-17 19:11:50+00:00,785.0,27.7,0.0,0.0,0.0,0.0,3.0,23,0.12500875,False,REGULAR,USD,MU,put,2026-07-24,0.09863013698630137,27.7,1.6444190642852682e-14,-8.981704269217516e-14,-4.115921856716918e-07,1043.18994140625,0.021973756246363108,2026-06-18
MU260724P00790000,2026-06-17 19:38:21+00:00,790.0,29.65,0.0,0.0,0.0,0.0,74.0,126,0.12500875,False,REGULAR,USD,MU,put,2026-07-24,0.09863013698630137,29.65,5.339317930866892e-14,-2.9809488211185453e-13,-7.32121412030615e-06,1043.18994140625,0.021973756246363108,2026-06-18
MU260724P00795000,2026-06-17 17:59:59+00:00,795.0,29.67,0.0,0.0,0.0,0.0,6.0,49,0.12500875,False,REGULAR,USD,MU,put,2026-07-24,0.09863013698630137,29.67,1.6767969162141745e-13,-9.5679020262196e-13,-8.941354800137574e-06,1043.18994140625,0.021973756246363108,2026-06-18
MU260724P00800000,2026-06-17 19:52:17+00:00,800.0,35.71,0.0,0.0,0.0,0.0,174.0,435,0.12500875,False,REGULAR,USD,MU,put,2026-07-24,0.09863013698630137,35.71,5.096223094575416e-13,-2.9728441930387817e-12,-0.0002412484158928724,1043.18994140625,0.021973756246363108,2026-06-18
MU260724P00805000,2026-06-17 19:49:28+00:00,805.0,35.64,0.0,0.0,0.0,0.0,4.0,139,0.12500875,False,REGULAR,USD,MU,put,2026-07-24,0.09863013698630137,35.64,1.4998090485131129e-12,-8.947509400059062e-12,-0.00022687025094311452,1043.18994140625,0.021973756246363108,2026-06-18
MU260724P00810000,2026-06-17 19:39:12+00:00,810.0,34.3,0.0,0.0,0.0,0.0,103.0,63,0.12500875,False,REGULAR,USD,MU,put,2026-07-24,0.09863013698630137,34.3,4.276455384096376e-12,-2.6099900019005418e-11,-0.00029319143332809876,1043.18994140625,0.021973756246363108,2026-06-18
MU260724P00815000,2026-06-17 19:38:20+00:00,815.0,34.75,0.0,0.0,0.0,0.0,4.0,99,0.12500875,False,REGULAR,USD,MU,put,2026-07-24,0.09863013698630137,34.75,1.1820284978837058e-11,-7.382949807066552e-11,-0.0012734735337113893,1043.18994140625,0.021973756246363108,2026-06-18
MU260724P00820000,2026-06-17 19:59:41+00:00,820.0,42.0,0.0,0.0,0.0,0.0,321.0,155,0.12500875,False,REGULAR,USD,MU,put,2026-07-24,0.09863013698630137,42.0,3.1688262626694186e-11,-2.0263413169629985e-10,-0.005345113217974876,1043.18994140625,0.021973756246363108,2026-06-18
MU260724P00825000,2026-06-17 18:24:18+00:00,825.0,38.95,0.0,0.0,0.0,0.0,13.0,128,0.12500875,False,REGULAR,USD,MU,put,2026-07-24,0.09863013698630137,38.95,8.243674779772611e-11,-5.399062308342195e-10,-0.011483059140326627,1043.18994140625,0.021973756246363108,2026-06-18
MU260724P00830000,2026-06-17 19:40:58+00:00,830.0,40.7,0.0,0.0,0.0,0.0,26.0,127,0.12500875,False,REGULAR,USD,MU,put,2026-07-24,0.09863013698630137,40.7,2.082168214397129e-10,-1.3972514256721524e-09,-0.028777052898375646,1043.18994140625,0.021973756246363108,2026-06-18
MU260724P00835000,2026-06-17 19:52:18+00:00,835.0,44.39,0.0,0.0,0.0,0.0,3.0,49,0.12500875,False,REGULAR,USD,MU,put,2026-07-24,0.09863013698630137,44.39,5.108568113351589e-10,-3.514022073325407e-09,-0.027240937516318568,1043.18994140625,0.021973756246363108,2026-06-18
MU260724P00840000,2026-06-17 19:00:21+00:00,840.0,40.12,0.0,0.0,0.0,0.0,79.0,67,0.12500875,False,REGULAR,USD,MU,put,2026-07-24,0.09863013698630137,40.12,1.2180980513284713e-09,-8.592646483229771e-09,-0.08881449134659947,1043.18994140625,0.021973756246363108,2026-06-18
MU260724P00845000,2026-06-17 19:00:17+00:00,845.0,40.85,0.0,0.0,0.0,0.0,2.0,66,0.12500875,False,REGULAR,USD,MU,put,2026-07-24,0.09863013698630137,40.85,2.8240461129014574e-09,-2.043886759839353e-08,-0.20283481541544351,1043.18994140625,0.021973756246363108,2026-06-18
MU260724P00850000,2026-06-17 19:45:10+00:00,850.0,46.0,0.0,0.0,0.0,0.0,58.0,192,0.12500875,False,REGULAR,USD,MU,put,2026-07-24,0.09863013698630137,46.0,6.368984975326336e-09,-4.7315682927262515e-08,-1.3307553928796796,1043.18994140625,0.021973756246363108,2026-06-18
MU260724P00855000,2026-06-17 18:59:23+00:00,855.0,43.1,0.0,0.0,0.0,0.0,22.0,57,0.12500875,False,REGULAR,USD,MU,put,2026-07-24,0.09863013698630137,43.1,1.3978988670776998e-08,-1.0665445648871952e-07,-0.8671163802529078,1043.18994140625,0.021973756246363108,2026-06-18
MU260724P00860000,2026-06-17 18:59:23+00:00,860.0,44.4,0.0,0.0,0.0,0.0,117.0,79,0.12500875,False,REGULAR,USD,MU,put,2026-07-24,0.09863013698630137,44.4,2.987324611365364e-08,-2.3419743122587988e-07,-2.5682440457246196,1043.18994140625,0.021973756246363108,2026-06-18
MU260724P00865000,2026-06-17 18:59:23+00:00,865.0,45.89,0.0,0.0,0.0,0.0,44.0,37,0.12500875,False,REGULAR,USD,MU,put,2026-07-24,0.09863013698630137,45.89,6.21842263323154e-08,-5.012041212060225e-07,-2.503852499310332,1043.18994140625,0.021973756246363108,2026-06-18
MU260724P00870000,2026-06-17 19:51:08+00:00,870.0,54.45,0.0,0.0,0.0,0.0,37.0,50,0.12500875,False,REGULAR,USD,MU,put,2026-07-24,0.09863013698630137,54.45,1.2614071943875145e-07,-1.0458595754991862e-06,-6.863601962329698,1043.18994140625,0.021973756246363108,2026-06-18
MU260724P00875000,2026-06-17 19:30:08+00:00,875.0,48.77,0.0,0.0,0.0,0.0,7.0,115,0.12500875,False,REGULAR,USD,MU,put,2026-07-24,0.09863013698630137,48.77,2.4945366760717573e-07,-2.1288842577682487e-06,-31.218678530366933,1043.18994140625,0.021973756246363108,2026-06-18
MU260724P00880000,2026-06-17 18:09:15+00:00,880.0,55.52,0.0,0.0,0.0,0.0,25.0,62,0.12500875,False,REGULAR,USD,MU,put,2026-07-24,0.09863013698630137,55.52,4.811301266692879e-07,-4.2290355600771434e-06,-32.46242976362538,1043.18994140625,0.021973756246363108,2026-06-18
MU260724P00885000,2026-06-17 18:44:19+00:00,885.0,52.95,0.0,0.0,0.0,0.0,5.0,53,0.12500875,False,REGULAR,USD,MU,put,2026-07-24,0.09863013698630137,52.95,9.054160611165642e-07,-8.202175558413849e-06,-52.221680757348516,1043.18994140625,0.021973756246363108,2026-06-18
MU260724P00890000,2026-06-17 18:52:54+00:00,890.0,51.95,0.0,0.0,0.0,0.0,165.0,125,0.12500875,False,REGULAR,USD,MU,put,2026-07-24,0.09863013698630137,51.95,1.663099365992017e-06,-1.5538186900254658e-05,-226.23249896546395,1043.18994140625,0.021973756246363108,2026-06-18
MU260724P00895000,2026-06-15 15:03:30+00:00,895.0,61.92,0.0,0.0,0.0,0.0,5.0,44,0.12500875,False,REGULAR,USD,MU,put,2026-07-24,0.09863013698630137,61.92,2.9829123401059284e-06,-2.8763236269546688e-05,-142.8301686580727,1043.18994140625,0.021973756246363108,2026-06-18
MU260724P00900000,2026-06-17 18:52:20+00:00,900.0,55.55,0.0,0.0,0.0,0.0,38.0,338,0.12500875,False,REGULAR,USD,MU,put,2026-07-24,0.09863013698630137,55.55,5.226123117881486e-06,-5.2050087637312004e-05,-1922.3086435278346,1043.18994140625,0.021973756246363108,2026-06-18
MU260724P00905000,2026-06-17 19:47:30+00:00,905.0,63.33,0.0,0.0,0.0,0.0,5.0,32,0.062509375,False,REGULAR,USD,MU,put,2026-07-24,0.09863013698630137,63.33,1.735232073513875e-14,-4.6851411639181606e-14,-6.042745818661786e-07,1043.18994140625,0.021973756246363108,2026-06-18
MU260724P00910000,2026-06-17 19:42:27+00:00,910.0,65.23,0.0,0.0,0.0,0.0,7.0,20,0.062509375,False,REGULAR,USD,MU,put,2026-07-24,0.09863013698630137,65.23,1.3497086518539102e-13,-3.7847502909471586e-13,-2.9376280689237727e-06,1043.18994140625,0.021973756246363108,2026-06-18
MU260724P00915000,2026-06-16 19:05:51+00:00,915.0,75.05,0.0,0.0,0.0,0.0,4.0,20,0.062509375,False,REGULAR,USD,MU,put,2026-07-24,0.09863013698630137,75.05,9.600926293412356e-13,-2.797206910543082e-12,-2.0896324942761905e-05,1043.18994140625,0.021973756246363108,2026-06-18
MU260724P00920000,2026-06-17 18:49:13+00:00,920.0,61.53,0.0,0.0,0.0,0.0,14.0,48,0.062509375,False,REGULAR,USD,MU,put,2026-07-24,0.09863013698630137,61.53,6.254379960095491e-12,-1.895583690014746e-11,-0.00032670236675307946,1043.18994140625,0.021973756246363108,2026-06-18
MU260724P00925000,2026-06-17 18:59:22+00:00,925.0,65.2,0.0,0.0,0.0,0.0,22.0,22,0.062509375,False,REGULAR,USD,MU,put,2026-07-24,0.09863013698630137,65.2,3.7363618025924657e-11,-1.179605302326081e-10,-0.000894537159635256,1043.18994140625,0.021973756246363108,2026-06-18
MU260724P00930000,2026-06-16 14:30:22+00:00,930.0,74.0,0.0,0.0,0.0,0.0,8.0,24,0.062509375,False,REGULAR,USD,MU,put,2026-07-24,0.09863013698630137,74.0,2.0497035536745965e-10,-6.750400238786369e-10,-0.005353392393811842,1043.18994140625,0.021973756246363108,2026-06-18
MU260724P00935000,2026-06-16 18:54:49+00:00,935.0,85.1,0.0,0.0,0.0,0.0,3.0,27,0.062509375,False,REGULAR,USD,MU,put,2026-07-24,0.09863013698630137,85.1,1.0339113039785371e-09,-3.5574601042753784e-09,-0.030379024875358516,1043.18994140625,0.021973756246363108,2026-06-18
MU260724P00940000,2026-06-17 18:03:24+00:00,940.0,78.4,0.0,0.0,0.0,0.0,11.0,37,0.062509375,False,REGULAR,USD,MU,put,2026-07-24,0.09863013698630137,78.4,4.801613646088864e-09,-1.7289474518733527e-08,-0.19333733066378,1043.18994140625,0.021973756246363108,2026-06-18
MU260724P00945000,2026-06-17 15:41:55+00:00,945.0,82.0,0.0,0.0,0.0,0.0,3.0,16,0.062509375,False,REGULAR,USD,MU,put,2026-07-24,0.09863013698630137,82.0,2.0556713065688892e-08,-7.760030984460542e-08,-0.35793192685626213,1043.18994140625,0.021973756246363108,2026-06-18
MU260724P00950000,2026-06-17 19:39:54+00:00,950.0,79.31,0.0,0.0,0.0,0.0,4.0,82,0.062509375,False,REGULAR,USD,MU,put,2026-07-24,0.09863013698630137,79.31,8.123122294942384e-08,-3.220994009289768e-07,-7.248758412817448,1043.18994140625,0.021973756246363108,2026-06-18
MU260724P00955000,2026-06-16 19:04:55+00:00,955.0,91.48,0.0,0.0,0.0,0.0,15.0,12,0.062509375,False,REGULAR,USD,MU,put,2026-07-24,0.09863013698630137,91.48,2.9663693625766053e-07,-1.238122468438796e-06,-3.873764855992232,1043.18994140625,0.021973756246363108,2026-06-18
MU260724P00960000,2026-06-17 18:44:28+00:00,960.0,76.08,0.0,0.0,0.0,0.0,10.0,22,0.062509375,False,REGULAR,USD,MU,put,2026-07-24,0.09863013698630137,76.08,1.002260054218234e-06,-4.413528479574325e-06,-23.99550443680753,1043.18994140625,0.021973756246363108,2026-06-18
MU260724P00965000,2026-06-17 14:25:34+00:00,965.0,93.65,0.0,0.0,0.0,0.0,1.0,27,0.062509375,False,REGULAR,USD,MU,put,2026-07-24,0.09863013698630137,93.65,3.1368866945177084e-06,-1.4610295027694953e-05,-92.16995554380054,1043.18994140625,0.021973756246363108,2026-06-18
MU260724P00970000,2026-06-17 19:58:36+00:00,970.0,95.25,0.0,0.0,0.0,0.0,41.0,47,0.062509375,False,REGULAR,USD,MU,put,2026-07-24,0.09863013698630137,95.25,9.105025331471726e-06,-4.497668700498281e-05,-465.6995283489351,1043.18994140625,0.021973756246363108,2026-06-18
MU260724P00975000,2026-06-17 17:18:50+00:00,975.0,89.94,0.0,0.0,0.0,0.0,1.0,7,0.0312596875,False,REGULAR,USD,MU,put,2026-07-24,0.09863013698630137,89.94,1.1010892884082952e-13,-1.5187850976872141e-13,-8.387786345236866e-07,1043.18994140625,0.021973756246363108,2026-06-18
MU260724P00980000,2026-06-17 14:42:43+00:00,980.0,101.5,0.0,0.0,0.0,0.0,4.0,29,0.0312596875,False,REGULAR,USD,MU,put,2026-07-24,0.09863013698630137,101.5,4.296176051213568e-12,-6.364020421756322e-12,-0.0001355835027258252,1043.18994140625,0.021973756246363108,2026-06-18
MU260724P00985000,2026-06-16 17:08:56+00:00,985.0,104.95,0.0,0.0,0.0,0.0,6.0,8,0.0312596875,False,REGULAR,USD,MU,put,2026-07-24,0.09863013698630137,104.95,1.2567301595201127e-10,-2.009149513426678e-10,-0.0010941045051755145,1043.18994140625,0.021973756246363108,2026-06-18
MU260724P00990000,2026-06-17 19:40:44+00:00,990.0,96.8,0.0,0.0,0.0,0.0,19.0,11,0.0312596875,False,REGULAR,USD,MU,put,2026-07-24,0.09863013698630137,96.8,2.7679624675928292e-09,-4.802537256765049e-09,-0.033134442200156926,1043.18994140625,0.021973756246363108,2026-06-18
MU260724P00995000,2026-06-17 19:58:35+00:00,995.0,106.9,0.0,0.0,0.0,0.0,19.0,33,0.0312596875,False,REGULAR,USD,MU,put,2026-07-24,0.09863013698630137,106.9,4.609568656797023e-08,-8.735974021956139e-08,-1.6553926003099642,1043.18994140625,0.021973756246363108,2026-06-18
MU260724P01000000,2026-06-17 19:58:35+00:00,1000.0,109.7,0.0,0.0,0.0,0.0,102.0,75,0.0312596875,False,REGULAR,USD,MU,put,2026-07-24,0.09863013698630137,109.7,5.828177975765123e-07,-1.2156027840992678e-06,-47.568652655447586,1043.18994140625,0.021973756246363108,2026-06-18
MU260724P01005000,2026-06-17 19:03:26+00:00,1005.0,97.85,0.0,0.0,0.0,0.0,11.0,10,0.0312596875,False,REGULAR,USD,MU,put,2026-07-24,0.09863013698630137,97.85,5.617405169606422e-06,-1.300935231296485e-05,-61.13114514783244,1043.18994140625,0.021973756246363108,2026-06-18
MU260724P01010000,2026-06-17 18:55:21+00:00,1010.0,98.07,0.0,0.0,0.0,0.0,21.0,16,0.015634843750000002,False,REGULAR,USD,MU,put,2026-07-24,0.09863013698630137,98.07,1.071614726985976e-13,-7.294165271787278e-14,-1.865887424959218e-06,1043.18994140625,0.021973756246363108,2026-06-18
MU260724P01015000,2026-06-16 15:08:34+00:00,1015.0,112.48,0.0,0.0,0.0,0.0,3.0,5,0.015634843750000002,False,REGULAR,USD,MU,put,2026-07-24,0.09863013698630137,112.48,1.0928058101758255e-10,-8.56588133757441e-11,-0.0005946203681524153,1043.18994140625,0.021973756246363108,2026-06-18
MU260724P01020000,2026-06-17 19:58:54+00:00,1020.0,119.76,0.0,0.0,0.0,0.0,33.0,38,0.015634843750000002,False,REGULAR,USD,MU,put,2026-07-24,0.09863013698630137,119.76,3.946555759108519e-08,-3.6365073508015655e-08,-1.63203181808537,1043.18994140625,0.021973756246363108,2026-06-18
MU260724P01025000,2026-06-16 14:59:16+00:00,1025.0,119.07,0.0,0.0,0.0,0.0,8.0,13,0.015634843750000002,False,REGULAR,USD,MU,put,2026-07-24,0.09863013698630137,119.07,5.123899221372273e-06,-5.709183660940198e-06,-72.48876711531142,1043.18994140625,0.021973756246363108,2026-06-18
MU260724P01030000,2026-06-17 19:14:42+00:00,1030.0,105.86,0.0,0.0,0.0,0.0,21.0,31,0.007822421875,False,REGULAR,USD,MU,put,2026-07-24,0.09863013698630137,105.86,1.550620634658389e-11,-5.735745212120946e-12,-0.0005231112193191136,1043.18994140625,0.021973756246363108,2026-06-18
MU260724P01035000,2026-06-17 14:00:28+00:00,1035.0,136.2,0.0,0.0,0.0,0.0,2.0,2,0.007822421875,False,REGULAR,USD,MU,put,2026-07-24,0.09863013698630137,136.2,1.4347308567287587e-06,-7.341692396245492e-07,-3.1226780907778044,1043.18994140625,0.021973756246363108,2026-06-18
MU260724P01040000,2026-06-17 19:58:43+00:00,1040.0,130.75,0.0,0.0,0.0,0.0,39.0,19,0.00196310546875,False,REGULAR,USD,MU,put,2026-07-24,0.09863013698630137,130.75,5.441225120771865e-29,0.0,-1.1250636084349963e-21,1043.18994140625,0.021973756246363108,2026-06-18
MU260731C01050000,2026-06-17 19:59:36+00:00,1050.0,145.0,0.0,0.0,0.0,0.0,53.0,108,0.0039162109375,False,REGULAR,USD,MU,call,2026-07-31,0.1178082191780822,145.0,0.1167976586714219,0.0910360562104584,13727285.752691282,1043.18994140625,0.021973756246363108,2026-06-18
MU260731C01055000,2026-06-17 19:49:37+00:00,1055.0,148.75,0.0,0.0,0.0,0.0,47.0,119,0.007822421875,False,REGULAR,USD,MU,call,2026-07-31,0.1178082191780822,148.75,0.007321471608239767,0.007416680233535797,948139.2507358938,1043.18994140625,0.021973756246363108,2026-06-18
MU260731C01060000,2026-06-17 19:48:27+00:00,1060.0,149.83,0.0,0.0,0.0,0.0,152.0,119,0.007822421875,False,REGULAR,USD,MU,call,2026-07-31,0.1178082191780822,149.83,2.1272852696776302e-05,1.3498022898273101e-05,2754.8596369938964,1043.18994140625,0.021973756246363108,2026-06-18
MU260731C01065000,2026-06-17 18:35:11+00:00,1065.0,146.6,0.0,0.0,0.0,0.0,31.0,22,0.015634843750000002,False,REGULAR,USD,MU,call,2026-07-31,0.1178082191780822,146.6,0.0008531373579502789,0.001465099557453111,20425.298974795493,1043.18994140625,0.021973756246363108,2026-06-18
MU260731C01070000,2026-06-17 19:49:45+00:00,1070.0,142.0,0.0,0.0,0.0,0.0,45.0,43,0.015634843750000002,False,REGULAR,USD,MU,call,2026-07-31,0.1178082191780822,142.0,4.3441988067599764e-05,5.959628769578454e-05,2032.8481052942682,1043.18994140625,0.021973756246363108,2026-06-18
MU260731C01075000,2026-06-17 19:03:31+00:00,1075.0,150.95,0.0,0.0,0.0,0.0,18.0,64,0.015634843750000002,False,REGULAR,USD,MU,call,2026-07-31,0.1178082191780822,150.95,1.0526688242570689e-06,1.199531176834793e-06,73.31595851999055,1043.18994140625,0.021973756246363108,2026-06-18
MU260731C01080000,2026-06-17 19:29:37+00:00,1080.0,153.5,0.0,0.0,0.0,0.0,16.0,19,0.015634843750000002,False,REGULAR,USD,MU,call,2026-07-31,0.1178082191780822,153.5,1.2265332006697338e-08,1.1940566652765011e-08,0.25360609752074853,1043.18994140625,0.021973756246363108,2026-06-18
MU260731C01085000,2026-06-17 18:59:22+00:00,1085.0,146.9,0.0,0.0,0.0,0.0,2.0,19,0.0312596875,False,REGULAR,USD,MU,call,2026-07-31,0.1178082191780822,146.9,0.00020105698146473145,0.0006454686780914902,4157.186810820117,1043.18994140625,0.021973756246363108,2026-06-18
MU260731C01090000,2026-06-17 13:34:32+00:00,1090.0,130.1,0.0,0.0,0.0,0.0,1.0,22,0.0312596875,False,REGULAR,USD,MU,call,2026-07-31,0.1178082191780822,130.1,4.6192119297724634e-05,0.00013291572726980734,1105.9038010036745,1043.18994140625,0.021973756246363108,2026-06-18
MU260731C01095000,2026-06-17 17:19:01+00:00,1095.0,133.62,0.0,0.0,0.0,0.0,3.0,16,0.0312596875,False,REGULAR,USD,MU,call,2026-07-31,0.1178082191780822,133.62,8.903035916395464e-06,2.3199565334358285e-05,155.0189852941426,1043.18994140625,0.021973756246363108,2026-06-18
MU260731C01100000,2026-06-17 19:11:44+00:00,1100.0,144.0,0.0,0.0,0.0,0.0,232.0,267,0.0312596875,False,REGULAR,USD,MU,call,2026-07-31,0.1178082191780822,144.0,1.4430617063567646e-06,3.4350274962142023e-06,419.298149139553,1043.18994140625,0.021973756246363108,2026-06-18
MU260731C01105000,2026-06-17 19:13:17+00:00,1105.0,145.3,0.0,0.0,0.0,0.0,3.0,9,0.0312596875,False,REGULAR,USD,MU,call,2026-07-31,0.1178082191780822,145.3,1.9717218031369887e-07,4.3191927058267546e-07,1.9311452047608384,1043.18994140625,0.021973756246363108,2026-06-18
MU260731C01110000,2026-06-17 13:59:43+00:00,1110.0,108.15,0.0,0.0,0.0,0.0,1.0,5,0.0312596875,False,REGULAR,USD,MU,call,2026-07-31,0.1178082191780822,108.15,2.2763576918015514e-08,4.618130892072984e-08,0.12386177270853274,1043.18994140625,0.021973756246363108,2026-06-18
MU260731C01115000,2026-06-17 13:32:53+00:00,1115.0,126.32,0.0,0.0,0.0,0.0,1.0,4,0.0312596875,False,REGULAR,USD,MU,call,2026-07-31,0.1178082191780822,126.32,2.2257315106794894e-09,4.204928211633456e-09,0.009688567011375843,1043.18994140625,0.021973756246363108,2026-06-18
MU260731C01120000,2026-06-17 19:33:06+00:00,1120.0,133.61,0.0,0.0,0.0,0.0,11.0,13,0.0312596875,False,REGULAR,USD,MU,call,2026-07-31,0.1178082191780822,133.61,1.8472648501192089e-10,3.2656235655676694e-10,0.002613360367472831,1043.18994140625,0.021973756246363108,2026-06-18
MU260731C01125000,2026-06-17 17:28:22+00:00,1125.0,125.5,0.0,0.0,0.0,0.0,5.0,90,0.0312596875,False,REGULAR,USD,MU,call,2026-07-31,0.1178082191780822,125.5,1.3043080830343612e-11,2.1667582498923545e-11,0.0012774663728296815,1043.18994140625,0.021973756246363108,2026-06-18
MU260731C01130000,2026-06-16 13:48:47+00:00,1130.0,148.17,0.0,0.0,0.0,0.0,7.0,10,0.062509375,False,REGULAR,USD,MU,call,2026-07-31,0.1178082191780822,148.17,3.9640464267011574e-05,0.00023678760007503328,431.38547099032456,1043.18994140625,0.021973756246363108,2026-06-18
MU260731C01135000,2026-06-17 18:59:42+00:00,1135.0,126.55,0.0,0.0,0.0,0.0,2.0,2,0.062509375,False,REGULAR,USD,MU,call,2026-07-31,0.1178082191780822,126.55,1.8905002330703575e-05,0.00010735358304190337,41.14655812086715,1043.18994140625,0.021973756246363108,2026-06-18
MU260731C01140000,2026-06-17 19:21:42+00:00,1140.0,121.25,0.0,0.0,0.0,0.0,4.0,5,0.062509375,False,REGULAR,USD,MU,call,2026-07-31,0.1178082191780822,121.25,8.67279751696333e-06,4.693259493626129e-05,47.19065367723802,1043.18994140625,0.021973756246363108,2026-06-18
MU260731C01150000,2026-06-17 19:58:21+00:00,1150.0,108.9,0.0,0.0,0.0,0.0,53.0,79,0.062509375,False,REGULAR,USD,MU,call,2026-07-31,0.1178082191780822,108.9,1.6280327317453242e-06,8.05301043380484e-06,139.96421258146077,1043.18994140625,0.021973756246363108,2026-06-18
MU260731C01160000,2026-06-17 17:32:35+00:00,1160.0,112.1,0.0,0.0,0.0,0.0,28.0,19,0.062509375,False,REGULAR,USD,MU,call,2026-07-31,0.1178082191780822,112.1,2.6328458963794793e-07,1.1994888584944016e-06,5.443845896627372,1043.18994140625,0.021973756246363108,2026-06-18
MU260731C01170000,2026-06-17 16:50:33+00:00,1170.0,105.37,0.0,0.0,0.0,0.0,2.0,42,0.062509375,False,REGULAR,USD,MU,call,2026-07-31,0.1178082191780822,105.37,3.6826861132365946e-08,1.5553800398140698e-07,1.6832195873444098,1043.18994140625,0.021973756246363108,2026-06-18
MU260731C01180000,2026-06-17 18:59:08+00:00,1180.0,109.0,0.0,0.0,0.0,0.0,26.0,70,0.062509375,False,REGULAR,USD,MU,call,2026-07-31,0.1178082191780822,109.0,4.472448291868582e-09,1.7610144109787497e-08,0.3406984438704547,1043.18994140625,0.021973756246363108,2026-06-18
MU260731C01190000,2026-06-17 18:41:35+00:00,1190.0,106.65,0.0,0.0,0.0,0.0,24.0,56,0.062509375,False,REGULAR,USD,MU,call,2026-07-31,0.1178082191780822,106.65,4.733470056892749e-10,1.7461283982681451e-09,0.028846587412497047,1043.18994140625,0.021973756246363108,2026-06-18
MU260731C01200000,2026-06-17 19:32:30+00:00,1200.0,107.84,0.0,0.0,0.0,0.0,74.0,120,0.062509375,False,REGULAR,USD,MU,call,2026-07-31,0.1178082191780822,107.84,4.3815710109739314e-11,1.5208308066182134e-10,0.005721868628525132,1043.18994140625,0.021973756246363108,2026-06-18
MU260731C01210000,2026-06-17 16:20:57+00:00,1210.0,94.95,0.0,0.0,0.0,0.0,8.0,41,0.062509375,False,REGULAR,USD,MU,call,2026-07-31,0.1178082191780822,94.95,3.5596724153358317e-12,1.1670137503445327e-11,0.00015882566106142093,1043.18994140625,0.021973756246363108,2026-06-18
MU260731C01220000,2026-06-17 16:20:57+00:00,1220.0,92.2,0.0,0.0,0.0,0.0,53.0,80,0.062509375,False,REGULAR,USD,MU,call,2026-07-31,0.1178082191780822,92.2,2.546758944666319e-13,7.913120611068683e-13,2.21719866738892e-05,1043.18994140625,0.021973756246363108,2026-06-18
MU260731C01230000,2026-06-17 14:12:55+00:00,1230.0,80.8,0.0,0.0,0.0,0.0,26.0,29,0.12500875,False,REGULAR,USD,MU,call,2026-07-31,0.1178082191780822,80.8,9.213941852981408e-06,0.00010446201817837458,290.78382623226383,1043.18994140625,0.021973756246363108,2026-06-18
MU260731C01240000,2026-06-17 14:16:27+00:00,1240.0,78.05,0.0,0.0,0.0,0.0,2.0,25,0.12500875,False,REGULAR,USD,MU,call,2026-07-31,0.1178082191780822,78.05,4.495871006747914e-06,4.8758271644789775e-05,122.31525712551306,1043.18994140625,0.021973756246363108,2026-06-18
MU260731C01250000,2026-06-17 19:28:28+00:00,1250.0,95.1,0.0,0.0,0.0,0.0,64.0,214,0.12500875,False,REGULAR,USD,MU,call,2026-07-31,0.1178082191780822,95.1,2.1301217208313363e-06,2.2144100045747775e-05,496.07229850348,1043.18994140625,0.021973756246363108,2026-06-18
MU260731C01260000,2026-06-17 19:25:35+00:00,1260.0,88.95,0.0,0.0,0.0,0.0,32.0,78,0.12500875,False,REGULAR,USD,MU,call,2026-07-31,0.1178082191780822,88.95,9.807134098705532e-07,9.791330068011837e-06,83.24602366702688,1043.18994140625,0.021973756246363108,2026-06-18
MU260731C01270000,2026-06-17 18:50:30+00:00,1270.0,88.9,0.0,0.0,0.0,0.0,55.0,57,0.12500875,False,REGULAR,USD,MU,call,2026-07-31,0.1178082191780822,88.9,4.3907854416258834e-07,4.21746351323703e-06,27.23603307991077,1043.18994140625,0.021973756246363108,2026-06-18
MU260731C01280000,2026-06-17 19:06:17+00:00,1280.0,85.15,0.0,0.0,0.0,0.0,28.0,33,0.12500875,False,REGULAR,USD,MU,call,2026-07-31,0.1178082191780822,85.15,1.9129814220873733e-07,1.7706648084217698e-06,6.869916745863784,1043.18994140625,0.021973756246363108,2026-06-18
MU260731C01290000,2026-06-17 19:54:31+00:00,1290.0,72.2,0.0,0.0,0.0,0.0,54.0,22,0.12500875,False,REGULAR,USD,MU,call,2026-07-31,0.1178082191780822,72.2,8.116051846518971e-08,7.250082712827599e-07,1.9430960784365545,1043.18994140625,0.021973756246363108,2026-06-18
MU260731C01300000,2026-06-17 18:55:54+00:00,1300.0,80.65,0.0,0.0,0.0,0.0,14.0,127,0.12500875,False,REGULAR,USD,MU,call,2026-07-31,0.1178082191780822,80.65,3.3553116515685616e-08,2.8967683355562226e-07,4.637280514614016,1043.18994140625,0.021973756246363108,2026-06-18
MU260731C01310000,2026-06-17 19:28:40+00:00,1310.0,78.75,0.0,0.0,0.0,0.0,20.0,44,0.12500875,False,REGULAR,USD,MU,call,2026-07-31,0.1178082191780822,78.75,1.3525553970836675e-08,1.1300235072731468e-07,0.647641276236721,1043.18994140625,0.021973756246363108,2026-06-18
MU260731C01320000,2026-06-17 18:44:14+00:00,1320.0,76.95,0.0,0.0,0.0,0.0,80.0,74,0.12500875,False,REGULAR,USD,MU,call,2026-07-31,0.1178082191780822,76.95,5.3196557725403955e-09,4.306244404372223e-08,0.4283926708475929,1043.18994140625,0.021973756246363108,2026-06-18
MU260731C01330000,2026-06-17 17:25:01+00:00,1330.0,68.85,0.0,0.0,0.0,0.0,50.0,33,0.12500875,False,REGULAR,USD,MU,call,2026-07-31,0.1178082191780822,68.85,2.0425968313360213e-09,1.6039012117231785e-08,0.07335392813868487,1043.18994140625,0.021973756246363108,2026-06-18
MU260731C01340000,2026-06-17 19:56:38+00:00,1340.0,62.4,0.0,0.0,0.0,0.0,62.0,60,0.12500875,False,REGULAR,USD,MU,call,2026-07-31,0.1178082191780822,62.4,7.661421135268273e-10,5.841846243904819e-09,0.050025031129264694,1043.18994140625,0.021973756246363108,2026-06-18
MU260731C01350000,2026-06-17 19:50:27+00:00,1350.0,61.3,0.0,0.0,0.0,0.0,9.0,71,0.12500875,False,REGULAR,USD,MU,call,2026-07-31,0.1178082191780822,61.3,2.808751114854494e-10,2.0817927789562876e-09,0.021701931496926164,1043.18994140625,0.021973756246363108,2026-06-18
MU260731C01360000,2026-06-17 19:51:28+00:00,1360.0,58.45,0.0,0.0,0.0,0.0,72.0,84,0.12500875,False,REGULAR,USD,MU,call,2026-07-31,0.1178082191780822,58.45,1.0070177555899068e-10,7.26200387417596e-10,0.009205411261742463,1043.18994140625,0.021973756246363108,2026-06-18
MU260731C01370000,2026-06-17 19:17:01+00:00,1370.0,66.6,0.0,0.0,0.0,0.0,66.0,43,0.12500875,False,REGULAR,USD,MU,call,2026-07-31,0.1178082191780822,66.6,3.5327826090051044e-11,2.4809568055972033e-10,0.0016531495800692444,1043.18994140625,0.021973756246363108,2026-06-18
MU260731C01380000,2026-06-17 19:17:02+00:00,1380.0,64.9,0.0,0.0,0.0,0.0,180.0,65,0.12500875,False,REGULAR,USD,MU,call,2026-07-31,0.1178082191780822,64.9,1.2133387563807378e-11,8.304877624244619e-11,0.0008582665929142665,1043.18994140625,0.021973756246363108,2026-06-18
MU260731C01390000,2026-06-17 19:17:02+00:00,1390.0,63.1,0.0,0.0,0.0,0.0,90.0,47,0.12500875,False,REGULAR,USD,MU,call,2026-07-31,0.1178082191780822,63.1,4.0818379249718265e-12,2.7252200326412164e-11,0.00020877591519549506,1043.18994140625,0.021973756246363108,2026-06-18
MU260731C01400000,2026-06-17 18:50:15+00:00,1400.0,60.55,0.0,0.0,0.0,0.0,29.0,69,0.12500875,False,REGULAR,USD,MU,call,2026-07-31,0.1178082191780822,60.55,1.3457210523938846e-12,8.770466095399864e-12,0.00010104874383099253,1043.18994140625,0.021973756246363108,2026-06-18
MU260731C01410000,2026-06-17 18:44:27+00:00,1410.0,59.1,0.0,0.0,0.0,0.0,30.0,45,0.12500875,False,REGULAR,USD,MU,call,2026-07-31,0.1178082191780822,59.1,4.350018741796417e-13,2.7694308490903755e-12,2.130249262465625e-05,1043.18994140625,0.021973756246363108,2026-06-18
MU260731C01420000,2026-06-17 18:44:26+00:00,1420.0,57.69,0.0,0.0,0.0,0.0,35.0,75,0.12500875,False,REGULAR,USD,MU,call,2026-07-31,0.1178082191780822,57.69,1.379334173293951e-13,8.584098444655636e-13,1.1257904006714078e-05,1043.18994140625,0.021973756246363108,2026-06-18
MU260731C01430000,2026-06-17 18:57:41+00:00,1430.0,53.1,0.0,0.0,0.0,0.0,80.0,102,0.12500875,False,REGULAR,USD,MU,call,2026-07-31,0.1178082191780822,53.1,4.292300688190553e-14,2.6128854618853194e-13,4.7644973690660135e-06,1043.18994140625,0.021973756246363108,2026-06-18
MU260731C01440000,2026-06-17 17:25:01+00:00,1440.0,49.3,0.0,0.0,0.0,0.0,5.0,17,0.12500875,False,REGULAR,USD,MU,call,2026-07-31,0.1178082191780822,49.3,1.3114378436268537e-14,7.813551826572167e-14,2.426182215381164e-07,1043.18994140625,0.021973756246363108,2026-06-18
MU260731C01450000,2026-06-17 19:15:02+00:00,1450.0,55.0,0.0,0.0,0.0,0.0,33.0,55,0.12500875,False,REGULAR,USD,MU,call,2026-07-31,0.1178082191780822,55.0,3.9357881831443344e-15,2.296443581532468e-14,2.355706545758699e-07,1043.18994140625,0.021973756246363108,2026-06-18
MU260731C01460000,2026-06-17 19:32:44+00:00,1460.0,51.43,0.0,0.0,0.0,0.0,2.0,47,0.12500875,False,REGULAR,USD,MU,call,2026-07-31,0.1178082191780822,51.43,1.1607178456105285e-15,6.636128897036534e-15,5.936784726766288e-08,1043.18994140625,0.021973756246363108,2026-06-18
MU260731C01470000,2026-06-17 19:31:03+00:00,1470.0,50.5,0.0,0.0,0.0,0.0,3.0,95,0.2500075,False,REGULAR,USD,MU,call,2026-07-31,0.1178082191780822,50.5,2.226895712205834e-06,4.827301989968077e-05,230.2238255148055,1043.18994140625,0.021973756246363108,2026-06-18
MU260731C01480000,2026-06-17 19:36:25+00:00,1480.0,47.55,0.0,0.0,0.0,0.0,34.0,23,0.2500075,False,REGULAR,USD,MU,call,2026-07-31,0.1178082191780822,47.55,1.631382810644669e-06,3.473119103261257e-05,40.832925820664386,1043.18994140625,0.021973756246363108,2026-06-18
MU260731C01490000,2026-06-17 18:57:56+00:00,1490.0,45.38,0.0,0.0,0.0,0.0,58.0,57,0.2500075,False,REGULAR,USD,MU,call,2026-07-31,0.1178082191780822,45.38,1.1902503609004375e-06,2.4896623488890173e-05,73.83120545023934,1043.18994140625,0.021973756246363108,2026-06-18
MU260731C01500000,2026-06-17 19:35:18+00:00,1500.0,44.35,0.0,0.0,0.0,0.0,22.0,67,0.2500075,False,REGULAR,USD,MU,call,2026-07-31,0.1178082191780822,44.35,8.649456450320571e-07,1.778285528057379e-05,63.065290534040436,1043.18994140625,0.021973756246363108,2026-06-18
MU260731C01510000,2026-06-17 18:27:27+00:00,1510.0,36.95,0.0,0.0,0.0,0.0,56.0,93,0.2500075,False,REGULAR,USD,MU,call,2026-07-31,0.1178082191780822,36.95,6.261060736188366e-07,1.265717566041303e-05,63.3661975611477,1043.18994140625,0.021973756246363108,2026-06-18
MU260731C01520000,2026-06-17 13:44:04+00:00,1520.0,38.55,0.0,0.0,0.0,0.0,2.0,57,0.2500075,False,REGULAR,USD,MU,call,2026-07-31,0.1178082191780822,38.55,4.5149728216720925e-07,8.978002127381427e-06,28.00636714337471,1043.18994140625,0.021973756246363108,2026-06-18
MU260731C01530000,2026-06-17 19:17:11+00:00,1530.0,42.55,0.0,0.0,0.0,0.0,2.0,164,0.2500075,False,REGULAR,USD,MU,call,2026-07-31,0.1178082191780822,42.55,3.243762155464599e-07,6.346916946508611e-06,57.892143833025095,1043.18994140625,0.021973756246363108,2026-06-18
MU260731C01540000,2026-06-16 14:00:40+00:00,1540.0,48.65,0.0,0.0,0.0,0.0,73.0,92,0.2500075,False,REGULAR,USD,MU,call,2026-07-31,0.1178082191780822,48.65,2.3220258341990242e-07,4.47216791602959e-06,23.247789059159523,1043.18994140625,0.021973756246363108,2026-06-18
MU260731C01550000,2026-06-17 19:51:08+00:00,1550.0,35.53,0.0,0.0,0.0,0.0,5.0,127,0.2500075,False,REGULAR,USD,MU,call,2026-07-31,0.1178082191780822,35.53,1.6563262157729286e-07,3.141064551696547e-06,22.891612117930926,1043.18994140625,0.021973756246363108,2026-06-18
MU260731C01560000,2026-06-17 19:06:02+00:00,1560.0,37.95,0.0,0.0,0.0,0.0,24.0,46,0.2500075,False,REGULAR,USD,MU,call,2026-07-31,0.1178082191780822,37.95,1.1773922582260804e-07,2.1992254044000086e-06,5.893941069903987,1043.18994140625,0.021973756246363108,2026-06-18
MU260731C01570000,2026-06-16 19:53:12+00:00,1570.0,31.85,0.0,0.0,0.0,0.0,82.0,59,0.2500075,False,REGULAR,USD,MU,call,2026-07-31,0.1178082191780822,31.85,8.341184904086921e-08,1.535064951400201e-06,5.355580381186922,1043.18994140625,0.021973756246363108,2026-06-18
MU260731C01580000,2026-06-17 17:09:19+00:00,1580.0,32.45,0.0,0.0,0.0,0.0,61.0,71,0.2500075,False,REGULAR,USD,MU,call,2026-07-31,0.1178082191780822,32.45,5.8897862645051335e-08,1.0682607664125942e-06,4.5507676834673445,1043.18994140625,0.021973756246363108,2026-06-18
MU260731C01590000,2026-06-17 13:50:51+00:00,1590.0,30.15,0.0,0.0,0.0,0.0,20.0,58,0.2500075,False,REGULAR,USD,MU,call,2026-07-31,0.1178082191780822,30.15,4.145430524412419e-08,7.412250255492808e-07,2.61652215414973,1043.18994140625,0.021973756246363108,2026-06-18
MU260731C01600000,2026-06-17 19:51:08+00:00,1600.0,31.27,0.0,0.0,0.0,0.0,67.0,152,0.2500075,False,REGULAR,USD,MU,call,2026-07-31,0.1178082191780822,31.27,2.908508670143657e-08,5.128298527069079e-07,4.81105954922462,1043.18994140625,0.021973756246363108,2026-06-18
MU260731C01610000,2026-06-17 19:45:45+00:00,1610.0,32.35,0.0,0.0,0.0,0.0,20.0,38,0.2500075,False,REGULAR,USD,MU,call,2026-07-31,0.1178082191780822,32.35,2.0343853029224304e-08,3.5381359359154936e-07,0.8412858571557696,1043.18994140625,0.021973756246363108,2026-06-18
MU260731C01620000,2026-06-17 19:00:33+00:00,1620.0,31.7,0.0,0.0,0.0,0.0,58.0,61,0.2500075,False,REGULAR,USD,MU,call,2026-07-31,0.1178082191780822,31.7,1.418694638789982e-08,2.4343370128289723e-07,0.9417715014696565,1043.18994140625,0.021973756246363108,2026-06-18
MU260731C01630000,2026-06-17 19:06:21+00:00,1630.0,31.9,0.0,0.0,0.0,0.0,64.0,99,0.2500075,False,REGULAR,USD,MU,call,2026-07-31,0.1178082191780822,31.9,9.864328361431435e-09,1.670391495665602e-07,1.062746043653973,1043.18994140625,0.021973756246363108,2026-06-18
MU260731C01640000,2026-06-17 19:37:59+00:00,1640.0,31.07,0.0,0.0,0.0,0.0,27.0,37,0.2500075,False,REGULAR,USD,MU,call,2026-07-31,0.1178082191780822,31.07,6.839089269378798e-09,1.1431759185925153e-07,0.2753764382084412,1043.18994140625,0.021973756246363108,2026-06-18
MU260731C01650000,2026-06-17 19:09:02+00:00,1650.0,30.35,0.0,0.0,0.0,0.0,18.0,59,0.2500075,False,REGULAR,USD,MU,call,2026-07-31,0.1178082191780822,30.35,4.72835165105144e-09,7.803517248255722e-08,0.30359076832496984,1043.18994140625,0.021973756246363108,2026-06-18
MU260731C01660000,2026-06-17 19:37:59+00:00,1660.0,29.54,0.0,0.0,0.0,0.0,21.0,73,0.2500075,False,REGULAR,USD,MU,call,2026-07-31,0.1178082191780822,29.54,3.260092413037643e-09,5.313430650841901e-08,0.25898794697912414,1043.18994140625,0.021973756246363108,2026-06-18
MU260731C01670000,2026-06-17 19:42:25+00:00,1670.0,27.11,0.0,0.0,0.0,0.0,54.0,44,0.2500075,False,REGULAR,USD,MU,call,2026-07-31,0.1178082191780822,27.11,2.2417436392062807e-09,3.609035654778582e-08,0.10734094253156105,1043.18994140625,0.021973756246363108,2026-06-18
MU260731C01680000,2026-06-17 19:19:06+00:00,1680.0,28.2,0.0,0.0,0.0,0.0,79.0,35,0.2500075,False,REGULAR,USD,MU,call,2026-07-31,0.1178082191780822,28.2,1.537462299650298e-09,2.4454713968471658e-08,0.05855976176993426,1043.18994140625,0.021973756246363108,2026-06-18
MU260731C01690000,2026-06-17 19:34:15+00:00,1690.0,27.0,0.0,0.0,0.0,0.0,55.0,30,0.2500075,False,REGULAR,USD,MU,call,2026-07-31,0.1178082191780822,27.0,1.051747470718116e-09,1.6531508451616782e-08,0.03433677579776903,1043.18994140625,0.021973756246363108,2026-06-18
MU260731C01700000,2026-06-17 19:40:09+00:00,1700.0,25.2,0.0,0.0,0.0,0.0,31.0,55,0.2500075,False,REGULAR,USD,MU,call,2026-07-31,0.1178082191780822,25.2,7.176824413603763e-10,1.1149710482411234e-08,0.042955798082051466,1043.18994140625,0.021973756246363108,2026-06-18
MU260731C01710000,2026-06-17 19:34:21+00:00,1710.0,25.8,0.0,0.0,0.0,0.0,34.0,57,0.2500075,False,REGULAR,USD,MU,call,2026-07-31,0.1178082191780822,25.8,4.885306218715071e-10,7.503055469537835e-09,0.030303544444919957,1043.18994140625,0.021973756246363108,2026-06-18
MU260731C01720000,2026-06-17 19:11:41+00:00,1720.0,24.8,0.0,0.0,0.0,0.0,26.0,83,0.2500075,False,REGULAR,USD,MU,call,2026-07-31,0.1178082191780822,24.8,3.3175241652161106e-10,5.037997660326587e-09,0.029965323396864023,1043.18994140625,0.021973756246363108,2026-06-18
MU260731C01730000,2026-06-17 19:21:07+00:00,1730.0,23.9,0.0,0.0,0.0,0.0,11.0,143,0.2500075,False,REGULAR,USD,MU,call,2026-07-31,0.1178082191780822,23.9,2.2476199743677123e-10,3.3755482564554286e-09,0.034977253304804716,1043.18994140625,0.021973756246363108,2026-06-18
MU260731C01740000,2026-06-17 19:34:56+00:00,1740.0,23.55,0.0,0.0,0.0,0.0,26.0,75,0.2500075,False,REGULAR,USD,MU,call,2026-07-31,0.1178082191780822,23.55,1.5192920418911605e-10,2.2569300721028934e-09,0.012400217653514374,1043.18994140625,0.021973756246363108,2026-06-18
MU260731C01750000,2026-06-17 19:16:37+00:00,1750.0,23.55,0.0,0.0,0.0,0.0,26.0,24,0.2500075,False,REGULAR,USD,MU,call,2026-07-31,0.1178082191780822,23.55,1.0246883889872111e-10,1.5059124916336914e-09,0.0026762694623801747,1043.18994140625,0.021973756246363108,2026-06-18
MU260731C01760000,2026-06-17 19:06:31+00:00,1760.0,22.75,0.0,0.0,0.0,0.0,24.0,40,0.2500075,False,REGULAR,USD,MU,call,2026-07-31,0.1178082191780822,22.75,6.895989727066645e-11,1.0027882025480236e-09,0.003001811236434695,1043.18994140625,0.021973756246363108,2026-06-18
MU260731C01770000,2026-06-17 19:03:58+00:00,1770.0,21.65,0.0,0.0,0.0,0.0,20.0,15,0.2500075,False,REGULAR,USD,MU,call,2026-07-31,0.1178082191780822,21.65,4.631025814264219e-11,6.664477725075598e-10,0.0007559537794252967,1043.18994140625,0.021973756246363108,2026-06-18
MU260731C01780000,2026-06-17 19:05:05+00:00,1780.0,20.6,0.0,0.0,0.0,0.0,6.0,105,0.2500075,False,REGULAR,USD,MU,call,2026-07-31,0.1178082191780822,20.6,3.1035209642415034e-11,4.4206854685291677e-10,0.003546261557541612,1043.18994140625,0.021973756246363108,2026-06-18
MU260731C01790000,2026-06-17 18:55:04+00:00,1790.0,20.55,0.0,0.0,0.0,0.0,12.0,50,0.2500075,False,REGULAR,USD,MU,call,2026-07-31,0.1178082191780822,20.55,2.0756286529238883e-11,2.926836524091823e-10,0.001129396515150965,1043.18994140625,0.021973756246363108,2026-06-18
MU260731C01800000,2026-06-17 19:18:58+00:00,1800.0,20.0,0.0,0.0,0.0,0.0,37.0,64,0.2500075,False,REGULAR,USD,MU,call,2026-07-31,0.1178082191780822,20.0,1.3854226046488317e-11,1.9342430380879825e-10,0.0009649149274158237,1043.18994140625,0.021973756246363108,2026-06-18
MU260731C01810000,2026-06-17 19:42:20+00:00,1810.0,18.9,0.0,0.0,0.0,0.0,22.0,37,0.2500075,False,REGULAR,USD,MU,call,2026-07-31,0.1178082191780822,18.9,9.229373394346697e-12,1.2759843071826969e-10,0.00037162140631946997,1043.18994140625,0.021973756246363108,2026-06-18
MU260731C01820000,2026-06-17 19:45:36+00:00,1820.0,19.1,0.0,0.0,0.0,0.0,26.0,37,0.2500075,False,REGULAR,USD,MU,call,2026-07-31,0.1178082191780822,19.1,6.136754635069943e-12,8.402701803387074e-11,0.00024709688190957047,1043.18994140625,0.021973756246363108,2026-06-18
MU260731C01830000,2026-06-17 19:42:20+00:00,1830.0,18.2,0.0,0.0,0.0,0.0,37.0,178,0.2500075,False,REGULAR,USD,MU,call,2026-07-31,0.1178082191780822,18.2,4.072871719832863e-12,5.523942431379638e-11,0.0007889464307201961,1043.18994140625,0.021973756246363108,2026-06-18
MU260731C01840000,2026-06-17 19:49:26+00:00,1840.0,16.68,0.0,0.0,0.0,0.0,50.0,58,0.2500075,False,REGULAR,USD,MU,call,2026-07-31,0.1178082191780822,16.68,2.6982150080450206e-12,3.625373858302089e-11,0.00017030654122975026,1043.18994140625,0.021973756246363108,2026-06-18
MU260731C01850000,2026-06-17 19:42:21+00:00,1850.0,17.35,0.0,0.0,0.0,0.0,56.0,144,0.2500075,False,REGULAR,USD,MU,call,2026-07-31,0.1178082191780822,17.35,1.7843672396082863e-12,2.3754530708805722e-11,0.00027962340186689865,1043.18994140625,0.021973756246363108,2026-06-18
MU260731C01860000,2026-06-17 18:09:42+00:00,1860.0,16.25,0.0,0.0,0.0,0.0,15.0,16,0.2500075,False,REGULAR,USD,MU,call,2026-07-31,0.1178082191780822,16.25,1.1779894931158306e-12,1.553983162580413e-11,2.051106359951767e-05,1043.18994140625,0.021973756246363108,2026-06-18
MU260731C01870000,2026-06-16 16:45:55+00:00,1870.0,16.7,0.0,0.0,0.0,0.0,18.0,14,0.2500075,False,REGULAR,USD,MU,call,2026-07-31,0.1178082191780822,16.7,7.763638765919321e-13,1.0150050967412372e-11,1.1828240255477376e-05,1043.18994140625,0.021973756246363108,2026-06-18
MU260731C01880000,2026-06-16 13:53:44+00:00,1880.0,21.4,0.0,0.0,0.0,0.0,24.0,12,0.2500075,False,REGULAR,USD,MU,call,2026-07-31,0.1178082191780822,21.4,5.108257907002514e-13,6.619538815666449e-12,6.67084490729187e-06,1043.18994140625,0.021973756246363108,2026-06-18
MU260731C01900000,2026-06-16 14:51:19+00:00,1900.0,17.8,0.0,0.0,0.0,0.0,2.0,1,0.2500075,False,REGULAR,USD,MU,call,2026-07-31,0.1178082191780822,17.8,2.2009199022731074e-13,2.8029806261912687e-12,2.395140637755302e-07,1043.18994140625,0.021973756246363108,2026-06-18
MU260731C01920000,2026-06-16 15:26:33+00:00,1920.0,15.35,0.0,0.0,0.0,0.0,2.0,1,0.2500075,False,REGULAR,USD,MU,call,2026-07-31,0.1178082191780822,15.35,9.424612173032403e-14,1.1801614653472493e-12,1.0256289466690524e-07,1043.18994140625,0.021973756246363108,2026-06-18
MU260731C01950000,2026-06-17 16:53:14+00:00,1950.0,12.6,0.0,0.0,0.0,0.0,1.0,3,0.2500075,False,REGULAR,USD,MU,call,2026-07-31,0.1178082191780822,12.6,2.6122118456543117e-14,3.1918080548631526e-13,8.528181429261372e-08,1043.18994140625,0.021973756246363108,2026-06-18
MU260731C01960000,2026-06-16 19:52:59+00:00,1960.0,12.05,0.0,0.0,0.0,0.0,4.0,2,0.2500075,False,REGULAR,USD,MU,call,2026-07-31,0.1178082191780822,12.05,1.6984390430358166e-14,2.0588253822230473e-13,3.696636455078519e-08,1043.18994140625,0.021973756246363108,2026-06-18
MU260731C01970000,2026-06-16 14:32:30+00:00,1970.0,16.28,0.0,0.0,0.0,0.0,2.0,1,0.2500075,False,REGULAR,USD,MU,call,2026-07-31,0.1178082191780822,16.28,1.1028376420143466e-14,1.3263744638815902e-13,1.200157829690534e-08,1043.18994140625,0.021973756246363108,2026-06-18
MU260731C01980000,2026-06-17 15:44:58+00:00,1980.0,11.15,0.0,0.0,0.0,0.0,2.0,3,0.2500075,False,REGULAR,USD,MU,call,2026-07-31,0.1178082191780822,11.15,7.151659861742899e-15,8.534721057841408e-14,2.3348279705098986e-08,1043.18994140625,0.021973756246363108,2026-06-18
MU260731C01990000,2026-06-16 13:45:17+00:00,1990.0,16.55,0.0,0.0,0.0,0.0,1.0,1,0.2500075,False,REGULAR,USD,MU,call,2026-07-31,0.1178082191780822,16.55,4.631792533508938e-15,5.4853134414150465e-14,5.0405262414144135e-09,1043.18994140625,0.021973756246363108,2026-06-18
MU260731C02000000,2026-06-17 19:48:08+00:00,2000.0,12.05,0.0,0.0,0.0,0.0,13.0,15,0.2500075,False,REGULAR,USD,MU,call,2026-07-31,0.1178082191780822,12.05,2.996065961725636e-15,3.5213942670851024e-14,4.890681844609471e-08,1043.18994140625,0.021973756246363108,2026-06-18
MU260731C02030000,2026-06-16 16:24:09+00:00,2030.0,11.65,0.0,0.0,0.0,0.0,4.0,3,0.2500075,False,REGULAR,USD,MU,call,2026-07-31,0.1178082191780822,11.65,8.050906841255968e-16,9.255047603591753e-15,2.6284083477584294e-09,1043.18994140625,0.021973756246363108,2026-06-18
MU260731C02070000,2026-06-17 15:52:42+00:00,2070.0,9.1,0.0,0.0,0.0,0.0,12.0,6,0.2500075,False,REGULAR,USD,MU,call,2026-07-31,0.1178082191780822,9.1,1.374323183226226e-16,1.5357068451727631e-15,8.973604088421477e-10,1043.18994140625,0.021973756246363108,2026-06-18
MU260731C02100000,2026-06-16 15:51:19+00:00,2100.0,9.7,0.0,0.0,0.0,0.0,8.0,3,0.2500075,False,REGULAR,USD,MU,call,2026-07-31,0.1178082191780822,9.7,3.6104467671431604e-17,3.9528675848415393e-16,1.1787154675877593e-10,1043.18994140625,0.021973756246363108,2026-06-18
MU260731C02120000,2026-06-16 14:38:45+00:00,2120.0,11.43,0.0,0.0,0.0,0.0,2.0,1,0.2500075,False,REGULAR,USD,MU,call,2026-07-31,0.1178082191780822,11.43,1.4738727561398485e-17,1.5924438044182243e-16,1.603935031649741e-11,1043.18994140625,0.021973756246363108,2026-06-18
MU260731C02190000,2026-06-17 18:47:39+00:00,2190.0,7.5,0.0,0.0,0.0,0.0,2.0,7,0.500005,False,REGULAR,USD,MU,call,2026-07-31,0.1178082191780822,7.5,3.182517114019406e-07,1.2877981571357137e-05,2.424351401242231,1043.18994140625,0.021973756246363108,2026-06-18
MU260731P00100000,2026-06-17 17:00:14+00:00,100.0,0.08,0.0,0.0,0.0,0.0,10.0,11,0.500005,False,REGULAR,USD,MU,put,2026-07-31,0.1178082191780822,0.08,1.3634788403028466e-44,0.0,-1.6321793143546854e-37,1043.18994140625,0.021973756246363108,2026-06-18
MU260731P00125000,2026-06-12 14:27:12+00:00,125.0,0.76,0.0,0.0,0.0,0.0,0.0,20,0.500005,False,REGULAR,USD,MU,put,2026-07-31,0.1178082191780822,0.76,3.5235020020671683e-37,0.0,-7.668868661369419e-30,1043.18994140625,0.021973756246363108,2026-06-18
MU260731P00130000,2026-06-12 18:04:00+00:00,130.0,0.28,0.0,0.0,0.0,0.0,0.0,71,0.500005,False,REGULAR,USD,MU,put,2026-07-31,0.1178082191780822,0.28,5.941987567154693e-36,0.0,-4.591101235563139e-28,1043.18994140625,0.021973756246363108,2026-06-18
MU260731P00135000,2026-06-12 18:10:49+00:00,135.0,0.22,0.0,0.0,0.0,0.0,0.0,17,0.500005,False,REGULAR,USD,MU,put,2026-07-31,0.1178082191780822,0.22,8.573596479478815e-35,0.0,-1.5861298651287541e-27,1043.18994140625,0.021973756246363108,2026-06-18
MU260731P00140000,2026-06-16 14:21:23+00:00,140.0,1.05,0.0,0.0,0.0,0.0,1.0,4,0.500005,False,REGULAR,USD,MU,put,2026-07-31,0.1178082191780822,1.05,1.0724089882985304e-33,0.0,-4.668175966812866e-27,1043.18994140625,0.021973756246363108,2026-06-18
MU260731P00270000,2026-06-12 13:40:54+00:00,270.0,1.4,0.0,0.0,0.0,0.0,0.0,1,0.500005,False,REGULAR,USD,MU,put,2026-07-31,0.1178082191780822,1.4,3.081256915623627e-17,-6.661338147750939e-16,-3.353163214323523e-11,1043.18994140625,0.021973756246363108,2026-06-18
MU260731P00280000,2026-06-17 13:51:30+00:00,280.0,0.65,0.0,0.0,0.0,0.0,100.0,102,0.500005,False,REGULAR,USD,MU,put,2026-07-31,0.1178082191780822,0.65,1.6376398173715387e-16,-3.6637359812630166e-15,-1.8177968339477285e-08,1043.18994140625,0.021973756246363108,2026-06-18
MU260731P00285000,2026-06-12 14:05:41+00:00,285.0,2.48,0.0,0.0,0.0,0.0,0.0,1,0.500005,False,REGULAR,USD,MU,put,2026-07-31,0.1178082191780822,2.48,3.632854801034004e-16,-8.326672684688674e-15,-3.95343699515571e-10,1043.18994140625,0.021973756246363108,2026-06-18
MU260731P00290000,2026-06-16 19:30:04+00:00,290.0,1.0,0.0,0.0,0.0,0.0,2.0,2,0.500005,False,REGULAR,USD,MU,put,2026-07-31,0.1178082191780822,1.0,7.866107718198289e-16,-1.8318679906315083e-14,-1.7120508781222771e-09,1043.18994140625,0.021973756246363108,2026-06-18
MU260731P00295000,2026-06-12 18:10:50+00:00,295.0,1.83,0.0,0.0,0.0,0.0,0.0,0,0.500005,False,REGULAR,USD,MU,put,2026-07-31,0.1178082191780822,1.83,1.6641398118692238e-15,-3.9190872769268026e-14,-0.0,1043.18994140625,0.021973756246363108,2026-06-18
MU260731P00300000,2026-06-17 16:41:25+00:00,300.0,0.97,0.0,0.0,0.0,0.0,20.0,50,0.500005,False,REGULAR,USD,MU,put,2026-07-31,0.1178082191780822,0.97,3.4430961959434577e-15,-8.215650382226158e-14,-1.873466546894252e-07,1043.18994140625,0.021973756246363108,2026-06-18
MU260731P00315000,2026-06-12 17:43:25+00:00,315.0,3.84,0.0,0.0,0.0,0.0,0.0,1,0.500005,False,REGULAR,USD,MU,put,2026-07-31,0.1178082191780822,3.84,2.6914424194660107e-14,-6.66799948589869e-13,-2.92894943899761e-08,1043.18994140625,0.021973756246363108,2026-06-18
MU260731P00320000,2026-06-12 17:43:25+00:00,320.0,3.92,0.0,0.0,0.0,0.0,0.0,3,0.500005,False,REGULAR,USD,MU,put,2026-07-31,0.1178082191780822,3.92,5.1373992701108385e-14,-1.2887468869848817e-12,-1.6772251118509838e-07,1043.18994140625,0.021973756246363108,2026-06-18
MU260731P00330000,2026-06-12 19:30:13+00:00,330.0,2.76,0.0,0.0,0.0,0.0,0.0,125,0.500005,False,REGULAR,USD,MU,put,2026-07-31,0.1178082191780822,2.76,1.7732891553461996e-13,-4.5609072074626056e-12,-2.4122168837640768e-05,1043.18994140625,0.021973756246363108,2026-06-18
MU260731P00335000,2026-06-12 18:10:13+00:00,335.0,2.74,0.0,0.0,0.0,0.0,0.0,1,0.500005,False,REGULAR,USD,MU,put,2026-07-31,0.1178082191780822,2.74,3.210959846465696e-13,-8.361977776871754e-12,-3.4943118132229923e-07,1043.18994140625,0.021973756246363108,2026-06-18
MU260731P00340000,2026-06-16 15:41:10+00:00,340.0,1.89,0.0,0.0,0.0,0.0,2.0,103,0.500005,False,REGULAR,USD,MU,put,2026-07-31,0.1178082191780822,1.89,5.720173353729183e-13,-1.5082046722625364e-11,-6.411700048503796e-05,1043.18994140625,0.021973756246363108,2026-06-18
MU260731P00345000,2026-06-17 15:34:43+00:00,345.0,1.66,0.0,0.0,0.0,0.0,68.0,27,0.500005,False,REGULAR,USD,MU,put,2026-07-31,0.1178082191780822,1.66,1.0031283842515794e-12,-2.677746913093415e-11,-2.9474541985459838e-05,1043.18994140625,0.021973756246363108,2026-06-18
MU260731P00350000,2026-06-17 16:59:11+00:00,350.0,1.47,0.0,0.0,0.0,0.0,10.0,91,0.500005,False,REGULAR,USD,MU,put,2026-07-31,0.1178082191780822,1.47,1.732680782318516e-12,-4.682543242040538e-11,-0.00017158792903955124,1043.18994140625,0.021973756246363108,2026-06-18
MU260731P00360000,2026-06-15 17:04:08+00:00,360.0,2.07,0.0,0.0,0.0,0.0,0.0,1,0.500005,False,REGULAR,USD,MU,put,2026-07-31,0.1178082191780822,2.07,4.949900407416125e-12,-1.3709433588360298e-10,-5.386705625406598e-06,1043.18994140625,0.021973756246363108,2026-06-18
MU260731P00375000,2026-06-12 19:17:19+00:00,375.0,3.35,0.0,0.0,0.0,0.0,0.0,1,0.500005,False,REGULAR,USD,MU,put,2026-07-31,0.1178082191780822,3.35,2.1599189018713267e-11,-6.205356228861092e-10,-2.350521493664914e-05,1043.18994140625,0.021973756246363108,2026-06-18
MU260731P00380000,2026-06-16 18:39:02+00:00,380.0,2.1,0.0,0.0,0.0,0.0,2.0,23,0.500005,False,REGULAR,USD,MU,put,2026-07-31,0.1178082191780822,2.1,3.4416150831191996e-11,-1.0008631701197146e-09,-0.0008614238943510301,1043.18994140625,0.021973756246363108,2026-06-18
MU260731P00385000,2026-06-15 18:28:50+00:00,385.0,2.73,0.0,0.0,0.0,0.0,72.0,23,0.500005,False,REGULAR,USD,MU,put,2026-07-31,0.1178082191780822,2.73,5.4188348012172595e-11,-1.5951197029906439e-09,-0.0013563148883804995,1043.18994140625,0.021973756246363108,2026-06-18
MU260731P00390000,2026-06-17 14:58:20+00:00,390.0,3.5,0.0,0.0,0.0,0.0,3.0,82,0.500005,False,REGULAR,USD,MU,put,2026-07-31,0.1178082191780822,3.5,8.434017982537309e-11,-2.512982155700172e-09,-0.007526189633121187,1043.18994140625,0.021973756246363108,2026-06-18
MU260731P00400000,2026-06-17 17:19:36+00:00,400.0,2.39,0.0,0.0,0.0,0.0,18.0,41,0.500005,False,REGULAR,USD,MU,put,2026-07-31,0.1178082191780822,2.39,1.9764060545103125e-10,-6.033187172072019e-09,-0.008818339484864657,1043.18994140625,0.021973756246363108,2026-06-18
MU260731P00405000,2026-06-12 17:41:29+00:00,405.0,5.0,0.0,0.0,0.0,0.0,0.0,1,0.500005,False,REGULAR,USD,MU,put,2026-07-31,0.1178082191780822,5.0,2.9777438930148517e-10,-9.200419315291697e-09,-0.00032405156587577344,1043.18994140625,0.021973756246363108,2026-06-18
MU260731P00410000,2026-06-16 13:38:55+00:00,410.0,2.25,0.0,0.0,0.0,0.0,10.0,5,0.500005,False,REGULAR,USD,MU,put,2026-07-31,0.1178082191780822,2.25,4.4409968503700857e-10,-1.3888196481737225e-08,-0.002416446872391632,1043.18994140625,0.021973756246363108,2026-06-18
MU260731P00430000,2026-06-17 14:24:17+00:00,430.0,3.2,0.0,0.0,0.0,0.0,1.0,2,0.500005,False,REGULAR,USD,MU,put,2026-07-31,0.1178082191780822,3.2,1.996515856343839e-09,-6.552190434661043e-08,-0.004345397809809596,1043.18994140625,0.021973756246363108,2026-06-18
MU260731P00435000,2026-06-12 17:40:40+00:00,435.0,7.05,0.0,0.0,0.0,0.0,0.0,1,0.500005,False,REGULAR,USD,MU,put,2026-07-31,0.1178082191780822,7.05,2.8423723594557157e-09,-9.44119631363094e-08,-0.003093198229855449,1043.18994140625,0.021973756246363108,2026-06-18
MU260731P00440000,2026-06-17 14:36:19+00:00,440.0,3.35,0.0,0.0,0.0,0.0,1.0,22,0.500005,False,REGULAR,USD,MU,put,2026-07-31,0.1178082191780822,3.35,4.012349756677581e-09,-1.348889862029523e-07,-0.09606125274889651,1043.18994140625,0.021973756246363108,2026-06-18
MU260731P00450000,2026-06-16 14:31:00+00:00,450.0,3.53,0.0,0.0,0.0,0.0,1.0,9,0.500005,False,REGULAR,USD,MU,put,2026-07-31,0.1178082191780822,3.53,7.801531755708506e-09,-2.6867133362529216e-07,-0.07640981915327107,1043.18994140625,0.021973756246363108,2026-06-18
MU260731P00455000,2026-06-15 19:49:15+00:00,455.0,4.1,0.0,0.0,0.0,0.0,2.0,2,0.500005,False,REGULAR,USD,MU,put,2026-07-31,0.1178082191780822,4.1,1.075082185300523e-08,-3.747282170118993e-07,-0.023399061713064877,1043.18994140625,0.021973756246363108,2026-06-18
MU260731P00460000,2026-06-12 17:40:06+00:00,460.0,8.05,0.0,0.0,0.0,0.0,0.0,1,0.500005,False,REGULAR,USD,MU,put,2026-07-31,0.1178082191780822,8.05,1.4703151421107662e-08,-5.187046698829079e-07,-0.016000634750675577,1043.18994140625,0.021973756246363108,2026-06-18
MU260731P00480000,2026-06-17 17:27:18+00:00,480.0,4.32,0.0,0.0,0.0,0.0,2.0,3,0.500005,False,REGULAR,USD,MU,put,2026-07-31,0.1178082191780822,4.32,4.7875308906840305e-08,-1.772514520159696e-06,-0.1563002330835836,1043.18994140625,0.021973756246363108,2026-06-18
MU260731P00495000,2026-06-17 13:52:14+00:00,495.0,5.05,0.0,0.0,0.0,0.0,1.0,2,0.500005,False,REGULAR,USD,MU,put,2026-07-31,0.1178082191780822,5.05,1.0818584761467825e-07,-4.153559021391473e-06,-0.2354654704010802,1043.18994140625,0.021973756246363108,2026-06-18
MU260731P00500000,2026-06-17 19:46:53+00:00,500.0,5.08,0.0,0.0,0.0,0.0,12.0,66,0.500005,False,REGULAR,USD,MU,put,2026-07-31,0.1178082191780822,5.08,1.4021187958681336e-07,-5.448832950505356e-06,-10.07060422459754,1043.18994140625,0.021973756246363108,2026-06-18
MU260731P00505000,2026-06-16 15:29:15+00:00,505.0,5.79,0.0,0.0,0.0,0.0,1.0,1,0.500005,False,REGULAR,USD,MU,put,2026-07-31,0.1178082191780822,5.79,1.8063892256185087e-07,-7.105675908114506e-06,-0.19657945013872422,1043.18994140625,0.021973756246363108,2026-06-18
MU260731P00510000,2026-06-15 15:37:10+00:00,510.0,6.6,0.0,0.0,0.0,0.0,2.0,1,0.500005,False,REGULAR,USD,MU,put,2026-07-31,0.1178082191780822,6.6,2.3137444987627886e-07,-9.21280732824048e-06,-0.2517921469402872,1043.18994140625,0.021973756246363108,2026-06-18
MU260731P00515000,2026-06-15 15:37:10+00:00,515.0,6.75,0.0,0.0,0.0,0.0,0.0,2,0.500005,False,REGULAR,USD,MU,put,2026-07-31,0.1178082191780822,6.75,2.946864665630724e-07,-1.1877552917205492e-05,-0.6413822972228732,1043.18994140625,0.021973756246363108,2026-06-18
MU260731P00520000,2026-06-17 13:50:06+00:00,520.0,5.7,0.0,0.0,0.0,0.0,1.0,2,0.500005,False,REGULAR,USD,MU,put,2026-07-31,0.1178082191780822,5.7,3.732559986395934e-07,-1.5229019678431044e-05,-0.8123881379820366,1043.18994140625,0.021973756246363108,2026-06-18
MU260731P00525000,2026-06-17 19:59:20+00:00,525.0,6.68,0.0,0.0,0.0,0.0,3.0,6,0.2500075,False,REGULAR,USD,MU,put,2026-07-31,0.1178082191780822,6.68,2.53081516542049e-17,-2.220446049250313e-16,-1.652488555286055e-10,1043.18994140625,0.021973756246363108,2026-06-18
MU260731P00530000,2026-06-17 13:50:06+00:00,530.0,6.08,0.0,0.0,0.0,0.0,2.0,22,0.2500075,False,REGULAR,USD,MU,put,2026-07-31,0.1178082191780822,6.08,6.154209937271126e-17,-6.661338147750939e-16,-1.4734037461965893e-09,1043.18994140625,0.021973756246363108,2026-06-18
MU260731P00535000,2026-06-17 16:11:25+00:00,535.0,6.6,0.0,0.0,0.0,0.0,28.0,11,0.2500075,False,REGULAR,USD,MU,put,2026-07-31,0.1178082191780822,6.6,1.466343857125787e-16,-1.6653345369377348e-15,-1.75531591733406e-09,1043.18994140625,0.021973756246363108,2026-06-18
MU260731P00540000,2026-06-17 14:07:51+00:00,540.0,6.55,0.0,0.0,0.0,0.0,1.0,1,0.2500075,False,REGULAR,USD,MU,put,2026-07-31,0.1178082191780822,6.55,3.425026850944094e-16,-3.885780586188048e-15,-3.7272692148527475e-10,1043.18994140625,0.021973756246363108,2026-06-18
MU260731P00545000,2026-06-17 13:34:30+00:00,545.0,7.45,0.0,0.0,0.0,0.0,2.0,5,0.2500075,False,REGULAR,USD,MU,put,2026-07-31,0.1178082191780822,7.45,7.846265515123082e-16,-8.992806499463768e-15,-4.26933060364442e-09,1043.18994140625,0.021973756246363108,2026-06-18
MU260731P00550000,2026-06-17 19:39:36+00:00,550.0,7.5,0.0,0.0,0.0,0.0,4.0,11,0.2500075,False,REGULAR,USD,MU,put,2026-07-31,0.1178082191780822,7.5,1.7637320318817514e-15,-2.0539125955565396e-14,-2.1113103140366662e-08,1043.18994140625,0.021973756246363108,2026-06-18
MU260731P00555000,2026-06-17 13:30:54+00:00,555.0,4.54,0.0,0.0,0.0,0.0,2.0,3,0.2500075,False,REGULAR,USD,MU,put,2026-07-31,0.1178082191780822,4.54,3.89194109146274e-15,-4.596323321948148e-14,-1.2706159263158071e-08,1043.18994140625,0.021973756246363108,2026-06-18
MU260731P00560000,2026-06-17 16:05:59+00:00,560.0,8.0,0.0,0.0,0.0,0.0,5.0,5,0.2500075,False,REGULAR,USD,MU,put,2026-07-31,0.1178082191780822,8.0,8.434346500966085e-15,-1.0091927293842673e-13,-4.589318774506305e-08,1043.18994140625,0.021973756246363108,2026-06-18
MU260731P00565000,2026-06-17 13:30:54+00:00,565.0,7.05,0.0,0.0,0.0,0.0,2.0,4,0.2500075,False,REGULAR,USD,MU,put,2026-07-31,0.1178082191780822,7.05,1.7958491322962712e-14,-2.1793677973391823e-13,-7.817297179416674e-08,1043.18994140625,0.021973756246363108,2026-06-18
MU260731P00570000,2026-06-17 19:52:51+00:00,570.0,9.0,0.0,0.0,0.0,0.0,4.0,29,0.2500075,False,REGULAR,USD,MU,put,2026-07-31,0.1178082191780822,9.0,3.758353717795585e-14,-4.624078897563777e-13,-1.1861030727486398e-06,1043.18994140625,0.021973756246363108,2026-06-18
MU260731P00575000,2026-06-17 13:30:54+00:00,575.0,6.31,0.0,0.0,0.0,0.0,1.0,14,0.2500075,False,REGULAR,USD,MU,put,2026-07-31,0.1178082191780822,6.31,7.734026887313917e-14,-9.64783808399261e-13,-1.1783125274587448e-06,1043.18994140625,0.021973756246363108,2026-06-18
MU260731P00580000,2026-06-17 15:01:06+00:00,580.0,9.44,0.0,0.0,0.0,0.0,8.0,34,0.2500075,False,REGULAR,USD,MU,put,2026-07-31,0.1178082191780822,9.44,1.5655236515674277e-13,-1.9801937867214292e-12,-5.792490524274049e-06,1043.18994140625,0.021973756246363108,2026-06-18
MU260731P00585000,2026-06-16 19:57:40+00:00,585.0,11.0,0.0,0.0,0.0,0.0,1.0,10,0.2500075,False,REGULAR,USD,MU,put,2026-07-31,0.1178082191780822,11.0,3.11831720340299e-13,-3.999689468514589e-12,-3.393493896605774e-06,1043.18994140625,0.021973756246363108,2026-06-18
MU260731P00590000,2026-06-17 19:52:55+00:00,590.0,10.06,0.0,0.0,0.0,0.0,8.0,28,0.2500075,False,REGULAR,USD,MU,put,2026-07-31,0.1178082191780822,10.06,6.114256783351839e-13,-7.953193659204771e-12,-1.863067059086798e-05,1043.18994140625,0.021973756246363108,2026-06-18
MU260731P00595000,2026-06-17 14:07:14+00:00,595.0,11.35,0.0,0.0,0.0,0.0,3.0,16,0.2500075,False,REGULAR,USD,MU,put,2026-07-31,0.1178082191780822,11.35,1.1805414379190338e-12,-1.5574208589441696e-11,-2.0555497868640485e-05,1043.18994140625,0.021973756246363108,2026-06-18
MU260731P00600000,2026-06-17 19:52:55+00:00,600.0,10.78,0.0,0.0,0.0,0.0,38.0,79,0.2500075,False,REGULAR,USD,MU,put,2026-07-31,0.1178082191780822,10.78,2.2453292040549137e-12,-3.0044411403196136e-11,-0.00019303403912204954,1043.18994140625,0.021973756246363108,2026-06-18
MU260731P00605000,2026-06-17 15:53:28+00:00,605.0,11.1,0.0,0.0,0.0,0.0,11.0,9,0.2500075,False,REGULAR,USD,MU,put,2026-07-31,0.1178082191780822,11.1,4.208068969688197e-12,-5.711597861335349e-11,-4.121469975727427e-05,1043.18994140625,0.021973756246363108,2026-06-18
MU260731P00610000,2026-06-17 16:18:10+00:00,610.0,11.15,0.0,0.0,0.0,0.0,7.0,16,0.2500075,False,REGULAR,USD,MU,put,2026-07-31,0.1178082191780822,11.15,7.773711649314736e-12,-1.0703560260338918e-10,-0.00013535527691478966,1043.18994140625,0.021973756246363108,2026-06-18
MU260731P00615000,2026-06-17 16:10:04+00:00,615.0,11.44,0.0,0.0,0.0,0.0,6.0,14,0.2500075,False,REGULAR,USD,MU,put,2026-07-31,0.1178082191780822,11.44,1.4159618011091518e-11,-1.9779311521972431e-10,-0.0002157279193568235,1043.18994140625,0.021973756246363108,2026-06-18
MU260731P00620000,2026-06-17 16:37:10+00:00,620.0,11.89,0.0,0.0,0.0,0.0,1.0,9,0.2500075,False,REGULAR,USD,MU,put,2026-07-31,0.1178082191780822,11.89,2.5438011399102994e-11,-3.6052760776783543e-10,-0.0002491451565523734,1043.18994140625,0.021973756246363108,2026-06-18
MU260731P00625000,2026-06-17 13:30:52+00:00,625.0,13.05,0.0,0.0,0.0,0.0,3.0,58,0.2500075,False,REGULAR,USD,MU,put,2026-07-31,0.1178082191780822,13.05,4.508692331471009e-11,-6.483935610646085e-10,-0.00284580655786314,1043.18994140625,0.021973756246363108,2026-06-18
MU260731P00630000,2026-06-17 19:07:08+00:00,630.0,12.15,0.0,0.0,0.0,0.0,17.0,14,0.2500075,False,REGULAR,USD,MU,put,2026-07-31,0.1178082191780822,12.15,7.886378962494345e-11,-1.1508970443330213e-09,-0.0012015240266408718,1043.18994140625,0.021973756246363108,2026-06-18
MU260731P00635000,2026-06-17 13:30:52+00:00,635.0,14.05,0.0,0.0,0.0,0.0,2.0,10,0.2500075,False,REGULAR,USD,MU,put,2026-07-31,0.1178082191780822,14.05,1.361710060700661e-10,-2.0167555403460824e-09,-0.00148187451067889,1043.18994140625,0.021973756246363108,2026-06-18
MU260731P00640000,2026-06-17 13:30:52+00:00,640.0,14.53,0.0,0.0,0.0,0.0,1.0,75,0.2500075,False,REGULAR,USD,MU,put,2026-07-31,0.1178082191780822,14.53,2.321606871884868e-10,-3.4898535172800393e-09,-0.01894858244727736,1043.18994140625,0.021973756246363108,2026-06-18
MU260731P00645000,2026-06-17 15:33:47+00:00,645.0,15.0,0.0,0.0,0.0,0.0,23.0,47,0.2500075,False,REGULAR,USD,MU,put,2026-07-31,0.1178082191780822,15.0,3.9093417057526077e-10,-5.965039462374477e-09,-0.019995316017748347,1043.18994140625,0.021973756246363108,2026-06-18
MU260731P00650000,2026-06-17 18:46:27+00:00,650.0,14.2,0.0,0.0,0.0,0.0,41.0,152,0.2500075,False,REGULAR,USD,MU,put,2026-07-31,0.1178082191780822,14.2,6.503397755043096e-10,-1.0073573863955687e-08,-0.10757483446064697,1043.18994140625,0.021973756246363108,2026-06-18
MU260731P00655000,2026-06-17 13:30:52+00:00,655.0,16.23,0.0,0.0,0.0,0.0,2.0,70,0.2500075,False,REGULAR,USD,MU,put,2026-07-31,0.1178082191780822,16.23,1.0690710728888318e-09,-1.6812293890389185e-08,-0.08143880647705987,1043.18994140625,0.021973756246363108,2026-06-18
MU260731P00660000,2026-06-17 13:30:52+00:00,660.0,17.72,0.0,0.0,0.0,0.0,1.0,75,0.2500075,False,REGULAR,USD,MU,put,2026-07-31,0.1178082191780822,17.72,1.7370303025977752e-09,-2.7736373420239602e-08,-0.1417736236948275,1043.18994140625,0.021973756246363108,2026-06-18
MU260731P00665000,2026-06-17 13:30:52+00:00,665.0,17.3,0.0,0.0,0.0,0.0,2.0,12,0.2500075,False,REGULAR,USD,MU,put,2026-07-31,0.1178082191780822,17.3,2.79026190429673e-09,-4.52433859265966e-08,-0.03643787129223191,1043.18994140625,0.021973756246363108,2026-06-18
MU260731P00670000,2026-06-17 13:31:21+00:00,670.0,17.95,0.0,0.0,0.0,0.0,1.0,53,0.2500075,False,REGULAR,USD,MU,put,2026-07-31,0.1178082191780822,17.95,4.4321946590165445e-09,-7.298674786770931e-08,-0.255635684496422,1043.18994140625,0.021973756246363108,2026-06-18
MU260731P00675000,2026-06-17 15:06:04+00:00,675.0,18.72,0.0,0.0,0.0,0.0,6.0,39,0.2500075,False,REGULAR,USD,MU,put,2026-07-31,0.1178082191780822,18.72,6.963472971403099e-09,-1.164701444178462e-07,-0.2955406900465642,1043.18994140625,0.021973756246363108,2026-06-18
MU260731P00680000,2026-06-17 19:13:12+00:00,680.0,17.0,0.0,0.0,0.0,0.0,2.0,117,0.2500075,False,REGULAR,USD,MU,put,2026-07-31,0.1178082191780822,17.0,1.0823322431549147e-08,-1.8389191069889677e-07,-1.3780762242430158,1043.18994140625,0.021973756246363108,2026-06-18
MU260731P00685000,2026-06-17 13:30:52+00:00,685.0,18.96,0.0,0.0,0.0,0.0,1.0,25,0.2500075,False,REGULAR,USD,MU,put,2026-07-31,0.1178082191780822,18.96,1.6646193110675314e-08,-2.8733026469218714e-07,-0.4528785161845636,1043.18994140625,0.021973756246363108,2026-06-18
MU260731P00690000,2026-06-17 19:52:45+00:00,690.0,20.8,0.0,0.0,0.0,0.0,51.0,32,0.2500075,False,REGULAR,USD,MU,put,2026-07-31,0.1178082191780822,20.8,2.5338362082257836e-08,-4.4438753277198373e-07,-0.8823792728441496,1043.18994140625,0.021973756246363108,2026-06-18
MU260731P00695000,2026-06-17 19:32:15+00:00,695.0,18.6,0.0,0.0,0.0,0.0,7.0,60,0.2500075,False,REGULAR,USD,MU,put,2026-07-31,0.1178082191780822,18.6,3.818025272812557e-08,-6.804447619801479e-07,-2.4929687293332625,1043.18994140625,0.021973756246363108,2026-06-18
MU260731P00700000,2026-06-17 19:51:06+00:00,700.0,22.12,0.0,0.0,0.0,0.0,98.0,114,0.2500075,False,REGULAR,USD,MU,put,2026-07-31,0.1178082191780822,22.12,5.6961430160545554e-08,-1.0317179878205351e-06,-7.066632686825933,1043.18994140625,0.021973756246363108,2026-06-18
MU260731P00705000,2026-06-17 16:33:17+00:00,705.0,21.4,0.0,0.0,0.0,0.0,4.0,28,0.2500075,False,REGULAR,USD,MU,put,2026-07-31,0.1178082191780822,21.4,8.415653348835191e-08,-1.5493543492617334e-06,-2.564322548179461,1043.18994140625,0.021973756246363108,2026-06-18
MU260731P00710000,2026-06-17 15:46:50+00:00,710.0,23.44,0.0,0.0,0.0,0.0,6.0,12,0.2500075,False,REGULAR,USD,MU,put,2026-07-31,0.1178082191780822,23.44,1.2315176376736752e-07,-2.3048603382536115e-06,-1.608231869078866,1043.18994140625,0.021973756246363108,2026-06-18
MU260731P00715000,2026-06-17 19:27:08+00:00,715.0,21.1,0.0,0.0,0.0,0.0,33.0,34,0.2500075,False,REGULAR,USD,MU,put,2026-07-31,0.1178082191780822,21.1,1.7853289880259792e-07,-3.3972155094597056e-06,-6.605777712459457,1043.18994140625,0.021973756246363108,2026-06-18
MU260731P00720000,2026-06-17 19:40:24+00:00,720.0,23.7,0.0,0.0,0.0,0.0,17.0,13,0.2500075,False,REGULAR,USD,MU,put,2026-07-31,0.1178082191780822,23.7,2.564470683418434e-07,-4.962092158833364e-06,-3.6280049648317676,1043.18994140625,0.021973756246363108,2026-06-18
MU260731P00725000,2026-06-17 19:57:40+00:00,725.0,25.9,0.0,0.0,0.0,0.0,13.0,37,0.2500075,False,REGULAR,USD,MU,put,2026-07-31,0.1178082191780822,25.9,3.650515887699227e-07,-7.183673432553661e-06,-14.698829378918878,1043.18994140625,0.021973756246363108,2026-06-18
MU260731P00730000,2026-06-17 19:39:37+00:00,730.0,25.0,0.0,0.0,0.0,0.0,6.0,23,0.2500075,False,REGULAR,USD,MU,put,2026-07-31,0.1178082191780822,25.0,5.15063896135651e-07,-1.0309636866878691e-05,-12.891864329193488,1043.18994140625,0.021973756246363108,2026-06-18
MU260731P00735000,2026-06-17 19:50:23+00:00,735.0,25.1,0.0,0.0,0.0,0.0,3.0,88,0.2500075,False,REGULAR,USD,MU,put,2026-07-31,0.1178082191780822,25.1,7.204268813432758e-07,-1.466994451637671e-05,-68.9920998244389,1043.18994140625,0.021973756246363108,2026-06-18
MU260731P00740000,2026-06-17 19:34:04+00:00,740.0,25.0,0.0,0.0,0.0,0.0,29.0,39,0.2500075,False,REGULAR,USD,MU,put,2026-07-31,0.1178082191780822,25.0,9.991035574868773e-07,-2.0700150664798578e-05,-42.403518477095844,1043.18994140625,0.021973756246363108,2026-06-18
MU260731P00745000,2026-06-17 19:52:18+00:00,745.0,29.89,0.0,0.0,0.0,0.0,76.0,55,0.2500075,False,REGULAR,USD,MU,put,2026-07-31,0.1178082191780822,29.89,1.3740138042379506e-06,-2.8969998828065613e-05,-82.23952006533713,1043.18994140625,0.021973756246363108,2026-06-18
MU260731P00750000,2026-06-17 19:53:51+00:00,750.0,31.0,0.0,0.0,0.0,0.0,76.0,107,0.12500875,False,REGULAR,USD,MU,put,2026-07-31,0.1178082191780822,31.0,4.631984413179041e-16,-2.6645352591003757e-15,-5.393586507303542e-08,1043.18994140625,0.021973756246363108,2026-06-18
MU260731P00755000,2026-06-17 19:59:42+00:00,755.0,33.0,0.0,0.0,0.0,0.0,25.0,38,0.12500875,False,REGULAR,USD,MU,put,2026-07-31,0.1178082191780822,33.0,1.5367106958519319e-15,-8.881784197001252e-15,-6.354808860952168e-08,1043.18994140625,0.021973756246363108,2026-06-18
MU260731P00760000,2026-06-17 18:46:08+00:00,760.0,28.0,0.0,0.0,0.0,0.0,45.0,65,0.12500875,False,REGULAR,USD,MU,put,2026-07-31,0.1178082191780822,28.0,4.939320935353127e-15,-2.8976820942716586e-14,-3.493875167344763e-07,1043.18994140625,0.021973756246363108,2026-06-18
MU260731P00765000,2026-06-17 19:42:16+00:00,765.0,32.25,0.0,0.0,0.0,0.0,20.0,40,0.12500875,False,REGULAR,USD,MU,put,2026-07-31,0.1178082191780822,32.25,1.5390056407176486e-14,-9.192646643896296e-14,-6.699262336644673e-07,1043.18994140625,0.021973756246363108,2026-06-18
MU260731P00770000,2026-06-17 19:52:33+00:00,770.0,34.9,0.0,0.0,0.0,0.0,74.0,38,0.12500875,False,REGULAR,USD,MU,put,2026-07-31,0.1178082191780822,34.9,4.651071572466171e-14,-2.83550960489265e-13,-1.9233724943422047e-06,1043.18994140625,0.021973756246363108,2026-06-18
MU260731P00775000,2026-06-17 19:16:50+00:00,775.0,31.0,0.0,0.0,0.0,0.0,105.0,68,0.12500875,False,REGULAR,USD,MU,put,2026-07-31,0.1178082191780822,31.0,1.3640872116843752e-13,-8.487655023259322e-13,-1.0094337750891313e-05,1043.18994140625,0.021973756246363108,2026-06-18
MU260731P00780000,2026-06-17 18:04:32+00:00,780.0,34.95,0.0,0.0,0.0,0.0,26.0,154,0.12500875,False,REGULAR,USD,MU,put,2026-07-31,0.1178082191780822,34.95,3.884531269770592e-13,-2.4674706722294104e-12,-6.510076985357063e-05,1043.18994140625,0.021973756246363108,2026-06-18
MU260731P00785000,2026-06-17 19:50:23+00:00,785.0,34.77,0.0,0.0,0.0,0.0,33.0,37,0.12500875,False,REGULAR,USD,MU,put,2026-07-31,0.1178082191780822,34.77,1.0746531165042196e-12,-6.970646282411508e-12,-4.327098768216738e-05,1043.18994140625,0.021973756246363108,2026-06-18
MU260731P00790000,2026-06-17 19:23:00+00:00,790.0,34.44,0.0,0.0,0.0,0.0,87.0,70,0.12500875,False,REGULAR,USD,MU,put,2026-07-31,0.1178082191780822,34.44,2.8896943954340766e-12,-1.9146129126568212e-11,-0.00022012873476380326,1043.18994140625,0.021973756246363108,2026-06-18
MU260731P00795000,2026-06-17 18:05:28+00:00,795.0,39.34,0.0,0.0,0.0,0.0,4.0,59,0.12500875,False,REGULAR,USD,MU,put,2026-07-31,0.1178082191780822,39.34,7.556231415263743e-12,-5.115552426104841e-11,-0.0004851589455050531,1043.18994140625,0.021973756246363108,2026-06-18
MU260731P00800000,2026-06-17 19:23:00+00:00,800.0,36.59,0.0,0.0,0.0,0.0,53.0,88,0.12500875,False,REGULAR,USD,MU,put,2026-07-31,0.1178082191780822,36.59,1.9223802047077608e-11,-1.330214827177656e-10,-0.0018409785978061911,1043.18994140625,0.021973756246363108,2026-06-18
MU260731P00805000,2026-06-17 19:54:07+00:00,805.0,43.45,0.0,0.0,0.0,0.0,4.0,2,0.12500875,False,REGULAR,USD,MU,put,2026-07-31,0.1178082191780822,43.45,4.7605850435375206e-11,-3.368063605790894e-10,-0.00010361368158369195,1043.18994140625,0.021973756246363108,2026-06-18
MU260731P00810000,2026-06-17 19:58:37+00:00,810.0,45.9,0.0,0.0,0.0,0.0,25.0,32,0.12500875,False,REGULAR,USD,MU,put,2026-07-31,0.1178082191780822,45.9,1.1480746712937575e-10,-8.307587950895368e-10,-0.0039980377987269755,1043.18994140625,0.021973756246363108,2026-06-18
MU260731P00815000,2026-06-17 15:39:48+00:00,815.0,44.44,0.0,0.0,0.0,0.0,2.0,26,0.12500875,False,REGULAR,USD,MU,put,2026-07-31,0.1178082191780822,44.44,2.697528539268609e-10,-1.9971411191477273e-09,-0.007632488837966608,1043.18994140625,0.021973756246363108,2026-06-18
MU260731P00820000,2026-06-17 15:42:28+00:00,820.0,46.48,0.0,0.0,0.0,0.0,17.0,27,0.12500875,False,REGULAR,USD,MU,put,2026-07-31,0.1178082191780822,46.48,6.177903271654964e-10,-4.681451892807331e-09,-0.01815229956815144,1043.18994140625,0.021973756246363108,2026-06-18
MU260731P00825000,2026-06-17 13:30:50+00:00,825.0,49.22,0.0,0.0,0.0,0.0,2.0,35,0.12500875,False,REGULAR,USD,MU,put,2026-07-31,0.1178082191780822,49.22,1.3796983984824586e-09,-1.0704967579044933e-08,-0.05255075818631111,1043.18994140625,0.021973756246363108,2026-06-18
MU260731P00830000,2026-06-17 19:42:18+00:00,830.0,47.85,0.0,0.0,0.0,0.0,30.0,102,0.12500875,False,REGULAR,USD,MU,put,2026-07-31,0.1178082191780822,47.85,3.005937888151192e-09,-2.388990127943913e-08,-0.33366215929549986,1043.18994140625,0.021973756246363108,2026-06-18
MU260731P00835000,2026-06-17 19:17:20+00:00,835.0,44.4,0.0,0.0,0.0,0.0,22.0,32,0.12500875,False,REGULAR,USD,MU,put,2026-07-31,0.1178082191780822,44.4,6.391598074349527e-09,-5.205412589859293e-08,-0.2225800406059259,1043.18994140625,0.021973756246363108,2026-06-18
MU260731P00840000,2026-06-17 19:16:44+00:00,840.0,45.8,0.0,0.0,0.0,0.0,65.0,84,0.12500875,False,REGULAR,USD,MU,put,2026-07-31,0.1178082191780822,45.8,1.3269345309682954e-08,-1.1078778239248521e-07,-1.2129853726178856,1043.18994140625,0.021973756246363108,2026-06-18
MU260731P00845000,2026-06-17 19:16:44+00:00,845.0,47.05,0.0,0.0,0.0,0.0,128.0,70,0.12500875,False,REGULAR,USD,MU,put,2026-07-31,0.1178082191780822,47.05,2.6907499322181843e-08,-2.3041206875795694e-07,-2.049737090125767,1043.18994140625,0.021973756246363108,2026-06-18
MU260731P00850000,2026-06-17 19:54:10+00:00,850.0,56.6,0.0,0.0,0.0,0.0,106.0,48,0.12500875,False,REGULAR,USD,MU,put,2026-07-31,0.1178082191780822,56.6,5.3315139506854576e-08,-4.684602153970374e-07,-2.784957481283894,1043.18994140625,0.021973756246363108,2026-06-18
MU260731P00855000,2026-06-17 19:45:15+00:00,855.0,55.36,0.0,0.0,0.0,0.0,18.0,24,0.12500875,False,REGULAR,USD,MU,put,2026-07-31,0.1178082191780822,55.36,1.0326357142006975e-07,-9.314696676199219e-07,-2.6970261958467066,1043.18994140625,0.021973756246363108,2026-06-18
MU260731P00860000,2026-06-17 19:45:15+00:00,860.0,56.96,0.0,0.0,0.0,0.0,62.0,32,0.12500875,False,REGULAR,USD,MU,put,2026-07-31,0.1178082191780822,56.96,1.9558054747661555e-07,-1.812026796277344e-06,-6.810867281185322,1043.18994140625,0.021973756246363108,2026-06-18
MU260731P00865000,2026-06-17 19:42:42+00:00,865.0,58.6,0.0,0.0,0.0,0.0,94.0,44,0.12500875,False,REGULAR,USD,MU,put,2026-07-31,0.1178082191780822,58.6,3.623641879055358e-07,-3.4500780674573406e-06,-17.35100873676873,1043.18994140625,0.021973756246363108,2026-06-18
MU260731P00870000,2026-06-17 19:42:42+00:00,870.0,60.25,0.0,0.0,0.0,0.0,84.0,24,0.12500875,False,REGULAR,USD,MU,put,2026-07-31,0.1178082191780822,60.25,6.56994697329993e-07,-6.431724045796727e-06,-17.1593126681941,1043.18994140625,0.021973756246363108,2026-06-18
MU260731P00875000,2026-06-17 18:08:57+00:00,875.0,61.4,0.0,0.0,0.0,0.0,30.0,34,0.12500875,False,REGULAR,USD,MU,put,2026-07-31,0.1178082191780822,61.4,1.1660793980786396e-06,-1.1744193542218007e-05,-43.1453325994723,1043.18994140625,0.021973756246363108,2026-06-18
MU260731P00880000,2026-06-17 19:33:10+00:00,880.0,57.64,0.0,0.0,0.0,0.0,38.0,21,0.12500875,False,REGULAR,USD,MU,put,2026-07-31,0.1178082191780822,57.64,2.0267193168870597e-06,-2.1012462799285814e-05,-46.316921227307624,1043.18994140625,0.021973756246363108,2026-06-18
MU260731P00885000,2026-06-17 19:47:27+00:00,885.0,64.85,0.0,0.0,0.0,0.0,44.0,30,0.12500875,False,REGULAR,USD,MU,put,2026-07-31,0.1178082191780822,64.85,3.450681208453544e-06,-3.6850802227927915e-05,-112.65562342959022,1043.18994140625,0.021973756246363108,2026-06-18
MU260731P00890000,2026-06-17 19:36:50+00:00,890.0,62.43,0.0,0.0,0.0,0.0,54.0,61,0.062509375,False,REGULAR,USD,MU,put,2026-07-31,0.1178082191780822,62.43,3.987349731223248e-15,-1.1546319456101628e-14,-2.6469207964735604e-07,1043.18994140625,0.021973756246363108,2026-06-18
MU260731P00895000,2026-06-17 19:21:40+00:00,895.0,64.09,0.0,0.0,0.0,0.0,62.0,55,0.062509375,False,REGULAR,USD,MU,put,2026-07-31,0.1178082191780822,64.09,2.8276190930482458e-14,-8.43769498715119e-14,-1.6924286817397952e-06,1043.18994140625,0.021973756246363108,2026-06-18
MU260731P00900000,2026-06-17 19:32:59+00:00,900.0,63.9,0.0,0.0,0.0,0.0,136.0,188,0.062509375,False,REGULAR,USD,MU,put,2026-07-31,0.1178082191780822,63.9,1.8537645057542267e-13,-5.725420137991932e-13,-3.792618799272238e-05,1043.18994140625,0.021973756246363108,2026-06-18
MU260731P00905000,2026-06-17 19:30:51+00:00,905.0,65.99,0.0,0.0,0.0,0.0,4.0,14,0.062509375,False,REGULAR,USD,MU,put,2026-07-31,0.1178082191780822,65.99,1.124929753140105e-12,-3.6000091796495326e-12,-1.7138792506789713e-05,1043.18994140625,0.021973756246363108,2026-06-18
MU260731P00910000,2026-06-17 19:42:53+00:00,910.0,74.8,0.0,0.0,0.0,0.0,7.0,6,0.062509375,False,REGULAR,USD,MU,put,2026-07-31,0.1178082191780822,74.8,6.326489944762044e-12,-2.1002088956834086e-11,-4.1308635935546876e-05,1043.18994140625,0.021973756246363108,2026-06-18
MU260731P00915000,2026-06-17 19:17:10+00:00,915.0,69.25,0.0,0.0,0.0,0.0,24.0,46,0.062509375,False,REGULAR,USD,MU,put,2026-07-31,0.1178082191780822,69.25,3.301305878402758e-11,-1.1381395825793561e-10,-0.001652610008694082,1043.18994140625,0.021973756246363108,2026-06-18
MU260731P00920000,2026-06-17 13:50:19+00:00,920.0,86.0,0.0,0.0,0.0,0.0,4.0,7,0.062509375,False,REGULAR,USD,MU,put,2026-07-31,0.1178082191780822,86.0,1.6003058389795873e-10,-5.736496833108617e-10,-0.0012190676637859014,1043.18994140625,0.021973756246363108,2026-06-18
MU260731P00925000,2026-06-17 19:17:10+00:00,925.0,72.9,0.0,0.0,0.0,0.0,39.0,24,0.062509375,False,REGULAR,USD,MU,put,2026-07-31,0.1178082191780822,72.9,7.214617510748956e-10,-2.692461587017192e-09,-0.018843055834617917,1043.18994140625,0.021973756246363108,2026-06-18
MU260731P00930000,2026-06-17 19:50:01+00:00,930.0,83.6,0.0,0.0,0.0,0.0,46.0,68,0.062509375,False,REGULAR,USD,MU,put,2026-07-31,0.1178082191780822,83.6,3.028348456227221e-09,-1.178237241106217e-08,-0.2240998367457829,1043.18994140625,0.021973756246363108,2026-06-18
MU260731P00935000,2026-06-17 19:17:10+00:00,935.0,76.55,0.0,0.0,0.0,0.0,82.0,36,0.062509375,False,REGULAR,USD,MU,put,2026-07-31,0.1178082191780822,76.55,1.1848414576963777e-08,-4.8130436303139845e-08,-0.4641833134455088,1043.18994140625,0.021973756246363108,2026-06-18
MU260731P00940000,2026-06-17 18:50:51+00:00,940.0,78.22,0.0,0.0,0.0,0.0,47.0,43,0.062509375,False,REGULAR,USD,MU,put,2026-07-31,0.1178082191780822,78.22,4.325605519722922e-08,-1.8375088439714915e-07,-2.0241474610544943,1043.18994140625,0.021973756246363108,2026-06-18
MU260731P00945000,2026-06-17 17:55:48+00:00,945.0,85.82,0.0,0.0,0.0,0.0,43.0,41,0.062509375,False,REGULAR,USD,MU,put,2026-07-31,0.1178082191780822,85.82,1.475119642296893e-07,-6.564122522201288e-07,-6.581696993328173,1043.18994140625,0.021973756246363108,2026-06-18
MU260731P00950000,2026-06-17 19:45:23+00:00,950.0,89.6,0.0,0.0,0.0,0.0,55.0,53,0.062509375,False,REGULAR,USD,MU,put,2026-07-31,0.1178082191780822,89.6,4.70385404669522e-07,-2.1967151309087996e-06,-27.130418257961004,1043.18994140625,0.021973756246363108,2026-06-18
MU260731P00955000,2026-06-17 19:36:41+00:00,955.0,87.25,0.0,0.0,0.0,0.0,35.0,20,0.062509375,False,REGULAR,USD,MU,put,2026-07-31,0.1178082191780822,87.25,1.4040115539235955e-06,-6.894950067115602e-06,-30.55817819819132,1043.18994140625,0.021973756246363108,2026-06-18
MU260731P00960000,2026-06-17 19:37:18+00:00,960.0,88.9,0.0,0.0,0.0,0.0,80.0,32,0.062509375,False,REGULAR,USD,MU,put,2026-07-31,0.1178082191780822,88.9,3.926570334040211e-06,-2.0321643377285703e-05,-136.7382889578267,1043.18994140625,0.021973756246363108,2026-06-18
MU260731P00965000,2026-06-17 18:53:52+00:00,965.0,88.0,0.0,0.0,0.0,0.0,73.0,25,0.062509375,False,REGULAR,USD,MU,put,2026-07-31,0.1178082191780822,88.0,1.0299338777653683e-05,-5.63076912197813e-05,-280.2051635646747,1043.18994140625,0.021973756246363108,2026-06-18
MU260731P00970000,2026-06-17 19:31:31+00:00,970.0,90.35,0.0,0.0,0.0,0.0,10.0,22,0.0312596875,False,REGULAR,USD,MU,put,2026-07-31,0.1178082191780822,90.35,1.65501992588095e-13,-2.517985819849855e-13,-3.9623486746119495e-06,1043.18994140625,0.021973756246363108,2026-06-18
MU260731P00975000,2026-06-17 18:44:28+00:00,975.0,92.95,0.0,0.0,0.0,0.0,21.0,42,0.0312596875,False,REGULAR,USD,MU,put,2026-07-31,0.1178082191780822,92.95,4.703278183055521e-12,-7.643219390729428e-12,-0.0002149694467305819,1043.18994140625,0.021973756246363108,2026-06-18
MU260731P00980000,2026-06-17 19:06:54+00:00,980.0,94.35,0.0,0.0,0.0,0.0,14.0,22,0.0312596875,False,REGULAR,USD,MU,put,2026-07-31,0.1178082191780822,94.35,1.0461695491022644e-10,-1.823708961623538e-10,-0.002504675902375159,1043.18994140625,0.021973756246363108,2026-06-18
MU260731P00985000,2026-06-17 19:09:10+00:00,985.0,96.5,0.0,0.0,0.0,0.0,6.0,18,0.0312596875,False,REGULAR,USD,MU,put,2026-07-31,0.1178082191780822,96.5,1.8280695249525905e-09,-3.434407092051117e-09,-0.03580898371631333,1043.18994140625,0.021973756246363108,2026-06-18
MU260731P00990000,2026-06-17 19:52:29+00:00,990.0,113.45,0.0,0.0,0.0,0.0,8.0,21,0.0312596875,False,REGULAR,USD,MU,put,2026-07-31,0.1178082191780822,113.45,2.5184229656664737e-08,-5.12631188609447e-08,-0.5755389863110317,1043.18994140625,0.021973756246363108,2026-06-18
MU260731P00995000,2026-06-17 17:31:16+00:00,995.0,106.99,0.0,0.0,0.0,0.0,19.0,46,0.0312596875,False,REGULAR,USD,MU,put,2026-07-31,0.1178082191780822,106.99,2.74496982266423e-07,-6.091020965381944e-07,-13.741121754803633,1043.18994140625,0.021973756246363108,2026-06-18
MU260731P01000000,2026-06-17 19:45:42+00:00,1000.0,113.0,0.0,0.0,0.0,0.0,46.0,135,0.0312596875,False,REGULAR,USD,MU,put,2026-07-31,0.1178082191780822,113.0,2.3753039266761584e-06,-5.786725359113731e-06,-348.96328532901765,1043.18994140625,0.021973756246363108,2026-06-18
MU260731P01005000,2026-06-16 19:42:00+00:00,1005.0,127.58,0.0,0.0,0.0,0.0,7.0,5,0.0312596875,False,REGULAR,USD,MU,put,2026-07-31,0.1178082191780822,127.58,1.6373671015750757e-05,-4.41605883806373e-05,-89.09284885505654,1043.18994140625,0.021973756246363108,2026-06-18
MU260731P01010000,2026-06-17 19:11:02+00:00,1010.0,108.5,0.0,0.0,0.0,0.0,7.0,23,0.015634843750000002,False,REGULAR,USD,MU,put,2026-07-31,0.1178082191780822,108.5,3.1390838516926266e-12,-2.494338069425339e-12,-7.857014137004347e-05,1043.18994140625,0.021973756246363108,2026-06-18
MU260731P01015000,2026-06-17 19:11:02+00:00,1015.0,110.83,0.0,0.0,0.0,0.0,2.0,11,0.015634843750000002,False,REGULAR,USD,MU,put,2026-07-31,0.1178082191780822,110.83,1.182646852769886e-09,-1.0774902081678306e-09,-0.014157108069597437,1043.18994140625,0.021973756246363108,2026-06-18
MU260731P01020000,2026-06-17 19:02:07+00:00,1020.0,115.88,0.0,0.0,0.0,0.0,12.0,11,0.015634843750000002,False,REGULAR,USD,MU,put,2026-07-31,0.1178082191780822,115.88,1.8671850190689487e-07,-1.989411427816279e-07,-2.2351507585701795,1043.18994140625,0.021973756246363108,2026-06-18
MU260731P01025000,2026-06-17 16:37:20+00:00,1025.0,125.87,0.0,0.0,0.0,0.0,3.0,7,0.015634843750000002,False,REGULAR,USD,MU,put,2026-07-31,0.1178082191780822,125.87,1.2510498885078755e-05,-1.600026017001266e-05,-95.30143724498163,1043.18994140625,0.021973756246363108,2026-06-18
MU260731P01030000,2026-06-17 19:02:07+00:00,1030.0,120.72,0.0,0.0,0.0,0.0,21.0,22,0.007822421875,False,REGULAR,USD,MU,put,2026-07-31,0.1178082191780822,120.72,9.799838744044921e-11,-4.1318060084449826e-11,-0.0023462181603770248,1043.18994140625,0.021973756246363108,2026-06-18
MU260731P01035000,2026-06-17 15:16:15+00:00,1035.0,138.38,0.0,0.0,0.0,0.0,6.0,11,0.0039162109375,False,REGULAR,USD,MU,put,2026-07-31,0.1178082191780822,138.38,2.446786430328521e-20,0.0,-2.92897409199172e-13,1043.18994140625,0.021973756246363108,2026-06-18
MU260731P01040000,2026-06-17 19:12:57+00:00,1040.0,124.16,0.0,0.0,0.0,0.0,34.0,27,0.00196310546875,False,REGULAR,USD,MU,put,2026-07-31,0.1178082191780822,124.16,6.922087236317092e-30,0.0,-2.0338907170497863e-22,1043.18994140625,0.021973756246363108,2026-06-18
MU260821C00090000,2026-05-13 19:48:31+00:00,90.0,722.92,956.3,969.85,0.0,0.0,2.0,24,3.7277838836669916,True,REGULAR,USD,MU,call,2026-08-21,0.17534246575342466,963.075,1.5317710078797288e-05,0.9907302243654854,400.06620703486703,1043.18994140625,0.021973756246363108,2026-06-18
MU260821C01050000,2026-06-17 19:59:41+00:00,1050.0,172.84,0.0,0.0,0.0,0.0,176.0,687,0.0039162109375,False,REGULAR,USD,MU,call,2026-08-21,0.17534246575342466,172.84,0.2222728908715405,0.6216706416859313,166176656.54435438,1043.18994140625,0.021973756246363108,2026-06-18
MU260821C01060000,2026-06-17 19:47:39+00:00,1060.0,178.1,0.0,0.0,0.0,0.0,320.0,477,0.007822421875,False,REGULAR,USD,MU,call,2026-08-21,0.17534246575342466,178.1,0.0027546936552527474,0.0030961382100804942,1429942.155260091,1043.18994140625,0.021973756246363108,2026-06-18
MU260821C01070000,2026-06-17 19:59:56+00:00,1070.0,165.6,0.0,0.0,0.0,0.0,41.0,299,0.015634843750000002,False,REGULAR,USD,MU,call,2026-08-21,0.17534246575342466,165.6,0.0011545887356425202,0.0025444266584539236,375686.2378021877,1043.18994140625,0.021973756246363108,2026-06-18
MU260821C01080000,2026-06-17 19:33:49+00:00,1080.0,181.05,0.0,0.0,0.0,0.0,72.0,458,0.015634843750000002,False,REGULAR,USD,MU,call,2026-08-21,0.17534246575342466,181.05,7.858990570714008e-06,1.2094566374261607e-05,3917.0492083974214,1043.18994140625,0.021973756246363108,2026-06-18
MU260821C01090000,2026-06-17 19:54:25+00:00,1090.0,158.0,0.0,0.0,0.0,0.0,85.0,231,0.015634843750000002,False,REGULAR,USD,MU,call,2026-08-21,0.17534246575342466,158.0,7.648322326379568e-09,9.009433978171371e-09,1.9226708589411114,1043.18994140625,0.021973756246363108,2026-06-18
MU260821C01100000,2026-06-17 19:59:58+00:00,1100.0,154.64,0.0,0.0,0.0,0.0,542.0,2689,0.0312596875,False,REGULAR,USD,MU,call,2026-08-21,0.17534246575342466,154.64,6.199250180931452e-05,0.0002251596391850536,181408.1303399849,1043.18994140625,0.021973756246363108,2026-06-18
MU260821C01110000,2026-06-17 18:52:34+00:00,1110.0,172.3,0.0,0.0,0.0,0.0,158.0,367,0.0312596875,False,REGULAR,USD,MU,call,2026-08-21,0.17534246575342466,172.3,4.315447218381203e-06,1.3342022095145716e-05,1723.5292379890368,1043.18994140625,0.021973756246363108,2026-06-18
MU260821C01120000,2026-06-17 19:12:30+00:00,1120.0,162.9,0.0,0.0,0.0,0.0,50.0,224,0.0312596875,False,REGULAR,USD,MU,call,2026-08-21,0.17534246575342466,162.9,1.9199287295302218e-07,5.165261663779067e-07,46.80151453922069,1043.18994140625,0.021973756246363108,2026-06-18
MU260821C01130000,2026-06-17 19:34:19+00:00,1130.0,157.15,0.0,0.0,0.0,0.0,21.0,125,0.0312596875,False,REGULAR,USD,MU,call,2026-08-21,0.17534246575342466,157.15,5.525684245638201e-09,1.3159017838634355e-08,0.751662456824498,1043.18994140625,0.021973756246363108,2026-06-18
MU260821C01140000,2026-06-17 18:52:20+00:00,1140.0,160.27,0.0,0.0,0.0,0.0,30.0,222,0.0312596875,False,REGULAR,USD,MU,call,2026-08-21,0.17534246575342466,160.27,1.0409422024082896e-10,2.2242858189111816e-10,0.025148169130953475,1043.18994140625,0.021973756246363108,2026-06-18
MU260821C01150000,2026-06-17 19:50:23+00:00,1150.0,138.87,0.0,0.0,0.0,0.0,45.0,783,0.062509375,False,REGULAR,USD,MU,call,2026-08-21,0.17534246575342466,138.87,3.89454791433961e-05,0.000287590303784603,33185.28831118367,1043.18994140625,0.021973756246363108,2026-06-18
MU260821C01160000,2026-06-17 19:00:06+00:00,1160.0,145.95,0.0,0.0,0.0,0.0,9.0,127,0.062509375,False,REGULAR,USD,MU,call,2026-08-21,0.17534246575342466,145.95,1.1805691687647565e-05,8.03800658555379e-05,1631.6309693341173,1043.18994140625,0.021973756246363108,2026-06-18
MU260821C01170000,2026-06-17 17:56:58+00:00,1170.0,136.35,0.0,0.0,0.0,0.0,2.0,136,0.062509375,False,REGULAR,USD,MU,call,2026-08-21,0.17534246575342466,136.35,3.2454020350079237e-06,2.0500484539342267e-05,480.32389715533947,1043.18994140625,0.021973756246363108,2026-06-18
MU260821C01180000,2026-06-17 19:59:29+00:00,1180.0,127.35,0.0,0.0,0.0,0.0,18.0,432,0.062509375,False,REGULAR,USD,MU,call,2026-08-21,0.17534246575342466,127.35,8.111636093642394e-07,4.7796357783046734e-06,381.3458175305664,1043.18994140625,0.021973756246363108,2026-06-18
MU260821C01190000,2026-06-17 18:46:58+00:00,1190.0,140.0,0.0,0.0,0.0,0.0,2.0,216,0.062509375,False,REGULAR,USD,MU,call,2026-08-21,0.17534246575342466,140.0,1.8479765978509135e-07,1.0205588816570452e-06,43.43871805572886,1043.18994140625,0.021973756246363108,2026-06-18
MU260821C01200000,2026-06-17 19:59:35+00:00,1200.0,120.86,0.0,0.0,0.0,0.0,493.0,1851,0.062509375,False,REGULAR,USD,MU,call,2026-08-21,0.17534246575342466,120.86,3.846661694366384e-08,1.9994248729301276e-07,77.4849207565294,1043.18994140625,0.021973756246363108,2026-06-18
MU260821C01210000,2026-06-17 19:45:00+00:00,1210.0,123.46,0.0,0.0,0.0,0.0,19.0,307,0.062509375,False,REGULAR,USD,MU,call,2026-08-21,0.17534246575342466,123.46,7.3331417031653595e-09,3.600911449218789e-08,2.4499387928663627,1043.18994140625,0.021973756246363108,2026-06-18
MU260821C01220000,2026-06-17 19:59:33+00:00,1220.0,115.2,0.0,0.0,0.0,0.0,15.0,155,0.062509375,False,REGULAR,USD,MU,call,2026-08-21,0.17534246575342466,115.2,1.2832242576423942e-09,5.972773554562089e-09,0.2164517197409352,1043.18994140625,0.021973756246363108,2026-06-18
MU260821C01230000,2026-06-17 19:44:43+00:00,1230.0,117.7,0.0,0.0,0.0,0.0,18.0,164,0.062509375,False,REGULAR,USD,MU,call,2026-08-21,0.17534246575342466,117.7,2.0657570712093935e-10,9.141273892332649e-10,0.03686802538499128,1043.18994140625,0.021973756246363108,2026-06-18
MU260821C01240000,2026-06-17 17:59:04+00:00,1240.0,116.4,0.0,0.0,0.0,0.0,4.0,65,0.062509375,False,REGULAR,USD,MU,call,2026-08-21,0.17534246575342466,116.4,3.0658367276536956e-11,1.2933224402077868e-10,0.0021686484741686393,1043.18994140625,0.021973756246363108,2026-06-18
MU260821C01250000,2026-06-17 19:55:57+00:00,1250.0,108.0,0.0,0.0,0.0,0.0,164.0,1462,0.062509375,False,REGULAR,USD,MU,call,2026-08-21,0.17534246575342466,108.0,4.20351800317142e-12,1.6946022169450648e-11,0.006687858351019589,1043.18994140625,0.021973756246363108,2026-06-18
MU260821C01260000,2026-06-17 13:43:00+00:00,1260.0,104.0,0.0,0.0,0.0,0.0,4.0,237,0.062509375,False,REGULAR,USD,MU,call,2026-08-21,0.17534246575342466,104.0,5.335131211351881e-13,2.060005271107581e-12,0.00013760056990041886,1043.18994140625,0.021973756246363108,2026-06-18
MU260821C01270000,2026-06-17 19:13:44+00:00,1270.0,119.7,0.0,0.0,0.0,0.0,119.0,209,0.062509375,False,REGULAR,USD,MU,call,2026-08-21,0.17534246575342466,119.7,6.280495761888519e-14,2.327411805497425e-13,1.4284564182838889e-05,1043.18994140625,0.021973756246363108,2026-06-18
MU260821C01280000,2026-06-17 19:15:00+00:00,1280.0,118.2,0.0,0.0,0.0,0.0,6.0,929,0.12500875,False,REGULAR,USD,MU,call,2026-08-21,0.17534246575342466,118.2,6.505562632145801e-06,8.912488506417663e-05,6576.992674341666,1043.18994140625,0.021973756246363108,2026-06-18
MU260821C01290000,2026-06-17 17:48:02+00:00,1290.0,100.9,0.0,0.0,0.0,0.0,8.0,99,0.12500875,False,REGULAR,USD,MU,call,2026-08-21,0.17534246575342466,100.9,3.6854843392159605e-06,4.8762610590247435e-05,397.06037318916583,1043.18994140625,0.021973756246363108,2026-06-18
MU260821C01300000,2026-06-17 19:59:41+00:00,1300.0,95.1,0.0,0.0,0.0,0.0,142.0,996,0.12500875,False,REGULAR,USD,MU,call,2026-08-21,0.17534246575342466,95.1,2.051739240077721e-06,2.6252498411540062e-05,2223.8643081941777,1043.18994140625,0.021973756246363108,2026-06-18
MU260821C01310000,2026-06-17 15:51:47+00:00,1310.0,95.3,0.0,0.0,0.0,0.0,2.0,62,0.12500875,False,REGULAR,USD,MU,call,2026-08-21,0.17534246575342466,95.3,1.1229392830745507e-06,1.3912375152661055e-05,75.76606740047312,1043.18994140625,0.021973756246363108,2026-06-18
MU260821C01320000,2026-06-17 19:58:32+00:00,1320.0,90.9,0.0,0.0,0.0,0.0,4.0,157,0.12500875,False,REGULAR,USD,MU,call,2026-08-21,0.17534246575342466,90.9,6.044774845173483e-07,7.259855761870954e-06,103.27770131298655,1043.18994140625,0.021973756246363108,2026-06-18
MU260821C01330000,2026-06-17 19:42:07+00:00,1330.0,93.0,0.0,0.0,0.0,0.0,7.0,179,0.12500875,False,REGULAR,USD,MU,call,2026-08-21,0.17534246575342466,93.0,3.2016344356022936e-07,3.73162194021188e-06,62.3665262760812,1043.18994140625,0.021973756246363108,2026-06-18
MU260821C01340000,2026-06-16 16:43:55+00:00,1340.0,92.1,0.0,0.0,0.0,0.0,1.0,33,0.12500875,False,REGULAR,USD,MU,call,2026-08-21,0.17534246575342466,92.1,1.66918355533848e-07,1.8899689808652141e-06,5.994387570281654,1043.18994140625,0.021973756246363108,2026-06-18
MU260821C01350000,2026-06-17 19:57:31+00:00,1350.0,84.39,0.0,0.0,0.0,0.0,16.0,407,0.12500875,False,REGULAR,USD,MU,call,2026-08-21,0.17534246575342466,84.39,8.569299383064702e-08,9.434981724523938e-07,37.95478248657137,1043.18994140625,0.021973756246363108,2026-06-18
MU260821C01360000,2026-06-17 19:34:34+00:00,1360.0,93.09,0.0,0.0,0.0,0.0,48.0,303,0.12500875,False,REGULAR,USD,MU,call,2026-08-21,0.17534246575342466,93.09,4.3336998110789976e-08,4.644042373359286e-07,14.289868600598036,1043.18994140625,0.021973756246363108,2026-06-18
MU260821C01370000,2026-06-17 18:03:21+00:00,1370.0,79.0,0.0,0.0,0.0,0.0,9.0,147,0.12500875,False,REGULAR,USD,MU,call,2026-08-21,0.17534246575342466,79.0,2.1597501672209406e-08,2.254533788163645e-07,3.4549966674042323,1043.18994140625,0.021973756246363108,2026-06-18
MU260821C01380000,2026-06-16 14:33:47+00:00,1380.0,88.37,0.0,0.0,0.0,0.0,4.0,138,0.12500875,False,REGULAR,USD,MU,call,2026-08-21,0.17534246575342466,88.37,1.0610452304018575e-08,1.0798336538375776e-07,1.5934548618266227,1043.18994140625,0.021973756246363108,2026-06-18
MU260821C01390000,2026-06-12 15:06:20+00:00,1390.0,73.0,0.0,0.0,0.0,0.0,3.0,63,0.12500875,False,REGULAR,USD,MU,call,2026-08-21,0.17534246575342466,73.0,5.140439350754047e-09,5.104202385110208e-08,0.35242569974857835,1043.18994140625,0.021973756246363108,2026-06-18
MU260821C01400000,2026-06-17 19:50:00+00:00,1400.0,78.95,0.0,0.0,0.0,0.0,85.0,783,0.12500875,False,REGULAR,USD,MU,call,2026-08-21,0.17534246575342466,78.95,2.4566807165714263e-09,2.38176285575683e-08,2.093327894818626,1043.18994140625,0.021973756246363108,2026-06-18
MU260821C01410000,2026-06-16 18:36:34+00:00,1410.0,73.7,0.0,0.0,0.0,0.0,19.0,99,0.12500875,False,REGULAR,USD,MU,call,2026-08-21,0.17534246575342466,73.7,1.1585680365835935e-09,1.0974752881109817e-08,0.12481981054050127,1043.18994140625,0.021973756246363108,2026-06-18
MU260821C01420000,2026-06-16 14:55:57+00:00,1420.0,80.0,0.0,0.0,0.0,0.0,105.0,201,0.12500875,False,REGULAR,USD,MU,call,2026-08-21,0.17534246575342466,80.0,5.393331293078825e-10,4.995050699054202e-09,0.11797227036101507,1043.18994140625,0.021973756246363108,2026-06-18
MU260821C01430000,2026-06-17 18:10:14+00:00,1430.0,73.95,0.0,0.0,0.0,0.0,2.0,74,0.12500875,False,REGULAR,USD,MU,call,2026-08-21,0.17534246575342466,73.95,2.479077238896464e-10,2.2462321161975297e-09,0.019964045889780693,1043.18994140625,0.021973756246363108,2026-06-18
MU260821C01440000,2026-06-17 14:26:21+00:00,1440.0,67.0,0.0,0.0,0.0,0.0,2.0,336,0.12500875,False,REGULAR,USD,MU,call,2026-08-21,0.17534246575342466,67.0,1.1255155748366595e-10,9.982905942680032e-10,0.04115452261037282,1043.18994140625,0.021973756246363108,2026-06-18
MU260821C01450000,2026-06-17 19:55:39+00:00,1450.0,69.2,0.0,0.0,0.0,0.0,10.0,341,0.12500875,False,REGULAR,USD,MU,call,2026-08-21,0.17534246575342466,69.2,5.048577960618249e-11,4.385936896307278e-10,0.01873485032480095,1043.18994140625,0.021973756246363108,2026-06-18
MU260821C01460000,2026-06-17 16:26:32+00:00,1460.0,67.81,0.0,0.0,0.0,0.0,4.0,105,0.12500875,False,REGULAR,USD,MU,call,2026-08-21,0.17534246575342466,67.81,2.2380355779122646e-11,1.905389243698757e-10,0.002557308175393749,1043.18994140625,0.021973756246363108,2026-06-18
MU260821C01470000,2026-06-17 19:15:44+00:00,1470.0,74.85,0.0,0.0,0.0,0.0,24.0,173,0.12500875,False,REGULAR,USD,MU,call,2026-08-21,0.17534246575342466,74.85,9.807679528671729e-12,8.187123253588896e-11,0.001846456800818069,1043.18994140625,0.021973756246363108,2026-06-18
MU260821C01480000,2026-06-17 16:26:32+00:00,1480.0,64.35,0.0,0.0,0.0,0.0,4.0,281,0.12500875,False,REGULAR,USD,MU,call,2026-08-21,0.17534246575342466,64.35,4.24995915906776e-12,3.4802714426429566e-11,0.0012996244053806272,1043.18994140625,0.021973756246363108,2026-06-18
MU260821C01490000,2026-06-17 16:55:31+00:00,1490.0,62.7,0.0,0.0,0.0,0.0,2.0,163,0.12500875,False,REGULAR,USD,MU,call,2026-08-21,0.17534246575342466,62.7,1.82153387309308e-12,1.4639779166093804e-11,0.0003231109215159991,1043.18994140625,0.021973756246363108,2026-06-18
MU260821C01500000,2026-06-17 19:55:12+00:00,1500.0,62.5,0.0,0.0,0.0,0.0,118.0,1243,0.12500875,False,REGULAR,USD,MU,call,2026-08-21,0.17534246575342466,62.5,7.723881278073376e-13,6.095349512363247e-12,0.0010448008087721413,1043.18994140625,0.021973756246363108,2026-06-18
MU260821C01510000,2026-06-17 19:38:30+00:00,1510.0,65.02,0.0,0.0,0.0,0.0,22.0,246,0.12500875,False,REGULAR,USD,MU,call,2026-08-21,0.17534246575342466,65.02,3.2410724712265294e-13,2.5125001927970475e-12,8.676621066131927e-05,1043.18994140625,0.021973756246363108,2026-06-18
MU260821C01520000,2026-06-17 18:44:46+00:00,1520.0,66.35,0.0,0.0,0.0,0.0,10.0,64,0.12500875,False,REGULAR,USD,MU,call,2026-08-21,0.17534246575342466,66.35,1.3461792822985426e-13,1.0255466669645915e-12,9.37582857468269e-06,1043.18994140625,0.021973756246363108,2026-06-18
MU260821C01530000,2026-06-17 19:44:20+00:00,1530.0,59.0,0.0,0.0,0.0,0.0,15.0,132,0.12500875,False,REGULAR,USD,MU,call,2026-08-21,0.17534246575342466,59.0,5.535815045567869e-14,4.1461286416494607e-13,7.952108273389052e-06,1043.18994140625,0.021973756246363108,2026-06-18
MU260821C01540000,2026-06-17 19:17:47+00:00,1540.0,63.69,0.0,0.0,0.0,0.0,4.0,31,0.12500875,False,REGULAR,USD,MU,call,2026-08-21,0.17534246575342466,63.69,2.2543723000014076e-14,1.6605889110593994e-13,7.605260863259278e-07,1043.18994140625,0.021973756246363108,2026-06-18
MU260821C01550000,2026-06-17 18:45:25+00:00,1550.0,61.57,0.0,0.0,0.0,0.0,12.0,205,0.12500875,False,REGULAR,USD,MU,call,2026-08-21,0.17534246575342466,61.57,9.093550099472746e-15,6.590302628019587e-14,2.0286826109638654e-06,1043.18994140625,0.021973756246363108,2026-06-18
MU260821C01560000,2026-06-17 18:27:57+00:00,1560.0,53.0,0.0,0.0,0.0,0.0,3.0,269,0.12500875,False,REGULAR,USD,MU,call,2026-08-21,0.17534246575342466,53.0,3.634134081731795e-15,2.5921623439314287e-14,1.0638490457356212e-06,1043.18994140625,0.021973756246363108,2026-06-18
MU260821C01570000,2026-06-17 19:49:21+00:00,1570.0,53.98,0.0,0.0,0.0,0.0,5.0,926,0.12500875,False,REGULAR,USD,MU,call,2026-08-21,0.17534246575342466,53.98,1.4392015150548806e-15,1.0106955515181456e-14,1.4503051059549467e-06,1043.18994140625,0.021973756246363108,2026-06-18
MU260821C01580000,2026-06-17 19:17:47+00:00,1580.0,58.32,0.0,0.0,0.0,0.0,4.0,150,0.12500875,False,REGULAR,USD,MU,call,2026-08-21,0.17534246575342466,58.32,5.649196152545392e-16,3.9071989865948474e-15,9.221566351622764e-08,1043.18994140625,0.021973756246363108,2026-06-18
MU260821C01590000,2026-06-17 16:58:45+00:00,1590.0,51.0,0.0,0.0,0.0,0.0,1.0,246,0.2500075,False,REGULAR,USD,MU,call,2026-08-21,0.17534246575342466,51.0,1.7738670547269582e-06,4.683263156644368e-05,474.87899120431564,1043.18994140625,0.021973756246363108,2026-06-18
MU260821C01600000,2026-06-17 19:46:01+00:00,1600.0,51.5,0.0,0.0,0.0,0.0,181.0,808,0.2500075,False,REGULAR,USD,MU,call,2026-08-21,0.17534246575342466,51.5,1.4013237260135213e-06,3.649386347470701e-05,1232.1869863061534,1043.18994140625,0.021973756246363108,2026-06-18
MU260821C01610000,2026-06-17 14:56:40+00:00,1610.0,44.75,0.0,0.0,0.0,0.0,11.0,325,0.2500075,False,REGULAR,USD,MU,call,2026-08-21,0.17534246575342466,44.75,1.1047160203775684e-06,2.8385458129153686e-05,390.7156389595053,1043.18994140625,0.021973756246363108,2026-06-18
MU260821C01620000,2026-06-16 16:13:53+00:00,1620.0,50.73,0.0,0.0,0.0,0.0,8.0,106,0.2500075,False,REGULAR,USD,MU,call,2026-08-21,0.17534246575342466,50.73,8.691171795008069e-07,2.203911019020423e-05,100.25614043702095,1043.18994140625,0.021973756246363108,2026-06-18
MU260821C01630000,2026-06-17 18:41:06+00:00,1630.0,47.9,0.0,0.0,0.0,0.0,2.0,270,0.2500075,False,REGULAR,USD,MU,call,2026-08-21,0.17534246575342466,47.9,6.824043061208631e-07,1.7081705737011604e-05,200.50827678278114,1043.18994140625,0.021973756246363108,2026-06-18
MU260821C01640000,2026-06-16 13:57:21+00:00,1640.0,58.9,0.0,0.0,0.0,0.0,1.0,57,0.2500075,False,REGULAR,USD,MU,call,2026-08-21,0.17534246575342466,58.9,5.347621680404848e-07,1.3216730983965234e-05,33.17128630462567,1043.18994140625,0.021973756246363108,2026-06-18
MU260821C01650000,2026-06-17 15:33:47+00:00,1650.0,41.94,0.0,0.0,0.0,0.0,1.0,75,0.2500075,False,REGULAR,USD,MU,call,2026-08-21,0.17534246575342466,41.94,4.1826773443129e-07,1.0209130687749027e-05,34.13834076254514,1043.18994140625,0.021973756246363108,2026-06-18
MU260821C01660000,2026-06-17 19:24:04+00:00,1660.0,47.3,0.0,0.0,0.0,0.0,1.0,80,0.2500075,False,REGULAR,USD,MU,call,2026-08-21,0.17534246575342466,47.3,3.2654395308175393e-07,7.873019128330861e-06,28.42879256920157,1043.18994140625,0.021973756246363108,2026-06-18
MU260821C01670000,2026-06-17 18:44:19+00:00,1670.0,47.65,0.0,0.0,0.0,0.0,2.0,76,0.2500075,False,REGULAR,USD,MU,call,2026-08-21,0.17534246575342466,47.65,2.544725240229096e-07,6.061739740257706e-06,21.046567254263007,1043.18994140625,0.021973756246363108,2026-06-18
MU260821C01680000,2026-06-17 19:33:26+00:00,1680.0,46.65,0.0,0.0,0.0,0.0,2.0,65,0.2500075,False,REGULAR,USD,MU,call,2026-08-21,0.17534246575342466,46.65,1.9795663472479987e-07,4.6598505438081295e-06,14.002648933494925,1043.18994140625,0.021973756246363108,2026-06-18
MU260821C01690000,2026-06-17 19:34:34+00:00,1690.0,45.45,0.0,0.0,0.0,0.0,36.0,115,0.2500075,False,REGULAR,USD,MU,call,2026-08-21,0.17534246575342466,45.45,1.5372576513066098e-07,3.5766824535801364e-06,19.238503444279466,1043.18994140625,0.021973756246363108,2026-06-18
MU260821C01700000,2026-06-17 19:24:15+00:00,1700.0,43.3,0.0,0.0,0.0,0.0,125.0,155,0.2500075,False,REGULAR,USD,MU,call,2026-08-21,0.17534246575342466,43.3,1.1917572847939705e-07,2.7411773896508687e-06,20.10232523825383,1043.18994140625,0.021973756246363108,2026-06-18
MU260821C01710000,2026-06-15 17:40:06+00:00,1710.0,48.27,0.0,0.0,0.0,0.0,12.0,36,0.2500075,False,REGULAR,USD,MU,call,2026-08-21,0.17534246575342466,48.27,9.223807593573212e-08,2.0977639731213617e-06,3.613595341011292,1043.18994140625,0.021973756246363108,2026-06-18
MU260821C01720000,2026-06-16 19:32:29+00:00,1720.0,38.55,0.0,0.0,0.0,0.0,2.0,21,0.2500075,False,REGULAR,USD,MU,call,2026-08-21,0.17534246575342466,38.55,7.127385565990902e-08,1.603071521553537e-06,1.628832138056964,1043.18994140625,0.021973756246363108,2026-06-18
MU260821C01730000,2026-06-15 18:27:17+00:00,1730.0,48.35,0.0,0.0,0.0,0.0,8.0,42,0.2500075,False,REGULAR,USD,MU,call,2026-08-21,0.17534246575342466,48.35,5.4987480906653276e-08,1.2233190849073148e-06,2.513274334951697,1043.18994140625,0.021973756246363108,2026-06-18
MU260821C01740000,2026-06-17 15:38:50+00:00,1740.0,35.4,0.0,0.0,0.0,0.0,2.0,71,0.2500075,False,REGULAR,USD,MU,call,2026-08-21,0.17534246575342466,35.4,4.235713108253266e-08,9.322463198606334e-07,3.272741227579597,1043.18994140625,0.021973756246363108,2026-06-18
MU260821C01750000,2026-06-17 15:01:34+00:00,1750.0,32.85,0.0,0.0,0.0,0.0,1.0,432,0.2500075,False,REGULAR,USD,MU,call,2026-08-21,0.17534246575342466,32.85,3.257869056418976e-08,7.094779457546723e-07,15.315957525527528,1043.18994140625,0.021973756246363108,2026-06-18
MU260821C01760000,2026-06-16 14:32:54+00:00,1760.0,40.87,0.0,0.0,0.0,0.0,1.0,54,0.2500075,False,REGULAR,USD,MU,call,2026-08-21,0.17534246575342466,40.87,2.5020729889845125e-08,5.392341253317771e-07,1.470349289727875,1043.18994140625,0.021973756246363108,2026-06-18
MU260821C01770000,2026-06-15 18:27:02+00:00,1770.0,44.8,0.0,0.0,0.0,0.0,19.0,44,0.2500075,False,REGULAR,USD,MU,call,2026-08-21,0.17534246575342466,44.8,1.9188460682644446e-08,4.0931604518804234e-07,0.9187970557302988,1043.18994140625,0.021973756246363108,2026-06-18
MU260821C01780000,2026-06-16 14:19:41+00:00,1780.0,42.3,0.0,0.0,0.0,0.0,2.0,140,0.2500075,False,REGULAR,USD,MU,call,2026-08-21,0.17534246575342466,42.3,1.4694957465467775e-08,3.1030982598893207e-07,2.2388404804276285,1043.18994140625,0.021973756246363108,2026-06-18
MU260821C01790000,2026-06-15 18:27:55+00:00,1790.0,43.2,0.0,0.0,0.0,0.0,25.0,27,0.2500075,False,REGULAR,USD,MU,call,2026-08-21,0.17534246575342466,43.2,1.1238244283963272e-08,2.3496318244984605e-07,0.33020908209836447,1043.18994140625,0.021973756246363108,2026-06-18
MU260821C01800000,2026-06-17 18:03:52+00:00,1800.0,30.5,0.0,0.0,0.0,0.0,9.0,172,0.2500075,False,REGULAR,USD,MU,call,2026-08-21,0.17534246575342466,30.5,8.583099227483422e-09,1.7769841610040308e-07,1.606568923594514,1043.18994140625,0.021973756246363108,2026-06-18
MU260821C01810000,2026-06-17 14:17:12+00:00,1810.0,29.92,0.0,0.0,0.0,0.0,2.0,157,0.2500075,False,REGULAR,USD,MU,call,2026-08-21,0.17534246575342466,29.92,6.546642406719241e-09,1.342327323984312e-07,1.118523346860369,1043.18994140625,0.021973756246363108,2026-06-18
MU260821C01820000,2026-06-16 18:50:53+00:00,1820.0,31.2,0.0,0.0,0.0,0.0,5.0,74,0.2500075,False,REGULAR,USD,MU,call,2026-08-21,0.17534246575342466,31.2,4.986948940977017e-09,1.0128284208277696e-07,0.4015997402000124,1043.18994140625,0.021973756246363108,2026-06-18
MU260821C01830000,2026-06-15 19:58:05+00:00,1830.0,40.7,0.0,0.0,0.0,0.0,10.0,224,0.2500075,False,REGULAR,USD,MU,call,2026-08-21,0.17534246575342466,40.7,3.794073579993444e-09,7.63355981021916e-08,0.9248696948265608,1043.18994140625,0.021973756246363108,2026-06-18
MU260821C01840000,2026-06-15 14:10:37+00:00,1840.0,35.45,0.0,0.0,0.0,0.0,2.0,89,0.2500075,False,REGULAR,USD,MU,call,2026-08-21,0.17534246575342466,35.45,2.882992620866766e-09,5.747025336393591e-08,0.2792288702526135,1043.18994140625,0.021973756246363108,2026-06-18
MU260821C01850000,2026-06-17 15:51:25+00:00,1850.0,28.45,0.0,0.0,0.0,0.0,1.0,81,0.2500075,False,REGULAR,USD,MU,call,2026-08-21,0.17534246575342466,28.45,2.188066031176397e-09,4.322098254112533e-08,0.19287335035679604,1043.18994140625,0.021973756246363108,2026-06-18
MU260821C01860000,2026-06-17 16:07:40+00:00,1860.0,28.92,0.0,0.0,0.0,0.0,2.0,47,0.2500075,False,REGULAR,USD,MU,call,2026-08-21,0.17534246575342466,28.92,1.6587018170585144e-09,3.247074287136609e-08,0.08483849585850768,1043.18994140625,0.021973756246363108,2026-06-18
MU260821C01870000,2026-06-12 19:02:34+00:00,1870.0,27.87,0.0,0.0,0.0,0.0,2.0,39,0.2500075,False,REGULAR,USD,MU,call,2026-08-21,0.17534246575342466,27.87,1.2559688076190878e-09,2.4369476892422843e-08,0.053305281661187094,1043.18994140625,0.021973756246363108,2026-06-18
MU260821C01880000,2026-06-17 19:33:26+00:00,1880.0,31.46,0.0,0.0,0.0,0.0,3.0,41,0.2500075,False,REGULAR,USD,MU,call,2026-08-21,0.17534246575342466,31.46,9.499558147318594e-10,1.8271184426744722e-08,0.04238518117676117,1043.18994140625,0.021973756246363108,2026-06-18
MU260821C01890000,2026-06-17 19:34:34+00:00,1890.0,30.4,0.0,0.0,0.0,0.0,36.0,211,0.2500075,False,REGULAR,USD,MU,call,2026-08-21,0.17534246575342466,30.4,7.177167995160531e-10,1.3685593093973834e-08,0.16480195104402864,1043.18994140625,0.021973756246363108,2026-06-18
MU260821C01900000,2026-06-17 19:29:58+00:00,1900.0,30.3,0.0,0.0,0.0,0.0,7.0,110,0.2500075,False,REGULAR,USD,MU,call,2026-08-21,0.17534246575342466,30.3,5.416750971150973e-10,1.0241101917000264e-08,0.06484228889213671,1043.18994140625,0.021973756246363108,2026-06-18
MU260821C01910000,2026-06-17 17:10:28+00:00,1910.0,26.55,0.0,0.0,0.0,0.0,14.0,211,0.2500075,False,REGULAR,USD,MU,call,2026-08-21,0.17534246575342466,26.55,4.0838646805303776e-10,7.656414140303097e-09,0.093773598110706,1043.18994140625,0.021973756246363108,2026-06-18
MU260821C01920000,2026-06-15 13:50:34+00:00,1920.0,31.16,0.0,0.0,0.0,0.0,10.0,17,0.2500075,False,REGULAR,USD,MU,call,2026-08-21,0.17534246575342466,31.16,3.075820366616792e-10,5.718855699701295e-09,0.005690319756638159,1043.18994140625,0.021973756246363108,2026-06-18
MU260821C01930000,2026-06-15 13:50:34+00:00,1930.0,30.73,0.0,0.0,0.0,0.0,6.0,14,0.2500075,False,REGULAR,USD,MU,call,2026-08-21,0.17534246575342466,30.73,2.3142909637292556e-10,4.267828864226801e-09,0.003525922620232635,1043.18994140625,0.021973756246363108,2026-06-18
MU260821C01940000,2026-06-17 19:43:23+00:00,1940.0,25.7,0.0,0.0,0.0,0.0,1.0,42,0.2500075,False,REGULAR,USD,MU,call,2026-08-21,0.17534246575342466,25.7,1.7396116826413983e-10,3.1822035122585668e-09,0.007951121460149948,1043.18994140625,0.021973756246363108,2026-06-18
MU260821C01950000,2026-06-15 19:25:50+00:00,1950.0,34.0,0.0,0.0,0.0,0.0,10.0,55,0.2500075,False,REGULAR,USD,MU,call,2026-08-21,0.17534246575342466,34.0,1.306392936613141e-10,2.370722837812504e-09,0.007819217521136726,1043.18994140625,0.021973756246363108,2026-06-18
MU260821C01960000,2026-06-17 18:03:53+00:00,1960.0,22.6,0.0,0.0,0.0,0.0,1.0,68,0.2500075,False,REGULAR,USD,MU,call,2026-08-21,0.17534246575342466,22.6,9.801489193374334e-11,1.764713066181825e-09,0.007253168384846978,1043.18994140625,0.021973756246363108,2026-06-18
MU260821C01970000,2026-06-16 13:35:02+00:00,1970.0,34.9,0.0,0.0,0.0,0.0,1.0,16,0.2500075,False,REGULAR,USD,MU,call,2026-08-21,0.17534246575342466,34.9,7.347107969840633e-11,1.3125514632564842e-09,0.0012792728604337938,1043.18994140625,0.021973756246363108,2026-06-18
MU260821C01980000,2026-06-15 13:34:11+00:00,1980.0,28.0,0.0,0.0,0.0,0.0,1.0,39,0.2500075,False,REGULAR,USD,MU,call,2026-08-21,0.17534246575342466,28.0,5.5024496704338765e-11,9.75474160743121e-10,0.0023353257479778056,1043.18994140625,0.021973756246363108,2026-06-18
MU260821C01990000,2026-06-15 19:53:27+00:00,1990.0,30.1,0.0,0.0,0.0,0.0,23.0,20,0.2500075,False,REGULAR,USD,MU,call,2026-08-21,0.17534246575342466,30.1,4.1173712712101115e-11,7.244034248289676e-10,0.000896141948847517,1043.18994140625,0.021973756246363108,2026-06-18
MU260821C02000000,2026-06-17 19:56:42+00:00,2000.0,22.5,0.0,0.0,0.0,0.0,276.0,326,0.2500075,False,REGULAR,USD,MU,call,2026-08-21,0.17534246575342466,22.5,3.07834352607412e-11,5.375494983387711e-10,0.010920976306234106,1043.18994140625,0.021973756246363108,2026-06-18
MU260821C02010000,2026-06-17 19:37:15+00:00,2010.0,24.25,0.0,0.0,0.0,0.0,5.0,11,0.2500075,False,REGULAR,USD,MU,call,2026-08-21,0.17534246575342466,24.25,2.2996188720760057e-11,3.9860014905362876e-10,0.0002752804255523637,1043.18994140625,0.021973756246363108,2026-06-18
MU260821C02020000,2026-06-17 19:18:26+00:00,2020.0,23.5,0.0,0.0,0.0,0.0,6.0,80,0.2500075,False,REGULAR,USD,MU,call,2026-08-21,0.17534246575342466,23.5,1.7165040055073107e-11,2.9535553791957116e-10,0.0014943818697678898,1043.18994140625,0.021973756246363108,2026-06-18
MU260821C02030000,2026-06-17 15:01:34+00:00,2030.0,18.85,0.0,0.0,0.0,0.0,1.0,33,0.2500075,False,REGULAR,USD,MU,call,2026-08-21,0.17534246575342466,18.85,1.280242467573832e-11,2.1870007475553104e-10,0.00045976187040826016,1043.18994140625,0.021973756246363108,2026-06-18
MU260821C02040000,2026-06-15 19:53:27+00:00,2040.0,27.55,0.0,0.0,0.0,0.0,2.0,6,0.2500075,False,REGULAR,USD,MU,call,2026-08-21,0.17534246575342466,27.55,9.541270181498732e-12,1.6182895726686835e-10,6.229945194436643e-05,1043.18994140625,0.021973756246363108,2026-06-18
MU260821C02050000,2026-06-17 17:31:09+00:00,2050.0,20.47,0.0,0.0,0.0,0.0,6.0,18,0.2500075,False,REGULAR,USD,MU,call,2026-08-21,0.17534246575342466,20.47,7.105500194678559e-12,1.1966695142162555e-10,0.0001391854835357558,1043.18994140625,0.021973756246363108,2026-06-18
MU260821C02060000,2026-06-17 16:27:38+00:00,2060.0,19.4,0.0,0.0,0.0,0.0,2.0,110,0.2500075,False,REGULAR,USD,MU,call,2026-08-21,0.17534246575342466,19.4,5.287682785166917e-12,8.843210477080851e-11,0.0006329725264311307,1043.18994140625,0.021973756246363108,2026-06-18
MU260821C02070000,2026-06-15 19:09:41+00:00,2070.0,27.45,0.0,0.0,0.0,0.0,4.0,67,0.2500075,False,REGULAR,USD,MU,call,2026-08-21,0.17534246575342466,27.45,3.93211334933436e-12,6.530859755507653e-11,0.00028669994723120375,1043.18994140625,0.021973756246363108,2026-06-18
MU260821C02080000,2026-06-16 18:41:13+00:00,2080.0,19.4,0.0,0.0,0.0,0.0,1.0,96,0.2500075,False,REGULAR,USD,MU,call,2026-08-21,0.17534246575342466,19.4,2.922025682888499e-12,4.8201682694750496e-11,0.00030526853577932627,1043.18994140625,0.021973756246363108,2026-06-18
MU260821C02090000,2026-06-16 19:57:03+00:00,2090.0,19.35,0.0,0.0,0.0,0.0,2.0,136,0.2500075,False,REGULAR,USD,MU,call,2026-08-21,0.17534246575342466,19.35,2.169934932889389e-12,3.555430058432346e-11,0.0003211533092960534,1043.18994140625,0.021973756246363108,2026-06-18
MU260821C02100000,2026-06-17 18:06:02+00:00,2100.0,16.8,0.0,0.0,0.0,0.0,1.0,91,0.2500075,False,REGULAR,USD,MU,call,2026-08-21,0.17534246575342466,16.8,1.6103535936816994e-12,2.620998078968702e-11,0.00015947382863651271,1043.18994140625,0.021973756246363108,2026-06-18
MU260821C02110000,2026-06-17 17:58:33+00:00,2110.0,18.0,0.0,0.0,0.0,0.0,12.0,33,0.2500075,False,REGULAR,USD,MU,call,2026-08-21,0.17534246575342466,18.0,1.1943033816384968e-12,1.9310445201008916e-11,4.2889934561974604e-05,1043.18994140625,0.021973756246363108,2026-06-18
MU260821C02120000,2026-06-17 14:22:44+00:00,2120.0,17.14,0.0,0.0,0.0,0.0,1.0,16,0.2500075,False,REGULAR,USD,MU,call,2026-08-21,0.17534246575342466,17.14,8.851845882124902e-13,1.4219200120583317e-11,1.5412766830471193e-05,1043.18994140625,0.021973756246363108,2026-06-18
MU260821C02130000,2026-06-16 19:25:52+00:00,2130.0,17.55,0.0,0.0,0.0,0.0,4.0,47,0.2500075,False,REGULAR,USD,MU,call,2026-08-21,0.17534246575342466,17.55,6.55670346245612e-13,1.0464572643407917e-11,3.353591669245898e-05,1043.18994140625,0.021973756246363108,2026-06-18
MU260821C02140000,2026-06-17 19:47:40+00:00,2140.0,18.15,0.0,0.0,0.0,0.0,14.0,201,0.2500075,False,REGULAR,USD,MU,call,2026-08-21,0.17534246575342466,18.15,4.85373849079278e-13,7.697280531978284e-12,0.00010616936330840419,1043.18994140625,0.021973756246363108,2026-06-18
MU260821C02150000,2026-06-17 16:10:54+00:00,2150.0,16.56,0.0,0.0,0.0,0.0,1.0,145,0.2500075,False,REGULAR,USD,MU,call,2026-08-21,0.17534246575342466,16.56,3.590978651288304e-13,5.658854676203883e-12,5.666404937220818e-05,1043.18994140625,0.021973756246363108,2026-06-18
MU260821C02160000,2026-06-17 19:22:12+00:00,2160.0,18.25,0.0,0.0,0.0,0.0,4.0,129,0.2500075,False,REGULAR,USD,MU,call,2026-08-21,0.17534246575342466,18.25,2.655224510208821e-13,4.158157961193654e-12,3.727500757775839e-05,1043.18994140625,0.021973756246363108,2026-06-18
MU260821C02170000,2026-06-17 18:51:51+00:00,2170.0,17.35,0.0,0.0,0.0,0.0,105.0,288,0.2500075,False,REGULAR,USD,MU,call,2026-08-21,0.17534246575342466,17.35,1.9622208307595562e-13,3.0539388678403673e-12,6.149887217516152e-05,1043.18994140625,0.021973756246363108,2026-06-18
MU260821C02180000,2026-06-17 19:34:54+00:00,2180.0,17.36,0.0,0.0,0.0,0.0,57.0,34,0.2500075,False,REGULAR,USD,MU,call,2026-08-21,0.17534246575342466,17.36,1.4493018084142134e-13,2.2418791493004516e-12,5.362465768975957e-06,1043.18994140625,0.021973756246363108,2026-06-18
MU260821C02190000,2026-06-17 19:34:54+00:00,2190.0,17.04,0.0,0.0,0.0,0.0,4.0,32,0.2500075,False,REGULAR,USD,MU,call,2026-08-21,0.17534246575342466,17.04,1.0698923846954124e-13,1.6449853774978774e-12,3.725776991284155e-06,1043.18994140625,0.021973756246363108,2026-06-18
MU260821P00060000,2026-06-17 17:19:11+00:00,60.0,0.07,0.0,0.0,0.0,0.0,2.0,490,0.500005,False,REGULAR,USD,MU,put,2026-08-21,0.17534246575342466,0.07,1.1031191068770005e-44,0.0,-5.882274249208071e-36,1043.18994140625,0.021973756246363108,2026-06-18
MU260821P00065000,2026-06-15 19:42:30+00:00,65.0,0.05,0.0,0.0,0.0,0.0,3.0,189,0.500005,False,REGULAR,USD,MU,put,2026-08-21,0.17534246575342466,0.05,1.987827662783442e-42,0.0,-4.088531196851513e-34,1043.18994140625,0.021973756246363108,2026-06-18
MU260821P00070000,2026-04-06 14:39:39+00:00,70.0,0.21,0.0,0.0,0.0,0.0,2.0,0,0.500005,False,REGULAR,USD,MU,put,2026-08-21,0.17534246575342466,0.21,2.139411291226214e-40,0.0,-0.0,1043.18994140625,0.021973756246363108,2026-06-18
MU260821P00075000,2026-06-10 18:45:58+00:00,75.0,0.26,0.0,0.0,0.0,0.0,40.0,78,0.500005,False,REGULAR,USD,MU,put,2026-08-21,0.17534246575342466,0.26,1.4895534585501595e-38,0.0,-1.264379595667355e-30,1043.18994140625,0.021973756246363108,2026-06-18
MU260821P00080000,2026-05-07 13:46:36+00:00,80.0,0.15,0.0,1.59,0.0,0.0,5.0,232,2.555667673339843,False,REGULAR,USD,MU,put,2026-08-21,0.17534246575342466,0.795,4.726263835957688e-06,-0.0016342442865150408,-1193.2535315996215,1043.18994140625,0.021973756246363108,2026-06-18
MU260821P00085000,2026-06-10 18:44:06+00:00,85.0,0.18,0.0,0.0,0.0,0.0,344.0,531,0.500005,False,REGULAR,USD,MU,put,2026-08-21,0.17534246575342466,0.18,2.4872386234905783e-35,0.0,-1.4372713080479536e-26,1043.18994140625,0.021973756246363108,2026-06-18
MU260821P00090000,2026-06-15 15:32:14+00:00,90.0,0.15,0.0,0.0,0.0,0.0,1.0,211,0.500005,False,REGULAR,USD,MU,put,2026-08-21,0.17534246575342466,0.15,6.543229412867192e-34,0.0,-1.5024546925699603e-25,1043.18994140625,0.021973756246363108,2026-06-18
MU260821P00095000,2026-04-23 16:53:18+00:00,95.0,0.22,0.0,2.08,0.0,0.0,195.0,163,2.458011667480469,False,REGULAR,USD,MU,put,2026-08-21,0.17534246575342466,1.04,6.410435507798305e-06,-0.0021895560420582827,-1137.1085406863303,1043.18994140625,0.021973756246363108,2026-06-18
MU260821P00100000,2026-06-01 17:51:51+00:00,100.0,0.22,0.0,0.0,0.0,0.0,1.0,584,0.500005,False,REGULAR,USD,MU,put,2026-08-21,0.17534246575342466,0.22,2.231544985330978e-31,0.0,-1.4182254516004277e-22,1043.18994140625,0.021973756246363108,2026-06-18
MU260821P00105000,2026-06-10 14:32:48+00:00,105.0,0.33,0.0,0.0,0.0,0.0,17.0,109,0.500005,False,REGULAR,USD,MU,put,2026-08-21,0.17534246575342466,0.33,3.0495833713816764e-30,0.0,-3.617377146841237e-22,1043.18994140625,0.021973756246363108,2026-06-18
MU260821P00110000,2026-06-16 18:14:32+00:00,110.0,0.19,0.0,0.0,0.0,0.0,4.0,226,0.500005,False,REGULAR,USD,MU,put,2026-08-21,0.17534246575342466,0.19,3.508102933680965e-29,0.0,-8.62794859077531e-21,1043.18994140625,0.021973756246363108,2026-06-18
MU260821P00115000,2026-06-10 15:33:24+00:00,115.0,0.25,0.0,0.0,0.0,0.0,18.0,397,0.500005,False,REGULAR,USD,MU,put,2026-08-21,0.17534246575342466,0.25,3.457073724594555e-28,0.0,-1.4935711969824414e-19,1043.18994140625,0.021973756246363108,2026-06-18
MU260821P00120000,2026-06-10 18:14:52+00:00,120.0,0.25,0.0,0.0,0.0,0.0,37.0,896,0.500005,False,REGULAR,USD,MU,put,2026-08-21,0.17534246575342466,0.25,2.9628221662419797e-27,0.0,-2.888952335734432e-18,1043.18994140625,0.021973756246363108,2026-06-18
MU260821P00125000,2026-06-12 18:23:29+00:00,125.0,0.45,0.0,0.0,0.0,0.0,13.0,186,0.500005,False,REGULAR,USD,MU,put,2026-08-21,0.17534246575342466,0.45,2.2374288360230105e-26,0.0,-4.528860639635149e-18,1043.18994140625,0.021973756246363108,2026-06-18
MU260821P00130000,2026-06-17 15:49:33+00:00,130.0,0.3,0.0,0.0,0.0,0.0,49.0,176,0.500005,False,REGULAR,USD,MU,put,2026-08-21,0.17534246575342466,0.3,1.5059129751284854e-25,0.0,-2.8842926602978e-17,1043.18994140625,0.021973756246363108,2026-06-18
MU260821P00135000,2026-06-16 17:03:13+00:00,135.0,0.29,0.0,0.0,0.0,0.0,2.0,361,0.500005,False,REGULAR,USD,MU,put,2026-08-21,0.17534246575342466,0.29,9.12447609317588e-25,0.0,-3.584610076622056e-16,1043.18994140625,0.021973756246363108,2026-06-18
MU260821P00140000,2026-06-12 17:23:42+00:00,140.0,0.5,0.0,0.0,0.0,0.0,8.0,450,0.500005,False,REGULAR,USD,MU,put,2026-08-21,0.17534246575342466,0.5,5.021204092977621e-24,0.0,-2.458935685260446e-15,1043.18994140625,0.021973756246363108,2026-06-18
MU260821P00145000,2026-06-17 14:59:47+00:00,145.0,0.45,0.0,0.0,0.0,0.0,12.0,153,0.500005,False,REGULAR,USD,MU,put,2026-08-21,0.17534246575342466,0.45,2.5292682488352167e-23,0.0,-4.211270176292439e-15,1043.18994140625,0.021973756246363108,2026-06-18
MU260821P00150000,2026-06-11 15:58:20+00:00,150.0,0.45,0.0,0.0,0.0,0.0,1.0,104,0.500005,False,REGULAR,USD,MU,put,2026-08-21,0.17534246575342466,0.45,1.1743244040575309e-22,0.0,-1.3290710775651066e-14,1043.18994140625,0.021973756246363108,2026-06-18
MU260821P00155000,2026-06-15 19:16:21+00:00,155.0,0.3,0.0,0.0,0.0,0.0,10.0,1355,0.500005,False,REGULAR,USD,MU,put,2026-08-21,0.17534246575342466,0.3,5.056881307654076e-22,0.0,-7.456737196575137e-13,1043.18994140625,0.021973756246363108,2026-06-18
MU260821P00160000,2026-06-15 19:01:08+00:00,160.0,0.43,0.0,0.0,0.0,0.0,11.0,441,0.500005,False,REGULAR,USD,MU,put,2026-08-21,0.17534246575342466,0.43,2.030925852290606e-21,0.0,-9.746741300783973e-13,1043.18994140625,0.021973756246363108,2026-06-18
MU260821P00165000,2026-06-16 17:01:08+00:00,165.0,0.55,0.0,0.0,0.0,0.0,4.0,449,0.500005,False,REGULAR,USD,MU,put,2026-08-21,0.17534246575342466,0.55,7.645284161654064e-21,0.0,-3.735654947265354e-12,1043.18994140625,0.021973756246363108,2026-06-18
MU260821P00170000,2026-06-16 17:00:59+00:00,170.0,0.37,0.0,0.0,0.0,0.0,4.0,446,0.500005,False,REGULAR,USD,MU,put,2026-08-21,0.17534246575342466,0.37,2.7098200101810974e-20,0.0,-1.3152311491322532e-11,1043.18994140625,0.021973756246363108,2026-06-18
MU260821P00175000,2026-06-03 19:49:56+00:00,175.0,0.58,0.0,0.0,0.0,0.0,6.0,475,0.500005,False,REGULAR,USD,MU,put,2026-08-21,0.17534246575342466,0.58,9.080444003264487e-20,0.0,-4.693831292471624e-11,1043.18994140625,0.021973756246363108,2026-06-18
MU260821P00180000,2026-06-17 13:30:07+00:00,180.0,0.54,0.0,0.0,0.0,0.0,1.0,234,0.500005,False,REGULAR,USD,MU,put,2026-08-21,0.17534246575342466,0.54,2.8873674540234437e-19,0.0,-7.352663591438953e-11,1043.18994140625,0.021973756246363108,2026-06-18
MU260821P00185000,2026-06-17 19:24:30+00:00,185.0,0.64,0.0,0.0,0.0,0.0,4.0,817,0.500005,False,REGULAR,USD,MU,put,2026-08-21,0.17534246575342466,0.64,8.741559963332293e-19,0.0,-7.772089252484439e-10,1043.18994140625,0.021973756246363108,2026-06-18
MU260821P00190000,2026-06-17 19:24:30+00:00,190.0,0.5,0.0,0.0,0.0,0.0,1.0,925,0.500005,False,REGULAR,USD,MU,put,2026-08-21,0.17534246575342466,0.5,2.527568026289537e-18,-1.1102230246251565e-16,-2.5443178652659035e-09,1043.18994140625,0.021973756246363108,2026-06-18
MU260821P00195000,2026-06-17 16:38:14+00:00,195.0,0.56,0.0,0.0,0.0,0.0,2.0,712,0.500005,False,REGULAR,USD,MU,put,2026-08-21,0.17534246575342466,0.56,6.999462153532749e-18,-2.220446049250313e-16,-5.423397605282174e-09,1043.18994140625,0.021973756246363108,2026-06-18
MU260821P00200000,2026-06-17 19:00:08+00:00,200.0,0.61,0.0,0.0,0.0,0.0,50.0,967,0.500005,False,REGULAR,USD,MU,put,2026-08-21,0.17534246575342466,0.61,1.8612013746486093e-17,-4.440892098500626e-16,-1.9586039248626855e-08,1043.18994140625,0.021973756246363108,2026-06-18
MU260821P00210000,2026-06-17 14:14:49+00:00,210.0,0.46,0.0,0.0,0.0,0.0,1.0,291,0.500005,False,REGULAR,USD,MU,put,2026-08-21,0.17534246575342466,0.46,1.1759282742116406e-16,-3.219646771412954e-15,-3.7239222371454445e-08,1043.18994140625,0.021973756246363108,2026-06-18
MU260821P00220000,2026-06-17 16:42:01+00:00,220.0,0.8,0.0,0.0,0.0,0.0,1.0,682,0.500005,False,REGULAR,USD,MU,put,2026-08-21,0.17534246575342466,0.8,6.482680405040982e-16,-1.84297022087776e-14,-4.811336896819548e-07,1043.18994140625,0.021973756246363108,2026-06-18
MU260821P00230000,2026-06-17 16:25:12+00:00,230.0,0.8,0.0,0.0,0.0,0.0,2.0,1419,0.500005,False,REGULAR,USD,MU,put,2026-08-21,0.17534246575342466,0.8,3.1632666808863665e-15,-9.225953334635051e-14,-4.884779722086871e-06,1043.18994140625,0.021973756246363108,2026-06-18
MU260821P00240000,2026-06-15 19:47:45+00:00,240.0,1.05,0.0,0.0,0.0,0.0,20.0,1354,0.500005,False,REGULAR,USD,MU,put,2026-08-21,0.17534246575342466,1.05,1.383156178645171e-14,-4.143352327901084e-13,-2.038058600693455e-05,1043.18994140625,0.021973756246363108,2026-06-18
MU260821P00250000,2026-06-17 14:25:32+00:00,250.0,1.06,0.0,0.0,0.0,0.0,1.0,2847,0.500005,False,REGULAR,USD,MU,put,2026-08-21,0.17534246575342466,1.06,5.4775425928343363e-14,-1.6850965067760626e-12,-0.00016970709999657678,1043.18994140625,0.021973756246363108,2026-06-18
MU260821P00260000,2026-06-15 19:33:54+00:00,260.0,1.3,0.0,0.0,0.0,0.0,28.0,2151,0.500005,False,REGULAR,USD,MU,put,2026-08-21,0.17534246575342466,1.3,1.9829121701651154e-13,-6.2624350150031205e-12,-0.0004641631624427716,1043.18994140625,0.021973756246363108,2026-06-18
MU260821P00270000,2026-06-16 14:07:47+00:00,270.0,1.38,0.0,0.0,0.0,0.0,20.0,1800,0.500005,False,REGULAR,USD,MU,put,2026-08-21,0.17534246575342466,1.38,6.615224362802779e-13,-2.1439849895443785e-11,-0.001295817572876542,1043.18994140625,0.021973756246363108,2026-06-18
MU260821P00280000,2026-06-17 18:15:16+00:00,280.0,1.34,0.0,0.0,0.0,0.0,7.0,2558,0.500005,False,REGULAR,USD,MU,put,2026-08-21,0.17534246575342466,1.34,2.048348850723627e-12,-6.81055212226056e-11,-0.00570205293065057,1043.18994140625,0.021973756246363108,2026-06-18
MU260821P00290000,2026-06-16 15:21:05+00:00,290.0,1.75,0.0,0.0,0.0,0.0,1.0,1804,0.500005,False,REGULAR,USD,MU,put,2026-08-21,0.17534246575342466,1.75,5.923999418471988e-12,-2.0200863204422603e-10,-0.011629962708748552,1043.18994140625,0.021973756246363108,2026-06-18
MU260821P00300000,2026-06-17 18:50:25+00:00,300.0,1.5,0.0,0.0,0.0,0.0,35.0,4594,0.500005,False,REGULAR,USD,MU,put,2026-08-21,0.17534246575342466,1.5,1.6091722550619384e-11,-5.62626611966266e-10,-0.08044893673905476,1043.18994140625,0.021973756246363108,2026-06-18
MU260821P00310000,2026-06-16 16:37:57+00:00,310.0,1.91,0.0,0.0,0.0,0.0,5.0,1930,0.500005,False,REGULAR,USD,MU,put,2026-08-21,0.17534246575342466,1.91,4.125968503566604e-11,-1.4787793212178713e-09,-0.0866582668818338,1043.18994140625,0.021973756246363108,2026-06-18
MU260821P00320000,2026-06-17 16:21:36+00:00,320.0,1.99,0.0,0.0,0.0,0.0,5.0,2656,0.500005,False,REGULAR,USD,MU,put,2026-08-21,0.17534246575342466,1.99,1.0030334820503964e-10,-3.684335392328819e-09,-0.289914730823995,1043.18994140625,0.021973756246363108,2026-06-18
MU260821P00330000,2026-06-17 18:58:05+00:00,330.0,2.25,0.0,0.0,0.0,0.0,34.0,1055,0.500005,False,REGULAR,USD,MU,put,2026-08-21,0.17534246575342466,2.25,2.321147007626927e-10,-8.736310008750081e-09,-0.26649059613406084,1043.18994140625,0.021973756246363108,2026-06-18
MU260821P00340000,2026-06-17 18:02:38+00:00,340.0,2.23,0.0,0.0,0.0,0.0,26.0,910,0.500005,False,REGULAR,USD,MU,put,2026-08-21,0.17534246575342466,2.23,5.131518459415173e-10,-1.9786848048930494e-08,-0.5081759053742514,1043.18994140625,0.021973756246363108,2026-06-18
MU260821P00350000,2026-06-17 19:03:21+00:00,350.0,2.52,0.0,0.0,0.0,0.0,7.0,1574,0.500005,False,REGULAR,USD,MU,put,2026-08-21,0.17534246575342466,2.52,1.087306406079687e-09,-4.294566580131942e-08,-1.8624450005037638,1043.18994140625,0.021973756246363108,2026-06-18
MU260821P00360000,2026-06-17 16:24:19+00:00,360.0,2.85,0.0,0.0,0.0,0.0,4.0,574,0.500005,False,REGULAR,USD,MU,put,2026-08-21,0.17534246575342466,2.85,2.214595556013641e-09,-8.958535013814384e-08,-1.3833532611402246,1043.18994140625,0.021973756246363108,2026-06-18
MU260821P00370000,2026-06-17 15:11:34+00:00,370.0,3.05,0.0,0.0,0.0,0.0,6.0,1530,0.500005,False,REGULAR,USD,MU,put,2026-08-21,0.17534246575342466,3.05,4.34739953022026e-09,-1.8009121172113396e-07,-7.238486465196253,1043.18994140625,0.021973756246363108,2026-06-18
MU260821P00380000,2026-06-17 19:00:38+00:00,380.0,3.1,0.0,0.0,0.0,0.0,11.0,1129,0.500005,False,REGULAR,USD,MU,put,2026-08-21,0.17534246575342466,3.1,8.245361382707938e-09,-3.4973941154259336e-07,-10.130489216461218,1043.18994140625,0.021973756246363108,2026-06-18
MU260821P00390000,2026-06-16 18:15:19+00:00,390.0,3.7,0.0,0.0,0.0,0.0,15.0,1479,0.500005,False,REGULAR,USD,MU,put,2026-08-21,0.17534246575342466,3.7,1.5142410099171887e-08,-6.575961386534601e-07,-24.371932109069736,1043.18994140625,0.021973756246363108,2026-06-18
MU260821P00400000,2026-06-17 19:26:27+00:00,400.0,3.7,0.0,0.0,0.0,0.0,113.0,2116,0.500005,False,REGULAR,USD,MU,put,2026-08-21,0.17534246575342466,3.7,2.6981341629964824e-08,-1.1995551731924792e-06,-62.130662711368885,1043.18994140625,0.021973756246363108,2026-06-18
MU260821P00410000,2026-06-17 16:56:02+00:00,410.0,4.1,0.0,0.0,0.0,0.0,4.0,1135,0.500005,False,REGULAR,USD,MU,put,2026-08-21,0.17534246575342466,4.1,4.673261127601116e-08,-2.1268533926255273e-06,-57.72217564805185,1043.18994140625,0.021973756246363108,2026-06-18
MU260821P00420000,2026-06-17 18:01:26+00:00,420.0,4.25,0.0,0.0,0.0,0.0,312.0,1225,0.500005,False,REGULAR,USD,MU,put,2026-08-21,0.17534246575342466,4.25,7.88140440687611e-08,-3.6716000638703505e-06,-105.06703650844213,1043.18994140625,0.021973756246363108,2026-06-18
MU260821P00430000,2026-06-17 17:20:26+00:00,430.0,4.58,0.0,0.0,0.0,0.0,306.0,454,0.500005,False,REGULAR,USD,MU,put,2026-08-21,0.17534246575342466,4.58,1.2962666897046707e-07,-6.1809981287686e-06,-64.0437857049603,1043.18994140625,0.021973756246363108,2026-06-18
MU260821P00440000,2026-06-17 19:13:31+00:00,440.0,4.95,0.0,0.0,0.0,0.0,22.0,3466,0.500005,False,REGULAR,USD,MU,put,2026-08-21,0.17534246575342466,4.95,2.0821851890643176e-07,-1.0161994101420824e-05,-785.3706966646887,1043.18994140625,0.021973756246363108,2026-06-18
MU260821P00450000,2026-06-17 19:21:17+00:00,450.0,5.32,0.0,0.0,0.0,0.0,17.0,6426,0.2500075,False,REGULAR,USD,MU,put,2026-08-21,0.17534246575342466,5.32,1.3694778776351696e-17,-2.220446049250313e-16,-9.576846446595542e-08,1043.18994140625,0.021973756246363108,2026-06-18
MU260821P00460000,2026-06-17 19:21:29+00:00,460.0,5.9,0.0,0.0,0.0,0.0,5.0,422,0.2500075,False,REGULAR,USD,MU,put,2026-08-21,0.17534246575342466,5.9,7.41580981948718e-17,-9.992007221626409e-16,-3.405632772277383e-08,1043.18994140625,0.021973756246363108,2026-06-18
MU260821P00470000,2026-06-17 19:11:55+00:00,470.0,6.2,0.0,0.0,0.0,0.0,28.0,540,0.2500075,False,REGULAR,USD,MU,put,2026-08-21,0.17534246575342466,6.2,3.7106920929986157e-16,-5.10702591327572e-15,-2.180597251702767e-07,1043.18994140625,0.021973756246363108,2026-06-18
MU260821P00480000,2026-06-17 19:13:37+00:00,480.0,6.54,0.0,0.0,0.0,0.0,6.0,471,0.2500075,False,REGULAR,USD,MU,put,2026-08-21,0.17534246575342466,6.54,1.7229581884646856e-15,-2.453592884421596e-14,-8.831255045261158e-07,1043.18994140625,0.021973756246363108,2026-06-18
MU260821P00490000,2026-06-17 17:09:18+00:00,490.0,7.27,0.0,0.0,0.0,0.0,51.0,349,0.2500075,False,REGULAR,USD,MU,put,2026-08-21,0.17534246575342466,7.27,7.452804691412892e-15,-1.0902390101819037e-13,-2.8305572873251385e-06,1043.18994140625,0.021973756246363108,2026-06-18
MU260821P00500000,2026-06-17 19:21:17+00:00,500.0,7.67,0.0,0.0,0.0,0.0,246.0,3298,0.2500075,False,REGULAR,USD,MU,put,2026-08-21,0.17534246575342466,7.67,3.01421329219994e-14,-4.5219383792982626e-13,-0.00010818110514175983,1043.18994140625,0.021973756246363108,2026-06-18
MU260821P00510000,2026-06-17 19:10:26+00:00,510.0,8.23,0.0,0.0,0.0,0.0,22.0,161,0.2500075,False,REGULAR,USD,MU,put,2026-08-21,0.17534246575342466,8.23,1.1437050724280635e-13,-1.7608137170554983e-12,-2.0038569031693215e-05,1043.18994140625,0.021973756246363108,2026-06-18
MU260821P00520000,2026-06-17 19:10:26+00:00,520.0,8.73,0.0,0.0,0.0,0.0,213.0,1050,0.2500075,False,REGULAR,USD,MU,put,2026-08-21,0.17534246575342466,8.73,4.084305107834066e-13,-6.4536154198435725e-12,-0.00046669619313245627,1043.18994140625,0.021973756246363108,2026-06-18
MU260821P00530000,2026-06-17 19:42:51+00:00,530.0,10.17,0.0,0.0,0.0,0.0,15.0,380,0.2500075,False,REGULAR,USD,MU,put,2026-08-21,0.17534246575342466,10.17,1.3768113936711332e-12,-2.233113693961286e-11,-0.0005693572165521166,1043.18994140625,0.021973756246363108,2026-06-18
MU260821P00540000,2026-06-17 19:57:46+00:00,540.0,11.17,0.0,0.0,0.0,0.0,53.0,986,0.2500075,False,REGULAR,USD,MU,put,2026-08-21,0.17534246575342466,11.17,4.393272737224985e-12,-7.315614780623036e-11,-0.004714024790286628,1043.18994140625,0.021973756246363108,2026-06-18
MU260821P00550000,2026-06-17 19:35:59+00:00,550.0,11.0,0.0,0.0,0.0,0.0,18.0,700,0.2500075,False,REGULAR,USD,MU,put,2026-08-21,0.17534246575342466,11.0,1.3304191440539307e-11,-2.2748603001332413e-10,-0.010134756234046033,1043.18994140625,0.021973756246363108,2026-06-18
MU260821P00560000,2026-06-17 16:46:27+00:00,560.0,12.35,0.0,0.0,0.0,0.0,5.0,464,0.2500075,False,REGULAR,USD,MU,put,2026-08-21,0.17534246575342466,12.35,3.8329615082462865e-11,-6.731133428417024e-10,-0.019354378066680746,1043.18994140625,0.021973756246363108,2026-06-18
MU260821P00570000,2026-06-17 18:01:51+00:00,570.0,13.0,0.0,0.0,0.0,0.0,35.0,266,0.2500075,False,REGULAR,USD,MU,put,2026-08-21,0.17534246575342466,13.0,1.052980799200077e-10,-1.8995547357292253e-09,-0.030480976099548973,1043.18994140625,0.021973756246363108,2026-06-18
MU260821P00580000,2026-06-17 18:49:42+00:00,580.0,13.32,0.0,0.0,0.0,0.0,13.0,287,0.2500075,False,REGULAR,USD,MU,put,2026-08-21,0.17534246575342466,13.32,2.764274048718009e-10,-5.123729995837323e-09,-0.08633557286782063,1043.18994140625,0.021973756246363108,2026-06-18
MU260821P00590000,2026-06-17 19:43:18+00:00,590.0,15.64,0.0,0.0,0.0,0.0,67.0,608,0.2500075,False,REGULAR,USD,MU,put,2026-08-21,0.17534246575342466,15.64,6.948575244036961e-10,-1.3236621243528646e-08,-0.4597546450453405,1043.18994140625,0.021973756246363108,2026-06-18
MU260821P00600000,2026-06-17 19:57:23+00:00,600.0,17.5,0.0,0.0,0.0,0.0,124.0,1722,0.2500075,False,REGULAR,USD,MU,put,2026-08-21,0.17534246575342466,17.5,1.675686053488876e-09,-3.2813996964087266e-08,-3.1401658335939744,1043.18994140625,0.021973756246363108,2026-06-18
MU260821P00610000,2026-06-17 18:55:49+00:00,610.0,16.25,0.0,0.0,0.0,0.0,65.0,401,0.2500075,False,REGULAR,USD,MU,put,2026-08-21,0.17534246575342466,16.25,3.8837611375170846e-09,-7.820230030208819e-08,-1.6948203346228383,1043.18994140625,0.021973756246363108,2026-06-18
MU260821P00620000,2026-06-17 19:32:12+00:00,620.0,17.5,0.0,0.0,0.0,0.0,368.0,1318,0.2500075,False,REGULAR,USD,MU,put,2026-08-21,0.17534246575342466,17.5,8.665867004200301e-09,-1.7947408958995936e-07,-12.429515824655304,1043.18994140625,0.021973756246363108,2026-06-18
MU260821P00630000,2026-06-17 16:10:51+00:00,630.0,19.8,0.0,0.0,0.0,0.0,12.0,508,0.2500075,False,REGULAR,USD,MU,put,2026-08-21,0.17534246575342466,19.8,1.8645194124450374e-08,-3.972907944849169e-07,-10.307596358638005,1043.18994140625,0.021973756246363108,2026-06-18
MU260821P00640000,2026-06-17 19:04:18+00:00,640.0,20.16,0.0,0.0,0.0,0.0,13.0,1013,0.2500075,False,REGULAR,USD,MU,put,2026-08-21,0.17534246575342466,20.16,3.8741354372262374e-08,-8.495804930674922e-07,-42.708176258684965,1043.18994140625,0.021973756246363108,2026-06-18
MU260821P00650000,2026-06-17 19:41:25+00:00,650.0,23.07,0.0,0.0,0.0,0.0,59.0,1018,0.2500075,False,REGULAR,USD,MU,put,2026-08-21,0.17534246575342466,23.07,7.784985373651449e-08,-1.7575971814620672e-06,-86.24468905092193,1043.18994140625,0.021973756246363108,2026-06-18
MU260821P00660000,2026-06-17 17:40:26+00:00,660.0,23.65,0.0,0.0,0.0,0.0,11.0,439,0.2500075,False,REGULAR,USD,MU,put,2026-08-21,0.17534246575342466,23.65,1.5149730646521312e-07,-3.522488482121666e-06,-72.37627265735027,1043.18994140625,0.021973756246363108,2026-06-18
MU260821P00670000,2026-06-17 19:44:30+00:00,670.0,26.7,0.0,0.0,0.0,0.0,6.0,909,0.2500075,False,REGULAR,USD,MU,put,2026-08-21,0.17534246575342466,26.7,2.858737061256905e-07,-6.8479601068593965e-06,-282.7905398379446,1043.18994140625,0.021973756246363108,2026-06-18
MU260821P00680000,2026-06-17 19:48:05+00:00,680.0,28.14,0.0,0.0,0.0,0.0,22.0,485,0.2500075,False,REGULAR,USD,MU,put,2026-08-21,0.17534246575342466,28.14,5.237148543818729e-07,-1.2929795356497742e-05,-276.4161492564298,1043.18994140625,0.021973756246363108,2026-06-18
MU260821P00690000,2026-06-17 18:49:39+00:00,690.0,27.1,0.0,0.0,0.0,0.0,6.0,358,0.2500075,False,REGULAR,USD,MU,put,2026-08-21,0.17534246575342466,27.1,9.325435326536626e-07,-2.373840513913983e-05,-363.31131428434446,1043.18994140625,0.021973756246363108,2026-06-18
MU260821P00700000,2026-06-17 19:52:59+00:00,700.0,33.41,0.0,0.0,0.0,0.0,42.0,1380,0.12500875,False,REGULAR,USD,MU,put,2026-08-21,0.17534246575342466,33.41,5.179648875944597e-16,-3.552713678800501e-15,-7.778685062089951e-07,1043.18994140625,0.021973756246363108,2026-06-18
MU260821P00710000,2026-06-17 16:53:42+00:00,710.0,33.6,0.0,0.0,0.0,0.0,8.0,435,0.12500875,False,REGULAR,USD,MU,put,2026-08-21,0.17534246575342466,33.6,4.112829919489324e-15,-2.942091015256665e-14,-1.9469589233048954e-06,1043.18994140625,0.021973756246363108,2026-06-18
MU260821P00720000,2026-06-17 19:58:19+00:00,720.0,37.92,0.0,0.0,0.0,0.0,25.0,497,0.12500875,False,REGULAR,USD,MU,put,2026-08-21,0.17534246575342466,37.92,2.9523758228685275e-14,-2.1860291354869332e-13,-1.596815761480352e-05,1043.18994140625,0.021973756246363108,2026-06-18
MU260821P00730000,2026-06-17 19:58:19+00:00,730.0,40.26,0.0,0.0,0.0,0.0,26.0,224,0.12500875,False,REGULAR,USD,MU,put,2026-08-21,0.17534246575342466,40.26,1.923221533980549e-13,-1.475486399726833e-12,-4.688178222467508e-05,1043.18994140625,0.021973756246363108,2026-06-18
MU260821P00740000,2026-06-17 19:58:19+00:00,740.0,42.7,0.0,0.0,0.0,0.0,21.0,425,0.12500875,False,REGULAR,USD,MU,put,2026-08-21,0.17534246575342466,42.7,1.1409634654282939e-12,-9.078293672359905e-12,-0.0005277004323297205,1043.18994140625,0.021973756246363108,2026-06-18
MU260821P00750000,2026-06-17 19:59:55+00:00,750.0,45.9,0.0,0.0,0.0,0.0,41.0,1405,0.12500875,False,REGULAR,USD,MU,put,2026-08-21,0.17534246575342466,45.9,6.185619496234487e-12,-5.108735656733643e-11,-0.009457716837763603,1043.18994140625,0.021973756246363108,2026-06-18
MU260821P00760000,2026-06-17 19:58:19+00:00,760.0,47.8,0.0,0.0,0.0,0.0,22.0,376,0.12500875,False,REGULAR,USD,MU,put,2026-08-21,0.17534246575342466,47.8,3.0745293272493056e-11,-2.638026463941401e-10,-0.012580365725251943,1043.18994140625,0.021973756246363108,2026-06-18
MU260821P00770000,2026-06-17 19:20:46+00:00,770.0,44.57,0.0,0.0,0.0,0.0,18.0,446,0.12500875,False,REGULAR,USD,MU,put,2026-08-21,0.17534246575342466,44.57,1.4054250018445906e-10,-1.2539423943636052e-09,-0.0682133401203915,1043.18994140625,0.021973756246363108,2026-06-18
MU260821P00780000,2026-06-17 19:18:04+00:00,780.0,46.49,0.0,0.0,0.0,0.0,21.0,1128,0.12500875,False,REGULAR,USD,MU,put,2026-08-21,0.17534246575342466,46.49,5.925955131783602e-10,-5.503302813458788e-09,-0.7274350792675931,1043.18994140625,0.021973756246363108,2026-06-18
MU260821P00790000,2026-06-17 19:34:12+00:00,790.0,49.85,0.0,0.0,0.0,0.0,12.0,250,0.12500875,False,REGULAR,USD,MU,put,2026-08-21,0.17534246575342466,49.85,2.311323138388819e-09,-2.236531704280509e-08,-0.6288216088670089,1043.18994140625,0.021973756246363108,2026-06-18
MU260821P00800000,2026-06-17 19:54:36+00:00,800.0,59.0,0.0,0.0,0.0,0.0,71.0,1954,0.12500875,False,REGULAR,USD,MU,put,2026-08-21,0.17534246575342466,59.0,8.36160701970479e-09,-8.439927456915797e-08,-17.780382266451745,1043.18994140625,0.021973756246363108,2026-06-18
MU260821P00810000,2026-06-17 18:01:51+00:00,810.0,58.06,0.0,0.0,0.0,0.0,14.0,234,0.12500875,False,REGULAR,USD,MU,put,2026-08-21,0.17534246575342466,58.06,2.812995142684765e-08,-2.965319362280283e-07,-7.163274954731467,1043.18994140625,0.021973756246363108,2026-06-18
MU260821P00820000,2026-06-17 19:38:19+00:00,820.0,59.37,0.0,0.0,0.0,0.0,24.0,836,0.12500875,False,REGULAR,USD,MU,put,2026-08-21,0.17534246575342466,59.37,8.822116113558616e-08,-9.724886215201067e-07,-80.26123327225463,1043.18994140625,0.021973756246363108,2026-06-18
MU260821P00830000,2026-06-17 17:59:17+00:00,830.0,62.81,0.0,0.0,0.0,0.0,15.0,992,0.12500875,False,REGULAR,USD,MU,put,2026-08-21,0.17534246575342466,62.81,2.5854088063404995e-07,-2.984325327415327e-06,-279.10503918629604,1043.18994140625,0.021973756246363108,2026-06-18
MU260821P00840000,2026-06-17 18:26:07+00:00,840.0,67.9,0.0,0.0,0.0,0.0,17.0,549,0.12500875,False,REGULAR,USD,MU,put,2026-08-21,0.17534246575342466,67.9,7.096147376901565e-07,-8.589831491989663e-06,-423.9569438244336,1043.18994140625,0.021973756246363108,2026-06-18
MU260821P00850000,2026-06-17 19:52:32+00:00,850.0,75.47,0.0,0.0,0.0,0.0,113.0,2150,0.12500875,False,REGULAR,USD,MU,put,2026-08-21,0.17534246575342466,75.47,1.8280823257893045e-06,-2.3242935939138398e-05,-4277.214116582271,1043.18994140625,0.021973756246363108,2026-06-18
MU260821P00860000,2026-06-17 19:51:47+00:00,860.0,78.85,0.0,0.0,0.0,0.0,56.0,309,0.062509375,False,REGULAR,USD,MU,put,2026-08-21,0.17534246575342466,78.85,2.6814534633525066e-15,-9.43689570931383e-15,-9.01686412519094e-07,1043.18994140625,0.021973756246363108,2026-06-18
MU260821P00870000,2026-06-17 19:43:42+00:00,870.0,80.58,0.0,0.0,0.0,0.0,124.0,450,0.062509375,False,REGULAR,USD,MU,put,2026-08-21,0.17534246575342466,80.58,7.161985582372829e-14,-2.660094367001875e-13,-3.507298568175499e-05,1043.18994140625,0.021973756246363108,2026-06-18
MU260821P00880000,2026-06-17 19:43:08+00:00,880.0,84.4,0.0,0.0,0.0,0.0,15.0,565,0.062509375,False,REGULAR,USD,MU,put,2026-08-21,0.17534246575342466,84.4,1.520963142692763e-12,-5.9999782919817335e-12,-0.0009351772205446517,1043.18994140625,0.021973756246363108,2026-06-18
MU260821P00890000,2026-06-17 19:43:42+00:00,890.0,88.33,0.0,0.0,0.0,0.0,89.0,370,0.062509375,False,REGULAR,USD,MU,put,2026-08-21,0.17534246575342466,88.33,2.5870932241702668e-11,-1.0869627420362349e-10,-0.010416950113153163,1043.18994140625,0.021973756246363108,2026-06-18
MU260821P00900000,2026-06-17 19:51:47+00:00,900.0,94.65,0.0,0.0,0.0,0.0,86.0,1558,0.062509375,False,REGULAR,USD,MU,put,2026-08-21,0.17534246575342466,94.65,3.5495400988988264e-10,-1.5935841535252848e-09,-0.6018195918598522,1043.18994140625,0.021973756246363108,2026-06-18
MU260821P00910000,2026-06-17 19:41:24+00:00,910.0,95.5,0.0,0.0,0.0,0.0,19.0,274,0.062509375,False,REGULAR,USD,MU,put,2026-08-21,0.17534246575342466,95.5,3.95490381506693e-09,-1.9042931231894045e-08,-1.1792700538945509,1043.18994140625,0.021973756246363108,2026-06-18
MU260821P00920000,2026-06-17 19:13:31+00:00,920.0,91.68,0.0,0.0,0.0,0.0,11.0,283,0.062509375,False,REGULAR,USD,MU,put,2026-08-21,0.17534246575342466,91.68,3.6018488905010694e-08,-1.8677162272329184e-07,-11.092736737300658,1043.18994140625,0.021973756246363108,2026-06-18
MU260821P00930000,2026-06-17 17:02:44+00:00,930.0,104.0,0.0,0.0,0.0,0.0,2.0,228,0.062509375,False,REGULAR,USD,MU,put,2026-08-21,0.17534246575342466,104.0,2.698068375415232e-07,-1.5137447371138535e-06,-66.94445037374396,1043.18994140625,0.021973756246363108,2026-06-18
MU260821P00940000,2026-06-17 19:22:04+00:00,940.0,102.0,0.0,0.0,0.0,0.0,17.0,129,0.062509375,False,REGULAR,USD,MU,put,2026-08-21,0.17534246575342466,102.0,1.6723456574086587e-06,-1.0205768734228293e-05,-234.76996695709389,1043.18994140625,0.021973756246363108,2026-06-18
MU260821P00950000,2026-06-17 19:41:25+00:00,950.0,112.77,0.0,0.0,0.0,0.0,92.0,670,0.0312596875,False,REGULAR,USD,MU,put,2026-08-21,0.17534246575342466,112.77,4.170327944764563e-15,-7.327471962526033e-15,-3.0406875272382853e-06,1043.18994140625,0.021973756246363108,2026-06-18
MU260821P00960000,2026-06-17 19:41:25+00:00,960.0,117.47,0.0,0.0,0.0,0.0,4.0,218,0.0312596875,False,REGULAR,USD,MU,put,2026-08-21,0.17534246575342466,117.47,1.423365327770002e-12,-2.7643443090141773e-12,-0.00033767558261236195,1043.18994140625,0.021973756246363108,2026-06-18
MU260821P00970000,2026-06-17 17:23:20+00:00,970.0,118.25,0.0,0.0,0.0,0.0,3.0,91,0.0312596875,False,REGULAR,USD,MU,put,2026-08-21,0.17534246575342466,118.25,2.4355168688234007e-10,-5.316231899143986e-10,-0.02411900102586103,1043.18994140625,0.021973756246363108,2026-06-18
MU260821P00980000,2026-06-17 19:23:13+00:00,980.0,121.0,0.0,0.0,0.0,0.0,47.0,264,0.0312596875,False,REGULAR,USD,MU,put,2026-08-21,0.17534246575342466,121.0,2.1327399648746602e-08,-5.302007011209753e-08,-6.127292541410229,1043.18994140625,0.021973756246363108,2026-06-18
MU260821P00990000,2026-06-17 19:03:30+00:00,990.0,125.1,0.0,0.0,0.0,0.0,12.0,170,0.0312596875,False,REGULAR,USD,MU,put,2026-08-21,0.17534246575342466,125.1,9.7492519702076e-07,-2.806661756005191e-06,-180.36281214801988,1043.18994140625,0.021973756246363108,2026-06-18
MU260821P01000000,2026-06-17 19:59:36+00:00,1000.0,145.0,0.0,0.0,0.0,0.0,144.0,821,0.015634843750000002,False,REGULAR,USD,MU,put,2026-08-21,0.17534246575342466,145.0,2.7799121473979372e-14,-2.475797344914099e-14,-2.4837107106343373e-05,1043.18994140625,0.021973756246363108,2026-06-18
MU260821P01010000,2026-06-17 19:50:00+00:00,1010.0,144.8,0.0,0.0,0.0,0.0,13.0,108,0.015634843750000002,False,REGULAR,USD,MU,put,2026-08-21,0.17534246575342466,144.8,8.21723356148523e-10,-9.093760189315958e-10,-0.09657754656918723,1043.18994140625,0.021973756246363108,2026-06-18
MU260821P01020000,2026-06-17 19:52:51+00:00,1020.0,154.75,0.0,0.0,0.0,0.0,15.0,319,0.015634843750000002,False,REGULAR,USD,MU,put,2026-08-21,0.17534246575342466,154.75,2.2540097120493634e-06,-3.2667778855355323e-06,-782.4800034358236,1043.18994140625,0.021973756246363108,2026-06-18
MU260821P01030000,2026-06-17 19:58:59+00:00,1030.0,161.1,0.0,0.0,0.0,0.0,25.0,360,0.007822421875,False,REGULAR,USD,MU,put,2026-08-21,0.17534246575342466,161.1,1.506731785116643e-09,-8.323747247018787e-10,-0.5902897370327624,1043.18994140625,0.021973756246363108,2026-06-18
MU260821P01040000,2026-06-17 19:45:39+00:00,1040.0,158.05,0.0,0.0,0.0,0.0,57.0,133,0.00196310546875,False,REGULAR,USD,MU,put,2026-08-21,0.17534246575342466,158.05,1.092409272751674e-33,0.0,-1.5811162444255813e-25,1043.18994140625,0.021973756246363108,2026-06-18
MU260918C00055000,2026-05-12 16:56:52+00:00,55.0,661.6,989.75,1003.9,0.0,0.0,31.0,61,3.767090426025391,True,REGULAR,USD,MU,call,2026-09-18,0.25205479452054796,996.825,8.731984620797115e-06,0.9939103686002458,579.6549900373188,1043.18994140625,0.021973756246363108,2026-06-18
MU260918C00175000,2026-05-13 13:58:17+00:00,175.0,623.64,873.35,885.9,0.0,0.0,1.0,140,2.2834515570068357,True,REGULAR,USD,MU,call,2026-09-18,0.25205479452054796,879.625,3.384162516172751e-05,0.9837925304048194,5155.9183150804665,1043.18994140625,0.021973756246363108,2026-06-18
MU260918C00210000,2026-05-13 18:36:50+00:00,210.0,597.55,839.1,851.65,0.0,0.0,4.0,131,2.0769091046142574,True,REGULAR,USD,MU,call,2026-09-18,0.25205479452054796,845.375,4.3197612559074e-05,0.980693848504211,6158.2571867099605,1043.18994140625,0.021973756246363108,2026-06-18
MU260918C00290000,2026-05-11 14:37:27+00:00,290.0,505.5,761.45,773.85,0.0,0.0,1.0,145,1.7373060009765624,True,REGULAR,USD,MU,call,2026-09-18,0.25205479452054796,767.6500000000001,7.002984785086728e-05,0.9722776508649541,11050.399184985807,1043.18994140625,0.021973756246363108,2026-06-18
MU260918C01050000,2026-06-17 19:57:08+00:00,1050.0,205.25,0.0,0.0,0.0,0.0,70.0,579,0.0039162109375,False,REGULAR,USD,MU,call,2026-09-18,0.25205479452054796,205.25,0.037163072517439076,0.9655764415576041,23416229.088379845,1043.18994140625,0.021973756246363108,2026-06-18
MU260918C01060000,2026-06-17 19:59:00+00:00,1060.0,199.0,0.0,0.0,0.0,0.0,13.0,633,0.007822421875,False,REGULAR,USD,MU,call,2026-09-18,0.25205479452054796,199.0,0.03155517650742082,0.06664715890069615,21737075.086447105,1043.18994140625,0.021973756246363108,2026-06-18
MU260918C01070000,2026-06-17 19:54:11+00:00,1070.0,197.3,0.0,0.0,0.0,0.0,56.0,318,0.007822421875,False,REGULAR,USD,MU,call,2026-09-18,0.25205479452054796,197.3,4.9994367837682456e-05,4.967869169323927e-05,17301.150458929995,1043.18994140625,0.021973756246363108,2026-06-18
MU260918C01080000,2026-06-17 19:59:16+00:00,1080.0,191.7,0.0,0.0,0.0,0.0,19.0,89,0.015634843750000002,False,REGULAR,USD,MU,call,2026-09-18,0.25205479452054796,191.7,0.0003639546128750862,0.0008755900210591993,35250.39732699134,1043.18994140625,0.021973756246363108,2026-06-18
MU260918C01090000,2026-06-17 19:26:43+00:00,1090.0,210.39,0.0,0.0,0.0,0.0,20.0,324,0.015634843750000002,False,REGULAR,USD,MU,call,2026-09-18,0.25205479452054796,210.39,4.632693917742214e-06,8.400342000323255e-06,1633.4483226031275,1043.18994140625,0.021973756246363108,2026-06-18
MU260918C01100000,2026-06-17 19:59:30+00:00,1100.0,183.95,0.0,0.0,0.0,0.0,270.0,1518,0.015634843750000002,False,REGULAR,USD,MU,call,2026-09-18,0.25205479452054796,183.95,1.5752543491692328e-08,2.2872820469809267e-08,26.02251338881413,1043.18994140625,0.021973756246363108,2026-06-18
MU260918C01110000,2026-06-17 19:54:10+00:00,1110.0,182.35,0.0,0.0,0.0,0.0,20.0,370,0.0312596875,False,REGULAR,USD,MU,call,2026-09-18,0.25205479452054796,182.35,0.00010342917154805762,0.0004745671909834728,41645.83286736512,1043.18994140625,0.021973756246363108,2026-06-18
MU260918C01120000,2026-06-17 15:55:35+00:00,1120.0,181.0,0.0,0.0,0.0,0.0,1.0,99,0.0312596875,False,REGULAR,USD,MU,call,2026-09-18,0.25205479452054796,181.0,1.3286796316049223e-05,5.295027757036039e-05,1431.4700099529568,1043.18994140625,0.021973756246363108,2026-06-18
MU260918C01130000,2026-06-16 14:55:34+00:00,1130.0,186.2,0.0,0.0,0.0,0.0,9.0,74,0.0312596875,False,REGULAR,USD,MU,call,2026-09-18,0.25205479452054796,186.2,1.2594254990611069e-06,4.434573846985656e-06,101.4217228229974,1043.18994140625,0.021973756246363108,2026-06-18
MU260918C01140000,2026-06-17 19:54:11+00:00,1140.0,171.7,0.0,0.0,0.0,0.0,12.0,226,0.0312596875,False,REGULAR,USD,MU,call,2026-09-18,0.25205479452054796,171.7,8.880833831083896e-08,2.8010042758645643e-07,21.84182710323468,1043.18994140625,0.021973756246363108,2026-06-18
MU260918C01150000,2026-06-17 19:58:34+00:00,1150.0,167.43,0.0,0.0,0.0,0.0,25.0,1153,0.0312596875,False,REGULAR,USD,MU,call,2026-09-18,0.25205479452054796,167.43,4.695736030507305e-09,1.3415064076536169e-08,5.8919596531637755,1043.18994140625,0.021973756246363108,2026-06-18
MU260918C01160000,2026-06-17 19:54:11+00:00,1160.0,165.15,0.0,0.0,0.0,0.0,5.0,59,0.0312596875,False,REGULAR,USD,MU,call,2026-09-18,0.25205479452054796,165.15,1.876082495167128e-10,4.899891537301978e-10,0.012045663440073495,1043.18994140625,0.021973756246363108,2026-06-18
MU260918C01170000,2026-06-17 19:58:34+00:00,1170.0,160.76,0.0,0.0,0.0,0.0,2.0,50,0.0312596875,False,REGULAR,USD,MU,call,2026-09-18,0.25205479452054796,160.76,5.705878458603002e-12,1.3730215689981184e-11,0.00031046975758131887,1043.18994140625,0.021973756246363108,2026-06-18
MU260918C01180000,2026-06-17 19:54:11+00:00,1180.0,158.85,0.0,0.0,0.0,0.0,12.0,290,0.062509375,False,REGULAR,USD,MU,call,2026-09-18,0.25205479452054796,158.85,1.9392522862239033e-05,0.00016550001555587247,6120.108079859291,1043.18994140625,0.021973756246363108,2026-06-18
MU260918C01190000,2026-06-17 16:45:24+00:00,1190.0,157.36,0.0,0.0,0.0,0.0,20.0,122,0.062509375,False,REGULAR,USD,MU,call,2026-09-18,0.25205479452054796,157.36,7.123857229998167e-06,5.700830465829746e-05,945.8054659983841,1043.18994140625,0.021973756246363108,2026-06-18
MU260918C01200000,2026-06-17 19:59:30+00:00,1200.0,151.15,0.0,0.0,0.0,0.0,164.0,2480,0.062509375,False,REGULAR,USD,MU,call,2026-09-18,0.25205479452054796,151.15,2.4571178156376406e-06,1.8512834223797512e-05,6631.3880665316565,1043.18994140625,0.021973756246363108,2026-06-18
MU260918C01210000,2026-06-17 19:46:15+00:00,1210.0,154.9,0.0,0.0,0.0,0.0,17.0,211,0.062509375,False,REGULAR,USD,MU,call,2026-09-18,0.25205479452054796,154.9,7.970346371210777e-07,5.674461303744859e-06,183.0148929714234,1043.18994140625,0.021973756246363108,2026-06-18
MU260918C01220000,2026-06-17 15:51:55+00:00,1220.0,148.55,0.0,0.0,0.0,0.0,6.0,132,0.062509375,False,REGULAR,USD,MU,call,2026-09-18,0.25205479452054796,148.55,2.4353291409166495e-07,1.643693492207343e-06,34.98310700501765,1043.18994140625,0.021973756246363108,2026-06-18
MU260918C01230000,2026-06-16 14:28:08+00:00,1230.0,160.75,0.0,0.0,0.0,0.0,2.0,174,0.062509375,False,REGULAR,USD,MU,call,2026-09-18,0.25205479452054796,160.75,7.01997028025576e-08,4.504954681527434e-07,13.292641851016468,1043.18994140625,0.021973756246363108,2026-06-18
MU260918C01240000,2026-06-17 14:11:28+00:00,1240.0,132.05,0.0,0.0,0.0,0.0,30.0,129,0.062509375,False,REGULAR,USD,MU,call,2026-09-18,0.25205479452054796,132.05,1.911867290930113e-08,1.1696629537217049e-07,2.68394885189892,1043.18994140625,0.021973756246363108,2026-06-18
MU260918C01250000,2026-06-17 19:12:23+00:00,1250.0,150.85,0.0,0.0,0.0,0.0,61.0,362,0.062509375,False,REGULAR,USD,MU,call,2026-09-18,0.25205479452054796,150.85,4.926668977946571e-09,2.8804158361868527e-08,1.940835535981716,1043.18994140625,0.021973756246363108,2026-06-18
MU260918C01260000,2026-06-17 19:22:53+00:00,1260.0,149.4,0.0,0.0,0.0,0.0,25.0,379,0.062509375,False,REGULAR,USD,MU,call,2026-09-18,0.25205479452054796,149.4,1.2029062902014534e-09,6.735837058466136e-09,0.49613262617185394,1043.18994140625,0.021973756246363108,2026-06-18
MU260918C01270000,2026-06-17 19:12:23+00:00,1270.0,145.19,0.0,0.0,0.0,0.0,35.0,184,0.062509375,False,REGULAR,USD,MU,call,2026-09-18,0.25205479452054796,145.19,2.786663677239153e-10,1.4975477773976878e-09,0.055799352783363475,1043.18994140625,0.021973756246363108,2026-06-18
MU260918C01280000,2026-06-17 17:59:33+00:00,1280.0,136.12,0.0,0.0,0.0,0.0,12.0,167,0.062509375,False,REGULAR,USD,MU,call,2026-09-18,0.25205479452054796,136.12,6.133182149492345e-11,3.1690227519913165e-10,0.011146258629866956,1043.18994140625,0.021973756246363108,2026-06-18
MU260918C01290000,2026-06-17 19:36:00+00:00,1290.0,139.76,0.0,0.0,0.0,0.0,3.0,63,0.062509375,False,REGULAR,USD,MU,call,2026-09-18,0.25205479452054796,139.76,1.2840831727262076e-11,6.390277112368903e-11,0.0008803603735097563,1043.18994140625,0.021973756246363108,2026-06-18
MU260918C01300000,2026-06-17 19:56:46+00:00,1300.0,129.0,0.0,0.0,0.0,0.0,218.0,1739,0.062509375,False,REGULAR,USD,MU,call,2026-09-18,0.25205479452054796,129.0,2.560635197281373e-12,1.2292735726954294e-11,0.004845895835396871,1043.18994140625,0.021973756246363108,2026-06-18
MU260918C01310000,2026-06-17 17:55:56+00:00,1310.0,127.65,0.0,0.0,0.0,0.0,2.0,159,0.062509375,False,REGULAR,USD,MU,call,2026-09-18,0.25205479452054796,127.65,4.869397378159844e-13,2.2583286625797415e-12,8.425566751577512e-05,1043.18994140625,0.021973756246363108,2026-06-18
MU260918C01320000,2026-06-17 17:56:57+00:00,1320.0,124.85,0.0,0.0,0.0,0.0,26.0,210,0.062509375,False,REGULAR,USD,MU,call,2026-09-18,0.25205479452054796,124.85,8.840693119685937e-14,3.9664396713650534e-13,2.020376888933122e-05,1043.18994140625,0.021973756246363108,2026-06-18
MU260918C01330000,2026-06-17 18:10:45+00:00,1330.0,122.8,0.0,0.0,0.0,0.0,4.0,139,0.062509375,False,REGULAR,USD,MU,call,2026-09-18,0.25205479452054796,122.8,1.534182843796737e-14,6.667223377601231e-14,2.3206984056393605e-06,1043.18994140625,0.021973756246363108,2026-06-18
MU260918C01340000,2026-06-16 13:45:00+00:00,1340.0,141.81,0.0,0.0,0.0,0.0,2.0,174,0.12500875,False,REGULAR,USD,MU,call,2026-09-18,0.25205479452054796,141.81,4.50146646998036e-06,7.307727057503753e-05,852.3737167107818,1043.18994140625,0.021973756246363108,2026-06-18
MU260918C01350000,2026-06-17 19:58:28+00:00,1350.0,113.77,0.0,0.0,0.0,0.0,7.0,740,0.12500875,False,REGULAR,USD,MU,call,2026-09-18,0.25205479452054796,113.77,2.8505497528293123e-06,4.501895836487214e-05,2295.551957143524,1043.18994140625,0.021973756246363108,2026-06-18
MU260918C01360000,2026-06-16 19:06:54+00:00,1360.0,112.9,0.0,0.0,0.0,0.0,12.0,63,0.12500875,False,REGULAR,USD,MU,call,2026-09-18,0.25205479452054796,112.9,1.786240884827376e-06,2.7467827804500257e-05,122.46369440434391,1043.18994140625,0.021973756246363108,2026-06-18
MU260918C01370000,2026-06-17 18:10:49+00:00,1370.0,113.8,0.0,0.0,0.0,0.0,7.0,62,0.12500875,False,REGULAR,USD,MU,call,2026-09-18,0.25205479452054796,113.8,1.1078962137808455e-06,1.6601964183344306e-05,74.75109337721493,1043.18994140625,0.021973756246363108,2026-06-18
MU260918C01380000,2026-06-17 14:30:38+00:00,1380.0,103.21,0.0,0.0,0.0,0.0,1.0,168,0.12500875,False,REGULAR,USD,MU,call,2026-09-18,0.25205479452054796,103.21,6.803205428286473e-07,9.94236911338422e-06,124.37974110756275,1043.18994140625,0.021973756246363108,2026-06-18
MU260918C01390000,2026-06-17 18:37:02+00:00,1390.0,110.7,0.0,0.0,0.0,0.0,4.0,149,0.12500875,False,REGULAR,USD,MU,call,2026-09-18,0.25205479452054796,110.7,4.137027364999297e-07,5.900691649981219e-06,67.08129588569248,1043.18994140625,0.021973756246363108,2026-06-18
MU260918C01400000,2026-06-17 19:57:47+00:00,1400.0,103.58,0.0,0.0,0.0,0.0,108.0,843,0.12500875,False,REGULAR,USD,MU,call,2026-09-18,0.25205479452054796,103.58,2.4918706506141054e-07,3.4712376043151127e-06,228.60190825693712,1043.18994140625,0.021973756246363108,2026-06-18
MU260918C01410000,2026-06-16 16:00:20+00:00,1410.0,103.0,0.0,0.0,0.0,0.0,13.0,92,0.12500875,False,REGULAR,USD,MU,call,2026-09-18,0.25205479452054796,103.0,1.4870450234509075e-07,2.0245022659168695e-06,14.888081139107829,1043.18994140625,0.021973756246363108,2026-06-18
MU260918C01420000,2026-06-17 19:32:11+00:00,1420.0,112.24,0.0,0.0,0.0,0.0,8.0,70,0.12500875,False,REGULAR,USD,MU,call,2026-09-18,0.25205479452054796,112.24,8.793885757890132e-08,1.1708120268439733e-06,6.698933107253367,1043.18994140625,0.021973756246363108,2026-06-18
MU260918C01430000,2026-06-17 16:41:46+00:00,1430.0,100.03,0.0,0.0,0.0,0.0,2.0,133,0.12500875,False,REGULAR,USD,MU,call,2026-09-18,0.25205479452054796,100.03,5.1545359314836106e-08,6.715400229129708e-07,7.460501020112372,1043.18994140625,0.021973756246363108,2026-06-18
MU260918C01440000,2026-06-17 19:56:17+00:00,1440.0,96.35,0.0,0.0,0.0,0.0,7.0,97,0.12500875,False,REGULAR,USD,MU,call,2026-09-18,0.25205479452054796,96.35,2.9953104702988824e-08,3.820776585753861e-07,3.161843431020086,1043.18994140625,0.021973756246363108,2026-06-18
MU260918C01450000,2026-06-17 15:26:56+00:00,1450.0,91.0,0.0,0.0,0.0,0.0,2.0,374,0.12500875,False,REGULAR,USD,MU,call,2026-09-18,0.25205479452054796,91.0,1.7259439532683586e-08,2.1567706835668842e-07,7.024656180184774,1043.18994140625,0.021973756246363108,2026-06-18
MU260918C01460000,2026-06-15 16:24:22+00:00,1460.0,109.23,0.0,0.0,0.0,0.0,5.0,94,0.12500875,False,REGULAR,USD,MU,call,2026-09-18,0.25205479452054796,109.23,9.863494566254668e-09,1.2081054354440985e-07,1.008986707922669,1043.18994140625,0.021973756246363108,2026-06-18
MU260918C01470000,2026-06-17 17:20:44+00:00,1470.0,94.0,0.0,0.0,0.0,0.0,2.0,104,0.12500875,False,REGULAR,USD,MU,call,2026-09-18,0.25205479452054796,94.0,5.5916328029068336e-09,6.7162769697416e-08,0.6328470573403581,1043.18994140625,0.021973756246363108,2026-06-18
MU260918C01480000,2026-06-17 13:46:47+00:00,1480.0,88.2,0.0,0.0,0.0,0.0,5.0,239,0.12500875,False,REGULAR,USD,MU,call,2026-09-18,0.25205479452054796,88.2,3.1450853120581345e-09,3.7063636066620964e-08,0.8180071751492295,1043.18994140625,0.021973756246363108,2026-06-18
MU260918C01490000,2026-06-17 15:52:52+00:00,1490.0,87.75,0.0,0.0,0.0,0.0,18.0,147,0.12500875,False,REGULAR,USD,MU,call,2026-09-18,0.25205479452054796,87.75,1.755465419121628e-09,2.030646506960203e-08,0.2808254058668695,1043.18994140625,0.021973756246363108,2026-06-18
MU260918C01500000,2026-06-17 19:48:28+00:00,1500.0,91.0,0.0,0.0,0.0,0.0,343.0,1395,0.12500875,False,REGULAR,USD,MU,call,2026-09-18,0.25205479452054796,91.0,9.72514837722499e-10,1.1047326570293791e-08,1.4763768457496411,1043.18994140625,0.021973756246363108,2026-06-18
MU260918C01510000,2026-06-15 15:49:58+00:00,1510.0,97.68,0.0,0.0,0.0,0.0,4.0,114,0.12500875,False,REGULAR,USD,MU,call,2026-09-18,0.25205479452054796,97.68,5.348356537505628e-10,5.9687691342073896e-09,0.06635168924342622,1043.18994140625,0.021973756246363108,2026-06-18
MU260918C01520000,2026-06-17 19:12:37+00:00,1520.0,91.48,0.0,0.0,0.0,0.0,3.0,377,0.12500875,False,REGULAR,USD,MU,call,2026-09-18,0.25205479452054796,91.48,2.920375755400837e-10,3.203197929662367e-09,0.11981380658394297,1043.18994140625,0.021973756246363108,2026-06-18
MU260918C01530000,2026-06-16 16:58:24+00:00,1530.0,84.69,0.0,0.0,0.0,0.0,4.0,107,0.12500875,False,REGULAR,USD,MU,call,2026-09-18,0.25205479452054796,84.69,1.583520242558951e-10,1.7077307366183029e-09,0.01843886475525983,1043.18994140625,0.021973756246363108,2026-06-18
MU260918C01540000,2026-06-17 19:56:34+00:00,1540.0,80.1,0.0,0.0,0.0,0.0,4.0,203,0.12500875,False,REGULAR,USD,MU,call,2026-09-18,0.25205479452054796,80.1,8.527965182661874e-11,9.045975975856842e-10,0.018839450799130904,1043.18994140625,0.021973756246363108,2026-06-18
MU260918C01550000,2026-06-17 19:51:52+00:00,1550.0,79.35,0.0,0.0,0.0,0.0,115.0,315,0.12500875,False,REGULAR,USD,MU,call,2026-09-18,0.25205479452054796,79.35,4.56218380205787e-11,4.761614850021832e-10,0.01563904083982649,1043.18994140625,0.021973756246363108,2026-06-18
MU260918C01560000,2026-06-17 19:33:12+00:00,1560.0,86.15,0.0,0.0,0.0,0.0,1.0,79,0.12500875,False,REGULAR,USD,MU,call,2026-09-18,0.25205479452054796,86.15,2.4247816242734305e-11,2.491018224089096e-10,0.0020846181044504725,1043.18994140625,0.021973756246363108,2026-06-18
MU260918C01570000,2026-06-16 14:27:49+00:00,1570.0,87.42,0.0,0.0,0.0,0.0,4.0,108,0.12500875,False,REGULAR,USD,MU,call,2026-09-18,0.25205479452054796,87.42,1.2805904319956975e-11,1.2953377198312285e-10,0.0015050841765262676,1043.18994140625,0.021973756246363108,2026-06-18
MU260918C01580000,2026-06-17 18:47:12+00:00,1580.0,82.78,0.0,0.0,0.0,0.0,1.0,74,0.12500875,False,REGULAR,USD,MU,call,2026-09-18,0.25205479452054796,82.78,6.7212383980071786e-12,6.696238692705905e-11,0.0005412623282108855,1043.18994140625,0.021973756246363108,2026-06-18
MU260918C01590000,2026-06-17 19:56:45+00:00,1590.0,73.8,0.0,0.0,0.0,0.0,20.0,131,0.12500875,False,REGULAR,USD,MU,call,2026-09-18,0.25205479452054796,73.8,3.506322586880597e-12,3.441737108988603e-11,0.000499861797687362,1043.18994140625,0.021973756246363108,2026-06-18
MU260918C01600000,2026-06-17 19:45:37+00:00,1600.0,76.45,0.0,0.0,0.0,0.0,27.0,2438,0.12500875,False,REGULAR,USD,MU,call,2026-09-18,0.25205479452054796,76.45,1.8183544273728691e-12,1.7590537184430733e-11,0.004824352372844207,1043.18994140625,0.021973756246363108,2026-06-18
MU260918C01610000,2026-06-17 18:50:42+00:00,1610.0,78.0,0.0,0.0,0.0,0.0,1.0,157,0.12500875,False,REGULAR,USD,MU,call,2026-09-18,0.25205479452054796,78.0,9.375369861157742e-13,8.941074195509867e-12,0.000160182417545717,1043.18994140625,0.021973756246363108,2026-06-18
MU260918C01620000,2026-06-16 16:15:21+00:00,1620.0,73.63,0.0,0.0,0.0,0.0,3.0,119,0.12500875,False,REGULAR,USD,MU,call,2026-09-18,0.25205479452054796,73.63,4.806612985918789e-13,4.5202538582186505e-12,6.224620785140403e-05,1043.18994140625,0.021973756246363108,2026-06-18
MU260918C01630000,2026-06-17 18:24:16+00:00,1630.0,68.8,0.0,0.0,0.0,0.0,18.0,731,0.12500875,False,REGULAR,USD,MU,call,2026-09-18,0.25205479452054796,68.8,2.450682542549409e-13,2.2732680263802403e-12,0.00019495358049521127,1043.18994140625,0.021973756246363108,2026-06-18
MU260918C01640000,2026-06-17 19:45:28+00:00,1640.0,71.3,0.0,0.0,0.0,0.0,43.0,168,0.12500875,False,REGULAR,USD,MU,call,2026-09-18,0.25205479452054796,71.3,1.2427593708130896e-13,1.1373762638614973e-12,2.272077338103582e-05,1043.18994140625,0.021973756246363108,2026-06-18
MU260918C01650000,2026-06-17 19:38:37+00:00,1650.0,71.5,0.0,0.0,0.0,0.0,76.0,811,0.12500875,False,REGULAR,USD,MU,call,2026-09-18,0.25205479452054796,71.5,6.268920239295282e-14,5.662044228329032e-13,5.5327415074167624e-05,1043.18994140625,0.021973756246363108,2026-06-18
MU260918C01660000,2026-06-17 18:48:32+00:00,1660.0,72.2,0.0,0.0,0.0,0.0,2.0,129,0.12500875,False,REGULAR,USD,MU,call,2026-09-18,0.25205479452054796,72.2,3.14598390627852e-14,2.804831101052488e-13,4.416446650562717e-06,1043.18994140625,0.021973756246363108,2026-06-18
MU260918C01670000,2026-06-17 16:41:46+00:00,1670.0,64.38,0.0,0.0,0.0,0.0,2.0,89,0.12500875,False,REGULAR,USD,MU,call,2026-09-18,0.25205479452054796,64.38,1.570830813698653e-14,1.382777285167409e-13,1.5214097680735574e-06,1043.18994140625,0.021973756246363108,2026-06-18
MU260918C01680000,2026-06-17 17:41:39+00:00,1680.0,64.15,0.0,0.0,0.0,0.0,6.0,46,0.12500875,False,REGULAR,USD,MU,call,2026-09-18,0.25205479452054796,64.15,7.804793109352497e-15,6.785103557221521e-14,3.907023366929878e-07,1043.18994140625,0.021973756246363108,2026-06-18
MU260918C01690000,2026-06-17 17:56:15+00:00,1690.0,63.08,0.0,0.0,0.0,0.0,10.0,72,0.12500875,False,REGULAR,USD,MU,call,2026-09-18,0.25205479452054796,63.08,3.859234620645412e-15,3.3140959374622965e-14,3.023851506779168e-07,1043.18994140625,0.021973756246363108,2026-06-18
MU260918C01700000,2026-06-17 19:45:28+00:00,1700.0,64.4,0.0,0.0,0.0,0.0,35.0,205,0.12500875,False,REGULAR,USD,MU,call,2026-09-18,0.25205479452054796,64.4,1.89931225839978e-15,1.611471596220892e-14,4.237180979109081e-07,1043.18994140625,0.021973756246363108,2026-06-18
MU260918C01710000,2026-06-17 17:55:56+00:00,1710.0,61.47,0.0,0.0,0.0,0.0,2.0,22,0.12500875,False,REGULAR,USD,MU,call,2026-09-18,0.25205479452054796,61.47,9.304508899300539e-16,7.801405826285295e-15,2.227629282797563e-08,1043.18994140625,0.021973756246363108,2026-06-18
MU260918C01720000,2026-06-17 19:49:34+00:00,1720.0,60.0,0.0,0.0,0.0,0.0,21.0,70,0.12500875,False,REGULAR,USD,MU,call,2026-09-18,0.25205479452054796,60.0,4.537721661548806e-16,3.7606110915357804e-15,3.456707843034711e-08,1043.18994140625,0.021973756246363108,2026-06-18
MU260918C01730000,2026-06-15 18:21:40+00:00,1730.0,70.75,0.0,0.0,0.0,0.0,6.0,15,0.12500875,False,REGULAR,USD,MU,call,2026-09-18,0.25205479452054796,70.75,2.203301533308336e-16,1.8051823629574074e-15,3.5965986546387207e-09,1043.18994140625,0.021973756246363108,2026-06-18
MU260918C01740000,2026-06-17 18:57:05+00:00,1740.0,61.59,0.0,0.0,0.0,0.0,2.0,28,0.2500075,False,REGULAR,USD,MU,call,2026-09-18,0.25205479452054796,61.59,1.3338018535348953e-06,4.196501718767945e-05,40.642099027243006,1043.18994140625,0.021973756246363108,2026-06-18
MU260918C01750000,2026-06-17 19:31:01+00:00,1750.0,62.55,0.0,0.0,0.0,0.0,13.0,87,0.2500075,False,REGULAR,USD,MU,call,2026-09-18,0.25205479452054796,62.55,1.113410662139758e-06,3.4668628109758785e-05,105.41475657349709,1043.18994140625,0.021973756246363108,2026-06-18
MU260918C01760000,2026-06-17 19:43:57+00:00,1760.0,57.0,0.0,0.0,0.0,0.0,4.0,116,0.2500075,False,REGULAR,USD,MU,call,2026-09-18,0.25205479452054796,57.0,9.284719422400691e-07,2.8615624173964816e-05,117.20700139930159,1043.18994140625,0.021973756246363108,2026-06-18
MU260918C01770000,2026-06-17 19:42:08+00:00,1770.0,55.85,0.0,0.0,0.0,0.0,14.0,88,0.2500075,False,REGULAR,USD,MU,call,2026-09-18,0.25205479452054796,55.85,7.734668755213215e-07,2.359910628366311e-05,74.07150575415147,1043.18994140625,0.021973756246363108,2026-06-18
MU260918C01780000,2026-06-16 19:15:59+00:00,1780.0,52.45,0.0,0.0,0.0,0.0,4.0,148,0.2500075,False,REGULAR,USD,MU,call,2026-09-18,0.25205479452054796,52.45,6.437009201180512e-07,1.9445626353369518e-05,103.67466174027936,1043.18994140625,0.021973756246363108,2026-06-18
MU260918C01790000,2026-06-17 18:01:05+00:00,1790.0,52.45,0.0,0.0,0.0,0.0,4.0,148,0.2500075,False,REGULAR,USD,MU,call,2026-09-18,0.25205479452054796,52.45,5.351872292573165e-07,1.600996863531423e-05,86.19741439983325,1043.18994140625,0.021973756246363108,2026-06-18
MU260918C01800000,2026-06-17 19:34:45+00:00,1800.0,55.8,0.0,0.0,0.0,0.0,9.0,456,0.2500075,False,REGULAR,USD,MU,call,2026-09-18,0.25205479452054796,55.8,4.4454534127727145e-07,1.3170708721355717e-05,220.60110714158859,1043.18994140625,0.021973756246363108,2026-06-18
MU260918C01810000,2026-06-16 15:51:57+00:00,1810.0,50.15,0.0,0.0,0.0,0.0,33.0,78,0.2500075,False,REGULAR,USD,MU,call,2026-09-18,0.25205479452054796,50.15,3.6891336766744457e-07,1.0826441306744256e-05,31.314521272815316,1043.18994140625,0.021973756246363108,2026-06-18
MU260918C01820000,2026-06-16 15:52:25+00:00,1820.0,49.9,0.0,0.0,0.0,0.0,10.0,71,0.2500075,False,REGULAR,USD,MU,call,2026-09-18,0.25205479452054796,49.9,3.0587206861513185e-07,8.892581725583612e-06,23.633331713880136,1043.18994140625,0.021973756246363108,2026-06-18
MU260918C01830000,2026-06-17 14:08:30+00:00,1830.0,45.97,0.0,0.0,0.0,0.0,1.0,177,0.2500075,False,REGULAR,USD,MU,call,2026-09-18,0.25205479452054796,45.97,2.5337936208729333e-07,7.298658666940603e-06,48.80578321411437,1043.18994140625,0.021973756246363108,2026-06-18
MU260918C01840000,2026-06-16 15:53:47+00:00,1840.0,49.25,0.0,0.0,0.0,0.0,2.0,10,0.2500075,False,REGULAR,USD,MU,call,2026-09-18,0.25205479452054796,49.25,2.0971396089109593e-07,5.986026471488064e-06,2.282202226060661,1043.18994140625,0.021973756246363108,2026-06-18
MU260918C01850000,2026-06-16 13:39:24+00:00,1850.0,63.1,0.0,0.0,0.0,0.0,1.0,33,0.2500075,False,REGULAR,USD,MU,call,2026-09-18,0.25205479452054796,63.1,1.7342697122728645e-07,4.905935109697314e-06,6.22812558482,1043.18994140625,0.021973756246363108,2026-06-18
MU260918C01860000,2026-06-16 19:05:40+00:00,1860.0,47.22,0.0,0.0,0.0,0.0,125.0,204,0.2500075,False,REGULAR,USD,MU,call,2026-09-18,0.25205479452054796,47.22,1.4330041527119122e-07,4.01790447123612e-06,31.81298334593037,1043.18994140625,0.021973756246363108,2026-06-18
MU260918C01870000,2026-06-17 19:32:11+00:00,1870.0,51.62,0.0,0.0,0.0,0.0,8.0,23,0.2500075,False,REGULAR,USD,MU,call,2026-09-18,0.25205479452054796,51.62,1.183117589776542e-07,3.2883570652075435e-06,2.961300834190977,1043.18994140625,0.021973756246363108,2026-06-18
MU260918C01880000,2026-06-17 19:32:17+00:00,1880.0,50.55,0.0,0.0,0.0,0.0,2.0,17,0.2500075,False,REGULAR,USD,MU,call,2026-09-18,0.25205479452054796,50.55,9.760363460859586e-08,2.68946975076195e-06,1.805683766064289,1043.18994140625,0.021973756246363108,2026-06-18
MU260918C01890000,2026-06-16 14:20:18+00:00,1890.0,54.0,0.0,0.0,0.0,0.0,1.0,34,0.2500075,False,REGULAR,USD,MU,call,2026-09-18,0.25205479452054796,54.0,8.04580456580453e-08,2.1982107895688314e-06,2.976974934931305,1043.18994140625,0.021973756246363108,2026-06-18
MU260918C01900000,2026-06-17 19:39:34+00:00,1900.0,45.99,0.0,0.0,0.0,0.0,33.0,158,0.2500075,False,REGULAR,USD,MU,call,2026-09-18,0.25205479452054796,45.99,6.627443030240044e-08,1.795533430623496e-06,11.395407808067889,1043.18994140625,0.021973756246363108,2026-06-18
MU260918C01910000,2026-06-16 18:19:39+00:00,1910.0,43.3,0.0,0.0,0.0,0.0,27.0,551,0.2500075,False,REGULAR,USD,MU,call,2026-09-18,0.25205479452054796,43.3,5.455103875460069e-08,1.4657014913237434e-06,32.710064868557495,1043.18994140625,0.021973756246363108,2026-06-18
MU260918C01920000,2026-06-16 15:52:27+00:00,1920.0,42.96,0.0,0.0,0.0,0.0,74.0,35,0.2500075,False,REGULAR,USD,MU,call,2026-09-18,0.25205479452054796,42.96,4.4869150547696445e-08,1.1957260664910031e-06,1.7090024044752585,1043.18994140625,0.021973756246363108,2026-06-18
MU260918C01930000,2026-06-17 19:58:11+00:00,1930.0,41.4,0.0,0.0,0.0,0.0,49.0,49,0.2500075,False,REGULAR,USD,MU,call,2026-09-18,0.25205479452054796,41.4,3.6879720457034176e-08,9.748956513185947e-07,1.9665748567855514,1043.18994140625,0.021973756246363108,2026-06-18
MU260918C01940000,2026-06-11 13:41:54+00:00,1940.0,24.3,0.0,0.0,0.0,0.0,2.0,22,0.2500075,False,REGULAR,USD,MU,call,2026-09-18,0.25205479452054796,24.3,3.0292097149566066e-08,7.943846701505301e-07,0.7252350809487077,1043.18994140625,0.021973756246363108,2026-06-18
MU260918C01950000,2026-06-15 18:42:39+00:00,1950.0,52.17,0.0,0.0,0.0,0.0,10.0,44,0.2500075,False,REGULAR,USD,MU,call,2026-09-18,0.25205479452054796,52.17,2.486450737942198e-08,6.469277186888132e-07,1.1905820143801538,1043.18994140625,0.021973756246363108,2026-06-18
MU260918C01960000,2026-06-17 16:43:02+00:00,1960.0,39.5,0.0,0.0,0.0,0.0,18.0,174,0.2500075,False,REGULAR,USD,MU,call,2026-09-18,0.25205479452054796,39.5,2.039604126970844e-08,5.265488044278345e-07,3.8620857489856464,1043.18994140625,0.021973756246363108,2026-06-18
MU260918C01970000,2026-06-17 15:01:16+00:00,1970.0,35.95,0.0,0.0,0.0,0.0,4.0,205,0.2500075,False,REGULAR,USD,MU,call,2026-09-18,0.25205479452054796,35.95,1.6719911542264277e-08,4.283365545955085e-07,3.7300496980395197,1043.18994140625,0.021973756246363108,2026-06-18
MU260918C01980000,2026-06-17 19:40:00+00:00,1980.0,40.45,0.0,0.0,0.0,0.0,31.0,299,0.2500075,False,REGULAR,USD,MU,call,2026-09-18,0.25205479452054796,40.45,1.369779205565067e-08,3.48257792964083e-07,4.457060600647851,1043.18994140625,0.021973756246363108,2026-06-18
MU260918C01990000,2026-06-17 19:40:00+00:00,1990.0,39.8,0.0,0.0,0.0,0.0,14.0,30,0.2500075,False,REGULAR,USD,MU,call,2026-09-18,0.25205479452054796,39.8,1.1215069223258427e-08,2.830031019458886e-07,0.36614237561470103,1043.18994140625,0.021973756246363108,2026-06-18
MU260918C02000000,2026-06-17 19:07:02+00:00,2000.0,41.0,0.0,0.0,0.0,0.0,61.0,1192,0.2500075,False,REGULAR,USD,MU,call,2026-09-18,0.25205479452054796,41.0,9.176864302447727e-09,2.2985901530816247e-07,11.904121394671018,1043.18994140625,0.021973756246363108,2026-06-18
MU260918C02010000,2026-06-17 17:24:52+00:00,2010.0,38.65,0.0,0.0,0.0,0.0,21.0,53,0.2500075,False,REGULAR,USD,MU,call,2026-09-18,0.25205479452054796,38.65,7.504705623872638e-09,1.8660235652239803e-07,0.43284889466667,1043.18994140625,0.021973756246363108,2026-06-18
MU260918C02020000,2026-06-17 17:24:51+00:00,2020.0,37.95,0.0,0.0,0.0,0.0,4.0,71,0.2500075,False,REGULAR,USD,MU,call,2026-09-18,0.25205479452054796,37.95,6.133747977221435e-09,1.514129715384361e-07,0.4739265708416637,1043.18994140625,0.021973756246363108,2026-06-18
MU260918C02030000,2026-06-16 15:53:08+00:00,2030.0,36.85,0.0,0.0,0.0,0.0,294.0,128,0.2500075,False,REGULAR,USD,MU,call,2026-09-18,0.25205479452054796,36.85,5.0104519544376734e-09,1.2280172281582983e-07,0.6979328715604664,1043.18994140625,0.021973756246363108,2026-06-18
MU260918C02040000,2026-06-17 18:33:01+00:00,2040.0,35.25,0.0,0.0,0.0,0.0,11.0,57,0.2500075,False,REGULAR,USD,MU,call,2026-09-18,0.25205479452054796,35.25,4.090649404304448e-09,9.955113114678464e-08,0.2537428985659968,1043.18994140625,0.021973756246363108,2026-06-18
MU260918C02050000,2026-06-16 17:42:35+00:00,2050.0,35.25,0.0,0.0,0.0,0.0,8.0,51,0.2500075,False,REGULAR,USD,MU,call,2026-09-18,0.25205479452054796,35.25,3.337932567007945e-09,8.066648811617498e-08,0.185256952959805,1043.18994140625,0.021973756246363108,2026-06-18
MU260918C02060000,2026-06-16 15:31:23+00:00,2060.0,36.25,0.0,0.0,0.0,0.0,6.0,14,0.2500075,False,REGULAR,USD,MU,call,2026-09-18,0.25205479452054796,36.25,2.7223141943122023e-09,6.533562778185049e-08,0.041475637020327166,1043.18994140625,0.021973756246363108,2026-06-18
MU260918C02070000,2026-06-16 15:43:50+00:00,2070.0,33.66,0.0,0.0,0.0,0.0,257.0,121,0.2500075,False,REGULAR,USD,MU,call,2026-09-18,0.25205479452054796,33.66,2.219114249801795e-09,5.289585228232882e-08,0.2922078065621381,1043.18994140625,0.021973756246363108,2026-06-18
MU260918C02080000,2026-06-16 15:49:22+00:00,2080.0,32.96,0.0,0.0,0.0,0.0,2.0,8,0.2500075,False,REGULAR,USD,MU,call,2026-09-18,0.25205479452054796,32.96,1.808035825809853e-09,4.280676193832154e-08,0.015740691249843702,1043.18994140625,0.021973756246363108,2026-06-18
MU260918C02090000,2026-06-16 15:49:22+00:00,2090.0,32.3,0.0,0.0,0.0,0.0,6.0,49,0.2500075,False,REGULAR,USD,MU,call,2026-09-18,0.25205479452054796,32.3,1.4723988853708783e-09,3.4627953966143024e-08,0.07851422384025032,1043.18994140625,0.021973756246363108,2026-06-18
MU260918C02100000,2026-06-17 15:54:24+00:00,2100.0,31.55,0.0,0.0,0.0,0.0,23.0,33,0.2500075,False,REGULAR,USD,MU,call,2026-09-18,0.25205479452054796,31.55,1.1985054923755759e-09,2.800073192180701e-08,0.04304084115514544,1043.18994140625,0.021973756246363108,2026-06-18
MU260918C02110000,2026-06-17 19:49:35+00:00,2110.0,32.35,0.0,0.0,0.0,0.0,2.0,4,0.2500075,False,REGULAR,USD,MU,call,2026-09-18,0.25205479452054796,32.35,9.75114464403122e-10,2.2633116170542516e-08,0.0042446547513933135,1043.18994140625,0.021973756246363108,2026-06-18
MU260918C02120000,2026-06-17 19:47:40+00:00,2120.0,32.55,0.0,0.0,0.0,0.0,34.0,26,0.2500075,False,REGULAR,USD,MU,call,2026-09-18,0.25205479452054796,32.55,7.930069858917867e-10,1.828756887009364e-08,0.022437638305356635,1043.18994140625,0.021973756246363108,2026-06-18
MU260918C02130000,2026-06-16 15:29:35+00:00,2130.0,32.65,0.0,0.0,0.0,0.0,4.0,21,0.2500075,False,REGULAR,USD,MU,call,2026-09-18,0.25205479452054796,32.65,6.44627754001404e-10,1.4770949255123267e-08,0.014731774969648188,1043.18994140625,0.021973756246363108,2026-06-18
MU260918C02140000,2026-06-17 19:48:26+00:00,2140.0,31.25,0.0,0.0,0.0,0.0,25.0,129,0.2500075,False,REGULAR,USD,MU,call,2026-09-18,0.25205479452054796,31.25,5.237887814600407e-10,1.1926299858355326e-08,0.07353137455232499,1043.18994140625,0.021973756246363108,2026-06-18
MU260918C02150000,2026-06-17 19:47:44+00:00,2150.0,30.82,0.0,0.0,0.0,0.0,30.0,32,0.2500075,False,REGULAR,USD,MU,call,2026-09-18,0.25205479452054796,30.82,4.2542512346582103e-10,9.626134598390614e-09,0.01481493988738336,1043.18994140625,0.021973756246363108,2026-06-18
MU260918C02160000,2026-06-16 15:38:02+00:00,2160.0,30.0,0.0,0.0,0.0,0.0,3.0,46,0.2500075,False,REGULAR,USD,MU,call,2026-09-18,0.25205479452054796,30.0,3.45393592347439e-10,7.766957836588052e-09,0.017290155128804573,1043.18994140625,0.021973756246363108,2026-06-18
MU260918C02170000,2026-06-17 19:47:44+00:00,2170.0,29.85,0.0,0.0,0.0,0.0,167.0,1371,0.2500075,False,REGULAR,USD,MU,call,2026-09-18,0.25205479452054796,29.85,2.8030702799831333e-10,6.264791594825188e-09,0.4182136689840417,1043.18994140625,0.021973756246363108,2026-06-18
MU260918C02180000,2026-06-16 15:29:35+00:00,2180.0,30.78,0.0,0.0,0.0,0.0,4.0,1,0.2500075,False,REGULAR,USD,MU,call,2026-09-18,0.25205479452054796,30.78,2.2739794996334714e-10,5.051527838785567e-09,0.0002474647397830996,1043.18994140625,0.021973756246363108,2026-06-18
MU260918C02190000,2026-06-17 19:47:44+00:00,2190.0,29.04,0.0,0.0,0.0,0.0,21.0,11,0.2500075,False,REGULAR,USD,MU,call,2026-09-18,0.25205479452054796,29.04,1.8440646748651682e-10,4.071955493752974e-09,0.002207474093238293,1043.18994140625,0.021973756246363108,2026-06-18
MU260918P00050000,2026-06-17 16:07:00+00:00,50.0,0.09,0.0,0.0,0.0,0.0,13.0,3365,0.500005,False,REGULAR,USD,MU,put,2026-09-18,0.25205479452054796,0.09,3.17261544989665e-36,0.0,-1.1617944169495226e-26,1043.18994140625,0.021973756246363108,2026-06-18
MU260918P00055000,2026-05-11 19:27:07+00:00,55.0,0.16,0.0,0.21,0.0,0.0,1.0,119,1.9882813085937499,False,REGULAR,USD,MU,put,2026-09-18,0.25205479452054796,0.105,9.726907600854116e-07,-0.00027294190402959995,-125.96460627221312,1043.18994140625,0.021973756246363108,2026-06-18
MU260918P00060000,2026-06-17 16:55:09+00:00,60.0,0.07,0.0,0.0,0.0,0.0,4.0,565,0.500005,False,REGULAR,USD,MU,put,2026-09-18,0.25205479452054796,0.07,1.8052517701161963e-32,0.0,-1.1099745190219918e-23,1043.18994140625,0.021973756246363108,2026-06-18
MU260918P00065000,2026-04-27 14:40:32+00:00,65.0,0.22,0.0,1.2,0.0,0.0,1.0,309,2.2426801745605465,False,REGULAR,USD,MU,put,2026-09-18,0.25205479452054796,0.6,3.373299099563144e-06,-0.0011942830099932467,-1134.3318110902908,1043.18994140625,0.021973756246363108,2026-06-18
MU260918P00070000,2026-06-12 13:44:39+00:00,70.0,0.3,0.0,0.0,0.0,0.0,2.0,506,0.500005,False,REGULAR,USD,MU,put,2026-09-18,0.25205479452054796,0.3,1.7894251987942043e-29,0.0,-9.853507407330013e-21,1043.18994140625,0.021973756246363108,2026-06-18
MU260918P00075000,2026-05-29 19:12:41+00:00,75.0,0.17,0.0,0.0,0.0,0.0,5.0,1122,0.500005,False,REGULAR,USD,MU,put,2026-09-18,0.25205479452054796,0.17,3.4725897488635193e-28,0.0,-4.2400708889312725e-19,1043.18994140625,0.021973756246363108,2026-06-18
MU260918P00080000,2026-05-18 16:20:10+00:00,80.0,0.2,0.0,0.0,0.0,0.0,7.0,602,0.500005,False,REGULAR,USD,MU,put,2026-09-18,0.25205479452054796,0.2,5.196893190056651e-27,0.0,-3.4046075980080875e-18,1043.18994140625,0.021973756246363108,2026-06-18
MU260918P00085000,2026-06-12 19:30:36+00:00,85.0,0.25,0.0,0.0,0.0,0.0,1194.0,1842,0.500005,False,REGULAR,USD,MU,put,2026-09-18,0.25205479452054796,0.25,6.214749184371415e-26,0.0,-1.2457761541540023e-16,1043.18994140625,0.021973756246363108,2026-06-18
MU260918P00090000,2026-06-16 18:19:04+00:00,90.0,0.16,0.0,0.0,0.0,0.0,10.0,1398,0.500005,False,REGULAR,USD,MU,put,2026-09-18,0.25205479452054796,0.16,6.113472071415799e-25,0.0,-9.3008338388454e-16,1043.18994140625,0.021973756246363108,2026-06-18
MU260918P00095000,2026-05-22 17:29:26+00:00,95.0,0.4,0.0,0.0,0.0,0.0,1.0,564,0.500005,False,REGULAR,USD,MU,put,2026-09-18,0.25205479452054796,0.4,5.066804667697418e-24,0.0,-3.109854338342361e-15,1043.18994140625,0.021973756246363108,2026-06-18
MU260918P00100000,2026-06-10 19:49:31+00:00,100.0,0.42,0.0,0.0,0.0,0.0,41.0,1320,0.500005,False,REGULAR,USD,MU,put,2026-09-18,0.25205479452054796,0.42,3.609411450061012e-23,0.0,-5.1848608412369805e-14,1043.18994140625,0.021973756246363108,2026-06-18
MU260918P00105000,2026-06-17 19:57:49+00:00,105.0,0.25,0.0,0.0,0.0,0.0,9.0,676,0.500005,False,REGULAR,USD,MU,put,2026-09-18,0.25205479452054796,0.25,2.2474990600869495e-22,0.0,-1.65338120517803e-13,1043.18994140625,0.021973756246363108,2026-06-18
MU260918P00110000,2026-05-29 19:59:44+00:00,110.0,0.37,0.0,0.0,0.0,0.0,13.0,999,0.500005,False,REGULAR,USD,MU,put,2026-09-18,0.25205479452054796,0.37,1.2408740548772361e-21,0.0,-1.3490249255463678e-12,1043.18994140625,0.021973756246363108,2026-06-18
MU260918P00115000,2026-06-11 17:40:38+00:00,115.0,0.49,0.0,0.0,0.0,0.0,5.0,725,0.500005,False,REGULAR,USD,MU,put,2026-09-18,0.25205479452054796,0.49,6.1493719849039324e-21,0.0,-4.851718035634387e-12,1043.18994140625,0.021973756246363108,2026-06-18
MU260918P00120000,2026-06-11 18:13:06+00:00,120.0,0.43,0.0,0.0,0.0,0.0,15.0,782,0.500005,False,REGULAR,USD,MU,put,2026-09-18,0.25205479452054796,0.43,2.764297957736228e-20,0.0,-2.3524390918002925e-11,1043.18994140625,0.021973756246363108,2026-06-18
MU260918P00125000,2026-06-11 18:12:26+00:00,125.0,0.38,0.0,0.0,0.0,0.0,20.0,539,0.500005,False,REGULAR,USD,MU,put,2026-09-18,0.25205479452054796,0.38,1.1375198301166907e-19,0.0,-6.672283998381991e-11,1043.18994140625,0.021973756246363108,2026-06-18
MU260918P00130000,2026-06-15 19:40:52+00:00,130.0,0.45,0.0,0.0,0.0,0.0,11.0,1360,0.500005,False,REGULAR,USD,MU,put,2026-09-18,0.25205479452054796,0.45,4.319322881715746e-19,0.0,-6.392656371194001e-10,1043.18994140625,0.021973756246363108,2026-06-18
MU260918P00135000,2026-06-17 19:48:59+00:00,135.0,0.4,0.0,0.0,0.0,0.0,1.0,1347,0.500005,False,REGULAR,USD,MU,put,2026-09-18,0.25205479452054796,0.4,1.5240241862756541e-18,0.0,-2.2340157818205814e-09,1043.18994140625,0.021973756246363108,2026-06-18
MU260918P00140000,2026-06-15 19:34:03+00:00,140.0,0.54,0.0,0.0,0.0,0.0,5.0,3375,0.500005,False,REGULAR,USD,MU,put,2026-09-18,0.25205479452054796,0.54,5.027642483523061e-18,-1.1102230246251565e-16,-1.8465664738796464e-08,1043.18994140625,0.021973756246363108,2026-06-18
MU260918P00145000,2026-06-12 19:10:40+00:00,145.0,0.7,0.0,0.0,0.0,0.0,18.0,855,0.500005,False,REGULAR,USD,MU,put,2026-09-18,0.25205479452054796,0.7,1.5592061658567894e-17,-5.551115123125783e-16,-1.4507628968526142e-08,1043.18994140625,0.021973756246363108,2026-06-18
MU260918P00150000,2026-06-15 19:39:52+00:00,150.0,0.44,0.0,0.0,0.0,0.0,9.0,3029,0.500005,False,REGULAR,USD,MU,put,2026-09-18,0.25205479452054796,0.44,4.5679055805388436e-17,-1.4432899320127035e-15,-1.5057163749658872e-07,1043.18994140625,0.021973756246363108,2026-06-18
MU260918P00155000,2026-06-17 17:48:28+00:00,155.0,0.63,0.0,0.0,0.0,0.0,6.0,496,0.500005,False,REGULAR,USD,MU,put,2026-09-18,0.25205479452054796,0.63,1.2696584686826823e-16,-4.218847493575595e-15,-6.853231020677166e-08,1043.18994140625,0.021973756246363108,2026-06-18
MU260918P00160000,2026-06-17 18:49:22+00:00,160.0,0.59,0.0,0.0,0.0,0.0,12.0,1525,0.500005,False,REGULAR,USD,MU,put,2026-09-18,0.25205479452054796,0.59,3.3612374669121074e-16,-1.1324274851176597e-14,-5.578222348661618e-07,1043.18994140625,0.021973756246363108,2026-06-18
MU260918P00165000,2026-06-17 19:49:00+00:00,165.0,0.6,0.0,0.0,0.0,0.0,26.0,718,0.500005,False,REGULAR,USD,MU,put,2026-09-18,0.25205479452054796,0.6,8.504920321991503e-16,-2.919886554764162e-14,-6.645405327498978e-07,1043.18994140625,0.021973756246363108,2026-06-18
MU260918P00170000,2026-06-12 14:13:59+00:00,170.0,0.99,0.0,0.0,0.0,0.0,1.0,833,0.500005,False,REGULAR,USD,MU,put,2026-09-18,0.25205479452054796,0.99,2.063326430691864e-15,-7.183142969324763e-14,-1.870422527723307e-06,1043.18994140625,0.021973756246363108,2026-06-18
MU260918P00175000,2026-06-12 15:32:28+00:00,175.0,0.78,0.0,0.0,0.0,0.0,1.0,514,0.500005,False,REGULAR,USD,MU,put,2026-09-18,0.25205479452054796,0.78,4.8131568643357255e-15,-1.7008616737257398e-13,-2.692278088418443e-06,1043.18994140625,0.021973756246363108,2026-06-18
MU260918P00180000,2026-06-16 18:01:33+00:00,180.0,1.35,0.0,0.0,0.0,0.0,1.0,3158,0.500005,False,REGULAR,USD,MU,put,2026-09-18,0.25205479452054796,1.35,1.0823798247508193e-14,-3.8824499171141724e-13,-3.719791485177635e-05,1043.18994140625,0.021973756246363108,2026-06-18
MU260918P00185000,2026-06-16 14:43:11+00:00,185.0,0.8,0.0,0.0,0.0,0.0,3.0,756,0.500005,False,REGULAR,USD,MU,put,2026-09-18,0.25205479452054796,0.8,2.3520091424513335e-14,-8.563150188933832e-13,-1.935029466433151e-05,1043.18994140625,0.021973756246363108,2026-06-18
MU260918P00190000,2026-06-17 14:29:37+00:00,190.0,0.85,0.0,0.0,0.0,0.0,3.0,1494,0.500005,False,REGULAR,USD,MU,put,2026-09-18,0.25205479452054796,0.85,4.9492607517749515e-14,-1.8284262992551703e-12,-8.046698227647342e-05,1043.18994140625,0.021973756246363108,2026-06-18
MU260918P00195000,2026-06-12 15:44:31+00:00,195.0,1.36,0.0,0.0,0.0,0.0,6.0,1113,0.500005,False,REGULAR,USD,MU,put,2026-09-18,0.25205479452054796,1.36,1.0104999476273567e-13,-3.787414826206259e-12,-0.00012239346822608558,1043.18994140625,0.021973756246363108,2026-06-18
MU260918P00200000,2026-06-17 19:30:34+00:00,200.0,0.97,0.0,0.0,0.0,0.0,311.0,5998,0.500005,False,REGULAR,USD,MU,put,2026-09-18,0.25205479452054796,0.97,2.0054339493365314e-13,-7.624456621613263e-12,-0.001309005905571044,1043.18994140625,0.021973756246363108,2026-06-18
MU260918P00210000,2026-06-11 18:51:03+00:00,210.0,1.51,0.0,0.0,0.0,0.0,4.0,1452,0.500005,False,REGULAR,USD,MU,put,2026-09-18,0.25205479452054796,1.51,7.301213362374594e-13,-2.8547941788303888e-11,-0.0011536881665568373,1043.18994140625,0.021973756246363108,2026-06-18
MU260918P00220000,2026-06-16 16:38:11+00:00,220.0,1.18,0.0,0.0,0.0,0.0,7.0,1809,0.500005,False,REGULAR,USD,MU,put,2026-09-18,0.25205479452054796,1.18,2.416526413692282e-12,-9.711742521290034e-11,-0.00475726008151649,1043.18994140625,0.021973756246363108,2026-06-18
MU260918P00230000,2026-06-17 19:30:34+00:00,230.0,1.5,0.0,0.0,0.0,0.0,1.0,2891,0.500005,False,REGULAR,USD,MU,put,2026-09-18,0.25205479452054796,1.5,7.344178450672917e-12,-3.0321134492083957e-10,-0.023105644886823123,1043.18994140625,0.021973756246363108,2026-06-18
MU260918P00240000,2026-06-12 19:50:01+00:00,240.0,2.25,0.0,0.0,0.0,0.0,2.0,1161,0.500005,False,REGULAR,USD,MU,put,2026-09-18,0.25205479452054796,2.25,2.0672116335633834e-11,-8.763469949712999e-10,-0.026118242020092244,1043.18994140625,0.021973756246363108,2026-06-18
MU260918P00250000,2026-06-17 16:41:44+00:00,250.0,1.66,0.0,0.0,0.0,0.0,1.0,4377,0.500005,False,REGULAR,USD,MU,put,2026-09-18,0.25205479452054796,1.66,5.4293459290419113e-11,-2.3623170086750633e-09,-0.25861329152110357,1043.18994140625,0.021973756246363108,2026-06-18
MU260918P00260000,2026-06-15 16:47:06+00:00,260.0,1.95,0.0,0.0,0.0,0.0,1.0,4593,0.500005,False,REGULAR,USD,MU,put,2026-09-18,0.25205479452054796,1.95,1.339189912684027e-10,-5.978051165200782e-09,-0.669368693635992,1043.18994140625,0.021973756246363108,2026-06-18
MU260918P00270000,2026-06-16 14:28:16+00:00,270.0,2.01,0.0,0.0,0.0,0.0,1.0,2242,0.500005,False,REGULAR,USD,MU,put,2026-09-18,0.25205479452054796,2.01,3.1198110930421524e-10,-1.428284746030073e-08,-0.761185817664026,1043.18994140625,0.021973756246363108,2026-06-18
MU260918P00280000,2026-06-15 14:20:02+00:00,280.0,2.64,0.0,0.0,0.0,0.0,1.0,1551,0.500005,False,REGULAR,USD,MU,put,2026-09-18,0.25205479452054796,2.64,6.898715576426924e-10,-3.2380200742920806e-08,-1.1644123944243168,1043.18994140625,0.021973756246363108,2026-06-18
MU260918P00290000,2026-06-17 16:20:31+00:00,290.0,2.49,0.0,0.0,0.0,0.0,5.0,3305,0.500005,False,REGULAR,USD,MU,put,2026-09-18,0.25205479452054796,2.49,1.4543601436463204e-09,-6.996423040916966e-08,-5.23082523087286,1043.18994140625,0.021973756246363108,2026-06-18
MU260918P00300000,2026-06-17 19:25:56+00:00,300.0,2.65,0.0,0.0,0.0,0.0,3.0,3813,0.500005,False,REGULAR,USD,MU,put,2026-09-18,0.25205479452054796,2.65,2.934497690150501e-09,-1.446471280530659e-07,-12.176636989614039,1043.18994140625,0.021973756246363108,2026-06-18
MU260918P00310000,2026-06-04 19:11:00+00:00,310.0,2.93,0.0,0.0,0.0,0.0,1.0,1496,0.500005,False,REGULAR,USD,MU,put,2026-09-18,0.25205479452054796,2.93,5.686730694370999e-09,-2.871441561191901e-07,-9.258082301366242,1043.18994140625,0.021973756246363108,2026-06-18
MU260918P00320000,2026-06-17 16:15:20+00:00,320.0,3.3,0.0,0.0,0.0,0.0,4.0,2040,0.500005,False,REGULAR,USD,MU,put,2026-09-18,0.25205479452054796,3.3,1.061714172946243e-08,-5.490411356667835e-07,-23.570270356967608,1043.18994140625,0.021973756246363108,2026-06-18
MU260918P00330000,2026-06-17 17:06:41+00:00,330.0,3.4,0.0,0.0,0.0,0.0,3.0,3782,0.500005,False,REGULAR,USD,MU,put,2026-09-18,0.25205479452054796,3.4,1.915044077566175e-08,-1.0140123944957224e-06,-78.81830310333442,1043.18994140625,0.021973756246363108,2026-06-18
MU260918P00340000,2026-06-17 19:09:04+00:00,340.0,3.76,0.0,0.0,0.0,0.0,8.0,1499,0.500005,False,REGULAR,USD,MU,put,2026-09-18,0.25205479452054796,3.76,3.345532790800652e-08,-1.8134776641476336e-06,-54.57499511607238,1043.18994140625,0.021973756246363108,2026-06-18
MU260918P00350000,2026-06-17 19:25:55+00:00,350.0,4.12,0.0,0.0,0.0,0.0,10.0,3998,0.500005,False,REGULAR,USD,MU,put,2026-09-18,0.25205479452054796,4.12,5.6734918413078e-08,-3.1477653711364795e-06,-246.84253975128183,1043.18994140625,0.021973756246363108,2026-06-18
MU260918P00360000,2026-06-17 16:09:03+00:00,360.0,4.46,0.0,0.0,0.0,0.0,10.0,1938,0.500005,False,REGULAR,USD,MU,put,2026-09-18,0.25205479452054796,4.46,9.358892496352668e-08,-5.313868223111307e-06,-197.3808491980987,1043.18994140625,0.021973756246363108,2026-06-18
MU260918P00370000,2026-06-16 16:08:34+00:00,370.0,5.52,0.0,0.0,0.0,0.0,2.0,2277,0.500005,False,REGULAR,USD,MU,put,2026-09-18,0.25205479452054796,5.52,1.5045118020619944e-07,-8.740818435493125e-06,-372.80816142581904,1043.18994140625,0.021973756246363108,2026-06-18
MU260918P00380000,2026-06-17 14:51:17+00:00,380.0,5.54,0.0,0.0,0.0,0.0,2.0,6176,0.2500075,False,REGULAR,USD,MU,put,2026-09-18,0.25205479452054796,5.54,8.371134741273194e-18,-1.1102230246251565e-16,-5.626241909590635e-08,1043.18994140625,0.021973756246363108,2026-06-18
MU260918P00390000,2026-06-16 19:36:37+00:00,390.0,6.22,0.0,0.0,0.0,0.0,3.0,1876,0.2500075,False,REGULAR,USD,MU,put,2026-09-18,0.25205479452054796,6.22,4.4613448481157e-17,-6.661338147750939e-16,-9.108050081272948e-08,1043.18994140625,0.021973756246363108,2026-06-18
MU260918P00400000,2026-06-17 19:55:54+00:00,400.0,6.5,0.0,0.0,0.0,0.0,69.0,9512,0.2500075,False,REGULAR,USD,MU,put,2026-09-18,0.25205479452054796,6.5,2.1870001062013394e-16,-3.6637359812630166e-15,-2.2638488524412373e-06,1043.18994140625,0.021973756246363108,2026-06-18
MU260918P00410000,2026-06-17 18:44:20+00:00,410.0,6.35,0.0,0.0,0.0,0.0,163.0,2632,0.2500075,False,REGULAR,USD,MU,put,2026-09-18,0.25205479452054796,6.35,9.91203283642528e-16,-1.687538997430238e-14,-2.839065412075593e-06,1043.18994140625,0.021973756246363108,2026-06-18
MU260918P00420000,2026-06-17 14:27:48+00:00,420.0,7.8,0.0,0.0,0.0,0.0,2.0,1872,0.2500075,False,REGULAR,USD,MU,put,2026-09-18,0.25205479452054796,7.8,4.173063226648398e-15,-7.260858581048524e-14,-8.501344020788094e-06,1043.18994140625,0.021973756246363108,2026-06-18
MU260918P00430000,2026-06-17 18:44:06+00:00,430.0,7.46,0.0,0.0,0.0,0.0,80.0,1361,0.2500075,False,REGULAR,USD,MU,put,2026-09-18,0.25205479452054796,7.46,1.6391152421568805e-14,-2.9243274468626623e-13,-2.4276965199803823e-05,1043.18994140625,0.021973756246363108,2026-06-18
MU260918P00440000,2026-06-17 18:48:32+00:00,440.0,8.0,0.0,0.0,0.0,0.0,169.0,1320,0.2500075,False,REGULAR,USD,MU,put,2026-09-18,0.25205479452054796,8.0,6.030637233374903e-14,-1.1031175972675555e-12,-8.662912297932316e-05,1043.18994140625,0.021973756246363108,2026-06-18
MU260918P00450000,2026-06-17 19:13:37+00:00,450.0,9.01,0.0,0.0,0.0,0.0,108.0,1561,0.2500075,False,REGULAR,USD,MU,put,2026-09-18,0.25205479452054796,9.01,2.0860287696356358e-13,-3.911870827266739e-12,-0.00035436431273146136,1043.18994140625,0.021973756246363108,2026-06-18
MU260918P00460000,2026-06-17 15:20:41+00:00,460.0,10.0,0.0,0.0,0.0,0.0,2.0,3471,0.2500075,False,REGULAR,USD,MU,put,2026-09-18,0.25205479452054796,10.0,6.807143493777218e-13,-1.3087197991978883e-11,-0.0025712618191472154,1043.18994140625,0.021973756246363108,2026-06-18
MU260918P00470000,2026-06-17 18:48:32+00:00,470.0,9.85,0.0,0.0,0.0,0.0,2.0,1442,0.2500075,False,REGULAR,USD,MU,put,2026-09-18,0.25205479452054796,9.85,2.1021920782863093e-12,-4.143740905959703e-11,-0.0032988641958089614,1043.18994140625,0.021973756246363108,2026-06-18
MU260918P00480000,2026-06-16 14:09:11+00:00,480.0,11.37,0.0,0.0,0.0,0.0,1.0,289,0.2500075,False,REGULAR,USD,MU,put,2026-09-18,0.25205479452054796,11.37,6.161966041388319e-12,-1.2453926778732693e-10,-0.0019379560563916236,1043.18994140625,0.021973756246363108,2026-06-18
MU260918P00490000,2026-06-17 16:27:57+00:00,490.0,11.7,0.0,0.0,0.0,0.0,6.0,321,0.2500075,False,REGULAR,USD,MU,put,2026-09-18,0.25205479452054796,11.7,1.7190647110462477e-11,-3.5627145678063243e-10,-0.0060051524812777795,1043.18994140625,0.021973756246363108,2026-06-18
MU260918P00500000,2026-06-17 19:23:28+00:00,500.0,12.35,0.0,0.0,0.0,0.0,20.0,6365,0.2500075,False,REGULAR,USD,MU,put,2026-09-18,0.25205479452054796,12.35,4.5761027202789244e-11,-9.725820149242281e-10,-0.3169720395313878,1043.18994140625,0.021973756246363108,2026-06-18
MU260918P00510000,2026-06-17 19:45:03+00:00,510.0,14.09,0.0,0.0,0.0,0.0,3.0,202,0.2500075,False,REGULAR,USD,MU,put,2026-09-18,0.25205479452054796,14.09,1.165090325473803e-10,-2.53966692120855e-09,-0.0256116611434967,1043.18994140625,0.021973756246363108,2026-06-18
MU260918P00520000,2026-06-17 17:18:02+00:00,520.0,14.4,0.0,0.0,0.0,0.0,14.0,1007,0.2500075,False,REGULAR,USD,MU,put,2026-09-18,0.25205479452054796,14.4,2.843445017677102e-10,-6.357683379754064e-09,-0.3116026103889395,1043.18994140625,0.021973756246363108,2026-06-18
MU260918P00530000,2026-06-17 16:22:16+00:00,530.0,15.78,0.0,0.0,0.0,0.0,2.0,351,0.2500075,False,REGULAR,USD,MU,put,2026-09-18,0.25205479452054796,15.78,6.665761095284471e-10,-1.5289594701428655e-08,-0.2546147989212447,1043.18994140625,0.021973756246363108,2026-06-18
MU260918P00540000,2026-06-17 18:41:42+00:00,540.0,16.2,0.0,0.0,0.0,0.0,13.0,402,0.2500075,False,REGULAR,USD,MU,put,2026-09-18,0.25205479452054796,16.2,1.5038858565891588e-09,-3.539269721741789e-08,-0.6579118515983587,1043.18994140625,0.021973756246363108,2026-06-18
MU260918P00550000,2026-06-17 19:36:27+00:00,550.0,17.45,0.0,0.0,0.0,0.0,103.0,2020,0.2500075,False,REGULAR,USD,MU,put,2026-09-18,0.25205479452054796,17.45,3.2713552068073266e-09,-7.900318155229513e-08,-7.191274290488195,1043.18994140625,0.021973756246363108,2026-06-18
MU260918P00560000,2026-06-17 19:37:00+00:00,560.0,18.42,0.0,0.0,0.0,0.0,16.0,430,0.2500075,False,REGULAR,USD,MU,put,2026-09-18,0.25205479452054796,18.42,6.872690995656404e-09,-1.703462174651449e-07,-3.21604454359978,1043.18994140625,0.021973756246363108,2026-06-18
MU260918P00570000,2026-06-17 18:44:06+00:00,570.0,19.66,0.0,0.0,0.0,0.0,45.0,211,0.2500075,False,REGULAR,USD,MU,put,2026-09-18,0.25205479452054796,19.66,1.3967083172396778e-08,-3.5536620179854594e-07,-3.207118126198642,1043.18994140625,0.021973756246363108,2026-06-18
MU260918P00580000,2026-06-17 18:42:27+00:00,580.0,21.92,0.0,0.0,0.0,0.0,86.0,462,0.2500075,False,REGULAR,USD,MU,put,2026-09-18,0.25205479452054796,21.92,2.7498959101843288e-08,-7.183441913527489e-07,-13.825632618533986,1043.18994140625,0.021973756246363108,2026-06-18
MU260918P00590000,2026-06-17 19:25:19+00:00,590.0,22.0,0.0,0.0,0.0,0.0,8.0,595,0.2500075,False,REGULAR,USD,MU,put,2026-09-18,0.25205479452054796,22.0,5.252568791880672e-08,-1.4090310256342775e-06,-34.01069419683112,1043.18994140625,0.021973756246363108,2026-06-18
MU260918P00600000,2026-06-17 19:41:43+00:00,600.0,25.31,0.0,0.0,0.0,0.0,129.0,3007,0.2500075,False,REGULAR,USD,MU,put,2026-09-18,0.25205479452054796,25.31,9.746525986131377e-08,-2.685487320963631e-06,-318.9407821235546,1043.18994140625,0.021973756246363108,2026-06-18
MU260918P00610000,2026-06-17 19:51:54+00:00,610.0,27.87,0.0,0.0,0.0,0.0,9.0,422,0.2500075,False,REGULAR,USD,MU,put,2026-09-18,0.25205479452054796,27.87,1.7591185194710648e-07,-4.97955244616044e-06,-80.7856704265511,1043.18994140625,0.021973756246363108,2026-06-18
MU260918P00620000,2026-06-17 19:51:54+00:00,620.0,29.67,0.0,0.0,0.0,0.0,13.0,378,0.2500075,False,REGULAR,USD,MU,put,2026-09-18,0.25205479452054796,29.67,3.091870916324374e-07,-8.993766925535773e-06,-127.1861835379563,1043.18994140625,0.021973756246363108,2026-06-18
MU260918P00630000,2026-06-17 17:55:55+00:00,630.0,29.25,0.0,0.0,0.0,0.0,3.0,321,0.2500075,False,REGULAR,USD,MU,put,2026-09-18,0.25205479452054796,29.25,5.29802358909429e-07,-1.584047048774906e-05,-185.07412372251204,1043.18994140625,0.021973756246363108,2026-06-18
MU260918P00640000,2026-06-17 19:51:53+00:00,640.0,33.1,0.0,0.0,0.0,0.0,10.0,424,0.12500875,False,REGULAR,USD,MU,put,2026-09-18,0.25205479452054796,33.1,9.297082792027543e-17,-7.771561172376096e-16,-4.289822638588213e-08,1043.18994140625,0.021973756246363108,2026-06-18
MU260918P00650000,2026-06-17 19:37:00+00:00,650.0,32.68,0.0,0.0,0.0,0.0,30.0,2099,0.12500875,False,REGULAR,USD,MU,put,2026-09-18,0.25205479452054796,32.68,6.469717783182242e-16,-5.440092820663267e-15,-1.4778302670068403e-06,1043.18994140625,0.021973756246363108,2026-06-18
MU260918P00660000,2026-06-17 16:47:47+00:00,660.0,35.8,0.0,0.0,0.0,0.0,7.0,442,0.12500875,False,REGULAR,USD,MU,put,2026-09-18,0.25205479452054796,35.8,4.117754745867948e-15,-3.5416114485542494e-14,-1.9806581599515647e-06,1043.18994140625,0.021973756246363108,2026-06-18
MU260918P00670000,2026-06-17 18:54:11+00:00,670.0,35.55,0.0,0.0,0.0,0.0,9.0,268,0.12500875,False,REGULAR,USD,MU,put,2026-09-18,0.25205479452054796,35.55,2.4056063900148267e-14,-2.1338486533295509e-13,-7.015944494001421e-06,1043.18994140625,0.021973756246363108,2026-06-18
MU260918P00680000,2026-06-17 18:35:32+00:00,680.0,40.0,0.0,0.0,0.0,0.0,8.0,2367,0.12500875,False,REGULAR,USD,MU,put,2026-09-18,0.25205479452054796,40.0,1.294343930593396e-13,-1.1854961456947422e-12,-0.0003334070134268874,1043.18994140625,0.021973756246363108,2026-06-18
MU260918P00690000,2026-06-17 16:02:52+00:00,690.0,42.7,0.0,0.0,0.0,0.0,8.0,394,0.12500875,False,REGULAR,USD,MU,put,2026-09-18,0.25205479452054796,42.7,6.434765699305765e-13,-6.0882410224394334e-12,-0.00027590256733740526,1043.18994140625,0.021973756246363108,2026-06-18
MU260918P00700000,2026-06-17 19:58:43+00:00,700.0,48.11,0.0,0.0,0.0,0.0,230.0,2306,0.12500875,False,REGULAR,USD,MU,put,2026-09-18,0.25205479452054796,48.11,2.9648327774979376e-12,-2.899291917657365e-11,-0.007440228747912863,1043.18994140625,0.021973756246363108,2026-06-18
MU260918P00710000,2026-06-17 19:58:34+00:00,710.0,50.0,0.0,0.0,0.0,0.0,6.0,211,0.12500875,False,REGULAR,USD,MU,put,2026-09-18,0.25205479452054796,50.0,1.2697335790099883e-11,-1.2840950525117023e-10,-0.0029155590515376117,1043.18994140625,0.021973756246363108,2026-06-18
MU260918P00720000,2026-06-17 19:38:11+00:00,720.0,48.8,0.0,0.0,0.0,0.0,17.0,693,0.12500875,False,REGULAR,USD,MU,put,2026-09-18,0.25205479452054796,48.8,5.068373041047555e-11,-5.304157113528163e-10,-0.03822333604320404,1043.18994140625,0.021973756246363108,2026-06-18
MU260918P00730000,2026-06-17 19:58:34+00:00,730.0,55.86,0.0,0.0,0.0,0.0,12.0,243,0.12500875,False,REGULAR,USD,MU,put,2026-09-18,0.25205479452054796,55.86,1.8906390772250533e-10,-2.0488366558879534e-09,-0.04999673976161824,1043.18994140625,0.021973756246363108,2026-06-18
MU260918P00740000,2026-06-17 18:50:40+00:00,740.0,51.95,0.0,0.0,0.0,0.0,8.0,204,0.12500875,False,REGULAR,USD,MU,put,2026-09-18,0.25205479452054796,51.95,6.607219063675801e-10,-7.419467817904035e-09,-0.14668160565888402,1043.18994140625,0.021973756246363108,2026-06-18
MU260918P00750000,2026-06-17 19:53:07+00:00,750.0,62.0,0.0,0.0,0.0,0.0,356.0,1744,0.12500875,False,REGULAR,USD,MU,put,2026-09-18,0.25205479452054796,62.0,2.1683699739625555e-09,-2.525024023203315e-08,-4.11534877233021,1043.18994140625,0.021973756246363108,2026-06-18
MU260918P00760000,2026-06-17 19:37:59+00:00,760.0,59.15,0.0,0.0,0.0,0.0,59.0,1258,0.12500875,False,REGULAR,USD,MU,put,2026-09-18,0.25205479452054796,59.15,6.697904134674403e-09,-8.094525438817612e-08,-9.169514680719455,1043.18994140625,0.021973756246363108,2026-06-18
MU260918P00770000,2026-06-17 15:23:34+00:00,770.0,67.5,0.0,0.0,0.0,0.0,3.0,299,0.12500875,False,REGULAR,USD,MU,put,2026-09-18,0.25205479452054796,67.5,1.951533810146389e-08,-2.4496951778196774e-07,-6.350004745799506,1043.18994140625,0.021973756246363108,2026-06-18
MU260918P00780000,2026-06-17 18:04:43+00:00,780.0,69.43,0.0,0.0,0.0,0.0,14.0,568,0.12500875,False,REGULAR,USD,MU,put,2026-09-18,0.25205479452054796,69.43,5.374557156707822e-08,-7.013709346637143e-07,-33.2213902824864,1043.18994140625,0.021973756246363108,2026-06-18
MU260918P00790000,2026-06-17 18:04:43+00:00,790.0,72.78,0.0,0.0,0.0,0.0,10.0,266,0.12500875,False,REGULAR,USD,MU,put,2026-09-18,0.25205479452054796,72.78,1.4018324816255706e-07,-1.9036190352927918e-06,-40.57929869230356,1043.18994140625,0.021973756246363108,2026-06-18
MU260918P00800000,2026-06-17 19:52:46+00:00,800.0,78.98,0.0,0.0,0.0,0.0,175.0,1604,0.12500875,False,REGULAR,USD,MU,put,2026-09-18,0.25205479452054796,78.98,3.4694093841155713e-07,-4.907428815204007e-06,-605.6011546672522,1043.18994140625,0.021973756246363108,2026-06-18
MU260918P00810000,2026-06-17 19:26:45+00:00,810.0,73.58,0.0,0.0,0.0,0.0,75.0,207,0.12500875,False,REGULAR,USD,MU,put,2026-09-18,0.25205479452054796,73.58,8.162140354468624e-07,-1.2038732215113868e-05,-183.86589739176492,1043.18994140625,0.021973756246363108,2026-06-18
MU260918P00820000,2026-06-17 19:38:54+00:00,820.0,79.7,0.0,0.0,0.0,0.0,92.0,622,0.12500875,False,REGULAR,USD,MU,put,2026-09-18,0.25205479452054796,79.7,1.8284816947470416e-06,-2.8153959300669662e-05,-1237.6783192107018,1043.18994140625,0.021973756246363108,2026-06-18
MU260918P00830000,2026-06-17 19:58:55+00:00,830.0,90.55,0.0,0.0,0.0,0.0,53.0,535,0.062509375,False,REGULAR,USD,MU,put,2026-09-18,0.25205479452054796,90.55,2.9652015831535064e-15,-1.2545520178264269e-14,-1.726373604024655e-06,1043.18994140625,0.021973756246363108,2026-06-18
MU260918P00840000,2026-06-17 19:41:09+00:00,840.0,89.42,0.0,0.0,0.0,0.0,59.0,206,0.062509375,False,REGULAR,USD,MU,put,2026-09-18,0.25205479452054796,89.42,5.053411609108946e-14,-2.2437607327674414e-13,-1.1328663470700636e-05,1043.18994140625,0.021973756246363108,2026-06-18
MU260918P00850000,2026-06-17 19:56:19+00:00,850.0,97.5,0.0,0.0,0.0,0.0,141.0,1161,0.062509375,False,REGULAR,USD,MU,put,2026-09-18,0.25205479452054796,97.5,7.21792354769876e-13,-3.3743008387432383e-12,-0.0009119505281438268,1043.18994140625,0.021973756246363108,2026-06-18
MU260918P00860000,2026-06-17 18:45:22+00:00,860.0,90.8,0.0,0.0,0.0,0.0,8.0,432,0.062509375,False,REGULAR,USD,MU,put,2026-09-18,0.25205479452054796,90.8,8.690679556637783e-12,-4.2863934623937894e-11,-0.004085679217069081,1043.18994140625,0.021973756246363108,2026-06-18
MU260918P00870000,2026-06-17 19:22:07+00:00,870.0,96.45,0.0,0.0,0.0,0.0,6.0,106,0.062509375,False,REGULAR,USD,MU,put,2026-09-18,0.25205479452054796,96.45,8.869963990150961e-11,-4.625904104216261e-10,-0.010231857986959372,1043.18994140625,0.021973756246363108,2026-06-18
MU260918P00880000,2026-06-17 17:45:09+00:00,880.0,103.8,0.0,0.0,0.0,0.0,8.0,360,0.062509375,False,REGULAR,USD,MU,put,2026-09-18,0.25205479452054796,103.8,7.714909971260282e-10,-4.26488799831759e-09,-0.30224570976407195,1043.18994140625,0.021973756246363108,2026-06-18
MU260918P00890000,2026-06-17 18:07:49+00:00,890.0,110.96,0.0,0.0,0.0,0.0,38.0,303,0.062509375,False,REGULAR,USD,MU,put,2026-09-18,0.25205479452054796,110.96,5.747796577094215e-09,-3.377182056230055e-08,-1.8952687405728177,1043.18994140625,0.021973756246363108,2026-06-18
MU260918P00900000,2026-06-17 19:50:52+00:00,900.0,118.0,0.0,0.0,0.0,0.0,65.0,855,0.062509375,False,REGULAR,USD,MU,put,2026-09-18,0.25205479452054796,118.0,3.686083513757679e-08,-2.3088351752686975e-07,-34.29715270219709,1043.18994140625,0.021973756246363108,2026-06-18
MU260918P00910000,2026-06-17 15:55:35+00:00,910.0,119.2,0.0,0.0,0.0,0.0,3.0,170,0.062509375,False,REGULAR,USD,MU,put,2026-09-18,0.25205479452054796,119.2,2.0444168092275386e-07,-1.3696611617097787e-06,-37.82205712210236,1043.18994140625,0.021973756246363108,2026-06-18
MU260918P00920000,2026-06-17 19:49:41+00:00,920.0,125.22,0.0,0.0,0.0,0.0,18.0,296,0.062509375,False,REGULAR,USD,MU,put,2026-09-18,0.25205479452054796,125.22,9.85101755591458e-07,-7.0851234629243365e-06,-317.32156378452794,1043.18994140625,0.021973756246363108,2026-06-18
MU260918P00930000,2026-06-17 19:53:02+00:00,930.0,133.8,0.0,0.0,0.0,0.0,19.0,279,0.0312596875,False,REGULAR,USD,MU,put,2026-09-18,0.25205479452054796,133.8,3.9641779205554343e-16,-7.771561172376096e-16,-1.2036053882830343e-07,1043.18994140625,0.021973756246363108,2026-06-18
MU260918P00940000,2026-06-17 18:24:06+00:00,940.0,131.3,0.0,0.0,0.0,0.0,45.0,203,0.0312596875,False,REGULAR,USD,MU,put,2026-09-18,0.25205479452054796,131.3,7.17404174837639e-14,-1.5831780331154732e-13,-1.584844727370961e-05,1043.18994140625,0.021973756246363108,2026-06-18
MU260918P00950000,2026-06-17 19:53:03+00:00,950.0,143.75,0.0,0.0,0.0,0.0,54.0,621,0.0312596875,False,REGULAR,USD,MU,put,2026-09-18,0.25205479452054796,143.75,7.779914985036119e-12,-1.8847812199851433e-11,-0.005257668901413172,1043.18994140625,0.021973756246363108,2026-06-18
MU260918P00960000,2026-06-17 14:31:05+00:00,960.0,150.0,0.0,0.0,0.0,0.0,1.0,177,0.0312596875,False,REGULAR,USD,MU,put,2026-09-18,0.25205479452054796,150.0,5.134657919452436e-10,-1.376860625512677e-09,-0.0989034778645843,1043.18994140625,0.021973756246363108,2026-06-18
MU260918P00970000,2026-06-17 19:49:17+00:00,970.0,150.0,0.0,0.0,0.0,0.0,2.0,60,0.0312596875,False,REGULAR,USD,MU,put,2026-09-18,0.25205479452054796,150.0,2.093378151561666e-08,-6.273604424844592e-08,-1.3668653027716378,1043.18994140625,0.021973756246363108,2026-06-18
MU260918P00980000,2026-06-17 18:53:44+00:00,980.0,143.25,0.0,0.0,0.0,0.0,3.0,110,0.0312596875,False,REGULAR,USD,MU,put,2026-09-18,0.25205479452054796,143.25,5.348316102308059e-07,-1.812441646431573e-06,-64.0230757587582,1043.18994140625,0.021973756246363108,2026-06-18
MU260918P00990000,2026-06-17 19:56:00+00:00,990.0,163.35,0.0,0.0,0.0,0.0,17.0,74,0.015634843750000002,False,REGULAR,USD,MU,put,2026-09-18,0.25205479452054796,163.35,8.799145572827595e-16,-8.881784197001252e-16,-7.085965021605659e-08,1043.18994140625,0.021973756246363108,2026-06-18
MU260918P01000000,2026-06-17 19:50:04+00:00,1000.0,165.47,0.0,0.0,0.0,0.0,54.0,499,0.015634843750000002,False,REGULAR,USD,MU,put,2026-09-18,0.25205479452054796,165.47,1.0285257911365641e-11,-1.2351120126652404e-11,-0.0055852486702327765,1043.18994140625,0.021973756246363108,2026-06-18
MU260918P01010000,2026-06-17 19:48:46+00:00,1010.0,169.45,0.0,0.0,0.0,0.0,6.0,306,0.015634843750000002,False,REGULAR,USD,MU,put,2026-09-18,0.25205479452054796,169.45,2.1783738261975883e-08,-3.1958419577371444e-08,-7.254051231067841,1043.18994140625,0.021973756246363108,2026-06-18
MU260918P01020000,2026-06-17 18:40:19+00:00,1020.0,169.0,0.0,0.0,0.0,0.0,20.0,279,0.007822421875,False,REGULAR,USD,MU,put,2026-09-18,0.25205479452054796,169.0,1.1290424994793747e-16,0.0,-3.428003644658606e-08,1043.18994140625,0.021973756246363108,2026-06-18
MU260918P01030000,2026-06-17 15:54:06+00:00,1030.0,179.95,0.0,0.0,0.0,0.0,7.0,55,0.007822421875,False,REGULAR,USD,MU,put,2026-09-18,0.25205479452054796,179.95,4.574205403417268e-09,-3.137735737901437e-09,-0.2737821526225083,1043.18994140625,0.021973756246363108,2026-06-18
MU260918P01040000,2026-06-17 18:26:20+00:00,1040.0,185.0,0.0,0.0,0.0,0.0,5.0,35,0.00196310546875,False,REGULAR,USD,MU,put,2026-09-18,0.25205479452054796,185.0,9.12587373418519e-40,0.0,-3.4759160724652476e-32,1043.18994140625,0.021973756246363108,2026-06-18
MU260918P01380000,2026-05-11 15:56:31+00:00,1380.0,625.7,425.55,435.55,0.0,0.0,0.0,1,0.9277198390197754,True,REGULAR,USD,MU,put,2026-09-18,0.25205479452054796,430.55,0.0007733125129863262,-0.6354069189360645,-841.553672001095,1043.18994140625,0.021973756246363108,2026-06-18
MU260918P01440000,2026-05-13 13:56:15+00:00,1440.0,674.7,472.15,483.6,0.0,0.0,0.0,3,0.9210670735168458,True,REGULAR,USD,MU,put,2026-09-18,0.25205479452054796,477.875,0.000749344692806915,-0.6715138766112427,-2446.4124163370766,1043.18994140625,0.021973756246363108,2026-06-18
MU260918P01590000,2026-05-15 13:31:31+00:00,1590.0,862.0,597.0,609.8,0.0,0.0,1.0,3,0.910134260482788,True,REGULAR,USD,MU,put,2026-09-18,0.25205479452054796,603.4,0.0006678634370421831,-0.7491490718811442,-2180.397646745667,1043.18994140625,0.021973756246363108,2026-06-18
MU260918P01600000,2026-05-12 19:12:47+00:00,1600.0,863.75,608.45,618.4,0.0,0.0,0.0,1,0.9178322425842287,True,REGULAR,USD,MU,put,2026-09-18,0.25205479452054796,613.425,0.0006604245900846977,-0.7504597483657286,-718.7039256862804,1043.18994140625,0.021973756246363108,2026-06-18
MU261016C01050000,2026-06-17 19:07:27+00:00,1050.0,258.0,0.0,0.0,0.0,0.0,16.0,299,0.00196310546875,False,REGULAR,USD,MU,call,2026-10-16,0.3287671232876712,258.0,9.219078913192469e-09,0.999999998214771,2.9997530427761854,1043.18994140625,0.021973756246363108,2026-06-18
MU261016C01060000,2026-06-17 19:57:56+00:00,1060.0,227.79,0.0,0.0,0.0,0.0,13.0,217,0.007822421875,False,REGULAR,USD,MU,call,2026-10-16,0.3287671232876712,227.79,0.06992373418974931,0.26440601364363603,16512435.294389445,1043.18994140625,0.021973756246363108,2026-06-18
MU261016C01070000,2026-06-17 19:58:54+00:00,1070.0,224.03,0.0,0.0,0.0,0.0,15.0,59,0.007822421875,False,REGULAR,USD,MU,call,2026-10-16,0.3287671232876712,224.03,0.002090844161507817,0.0032316929161110425,134245.722882896,1043.18994140625,0.021973756246363108,2026-06-18
MU261016C01080000,2026-06-17 18:38:59+00:00,1080.0,234.05,0.0,0.0,0.0,0.0,14.0,85,0.015634843750000002,False,REGULAR,USD,MU,call,2026-10-16,0.3287671232876712,234.05,0.0024129557510946327,0.008268940205417281,223200.44972993876,1043.18994140625,0.021973756246363108,2026-06-18
MU261016C01090000,2026-06-17 18:50:07+00:00,1090.0,243.5,0.0,0.0,0.0,0.0,9.0,91,0.015634843750000002,False,REGULAR,USD,MU,call,2026-10-16,0.3287671232876712,243.5,0.00012101766937577879,0.0003074854486670077,11984.418294059304,1043.18994140625,0.021973756246363108,2026-06-18
MU261016C01100000,2026-06-17 19:58:50+00:00,1100.0,211.39,0.0,0.0,0.0,0.0,314.0,1176,0.015634843750000002,False,REGULAR,USD,MU,call,2026-10-16,0.3287671232876712,211.39,2.1990837084220604e-06,4.422567752439782e-06,2814.3354724098167,1043.18994140625,0.021973756246363108,2026-06-18
MU261016C01110000,2026-06-17 19:54:11+00:00,1110.0,212.0,0.0,0.0,0.0,0.0,4.0,68,0.015634843750000002,False,REGULAR,USD,MU,call,2026-10-16,0.3287671232876712,212.0,1.4886332766671376e-08,2.4745738855758787e-08,1.1015987066793966,1043.18994140625,0.021973756246363108,2026-06-18
MU261016C01120000,2026-06-17 18:24:37+00:00,1120.0,210.4,0.0,0.0,0.0,0.0,2.0,96,0.0312596875,False,REGULAR,USD,MU,call,2026-10-16,0.3287671232876712,210.4,0.0001191561367498603,0.000638508341503607,12448.425627386601,1043.18994140625,0.021973756246363108,2026-06-18
MU261016C01130000,2026-06-17 19:54:11+00:00,1130.0,205.2,0.0,0.0,0.0,0.0,3.0,30,0.0312596875,False,REGULAR,USD,MU,call,2026-10-16,0.3287671232876712,205.2,2.132795836196512e-05,0.00010079060824445208,696.301483852321,1043.18994140625,0.021973756246363108,2026-06-18
MU261016C01140000,2026-06-17 16:50:05+00:00,1140.0,203.6,0.0,0.0,0.0,0.0,26.0,51,0.0312596875,False,REGULAR,USD,MU,call,2026-10-16,0.3287671232876712,203.6,3.0405974362933307e-06,1.2848549074921777e-05,168.7547021748317,1043.18994140625,0.021973756246363108,2026-06-18
MU261016C01150000,2026-06-17 19:38:54+00:00,1150.0,210.0,0.0,0.0,0.0,0.0,29.0,129,0.0312596875,False,REGULAR,USD,MU,call,2026-10-16,0.3287671232876712,210.0,3.473666466665894e-07,1.327455915101176e-06,48.76459349096372,1043.18994140625,0.021973756246363108,2026-06-18
MU261016C01160000,2026-06-17 19:54:12+00:00,1160.0,195.05,0.0,0.0,0.0,0.0,33.0,93,0.0312596875,False,REGULAR,USD,MU,call,2026-10-16,0.3287671232876712,195.05,3.198859671865154e-08,1.1159494266149955e-07,3.2374637857481594,1043.18994140625,0.021973756246363108,2026-06-18
MU261016C01170000,2026-06-17 17:21:58+00:00,1170.0,199.05,0.0,0.0,0.0,0.0,131.0,79,0.0312596875,False,REGULAR,USD,MU,call,2026-10-16,0.3287671232876712,199.05,2.3881265126633694e-09,7.665825707054742e-09,0.20531052009716355,1043.18994140625,0.021973756246363108,2026-06-18
MU261016C01180000,2026-06-17 15:52:29+00:00,1180.0,189.86,0.0,0.0,0.0,0.0,32.0,114,0.0312596875,False,REGULAR,USD,MU,call,2026-10-16,0.3287671232876712,189.86,1.4533617766673872e-10,4.3216888661087274e-10,0.018030400233691755,1043.18994140625,0.021973756246363108,2026-06-18
MU261016C01190000,2026-06-17 18:05:32+00:00,1190.0,177.74,0.0,0.0,0.0,0.0,8.0,158,0.0312596875,False,REGULAR,USD,MU,call,2026-10-16,0.3287671232876712,177.74,7.248841534232129e-12,2.00837585281822e-11,0.0012463857484964873,1043.18994140625,0.021973756246363108,2026-06-18
MU261016C01200000,2026-06-17 19:56:50+00:00,1200.0,182.55,0.0,0.0,0.0,0.0,48.0,369,0.062509375,False,REGULAR,USD,MU,call,2026-10-16,0.3287671232876712,182.55,2.1582681938613225e-05,0.00021391326069419877,8666.795687292795,1043.18994140625,0.021973756246363108,2026-06-18
MU261016C01210000,2026-06-17 14:33:34+00:00,1210.0,171.0,0.0,0.0,0.0,0.0,1.0,134,0.062509375,False,REGULAR,USD,MU,call,2026-10-16,0.3287671232876712,171.0,9.295527231842555e-06,8.7074476609814e-05,1355.5189945409998,1043.18994140625,0.021973756246363108,2026-06-18
MU261016C01220000,2026-06-17 14:09:04+00:00,1220.0,167.8,0.0,0.0,0.0,0.0,8.0,115,0.062509375,False,REGULAR,USD,MU,call,2026-10-16,0.3287671232876712,167.8,3.82346768663117e-06,3.395810233038468e-05,478.50011477141584,1043.18994140625,0.021973756246363108,2026-06-18
MU261016C01230000,2026-06-16 19:56:06+00:00,1230.0,166.1,0.0,0.0,0.0,0.0,12.0,100,0.062509375,False,REGULAR,USD,MU,call,2026-10-16,0.3287671232876712,166.1,1.5037265111739622e-06,1.2699205019234052e-05,163.64232388752507,1043.18994140625,0.021973756246363108,2026-06-18
MU261016C01240000,2026-06-17 16:43:20+00:00,1240.0,174.59,0.0,0.0,0.0,0.0,2.0,128,0.062509375,False,REGULAR,USD,MU,call,2026-10-16,0.3287671232876712,174.59,5.661168701038568e-07,4.557985520687329e-06,78.85747161799736,1043.18994140625,0.021973756246363108,2026-06-18
MU261016C01250000,2026-06-17 13:49:39+00:00,1250.0,162.0,0.0,0.0,0.0,0.0,20.0,301,0.062509375,False,REGULAR,USD,MU,call,2026-10-16,0.3287671232876712,162.0,2.0424526819282632e-07,1.5715013082072558e-06,66.9029520634535,1043.18994140625,0.021973756246363108,2026-06-18
MU261016C01260000,2026-06-17 16:39:21+00:00,1260.0,169.26,0.0,0.0,0.0,0.0,17.0,243,0.062509375,False,REGULAR,USD,MU,call,2026-10-16,0.3287671232876712,169.26,7.06927810689102e-08,5.209329684578448e-07,18.694253285586964,1043.18994140625,0.021973756246363108,2026-06-18
MU261016C01270000,2026-06-17 19:06:17+00:00,1270.0,178.2,0.0,0.0,0.0,0.0,14.0,54,0.062509375,False,REGULAR,USD,MU,call,2026-10-16,0.3287671232876712,178.2,2.3497947487596868e-08,1.6616923694039257e-07,1.3808626107455582,1043.18994140625,0.021973756246363108,2026-06-18
MU261016C01280000,2026-06-17 18:03:42+00:00,1280.0,156.25,0.0,0.0,0.0,0.0,15.0,361,0.062509375,False,REGULAR,USD,MU,call,2026-10-16,0.3287671232876712,156.25,7.508581201933824e-09,5.10496769372113e-08,2.9497952060739907,1043.18994140625,0.021973756246363108,2026-06-18
MU261016C01290000,2026-06-17 19:06:19+00:00,1290.0,173.15,0.0,0.0,0.0,0.0,28.0,93,0.062509375,False,REGULAR,USD,MU,call,2026-10-16,0.3287671232876712,173.15,2.30880549240212e-09,1.5117348139715485e-08,0.23366683558300838,1043.18994140625,0.021973756246363108,2026-06-18
MU261016C01300000,2026-06-17 19:02:31+00:00,1300.0,169.03,0.0,0.0,0.0,0.0,194.0,649,0.062509375,False,REGULAR,USD,MU,call,2026-10-16,0.3287671232876712,169.03,6.838082403234868e-10,4.318762243202351e-09,0.48295404577755663,1043.18994140625,0.021973756246363108,2026-06-18
MU261016C01310000,2026-06-17 18:04:51+00:00,1310.0,147.7,0.0,0.0,0.0,0.0,8.0,126,0.062509375,False,REGULAR,USD,MU,call,2026-10-16,0.3287671232876712,147.7,1.952553127967783e-10,1.1912381524949824e-09,0.026773194097480402,1043.18994140625,0.021973756246363108,2026-06-18
MU261016C01320000,2026-06-17 18:06:05+00:00,1320.0,142.7,0.0,0.0,0.0,0.0,13.0,286,0.062509375,False,REGULAR,USD,MU,call,2026-10-16,0.3287671232876712,142.7,5.3800387776559726e-11,3.1749835296892113e-10,0.01674473276281346,1043.18994140625,0.021973756246363108,2026-06-18
MU261016C01330000,2026-06-17 18:43:37+00:00,1330.0,159.82,0.0,0.0,0.0,0.0,75.0,818,0.062509375,False,REGULAR,USD,MU,call,2026-10-16,0.3287671232876712,159.82,1.4317371124208964e-11,8.183311825769037e-11,0.012745103539960851,1043.18994140625,0.021973756246363108,2026-06-18
MU261016C01340000,2026-06-17 17:12:01+00:00,1340.0,148.15,0.0,0.0,0.0,0.0,4.0,237,0.062509375,False,REGULAR,USD,MU,call,2026-10-16,0.3287671232876712,148.15,3.6830450558970995e-12,2.0412475002789503e-11,0.0009499093435266132,1043.18994140625,0.021973756246363108,2026-06-18
MU261016C01350000,2026-06-17 19:03:00+00:00,1350.0,155.23,0.0,0.0,0.0,0.0,16.0,526,0.062509375,False,REGULAR,USD,MU,call,2026-10-16,0.3287671232876712,155.23,9.165935432666703e-13,4.931378432242064e-12,0.0005246737294877282,1043.18994140625,0.021973756246363108,2026-06-18
MU261016C01360000,2026-06-17 16:07:59+00:00,1360.0,143.75,0.0,0.0,0.0,0.0,8.0,317,0.062509375,False,REGULAR,USD,MU,call,2026-10-16,0.3287671232876712,143.75,2.2086284412159658e-13,1.1546947072130475e-12,7.619188257196561e-05,1043.18994140625,0.021973756246363108,2026-06-18
MU261016C01370000,2026-06-17 18:05:01+00:00,1370.0,133.6,0.0,0.0,0.0,0.0,12.0,60,0.062509375,False,REGULAR,USD,MU,call,2026-10-16,0.3287671232876712,133.6,5.156856142001443e-14,2.6224378140169895e-13,3.3671545327958115e-06,1043.18994140625,0.021973756246363108,2026-06-18
MU261016C01380000,2026-06-17 18:43:46+00:00,1380.0,146.44,0.0,0.0,0.0,0.0,2.0,176,0.062509375,False,REGULAR,USD,MU,call,2026-10-16,0.3287671232876712,146.44,1.1676020898534704e-14,5.780805546377895e-14,2.2363218814987645e-06,1043.18994140625,0.021973756246363108,2026-06-18
MU261016C01390000,2026-06-17 18:55:18+00:00,1390.0,147.9,0.0,0.0,0.0,0.0,50.0,279,0.12500875,False,REGULAR,USD,MU,call,2026-10-16,0.3287671232876712,147.9,4.1328555944782716e-06,7.685210683799346e-05,1254.8193754665685,1043.18994140625,0.021973756246363108,2026-06-18
MU261016C01400000,2026-06-17 19:39:18+00:00,1400.0,139.3,0.0,0.0,0.0,0.0,131.0,1321,0.12500875,False,REGULAR,USD,MU,call,2026-10-16,0.3287671232876712,139.3,2.816315238611456e-06,5.116136939598312e-05,4048.655874825076,1043.18994140625,0.021973756246363108,2026-06-18
MU261016C01410000,2026-06-17 17:53:08+00:00,1410.0,132.83,0.0,0.0,0.0,0.0,4.0,206,0.12500875,False,REGULAR,USD,MU,call,2026-10-16,0.3287671232876712,132.83,1.9054620919033306e-06,3.383751772717892e-05,427.16367604886915,1043.18994140625,0.021973756246363108,2026-06-18
MU261016C01420000,2026-06-12 19:31:52+00:00,1420.0,112.05,0.0,0.0,0.0,0.0,13.0,39,0.12500875,False,REGULAR,USD,MU,call,2026-10-16,0.3287671232876712,112.05,1.2802112100689648e-06,2.223749121383908e-05,54.33416715810023,1043.18994140625,0.021973756246363108,2026-06-18
MU261016C01430000,2026-06-16 14:02:47+00:00,1430.0,144.46,0.0,0.0,0.0,0.0,2.0,141,0.12500875,False,REGULAR,USD,MU,call,2026-10-16,0.3287671232876712,144.46,8.542745473125941e-07,1.4523253303608257e-05,131.08209124542967,1043.18994140625,0.021973756246363108,2026-06-18
MU261016C01440000,2026-06-17 19:39:04+00:00,1440.0,132.31,0.0,0.0,0.0,0.0,108.0,119,0.12500875,False,REGULAR,USD,MU,call,2026-10-16,0.3287671232876712,132.31,5.6626299111834e-07,9.42739273915881e-06,73.33172848941636,1043.18994140625,0.021973756246363108,2026-06-18
MU261016C01450000,2026-06-17 15:54:35+00:00,1450.0,122.45,0.0,0.0,0.0,0.0,6.0,122,0.12500875,False,REGULAR,USD,MU,call,2026-10-16,0.3287671232876712,122.45,3.729170517515904e-07,6.083120960128761e-06,49.51067582115865,1043.18994140625,0.021973756246363108,2026-06-18
MU261016C01460000,2026-06-17 15:54:37+00:00,1460.0,120.79,0.0,0.0,0.0,0.0,28.0,144,0.12500875,False,REGULAR,USD,MU,call,2026-10-16,0.3287671232876712,120.79,2.440317516638314e-07,3.902338467893168e-06,38.24156095735006,1043.18994140625,0.021973756246363108,2026-06-18
MU261016C01470000,2026-06-17 15:54:38+00:00,1470.0,118.65,0.0,0.0,0.0,0.0,37.0,273,0.12500875,False,REGULAR,USD,MU,call,2026-10-16,0.3287671232876712,118.65,1.5870309646215692e-07,2.4891002380201075e-06,47.14925437852471,1043.18994140625,0.021973756246363108,2026-06-18
MU261016C01480000,2026-06-17 19:55:58+00:00,1480.0,117.5,0.0,0.0,0.0,0.0,46.0,255,0.12500875,False,REGULAR,USD,MU,call,2026-10-16,0.3287671232876712,117.5,1.0258708231832861e-07,1.578821475298331e-06,28.468175887037038,1043.18994140625,0.021973756246363108,2026-06-18
MU261016C01490000,2026-06-17 15:52:14+00:00,1490.0,114.16,0.0,0.0,0.0,0.0,17.0,205,0.12500875,False,REGULAR,USD,MU,call,2026-10-16,0.3287671232876712,114.16,6.592190993802878e-08,9.959784955656887e-07,14.706537151047215,1043.18994140625,0.021973756246363108,2026-06-18
MU261016C01500000,2026-06-17 19:11:43+00:00,1500.0,124.0,0.0,0.0,0.0,0.0,58.0,371,0.12500875,False,REGULAR,USD,MU,call,2026-10-16,0.3287671232876712,124.0,4.211693281523351e-08,6.249499096491443e-07,17.004247882133217,1043.18994140625,0.021973756246363108,2026-06-18
MU261016C01510000,2026-06-17 17:59:11+00:00,1510.0,115.0,0.0,0.0,0.0,0.0,8.0,150,0.12500875,False,REGULAR,USD,MU,call,2026-10-16,0.3287671232876712,115.0,2.6756668053983805e-08,3.9009438613410924e-07,4.367672552792887,1043.18994140625,0.021973756246363108,2026-06-18
MU261016C01520000,2026-06-17 13:46:06+00:00,1520.0,108.0,0.0,0.0,0.0,0.0,1.0,173,0.12500875,False,REGULAR,USD,MU,call,2026-10-16,0.3287671232876712,108.0,1.6904902349894957e-08,2.422553056933033e-07,3.1826255965927026,1043.18994140625,0.021973756246363108,2026-06-18
MU261016C01530000,2026-06-16 15:45:52+00:00,1530.0,104.98,0.0,0.0,0.0,0.0,4.0,231,0.12500875,False,REGULAR,USD,MU,call,2026-10-16,0.3287671232876712,104.98,1.0623171677968012e-08,1.496941444177028e-07,2.6705023328202255,1043.18994140625,0.021973756246363108,2026-06-18
MU261016C01540000,2026-06-17 19:55:41+00:00,1540.0,107.85,0.0,0.0,0.0,0.0,70.0,198,0.12500875,False,REGULAR,USD,MU,call,2026-10-16,0.3287671232876712,107.85,6.640653029867754e-09,9.204750519565831e-08,1.4308785101607502,1043.18994140625,0.021973756246363108,2026-06-18
MU261016C01550000,2026-06-16 15:22:36+00:00,1550.0,108.0,0.0,0.0,0.0,0.0,3.0,114,0.12500875,False,REGULAR,USD,MU,call,2026-10-16,0.3287671232876712,108.0,4.129859094784084e-09,5.633025093969402e-08,0.5123501497229095,1043.18994140625,0.021973756246363108,2026-06-18
MU261016C01560000,2026-06-16 14:17:57+00:00,1560.0,120.33,0.0,0.0,0.0,0.0,2.0,65,0.12500875,False,REGULAR,USD,MU,call,2026-10-16,0.3287671232876712,120.33,2.5555184430115797e-09,3.431148885970892e-08,0.18076700308787227,1043.18994140625,0.021973756246363108,2026-06-18
MU261016C01570000,2026-06-17 16:32:13+00:00,1570.0,102.88,0.0,0.0,0.0,0.0,2.0,140,0.12500875,False,REGULAR,USD,MU,call,2026-10-16,0.3287671232876712,102.88,1.5735927711624322e-09,2.080417189820094e-08,0.239743681059685,1043.18994140625,0.021973756246363108,2026-06-18
MU261016C01580000,2026-06-17 17:59:03+00:00,1580.0,103.0,0.0,0.0,0.0,0.0,3.0,31,0.12500875,False,REGULAR,USD,MU,call,2026-10-16,0.3287671232876712,103.0,9.643267166151256e-10,1.2557931557716442e-08,0.03253214314806723,1043.18994140625,0.021973756246363108,2026-06-18
MU261016C01590000,2026-06-17 15:17:48+00:00,1590.0,95.0,0.0,0.0,0.0,0.0,1.0,129,0.12500875,False,REGULAR,USD,MU,call,2026-10-16,0.3287671232876712,95.0,5.881963518287662e-10,7.547193245634252e-09,0.08257314357911981,1043.18994140625,0.021973756246363108,2026-06-18
MU261016C01600000,2026-06-17 18:08:37+00:00,1600.0,95.88,0.0,0.0,0.0,0.0,6.0,717,0.12500875,False,REGULAR,USD,MU,call,2026-10-16,0.3287671232876712,95.88,3.571357553485612e-10,4.516421393772563e-09,0.278662975459595,1043.18994140625,0.021973756246363108,2026-06-18
MU261016C01610000,2026-06-17 15:00:11+00:00,1610.0,89.72,0.0,0.0,0.0,0.0,23.0,170,0.12500875,False,REGULAR,USD,MU,call,2026-10-16,0.3287671232876712,89.72,2.1587516491493159e-10,2.6914487208999137e-09,0.039937271019312395,1043.18994140625,0.021973756246363108,2026-06-18
MU261016C01620000,2026-06-17 14:52:43+00:00,1620.0,90.15,0.0,0.0,0.0,0.0,89.0,195,0.12500875,False,REGULAR,USD,MU,call,2026-10-16,0.3287671232876712,90.15,1.2991961972705285e-10,1.5973518365279487e-09,0.027569959862272383,1043.18994140625,0.021973756246363108,2026-06-18
MU261016C01630000,2026-06-17 18:07:35+00:00,1630.0,90.36,0.0,0.0,0.0,0.0,105.0,349,0.12500875,False,REGULAR,USD,MU,call,2026-10-16,0.3287671232876712,90.36,7.785612855239677e-11,9.442286373660097e-10,0.0295695702707501,1043.18994140625,0.021973756246363108,2026-06-18
MU261016C01640000,2026-06-16 15:03:26+00:00,1640.0,97.19,0.0,0.0,0.0,0.0,2.0,11,0.12500875,False,REGULAR,USD,MU,call,2026-10-16,0.3287671232876712,97.19,4.6462131763216845e-11,5.55973757139516e-10,0.0005561841381264154,1043.18994140625,0.021973756246363108,2026-06-18
MU261016C01650000,2026-06-17 16:43:20+00:00,1650.0,90.84,0.0,0.0,0.0,0.0,2.0,23,0.12500875,False,REGULAR,USD,MU,call,2026-10-16,0.3287671232876712,90.84,2.76143595298891e-11,3.2611409017134446e-10,0.0006911775010204612,1043.18994140625,0.021973756246363108,2026-06-18
MU261016C01660000,2026-06-16 19:15:52+00:00,1660.0,86.79,0.0,0.0,0.0,0.0,2.0,337,0.12500875,False,REGULAR,USD,MU,call,2026-10-16,0.3287671232876712,86.79,1.63470956704816e-11,1.9057229807105682e-10,0.00599511180656896,1043.18994140625,0.021973756246363108,2026-06-18
MU261016C01670000,2026-06-16 19:17:00+00:00,1670.0,85.49,0.0,0.0,0.0,0.0,2.0,118,0.12500875,False,REGULAR,USD,MU,call,2026-10-16,0.3287671232876712,85.49,9.639518477074172e-12,1.109585853629854e-10,0.001237838907386228,1043.18994140625,0.021973756246363108,2026-06-18
MU261016C01680000,2026-06-17 19:30:21+00:00,1680.0,96.06,0.0,0.0,0.0,0.0,1.0,23,0.12500875,False,REGULAR,USD,MU,call,2026-10-16,0.3287671232876712,96.06,5.662622070267258e-12,6.437366003693661e-11,0.000141733396623389,1043.18994140625,0.021973756246363108,2026-06-18
MU261016C01690000,2026-06-17 19:16:20+00:00,1690.0,95.0,0.0,0.0,0.0,0.0,2.0,825,0.12500875,False,REGULAR,USD,MU,call,2026-10-16,0.3287671232876712,95.0,3.3140939178574347e-12,3.721654924876999e-11,0.002975401255963455,1043.18994140625,0.021973756246363108,2026-06-18
MU261016C01700000,2026-06-16 19:36:37+00:00,1700.0,82.73,0.0,0.0,0.0,0.0,113.0,210,0.12500875,False,REGULAR,USD,MU,call,2026-10-16,0.3287671232876712,82.73,1.932563021039077e-12,2.144264365226914e-11,0.00044165153243695357,1043.18994140625,0.021973756246363108,2026-06-18
MU261016C01710000,2026-06-16 19:15:45+00:00,1710.0,80.72,0.0,0.0,0.0,0.0,6.0,96,0.12500875,False,REGULAR,USD,MU,call,2026-10-16,0.3287671232876712,80.72,1.122948682240183e-12,1.2313113133051e-11,0.00011731618308156584,1043.18994140625,0.021973756246363108,2026-06-18
MU261016C01720000,2026-06-17 18:44:18+00:00,1720.0,89.15,0.0,0.0,0.0,0.0,3.0,129,0.12500875,False,REGULAR,USD,MU,call,2026-10-16,0.3287671232876712,89.15,6.502472006877609e-13,7.0475312202150775e-12,9.128406746722243e-05,1043.18994140625,0.021973756246363108,2026-06-18
MU261016C01730000,2026-06-17 16:43:20+00:00,1730.0,80.68,0.0,0.0,0.0,0.0,2.0,195,0.12500875,False,REGULAR,USD,MU,call,2026-10-16,0.3287671232876712,80.68,3.7525246279573984e-13,4.020845010470238e-12,7.963150876851858e-05,1043.18994140625,0.021973756246363108,2026-06-18
MU261016C01740000,2026-06-17 16:43:21+00:00,1740.0,78.5,0.0,0.0,0.0,0.0,2.0,302,0.12500875,False,REGULAR,USD,MU,call,2026-10-16,0.3287671232876712,78.5,2.158382691995474e-13,2.2868609312445277e-12,7.093526156086965e-05,1043.18994140625,0.021973756246363108,2026-06-18
MU261016C01750000,2026-06-16 13:35:11+00:00,1750.0,96.0,0.0,0.0,0.0,0.0,1.0,163,0.12500875,False,REGULAR,USD,MU,call,2026-10-16,0.3287671232876712,96.0,1.237444660750023e-13,1.2966851161450721e-12,2.1950285447124452e-05,1043.18994140625,0.021973756246363108,2026-06-18
MU261016C01760000,2026-06-16 19:31:00+00:00,1760.0,76.71,0.0,0.0,0.0,0.0,3.0,132,0.12500875,False,REGULAR,USD,MU,call,2026-10-16,0.3287671232876712,76.71,7.072084148185642e-14,7.330460375516733e-13,1.015893385201089e-05,1043.18994140625,0.021973756246363108,2026-06-18
MU261016C01770000,2026-06-17 13:30:29+00:00,1770.0,78.7,0.0,0.0,0.0,0.0,1.0,252,0.12500875,False,REGULAR,USD,MU,call,2026-10-16,0.3287671232876712,78.7,4.0292525449634665e-14,4.1319865915639236e-13,1.1049733695733138e-05,1043.18994140625,0.021973756246363108,2026-06-18
MU261016C01780000,2026-06-16 13:34:29+00:00,1780.0,90.37,0.0,0.0,0.0,0.0,2.0,68,0.12500875,False,REGULAR,USD,MU,call,2026-10-16,0.3287671232876712,90.37,2.2886924241955762e-14,2.322447168952125e-13,1.6936478943460643e-06,1043.18994140625,0.021973756246363108,2026-06-18
MU261016C01790000,2026-06-17 13:49:25+00:00,1790.0,70.92,0.0,0.0,0.0,0.0,116.0,352,0.12500875,False,REGULAR,USD,MU,call,2026-10-16,0.3287671232876712,70.92,1.2961820549547372e-14,1.3017267426584976e-13,4.965185172399077e-06,1043.18994140625,0.021973756246363108,2026-06-18
MU261016C01800000,2026-06-17 19:58:20+00:00,1800.0,70.05,0.0,0.0,0.0,0.0,110.0,683,0.12500875,False,REGULAR,USD,MU,call,2026-10-16,0.3287671232876712,70.05,7.319632849907252e-15,7.276256893203767e-14,5.4404745491409435e-06,1043.18994140625,0.021973756246363108,2026-06-18
MU261016C01810000,2026-06-16 13:37:16+00:00,1810.0,87.1,0.0,0.0,0.0,0.0,2.0,258,0.12500875,False,REGULAR,USD,MU,call,2026-10-16,0.3287671232876712,87.1,4.121788995483228e-15,4.056365018275673e-14,1.1572634664213415e-06,1043.18994140625,0.021973756246363108,2026-06-18
MU261016C01820000,2026-06-17 15:00:11+00:00,1820.0,65.85,0.0,0.0,0.0,0.0,23.0,959,0.12500875,False,REGULAR,USD,MU,call,2026-10-16,0.3287671232876712,65.85,2.314638606554979e-15,2.2554483025151568e-14,2.4156198043676234e-06,1043.18994140625,0.021973756246363108,2026-06-18
MU261016C01830000,2026-06-16 18:49:59+00:00,1830.0,68.7,0.0,0.0,0.0,0.0,4.0,1221,0.12500875,False,REGULAR,USD,MU,call,2026-10-16,0.3287671232876712,68.7,1.296309817218773e-15,1.2508955743819087e-14,1.7224683704591067e-06,1043.18994140625,0.021973756246363108,2026-06-18
MU261016C01840000,2026-06-17 16:44:54+00:00,1840.0,68.32,0.0,0.0,0.0,0.0,2.0,96,0.12500875,False,REGULAR,USD,MU,call,2026-10-16,0.3287671232876712,68.32,7.240844338707946e-16,6.920325442819979e-15,7.564621906055112e-08,1043.18994140625,0.021973756246363108,2026-06-18
MU261016C01850000,2026-06-17 17:53:34+00:00,1850.0,68.5,0.0,0.0,0.0,0.0,8.0,161,0.12500875,False,REGULAR,USD,MU,call,2026-10-16,0.3287671232876712,68.5,4.034134907374609e-16,3.819211376301015e-15,7.068106347816688e-08,1043.18994140625,0.021973756246363108,2026-06-18
MU261016C01860000,2026-06-17 18:03:21+00:00,1860.0,63.6,0.0,0.0,0.0,0.0,55.0,155,0.12500875,False,REGULAR,USD,MU,call,2026-10-16,0.3287671232876712,63.6,2.2419084977821155e-16,2.1027445059975622e-15,3.781606737534009e-08,1043.18994140625,0.021973756246363108,2026-06-18
MU261016C01870000,2026-06-17 17:54:16+00:00,1870.0,66.35,0.0,0.0,0.0,0.0,42.0,180,0.12500875,False,REGULAR,USD,MU,call,2026-10-16,0.3287671232876712,66.35,1.2428436837856896e-16,1.1550169989444058e-15,2.4345337322856377e-08,1043.18994140625,0.021973756246363108,2026-06-18
MU261016C01880000,2026-06-16 15:24:37+00:00,1880.0,67.75,0.0,0.0,0.0,0.0,2.0,201,0.2500075,False,REGULAR,USD,MU,call,2026-10-16,0.3287671232876712,67.75,1.112004834496544e-06,3.984416211178515e-05,243.23693066348554,1043.18994140625,0.021973756246363108,2026-06-18
MU261016C01890000,2026-06-16 15:31:44+00:00,1890.0,65.5,0.0,0.0,0.0,0.0,23.0,279,0.2500075,False,REGULAR,USD,MU,call,2026-10-16,0.3287671232876712,65.5,9.602821323692495e-07,3.4119568114884356e-05,291.5612699415892,1043.18994140625,0.021973756246363108,2026-06-18
MU261016C01900000,2026-06-16 19:41:52+00:00,1900.0,61.0,0.0,0.0,0.0,0.0,3.0,506,0.2500075,False,REGULAR,USD,MU,call,2026-10-16,0.3287671232876712,61.0,8.287759004203053e-07,2.920353695661993e-05,456.3671887101476,1043.18994140625,0.021973756246363108,2026-06-18
MU261016C01910000,2026-06-16 14:56:09+00:00,1910.0,67.48,0.0,0.0,0.0,0.0,4.0,1074,0.2500075,False,REGULAR,USD,MU,call,2026-10-16,0.3287671232876712,67.48,7.148702566303562e-07,2.4984186711888734e-05,835.5227720257614,1043.18994140625,0.021973756246363108,2026-06-18
MU261016C01920000,2026-06-05 18:06:16+00:00,1920.0,40.19,0.0,0.0,0.0,0.0,132.0,65,0.2500075,False,REGULAR,USD,MU,call,2026-10-16,0.3287671232876712,40.19,6.162753867573776e-07,2.1364732306313334e-05,43.59281970576089,1043.18994140625,0.021973756246363108,2026-06-18
MU261016C01930000,2026-06-16 19:40:37+00:00,1930.0,59.0,0.0,0.0,0.0,0.0,1.0,153,0.2500075,False,REGULAR,USD,MU,call,2026-10-16,0.3287671232876712,59.0,5.309888634088257e-07,1.826151152787322e-05,88.41045489923013,1043.18994140625,0.021973756246363108,2026-06-18
MU261016C01940000,2026-06-17 16:44:54+00:00,1940.0,59.15,0.0,0.0,0.0,0.0,2.0,266,0.2500075,False,REGULAR,USD,MU,call,2026-10-16,0.3287671232876712,59.15,4.572612446411924e-07,1.5602258860063607e-05,132.36489288072846,1043.18994140625,0.021973756246363108,2026-06-18
MU261016C01950000,2026-06-10 15:57:14+00:00,1950.0,38.43,0.0,0.0,0.0,0.0,4.0,210,0.2500075,False,REGULAR,USD,MU,call,2026-10-16,0.3287671232876712,38.43,3.9356552737371673e-07,1.3324597691832958e-05,89.94212162121524,1043.18994140625,0.021973756246363108,2026-06-18
MU261016C01960000,2026-06-17 18:39:57+00:00,1960.0,60.15,0.0,0.0,0.0,0.0,2.0,401,0.2500075,False,REGULAR,USD,MU,call,2026-10-16,0.3287671232876712,60.15,3.385700652381005e-07,1.1374724688062533e-05,147.7473539031697,1043.18994140625,0.021973756246363108,2026-06-18
MU261016C01970000,2026-06-12 16:27:16+00:00,1970.0,52.15,0.0,0.0,0.0,0.0,5.0,49,0.2500075,False,REGULAR,USD,MU,call,2026-10-16,0.3287671232876712,52.15,2.9111459336331763e-07,9.70626302287661e-06,15.52339965316782,1043.18994140625,0.021973756246363108,2026-06-18
MU261016C01980000,2026-06-16 14:05:18+00:00,1980.0,68.4,0.0,0.0,0.0,0.0,2.0,140,0.2500075,False,REGULAR,USD,MU,call,2026-10-16,0.3287671232876712,68.4,2.5018903381777387e-07,8.279263809026827e-06,38.1173840064925,1043.18994140625,0.021973756246363108,2026-06-18
MU261016C01990000,2026-06-11 17:32:37+00:00,1990.0,39.1,0.0,0.0,0.0,0.0,6.0,49,0.2500075,False,REGULAR,USD,MU,call,2026-10-16,0.3287671232876712,39.1,2.1491478487031722e-07,7.059337422047718e-06,11.460119736260886,1043.18994140625,0.021973756246363108,2026-06-18
MU261016C02000000,2026-06-17 19:18:36+00:00,2000.0,60.28,0.0,0.0,0.0,0.0,81.0,95,0.2500075,False,REGULAR,USD,MU,call,2026-10-16,0.3287671232876712,60.28,1.8452822481341412e-07,6.016898539376325e-06,19.077136661204158,1043.18994140625,0.021973756246363108,2026-06-18
MU261016C02010000,2026-06-17 17:20:55+00:00,2010.0,55.0,0.0,0.0,0.0,0.0,10.0,35,0.2500075,False,REGULAR,USD,MU,call,2026-10-16,0.3287671232876712,55.0,1.5836618678746767e-07,5.126510612858459e-06,6.031943789968964,1043.18994140625,0.021973756246363108,2026-06-18
MU261016C02020000,2026-06-17 16:45:00+00:00,2020.0,52.72,0.0,0.0,0.0,0.0,4.0,10,0.2500075,False,REGULAR,USD,MU,call,2026-10-16,0.3287671232876712,52.72,1.358531848624205e-07,4.366317187766984e-06,1.4784158364709543,1043.18994140625,0.021973756246363108,2026-06-18
MU261016C02030000,2026-06-16 15:05:47+00:00,2030.0,58.24,0.0,0.0,0.0,0.0,2.0,71,0.2500075,False,REGULAR,USD,MU,call,2026-10-16,0.3287671232876712,58.24,1.1649019360729834e-07,3.7175489912729266e-06,9.000662922247633,1043.18994140625,0.021973756246363108,2026-06-18
MU261016C02040000,2026-06-16 17:33:35+00:00,2040.0,52.75,0.0,0.0,0.0,0.0,5.0,55,0.2500075,False,REGULAR,USD,MU,call,2026-10-16,0.3287671232876712,52.75,9.98448035678592e-08,3.164097055721882e-06,5.976059848243413,1043.18994140625,0.021973756246363108,2026-06-18
MU261016C02050000,2026-06-17 13:55:15+00:00,2050.0,49.05,0.0,0.0,0.0,0.0,2.0,155,0.2500075,False,REGULAR,USD,MU,call,2026-10-16,0.3287671232876712,49.05,8.554259355065822e-08,2.692143333366248e-06,14.429154822211714,1043.18994140625,0.021973756246363108,2026-06-18
MU261016C02060000,2026-06-16 13:39:26+00:00,2060.0,65.9,0.0,0.0,0.0,0.0,2.0,170,0.2500075,False,REGULAR,USD,MU,call,2026-10-16,0.3287671232876712,65.9,7.325957746387216e-08,2.2898413144855348e-06,13.553145870614237,1043.18994140625,0.021973756246363108,2026-06-18
MU261016C02070000,2026-06-12 18:09:04+00:00,2070.0,47.31,0.0,0.0,0.0,0.0,12.0,49,0.2500075,False,REGULAR,USD,MU,call,2026-10-16,0.3287671232876712,47.31,6.27155987836937e-08,1.947040093999215e-06,3.344247683220672,1043.18994140625,0.021973756246363108,2026-06-18
MU261016C02080000,2026-06-15 18:15:21+00:00,2080.0,57.93,0.0,0.0,0.0,0.0,22.0,276,0.2500075,False,REGULAR,USD,MU,call,2026-10-16,0.3287671232876712,57.93,5.366855959717181e-08,1.6550461555076881e-06,16.119657252491724,1043.18994140625,0.021973756246363108,2026-06-18
MU261016C02090000,2026-06-17 19:43:04+00:00,2090.0,50.9,0.0,0.0,0.0,0.0,66.0,245,0.2500075,False,REGULAR,USD,MU,call,2026-10-16,0.3287671232876712,50.9,4.590938371686717e-08,1.4064178678443694e-06,12.240363889592714,1043.18994140625,0.021973756246363108,2026-06-18
MU261016C02100000,2026-06-17 17:23:20+00:00,2100.0,49.65,0.0,0.0,0.0,0.0,3.0,22,0.2500075,False,REGULAR,USD,MU,call,2026-10-16,0.3287671232876712,49.65,3.9257624668239233e-08,1.1947883282970032e-06,0.9398823218990076,1043.18994140625,0.021973756246363108,2026-06-18
MU261016C02110000,2026-06-17 15:00:31+00:00,2110.0,43.84,0.0,0.0,0.0,0.0,2.0,96,0.2500075,False,REGULAR,USD,MU,call,2026-10-16,0.3287671232876712,43.84,3.3557639514171607e-08,1.0147127482820426e-06,3.5058184254476075,1043.18994140625,0.021973756246363108,2026-06-18
MU261016C02120000,2026-06-17 15:00:31+00:00,2120.0,43.3,0.0,0.0,0.0,0.0,2.0,66,0.2500075,False,REGULAR,USD,MU,call,2026-10-16,0.3287671232876712,43.3,2.8675258596278935e-08,8.61537070128053e-07,2.059577128643474,1043.18994140625,0.021973756246363108,2026-06-18
MU261016C02130000,2026-06-15 16:23:00+00:00,2130.0,54.19,0.0,0.0,0.0,0.0,10.0,110,0.2500075,False,REGULAR,USD,MU,call,2026-10-16,0.3287671232876712,54.19,2.4494889429527125e-08,7.312849355781495e-07,2.9322091881821435,1043.18994140625,0.021973756246363108,2026-06-18
MU261016C02140000,2026-06-17 19:47:41+00:00,2140.0,47.92,0.0,0.0,0.0,0.0,20.0,34,0.2500075,False,REGULAR,USD,MU,call,2026-10-16,0.3287671232876712,47.92,2.0917000270645004e-08,6.205605046984059e-07,0.773936093157328,1043.18994140625,0.021973756246363108,2026-06-18
MU261016C02150000,2026-06-17 16:13:21+00:00,2150.0,44.15,0.0,0.0,0.0,0.0,2.0,108,0.2500075,False,REGULAR,USD,MU,call,2026-10-16,0.3287671232876712,44.15,1.7855935372231924e-08,5.2646495438707e-07,2.098616787565709,1043.18994140625,0.021973756246363108,2026-06-18
MU261016C02160000,2026-06-17 16:13:21+00:00,2160.0,43.55,0.0,0.0,0.0,0.0,20.0,35,0.2500075,False,REGULAR,USD,MU,call,2026-10-16,0.3287671232876712,43.55,1.5238019708639318e-08,4.465247742576936e-07,0.5803945919106093,1043.18994140625,0.021973756246363108,2026-06-18
MU261016C02170000,2026-06-17 18:25:29+00:00,2170.0,43.0,0.0,0.0,0.0,0.0,55.0,465,0.2500075,False,REGULAR,USD,MU,call,2026-10-16,0.3287671232876712,43.0,1.2999916086606985e-08,3.7863022934627986e-07,6.578400096496822,1043.18994140625,0.021973756246363108,2026-06-18
MU261016C02180000,2026-06-17 16:13:21+00:00,2180.0,42.4,0.0,0.0,0.0,0.0,20.0,12,0.2500075,False,REGULAR,USD,MU,call,2026-10-16,0.3287671232876712,42.4,1.1087202097999484e-08,3.2098257834255546e-07,0.14478714073964077,1043.18994140625,0.021973756246363108,2026-06-18
MU261016C02190000,2026-06-17 13:42:35+00:00,2190.0,42.15,0.0,0.0,0.0,0.0,2.0,8,0.2500075,False,REGULAR,USD,MU,call,2026-10-16,0.3287671232876712,42.15,9.453138393404758e-09,2.720488268416336e-07,0.08229866392496842,1043.18994140625,0.021973756246363108,2026-06-18
MU261016P00185000,2026-06-17 13:30:38+00:00,185.0,1.27,0.0,0.0,0.0,0.0,1.0,201,0.500005,False,REGULAR,USD,MU,put,2026-10-16,0.3287671232876712,1.27,5.218085567387084e-12,-2.4477264659594766e-10,-0.0011413899274325607,1043.18994140625,0.021973756246363108,2026-06-18
MU261016P00190000,2026-06-15 19:36:11+00:00,190.0,0.96,0.0,0.0,0.0,0.0,2.0,129,0.500005,False,REGULAR,USD,MU,put,2026-10-16,0.3287671232876712,0.96,9.268422346127142e-12,-4.410560805467867e-10,-0.0013011348451230738,1043.18994140625,0.021973756246363108,2026-06-18
MU261016P00195000,2026-06-15 13:30:16+00:00,195.0,1.96,0.0,0.0,0.0,0.0,1.0,1722,0.500005,False,REGULAR,USD,MU,put,2026-10-16,0.3287671232876712,1.96,1.6084466193278063e-11,-7.763407694483249e-10,-0.030141619360362127,1043.18994140625,0.021973756246363108,2026-06-18
MU261016P00200000,2026-06-12 13:32:55+00:00,200.0,1.78,0.0,0.0,0.0,0.0,1.0,1930,0.500005,False,REGULAR,USD,MU,put,2026-10-16,0.3287671232876712,1.78,2.7309590297936663e-11,-1.3367313922429958e-09,-0.05735869681085488,1043.18994140625,0.021973756246363108,2026-06-18
MU261016P00210000,2026-06-12 15:03:10+00:00,210.0,2.2,0.0,0.0,0.0,0.0,1.0,1043,0.500005,False,REGULAR,USD,MU,put,2026-10-16,0.3287671232876712,2.2,7.410055150780184e-11,-3.728273245684477e-09,-0.08410707514602306,1043.18994140625,0.021973756246363108,2026-06-18
MU261016P00220000,2026-06-09 16:48:14+00:00,220.0,2.39,0.0,0.0,0.0,0.0,2.0,1841,0.500005,False,REGULAR,USD,MU,put,2026-10-16,0.3287671232876712,2.39,1.8682861819577784e-10,-9.65673419006663e-09,-0.37430357230167166,1043.18994140625,0.021973756246363108,2026-06-18
MU261016P00230000,2026-06-17 16:13:41+00:00,230.0,1.76,0.0,0.0,0.0,0.0,64.0,2619,0.500005,False,REGULAR,USD,MU,put,2026-10-16,0.3287671232876712,1.76,4.410887672999535e-10,-2.3408855853723765e-08,-1.2571534120005072,1043.18994140625,0.021973756246363108,2026-06-18
MU261016P00240000,2026-06-17 13:51:57+00:00,240.0,2.25,0.0,0.0,0.0,0.0,1.0,397,0.500005,False,REGULAR,USD,MU,put,2026-10-16,0.3287671232876712,2.25,9.816222953171757e-10,-5.3463010352139406e-08,-0.4240935841695051,1043.18994140625,0.021973756246363108,2026-06-18
MU261016P00250000,2026-06-15 19:37:53+00:00,250.0,2.47,0.0,0.0,0.0,0.0,2.0,717,0.500005,False,REGULAR,USD,MU,put,2026-10-16,0.3287671232876712,2.47,2.071027838907747e-09,-1.1570594071752538e-07,-1.6159647170763531,1043.18994140625,0.021973756246363108,2026-06-18
MU261016P00260000,2026-06-15 19:56:06+00:00,260.0,2.89,0.0,0.0,0.0,0.0,5.0,2190,0.500005,False,REGULAR,USD,MU,put,2026-10-16,0.3287671232876712,2.89,4.163081960727935e-09,-2.384886824691179e-07,-9.921694665490808,1043.18994140625,0.021973756246363108,2026-06-18
MU261016P00270000,2026-06-16 19:43:09+00:00,270.0,2.7,0.0,0.0,0.0,0.0,4.0,502,0.500005,False,REGULAR,USD,MU,put,2026-10-16,0.3287671232876712,2.7,8.00801918471994e-09,-4.702167861747597e-07,-4.374773813001358,1043.18994140625,0.021973756246363108,2026-06-18
MU261016P00280000,2026-06-16 18:59:26+00:00,280.0,3.35,0.0,0.0,0.0,0.0,41.0,626,0.500005,False,REGULAR,USD,MU,put,2026-10-16,0.3287671232876712,3.35,1.4797262080373713e-08,-8.902767119067789e-07,-10.080509443328124,1043.18994140625,0.021973756246363108,2026-06-18
MU261016P00290000,2026-06-16 15:10:27+00:00,290.0,3.6,0.0,0.0,0.0,0.0,2.0,508,0.500005,False,REGULAR,USD,MU,put,2026-10-16,0.3287671232876712,3.6,2.635448281386693e-08,-1.6241689829721295e-06,-14.56951154666567,1043.18994140625,0.021973756246363108,2026-06-18
MU261016P00300000,2026-06-16 15:17:59+00:00,300.0,3.79,0.0,0.0,0.0,0.0,26.0,1532,0.500005,False,REGULAR,USD,MU,put,2026-10-16,0.3287671232876712,3.79,4.5378407877588415e-08,-2.863732259994478e-06,-75.65450628416603,1043.18994140625,0.021973756246363108,2026-06-18
MU261016P00310000,2026-06-17 19:01:55+00:00,310.0,4.08,0.0,0.0,0.0,0.0,2.0,230,0.500005,False,REGULAR,USD,MU,put,2026-10-16,0.3287671232876712,4.08,7.574042777683414e-08,-4.893287133267421e-06,-18.95755704214342,1043.18994140625,0.021973756246363108,2026-06-18
MU261016P00320000,2026-06-11 15:34:42+00:00,320.0,7.4,0.0,0.0,0.0,0.0,1.0,1882,0.500005,False,REGULAR,USD,MU,put,2026-10-16,0.3287671232876712,7.4,1.228369250797325e-07,-8.122395730891796e-06,-251.57955074693106,1043.18994140625,0.021973756246363108,2026-06-18
MU261016P00330000,2026-06-16 16:07:23+00:00,330.0,5.2,0.0,0.0,0.0,0.0,1.0,1636,0.2500075,False,REGULAR,USD,MU,put,2026-10-16,0.3287671232876712,5.2,7.119061779588377e-18,-1.1102230246251565e-16,-1.2674558576582936e-08,1043.18994140625,0.021973756246363108,2026-06-18
MU261016P00340000,2026-06-17 15:45:47+00:00,340.0,5.55,0.0,0.0,0.0,0.0,1.0,6708,0.2500075,False,REGULAR,USD,MU,put,2026-10-16,0.3287671232876712,5.55,3.8365835982619306e-17,-6.661338147750939e-16,-2.8006865226273625e-07,1043.18994140625,0.021973756246363108,2026-06-18
MU261016P00350000,2026-06-16 17:42:08+00:00,350.0,6.35,0.0,0.0,0.0,0.0,2.0,572,0.2500075,False,REGULAR,USD,MU,put,2026-10-16,0.3287671232876712,6.35,1.8890183381321504e-16,-3.552713678800501e-15,-1.1758691178006042e-07,1043.18994140625,0.021973756246363108,2026-06-18
MU261016P00360000,2026-06-17 18:13:18+00:00,360.0,6.16,0.0,0.0,0.0,0.0,4.0,4472,0.2500075,False,REGULAR,USD,MU,put,2026-10-16,0.3287671232876712,6.16,8.55083576979109e-16,-1.6542323066914832e-14,-4.161377761280985e-06,1043.18994140625,0.021973756246363108,2026-06-18
MU261016P00370000,2026-06-17 17:22:41+00:00,370.0,6.97,0.0,0.0,0.0,0.0,1.0,676,0.2500075,False,REGULAR,USD,MU,put,2026-10-16,0.3287671232876712,6.97,3.578682331749596e-15,-7.116529587847253e-14,-2.6326712262956673e-06,1043.18994140625,0.021973756246363108,2026-06-18
MU261016P00380000,2026-06-17 14:42:39+00:00,380.0,8.0,0.0,0.0,0.0,0.0,1.0,2332,0.2500075,False,REGULAR,USD,MU,put,2026-10-16,0.3287671232876712,8.0,1.3919385866168554e-14,-2.83550960489265e-13,-3.5324449471748635e-05,1043.18994140625,0.021973756246363108,2026-06-18
MU261016P00390000,2026-06-15 14:33:04+00:00,390.0,9.2,0.0,0.0,0.0,0.0,1.0,358,0.2500075,False,REGULAR,USD,MU,put,2026-10-16,0.3287671232876712,9.2,5.0552562644499867e-14,-1.0552669849062113e-12,-1.969486391970505e-05,1043.18994140625,0.021973756246363108,2026-06-18
MU261016P00400000,2026-06-17 18:46:09+00:00,400.0,8.5,0.0,0.0,0.0,0.0,103.0,1038,0.2500075,False,REGULAR,USD,MU,put,2026-10-16,0.3287671232876712,8.5,1.721715902134563e-13,-3.682942839589032e-12,-0.00019448478270191983,1043.18994140625,0.021973756246363108,2026-06-18
MU261016P00410000,2026-06-17 14:29:00+00:00,410.0,10.8,0.0,0.0,0.0,0.0,1.0,692,0.2500075,False,REGULAR,USD,MU,put,2026-10-16,0.3287671232876712,10.8,5.520621269046602e-13,-1.2101764035321594e-11,-0.00041573906068900735,1043.18994140625,0.021973756246363108,2026-06-18
MU261016P00420000,2026-06-17 19:59:37+00:00,420.0,11.0,0.0,0.0,0.0,0.0,30.0,649,0.2500075,False,REGULAR,USD,MU,put,2026-10-16,0.3287671232876712,11.0,1.6726139360243495e-12,-3.75726116885744e-11,-0.001181319001135087,1043.18994140625,0.021973756246363108,2026-06-18
MU261016P00430000,2026-06-15 18:45:48+00:00,430.0,11.87,0.0,0.0,0.0,0.0,1.0,358,0.2500075,False,REGULAR,USD,MU,put,2026-10-16,0.3287671232876712,11.87,4.804325078847868e-12,-1.10590314683634e-10,-0.001871725659475143,1043.18994140625,0.021973756246363108,2026-06-18
MU261016P00440000,2026-06-16 17:10:11+00:00,440.0,13.1,0.0,0.0,0.0,0.0,5.0,288,0.2500075,False,REGULAR,USD,MU,put,2026-10-16,0.3287671232876712,13.1,1.3122984460867368e-11,-3.0954849794539996e-10,-0.004112935360099671,1043.18994140625,0.021973756246363108,2026-06-18
MU261016P00450000,2026-06-17 16:19:34+00:00,450.0,13.2,0.0,0.0,0.0,0.0,1.0,1559,0.2500075,False,REGULAR,USD,MU,put,2026-10-16,0.3287671232876712,13.2,3.418448793231284e-11,-8.263107975636785e-10,-0.057996525419621005,1043.18994140625,0.021973756246363108,2026-06-18
MU261016P00460000,2026-06-17 16:36:16+00:00,460.0,14.15,0.0,0.0,0.0,0.0,1.0,764,0.2500075,False,REGULAR,USD,MU,put,2026-10-16,0.3287671232876712,14.15,8.514560784423961e-11,-2.109148522499993e-09,-0.0707917079677941,1043.18994140625,0.021973756246363108,2026-06-18
MU261016P00470000,2026-06-17 16:11:05+00:00,470.0,15.1,0.0,0.0,0.0,0.0,25.0,391,0.2500075,False,REGULAR,USD,MU,put,2026-10-16,0.3287671232876712,15.1,2.0327736486690911e-10,-5.160379790147829e-09,-0.08649531036492893,1043.18994140625,0.021973756246363108,2026-06-18
MU261016P00480000,2026-06-17 18:13:18+00:00,480.0,15.97,0.0,0.0,0.0,0.0,58.0,255,0.2500075,False,REGULAR,USD,MU,put,2026-10-16,0.3287671232876712,15.97,4.662194346059757e-10,-1.2129778070857355e-08,-0.1293770771755985,1043.18994140625,0.021973756246363108,2026-06-18
MU261016P00490000,2026-06-16 14:36:08+00:00,490.0,17.93,0.0,0.0,0.0,0.0,10.0,350,0.2500075,False,REGULAR,USD,MU,put,2026-10-16,0.3287671232876712,17.93,1.0293858406054017e-09,-2.7449688633218727e-08,-0.39207848939715084,1043.18994140625,0.021973756246363108,2026-06-18
MU261016P00500000,2026-06-17 19:13:37+00:00,500.0,17.42,0.0,0.0,0.0,0.0,78.0,984,0.2500075,False,REGULAR,USD,MU,put,2026-10-16,0.3287671232876712,17.42,2.192306924323797e-09,-5.992237284146995e-08,-2.3475953236943528,1043.18994140625,0.021973756246363108,2026-06-18
MU261016P00510000,2026-06-17 18:24:53+00:00,510.0,19.6,0.0,0.0,0.0,0.0,15.0,266,0.2500075,False,REGULAR,USD,MU,put,2026-10-16,0.3287671232876712,19.6,4.511814077865514e-09,-1.264164576353366e-07,-1.3060494282279527,1043.18994140625,0.021973756246363108,2026-06-18
MU261016P00520000,2026-06-17 16:11:04+00:00,520.0,21.25,0.0,0.0,0.0,0.0,7.0,513,0.2500075,False,REGULAR,USD,MU,put,2026-10-16,0.3287671232876712,21.25,8.988068187157041e-09,-2.5818117010967256e-07,-5.0177671660797305,1043.18994140625,0.021973756246363108,2026-06-18
MU261016P00530000,2026-06-17 16:11:04+00:00,530.0,22.7,0.0,0.0,0.0,0.0,10.0,248,0.2500075,False,REGULAR,USD,MU,put,2026-10-16,0.3287671232876712,22.7,1.735949978325476e-08,-5.112659000605646e-07,-4.685065525592661,1043.18994140625,0.021973756246363108,2026-06-18
MU261016P00540000,2026-06-17 19:57:36+00:00,540.0,25.5,0.0,0.0,0.0,0.0,16.0,180,0.2500075,False,REGULAR,USD,MU,put,2026-10-16,0.3287671232876712,25.5,3.2554404821783674e-08,-9.831528113846133e-07,-6.376891777066061,1043.18994140625,0.021973756246363108,2026-06-18
MU261016P00560000,2026-06-17 18:21:51+00:00,560.0,27.45,0.0,0.0,0.0,0.0,10.0,255,0.2500075,False,REGULAR,USD,MU,put,2026-10-16,0.3287671232876712,27.45,1.0537640614263668e-07,-3.3475494113366366e-06,-29.24222033241764,1043.18994140625,0.021973756246363108,2026-06-18
MU261016P00580000,2026-06-17 16:39:58+00:00,580.0,31.05,0.0,0.0,0.0,0.0,16.0,646,0.2500075,False,REGULAR,USD,MU,put,2026-10-16,0.3287671232876712,31.05,3.07946764845614e-07,-1.0296454314939751e-05,-216.488557012213,1043.18994140625,0.021973756246363108,2026-06-18
MU261016P00600000,2026-06-17 19:26:58+00:00,600.0,33.05,0.0,0.0,0.0,0.0,63.0,587,0.12500875,False,REGULAR,USD,MU,put,2026-10-16,0.3287671232876712,33.05,1.125954426338229e-16,-9.992007221626409e-16,-7.192596470224816e-08,1043.18994140625,0.021973756246363108,2026-06-18
MU261016P00620000,2026-06-17 19:49:55+00:00,620.0,39.83,0.0,0.0,0.0,0.0,21.0,173,0.12500875,False,REGULAR,USD,MU,put,2026-10-16,0.3287671232876712,39.83,3.825857934890863e-15,-3.7636560534792807e-14,-7.202806109428145e-07,1043.18994140625,0.021973756246363108,2026-06-18
MU261016P00640000,2026-06-17 19:36:32+00:00,640.0,42.01,0.0,0.0,0.0,0.0,33.0,1052,0.12500875,False,REGULAR,USD,MU,put,2026-10-16,0.3287671232876712,42.01,9.521740999775147e-14,-9.926504063173525e-13,-0.00010900812902878532,1043.18994140625,0.021973756246363108,2026-06-18
MU261016P00660000,2026-06-17 19:55:43+00:00,660.0,49.95,0.0,0.0,0.0,0.0,9.0,305,0.12500875,False,REGULAR,USD,MU,put,2026-10-16,0.3287671232876712,49.95,1.780045123311083e-12,-1.9714674337478755e-11,-0.000590823325410686,1043.18994140625,0.021973756246363108,2026-06-18
MU261016P00680000,2026-06-17 19:36:32+00:00,680.0,51.98,0.0,0.0,0.0,0.0,4.0,381,0.12500875,False,REGULAR,USD,MU,put,2026-10-16,0.3287671232876712,51.98,2.556732661698524e-11,-3.013601590495796e-10,-0.01060076182279146,1043.18994140625,0.021973756246363108,2026-06-18
MU261016P00700000,2026-06-17 19:53:03+00:00,700.0,61.7,0.0,0.0,0.0,0.0,91.0,916,0.12500875,False,REGULAR,USD,MU,put,2026-10-16,0.3287671232876712,61.7,2.879397540721479e-10,-3.619080701788846e-09,-0.2870277488199061,1043.18994140625,0.021973756246363108,2026-06-18
MU261016P00720000,2026-06-17 19:57:57+00:00,720.0,69.0,0.0,0.0,0.0,0.0,13.0,82,0.12500875,False,REGULAR,USD,MU,put,2026-10-16,0.3287671232876712,69.0,2.5896143386049463e-09,-3.4784181424107885e-08,-0.23108711208992624,1043.18994140625,0.021973756246363108,2026-06-18
MU261016P00740000,2026-06-17 18:58:27+00:00,740.0,69.15,0.0,0.0,0.0,0.0,46.0,287,0.12500875,False,REGULAR,USD,MU,put,2026-10-16,0.3287671232876712,69.15,1.8909436084763918e-08,-2.721072644984446e-07,-5.905915868734742,1043.18994140625,0.021973756246363108,2026-06-18
MU261016P00760000,2026-06-17 18:58:27+00:00,760.0,75.67,0.0,0.0,0.0,0.0,103.0,772,0.12500875,False,REGULAR,USD,MU,put,2026-10-16,0.3287671232876712,75.67,1.1380270079640179e-07,-1.7592135344024484e-06,-95.60853224122408,1043.18994140625,0.021973756246363108,2026-06-18
MU261016P00780000,2026-06-17 19:56:48+00:00,780.0,88.72,0.0,0.0,0.0,0.0,2.0,184,0.12500875,False,REGULAR,USD,MU,put,2026-10-16,0.3287671232876712,88.72,5.722456262410371e-07,-9.53199012809769e-06,-114.584819970078,1043.18994140625,0.021973756246363108,2026-06-18
MU261016P00800000,2026-06-17 18:41:34+00:00,800.0,90.0,0.0,0.0,0.0,0.0,2.0,579,0.062509375,False,REGULAR,USD,MU,put,2026-10-16,0.3287671232876712,90.0,7.072820185669378e-16,-3.3306690738754696e-15,-4.4565415760721464e-07,1043.18994140625,0.021973756246363108,2026-06-18
MU261016P00820000,2026-06-17 19:13:59+00:00,820.0,96.0,0.0,0.0,0.0,0.0,3.0,305,0.062509375,False,REGULAR,USD,MU,put,2026-10-16,0.3287671232876712,96.0,1.1950953392689275e-13,-6.173950239940496e-13,-3.966698334120165e-05,1043.18994140625,0.021973756246363108,2026-06-18
MU261016P00840000,2026-06-17 19:59:16+00:00,840.0,115.0,0.0,0.0,0.0,0.0,7.0,290,0.062509375,False,REGULAR,USD,MU,put,2026-10-16,0.3287671232876712,115.0,1.1292422158060747e-11,-6.418798825791328e-11,-0.0035637881972181017,1043.18994140625,0.021973756246363108,2026-06-18
MU261016P00860000,2026-06-17 18:22:28+00:00,860.0,117.45,0.0,0.0,0.0,0.0,96.0,229,0.062509375,False,REGULAR,USD,MU,put,2026-10-16,0.3287671232876712,117.45,6.197957945291114e-10,-3.903521283987743e-09,-0.15445817147148821,1043.18994140625,0.021973756246363108,2026-06-18
MU261016P00880000,2026-06-17 19:39:27+00:00,880.0,125.55,0.0,0.0,0.0,0.0,32.0,159,0.062509375,False,REGULAR,USD,MU,put,2026-10-16,0.3287671232876712,125.55,2.0461669105939438e-08,-1.4398465397746918e-07,-3.540502972175479,1043.18994140625,0.021973756246363108,2026-06-18
MU261016P00900000,2026-06-17 19:39:27+00:00,900.0,134.72,0.0,0.0,0.0,0.0,57.0,865,0.062509375,False,REGULAR,USD,MU,put,2026-10-16,0.3287671232876712,134.72,4.1957073130339306e-07,-3.331905610193253e-06,-394.95541630135335,1043.18994140625,0.021973756246363108,2026-06-18
MU261016P00910000,2026-06-16 14:05:28+00:00,910.0,136.96,0.0,0.0,0.0,0.0,126.0,188,0.062509375,False,REGULAR,USD,MU,put,2026-10-16,0.3287671232876712,136.96,1.6040984596351875e-06,-1.3592012951035848e-05,-328.18267665669913,1043.18994140625,0.021973756246363108,2026-06-18
MU261016P00920000,2026-06-16 18:41:31+00:00,920.0,156.08,0.0,0.0,0.0,0.0,4.0,161,0.0312596875,False,REGULAR,USD,MU,put,2026-10-16,0.3287671232876712,156.08,1.8797457347407722e-15,-4.440892098500626e-15,-3.2934552425886035e-07,1043.18994140625,0.021973756246363108,2026-06-18
MU261016P00930000,2026-06-17 19:35:32+00:00,930.0,146.0,0.0,0.0,0.0,0.0,3.0,123,0.0312596875,False,REGULAR,USD,MU,put,2026-10-16,0.3287671232876712,146.0,1.6834181720093465e-13,-4.3209880118411093e-13,-2.2533253582012707e-05,1043.18994140625,0.021973756246363108,2026-06-18
MU261016P00940000,2026-06-17 19:57:30+00:00,940.0,162.5,0.0,0.0,0.0,0.0,2.0,58,0.0312596875,False,REGULAR,USD,MU,put,2026-10-16,0.3287671232876712,162.5,1.0044636585328428e-11,-2.8031577059550727e-11,-0.0006339996292573253,1043.18994140625,0.021973756246363108,2026-06-18
MU261016P00950000,2026-06-17 18:52:21+00:00,950.0,152.58,0.0,0.0,0.0,0.0,12.0,462,0.0312596875,False,REGULAR,USD,MU,put,2026-10-16,0.3287671232876712,152.58,4.042915896997275e-10,-1.2346216271552635e-09,-0.2032654024921559,1043.18994140625,0.021973756246363108,2026-06-18
MU261016P00960000,2026-06-16 19:14:28+00:00,960.0,178.78,0.0,0.0,0.0,0.0,2.0,28,0.0312596875,False,REGULAR,USD,MU,put,2026-10-16,0.3287671232876712,178.78,1.1108096202964051e-08,-3.7395379237636917e-08,-0.33847332322154094,1043.18994140625,0.021973756246363108,2026-06-18
MU261016P00970000,2026-06-17 14:31:22+00:00,970.0,178.77,0.0,0.0,0.0,0.0,3.0,20,0.0312596875,False,REGULAR,USD,MU,put,2026-10-16,0.3287671232876712,178.77,2.1073753253190828e-07,-7.889629460855474e-07,-4.586682391723137,1043.18994140625,0.021973756246363108,2026-06-18
MU261016P00980000,2026-06-17 17:23:19+00:00,980.0,174.0,0.0,0.0,0.0,0.0,13.0,68,0.015634843750000002,False,REGULAR,USD,MU,put,2026-10-16,0.3287671232876712,174.0,1.4319478997151665e-17,0.0,-1.0596511438264882e-09,1043.18994140625,0.021973756246363108,2026-06-18
MU261016P00990000,2026-06-17 19:54:05+00:00,990.0,187.9,0.0,0.0,0.0,0.0,23.0,31,0.015634843750000002,False,REGULAR,USD,MU,put,2026-10-16,0.3287671232876712,187.9,1.0697013966687295e-13,-1.3444800828210646e-13,-3.6087021506844266e-06,1043.18994140625,0.021973756246363108,2026-06-18
MU261016P01000000,2026-06-17 19:58:04+00:00,1000.0,193.7,0.0,0.0,0.0,0.0,125.0,557,0.015634843750000002,False,REGULAR,USD,MU,put,2026-10-16,0.3287671232876712,193.7,2.065630315442305e-10,-3.0459212929656587e-10,-0.12520871995540955,1043.18994140625,0.021973756246363108,2026-06-18
MU261016P01010000,2026-06-17 19:04:25+00:00,1010.0,186.61,0.0,0.0,0.0,0.0,9.0,34,0.015634843750000002,False,REGULAR,USD,MU,put,2026-10-16,0.3287671232876712,186.61,1.0725607740162949e-07,-1.9061879685811078e-07,-3.9685111840865983,1043.18994140625,0.021973756246363108,2026-06-18
MU261016P01020000,2026-06-17 16:09:37+00:00,1020.0,199.17,0.0,0.0,0.0,0.0,2.0,178,0.007822421875,False,REGULAR,USD,MU,put,2026-10-16,0.3287671232876712,199.17,1.6558420894184012e-15,-9.992007221626409e-16,-3.207492884987128e-07,1043.18994140625,0.021973756246363108,2026-06-18
MU261016P01030000,2026-06-17 17:23:20+00:00,1030.0,201.55,0.0,0.0,0.0,0.0,13.0,65,0.0039162109375,False,REGULAR,USD,MU,put,2026-10-16,0.3287671232876712,201.55,2.4658524332465728e-30,0.0,-1.7442439346656708e-22,1043.18994140625,0.021973756246363108,2026-06-18
MU261016P01540000,2026-05-12 18:45:36+00:00,1540.0,818.95,576.8,588.5,0.0,0.0,0.0,2,0.907654732055664,True,REGULAR,USD,MU,put,2026-10-16,0.3287671232876712,582.65,0.0006601560210184603,-0.6782921167036647,-1436.823313349232,1043.18994140625,0.021973756246363108,2026-06-18
MU261016P01560000,2026-05-13 14:01:31+00:00,1560.0,803.1,593.6,605.15,0.0,0.0,0.0,2,0.9067392138671875,True,REGULAR,USD,MU,put,2026-10-16,0.3287671232876712,599.375,0.0006527560723368674,-0.6874869452663233,-1420.7173952862606,1043.18994140625,0.021973756246363108,2026-06-18
MU261016P01580000,2026-05-13 17:32:34+00:00,1580.0,815.65,609.15,621.2,0.0,0.0,0.0,2,0.9007883456420899,True,REGULAR,USD,MU,put,2026-10-16,0.3287671232876712,615.175,0.0006467708855759321,-0.6984877313170786,-1407.6906931142596,1043.18994140625,0.021973756246363108,2026-06-18
