contractSymbol,lastTradeDate,strike,last_price,bid,ask,change,percentChange,volume,oi,iv,inTheMoney,contractSize,currency,ticker,type,expiration,T,mid,gamma,delta,public_gex,spot,underlying_return,snapshot_date
SPY260915C00565000,2026-09-15 19:26:00+00:00,565.0,192.21,191.0,195.01,-8.389999,-4.182452,1.0,4.0,2.6826204809570315,True,REGULAR,USD,SPY,call,2026-09-15,0.0027397260273972603,193.005,0.0003655069816087461,0.9845375410278209,838.677165040704,757.3900146484375,-0.004586781374170235,2026-09-15
SPY260915C00595000,2026-09-11 16:53:38+00:00,595.0,170.5,161.0,164.82,0.0,0.0,0.0,29.0,2.208988852539062,True,REGULAR,USD,SPY,call,2026-09-15,0.0027397260273972603,162.91,0.0004556737294603642,0.9840574206027247,7580.382834161813,757.3900146484375,-0.004586781374170235,2026-09-15
SPY260915C00625000,2026-09-14 16:31:49+00:00,625.0,136.98,131.0,135.01,0.0,0.0,22.0,22.0,1.8623053759765624,True,REGULAR,USD,SPY,call,2026-09-15,0.0027397260273972603,133.005,0.0007012852994073148,0.9783522255082195,8850.27093905628,757.3900146484375,-0.004586781374170235,2026-09-15
SPY260915C00635000,2026-09-15 19:40:46+00:00,635.0,121.87,121.0,124.92,-5.1800003,-4.077135,1.0,0.0,1.7089858300781249,True,REGULAR,USD,SPY,call,2026-09-15,0.0027397260273972603,122.96000000000001,0.0007712319018419982,0.9781162186863872,0.0,757.3900146484375,-0.004586781374170235,2026-09-15
SPY260915C00655000,2026-09-15 17:27:31+00:00,655.0,101.9,101.02,104.09,-2.1399994,-2.0569005,2.0,10.0,1.2089883300781248,True,REGULAR,USD,SPY,call,2026-09-15,0.0027397260273972603,102.555,0.0005532126242669504,0.990059036350696,3173.446874686401,757.3900146484375,-0.004586781374170235,2026-09-15
SPY260915C00660000,2026-09-15 18:45:11+00:00,660.0,97.19,96.02,99.2,-1.8499985,-1.8679305,3.0,6.0,1.1982461962890625,True,REGULAR,USD,SPY,call,2026-09-15,0.0027397260273972603,97.61,0.0007024781361844221,0.9870474217441367,2417.8158068217776,757.3900146484375,-0.004586781374170235,2026-09-15
SPY260915C00665000,2026-09-15 17:27:17+00:00,665.0,91.82,91.0,93.6,-2.1800003,-2.3191493,6.0,5.0,1.5209984887695311,True,REGULAR,USD,SPY,call,2026-09-15,0.0027397260273972603,92.3,0.0016263107765095975,0.9530559215958049,4664.58159538743,757.3900146484375,-0.004586781374170235,2026-09-15
SPY260915C00670000,2026-09-15 19:30:17+00:00,670.0,87.14,86.2,89.16,-0.59000397,-0.6725224,5.0,10.0,1.1279340478515625,True,REGULAR,USD,SPY,call,2026-09-15,0.0027397260273972603,87.68,0.0009672417943772717,0.9824839754623829,5548.4822919576945,757.3900146484375,-0.004586781374170235,2026-09-15
SPY260915C00675000,2026-09-15 19:30:17+00:00,675.0,82.19,81.0,85.0,-3.7200012,-4.3301144,1.0,16.0,1.2075234936523436,True,REGULAR,USD,SPY,call,2026-09-15,0.0027397260273972603,83.0,0.0014903061876059458,0.9682334876282563,13678.379142994365,757.3900146484375,-0.004586781374170235,2026-09-15
SPY260915C00680000,2026-09-14 16:25:16+00:00,680.0,82.45,77.06,78.2,0.0,0.0,120.0,25.0,0.981445498046875,True,REGULAR,USD,SPY,call,2026-09-15,0.0027397260273972603,77.63,0.0010700453594936247,0.9832479168391928,15345.5107173184,757.3900146484375,-0.004586781374170235,2026-09-15
SPY260915C00685000,2026-09-15 19:39:20+00:00,685.0,71.62,72.11,73.2,-4.699997,-6.158277,9.0,18.0,0.937500625,True,REGULAR,USD,SPY,call,2026-09-15,0.0027397260273972603,72.655,0.0012494421307179487,0.9809601159502135,12901.131484749243,757.3900146484375,-0.004586781374170235,2026-09-15
SPY260915C00690000,2026-09-14 19:58:17+00:00,690.0,71.32,67.13,68.2,0.0,0.0,28.0,18.0,0.88476677734375,True,REGULAR,USD,SPY,call,2026-09-15,0.0027397260273972603,67.66499999999999,0.0014264057911980105,0.9792112505533849,14728.37213539381,757.3900146484375,-0.004586781374170235,2026-09-15
SPY260915C00695000,2026-09-14 18:26:31+00:00,695.0,67.15,62.04,63.2,0.0,0.0,358.0,61.0,0.8037129003906249,True,REGULAR,USD,SPY,call,2026-09-15,0.0027397260273972603,62.620000000000005,0.001478263150541515,0.9806394841370569,51727.41031664637,757.3900146484375,-0.004586781374170235,2026-09-15
SPY260915C00700000,2026-09-15 20:00:10+00:00,700.0,57.63,56.97,58.21,-5.0699997,-8.086123,28.0,42.0,0.7304714453125,True,REGULAR,USD,SPY,call,2026-09-15,0.0027397260273972603,57.59,0.0015741824051384843,0.9813693923433594,37926.563605898984,757.3900146484375,-0.004586781374170235,2026-09-15
SPY260915C00705000,2026-09-14 13:40:10+00:00,705.0,53.69,51.97,53.2,0.0,0.0,3.0,4.0,0.6709017285156251,True,REGULAR,USD,SPY,call,2026-09-15,0.0027397260273972603,52.585,0.0017901805929206956,0.980391080021058,4107.67416253832,757.3900146484375,-0.004586781374170235,2026-09-15
SPY260915C00710000,2026-09-15 18:56:49+00:00,710.0,47.22,47.13,48.2,-3.8199997,-7.4843254,39.0,32.0,0.649417568359375,True,REGULAR,USD,SPY,call,2026-09-15,0.0027397260273972603,47.665000000000006,0.002448162295626971,0.972637699673925,44939.61356620694,757.3900146484375,-0.004586781374170235,2026-09-15
SPY260915C00715000,2026-09-15 20:00:10+00:00,715.0,42.63,41.97,43.22,-4.6800003,-9.8922,39.0,14.0,0.561527822265625,True,REGULAR,USD,SPY,call,2026-09-15,0.0027397260273972603,42.595,0.0025337604274097334,0.97603663084098,20348.515669379325,757.3900146484375,-0.004586781374170235,2026-09-15
SPY260915C00718000,2026-09-15 19:01:55+00:00,718.0,39.41,39.13,40.2,-2.9099998,-6.8761816,127.0,11.0,0.5542036767578126,True,REGULAR,USD,SPY,call,2026-09-15,0.0027397260273972603,39.665000000000006,0.0032231638642880424,0.96851714866483,20338.279944006525,757.3900146484375,-0.004586781374170235,2026-09-15
SPY260915C00719000,2026-09-15 18:28:59+00:00,719.0,38.64,38.97,39.21,-8.290001,-17.66461,141.0,2.0,0.6523472265625001,True,REGULAR,USD,SPY,call,2026-09-15,0.0027397260273972603,39.09,0.004686072654114804,0.938666794468042,5376.234007117703,757.3900146484375,-0.004586781374170235,2026-09-15
SPY260915C00720000,2026-09-15 18:01:54+00:00,720.0,37.34,37.97,38.2,-1.3199997,-3.414381,87.0,11.0,0.637698935546875,True,REGULAR,USD,SPY,call,2026-09-15,0.0027397260273972603,38.085,0.0048453439165127565,0.9378193476880865,30574.29443500944,757.3900146484375,-0.004586781374170235,2026-09-15
SPY260915C00722000,2026-09-15 19:19:03+00:00,722.0,34.96,35.97,36.21,-9.010002,-20.49125,85.0,4.0,0.6113320117187502,True,REGULAR,USD,SPY,call,2026-09-15,0.0027397260273972603,36.09,0.00522542960723791,0.9351014814543542,11990.054115598823,757.3900146484375,-0.004586781374170235,2026-09-15
SPY260915C00723000,2026-09-15 17:22:22+00:00,723.0,33.78,34.97,35.2,-7.330002,-17.830215,40.0,3.0,0.5964395825195312,True,REGULAR,USD,SPY,call,2026-09-15,0.0027397260273972603,35.085,0.005415303485125677,0.9341720955361706,9319.298132316926,757.3900146484375,-0.004586781374170235,2026-09-15
SPY260915C00724000,2026-09-15 19:38:54+00:00,724.0,32.79,33.97,34.22,-7.8099976,-19.236448,24.0,6.0,0.5844768115234374,True,REGULAR,USD,SPY,call,2026-09-15,0.0027397260273972603,34.095,0.005651518904478261,0.9322354903599924,19451.611425259114,757.3900146484375,-0.004586781374170235,2026-09-15
SPY260915C00725000,2026-09-15 19:43:14+00:00,725.0,31.34,32.97,33.2,-5.169998,-14.1605,65.0,27.0,0.5688519677734375,True,REGULAR,USD,SPY,call,2026-09-15,0.0027397260273972603,33.085,0.005860506566882089,0.9314216483033205,90769.10878193752,757.3900146484375,-0.004586781374170235,2026-09-15
SPY260915C00726000,2026-09-15 19:43:14+00:00,726.0,30.37,31.97,32.21,-7.1799984,-19.121168,92.0,10.0,0.5556685058593751,True,REGULAR,USD,SPY,call,2026-09-15,0.0027397260273972603,32.09,0.006114491645741309,0.9297108559297242,35075.14751527171,757.3900146484375,-0.004586781374170235,2026-09-15
SPY260915C00727000,2026-09-15 19:19:03+00:00,727.0,30.25,30.97,31.2,-6.16,-16.918428,81.0,9.0,0.5410202148437502,True,REGULAR,USD,SPY,call,2026-09-15,0.0027397260273972603,31.085,0.0063681493069676865,0.9284243759698004,32877.205555929424,757.3900146484375,-0.004586781374170235,2026-09-15
SPY260915C00728000,2026-09-15 15:37:19+00:00,728.0,29.33,29.97,30.2,-8.089998,-21.619452,56.0,10.0,0.5268602001953125,True,REGULAR,USD,SPY,call,2026-09-15,0.0027397260273972603,30.085,0.006647435365954937,0.9268758454756949,38132.32392287221,757.3900146484375,-0.004586781374170235,2026-09-15
SPY260915C00729000,2026-09-15 19:39:27+00:00,729.0,27.59,28.97,29.21,-9.049999,-24.69978,232.0,11.0,0.5136767382812499,True,REGULAR,USD,SPY,call,2026-09-15,0.0027397260273972603,29.09,0.006962107066996473,0.9248464819473484,43931.14606973219,757.3900146484375,-0.004586781374170235,2026-09-15
SPY260915C00730000,2026-09-15 18:57:27+00:00,730.0,27.28,27.97,28.2,-5.659998,-17.182753,168.0,64.0,0.5180712255859375,True,REGULAR,USD,SPY,call,2026-09-15,0.0027397260273972603,28.085,0.007537918100136701,0.9155774381770223,276739.10926489986,757.3900146484375,-0.004586781374170235,2026-09-15
SPY260915C00731000,2026-09-15 19:34:23+00:00,731.0,25.94,26.97,27.2,-4.9699993,-16.078938,94.0,9.0,0.5034229345703125,True,REGULAR,USD,SPY,call,2026-09-15,0.0027397260273972603,27.085,0.007893283341291947,0.9135951585500789,40751.1015231549,757.3900146484375,-0.004586781374170235,2026-09-15
SPY260915C00732000,2026-09-15 18:45:19+00:00,732.0,25.14,25.97,26.21,-1.0600014,-4.045807,80.0,8.0,0.4904836108398438,True,REGULAR,USD,SPY,call,2026-09-15,0.0027397260273972603,26.09,0.008301108331370375,0.9107292646755965,38094.75797921603,757.3900146484375,-0.004586781374170235,2026-09-15
SPY260915C00735000,2026-09-15 19:43:10+00:00,735.0,21.59,22.97,23.2,-5.8600006,-21.347906,64.0,44.0,0.44482977050781247,True,REGULAR,USD,SPY,call,2026-09-15,0.0027397260273972603,23.085,0.00965270237704893,0.904079701890554,243635.5971047881,757.3900146484375,-0.004586781374170235,2026-09-15
SPY260915C00736000,2026-09-15 19:54:22+00:00,736.0,20.72,21.97,22.17,-8.820002,-29.857824,110.0,10.0,0.4255428540039063,True,REGULAR,USD,SPY,call,2026-09-15,0.0027397260273972603,22.07,0.010128672537688115,0.9035817643621009,58102.08010354072,757.3900146484375,-0.004586781374170235,2026-09-15
SPY260915C00737000,2026-09-15 19:19:06+00:00,737.0,20.28,20.97,21.17,-5.119999,-20.157476,98.0,6.0,0.4106504248046875,True,REGULAR,USD,SPY,call,2026-09-15,0.0027397260273972603,21.07,0.010725756062700206,0.9006907817655492,36916.31271169254,757.3900146484375,-0.004586781374170235,2026-09-15
SPY260915C00738000,2026-09-15 19:43:00+00:00,738.0,18.62,19.97,20.17,-5.529999,-22.898546,52.0,10.0,0.3957579956054688,True,REGULAR,USD,SPY,call,2026-09-15,0.0027397260273972603,20.07,0.01138627930288425,0.8975331815641434,65316.210952207584,757.3900146484375,-0.004586781374170235,2026-09-15
SPY260915C00740000,2026-09-15 19:26:25+00:00,740.0,17.1,17.97,18.19,-4.2199993,-19.79362,199.0,97.0,0.36817038085937503,True,REGULAR,USD,SPY,call,2026-09-15,0.0027397260273972603,18.08,0.012975718112861204,0.8888943726219898,722008.4607113907,757.3900146484375,-0.004586781374170235,2026-09-15
SPY260915C00741000,2026-09-15 19:59:46+00:00,741.0,16.16,16.97,17.2,-1.3899994,-7.9202247,113.0,57.0,0.3540103662109374,True,REGULAR,USD,SPY,call,2026-09-15,0.0027397260273972603,17.085,0.013905390495261452,0.8841242438898116,454670.9377459356,757.3900146484375,-0.004586781374170235,2026-09-15
SPY260915C00742000,2026-09-15 20:08:18+00:00,742.0,15.92,15.97,16.17,-3.3799992,-17.512949,111.0,16.0,0.3347234497070312,True,REGULAR,USD,SPY,call,2026-09-15,0.0027397260273972603,16.07,0.014867059587168503,0.8823371962210962,136453.35399261594,757.3900146484375,-0.004586781374170235,2026-09-15
SPY260915C00743000,2026-09-15 19:49:18+00:00,743.0,13.86,14.97,15.17,-5.9399996,-29.999998,53.0,38.0,0.31909860595703116,True,REGULAR,USD,SPY,call,2026-09-15,0.0027397260273972603,15.07,0.01602910100798271,0.8776640296203804,349407.2503277221,757.3900146484375,-0.004586781374170235,2026-09-15
SPY260915C00744000,2026-09-15 19:39:09+00:00,744.0,12.67,13.97,14.2,-4.4300003,-25.906433,38.0,39.0,0.30689169677734374,True,REGULAR,USD,SPY,call,2026-09-15,0.0027397260273972603,14.085,0.01740953239437361,0.8697651810095093,389485.1140382969,757.3900146484375,-0.004586781374170235,2026-09-15
SPY260915C00745000,2026-09-15 20:14:27+00:00,745.0,13.08,12.98,13.18,-2.960001,-18.45387,126.0,514.0,0.28833719482421866,True,REGULAR,USD,SPY,call,2026-09-15,0.0027397260273972603,13.08,0.01889731356993295,0.8660028068365548,5571887.495286218,757.3900146484375,-0.004586781374170235,2026-09-15
SPY260915C00746000,2026-09-15 20:04:14+00:00,746.0,11.87,11.97,12.17,-4.13,-25.8125,175.0,231.0,0.2711254528808594,True,REGULAR,USD,SPY,call,2026-09-15,0.0027397260273972603,12.07,0.020657754478334435,0.8604985016605267,2737374.653287204,757.3900146484375,-0.004586781374170235,2026-09-15
SPY260915C00747000,2026-09-15 20:10:23+00:00,747.0,10.96,10.97,11.19,-5.1799994,-32.094173,153.0,124.0,0.256843369140625,True,REGULAR,USD,SPY,call,2026-09-15,0.0027397260273972603,11.08,0.022758349647452065,0.8513746297811985,1618831.3297298665,757.3900146484375,-0.004586781374170235,2026-09-15
SPY260915C00748000,2026-09-15 20:04:14+00:00,748.0,9.87,9.97,10.19,-3.2399998,-24.713957,662.0,240.0,0.24024197265624997,True,REGULAR,USD,SPY,call,2026-09-15,0.0027397260273972603,10.08,0.025226114132825838,0.8430544439118837,3472967.7325658,757.3900146484375,-0.004586781374170235,2026-09-15
SPY260915C00749000,2026-09-15 20:11:08+00:00,749.0,9.1,8.97,9.19,-2.9899998,-24.73118,498.0,165.0,0.22315229980468748,True,REGULAR,USD,SPY,call,2026-09-15,0.0027397260273972603,9.08,0.02820212161974413,0.833704274677362,2669346.0308011933,757.3900146484375,-0.004586781374170235,2026-09-15
SPY260915C00750000,2026-09-15 20:14:27+00:00,750.0,8.07,7.97,8.19,-2.9300003,-26.636366,2730.0,357.0,0.20581848876953124,True,REGULAR,USD,SPY,call,2026-09-15,0.0027397260273972603,8.08,0.0318543768587889,0.8227026044181625,6523437.113767158,757.3900146484375,-0.004586781374170235,2026-09-15
SPY260915C00751000,2026-09-15 20:14:55+00:00,751.0,7.14,7.1,7.14,-3.1300006,-30.477123,2566.0,147.0,0.18335777587890623,True,REGULAR,USD,SPY,call,2026-09-15,0.0027397260273972603,7.119999999999999,0.03663766470521765,0.8156813021244018,3089472.03765836,757.3900146484375,-0.004586781374170235,2026-09-15
SPY260915C00752000,2026-09-15 20:02:53+00:00,752.0,5.77,5.97,6.17,-3.3899999,-37.008736,2770.0,188.0,0.16797707031250003,True,REGULAR,USD,SPY,call,2026-09-15,0.0027397260273972603,6.07,0.042481173564720226,0.7964933112323318,4581350.355154006,757.3900146484375,-0.004586781374170235,2026-09-15
SPY260915C00753000,2026-09-15 20:14:44+00:00,753.0,5.12,5.11,5.14,-3.2300005,-38.68264,9845.0,235.0,0.14649291015625,True,REGULAR,USD,SPY,call,2026-09-15,0.0027397260273972603,5.125,0.05082490318080428,0.7811981083360073,6851467.035253361,757.3900146484375,-0.004586781374170235,2026-09-15
SPY260915C00754000,2026-09-15 20:14:55+00:00,754.0,4.14,4.11,4.14,-3.17,-43.365253,14160.0,240.0,0.12708392456054687,True,REGULAR,USD,SPY,call,2026-09-15,0.0027397260273972603,4.125,0.062230406910279104,0.7562189485542314,8567478.686802754,757.3900146484375,-0.004586781374170235,2026-09-15
SPY260915C00755000,2026-09-15 20:14:37+00:00,755.0,3.12,3.11,3.15,-3.3000002,-51.401875,45907.0,413.0,0.10718666259765625,True,REGULAR,USD,SPY,call,2026-09-15,0.0027397260273972603,3.13,0.07908785187104635,0.7209551307109866,18736953.613121215,757.3900146484375,-0.004586781374170235,2026-09-15
SPY260915C00756000,2026-09-15 20:14:40+00:00,756.0,2.12,2.11,2.15,-3.44,-61.870502,179476.0,688.0,0.08497008789062502,True,REGULAR,USD,SPY,call,2026-09-15,0.0027397260273972603,2.13,0.10751073872380992,0.6699922187525625,42430625.54045445,757.3900146484375,-0.004586781374170235,2026-09-15
SPY260915C00757000,2026-09-15 20:14:42+00:00,757.0,1.13,1.12,1.15,-3.56,-75.90618,556146.0,1228.0,0.059579716796875,True,REGULAR,USD,SPY,call,2026-09-15,0.0027397260273972603,1.135,0.1654968435699071,0.5799894762242369,116580853.95274293,757.3900146484375,-0.004586781374170235,2026-09-15
SPY260915C00758000,2026-09-15 20:14:56+00:00,758.0,0.23,0.22,0.23,-3.67,-94.10256,811095.0,2411.0,0.029916927490234373,False,REGULAR,USD,SPY,call,2026-09-15,0.0027397260273972603,0.225,0.3048872614199172,0.3287593741840772,421672850.72537166,757.3900146484375,-0.004586781374170235,2026-09-15
SPY260915C00759000,2026-09-15 20:14:57+00:00,759.0,0.02,0.01,0.02,-3.15,-99.36908,543479.0,4133.0,0.024423818359375002,False,REGULAR,USD,SPY,call,2026-09-15,0.0027397260273972603,0.015,0.11926116321225114,0.057668150559316844,282750639.89654917,757.3900146484375,-0.004586781374170235,2026-09-15
SPY260915C00760000,2026-09-15 20:14:58+00:00,760.0,0.01,0.0,0.01,-2.48,-99.5984,549998.0,4763.0,0.032236240234375005,False,REGULAR,USD,SPY,call,2026-09-15,0.0027397260273972603,0.005,0.044575447631092946,0.024247683833632943,121791069.68274084,757.3900146484375,-0.004586781374170235,2026-09-15
SPY260915C00761000,2026-09-15 20:13:01+00:00,761.0,0.01,0.0,0.01,-1.89,-99.47369,237636.0,4451.0,0.0429783203125,False,REGULAR,USD,SPY,call,2026-09-15,0.0027397260273972603,0.005,0.027830192908913923,0.019513979655185486,71057996.98865691,757.3900146484375,-0.004586781374170235,2026-09-15
SPY260915C00762000,2026-09-15 20:12:38+00:00,762.0,0.01,0.0,0.01,-1.39,-99.28571,187543.0,7009.0,0.05274384765625,False,REGULAR,USD,SPY,call,2026-09-15,0.0027397260273972603,0.005,0.01863313099058971,0.015504105525361706,74917115.45175123,757.3900146484375,-0.004586781374170235,2026-09-15
SPY260915C00763000,2026-09-15 20:09:23+00:00,763.0,0.01,0.0,0.01,-0.96000004,-98.96907,100599.0,6363.0,0.062509375,False,REGULAR,USD,SPY,call,2026-09-15,0.0027397260273972603,0.005,0.01368550951660353,0.013197338241708238,49953053.93971362,757.3900146484375,-0.004586781374170235,2026-09-15
SPY260915C00764000,2026-09-15 20:11:08+00:00,764.0,0.01,0.0,0.01,-0.64,-98.46154,52004.0,8872.0,0.07227490234375,False,REGULAR,USD,SPY,call,2026-09-15,0.0027397260273972603,0.005,0.010682245353889515,0.011722930772450684,54365480.67100177,757.3900146484375,-0.004586781374170235,2026-09-15
SPY260915C00765000,2026-09-15 20:10:05+00:00,765.0,0.01,0.0,0.01,-0.42000002,-97.674416,42511.0,8622.0,0.08008732421875,False,REGULAR,USD,SPY,call,2026-09-15,0.0027397260273972603,0.005,0.007818923348922927,0.009219484332851068,38671776.61680472,757.3900146484375,-0.004586781374170235,2026-09-15
SPY260915C00766000,2026-09-15 20:12:01+00:00,766.0,0.01,0.0,0.01,-0.24999999,-96.15384,14704.0,5000.0,0.0898528515625,False,REGULAR,USD,SPY,call,2026-09-15,0.0027397260273972603,0.005,0.006628897334781193,0.008707497882715687,19012991.21432137,757.3900146484375,-0.004586781374170235,2026-09-15
SPY260915C00767000,2026-09-15 20:09:31+00:00,767.0,0.01,0.0,0.01,-0.14,-93.33333,7671.0,5286.0,0.09961837890625,False,REGULAR,USD,SPY,call,2026-09-15,0.0027397260273972603,0.005,0.005746576455673493,0.008322694145492346,17425108.79094012,757.3900146484375,-0.004586781374170235,2026-09-15
SPY260915C00768000,2026-09-15 20:04:27+00:00,768.0,0.01,0.0,0.01,-0.080000006,-88.88889,7827.0,6194.0,0.10938390625,False,REGULAR,USD,SPY,call,2026-09-15,0.0027397260273972603,0.005,0.005068911340379443,0.008025378746034113,18010470.004059304,757.3900146484375,-0.004586781374170235,2026-09-15
SPY260915C00769000,2026-09-15 20:09:49+00:00,769.0,0.01,0.0,0.01,-0.049999997,-83.333336,2661.0,2850.0,0.117196328125,False,REGULAR,USD,SPY,call,2026-09-15,0.0027397260273972603,0.005,0.004176572634075709,0.006966543719312992,6828165.655420919,757.3900146484375,-0.004586781374170235,2026-09-15
SPY260915C00770000,2026-09-15 19:49:08+00:00,770.0,0.01,0.0,0.01,-0.03,-75.0,5155.0,7691.0,0.12500875,False,REGULAR,USD,SPY,call,2026-09-15,0.0027397260273972603,0.005,0.003505901773449898,0.006148204105264885,15467556.308150912,757.3900146484375,-0.004586781374170235,2026-09-15
SPY260915C00771000,2026-09-15 19:54:10+00:00,771.0,0.01,0.0,0.01,-0.02,-66.66667,23260.0,2628.0,0.13477427734375003,False,REGULAR,USD,SPY,call,2026-09-15,0.0027397260273972603,0.005,0.0032349359515080472,0.006112079504171439,4876746.687379841,757.3900146484375,-0.004586781374170235,2026-09-15
SPY260915C00772000,2026-09-15 19:55:13+00:00,772.0,0.01,0.0,0.01,0.0,0.0,15358.0,5596.0,0.1445398046875,False,REGULAR,USD,SPY,call,2026-09-15,0.0027397260273972603,0.005,0.003004708707538685,0.006085409602030782,9645377.543155951,757.3900146484375,-0.004586781374170235,2026-09-15
SPY260915C00773000,2026-09-15 19:58:02+00:00,773.0,0.01,0.0,0.01,-0.01,-50.0,4309.0,2456.0,0.15235222656250003,False,REGULAR,USD,SPY,call,2026-09-15,0.0027397260273972603,0.005,0.0026203934349518804,0.005534376666623841,3691764.7219031253,757.3900146484375,-0.004586781374170235,2026-09-15
SPY260915C00774000,2026-09-15 19:23:55+00:00,774.0,0.01,0.0,0.01,0.0,0.0,6493.0,2687.0,0.1601646484375,False,REGULAR,USD,SPY,call,2026-09-15,0.0027397260273972603,0.005,0.0023092564245193506,0.00507884997938784,3559417.876130236,757.3900146484375,-0.004586781374170235,2026-09-15
SPY260915C00775000,2026-09-15 19:25:19+00:00,775.0,0.01,0.0,0.01,0.0,0.0,9707.0,3104.0,0.16797707031250003,False,REGULAR,USD,SPY,call,2026-09-15,0.0027397260273972603,0.005,0.0020539900404082994,0.004697743619543145,3657288.296783977,757.3900146484375,-0.004586781374170235,2026-09-15
SPY260915C00776000,2026-09-15 18:58:30+00:00,776.0,0.01,0.0,0.01,0.0,0.0,545.0,594.0,0.1757894921875,False,REGULAR,USD,SPY,call,2026-09-15,0.0027397260273972603,0.005,0.00184205001293052,0.004375498725165828,627663.7000813251,757.3900146484375,-0.004586781374170235,2026-09-15
SPY260915C00777000,2026-09-15 18:13:49+00:00,777.0,0.01,0.0,0.01,0.0,0.0,203.0,458.0,0.187508125,False,REGULAR,USD,SPY,call,2026-09-15,0.0027397260273972603,0.005,0.0018830412223367285,0.00482101300505289,494725.68178475584,757.3900146484375,-0.004586781374170235,2026-09-15
SPY260915C00778000,2026-09-15 18:05:20+00:00,778.0,0.01,0.0,0.01,0.0,0.0,9.0,236.0,0.195320546875,False,REGULAR,USD,SPY,call,2026-09-15,0.0027397260273972603,0.005,0.0017078104798730744,0.004523369750043282,231201.5958698623,757.3900146484375,-0.004586781374170235,2026-09-15
SPY260915C00779000,2026-09-15 14:01:00+00:00,779.0,0.01,0.0,0.01,0.0,0.0,52.0,204.0,0.20313296874999998,False,REGULAR,USD,SPY,call,2026-09-15,0.0027397260273972603,0.005,0.0015582073175155016,0.004265446277282489,182345.29305632235,757.3900146484375,-0.004586781374170235,2026-09-15
SPY260915C00780000,2026-09-15 15:33:31+00:00,780.0,0.01,0.0,0.01,0.0,0.0,237.0,3027.0,0.21094539062499998,False,REGULAR,USD,SPY,call,2026-09-15,0.0027397260273972603,0.005,0.001429469992772155,0.004040401298244589,2482141.949028234,757.3900146484375,-0.004586781374170235,2026-09-15
SPY260915C00781000,2026-09-15 14:26:52+00:00,781.0,0.02,0.0,0.01,0.01,100.0,7.0,397.0,0.21875781249999998,False,REGULAR,USD,SPY,call,2026-09-15,0.0027397260273972603,0.005,0.001317883505898668,0.0038428176750215856,300128.1143066931,757.3900146484375,-0.004586781374170235,2026-09-15
SPY260915C00782000,2026-09-15 13:46:35+00:00,782.0,0.01,0.0,0.01,0.0,0.0,2.0,230.0,0.22657023437499998,False,REGULAR,USD,SPY,call,2026-09-15,0.0027397260273972603,0.005,0.001220518018877227,0.0036683609862573057,161031.6272981745,757.3900146484375,-0.004586781374170235,2026-09-15
SPY260915C00783000,2026-09-15 18:30:28+00:00,783.0,0.01,0.0,0.01,0.0,0.0,1.0,294.0,0.23438265625,False,REGULAR,USD,SPY,call,2026-09-15,0.0027397260273972603,0.005,0.0011350397174986803,0.003513529629972433,191424.50792418676,757.3900146484375,-0.004586781374170235,2026-09-15
SPY260915C00784000,2026-09-15 13:48:34+00:00,784.0,0.01,0.0,0.01,0.0,0.0,1.0,31.0,0.242195078125,False,REGULAR,USD,SPY,call,2026-09-15,0.0027397260273972603,0.005,0.001059572273183689,0.003375469566415101,18842.1921900528,757.3900146484375,-0.004586781374170235,2026-09-15
SPY260915C00785000,2026-09-15 19:47:04+00:00,785.0,0.01,0.0,0.01,0.0,0.0,2.0,1092.0,0.2500075,False,REGULAR,USD,SPY,call,2026-09-15,0.0027397260273972603,0.005,0.000992594139332335,0.003251835341162623,621775.3422799077,757.3900146484375,-0.004586781374170235,2026-09-15
SPY260915C00786000,2026-09-11 20:07:29+00:00,786.0,0.01,0.0,0.01,0.0,0.0,0.0,273.0,0.257819921875,False,REGULAR,USD,SPY,call,2026-09-15,0.0027397260273972603,0.005,0.0009328615546720851,0.0031406846707849544,146089.49657061193,757.3900146484375,-0.004586781374170235,2026-09-15
SPY260915C00787000,2026-09-15 14:30:37+00:00,787.0,0.01,0.0,0.01,0.0,0.0,10.0,24.0,0.26563234375,False,REGULAR,USD,SPY,call,2026-09-15,0.0027397260273972603,0.005,0.0008793502116076974,0.00304039766036853,12106.323211169645,757.3900146484375,-0.004586781374170235,2026-09-15
SPY260915C00788000,2026-09-14 19:18:30+00:00,788.0,0.01,,0.01,0.0,0.0,58.0,1058.0,0.273444765625,False,REGULAR,USD,SPY,call,2026-09-15,0.0027397260273972603,0.01,0.0008312106300842167,0.0029496143010243675,504470.65284658136,757.3900146484375,-0.004586781374170235,2026-09-15
SPY260915C00789000,2026-09-14 14:24:23+00:00,789.0,0.01,,0.01,0.0,0.0,24.0,540.0,0.28125718749999995,False,REGULAR,USD,SPY,call,2026-09-15,0.0027397260273972603,0.01,0.0007877337020404313,0.00286718567547935,244012.64728808845,757.3900146484375,-0.004586781374170235,2026-09-15
SPY260915C00790000,2026-09-15 15:50:48+00:00,790.0,0.01,0.0,0.01,0.0,0.0,7.0,2979.0,0.2890696093749999,False,REGULAR,USD,SPY,call,2026-09-15,0.0027397260273972603,0.005,0.0007483238584081358,0.002792135544070211,1278790.0406874802,757.3900146484375,-0.004586781374170235,2026-09-15
SPY260915C00791000,2026-09-11 14:56:41+00:00,791.0,0.01,,0.01,0.0,0.0,0.0,240.0,0.29688203124999996,False,REGULAR,USD,SPY,call,2026-09-15,0.0027397260273972603,0.01,0.0007124780024467392,0.0027236298635559203,98089.34898302855,757.3900146484375,-0.004586781374170235,2026-09-15
SPY260915C00792000,2026-09-11 17:20:21+00:00,792.0,0.01,,0.01,0.0,0.0,0.0,100.0,0.304694453125,False,REGULAR,USD,SPY,call,2026-09-15,0.0027397260273972603,0.01,0.0006797688436583526,0.0026609524206777754,38994.23508773428,757.3900146484375,-0.004586781374170235,2026-09-15
SPY260915C00795000,2026-09-11 15:25:10+00:00,795.0,0.01,0.0,0.01,0.0,0.0,21.0,2661.0,0.32813171874999997,False,REGULAR,USD,SPY,call,2026-09-15,0.0027397260273972603,0.005,0.000597064669867438,0.002502108185097149,911392.3905523659,757.3900146484375,-0.004586781374170235,2026-09-15
SPY260915C00797000,2026-09-11 14:04:12+00:00,797.0,0.01,,0.01,0.0,0.0,0.0,18.0,0.3437565625,False,REGULAR,USD,SPY,call,2026-09-15,0.0027397260273972603,0.01,0.0005521526237434135,0.0024159837887709596,5701.259324807497,757.3900146484375,-0.004586781374170235,2026-09-15
SPY260915C00798000,2026-09-11 14:25:49+00:00,798.0,0.01,,0.01,0.0,0.0,0.0,1.0,0.35156898437499995,False,REGULAR,USD,SPY,call,2026-09-15,0.0027397260273972603,0.01,0.000532149694404553,0.002377771256355197,305.26215608531624,757.3900146484375,-0.004586781374170235,2026-09-15
SPY260915C00800000,2026-09-14 18:01:45+00:00,800.0,0.01,0.0,0.01,0.0,0.0,1.0,436.0,0.367193828125,False,REGULAR,USD,SPY,call,2026-09-15,0.0027397260273972603,0.005,0.0004962724464337775,0.002309649096736826,124121.15348050575,757.3900146484375,-0.004586781374170235,2026-09-15
SPY260915C00802000,2026-09-11 13:40:23+00:00,802.0,0.01,,0.01,0.0,0.0,0.0,241.0,0.38281867187499996,False,REGULAR,USD,SPY,call,2026-09-15,0.0027397260273972603,0.01,0.00046507115799109737,0.0022510857561661673,64294.76300621631,757.3900146484375,-0.004586781374170235,2026-09-15
SPY260915C00805000,2026-09-11 13:31:31+00:00,805.0,0.01,0.0,0.01,0.0,0.0,1.0,117.0,0.4062559375,False,REGULAR,USD,SPY,call,2026-09-15,0.0027397260273972603,0.005,0.0004253243979863802,0.0021779890932745734,28546.003057474238,757.3900146484375,-0.004586781374170235,2026-09-15
SPY260915C00806000,2026-09-10 15:15:49+00:00,806.0,0.01,,0.01,0.0,0.0,0.0,120.0,0.414068359375,False,REGULAR,USD,SPY,call,2026-09-15,0.0027397260273972603,0.01,0.0004136473584468394,0.002156973149772649,28474.142330894658,757.3900146484375,-0.004586781374170235,2026-09-15
SPY260915C00807000,2026-09-10 15:41:07+00:00,807.0,0.02,,0.01,0.0,0.0,0.0,697.0,0.42188078125,False,REGULAR,USD,SPY,call,2026-09-15,0.0027397260273972603,0.02,0.00040265049130410596,0.0021374298825285586,160990.46756289253,757.3900146484375,-0.004586781374170235,2026-09-15
SPY260915C00808000,2026-09-10 15:41:05+00:00,808.0,0.01,,0.01,0.0,0.0,0.0,826.0,0.42969320312500003,False,REGULAR,USD,SPY,call,2026-09-15,0.0027397260273972603,0.01,0.00039227993869741926,0.0021192551695815706,185872.5667935969,757.3900146484375,-0.004586781374170235,2026-09-15
SPY260915C00809000,2026-09-10 17:58:00+00:00,809.0,0.01,,0.01,0.0,0.0,0.0,317.0,0.437505625,False,REGULAR,USD,SPY,call,2026-09-15,0.0027397260273972603,0.01,0.0003824871730843765,0.0021023545148433306,69552.90726202803,757.3900146484375,-0.004586781374170235,2026-09-15
SPY260915C00810000,2026-09-15 13:31:16+00:00,810.0,0.01,0.0,0.01,0.0,0.0,1.0,505.0,0.445318046875,False,REGULAR,USD,SPY,call,2026-09-15,0.0027397260273972603,0.005,0.00037322837174688954,0.0020866419802044373,108119.78627098836,757.3900146484375,-0.004586781374170235,2026-09-15
SPY260915C00815000,2026-09-08 15:54:34+00:00,815.0,0.01,0.0,0.01,0.0,0.0,1.0,11.0,0.476567734375,False,REGULAR,USD,SPY,call,2026-09-15,0.0027397260273972603,0.005,0.0002954994084631681,0.001738806851836839,1864.6118986382246,757.3900146484375,-0.004586781374170235,2026-09-15
SPY260915C00820000,2026-09-08 13:35:47+00:00,820.0,0.02,,0.01,0.0,0.0,0.0,1.0,0.51562984375,False,REGULAR,USD,SPY,call,2026-09-15,0.0027397260273972603,0.02,0.00027050050458275445,0.0017205373937322639,155.16981052388462,757.3900146484375,-0.004586781374170235,2026-09-15
SPY260915C00825000,2026-09-11 13:59:58+00:00,825.0,0.04,0.0,0.01,0.0,0.0,1.0,16.0,0.51562984375,False,REGULAR,USD,SPY,call,2026-09-15,0.0027397260273972603,0.005,0.0001364573634322284,0.0008148047278571746,1252.4376328852247,757.3900146484375,-0.004586781374170235,2026-09-15
SPY260915C00835000,2026-09-08 18:06:52+00:00,835.0,0.01,0.0,0.01,0.0,0.0,13.0,38.0,0.5937540625000001,False,REGULAR,USD,SPY,call,2026-09-15,0.0027397260273972603,0.005,0.00013046980423730674,0.0009046580693301065,2844.020729961746,757.3900146484375,-0.004586781374170235,2026-09-15
SPY260915C00840000,2026-09-14 19:59:08+00:00,840.0,0.01,,0.01,0.0,0.0,1.0,11.0,0.6562534375000001,False,REGULAR,USD,SPY,call,2026-09-15,0.0027397260273972603,0.01,0.00017373533192699053,0.001379294917661239,1096.2761949667522,757.3900146484375,-0.004586781374170235,2026-09-15
SPY260915P00580000,2026-09-10 19:40:34+00:00,580.0,0.01,,0.01,0.0,0.0,0.0,20.0,1.5937520312499998,False,REGULAR,USD,SPY,put,2026-09-15,0.0027397260273972603,0.01,3.2973106869876715e-05,-0.0005937418287813578,-378.2936193242696,757.3900146484375,-0.004586781374170235,2026-09-15
SPY260915P00595000,2026-09-10 13:44:04+00:00,595.0,0.01,,0.01,0.0,0.0,0.0,20.0,1.4375028125,False,REGULAR,USD,SPY,put,2026-09-15,0.0027397260273972603,0.01,3.603851847832631e-05,-0.0005846317537037127,-413.46245120460503,757.3900146484375,-0.004586781374170235,2026-09-15
SPY260915P00600000,2026-09-14 13:42:48+00:00,600.0,0.01,,0.01,0.0,0.0,15.0,123.0,1.40625296875,False,REGULAR,USD,SPY,put,2026-09-15,0.0027397260273972603,0.01,4.2346466052010736e-05,-0.0006798546416362239,-2987.868189840195,757.3900146484375,-0.004586781374170235,2026-09-15
SPY260915P00605000,2026-09-15 17:50:22+00:00,605.0,0.01,,0.01,-0.01,-50.0,211.0,5.0,1.3437532812499997,False,REGULAR,USD,SPY,put,2026-09-15,0.0027397260273972603,0.01,4.054550990095919e-05,-0.0006174110248661213,-116.29255735826881,757.3900146484375,-0.004586781374170235,2026-09-15
SPY260915P00630000,2026-09-11 19:57:32+00:00,630.0,0.01,0.0,0.01,0.0,0.0,0.0,5.0,1.0625046875000002,False,REGULAR,USD,SPY,put,2026-09-15,0.0027397260273972603,0.005,3.567279642706293e-05,-0.00041716819226067514,-102.31664948246024,757.3900146484375,-0.004586781374170235,2026-09-15
SPY260915P00635000,2026-09-10 16:53:01+00:00,635.0,0.03,0.0,0.01,0.0,0.0,0.0,10.0,1.0312548437500002,False,REGULAR,USD,SPY,put,2026-09-15,0.0027397260273972603,0.005,4.2936727401500473e-05,-0.0004933717873233379,-246.30208604170102,757.3900146484375,-0.004586781374170235,2026-09-15
SPY260915P00640000,2026-09-11 18:56:22+00:00,640.0,0.01,0.0,0.01,0.0,0.0,0.0,40.0,0.9687503125,False,REGULAR,USD,SPY,put,2026-09-15,0.0027397260273972603,0.005,3.813931691828438e-05,-0.000405849268922176,-875.1289523617218,757.3900146484375,-0.004586781374170235,2026-09-15
SPY260915P00645000,2026-09-11 17:24:39+00:00,645.0,0.01,0.0,0.01,0.0,0.0,0.0,119.0,0.937500625,False,REGULAR,USD,SPY,put,2026-09-15,0.0027397260273972603,0.005,4.632565161405261e-05,-0.00048317136422193485,-3162.3333521609707,757.3900146484375,-0.004586781374170235,2026-09-15
SPY260915P00650000,2026-09-11 14:28:01+00:00,650.0,0.01,0.0,0.01,0.0,0.0,0.0,112.0,0.9062509375,False,REGULAR,USD,SPY,put,2026-09-15,0.0027397260273972603,0.005,5.657078099084858e-05,-0.0005780631147048743,-3634.5391173327675,757.3900146484375,-0.004586781374170235,2026-09-15
SPY260915P00655000,2026-09-11 13:31:36+00:00,655.0,0.01,0.0,0.01,0.0,0.0,0.0,24.0,0.8437515624999999,False,REGULAR,USD,SPY,put,2026-09-15,0.0027397260273972603,0.005,4.928427463160473e-05,-0.0004610319827355047,-678.5139186211267,757.3900146484375,-0.004586781374170235,2026-09-15
SPY260915P00665000,2026-09-15 13:30:01+00:00,665.0,0.01,0.0,0.01,0.0,0.0,1.0,283.0,0.7812521875,False,REGULAR,USD,SPY,put,2026-09-15,0.0027397260273972603,0.005,7.589527803133476e-05,-0.0006766807753386672,-12320.840688169832,757.3900146484375,-0.004586781374170235,2026-09-15
SPY260915P00670000,2026-09-14 20:14:54+00:00,670.0,0.02,0.0,0.01,0.0,0.0,349.0,7948.0,0.73437765625,False,REGULAR,USD,SPY,put,2026-09-15,0.0027397260273972603,0.005,7.891344072859774e-05,-0.0006601078562430418,-359789.08862185443,757.3900146484375,-0.004586781374170235,2026-09-15
SPY260915P00675000,2026-09-14 18:28:29+00:00,675.0,0.02,0.0,0.01,0.0,0.0,66.0,5924.0,0.6875031250000001,False,REGULAR,USD,SPY,put,2026-09-15,0.0027397260273972603,0.005,8.16732711873205e-05,-0.000637902058733264,-277545.4745590166,757.3900146484375,-0.004586781374170235,2026-09-15
SPY260915P00680000,2026-09-14 16:22:10+00:00,680.0,0.01,0.0,0.01,0.0,0.0,208.0,2199.0,0.6562534375000001,False,REGULAR,USD,SPY,put,2026-09-15,0.0027397260273972603,0.005,0.00010464953607423849,-0.0007936296140830246,-132008.43640314206,757.3900146484375,-0.004586781374170235,2026-09-15
SPY260915P00685000,2026-09-15 13:30:00+00:00,685.0,0.01,0.0,0.01,-0.01,-50.0,3.0,70.0,0.6093789062500001,False,REGULAR,USD,SPY,put,2026-09-15,0.0027397260273972603,0.005,0.00010894595026534747,-0.0007649672994072265,-4374.700054724929,757.3900146484375,-0.004586781374170235,2026-09-15
SPY260915P00690000,2026-09-15 15:00:34+00:00,690.0,0.01,0.0,0.01,-0.01,-50.0,1.0,226.0,0.5625043750000001,False,REGULAR,USD,SPY,put,2026-09-15,0.0027397260273972603,0.005,0.00011271037394637575,-0.0007276559745459377,-14612.061118209731,757.3900146484375,-0.004586781374170235,2026-09-15
SPY260915P00695000,2026-09-15 14:29:00+00:00,695.0,0.01,0.0,0.01,-0.01,-50.0,20.0,2547.0,0.5312546875,False,REGULAR,USD,SPY,put,2026-09-15,0.0027397260273972603,0.005,0.00015066591166332472,-0.0009374335159458846,-220131.95927390177,757.3900146484375,-0.004586781374170235,2026-09-15
SPY260915P00700000,2026-09-15 14:29:21+00:00,700.0,0.01,0.0,0.01,-0.02,-66.66667,22.0,6042.0,0.51562984375,False,REGULAR,USD,SPY,put,2026-09-15,0.0027397260273972603,0.005,0.0002612726037743856,-0.0016561844503062417,-905552.7307504058,757.3900146484375,-0.004586781374170235,2026-09-15
SPY260915P00705000,2026-09-15 14:29:51+00:00,705.0,0.01,0.0,0.01,-0.01,-50.0,20.0,1296.0,0.4687553125,False,REGULAR,USD,SPY,put,2026-09-15,0.0027397260273972603,0.005,0.0002865159596612285,-0.0016505965811522971,-213006.55577222514,757.3900146484375,-0.004586781374170235,2026-09-15
SPY260915P00710000,2026-09-15 15:40:35+00:00,710.0,0.01,0.0,0.01,-0.01,-50.0,27.0,2723.0,0.42969320312500003,False,REGULAR,USD,SPY,put,2026-09-15,0.0027397260273972603,0.005,0.00036079456442590245,-0.0019326496656899561,-563568.5868009256,757.3900146484375,-0.004586781374170235,2026-09-15
SPY260915P00715000,2026-09-15 20:11:01+00:00,715.0,0.01,0.0,0.01,-0.02,-66.66667,55.0,737.0,0.39063109375,False,REGULAR,USD,SPY,put,2026-09-15,0.0027397260273972603,0.005,0.00046646063967495925,-0.0023094510575880633,-197206.68902527896,757.3900146484375,-0.004586781374170235,2026-09-15
SPY260915P00718000,2026-09-15 16:54:00+00:00,718.0,0.01,0.0,0.01,-0.02,-66.66667,110.0,1875.0,0.35938140625,False,REGULAR,USD,SPY,put,2026-09-15,0.0027397260273972603,0.005,0.0004762710613379476,-0.0021553715051758626,-512264.9202157698,757.3900146484375,-0.004586781374170235,2026-09-15
SPY260915P00719000,2026-09-15 15:40:35+00:00,719.0,0.01,0.0,0.01,-0.02,-66.66667,20.0,80.0,0.35156898437499995,False,REGULAR,USD,SPY,put,2026-09-15,0.0027397260273972603,0.005,0.0005046651695113837,-0.002242528451465553,-23159.675462158983,757.3900146484375,-0.004586781374170235,2026-09-15
SPY260915P00720000,2026-09-15 18:08:36+00:00,720.0,0.01,0.0,0.01,-0.03,-75.0,522.0,19970.0,0.3437565625,False,REGULAR,USD,SPY,put,2026-09-15,0.0027397260273972603,0.005,0.0005356225423256751,-0.0023361972983309,-6135868.75635571,757.3900146484375,-0.004586781374170235,2026-09-15
SPY260915P00721000,2026-09-15 18:30:28+00:00,721.0,0.01,0.0,0.01,-0.03,-75.0,1.0,22309.0,0.335944140625,False,REGULAR,USD,SPY,put,2026-09-15,0.0027397260273972603,0.005,0.0005694585852764726,-0.0024370986909667547,-7287547.501729658,757.3900146484375,-0.004586781374170235,2026-09-15
SPY260915P00722000,2026-09-15 19:43:46+00:00,722.0,0.01,0.0,0.01,-0.04,-80.00001,75.0,2491.0,0.32813171874999997,False,REGULAR,USD,SPY,put,2026-09-15,0.0027397260273972603,0.005,0.0006065379781864077,-0.002546057601049645,-866704.1519574401,757.3900146484375,-0.004586781374170235,2026-09-15
SPY260915P00723000,2026-09-15 14:23:20+00:00,723.0,0.01,0.0,0.01,-0.03,-75.0,701.0,805.0,0.32031929687499994,False,REGULAR,USD,SPY,put,2026-09-15,0.0027397260273972603,0.005,0.0006472840390932827,-0.002664022010365308,-298902.76247067837,757.3900146484375,-0.004586781374170235,2026-09-15
SPY260915P00724000,2026-09-15 20:03:03+00:00,724.0,0.01,0.0,0.01,-0.03,-75.0,694.0,1796.0,0.31250687499999996,False,REGULAR,USD,SPY,put,2026-09-15,0.0027397260273972603,0.005,0.0006921901928624853,-0.0027920855990085647,-713133.6414495545,757.3900146484375,-0.004586781374170235,2026-09-15
SPY260915P00725000,2026-09-15 14:40:34+00:00,725.0,0.01,0.0,0.01,-0.03,-75.0,124.0,1196.0,0.304694453125,False,REGULAR,USD,SPY,put,2026-09-15,0.0027397260273972603,0.005,0.0007418340930640769,-0.002931515442405108,-508952.3436668157,757.3900146484375,-0.004586781374170235,2026-09-15
SPY260915P00726000,2026-09-15 13:33:27+00:00,726.0,0.01,0.0,0.01,-0.04,-80.00001,105.0,16496.0,0.2929758203124999,False,REGULAR,USD,SPY,put,2026-09-15,0.0027397260273972603,0.005,0.0007306004306760234,-0.002759692846500794,-6913496.098308745,757.3900146484375,-0.004586781374170235,2026-09-15
SPY260915P00727000,2026-09-15 19:36:03+00:00,727.0,0.01,0.0,0.01,-0.04,-80.00001,149.0,29180.0,0.28516339843749994,False,REGULAR,USD,SPY,put,2026-09-15,0.0027397260273972603,0.005,0.0007859091853376082,-0.002903903307454936,-13155180.23056425,757.3900146484375,-0.004586781374170235,2026-09-15
SPY260915P00728000,2026-09-15 16:23:52+00:00,728.0,0.01,0.0,0.01,-0.03,-75.0,486.0,1126.0,0.273444765625,False,REGULAR,USD,SPY,put,2026-09-15,0.0027397260273972603,0.005,0.0007721106685085629,-0.002718034917929213,-498720.3549847765,757.3900146484375,-0.004586781374170235,2026-09-15
SPY260915P00729000,2026-09-15 17:51:24+00:00,729.0,0.01,0.0,0.01,-0.04,-80.00001,4388.0,1595.0,0.26563234375,False,REGULAR,USD,SPY,put,2026-09-15,0.0027397260273972603,0.005,0.0008340399361338075,-0.002867073995597935,-763109.1904944314,757.3900146484375,-0.004586781374170235,2026-09-15
SPY260915P00730000,2026-09-15 19:55:00+00:00,730.0,0.01,0.0,0.01,-0.04,-80.00001,21432.0,19303.0,0.257819921875,False,REGULAR,USD,SPY,put,2026-09-15,0.0027397260273972603,0.005,0.0009036773484896211,-0.0030317600793521304,-10006388.428898707,757.3900146484375,-0.004586781374170235,2026-09-15
SPY260915P00731000,2026-09-15 17:31:29+00:00,731.0,0.01,0.0,0.01,-0.04,-80.00001,6639.0,18305.0,0.2500075,False,REGULAR,USD,SPY,put,2026-09-15,0.0027397260273972603,0.005,0.0009823389137641907,-0.0032145103087524163,-10315023.737562735,757.3900146484375,-0.004586781374170235,2026-09-15
SPY260915P00732000,2026-09-15 16:58:57+00:00,732.0,0.01,0.0,0.01,-0.04,-80.00001,7569.0,6051.0,0.242195078125,False,REGULAR,USD,SPY,put,2026-09-15,0.0027397260273972603,0.005,0.001071627565879016,-0.0034182318783346766,-3719719.400204367,757.3900146484375,-0.004586781374170235,2026-09-15
SPY260915P00733000,2026-09-15 19:45:06+00:00,733.0,0.01,0.0,0.01,-0.049999997,-83.333336,2755.0,1432.0,0.23438265625,False,REGULAR,USD,SPY,put,2026-09-15,0.0027397260273972603,0.005,0.0011735097745182589,-0.003646445761731676,-963981.9000176338,757.3900146484375,-0.004586781374170235,2026-09-15
SPY260915P00734000,2026-09-15 17:02:03+00:00,734.0,0.02,0.0,0.01,-0.030000001,-60.0,7571.0,5103.0,0.22266402343749997,False,REGULAR,USD,SPY,put,2026-09-15,0.0027397260273972603,0.005,0.0011591287824885125,-0.0033970361277066985,-3393098.0421244674,757.3900146484375,-0.004586781374170235,2026-09-15
SPY260915P00735000,2026-09-15 19:49:47+00:00,735.0,0.01,0.0,0.01,-0.049999997,-83.333336,4330.0,3541.0,0.2148516015625,False,REGULAR,USD,SPY,put,2026-09-15,0.0027397260273972603,0.005,0.0012782982916175098,-0.0036404491865408284,-2596553.560950897,757.3900146484375,-0.004586781374170235,2026-09-15
SPY260915P00736000,2026-09-15 17:00:06+00:00,736.0,0.01,0.0,0.01,-0.049999997,-83.333336,146.0,1647.0,0.20703917968749996,False,REGULAR,USD,SPY,put,2026-09-15,0.0027397260273972603,0.005,0.0014166787788282321,-0.00391742979041565,-1338456.1200874217,757.3900146484375,-0.004586781374170235,2026-09-15
SPY260915P00737000,2026-09-15 18:02:47+00:00,737.0,0.01,0.0,0.01,-0.04,-80.00001,1359.0,541.0,0.1992267578125,False,REGULAR,USD,SPY,put,2026-09-15,0.0027397260273972603,0.005,0.0015785312496314474,-0.004234749886800948,-489879.8760151538,757.3900146484375,-0.004586781374170235,2026-09-15
SPY260915P00738000,2026-09-15 19:07:08+00:00,738.0,0.01,0.0,0.01,-0.060000002,-85.71429,2662.0,1543.0,0.187508125,False,REGULAR,USD,SPY,put,2026-09-15,0.0027397260273972603,0.005,0.0015667240355011814,-0.003924370148503553,-1386748.109253951,757.3900146484375,-0.004586781374170235,2026-09-15
SPY260915P00739000,2026-09-15 19:35:17+00:00,739.0,0.01,0.0,0.01,-0.060000002,-85.71429,1948.0,787.0,0.179695703125,False,REGULAR,USD,SPY,put,2026-09-15,0.0027397260273972603,0.005,0.0017642059748739106,-0.004272937170018087,-796458.536076851,757.3900146484375,-0.004586781374170235,2026-09-15
SPY260915P00740000,2026-09-15 19:54:10+00:00,740.0,0.01,0.0,0.01,-0.060000002,-85.71429,1525.0,2230.0,0.17188328125000002,False,REGULAR,USD,SPY,put,2026-09-15,0.0027397260273972603,0.005,0.002001118336042552,-0.004681500430006702,-2559863.362718625,757.3900146484375,-0.004586781374170235,2026-09-15
SPY260915P00741000,2026-09-15 19:45:20+00:00,741.0,0.01,0.0,0.01,-0.07,-87.5,3564.0,1396.0,0.16211775390625,False,REGULAR,USD,SPY,put,2026-09-15,0.0027397260273972603,0.005,0.0021390529828282864,-0.00472454437257086,-1712955.6168294793,757.3900146484375,-0.004586781374170235,2026-09-15
SPY260915P00742000,2026-09-15 19:49:21+00:00,742.0,0.01,0.0,0.01,-0.080000006,-88.88889,3197.0,16025.0,0.15235222656250003,False,REGULAR,USD,SPY,put,2026-09-15,0.0027397260273972603,0.005,0.0022956435720329015,-0.0047699078240126536,-21102876.029385425,757.3900146484375,-0.004586781374170235,2026-09-15
SPY260915P00743000,2026-09-15 19:49:25+00:00,743.0,0.01,0.0,0.01,-0.07,-87.5,5537.0,1867.0,0.1445398046875,False,REGULAR,USD,SPY,put,2026-09-15,0.0027397260273972603,0.005,0.002670552583675158,-0.005328592062924353,-2860122.2855080115,757.3900146484375,-0.004586781374170235,2026-09-15
SPY260915P00744000,2026-09-15 19:56:01+00:00,744.0,0.01,0.0,0.01,-0.09,-90.0,5318.0,1688.0,0.13477427734375003,False,REGULAR,USD,SPY,put,2026-09-15,0.0027397260273972603,0.005,0.002909331250916723,-0.005423430259305362,-2817116.2225855985,757.3900146484375,-0.004586781374170235,2026-09-15
SPY260915P00745000,2026-09-15 20:01:17+00:00,745.0,0.01,0.0,0.01,-0.1,-90.90909,4953.0,4821.0,0.12500875,False,REGULAR,USD,SPY,put,2026-09-15,0.0027397260273972603,0.005,0.0031912910433433746,-0.0055299534957306,-8825568.601233369,757.3900146484375,-0.004586781374170235,2026-09-15
SPY260915P00746000,2026-09-15 20:09:39+00:00,746.0,0.01,0.0,0.01,-0.11,-91.66667,3418.0,1600.0,0.117196328125,False,REGULAR,USD,SPY,put,2026-09-15,0.0027397260273972603,0.005,0.0038576053331447102,-0.006367732957706429,-3540600.500059274,757.3900146484375,-0.004586781374170235,2026-09-15
SPY260915P00747000,2026-09-15 20:10:23+00:00,747.0,0.01,0.0,0.01,-0.11,-91.66667,15138.0,2889.0,0.10743080078125,False,REGULAR,USD,SPY,put,2026-09-15,0.0027397260273972603,0.005,0.004339075691351567,-0.006591935652771608,-7190911.075225568,757.3900146484375,-0.004586781374170235,2026-09-15
SPY260915P00748000,2026-09-15 20:13:38+00:00,748.0,0.01,0.0,0.01,-0.14,-93.33333,5232.0,5015.0,0.0976652734375,False,REGULAR,USD,SPY,put,2026-09-15,0.0027397260273972603,0.005,0.004945632379632784,-0.006862470639486085,-14227608.909149619,757.3900146484375,-0.004586781374170235,2026-09-15
SPY260915P00749000,2026-09-15 20:13:32+00:00,749.0,0.01,0.0,0.01,-0.16,-94.117645,15118.0,2839.0,0.0898528515625,False,REGULAR,USD,SPY,put,2026-09-15,0.0027397260273972603,0.005,0.0063755629218954415,-0.008329281999985172,-10383005.37986341,757.3900146484375,-0.004586781374170235,2026-09-15
SPY260915P00750000,2026-09-15 20:13:12+00:00,750.0,0.01,0.0,0.01,-0.17999999,-94.73685,80993.0,11473.0,0.08008732421875,False,REGULAR,USD,SPY,put,2026-09-15,0.0027397260273972603,0.005,0.007625854718512437,-0.008959960509200449,-50188552.58868156,757.3900146484375,-0.004586781374170235,2026-09-15
SPY260915P00751000,2026-09-15 20:13:38+00:00,751.0,0.01,0.0,0.01,-0.22,-95.652176,64046.0,3638.0,0.07032179687500001,False,REGULAR,USD,SPY,put,2026-09-15,0.0027397260273972603,0.005,0.00940302601100704,-0.009811881582744264,-19623184.28707824,757.3900146484375,-0.004586781374170235,2026-09-15
SPY260915P00752000,2026-09-15 20:13:02+00:00,752.0,0.01,0.0,0.01,-0.27,-96.42858,119152.0,2977.0,0.060556269531250005,False,REGULAR,USD,SPY,put,2026-09-15,0.0027397260273972603,0.005,0.012090171269229517,-0.011028056616510185,-20646690.043338798,757.3900146484375,-0.004586781374170235,2026-09-15
SPY260915P00753000,2026-09-15 20:11:31+00:00,753.0,0.01,0.0,0.01,-0.32000002,-96.9697,199050.0,6336.0,0.0507907421875,False,REGULAR,USD,SPY,put,2026-09-15,0.0027397260273972603,0.005,0.01651656410798997,-0.012901819080951116,-60030785.51471763,757.3900146484375,-0.004586781374170235,2026-09-15
SPY260915P00754000,2026-09-15 20:14:53+00:00,754.0,0.01,0.0,0.01,-0.4,-97.560974,194481.0,4123.0,0.04102521484375,False,REGULAR,USD,SPY,put,2026-09-15,0.0027397260273972603,0.005,0.024782829043124805,-0.01613016614239382,-58614270.7534363,757.3900146484375,-0.004586781374170235,2026-09-15
SPY260915P00755000,2026-09-15 20:14:43+00:00,755.0,0.01,0.01,0.02,-0.5,-98.039215,378728.0,14480.0,0.0337010693359375,False,REGULAR,USD,SPY,put,2026-09-15,0.0027397260273972603,0.015,0.053469309939176396,-0.03181765536518899,-444132230.98045826,757.3900146484375,-0.004586781374170235,2026-09-15
SPY260915P00756000,2026-09-15 20:14:57+00:00,756.0,0.01,0.01,0.02,-0.61,-98.38709,581473.0,4146.0,0.021982436523437503,False,REGULAR,USD,SPY,put,2026-09-15,0.0027397260273972603,0.015,0.10933584324765298,-0.04529244274970634,-260034521.01887348,757.3900146484375,-0.004586781374170235,2026-09-15
SPY260915P00757000,2026-09-15 20:14:59+00:00,757.0,0.01,0.01,0.02,-0.78000003,-98.73418,846932.0,4502.0,0.008310698242187501,False,REGULAR,USD,SPY,put,2026-09-15,0.0027397260273972603,0.015,0.4316966200944645,-0.07546871394350951,-1114867587.3193982,757.3900146484375,-0.004586781374170235,2026-09-15
SPY260915P00797000,2026-09-14 17:48:38+00:00,797.0,34.24,37.36,40.98,0.0,0.0,38.0,0.0,0.7468287036132812,True,REGULAR,USD,SPY,put,2026-09-15,0.0027397260273972603,39.17,0.005926465461142318,-0.9000261963094927,-0.0,757.3900146484375,-0.004586781374170235,2026-09-15
SPY260915P00798000,2026-09-14 18:24:33+00:00,798.0,35.79,38.31,41.98,0.0,0.0,36.0,0.0,0.7602563037109377,True,REGULAR,USD,SPY,put,2026-09-15,0.0027397260273972603,40.144999999999996,0.005760906573053483,-0.9014533916550627,-0.0,757.3900146484375,-0.004586781374170235,2026-09-15
SPY260915P00800000,2026-09-15 19:52:28+00:00,800.0,43.4,40.49,43.98,7.7700005,21.807467,13.0,3.0,0.7866232275390624,True,REGULAR,USD,SPY,put,2026-09-15,0.0027397260273972603,42.235,0.00545194000268116,-0.9042371916186264,-9382.346607913394,757.3900146484375,-0.004586781374170235,2026-09-15
SPY260915P00803000,2026-09-15 19:02:08+00:00,803.0,45.65,44.4,46.98,1.2000008,2.699664,145.0,0.0,0.825929475097656,True,REGULAR,USD,SPY,put,2026-09-15,0.0027397260273972603,45.69,0.005041399093597032,-0.9079926651307474,-0.0,757.3900146484375,-0.004586781374170235,2026-09-15
SPY260915P00805000,2026-09-09 13:43:09+00:00,805.0,41.21,45.7,48.98,0.0,0.0,0.0,0.0,0.851563984375,True,REGULAR,USD,SPY,put,2026-09-15,0.0027397260273972603,47.34,0.00479587278660045,-0.9103625082723389,-0.0,757.3900146484375,-0.004586781374170235,2026-09-15
SPY260915P00810000,2026-09-15 18:51:45+00:00,810.0,52.93,50.75,53.98,0.72999954,1.3984666,4.0,1.0,0.9152840502929689,True,REGULAR,USD,SPY,put,2026-09-15,0.0027397260273972603,52.364999999999995,0.00426899019678508,-0.9155151895282021,-2448.8619752678037,757.3900146484375,-0.004586781374170235,2026-09-15
SPY260915P00815000,2026-09-15 16:17:02+00:00,815.0,58.12,56.4,58.72,1.9699974,3.5084548,2.0,0.0,0.9309088940429688,True,REGULAR,USD,SPY,put,2026-09-15,0.0027397260273972603,57.56,0.00362682861313429,-0.9302852757638433,-0.0,757.3900146484375,-0.004586781374170235,2026-09-15
SPY260915P00820000,2026-09-14 14:23:54+00:00,820.0,58.83,60.66,63.98,0.0,0.0,24.0,0.0,1.0385790258789065,True,REGULAR,USD,SPY,put,2026-09-15,0.0027397260273972603,62.31999999999999,0.0034760963275410786,-0.9239092719967219,-0.0,757.3900146484375,-0.004586781374170235,2026-09-15
SPY260915P00825000,2026-09-09 18:58:46+00:00,825.0,62.94,65.68,68.98,0.0,0.0,0.0,0.0,1.098149040527344,True,REGULAR,USD,SPY,put,2026-09-15,0.0027397260273972603,67.33000000000001,0.003170693296619057,-0.927431033580621,-0.0,757.3900146484375,-0.004586781374170235,2026-09-15
SPY260915P00830000,2026-09-09 19:09:30+00:00,830.0,67.01,70.68,73.98,0.0,0.0,0.0,0.0,1.1572307763671876,True,REGULAR,USD,SPY,put,2026-09-15,0.0027397260273972603,72.33000000000001,0.002911657715158185,-0.9304672486044883,-0.0,757.3900146484375,-0.004586781374170235,2026-09-15
SPY260915P00840000,2026-09-11 19:10:01+00:00,840.0,73.29,80.68,83.98,0.0,0.0,0.0,0.0,1.2719762963867183,True,REGULAR,USD,SPY,put,2026-09-15,0.0027397260273972603,82.33000000000001,0.002492150820317749,-0.9357419608176855,-0.0,757.3900146484375,-0.004586781374170235,2026-09-15
SPY260916C00625000,2026-09-15 14:41:53+00:00,625.0,132.4,131.12,135.07,-4.5900116,-3.350618,22.0,23.0,1.3466829541015621,True,REGULAR,USD,SPY,call,2026-09-16,0.0027397260273972603,133.095,0.0001645902028501297,0.9971314502339528,2171.555666722124,757.3900146484375,-0.004586781374170235,2026-09-15
SPY260916C00670000,2026-09-15 15:41:11+00:00,670.0,87.63,86.14,90.09,-4.2400055,-4.615223,40.0,15.0,0.92773509765625,True,REGULAR,USD,SPY,call,2026-09-16,0.0027397260273972603,88.11500000000001,0.0004187055698504653,0.9946334075428153,3602.791649457831,757.3900146484375,-0.004586781374170235,2026-09-15
SPY260916C00675000,2026-09-15 16:22:48+00:00,675.0,82.51,81.15,85.11,-4.239998,-4.8876057,60.0,16.0,0.8842785009765625,True,REGULAR,USD,SPY,call,2026-09-16,0.0027397260273972603,83.13,0.000483150260436208,0.994026089595767,4434.466219253422,757.3900146484375,-0.004586781374170235,2026-09-15
SPY260916C00680000,2026-09-15 15:25:01+00:00,680.0,77.54,76.15,80.07,-5.080002,-6.1486344,124.0,33.0,0.8330094824218748,True,REGULAR,USD,SPY,call,2026-09-16,0.0027397260273972603,78.11,0.0005356277586711909,0.9937262870893626,10139.491282775733,757.3900146484375,-0.004586781374170235,2026-09-15
SPY260916C00690000,2026-09-15 19:24:50+00:00,690.0,67.2,66.15,68.82,-1.9900055,-2.876146,158.0,33.0,0.5390671093750001,True,REGULAR,USD,SPY,call,2026-09-16,0.0027397260273972603,67.485,7.529011680732394e-05,0.9995508871393762,1425.2500373410687,757.3900146484375,-0.004586781374170235,2026-09-15
SPY260916C00700000,2026-09-15 18:58:16+00:00,700.0,57.32,56.16,59.13,-4.709999,-7.5930986,88.0,16.0,0.5361374511718751,True,REGULAR,USD,SPY,call,2026-09-16,0.0027397260273972603,57.644999999999996,0.0003462846763754541,0.9976423157317577,3178.281841855292,757.3900146484375,-0.004586781374170235,2026-09-15
SPY260916C00710000,2026-09-15 16:20:08+00:00,710.0,47.24,47.6,48.4,-1.1699982,-2.4168522,6.0,7.0,0.532231240234375,True,REGULAR,USD,SPY,call,2026-09-16,0.0027397260273972603,48.0,0.0012315280928761948,0.9902862361707264,4945.173273700292,757.3900146484375,-0.004586781374170235,2026-09-15
SPY260916C00715000,2026-09-15 18:55:00+00:00,715.0,42.22,42.61,43.4,-1.3699989,-3.1429203,3.0,8.0,0.5432174584960938,True,REGULAR,USD,SPY,call,2026-09-16,0.0027397260273972603,43.004999999999995,0.0022950262495222396,0.9795092142180432,10532.144147679688,757.3900146484375,-0.004586781374170235,2026-09-15
SPY260916C00720000,2026-09-15 15:55:54+00:00,720.0,37.42,37.63,38.41,-3.5100021,-8.575622,4.0,24.0,0.49341326904296884,True,REGULAR,USD,SPY,call,2026-09-16,0.0027397260273972603,38.019999999999996,0.002886836583837283,0.9760040275967805,39744.09317291971,757.3900146484375,-0.004586781374170235,2026-09-15
SPY260916C00725000,2026-09-15 17:46:10+00:00,725.0,32.42,32.64,33.42,-2.5200005,-7.2123656,4.0,10.0,0.44287666503906253,True,REGULAR,USD,SPY,call,2026-09-16,0.0027397260273972603,33.03,0.003724824748420747,0.9713982391670541,21367.07106475291,757.3900146484375,-0.004586781374170235,2026-09-15
SPY260916C00728000,2026-09-11 18:31:56+00:00,728.0,37.66,29.66,30.42,0.0,0.0,0.0,0.0,0.41138283935546877,True,REGULAR,USD,SPY,call,2026-09-16,0.0027397260273972603,30.04,0.004387333730387243,0.9681203255292301,0.0,757.3900146484375,-0.004586781374170235,2026-09-15
SPY260916C00730000,2026-09-15 14:59:07+00:00,730.0,26.82,27.66,28.43,-8.700001,-24.493244,6.0,53.0,0.39111937011718745,True,REGULAR,USD,SPY,call,2026-09-16,0.0027397260273972603,28.045,0.004957335753828303,0.9652231657724609,150717.38625035627,757.3900146484375,-0.004586781374170235,2026-09-15
SPY260916C00731000,2026-09-11 15:57:09+00:00,731.0,35.06,26.67,27.43,0.0,0.0,0.0,0.0,0.3803772900390625,True,REGULAR,USD,SPY,call,2026-09-16,0.0027397260273972603,27.05,0.005266453678152793,0.9638108496337806,0.0,757.3900146484375,-0.004586781374170235,2026-09-15
SPY260916C00733000,2026-09-15 16:50:38+00:00,733.0,24.65,24.68,25.44,-1.5,-5.736138,34.0,5.0,0.35986968261718744,True,REGULAR,USD,SPY,call,2026-09-16,0.0027397260273972603,25.060000000000002,0.006016206110354276,0.9601960123004738,17255.671364759197,757.3900146484375,-0.004586781374170235,2026-09-15
SPY260916C00734000,2026-09-15 19:43:49+00:00,734.0,23.0,23.69,24.44,-5.2800007,-18.67044,15.0,5.0,0.3490055334472656,True,REGULAR,USD,SPY,call,2026-09-16,0.0027397260273972603,24.065,0.0064306708257122055,0.9583921834406585,18444.438303477615,757.3900146484375,-0.004586781374170235,2026-09-15
SPY260916C00735000,2026-09-15 19:10:17+00:00,735.0,22.53,22.7,23.45,-4.0199986,-15.141237,16.0,49.0,0.33899586791992187,True,REGULAR,USD,SPY,call,2026-09-16,0.0027397260273972603,23.075,0.006924517835035137,0.9560160378216382,194636.7160473979,757.3900146484375,-0.004586781374170235,2026-09-15
SPY260916C00736000,2026-09-15 15:28:22+00:00,736.0,21.61,21.71,22.41,-4.1399994,-16.077667,50.0,14.0,0.32434757690429683,True,REGULAR,USD,SPY,call,2026-09-16,0.0027397260273972603,22.060000000000002,0.0072844265023967614,0.9556600737797958,58500.90056777605,757.3900146484375,-0.004586781374170235,2026-09-15
SPY260916C00737000,2026-09-15 18:30:46+00:00,737.0,20.86,20.72,21.46,-8.119999,-28.01932,13.0,72.0,0.3178779150390625,True,REGULAR,USD,SPY,call,2026-09-16,0.0027397260273972603,21.09,0.008046914779274989,0.951048395572222,332354.1060820328,757.3900146484375,-0.004586781374170235,2026-09-15
SPY260916C00738000,2026-09-15 18:49:23+00:00,738.0,19.07,19.73,20.46,-2.6100006,-12.038748,15.0,15.0,0.30664755859375,True,REGULAR,USD,SPY,call,2026-09-16,0.0027397260273972603,20.095,0.008683676009644033,0.9485171687249467,74719.51095686638,757.3900146484375,-0.004586781374170235,2026-09-15
SPY260916C00740000,2026-09-15 20:13:45+00:00,740.0,18.34,17.76,18.44,-4.049999,-18.08843,142.0,161.0,0.2823558093261719,True,REGULAR,USD,SPY,call,2026-09-16,0.0027397260273972603,18.1,0.01012499246821256,0.9436853455200792,935103.6132399988,757.3900146484375,-0.004586781374170235,2026-09-15
SPY260916C00741000,2026-09-15 15:16:39+00:00,741.0,16.52,16.78,17.5,-1.4200001,-7.9152727,1.0,13.0,0.2757640783691406,True,REGULAR,USD,SPY,call,2026-09-16,0.0027397260273972603,17.14,0.011312198536591815,0.9370534830238122,84358.63060997974,757.3900146484375,-0.004586781374170235,2026-09-15
SPY260916C00742000,2026-09-15 17:56:50+00:00,742.0,15.74,15.8,16.52,-4.7800007,-23.29435,5.0,33.0,0.2657544128417969,True,REGULAR,USD,SPY,call,2026-09-16,0.0027397260273972603,16.16,0.012466370729851333,0.9319747365213409,235989.74343070542,757.3900146484375,-0.004586781374170235,2026-09-15
SPY260916C00743000,2026-09-15 19:49:18+00:00,743.0,14.27,14.83,15.51,-4.8599987,-25.405117,13.0,57.0,0.25318129638671877,True,REGULAR,USD,SPY,call,2026-09-16,0.0027397260273972603,15.17,0.013643354453869364,0.9281820429468561,446103.02498551557,757.3900146484375,-0.004586781374170235,2026-09-15
SPY260916C00744000,2026-09-15 18:41:13+00:00,744.0,13.65,13.89,14.58,-4.6100006,-25.246443,45.0,187.0,0.24646749633789064,True,REGULAR,USD,SPY,call,2026-09-16,0.0027397260273972603,14.235,0.015375268608829902,0.9188843670285053,1649314.4673690903,757.3900146484375,-0.004586781374170235,2026-09-15
SPY260916C00745000,2026-09-15 20:10:55+00:00,745.0,13.44,13.1,13.63,-3.0500002,-18.49606,332.0,367.0,0.23780059082031246,True,REGULAR,USD,SPY,call,2026-09-16,0.0027397260273972603,13.365,0.017239132246920752,0.9099049777135477,3629281.1729540955,757.3900146484375,-0.004586781374170235,2026-09-15
SPY260916C00746000,2026-09-15 19:59:57+00:00,746.0,11.92,12.22,12.65,-4.67,-28.149487,119.0,422.0,0.22669230346679686,True,REGULAR,USD,SPY,call,2026-09-16,0.0027397260273972603,12.435,0.01926253546240764,0.901855558689272,4662996.102814026,757.3900146484375,-0.004586781374170235,2026-09-15
SPY260916C00747000,2026-09-15 20:12:31+00:00,747.0,11.62,11.61,11.69,-3.88,-25.032259,176.0,246.0,0.2166826379394531,True,REGULAR,USD,SPY,call,2026-09-16,0.0027397260273972603,11.649999999999999,0.02170982475618417,0.8912573696382486,3063589.519670335,757.3900146484375,-0.004586781374170235,2026-09-15
SPY260916C00748000,2026-09-15 20:06:36+00:00,748.0,10.44,10.7,10.76,-5.6099997,-34.95327,433.0,198.0,0.20813780151367184,True,REGULAR,USD,SPY,call,2026-09-16,0.0027397260273972603,10.73,0.024653609961512675,0.8771016381509086,2800172.984841487,757.3900146484375,-0.004586781374170235,2026-09-15
SPY260916C00749000,2026-09-15 20:10:02+00:00,749.0,9.59,9.82,9.89,-4.4799995,-31.840792,658.0,174.0,0.20252262329101559,True,REGULAR,USD,SPY,call,2026-09-16,0.0027397260273972603,9.855,0.028137772331652426,0.8568941195988562,2808523.808827091,757.3900146484375,-0.004586781374170235,2026-09-15
SPY260916C00750000,2026-09-15 20:09:34+00:00,750.0,8.77,8.95,9.02,-3.8399992,-30.452015,947.0,541.0,0.19617503051757812,True,REGULAR,USD,SPY,call,2026-09-16,0.0027397260273972603,8.985,0.03202457887179621,0.8341517066252062,9938477.13234432,757.3900146484375,-0.004586781374170235,2026-09-15
SPY260916C00751000,2026-09-15 20:13:49+00:00,751.0,8.13,8.1,8.17,-3.75,-31.565657,464.0,124.0,0.18982743774414065,True,REGULAR,USD,SPY,call,2026-09-16,0.0027397260273972603,8.135,0.03634980502227493,0.8075001253746787,2585609.418573049,757.3900146484375,-0.004586781374170235,2026-09-15
SPY260916C00752000,2026-09-15 20:14:33+00:00,752.0,7.3,7.29,7.34,-2.6999998,-26.999996,1041.0,135.0,0.18360191406249998,True,REGULAR,USD,SPY,call,2026-09-16,0.0027397260273972603,7.3149999999999995,0.04108087990256558,0.7761876269590244,3181358.8246839256,757.3900146484375,-0.004586781374170235,2026-09-15
SPY260916C00753000,2026-09-15 20:10:15+00:00,753.0,6.35,6.49,6.56,-3.65,-36.5,1724.0,85.0,0.178719150390625,True,REGULAR,USD,SPY,call,2026-09-16,0.0027397260273972603,6.525,0.04594413353716877,0.7382012236885852,2240206.9565994767,757.3900146484375,-0.004586781374170235,2026-09-15
SPY260916C00754000,2026-09-15 20:14:53+00:00,754.0,5.79,5.74,5.79,-3.8900003,-40.18595,3692.0,150.0,0.1729819030761719,True,REGULAR,USD,SPY,call,2026-09-16,0.0027397260273972603,5.765000000000001,0.05102629492460516,0.695703403354184,4390605.773952202,757.3900146484375,-0.004586781374170235,2026-09-15
SPY260916C00755000,2026-09-15 20:14:53+00:00,755.0,5.06,5.04,5.07,-2.6100001,-34.028683,7407.0,780.0,0.1680991394042969,True,REGULAR,USD,SPY,call,2026-09-16,0.0027397260273972603,5.055,0.05577782080417095,0.6465654099378433,24957167.60748974,757.3900146484375,-0.004586781374170235,2026-09-15
SPY260916C00756000,2026-09-15 20:14:57+00:00,756.0,4.38,4.36,4.39,-2.4899998,-36.244537,16695.0,451.0,0.16346051391601565,True,REGULAR,USD,SPY,call,2026-09-16,0.0027397260273972603,4.375,0.059931868871119225,0.5916481200858202,15505062.19901413,757.3900146484375,-0.004586781374170235,2026-09-15
SPY260916C00757000,2026-09-15 20:15:00+00:00,757.0,3.73,3.73,3.75,-2.3400002,-38.550247,46093.0,456.0,0.1588218884277344,True,REGULAR,USD,SPY,call,2026-09-16,0.0027397260273972603,3.74,0.06316275671637518,0.5316025662684126,16522093.262545362,757.3900146484375,-0.004586781374170235,2026-09-15
SPY260916C00758000,2026-09-15 20:14:58+00:00,758.0,3.16,3.14,3.16,-2.1699998,-40.712944,51745.0,1012.0,0.1544274011230469,False,REGULAR,USD,SPY,call,2026-09-16,0.0027397260273972603,3.1500000000000004,0.06494601958218058,0.46732421626819687,37702678.25271862,757.3900146484375,-0.004586781374170235,2026-09-15
SPY260916C00759000,2026-09-15 20:14:59+00:00,759.0,2.61,2.6,2.62,-2.09,-44.468082,28089.0,838.0,0.15021601745605473,False,REGULAR,USD,SPY,call,2026-09-16,0.0027397260273972603,2.6100000000000003,0.0648947134819814,0.40044414102323567,31195538.59622887,757.3900146484375,-0.004586781374170235,2026-09-15
SPY260916C00760000,2026-09-15 20:14:57+00:00,760.0,2.13,2.12,2.13,-1.9899998,-48.300964,48409.0,1398.0,0.14600463378906248,False,REGULAR,USD,SPY,call,2026-09-16,0.0027397260273972603,2.125,0.06278395530009791,0.33287705073802176,50349480.49029006,757.3900146484375,-0.004586781374170235,2026-09-15
SPY260916C00761000,2026-09-15 20:14:58+00:00,761.0,1.7,1.69,1.7,-1.81,-51.56695,21875.0,1377.0,0.14203738830566404,False,REGULAR,USD,SPY,call,2026-09-16,0.0027397260273972603,1.6949999999999998,0.05841974774723811,0.267258723986585,46145862.52332816,757.3900146484375,-0.004586781374170235,2026-09-15
SPY260916C00762000,2026-09-15 20:14:51+00:00,762.0,1.31,1.31,1.32,-1.6600001,-55.89226,22204.0,1103.0,0.13794807373046875,False,REGULAR,USD,SPY,call,2026-09-16,0.0027397260273972603,1.315,0.05205139170886259,0.2056452890588772,32934191.65843749,757.3900146484375,-0.004586781374170235,2026-09-15
SPY260916C00763000,2026-09-15 20:14:58+00:00,763.0,1.0,0.99,1.0,-1.46,-59.349594,24336.0,1394.0,0.13404186279296876,False,REGULAR,USD,SPY,call,2026-09-16,0.0027397260273972603,0.995,0.04404692177901014,0.15087213523319032,35222281.780619234,757.3900146484375,-0.004586781374170235,2026-09-15
SPY260916C00764000,2026-09-15 20:14:56+00:00,764.0,0.73,0.72,0.73,-1.31,-64.21569,12685.0,1229.0,0.129891513671875,False,REGULAR,USD,SPY,call,2026-09-16,0.0027397260273972603,0.725,0.03509128696140237,0.10409418088280842,24739466.460688774,757.3900146484375,-0.004586781374170235,2026-09-15
SPY260916C00765000,2026-09-15 20:14:58+00:00,765.0,0.51,0.5,0.51,-1.12,-68.711655,22364.0,3462.0,0.1256190954589844,False,REGULAR,USD,SPY,call,2026-09-16,0.0027397260273972603,0.505,0.025986876514616154,0.06673847280413865,51608388.30164077,757.3900146484375,-0.004586781374170235,2026-09-15
SPY260916C00766000,2026-09-15 20:14:58+00:00,766.0,0.34,0.34,0.35,-0.9699999,-74.0458,16929.0,4986.0,0.12232322998046877,False,REGULAR,USD,SPY,call,2026-09-16,0.0027397260273972603,0.345,0.017942547256811242,0.04047806938454921,51318685.44561331,757.3900146484375,-0.004586781374170235,2026-09-15
SPY260916C00767000,2026-09-15 20:14:56+00:00,767.0,0.23,0.22,0.23,-0.78999996,-77.45098,13294.0,1089.0,0.11914943359374999,False,REGULAR,USD,SPY,call,2026-09-16,0.0027397260273972603,0.225,0.01140717912288274,0.02269564251613151,7125991.355690003,757.3900146484375,-0.004586781374170235,2026-09-15
SPY260916C00768000,2026-09-15 20:14:57+00:00,768.0,0.14,0.14,0.15,-0.63,-81.818184,8004.0,928.0,0.1167080517578125,False,REGULAR,USD,SPY,call,2026-09-16,0.0027397260273972603,0.14500000000000002,0.006763582995370008,0.012026351672876575,3600509.408080148,757.3900146484375,-0.004586781374170235,2026-09-15
SPY260916C00769000,2026-09-15 20:14:46+00:00,769.0,0.08,0.08,0.09,-0.5,-86.2069,5394.0,1245.0,0.1137783935546875,False,REGULAR,USD,SPY,call,2026-09-16,0.0027397260273972603,0.08499999999999999,0.003576050706793985,0.0056539987516633595,2553948.7024577702,757.3900146484375,-0.004586781374170235,2026-09-15
SPY260916C00770000,2026-09-15 20:14:59+00:00,770.0,0.06,0.06,0.07,-0.37,-86.04651,15073.0,3634.0,0.116219775390625,False,REGULAR,USD,SPY,call,2026-09-16,0.0027397260273972603,0.065,0.0023028778802256403,0.003537163681243656,4800594.038941698,757.3900146484375,-0.004586781374170235,2026-09-15
SPY260916C00771000,2026-09-15 20:14:54+00:00,771.0,0.03,0.03,0.04,-0.28,-90.32258,3771.0,724.0,0.1137783935546875,False,REGULAR,USD,SPY,call,2026-09-16,0.0027397260273972603,0.035,0.0010772288247209829,0.0014930060522983291,447389.3919184892,757.3900146484375,-0.004586781374170235,2026-09-15
SPY260916C00772000,2026-09-15 20:14:51+00:00,772.0,0.03,0.02,0.03,-0.19,-86.36364,2860.0,1280.0,0.116219775390625,False,REGULAR,USD,SPY,call,2026-09-16,0.0027397260273972603,0.025,0.0006668037905985723,0.0009050241657697148,489606.5057044364,757.3900146484375,-0.004586781374170235,2026-09-15
SPY260916C00773000,2026-09-15 20:14:20+00:00,773.0,0.02,0.01,0.02,-0.13000001,-86.66667,4058.0,2713.0,0.117196328125,False,REGULAR,USD,SPY,call,2026-09-16,0.0027397260273972603,0.015,0.00036501314014199656,0.0004753429844266344,568064.2294537242,757.3900146484375,-0.004586781374170235,2026-09-15
SPY260916C00774000,2026-09-15 20:14:46+00:00,774.0,0.02,0.01,0.02,-0.08,-80.00001,1655.0,1083.0,0.12305564453125001,False,REGULAR,USD,SPY,call,2026-09-16,0.0027397260273972603,0.015,0.0003012407614736767,0.0004072925732596236,187146.34238506222,757.3900146484375,-0.004586781374170235,2026-09-15
SPY260916C00775000,2026-09-15 20:05:16+00:00,775.0,0.02,0.01,0.02,-0.05,-71.42857,1224.0,2990.0,0.1289149609375,False,REGULAR,USD,SPY,call,2026-09-16,0.0027397260273972603,0.015,0.0002522580240560599,0.00035372249297491116,432668.5499914129,757.3900146484375,-0.004586781374170235,2026-09-15
SPY260916C00776000,2026-09-15 20:14:26+00:00,776.0,0.01,0.0,0.01,-0.03,-75.0,1659.0,1085.0,0.12500875,False,REGULAR,USD,SPY,call,2026-09-16,0.0027397260273972603,0.005,8.90117247432144e-05,0.00011222312721866885,55400.80875362223,757.3900146484375,-0.004586781374170235,2026-09-15
SPY260916C00777000,2026-09-15 20:03:53+00:00,777.0,0.01,0.0,0.01,-0.03,-75.0,309.0,1055.0,0.13086806640624998,False,REGULAR,USD,SPY,call,2026-09-16,0.0027397260273972603,0.005,7.823148149463929e-05,0.00010269761819035746,47344.89574838073,757.3900146484375,-0.004586781374170235,2026-09-15
SPY260916C00778000,2026-09-15 19:58:29+00:00,778.0,0.01,0.0,0.01,-0.02,-66.66667,323.0,529.0,0.13672738281250002,False,REGULAR,USD,SPY,call,2026-09-16,0.0027397260273972603,0.005,6.942112368137536e-05,9.475005286422827e-05,21066.21253227864,757.3900146484375,-0.004586781374170235,2026-09-15
SPY260916C00779000,2026-09-15 19:56:34+00:00,779.0,0.01,0.0,0.01,-0.01,-50.0,62.0,2709.0,0.1445398046875,False,REGULAR,USD,SPY,call,2026-09-16,0.0027397260273972603,0.005,7.406144977029437e-05,0.00010769100329679004,115090.73524177345,757.3900146484375,-0.004586781374170235,2026-09-15
SPY260916C00780000,2026-09-15 19:54:30+00:00,780.0,0.01,0.0,0.01,-0.01,-50.0,439.0,3711.0,0.148446015625,False,REGULAR,USD,SPY,call,2026-09-16,0.0027397260273972603,0.005,5.6039149532111645e-05,8.234914179995029e-05,119294.83485053979,757.3900146484375,-0.004586781374170235,2026-09-15
SPY260916C00781000,2026-09-15 19:58:46+00:00,781.0,0.01,0.0,0.01,-0.01,-50.0,909.0,258.0,0.1562584375,False,REGULAR,USD,SPY,call,2026-09-16,0.0027397260273972603,0.005,6.005674205698196e-05,9.36098809551717e-05,8888.339307942717,757.3900146484375,-0.004586781374170235,2026-09-15
SPY260916C00782000,2026-09-15 16:59:06+00:00,782.0,0.01,0.0,0.01,0.0,0.0,744.0,1914.0,0.1601646484375,False,REGULAR,USD,SPY,call,2026-09-16,0.0027397260273972603,0.005,4.650841856583839e-05,7.323220237754374e-05,51063.74422424663,757.3900146484375,-0.004586781374170235,2026-09-15
SPY260916C00783000,2026-09-15 14:00:48+00:00,783.0,0.02,0.0,0.01,0.01,100.0,10.0,1384.0,0.16602396484375004,False,REGULAR,USD,SPY,call,2026-09-16,0.0027397260273972603,0.005,4.2742515708679894e-05,6.955562102063304e-05,33934.02069434054,757.3900146484375,-0.004586781374170235,2026-09-15
SPY260916C00784000,2026-09-15 14:21:07+00:00,784.0,0.01,0.0,0.01,0.0,0.0,74.0,438.0,0.17188328125000002,False,REGULAR,USD,SPY,call,2026-09-16,0.0027397260273972603,0.005,3.948397191727141e-05,6.63383793016924e-05,9920.512190377289,757.3900146484375,-0.004586781374170235,2026-09-15
SPY260916C00785000,2026-09-15 17:58:02+00:00,785.0,0.01,0.0,0.01,0.0,0.0,31.0,1760.0,0.17774259765625,False,REGULAR,USD,SPY,call,2026-09-16,0.0027397260273972603,0.005,3.664530036020504e-05,6.350811036509628e-05,36997.30618679825,757.3900146484375,-0.004586781374170235,2026-09-15
SPY260916C00786000,2026-09-15 18:14:16+00:00,786.0,0.01,0.0,0.01,0.0,0.0,102.0,308.0,0.18360191406249998,False,REGULAR,USD,SPY,call,2026-09-16,0.0027397260273972603,0.005,3.415699230971497e-05,6.100637110453833e-05,6034.891809704468,757.3900146484375,-0.004586781374170235,2026-09-15
SPY260916C00787000,2026-09-14 18:43:36+00:00,787.0,0.01,0.0,0.01,0.0,0.0,755.0,761.0,0.187508125,False,REGULAR,USD,SPY,call,2026-09-16,0.0027397260273972603,0.005,2.763994518624586e-05,4.984342204551112e-05,12065.935084840401,757.3900146484375,-0.004586781374170235,2026-09-15
SPY260916C00788000,2026-09-15 13:55:03+00:00,788.0,0.01,0.0,0.01,0.0,0.0,12.0,399.0,0.195320546875,False,REGULAR,USD,SPY,call,2026-09-16,0.0027397260273972603,0.005,3.0019085921365937e-05,5.680649020500728e-05,6870.834850381269,757.3900146484375,-0.004586781374170235,2026-09-15
SPY260916C00789000,2026-09-14 18:40:07+00:00,789.0,0.01,0.0,0.01,0.0,0.0,2.0,125.0,0.1992267578125,False,REGULAR,USD,SPY,call,2026-09-16,0.0027397260273972603,0.005,2.464174979448673e-05,4.7062863159653214e-05,1766.9355425442948,757.3900146484375,-0.004586781374170235,2026-09-15
SPY260916C00790000,2026-09-14 16:19:52+00:00,790.0,0.02,0.0,0.01,0.0,0.0,62.0,1607.0,0.20703917968749996,False,REGULAR,USD,SPY,call,2026-09-16,0.0027397260273972603,0.005,2.6738440658385185e-05,5.344954472354801e-05,24648.53451842676,757.3900146484375,-0.004586781374170235,2026-09-15
SPY260916C00791000,2026-09-14 17:15:22+00:00,791.0,0.01,0.0,0.01,0.0,0.0,27.0,71.0,0.21094539062499998,False,REGULAR,USD,SPY,call,2026-09-16,0.0027397260273972603,0.005,2.2228178296626718e-05,4.482920258640638e-05,905.3184488983753,757.3900146484375,-0.004586781374170235,2026-09-15
SPY260916C00792000,2026-09-14 16:48:21+00:00,792.0,0.01,0.0,0.01,0.0,0.0,3.0,7.0,0.21875781249999998,False,REGULAR,USD,SPY,call,2026-09-16,0.0027397260273972603,0.005,2.40913700412472e-05,5.073493648335962e-05,96.73835289990114,757.3900146484375,-0.004586781374170235,2026-09-15
SPY260916C00794000,2026-09-14 15:05:40+00:00,794.0,0.01,0.0,0.01,0.0,0.0,6.0,125.0,0.22657023437499998,False,REGULAR,USD,SPY,call,2026-09-16,0.0027397260273972603,0.005,1.7108918447416688e-05,3.6654143090506354e-05,1226.7942151573973,757.3900146484375,-0.004586781374170235,2026-09-15
SPY260916C00795000,2026-09-14 13:46:29+00:00,795.0,0.02,0.0,0.01,0.0,0.0,241.0,1433.0,0.23438265625,False,REGULAR,USD,SPY,call,2026-09-16,0.0027397260273972603,0.005,1.861782540695264e-05,4.154509646939837e-05,15304.329025189476,757.3900146484375,-0.004586781374170235,2026-09-15
SPY260916C00796000,2026-09-11 19:24:00+00:00,796.0,0.01,0.0,0.01,0.0,0.0,0.0,159.0,0.23828886718749998,False,REGULAR,USD,SPY,call,2026-09-16,0.0027397260273972603,0.005,1.5878738153458346e-05,3.572861627843442e-05,1448.2790940243863,757.3900146484375,-0.004586781374170235,2026-09-15
SPY260916C00797000,2026-09-11 14:38:24+00:00,797.0,0.01,0.0,0.01,0.0,0.0,0.0,241.0,0.242195078125,False,REGULAR,USD,SPY,call,2026-09-16,0.0027397260273972603,0.005,1.3598838311737523e-05,3.0856574528340014e-05,1880.0006652525115,757.3900146484375,-0.004586781374170235,2026-09-15
SPY260916C00799000,2026-09-10 16:02:26+00:00,799.0,0.01,0.0,0.01,0.0,0.0,0.0,1518.0,0.25391371093750004,False,REGULAR,USD,SPY,call,2026-09-16,0.0027397260273972603,0.005,1.2811850972085966e-05,3.0456280018773622e-05,11156.367198403428,757.3900146484375,-0.004586781374170235,2026-09-15
SPY260916C00800000,2026-09-15 19:58:45+00:00,800.0,0.01,0.0,0.01,-0.01,-50.0,103.0,160.0,0.2617261328125,False,REGULAR,USD,SPY,call,2026-09-16,0.0027397260273972603,0.005,1.394357840266957e-05,3.438923793668375e-05,1279.7742744943373,757.3900146484375,-0.004586781374170235,2026-09-15
SPY260916C00805000,2026-09-11 14:51:57+00:00,805.0,0.01,0.0,0.01,0.0,0.0,3.0,193.0,0.2890696093749999,False,REGULAR,USD,SPY,call,2026-09-16,0.0027397260273972603,0.005,1.102455254524524e-05,2.980169824161973e-05,1220.5552160194295,757.3900146484375,-0.004586781374170235,2026-09-15
SPY260916C00806000,2026-09-11 18:52:22+00:00,806.0,0.01,,0.01,0.0,0.0,0.0,1.0,0.2929758203124999,False,REGULAR,USD,SPY,call,2026-09-16,0.0027397260273972603,0.01,9.747600206826995e-06,2.6543273650928967e-05,5.5916098178411815,757.3900146484375,-0.004586781374170235,2026-09-15
SPY260916C00810000,2026-09-15 14:36:05+00:00,810.0,0.01,0.0,0.01,0.0,0.0,4.0,495.0,0.31250687499999996,False,REGULAR,USD,SPY,call,2026-09-16,0.0027397260273972603,0.005,7.485607234839857e-06,2.150647325764196e-05,2125.550293329785,757.3900146484375,-0.004586781374170235,2026-09-15
SPY260916C00815000,2026-09-11 18:20:10+00:00,815.0,0.01,0.0,0.01,0.0,0.0,1395.0,364.0,0.3398503515625,False,REGULAR,USD,SPY,call,2026-09-16,0.0027397260273972603,0.005,6.461087926677236e-06,2.011836839526141e-05,1349.1063459944032,757.3900146484375,-0.004586781374170235,2026-09-15
SPY260916C00825000,2026-09-10 19:04:03+00:00,825.0,0.01,,0.01,0.0,0.0,0.0,5.0,0.39063109375,False,REGULAR,USD,SPY,call,2026-09-16,0.0027397260273972603,0.01,4.382525453796833e-06,1.547947119697927e-05,12.569951492894761,757.3900146484375,-0.004586781374170235,2026-09-15
SPY260916C00835000,2026-09-08 13:48:24+00:00,835.0,0.02,,0.01,0.0,0.0,0.0,1.0,0.437505625,False,REGULAR,USD,SPY,call,2026-09-16,0.0027397260273972603,0.02,2.825609676953944e-06,1.099218313070481e-05,1.6208817017317727,757.3900146484375,-0.004586781374170235,2026-09-15
SPY260916P00550000,2026-09-15 16:31:29+00:00,550.0,0.01,,0.01,-0.01,-50.0,40.0,10.0,1.3281283593749997,False,REGULAR,USD,SPY,put,2026-09-16,0.0027397260273972603,0.01,1.6090610110545626e-07,-1.7511426122496232e-06,-0.9230211699302859,757.3900146484375,-0.004586781374170235,2026-09-15
SPY260916P00555000,2026-09-15 14:21:38+00:00,555.0,0.01,,0.01,0.0,0.0,3.0,10.0,1.2968785156249998,False,REGULAR,USD,SPY,put,2026-09-16,0.0027397260273972603,0.01,1.8345171962157878e-07,-1.958571205884496e-06,-1.0523517735344003,757.3900146484375,-0.004586781374170235,2026-09-15
SPY260916P00595000,2026-09-10 16:53:31+00:00,595.0,0.03,0.0,0.01,0.0,0.0,0.0,12.0,0.9687503125,False,REGULAR,USD,SPY,put,2026-09-16,0.0027397260273972603,0.005,1.0999511246093187e-07,-8.482048622360239e-07,-0.7571706730282083,757.3900146484375,-0.004586781374170235,2026-09-15
SPY260916P00600000,2026-09-11 18:18:42+00:00,600.0,0.01,0.0,0.01,0.0,0.0,0.0,50.0,0.937500625,False,REGULAR,USD,SPY,put,2026-09-16,0.0027397260273972603,0.005,1.207439950256681e-07,-9.032704243461254e-07,-3.4631770574568232,757.3900146484375,-0.004586781374170235,2026-09-15
SPY260916P00605000,2026-09-11 18:24:54+00:00,605.0,0.01,0.0,0.01,0.0,0.0,0.0,120.0,0.9062509375,False,REGULAR,USD,SPY,put,2026-09-16,0.0027397260273972603,0.005,1.3226053489738106e-07,-9.586768620062358e-07,-9.104386184330687,757.3900146484375,-0.004586781374170235,2026-09-15
SPY260916P00610000,2026-09-11 13:58:08+00:00,610.0,0.01,0.0,0.01,0.0,0.0,0.0,110.0,0.87500125,False,REGULAR,USD,SPY,put,2026-09-16,0.0027397260273972603,0.005,1.445505637617842e-07,-1.0138607602350191e-06,-9.121192578586204,757.3900146484375,-0.004586781374170235,2026-09-15
SPY260916P00620000,2026-09-14 13:56:15+00:00,620.0,0.01,0.0,0.01,0.0,0.0,2798.0,2799.0,0.8125018749999999,False,REGULAR,USD,SPY,put,2026-09-16,0.0027397260273972603,0.005,1.7140567783479365e-07,-1.120786777275562e-06,-275.21192788471444,757.3900146484375,-0.004586781374170235,2026-09-15
SPY260916P00645000,2026-09-15 16:55:41+00:00,645.0,0.01,0.0,0.01,-0.01,-50.0,1.0,5.0,0.6562534375000001,False,REGULAR,USD,SPY,put,2026-09-16,0.0027397260273972603,0.005,2.48784854394954e-07,-1.3226503456920113e-06,-0.7135642644590172,757.3900146484375,-0.004586781374170235,2026-09-15
SPY260916P00650000,2026-09-15 19:59:13+00:00,650.0,0.01,0.0,0.01,-0.02,-66.66667,101.0,24.0,0.6250037500000001,False,REGULAR,USD,SPY,put,2026-09-16,0.0027397260273972603,0.005,2.648002797061996e-07,-1.3415237585245876e-06,-3.6455984546479607,757.3900146484375,-0.004586781374170235,2026-09-15
SPY260916P00655000,2026-09-15 20:11:31+00:00,655.0,0.01,0.0,0.01,-0.01,-50.0,205.0,14.0,0.6093789062500001,False,REGULAR,USD,SPY,put,2026-09-16,0.0027397260273972603,0.005,4.7515403607309216e-07,-2.4041787606288167e-06,-3.8159406247758194,757.3900146484375,-0.004586781374170235,2026-09-15
SPY260916P00660000,2026-09-15 20:06:21+00:00,660.0,0.01,0.01,0.02,-0.01,-50.0,462.0,31.0,0.632816171875,False,REGULAR,USD,SPY,put,2026-09-16,0.0027397260273972603,0.015,2.6063202947941913e-06,-1.488417033568279e-05,-46.347747243130854,757.3900146484375,-0.004586781374170235,2026-09-15
SPY260916P00665000,2026-09-15 19:04:56+00:00,665.0,0.01,0.01,0.02,-0.01,-50.0,102.0,2.0,0.6015664843750002,False,REGULAR,USD,SPY,put,2026-09-16,0.0027397260273972603,0.015,3.0358038064402033e-06,-1.6569002692867763e-05,-3.4829147705999985,757.3900146484375,-0.004586781374170235,2026-09-15
SPY260916P00670000,2026-09-15 15:31:39+00:00,670.0,0.01,0.01,0.02,-0.02,-66.66667,6.0,19.0,0.5664105859375,False,REGULAR,USD,SPY,put,2026-09-16,0.0027397260273972603,0.015,3.183367573488209e-06,-1.6348030396851065e-05,-34.696010402611215,757.3900146484375,-0.004586781374170235,2026-09-15
SPY260916P00675000,2026-09-15 19:51:46+00:00,675.0,0.02,0.01,0.02,0.0,0.0,171.0,28.0,0.5351608984375,False,REGULAR,USD,SPY,put,2026-09-16,0.0027397260273972603,0.015,3.729901464043476e-06,-1.8195592698888596e-05,-59.9093407295181,757.3900146484375,-0.004586781374170235,2026-09-15
SPY260916P00680000,2026-09-15 20:09:03+00:00,680.0,0.02,0.01,0.02,-0.02,-50.0,820.0,120.0,0.5039112109375,False,REGULAR,USD,SPY,put,2026-09-16,0.0027397260273972603,0.015,4.398137058578108e-06,-2.031603253493941e-05,-302.753488060362,757.3900146484375,-0.004586781374170235,2026-09-15
SPY260916P00685000,2026-09-15 20:07:25+00:00,685.0,0.02,0.01,0.02,-0.02,-50.0,140.0,49.0,0.48438015625,False,REGULAR,USD,SPY,put,2026-09-16,0.0027397260273972603,0.015,7.568397967705786e-06,-3.4554419734655895e-05,-212.735119075129,757.3900146484375,-0.004586781374170235,2026-09-15
SPY260916P00690000,2026-09-15 20:12:48+00:00,690.0,0.02,0.02,0.03,-0.02,-50.0,498.0,241.0,0.4726615234375,False,REGULAR,USD,SPY,put,2026-09-16,0.0027397260273972603,0.025,1.6592257153695564e-05,-7.734826055272315e-05,-2293.832294488309,757.3900146484375,-0.004586781374170235,2026-09-15
SPY260916P00695000,2026-09-15 20:14:59+00:00,695.0,0.03,0.02,0.03,-0.020000001,-40.000004,218.0,32.0,0.43945873046875,False,REGULAR,USD,SPY,put,2026-09-16,0.0027397260273972603,0.025,1.9970210664754772e-05,-8.716985079337825e-05,-366.5825389570374,757.3900146484375,-0.004586781374170235,2026-09-15
SPY260916P00700000,2026-09-15 20:13:11+00:00,700.0,0.03,0.03,0.04,-0.020000001,-40.000004,2450.0,2038.0,0.41797457031249996,False,REGULAR,USD,SPY,put,2026-09-16,0.0027397260273972603,0.035,3.464529748059093e-05,-0.00014862608959742563,-40503.040352721706,757.3900146484375,-0.004586781374170235,2026-09-15
SPY260916P00705000,2026-09-15 20:14:59+00:00,705.0,0.03,0.03,0.04,-0.049999997,-62.499996,1130.0,255.0,0.38477177734374995,False,REGULAR,USD,SPY,put,2026-09-16,0.0027397260273972603,0.035,4.3934512639280184e-05,-0.00017535102023569227,-6426.657329582641,757.3900146484375,-0.004586781374170235,2026-09-15
SPY260916P00710000,2026-09-15 20:07:54+00:00,710.0,0.04,0.04,0.05,-0.030000001,-42.857143,997.0,313.0,0.36133451171875,False,REGULAR,USD,SPY,put,2026-09-16,0.0027397260273972603,0.045,7.722575246505854e-05,-0.0003000413232605581,-13865.822501751321,757.3900146484375,-0.004586781374170235,2026-09-15
SPY260916P00715000,2026-09-15 20:09:22+00:00,715.0,0.06,0.04,0.05,-0.040000003,-40.000004,2277.0,337.0,0.32617861328125,False,REGULAR,USD,SPY,put,2026-09-16,0.0027397260273972603,0.045,9.909829541110766e-05,-0.000351427731146825,-19157.34124920945,757.3900146484375,-0.004586781374170235,2026-09-15
SPY260916P00718000,2026-09-15 20:14:51+00:00,718.0,0.05,0.05,0.06,-0.05,-50.0,57489.0,397.0,0.31250687499999996,False,REGULAR,USD,SPY,put,2026-09-16,0.0027397260273972603,0.055,0.00014849792905280085,-0.0005190353392198199,-33818.1661926749,757.3900146484375,-0.004586781374170235,2026-09-15
SPY260916P00719000,2026-09-15 19:56:09+00:00,719.0,0.07,0.05,0.06,-0.030000001,-30.0,648.0,38.0,0.304694453125,False,REGULAR,USD,SPY,put,2026-09-16,0.0027397260273972603,0.055,0.00015410463541223548,-0.0005256648132897501,-3359.2200146052883,757.3900146484375,-0.004586781374170235,2026-09-15
SPY260916P00720000,2026-09-15 20:05:35+00:00,720.0,0.06,0.05,0.06,-0.05,-45.454544,2198.0,559.0,0.2978585839843749,False,REGULAR,USD,SPY,put,2026-09-16,0.0027397260273972603,0.055,0.00016519408518883298,-0.0005529449008976339,-52971.887909480094,757.3900146484375,-0.004586781374170235,2026-09-15
SPY260916P00721000,2026-09-15 20:06:47+00:00,721.0,0.06,0.05,0.06,-0.040000003,-40.000004,1430.0,12875.0,0.2910227148437499,False,REGULAR,USD,SPY,put,2026-09-16,0.0027397260273972603,0.055,0.00017744799373088681,-0.0005826283680870903,-1310561.7287000637,757.3900146484375,-0.004586781374170235,2026-09-15
SPY260916P00722000,2026-09-15 20:08:18+00:00,722.0,0.06,0.05,0.06,-0.06,-50.0,993.0,2522.0,0.28321029296874994,False,REGULAR,USD,SPY,put,2026-09-16,0.0027397260273972603,0.055,0.00018492684438315432,-0.0005915682929910071,-267537.2085379112,757.3900146484375,-0.004586781374170235,2026-09-15
SPY260916P00723000,2026-09-15 20:12:54+00:00,723.0,0.05,0.05,0.06,-0.06999999,-58.333332,1447.0,83.0,0.27637442382812494,False,REGULAR,USD,SPY,put,2026-09-16,0.0027397260273972603,0.055,0.00019945758629302996,-0.0006252910582903448,-9496.592479158586,757.3900146484375,-0.004586781374170235,2026-09-15
SPY260916P00724000,2026-09-15 20:14:48+00:00,724.0,0.06,0.06,0.07,-0.05,-45.454544,1806.0,778.0,0.274421318359375,False,REGULAR,USD,SPY,put,2026-09-16,0.0027397260273972603,0.065,0.0002538498077822355,-0.0008060049081747289,-113291.04588064757,757.3900146484375,-0.004586781374170235,2026-09-15
SPY260916P00725000,2026-09-15 20:03:13+00:00,725.0,0.07,0.06,0.07,-0.059999995,-46.153843,1650.0,779.0,0.26758544921875,False,REGULAR,USD,SPY,put,2026-09-16,0.0027397260273972603,0.065,0.00027579278946748744,-0.0008581534831703097,-123242.22073908948,757.3900146484375,-0.004586781374170235,2026-09-15
SPY260916P00726000,2026-09-15 20:10:46+00:00,726.0,0.06,0.06,0.07,-0.08,-57.142857,2590.0,9340.0,0.25977302734375,False,REGULAR,USD,SPY,put,2026-09-16,0.0027397260273972603,0.065,0.00029083184501531295,-0.0008803339495987439,-1558217.1678208697,757.3900146484375,-0.004586781374170235,2026-09-15
SPY260916P00727000,2026-09-15 20:08:13+00:00,727.0,0.06,0.06,0.07,-0.09,-59.999996,4331.0,327.0,0.252937158203125,False,REGULAR,USD,SPY,put,2026-09-16,0.0027397260273972603,0.065,0.00031770920678043,-0.0009414950363632046,-59595.943972418805,757.3900146484375,-0.004586781374170235,2026-09-15
SPY260916P00728000,2026-09-15 20:14:22+00:00,728.0,0.06,0.06,0.07,-0.09,-59.999996,4206.0,153.0,0.245124736328125,False,REGULAR,USD,SPY,put,2026-09-16,0.0027397260273972603,0.065,0.00033658936469923466,-0.0009689037074781526,-29541.39301096854,757.3900146484375,-0.004586781374170235,2026-09-15
SPY260916P00729000,2026-09-15 20:13:53+00:00,729.0,0.07,0.06,0.07,-0.089999996,-56.25,4652.0,1548.0,0.23828886718749998,False,REGULAR,USD,SPY,put,2026-09-16,0.0027397260273972603,0.065,0.0003700196376256082,-0.0010416157771103718,-328575.27503219567,757.3900146484375,-0.004586781374170235,2026-09-15
SPY260916P00730000,2026-09-15 20:12:34+00:00,730.0,0.08,0.07,0.08,-0.09,-52.941177,5312.0,1310.0,0.23535920898437498,False,REGULAR,USD,SPY,put,2026-09-16,0.0027397260273972603,0.07500000000000001,0.000467921928242353,-0.0013279466844335897,-351628.318568597,757.3900146484375,-0.004586781374170235,2026-09-15
SPY260916P00731000,2026-09-15 20:05:49+00:00,731.0,0.07,0.07,0.08,-0.089999996,-56.25,1435.0,11396.0,0.22754678710937498,False,REGULAR,USD,SPY,put,2026-09-16,0.0027397260273972603,0.07500000000000001,0.0005019935193830174,-0.0013821108338140098,-3281630.6656526923,757.3900146484375,-0.004586781374170235,2026-09-15
SPY260916P00732000,2026-09-15 20:13:07+00:00,732.0,0.08,0.07,0.08,-0.10000001,-55.555557,8374.0,1933.0,0.21973436523437498,False,REGULAR,USD,SPY,put,2026-09-16,0.0027397260273972603,0.07500000000000001,0.0005402095722125362,-0.0014415243978688208,-599008.9062502914,757.3900146484375,-0.004586781374170235,2026-09-15
SPY260916P00733000,2026-09-15 20:12:13+00:00,733.0,0.08,0.07,0.08,-0.120000005,-60.0,1957.0,601.0,0.21289849609375,False,REGULAR,USD,SPY,put,2026-09-16,0.0027397260273972603,0.07500000000000001,0.0006043884871285699,-0.0015747868963502665,-208367.41562573207,757.3900146484375,-0.004586781374170235,2026-09-15
SPY260916P00734000,2026-09-15 20:12:33+00:00,734.0,0.08,0.08,0.09,-0.120000005,-60.0,794.0,830.0,0.20899228515624996,False,REGULAR,USD,SPY,put,2026-09-16,0.0027397260273972603,0.08499999999999999,0.0007544251285296586,-0.00196888719230659,-359197.5685074942,757.3900146484375,-0.004586781374170235,2026-09-15
SPY260916P00735000,2026-09-15 20:14:28+00:00,735.0,0.08,0.08,0.09,-0.13,-61.904762,3177.0,2920.0,0.20117986328124998,False,REGULAR,USD,SPY,put,2026-09-16,0.0027397260273972603,0.08499999999999999,0.0008247399449075173,-0.0020827086898557168,-1381462.2795107989,757.3900146484375,-0.004586781374170235,2026-09-15
SPY260916P00736000,2026-09-15 20:10:46+00:00,736.0,0.09,0.09,0.1,-0.14,-60.869564,1034.0,508.0,0.196297099609375,False,REGULAR,USD,SPY,put,2026-09-16,0.0027397260273972603,0.095,0.0010057010881933807,-0.002523309896132253,-293070.2822532145,757.3900146484375,-0.004586781374170235,2026-09-15
SPY260916P00737000,2026-09-15 20:14:38+00:00,737.0,0.1,0.09,0.1,-0.16,-61.538464,1379.0,386.0,0.188484677734375,False,REGULAR,USD,SPY,put,2026-09-16,0.0027397260273972603,0.095,0.0011132021319742243,-0.0026993887940985895,-246490.66945598455,757.3900146484375,-0.004586781374170235,2026-09-15
SPY260916P00738000,2026-09-15 20:14:34+00:00,738.0,0.1,0.1,0.11,-0.18,-64.28571,1105.0,450.0,0.18360191406249998,False,REGULAR,USD,SPY,put,2026-09-16,0.0027397260273972603,0.10500000000000001,0.0013752463161384866,-0.003315163099283258,-355003.1072312384,757.3900146484375,-0.004586781374170235,2026-09-15
SPY260916P00739000,2026-09-15 20:13:42+00:00,739.0,0.11,0.11,0.12,-0.19000001,-63.333336,1435.0,679.0,0.1782308740234375,False,REGULAR,USD,SPY,put,2026-09-16,0.0027397260273972603,0.11499999999999999,0.0016803818677891946,-0.004009820217023563,-654510.9416311115,757.3900146484375,-0.004586781374170235,2026-09-15
SPY260916P00740000,2026-09-15 20:14:51+00:00,740.0,0.13,0.12,0.13,-0.20000002,-60.606064,6809.0,2300.0,0.17237155761718753,False,REGULAR,USD,SPY,put,2026-09-16,0.0027397260273972603,0.125,0.0020337945959326225,-0.004782480777288711,-2683329.9329291387,757.3900146484375,-0.004586781374170235,2026-09-15
SPY260916P00741000,2026-09-15 20:14:39+00:00,741.0,0.14,0.14,0.15,-0.2,-58.82353,3275.0,236.0,0.16846534667968754,False,REGULAR,USD,SPY,put,2026-09-16,0.0027397260273972603,0.14500000000000002,0.0026383725655082786,-0.006246586906529794,-357180.1173688266,757.3900146484375,-0.004586781374170235,2026-09-15
SPY260916P00742000,2026-09-15 20:13:56+00:00,742.0,0.17,0.16,0.17,-0.21999998,-56.410255,4872.0,516.0,0.16407085937500002,False,REGULAR,USD,SPY,put,2026-09-16,0.0027397260273972603,0.165,0.0033812252238498873,-0.00803037123872885,-1000836.0772430034,757.3900146484375,-0.004586781374170235,2026-09-15
SPY260916P00743000,2026-09-15 20:14:47+00:00,743.0,0.2,0.19,0.2,-0.21,-51.219513,3402.0,818.0,0.16040878662109376,False,REGULAR,USD,SPY,put,2026-09-16,0.0027397260273972603,0.195,0.004435128568882964,-0.010670547177101919,-2081127.4037685744,757.3900146484375,-0.004586781374170235,2026-09-15
SPY260916P00744000,2026-09-15 20:14:59+00:00,744.0,0.23,0.23,0.24,-0.24,-51.06383,7513.0,611.0,0.1577232666015625,False,REGULAR,USD,SPY,put,2026-09-16,0.0027397260273972603,0.235,0.0059530013746269764,-0.014701944664755162,-2086490.1717244354,757.3900146484375,-0.004586781374170235,2026-09-15
SPY260916P00745000,2026-09-15 20:14:43+00:00,745.0,0.28,0.27,0.28,-0.22999999,-45.098038,13823.0,2528.0,0.15357291748046875,False,REGULAR,USD,SPY,put,2026-09-16,0.0027397260273972603,0.275,0.0076975222945291355,-0.0192461248552086,-11162646.593386939,757.3900146484375,-0.004586781374170235,2026-09-15
SPY260916P00746000,2026-09-15 20:14:58+00:00,746.0,0.33,0.33,0.34,-0.24999997,-43.103443,8187.0,875.0,0.1511315356445313,False,REGULAR,USD,SPY,put,2026-09-16,0.0027397260273972603,0.335,0.010274339964981663,-0.026599057586819796,-5157047.542565262,757.3900146484375,-0.004586781374170235,2026-09-15
SPY260916P00747000,2026-09-15 20:14:55+00:00,747.0,0.4,0.41,0.42,-0.22999999,-36.507935,9256.0,579.0,0.14917843017578125,False,REGULAR,USD,SPY,put,2026-09-16,0.0027397260273972603,0.415,0.013665658258219813,-0.036971965491223946,-4538875.496022631,757.3900146484375,-0.004586781374170235,2026-09-15
SPY260916P00748000,2026-09-15 20:14:59+00:00,748.0,0.49,0.49,0.5,-0.21999997,-30.98591,7076.0,882.0,0.14600463378906248,False,REGULAR,USD,SPY,put,2026-09-16,0.0027397260273972603,0.495,0.017650964908981995,-0.049411787150909325,-8930508.474721005,757.3900146484375,-0.004586781374170235,2026-09-15
SPY260916P00749000,2026-09-15 20:14:50+00:00,749.0,0.6,0.6,0.61,-0.19,-24.050632,7031.0,2936.0,0.14380739013671873,False,REGULAR,USD,SPY,put,2026-09-16,0.0027397260273972603,0.605,0.022779695675902413,-0.06704096720892372,-38365699.36723753,757.3900146484375,-0.004586781374170235,2026-09-15
SPY260916P00750000,2026-09-15 20:14:55+00:00,750.0,0.74,0.73,0.74,-0.15999997,-17.777775,29124.0,2736.0,0.14136600830078128,False,REGULAR,USD,SPY,put,2026-09-16,0.0027397260273972603,0.735,0.028864763650566918,-0.08953431457955374,-45302612.662473254,757.3900146484375,-0.004586781374170235,2026-09-15
SPY260916P00751000,2026-09-15 20:14:57+00:00,751.0,0.89,0.89,0.9,-0.120000005,-11.881188,10024.0,1308.0,0.1392908337402344,False,REGULAR,USD,SPY,put,2026-09-16,0.0027397260273972603,0.895,0.03597980960918512,-0.11884512408131198,-26996393.832416594,757.3900146484375,-0.004586781374170235,2026-09-15
SPY260916P00752000,2026-09-15 20:14:59+00:00,752.0,1.08,1.07,1.08,-0.06999993,-6.086951,19233.0,1198.0,0.13672738281250002,False,REGULAR,USD,SPY,put,2026-09-16,0.0027397260273972603,1.0750000000000002,0.04388903524933839,-0.15461313315310266,-30161435.17542198,757.3900146484375,-0.004586781374170235,2026-09-15
SPY260916P00753000,2026-09-15 20:14:57+00:00,753.0,1.28,1.29,1.3,0.0,0.0,15584.0,1237.0,0.1344080700683594,False,REGULAR,USD,SPY,put,2026-09-16,0.0027397260273972603,1.295,0.05237500844814174,-0.19894978726402657,-37164898.91610755,757.3900146484375,-0.004586781374170235,2026-09-15
SPY260916P00754000,2026-09-15 20:14:59+00:00,754.0,1.54,1.53,1.54,0.099999905,6.9444375,19450.0,939.0,0.13123427368164062,False,REGULAR,USD,SPY,put,2026-09-16,0.0027397260273972603,1.5350000000000001,0.06116425794071218,-0.25064825398297297,-32945981.760720655,757.3900146484375,-0.004586781374170235,2026-09-15
SPY260916P00755000,2026-09-15 20:14:59+00:00,755.0,1.82,1.81,1.82,0.18000007,10.975615,30280.0,1886.0,0.127938408203125,False,REGULAR,USD,SPY,put,2026-09-16,0.0027397260273972603,1.815,0.06970124576062989,-0.31147235399831297,-75408686.9827038,757.3900146484375,-0.004586781374170235,2026-09-15
SPY260916P00756000,2026-09-15 20:14:57+00:00,756.0,2.14,2.13,2.15,0.2800001,15.053768,29355.0,1197.0,0.12488668090820312,False,REGULAR,USD,SPY,put,2026-09-16,0.0027397260273972603,2.1399999999999997,0.07700887674066019,-0.3816890098748901,-52877886.63696601,757.3900146484375,-0.004586781374170235,2026-09-15
SPY260916P00757000,2026-09-15 20:14:59+00:00,757.0,2.5,2.5,2.51,0.3800001,17.924534,54921.0,3138.0,0.12073633178710938,False,REGULAR,USD,SPY,put,2026-09-16,0.0027397260273972603,2.505,0.08291622237696755,-0.45937620153823233,-149255930.7872599,757.3900146484375,-0.004586781374170235,2026-09-15
SPY260916P00758000,2026-09-15 20:14:58+00:00,758.0,2.91,2.92,2.93,0.52,21.75732,41409.0,2778.0,0.11683012084960936,True,REGULAR,USD,SPY,put,2026-09-16,0.0027397260273972603,2.925,0.08560960581187656,-0.5440610894145657,-136424976.92944896,757.3900146484375,-0.004586781374170235,2026-09-15
SPY260916P00759000,2026-09-15 20:14:56+00:00,759.0,3.38,3.38,3.39,0.6600001,24.264708,17176.0,1209.0,0.11182528808593749,True,REGULAR,USD,SPY,put,2026-09-16,0.0027397260273972603,3.385,0.08490376464441012,-0.633498654440718,-58883334.88097437,757.3900146484375,-0.004586781374170235,2026-09-15
SPY260916P00760000,2026-09-15 20:14:37+00:00,760.0,3.9,3.88,3.91,0.8200002,26.623383,21219.0,5413.0,0.10627114440917969,True,REGULAR,USD,SPY,put,2026-09-16,0.0027397260273972603,3.895,0.07928603164650769,-0.7244003973458781,-246191956.00145715,757.3900146484375,-0.004586781374170235,2026-09-15
SPY260916P00761000,2026-09-15 20:14:37+00:00,761.0,4.47,4.44,4.48,0.99999976,28.818438,5467.0,1051.0,0.09925217163085936,True,REGULAR,USD,SPY,put,2026-09-16,0.0027397260273972603,4.460000000000001,0.06813589411232138,-0.8136960552360687,-41078807.298965394,757.3900146484375,-0.004586781374170235,2026-09-15
SPY260916P00762000,2026-09-15 20:14:40+00:00,762.0,5.07,5.05,5.1,1.1300001,28.680206,2086.0,1045.0,0.08948664428710937,True,REGULAR,USD,SPY,put,2026-09-16,0.0027397260273972603,5.074999999999999,0.050217278219993076,-0.8979217518860683,-30102919.063203968,757.3900146484375,-0.004586781374170235,2026-09-15
SPY260916P00763000,2026-09-15 20:14:33+00:00,763.0,5.76,5.72,5.77,1.3000002,29.147985,878.0,1180.0,0.0727631787109375,True,REGULAR,USD,SPY,put,2026-09-16,0.0027397260273972603,5.744999999999999,0.02244747168127266,-0.9717373241020844,-15194576.146234607,757.3900146484375,-0.004586781374170235,2026-09-15
SPY260916P00779000,2026-09-14 16:25:26+00:00,779.0,16.77,19.61,22.99,0.0,0.0,3.0,1.0,0.3481510498046875,True,REGULAR,USD,SPY,put,2026-09-16,0.0027397260273972603,21.299999999999997,0.008985268764331008,-0.9368271487490831,-5154.306287960655,757.3900146484375,-0.004586781374170235,2026-09-15
SPY260916P00780000,2026-09-15 18:00:00+00:00,780.0,22.69,20.64,23.99,4.91,27.615297,44.0,0.0,0.3588931298828125,True,REGULAR,USD,SPY,put,2026-09-16,0.0027397260273972603,22.314999999999998,0.008426255835129823,-0.9395077866509745,-0.0,757.3900146484375,-0.004586781374170235,2026-09-15
SPY260916P00781000,2026-09-14 19:58:06+00:00,781.0,19.85,21.09,24.98,0.0,0.0,4.0,4.0,0.36865865722656255,True,REGULAR,USD,SPY,put,2026-09-16,0.0027397260273972603,23.035,0.007890942990868123,-0.9424261984730536,-18106.230605912817,757.3900146484375,-0.004586781374170235,2026-09-15
SPY260916P00782000,2026-09-15 18:00:18+00:00,782.0,24.58,22.08,25.98,4.42,21.924603,2.0,0.0,0.37915659912109373,True,REGULAR,USD,SPY,put,2026-09-16,0.0027397260273972603,24.03,0.007429275484392687,-0.944731586759121,-0.0,757.3900146484375,-0.004586781374170235,2026-09-15
SPY260916P00783000,2026-09-14 16:57:24+00:00,783.0,20.13,23.02,26.99,0.0,0.0,48.0,0.0,0.39038695556640624,True,REGULAR,USD,SPY,put,2026-09-16,0.0027397260273972603,25.005,0.0070321258012907934,-0.9465016723848024,-0.0,757.3900146484375,-0.004586781374170235,2026-09-15
SPY260916P00784000,2026-09-14 13:51:19+00:00,784.0,23.75,24.08,27.99,0.0,0.0,20.0,0.0,0.4007628283691406,True,REGULAR,USD,SPY,put,2026-09-16,0.0027397260273972603,26.034999999999997,0.006646840540828893,-0.948493376515838,-0.0,757.3900146484375,-0.004586781374170235,2026-09-15
SPY260916P00785000,2026-09-15 15:14:19+00:00,785.0,28.12,25.09,28.98,4.5600014,19.354845,18.0,0.0,0.4101621484375,True,REGULAR,USD,SPY,put,2026-09-16,0.0027397260273972603,27.035,0.006269097348463724,-0.9507268888733837,-0.0,757.3900146484375,-0.004586781374170235,2026-09-15
SPY260916P00786000,2026-09-14 15:46:56+00:00,786.0,24.28,26.06,29.98,0.0,0.0,84.0,0.0,0.4204159521484375,True,REGULAR,USD,SPY,put,2026-09-16,0.0027397260273972603,28.02,0.005945648702111489,-0.9524387953481601,-0.0,757.3900146484375,-0.004586781374170235,2026-09-15
SPY260916P00787000,2026-09-14 15:59:32+00:00,787.0,25.19,27.09,30.98,0.0,0.0,138.0,0.0,0.4304256176757813,True,REGULAR,USD,SPY,put,2026-09-16,0.0027397260273972603,29.035,0.005643112948271898,-0.9541097530509982,-0.0,757.3900146484375,-0.004586781374170235,2026-09-15
SPY260916P00788000,2026-09-14 17:47:21+00:00,788.0,24.66,28.04,31.98,0.0,0.0,154.0,0.0,0.4405573522949219,True,REGULAR,USD,SPY,put,2026-09-16,0.0027397260273972603,30.009999999999998,0.005368026928857979,-0.955607957544185,-0.0,757.3900146484375,-0.004586781374170235,2026-09-15
SPY260916P00789000,2026-09-15 15:32:43+00:00,789.0,32.05,29.06,32.99,5.1399994,19.100704,24.0,0.0,0.4514215014648438,True,REGULAR,USD,SPY,put,2026-09-16,0.0027397260273972603,31.025,0.005131205655276819,-0.9567357560950523,-0.0,757.3900146484375,-0.004586781374170235,2026-09-15
SPY260916P00790000,2026-09-15 18:48:14+00:00,790.0,33.04,30.08,33.98,4.540001,15.929828,173.0,1.0,0.46045461425781253,True,REGULAR,USD,SPY,put,2026-09-16,0.0027397260273972603,32.03,0.004873026195613163,-0.9584043645505922,-2795.3609647330336,757.3900146484375,-0.004586781374170235,2026-09-15
SPY260916P00791000,2026-09-15 17:01:17+00:00,791.0,33.24,31.06,34.78,2.3100014,7.4684815,54.0,0.0,0.45044494873046875,True,REGULAR,USD,SPY,put,2026-09-16,0.0027397260273972603,32.92,0.0042242013832607585,-0.9660103891249071,-0.0,757.3900146484375,-0.004586781374170235,2026-09-15
SPY260916P00794000,2026-09-15 14:15:02+00:00,794.0,35.99,34.04,37.98,4.830002,15.500648,18.0,0.0,0.4993946545410156,True,REGULAR,USD,SPY,put,2026-09-16,0.0027397260273972603,36.01,0.004070019258642267,-0.963162758093237,-0.0,757.3900146484375,-0.004586781374170235,2026-09-15
SPY260916P00795000,2026-09-15 18:48:35+00:00,795.0,38.03,35.08,38.98,2.789997,7.9171305,200.0,0.0,0.5090381127929688,True,REGULAR,USD,SPY,put,2026-09-16,0.0027397260273972603,37.03,0.0039018346550857078,-0.9641867001006321,-0.0,757.3900146484375,-0.004586781374170235,2026-09-15
SPY260916P00796000,2026-09-15 18:16:41+00:00,796.0,38.42,36.09,39.98,4.579998,13.534273,252.0,0.0,0.5185595019531251,True,REGULAR,USD,SPY,put,2026-09-16,0.0027397260273972603,38.035,0.0037429678134163194,-0.9651785632917784,-0.0,757.3900146484375,-0.004586781374170235,2026-09-15
SPY260916P00797000,2026-09-15 18:17:18+00:00,797.0,37.67,37.08,40.98,2.2699966,6.41242,142.0,0.0,0.5280808911132813,True,REGULAR,USD,SPY,put,2026-09-16,0.0027397260273972603,39.03,0.003594646616092184,-0.9661082279953106,-0.0,757.3900146484375,-0.004586781374170235,2026-09-15
SPY260916P00800000,2026-09-15 16:18:43+00:00,800.0,43.06,40.08,43.98,5.450001,14.4908285,432.0,4.0,0.5561567822265626,True,REGULAR,USD,SPY,put,2026-09-16,0.0027397260273972603,42.03,0.0031973205592039653,-0.9686892557464754,-7336.439185147906,757.3900146484375,-0.004586781374170235,2026-09-15
SPY260916P00803000,2026-09-14 17:39:18+00:00,803.0,40.25,43.01,46.98,0.0,0.0,306.0,0.0,0.5839885351562499,True,REGULAR,USD,SPY,put,2026-09-16,0.0027397260273972603,44.995,0.0028657522355571997,-0.9708984305550794,-0.0,757.3900146484375,-0.004586781374170235,2026-09-15
SPY260916P00810000,2026-09-14 14:23:33+00:00,810.0,50.74,50.08,53.78,0.0,0.0,18.0,0.0,0.6232947827148438,True,REGULAR,USD,SPY,put,2026-09-16,0.0027397260273972603,51.93,0.002020497572653435,-0.9792631984573917,-0.0,757.3900146484375,-0.004586781374170235,2026-09-15
SPY260916P00815000,2026-09-08 19:09:12+00:00,815.0,48.09,55.08,58.78,0.0,0.0,0.0,0.0,0.666263103027344,True,REGULAR,USD,SPY,put,2026-09-16,0.0027397260273972603,56.93,0.0017306562927548895,-0.9813089027513106,-0.0,757.3900146484375,-0.004586781374170235,2026-09-15
SPY260916P00820000,2026-09-09 14:34:39+00:00,820.0,56.38,60.08,63.78,0.0,0.0,0.0,0.0,0.7082548706054688,True,REGULAR,USD,SPY,put,2026-09-16,0.0027397260273972603,61.93,0.001498573678880461,-0.9830391797127147,-0.0,757.3900146484375,-0.004586781374170235,2026-09-15
SPY260917C00595000,2026-09-10 16:35:13+00:00,595.0,162.88,161.21,165.18,0.0,0.0,0.0,4.0,1.365237548828125,True,REGULAR,USD,SPY,call,2026-09-17,0.005479452054794521,163.195,0.00026521710994424456,0.9926679531589132,608.5561838225781,757.3900146484375,-0.004586781374170235,2026-09-15
SPY260917C00645000,2026-09-15 14:48:26+00:00,645.0,114.4,111.23,113.93,-6.239998,-5.172412,1.0,5.0,0.7763694238281251,True,REGULAR,USD,SPY,call,2026-09-17,0.005479452054794521,112.58000000000001,0.00016828094578060833,0.9976548222613834,482.66310097711096,757.3900146484375,-0.004586781374170235,2026-09-15
SPY260917C00655000,2026-09-11 18:40:16+00:00,655.0,110.66,101.24,104.6,0.0,0.0,0.0,9.0,0.8271501660156249,True,REGULAR,USD,SPY,call,2026-09-17,0.005479452054794521,102.91999999999999,0.00047560458239987016,0.9919435063196802,2455.430748426993,757.3900146484375,-0.004586781374170235,2026-09-15
SPY260917C00665000,2026-09-11 18:39:39+00:00,665.0,100.67,91.25,93.9,0.0,0.0,0.0,15.0,0.6425816992187501,True,REGULAR,USD,SPY,call,2026-09-17,0.005479452054794521,92.575,0.0002432939429380329,0.9971394566822338,2093.4457267761154,757.3900146484375,-0.004586781374170235,2026-09-15
SPY260917C00690000,2026-09-11 16:35:16+00:00,690.0,75.98,66.28,68.94,0.0,0.0,0.0,4.0,0.7116728051757812,True,REGULAR,USD,SPY,call,2026-09-17,0.005479452054794521,67.61,0.001980828750879866,0.9640229448793202,4545.127520976724,757.3900146484375,-0.004586781374170235,2026-09-15
SPY260917C00695000,2026-09-10 14:39:23+00:00,695.0,65.2,61.29,63.95,0.0,0.0,0.0,15.0,0.6696810375976563,True,REGULAR,USD,SPY,call,2026-09-17,0.005479452054794521,62.620000000000005,0.002244562623638989,0.9610818877222209,19313.551238450822,757.3900146484375,-0.004586781374170235,2026-09-15
SPY260917C00700000,2026-09-11 20:10:30+00:00,700.0,64.73,56.29,59.28,0.0,0.0,0.0,12.0,0.6579624047851562,True,REGULAR,USD,SPY,call,2026-09-17,0.005479452054794521,57.785,0.0027872679392579626,0.9501931760526159,19186.648336102073,757.3900146484375,-0.004586781374170235,2026-09-15
SPY260917C00705000,2026-09-10 19:14:58+00:00,705.0,53.72,51.79,53.52,0.0,0.0,0.0,107.0,0.539189178466797,True,REGULAR,USD,SPY,call,2026-09-17,0.005479452054794521,52.655,0.0025125001049235347,0.9657259197102769,154215.85162336007,757.3900146484375,-0.004586781374170235,2026-09-15
SPY260917C00720000,2026-09-14 15:19:43+00:00,720.0,39.55,36.35,39.04,0.0,0.0,1.0,5.0,0.4577690942382813,True,REGULAR,USD,SPY,call,2026-09-17,0.005479452054794521,37.695,0.004915256985719932,0.9354261555147402,14097.931098628113,757.3900146484375,-0.004586781374170235,2026-09-15
SPY260917C00725000,2026-09-11 16:51:31+00:00,725.0,40.9,31.39,34.08,0.0,0.0,40.0,13.0,0.4149228430175781,True,REGULAR,USD,SPY,call,2026-09-17,0.005479452054794521,32.735,0.006032840872926821,0.9258434912674609,44988.79621691573,757.3900146484375,-0.004586781374170235,2026-09-15
SPY260917C00730000,2026-09-11 15:25:57+00:00,730.0,36.5,26.44,28.63,0.0,0.0,0.0,7.0,0.3354558642578125,True,REGULAR,USD,SPY,call,2026-09-17,0.005479452054794521,27.535,0.006839296664733074,0.9337850653682067,27463.041462867885,757.3900146484375,-0.004586781374170235,2026-09-15
SPY260917C00732000,2026-09-15 14:51:05+00:00,732.0,25.04,25.01,27.18,-2.33,-8.51297,2.0,3.0,0.35559726440429684,True,REGULAR,USD,SPY,call,2026-09-17,0.005479452054794521,26.095,0.008408053028582465,0.906059754696118,14469.577393199737,757.3900146484375,-0.004586781374170235,2026-09-15
SPY260917C00735000,2026-09-15 14:51:05+00:00,735.0,22.13,22.09,23.72,-8.720001,-28.265806,2.0,39.0,0.2962716857910156,True,REGULAR,USD,SPY,call,2026-09-17,0.005479452054794521,22.905,0.009150372888605323,0.9176204775145435,204711.64573973123,757.3900146484375,-0.004586781374170235,2026-09-15
SPY260917C00737000,2026-09-15 14:51:05+00:00,737.0,20.26,20.27,21.78,-3.5300007,-14.838169,2.0,4.0,0.2815013256835937,True,REGULAR,USD,SPY,call,2026-09-17,0.005479452054794521,21.025,0.010429885761912007,0.9083406740752009,23931.983416563697,757.3900146484375,-0.004586781374170235,2026-09-15
SPY260917C00740000,2026-09-15 19:27:57+00:00,740.0,17.99,17.4,18.89,-3.7600002,-17.287357,39.0,29.0,0.25928475097656256,True,REGULAR,USD,SPY,call,2026-09-17,0.005479452054794521,18.145,0.012860423023662413,0.8908851606021901,213940.20244283054,757.3900146484375,-0.004586781374170235,2026-09-15
SPY260917C00741000,2026-09-15 14:23:28+00:00,741.0,17.26,16.46,17.96,-4.7199993,-21.474066,6.0,20.0,0.2534254345703125,True,REGULAR,USD,SPY,call,2026-09-17,0.005479452054794521,17.21,0.013876131196680113,0.8824434055478687,159197.9765002398,757.3900146484375,-0.004586781374170235,2026-09-15
SPY260917C00742000,2026-09-15 19:59:19+00:00,742.0,16.2,15.52,17.06,-3.5999985,-18.18181,4.0,2.0,0.24890887817382812,True,REGULAR,USD,SPY,call,2026-09-17,0.005479452054794521,16.29,0.015007148839369842,0.8718755809064432,17217.390743878226,757.3900146484375,-0.004586781374170235,2026-09-15
SPY260917C00743000,2026-09-15 13:37:22+00:00,743.0,17.38,14.6,16.12,-2.83,-14.00297,6.0,9.0,0.24182887084960938,True,REGULAR,USD,SPY,call,2026-09-17,0.005479452054794521,15.36,0.016195979053258303,0.8627530654001957,83615.89950959396,757.3900146484375,-0.004586781374170235,2026-09-15
SPY260917C00744000,2026-09-15 16:26:35+00:00,744.0,14.66,13.84,15.18,-1.1000004,-6.9796977,24.0,13.0,0.23450472534179687,True,REGULAR,USD,SPY,call,2026-09-17,0.005479452054794521,14.51,0.01750574643236668,0.8528809586574313,130545.86975848075,757.3900146484375,-0.004586781374170235,2026-09-15
SPY260917C00745000,2026-09-15 20:06:57+00:00,745.0,12.83,13.8,14.3,-4.1800003,-24.573782,23.0,72.0,0.2298660998535156,True,REGULAR,USD,SPY,call,2026-09-17,0.005479452054794521,14.05,0.01894953370899813,0.8390960933970452,782654.6582481457,757.3900146484375,-0.004586781374170235,2026-09-15
SPY260917C00746000,2026-09-15 15:23:22+00:00,746.0,12.75,12.04,13.38,-2.83,-18.164312,5.0,217.0,0.22272505798339842,True,REGULAR,USD,SPY,call,2026-09-17,0.005479452054794521,12.71,0.020527184569094966,0.8265495359450308,2555219.842876776,757.3900146484375,-0.004586781374170235,2026-09-15
SPY260917C00747000,2026-09-15 20:12:31+00:00,747.0,12.4,12.28,12.53,-2.88,-18.848167,28.0,31.0,0.21851367431640623,True,REGULAR,USD,SPY,call,2026-09-17,0.005479452054794521,12.405,0.022195082281972405,0.8093798888817576,394691.34538070264,757.3900146484375,-0.004586781374170235,2026-09-15
SPY260917C00748000,2026-09-15 19:30:11+00:00,748.0,10.64,10.3,11.63,-5.2,-32.82828,64.0,14.0,0.21143366699218746,True,REGULAR,USD,SPY,call,2026-09-17,0.005479452054794521,10.965,0.024066927886112328,0.7935853180715217,193280.41195474297,757.3900146484375,-0.004586781374170235,2026-09-15
SPY260917C00749000,2026-09-15 19:39:09+00:00,749.0,9.54,10.04,10.79,-5.01,-34.43299,123.0,27.0,0.20655090332031245,True,REGULAR,USD,SPY,call,2026-09-17,0.005479452054794521,10.415,0.025994067366573444,0.773534592343584,402603.1370419227,757.3900146484375,-0.004586781374170235,2026-09-15
SPY260917C00750000,2026-09-15 19:46:07+00:00,750.0,8.86,9.59,9.96,-3.6400003,-29.120003,201.0,207.0,0.20142400146484374,True,REGULAR,USD,SPY,call,2026-09-17,0.005479452054794521,9.775,0.028039417527976684,0.7516757476526775,3329495.891800931,757.3900146484375,-0.004586781374170235,2026-09-15
SPY260917C00751000,2026-09-15 18:10:04+00:00,751.0,8.76,8.52,9.16,-3.6999998,-29.69502,30.0,37.0,0.19690744506835936,True,REGULAR,USD,SPY,call,2026-09-17,0.005479452054794521,8.84,0.03011916391631266,0.726948972015292,639269.2084398081,757.3900146484375,-0.004586781374170235,2026-09-15
SPY260917C00752000,2026-09-15 19:57:39+00:00,752.0,7.52,8.23,8.37,-4.5899997,-37.902557,69.0,179.0,0.19196364685058598,True,REGULAR,USD,SPY,call,2026-09-17,0.005479452054794521,8.3,0.03229382741729885,0.7002574910843784,3315978.4635527264,757.3900146484375,-0.004586781374170235,2026-09-15
SPY260917C00753000,2026-09-15 19:59:58+00:00,753.0,7.1,7.47,7.59,-3.9500003,-35.74661,309.0,362.0,0.18659260681152345,True,REGULAR,USD,SPY,call,2026-09-17,0.005479452054794521,7.529999999999999,0.03456121552902116,0.6713491892046084,7176897.259269671,757.3900146484375,-0.004586781374170235,2026-09-15
SPY260917C00754000,2026-09-15 20:09:04+00:00,754.0,6.63,6.75,6.88,-3.9700003,-37.45283,164.0,145.0,0.18305260314941402,True,REGULAR,USD,SPY,call,2026-09-17,0.005479452054794521,6.8149999999999995,0.03651168361846667,0.6383357562577927,3036959.5815359186,757.3900146484375,-0.004586781374170235,2026-09-15
SPY260917C00755000,2026-09-15 20:11:40+00:00,755.0,6.04,6.05,6.18,-2.4099998,-28.520708,1076.0,915.0,0.17884121948242188,True,REGULAR,USD,SPY,call,2026-09-17,0.005479452054794521,6.115,0.03844657975775736,0.6033078913509681,20179850.985996705,757.3900146484375,-0.004586781374170235,2026-09-15
SPY260917C00756000,2026-09-15 20:14:30+00:00,756.0,5.4,5.38,5.46,-3.3399997,-38.2151,2270.0,228.0,0.17292086853027344,True,REGULAR,USD,SPY,call,2026-09-17,0.005479452054794521,5.42,0.04058037742370029,0.5663280771544632,5307500.933139638,757.3900146484375,-0.004586781374170235,2026-09-15
SPY260917C00757000,2026-09-15 20:14:55+00:00,757.0,4.81,4.79,4.84,-2.27,-32.06215,6943.0,385.0,0.16950293395996097,True,REGULAR,USD,SPY,call,2026-09-17,0.005479452054794521,4.8149999999999995,0.041892191963303495,0.5258306956404283,9251943.345799278,757.3900146484375,-0.004586781374170235,2026-09-15
SPY260917C00758000,2026-09-15 20:14:49+00:00,758.0,4.2,4.2,4.22,-2.1400003,-33.75395,7916.0,756.0,0.1648643084716797,False,REGULAR,USD,SPY,call,2026-09-17,0.005479452054794521,4.21,0.04312349478418278,0.4832869180402895,18701433.40761546,757.3900146484375,-0.004586781374170235,2026-09-15
SPY260917C00759000,2026-09-15 20:14:37+00:00,759.0,3.64,3.65,3.66,-1.99,-35.34636,4277.0,638.0,0.161141201171875,False,REGULAR,USD,SPY,call,2026-09-17,0.005479452054794521,3.6550000000000002,0.043640211390110206,0.4389310353254615,15971535.627555413,757.3900146484375,-0.004586781374170235,2026-09-15
SPY260917C00760000,2026-09-15 20:14:47+00:00,760.0,3.13,3.12,3.14,-1.9200001,-38.019802,11074.0,1785.0,0.1574180938720703,False,REGULAR,USD,SPY,call,2026-09-17,0.005479452054794521,3.13,0.04357811755691654,0.39335477446385425,44621671.721771955,757.3900146484375,-0.004586781374170235,2026-09-15
SPY260917C00761000,2026-09-15 20:14:52+00:00,761.0,2.66,2.65,2.67,-1.7899997,-40.224712,3174.0,287.0,0.15412222839355472,False,REGULAR,USD,SPY,call,2026-09-17,0.005479452054794521,2.66,0.042757280296851836,0.3475749926778452,7039326.6715806555,757.3900146484375,-0.004586781374170235,2026-09-15
SPY260917C00762000,2026-09-15 20:14:29+00:00,762.0,2.22,2.22,2.23,-1.6499999,-42.635654,4385.0,771.0,0.15039912109375003,False,REGULAR,USD,SPY,call,2026-09-17,0.005479452054794521,2.225,0.041333556416836205,0.3015977900051283,18280846.530041534,757.3900146484375,-0.004586781374170235,2026-09-15
SPY260917C00763000,2026-09-15 20:14:23+00:00,763.0,1.82,1.83,1.84,-1.5099999,-45.34534,3418.0,947.0,0.1469811865234375,False,REGULAR,USD,SPY,call,2026-09-17,0.005479452054794521,1.835,0.039124914092891996,0.2569767847464808,21254090.537013788,757.3900146484375,-0.004586781374170235,2026-09-15
SPY260917C00764000,2026-09-15 20:14:54+00:00,764.0,1.49,1.48,1.5,-1.3499999,-47.535206,3931.0,544.0,0.14380739013671873,False,REGULAR,USD,SPY,call,2026-09-17,0.005479452054794521,1.49,0.03620682733171766,0.21465442770558213,11298701.126999488,757.3900146484375,-0.004586781374170235,2026-09-15
SPY260917C00765000,2026-09-15 20:14:53+00:00,765.0,1.19,1.19,1.2,-1.23,-50.826447,3817.0,2226.0,0.14063359375,False,REGULAR,USD,SPY,call,2026-09-17,0.005479452054794521,1.1949999999999998,0.032708639948416184,0.17512609225689696,41766376.246542364,757.3900146484375,-0.004586781374170235,2026-09-15
SPY260917C00766000,2026-09-15 20:14:15+00:00,766.0,0.93,0.93,0.94,-1.0999999,-54.18719,1753.0,1919.0,0.13739876281738284,False,REGULAR,USD,SPY,call,2026-09-17,0.005479452054794521,0.935,0.028755028057494865,0.13901058623624057,31653950.63166285,757.3900146484375,-0.004586781374170235,2026-09-15
SPY260917C00767000,2026-09-15 20:14:28+00:00,767.0,0.71,0.72,0.73,-0.96999997,-57.7381,2721.0,1120.0,0.13477427734375003,False,REGULAR,USD,SPY,call,2026-09-17,0.005479452054794521,0.725,0.02457052799175626,0.10806826806634601,15785984.134460557,757.3900146484375,-0.004586781374170235,2026-09-15
SPY260917C00768000,2026-09-15 20:14:59+00:00,768.0,0.54,0.54,0.55,-0.83,-60.583942,1600.0,964.0,0.131844619140625,False,REGULAR,USD,SPY,call,2026-09-17,0.005479452054794521,0.545,0.020310558463265703,0.08104560034719022,11231507.441229599,757.3900146484375,-0.004586781374170235,2026-09-15
SPY260917C00769000,2026-09-15 20:14:37+00:00,769.0,0.4,0.4,0.41,-0.69000006,-63.302757,1438.0,750.0,0.1294032373046875,False,REGULAR,USD,SPY,call,2026-09-17,0.005479452054794521,0.405,0.016274375504810402,0.059323651197818385,7001720.109647931,757.3900146484375,-0.004586781374170235,2026-09-15
SPY260917C00770000,2026-09-15 20:14:52+00:00,770.0,0.3,0.29,0.3,-0.58,-65.90909,2729.0,3350.0,0.12708392456054687,False,REGULAR,USD,SPY,call,2026-09-17,0.005479452054794521,0.295,0.012597333035649111,0.042059325408920926,24208203.87722153,757.3900146484375,-0.004586781374170235,2026-09-15
SPY260917C00771000,2026-09-15 20:14:14+00:00,771.0,0.21,0.21,0.22,-0.49,-70.0,1766.0,1800.0,0.12549702636718751,False,REGULAR,USD,SPY,call,2026-09-17,0.005479452054794521,0.215,0.009523251210836107,0.029449819165067514,9833245.815290092,757.3900146484375,-0.004586781374170235,2026-09-15
SPY260917C00772000,2026-09-15 20:14:50+00:00,772.0,0.16,0.15,0.16,-0.38000003,-70.37038,1527.0,1049.0,0.1245204736328125,False,REGULAR,USD,SPY,call,2026-09-17,0.005479452054794521,0.155,0.007068929398046664,0.02045451527228747,4253713.960372241,757.3900146484375,-0.004586781374170235,2026-09-15
SPY260917C00773000,2026-09-15 20:14:36+00:00,773.0,0.11,0.1,0.11,-0.3,-73.17073,1101.0,642.0,0.12256736816406251,False,REGULAR,USD,SPY,call,2026-09-17,0.005479452054794521,0.10500000000000001,0.004940832979752553,0.013214368569326604,1819593.3943441878,757.3900146484375,-0.004586781374170235,2026-09-15
SPY260917C00774000,2026-09-15 20:14:31+00:00,774.0,0.08,0.07,0.08,-0.23,-74.19355,758.0,2263.0,0.12207909179687501,False,REGULAR,USD,SPY,call,2026-09-17,0.005479452054794521,0.07500000000000001,0.003499451934655179,0.008850070726865692,4542801.254282312,757.3900146484375,-0.004586781374170235,2026-09-15
SPY260917C00775000,2026-09-15 20:14:52+00:00,775.0,0.06,0.05,0.06,-0.16,-72.72727,1044.0,4689.0,0.12256736816406251,False,REGULAR,USD,SPY,call,2026-09-17,0.005479452054794521,0.055,0.0025212494783690806,0.006128509603776278,6781647.380083909,757.3900146484375,-0.004586781374170235,2026-09-15
SPY260917C00776000,2026-09-15 20:12:52+00:00,776.0,0.04,0.04,0.05,-0.12,-75.0,276.0,833.0,0.12500875,False,REGULAR,USD,SPY,call,2026-09-17,0.005479452054794521,0.045,0.001963830093272131,0.004730734709569646,938400.1368333908,757.3900146484375,-0.004586781374170235,2026-09-15
SPY260917C00777000,2026-09-15 20:14:36+00:00,777.0,0.02,0.03,0.04,-0.099999994,-83.333336,895.0,858.0,0.12696185546875,False,REGULAR,USD,SPY,call,2026-09-17,0.005479452054794521,0.035,0.0014964086316142252,0.0035525049480491203,736506.5995598686,757.3900146484375,-0.004586781374170235,2026-09-15
SPY260917C00778000,2026-09-15 20:06:09+00:00,778.0,0.02,0.02,0.03,-0.07000001,-77.77779,192.0,1341.0,0.12696185546875,False,REGULAR,USD,SPY,call,2026-09-17,0.005479452054794521,0.025,0.0010256313492521504,0.0023366114664081536,788967.6842067727,757.3900146484375,-0.004586781374170235,2026-09-15
SPY260917C00779000,2026-09-15 20:09:56+00:00,779.0,0.01,0.01,0.02,-0.049999997,-83.333336,490.0,1679.0,0.125985302734375,False,REGULAR,USD,SPY,call,2026-09-17,0.005479452054794521,0.015,0.0006494812889461738,0.001401877371480572,625542.0230264071,757.3900146484375,-0.004586781374170235,2026-09-15
SPY260917C00780000,2026-09-15 19:59:57+00:00,780.0,0.02,0.01,0.02,-0.030000001,-60.0,980.0,2515.0,0.13086806640624998,False,REGULAR,USD,SPY,call,2026-09-17,0.005479452054794521,0.015,0.0005878421597262644,0.0013103514978553218,848082.0472356882,757.3900146484375,-0.004586781374170235,2026-09-15
SPY260917C00781000,2026-09-15 20:06:23+00:00,781.0,0.01,0.01,0.02,-0.03,-75.0,544.0,649.0,0.13672738281250002,False,REGULAR,USD,SPY,call,2026-09-17,0.005479452054794521,0.015,0.0005673800837629128,0.0013224050356382248,211231.1357355091,757.3900146484375,-0.004586781374170235,2026-09-15
SPY260917C00782000,2026-09-15 20:11:19+00:00,782.0,0.01,0.01,0.02,-0.02,-66.66667,648.0,173.0,0.14063359375,False,REGULAR,USD,SPY,call,2026-09-17,0.005479452054794521,0.015,0.0004900253312528261,0.0011618824517760466,48629.945663527185,757.3900146484375,-0.004586781374170235,2026-09-15
SPY260917C00783000,2026-09-15 18:44:47+00:00,783.0,0.02,0.01,0.02,0.01,100.0,331.0,451.0,0.14649291015625,False,REGULAR,USD,SPY,call,2026-09-17,0.005479452054794521,0.015,0.0004767412265015616,0.001178927069675958,123338.42593223562,757.3900146484375,-0.004586781374170235,2026-09-15
SPY260917C00784000,2026-09-15 18:07:40+00:00,784.0,0.01,0.01,0.02,0.0,0.0,296.0,291.0,0.15039912109375003,False,REGULAR,USD,SPY,call,2026-09-17,0.005479452054794521,0.015,0.000416737031734036,0.0010476312612944206,69565.55163729082,757.3900146484375,-0.004586781374170235,2026-09-15
SPY260917C00785000,2026-09-15 19:46:59+00:00,785.0,0.01,0.0,0.01,-0.01,-50.0,175.0,2566.0,0.1445398046875,False,REGULAR,USD,SPY,call,2026-09-17,0.005479452054794521,0.005,0.0001985065925275509,0.00044899750015319335,292193.6252970677,757.3900146484375,-0.004586781374170235,2026-09-15
SPY260917C00786000,2026-09-14 18:26:18+00:00,786.0,0.02,0.0,0.01,0.0,0.0,5.0,840.0,0.148446015625,False,REGULAR,USD,SPY,call,2026-09-17,0.005479452054794521,0.005,0.00017594108760909453,0.00040571438525485547,84778.49616811522,757.3900146484375,-0.004586781374170235,2026-09-15
SPY260917C00787000,2026-09-15 18:14:47+00:00,787.0,0.01,0.0,0.01,0.0,0.0,3.0,215.0,0.15430533203125002,False,REGULAR,USD,SPY,call,2026-09-17,0.005479452054794521,0.005,0.00017871765154056166,0.0004302056327654186,22041.69857821026,757.3900146484375,-0.004586781374170235,2026-09-15
SPY260917C00788000,2026-09-15 15:23:48+00:00,788.0,0.02,0.0,0.01,-0.01,-33.333336,1.0,315.0,0.1601646484375,False,REGULAR,USD,SPY,call,2026-09-17,0.005479452054794521,0.005,0.00018112691393038847,0.00045436954457858664,32728.996650089968,757.3900146484375,-0.004586781374170235,2026-09-15
SPY260917C00789000,2026-09-15 17:36:35+00:00,789.0,0.01,0.0,0.01,0.0,0.0,120.0,1364.0,0.16407085937500002,False,REGULAR,USD,SPY,call,2026-09-17,0.005479452054794521,0.005,0.00016260557735517852,0.00041511662464744113,127229.83335697687,757.3900146484375,-0.004586781374170235,2026-09-15
SPY260917C00790000,2026-09-15 18:29:17+00:00,790.0,0.01,0.0,0.01,0.0,0.0,57.0,1678.0,0.16797707031250003,False,REGULAR,USD,SPY,call,2026-09-17,0.005479452054794521,0.005,0.00014661181150311313,0.0003808286260194217,141123.73647577054,757.3900146484375,-0.004586781374170235,2026-09-15
SPY260917C00791000,2026-09-15 17:19:56+00:00,791.0,0.01,0.0,0.01,-0.01,-50.0,104.0,2088.0,0.17188328125000002,False,REGULAR,USD,SPY,call,2026-09-17,0.005479452054794521,0.005,0.00013273372989738733,0.00035073898862881495,158983.09344065018,757.3900146484375,-0.004586781374170235,2026-09-15
SPY260917C00792000,2026-09-15 15:36:56+00:00,792.0,0.01,0.0,0.01,0.0,0.0,291.0,181.0,0.1757894921875,False,REGULAR,USD,SPY,call,2026-09-17,0.005479452054794521,0.005,0.00012063607197568742,0.0003242182431147526,12525.495430048763,757.3900146484375,-0.004586781374170235,2026-09-15
SPY260917C00793000,2026-09-15 16:46:36+00:00,793.0,0.02,0.0,0.01,0.01,100.0,420.0,9.0,0.18164880859375,False,REGULAR,USD,SPY,call,2026-09-17,0.005479452054794521,0.005,0.0001235254978355756,0.0003445158445808295,637.7320926340744,757.3900146484375,-0.004586781374170235,2026-09-15
SPY260917C00794000,2026-09-15 16:46:05+00:00,794.0,0.01,0.0,0.01,0.0,0.0,114.0,225.0,0.187508125,False,REGULAR,USD,SPY,call,2026-09-17,0.005479452054794521,0.005,0.00012619296504996446,0.00036478167507109636,16287.589422253443,757.3900146484375,-0.004586781374170235,2026-09-15
SPY260917C00795000,2026-09-15 13:34:27+00:00,795.0,0.01,0.0,0.01,0.0,0.0,3.0,429.0,0.1914143359375,False,REGULAR,USD,SPY,call,2026-09-17,0.005479452054794521,0.005,0.00011567359817162922,0.00033961784924727283,28466.278076844326,757.3900146484375,-0.004586781374170235,2026-09-15
SPY260917C00797000,2026-09-15 13:57:48+00:00,797.0,0.01,0.0,0.01,-0.01,-50.0,41.0,120.0,0.1992267578125,False,REGULAR,USD,SPY,call,2026-09-17,0.005479452054794521,0.005,9.808752022475535e-05,0.0002969435985562864,6752.026707607113,757.3900146484375,-0.004586781374170235,2026-09-15
SPY260917C00799000,2026-09-15 13:35:53+00:00,799.0,0.01,0.0,0.01,-0.01,-50.0,362.0,120.0,0.20703917968749996,False,REGULAR,USD,SPY,call,2026-09-17,0.005479452054794521,0.005,8.411833866839702e-05,0.0002624045932747562,5790.4335636901205,757.3900146484375,-0.004586781374170235,2026-09-15
SPY260917C00800000,2026-09-15 19:26:18+00:00,800.0,0.01,0.0,0.01,0.0,0.0,9.0,429.0,0.21094539062499998,False,REGULAR,USD,SPY,call,2026-09-17,0.005479452054794521,0.005,7.820333325244444e-05,0.000247577281764055,19245.168007976863,757.3900146484375,-0.004586781374170235,2026-09-15
SPY260917C00804000,2026-09-11 15:32:21+00:00,804.0,0.02,0.0,0.01,0.0,0.0,0.0,1.0,0.2304764453125,False,REGULAR,USD,SPY,call,2026-09-17,0.005479452054794521,0.005,7.263800103932855e-05,0.0002515183625087053,41.66803635169608,757.3900146484375,-0.004586781374170235,2026-09-15
SPY260917C00805000,2026-09-10 14:53:41+00:00,805.0,0.02,0.0,0.01,0.0,0.0,24.0,140.0,0.23438265625,False,REGULAR,USD,SPY,call,2026-09-17,0.005479452054794521,0.005,6.81738999302787e-05,0.00023925333922499424,5475.015143369924,757.3900146484375,-0.004586781374170235,2026-09-15
SPY260917C00806000,2026-09-14 16:05:44+00:00,806.0,0.02,0.0,0.01,0.0,0.0,200.0,200.0,0.23828886718749998,False,REGULAR,USD,SPY,call,2026-09-17,0.005479452054794521,0.005,6.410963999983311e-05,0.0002280021402262265,7355.166088782799,757.3900146484375,-0.004586781374170235,2026-09-15
SPY260917C00807000,2026-09-14 16:05:42+00:00,807.0,0.01,0.0,0.01,0.0,0.0,402.0,115.0,0.242195078125,False,REGULAR,USD,SPY,call,2026-09-17,0.005479452054794521,0.005,6.040110508033141e-05,0.00021765990084033225,3984.5738003283827,757.3900146484375,-0.004586781374170235,2026-09-15
SPY260917C00810000,2026-09-14 14:09:06+00:00,810.0,0.01,0.0,0.01,0.0,0.0,281.0,1055.0,0.257819921875,False,REGULAR,USD,SPY,call,2026-09-17,0.005479452054794521,0.005,6.083846374097774e-05,0.0002345468215071352,36818.8185660987,757.3900146484375,-0.004586781374170235,2026-09-15
SPY260917C00815000,2026-09-14 14:08:57+00:00,815.0,0.01,0.0,0.01,0.0,0.0,160.0,757.0,0.27735097656249996,False,REGULAR,USD,SPY,call,2026-09-17,0.005479452054794521,0.005,4.707985555452251e-05,0.00019272998105504261,20444.201439870874,757.3900146484375,-0.004586781374170235,2026-09-15
SPY260917C00820000,2026-09-11 18:53:13+00:00,820.0,0.01,0.0,0.01,0.0,0.0,1.0,3.0,0.29688203124999996,False,REGULAR,USD,SPY,call,2026-09-17,0.005479452054794521,0.005,3.767004827767505e-05,0.0001633067428265324,64.82709815298159,757.3900146484375,-0.004586781374170235,2026-09-15
SPY260917C00825000,2026-09-11 16:06:47+00:00,825.0,0.01,,0.01,0.0,0.0,0.0,2.0,0.32031929687499994,False,REGULAR,USD,SPY,call,2026-09-17,0.005479452054794521,0.01,3.595687958544255e-05,0.00016852598462586035,41.252582511145285,757.3900146484375,-0.004586781374170235,2026-09-15
SPY260917C00830000,2026-09-11 18:11:50+00:00,830.0,0.01,,0.01,0.0,0.0,0.0,20.0,0.335944140625,False,REGULAR,USD,SPY,call,2026-09-17,0.005479452054794521,0.01,2.6117551409444754e-05,0.00012604422559677348,299.6412527808447,757.3900146484375,-0.004586781374170235,2026-09-15
SPY260917C00835000,2026-09-10 18:59:11+00:00,835.0,0.01,0.0,0.01,0.0,0.0,1297.0,405.0,0.35938140625,False,REGULAR,USD,SPY,call,2026-09-17,0.005479452054794521,0.005,2.5752373194916207e-05,0.0001334251179693199,5982.8956863519315,757.3900146484375,-0.004586781374170235,2026-09-15
SPY260917C00840000,2026-09-10 18:59:09+00:00,840.0,0.01,,0.01,0.0,0.0,0.0,1593.0,0.3789124609375,False,REGULAR,USD,SPY,call,2026-09-17,0.005479452054794521,0.01,2.241049169511853e-05,0.00012172340150480973,20478.8851925433,757.3900146484375,-0.004586781374170235,2026-09-15
SPY260917P00550000,2026-09-10 14:42:43+00:00,550.0,0.01,0.0,0.01,0.0,0.0,0.0,10.0,1.0312548437500002,False,REGULAR,USD,SPY,put,2026-09-17,0.005479452054794521,0.005,8.890823516813504e-07,-1.1557463638900423e-05,-5.100128750714364,757.3900146484375,-0.004586781374170235,2026-09-15
SPY260917P00555000,2026-09-11 14:09:33+00:00,555.0,0.01,0.0,0.01,0.0,0.0,0.0,120.0,1.000005,False,REGULAR,USD,SPY,put,2026-09-17,0.005479452054794521,0.005,8.875996369302798e-07,-1.1170139892713316e-05,-61.09947973486527,757.3900146484375,-0.004586781374170235,2026-09-15
SPY260917P00560000,2026-09-11 17:11:39+00:00,560.0,0.01,0.0,0.01,0.0,0.0,0.0,40.0,0.9687503125,False,REGULAR,USD,SPY,put,2026-09-17,0.005479452054794521,0.005,8.804749416055134e-07,-1.0712569794013582e-05,-20.203012940134265,757.3900146484375,-0.004586781374170235,2026-09-15
SPY260917P00565000,2026-09-11 16:01:17+00:00,565.0,0.01,0.0,0.01,0.0,0.0,0.0,50.0,0.9531254687499999,False,REGULAR,USD,SPY,put,2026-09-17,0.005479452054794521,0.005,1.1406799466392742e-06,-1.3824994789968237e-05,-32.716961371556614,757.3900146484375,-0.004586781374170235,2026-09-15
SPY260917P00570000,2026-09-11 15:22:43+00:00,570.0,0.01,0.0,0.01,0.0,0.0,0.0,147.0,0.937500625,False,REGULAR,USD,SPY,put,2026-09-17,0.005479452054794521,0.005,1.477990822004075e-06,-1.7844988408066698e-05,-124.63161484872151,757.3900146484375,-0.004586781374170235,2026-09-15
SPY260917P00575000,2026-09-11 13:55:45+00:00,575.0,0.02,0.0,0.01,0.0,0.0,0.0,90.0,0.9062509375,False,REGULAR,USD,SPY,put,2026-09-17,0.005479452054794521,0.005,1.4669828245074024e-06,-1.7084186348381714e-05,-75.73675418630151,757.3900146484375,-0.004586781374170235,2026-09-15
SPY260917P00600000,2026-09-11 16:04:54+00:00,600.0,0.01,0.0,0.01,0.0,0.0,0.0,2.0,0.7656273437500001,False,REGULAR,USD,SPY,put,2026-09-17,0.005479452054794521,0.005,1.7453034570816313e-06,-1.7176169553878573e-05,-2.0023504736878284,757.3900146484375,-0.004586781374170235,2026-09-15
SPY260917P00610000,2026-09-15 17:01:21+00:00,610.0,0.01,0.0,0.01,-0.01,-50.0,401.0,47.0,0.7187528125,False,REGULAR,USD,SPY,put,2026-09-17,0.005479452054794521,0.005,2.229574129297869e-06,-2.0799596269993614e-05,-60.111688143097126,757.3900146484375,-0.004586781374170235,2026-09-15
SPY260917P00630000,2026-09-15 20:06:48+00:00,630.0,0.02,0.01,0.02,-0.05,-71.42857,1.0,1.0,0.6718782812500002,False,REGULAR,USD,SPY,put,2026-09-17,0.005479452054794521,0.015,1.0008974003557419e-05,-9.494710629764924e-05,-5.741544187010391,757.3900146484375,-0.004586781374170235,2026-09-15
SPY260917P00640000,2026-09-15 19:53:39+00:00,640.0,0.01,0.01,0.02,-0.02,-66.66667,4.0,7760.0,0.6171913281250001,False,REGULAR,USD,SPY,put,2026-09-17,0.005479452054794521,0.015,1.1661665957802329e-05,-0.00010206523077338492,-51911.24785103196,757.3900146484375,-0.004586781374170235,2026-09-15
SPY260917P00645000,2026-09-14 18:58:10+00:00,645.0,0.04,0.01,0.02,0.0,0.0,4000.0,4000.0,0.5937540625000001,False,REGULAR,USD,SPY,put,2026-09-17,0.005479452054794521,0.015,1.365645831163705e-05,-0.00011588038047116722,-31335.54300629057,757.3900146484375,-0.004586781374170235,2026-09-15
SPY260917P00650000,2026-09-15 19:49:45+00:00,650.0,0.03,0.02,0.03,-0.020000001,-40.000004,15.0,8.0,0.5937540625000001,False,REGULAR,USD,SPY,put,2026-09-17,0.005479452054794521,0.025,2.5677536211093717e-05,-0.000227514810451801,-117.83721985262778,757.3900146484375,-0.004586781374170235,2026-09-15
SPY260917P00655000,2026-09-15 19:39:50+00:00,655.0,0.03,0.02,0.03,-0.020000001,-40.000004,241.0,4001.0,0.5664105859375,False,REGULAR,USD,SPY,put,2026-09-17,0.005479452054794521,0.025,2.8425727851145118e-05,-0.000241210037565609,-65240.80263986527,757.3900146484375,-0.004586781374170235,2026-09-15
SPY260917P00660000,2026-09-15 20:11:23+00:00,660.0,0.02,0.02,0.03,-0.04,-66.66667,75.0,8068.0,0.5390671093750001,False,REGULAR,USD,SPY,put,2026-09-17,0.005479452054794521,0.025,3.1535913210920047e-05,-0.00025568863045744017,-145952.1347513425,757.3900146484375,-0.004586781374170235,2026-09-15
SPY260917P00665000,2026-09-15 17:26:15+00:00,665.0,0.04,0.03,0.04,-0.010000002,-20.000002,11.0,11.0,0.5293015820312501,False,REGULAR,USD,SPY,put,2026-09-17,0.005479452054794521,0.035,4.9906679252860955e-05,-0.0004107046773877965,-314.9129415871734,757.3900146484375,-0.004586781374170235,2026-09-15
SPY260917P00670000,2026-09-15 19:46:25+00:00,670.0,0.05,0.03,0.04,-0.02,-28.571428,11.0,8014.0,0.5019581054687501,False,REGULAR,USD,SPY,put,2026-09-17,0.005479452054794521,0.035,5.6524892369567884e-05,-0.00044361479872545573,-259853.2975571242,757.3900146484375,-0.004586781374170235,2026-09-15
SPY260917P00675000,2026-09-15 14:03:13+00:00,675.0,0.05,0.03,0.04,-0.02,-28.571428,4.0,9.0,0.4804739453125,False,REGULAR,USD,SPY,put,2026-09-17,0.005479452054794521,0.035,7.243717305335089e-05,-0.0005531400660393482,-373.97550113338343,757.3900146484375,-0.004586781374170235,2026-09-15
SPY260917P00680000,2026-09-15 19:49:30+00:00,680.0,0.06,0.04,0.05,-0.02,-25.0,3.0,44.0,0.46484910156250003,False,REGULAR,USD,SPY,put,2026-09-17,0.005479452054794521,0.045,0.0001052104108568101,-0.000799760843968933,-2655.5259107217657,757.3900146484375,-0.004586781374170235,2026-09-15
SPY260917P00690000,2026-09-15 19:57:22+00:00,690.0,0.06,0.05,0.06,-0.040000003,-40.000004,6.0,589.0,0.41602146484374997,False,REGULAR,USD,SPY,put,2026-09-17,0.005479452054794521,0.055,0.0001640788830501521,-0.0011498545071403354,-55437.94662533581,757.3900146484375,-0.004586781374170235,2026-09-15
SPY260917P00695000,2026-09-15 19:56:22+00:00,695.0,0.08,0.06,0.07,-0.030000001,-27.272728,121.0,121.0,0.39453730468750003,False,REGULAR,USD,SPY,put,2026-09-17,0.005479452054794521,0.065,0.0002219664502513928,-0.001510146959864067,-15406.779154947319,757.3900146484375,-0.004586781374170235,2026-09-15
SPY260917P00700000,2026-09-15 19:58:52+00:00,700.0,0.08,0.07,0.08,-0.049999997,-38.461536,106.0,1846.0,0.3711000390625,False,REGULAR,USD,SPY,put,2026-09-17,0.005479452054794521,0.07500000000000001,0.00029432069285695897,-0.0019248687493845784,-311667.59097781,757.3900146484375,-0.004586781374170235,2026-09-15
SPY260917P00705000,2026-09-15 19:30:43+00:00,705.0,0.1,0.07,0.08,-0.04,-28.571428,50.0,177.0,0.34180345703125,False,REGULAR,USD,SPY,put,2026-09-17,0.005479452054794521,0.07500000000000001,0.00035419824742234586,-0.002156072561566913,-35963.24110174725,757.3900146484375,-0.004586781374170235,2026-09-15
SPY260917P00710000,2026-09-15 20:06:19+00:00,710.0,0.1,0.08,0.09,-0.07,-41.17647,832.0,1019.0,0.317389638671875,False,REGULAR,USD,SPY,put,2026-09-17,0.005479452054794521,0.08499999999999999,0.00048191379874719007,-0.0027920292150163117,-281697.3075224107,757.3900146484375,-0.004586781374170235,2026-09-15
SPY260917P00715000,2026-09-15 20:05:44+00:00,715.0,0.11,0.1,0.11,-0.09,-45.0,379.0,664.0,0.29492892578124996,False,REGULAR,USD,SPY,put,2026-09-17,0.005479452054794521,0.10500000000000001,0.000703159243414155,-0.003917048507361853,-267831.04746278806,757.3900146484375,-0.004586781374170235,2026-09-15
SPY260917P00718000,2026-09-15 20:04:47+00:00,718.0,0.13,0.11,0.12,-0.060000002,-31.578947,5.0,689.0,0.2802806347656249,False,REGULAR,USD,SPY,put,2026-09-17,0.005479452054794521,0.11499999999999999,0.0008752684729854475,-0.004726950872182001,-345939.10516951256,757.3900146484375,-0.004586781374170235,2026-09-15
SPY260917P00719000,2026-09-15 19:55:12+00:00,719.0,0.14,0.11,0.13,-0.09,-39.130436,13.0,55.0,0.27735097656249996,False,REGULAR,USD,SPY,put,2026-09-17,0.005479452054794521,0.12,0.0009819788813501768,-0.005315614477273023,-30981.610350756677,757.3900146484375,-0.004586781374170235,2026-09-15
SPY260917P00720000,2026-09-15 20:05:44+00:00,720.0,0.13,0.12,0.13,-0.08,-38.095238,255.0,750.0,0.270515107421875,False,REGULAR,USD,SPY,put,2026-09-17,0.005479452054794521,0.125,0.0010206753808389803,-0.005398117455902907,-439124.88914431655,757.3900146484375,-0.004586781374170235,2026-09-15
SPY260917P00721000,2026-09-15 19:55:59+00:00,721.0,0.16,0.13,0.14,-0.060000002,-27.272728,591.0,420.0,0.26758544921875,False,REGULAR,USD,SPY,put,2026-09-17,0.005479452054794521,0.135,0.0011485353429835966,-0.006090661905251427,-276715.06552926,757.3900146484375,-0.004586781374170235,2026-09-15
SPY260917P00722000,2026-09-15 19:47:08+00:00,722.0,0.17,0.13,0.14,-0.08,-32.0,7.0,205.0,0.260749580078125,False,REGULAR,USD,SPY,put,2026-09-17,0.005479452054794521,0.135,0.001198283719774138,-0.006205333906031507,-140913.5221311077,757.3900146484375,-0.004586781374170235,2026-09-15
SPY260917P00723000,2026-09-15 17:21:28+00:00,723.0,0.21,0.14,0.15,-0.049999997,-19.230768,11.0,283.0,0.2573316455078125,False,REGULAR,USD,SPY,put,2026-09-17,0.005479452054794521,0.14500000000000002,0.0013398710249579024,-0.006936396130924893,-217514.68430467267,757.3900146484375,-0.004586781374170235,2026-09-15
SPY260917P00724000,2026-09-15 19:44:17+00:00,724.0,0.19,0.14,0.15,-0.09,-32.142857,119.0,128.0,0.25098405273437496,False,REGULAR,USD,SPY,put,2026-09-17,0.005479452054794521,0.14500000000000002,0.0014170489711427027,-0.007184611911628891,-104048.05805774477,757.3900146484375,-0.004586781374170235,2026-09-15
SPY260917P00725000,2026-09-15 20:11:36+00:00,725.0,0.16,0.15,0.16,-0.120000005,-42.857143,430.0,553.0,0.247077841796875,False,REGULAR,USD,SPY,put,2026-09-17,0.005479452054794521,0.155,0.0015750564546560628,-0.007957919201995178,-499643.689174428,757.3900146484375,-0.004586781374170235,2026-09-15
SPY260917P00726000,2026-09-15 20:06:20+00:00,726.0,0.17,0.16,0.17,-0.16000001,-48.48485,164.0,570.0,0.24268335449218748,False,REGULAR,USD,SPY,put,2026-09-17,0.005479452054794521,0.165,0.0017370768293626855,-0.008716668684908058,-567979.9867628375,757.3900146484375,-0.004586781374170235,2026-09-15
SPY260917P00727000,2026-09-15 20:06:20+00:00,727.0,0.18,0.16,0.17,-0.109999985,-37.93103,90.0,679.0,0.23633576171874998,False,REGULAR,USD,SPY,put,2026-09-17,0.005479452054794521,0.165,0.0018496034189169263,-0.0090849795001533,-720422.9577602833,757.3900146484375,-0.004586781374170235,2026-09-15
SPY260917P00728000,2026-09-15 19:44:50+00:00,728.0,0.24,0.17,0.18,-0.08,-25.0,21.0,612.0,0.23194127441406248,False,REGULAR,USD,SPY,put,2026-09-17,0.005479452054794521,0.175,0.0020488531683144568,-0.009995909176650719,-719285.6698966647,757.3900146484375,-0.004586781374170235,2026-09-15
SPY260917P00729000,2026-09-15 20:11:29+00:00,729.0,0.2,0.18,0.19,-0.14999999,-42.85714,180.0,1414.0,0.22705851074218747,False,REGULAR,USD,SPY,put,2026-09-17,0.005479452054794521,0.185,0.0022535470436638623,-0.010881016619204487,-1827911.5974007896,757.3900146484375,-0.004586781374170235,2026-09-15
SPY260917P00730000,2026-09-15 20:14:35+00:00,730.0,0.21,0.2,0.21,-0.14,-40.0,599.0,1955.0,0.2243729907226562,False,REGULAR,USD,SPY,put,2026-09-17,0.005479452054794521,0.20500000000000002,0.002584925126952719,-0.012570667114209289,-2898904.3112779874,757.3900146484375,-0.004586781374170235,2026-09-15
SPY260917P00731000,2026-09-15 20:07:53+00:00,731.0,0.23,0.21,0.22,-0.14,-37.837837,73.0,883.0,0.2192460888671875,False,REGULAR,USD,SPY,put,2026-09-17,0.005479452054794521,0.215,0.0028427503277895306,-0.013662135421294463,-1439920.6901747733,757.3900146484375,-0.004586781374170235,2026-09-15
SPY260917P00732000,2026-09-15 20:10:03+00:00,732.0,0.24,0.23,0.24,-0.10000001,-29.411768,374.0,546.0,0.215828154296875,False,REGULAR,USD,SPY,put,2026-09-17,0.005479452054794521,0.235,0.0032267056539725825,-0.015542618967662736,-1010627.5732117647,757.3900146484375,-0.004586781374170235,2026-09-15
SPY260917P00733000,2026-09-15 20:14:21+00:00,733.0,0.25,0.25,0.26,-0.16999999,-40.47619,495.0,859.0,0.21192194335937498,False,REGULAR,USD,SPY,put,2026-09-17,0.005479452054794521,0.255,0.003637044414504377,-0.017498118055904066,-1792177.079105733,757.3900146484375,-0.004586781374170235,2026-09-15
SPY260917P00734000,2026-09-15 20:08:16+00:00,734.0,0.27,0.27,0.28,-0.17999998,-39.999996,170.0,217.0,0.20801573242187496,False,REGULAR,USD,SPY,put,2026-09-17,0.005479452054794521,0.275,0.004105707116987509,-0.01973929106307526,-511077.6034119046,757.3900146484375,-0.004586781374170235,2026-09-15
SPY260917P00735000,2026-09-15 20:14:11+00:00,735.0,0.3,0.29,0.3,-0.16999999,-36.170208,2781.0,1837.0,0.20337710693359373,False,REGULAR,USD,SPY,put,2026-09-17,0.005479452054794521,0.295,0.004591452333218514,-0.0219341854738474,-4838362.311489938,757.3900146484375,-0.004586781374170235,2026-09-15
SPY260917P00736000,2026-09-15 20:10:12+00:00,736.0,0.33,0.32,0.33,-0.17999998,-35.294113,5228.0,300.0,0.19995917236328126,False,REGULAR,USD,SPY,put,2026-09-17,0.005479452054794521,0.325,0.00523670544994141,-0.025133561500152557,-901194.5397553331,757.3900146484375,-0.004586781374170235,2026-09-15
SPY260917P00737000,2026-09-15 20:13:04+00:00,737.0,0.35,0.35,0.36,-0.16999999,-32.692307,7316.0,488.0,0.196297099609375,False,REGULAR,USD,SPY,put,2026-09-17,0.005479452054794521,0.355,0.005956653588199667,-0.028684440663647393,-1667482.621929971,757.3900146484375,-0.004586781374170235,2026-09-15
SPY260917P00738000,2026-09-15 20:11:30+00:00,738.0,0.39,0.39,0.4,-0.19,-32.75862,4076.0,536.0,0.19312330322265625,False,REGULAR,USD,SPY,put,2026-09-17,0.005479452054794521,0.395,0.006821802606435716,-0.03313181364367768,-2097505.404858863,757.3900146484375,-0.004586781374170235,2026-09-15
SPY260917P00739000,2026-09-15 20:08:48+00:00,739.0,0.44,0.43,0.44,-0.17000002,-27.868855,546.0,483.0,0.18946123046875002,False,REGULAR,USD,SPY,put,2026-09-17,0.005479452054794521,0.435,0.007768058956712826,-0.0379232996672032,-2152280.1190485796,757.3900146484375,-0.004586781374170235,2026-09-15
SPY260917P00740000,2026-09-15 20:13:47+00:00,740.0,0.48,0.48,0.49,-0.19000003,-28.358212,2273.0,1213.0,0.18628743408203124,False,REGULAR,USD,SPY,put,2026-09-17,0.005479452054794521,0.485,0.00889435371778565,-0.04388725286525075,-6188912.57627161,757.3900146484375,-0.004586781374170235,2026-09-15
SPY260917P00741000,2026-09-15 20:14:58+00:00,741.0,0.54,0.54,0.55,-0.099999964,-15.624994,383.0,218.0,0.18360191406249998,False,REGULAR,USD,SPY,put,2026-09-17,0.005479452054794521,0.545,0.010221609145624014,-0.051269906831589385,-1278247.3888070642,757.3900146484375,-0.004586781374170235,2026-09-15
SPY260917P00742000,2026-09-15 20:12:39+00:00,742.0,0.59,0.6,0.61,-0.18,-23.376623,982.0,567.0,0.1801839794921875,False,REGULAR,USD,SPY,put,2026-09-17,0.005479452054794521,0.605,0.011655207289578699,-0.05911268736271391,-3790898.9763387456,757.3900146484375,-0.004586781374170235,2026-09-15
SPY260917P00743000,2026-09-15 20:14:23+00:00,743.0,0.68,0.67,0.68,-0.15999997,-19.047615,1324.0,803.0,0.17688811401367188,False,REGULAR,USD,SPY,put,2026-09-17,0.005479452054794521,0.675,0.0132908554474012,-0.06833973327907694,-6122201.650964567,757.3900146484375,-0.004586781374170235,2026-09-15
SPY260917P00744000,2026-09-15 20:14:19+00:00,744.0,0.75,0.76,0.77,-0.089999974,-10.714283,1211.0,816.0,0.1744467321777344,False,REGULAR,USD,SPY,put,2026-09-17,0.005479452054794521,0.765,0.015207266672943014,-0.08004626179494867,-7118368.56852869,757.3900146484375,-0.004586781374170235,2026-09-15
SPY260917P00745000,2026-09-15 20:13:55+00:00,745.0,0.83,0.85,0.86,-0.14000005,-14.432994,1897.0,4360.0,0.17115086669921875,False,REGULAR,USD,SPY,put,2026-09-17,0.005479452054794521,0.855,0.017270288581248933,-0.09249510531024696,-43194180.03255732,757.3900146484375,-0.004586781374170235,2026-09-15
SPY260917P00746000,2026-09-15 20:14:16+00:00,746.0,0.96,0.96,0.97,-0.110000074,-10.28038,583.0,583.0,0.16846534667968754,False,REGULAR,USD,SPY,put,2026-09-17,0.005479452054794521,0.965,0.019607049806081585,-0.10768933587961216,-6557223.053185746,757.3900146484375,-0.004586781374170235,2026-09-15
SPY260917P00747000,2026-09-15 20:14:07+00:00,747.0,1.07,1.08,1.09,-0.109999895,-9.322025,1024.0,1510.0,0.16541361938476565,False,REGULAR,USD,SPY,put,2026-09-17,0.005479452054794521,1.085,0.022151630509315526,-0.12463261889997268,-19187650.368651275,757.3900146484375,-0.004586781374170235,2026-09-15
SPY260917P00748000,2026-09-15 20:14:49+00:00,748.0,1.22,1.22,1.23,-0.049999952,-3.937004,1121.0,949.0,0.16272809936523439,False,REGULAR,USD,SPY,put,2026-09-17,0.005479452054794521,1.225,0.024935823103180245,-0.14459749036682157,-13574663.44688153,757.3900146484375,-0.004586781374170235,2026-09-15
SPY260917P00749000,2026-09-15 20:14:16+00:00,749.0,1.36,1.37,1.38,-0.029999971,-2.1582713,1318.0,1265.0,0.1595543029785156,False,REGULAR,USD,SPY,put,2026-09-17,0.005479452054794521,1.375,0.027925578578078234,-0.1666178252362831,-20264311.63379514,757.3900146484375,-0.004586781374170235,2026-09-15
SPY260917P00750000,2026-09-15 20:14:39+00:00,750.0,1.56,1.55,1.56,0.049999952,3.3112552,3805.0,4825.0,0.15692981750488283,False,REGULAR,USD,SPY,put,2026-09-17,0.005479452054794521,1.5550000000000002,0.031090711586428146,-0.19249266645025698,-86053220.84690204,757.3900146484375,-0.004586781374170235,2026-09-15
SPY260917P00751000,2026-09-15 20:14:13+00:00,751.0,1.73,1.74,1.75,0.029999971,1.7647041,2743.0,552.0,0.15369498657226563,False,REGULAR,USD,SPY,put,2026-09-17,0.005479452054794521,1.745,0.03442905192634678,-0.22074704382805987,-10901927.553285547,757.3900146484375,-0.004586781374170235,2026-09-15
SPY260917P00752000,2026-09-15 20:14:50+00:00,752.0,1.96,1.96,1.97,0.13999999,7.6923065,5746.0,523.0,0.15076532836914067,False,REGULAR,USD,SPY,put,2026-09-17,0.005479452054794521,1.9649999999999999,0.03783047306293538,-0.25296907539743285,-11349653.71725868,757.3900146484375,-0.004586781374170235,2026-09-15
SPY260917P00753000,2026-09-15 20:14:38+00:00,753.0,2.21,2.2,2.21,0.21000004,10.500002,2402.0,898.0,0.1475915319824219,False,REGULAR,USD,SPY,put,2026-09-17,0.005479452054794521,2.205,0.04127092243825152,-0.28855683943226584,-21259823.895120904,757.3900146484375,-0.004586781374170235,2026-09-15
SPY260917P00754000,2026-09-15 20:14:58+00:00,754.0,2.47,2.47,2.48,0.25,11.261261,3856.0,1243.0,0.1443567010498047,False,REGULAR,USD,SPY,put,2026-09-17,0.005479452054794521,2.475,0.04463303590082417,-0.3279208359945496,-31824875.040465128,757.3900146484375,-0.004586781374170235,2026-09-15
SPY260917P00755000,2026-09-15 20:14:54+00:00,755.0,2.77,2.76,2.79,0.3399999,13.991766,6764.0,1195.0,0.1414270428466797,False,REGULAR,USD,SPY,put,2026-09-17,0.005479452054794521,2.775,0.047677947124451406,-0.3714283717012409,-32683202.381793234,757.3900146484375,-0.004586781374170235,2026-09-15
SPY260917P00756000,2026-09-15 20:12:44+00:00,756.0,3.1,3.1,3.12,0.42999983,16.104862,5300.0,768.0,0.13794807373046875,False,REGULAR,USD,SPY,put,2026-09-17,0.005479452054794521,3.1100000000000003,0.05049518500190902,-0.4182146845672251,-22245918.303635392,757.3900146484375,-0.004586781374170235,2026-09-15
SPY260917P00757000,2026-09-15 20:14:48+00:00,757.0,3.47,3.46,3.49,0.52,17.62712,6133.0,1229.0,0.13446910461425782,False,REGULAR,USD,SPY,put,2026-09-17,0.005479452054794521,3.475,0.052753709036278365,-0.468618526169989,-37191528.96317106,757.3900146484375,-0.004586781374170235,2026-09-15
SPY260917P00758000,2026-09-15 20:14:44+00:00,758.0,3.88,3.87,3.89,0.59000015,17.933136,4585.0,938.0,0.13050185913085935,True,REGULAR,USD,SPY,put,2026-09-17,0.005479452054794521,3.88,0.05444132177262169,-0.5222567824931394,-29293458.517329566,757.3900146484375,-0.004586781374170235,2026-09-15
SPY260917P00759000,2026-09-15 20:12:54+00:00,759.0,4.33,4.31,4.34,0.74,20.612814,2698.0,1146.0,0.1267787518310547,True,REGULAR,USD,SPY,put,2026-09-17,0.005479452054794521,4.324999999999999,0.055035548567507205,-0.5785643700486442,-36179875.458330706,757.3900146484375,-0.004586781374170235,2026-09-15
SPY260917P00760000,2026-09-15 20:14:50+00:00,760.0,4.8,4.75,4.84,0.85000014,21.518991,2451.0,2098.0,0.12305564453125001,True,REGULAR,USD,SPY,put,2026-09-17,0.005479452054794521,4.795,0.054408277503814946,-0.636471832105221,-65480141.77132309,757.3900146484375,-0.004586781374170235,2026-09-15
SPY260917P00761000,2026-09-15 20:14:19+00:00,761.0,5.25,5.26,5.38,0.90999985,20.967737,864.0,650.0,0.11878322631835936,True,REGULAR,USD,SPY,put,2026-09-17,0.005479452054794521,5.32,0.052560729165746035,-0.6954880111166439,-19598096.346796602,757.3900146484375,-0.004586781374170235,2026-09-15
SPY260917P00762000,2026-09-15 20:14:28+00:00,762.0,5.84,5.84,5.98,1.06,22.17573,452.0,713.0,0.1147549462890625,True,REGULAR,USD,SPY,put,2026-09-17,0.005479452054794521,5.91,0.0490639392743851,-0.7531127777720418,-20067399.38986856,757.3900146484375,-0.004586781374170235,2026-09-15
SPY260917P00763000,2026-09-15 19:58:28+00:00,763.0,7.29,6.42,6.56,1.9899998,37.54716,467.0,247.0,0.10706459350585937,True,REGULAR,USD,SPY,put,2026-09-17,0.005479452054794521,6.49,0.0443471684249285,-0.8158178890340972,-6283505.4888278395,757.3900146484375,-0.004586781374170235,2026-09-15
SPY260917P00764000,2026-09-15 20:00:09+00:00,764.0,7.57,7.04,7.24,1.77,30.51724,416.0,374.0,0.10047286254882812,True,REGULAR,USD,SPY,put,2026-09-17,0.005479452054794521,7.140000000000001,0.03718398859575975,-0.8718474708320871,-7977498.397686991,757.3900146484375,-0.004586781374170235,2026-09-15
SPY260917P00765000,2026-09-15 19:53:10+00:00,765.0,8.41,7.77,8.0,1.9899998,30.99688,269.0,1424.0,0.09449147705078126,True,REGULAR,USD,SPY,put,2026-09-17,0.005479452054794521,7.885,0.028481591051347357,-0.9184151573346273,-23265553.331927687,757.3900146484375,-0.004586781374170235,2026-09-15
SPY260917P00766000,2026-09-15 20:10:23+00:00,766.0,8.73,8.5,8.73,2.1899996,33.486233,183.0,686.0,0.07740180419921877,True,REGULAR,USD,SPY,put,2026-09-17,0.005479452054794521,8.615,0.014227245922598034,-0.9733070779212659,-5598660.133515023,757.3900146484375,-0.004586781374170235,2026-09-15
SPY260917P00767000,2026-09-15 19:39:20+00:00,767.0,10.75,9.32,9.7,3.1399999,41.261497,124.0,467.0,0.07984318603515625,True,REGULAR,USD,SPY,put,2026-09-17,0.005479452054794521,9.51,0.009965140855972998,-0.9818379287951358,-2669558.6861735703,757.3900146484375,-0.004586781374170235,2026-09-15
SPY260917P00768000,2026-09-15 19:47:53+00:00,768.0,11.26,10.11,11.16,2.9700003,35.8263,42.0,115.0,0.131844619140625,True,REGULAR,USD,SPY,put,2026-09-17,0.005479452054794521,10.635,0.020310558463265703,-0.9189543996528098,-1339858.2528437802,757.3900146484375,-0.004586781374170235,2026-09-15
SPY260917P00769000,2026-09-15 19:56:03+00:00,769.0,12.28,11.04,12.34,3.9299994,47.065857,124.0,25.0,0.15296257202148442,True,REGULAR,USD,SPY,put,2026-09-17,0.005479452054794521,11.69,0.01950411516370887,-0.9063355053686039,-279708.3372410906,757.3900146484375,-0.004586781374170235,2026-09-15
SPY260917P00771000,2026-09-15 18:11:39+00:00,771.0,13.36,12.82,14.18,2.6099997,24.279066,21.0,96.0,0.15869981933593752,True,REGULAR,USD,SPY,put,2026-09-17,0.005479452054794521,13.5,0.014742090264026824,-0.9320902711942517,-811838.1377005572,757.3900146484375,-0.004586781374170235,2026-09-15
SPY260917P00772000,2026-09-15 20:10:50+00:00,772.0,14.0,13.79,15.14,0.5100002,3.78058,24.0,74.0,0.1637046520996094,True,REGULAR,USD,SPY,put,2026-09-17,0.005479452054794521,14.465,0.013024276396113648,-0.9397334360408239,-552871.8450073207,757.3900146484375,-0.004586781374170235,2026-09-15
SPY260917P00773000,2026-09-15 14:40:37+00:00,773.0,16.0,14.75,16.13,3.5,28.0,3.0,92.0,0.17090672851562502,True,REGULAR,USD,SPY,put,2026-09-17,0.005479452054794521,15.44,0.01178259216876908,-0.9439603626762342,-621824.4913657339,757.3900146484375,-0.004586781374170235,2026-09-15
SPY260917P00774000,2026-09-15 15:06:44+00:00,774.0,16.92,15.02,17.3,5.0299997,42.304455,8.0,22.0,0.1928791650390625,True,REGULAR,USD,SPY,put,2026-09-17,0.005479452054794521,16.16,0.012032505215851468,-0.9327936903008267,-151851.0816152759,757.3900146484375,-0.004586781374170235,2026-09-15
SPY260917P00775000,2026-09-15 18:49:23+00:00,775.0,18.2,16.75,18.3,3.8500004,26.82927,7.0,183.0,0.2010577941894531,True,REGULAR,USD,SPY,put,2026-09-17,0.005479452054794521,17.525,0.011111030444077158,-0.9360198221892712,-1166392.1216144548,757.3900146484375,-0.004586781374170235,2026-09-15
SPY260917P00776000,2026-09-15 13:38:41+00:00,776.0,16.35,17.12,19.27,3.4300003,26.547989,3.0,5.0,0.20667297241210933,True,REGULAR,USD,SPY,put,2026-09-17,0.005479452054794521,18.195,0.010122532479754217,-0.9411751765330508,-29033.429148831787,757.3900146484375,-0.004586781374170235,2026-09-15
SPY260917P00777000,2026-09-14 14:33:17+00:00,777.0,18.08,18.01,20.27,0.0,0.0,2.0,0.0,0.21460746337890624,True,REGULAR,USD,SPY,put,2026-09-17,0.005479452054794521,19.14,0.009406582360163987,-0.9437839051710493,-0.0,757.3900146484375,-0.004586781374170235,2026-09-15
SPY260917P00778000,2026-09-14 13:40:35+00:00,778.0,19.27,19.01,21.27,0.0,0.0,9.0,0.0,0.2225419543457031,True,REGULAR,USD,SPY,put,2026-09-17,0.005479452054794521,20.14,0.00877322167411598,-0.9461108037189434,-0.0,757.3900146484375,-0.004586781374170235,2026-09-15
SPY260917P00779000,2026-09-11 15:20:30+00:00,779.0,13.73,20.01,22.27,0.0,0.0,0.0,0.0,0.2304764453125,True,REGULAR,USD,SPY,put,2026-09-17,0.005479452054794521,21.14,0.008210122731503934,-0.9481958758548028,-0.0,757.3900146484375,-0.004586781374170235,2026-09-15
SPY260917P00780000,2026-09-15 19:14:53+00:00,780.0,22.81,21.13,23.27,6.629999,40.97651,2.0,2.0,0.2381667980957031,True,REGULAR,USD,SPY,put,2026-09-17,0.005479452054794521,22.2,0.007693430367029495,-0.9502475673180889,-8826.51316434384,757.3900146484375,-0.004586781374170235,2026-09-15
SPY260917P00781000,2026-09-11 15:10:00+00:00,781.0,16.08,22.01,24.22,0.0,0.0,0.0,0.0,0.24109645629882812,True,REGULAR,USD,SPY,put,2026-09-17,0.005479452054794521,23.115000000000002,0.006971855845317183,-0.9553232008494893,-0.0,757.3900146484375,-0.004586781374170235,2026-09-15
SPY260917P00782000,2026-09-10 13:31:38+00:00,782.0,24.24,23.0,25.98,0.0,0.0,0.0,0.0,0.309577216796875,True,REGULAR,USD,SPY,put,2026-09-17,0.005479452054794521,24.490000000000002,0.008939086773824788,-0.9153344720369339,-0.0,757.3900146484375,-0.004586781374170235,2026-09-15
SPY260917P00783000,2026-09-11 15:09:19+00:00,783.0,18.16,23.0,26.98,0.0,0.0,0.0,0.0,0.3181220532226562,True,REGULAR,USD,SPY,put,2026-09-17,0.005479452054794521,24.990000000000002,0.008500061997937425,-0.9179003325884281,-0.0,757.3900146484375,-0.004586781374170235,2026-09-15
SPY260917P00784000,2026-09-10 13:31:39+00:00,784.0,26.21,24.08,27.98,0.0,0.0,0.0,0.0,0.3265448205566406,True,REGULAR,USD,SPY,put,2026-09-17,0.005479452054794521,26.03,0.00809402617665767,-0.9203443208323983,-0.0,757.3900146484375,-0.004586781374170235,2026-09-15
SPY260917P00785000,2026-09-15 15:08:42+00:00,785.0,28.13,25.01,28.98,7.6799984,37.555,4.0,0.0,0.334967587890625,True,REGULAR,USD,SPY,put,2026-09-17,0.005479452054794521,26.995,0.007720364098206327,-0.9226022729714207,-0.0,757.3900146484375,-0.004586781374170235,2026-09-15
SPY260917P00787000,2026-09-11 13:43:14+00:00,787.0,21.82,27.08,30.98,0.0,0.0,0.0,0.0,0.35156898437499995,True,REGULAR,USD,SPY,put,2026-09-17,0.005479452054794521,29.03,0.0070515117929119695,-0.9267749292273166,-0.0,757.3900146484375,-0.004586781374170235,2026-09-15
SPY260917P00789000,2026-09-10 15:01:55+00:00,789.0,29.06,29.06,32.98,0.0,0.0,0.0,0.0,0.3679262426757813,True,REGULAR,USD,SPY,put,2026-09-17,0.005479452054794521,31.019999999999996,0.006472303895501195,-0.9305141442608006,-0.0,757.3900146484375,-0.004586781374170235,2026-09-15
SPY260917P00790000,2026-09-08 16:23:40+00:00,790.0,22.4,30.08,33.98,0.0,0.0,8.0,0.0,0.375982802734375,True,REGULAR,USD,SPY,put,2026-09-17,0.005479452054794521,32.03,0.006210433156501337,-0.9322612607473859,-0.0,757.3900146484375,-0.004586781374170235,2026-09-15
SPY260917P00797000,2026-09-11 17:49:49+00:00,797.0,31.11,36.99,40.78,0.0,0.0,0.0,0.0,0.41394629028320307,True,REGULAR,USD,SPY,put,2026-09-17,0.005479452054794521,38.885000000000005,0.004471122075810643,-0.9496172691642092,-0.0,757.3900146484375,-0.004586781374170235,2026-09-15
SPY260917P00798000,2026-09-15 15:29:46+00:00,798.0,40.62,38.06,41.77,1.9799995,5.1242223,6.0,0.0,0.4205380212402344,True,REGULAR,USD,SPY,put,2026-09-17,0.005479452054794521,39.915000000000006,0.0043001382138572065,-0.9510606785450517,-0.0,757.3900146484375,-0.004586781374170235,2026-09-15
SPY260917P00799000,2026-09-11 17:50:33+00:00,799.0,33.13,39.09,42.78,0.0,0.0,0.0,0.0,0.42896078857421877,True,REGULAR,USD,SPY,put,2026-09-17,0.005479452054794521,40.935,0.004171735921006245,-0.9516982906254292,-0.0,757.3900146484375,-0.004586781374170235,2026-09-15
SPY260917P00800000,2026-09-15 19:37:17+00:00,800.0,43.16,40.09,43.98,3.7999992,9.6544695,35.0,7.0,0.454107021484375,True,REGULAR,USD,SPY,put,2026-09-17,0.005479452054794521,42.035,0.004322442713639659,-0.9457464260913675,-17356.6712024167,757.3900146484375,-0.004586781374170235,2026-09-15
SPY260917P00802000,2026-09-11 17:51:17+00:00,802.0,36.14,42.08,45.98,0.0,0.0,0.0,0.0,0.46924358886718753,True,REGULAR,USD,SPY,put,2026-09-17,0.005479452054794521,44.03,0.004056581391636476,-0.9478067184247392,-0.0,757.3900146484375,-0.004586781374170235,2026-09-15
SPY260917P00804000,2026-09-11 18:07:12+00:00,804.0,38.25,44.08,47.98,0.0,0.0,0.0,0.0,0.48438015625,True,REGULAR,USD,SPY,put,2026-09-17,0.005479452054794521,46.03,0.0038184085924163327,-0.949659728372379,-0.0,757.3900146484375,-0.004586781374170235,2026-09-15
SPY260917P00805000,2026-09-11 18:07:38+00:00,805.0,39.36,45.08,48.98,0.0,0.0,0.0,0.0,0.49170430175781255,True,REGULAR,USD,SPY,put,2026-09-17,0.005479452054794521,47.03,0.003705232606559085,-0.950602549576529,-0.0,757.3900146484375,-0.004586781374170235,2026-09-15
SPY260917P00820000,2026-09-08 19:50:19+00:00,820.0,53.13,60.09,63.78,0.0,0.0,0.0,0.0,0.5783733569335938,True,REGULAR,USD,SPY,put,2026-09-17,0.005479452054794521,61.935,0.0023114213626489522,-0.9662742221395817,-0.0,757.3900146484375,-0.004586781374170235,2026-09-15
SPY260918C00300000,2026-09-15 17:03:20+00:00,300.0,457.26,456.29,460.07,-5.569977,-1.2034607,6.0,719.0,3.9140627148437503,True,REGULAR,USD,SPY,call,2026-09-18,0.00821917808219178,458.18,3.0439960777044984e-05,0.9973498345106983,12554.867368934822,757.3900146484375,-0.004586781374170235,2026-09-15
SPY260918C00325000,2026-08-19 17:19:06+00:00,325.0,445.77,431.29,435.11,0.0,0.0,1.0,96.0,3.611329096679688,True,REGULAR,USD,SPY,call,2026-09-18,0.00821917808219178,433.20000000000005,3.678830077787795e-05,0.9970097370897083,2025.9098308167877,757.3900146484375,-0.004586781374170235,2026-09-15
SPY260918C00330000,2026-09-15 17:04:42+00:00,330.0,427.55,426.29,430.11,0.40997314,0.09598097,8.0,213.0,3.550782373046875,True,REGULAR,USD,SPY,call,2026-09-18,0.00821917808219178,428.20000000000005,3.804661779438966e-05,0.9969537058754141,4648.7352064303,757.3900146484375,-0.004586781374170235,2026-09-15
SPY260918C00340000,2026-06-09 16:38:20+00:00,340.0,387.24,415.72,418.5,0.0,0.0,3.0,8.0,3.5869150952148434,True,REGULAR,USD,SPY,call,2026-09-18,0.00821917808219178,417.11,5.1447953628265944e-05,0.9956876709441771,236.10068243395327,757.3900146484375,-0.004586781374170235,2026-09-15
SPY260918C00345000,2026-08-07 18:33:51+00:00,345.0,428.02,411.3,415.09,0.0,0.0,12.0,13.0,3.372071882324218,True,REGULAR,USD,SPY,call,2026-09-18,0.00821917808219178,413.195,4.193225029074088e-05,0.9967954181938615,312.7020093821278,757.3900146484375,-0.004586781374170235,2026-09-15
SPY260918C00350000,2026-08-28 18:31:23+00:00,350.0,419.92,406.3,410.07,0.0,0.0,1.0,17.0,3.3095720385742187,True,REGULAR,USD,SPY,call,2026-09-18,0.00821917808219178,408.185,4.2980341245187115e-05,0.9967740507511857,419.1388629697117,757.3900146484375,-0.004586781374170235,2026-09-15
SPY260918C00355000,2026-09-08 14:32:43+00:00,355.0,412.0,401.3,405.07,0.0,0.0,3.0,13.0,3.253908115234375,True,REGULAR,USD,SPY,call,2026-09-18,0.00821917808219178,403.185,4.4504795640325874e-05,0.996709237645867,331.8862910379946,757.3900146484375,-0.004586781374170235,2026-09-15
SPY260918C00360000,2026-08-21 20:02:37+00:00,360.0,406.88,396.3,400.12,0.0,0.0,1.0,9.0,3.211916032714843,True,REGULAR,USD,SPY,call,2026-09-18,0.00821917808219178,398.21000000000004,4.712700412037503e-05,0.9965431325460622,243.30525667880121,757.3900146484375,-0.004586781374170235,2026-09-15
SPY260918C00365000,2026-08-06 18:18:13+00:00,365.0,405.87,391.3,395.15,0.0,0.0,10.0,10.0,3.1650411499023434,True,REGULAR,USD,SPY,call,2026-09-18,0.00821917808219178,393.225,4.944330969301102e-05,0.9964126165033809,283.6264209034455,757.3900146484375,-0.004586781374170235,2026-09-15
SPY260918C00375000,2026-09-15 19:41:19+00:00,375.0,381.8,381.3,385.13,18.299988,5.0343847,1.0,4.0,3.052736743164062,True,REGULAR,USD,SPY,call,2026-09-18,0.00821917808219178,383.21500000000003,5.2532613906328345e-05,0.99631340391429,120.53915771791941,757.3900146484375,-0.004586781374170235,2026-09-15
SPY260918C00380000,2026-09-03 18:56:37+00:00,380.0,394.1,376.31,380.13,0.0,0.0,2.0,5.0,3.0029321801757813,True,REGULAR,USD,SPY,call,2026-09-18,0.00821917808219178,378.22,5.467075053080181e-05,0.9962157544347284,156.80654670401535,757.3900146484375,-0.004586781374170235,2026-09-15
SPY260918C00385000,2026-09-14 15:22:43+00:00,385.0,374.34,371.31,375.08,0.0,0.0,4.0,108.0,2.9384792163085933,True,REGULAR,USD,SPY,call,2026-09-18,0.00821917808219178,373.195,5.5334385409997274e-05,0.9962561848846833,3428.1356339022796,757.3900146484375,-0.004586781374170235,2026-09-15
SPY260918C00390000,2026-07-20 17:08:46+00:00,390.0,357.22,373.28,376.06,0.0,0.0,3.0,2.0,4.275639421081543,True,REGULAR,USD,SPY,call,2026-09-18,0.00821917808219178,374.66999999999996,0.00022056003810461342,0.9717365866117189,253.04395919426742,757.3900146484375,-0.004586781374170235,2026-09-15
SPY260918C00395000,2026-08-14 17:01:05+00:00,395.0,382.27,361.31,365.08,0.0,0.0,1.0,50.0,2.836916970214843,True,REGULAR,USD,SPY,call,2026-09-18,0.00821917808219178,363.195,5.939036621073528e-05,0.9961046643514937,1703.4333976712749,757.3900146484375,-0.004586781374170235,2026-09-15
SPY260918C00400000,2026-09-14 16:12:30+00:00,400.0,361.56,356.31,360.13,0.0,0.0,10.0,765.0,2.798831127929688,True,REGULAR,USD,SPY,call,2026-09-18,0.00821917808219178,358.22,6.294841694926549e-05,0.9959054299169762,27623.925761561553,757.3900146484375,-0.004586781374170235,2026-09-15
SPY260918C00405000,2026-09-01 15:30:49+00:00,405.0,359.25,351.31,355.16,0.0,0.0,4.0,29.0,2.75635076538086,True,REGULAR,USD,SPY,call,2026-09-18,0.00821917808219178,353.235,6.612073558117394e-05,0.9957474174490719,1099.954762753732,757.3900146484375,-0.004586781374170235,2026-09-15
SPY260918C00410000,2026-08-11 14:41:05+00:00,410.0,365.31,346.31,350.16,0.0,0.0,5.0,20.0,2.707034482421875,True,REGULAR,USD,SPY,call,2026-09-18,0.00821917808219178,348.235,6.849806938401587e-05,0.9956644696449316,785.8641494192079,757.3900146484375,-0.004586781374170235,2026-09-15
SPY260918C00415000,2026-08-19 13:50:28+00:00,415.0,355.09,341.31,345.14,0.0,0.0,2.0,110.0,2.6543002392578128,True,REGULAR,USD,SPY,call,2026-09-18,0.00821917808219178,343.225,7.04206457189754e-05,0.9956254443408321,4443.568080230352,757.3900146484375,-0.004586781374170235,2026-09-15
SPY260918C00420000,2026-09-14 14:14:54+00:00,420.0,340.7,336.32,340.14,0.0,0.0,1.0,72.0,2.6093784765625,True,REGULAR,USD,SPY,call,2026-09-18,0.00821917808219178,338.23,7.345515223718928e-05,0.9955006837765863,3033.848639951702,757.3900146484375,-0.004586781374170235,2026-09-15
SPY260918C00425000,2026-09-11 19:08:15+00:00,425.0,340.12,331.32,335.14,0.0,0.0,1.0,16.0,2.561527033691406,True,REGULAR,USD,SPY,call,2026-09-18,0.00821917808219178,333.23,7.611561128709443e-05,0.9954138297563678,698.6069027587957,757.3900146484375,-0.004586781374170235,2026-09-15
SPY260918C00430000,2026-07-29 17:09:23+00:00,430.0,308.94,338.3,341.82,0.0,0.0,1.0,797.0,4.309330785217284,True,REGULAR,USD,SPY,call,2026-09-18,0.00821917808219178,340.06,0.0003483700455656708,0.9500323811926433,159271.57583186484,757.3900146484375,-0.004586781374170235,2026-09-15
SPY260918C00435000,2026-09-10 14:12:39+00:00,435.0,322.58,321.32,325.09,0.0,0.0,8.0,11.0,2.458011667480469,True,REGULAR,USD,SPY,call,2026-09-18,0.00821917808219178,323.205,8.019686611846547e-05,0.995357055011255,506.0451104646662,757.3900146484375,-0.004586781374170235,2026-09-15
SPY260918C00440000,2026-09-10 13:57:39+00:00,440.0,317.65,316.32,320.11,0.0,0.0,4.0,23.0,2.4169961450195308,True,REGULAR,USD,SPY,call,2026-09-18,0.00821917808219178,318.21500000000003,8.408604433489828e-05,0.9951953875267511,1109.407017585143,757.3900146484375,-0.004586781374170235,2026-09-15
SPY260918C00445000,2026-08-31 17:11:27+00:00,445.0,321.55,311.32,315.09,0.0,0.0,4.0,7.0,2.3671915820312495,True,REGULAR,USD,SPY,call,2026-09-18,0.00821917808219178,313.205,8.646419733750821e-05,0.9951571402372459,347.19503377855807,757.3900146484375,-0.004586781374170235,2026-09-15
SPY260918C00450000,2026-09-15 13:44:18+00:00,450.0,309.53,306.32,310.17,-5.5799866,-1.770806,14.0,752.0,2.3388713403320303,True,REGULAR,USD,SPY,call,2026-09-18,0.00821917808219178,308.245,9.307866881719192e-05,0.9948098708933818,40151.997382392714,757.3900146484375,-0.004586781374170235,2026-09-15
SPY260918C00455000,2026-09-10 13:56:16+00:00,455.0,302.81,301.32,305.14,0.0,0.0,1.0,252.0,2.288578497314453,True,REGULAR,USD,SPY,call,2026-09-18,0.00821917808219178,303.23,9.55015072364378e-05,0.9947867247388906,13805.429320663792,757.3900146484375,-0.004586781374170235,2026-09-15
SPY260918C00460000,2026-09-15 18:53:48+00:00,460.0,297.24,296.33,300.15,-6.980011,-2.294396,1.0,135.0,2.248539534912109,True,REGULAR,USD,SPY,call,2026-09-18,0.00821917808219178,298.24,0.00010014353457770818,0.9946090098847855,7755.250574463355,757.3900146484375,-0.004586781374170235,2026-09-15
SPY260918C00465000,2026-09-10 19:54:35+00:00,465.0,293.35,291.33,295.1,0.0,0.0,2.0,10.0,2.1953170117187497,True,REGULAR,USD,SPY,call,2026-09-18,0.00821917808219178,293.21500000000003,0.00010189040745562832,0.9946492493401823,584.4837607042017,757.3900146484375,-0.004586781374170235,2026-09-15
SPY260918C00470000,2026-09-15 14:04:58+00:00,470.0,289.43,286.33,290.15,-0.7799988,-0.2687705,3.0,175.0,2.162113969726563,True,REGULAR,USD,SPY,call,2026-09-18,0.00821917808219178,288.24,0.00010841154474280303,0.9943598944571866,10883.102803822283,757.3900146484375,-0.004586781374170235,2026-09-15
SPY260918C00475000,2026-09-09 13:52:46+00:00,475.0,288.97,281.33,285.12,0.0,0.0,2.0,77.0,2.1137742468261718,True,REGULAR,USD,SPY,call,2026-09-18,0.00821917808219178,283.225,0.00011137089651483984,0.994332385179844,4919.280546736607,757.3900146484375,-0.004586781374170235,2026-09-15
SPY260918C00480000,2026-09-15 20:14:49+00:00,480.0,278.19,276.33,280.1,0.08001709,0.028771743,6.0,20.0,2.0678759240722653,True,REGULAR,USD,SPY,call,2026-09-18,0.00821917808219178,278.21500000000003,0.00011495964544368707,0.9942697153309409,1318.9081794065637,757.3900146484375,-0.004586781374170235,2026-09-15
SPY260918C00485000,2026-09-14 19:44:56+00:00,485.0,277.07,271.33,275.1,0.0,0.0,2.0,21.0,2.026372121582031,True,REGULAR,USD,SPY,call,2026-09-18,0.00821917808219178,273.21500000000003,0.0001198356260614394,0.9941307243145007,1443.5917588826303,757.3900146484375,-0.004586781374170235,2026-09-15
SPY260918C00490000,2026-09-15 19:44:20+00:00,490.0,267.68,266.33,270.18,-5.8200073,-2.1279733,2.0,179.0,1.9990234423828124,True,REGULAR,USD,SPY,call,2026-09-18,0.00821917808219178,268.255,0.0001292093552269672,0.9937073409768462,13267.409702965288,757.3900146484375,-0.004586781374170235,2026-09-15
SPY260918C00495000,2026-09-11 17:18:10+00:00,495.0,270.83,261.33,265.16,0.0,0.0,2.0,199.0,1.9541017919921875,True,REGULAR,USD,SPY,call,2026-09-18,0.00821917808219178,263.245,0.00013352561291107541,0.9936349073226329,15242.521167950516,757.3900146484375,-0.004586781374170235,2026-09-15
SPY260918C00500000,2026-09-15 15:22:59+00:00,500.0,257.14,256.33,260.16,-3.419983,-1.312551,22.0,183.0,1.9130863720703126,True,REGULAR,USD,SPY,call,2026-09-18,0.00821917808219178,258.245,0.00013923126992214884,0.9934847489047465,14615.949181035501,757.3900146484375,-0.004586781374170235,2026-09-15
SPY260918C00505000,2026-09-14 17:07:45+00:00,505.0,257.77,251.34,255.12,0.0,0.0,2.0,50.0,1.867676442871094,True,REGULAR,USD,SPY,call,2026-09-18,0.00821917808219178,253.23000000000002,0.00014352656426103682,0.9934377189099772,4116.6262916740425,757.3900146484375,-0.004586781374170235,2026-09-15
SPY260918C00510000,2026-09-15 16:39:22+00:00,510.0,247.72,246.34,250.16,-1.8600006,-0.74525225,10.0,127.0,1.8339852050781247,True,REGULAR,USD,SPY,call,2026-09-18,0.00821917808219178,248.25,0.0001523506001075191,0.9931225083932207,11099.081501235245,757.3900146484375,-0.004586781374170235,2026-09-15
SPY260918C00515000,2026-09-11 17:25:57+00:00,515.0,252.8,241.34,245.05,0.0,0.0,3.0,3357.0,1.7763683056640622,True,REGULAR,USD,SPY,call,2026-09-18,0.00821917808219178,243.195,0.00015193761431729405,0.9933868647725269,292587.51772691135,757.3900146484375,-0.004586781374170235,2026-09-15
SPY260918C00520000,2026-09-15 15:44:42+00:00,520.0,237.43,236.34,240.13,-5.4400024,-2.2398825,9.0,64.0,1.75000125,True,REGULAR,USD,SPY,call,2026-09-18,0.00821917808219178,238.235,0.00016442416198087135,0.9928896647829731,6036.493833408557,757.3900146484375,-0.004586781374170235,2026-09-15
SPY260918C00525000,2026-09-14 19:43:43+00:00,525.0,237.14,231.34,235.14,0.0,0.0,3.0,53.0,1.712892060546875,True,REGULAR,USD,SPY,call,2026-09-18,0.00821917808219178,233.24,0.00017295137264574317,0.9926508895166861,5258.223394178557,757.3900146484375,-0.004586781374170235,2026-09-15
SPY260918C00530000,2026-09-15 19:44:22+00:00,530.0,226.97,226.33,230.17,-4.9799957,-2.1470127,9.0,117.0,1.6767594287109375,True,REGULAR,USD,SPY,call,2026-09-18,0.00821917808219178,228.25,0.00018239675232200193,0.992380298813104,12241.710736810279,757.3900146484375,-0.004586781374170235,2026-09-15
SPY260918C00535000,2026-09-09 14:34:00+00:00,535.0,228.99,221.34,225.17,0.0,0.0,4.0,72.0,1.6396502392578123,True,REGULAR,USD,SPY,call,2026-09-18,0.00821917808219178,223.255,0.0001918594529522857,0.9921321955818628,7924.189422705664,757.3900146484375,-0.004586781374170235,2026-09-15
SPY260918C00540000,2026-09-14 19:50:47+00:00,540.0,221.7,216.35,220.17,0.0,0.0,1.0,87.0,1.6025410498046875,True,REGULAR,USD,SPY,call,2026-09-18,0.00821917808219178,218.26,0.00020182136031362624,0.9918801157086267,10072.227625018299,757.3900146484375,-0.004586781374170235,2026-09-15
SPY260918C00545000,2026-09-15 16:45:43+00:00,545.0,212.66,211.35,215.13,-6.9400024,-3.1602924,5.0,58.0,1.5590842358398436,True,REGULAR,USD,SPY,call,2026-09-18,0.00821917808219178,213.24,0.0002085501156976503,0.9918309494341188,6938.691501786208,757.3900146484375,-0.004586781374170235,2026-09-15
SPY260918C00550000,2026-09-15 19:46:20+00:00,550.0,207.0,206.35,210.2,-5.600006,-2.6340573,85.0,1114.0,1.530764064941406,True,REGULAR,USD,SPY,call,2026-09-18,0.00821917808219178,208.27499999999998,0.0002249296039547187,0.9912800919323935,143737.78882927704,757.3900146484375,-0.004586781374170235,2026-09-15
SPY260918C00555000,2026-09-15 16:59:58+00:00,555.0,202.86,201.35,205.2,-14.520004,-6.679549,6.0,108.0,1.4931665966796874,True,REGULAR,USD,SPY,call,2026-09-18,0.00821917808219178,203.27499999999998,0.00023637753243028564,0.9910300773193023,14644.316295808187,757.3900146484375,-0.004586781374170235,2026-09-15
SPY260918C00560000,2026-09-15 13:53:23+00:00,560.0,200.32,196.35,200.18,-0.2599945,-0.12962136,1.0,104.0,1.453127734375,True,REGULAR,USD,SPY,call,2026-09-18,0.00821917808219178,198.265,0.00024667609315654176,0.9908702714607598,14716.331122084539,757.3900146484375,-0.004586781374170235,2026-09-15
SPY260918C00565000,2026-09-15 17:03:03+00:00,565.0,192.61,191.35,195.14,-4.9100037,-2.485826,3.0,1353.0,1.4111357568359377,True,REGULAR,USD,SPY,call,2026-09-18,0.00821917808219178,193.245,0.00025588537857300267,0.990793503035647,198601.45121411048,757.3900146484375,-0.004586781374170235,2026-09-15
SPY260918C00570000,2026-09-14 17:48:43+00:00,570.0,192.98,186.35,190.2,0.0,0.0,5.0,130.0,1.3818390283203121,True,REGULAR,USD,SPY,call,2026-09-18,0.00821917808219178,188.27499999999998,0.0002758199240120234,0.9902065663711427,20568.761244189747,757.3900146484375,-0.004586781374170235,2026-09-15
SPY260918C00575000,2026-09-15 19:06:01+00:00,575.0,182.49,181.36,185.18,-14.309998,-7.27134,3.0,145.0,1.3437532812499997,True,REGULAR,USD,SPY,call,2026-09-18,0.00821917808219178,183.27,0.0002896712793838816,0.9899675875858275,24094.20438162724,757.3900146484375,-0.004586781374170235,2026-09-15
SPY260918C00580000,2026-09-15 14:18:20+00:00,580.0,178.71,176.36,180.18,-4.9599915,-2.7004907,12.0,217.0,1.307620649414062,True,REGULAR,USD,SPY,call,2026-09-18,0.00821917808219178,178.27,0.0003061512279979659,0.9896394333106379,38109.64382710693,757.3900146484375,-0.004586781374170235,2026-09-15
SPY260918C00585000,2026-09-15 13:53:45+00:00,585.0,174.67,171.36,175.15,-6.8600006,-3.77899,1.0,809.0,1.2675817871093749,True,REGULAR,USD,SPY,call,2026-09-18,0.00821917808219178,173.255,0.00031972750471803035,0.9894922851072104,148377.37042281713,757.3900146484375,-0.004586781374170235,2026-09-15
SPY260918C00590000,2026-09-15 18:03:14+00:00,590.0,167.58,166.36,170.21,-6.6100006,-3.7947073,5.0,103.0,1.2387733374023435,True,REGULAR,USD,SPY,call,2026-09-18,0.00821917808219178,168.28500000000003,0.0003462914802908072,0.9887833867220962,20460.591365481476,757.3900146484375,-0.004586781374170235,2026-09-15
SPY260918C00595000,2026-09-15 19:27:30+00:00,595.0,162.28,161.36,165.14,-5.199997,-3.1048467,20.0,419.0,1.1948282446289062,True,REGULAR,USD,SPY,call,2026-09-18,0.00821917808219178,163.25,0.00035738878823536596,0.9888422650827897,85900.18461481787,757.3900146484375,-0.004586781374170235,2026-09-15
SPY260918C00600000,2026-09-15 18:35:03+00:00,600.0,157.4,156.37,160.2,-3.600006,-2.2360287,2.0,5124.0,1.1674846313476563,True,REGULAR,USD,SPY,call,2026-09-18,0.00821917808219178,158.285,0.0003898198405663002,0.9879928544320674,1145808.9516424139,757.3900146484375,-0.004586781374170235,2026-09-15
SPY260918C00601000,2026-07-29 19:14:06+00:00,601.0,142.41,167.54,171.05,0.0,0.0,2.0,1.0,2.2069136624145504,True,REGULAR,USD,SPY,call,2026-09-18,0.00821917808219178,169.29500000000002,0.0011938064082023209,0.8957404325161147,684.8146714132354,757.3900146484375,-0.004586781374170235,2026-09-15
SPY260918C00602000,2026-08-19 15:28:30+00:00,602.0,171.32,154.37,158.15,0.0,0.0,4.0,1.0,1.1474652001953123,True,REGULAR,USD,SPY,call,2026-09-18,0.00821917808219178,156.26,0.00039167300797101034,0.9881653776057093,224.6791610534258,757.3900146484375,-0.004586781374170235,2026-09-15
SPY260918C00604000,2026-09-11 19:08:30+00:00,604.0,161.45,152.37,156.15,0.0,0.0,15.0,33.0,1.133305114746094,True,REGULAR,USD,SPY,call,2026-09-18,0.00821917808219178,154.26,0.00040134941403218496,0.9880006830698776,7597.587725890517,757.3900146484375,-0.004586781374170235,2026-09-15
SPY260918C00605000,2026-09-15 15:25:00+00:00,605.0,152.34,151.37,155.22,-2.7400055,-1.7668335,5.0,237.0,1.1337933935546878,True,REGULAR,USD,SPY,call,2026-09-18,0.00821917808219178,153.29500000000002,0.0004168293387893888,0.9874587453624128,56669.02958300061,757.3900146484375,-0.004586781374170235,2026-09-15
SPY260918C00610000,2026-09-15 13:45:03+00:00,610.0,150.0,146.37,150.15,-1.6199951,-1.0684575,1.0,328.0,1.0913131372070315,True,REGULAR,USD,SPY,call,2026-09-18,0.00821917808219178,148.26,0.00043297298073666777,0.9874614809711799,81465.51164321329,757.3900146484375,-0.004586781374170235,2026-09-15
SPY260918C00611000,2026-09-14 13:52:18+00:00,611.0,149.63,145.37,149.15,0.0,0.0,2.0,10.0,1.083988955078125,True,REGULAR,USD,SPY,call,2026-09-18,0.00821917808219178,147.26,0.00043804855012919867,0.98739000802443,2512.8201009701047,757.3900146484375,-0.004586781374170235,2026-09-15
SPY260918C00612000,2026-08-24 14:16:41+00:00,612.0,152.92,144.37,148.15,0.0,0.0,8.0,4.0,1.0771530517578127,True,REGULAR,USD,SPY,call,2026-09-18,0.00821917808219178,146.26,0.0004439596070652447,0.9872864580465496,1018.6913065442652,757.3900146484375,-0.004586781374170235,2026-09-15
SPY260918C00613000,2026-08-24 14:16:59+00:00,613.0,151.8,143.37,147.2,0.0,0.0,6.0,3.0,1.0751999365234377,True,REGULAR,USD,SPY,call,2026-09-18,0.00821917808219178,145.285,0.00045770311038613643,0.9868578430794285,787.6699345647434,757.3900146484375,-0.004586781374170235,2026-09-15
SPY260918C00614000,2026-08-24 14:18:56+00:00,614.0,150.75,142.37,146.15,0.0,0.0,34.0,17.0,1.062992966308594,True,REGULAR,USD,SPY,call,2026-09-18,0.00821917808219178,144.26,0.0004553057730349778,0.9871088286302809,4440.084431269978,757.3900146484375,-0.004586781374170235,2026-09-15
SPY260918C00615000,2026-09-14 19:06:59+00:00,615.0,146.82,141.37,145.21,0.0,0.0,6.0,202.0,1.0622605480957032,True,REGULAR,USD,SPY,call,2026-09-18,0.00821917808219178,143.29000000000002,0.00047150696528252986,0.986587243521958,54635.96679215138,757.3900146484375,-0.004586781374170235,2026-09-15
SPY260918C00616000,2026-09-01 18:37:17+00:00,616.0,146.17,140.37,144.16,0.0,0.0,1.0,12.0,1.0502977172851562,True,REGULAR,USD,SPY,call,2026-09-18,0.00821917808219178,142.265,0.000469464767593744,0.9868283125221827,3231.643171129452,757.3900146484375,-0.004586781374170235,2026-09-15
SPY260918C00617000,2026-09-15 18:45:24+00:00,617.0,141.34,139.37,143.16,-6.600006,-4.4612722,1.0,70.0,1.0432176745605473,True,REGULAR,USD,SPY,call,2026-09-18,0.00821917808219178,141.265,0.00047551379233269343,0.9867359258260026,19094.14905532246,757.3900146484375,-0.004586781374170235,2026-09-15
SPY260918C00618000,2026-09-15 19:30:07+00:00,618.0,139.12,138.37,142.16,-7.8099976,-5.315455,1.0,62.0,1.0361376318359379,True,REGULAR,USD,SPY,call,2026-09-18,0.00821917808219178,140.265,0.0004816645323114783,0.9866428143993045,17130.715702243386,757.3900146484375,-0.004586781374170235,2026-09-15
SPY260918C00619000,2026-08-24 14:19:29+00:00,619.0,145.93,137.38,141.09,0.0,0.0,42.0,23.0,1.0229541040039063,True,REGULAR,USD,SPY,call,2026-09-18,0.00821917808219178,139.235,0.0004772443450000208,0.9869789844088606,6296.624245244781,757.3900146484375,-0.004586781374170235,2026-09-15
SPY260918C00620000,2026-09-15 19:51:24+00:00,620.0,137.19,136.38,140.21,-4.399994,-3.10756,9.0,726.0,1.0283251708984378,True,REGULAR,USD,SPY,call,2026-09-18,0.00821917808219178,138.29500000000002,0.0005055832227854382,0.9859944512112004,210556.3894655174,757.3900146484375,-0.004586781374170235,2026-09-15
SPY260918C00621000,2026-09-01 15:49:36+00:00,621.0,144.5,135.38,139.16,0.0,0.0,1.0,59.0,1.0163623400878907,True,REGULAR,USD,SPY,call,2026-09-18,0.00821917808219178,137.26999999999998,0.0005034042045091053,0.9862522567624308,17037.583622679507,757.3900146484375,-0.004586781374170235,2026-09-15
SPY260918C00622000,2026-09-11 15:37:50+00:00,622.0,143.09,134.38,138.16,0.0,0.0,2.0,31.0,1.0092822973632813,True,REGULAR,USD,SPY,call,2026-09-18,0.00821917808219178,136.26999999999998,0.0005100328262946882,0.9861548236015117,9069.826362485705,757.3900146484375,-0.004586781374170235,2026-09-15
SPY260918C00623000,2026-09-15 14:16:10+00:00,623.0,135.46,133.38,137.16,-6.419998,-4.524949,5.0,53.0,1.0024463940429689,True,REGULAR,USD,SPY,call,2026-09-18,0.00821917808219178,135.26999999999998,0.0005172347647972413,0.9860383114069967,15725.437149956255,757.3900146484375,-0.004586781374170235,2026-09-15
SPY260918C00624000,2026-09-01 16:01:16+00:00,624.0,141.33,132.38,136.16,0.0,0.0,2.0,72.0,0.9956055126953125,True,REGULAR,USD,SPY,call,2026-09-18,0.00821917808219178,134.26999999999998,0.0005245618032751393,0.98592089115085,21665.479751482566,757.3900146484375,-0.004586781374170235,2026-09-15
SPY260918C00625000,2026-09-15 18:52:37+00:00,625.0,132.27,131.38,135.16,-4.1399994,-3.0349677,8.0,750.0,0.9885255053710937,True,REGULAR,USD,SPY,call,2026-09-18,0.00821917808219178,133.26999999999998,0.0005315624672997043,0.9858205259781079,228693.97450773465,757.3900146484375,-0.004586781374170235,2026-09-15
SPY260918C00626000,2026-09-15 15:30:35+00:00,626.0,131.26,130.38,134.16,-7.900009,-5.676925,1.0,68.0,0.981445498046875,True,REGULAR,USD,SPY,call,2026-09-18,0.00821917808219178,132.26999999999998,0.0005386880839393508,0.9857192961657694,21012.872811749043,757.3900146484375,-0.004586781374170235,2026-09-15
SPY260918C00627000,2026-09-08 18:48:57+00:00,627.0,140.16,129.38,133.16,0.0,0.0,1.0,107.0,0.97460962890625,True,REGULAR,USD,SPY,call,2026-09-18,0.00821917808219178,131.26999999999998,0.0005464326994547489,0.9855979751084121,33539.73356503811,757.3900146484375,-0.004586781374170235,2026-09-15
SPY260918C00628000,2026-08-24 15:10:20+00:00,628.0,137.15,128.38,132.16,0.0,0.0,108.0,54.0,0.9677737597656251,True,REGULAR,USD,SPY,call,2026-09-18,0.00821917808219178,130.26999999999998,0.000554326322604126,0.9854752641283391,17171.111644676243,757.3900146484375,-0.004586781374170235,2026-09-15
SPY260918C00629000,2026-09-11 15:37:23+00:00,629.0,137.09,127.38,131.17,0.0,0.0,2.0,5.0,0.9619144433593749,True,REGULAR,USD,SPY,call,2026-09-18,0.00821917808219178,129.27499999999998,0.0005644076384094881,0.9852721302693365,1618.832956436137,757.3900146484375,-0.004586781374170235,2026-09-15
SPY260918C00630000,2026-09-15 18:22:56+00:00,630.0,127.69,126.38,130.22,-4.2099915,-3.1918056,81.0,875.0,0.9594730615234374,True,REGULAR,USD,SPY,call,2026-09-18,0.00821917808219178,128.3,0.000581968977809225,0.9847827507572889,292110.41264835524,757.3900146484375,-0.004586781374170235,2026-09-15
SPY260918C00631000,2026-08-24 15:10:29+00:00,631.0,134.16,125.38,129.17,0.0,0.0,56.0,28.0,0.9477544287109375,True,REGULAR,USD,SPY,call,2026-09-18,0.00821917808219178,127.27499999999999,0.0005799967695354316,0.9850579501358179,9315.855773425585,757.3900146484375,-0.004586781374170235,2026-09-15
SPY260918C00632000,2026-08-24 15:10:01+00:00,632.0,133.2,124.38,128.09,0.0,0.0,6.0,3.0,0.9333502758789063,True,REGULAR,USD,SPY,call,2026-09-18,0.00821917808219178,126.235,0.0005718999868258017,0.9855595075897859,984.1934978781857,757.3900146484375,-0.004586781374170235,2026-09-15
SPY260918C00635000,2026-09-15 19:36:19+00:00,635.0,122.08,121.39,125.14,-5.0,-3.9345293,159.0,976.0,0.9184578466796876,True,REGULAR,USD,SPY,call,2026-09-18,0.00821917808219178,123.265,0.0006107058886605871,0.9847026369758166,341917.3001663879,757.3900146484375,-0.004586781374170235,2026-09-15
SPY260918C00637000,2026-09-11 19:47:29+00:00,637.0,128.45,119.39,123.16,0.0,0.0,1.0,5.0,0.9064950756835937,True,REGULAR,USD,SPY,call,2026-09-18,0.00821917808219178,121.275,0.0006333763886551456,0.9842809793915388,1816.648999777634,757.3900146484375,-0.004586781374170235,2026-09-15
SPY260918C00640000,2026-09-15 19:12:20+00:00,640.0,117.41,116.39,120.21,-4.9299927,-4.0297475,126.0,1983.0,0.8901378173828124,True,REGULAR,USD,SPY,call,2026-09-18,0.00821917808219178,118.3,0.000673504020194264,0.983467809365234,766129.2734758131,757.3900146484375,-0.004586781374170235,2026-09-15
SPY260918C00641000,2026-06-25 14:19:51+00:00,641.0,106.02,123.3,126.09,0.0,0.0,0.0,1.0,1.5144067248535156,True,REGULAR,USD,SPY,call,2026-09-18,0.00821917808219178,124.695,0.0016774583566258488,0.9008299374914879,962.2565982301478,757.3900146484375,-0.004586781374170235,2026-09-15
SPY260918C00643000,2026-08-26 14:52:27+00:00,643.0,124.53,113.39,117.18,0.0,0.0,2.0,2.0,0.8669446899414062,True,REGULAR,USD,SPY,call,2026-09-18,0.00821917808219178,115.285,0.000698347178015616,0.9832769734447538,801.1992396074903,757.3900146484375,-0.004586781374170235,2026-09-15
SPY260918C00644000,2026-07-31 16:58:42+00:00,644.0,105.6,124.62,128.14,0.0,0.0,2.0,13.0,1.7409680920410153,True,REGULAR,USD,SPY,call,2026-09-18,0.00821917808219178,126.38,0.0018053021336116276,0.8661819995621193,13462.707124183393,757.3900146484375,-0.004586781374170235,2026-09-15
SPY260918C00645000,2026-09-15 17:27:10+00:00,645.0,112.0,111.39,115.1,-5.1100006,-4.3634195,1.0,995.0,0.8461929443359374,True,REGULAR,USD,SPY,call,2026-09-18,0.00821917808219178,113.245,0.0007007304542933791,0.9836788431234428,399956.9277284505,757.3900146484375,-0.004586781374170235,2026-09-15
SPY260918C00646000,2026-09-14 13:55:44+00:00,646.0,114.27,110.39,114.11,0.0,0.0,3.0,15.0,0.8403336279296875,True,REGULAR,USD,SPY,call,2026-09-18,0.00821917808219178,112.25,0.0007146628296024292,0.9834341741946574,6149.38386319791,757.3900146484375,-0.004586781374170235,2026-09-15
SPY260918C00647000,2026-09-10 15:36:26+00:00,647.0,112.87,109.39,113.11,0.0,0.0,1.0,3.0,0.8334977587890623,True,REGULAR,USD,SPY,call,2026-09-18,0.00821917808219178,111.25,0.0007260962640362221,0.9832843594407811,1249.5527860813922,757.3900146484375,-0.004586781374170235,2026-09-15
SPY260918C00648000,2026-09-01 14:22:43+00:00,648.0,116.92,108.39,112.18,0.0,0.0,1.0,2.0,0.8325212060546874,True,REGULAR,USD,SPY,call,2026-09-18,0.00821917808219178,110.285,0.0007552843896630125,0.9825194797877368,866.5221221412045,757.3900146484375,-0.004586781374170235,2026-09-15
SPY260918C00649000,2026-08-14 16:59:35+00:00,649.0,129.75,107.39,111.18,0.0,0.0,3.0,4.0,0.8256853369140623,True,REGULAR,USD,SPY,call,2026-09-18,0.00821917808219178,109.285,0.0007675993815971302,0.9823563575125738,1761.3017141598536,757.3900146484375,-0.004586781374170235,2026-09-15
SPY260918C00650000,2026-09-15 19:47:07+00:00,650.0,107.23,106.39,110.19,-5.209999,-4.633581,122.0,3130.0,0.8198260205078124,True,REGULAR,USD,SPY,call,2026-09-18,0.00821917808219178,108.28999999999999,0.0007832316774423427,0.9820846254255527,1406286.2543266555,757.3900146484375,-0.004586781374170235,2026-09-15
SPY260918C00651000,2026-09-15 14:27:28+00:00,651.0,106.71,105.39,109.24,-7.5,-6.5668507,1.0,27.0,0.8168963623046874,True,REGULAR,USD,SPY,call,2026-09-18,0.00821917808219178,107.315,0.0008085511458804282,0.9814810772599127,12523.05855792712,757.3900146484375,-0.004586781374170235,2026-09-15
SPY260918C00652000,2026-09-08 14:40:09+00:00,652.0,115.32,104.4,108.19,0.0,0.0,1.0,1.0,0.8068866967773438,True,REGULAR,USD,SPY,call,2026-09-18,0.00821917808219178,106.295,0.0008118199486532959,0.9816605501266036,465.69209845412166,757.3900146484375,-0.004586781374170235,2026-09-15
SPY260918C00653000,2026-09-09 14:02:08+00:00,653.0,111.39,103.4,107.19,0.0,0.0,153.0,311.0,0.8000508276367188,True,REGULAR,USD,SPY,call,2026-09-18,0.00821917808219178,105.295,0.0008254489527927562,0.9814844151010425,147261.68321077063,757.3900146484375,-0.004586781374170235,2026-09-15
SPY260918C00654000,2026-09-15 19:30:16+00:00,654.0,103.35,102.4,106.19,-5.1900024,-4.7816496,11.0,32.0,0.7932149584960937,True,REGULAR,USD,SPY,call,2026-09-18,0.00821917808219178,104.295,0.000839406411695249,0.9813055036016961,15408.537184794848,757.3900146484375,-0.004586781374170235,2026-09-15
SPY260918C00655000,2026-09-15 19:36:19+00:00,655.0,102.1,101.4,105.24,-6.1900024,-5.716135,13.0,1094.0,0.7902853002929688,True,REGULAR,USD,SPY,call,2026-09-18,0.00821917808219178,103.32,0.0008671219448225653,0.9806619246625017,544172.5737514613,757.3900146484375,-0.004586781374170235,2026-09-15
SPY260918C00656000,2026-08-25 14:49:04+00:00,656.0,110.55,100.4,104.19,0.0,0.0,1.0,11.0,0.7795432202148438,True,REGULAR,USD,SPY,call,2026-09-18,0.00821917808219178,102.295,0.0008683520431292772,0.9809390206692628,5479.332633004162,757.3900146484375,-0.004586781374170235,2026-09-15
SPY260918C00657000,2026-08-24 14:07:43+00:00,657.0,108.25,99.4,103.19,0.0,0.0,34.0,17.0,0.7727073510742188,True,REGULAR,USD,SPY,call,2026-09-18,0.00821917808219178,101.295,0.000883364166083181,0.9807512752974421,8614.455851993787,757.3900146484375,-0.004586781374170235,2026-09-15
SPY260918C00659000,2026-09-09 13:42:33+00:00,659.0,107.06,97.4,101.12,0.0,0.0,0.0,1.0,0.7534204345703125,True,REGULAR,USD,SPY,call,2026-09-18,0.00821917808219178,99.26,0.0008934677888722519,0.9810634865562462,512.5285356578235,757.3900146484375,-0.004586781374170235,2026-09-15
SPY260918C00660000,2026-09-15 19:39:36+00:00,660.0,97.14,96.4,100.25,-5.1399994,-5.0254197,37.0,4027.0,0.7568383691406251,True,REGULAR,USD,SPY,call,2026-09-18,0.00821917808219178,98.325,0.0009484280626665195,0.9795755439294631,2190913.2180998717,757.3900146484375,-0.004586781374170235,2026-09-15
SPY260918C00661000,2026-08-20 16:39:03+00:00,661.0,107.85,95.4,99.11,0.0,0.0,1.0,1.0,0.7390162817382812,True,REGULAR,USD,SPY,call,2026-09-18,0.00821917808219178,97.255,0.0009224367430674924,0.9807806745725575,529.1462759481205,757.3900146484375,-0.004586781374170235,2026-09-15
SPY260918C00662000,2026-09-14 16:17:59+00:00,662.0,100.22,94.4,98.2,0.0,0.0,1.0,3.0,0.7392604199218749,True,REGULAR,USD,SPY,call,2026-09-18,0.00821917808219178,96.30000000000001,0.0009672744608704762,0.9796674671561937,1664.6009039729543,757.3900146484375,-0.004586781374170235,2026-09-15
SPY260918C00663000,2026-09-14 17:08:39+00:00,663.0,100.12,93.4,97.25,0.0,0.0,1.0,2.0,0.73633076171875,True,REGULAR,USD,SPY,call,2026-09-18,0.00821917808219178,95.325,0.0010007476801715978,0.9789330690267075,1148.137066538722,757.3900146484375,-0.004586781374170235,2026-09-15
SPY260918C00664000,2026-09-14 19:38:47+00:00,664.0,98.36,92.4,96.2,0.0,0.0,4.0,4.0,0.725588681640625,True,REGULAR,USD,SPY,call,2026-09-18,0.00821917808219178,94.30000000000001,0.0010028423915851138,0.9792444700985029,2301.0805710342065,757.3900146484375,-0.004586781374170235,2026-09-15
SPY260918C00665000,2026-09-15 20:00:12+00:00,665.0,92.74,91.41,95.25,-3.8700027,-4.0057993,4.0,4473.0,0.7231472998046875,True,REGULAR,USD,SPY,call,2026-09-18,0.00821917808219178,93.33,0.0010400721747606172,0.9784167074176024,2668710.880045026,757.3900146484375,-0.004586781374170235,2026-09-15
SPY260918C00666000,2026-09-15 15:05:00+00:00,666.0,89.25,90.41,94.2,-3.25,-3.5135136,12.0,2.0,0.7126493579101563,True,REGULAR,USD,SPY,call,2026-09-18,0.00821917808219178,92.305,0.0010435547345386234,0.978702803538259,1197.2487125629157,757.3900146484375,-0.004586781374170235,2026-09-15
SPY260918C00667000,2026-09-14 13:54:00+00:00,667.0,93.72,89.41,93.19,0.0,0.0,1.0,2.0,0.7050810742187501,True,REGULAR,USD,SPY,call,2026-09-18,0.00821917808219178,91.3,0.0010598916958880977,0.9785801108685568,1215.9917696307327,757.3900146484375,-0.004586781374170235,2026-09-15
SPY260918C00668000,2026-08-31 15:06:03+00:00,668.0,99.44,88.41,92.23,0.0,0.0,1.0,4.0,0.70117486328125,True,REGULAR,USD,SPY,call,2026-09-18,0.00821917808219178,90.32,0.0010933441831909602,0.9779231662099165,2508.7422295913725,757.3900146484375,-0.004586781374170235,2026-09-15
SPY260918C00669000,2026-09-15 17:34:46+00:00,669.0,88.3,87.41,91.21,-13.549995,-13.303874,15.0,26.0,0.6928741650390625,True,REGULAR,USD,SPY,call,2026-09-18,0.00821917808219178,89.31,0.001107466006145478,0.9778989702357708,16517.446263577196,757.3900146484375,-0.004586781374170235,2026-09-15
SPY260918C00670000,2026-09-15 19:54:34+00:00,670.0,87.63,86.41,90.26,-4.8199997,-5.213629,69.0,3156.0,0.689700368652344,True,REGULAR,USD,SPY,call,2026-09-18,0.00821917808219178,88.33500000000001,0.0011463344177009666,0.977101141695729,2075331.4939874976,757.3900146484375,-0.004586781374170235,2026-09-15
SPY260918C00671000,2026-07-23 15:29:33+00:00,671.0,74.96,93.59,96.38,0.0,0.0,1.0,1.0,1.2327308871459959,True,REGULAR,USD,SPY,call,2026-09-18,0.00821917808219178,94.985,0.002453983795619311,0.8733738110886119,1407.7023670705873,757.3900146484375,-0.004586781374170235,2026-09-15
SPY260918C00672000,2026-09-15 17:44:07+00:00,672.0,85.27,84.41,88.21,-6.130005,-6.7067885,1.0,6.0,0.6723665576171877,True,REGULAR,USD,SPY,call,2026-09-18,0.00821917808219178,86.31,0.0011735394235769339,0.9771554000097017,4039.132354587506,757.3900146484375,-0.004586781374170235,2026-09-15
SPY260918C00673000,2026-09-08 14:53:26+00:00,673.0,95.06,83.41,87.13,0.0,0.0,1.0,2.0,0.6599155102539063,True,REGULAR,USD,SPY,call,2026-09-18,0.00821917808219178,85.27,0.0011679515315730143,0.9777823789273725,1339.9665788780173,757.3900146484375,-0.004586781374170235,2026-09-15
SPY260918C00674000,2026-07-29 18:10:24+00:00,674.0,71.8,94.7,98.21,0.0,0.0,0.0,3.0,1.418704078369141,True,REGULAR,USD,SPY,call,2026-09-18,0.00821917808219178,96.455,0.0025490007067327934,0.8349201584244077,4386.623499639033,757.3900146484375,-0.004586781374170235,2026-09-15
SPY260918C00675000,2026-09-15 19:52:31+00:00,675.0,82.32,81.41,85.27,-5.029999,-5.758442,1292.0,5470.0,0.6560092993164064,True,REGULAR,USD,SPY,call,2026-09-18,0.00821917808219178,83.34,0.0012679458047035075,0.9756769877641083,3978571.503366017,757.3900146484375,-0.004586781374170235,2026-09-15
SPY260918C00676000,2026-09-10 14:18:30+00:00,676.0,82.22,80.42,84.13,0.0,0.0,1.0,2.0,0.6401403173828125,True,REGULAR,USD,SPY,call,2026-09-18,0.00821917808219178,82.275,0.0012441354317362721,0.9769017641809767,1427.3707881347636,757.3900146484375,-0.004586781374170235,2026-09-15
SPY260918C00677000,2026-09-02 14:27:01+00:00,677.0,89.92,79.42,83.22,0.0,0.0,1.0,30.0,0.639652041015625,True,REGULAR,USD,SPY,call,2026-09-18,0.00821917808219178,81.32,0.0013057626261370192,0.9755567935673745,22471.115859770798,757.3900146484375,-0.004586781374170235,2026-09-15
SPY260918C00678000,2026-09-09 13:30:30+00:00,678.0,86.06,78.42,82.22,0.0,0.0,1.0,2.0,0.632816171875,True,REGULAR,USD,SPY,call,2026-09-18,0.00821917808219178,80.32,0.0013331088848350004,0.9752642976875161,1529.4481863287601,757.3900146484375,-0.004586781374170235,2026-09-15
SPY260918C00679000,2026-09-02 14:28:11+00:00,679.0,87.75,77.42,81.22,0.0,0.0,1.0,2.0,0.6259803027343751,True,REGULAR,USD,SPY,call,2026-09-18,0.00821917808219178,79.32,0.0013613269571280853,0.9749650252309602,1561.8221956698608,757.3900146484375,-0.004586781374170235,2026-09-15
SPY260918C00680000,2026-09-15 19:52:45+00:00,680.0,77.0,76.42,80.27,-5.0,-6.097561,51.0,4825.0,0.6223182299804688,True,REGULAR,USD,SPY,call,2026-09-18,0.00821917808219178,78.345,0.0014097136156616006,0.9740811043450939,3901821.184188253,757.3900146484375,-0.004586781374170235,2026-09-15
SPY260918C00681000,2026-09-14 19:40:46+00:00,681.0,81.45,75.42,79.23,0.0,0.0,1.0,3.0,0.6127968408203126,True,REGULAR,USD,SPY,call,2026-09-18,0.00821917808219178,77.325,0.0014235841633946748,0.9742548056431181,2449.8728966086846,757.3900146484375,-0.004586781374170235,2026-09-15
SPY260918C00682000,2026-09-14 19:37:21+00:00,682.0,79.98,74.42,78.28,0.0,0.0,4.0,9.0,0.6091347680664063,True,REGULAR,USD,SPY,call,2026-09-18,0.00821917808219178,76.35,0.001474987298602328,0.9733309555374552,7615.000570962564,757.3900146484375,-0.004586781374170235,2026-09-15
SPY260918C00683000,2026-09-14 15:41:34+00:00,683.0,78.7,73.42,77.23,0.0,0.0,4.0,26.0,0.5991251025390626,True,REGULAR,USD,SPY,call,2026-09-18,0.00821917808219178,75.325,0.001486947135790012,0.9736006884452215,22177.267090729318,757.3900146484375,-0.004586781374170235,2026-09-15
SPY260918C00684000,2026-09-03 15:35:27+00:00,684.0,90.17,72.42,76.14,0.0,0.0,1.0,25.0,0.5864299169921875,True,REGULAR,USD,SPY,call,2026-09-18,0.00821917808219178,74.28,0.0014805487566892195,0.9744003322408564,21232.536183361874,757.3900146484375,-0.004586781374170235,2026-09-15
SPY260918C00685000,2026-09-15 19:54:34+00:00,685.0,72.63,71.55,75.28,-4.4500046,-5.7732286,262.0,4794.0,0.596683720703125,True,REGULAR,USD,SPY,call,2026-09-18,0.00821917808219178,73.41499999999999,0.0016314924742510109,0.9706353036606118,4486650.649641714,757.3900146484375,-0.004586781374170235,2026-09-15
SPY260918C00686000,2026-09-15 18:42:41+00:00,686.0,72.0,70.43,74.23,-0.9000015,-1.23457,1.0,4.0,0.579105771484375,True,REGULAR,USD,SPY,call,2026-09-18,0.00821917808219178,72.33000000000001,0.0015938209324490725,0.9724562213173382,3657.1154272499784,757.3900146484375,-0.004586781374170235,2026-09-15
SPY260918C00687000,2026-09-15 13:58:35+00:00,687.0,72.7,69.43,73.23,-4.010002,-5.227483,4.0,15.0,0.5722699023437501,True,REGULAR,USD,SPY,call,2026-09-18,0.00821917808219178,71.33000000000001,0.0016308353322767144,0.9720874203684184,14032.676753895837,757.3900146484375,-0.004586781374170235,2026-09-15
SPY260918C00688000,2026-09-15 18:01:37+00:00,688.0,69.4,68.43,72.2,-6.5599976,-8.636121,7.0,10.0,0.5634809277343751,True,REGULAR,USD,SPY,call,2026-09-18,0.00821917808219178,70.315,0.0016545221138984597,0.9721228291388725,9490.994603400408,757.3900146484375,-0.004586781374170235,2026-09-15
SPY260918C00689000,2026-09-15 14:07:01+00:00,689.0,69.88,67.43,71.26,-8.550003,-10.901444,6.0,19.0,0.5603071313476562,True,REGULAR,USD,SPY,call,2026-09-18,0.00821917808219178,69.345,0.0017220546430893086,0.9709475240644341,18768.937118066333,757.3900146484375,-0.004586781374170235,2026-09-15
SPY260918C00690000,2026-09-15 19:43:42+00:00,690.0,67.69,66.43,70.29,-3.449997,-4.849588,263.0,6133.0,0.5551802294921876,True,REGULAR,USD,SPY,call,2026-09-18,0.00821917808219178,68.36000000000001,0.001777075094466728,0.970158095672614,6251984.537835752,757.3900146484375,-0.004586781374170235,2026-09-15
SPY260918C00691000,2026-09-15 17:04:58+00:00,691.0,66.45,65.43,69.2,-9.420006,-12.415982,27.0,19.0,0.5429733203125001,True,REGULAR,USD,SPY,call,2026-09-18,0.00821917808219178,67.315,0.0017769843653491423,0.9709484080905071,19367.624568052324,757.3900146484375,-0.004586781374170235,2026-09-15
SPY260918C00692000,2026-09-09 17:35:05+00:00,692.0,71.51,64.43,68.25,0.0,0.0,8.0,15.0,0.5390671093750001,True,REGULAR,USD,SPY,call,2026-09-18,0.00821917808219178,66.34,0.0018454665095916814,0.9698575283876282,15879.491004825983,757.3900146484375,-0.004586781374170235,2026-09-15
SPY260918C00693000,2026-09-14 19:58:17+00:00,693.0,68.54,63.44,67.25,0.0,0.0,4.0,14.0,0.5327195166015625,True,REGULAR,USD,SPY,call,2026-09-18,0.00821917808219178,65.345,0.0018960045412100596,0.9693004764882283,15226.726922824562,757.3900146484375,-0.004586781374170235,2026-09-15
SPY260918C00694000,2026-09-15 16:22:39+00:00,694.0,63.58,62.44,66.25,-7.5899963,-10.664601,2.0,30.0,0.5258836474609375,True,REGULAR,USD,SPY,call,2026-09-18,0.00821917808219178,64.345,0.0019442961840927303,0.9688432228826712,33459.76055978292,757.3900146484375,-0.004586781374170235,2026-09-15
SPY260918C00695000,2026-09-15 18:45:28+00:00,695.0,62.35,61.44,65.2,-4.760002,-7.092836,161.0,8578.0,0.5161181201171875,True,REGULAR,USD,SPY,call,2026-09-18,0.00821917808219178,63.32,0.001967808273218761,0.9690953830676217,9682956.354522983,757.3900146484375,-0.004586781374170235,2026-09-15
SPY260918C00696000,2026-09-15 17:36:56+00:00,696.0,61.41,60.44,64.26,-7.579998,-10.987098,10.0,14.0,0.512578116455078,True,REGULAR,USD,SPY,call,2026-09-18,0.00821917808219178,62.35,0.0020501893191841205,0.9677925800812125,16464.9779179245,757.3900146484375,-0.004586781374170235,2026-09-15
SPY260918C00697000,2026-09-11 14:34:34+00:00,697.0,68.47,59.44,63.28,0.0,0.0,3.0,7.0,0.506840869140625,True,REGULAR,USD,SPY,call,2026-09-18,0.00821917808219178,61.36,0.0021152389515467435,0.9670028254326665,8493.694290196228,757.3900146484375,-0.004586781374170235,2026-09-15
SPY260918C00698000,2026-09-11 14:22:12+00:00,698.0,68.26,58.44,62.26,0.0,0.0,8.0,21.0,0.6563755065917969,True,REGULAR,USD,SPY,call,2026-09-18,0.00821917808219178,60.349999999999994,0.003287117138340922,0.9203671612113832,39598.03413517388,757.3900146484375,-0.004586781374170235,2026-09-15
SPY260918C00699000,2026-09-15 15:45:25+00:00,699.0,58.89,57.44,61.26,-16.169998,-21.542763,9.0,30.0,0.6480748083496093,True,REGULAR,USD,SPY,call,2026-09-18,0.00821917808219178,59.349999999999994,0.003362552118209137,0.9193106696570181,57866.795021031925,757.3900146484375,-0.004586781374170235,2026-09-15
SPY260918C00700000,2026-09-15 20:10:56+00:00,700.0,58.31,56.45,60.32,-3.1099968,-5.0634923,195.0,8813.0,0.643680321044922,True,REGULAR,USD,SPY,call,2026-09-18,0.00821917808219178,58.385000000000005,0.00345860266063791,0.9169910804661584,17484917.66586886,757.3900146484375,-0.004586781374170235,2026-09-15
SPY260918C00701000,2026-09-15 13:30:00+00:00,701.0,59.07,55.45,59.23,-0.6899986,-1.1546162,1.0,33.0,0.6295203063964845,True,REGULAR,USD,SPY,call,2026-09-18,0.00821917808219178,57.34,0.0035127064526312393,0.9177291497502343,66495.91228013442,757.3900146484375,-0.004586781374170235,2026-09-15
SPY260918C00702000,2026-09-14 19:19:48+00:00,702.0,60.24,54.45,58.27,0.0,0.0,8.0,30.0,0.6237830590820312,True,REGULAR,USD,SPY,call,2026-09-18,0.00821917808219178,56.36,0.003609077863871238,0.9157457597205308,62109.30317856603,757.3900146484375,-0.004586781374170235,2026-09-15
SPY260918C00703000,2026-09-15 19:24:22+00:00,703.0,55.24,53.45,57.28,-6.859997,-11.046694,6.0,15.0,0.6160927062988282,True,REGULAR,USD,SPY,call,2026-09-18,0.00821917808219178,55.365,0.0036995387799608893,0.9143460919634137,31833.031091629968,757.3900146484375,-0.004586781374170235,2026-09-15
SPY260918C00704000,2026-09-09 14:51:40+00:00,704.0,60.49,52.45,56.25,0.0,0.0,1.0,3.0,0.6058389025878907,True,REGULAR,USD,SPY,call,2026-09-18,0.00821917808219178,54.35,0.0037810322639773397,0.9137712348727965,6506.849895430432,757.3900146484375,-0.004586781374170235,2026-09-15
SPY260918C00705000,2026-09-15 19:49:58+00:00,705.0,52.35,51.46,55.2,-5.200001,-9.035623,90.0,8444.0,0.5942423388671876,True,REGULAR,USD,SPY,call,2026-09-18,0.00821917808219178,53.33,0.003858943491969472,0.9136478374411607,18692000.93027053,757.3900146484375,-0.004586781374170235,2026-09-15
SPY260918C00706000,2026-09-15 16:07:21+00:00,706.0,51.29,50.46,54.31,-3.9899979,-7.217797,1.0,51.0,0.5927775097656252,True,REGULAR,USD,SPY,call,2026-09-18,0.00821917808219178,52.385000000000005,0.00399141162730447,0.9099467017788081,116771.22721540637,757.3900146484375,-0.004586781374170235,2026-09-15
SPY260918C00707000,2026-09-15 17:32:59+00:00,707.0,50.34,49.46,53.19,-1.5999985,-3.0804746,1.0,31.0,0.5769085278320312,True,REGULAR,USD,SPY,call,2026-09-18,0.00821917808219178,51.325,0.0040554139291012065,0.9112957029473521,72116.73105860427,757.3900146484375,-0.004586781374170235,2026-09-15
SPY260918C00708000,2026-09-15 18:53:53+00:00,708.0,49.04,48.46,52.31,-5.8499985,-10.657677,1.0,25.0,0.5759319750976561,True,REGULAR,USD,SPY,call,2026-09-18,0.00821917808219178,50.385000000000005,0.004199577375147673,0.9072327703749778,60226.10074121857,757.3900146484375,-0.004586781374170235,2026-09-15
SPY260918C00709000,2026-09-08 15:03:39+00:00,709.0,58.11,47.47,51.32,0.0,0.0,9.0,8.0,0.5679974841308593,True,REGULAR,USD,SPY,call,2026-09-18,0.00821917808219178,49.394999999999996,0.004312734718597196,0.9056215795669429,19791.644534098086,757.3900146484375,-0.004586781374170235,2026-09-15
SPY260918C00710000,2026-09-15 19:36:19+00:00,710.0,47.18,46.47,50.32,-4.919998,-9.443375,369.0,6277.0,0.559574716796875,True,REGULAR,USD,SPY,call,2026-09-18,0.00821917808219178,48.394999999999996,0.0044282273721018995,0.904137982730597,15944877.645978754,757.3900146484375,-0.004586781374170235,2026-09-15
SPY260918C00711000,2026-09-15 14:38:45+00:00,711.0,46.61,45.47,49.33,-1.2900009,-2.6931124,98.0,23.0,0.5516402258300781,True,REGULAR,USD,SPY,call,2026-09-18,0.00821917808219178,47.4,0.004551248038236472,0.9024099372168735,60047.85398490425,757.3900146484375,-0.004586781374170235,2026-09-15
SPY260918C00712000,2026-09-15 14:43:54+00:00,712.0,45.22,44.48,48.33,-5.16,-10.24216,522.0,37.0,0.5430953894042969,True,REGULAR,USD,SPY,call,2026-09-18,0.00821917808219178,46.405,0.004676545049974111,0.9008589839006249,99258.1089115455,757.3900146484375,-0.004586781374170235,2026-09-15
SPY260918C00713000,2026-09-14 14:40:03+00:00,713.0,45.89,43.48,47.32,0.0,0.0,1.0,10.0,0.5340622766113281,True,REGULAR,USD,SPY,call,2026-09-18,0.00821917808219178,45.4,0.0048050188020443575,0.899447102228321,27563.492283572643,757.3900146484375,-0.004586781374170235,2026-09-15
SPY260918C00714000,2026-09-14 19:13:20+00:00,714.0,48.24,42.48,46.34,0.0,0.0,51.0,79.0,0.5266160620117188,True,REGULAR,USD,SPY,call,2026-09-18,0.00821917808219178,44.41,0.004947682735798258,0.8973236149266206,224216.7662962263,757.3900146484375,-0.004586781374170235,2026-09-15
SPY260918C00715000,2026-09-15 19:36:19+00:00,715.0,42.23,41.49,45.35,-4.9399986,-10.472756,47.0,12618.0,0.5185595019531251,True,REGULAR,USD,SPY,call,2026-09-18,0.00821917808219178,43.42,0.005093645757012683,0.8953726525877002,36868749.832172774,757.3900146484375,-0.004586781374170235,2026-09-15
SPY260918C00716000,2026-09-15 14:17:55+00:00,716.0,42.51,40.49,44.32,-1.3600006,-3.1000698,1.0,126.0,0.5083056982421875,True,REGULAR,USD,SPY,call,2026-09-18,0.00821917808219178,42.405,0.005235197051630737,0.8942915702428589,378392.6817882725,757.3900146484375,-0.004586781374170235,2026-09-15
SPY260918C00717000,2026-09-15 19:53:38+00:00,717.0,40.68,39.5,43.38,-8.009998,-16.451014,10.0,105.0,0.503056727294922,True,REGULAR,USD,SPY,call,2026-09-18,0.00821917808219178,41.44,0.005409558941446365,0.8909577755952189,325829.4283478798,757.3900146484375,-0.004586781374170235,2026-09-15
SPY260918C00718000,2026-09-14 19:04:10+00:00,718.0,44.3,38.5,42.38,0.0,0.0,8.0,43.0,0.49432878723144535,True,REGULAR,USD,SPY,call,2026-09-18,0.00821917808219178,40.44,0.005574044837147032,0.8890490259570439,137492.20080137346,757.3900146484375,-0.004586781374170235,2026-09-15
SPY260918C00719000,2026-09-14 13:38:04+00:00,719.0,40.07,37.51,41.21,0.0,0.0,4.0,84.0,0.4762015270996094,True,REGULAR,USD,SPY,call,2026-09-18,0.00821917808219178,39.36,0.005697510351420895,0.8914118012023426,274538.6913652142,757.3900146484375,-0.004586781374170235,2026-09-15
SPY260918C00720000,2026-09-15 19:36:19+00:00,720.0,37.24,36.51,39.88,-4.84,-11.501901,244.0,16929.0,0.44885805053710937,True,REGULAR,USD,SPY,call,2026-09-18,0.00821917808219178,38.195,0.005760080106749452,0.8984092173624199,55936975.25304466,757.3900146484375,-0.004586781374170235,2026-09-15
SPY260918C00721000,2026-09-15 18:32:31+00:00,721.0,36.69,35.52,38.79,-1.4400024,-3.7765603,7.0,88.0,0.4351863122558594,True,REGULAR,USD,SPY,call,2026-09-18,0.00821917808219178,37.155,0.005914294148760506,0.8990363437586752,298555.2708664678,757.3900146484375,-0.004586781374170235,2026-09-15
SPY260918C00722000,2026-09-15 17:25:01+00:00,722.0,34.86,34.53,37.89,-11.66,-25.064487,1.0,58.0,0.4325007922363281,True,REGULAR,USD,SPY,call,2026-09-18,0.00821917808219178,36.21,0.006162525563799406,0.8940597624819092,205033.99682149861,757.3900146484375,-0.004586781374170235,2026-09-15
SPY260918C00723000,2026-09-11 17:47:01+00:00,723.0,43.37,33.54,36.9,0.0,0.0,1.0,23.0,0.42450526672363287,True,REGULAR,USD,SPY,call,2026-09-18,0.00821917808219178,35.22,0.006382218416177065,0.8916274639438755,84205.14907881517,757.3900146484375,-0.004586781374170235,2026-09-15
SPY260918C00724000,2026-09-11 17:38:13+00:00,724.0,42.27,32.55,35.91,0.0,0.0,28.0,44.0,0.4165097412109374,True,REGULAR,USD,SPY,call,2026-09-18,0.00821917808219178,34.23,0.006614507354106225,0.8890717397183548,166951.1175029481,757.3900146484375,-0.004586781374170235,2026-09-15
SPY260918C00725000,2026-09-15 19:36:18+00:00,725.0,32.59,31.56,34.92,-3.709999,-10.220384,176.0,17385.0,0.40845318115234375,True,REGULAR,USD,SPY,call,2026-09-18,0.00821917808219178,33.24,0.006859954352623383,0.8864168284412504,68412438.56018709,757.3900146484375,-0.004586781374170235,2026-09-15
SPY260918C00726000,2026-09-14 13:35:11+00:00,726.0,33.22,30.57,33.93,0.0,0.0,2.0,155.0,0.40027455200195317,True,REGULAR,USD,SPY,call,2026-09-18,0.00821917808219178,32.25,0.007119260480239127,0.8836895169422342,633002.946635515,757.3900146484375,-0.004586781374170235,2026-09-15
SPY260918C00727000,2026-09-14 14:19:58+00:00,727.0,33.61,29.58,32.95,0.0,0.0,17.0,74.0,0.3927062683105469,True,REGULAR,USD,SPY,call,2026-09-18,0.00821917808219178,31.265,0.007398488490073874,0.8804588759936203,314060.9011486519,757.3900146484375,-0.004586781374170235,2026-09-15
SPY260918C00728000,2026-09-11 15:08:50+00:00,728.0,37.68,28.6,31.96,0.0,0.0,1.0,53.0,0.38440557006835935,True,REGULAR,USD,SPY,call,2026-09-18,0.00821917808219178,30.28,0.0076900860637877,0.8774843041744471,233800.92233601728,757.3900146484375,-0.004586781374170235,2026-09-15
SPY260918C00729000,2026-09-15 17:39:57+00:00,729.0,28.55,27.61,30.98,-2.7300014,-8.727626,1.0,97.0,0.3767152172851562,True,REGULAR,USD,SPY,call,2026-09-18,0.00821917808219178,29.295,0.008004050499216013,0.8739653103110852,445369.7383166178,757.3900146484375,-0.004586781374170235,2026-09-15
SPY260918C00730000,2026-09-15 19:53:38+00:00,730.0,27.18,26.63,29.98,-4.709999,-14.769518,180.0,30013.0,0.36780417358398443,True,REGULAR,USD,SPY,call,2026-09-18,0.00821917808219178,28.305,0.008331347173460502,0.8710059228041225,143437857.85389173,757.3900146484375,-0.004586781374170235,2026-09-15
SPY260918C00731000,2026-09-15 15:13:14+00:00,731.0,26.51,25.65,29.03,-3.4300003,-11.456246,1.0,308.0,0.3614565808105469,True,REGULAR,USD,SPY,call,2026-09-18,0.00821917808219178,27.34,0.008693896403550599,0.8662134236253767,1536046.3744720286,757.3900146484375,-0.004586781374170235,2026-09-15
SPY260918C00732000,2026-09-15 19:03:11+00:00,732.0,25.99,24.67,28.04,-4.41,-14.506579,3.0,168.0,0.35297277893066403,True,REGULAR,USD,SPY,call,2026-09-18,0.00821917808219178,26.355,0.009069458264664296,0.8625433421676272,874036.9213199955,757.3900146484375,-0.004586781374170235,2026-09-15
SPY260918C00733000,2026-09-15 17:24:16+00:00,733.0,24.7,23.7,27.48,-1.6599998,-6.2974195,6.0,736.0,0.364813480834961,True,REGULAR,USD,SPY,call,2026-09-18,0.00821917808219178,25.59,0.009503496393746032,0.845223321973483,4012364.496091746,757.3900146484375,-0.004586781374170235,2026-09-15
SPY260918C00734000,2026-09-15 19:58:09+00:00,734.0,23.51,22.73,25.96,-2.209999,-8.592531,202.0,357.0,0.33100034240722653,True,REGULAR,USD,SPY,call,2026-09-18,0.00821917808219178,24.345,0.009888405514596417,0.857985250123721,2025040.132345274,757.3900146484375,-0.004586781374170235,2026-09-15
SPY260918C00735000,2026-09-15 20:13:03+00:00,735.0,23.65,21.76,24.99,-2.8500004,-10.754718,328.0,12669.0,0.3233710241699218,True,REGULAR,USD,SPY,call,2026-09-18,0.00821917808219178,23.375,0.010359111869398587,0.8530137535647657,75284229.4214193,757.3900146484375,-0.004586781374170235,2026-09-15
SPY260918C00736000,2026-09-15 20:13:03+00:00,736.0,22.7,20.79,24.03,-0.9599991,-4.057477,15.0,641.0,0.31604687866210934,True,REGULAR,USD,SPY,call,2026-09-18,0.00821917808219178,22.41,0.01086420299791485,0.8474702004562635,3994800.0955574936,757.3900146484375,-0.004586781374170235,2026-09-15
SPY260918C00737000,2026-09-15 16:47:53+00:00,737.0,21.09,19.83,23.07,-7.379999,-25.922022,91.0,715.0,0.3086006640625,True,REGULAR,USD,SPY,call,2026-09-18,0.00821917808219178,21.45,0.011405662992413593,0.8416294879248756,4678059.348672384,757.3900146484375,-0.004586781374170235,2026-09-15
SPY260918C00738000,2026-09-15 16:59:49+00:00,738.0,20.29,18.88,22.11,-1.1899986,-5.540031,9.0,962.0,0.30103238037109376,True,REGULAR,USD,SPY,call,2026-09-18,0.00821917808219178,20.494999999999997,0.011987442044938979,0.8354603508153979,6615165.939633891,757.3900146484375,-0.004586781374170235,2026-09-15
SPY260918C00739000,2026-09-15 15:14:52+00:00,739.0,18.94,17.93,21.16,-1.5,-7.3385515,9.0,1782.0,0.2937692694091796,True,REGULAR,USD,SPY,call,2026-09-18,0.00821917808219178,19.545,0.012611759047514392,0.8285855268343141,12892065.838706832,757.3900146484375,-0.004586781374170235,2026-09-15
SPY260918C00740000,2026-09-15 20:03:53+00:00,740.0,18.63,17.0,20.22,-3.3100014,-15.086605,387.0,12623.0,0.2868113311767577,True,REGULAR,USD,SPY,call,2026-09-18,0.00821917808219178,18.61,0.013280131635216331,0.8209414144039363,96162138.39382567,757.3900146484375,-0.004586781374170235,2026-09-15
SPY260918C00741000,2026-09-15 17:48:26+00:00,741.0,16.99,16.06,19.29,-4.5300007,-21.050188,6.0,1627.0,0.28003649658203117,True,REGULAR,USD,SPY,call,2026-09-18,0.00821917808219178,17.674999999999997,0.013994958618034362,0.8125620643584057,13061658.409141473,757.3900146484375,-0.004586781374170235,2026-09-15
SPY260918C00742000,2026-09-15 18:55:44+00:00,742.0,16.22,15.81,18.35,-4.26,-20.800783,21.0,2084.0,0.2727123510742187,True,REGULAR,USD,SPY,call,2026-09-18,0.00821917808219178,17.080000000000002,0.014769433622634552,0.8039981686949855,17656340.934055697,757.3900146484375,-0.004586781374170235,2026-09-15
SPY260918C00743000,2026-09-15 19:23:53+00:00,743.0,15.31,14.9,17.43,-4.87,-24.132805,118.0,1166.0,0.26593751647949215,True,REGULAR,USD,SPY,call,2026-09-18,0.00821917808219178,16.165,0.01559261667238557,0.7942659320733017,10429337.051201003,757.3900146484375,-0.004586781374170235,2026-09-15
SPY260918C00744000,2026-09-15 13:39:53+00:00,744.0,15.03,13.99,16.41,-4.38,-22.565687,14.0,858.0,0.2549512982177735,True,REGULAR,USD,SPY,call,2026-09-18,0.00821917808219178,15.2,0.016581091803529832,0.7874187615113628,8160928.294054406,757.3900146484375,-0.004586781374170235,2026-09-15
SPY260918C00745000,2026-09-15 20:11:10+00:00,745.0,14.29,14.0,15.63,-3.2300005,-18.436075,518.0,16193.0,0.25324233093261717,True,REGULAR,USD,SPY,call,2026-09-18,0.00821917808219178,14.815000000000001,0.017392831392401317,0.7716281133861997,161561081.9928056,757.3900146484375,-0.004586781374170235,2026-09-15
SPY260918C00746000,2026-09-15 17:45:25+00:00,746.0,12.7,13.16,13.68,-5.1099997,-28.691746,105.0,1612.0,0.20533021240234373,True,REGULAR,USD,SPY,call,2026-09-18,0.00821917808219178,13.42,0.01986785894549646,0.7998170239062825,18371950.039440382,757.3900146484375,-0.004586781374170235,2026-09-15
SPY260918C00747000,2026-09-15 19:45:05+00:00,747.0,11.55,12.26,13.52,-5.0099993,-30.25362,171.0,2079.0,0.22779092529296874,True,REGULAR,USD,SPY,call,2026-09-18,0.00821917808219178,12.89,0.02003167763615275,0.7565086878922158,23889714.641240716,757.3900146484375,-0.004586781374170235,2026-09-15
SPY260918C00748000,2026-09-15 19:58:11+00:00,748.0,10.82,11.53,11.95,-4.6900005,-30.23856,418.0,1902.0,0.19556468505859376,True,REGULAR,USD,SPY,call,2026-09-18,0.00821917808219178,11.739999999999998,0.022742424197374888,0.7676239774030493,24813408.12071792,757.3900146484375,-0.004586781374170235,2026-09-15
SPY260918C00749000,2026-09-15 20:05:05+00:00,749.0,10.69,10.71,11.11,-2.8000002,-20.756119,240.0,2291.0,0.1909260595703125,True,REGULAR,USD,SPY,call,2026-09-18,0.00821917808219178,10.91,0.024293244633078918,0.748951994174603,31926386.2124348,757.3900146484375,-0.004586781374170235,2026-09-15
SPY260918C00750000,2026-09-15 20:11:10+00:00,750.0,10.08,10.03,10.15,-2.5699997,-20.316204,1258.0,34723.0,0.18140467041015623,True,REGULAR,USD,SPY,call,2026-09-18,0.00821917808219178,10.09,0.026355079389746273,0.7338213434391355,524953359.48337996,757.3900146484375,-0.004586781374170235,2026-09-15
SPY260918C00751000,2026-09-15 19:49:40+00:00,751.0,8.5,9.15,9.48,-4.38,-34.00621,97.0,427.0,0.18177087768554687,True,REGULAR,USD,SPY,call,2026-09-18,0.00821917808219178,9.315000000000001,0.027592052207429114,0.7062047614076922,6758511.052936864,757.3900146484375,-0.004586781374170235,2026-09-15
SPY260918C00752000,2026-09-15 19:45:23+00:00,752.0,7.61,8.39,8.68,-3.44,-31.131222,151.0,1415.0,0.17688811401367188,True,REGULAR,USD,SPY,call,2026-09-18,0.00821917808219178,8.535,0.029357258482588054,0.682205653565548,23829289.132853087,757.3900146484375,-0.004586781374170235,2026-09-15
SPY260918C00753000,2026-09-15 19:58:43+00:00,753.0,7.18,7.65,7.93,-2.98,-29.33071,465.0,1028.0,0.1729819030761719,True,REGULAR,USD,SPY,call,2026-09-18,0.00821917808219178,7.79,0.03101146734826365,0.6552302740489742,18287510.178504188,757.3900146484375,-0.004586781374170235,2026-09-15
SPY260918C00754000,2026-09-15 20:06:51+00:00,754.0,6.91,7.01,7.16,-2.75,-28.467909,726.0,2150.0,0.16773293212890628,True,REGULAR,USD,SPY,call,2026-09-18,0.00821917808219178,7.085,0.032864812529323814,0.6271158226729827,40533001.93665173,757.3900146484375,-0.004586781374170235,2026-09-15
SPY260918C00755000,2026-09-15 20:14:02+00:00,755.0,6.4,6.36,6.45,-2.2400002,-25.925928,3314.0,18193.0,0.16358258300781253,True,REGULAR,USD,SPY,call,2026-09-18,0.00821917808219178,6.405,0.034486457660049326,0.5958809486476527,359908461.4799952,757.3900146484375,-0.004586781374170235,2026-09-15
SPY260918C00756000,2026-09-15 20:10:10+00:00,756.0,5.6,5.73,5.75,-3.0700002,-35.409462,3168.0,2083.0,0.1590049920654297,True,REGULAR,USD,SPY,call,2026-09-18,0.00821917808219178,5.74,0.036089651495063664,0.5625529274135028,43123212.69277902,757.3900146484375,-0.004586781374170235,2026-09-15
SPY260918C00757000,2026-09-15 20:14:53+00:00,757.0,5.11,5.11,5.14,-2.1,-29.126211,10505.0,3069.0,0.1562584375,True,REGULAR,USD,SPY,call,2026-09-18,0.00821917808219178,5.125,0.037099512180832676,0.5265698681680668,65313692.59053794,757.3900146484375,-0.004586781374170235,2026-09-15
SPY260918C00758000,2026-09-15 20:14:26+00:00,758.0,4.52,4.52,4.55,-1.98,-30.461538,6185.0,2561.0,0.15320671020507814,False,REGULAR,USD,SPY,call,2026-09-18,0.00821917808219178,4.535,0.03790845863604782,0.489091929683124,55690979.32637593,757.3900146484375,-0.004586781374170235,2026-09-15
SPY260918C00759000,2026-09-15 20:14:46+00:00,759.0,3.99,3.96,3.99,-1.9100001,-32.372883,2722.0,1806.0,0.1500329138183594,False,REGULAR,USD,SPY,call,2026-09-18,0.00821917808219178,3.975,0.03842280953062923,0.450205602918855,39805768.61196707,757.3900146484375,-0.004586781374170235,2026-09-15
SPY260918C00760000,2026-09-15 20:14:44+00:00,760.0,3.45,3.45,3.46,-1.7899997,-34.1603,21491.0,22540.0,0.14673704833984375,False,REGULAR,USD,SPY,call,2026-09-18,0.00821917808219178,3.455,0.038585543685987066,0.4101231340718377,498904804.1865111,757.3900146484375,-0.004586781374170235,2026-09-15
SPY260918C00761000,2026-09-15 20:14:52+00:00,761.0,2.99,2.98,3.0,-1.6499999,-35.56034,6833.0,1920.0,0.14447877014160154,False,REGULAR,USD,SPY,call,2026-09-18,0.00821917808219178,2.99,0.03806514872933593,0.37018082720101353,41924501.75281682,757.3900146484375,-0.004586781374170235,2026-09-15
SPY260918C00762000,2026-09-15 20:14:48+00:00,762.0,2.54,2.53,2.55,-1.5100002,-37.283955,6413.0,4526.0,0.14130497375488282,False,REGULAR,USD,SPY,call,2026-09-18,0.00821917808219178,2.54,0.03729663768463905,0.3293833792842136,96832998.77698489,757.3900146484375,-0.004586781374170235,2026-09-15
SPY260918C00763000,2026-09-15 20:14:23+00:00,763.0,2.13,2.14,2.15,-1.4299998,-40.168537,4993.0,2868.0,0.1384973846435547,False,REGULAR,USD,SPY,call,2026-09-18,0.00821917808219178,2.145,0.035956850746451885,0.2893532932198456,59156155.87511898,757.3900146484375,-0.004586781374170235,2026-09-15
SPY260918C00764000,2026-09-15 20:14:42+00:00,764.0,1.79,1.79,1.8,-1.25,-41.118423,4722.0,6387.0,0.13611703735351563,False,REGULAR,USD,SPY,call,2026-09-18,0.00821917808219178,1.795,0.03407189384832042,0.2510021564325867,124833842.99736658,757.3900146484375,-0.004586781374170235,2026-09-15
SPY260918C00765000,2026-09-15 20:14:48+00:00,765.0,1.48,1.47,1.48,-1.1500001,-43.72624,9472.0,19485.0,0.13343151733398437,False,REGULAR,USD,SPY,call,2026-09-18,0.00821917808219178,1.475,0.031789704487099696,0.21382248043386942,355325234.3778947,757.3900146484375,-0.004586781374170235,2026-09-15
SPY260918C00766000,2026-09-15 20:14:46+00:00,766.0,1.2,1.2,1.21,-1.03,-46.18834,4106.0,5049.0,0.13129530822753904,False,REGULAR,USD,SPY,call,2026-09-18,0.00821917808219178,1.205,0.029086947365072193,0.1798135087972273,84244715.11204566,757.3900146484375,-0.004586781374170235,2026-09-15
SPY260918C00767000,2026-09-15 20:14:47+00:00,767.0,0.96,0.96,0.97,-0.91,-48.6631,5280.0,10989.0,0.1289149609375,False,REGULAR,USD,SPY,call,2026-09-18,0.00821917808219178,0.965,0.02611062034523954,0.1480493907864493,164594194.81120455,757.3900146484375,-0.004586781374170235,2026-09-15
SPY260918C00768000,2026-09-15 20:13:57+00:00,768.0,0.75,0.76,0.77,-0.79999995,-51.6129,3965.0,4868.0,0.12683978637695312,False,REGULAR,USD,SPY,call,2026-09-18,0.00821917808219178,0.765,0.022956447733911825,0.11991225255465571,64105369.27998597,757.3900146484375,-0.004586781374170235,2026-09-15
SPY260918C00769000,2026-09-15 20:14:53+00:00,769.0,0.6,0.59,0.6,-0.67999995,-53.124996,3053.0,6696.0,0.12476461181640625,False,REGULAR,USD,SPY,call,2026-09-18,0.00821917808219178,0.595,0.019738818775258182,0.09506304022720469,75818598.97457792,757.3900146484375,-0.004586781374170235,2026-09-15
SPY260918C00770000,2026-09-15 20:14:54+00:00,770.0,0.45,0.45,0.46,-0.59999996,-57.142857,12725.0,22992.0,0.12268943725585937,False,REGULAR,USD,SPY,call,2026-09-18,0.00821917808219178,0.455,0.016565343043635182,0.07361420227607277,218482338.18618014,757.3900146484375,-0.004586781374170235,2026-09-15
SPY260918C00771000,2026-09-15 20:14:43+00:00,771.0,0.35,0.34,0.35,-0.48,-57.831326,3345.0,4240.0,0.12098046997070314,False,REGULAR,USD,SPY,call,2026-09-18,0.00821917808219178,0.345,0.01360280568487601,0.05610338334915848,33085179.94832606,757.3900146484375,-0.004586781374170235,2026-09-15
SPY260918C00772000,2026-09-15 20:14:12+00:00,772.0,0.26,0.26,0.27,-0.40000004,-60.606064,5547.0,3848.0,0.12012598632812499,False,REGULAR,USD,SPY,call,2026-09-18,0.00821917808219178,0.265,0.011042494978112138,0.04283030376643438,24374820.380842157,757.3900146484375,-0.004586781374170235,2026-09-15
SPY260918C00773000,2026-09-15 20:05:26+00:00,773.0,0.18,0.19,0.2,-0.33999997,-65.38461,4591.0,5039.0,0.1186611572265625,False,REGULAR,USD,SPY,call,2026-09-18,0.00821917808219178,0.195,0.008675190474522407,0.03141246932660374,25076246.34652577,757.3900146484375,-0.004586781374170235,2026-09-15
SPY260918C00774000,2026-09-15 20:14:19+00:00,774.0,0.15,0.14,0.15,-0.25,-62.5,3680.0,7205.0,0.11792874267578124,False,REGULAR,USD,SPY,call,2026-09-18,0.00821917808219178,0.14500000000000002,0.00676179014265713,0.023132276010465264,27946976.091054846,757.3900146484375,-0.004586781374170235,2026-09-15
SPY260918C00775000,2026-09-15 20:14:43+00:00,775.0,0.11,0.11,0.12,-0.2,-64.51613,9867.0,39932.0,0.1186611572265625,False,REGULAR,USD,SPY,call,2026-09-18,0.00821917808219178,0.11499999999999999,0.005391113294246068,0.017836957102566928,123491956.51533026,757.3900146484375,-0.004586781374170235,2026-09-15
SPY260918C00776000,2026-09-15 20:14:07+00:00,776.0,0.09,0.08,0.09,-0.14999999,-62.499996,1629.0,4254.0,0.118172880859375,False,REGULAR,USD,SPY,call,2026-09-18,0.00821917808219178,0.08499999999999999,0.004093435610333224,0.012883356460875055,9989059.480241543,757.3900146484375,-0.004586781374170235,2026-09-15
SPY260918C00777000,2026-09-15 20:04:58+00:00,777.0,0.06,0.06,0.07,-0.120000005,-66.666664,3580.0,6080.0,0.1186611572265625,False,REGULAR,USD,SPY,call,2026-09-18,0.00821917808219178,0.065,0.00316702022565219,0.009636652281896172,11045708.210099338,757.3900146484375,-0.004586781374170235,2026-09-15
SPY260918C00778000,2026-09-15 20:12:15+00:00,778.0,0.05,0.05,0.06,-0.08,-61.538464,667.0,5456.0,0.1211025390625,False,REGULAR,USD,SPY,call,2026-09-18,0.00821917808219178,0.055,0.0026294179821956315,0.00797729369934492,8229494.1450834405,757.3900146484375,-0.004586781374170235,2026-09-15
SPY260918C00779000,2026-09-15 20:10:12+00:00,779.0,0.03,0.04,0.05,-0.07,-70.0,1803.0,41649.0,0.12305564453125001,False,REGULAR,USD,SPY,call,2026-09-18,0.00821917808219178,0.045,0.0021445797936013983,0.006447304880659859,51237264.872282624,757.3900146484375,-0.004586781374170235,2026-09-15
SPY260918C00780000,2026-09-15 20:14:37+00:00,780.0,0.04,0.03,0.04,-0.04,-50.0,10999.0,33667.0,0.124032197265625,False,REGULAR,USD,SPY,call,2026-09-18,0.00821917808219178,0.035,0.0016749614422261999,0.004924488764066457,32348070.670048147,757.3900146484375,-0.004586781374170235,2026-09-15
SPY260918C00781000,2026-09-15 20:12:11+00:00,781.0,0.03,0.02,0.03,-0.03,-50.0,1415.0,4060.0,0.124032197265625,False,REGULAR,USD,SPY,call,2026-09-18,0.00821917808219178,0.025,0.0012401201976781323,0.0035191406380165897,2888211.312482981,757.3900146484375,-0.004586781374170235,2026-09-15
SPY260918C00782000,2026-09-15 20:14:34+00:00,782.0,0.02,0.02,0.03,-0.030000001,-60.0,10068.0,7763.0,0.1289149609375,False,REGULAR,USD,SPY,call,2026-09-18,0.00821917808219178,0.025,0.0011709051931815412,0.0034461722495879323,5214233.416878969,757.3900146484375,-0.004586781374170235,2026-09-15
SPY260918C00783000,2026-09-15 20:02:12+00:00,783.0,0.02,0.02,0.03,-0.01,-33.333336,1712.0,2859.0,0.132821171875,False,REGULAR,USD,SPY,call,2026-09-18,0.00821917808219178,0.025,0.0010581009926872644,0.003182920152451107,1735323.4174838169,757.3900146484375,-0.004586781374170235,2026-09-15
SPY260918C00784000,2026-09-15 20:10:02+00:00,784.0,0.02,0.01,0.02,-0.01,-33.333336,3581.0,4935.0,0.13086806640624998,False,REGULAR,USD,SPY,call,2026-09-18,0.00821917808219178,0.015,0.0007083545391052843,0.0020087215064917455,2005289.078277748,757.3900146484375,-0.004586781374170235,2026-09-15
SPY260918C00785000,2026-09-15 20:06:59+00:00,785.0,0.01,0.01,0.02,-0.02,-66.66667,6475.0,21704.0,0.13477427734375003,False,REGULAR,USD,SPY,call,2026-09-18,0.00821917808219178,0.015,0.0006481158475017989,0.0018814367349913837,8069220.288664276,757.3900146484375,-0.004586781374170235,2026-09-15
SPY260918C00786000,2026-09-15 20:05:03+00:00,786.0,0.01,0.01,0.02,-0.01,-50.0,413.0,3570.0,0.139657041015625,False,REGULAR,USD,SPY,call,2026-09-18,0.00821917808219178,0.015,0.000627608708230226,0.0018885627867329265,1285275.7906211887,757.3900146484375,-0.004586781374170235,2026-09-15
SPY260918C00787000,2026-09-15 19:20:45+00:00,787.0,0.02,0.01,0.02,0.0,0.0,13709.0,3811.0,0.143563251953125,False,REGULAR,USD,SPY,call,2026-09-18,0.00821917808219178,0.015,0.0005785201259043859,0.001779948723912577,1264726.3619282811,757.3900146484375,-0.004586781374170235,2026-09-15
SPY260918C00788000,2026-09-15 19:49:14+00:00,788.0,0.02,0.01,0.02,0.0,0.0,12725.0,3558.0,0.148446015625,False,REGULAR,USD,SPY,call,2026-09-18,0.00821917808219178,0.015,0.0005626840403586807,0.0017911182324913746,1148443.6512545913,757.3900146484375,-0.004586781374170235,2026-09-15
SPY260918C00789000,2026-09-15 17:42:10+00:00,789.0,0.01,0.01,0.02,0.0,0.0,5897.0,5199.0,0.15235222656250003,False,REGULAR,USD,SPY,call,2026-09-18,0.00821917808219178,0.015,0.0005220186527284093,0.0016971514053837466,1556843.6124358303,757.3900146484375,-0.004586781374170235,2026-09-15
SPY260918C00790000,2026-09-15 20:04:11+00:00,790.0,0.02,0.01,0.02,0.01,100.0,14117.0,56094.0,0.1562584375,False,REGULAR,USD,SPY,call,2026-09-18,0.00821917808219178,0.015,0.000485848518966326,0.0016126997755436993,15633508.122300854,757.3900146484375,-0.004586781374170235,2026-09-15
SPY260918C00791000,2026-09-15 20:14:14+00:00,791.0,0.01,0.01,0.02,0.0,0.0,14520.0,3380.0,0.1601646484375,False,REGULAR,USD,SPY,call,2026-09-18,0.00821917808219178,0.015,0.0004535488740642617,0.001536532728782745,879386.8026466343,757.3900146484375,-0.004586781374170235,2026-09-15
SPY260918C00792000,2026-09-15 17:31:04+00:00,792.0,0.02,0.01,0.02,0.0,0.0,12582.0,1963.0,0.16407085937500002,False,REGULAR,USD,SPY,call,2026-09-18,0.00821917808219178,0.015,0.00042459741809608437,0.0014676112614718242,478119.87669095903,757.3900146484375,-0.004586781374170235,2026-09-15
SPY260918C00793000,2026-09-15 17:32:16+00:00,793.0,0.02,0.01,0.02,0.0,0.0,20708.0,9475.0,0.16797707031250003,False,REGULAR,USD,SPY,call,2026-09-18,0.00821917808219178,0.015,0.0003985552018047886,0.0014050536329679487,2166241.39546456,757.3900146484375,-0.004586781374170235,2026-09-15
SPY260918C00794000,2026-09-15 19:35:19+00:00,794.0,0.02,0.01,0.02,0.0,0.0,28468.0,4386.0,0.17285983398437502,False,REGULAR,USD,SPY,call,2026-09-18,0.00821917808219178,0.015,0.0003924369203212271,0.0014254868924683164,987364.7912000208,757.3900146484375,-0.004586781374170235,2026-09-15
SPY260918C00795000,2026-09-15 20:02:19+00:00,795.0,0.01,0.01,0.02,0.0,0.0,64.0,12703.0,0.17774259765625,False,REGULAR,USD,SPY,call,2026-09-18,0.00821917808219178,0.015,0.00038656153282855515,0.0014455681854063213,2816852.3483387427,757.3900146484375,-0.004586781374170235,2026-09-15
SPY260918C00796000,2026-09-14 18:19:06+00:00,796.0,0.01,0.01,0.02,0.0,0.0,4891.0,6019.0,0.18164880859375,False,REGULAR,USD,SPY,call,2026-09-18,0.00821917808219178,0.015,0.0003650266609045976,0.001390319231059837,1260341.0430477154,757.3900146484375,-0.004586781374170235,2026-09-15
SPY260918C00797000,2026-09-15 20:14:57+00:00,797.0,0.02,0.01,0.02,0.0,0.0,383.0,5998.0,0.18555501953124998,False,REGULAR,USD,SPY,call,2026-09-18,0.00821917808219178,0.015,0.0003454269503914407,0.0013396574433848626,1188507.2357980036,757.3900146484375,-0.004586781374170235,2026-09-15
SPY260918C00798000,2026-09-15 20:08:05+00:00,798.0,0.01,0.01,0.02,0.0,0.0,233.0,4912.0,0.18946123046875002,False,REGULAR,USD,SPY,call,2026-09-18,0.00821917808219178,0.015,0.00032754044702419286,0.0012930961013995648,922916.5751916943,757.3900146484375,-0.004586781374170235,2026-09-15
SPY260918C00799000,2026-09-15 20:04:58+00:00,799.0,0.01,0.01,0.02,0.0,0.0,339.0,4554.0,0.19336744140625,False,REGULAR,USD,SPY,call,2026-09-18,0.00821917808219178,0.015,0.00031117557901866755,0.0012502114803889584,812901.046914729,757.3900146484375,-0.004586781374170235,2026-09-15
SPY260918C00800000,2026-09-15 20:07:20+00:00,800.0,0.02,0.01,0.02,0.01,100.0,1178.0,32988.0,0.19727365234375,False,REGULAR,USD,SPY,call,2026-09-18,0.00821917808219178,0.015,0.00029616638513348147,0.0012106333805745678,5604422.922949246,757.3900146484375,-0.004586781374170235,2026-09-15
SPY260918C00801000,2026-09-15 20:08:30+00:00,801.0,0.01,0.01,0.02,0.0,0.0,112.0,5550.0,0.20117986328124998,False,REGULAR,USD,SPY,call,2026-09-18,0.00821917808219178,0.015,0.00028236858113580963,0.0011740372626840624,898976.8433770969,757.3900146484375,-0.004586781374170235,2026-09-15
SPY260918C00802000,2026-09-15 17:13:19+00:00,802.0,0.01,0.01,0.02,0.0,0.0,3.0,7679.0,0.20508607421874997,False,REGULAR,USD,SPY,call,2026-09-18,0.00821917808219178,0.015,0.0002696563028069787,0.0011401376888836674,1187830.284128465,757.3900146484375,-0.004586781374170235,2026-09-15
SPY260918C00803000,2026-09-15 20:13:25+00:00,803.0,0.01,0.01,0.02,-0.01,-50.0,663.0,15624.0,0.20899228515624996,False,REGULAR,USD,SPY,call,2026-09-18,0.00821917808219178,0.015,0.0002579193975105844,0.0011086828292084822,2311614.3732119524,757.3900146484375,-0.004586781374170235,2026-09-15
SPY260918C00804000,2026-09-15 17:56:26+00:00,804.0,0.01,0.01,0.02,0.0,0.0,30.0,13584.0,0.21289849609375,False,REGULAR,USD,SPY,call,2026-09-18,0.00821917808219178,0.015,0.00024706116261799207,0.001079449841703722,1925179.834409321,757.3900146484375,-0.004586781374170235,2026-09-15
SPY260918C00805000,2026-09-15 19:05:43+00:00,805.0,0.01,0.01,0.02,0.0,0.0,141.0,8896.0,0.21680470703125,False,REGULAR,USD,SPY,call,2026-09-18,0.00821917808219178,0.015,0.00023699644956537942,0.001052240972174354,1209416.1520163459,757.3900146484375,-0.004586781374170235,2026-09-15
SPY260918C00806000,2026-09-15 13:30:04+00:00,806.0,0.01,0.0,0.01,0.0,0.0,5.0,2005.0,0.20703917968749996,False,REGULAR,USD,SPY,call,2026-09-18,0.00821917808219178,0.005,0.0001263995688840379,0.0005060029366452185,145378.1439502388,757.3900146484375,-0.004586781374170235,2026-09-15
SPY260918C00807000,2026-09-15 20:09:56+00:00,807.0,0.01,0.01,0.02,0.0,0.0,167.0,1260.0,0.22461712890624996,False,REGULAR,USD,SPY,call,2026-09-18,0.00821917808219178,0.015,0.000218955440019521,0.0010032106730567178,158257.91335840945,757.3900146484375,-0.004586781374170235,2026-09-15
SPY260918C00808000,2026-09-15 20:11:20+00:00,808.0,0.01,0.01,0.02,0.0,0.0,100.0,892.0,0.22852333984375,False,REGULAR,USD,SPY,call,2026-09-18,0.00821917808219178,0.015,0.0002108534543274788,0.0009810918177489214,107890.87739868683,757.3900146484375,-0.004586781374170235,2026-09-15
SPY260918C00809000,2026-09-15 18:19:54+00:00,809.0,0.01,0.0,0.01,-0.01,-50.0,36.0,1738.0,0.21875781249999998,False,REGULAR,USD,SPY,call,2026-09-18,0.00821917808219178,0.005,0.00011567665842169945,0.0004879726629743993,115327.97246503385,757.3900146484375,-0.004586781374170235,2026-09-15
SPY260918C00810000,2026-09-15 20:13:27+00:00,810.0,0.01,0.01,0.02,0.0,0.0,151.0,8422.0,0.23633576171874998,False,REGULAR,USD,SPY,call,2026-09-18,0.00821917808219178,0.015,0.00019622262798374077,0.0009410153985965371,947989.3867533774,757.3900146484375,-0.004586781374170235,2026-09-15
SPY260918C00811000,2026-09-15 20:12:54+00:00,811.0,0.01,0.0,0.01,0.0,0.0,97.0,994.0,0.22657023437499998,False,REGULAR,USD,SPY,call,2026-09-18,0.00821917808219178,0.005,0.00010956570252348558,0.000477968277432471,62474.12214904997,757.3900146484375,-0.004586781374170235,2026-09-15
SPY260918C00812000,2026-09-15 15:35:34+00:00,812.0,0.01,0.0,0.01,0.0,0.0,805.0,1106.0,0.2304764453125,False,REGULAR,USD,SPY,call,2026-09-18,0.00821917808219178,0.005,0.00010677300443536538,0.0004734869555526967,67741.64530118123,757.3900146484375,-0.004586781374170235,2026-09-15
SPY260918C00813000,2026-09-15 14:19:33+00:00,813.0,0.01,0.0,0.01,0.0,0.0,367.0,4267.0,0.23438265625,False,REGULAR,USD,SPY,call,2026-09-18,0.00821917808219178,0.005,0.00010413759197570885,0.0004693215280359673,254899.69990397646,757.3900146484375,-0.004586781374170235,2026-09-15
SPY260918C00814000,2026-09-15 18:08:23+00:00,814.0,0.01,0.0,0.01,0.0,0.0,842.0,1215.0,0.23438265625,False,REGULAR,USD,SPY,call,2026-09-18,0.00821917808219178,0.005,8.585456972768646e-05,0.0003811267578849731,59838.24453648159,757.3900146484375,-0.004586781374170235,2026-09-15
SPY260918C00815000,2026-09-15 16:33:21+00:00,815.0,0.01,0.0,0.01,0.0,0.0,323.0,13665.0,0.23828886718749998,False,REGULAR,USD,SPY,call,2026-09-18,0.00821917808219178,0.005,8.407835848357998e-05,0.00037933436658270115,659072.225968081,757.3900146484375,-0.004586781374170235,2026-09-15
SPY260918C00816000,2026-09-15 15:53:17+00:00,816.0,0.01,0.0,0.01,0.0,0.0,491.0,1557.0,0.242195078125,False,REGULAR,USD,SPY,call,2026-09-18,0.00821917808219178,0.005,8.239313691362079e-05,0.00037770901042548296,73589.99961944201,757.3900146484375,-0.004586781374170235,2026-09-15
SPY260918C00817000,2026-09-15 16:54:50+00:00,817.0,0.02,0.0,0.01,0.01,100.0,465.0,775.0,0.2461012890625,False,REGULAR,USD,SPY,call,2026-09-18,0.00821917808219178,0.005,8.07926701014836e-05,0.00037624097621735735,35918.05524095137,757.3900146484375,-0.004586781374170235,2026-09-15
SPY260918C00818000,2026-09-15 17:17:03+00:00,818.0,0.01,0.0,0.01,0.0,0.0,888.0,3266.0,0.2500075,False,REGULAR,USD,SPY,call,2026-09-18,0.00821917808219178,0.005,7.927126158827419e-05,0.00037492133645510386,148515.26709831262,757.3900146484375,-0.004586781374170235,2026-09-15
SPY260918C00819000,2026-09-15 17:01:44+00:00,819.0,0.01,0.0,0.01,-0.01,-50.0,20.0,852.0,0.25391371093750004,False,REGULAR,USD,SPY,call,2026-09-18,0.00821917808219178,0.005,7.782369795100467e-05,0.0003737418730649842,38035.62950216103,757.3900146484375,-0.004586781374170235,2026-09-15
SPY260918C00820000,2026-09-15 17:49:28+00:00,820.0,0.01,0.0,0.01,-0.01,-50.0,22.0,32577.0,0.257819921875,False,REGULAR,USD,SPY,call,2026-09-18,0.00821917808219178,0.005,7.644519995296924e-05,0.0003726950097452171,1428566.4914198504,757.3900146484375,-0.004586781374170235,2026-09-15
SPY260918C00821000,2026-09-04 19:38:23+00:00,821.0,0.03,0.0,0.01,0.0,0.0,151.0,704.0,0.2617261328125,False,REGULAR,USD,SPY,call,2026-09-18,0.00821917808219178,0.005,7.513137938888359e-05,0.0003717737518137825,30341.22924538065,757.3900146484375,-0.004586781374170235,2026-09-15
SPY260918C00822000,2026-09-15 14:02:13+00:00,822.0,0.01,0.0,0.01,-0.01,-50.0,40.0,1673.0,0.26563234375,False,REGULAR,USD,SPY,call,2026-09-18,0.00821917808219178,0.005,7.387820087718335e-05,0.00037097163261762647,70900.84349472412,757.3900146484375,-0.004586781374170235,2026-09-15
SPY260918C00823000,2026-09-14 14:19:39+00:00,823.0,0.01,0.0,0.01,0.0,0.0,250.0,19417.0,0.2695385546875,False,REGULAR,USD,SPY,call,2026-09-18,0.00821917808219178,0.005,7.268194796052619e-05,0.0003702826656914373,809557.7585043082,757.3900146484375,-0.004586781374170235,2026-09-15
SPY260918C00824000,2026-09-14 15:45:12+00:00,824.0,0.01,0.0,0.01,0.0,0.0,236.0,19058.0,0.273444765625,False,REGULAR,USD,SPY,call,2026-09-18,0.00821917808219178,0.005,7.153919296695103e-05,0.00036970130196608273,782096.8008836383,757.3900146484375,-0.004586781374170235,2026-09-15
SPY260918C00825000,2026-09-15 18:56:34+00:00,825.0,0.02,0.0,0.01,0.01,100.0,1.0,21026.0,0.273444765625,False,REGULAR,USD,SPY,call,2026-09-18,0.00821917808219178,0.005,6.057919269225439e-05,0.00030914635734961664,730666.6610463446,757.3900146484375,-0.004586781374170235,2026-09-15
SPY260918C00830000,2026-09-15 15:32:25+00:00,830.0,0.01,0.0,0.01,0.0,0.0,1.0,12937.0,0.2929758203124999,False,REGULAR,USD,SPY,call,2026-09-18,0.00821917808219178,0.005,5.701622049691187e-05,0.00031194153100199757,423127.4042430954,757.3900146484375,-0.004586781374170235,2026-09-15
SPY260918C00835000,2026-09-15 18:56:34+00:00,835.0,0.01,0.0,0.01,0.0,0.0,98.0,5015.0,0.31250687499999996,False,REGULAR,USD,SPY,call,2026-09-18,0.00821917808219178,0.005,5.410242862110437e-05,0.0003160182862049765,155642.01630235405,757.3900146484375,-0.004586781374170235,2026-09-15
SPY260918C00840000,2026-09-11 19:38:25+00:00,840.0,0.01,0.0,0.01,0.0,0.0,43.0,5580.0,0.32813171874999997,False,REGULAR,USD,SPY,call,2026-09-18,0.00821917808219178,0.005,4.544168882613425e-05,0.000276112820161642,145454.7179791566,757.3900146484375,-0.004586781374170235,2026-09-15
SPY260918C00845000,2026-09-11 18:40:32+00:00,845.0,0.01,0.0,0.01,0.0,0.0,24.0,11045.0,0.3437565625,False,REGULAR,USD,SPY,call,2026-09-18,0.00821917808219178,0.005,3.8810930136976585e-05,0.00024505644614002125,245900.2224218303,757.3900146484375,-0.004586781374170235,2026-09-15
SPY260918C00850000,2026-09-11 18:24:48+00:00,850.0,0.01,0.0,0.01,0.0,0.0,6.0,9510.0,0.35938140625,False,REGULAR,USD,SPY,call,2026-09-18,0.00821917808219178,0.005,3.364312573384709e-05,0.0002205172089197517,183533.77855535175,757.3900146484375,-0.004586781374170235,2026-09-15
SPY260918C00855000,2026-09-09 20:08:59+00:00,855.0,0.02,0.0,0.01,0.0,0.0,2.0,3427.0,0.3789124609375,False,REGULAR,USD,SPY,call,2026-09-18,0.00821917808219178,0.005,3.3296214487581654e-05,0.00023080554396680053,65455.79699050775,757.3900146484375,-0.004586781374170235,2026-09-15
SPY260918C00860000,2026-09-09 19:02:43+00:00,860.0,0.01,0.0,0.01,0.0,0.0,4.0,5134.0,0.398443515625,False,REGULAR,USD,SPY,call,2026-09-18,0.00821917808219178,0.005,3.3017857945913226e-05,0.00024139967890977112,97239.76694777765,757.3900146484375,-0.004586781374170235,2026-09-15
SPY260918C00865000,2026-09-14 13:53:40+00:00,865.0,0.01,0.0,0.01,0.0,0.0,20.0,3659.0,0.414068359375,False,REGULAR,USD,SPY,call,2026-09-18,0.00821917808219178,0.005,2.9484990559021554e-05,0.00022282544527969404,61887.444917543784,757.3900146484375,-0.004586781374170235,2026-09-15
SPY260918C00870000,2026-09-10 13:44:10+00:00,870.0,0.01,0.0,0.01,0.0,0.0,22.0,1307.0,0.42969320312500003,False,REGULAR,USD,SPY,call,2026-09-18,0.00821917808219178,0.005,2.6585745913280304e-05,0.00020751418323336168,19932.58329483924,757.3900146484375,-0.004586781374170235,2026-09-15
SPY260918C00875000,2026-09-10 15:25:17+00:00,875.0,0.01,0.0,0.01,0.0,0.0,5.0,4631.0,0.445318046875,False,REGULAR,USD,SPY,call,2026-09-18,0.00821917808219178,0.005,2.418216162071787e-05,0.0001948049865007143,64240.5204395792,757.3900146484375,-0.004586781374170235,2026-09-15
SPY260918C00880000,2026-09-04 16:40:50+00:00,880.0,0.01,0.0,0.01,0.0,0.0,24.0,6261.0,0.46094289062500005,False,REGULAR,USD,SPY,call,2026-09-18,0.00821917808219178,0.005,2.217119025547593e-05,0.00018419709958213896,79629.11019508529,757.3900146484375,-0.004586781374170235,2026-09-15
SPY260918C00885000,2026-09-08 18:22:08+00:00,885.0,0.01,0.0,0.01,0.0,0.0,2.0,6154.0,0.476567734375,False,REGULAR,USD,SPY,call,2026-09-18,0.00821917808219178,0.005,2.047480571955904e-05,0.00017530614384724628,72279.71504068362,757.3900146484375,-0.004586781374170235,2026-09-15
SPY260918C00890000,2026-08-28 20:01:20+00:00,890.0,0.01,0.0,0.01,0.0,0.0,3383.0,3266.0,0.49219257812500006,False,REGULAR,USD,SPY,call,2026-09-18,0.00821917808219178,0.005,1.903317945475894e-05,0.00016783353369590574,35658.795808439216,757.3900146484375,-0.004586781374170235,2026-09-15
SPY260918C00895000,2026-08-14 19:54:02+00:00,895.0,0.02,0.0,0.01,0.0,0.0,10.0,8578.0,0.507817421875,False,REGULAR,USD,SPY,call,2026-09-18,0.00821917808219178,0.005,1.779989951544062e-05,0.00016154477653782038,87587.6234837567,757.3900146484375,-0.004586781374170235,2026-09-15
SPY260918C00900000,2026-09-15 14:17:55+00:00,900.0,0.01,0.0,0.01,0.0,0.0,1.0,16703.0,0.500005,False,REGULAR,USD,SPY,call,2026-09-18,0.00821917808219178,0.005,9.318148920172998e-06,7.973250222995326e-05,89281.87007691001,757.3900146484375,-0.004586781374170235,2026-09-15
SPY260918C00905000,2026-08-26 13:35:59+00:00,905.0,0.01,0.0,0.01,0.0,0.0,4.0,4049.0,0.51562984375,False,REGULAR,USD,SPY,call,2026-09-18,0.00821917808219178,0.005,8.94403318208969e-06,7.887245375092388e-05,20774.009638834737,757.3900146484375,-0.004586781374170235,2026-09-15
SPY260918C00910000,2026-08-26 18:31:39+00:00,910.0,0.01,0.0,0.01,0.0,0.0,50.0,3197.0,0.5312546875,False,REGULAR,USD,SPY,call,2026-09-18,0.00821917808219178,0.005,8.619915276585474e-06,7.828309076634673e-05,15808.285974824328,757.3900146484375,-0.004586781374170235,2026-09-15
SPY260918C00915000,2026-08-26 13:30:01+00:00,915.0,0.01,0.0,0.01,0.0,0.0,1.0,5515.0,0.5312546875,False,REGULAR,USD,SPY,call,2026-09-18,0.00821917808219178,0.005,5.570651975337905e-06,4.926474585897731e-05,17623.44039179591,757.3900146484375,-0.004586781374170235,2026-09-15
SPY260918C00920000,2026-08-26 16:44:44+00:00,920.0,0.01,0.0,0.01,0.0,0.0,5.0,5527.0,0.5468795312500001,False,REGULAR,USD,SPY,call,2026-09-18,0.00821917808219178,0.005,5.4695474096182166e-06,4.982475387153456e-05,17341.234294539478,757.3900146484375,-0.004586781374170235,2026-09-15
SPY260918C00925000,2026-08-25 14:02:53+00:00,925.0,0.01,0.0,0.01,0.0,0.0,490.0,14020.0,0.5625043750000001,False,REGULAR,USD,SPY,call,2026-09-18,0.00821917808219178,0.005,5.38437816882161e-06,5.04876480203884e-05,43303.47198539589,757.3900146484375,-0.004586781374170235,2026-09-15
SPY260918C00930000,2026-08-25 13:42:31+00:00,930.0,0.01,0.0,0.01,0.0,0.0,202.0,6436.0,0.57812921875,False,REGULAR,USD,SPY,call,2026-09-18,0.00821917808219178,0.005,5.31328489537488e-06,5.124787853550806e-05,19616.35393619783,757.3900146484375,-0.004586781374170235,2026-09-15
SPY260918C00935000,2026-08-21 18:48:55+00:00,935.0,0.01,0.0,0.01,0.0,0.0,1439.0,2713.0,0.5937540625000001,False,REGULAR,USD,SPY,call,2026-09-18,0.00821917808219178,0.005,5.254702696686792e-06,5.2100942192843127e-05,8177.81145424126,757.3900146484375,-0.004586781374170235,2026-09-15
SPY260918C00940000,2026-08-25 14:02:50+00:00,940.0,0.01,0.0,0.01,0.0,0.0,817.0,3661.0,0.6093789062500001,False,REGULAR,USD,SPY,call,2026-09-18,0.00821917808219178,0.005,5.207307004248957e-06,5.304320357096309e-05,10935.837846793993,757.3900146484375,-0.004586781374170235,2026-09-15
SPY260918C00945000,2026-08-20 13:50:45+00:00,945.0,0.01,0.0,0.01,0.0,0.0,40.0,3736.0,0.6250037500000001,False,REGULAR,USD,SPY,call,2026-09-18,0.00821917808219178,0.005,5.1699707130555234e-06,5.4071752069703014e-05,11079.85560768293,757.3900146484375,-0.004586781374170235,2026-09-15
SPY260918C00950000,2026-09-10 18:45:37+00:00,950.0,0.01,0.0,0.01,0.0,0.0,11.0,3026.0,0.64062859375,False,REGULAR,USD,SPY,call,2026-09-18,0.00821917808219178,0.005,5.14172999501064e-06,5.518428671369484e-05,8925.187344817272,757.3900146484375,-0.004586781374170235,2026-09-15
SPY260918C00955000,2026-09-14 13:30:03+00:00,955.0,0.01,0.0,0.01,0.0,0.0,5.0,3258.0,0.6562534375000001,False,REGULAR,USD,SPY,call,2026-09-18,0.00821917808219178,0.005,5.121756837182143e-06,5.63790227132136e-05,9572.1431784993,757.3900146484375,-0.004586781374170235,2026-09-15
SPY260918C00960000,2026-08-19 15:16:48+00:00,960.0,0.01,0.0,0.01,0.0,0.0,15.0,2177.0,0.6562534375000001,False,REGULAR,USD,SPY,call,2026-09-18,0.00821917808219178,0.005,3.6354539339454826e-06,3.921801534457374e-05,4540.003892617565,757.3900146484375,-0.004586781374170235,2026-09-15
SPY260918C00965000,2026-08-14 18:15:10+00:00,965.0,0.01,0.0,0.01,0.0,0.0,1.0,3222.0,0.6718782812500002,False,REGULAR,USD,SPY,call,2026-09-18,0.00821917808219178,0.005,3.6641223323996787e-06,4.0541922929520755e-05,6772.276030679657,757.3900146484375,-0.004586781374170235,2026-09-15
SPY260918C00970000,2026-08-14 13:40:23+00:00,970.0,0.01,0.0,0.01,0.0,0.0,10.0,3688.0,0.6875031250000001,False,REGULAR,USD,SPY,call,2026-09-18,0.00821917808219178,0.005,3.6962539869871405e-06,4.192567262202295e-05,7819.731992316049,757.3900146484375,-0.004586781374170235,2026-09-15
SPY260918C00975000,2026-08-04 16:05:08+00:00,975.0,0.02,0.0,0.01,0.0,0.0,7034.0,8632.0,0.70312796875,False,REGULAR,USD,SPY,call,2026-09-18,0.00821917808219178,0.005,3.7316735976849617e-06,4.337022645858992e-05,18477.968897709245,757.3900146484375,-0.004586781374170235,2026-09-15
SPY260918C00980000,2026-08-06 16:41:20+00:00,980.0,0.01,0.0,0.01,0.0,0.0,1.0,4173.0,0.7187528125,False,REGULAR,USD,SPY,call,2026-09-18,0.00821917808219178,0.005,3.770227603589905e-06,4.4876634599137604e-05,9025.164028022707,757.3900146484375,-0.004586781374170235,2026-09-15
SPY260918C00985000,2026-08-06 13:31:31+00:00,985.0,0.02,0.0,0.01,0.0,0.0,1.0,2927.0,0.73437765625,False,REGULAR,USD,SPY,call,2026-09-18,0.00821917808219178,0.005,3.811781209436831e-06,4.6446027408304896e-05,6400.145356049982,757.3900146484375,-0.004586781374170235,2026-09-15
SPY260918C00990000,2026-08-13 15:30:23+00:00,990.0,0.01,0.0,0.01,0.0,0.0,12.0,17224.0,0.7500025,False,REGULAR,USD,SPY,call,2026-09-18,0.00821917808219178,0.005,3.8562158781213305e-06,4.807960872149472e-05,38100.836054713436,757.3900146484375,-0.004586781374170235,2026-09-15
SPY260918C00995000,2026-08-13 14:30:39+00:00,995.0,0.02,0.0,0.01,0.0,0.0,1.0,3865.0,0.7500025,False,REGULAR,USD,SPY,call,2026-09-18,0.00821917808219178,0.005,2.8805516040733613e-06,3.531182341917425e-05,6386.52046807071,757.3900146484375,-0.004586781374170235,2026-09-15
SPY260918C01000000,2026-09-14 20:00:17+00:00,1000.0,0.01,0.0,0.01,0.0,0.0,1.0,8571.0,0.7656273437500001,False,REGULAR,USD,SPY,call,2026-09-18,0.00821917808219178,0.005,2.9394170916902883e-06,3.687018483427463e-05,14452.130033084995,757.3900146484375,-0.004586781374170235,2026-09-15
SPY260918P00300000,2026-09-14 20:02:02+00:00,300.0,0.01,0.0,0.01,0.0,0.0,1.0,27663.0,2.43750390625,False,REGULAR,USD,SPY,put,2026-09-18,0.00821917808219178,0.005,2.2750740675866885e-07,-8.433625087400642e-06,-3610.2224886003587,757.3900146484375,-0.004586781374170235,2026-09-15
SPY260918P00305000,2026-08-25 18:20:04+00:00,305.0,0.01,0.0,0.01,0.0,0.0,100.0,8282.0,2.43750390625,False,REGULAR,USD,SPY,put,2026-09-18,0.00821917808219178,0.005,3.1300776584423447e-07,-1.1790166079661546e-05,-1487.0634148410825,757.3900146484375,-0.004586781374170235,2026-09-15
SPY260918P00310000,2026-08-13 19:42:03+00:00,310.0,0.01,0.0,0.01,0.0,0.0,25.0,14915.0,2.3750040624999995,False,REGULAR,USD,SPY,put,2026-09-18,0.00821917808219178,0.005,2.828464501385077e-07,-1.0314213695572505e-05,-2419.9875988531294,757.3900146484375,-0.004586781374170235,2026-09-15
SPY260918P00315000,2026-09-09 19:37:11+00:00,315.0,0.01,0.0,0.01,0.0,0.0,1.0,5754.0,2.3125042187499996,False,REGULAR,USD,SPY,put,2026-09-18,0.00821917808219178,0.005,2.522539487716841e-07,-8.893668113074682e-06,-832.6202732496519,757.3900146484375,-0.004586781374170235,2026-09-15
SPY260918P00320000,2026-08-24 16:50:09+00:00,320.0,0.01,0.0,0.01,0.0,0.0,100.0,4756.0,2.3125042187499996,False,REGULAR,USD,SPY,put,2026-09-18,0.00821917808219178,0.005,3.47214242075288e-07,-1.2440349311471088e-05,-947.2803466143314,757.3900146484375,-0.004586781374170235,2026-09-15
SPY260918P00325000,2026-08-24 16:49:52+00:00,325.0,0.01,0.0,0.01,0.0,0.0,100.0,5093.0,2.2500043749999996,False,REGULAR,USD,SPY,put,2026-09-18,0.00821917808219178,0.005,3.072496127376356e-07,-1.0629754997881768e-05,-897.6440790917434,757.3900146484375,-0.004586781374170235,2026-09-15
SPY260918P00330000,2026-09-09 19:38:18+00:00,330.0,0.01,0.0,0.01,0.0,0.0,4.0,8544.0,2.2187544531249994,False,REGULAR,USD,SPY,put,2026-09-18,0.00821917808219178,0.005,3.3755199481878253e-07,-1.1562709985146746e-05,-1654.4020852479975,757.3900146484375,-0.004586781374170235,2026-09-15
SPY260918P00335000,2026-08-20 16:34:06+00:00,335.0,0.01,0.0,0.01,0.0,0.0,5.0,4531.0,2.1875045312499997,False,REGULAR,USD,SPY,put,2026-09-18,0.00821917808219178,0.005,3.697564184144311e-07,-1.2536617268077421e-05,-961.0565298946531,757.3900146484375,-0.004586781374170235,2026-09-15
SPY260918P00340000,2026-08-13 14:41:35+00:00,340.0,0.01,0.0,0.01,0.0,0.0,10.0,1832.0,2.1250046874999997,False,REGULAR,USD,SPY,put,2026-09-18,0.00821917808219178,0.005,3.195643009606833e-07,-1.0432198306764562e-05,-335.83261968244227,757.3900146484375,-0.004586781374170235,2026-09-15
SPY260918P00345000,2026-08-26 18:17:21+00:00,345.0,0.01,0.0,0.01,0.0,0.0,10.0,2930.0,2.1250046874999997,False,REGULAR,USD,SPY,put,2026-09-18,0.00821917808219178,0.005,4.39903580149222e-07,-1.459752267651826e-05,-739.3741574991258,757.3900146484375,-0.004586781374170235,2026-09-15
SPY260918P00350000,2026-09-09 14:29:00+00:00,350.0,0.01,0.0,0.01,0.0,0.0,5.0,19339.0,2.0625048437499998,False,REGULAR,USD,SPY,put,2026-09-18,0.00821917808219178,0.005,3.768078343094756e-07,-1.2021069591861e-05,-4180.1617540447105,757.3900146484375,-0.004586781374170235,2026-09-15
SPY260918P00355000,2026-08-25 15:33:54+00:00,355.0,0.01,0.0,0.01,0.0,0.0,4.0,12978.0,2.031254921875,False,REGULAR,USD,SPY,put,2026-09-18,0.00821917808219178,0.005,4.0741657459904054e-07,-1.2841886724790363e-05,-3033.0922066455296,757.3900146484375,-0.004586781374170235,2026-09-15
SPY260918P00360000,2026-08-28 17:20:16+00:00,360.0,0.01,0.0,0.01,0.0,0.0,1.0,27624.0,1.96875015625,False,REGULAR,USD,SPY,put,2026-09-18,0.00821917808219178,0.005,3.4087727468724244e-07,-1.0303582337889416e-05,-5401.61671638302,757.3900146484375,-0.004586781374170235,2026-09-15
SPY260918P00365000,2026-08-20 15:04:42+00:00,365.0,0.01,0.0,0.01,0.0,0.0,4.0,16336.0,1.9375003125,False,REGULAR,USD,SPY,put,2026-09-18,0.00821917808219178,0.005,3.6559544804797525e-07,-1.0904977776560187e-05,-3425.9865589993396,757.3900146484375,-0.004586781374170235,2026-09-15
SPY260918P00370000,2026-09-10 17:01:56+00:00,370.0,0.03,0.0,0.01,0.0,0.0,60.0,21672.0,1.9375003125,False,REGULAR,USD,SPY,put,2026-09-18,0.00821917808219178,0.005,5.064237950938558e-07,-1.536085032260992e-05,-6295.819172004245,757.3900146484375,-0.004586781374170235,2026-09-15
SPY260918P00375000,2026-09-14 19:35:00+00:00,375.0,0.01,0.0,0.01,0.0,0.0,1.0,3523.0,1.875000625,False,REGULAR,USD,SPY,put,2026-09-18,0.00821917808219178,0.005,4.168598365448002e-07,-1.209333652740785e-05,-842.4455631051584,757.3900146484375,-0.004586781374170235,2026-09-15
SPY260918P00380000,2026-09-15 18:02:39+00:00,380.0,0.01,0.0,0.01,0.0,0.0,2.0,2904.0,1.875000625,False,REGULAR,USD,SPY,put,2026-09-18,0.00821917808219178,0.005,5.775002111230828e-07,-1.7039749464764498e-05,-962.0284367802607,757.3900146484375,-0.004586781374170235,2026-09-15
SPY260918P00385000,2026-09-15 18:02:57+00:00,385.0,0.01,0.0,0.01,0.0,0.0,2.0,1084.0,1.8125009374999999,False,REGULAR,USD,SPY,put,2026-09-18,0.00821917808219178,0.005,4.697843369996477e-07,-1.3232416995467844e-05,-292.1238161540389,757.3900146484375,-0.004586781374170235,2026-09-15
SPY260918P00390000,2026-09-02 19:35:51+00:00,390.0,0.01,0.0,0.01,0.0,0.0,20.0,1166.0,1.78125109375,False,REGULAR,USD,SPY,put,2026-09-18,0.00821917808219178,0.005,4.965207198861884e-07,-1.3771338514323439e-05,-332.10474222513943,757.3900146484375,-0.004586781374170235,2026-09-15
SPY260918P00395000,2026-09-02 16:24:47+00:00,395.0,0.01,0.0,0.01,0.0,0.0,20.0,2548.0,1.75000125,False,REGULAR,USD,SPY,put,2026-09-18,0.00821917808219178,0.005,5.232227604389648e-07,-1.4282996107506385e-05,-764.7600653965305,757.3900146484375,-0.004586781374170235,2026-09-15
SPY260918P00400000,2026-09-15 13:53:08+00:00,400.0,0.01,0.0,0.01,0.0,0.0,1.0,24195.0,1.71875140625,False,REGULAR,USD,SPY,put,2026-09-18,0.00821917808219178,0.005,5.497078294215284e-07,-1.4762085127517643e-05,-7629.510926301964,757.3900146484375,-0.004586781374170235,2026-09-15
SPY260918P00405000,2026-09-14 19:35:00+00:00,405.0,0.01,0.0,0.01,0.0,0.0,1.0,2943.0,1.6875015625,False,REGULAR,USD,SPY,put,2026-09-18,0.00821917808219178,0.005,5.75777548300379e-07,-1.5203225526727593e-05,-972.040003849197,757.3900146484375,-0.004586781374170235,2026-09-15
SPY260918P00410000,2026-09-15 18:01:00+00:00,410.0,0.01,0.0,0.01,0.0,0.0,2.0,672.0,1.65625171875,False,REGULAR,USD,SPY,put,2026-09-18,0.00821917808219178,0.005,6.012181135237248e-07,-1.5601017145483453e-05,-231.76106605328437,757.3900146484375,-0.004586781374170235,2026-09-15
SPY260918P00415000,2026-08-28 20:10:46+00:00,415.0,0.01,0.0,0.01,0.0,0.0,2779.0,105681.0,1.625001875,False,REGULAR,USD,SPY,put,2026-09-18,0.00821917808219178,0.005,6.258008711805206e-07,-1.5950101541317707e-05,-37937.80743113487,757.3900146484375,-0.004586781374170235,2026-09-15
SPY260918P00420000,2026-09-14 16:13:42+00:00,420.0,0.01,0.0,0.01,0.0,0.0,1.0,107232.0,1.5937520312499998,False,REGULAR,USD,SPY,put,2026-09-18,0.00821917808219178,0.005,6.492831820959425e-07,-1.6245230447298198e-05,-39939.04814222882,757.3900146484375,-0.004586781374170235,2026-09-15
SPY260918P00425000,2026-09-15 18:03:13+00:00,425.0,0.01,0.0,0.01,0.0,0.0,2.0,100752.0,1.5625021874999998,False,REGULAR,USD,SPY,put,2026-09-18,0.00821917808219178,0.005,6.71409621427291e-07,-1.6481340849527903e-05,-38804.347640987195,757.3900146484375,-0.004586781374170235,2026-09-15
SPY260918P00430000,2026-09-15 19:36:19+00:00,430.0,0.01,0.0,0.01,0.0,0.0,18.0,2551.0,1.5312523437499999,False,REGULAR,USD,SPY,put,2026-09-18,0.00821917808219178,0.005,6.919135607598381e-07,-1.6653636553898288e-05,-1012.5149660246138,757.3900146484375,-0.004586781374170235,2026-09-15
SPY260918P00435000,2026-09-15 19:36:19+00:00,435.0,0.01,0.0,0.01,0.0,0.0,1.0,1854.0,1.5000025,False,REGULAR,USD,SPY,put,2026-09-18,0.00821917808219178,0.005,7.105191843689081e-07,-1.6757675963541274e-05,-755.6569632524113,757.3900146484375,-0.004586781374170235,2026-09-15
SPY260918P00440000,2026-09-15 18:03:29+00:00,440.0,0.01,0.0,0.01,0.0,0.0,2.0,6701.0,1.46875265625,False,REGULAR,USD,SPY,put,2026-09-18,0.00821917808219178,0.005,7.269439944411367e-07,-1.678946560013106e-05,-2794.3430475905516,757.3900146484375,-0.004586781374170235,2026-09-15
SPY260918P00445000,2026-09-15 19:36:18+00:00,445.0,0.01,0.0,0.01,0.0,0.0,2.0,1050.0,1.4375028125,False,REGULAR,USD,SPY,put,2026-09-18,0.00821917808219178,0.005,7.409018622678388e-07,-1.6745558679032158e-05,-446.26120698125493,757.3900146484375,-0.004586781374170235,2026-09-15
SPY260918P00450000,2026-09-15 19:36:18+00:00,450.0,0.01,0.0,0.01,0.0,0.0,36.0,12682.0,1.40625296875,False,REGULAR,USD,SPY,put,2026-09-18,0.00821917808219178,0.005,7.52106683248653e-07,-1.662315776829182e-05,-5471.499286960869,757.3900146484375,-0.004586781374170235,2026-09-15
SPY260918P00455000,2026-09-11 19:39:12+00:00,455.0,0.01,0.0,0.01,0.0,0.0,4.0,4305.0,1.3750031249999999,False,REGULAR,USD,SPY,put,2026-09-18,0.00821917808219178,0.005,7.602766923372024e-07,-1.6420220238844152e-05,-1877.517452347561,757.3900146484375,-0.004586781374170235,2026-09-15
SPY260918P00460000,2026-09-15 19:36:19+00:00,460.0,0.01,0.0,0.01,0.0,0.0,4.0,1743.0,1.3750031249999999,False,REGULAR,USD,SPY,put,2026-09-18,0.00821917808219178,0.005,1.0899954901131652e-06,-2.4001184737443282e-05,-1089.8362227690852,757.3900146484375,-0.004586781374170235,2026-09-15
SPY260918P00465000,2026-09-15 19:36:19+00:00,465.0,0.01,0.0,0.01,0.0,0.0,4.0,1947.0,1.3437532812499997,False,REGULAR,USD,SPY,put,2026-09-18,0.00821917808219178,0.005,1.1021350507739508e-06,-2.3701482232962867e-05,-1230.9485925109173,757.3900146484375,-0.004586781374170235,2026-09-15
SPY260918P00470000,2026-09-15 19:36:19+00:00,470.0,0.01,0.0,0.01,0.0,0.0,8.0,9566.0,1.3125034374999998,False,REGULAR,USD,SPY,put,2026-09-18,0.00821917808219178,0.005,1.1096650375987467e-06,-2.3287171263763895e-05,-6089.216698199524,757.3900146484375,-0.004586781374170235,2026-09-15
SPY260918P00475000,2026-09-15 19:36:19+00:00,475.0,0.01,0.0,0.01,0.0,0.0,27.0,5622.0,1.2812535937499998,False,REGULAR,USD,SPY,put,2026-09-18,0.00821917808219178,0.005,1.112206845944367e-06,-2.2757714551846497e-05,-3586.869329247944,757.3900146484375,-0.004586781374170235,2026-09-15
SPY260918P00480000,2026-09-15 19:36:19+00:00,480.0,0.01,0.0,0.01,0.0,0.0,27.0,11090.0,1.2500037499999999,False,REGULAR,USD,SPY,put,2026-09-18,0.00821917808219178,0.005,1.109407037925597e-06,-2.2114015580720903e-05,-7057.674308924273,757.3900146484375,-0.004586781374170235,2026-09-15
SPY260918P00485000,2026-09-15 19:36:18+00:00,485.0,0.01,0.0,0.01,0.0,0.0,10.0,3559.0,1.21875390625,False,REGULAR,USD,SPY,put,2026-09-18,0.00821917808219178,0.005,1.100947504489872e-06,-2.135856035778705e-05,-2247.6762137719497,757.3900146484375,-0.004586781374170235,2026-09-15
SPY260918P00490000,2026-09-15 19:36:18+00:00,490.0,0.01,0.0,0.01,0.0,0.0,4.0,4341.0,1.1875040625,False,REGULAR,USD,SPY,put,2026-09-18,0.00821917808219178,0.005,1.0865569328691265e-06,-2.049554801619724e-05,-2705.71109988903,757.3900146484375,-0.004586781374170235,2026-09-15
SPY260918P00495000,2026-09-15 19:36:19+00:00,495.0,0.01,0.0,0.01,0.0,0.0,5.0,7262.0,1.15625421875,False,REGULAR,USD,SPY,put,2026-09-18,0.00821917808219178,0.005,1.0660235628328108e-06,-1.9531004087802728e-05,-4440.810069171775,757.3900146484375,-0.004586781374170235,2026-09-15
SPY260918P00500000,2026-09-15 19:36:19+00:00,500.0,0.01,0.0,0.01,0.0,0.0,4.0,10691.0,1.15625421875,False,REGULAR,USD,SPY,put,2026-09-18,0.00821917808219178,0.005,1.574088150967574e-06,-2.9461596500079956e-05,-9653.538424320017,757.3900146484375,-0.004586781374170235,2026-09-15
SPY260918P00505000,2026-09-15 19:36:19+00:00,505.0,0.01,0.0,0.01,0.0,0.0,85.0,5507.0,1.125004375,False,REGULAR,USD,SPY,put,2026-09-18,0.00821917808219178,0.005,1.5468352691472962e-06,-2.809858989993863e-05,-4886.504381672459,757.3900146484375,-0.004586781374170235,2026-09-15
SPY260918P00510000,2026-09-15 19:36:19+00:00,510.0,0.01,0.0,0.01,0.0,0.0,55.0,2386.0,1.09375453125,False,REGULAR,USD,SPY,put,2026-09-18,0.00821917808219178,0.005,1.5105853857296088e-06,-2.6601147945837234e-05,-2067.5445126827044,757.3900146484375,-0.004586781374170235,2026-09-15
SPY260918P00515000,2026-09-15 19:36:18+00:00,515.0,0.01,0.0,0.01,0.0,0.0,23.0,201763.0,1.0625046875000002,False,REGULAR,USD,SPY,put,2026-09-18,0.00821917808219178,0.005,1.465187585056084e-06,-2.4982366524484156e-05,-169579.717380333,757.3900146484375,-0.004586781374170235,2026-09-15
SPY260918P00520000,2026-09-15 19:36:19+00:00,520.0,0.01,0.0,0.01,0.0,0.0,150.0,212176.0,1.0312548437500002,False,REGULAR,USD,SPY,put,2026-09-18,0.00821917808219178,0.005,1.4106315303482838e-06,-2.3258193815878236e-05,-171691.5790706913,757.3900146484375,-0.004586781374170235,2026-09-15
SPY260918P00525000,2026-09-15 19:36:19+00:00,525.0,0.01,0.0,0.01,0.0,0.0,20.0,210738.0,1.015629921875,False,REGULAR,USD,SPY,put,2026-09-18,0.00821917808219178,0.005,1.7028493989003506e-06,-2.791569460414145e-05,-205853.49491823866,757.3900146484375,-0.004586781374170235,2026-09-15
SPY260918P00530000,2026-09-15 19:36:18+00:00,530.0,0.01,0.0,0.01,0.0,0.0,25.0,4159.0,0.98437515625,False,REGULAR,USD,SPY,put,2026-09-18,0.00821917808219178,0.005,1.628062435565592e-06,-2.575939240212488e-05,-3884.178021832968,757.3900146484375,-0.004586781374170235,2026-09-15
SPY260918P00535000,2026-09-15 19:36:18+00:00,535.0,0.01,0.0,0.01,0.0,0.0,73.0,2135.0,0.9687503125,False,REGULAR,USD,SPY,put,2026-09-18,0.00821917808219178,0.005,1.9674127384444363e-06,-3.093177544932768e-05,-2409.530947264113,757.3900146484375,-0.004586781374170235,2026-09-15
SPY260918P00540000,2026-09-15 19:36:19+00:00,540.0,0.01,0.0,0.01,0.0,0.0,76.0,6120.0,0.937500625,False,REGULAR,USD,SPY,put,2026-09-18,0.00821917808219178,0.005,1.8671395579930795e-06,-2.827330852583909e-05,-6554.919349669524,757.3900146484375,-0.004586781374170235,2026-09-15
SPY260918P00545000,2026-09-15 19:36:19+00:00,545.0,0.01,0.0,0.01,0.0,0.0,68.0,5908.0,0.9062509375,False,REGULAR,USD,SPY,put,2026-09-18,0.00821917808219178,0.005,1.7545634885521175e-06,-2.554660535969422e-05,-5946.326128933168,757.3900146484375,-0.004586781374170235,2026-09-15
SPY260918P00550000,2026-09-15 19:36:19+00:00,550.0,0.01,0.0,0.01,0.0,0.0,478.0,16780.0,0.9062509375,False,REGULAR,USD,SPY,put,2026-09-18,0.00821917808219178,0.005,2.7354080111857912e-06,-4.084029361406394e-05,-26330.14321060335,757.3900146484375,-0.004586781374170235,2026-09-15
SPY260918P00555000,2026-09-15 19:36:19+00:00,555.0,0.01,0.0,0.01,-0.01,-50.0,4440.0,5652.0,0.87500125,False,REGULAR,USD,SPY,put,2026-09-18,0.00821917808219178,0.005,2.579572861298127e-06,-3.6985068267325616e-05,-8363.520055657304,757.3900146484375,-0.004586781374170235,2026-09-15
SPY260918P00560000,2026-09-15 19:00:28+00:00,560.0,0.01,0.01,0.02,-0.01,-50.0,745.0,4787.0,0.92187578125,False,REGULAR,USD,SPY,put,2026-09-18,0.00821917808219178,0.015,7.818723861144736e-06,-0.00012686835874142766,-21470.316813659898,757.3900146484375,-0.004586781374170235,2026-09-15
SPY260918P00565000,2026-09-15 19:58:44+00:00,565.0,0.02,0.01,0.02,0.01,100.0,181.0,10933.0,0.8984385156249999,False,REGULAR,USD,SPY,put,2026-09-18,0.00821917808219178,0.015,8.500471228735225e-06,-0.00013494266626468132,-53311.57339344445,757.3900146484375,-0.004586781374170235,2026-09-15
SPY260918P00570000,2026-09-15 19:58:44+00:00,570.0,0.01,0.01,0.02,-0.01,-50.0,62.0,8446.0,0.87500125,False,REGULAR,USD,SPY,put,2026-09-18,0.00821917808219178,0.015,9.239088488798861e-06,-0.00014338830823723558,-44763.01740951655,757.3900146484375,-0.004586781374170235,2026-09-15
SPY260918P00575000,2026-09-15 17:13:54+00:00,575.0,0.02,0.01,0.02,0.0,0.0,1.0,13342.0,0.8437515624999999,False,REGULAR,USD,SPY,put,2026-09-18,0.00821917808219178,0.015,8.998178913942808e-06,-0.00013409603279102011,-68867.56232403385,757.3900146484375,-0.004586781374170235,2026-09-15
SPY260918P00580000,2026-09-15 19:36:19+00:00,580.0,0.01,0.01,0.02,-0.01,-50.0,105.0,10238.0,0.8203142968749999,False,REGULAR,USD,SPY,put,2026-09-18,0.00821917808219178,0.015,9.754866649345993e-06,-0.0001418335268057458,-57289.576569373974,757.3900146484375,-0.004586781374170235,2026-09-15
SPY260918P00585000,2026-09-15 17:47:41+00:00,585.0,0.02,0.01,0.02,0.0,0.0,2158.0,9298.0,0.79687703125,False,REGULAR,USD,SPY,put,2026-09-18,0.00821917808219178,0.015,1.0572402545445546e-05,-0.00014984840417242573,-56390.03740820324,757.3900146484375,-0.004586781374170235,2026-09-15
SPY260918P00590000,2026-09-15 19:36:19+00:00,590.0,0.01,0.01,0.02,-0.02,-66.66667,88.0,19761.0,0.773439765625,False,REGULAR,USD,SPY,put,2026-09-18,0.00821917808219178,0.015,1.1455954693191028e-05,-0.00015813696072242145,-129861.18328381401,757.3900146484375,-0.004586781374170235,2026-09-15
SPY260918P00595000,2026-09-15 20:01:38+00:00,595.0,0.02,0.02,0.03,-0.02,-50.0,833.0,9762.0,0.7812521875,False,REGULAR,USD,SPY,put,2026-09-18,0.00821917808219178,0.025,1.9546975439659718e-05,-0.0002832817603133364,-109460.5235041016,757.3900146484375,-0.004586781374170235,2026-09-15
SPY260918P00600000,2026-09-15 20:01:26+00:00,600.0,0.02,0.02,0.03,-0.02,-50.0,2087.0,62421.0,0.7578149218750001,False,REGULAR,USD,SPY,put,2026-09-18,0.00821917808219178,0.025,2.1390239601354335e-05,-0.000302028213922223,-765923.7235438409,757.3900146484375,-0.004586781374170235,2026-09-15
SPY260918P00601000,2026-09-14 17:27:20+00:00,601.0,0.03,0.02,0.03,0.0,0.0,1515.0,3004.0,0.7500025,False,REGULAR,USD,SPY,put,2026-09-18,0.00821917808219178,0.025,2.0845734282988228e-05,-0.0002905243779887101,-35921.64992930947,757.3900146484375,-0.004586781374170235,2026-09-15
SPY260918P00602000,2026-09-14 17:09:03+00:00,602.0,0.03,0.02,0.03,0.0,0.0,99.0,316.0,0.7460962890625,False,REGULAR,USD,SPY,put,2026-09-18,0.00821917808219178,0.025,2.1459342327436047e-05,-0.0002980441537568934,-3889.9376539956356,757.3900146484375,-0.004586781374170235,2026-09-15
SPY260918P00603000,2026-09-14 16:16:06+00:00,603.0,0.04,0.02,0.03,0.0,0.0,47.0,4128.0,0.7421900781249999,False,REGULAR,USD,SPY,put,2026-09-18,0.00821917808219178,0.025,2.209282934795279e-05,-0.00030577853606883476,-52315.47547637914,757.3900146484375,-0.004586781374170235,2026-09-15
SPY260918P00604000,2026-09-15 17:58:26+00:00,604.0,0.03,0.02,0.03,0.0,0.0,72.0,23509.0,0.73437765625,False,REGULAR,USD,SPY,put,2026-09-18,0.00821917808219178,0.025,2.151168023993322e-05,-0.0002937859866887216,-290099.94063731725,757.3900146484375,-0.004586781374170235,2026-09-15
SPY260918P00605000,2026-09-15 20:07:37+00:00,605.0,0.03,0.02,0.03,-0.01,-25.0,1000.0,71398.0,0.7304714453125,False,REGULAR,USD,SPY,put,2026-09-18,0.00821917808219178,0.025,2.2149330109655734e-05,-0.0003014198594811779,-907163.9692758424,757.3900146484375,-0.004586781374170235,2026-09-15
SPY260918P00606000,2026-09-15 19:22:35+00:00,606.0,0.02,0.02,0.03,-0.02,-50.0,52407.0,553.0,0.726565234375,False,REGULAR,USD,SPY,put,2026-09-18,0.00821917808219178,0.025,2.280788142700492e-05,-0.00030927373348887954,-7235.178132665793,757.3900146484375,-0.004586781374170235,2026-09-15
SPY260918P00607000,2026-09-15 18:19:48+00:00,607.0,0.03,0.02,0.03,-0.01,-25.0,48520.0,660.0,0.7226590234375,False,REGULAR,USD,SPY,put,2026-09-18,0.00821917808219178,0.025,2.348811654735073e-05,-0.0003173550142380188,-8892.651626999876,757.3900146484375,-0.004586781374170235,2026-09-15
SPY260918P00608000,2026-09-15 18:15:26+00:00,608.0,0.03,0.02,0.03,-0.020000001,-40.000004,4074.0,2182.0,0.7187528125,False,REGULAR,USD,SPY,put,2026-09-18,0.00821917808219178,0.025,2.419085153851929e-05,-0.00032567140233719094,-30279.245743204483,757.3900146484375,-0.004586781374170235,2026-09-15
SPY260918P00609000,2026-09-15 19:50:46+00:00,609.0,0.03,0.02,0.03,-0.01,-25.0,203.0,3424.0,0.710940390625,False,REGULAR,USD,SPY,put,2026-09-18,0.00821917808219178,0.025,2.3534547889483625e-05,-0.0003124892531586321,-46225.19649791362,757.3900146484375,-0.004586781374170235,2026-09-15
SPY260918P00610000,2026-09-15 19:36:19+00:00,610.0,0.03,0.02,0.03,-0.01,-25.0,913.0,53635.0,0.7070341796875,False,REGULAR,USD,SPY,put,2026-09-18,0.00821917808219178,0.025,2.4241850172724915e-05,-0.0003206911738662388,-745852.9262343606,757.3900146484375,-0.004586781374170235,2026-09-15
SPY260918P00611000,2026-09-15 19:02:24+00:00,611.0,0.03,0.02,0.03,-0.01,-25.0,2501.0,1222.0,0.70312796875,False,REGULAR,USD,SPY,put,2026-09-18,0.00821917808219178,0.025,2.4972842297966415e-05,-0.0003291342484889048,-17505.65361426486,757.3900146484375,-0.004586781374170235,2026-09-15
SPY260918P00612000,2026-09-15 19:50:56+00:00,612.0,0.03,0.02,0.03,-0.01,-25.0,66.0,343.0,0.6953155468750001,False,REGULAR,USD,SPY,put,2026-09-18,0.00821917808219178,0.025,2.427180674081528e-05,-0.0003153991665032496,-4775.68172742209,757.3900146484375,-0.004586781374170235,2026-09-15
SPY260918P00613000,2026-09-15 20:10:32+00:00,613.0,0.03,0.02,0.03,0.0,0.0,1688.0,456.0,0.6914093359375001,False,REGULAR,USD,SPY,put,2026-09-18,0.00821917808219178,0.025,2.5007119301057978e-05,-0.0003237164922712532,-6541.354095340843,757.3900146484375,-0.004586781374170235,2026-09-15
SPY260918P00614000,2026-09-15 20:10:35+00:00,614.0,0.03,0.02,0.03,0.0,0.0,2848.0,1146.0,0.6875031250000001,False,REGULAR,USD,SPY,put,2026-09-18,0.00821917808219178,0.025,2.5767380723663674e-05,-0.0003322810614346805,-16939.24471972914,757.3900146484375,-0.004586781374170235,2026-09-15
SPY260918P00615000,2026-09-15 19:36:19+00:00,615.0,0.03,0.03,0.04,-0.020000001,-40.000004,174.0,104377.0,0.70312796875,False,REGULAR,USD,SPY,put,2026-09-18,0.00821917808219178,0.035,3.520703913848495e-05,-0.0004765284536766279,-2108013.8675057236,757.3900146484375,-0.004586781374170235,2026-09-15
SPY260918P00616000,2026-09-15 19:04:49+00:00,616.0,0.03,0.03,0.04,-0.01,-25.0,2.0,525.0,0.6992217578125001,False,REGULAR,USD,SPY,put,2026-09-18,0.00821917808219178,0.035,3.629418013882957e-05,-0.0004894827680633762,-10930.384616373129,757.3900146484375,-0.004586781374170235,2026-09-15
SPY260918P00617000,2026-09-15 17:22:45+00:00,617.0,0.04,0.03,0.04,0.0,0.0,700.0,1097.0,0.6953155468750001,False,REGULAR,USD,SPY,put,2026-09-18,0.00821917808219178,0.035,3.7418956133028146e-05,-0.0005028353627284377,-23547.10095386074,757.3900146484375,-0.004586781374170235,2026-09-15
SPY260918P00618000,2026-09-15 13:33:56+00:00,618.0,0.03,0.03,0.04,-0.020000001,-40.000004,10.0,3949.0,0.6875031250000001,False,REGULAR,USD,SPY,put,2026-09-18,0.00821917808219178,0.035,3.653593058022383e-05,-0.0004840880771707079,-82764.95007513584,757.3900146484375,-0.004586781374170235,2026-09-15
SPY260918P00619000,2026-09-14 17:00:22+00:00,619.0,0.05,0.03,0.04,0.0,0.0,344.0,1019.0,0.6835969140625001,False,REGULAR,USD,SPY,put,2026-09-18,0.00821917808219178,0.035,3.767532757247327e-05,-0.0004973420577775167,-22022.690291875453,757.3900146484375,-0.004586781374170235,2026-09-15
SPY260918P00620000,2026-09-15 19:36:19+00:00,620.0,0.04,0.03,0.04,-0.010000002,-20.000002,10852.0,158583.0,0.6796907031250001,False,REGULAR,USD,SPY,put,2026-09-18,0.00821917808219178,0.035,3.8854754886754375e-05,-0.0005110090001145817,-3534597.396378632,757.3900146484375,-0.004586781374170235,2026-09-15
SPY260918P00621000,2026-09-15 18:12:49+00:00,621.0,0.04,0.03,0.04,0.0,0.0,10285.0,2046.0,0.6738313867187502,False,REGULAR,USD,SPY,put,2026-09-18,0.00821917808219178,0.035,3.898139540841431e-05,-0.0005080341848161529,-45751.16538901142,757.3900146484375,-0.004586781374170235,2026-09-15
SPY260918P00622000,2026-09-15 18:00:46+00:00,622.0,0.04,0.03,0.04,-0.010000002,-20.000002,624.0,977.0,0.6679720703125002,False,REGULAR,USD,SPY,put,2026-09-18,0.00821917808219178,0.035,3.9101485421564405e-05,-0.000504938482944306,-21914.268076049193,757.3900146484375,-0.004586781374170235,2026-09-15
SPY260918P00623000,2026-09-15 19:42:05+00:00,623.0,0.04,0.03,0.04,0.0,0.0,3058.0,374.0,0.6640658593750002,False,REGULAR,USD,SPY,put,2026-09-18,0.00821917808219178,0.035,4.03385458806706e-05,-0.0005189217591966555,-8654.280976322407,757.3900146484375,-0.004586781374170235,2026-09-15
SPY260918P00624000,2026-09-15 19:55:40+00:00,624.0,0.03,0.03,0.04,-0.04,-57.142857,3823.0,1143.0,0.6601596484375001,False,REGULAR,USD,SPY,put,2026-09-18,0.00821917808219178,0.035,4.1619976403237874e-05,-0.0005333493502891473,-27288.97417323685,757.3900146484375,-0.004586781374170235,2026-09-15
SPY260918P00625000,2026-09-15 19:57:43+00:00,625.0,0.04,0.03,0.04,-0.010000002,-20.000002,2966.0,131663.0,0.6523472265625001,False,REGULAR,USD,SPY,put,2026-09-18,0.00821917808219178,0.035,4.057339405336458e-05,-0.0005122368613705852,-3064391.405482473,757.3900146484375,-0.004586781374170235,2026-09-15
SPY260918P00626000,2026-09-15 19:41:06+00:00,626.0,0.04,0.03,0.04,-0.02,-33.333336,1351.0,1943.0,0.648441015625,False,REGULAR,USD,SPY,put,2026-09-18,0.00821917808219178,0.035,4.187125429374903e-05,-0.0005265378776534435,-46668.93837357246,757.3900146484375,-0.004586781374170235,2026-09-15
SPY260918P00627000,2026-09-15 19:39:41+00:00,627.0,0.04,0.03,0.04,-0.010000002,-20.000002,1903.0,1856.0,0.6445348046875,False,REGULAR,USD,SPY,put,2026-09-18,0.00821917808219178,0.035,4.321641895282697e-05,-0.0005413000074516727,-46011.447816845895,757.3900146484375,-0.004586781374170235,2026-09-15
SPY260918P00628000,2026-09-14 18:19:25+00:00,628.0,0.05,0.03,0.04,0.0,0.0,505.0,1145.0,0.64062859375,False,REGULAR,USD,SPY,put,2026-09-18,0.00821917808219178,0.035,4.461089203196839e-05,-0.0005565410256819225,-29301.20928015864,757.3900146484375,-0.004586781374170235,2026-09-15
SPY260918P00629000,2026-09-15 20:11:49+00:00,629.0,0.04,0.03,0.04,-0.02,-33.333336,863.0,2492.0,0.632816171875,False,REGULAR,USD,SPY,put,2026-09-18,0.00821917808219178,0.035,4.3453687631781606e-05,-0.0005338187122485571,-62117.479644173654,757.3900146484375,-0.004586781374170235,2026-09-15
SPY260918P00630000,2026-09-15 19:36:19+00:00,630.0,0.05,0.04,0.05,-0.009999998,-16.666662,406.0,11915.0,0.6445348046875,False,REGULAR,USD,SPY,put,2026-09-18,0.00821917808219178,0.045,5.62524695885388e-05,-0.0007201667989290561,-384480.91807455453,757.3900146484375,-0.004586781374170235,2026-09-15
SPY260918P00631000,2026-09-15 17:38:16+00:00,631.0,0.04,0.04,0.05,-0.010000002,-20.000002,89.0,2998.0,0.64062859375,False,REGULAR,USD,SPY,put,2026-09-18,0.00821917808219178,0.045,5.809810440061346e-05,-0.0007409375366468351,-99915.47133306158,757.3900146484375,-0.004586781374170235,2026-09-15
SPY260918P00632000,2026-09-15 19:48:18+00:00,632.0,0.05,0.04,0.05,0.0,0.0,32.0,772.0,0.6347692773437501,False,REGULAR,USD,SPY,put,2026-09-18,0.00821917808219178,0.045,5.8395087811882697e-05,-0.0007376564404647512,-25860.252822486065,757.3900146484375,-0.004586781374170235,2026-09-15
SPY260918P00633000,2026-09-15 19:53:31+00:00,633.0,0.05,0.04,0.05,0.0,0.0,4307.0,918.0,0.6289099609375001,False,REGULAR,USD,SPY,put,2026-09-18,0.00821917808219178,0.045,5.868489701704947e-05,-0.0007342041462358173,-30903.5362683784,757.3900146484375,-0.004586781374170235,2026-09-15
SPY260918P00634000,2026-09-15 19:53:34+00:00,634.0,0.05,0.04,0.05,0.0,0.0,11440.0,861.0,0.6250037500000001,False,REGULAR,USD,SPY,put,2026-09-18,0.00821917808219178,0.045,6.063584666215152e-05,-0.0007556058020481426,-29948.270542421662,757.3900146484375,-0.004586781374170235,2026-09-15
SPY260918P00635000,2026-09-15 19:36:18+00:00,635.0,0.05,0.04,0.05,-0.009999998,-16.666662,111.0,8518.0,0.6191444335937502,False,REGULAR,USD,SPY,put,2026-09-18,0.00821917808219178,0.045,6.0936052239600335e-05,-0.0007519398913791164,-297749.5411598623,757.3900146484375,-0.004586781374170235,2026-09-15
SPY260918P00636000,2026-09-15 20:04:28+00:00,636.0,0.05,0.04,0.05,-0.02,-28.571428,5.0,680.0,0.6132851171875001,False,REGULAR,USD,SPY,put,2026-09-18,0.00821917808219178,0.045,6.122820098815485e-05,-0.0007480926936822563,-23883.587519659282,757.3900146484375,-0.004586781374170235,2026-09-15
SPY260918P00637000,2026-09-15 19:24:20+00:00,637.0,0.06,0.04,0.05,0.02,50.0,11.0,1137.0,0.6093789062500001,False,REGULAR,USD,SPY,put,2026-09-18,0.00821917808219178,0.045,6.329190628604704e-05,-0.0007701439922239706,-41280.770174020516,757.3900146484375,-0.004586781374170235,2026-09-15
SPY260918P00638000,2026-09-15 19:04:24+00:00,638.0,0.05,0.04,0.05,-0.02,-28.571428,18.0,2305.0,0.6054726953125001,False,REGULAR,USD,SPY,put,2026-09-18,0.00821917808219178,0.045,6.543594961256218e-05,-0.0007929603728569212,-86521.987942788,757.3900146484375,-0.004586781374170235,2026-09-15
SPY260918P00639000,2026-09-15 20:11:07+00:00,639.0,0.05,0.04,0.05,-0.009999998,-16.666662,15.0,1065.0,0.5996133789062501,False,REGULAR,USD,SPY,put,2026-09-18,0.00821917808219178,0.045,6.575891250421474e-05,-0.0007888360878289813,-40173.84322398173,757.3900146484375,-0.004586781374170235,2026-09-15
SPY260918P00640000,2026-09-15 20:01:28+00:00,640.0,0.05,0.05,0.06,-0.02,-28.571428,132.0,12441.0,0.6074258007812501,False,REGULAR,USD,SPY,put,2026-09-18,0.00821917808219178,0.055,8.037092352024687e-05,-0.0009951728026208473,-573579.2068120936,757.3900146484375,-0.004586781374170235,2026-09-15
SPY260918P00641000,2026-09-15 20:13:35+00:00,641.0,0.05,0.04,0.05,-0.009999998,-16.666662,8225.0,699.0,0.5898478515625001,False,REGULAR,USD,SPY,put,2026-09-18,0.00821917808219178,0.045,6.83440479120257e-05,-0.0008080372123637769,-27404.1934004166,757.3900146484375,-0.004586781374170235,2026-09-15
SPY260918P00642000,2026-09-15 18:45:13+00:00,642.0,0.06,0.05,0.06,0.0,0.0,269.0,1805.0,0.5976602734375001,False,REGULAR,USD,SPY,put,2026-09-18,0.00821917808219178,0.055,8.371671254492243e-05,-0.001022187518433082,-86681.91998452894,757.3900146484375,-0.004586781374170235,2026-09-15
SPY260918P00643000,2026-09-14 16:55:09+00:00,643.0,0.06,0.05,0.06,0.0,0.0,43.0,1309.0,0.5918009570312501,False,REGULAR,USD,SPY,put,2026-09-18,0.00821917808219178,0.055,8.428830793200705e-05,-0.0010187978760135552,-63291.60840529197,757.3900146484375,-0.004586781374170235,2026-09-15
SPY260918P00644000,2026-09-15 18:14:49+00:00,644.0,0.07,0.05,0.06,0.010000002,16.66667,252.0,390.0,0.585941640625,False,REGULAR,USD,SPY,put,2026-09-18,0.00821917808219178,0.055,8.485355387663098e-05,-0.0010151774791397061,-18983.391029431205,757.3900146484375,-0.004586781374170235,2026-09-15
SPY260918P00645000,2026-09-15 19:36:19+00:00,645.0,0.06,0.05,0.06,-0.02,-25.0,228.0,7247.0,0.5820354296875,False,REGULAR,USD,SPY,put,2026-09-18,0.00821917808219178,0.055,8.783869272784441e-05,-0.001046510196893502,-365160.0646363613,757.3900146484375,-0.004586781374170235,2026-09-15
SPY260918P00646000,2026-09-15 17:27:37+00:00,646.0,0.07,0.05,0.06,0.010000002,16.66667,520.0,658.0,0.57617611328125,False,REGULAR,USD,SPY,put,2026-09-18,0.00821917808219178,0.055,8.843303156729995e-05,-0.0010426670989064357,-33379.479261874796,757.3900146484375,-0.004586781374170235,2026-09-15
SPY260918P00647000,2026-09-15 20:05:51+00:00,647.0,0.06,0.05,0.06,0.0,0.0,98.0,1476.0,0.570316796875,False,REGULAR,USD,SPY,put,2026-09-18,0.00821917808219178,0.055,8.902011630011571e-05,-0.0010385777819181818,-75372.6292311547,757.3900146484375,-0.004586781374170235,2026-09-15
SPY260918P00648000,2026-09-15 18:03:57+00:00,648.0,0.07,0.05,0.06,0.0,0.0,132.0,910.0,0.5664105859375,False,REGULAR,USD,SPY,put,2026-09-18,0.00821917808219178,0.055,9.220463100095526e-05,-0.0010710973581903316,-48131.93003451101,757.3900146484375,-0.004586781374170235,2026-09-15
SPY260918P00649000,2026-09-15 18:07:48+00:00,649.0,0.07,0.05,0.06,-0.009999998,-12.499997,5451.0,2474.0,0.56055126953125,False,REGULAR,USD,SPY,put,2026-09-18,0.00821917808219178,0.055,9.282277399813171e-05,-0.0010667642947517209,-131732.6379496043,757.3900146484375,-0.004586781374170235,2026-09-15
SPY260918P00650000,2026-09-15 20:13:37+00:00,650.0,0.06,0.05,0.06,-0.030000005,-33.333336,7116.0,81578.0,0.5566450585937501,False,REGULAR,USD,SPY,put,2026-09-18,0.00821917808219178,0.055,9.618224321462359e-05,-0.0011005209990501141,-4500980.233906117,757.3900146484375,-0.004586781374170235,2026-09-15
SPY260918P00651000,2026-09-15 20:12:59+00:00,651.0,0.06,0.05,0.06,-0.010000002,-14.285716,983.0,6490.0,0.5507857421875001,False,REGULAR,USD,SPY,put,2026-09-18,0.00821917808219178,0.055,9.683400920453762e-05,-0.0010959338058121881,-360505.3883182185,757.3900146484375,-0.004586781374170235,2026-09-15
SPY260918P00652000,2026-09-15 20:13:30+00:00,652.0,0.06,0.05,0.07,-0.010000002,-14.285716,519.0,805.0,0.5507857421875001,False,REGULAR,USD,SPY,put,2026-09-18,0.00821917808219178,0.060000000000000005,0.00010634375264381947,-0.00121395721865325,-49107.408057307715,757.3900146484375,-0.004586781374170235,2026-09-15
SPY260918P00653000,2026-09-15 19:00:28+00:00,653.0,0.07,0.06,0.07,-0.020000003,-22.222223,76.0,567.0,0.5507857421875001,False,REGULAR,USD,SPY,put,2026-09-18,0.00821917808219178,0.065,0.00011666062119798128,-0.0013433012797712252,-37944.295497335195,757.3900146484375,-0.004586781374170235,2026-09-15
SPY260918P00654000,2026-09-14 20:14:40+00:00,654.0,0.09,0.06,0.07,0.0,0.0,6.0,577.0,0.5449264257812501,False,REGULAR,USD,SPY,put,2026-09-18,0.00821917808219178,0.065,0.00011764450920721357,-0.0013399295462358518,-38939.16421818391,757.3900146484375,-0.004586781374170235,2026-09-15
SPY260918P00655000,2026-09-15 20:05:54+00:00,655.0,0.07,0.06,0.07,-0.020000003,-22.222223,875.0,31766.0,0.5410202148437502,False,REGULAR,USD,SPY,put,2026-09-18,0.00821917808219178,0.065,0.00012203685425452044,-0.0013838410638866705,-2223784.4349316247,757.3900146484375,-0.004586781374170235,2026-09-15
SPY260918P00656000,2026-09-15 20:05:45+00:00,656.0,0.07,0.06,0.07,-0.009999998,-12.499997,551.0,2644.0,0.5351608984375,False,REGULAR,USD,SPY,put,2026-09-18,0.00821917808219178,0.065,0.00012308322157150852,-0.001380283093110557,-186680.71516968493,757.3900146484375,-0.004586781374170235,2026-09-15
SPY260918P00657000,2026-09-15 19:41:44+00:00,657.0,0.08,0.06,0.07,-0.010000005,-11.111116,235.0,818.0,0.5312546875,False,REGULAR,USD,SPY,put,2026-09-18,0.00821917808219178,0.065,0.00012773897186362732,-0.001426070280566405,-59939.880151337464,757.3900146484375,-0.004586781374170235,2026-09-15
SPY260918P00658000,2026-09-15 18:43:54+00:00,658.0,0.08,0.06,0.07,0.0,0.0,32.0,1165.0,0.52539537109375,False,REGULAR,USD,SPY,put,2026-09-18,0.00821917808219178,0.065,0.00012885361976012477,-0.0014223229044943997,-86111.60796317786,757.3900146484375,-0.004586781374170235,2026-09-15
SPY260918P00659000,2026-09-14 19:59:12+00:00,659.0,0.1,0.06,0.07,0.0,0.0,22.0,811.0,0.5195360546875,False,REGULAR,USD,SPY,put,2026-09-18,0.00821917808219178,0.065,0.00012996568193608424,-0.0014182451540102337,-60462.86113358088,757.3900146484375,-0.004586781374170235,2026-09-15
SPY260918P00660000,2026-09-15 20:11:24+00:00,660.0,0.07,0.06,0.07,-0.020000003,-22.222223,63.0,87202.0,0.51562984375,False,REGULAR,USD,SPY,put,2026-09-18,0.00821917808219178,0.065,0.0001349831661981078,-0.0014661635789043892,-6752198.588304371,757.3900146484375,-0.004586781374170235,2026-09-15
SPY260918P00661000,2026-09-14 15:33:45+00:00,661.0,0.09,0.07,0.08,0.0,0.0,5.0,628.0,0.5185595019531251,False,REGULAR,USD,SPY,put,2026-09-18,0.00821917808219178,0.07500000000000001,0.00015498094699898605,-0.001716761214136997,-55831.21824020367,757.3900146484375,-0.004586781374170235,2026-09-15
SPY260918P00662000,2026-09-15 18:49:15+00:00,662.0,0.09,0.07,0.08,-0.019999996,-18.181814,3.0,1368.0,0.5136767382812499,False,REGULAR,USD,SPY,put,2026-09-18,0.00821917808219178,0.07500000000000001,0.00015880099660642546,-0.0017450763478725762,-124617.33840551169,757.3900146484375,-0.004586781374170235,2026-09-15
SPY260918P00663000,2026-09-15 18:09:04+00:00,663.0,0.09,0.07,0.08,0.0,0.0,2.0,1220.0,0.507817421875,False,REGULAR,USD,SPY,put,2026-09-18,0.00821917808219178,0.07500000000000001,0.00016045435687293355,-0.0017429405446436341,-112292.43388796429,757.3900146484375,-0.004586781374170235,2026-09-15
SPY260918P00664000,2026-09-15 16:24:27+00:00,664.0,0.09,0.07,0.08,-0.029999994,-24.999994,9.0,1068.0,0.5029346582031251,False,REGULAR,USD,SPY,put,2026-09-18,0.00821917808219178,0.07500000000000001,0.00016446007843059696,-0.0017719043383914723,-100755.99495482868,757.3900146484375,-0.004586781374170235,2026-09-15
SPY260918P00665000,2026-09-15 18:11:55+00:00,665.0,0.1,0.07,0.08,-0.009999998,-9.090907,43.0,14403.0,0.5019581054687501,False,REGULAR,USD,SPY,put,2026-09-18,0.00821917808219178,0.07500000000000001,0.00017846322837187638,-0.0019344059875110453,-1474486.6879683796,757.3900146484375,-0.004586781374170235,2026-09-15
SPY260918P00666000,2026-09-14 20:14:54+00:00,666.0,0.11,0.07,0.08,0.0,0.0,9.0,1256.0,0.49609878906250005,False,REGULAR,USD,SPY,put,2026-09-18,0.00821917808219178,0.07500000000000001,0.00018048049601108253,-0.0019333385265282166,-130034.64175452331,757.3900146484375,-0.004586781374170235,2026-09-15
SPY260918P00667000,2026-09-15 17:37:01+00:00,667.0,0.09,0.07,0.08,-0.029999994,-24.999994,3.0,1311.0,0.49121602539062503,False,REGULAR,USD,SPY,put,2026-09-18,0.00821917808219178,0.07500000000000001,0.00018514837150801445,-0.0019669245856583917,-139239.27024275032,757.3900146484375,-0.004586781374170235,2026-09-15
SPY260918P00668000,2026-09-14 20:04:45+00:00,668.0,0.11,0.07,0.08,0.0,0.0,263.0,1640.0,0.48633326171875,False,REGULAR,USD,SPY,put,2026-09-18,0.00821917808219178,0.07500000000000001,0.0001899793658215796,-0.002001378531070075,-178726.69804909916,757.3900146484375,-0.004586781374170235,2026-09-15
SPY260918P00669000,2026-09-15 20:11:25+00:00,669.0,0.08,0.08,0.09,-0.030000001,-27.272728,103.0,1571.0,0.48828636718750007,False,REGULAR,USD,SPY,put,2026-09-18,0.00821917808219178,0.08499999999999999,0.00021524155851612495,-0.0023069833635505077,-193973.08067921054,757.3900146484375,-0.004586781374170235,2026-09-15
SPY260918P00670000,2026-09-15 20:01:28+00:00,670.0,0.09,0.08,0.09,-0.019999996,-18.181814,278.0,62125.0,0.48242705078125003,False,REGULAR,USD,SPY,put,2026-09-18,0.00821917808219178,0.08499999999999999,0.00021802830529557047,-0.0023090009651092203,-7769953.703159365,757.3900146484375,-0.004586781374170235,2026-09-15
SPY260918P00671000,2026-09-15 20:07:50+00:00,671.0,0.09,0.08,0.09,-0.019999996,-18.181814,3.0,4062.0,0.477544287109375,False,REGULAR,USD,SPY,put,2026-09-18,0.00821917808219178,0.08499999999999999,0.00022398564487642066,-0.0023522036288923243,-521914.3703433285,757.3900146484375,-0.004586781374170235,2026-09-15
SPY260918P00672000,2026-09-11 19:37:51+00:00,672.0,0.14,0.08,0.09,0.0,0.0,10.0,1224.0,0.471684970703125,False,REGULAR,USD,SPY,put,2026-09-18,0.00821917808219178,0.08499999999999999,0.00022692629588829045,-0.0023540173245870655,-159332.87487795812,757.3900146484375,-0.004586781374170235,2026-09-15
SPY260918P00673000,2026-09-15 19:26:47+00:00,673.0,0.1,0.08,0.09,-0.009999998,-9.090907,15.0,1076.0,0.46680220703125,False,REGULAR,USD,SPY,put,2026-09-18,0.00821917808219178,0.08499999999999999,0.00023322916590019785,-0.0023986249291281236,-143957.49493342964,757.3900146484375,-0.004586781374170235,2026-09-15
SPY260918P00674000,2026-09-15 19:11:44+00:00,674.0,0.1,0.08,0.09,-0.04,-28.571428,253.0,3116.0,0.46191944335937507,False,REGULAR,USD,SPY,put,2026-09-18,0.00821917808219178,0.08499999999999999,0.00023977175747452113,-0.002444527048222289,-428582.6894710449,757.3900146484375,-0.004586781374170235,2026-09-15
SPY260918P00675000,2026-09-15 20:00:57+00:00,675.0,0.1,0.09,0.1,-0.019999996,-16.666662,211.0,21535.0,0.46191944335937507,False,REGULAR,USD,SPY,put,2026-09-18,0.00821917808219178,0.095,0.00026472545741524554,-0.002727573218213708,-3270240.8089525662,757.3900146484375,-0.004586781374170235,2026-09-15
SPY260918P00676000,2026-09-15 18:16:58+00:00,676.0,0.11,0.09,0.1,0.0,0.0,22.0,1218.0,0.45703667968750006,False,REGULAR,USD,SPY,put,2026-09-18,0.00821917808219178,0.095,0.00027241330520250123,-0.0027825187949042096,-190333.28976413063,757.3900146484375,-0.004586781374170235,2026-09-15
SPY260918P00677000,2026-09-15 19:48:00+00:00,677.0,0.12,0.09,0.1,-0.020000003,-14.285716,1.0,1815.0,0.45215391601562505,False,REGULAR,USD,SPY,put,2026-09-18,0.00821917808219178,0.095,0.0002804081355623834,-0.0028391741223967593,-291948.5949093154,757.3900146484375,-0.004586781374170235,2026-09-15
SPY260918P00678000,2026-09-14 14:11:12+00:00,678.0,0.13,0.09,0.1,0.0,0.0,22.0,1104.0,0.446294599609375,False,REGULAR,USD,SPY,put,2026-09-18,0.00821917808219178,0.095,0.00028464243992226777,-0.0028453007366294747,-180263.5323947631,757.3900146484375,-0.004586781374170235,2026-09-15
SPY260918P00679000,2026-09-15 17:17:06+00:00,679.0,0.12,0.09,0.1,0.0,0.0,55.0,1012.0,0.4414118359375,False,REGULAR,USD,SPY,put,2026-09-18,0.00821917808219178,0.095,0.0002931558495822711,-0.0029041778708540633,-170183.80411623133,757.3900146484375,-0.004586781374170235,2026-09-15
SPY260918P00680000,2026-09-15 19:41:47+00:00,680.0,0.12,0.09,0.1,-0.009999998,-7.692306,2682.0,29379.0,0.43555251953125,False,REGULAR,USD,SPY,put,2026-09-18,0.00821917808219178,0.095,0.000297670991954277,-0.002910374212104605,-5016636.96805818,757.3900146484375,-0.004586781374170235,2026-09-15
SPY260918P00681000,2026-09-14 18:29:02+00:00,681.0,0.13,0.1,0.11,0.0,0.0,6.0,1272.0,0.43555251953125,False,REGULAR,USD,SPY,put,2026-09-18,0.00821917808219178,0.10500000000000001,0.0003296147025284032,-0.0032591940663819763,-240509.8330315284,757.3900146484375,-0.004586781374170235,2026-09-15
SPY260918P00682000,2026-09-15 19:44:24+00:00,682.0,0.12,0.1,0.11,-0.030000009,-20.000006,22.0,989.0,0.43066975585937506,False,REGULAR,USD,SPY,put,2026-09-18,0.00821917808219178,0.10500000000000001,0.00033992107558027503,-0.00333069746328285,-192847.28726673347,757.3900146484375,-0.004586781374170235,2026-09-15
SPY260918P00683000,2026-09-15 19:20:40+00:00,683.0,0.11,0.1,0.11,-0.019999996,-15.384612,165.0,753.0,0.42578699218750005,False,REGULAR,USD,SPY,put,2026-09-18,0.00821917808219178,0.10500000000000001,0.0003506753334092387,-0.0034046738786174258,-151474.4363183621,757.3900146484375,-0.004586781374170235,2026-09-15
SPY260918P00684000,2026-09-15 19:19:05+00:00,684.0,0.12,0.1,0.11,-0.04,-25.0,33.0,739.0,0.41992767578125,False,REGULAR,USD,SPY,put,2026-09-18,0.00821917808219178,0.10500000000000001,0.0003567318403714925,-0.0034170741656963655,-151225.65109055158,757.3900146484375,-0.004586781374170235,2026-09-15
SPY260918P00685000,2026-09-15 19:40:09+00:00,685.0,0.14,0.1,0.11,0.0,0.0,101.0,13749.0,0.415044912109375,False,REGULAR,USD,SPY,put,2026-09-18,0.00821917808219178,0.10500000000000001,0.00036826533302738323,-0.00349448374755823,-2904498.1240980956,757.3900146484375,-0.004586781374170235,2026-09-15
SPY260918P00686000,2026-09-15 19:57:27+00:00,686.0,0.13,0.1,0.11,0.0,0.0,10.0,1031.0,0.40918559570312496,False,REGULAR,USD,SPY,put,2026-09-18,0.00821917808219178,0.10500000000000001,0.0003747839961179619,-0.003507458169643707,-221655.67405912443,757.3900146484375,-0.004586781374170235,2026-09-15
SPY260918P00687000,2026-09-15 17:30:27+00:00,687.0,0.15,0.11,0.12,-0.00999999,-6.2499943,76.0,1109.0,0.40918559570312496,False,REGULAR,USD,SPY,put,2026-09-18,0.00821917808219178,0.11499999999999999,0.0004163171681567967,-0.003943509322309358,-264846.975151548,757.3900146484375,-0.004586781374170235,2026-09-15
SPY260918P00688000,2026-09-15 17:21:18+00:00,688.0,0.15,0.11,0.12,-0.00999999,-6.2499943,70.0,1957.0,0.40332627929687503,False,REGULAR,USD,SPY,put,2026-09-18,0.00821917808219178,0.11499999999999999,0.00042429541239850927,-0.003963635607342364,-476319.44579414814,757.3900146484375,-0.004586781374170235,2026-09-15
SPY260918P00689000,2026-09-15 18:26:08+00:00,689.0,0.15,0.11,0.12,-0.00999999,-6.2499943,20.0,814.0,0.398443515625,False,REGULAR,USD,SPY,put,2026-09-18,0.00821917808219178,0.11499999999999999,0.00043883604281485497,-0.004060034948207392,-204911.2701501576,757.3900146484375,-0.004586781374170235,2026-09-15
SPY260918P00690000,2026-09-15 20:12:52+00:00,690.0,0.11,0.11,0.12,-0.060000002,-35.294117,528.0,21963.0,0.39258419921875,False,REGULAR,USD,SPY,put,2026-09-18,0.00821917808219178,0.11499999999999999,0.0004474853034438201,-0.004081424251550336,-5637799.001665073,757.3900146484375,-0.004586781374170235,2026-09-15
SPY260918P00691000,2026-09-15 19:35:23+00:00,691.0,0.15,0.12,0.13,-0.00999999,-6.2499943,10.0,442.0,0.39160764648437496,False,REGULAR,USD,SPY,put,2026-09-18,0.00821917808219178,0.125,0.0004908978619769071,-0.0045142259088019054,-124466.52374785158,757.3900146484375,-0.004586781374170235,2026-09-15
SPY260918P00692000,2026-09-15 19:00:36+00:00,692.0,0.15,0.12,0.13,-0.019999996,-11.764703,36.0,2365.0,0.38623660644531244,False,REGULAR,USD,SPY,put,2026-09-18,0.00821917808219178,0.125,0.0005048906965187955,-0.004587094545805526,-684963.8688091525,757.3900146484375,-0.004586781374170235,2026-09-15
SPY260918P00693000,2026-09-15 18:33:09+00:00,693.0,0.16,0.12,0.13,0.0,0.0,58.0,1321.0,0.38086556640624997,False,REGULAR,USD,SPY,put,2026-09-18,0.00821917808219178,0.125,0.0005194850447985212,-0.004662196340099234,-393654.3158854405,757.3900146484375,-0.004586781374170235,2026-09-15
SPY260918P00694000,2026-09-15 14:51:58+00:00,694.0,0.17,0.12,0.13,0.0,0.0,4.0,1047.0,0.3754945263671875,False,REGULAR,USD,SPY,put,2026-09-18,0.00821917808219178,0.125,0.0005347174467803685,-0.004739649953894087,-321151.671288223,757.3900146484375,-0.004586781374170235,2026-09-15
SPY260918P00695000,2026-09-15 19:47:40+00:00,695.0,0.16,0.13,0.14,-0.010000005,-5.8823557,201.0,8914.0,0.37402969726562496,False,REGULAR,USD,SPY,put,2026-09-18,0.00821917808219178,0.135,0.0005836304624004836,-0.005206102893631548,-2984349.83851186,757.3900146484375,-0.004586781374170235,2026-09-15
SPY260918P00696000,2026-09-15 19:03:42+00:00,696.0,0.16,0.13,0.14,-0.02000001,-11.111116,356.0,1131.0,0.36817038085937503,False,REGULAR,USD,SPY,put,2026-09-18,0.00821917808219178,0.135,0.000597247671702204,-0.005248844637825156,-387486.1825880698,757.3900146484375,-0.004586781374170235,2026-09-15
SPY260918P00697000,2026-09-15 19:52:47+00:00,697.0,0.16,0.13,0.14,-0.040000007,-20.000002,158.0,865.0,0.3632876171875,False,REGULAR,USD,SPY,put,2026-09-18,0.00821917808219178,0.135,0.0006203699777397148,-0.00539626980209118,-307826.5181887157,757.3900146484375,-0.004586781374170235,2026-09-15
SPY260918P00698000,2026-09-15 19:54:01+00:00,698.0,0.17,0.14,0.15,-0.010000005,-5.555558,14.0,2495.0,0.36133451171875,False,REGULAR,USD,SPY,put,2026-09-18,0.00821917808219178,0.14500000000000002,0.000673271240855055,-0.005881391293732108,-963606.5956118499,757.3900146484375,-0.004586781374170235,2026-09-15
SPY260918P00699000,2026-09-15 19:59:40+00:00,699.0,0.17,0.14,0.15,-0.030000001,-15.0,28.0,1784.0,0.35547519531249994,False,REGULAR,USD,SPY,put,2026-09-18,0.00821917808219178,0.14500000000000002,0.0006903125494843128,-0.005939020173477139,-706447.298961616,757.3900146484375,-0.004586781374170235,2026-09-15
SPY260918P00700000,2026-09-15 20:14:28+00:00,700.0,0.15,0.14,0.15,-0.059999987,-28.571423,2123.0,44975.0,0.3501041552734374,False,REGULAR,USD,SPY,put,2026-09-18,0.00821917808219178,0.14500000000000002,0.0007132235441318221,-0.006056916776352339,-18400769.853673324,757.3900146484375,-0.004586781374170235,2026-09-15
SPY260918P00701000,2026-09-15 20:10:56+00:00,701.0,0.15,0.15,0.16,-0.03999999,-21.052628,166.0,2238.0,0.34766277343749996,False,REGULAR,USD,SPY,put,2026-09-18,0.00821917808219178,0.155,0.0007699997709051101,-0.0065522905487346295,-988529.9420718586,757.3900146484375,-0.004586781374170235,2026-09-15
SPY260918P00702000,2026-09-15 19:20:44+00:00,702.0,0.17,0.15,0.16,0.0,0.0,166.0,744.0,0.34229173339843744,False,REGULAR,USD,SPY,put,2026-09-18,0.00821917808219178,0.155,0.0007967453479727397,-0.0066914157653101825,-340041.26426430815,757.3900146484375,-0.004586781374170235,2026-09-15
SPY260918P00703000,2026-09-15 19:25:46+00:00,703.0,0.18,0.15,0.16,0.0,0.0,11.0,652.0,0.336920693359375,False,REGULAR,USD,SPY,put,2026-09-18,0.00821917808219178,0.155,0.0008249119136156819,-0.006836291432095409,-308527.8138276209,757.3900146484375,-0.004586781374170235,2026-09-15
SPY260918P00704000,2026-09-15 20:04:34+00:00,704.0,0.18,0.16,0.17,-0.029999986,-14.285707,28.0,1715.0,0.33399103515625,False,REGULAR,USD,SPY,put,2026-09-18,0.00821917808219178,0.165,0.00088604125997116,-0.007340184012354034,-871680.2791344618,757.3900146484375,-0.004586781374170235,2026-09-15
SPY260918P00705000,2026-09-15 20:13:05+00:00,705.0,0.17,0.16,0.17,-0.03999999,-19.047615,208.0,10439.0,0.3286199951171874,False,REGULAR,USD,SPY,put,2026-09-18,0.00821917808219178,0.165,0.0009188097837646731,-0.007509572713001789,-5502038.929361986,757.3900146484375,-0.004586781374170235,2026-09-15
SPY260918P00706000,2026-09-15 20:01:23+00:00,706.0,0.19,0.17,0.18,-0.060000002,-24.0,200.0,974.0,0.32569033691406246,False,REGULAR,USD,SPY,put,2026-09-18,0.00821917808219178,0.175,0.0009881933169081049,-0.008074707496193545,-552128.3147422855,757.3900146484375,-0.004586781374170235,2026-09-15
SPY260918P00707000,2026-09-14 20:08:58+00:00,707.0,0.25,0.17,0.18,0.0,0.0,132.0,1854.0,0.32031929687499994,False,REGULAR,USD,SPY,put,2026-09-18,0.00821917808219178,0.175,0.0010264565515556315,-0.008273428027123386,-1091665.1622123497,757.3900146484375,-0.004586781374170235,2026-09-15
SPY260918P00708000,2026-09-15 18:00:13+00:00,708.0,0.24,0.18,0.19,-0.010000005,-4.000002,14.0,1241.0,0.317389638671875,False,REGULAR,USD,SPY,put,2026-09-18,0.00821917808219178,0.185,0.001105474763033508,-0.008909472603744195,-786972.8762290052,757.3900146484375,-0.004586781374170235,2026-09-15
SPY260918P00709000,2026-09-15 19:46:30+00:00,709.0,0.23,0.18,0.19,-0.040000007,-14.8148155,600.0,8457.0,0.31153032226562494,False,REGULAR,USD,SPY,put,2026-09-18,0.00821917808219178,0.185,0.001142228784795652,-0.009053763464830888,-5541260.679067659,757.3900146484375,-0.004586781374170235,2026-09-15
SPY260918P00710000,2026-09-15 20:10:43+00:00,710.0,0.19,0.19,0.2,-0.060000002,-24.0,511.0,58216.0,0.30811238769531246,False,REGULAR,USD,SPY,put,2026-09-18,0.00821917808219178,0.195,0.0012235259926936931,-0.009671321132760036,-40859656.58218763,757.3900146484375,-0.004586781374170235,2026-09-15
SPY260918P00711000,2026-09-15 20:05:04+00:00,711.0,0.21,0.19,0.2,-0.060000017,-22.222229,52.0,2607.0,0.30274134765625,False,REGULAR,USD,SPY,put,2026-09-18,0.00821917808219178,0.195,0.0012754591187055888,-0.009940563017024506,-1907421.7235699622,757.3900146484375,-0.004586781374170235,2026-09-15
SPY260918P00712000,2026-09-15 19:46:08+00:00,712.0,0.26,0.2,0.21,-0.04000002,-13.333339,406.0,2536.0,0.29932341308593746,False,REGULAR,USD,SPY,put,2026-09-18,0.00821917808219178,0.20500000000000002,0.0013685449725960443,-0.01063747977123286,-1990890.9529238371,757.3900146484375,-0.004586781374170235,2026-09-15
SPY260918P00713000,2026-09-15 19:47:06+00:00,713.0,0.26,0.21,0.22,-0.01000002,-3.703711,314.0,1327.0,0.295905478515625,False,REGULAR,USD,SPY,put,2026-09-18,0.00821917808219178,0.215,0.001469373495232206,-0.011391860139625454,-1118516.1903808026,757.3900146484375,-0.004586781374170235,2026-09-15
SPY260918P00714000,2026-09-15 18:48:42+00:00,714.0,0.28,0.21,0.22,-0.03999999,-12.499997,100.0,1814.0,0.29004616210937495,False,REGULAR,USD,SPY,put,2026-09-18,0.00821917808219178,0.215,0.0015260010014013638,-0.011627932778260353,-1587929.6266529502,757.3900146484375,-0.004586781374170235,2026-09-15
SPY260918P00715000,2026-09-15 20:03:02+00:00,715.0,0.24,0.22,0.23,-0.09000002,-27.272732,4982.0,39134.0,0.28613995117187496,False,REGULAR,USD,SPY,put,2026-09-18,0.00821917808219178,0.225,0.0016304874522475035,-0.012356023266059557,-36602508.64525251,757.3900146484375,-0.004586781374170235,2026-09-15
SPY260918P00716000,2026-09-15 19:40:29+00:00,716.0,0.29,0.23,0.24,-0.04000002,-12.121218,288.0,1898.0,0.282233740234375,False,REGULAR,USD,SPY,put,2026-09-18,0.00821917808219178,0.235,0.0017436905685997359,-0.013142340968054556,-1898474.53812135,757.3900146484375,-0.004586781374170235,2026-09-15
SPY260918P00717000,2026-09-15 20:13:42+00:00,717.0,0.25,0.24,0.25,-0.099999994,-28.571426,803.0,2205.0,0.278327529296875,False,REGULAR,USD,SPY,put,2026-09-18,0.00821917808219178,0.245,0.001866458175377742,-0.013992509616393645,-2360837.019233042,757.3900146484375,-0.004586781374170235,2026-09-15
SPY260918P00718000,2026-09-15 19:58:02+00:00,718.0,0.29,0.25,0.26,0.0,0.0,151.0,2602.0,0.274421318359375,False,REGULAR,USD,SPY,put,2026-09-18,0.00821917808219178,0.255,0.001999730580014713,-0.01491278198999657,-2984818.517788068,757.3900146484375,-0.004586781374170235,2026-09-15
SPY260918P00719000,2026-09-15 19:38:57+00:00,719.0,0.3,0.26,0.27,-0.03999999,-11.764703,193.0,4992.0,0.27027096923828126,False,REGULAR,USD,SPY,put,2026-09-18,0.00821917808219178,0.265,0.0021376699608419273,-0.015833914452726527,-6121451.055124888,757.3900146484375,-0.004586781374170235,2026-09-15
SPY260918P00720000,2026-09-15 20:06:56+00:00,720.0,0.28,0.27,0.28,-0.099999994,-26.315786,2117.0,40233.0,0.26587648193359376,False,REGULAR,USD,SPY,put,2026-09-18,0.00821917808219178,0.275,0.002280294406304036,-0.016750419260775473,-52627469.64124241,757.3900146484375,-0.004586781374170235,2026-09-15
SPY260918P00721000,2026-09-15 20:14:03+00:00,721.0,0.3,0.29,0.3,-0.060000002,-16.666666,150.0,2959.0,0.26319096191406255,False,REGULAR,USD,SPY,put,2026-09-18,0.00821917808219178,0.295,0.002488917609815228,-0.018339906794916927,-4224687.949124495,757.3900146484375,-0.004586781374170235,2026-09-15
SPY260918P00722000,2026-09-15 19:58:19+00:00,722.0,0.35,0.3,0.31,0.0,0.0,757.0,3254.0,0.2585523364257813,False,REGULAR,USD,SPY,put,2026-09-18,0.00821917808219178,0.305,0.0026524832792942624,-0.019355745210874353,-4951187.277603708,757.3900146484375,-0.004586781374170235,2026-09-15
SPY260918P00723000,2026-09-15 20:14:43+00:00,723.0,0.33,0.32,0.33,-0.099999994,-23.255812,227.0,4466.0,0.2553785400390626,False,REGULAR,USD,SPY,put,2026-09-18,0.00821917808219178,0.325,0.0028815456697341337,-0.021033270503526658,-7382158.6794402,757.3900146484375,-0.004586781374170235,2026-09-15
SPY260918P00724000,2026-09-15 20:13:46+00:00,724.0,0.33,0.34,0.35,-0.13,-28.26087,206.0,5453.0,0.25196060546875,False,REGULAR,USD,SPY,put,2026-09-18,0.00821917808219178,0.345,0.003123107110220921,-0.022770790591448042,-9769256.826075539,757.3900146484375,-0.004586781374170235,2026-09-15
SPY260918P00725000,2026-09-15 20:14:45+00:00,725.0,0.35,0.35,0.36,-0.14000002,-28.571432,1429.0,26574.0,0.247077841796875,False,REGULAR,USD,SPY,put,2026-09-18,0.00821917808219178,0.355,0.003330870140114657,-0.02401696420989874,-50775450.135110445,757.3900146484375,-0.004586781374170235,2026-09-15
SPY260918P00726000,2026-09-15 20:14:41+00:00,726.0,0.38,0.38,0.39,-0.08000001,-17.391306,347.0,13182.0,0.24463645996093752,False,REGULAR,USD,SPY,put,2026-09-18,0.00821917808219178,0.385,0.003656684718891906,-0.02653025733102865,-27650817.412970662,757.3900146484375,-0.004586781374170235,2026-09-15
SPY260918P00727000,2026-09-15 20:13:07+00:00,727.0,0.39,0.4,0.41,-0.13,-25.0,420.0,2699.0,0.24073024902343748,False,REGULAR,USD,SPY,put,2026-09-18,0.00821917808219178,0.405,0.0039515751813229295,-0.028560056540797518,-6118039.602934683,757.3900146484375,-0.004586781374170235,2026-09-15
SPY260918P00728000,2026-09-15 20:01:52+00:00,728.0,0.46,0.43,0.44,-0.03999999,-7.999998,736.0,18409.0,0.23780059082031246,False,REGULAR,USD,SPY,put,2026-09-18,0.00821917808219178,0.435,0.00431782181414329,-0.03131552695006867,-45596768.42913037,757.3900146484375,-0.004586781374170235,2026-09-15
SPY260918P00729000,2026-09-15 19:56:55+00:00,729.0,0.52,0.45,0.46,-0.02000004,-3.703711,2020.0,9148.0,0.233406103515625,False,REGULAR,USD,SPY,put,2026-09-18,0.00821917808219178,0.455,0.004651587542478069,-0.033506800217355304,-24409928.36713641,757.3900146484375,-0.004586781374170235,2026-09-15
SPY260918P00730000,2026-09-15 20:14:21+00:00,730.0,0.48,0.49,0.5,-0.14000002,-22.580648,9085.0,79312.0,0.2309647216796875,False,REGULAR,USD,SPY,put,2026-09-18,0.00821917808219178,0.495,0.005111554952277382,-0.03710998741423055,-232557894.00459787,757.3900146484375,-0.004586781374170235,2026-09-15
SPY260918P00731000,2026-09-15 20:01:49+00:00,731.0,0.55,0.52,0.53,-0.089999974,-14.062496,18600.0,22240.0,0.22730264892578123,False,REGULAR,USD,SPY,put,2026-09-18,0.00821917808219178,0.525,0.005554494193860949,-0.04029673326605565,-70862823.12093514,757.3900146484375,-0.004586781374170235,2026-09-15
SPY260918P00732000,2026-09-15 19:59:24+00:00,732.0,0.61,0.56,0.57,-0.03999996,-6.1538405,4481.0,25415.0,0.22425092163085933,False,REGULAR,USD,SPY,put,2026-09-18,0.00821917808219178,0.565,0.006071444872101537,-0.04423628783874245,-88515906.28863434,757.3900146484375,-0.004586781374170235,2026-09-15
SPY260918P00733000,2026-09-15 20:00:09+00:00,733.0,0.65,0.6,0.61,-0.04000002,-5.7971044,2318.0,24898.0,0.22083298706054685,False,REGULAR,USD,SPY,put,2026-09-18,0.00821917808219178,0.605,0.0066183471066933895,-0.04831905227961519,-94526407.63324197,757.3900146484375,-0.004586781374170235,2026-09-15
SPY260918P00734000,2026-09-15 20:13:05+00:00,734.0,0.65,0.65,0.66,-0.120000005,-15.584416,1816.0,17782.0,0.2180253979492187,False,REGULAR,USD,SPY,put,2026-09-18,0.00821917808219178,0.655,0.007249761555629545,-0.05331359189002405,-73950902.59048387,757.3900146484375,-0.004586781374170235,2026-09-15
SPY260918P00735000,2026-09-15 20:14:07+00:00,735.0,0.69,0.7,0.71,-0.120000005,-14.814815,10137.0,41752.0,0.2148516015625,False,REGULAR,USD,SPY,put,2026-09-18,0.00821917808219178,0.705,0.007919655514533708,-0.05853524022762313,-189680517.29155922,757.3900146484375,-0.004586781374170235,2026-09-15
SPY260918P00736000,2026-09-15 20:12:02+00:00,736.0,0.76,0.76,0.77,-0.060000002,-7.3170733,1245.0,20704.0,0.21204401245117185,False,REGULAR,USD,SPY,put,2026-09-18,0.00821917808219178,0.765,0.008670807366150798,-0.06463867154721958,-102980014.14183342,757.3900146484375,-0.004586781374170235,2026-09-15
SPY260918P00737000,2026-09-15 20:14:11+00:00,737.0,0.82,0.82,0.83,-0.100000024,-10.869567,3322.0,7012.0,0.20887021606445308,False,REGULAR,USD,SPY,put,2026-09-18,0.00821917808219178,0.825,0.009469619734521312,-0.07105003995214065,-38090230.19999397,757.3900146484375,-0.004586781374170235,2026-09-15
SPY260918P00738000,2026-09-15 20:11:30+00:00,738.0,0.89,0.89,0.9,-0.06999999,-7.291666,1580.0,4435.0,0.20606262695312497,False,REGULAR,USD,SPY,put,2026-09-18,0.00821917808219178,0.895,0.010358317777479595,-0.07850796439639118,-26352511.092347283,757.3900146484375,-0.004586781374170235,2026-09-15
SPY260918P00739000,2026-09-15 20:12:49+00:00,739.0,0.96,0.97,0.98,-0.089999974,-8.571426,910.0,21405.0,0.20337710693359373,False,REGULAR,USD,SPY,put,2026-09-18,0.00821917808219178,0.975,0.011327439479863834,-0.08688631875274644,-139086869.69136342,757.3900146484375,-0.004586781374170235,2026-09-15
SPY260918P00740000,2026-09-15 20:14:58+00:00,740.0,1.06,1.06,1.07,-0.060000062,-5.357148,71769.0,110157.0,0.20081365600585935,False,REGULAR,USD,SPY,put,2026-09-18,0.00821917808219178,1.065,0.012379117048337331,-0.09628169687081034,-782241620.2991027,757.3900146484375,-0.004586781374170235,2026-09-15
SPY260918P00741000,2026-09-15 20:14:27+00:00,741.0,1.16,1.16,1.17,-0.04000008,-3.33334,1290.0,5503.0,0.19837227416992187,False,REGULAR,USD,SPY,put,2026-09-18,0.00821917808219178,1.165,0.013513975953975167,-0.10679440992071021,-42660093.68884162,757.3900146484375,-0.004586781374170235,2026-09-15
SPY260918P00742000,2026-09-15 20:12:34+00:00,742.0,1.25,1.27,1.28,-0.03999996,-3.1007724,3359.0,13831.0,0.19599192687988282,False,REGULAR,USD,SPY,put,2026-09-18,0.00821917808219178,1.275,0.014728989406843305,-0.11845473177656318,-116859946.03070955,757.3900146484375,-0.004586781374170235,2026-09-15
SPY260918P00743000,2026-09-15 20:14:55+00:00,743.0,1.38,1.39,1.4,0.00999999,0.7299263,3258.0,49054.0,0.1935505450439453,False,REGULAR,USD,SPY,put,2026-09-18,0.00821917808219178,1.395,0.01601978417392773,-0.13120991535028814,-450785811.1005217,757.3900146484375,-0.004586781374170235,2026-09-15
SPY260918P00744000,2026-09-15 20:13:36+00:00,744.0,1.5,1.52,1.53,0.01999998,1.3513501,1989.0,5047.0,0.19104812866210938,False,REGULAR,USD,SPY,put,2026-09-18,0.00821917808219178,1.525,0.017386104342010152,-0.1451446528025333,-50335540.53353323,757.3900146484375,-0.004586781374170235,2026-09-15
SPY260918P00745000,2026-09-15 20:14:52+00:00,745.0,1.66,1.66,1.67,0.06999993,4.4025116,37363.0,39259.0,0.18842364318847654,False,REGULAR,USD,SPY,put,2026-09-18,0.00821917808219178,1.665,0.0188266581740772,-0.16027034409492724,-423986101.8679773,757.3900146484375,-0.004586781374170235,2026-09-15
SPY260918P00746000,2026-09-15 20:14:46+00:00,746.0,1.83,1.83,1.84,0.100000024,5.780348,3532.0,6639.0,0.186531572265625,False,REGULAR,USD,SPY,put,2026-09-18,0.00821917808219178,1.835,0.020326227578559647,-0.17776128568206673,-77410273.64107622,757.3900146484375,-0.004586781374170235,2026-09-15
SPY260918P00747000,2026-09-15 20:14:39+00:00,747.0,2.0,2.0,2.02,0.14999998,8.108107,2647.0,9088.0,0.18439536315917968,False,REGULAR,USD,SPY,put,2026-09-18,0.00821917808219178,2.01,0.021874763711246963,-0.19646738844338385,-114038327.46741591,757.3900146484375,-0.004586781374170235,2026-09-15
SPY260918P00748000,2026-09-15 20:14:44+00:00,748.0,2.21,2.2,2.21,0.21000004,10.500002,3782.0,3932.0,0.18201501586914062,False,REGULAR,USD,SPY,put,2026-09-18,0.00821917808219178,2.205,0.02347108427784146,-0.21646399735335153,-52940228.600341395,757.3900146484375,-0.004586781374170235,2026-09-15
SPY260918P00749000,2026-09-15 20:14:14+00:00,749.0,2.4,2.41,2.42,0.23000002,10.599079,3762.0,8157.0,0.179695703125,False,REGULAR,USD,SPY,put,2026-09-18,0.00821917808219178,2.415,0.025091601629924173,-0.2382036250361782,-117408082.7994389,757.3900146484375,-0.004586781374170235,2026-09-15
SPY260918P00750000,2026-09-15 20:14:54+00:00,750.0,2.64,2.65,2.66,0.2900002,12.340434,87623.0,134795.0,0.17780363220214845,False,REGULAR,USD,SPY,put,2026-09-18,0.00821917808219178,2.6550000000000002,0.026680827227045466,-0.26215102870592477,-2063061734.4678993,757.3900146484375,-0.004586781374170235,2026-09-15
SPY260918P00751000,2026-09-15 20:06:36+00:00,751.0,2.99,2.9,2.91,0.45000005,17.716537,4758.0,4805.0,0.1754843194580078,False,REGULAR,USD,SPY,put,2026-09-18,0.00821917808219178,2.9050000000000002,0.02828482336344825,-0.28733762775711236,-77962545.98333207,757.3900146484375,-0.004586781374170235,2026-09-15
SPY260918P00752000,2026-09-15 20:14:12+00:00,752.0,3.18,3.17,3.2,0.43000007,15.636367,2655.0,5091.0,0.17383638671875,False,REGULAR,USD,SPY,put,2026-09-18,0.00821917808219178,3.185,0.029758073259319694,-0.31493303518275984,-86905458.64193895,757.3900146484375,-0.004586781374170235,2026-09-15
SPY260918P00753000,2026-09-15 20:13:18+00:00,753.0,3.47,3.48,3.5,0.49,16.442953,3431.0,4426.0,0.17170017761230472,False,REGULAR,USD,SPY,put,2026-09-18,0.00821917808219178,3.49,0.031207093860661665,-0.3437148535021033,-79232596.27525872,757.3900146484375,-0.004586781374170235,2026-09-15
SPY260918P00754000,2026-09-15 20:13:36+00:00,754.0,3.8,3.81,3.84,0.54999995,16.923077,2517.0,5001.0,0.1700522448730469,False,REGULAR,USD,SPY,put,2026-09-18,0.00821917808219178,3.825,0.0324605990119697,-0.374480023056017,-93122051.41631295,757.3900146484375,-0.004586781374170235,2026-09-15
SPY260918P00755000,2026-09-15 20:14:55+00:00,755.0,4.18,4.17,4.2,0.6799998,19.428568,10612.0,52862.0,0.16816017395019534,False,REGULAR,USD,SPY,put,2026-09-18,0.00821917808219178,4.1850000000000005,0.033597532117501,-0.4065214619396297,-1018802773.0626923,757.3900146484375,-0.004586781374170235,2026-09-15
SPY260918P00756000,2026-09-15 20:14:44+00:00,756.0,4.58,4.56,4.59,0.76,19.895288,4903.0,4993.0,0.16632913757324225,False,REGULAR,USD,SPY,put,2026-09-18,0.00821917808219178,4.574999999999999,0.034533944940877866,-0.4399241791593047,-98911527.4554108,757.3900146484375,-0.004586781374170235,2026-09-15
SPY260918P00757000,2026-09-15 20:14:37+00:00,757.0,5.01,4.98,5.01,0.8300004,19.85647,10914.0,6556.0,0.1645591357421875,False,REGULAR,USD,SPY,put,2026-09-18,0.00821917808219178,4.995,0.03523418738848661,-0.4744764788421659,-132508078.06865525,757.3900146484375,-0.004586781374170235,2026-09-15
SPY260918P00758000,2026-09-15 20:14:34+00:00,758.0,5.47,5.44,5.47,0.95999956,21.28602,11210.0,15591.0,0.16303327209472657,True,REGULAR,USD,SPY,put,2026-09-18,0.00821917808219178,5.455,0.03562592373516237,-0.5099061675956273,-318624565.0806083,757.3900146484375,-0.004586781374170235,2026-09-15
SPY260918P00759000,2026-09-15 20:14:35+00:00,759.0,5.94,5.9,6.01,1.0700002,21.971256,4048.0,6180.0,0.16315534118652347,True,REGULAR,USD,SPY,put,2026-09-18,0.00821917808219178,5.955,0.035379864871959356,-0.5453553526351453,-125424909.17244719,757.3900146484375,-0.004586781374170235,2026-09-15
SPY260918P00760000,2026-09-15 20:14:19+00:00,760.0,6.46,6.42,6.52,1.1500001,21.657251,49030.0,107149.0,0.16126327026367188,True,REGULAR,USD,SPY,put,2026-09-18,0.00821917808219178,6.47,0.03527527716433328,-0.5814101958275079,-2168191848.110377,757.3900146484375,-0.004586781374170235,2026-09-15
SPY260918P00761000,2026-09-15 20:00:24+00:00,761.0,7.36,6.92,7.1,1.6100001,28.000002,1153.0,4790.0,0.1606529248046875,True,REGULAR,USD,SPY,put,2026-09-18,0.00821917808219178,7.01,0.03460846276136964,-0.6166216559188926,-95094844.56514469,757.3900146484375,-0.004586781374170235,2026-09-15
SPY260918P00762000,2026-09-15 20:11:07+00:00,762.0,7.7,7.5,7.74,1.4899998,23.993553,2231.0,8303.0,0.16101913208007812,True,REGULAR,USD,SPY,put,2026-09-18,0.00821917808219178,7.62,0.033493964089513474,-0.6502034869634076,-159529402.47891667,757.3900146484375,-0.004586781374170235,2026-09-15
SPY260918P00763000,2026-09-15 20:01:17+00:00,763.0,8.59,8.14,8.4,1.77,25.95308,725.0,4766.0,0.16108016662597657,True,REGULAR,USD,SPY,put,2026-09-18,0.00821917808219178,8.27,0.0322130800248318,-0.6827931864027896,-88069481.55378321,757.3900146484375,-0.004586781374170235,2026-09-15
SPY260918P00764000,2026-09-15 20:02:37+00:00,764.0,9.14,8.84,9.06,1.7900004,24.353748,792.0,16319.0,0.16010361389160155,True,REGULAR,USD,SPY,put,2026-09-18,0.00821917808219178,8.95,0.030869780777661424,-0.715236506778735,-288978969.48627514,757.3900146484375,-0.004586781374170235,2026-09-15
SPY260918P00765000,2026-09-15 20:13:26+00:00,765.0,9.69,9.51,9.79,1.7899995,22.658222,3719.0,26248.0,0.16071395935058597,True,REGULAR,USD,SPY,put,2026-09-18,0.00821917808219178,9.649999999999999,0.029146651018162707,-0.7441870030828408,-438858009.2103702,757.3900146484375,-0.004586781374170235,2026-09-15
SPY260918P00766000,2026-09-15 20:05:51+00:00,766.0,10.46,10.31,10.58,1.9499998,22.914217,760.0,3666.0,0.16272809936523439,True,REGULAR,USD,SPY,put,2026-09-18,0.00821917808219178,10.445,0.02722135611095775,-0.769302285195033,-57245501.97008806,757.3900146484375,-0.004586781374170235,2026-09-15
SPY260918P00767000,2026-09-15 20:10:04+00:00,767.0,11.41,11.09,11.38,2.1099997,22.688168,601.0,2469.0,0.16431499755859375,True,REGULAR,USD,SPY,put,2026-09-18,0.00821917808219178,11.235,0.025327996054109896,-0.7929994348606046,-35872452.57018579,757.3900146484375,-0.004586781374170235,2026-09-15
SPY260918P00768000,2026-09-15 20:05:37+00:00,768.0,12.23,11.71,12.23,2.5099993,25.823036,391.0,3508.0,0.16724465576171876,True,REGULAR,USD,SPY,put,2026-09-18,0.00821917808219178,11.97,0.023415547291964284,-0.812792082669973,-47119757.636232205,757.3900146484375,-0.004586781374170235,2026-09-15
SPY260918P00769000,2026-09-15 20:13:37+00:00,769.0,12.84,12.55,13.23,2.9099998,29.305136,117.0,4214.0,0.17627776855468752,True,REGULAR,USD,SPY,put,2026-09-18,0.00821917808219178,12.89,0.021520293144047905,-0.8220851192409893,-52021379.47682337,757.3900146484375,-0.004586781374170235,2026-09-15
SPY260918P00770000,2026-09-15 20:00:32+00:00,770.0,14.22,13.48,14.99,2.7400007,23.867601,962.0,16951.0,0.21753712158203126,True,REGULAR,USD,SPY,put,2026-09-18,0.00821917808219178,14.235,0.01922730495951843,-0.7912374143171261,-186961803.48577145,757.3900146484375,-0.004586781374170235,2026-09-15
SPY260918P00771000,2026-09-15 19:59:55+00:00,771.0,15.11,14.31,15.89,2.7399998,22.150362,44.0,2888.0,0.22266402343749997,True,REGULAR,USD,SPY,put,2026-09-18,0.00821917808219178,15.100000000000001,0.01809072763677855,-0.8039703129509089,-29970388.617573682,757.3900146484375,-0.004586781374170235,2026-09-15
SPY260918P00772000,2026-09-15 20:04:26+00:00,772.0,16.18,15.23,15.92,3.87,31.437855,54.0,3622.0,0.18726398681640627,True,REGULAR,USD,SPY,put,2026-09-18,0.00821917808219178,15.575,0.016988129462497156,-0.8637983027711189,-35296623.15583233,757.3900146484375,-0.004586781374170235,2026-09-15
SPY260918P00773000,2026-09-15 19:59:55+00:00,773.0,17.03,15.15,18.39,3.380001,24.761915,114.0,4293.0,0.26197027099609377,True,REGULAR,USD,SPY,put,2026-09-18,0.00821917808219178,16.77,0.015673142357114492,-0.7976494271572288,-38597228.14500828,757.3900146484375,-0.004586781374170235,2026-09-15
SPY260918P00774000,2026-09-15 19:31:26+00:00,774.0,18.57,16.11,19.35,3.79,25.642761,244.0,4480.0,0.26947752014160153,True,REGULAR,USD,SPY,put,2026-09-18,0.00821917808219178,17.73,0.014866060447329962,-0.8057355244037008,-38204371.42290456,757.3900146484375,-0.004586781374170235,2026-09-15
SPY260918P00775000,2026-09-15 20:10:56+00:00,775.0,18.38,17.07,19.95,2.909999,18.810593,81.0,8096.0,0.2611157873535156,True,REGULAR,USD,SPY,put,2026-09-18,0.00821917808219178,18.509999999999998,0.014234348511674004,-0.827725070145217,-66106968.89820884,757.3900146484375,-0.004586781374170235,2026-09-15
SPY260918P00776000,2026-09-15 19:19:03+00:00,776.0,20.18,18.04,21.29,5.5,37.46594,10.0,2043.0,0.2848582257080078,True,REGULAR,USD,SPY,put,2026-09-18,0.00821917808219178,19.665,0.013428401354296406,-0.8197205023950513,-15737358.20333788,757.3900146484375,-0.004586781374170235,2026-09-15
SPY260918P00777000,2026-09-15 19:19:03+00:00,777.0,21.13,19.03,22.0,4.3399982,25.848707,96.0,1625.0,0.28064684204101553,True,REGULAR,USD,SPY,put,2026-09-18,0.00821917808219178,20.515,0.012819896635908854,-0.8362151196877592,-11950251.32900234,757.3900146484375,-0.004586781374170235,2026-09-15
SPY260918P00778000,2026-09-15 14:31:12+00:00,778.0,21.77,20.01,23.25,3.0300007,16.168627,2.0,1428.0,0.30054410400390624,True,REGULAR,USD,SPY,put,2026-09-18,0.00821917808219178,21.630000000000003,0.01219789178388973,-0.8313881109905676,-9991993.291909222,757.3900146484375,-0.004586781374170235,2026-09-15
SPY260918P00779000,2026-09-15 18:56:31+00:00,779.0,23.27,21.0,24.24,1.7800007,8.282926,5.0,1113.0,0.3087227331542969,True,REGULAR,USD,SPY,put,2026-09-18,0.00821917808219178,22.619999999999997,0.011649649360531348,-0.8363099192362198,-7437845.766433408,757.3900146484375,-0.004586781374170235,2026-09-15
SPY260918P00780000,2026-09-15 19:51:48+00:00,780.0,24.73,21.57,25.15,4.33,21.22549,109.0,3869.0,0.3130561859130859,True,REGULAR,USD,SPY,put,2026-09-18,0.00821917808219178,23.36,0.01113662018204676,-0.8439099161530845,-24716745.63235984,757.3900146484375,-0.004586781374170235,2026-09-15
SPY260918P00781000,2026-09-15 15:14:51+00:00,781.0,25.51,22.56,26.14,4.84,23.415579,48.0,1230.0,0.32092964233398436,True,REGULAR,USD,SPY,put,2026-09-18,0.00821917808219178,24.35,0.010659958260600726,-0.8483056620563785,-7521418.706522919,757.3900146484375,-0.004586781374170235,2026-09-15
SPY260918P00782000,2026-09-10 16:01:20+00:00,782.0,24.43,23.56,27.14,0.0,0.0,12.0,4252.0,0.32923034057617184,True,REGULAR,USD,SPY,put,2026-09-18,0.00821917808219178,25.35,0.010218264676656794,-0.8520745772632128,-24923530.05502018,757.3900146484375,-0.004586781374170235,2026-09-15
SPY260918P00783000,2026-09-09 18:40:38+00:00,783.0,20.02,24.53,28.12,0.0,0.0,7.0,815.0,0.3364324169921875,True,REGULAR,USD,SPY,put,2026-09-18,0.00821917808219178,26.325000000000003,0.009802407814685117,-0.8563915999851998,-4582785.451684881,757.3900146484375,-0.004586781374170235,2026-09-15
SPY260918P00784000,2026-09-15 20:13:13+00:00,784.0,26.69,25.54,29.14,3.3500004,14.353044,4.0,131.0,0.3455875988769531,True,REGULAR,USD,SPY,put,2026-09-18,0.00821917808219178,27.34,0.009423748078070575,-0.8590299660564509,-708164.4375490233,757.3900146484375,-0.004586781374170235,2026-09-15
SPY260918P00785000,2026-09-15 19:29:09+00:00,785.0,29.36,26.57,30.0,5.08,20.92257,47.0,3634.0,0.34668622070312494,True,REGULAR,USD,SPY,put,2026-09-18,0.00821917808219178,28.285,0.009020603044263725,-0.8671497268495301,-18804407.117631763,757.3900146484375,-0.004586781374170235,2026-09-15
SPY260918P00786000,2026-09-15 14:29:30+00:00,786.0,29.89,27.54,31.12,5.289999,21.504059,12.0,309.0,0.3606631317138671,True,REGULAR,USD,SPY,put,2026-09-18,0.00821917808219178,29.33,0.0087235656425905,-0.865977805983436,-1546292.5485181476,757.3900146484375,-0.004586781374170235,2026-09-15
SPY260918P00787000,2026-09-15 14:11:40+00:00,787.0,30.38,28.54,32.11,2.539999,9.12356,3.0,395.0,0.36804831176757813,True,REGULAR,USD,SPY,put,2026-09-18,0.00821917808219178,30.325,0.008404670310755473,-0.8692377469479907,-1904394.5413361797,757.3900146484375,-0.004586781374170235,2026-09-15
SPY260918P00788000,2026-09-15 17:58:10+00:00,788.0,32.13,29.53,33.09,5.080002,18.780045,2.0,569.0,0.3748841809082031,True,REGULAR,USD,SPY,put,2026-09-18,0.00821917808219178,31.310000000000002,0.008100929806710747,-0.8726630240984169,-2644151.2002707915,757.3900146484375,-0.004586781374170235,2026-09-15
SPY260918P00789000,2026-09-15 15:33:24+00:00,789.0,33.35,30.63,34.21,6.9799976,26.469463,1.0,504.0,0.38892212646484375,True,REGULAR,USD,SPY,put,2026-09-18,0.00821917808219178,32.42,0.007865461601598258,-0.8713245343010007,-2274018.0203947546,757.3900146484375,-0.004586781374170235,2026-09-15
SPY260918P00790000,2026-09-15 18:29:05+00:00,790.0,33.82,31.59,35.09,4.5,15.347885,12.0,1876.0,0.39050902465820314,True,REGULAR,USD,SPY,put,2026-09-18,0.00821917808219178,33.34,0.007559313391620558,-0.8777282292669311,-8134939.639481389,757.3900146484375,-0.004586781374170235,2026-09-15
SPY260918P00791000,2026-09-11 19:18:29+00:00,791.0,27.37,32.53,36.21,0.0,0.0,2.0,611.0,0.4044859356689453,True,REGULAR,USD,SPY,put,2026-09-18,0.00821917808219178,34.370000000000005,0.0073572739166418025,-0.8763117718399007,-2578679.014452533,757.3900146484375,-0.004586781374170235,2026-09-15
SPY260918P00792000,2026-09-11 19:18:29+00:00,792.0,28.33,33.52,37.21,0.0,0.0,2.0,595.0,0.41223732299804683,True,REGULAR,USD,SPY,put,2026-09-18,0.00821917808219178,35.365,0.007124242539469422,-0.8786176135171061,-2431614.991532468,757.3900146484375,-0.004586781374170235,2026-09-15
SPY260918P00793000,2026-09-08 14:05:17+00:00,793.0,27.33,34.55,38.21,0.0,0.0,2.0,36.0,0.4198056066894531,True,REGULAR,USD,SPY,put,2026-09-18,0.00821917808219178,36.379999999999995,0.0069026895322666605,-0.8809043478694785,-142547.62676043826,757.3900146484375,-0.004586781374170235,2026-09-15
SPY260918P00794000,2026-09-03 14:56:27+00:00,794.0,26.5,35.57,39.21,0.0,0.0,2.0,7.0,0.4274959594726563,True,REGULAR,USD,SPY,put,2026-09-18,0.00821917808219178,37.39,0.00669385906949642,-0.8830017108915464,-26879.04008026374,757.3900146484375,-0.004586781374170235,2026-09-15
SPY260918P00795000,2026-09-15 13:48:52+00:00,795.0,37.1,36.56,40.2,5.799999,18.53035,18.0,405.0,0.43445389770507814,True,REGULAR,USD,SPY,put,2026-09-18,0.00821917808219178,38.38,0.006490683684650714,-0.8853950034901459,-1507941.9331356105,757.3900146484375,-0.004586781374170235,2026-09-15
SPY260918P00796000,2026-09-15 13:49:37+00:00,796.0,38.1,37.62,41.2,3.4099998,9.829923,32.0,8.0,0.4420221813964844,True,REGULAR,USD,SPY,put,2026-09-18,0.00821917808219178,39.41,0.006302212107273112,-0.8873390583886918,-28921.589187430935,757.3900146484375,-0.004586781374170235,2026-09-15
SPY260918P00797000,2026-09-03 19:05:09+00:00,797.0,24.4,38.52,42.2,0.0,0.0,3.0,2.0,0.44946839599609373,True,REGULAR,USD,SPY,put,2026-09-18,0.00821917808219178,40.36,0.006122399794714104,-0.8892504998341979,-7024.102358423658,757.3900146484375,-0.004586781374170235,2026-09-15
SPY260918P00798000,2026-09-10 17:44:15+00:00,798.0,39.97,39.52,43.2,0.0,0.0,2.0,3.0,0.4567925415039063,True,REGULAR,USD,SPY,put,2026-09-18,0.00821917808219178,41.36,0.005950605558478576,-0.8911318071644286,-10240.509589094085,757.3900146484375,-0.004586781374170235,2026-09-15
SPY260918P00799000,2026-09-10 14:02:03+00:00,799.0,42.77,40.51,44.23,0.0,0.0,16.0,15.0,0.46594772338867196,True,REGULAR,USD,SPY,put,2026-09-18,0.00821917808219178,42.37,0.005800594574664823,-0.8919891442483048,-49911.76425705626,757.3900146484375,-0.004586781374170235,2026-09-15
SPY260918P00800000,2026-09-15 16:09:38+00:00,800.0,44.8,41.57,45.4,4.799999,11.999998,4.0,147.0,0.48279325805664064,True,REGULAR,USD,SPY,put,2026-09-18,0.00821917808219178,43.485,0.005710028373774134,-0.8889729907636924,-481498.29245254095,757.3900146484375,-0.004586781374170235,2026-09-15
SPY260918P00801000,2026-09-03 18:51:35+00:00,801.0,28.26,42.59,46.4,0.0,0.0,3.0,3.0,0.4901174035644532,True,REGULAR,USD,SPY,put,2026-09-18,0.00821917808219178,44.495000000000005,0.005561578122007606,-0.8907061346159981,-9571.024919937114,757.3900146484375,-0.004586781374170235,2026-09-15
SPY260918P00802000,2026-09-14 18:13:10+00:00,802.0,41.46,43.51,47.4,0.0,0.0,1.0,7501.0,0.4974415490722657,True,REGULAR,USD,SPY,put,2026-09-18,0.00821917808219178,45.455,0.005419856575741509,-0.892361365429653,-23320943.124604464,757.3900146484375,-0.004586781374170235,2026-09-15
SPY260918P00803000,2026-09-03 19:47:07+00:00,803.0,30.42,44.51,48.4,0.0,0.0,1.0,2.0,0.504765694580078,True,REGULAR,USD,SPY,put,2026-09-18,0.00821917808219178,46.455,0.005284462911215834,-0.8939432169880168,-6062.754743608965,757.3900146484375,-0.004586781374170235,2026-09-15
SPY260918P00805000,2026-09-15 16:25:46+00:00,805.0,47.57,46.5,50.39,7.5699997,18.925,10.0,12.0,0.518681571044922,True,REGULAR,USD,SPY,put,2026-09-18,0.00821917808219178,48.445,0.005026515115628324,-0.8972351372079963,-34600.89951213563,757.3900146484375,-0.004586781374170235,2026-09-15
SPY260918P00806000,2026-09-10 17:51:44+00:00,806.0,48.54,47.5,51.39,0.0,0.0,2.0,4.0,0.5258836474609375,True,REGULAR,USD,SPY,put,2026-09-18,0.00821917808219178,49.445,0.004907228785940363,-0.8986695241561318,-11259.92370456028,757.3900146484375,-0.004586781374170235,2026-09-15
SPY260918P00807000,2026-09-01 13:36:31+00:00,807.0,45.13,48.5,52.39,0.0,0.0,1.0,2.0,0.5330857238769531,True,REGULAR,USD,SPY,put,2026-09-18,0.00821917808219178,50.445,0.004792947900251663,-0.9000439640035885,-5498.849761334726,757.3900146484375,-0.004586781374170235,2026-09-15
SPY260918P00808000,2026-08-21 14:16:43+00:00,808.0,43.25,49.57,53.39,0.0,0.0,2.0,0.0,0.5401657312011721,True,REGULAR,USD,SPY,put,2026-09-18,0.00821917808219178,51.480000000000004,0.004682627023496855,-0.9014142169606616,-0.0,757.3900146484375,-0.004586781374170235,2026-09-15
SPY260918P00810000,2026-09-02 18:02:26+00:00,810.0,45.55,51.47,55.39,0.0,0.0,1.0,1.0,0.5543257458496094,True,REGULAR,USD,SPY,put,2026-09-18,0.00821917808219178,53.43,0.00447519108735787,-0.9039912127097895,-2567.1469787260785,757.3900146484375,-0.004586781374170235,2026-09-15
SPY260918P00811000,2026-08-19 13:31:31+00:00,811.0,40.63,52.48,56.39,0.0,0.0,1.0,0.0,0.5612836840820312,True,REGULAR,USD,SPY,put,2026-09-18,0.00821917808219178,54.435,0.004376861854376599,-0.9052535328353264,-0.0,757.3900146484375,-0.004586781374170235,2026-09-15
SPY260918P00812000,2026-08-06 14:24:52+00:00,812.0,41.0,53.49,57.39,0.0,0.0,0.0,0.0,0.56836369140625,True,REGULAR,USD,SPY,put,2026-09-18,0.00821917808219178,55.44,0.0042830976904682265,-0.906417687206833,-0.0,757.3900146484375,-0.004586781374170235,2026-09-15
SPY260918P00814000,2026-09-09 13:32:30+00:00,814.0,51.35,55.58,59.38,0.0,0.0,1.0,1.0,0.5815471533203125,True,REGULAR,USD,SPY,put,2026-09-18,0.00821917808219178,57.480000000000004,0.004100378387177891,-0.9089946737313059,-2352.139558467903,757.3900146484375,-0.004586781374170235,2026-09-15
SPY260918P00818000,2026-08-18 20:01:33+00:00,818.0,50.7,59.5,63.38,0.0,0.0,1.0,0.0,0.6090126989746094,True,REGULAR,USD,SPY,put,2026-09-18,0.00821917808219178,61.44,0.003779816551730159,-0.9132038026555054,-0.0,757.3900146484375,-0.004586781374170235,2026-09-15
SPY260918P00820000,2026-08-13 19:43:41+00:00,820.0,42.17,61.5,65.38,0.0,0.0,5.0,0.0,0.6225623681640625,True,REGULAR,USD,SPY,put,2026-09-18,0.00821917808219178,63.44,0.0036352288447483805,-0.9151527857540956,-0.0,757.3900146484375,-0.004586781374170235,2026-09-15
SPY260918P00821000,2026-08-17 20:11:30+00:00,821.0,48.38,62.59,66.38,0.0,0.0,1.0,0.0,0.6292761682128907,True,REGULAR,USD,SPY,put,2026-09-18,0.00821917808219178,64.485,0.003566343337121467,-0.9160978523751904,-0.0,757.3900146484375,-0.004586781374170235,2026-09-15
SPY260918P00823000,2026-08-31 19:39:51+00:00,823.0,56.49,64.6,68.38,0.0,0.0,0.0,1.0,0.6425816992187501,True,REGULAR,USD,SPY,put,2026-09-18,0.00821917808219178,66.49,0.0034348652244696166,-0.9179334956012116,-1970.3748311973054,757.3900146484375,-0.004586781374170235,2026-09-15
SPY260918P00825000,2026-09-11 19:05:54+00:00,825.0,61.18,66.5,70.37,0.0,0.0,1.0,1.0,0.6551548156738283,True,REGULAR,USD,SPY,put,2026-09-18,0.00821917808219178,68.435,0.003308118917776377,-0.9198911344079941,-1897.668126178294,757.3900146484375,-0.004586781374170235,2026-09-15
SPY260918P00830000,2026-08-21 16:45:25+00:00,830.0,63.82,71.5,75.18,0.0,0.0,110.0,0.0,0.507817421875,True,REGULAR,USD,SPY,put,2026-09-18,0.00821917808219178,73.34,0.0016814909750618684,-0.9749045033761319,-0.0,757.3900146484375,-0.004586781374170235,2026-09-15
SPY260918P00840000,2025-09-10 17:48:44+00:00,840.0,190.24,184.15,188.03,0.0,0.0,0.0,0.0,4.26453103652954,True,REGULAR,USD,SPY,put,2026-09-18,0.00821917808219178,186.09,0.0013587157446765866,-0.5293372845836932,-0.0,757.3900146484375,-0.004586781374170235,2026-09-15
SPY260918P00850000,2026-08-17 13:31:41+00:00,850.0,72.5,91.46,95.17,0.0,0.0,1.0,0.0,0.6079140771484376,True,REGULAR,USD,SPY,put,2026-09-18,0.00821917808219178,93.315,0.0011460918633522889,-0.9802808776165068,-0.0,757.3900146484375,-0.004586781374170235,2026-09-15
SPY260918P00860000,2026-08-07 14:29:25+00:00,860.0,86.9,101.46,105.16,0.0,0.0,1.0,0.0,0.6567417138671876,True,REGULAR,USD,SPY,put,2026-09-18,0.00821917808219178,103.31,0.000978150862492564,-0.9820755050472199,-0.0,757.3900146484375,-0.004586781374170235,2026-09-15
SPY260918P00870000,2026-06-10 15:47:34+00:00,870.0,139.9,114.14,116.94,0.0,0.0,0.0,0.0,0.9447027014160156,True,REGULAR,USD,SPY,put,2026-09-18,0.00821917808219178,115.53999999999999,0.0017881827638904031,-0.9420006761795504,-0.0,757.3900146484375,-0.004586781374170235,2026-09-15
SPY260918P00885000,2026-06-12 13:40:45+00:00,885.0,149.01,129.13,131.93,0.0,0.0,0.0,0.0,1.0290575891113285,True,REGULAR,USD,SPY,put,2026-09-18,0.00821917808219178,130.53,0.0015228851083724905,-0.947259779488432,-0.0,757.3900146484375,-0.004586781374170235,2026-09-15
SPY260918P00895000,2026-09-02 18:02:25+00:00,895.0,130.3,136.46,140.14,0.0,0.0,1.0,1.0,0.8193377441406249,True,REGULAR,USD,SPY,put,2026-09-18,0.00821917808219178,138.3,0.0006223804120911291,-0.9863052324620817,-357.0220719806922,757.3900146484375,-0.004586781374170235,2026-09-15
SPY260918P00900000,2026-09-02 18:02:24+00:00,900.0,135.27,141.43,145.13,0.0,0.0,1.0,6.0,0.8378922460937499,True,REGULAR,USD,SPY,put,2026-09-18,0.00821917808219178,143.28,0.0005785607455988632,-0.9870846561392337,-1991.3122471163756,757.3900146484375,-0.004586781374170235,2026-09-15
SPY260918P00905000,2026-09-02 18:02:25+00:00,905.0,140.31,146.5,150.13,0.0,0.0,1.0,1.0,0.867188828125,True,REGULAR,USD,SPY,put,2026-09-18,0.00821917808219178,148.315,0.0005683424821493046,-0.9868350368431467,-326.02377361112076,757.3900146484375,-0.004586781374170235,2026-09-15
SPY260918P00910000,2026-09-02 18:02:25+00:00,910.0,145.3,151.45,155.13,0.0,0.0,0.0,1.0,0.8840343627929688,True,REGULAR,USD,SPY,put,2026-09-18,0.00821917808219178,153.29,0.0005273444858591805,-0.9876548893007592,-302.5056980126656,757.3900146484375,-0.004586781374170235,2026-09-15
SPY260918P00915000,2026-09-02 18:02:25+00:00,915.0,150.28,156.45,160.12,0.0,0.0,0.0,1.0,0.9047861083984375,True,REGULAR,USD,SPY,put,2026-09-18,0.00821917808219178,158.285,0.0004999018620805249,-0.9880781252137311,-286.7635213443426,757.3900146484375,-0.004586781374170235,2026-09-15
SPY260918P00930000,2026-06-09 16:38:21+00:00,930.0,205.83,174.13,176.93,0.0,0.0,0.0,0.0,1.267337647705078,True,REGULAR,USD,SPY,put,2026-09-18,0.00821917808219178,175.53,0.0010326601311294668,-0.9578776702589248,-0.0,757.3900146484375,-0.004586781374170235,2026-09-15
SPY260918P00940000,2026-05-15 19:50:37+00:00,940.0,201.8,186.45,189.56,0.0,0.0,2.0,0.0,1.5203881402587889,True,REGULAR,USD,SPY,put,2026-09-18,0.00821917808219178,188.005,0.0012485197471644547,-0.9326425626282837,-0.0,757.3900146484375,-0.004586781374170235,2026-09-15
SPY260918P00975000,2026-09-02 18:02:41+00:00,975.0,210.12,216.47,220.09,0.0,0.0,0.0,1.0,1.1499065942382813,True,REGULAR,USD,SPY,put,2026-09-18,0.00821917808219178,218.28,0.0003065833086013693,-0.9910419377166897,-175.8683370252503,757.3900146484375,-0.004586781374170235,2026-09-15
SPY260918P00980000,2026-09-02 18:02:41+00:00,980.0,215.11,221.41,225.09,0.0,0.0,0.0,1.0,1.1611370068359377,True,REGULAR,USD,SPY,put,2026-09-18,0.00821917808219178,223.25,0.00028629915501728314,-0.9916222206925892,-164.23254258140994,757.3900146484375,-0.004586781374170235,2026-09-15
SPY260921C00610000,2026-09-14 13:44:23+00:00,610.0,149.57,146.21,150.27,0.0,0.0,6.0,0.0,0.8215349877929687,True,REGULAR,USD,SPY,call,2026-09-21,0.01643835616438356,148.24,0.0005357938638486708,0.9827240920746854,0.0,757.3900146484375,-0.004586781374170235,2026-09-15
SPY260921C00630000,2026-09-10 14:24:40+00:00,630.0,130.51,126.22,130.28,0.0,0.0,0.0,1.0,0.7180203979492188,True,REGULAR,USD,SPY,call,2026-09-21,0.01643835616438356,128.25,0.000694613816053987,0.9799934357241127,398.4580154134073,757.3900146484375,-0.004586781374170235,2026-09-15
SPY260921C00695000,2026-09-11 14:48:15+00:00,695.0,69.19,61.28,65.25,0.0,0.0,0.0,10.0,0.5144091528320311,True,REGULAR,USD,SPY,call,2026-09-21,0.01643835616438356,63.265,0.0032263919421530946,0.9109111563512631,18507.86293770195,757.3900146484375,-0.004586781374170235,2026-09-15
SPY260921C00705000,2026-09-14 13:47:38+00:00,705.0,54.03,51.31,55.31,0.0,0.0,9.0,113.0,0.4544732287597656,True,REGULAR,USD,SPY,call,2026-09-21,0.01643835616438356,53.31,0.004032677796777938,0.8980618207084525,261403.33127011757,757.3900146484375,-0.004586781374170235,2026-09-15
SPY260921C00710000,2026-09-15 15:11:31+00:00,710.0,47.11,46.33,50.41,-5.75,-10.87779,10.0,101.0,0.4270076831054688,True,REGULAR,USD,SPY,call,2026-09-21,0.01643835616438356,48.37,0.0045734226206056655,0.8886896575188147,264973.14443293476,757.3900146484375,-0.004586781374170235,2026-09-15
SPY260921C00715000,2026-09-11 18:25:11+00:00,715.0,50.88,41.36,45.2,0.0,0.0,0.0,61.0,0.38544315734863277,True,REGULAR,USD,SPY,call,2026-09-21,0.01643835616438356,43.28,0.005166424690029752,0.8856056428496383,180783.62415604052,757.3900146484375,-0.004586781374170235,2026-09-15
SPY260921C00718000,2026-09-14 18:30:16+00:00,718.0,44.46,38.39,42.24,0.0,0.0,4.0,31.0,0.367743139038086,True,REGULAR,USD,SPY,call,2026-09-21,0.01643835616438356,40.315,0.005632747049552326,0.8790563685812025,100166.17568400486,757.3900146484375,-0.004586781374170235,2026-09-15
SPY260921C00720000,2026-09-15 17:42:28+00:00,720.0,37.07,36.41,40.27,-8.869999,-19.30779,2.0,80.0,0.35596347167968745,True,REGULAR,USD,SPY,call,2026-09-21,0.01643835616438356,38.34,0.005981515370624347,0.874211147412151,274498.74317599536,757.3900146484375,-0.004586781374170235,2026-09-15
SPY260921C00725000,2026-09-15 13:40:24+00:00,725.0,35.66,31.47,35.36,-0.29999924,-0.8342582,10.0,1188.0,0.3263006823730469,True,REGULAR,USD,SPY,call,2026-09-21,0.01643835616438356,33.415,0.0070165896067268885,0.8602307410631393,4781692.748400403,757.3900146484375,-0.004586781374170235,2026-09-15
SPY260921C00730000,2026-09-14 13:30:52+00:00,730.0,29.63,26.69,30.44,0.0,0.0,1.0,4.0,0.29529513305664057,True,REGULAR,USD,SPY,call,2026-09-21,0.01643835616438356,28.565,0.008360880526189853,0.8435561848241255,19184.52978951564,757.3900146484375,-0.004586781374170235,2026-09-15
SPY260921C00735000,2026-09-15 18:43:12+00:00,735.0,23.06,21.87,25.18,-5.0200005,-17.877495,15.0,7.0,0.2511671563720703,True,REGULAR,USD,SPY,call,2026-09-21,0.01643835616438356,23.525,0.010234669058548853,0.8335683469148913,41097.08271071585,757.3900146484375,-0.004586781374170235,2026-09-15
SPY260921C00738000,2026-09-11 19:54:40+00:00,738.0,27.72,19.04,22.34,0.0,0.0,0.0,1.0,0.23529817443847656,True,REGULAR,USD,SPY,call,2026-09-21,0.01643835616438356,20.689999999999998,0.01168155487545871,0.8150195790459688,6701.002866686892,757.3900146484375,-0.004586781374170235,2026-09-15
SPY260921C00740000,2026-09-15 14:00:18+00:00,740.0,20.21,17.18,20.47,-2.4500008,-10.812007,2.0,320.0,0.22486126708984372,True,REGULAR,USD,SPY,call,2026-09-21,0.01643835616438356,18.825,0.012807413532770878,0.8003626649629245,2350988.804841194,757.3900146484375,-0.004586781374170235,2026-09-15
SPY260921C00741000,2026-09-15 20:08:18+00:00,741.0,18.0,16.8,18.5,-2.2000008,-10.891092,6.0,4.0,0.1854329504394531,True,REGULAR,USD,SPY,call,2026-09-21,0.01643835616438356,17.65,0.01397832300178642,0.831409858849894,32074.080378882085,757.3900146484375,-0.004586781374170235,2026-09-15
SPY260921C00742000,2026-09-15 19:56:15+00:00,742.0,16.23,16.06,18.6,-4.7299995,-22.566792,10.0,2.0,0.213875048828125,True,REGULAR,USD,SPY,call,2026-09-21,0.01643835616438356,17.33,0.01410040672790682,0.7841664836243909,16177.10431744977,757.3900146484375,-0.004586781374170235,2026-09-15
SPY260921C00744000,2026-09-15 15:25:11+00:00,744.0,14.87,15.2,16.81,-2.62,-14.979989,14.0,18.0,0.20459779785156246,True,REGULAR,USD,SPY,call,2026-09-21,0.01643835616438356,16.005,0.01551543005177808,0.7636726708609873,160204.7811733385,757.3900146484375,-0.004586781374170235,2026-09-15
SPY260921C00745000,2026-09-15 19:44:19+00:00,745.0,13.64,13.39,15.94,-2.1099997,-13.396824,30.0,422.0,0.2003864141845703,True,REGULAR,USD,SPY,call,2026-09-21,0.01643835616438356,14.665,0.016265072357684974,0.7518850757442501,3937382.447076537,757.3900146484375,-0.004586781374170235,2026-09-15
SPY260921C00746000,2026-09-15 19:51:08+00:00,746.0,12.64,13.51,14.1,-3.579999,-22.071512,4.0,33.0,0.16791603576660158,True,REGULAR,USD,SPY,call,2026-09-21,0.01643835616438356,13.805,0.01853539743557512,0.7719062437588975,350877.07400946924,757.3900146484375,-0.004586781374170235,2026-09-15
SPY260921C00747000,2026-09-15 20:13:55+00:00,747.0,12.93,12.75,13.11,-3.7199993,-22.342339,8.0,43.0,0.16040878662109376,True,REGULAR,USD,SPY,call,2026-09-21,0.01643835616438356,12.93,0.01985023557206102,0.7623531881022054,489635.92058676295,757.3900146484375,-0.004586781374170235,2026-09-15
SPY260921C00749000,2026-09-15 19:48:13+00:00,749.0,10.39,11.01,11.61,-4.049999,-28.047089,80.0,108.0,0.15815050842285155,True,REGULAR,USD,SPY,call,2026-09-21,0.01643835616438356,11.309999999999999,0.021802505386270425,0.7230512789170859,1350732.3713677025,757.3900146484375,-0.004586781374170235,2026-09-15
SPY260921C00750000,2026-09-15 20:08:04+00:00,750.0,10.34,10.32,10.72,-4.59,-30.74347,211.0,258.0,0.15253533020019533,True,REGULAR,USD,SPY,call,2026-09-21,0.01643835616438356,10.52,0.023219262728394068,0.707042243877799,3436428.260034816,757.3900146484375,-0.004586781374170235,2026-09-15
SPY260921C00751000,2026-09-15 19:39:57+00:00,751.0,8.69,9.59,9.85,-4.88,-35.96168,17.0,28.0,0.1471642901611328,True,REGULAR,USD,SPY,call,2026-09-21,0.01643835616438356,9.719999999999999,0.024717888965561145,0.6891092639013638,397016.5020249279,757.3900146484375,-0.004586781374170235,2026-09-15
SPY260921C00752000,2026-09-15 20:05:39+00:00,752.0,8.76,8.84,9.08,-3.2799997,-27.242523,33.0,48.0,0.14399049377441403,True,REGULAR,USD,SPY,call,2026-09-21,0.01643835616438356,8.96,0.025993027612132034,0.6670241179523997,715710.2809675904,757.3900146484375,-0.004586781374170235,2026-09-15
SPY260921C00753000,2026-09-15 19:26:18+00:00,753.0,7.55,8.12,8.35,-3.7699995,-33.303883,16.0,84.0,0.14130497375488282,True,REGULAR,USD,SPY,call,2026-09-21,0.01643835616438356,8.235,0.027188248918972424,0.6428982639724558,1310085.6020147281,757.3900146484375,-0.004586781374170235,2026-09-15
SPY260921C00754000,2026-09-15 20:08:18+00:00,754.0,7.4,7.42,7.64,-2.56,-25.70281,83.0,118.0,0.13861945373535156,True,REGULAR,USD,SPY,call,2026-09-21,0.01643835616438356,7.529999999999999,0.02834757537641445,0.6172593834270821,1918832.5470854735,757.3900146484375,-0.004586781374170235,2026-09-15
SPY260921C00755000,2026-09-15 20:07:23+00:00,755.0,6.65,6.74,6.95,-2.85,-30.0,311.0,1064.0,0.13581186462402345,True,REGULAR,USD,SPY,call,2026-09-21,0.01643835616438356,6.845000000000001,0.02947389895010508,0.5901682958111647,17989469.99816204,757.3900146484375,-0.004586781374170235,2026-09-15
SPY260921C00756000,2026-09-15 20:14:32+00:00,756.0,6.15,6.15,6.25,-2.4199996,-28.238035,748.0,346.0,0.13221082641601564,True,REGULAR,USD,SPY,call,2026-09-21,0.01643835616438356,6.2,0.030699729245364887,0.5618392657462915,6093261.184152225,757.3900146484375,-0.004586781374170235,2026-09-15
SPY260921C00757000,2026-09-15 20:05:39+00:00,757.0,5.43,5.52,5.66,-3.1100001,-36.416862,969.0,842.0,0.13056289367675777,True,REGULAR,USD,SPY,call,2026-09-21,0.01643835616438356,5.59,0.03136939622520229,0.5312528015298352,15151561.799894312,757.3900146484375,-0.004586781374170235,2026-09-15
SPY260921C00758000,2026-09-15 20:14:17+00:00,758.0,4.97,4.94,5.07,-2.48,-33.288593,1629.0,518.0,0.12824358093261717,False,REGULAR,USD,SPY,call,2026-09-21,0.01643835616438356,5.005000000000001,0.03203505980308545,0.49970050395312127,9519068.434754381,757.3900146484375,-0.004586781374170235,2026-09-15
SPY260921C00759000,2026-09-15 20:13:09+00:00,759.0,4.44,4.38,4.49,-1.98,-30.841122,1054.0,509.0,0.12543599182128906,False,REGULAR,USD,SPY,call,2026-09-21,0.01643835616438356,4.4350000000000005,0.03263918307896152,0.46688254179668887,9530072.68386043,757.3900146484375,-0.004586781374170235,2026-09-15
SPY260921C00760000,2026-09-15 20:14:56+00:00,760.0,3.92,3.89,3.94,-1.75,-30.864197,1568.0,4206.0,0.12262840270996095,False,REGULAR,USD,SPY,call,2026-09-21,0.01643835616438356,3.915,0.03302626995229801,0.4328514112311355,79683416.21746375,757.3900146484375,-0.004586781374170235,2026-09-15
SPY260921C00761000,2026-09-15 20:13:44+00:00,761.0,3.41,3.38,3.47,-1.6299999,-32.341267,1278.0,648.0,0.1209194354248047,False,REGULAR,USD,SPY,call,2026-09-21,0.01643835616438356,3.425,0.032875585228695825,0.398764757217796,12220462.669585014,757.3900146484375,-0.004586781374170235,2026-09-15
SPY260921C00762000,2026-09-15 20:14:15+00:00,762.0,2.98,2.97,2.99,-1.4899998,-33.33333,2073.0,1302.0,0.11811184631347656,False,REGULAR,USD,SPY,call,2026-09-21,0.01643835616438356,2.9800000000000004,0.03271967358985619,0.3632722380024277,24437630.672973834,757.3900146484375,-0.004586781374170235,2026-09-15
SPY260921C00763000,2026-09-15 20:13:45+00:00,763.0,2.54,2.56,2.57,-1.4000001,-35.532997,1172.0,317.0,0.1159146026611328,False,REGULAR,USD,SPY,call,2026-09-21,0.01643835616438356,2.565,0.03210293757545947,0.3282014085072494,5837719.006414997,757.3900146484375,-0.004586781374170235,2026-09-15
SPY260921C00764000,2026-09-15 20:11:32+00:00,764.0,2.18,2.18,2.2,-1.24,-36.25731,963.0,368.0,0.11414460083007813,False,REGULAR,USD,SPY,call,2026-09-21,0.01643835616438356,2.1900000000000004,0.03108360626204017,0.2940783894510989,6561730.178504553,757.3900146484375,-0.004586781374170235,2026-09-15
SPY260921C00765000,2026-09-15 20:13:50+00:00,765.0,1.83,1.84,1.86,-1.1899999,-39.403973,1623.0,2179.0,0.11225252990722655,False,REGULAR,USD,SPY,call,2026-09-21,0.01643835616438356,1.85,0.02978720865453033,0.26051220520669793,37232842.06091464,757.3900146484375,-0.004586781374170235,2026-09-15
SPY260921C00766000,2026-09-15 20:14:45+00:00,766.0,1.54,1.54,1.55,-1.0,-39.37008,840.0,496.0,0.11023838989257811,False,REGULAR,USD,SPY,call,2026-09-21,0.01643835616438356,1.545,0.02821139257301194,0.2277796479252871,8026853.767511768,757.3900146484375,-0.004586781374170235,2026-09-15
SPY260921C00767000,2026-09-15 20:14:08+00:00,767.0,1.26,1.27,1.28,-0.98,-43.75,1398.0,495.0,0.10834631896972656,False,REGULAR,USD,SPY,call,2026-09-21,0.01643835616438356,1.275,0.026345789877329454,0.19672668077316174,7480929.688793713,757.3900146484375,-0.004586781374170235,2026-09-15
SPY260921C00768000,2026-09-15 20:14:53+00:00,768.0,1.05,1.04,1.05,-0.84000003,-44.444447,868.0,626.0,0.1067594207763672,False,REGULAR,USD,SPY,call,2026-09-21,0.01643835616438356,1.045,0.024239697263257146,0.16816297374441036,8704436.771932619,757.3900146484375,-0.004586781374170235,2026-09-15
SPY260921C00769000,2026-09-15 20:08:39+00:00,769.0,0.8,0.84,0.85,-0.81,-50.31056,581.0,340.0,0.10517252258300781,False,REGULAR,USD,SPY,call,2026-09-21,0.01643835616438356,0.845,0.02197398906811199,0.14171155707747363,4285751.357987963,757.3900146484375,-0.004586781374170235,2026-09-15
SPY260921C00770000,2026-09-15 20:14:21+00:00,770.0,0.67,0.67,0.68,-0.6399999,-48.854958,1409.0,1091.0,0.10364665893554686,False,REGULAR,USD,SPY,call,2026-09-21,0.01643835616438356,0.675,0.019608280129067263,0.11772376562549752,12271662.526724814,757.3900146484375,-0.004586781374170235,2026-09-15
SPY260921C00771000,2026-09-15 20:14:26+00:00,771.0,0.53,0.53,0.54,-0.57000005,-51.818184,615.0,594.0,0.10230389892578123,False,REGULAR,USD,SPY,call,2026-09-21,0.01643835616438356,0.535,0.017224578690564936,0.09660594730872601,5869136.406379278,757.3900146484375,-0.004586781374170235,2026-09-15
SPY260921C00772000,2026-09-15 20:13:50+00:00,772.0,0.41,0.41,0.42,-0.47,-53.409092,1013.0,167.0,0.10083906982421875,False,REGULAR,USD,SPY,call,2026-09-21,0.01643835616438356,0.415,0.014855253095263485,0.07773384039687362,1423100.8461242572,757.3900146484375,-0.004586781374170235,2026-09-15
SPY260921C00773000,2026-09-15 20:14:27+00:00,773.0,0.32,0.32,0.33,-0.37,-53.623188,375.0,340.0,0.09998458618164063,False,REGULAR,USD,SPY,call,2026-09-21,0.01643835616438356,0.325,0.01267473817305212,0.06255030366642558,2472048.937902163,757.3900146484375,-0.004586781374170235,2026-09-15
SPY260921C00774000,2026-09-15 20:07:41+00:00,774.0,0.24,0.24,0.25,-0.31,-56.363636,978.0,286.0,0.098641826171875,False,REGULAR,USD,SPY,call,2026-09-21,0.01643835616438356,0.245,0.0105535923300896,0.048761173916937815,1731432.2295754731,757.3900146484375,-0.004586781374170235,2026-09-15
SPY260921C00775000,2026-09-15 20:14:59+00:00,775.0,0.19,0.18,0.19,-0.26,-57.77778,1496.0,1820.0,0.0976652734375,False,REGULAR,USD,SPY,call,2026-09-21,0.01643835616438356,0.185,0.008677400747022,0.037801250806331274,9059415.80380598,757.3900146484375,-0.004586781374170235,2026-09-15
SPY260921C00776000,2026-09-15 19:56:22+00:00,776.0,0.11,0.14,0.15,-0.24,-68.57143,66.0,369.0,0.0976652734375,False,REGULAR,USD,SPY,call,2026-09-21,0.01643835616438356,0.14500000000000002,0.007188247140377156,0.030069657233365316,1521558.017030054,757.3900146484375,-0.004586781374170235,2026-09-15
SPY260921C00777000,2026-09-15 20:11:32+00:00,777.0,0.1,0.1,0.11,-0.18,-64.28571,1101.0,550.0,0.09668872070312501,False,REGULAR,USD,SPY,call,2026-09-21,0.01643835616438356,0.10500000000000001,0.005718617445667503,0.022601125395415894,1804234.0910947756,757.3900146484375,-0.004586781374170235,2026-09-15
SPY260921C00778000,2026-09-15 19:35:21+00:00,778.0,0.06,0.08,0.09,-0.14,-70.0,112.0,490.0,0.09742113525390625,False,REGULAR,USD,SPY,call,2026-09-21,0.01643835616438356,0.08499999999999999,0.004741905322492937,0.018282477451967996,1332870.969164049,757.3900146484375,-0.004586781374170235,2026-09-15
SPY260921C00779000,2026-09-15 20:00:56+00:00,779.0,0.06,0.06,0.07,-0.099999994,-62.499996,52.0,223.0,0.09742113525390625,False,REGULAR,USD,SPY,call,2026-09-21,0.01643835616438356,0.065,0.0038043928549038523,0.014138280950614993,486664.16729339294,757.3900146484375,-0.004586781374170235,2026-09-15
SPY260921C00780000,2026-09-15 20:05:43+00:00,780.0,0.05,0.05,0.06,-0.08,-61.538464,598.0,934.0,0.0991301025390625,False,REGULAR,USD,SPY,call,2026-09-21,0.01643835616438356,0.055,0.0032505005608124892,0.01202487580894508,1741551.3000657486,757.3900146484375,-0.004586781374170235,2026-09-15
SPY260921C00781000,2026-09-15 19:58:01+00:00,781.0,0.03,0.04,0.05,-0.060000002,-66.666664,58.0,659.0,0.1001066552734375,False,REGULAR,USD,SPY,call,2026-09-21,0.01643835616438356,0.045,0.002693110455919802,0.009797281762466572,1018072.5571455044,757.3900146484375,-0.004586781374170235,2026-09-15
SPY260921C00782000,2026-09-15 20:02:47+00:00,782.0,0.03,0.03,0.04,-0.049999997,-62.499996,46.0,547.0,0.100594931640625,False,REGULAR,USD,SPY,call,2026-09-21,0.01643835616438356,0.035,0.002174935722088846,0.007721011171869543,682453.2447251478,757.3900146484375,-0.004586781374170235,2026-09-15
SPY260921C00783000,2026-09-15 20:03:59+00:00,783.0,0.02,0.02,0.03,-0.04,-66.66667,38.0,2079.0,0.100594931640625,False,REGULAR,USD,SPY,call,2026-09-21,0.01643835616438356,0.025,0.001702538617649984,0.005852281177979023,2030442.10675318,757.3900146484375,-0.004586781374170235,2026-09-15
SPY260921C00784000,2026-09-15 20:04:11+00:00,784.0,0.02,0.02,0.03,-0.030000001,-60.0,207.0,66.0,0.10352458984374999,False,REGULAR,USD,SPY,call,2026-09-21,0.01643835616438356,0.025,0.0015550102238596633,0.005457994904716972,58873.02274463033,757.3900146484375,-0.004586781374170235,2026-09-15
SPY260921C00785000,2026-09-15 20:07:59+00:00,785.0,0.02,0.02,0.03,-0.030000001,-60.0,79.0,505.0,0.10743080078125,False,REGULAR,USD,SPY,call,2026-09-21,0.01643835616438356,0.025,0.0015003704344708265,0.005465785997481946,434639.33340069733,757.3900146484375,-0.004586781374170235,2026-09-15
SPY260921C00786000,2026-09-15 19:04:28+00:00,786.0,0.02,0.01,0.02,-0.02,-50.0,111.0,1436.0,0.1054776953125,False,REGULAR,USD,SPY,call,2026-09-21,0.01643835616438356,0.015,0.0010553915939580584,0.003611413677363624,869375.147313575,757.3900146484375,-0.004586781374170235,2026-09-15
SPY260921C00787000,2026-09-15 18:40:13+00:00,787.0,0.02,0.01,0.02,-0.01,-33.333336,123.0,1250.0,0.108407353515625,False,REGULAR,USD,SPY,call,2026-09-21,0.01643835616438356,0.015,0.0009768948108258302,0.003416243898372469,700481.9775263848,757.3900146484375,-0.004586781374170235,2026-09-15
SPY260921C00788000,2026-09-15 13:30:01+00:00,788.0,0.03,0.01,0.02,0.01,50.0,3.0,1007.0,0.11133701171874999,False,REGULAR,USD,SPY,call,2026-09-21,0.01643835616438356,0.015,0.0009072933952098141,0.0032413490068852477,524102.6675810764,757.3900146484375,-0.004586781374170235,2026-09-15
SPY260921C00789000,2026-09-15 17:46:43+00:00,789.0,0.02,0.01,0.02,0.0,0.0,6862.0,186.0,0.11524322265625,False,REGULAR,USD,SPY,call,2026-09-21,0.01643835616438356,0.015,0.0008932200701758415,0.0033100036731152434,95303.87679754588,757.3900146484375,-0.004586781374170235,2026-09-15
SPY260921C00790000,2026-09-15 18:05:16+00:00,790.0,0.02,0.01,0.02,0.01,100.0,6762.0,540.0,0.118172880859375,False,REGULAR,USD,SPY,call,2026-09-21,0.01643835616438356,0.015,0.0008341391624137529,0.003154358904759195,258387.4533995776,757.3900146484375,-0.004586781374170235,2026-09-15
SPY260921C00791000,2026-09-15 15:05:06+00:00,791.0,0.02,0.01,0.02,-0.01,-33.333336,136.0,47.0,0.1211025390625,False,REGULAR,USD,SPY,call,2026-09-21,0.01643835616438356,0.015,0.0007811381371049111,0.0030134257361473646,21060.314379014333,757.3900146484375,-0.004586781374170235,2026-09-15
SPY260921C00792000,2026-09-15 15:32:36+00:00,792.0,0.02,0.01,0.02,-0.02,-50.0,10.0,17.0,0.12500875,False,REGULAR,USD,SPY,call,2026-09-21,0.01643835616438356,0.015,0.0007724152697373829,0.003082854214112014,7532.496218475763,757.3900146484375,-0.004586781374170235,2026-09-15
SPY260921C00793000,2026-09-15 16:27:19+00:00,793.0,0.03,0.01,0.02,-0.01,-25.0,13.0,15.0,0.12696185546875,False,REGULAR,USD,SPY,call,2026-09-21,0.01643835616438356,0.015,0.0006903301526572776,0.0027688193551083356,5940.011044636515,757.3900146484375,-0.004586781374170235,2026-09-15
SPY260921C00794000,2026-09-15 19:24:01+00:00,794.0,0.01,0.01,0.02,-0.02,-66.66667,690.0,170.0,0.13086806640624998,False,REGULAR,USD,SPY,call,2026-09-21,0.01643835616438356,0.015,0.0006850790206157064,0.0028392643255304617,66808.0414036789,757.3900146484375,-0.004586781374170235,2026-09-15
SPY260921C00795000,2026-09-15 19:41:52+00:00,795.0,0.02,0.01,0.02,0.01,100.0,511.0,296.0,0.133797724609375,False,REGULAR,USD,SPY,call,2026-09-21,0.01643835616438356,0.015,0.0006473655364117389,0.0027328057631505064,109920.94074935626,757.3900146484375,-0.004586781374170235,2026-09-15
SPY260921C00797000,2026-09-14 17:48:11+00:00,797.0,0.02,0.01,0.02,0.0,0.0,50.0,160.0,0.14063359375,False,REGULAR,USD,SPY,call,2026-09-21,0.01643835616438356,0.015,0.0006100214294284971,0.0027039342033646804,55989.19514974623,757.3900146484375,-0.004586781374170235,2026-09-15
SPY260921C00798000,2026-09-14 15:32:29+00:00,798.0,0.02,0.01,0.02,0.0,0.0,1.0,115.0,0.14258669921875,False,REGULAR,USD,SPY,call,2026-09-21,0.01643835616438356,0.015,0.0005528738136680552,0.0024623624125475726,36472.288212268606,757.3900146484375,-0.004586781374170235,2026-09-15
SPY260921C00800000,2026-09-15 18:28:01+00:00,800.0,0.01,0.01,0.02,-0.01,-50.0,801.0,198.0,0.148446015625,False,REGULAR,USD,SPY,call,2026-09-21,0.01643835616438356,0.015,0.0005022047489437969,0.0023149963704429954,57040.74060743505,757.3900146484375,-0.004586781374170235,2026-09-15
SPY260921C00801000,2026-09-11 14:18:46+00:00,801.0,0.03,0.01,0.02,0.0,0.0,0.0,24.0,0.15235222656250003,False,REGULAR,USD,SPY,call,2026-09-21,0.01643835616438356,0.015,0.0005021441203634507,0.0023820607197413365,6913.1944695778075,757.3900146484375,-0.004586781374170235,2026-09-15
SPY260921C00806000,2026-09-10 17:37:03+00:00,806.0,0.02,0.01,0.02,0.0,0.0,0.0,3.0,0.16797707031250003,False,REGULAR,USD,SPY,call,2026-09-21,0.01643835616438356,0.015,0.00042490154111399936,0.002206355381714879,731.2210939606058,757.3900146484375,-0.004586781374170235,2026-09-15
SPY260921C00808000,2026-09-14 19:47:30+00:00,808.0,0.01,0.01,0.02,0.0,0.0,2.0,114.0,0.17383638671875,False,REGULAR,USD,SPY,call,2026-09-21,0.01643835616438356,0.015,0.0003939400681114003,0.002107943848544786,25761.67857277285,757.3900146484375,-0.004586781374170235,2026-09-15
SPY260921C00809000,2026-09-15 20:05:19+00:00,809.0,0.01,0.01,0.02,0.0,0.0,10.0,314.0,0.1757894921875,False,REGULAR,USD,SPY,call,2026-09-21,0.01643835616438356,0.015,0.0003648256875254626,0.0019609539614300247,65713.44082701893,757.3900146484375,-0.004586781374170235,2026-09-15
SPY260921C00810000,2026-09-14 19:47:12+00:00,810.0,0.01,0.01,0.02,0.0,0.0,257.0,1146.0,0.179695703125,False,REGULAR,USD,SPY,call,2026-09-21,0.01643835616438356,0.015,0.00036687449372271896,0.0020214270541148243,241179.99796885313,757.3900146484375,-0.004586781374170235,2026-09-15
SPY260921C00815000,2026-09-10 19:21:36+00:00,815.0,0.02,0.01,0.02,0.0,0.0,0.0,17.0,0.19336744140625,False,REGULAR,USD,SPY,call,2026-09-21,0.01643835616438356,0.015,0.00030077516224943316,0.0017610333077958907,2933.1214192924713,757.3900146484375,-0.004586781374170235,2026-09-15
SPY260921C00830000,2026-09-09 17:19:59+00:00,830.0,0.02,0.0,0.01,0.0,0.0,0.0,5.0,0.22266402343749997,False,REGULAR,USD,SPY,call,2026-09-21,0.01643835616438356,0.005,0.00012152649850180399,0.0007636262999401112,348.5620807850852,757.3900146484375,-0.004586781374170235,2026-09-15
SPY260921C00835000,2026-09-10 13:48:41+00:00,835.0,0.02,0.0,0.01,0.0,0.0,0.0,12.0,0.23438265625,False,REGULAR,USD,SPY,call,2026-09-21,0.01643835616438356,0.005,0.00010164445277109738,0.0006650920173362399,699.6874405816096,757.3900146484375,-0.004586781374170235,2026-09-15
SPY260921C00845000,2026-09-11 19:29:20+00:00,845.0,0.01,,0.01,0.0,0.0,0.0,87.0,0.2617261328125,False,REGULAR,USD,SPY,call,2026-09-21,0.01643835616438356,0.01,8.641530056959248e-05,0.0006286760798848467,4312.698003168414,757.3900146484375,-0.004586781374170235,2026-09-15
SPY260921C00865000,2026-09-10 18:47:39+00:00,865.0,0.01,,0.01,0.0,0.0,0.0,100.0,0.31250687499999996,False,REGULAR,USD,SPY,call,2026-09-21,0.01643835616438356,0.01,6.0770084460540066e-05,0.0005203868228249849,3486.012902566559,757.3900146484375,-0.004586781374170235,2026-09-15
SPY260921C00870000,2026-09-10 18:46:57+00:00,870.0,0.01,,0.01,0.0,0.0,0.0,902.0,0.3242255078124999,False,REGULAR,USD,SPY,call,2026-09-21,0.01643835616438356,0.01,5.508870582131544e-05,0.0004870216450270061,28504.16068484389,757.3900146484375,-0.004586781374170235,2026-09-15
SPY260921C00875000,2026-09-10 13:45:22+00:00,875.0,0.01,,0.01,0.0,0.0,0.0,374.0,0.335944140625,False,REGULAR,USD,SPY,call,2026-09-21,0.01643835616438356,0.01,5.0339085119870185e-05,0.00045911711023402914,10799.808897601355,757.3900146484375,-0.004586781374170235,2026-09-15
SPY260921C00880000,2026-09-10 13:48:21+00:00,880.0,0.01,,0.01,0.0,0.0,0.0,32.0,0.34766277343749996,False,REGULAR,USD,SPY,call,2026-09-21,0.01643835616438356,0.01,4.6334298896321614e-05,0.000435659513716164,850.5340887657785,757.3900146484375,-0.004586781374170235,2026-09-15
SPY260921P00555000,2026-09-14 20:02:57+00:00,555.0,0.03,0.01,0.02,0.0,0.0,81.0,81.0,0.7187528125,False,REGULAR,USD,SPY,put,2026-09-21,0.01643835616438356,0.015,1.6096661420982156e-05,-0.0003050710855185823,-747.9283206354999,757.3900146484375,-0.004586781374170235,2026-09-15
SPY260921P00560000,2026-09-11 19:40:01+00:00,560.0,0.03,0.01,0.02,0.0,0.0,0.0,24.0,0.6953155468750001,False,REGULAR,USD,SPY,put,2026-09-21,0.01643835616438356,0.015,1.597551369807148e-05,-0.0002920168852322824,-219.94050804823667,757.3900146484375,-0.004586781374170235,2026-09-15
SPY260921P00570000,2026-09-15 14:01:03+00:00,570.0,0.02,0.02,0.03,-0.01,-33.333336,70.0,2.0,0.6875031250000001,False,REGULAR,USD,SPY,put,2026-09-21,0.01643835616438356,0.025,2.7902668583629277e-05,-0.0005260780926156228,-32.012153204009486,757.3900146484375,-0.004586781374170235,2026-09-15
SPY260921P00580000,2026-09-11 19:43:58+00:00,580.0,0.04,0.02,0.03,0.0,0.0,0.0,25.0,0.648441015625,False,REGULAR,USD,SPY,put,2026-09-21,0.01643835616438356,0.025,3.127261854194773e-05,-0.0005586273382346407,-448.48033659168277,757.3900146484375,-0.004586781374170235,2026-09-15
SPY260921P00585000,2026-09-14 18:35:41+00:00,585.0,0.03,0.02,0.03,0.0,0.0,24.0,25.0,0.6289099609375001,False,REGULAR,USD,SPY,put,2026-09-21,0.01643835616438356,0.025,3.307089129579241e-05,-0.0005741440181926682,-474.26934971337323,757.3900146484375,-0.004586781374170235,2026-09-15
SPY260921P00600000,2026-09-15 19:51:29+00:00,600.0,0.03,0.03,0.04,-0.01,-25.0,1.0,2.0,0.5898478515625001,False,REGULAR,USD,SPY,put,2026-09-21,0.01643835616438356,0.035,5.246962882829373e-05,-0.0008836200535513594,-60.1973173847008,757.3900146484375,-0.004586781374170235,2026-09-15
SPY260921P00605000,2026-09-11 17:30:10+00:00,605.0,0.05,0.03,0.04,0.0,0.0,0.0,1.0,0.570316796875,False,REGULAR,USD,SPY,put,2026-09-21,0.01643835616438356,0.035,5.5806123159870886e-05,-0.0009109290093776146,-32.01260408052418,757.3900146484375,-0.004586781374170235,2026-09-15
SPY260921P00615000,2026-09-14 18:14:19+00:00,615.0,0.05,0.04,0.05,0.0,0.0,30.0,28.0,0.5449264257812501,False,REGULAR,USD,SPY,put,2026-09-21,0.01643835616438356,0.045,7.764633130643618e-05,-0.001242635382049606,-1247.148366646533,757.3900146484375,-0.004586781374170235,2026-09-15
SPY260921P00630000,2026-09-14 16:30:48+00:00,630.0,0.07,0.05,0.07,0.0,0.0,2.0,124.0,0.5019581054687501,False,REGULAR,USD,SPY,put,2026-09-21,0.01643835616438356,0.060000000000000005,0.00012074370737360578,-0.0018427019685480772,-8588.658641423564,757.3900146484375,-0.004586781374170235,2026-09-15
SPY260921P00650000,2026-09-15 19:58:31+00:00,650.0,0.09,0.08,0.09,-0.009999998,-9.999997,127.0,3.0,0.44434149414062496,False,REGULAR,USD,SPY,put,2026-09-21,0.01643835616438356,0.08499999999999999,0.00022629360027310842,-0.0032248136959965867,-389.4329343079301,757.3900146484375,-0.004586781374170235,2026-09-15
SPY260921P00655000,2026-09-15 19:59:02+00:00,655.0,0.11,0.08,0.09,0.009999998,9.999997,3.0,1.0,0.42383388671875,False,REGULAR,USD,SPY,put,2026-09-21,0.01643835616438356,0.08499999999999999,0.00024504538575263274,-0.0033429594081360037,-140.5677454673865,757.3900146484375,-0.004586781374170235,2026-09-15
SPY260921P00660000,2026-09-15 18:28:01+00:00,660.0,0.11,0.09,0.1,0.009999998,9.999997,112.0,4.0,0.40918559570312496,False,REGULAR,USD,SPY,put,2026-09-21,0.01643835616438356,0.095,0.00029014260577477736,-0.0038801917037073475,-665.7491930733894,757.3900146484375,-0.004586781374170235,2026-09-15
SPY260921P00665000,2026-09-11 14:45:30+00:00,665.0,0.11,0.1,0.11,0.0,0.0,0.0,1.0,0.393560751953125,False,REGULAR,USD,SPY,put,2026-09-21,0.01643835616438356,0.10500000000000001,0.0003405270875982446,-0.004443053239854722,-195.33983399540995,757.3900146484375,-0.004586781374170235,2026-09-15
SPY260921P00670000,2026-09-15 15:05:11+00:00,670.0,0.14,0.11,0.12,0.0,0.0,2.0,27.0,0.37793590820312495,False,REGULAR,USD,SPY,put,2026-09-21,0.01643835616438356,0.11499999999999999,0.0004020714654390113,-0.005115211391083507,-6227.391466598613,757.3900146484375,-0.004586781374170235,2026-09-15
SPY260921P00675000,2026-09-15 19:25:24+00:00,675.0,0.13,0.12,0.13,-0.030000001,-18.75,27.0,12.0,0.36133451171875,False,REGULAR,USD,SPY,put,2026-09-21,0.01643835616438356,0.125,0.0004712043276650185,-0.005813610532520719,-3243.617738366771,757.3900146484375,-0.004586781374170235,2026-09-15
SPY260921P00680000,2026-09-15 19:58:42+00:00,680.0,0.16,0.13,0.14,-0.010000005,-5.8823557,53.0,26.0,0.3442448388671875,False,REGULAR,USD,SPY,put,2026-09-21,0.01643835616438356,0.135,0.0005524014947482594,-0.006586305291081285,-8238.864177132602,757.3900146484375,-0.004586781374170235,2026-09-15
SPY260921P00685000,2026-09-14 13:40:03+00:00,685.0,0.21,0.14,0.15,0.0,0.0,1503.0,1640.0,0.3266668896484375,False,REGULAR,USD,SPY,put,2026-09-21,0.01643835616438356,0.14500000000000002,0.0006483260247768297,-0.007441073146842503,-609925.0261551263,757.3900146484375,-0.004586781374170235,2026-09-15
SPY260921P00690000,2026-09-15 14:45:08+00:00,690.0,0.21,0.16,0.17,0.0,0.0,1.0,14.0,0.31153032226562494,False,REGULAR,USD,SPY,put,2026-09-21,0.01643835616438356,0.165,0.0007961512245362394,-0.008906413330962981,-6393.854561945697,757.3900146484375,-0.004586781374170235,2026-09-15
SPY260921P00695000,2026-09-15 20:07:36+00:00,695.0,0.19,0.18,0.19,-0.049999997,-20.833332,67.0,41.0,0.29492892578124996,False,REGULAR,USD,SPY,put,2026-09-21,0.01643835616438356,0.185,0.0009671512295832707,-0.010451525757864344,-22746.647383258827,757.3900146484375,-0.004586781374170235,2026-09-15
SPY260921P00700000,2026-09-15 20:13:23+00:00,700.0,0.21,0.2,0.21,-0.07000001,-25.000004,95.0,399.0,0.27808339111328123,False,REGULAR,USD,SPY,put,2026-09-21,0.01643835616438356,0.20500000000000002,0.0011850273897998623,-0.012340349701345787,-271231.6927244651,757.3900146484375,-0.004586781374170235,2026-09-15
SPY260921P00705000,2026-09-15 19:02:36+00:00,705.0,0.28,0.23,0.24,-0.02000001,-6.6666694,38.0,648.0,0.26197027099609377,False,REGULAR,USD,SPY,put,2026-09-21,0.01643835616438356,0.235,0.0014873629806912646,-0.014984638271140716,-552880.3108817342,757.3900146484375,-0.004586781374170235,2026-09-15
SPY260921P00710000,2026-09-15 20:01:05+00:00,710.0,0.29,0.27,0.28,-0.060000002,-17.142857,57.0,2151.0,0.2461012890625,False,REGULAR,USD,SPY,put,2026-09-21,0.01643835616438356,0.275,0.0019016213030814098,-0.018562968960828652,-2346408.345389464,757.3900146484375,-0.004586781374170235,2026-09-15
SPY260921P00715000,2026-09-15 20:06:30+00:00,715.0,0.34,0.33,0.34,-0.07999998,-19.047615,29.0,847.0,0.231452998046875,False,REGULAR,USD,SPY,put,2026-09-21,0.01643835616438356,0.335,0.0025102692565323026,-0.023971375397690342,-1219671.4777269824,757.3900146484375,-0.004586781374170235,2026-09-15
SPY260921P00718000,2026-09-15 19:12:39+00:00,718.0,0.43,0.38,0.39,0.02000001,4.8780513,45.0,120.0,0.22327436889648436,False,REGULAR,USD,SPY,put,2026-09-21,0.01643835616438356,0.385,0.003009181562702917,-0.02852066240929152,-207142.29733663026,757.3900146484375,-0.004586781374170235,2026-09-15
SPY260921P00719000,2026-09-15 20:01:05+00:00,719.0,0.42,0.4,0.41,0.049999982,13.513508,31.0,115.0,0.22071091796874998,False,REGULAR,USD,SPY,put,2026-09-21,0.01643835616438356,0.405,0.003205937423240331,-0.03035633538073179,-211491.06866747444,757.3900146484375,-0.004586781374170235,2026-09-15
SPY260921P00720000,2026-09-15 20:05:38+00:00,720.0,0.44,0.42,0.43,-0.06999999,-13.725489,554.0,1843.0,0.21790332885742186,False,REGULAR,USD,SPY,put,2026-09-21,0.01643835616438356,0.425,0.00340801805403504,-0.03218287708228129,-3603017.506198732,757.3900146484375,-0.004586781374170235,2026-09-15
SPY260921P00721000,2026-09-15 20:00:01+00:00,721.0,0.48,0.44,0.45,-0.03999999,-7.692306,624.0,565.0,0.21509573974609375,False,REGULAR,USD,SPY,put,2026-09-21,0.01643835616438356,0.445,0.0036249810097513896,-0.0341448064687363,-1174879.5211175003,757.3900146484375,-0.004586781374170235,2026-09-15
SPY260921P00722000,2026-09-15 16:06:18+00:00,722.0,0.57,0.46,0.47,0.00999999,1.7857126,23.0,1482.0,0.21192194335937498,False,REGULAR,USD,SPY,put,2026-09-21,0.01643835616438356,0.46499999999999997,0.0038435308806648357,-0.03601142101022503,-3267516.04346776,757.3900146484375,-0.004586781374170235,2026-09-15
SPY260921P00723000,2026-09-15 20:14:53+00:00,723.0,0.5,0.49,0.5,0.06999999,16.279068,15.0,1124.0,0.20972469970703123,False,REGULAR,USD,SPY,put,2026-09-21,0.01643835616438356,0.495,0.004118442138810218,-0.03869251234608051,-2655451.8459993326,757.3900146484375,-0.004586781374170235,2026-09-15
SPY260921P00724000,2026-09-15 19:43:09+00:00,724.0,0.56,0.52,0.53,0.04000002,7.692312,55.0,747.0,0.20728331787109372,False,REGULAR,USD,SPY,put,2026-09-21,0.01643835616438356,0.525,0.004403312237493304,-0.04141092506136679,-1886858.072917753,757.3900146484375,-0.004586781374170235,2026-09-15
SPY260921P00725000,2026-09-15 20:00:02+00:00,725.0,0.59,0.55,0.56,-0.050000012,-7.8125014,715.0,1788.0,0.2048419360351562,False,REGULAR,USD,SPY,put,2026-09-21,0.01643835616438356,0.555,0.004709272956503254,-0.04434529012594568,-4830149.002367011,757.3900146484375,-0.004586781374170235,2026-09-15
SPY260921P00726000,2026-09-15 19:43:09+00:00,726.0,0.69,0.58,0.59,0.089999974,14.999994,1118.0,1644.0,0.2020343469238281,False,REGULAR,USD,SPY,put,2026-09-21,0.01643835616438356,0.585,0.005021942713824469,-0.04721995627456921,-4736011.1676453035,757.3900146484375,-0.004586781374170235,2026-09-15
SPY260921P00727000,2026-09-15 18:04:59+00:00,727.0,0.7,0.61,0.62,0.099999964,16.66666,26.0,877.0,0.1991046887207031,False,REGULAR,USD,SPY,put,2026-09-21,0.01643835616438356,0.615,0.005352898861042149,-0.05021860486740326,-2692946.8467957666,757.3900146484375,-0.004586781374170235,2026-09-15
SPY260921P00728000,2026-09-15 20:07:01+00:00,728.0,0.68,0.65,0.66,0.100000024,17.241383,7163.0,606.0,0.19678537597656248,False,REGULAR,USD,SPY,put,2026-09-21,0.01643835616438356,0.655,0.00573685933743439,-0.05399221296480283,-1994279.2747302966,757.3900146484375,-0.004586781374170235,2026-09-15
SPY260921P00729000,2026-09-15 20:00:03+00:00,729.0,0.75,0.69,0.7,0.17000002,29.310349,2118.0,236.0,0.19422192504882813,False,REGULAR,USD,SPY,put,2026-09-21,0.01643835616438356,0.695,0.006137845851070739,-0.05785036832984003,-830935.1492422244,757.3900146484375,-0.004586781374170235,2026-09-15
SPY260921P00730000,2026-09-15 20:14:34+00:00,730.0,0.75,0.74,0.75,-0.06999999,-8.536584,1598.0,870.0,0.19214675048828128,False,REGULAR,USD,SPY,put,2026-09-21,0.01643835616438356,0.745,0.006590868634553868,-0.062495578502845595,-3289281.6216608398,757.3900146484375,-0.004586781374170235,2026-09-15
SPY260921P00731000,2026-09-15 20:00:07+00:00,731.0,0.86,0.79,0.8,0.120000005,16.216215,663.0,422.0,0.18970536865234378,False,REGULAR,USD,SPY,put,2026-09-21,0.01643835616438356,0.795,0.007059205801956433,-0.06715723742000768,-1708863.7790038192,757.3900146484375,-0.004586781374170235,2026-09-15
SPY260921P00732000,2026-09-15 19:53:40+00:00,732.0,1.0,0.84,0.85,0.110000014,12.359553,132.0,789.0,0.1871419177246094,False,REGULAR,USD,SPY,put,2026-09-21,0.01643835616438356,0.845,0.007556102418152615,-0.0720754362508178,-3419904.5841345997,757.3900146484375,-0.004586781374170235,2026-09-15
SPY260921P00733000,2026-09-15 20:02:51+00:00,733.0,0.95,0.9,0.91,0.110000014,13.095241,367.0,415.0,0.18494467407226559,False,REGULAR,USD,SPY,put,2026-09-21,0.01643835616438356,0.905,0.008105182573204028,-0.07780361161548621,-1929523.3963629485,757.3900146484375,-0.004586781374170235,2026-09-15
SPY260921P00734000,2026-09-15 19:57:14+00:00,734.0,1.1,0.96,0.97,0.13,13.402061,87.0,352.0,0.1825032922363281,False,REGULAR,USD,SPY,put,2026-09-21,0.01643835616438356,0.965,0.008681699569592973,-0.08372897019782444,-1753018.7720706053,757.3900146484375,-0.004586781374170235,2026-09-15
SPY260921P00735000,2026-09-15 20:04:18+00:00,735.0,1.05,1.03,1.04,0.07999992,8.247415,123.0,658.0,0.18024501403808596,False,REGULAR,USD,SPY,put,2026-09-21,0.01643835616438356,1.0350000000000001,0.009305850282585893,-0.09036539567260204,-3512538.5957767814,757.3900146484375,-0.004586781374170235,2026-09-15
SPY260921P00736000,2026-09-15 19:40:07+00:00,736.0,1.3,1.11,1.12,0.27999997,27.450977,148.0,530.0,0.1782308740234375,False,REGULAR,USD,SPY,put,2026-09-21,0.01643835616438356,1.1150000000000002,0.009980417001554772,-0.0978540670295438,-3034336.262177355,757.3900146484375,-0.004586781374170235,2026-09-15
SPY260921P00737000,2026-09-15 19:58:18+00:00,737.0,1.36,1.19,1.2,0.18000007,15.254245,181.0,185.0,0.17591156127929689,False,REGULAR,USD,SPY,put,2026-09-21,0.01643835616438356,1.1949999999999998,0.010686563265634722,-0.10557030906110587,-1134093.7050487355,757.3900146484375,-0.004586781374170235,2026-09-15
SPY260921P00738000,2026-09-15 20:06:34+00:00,738.0,1.31,1.28,1.29,0.029999971,2.3437479,216.0,285.0,0.17377535217285156,False,REGULAR,USD,SPY,put,2026-09-21,0.01643835616438356,1.2850000000000001,0.011443033047666971,-0.11416483706400249,-1870790.5283974004,757.3900146484375,-0.004586781374170235,2026-09-15
SPY260921P00739000,2026-09-15 20:04:35+00:00,739.0,1.42,1.38,1.39,0.059999943,4.4117603,361.0,168.0,0.17176121215820314,False,REGULAR,USD,SPY,put,2026-09-21,0.01643835616438356,1.3849999999999998,0.012246916880495992,-0.12362581620511126,-1180253.2426435743,757.3900146484375,-0.004586781374170235,2026-09-15
SPY260921P00740000,2026-09-15 20:11:25+00:00,740.0,1.48,1.48,1.49,0.03999996,2.777775,2483.0,744.0,0.16938086486816406,False,REGULAR,USD,SPY,put,2026-09-21,0.01643835616438356,1.4849999999999999,0.01308866347499925,-0.13334117235577525,-5586083.04007455,757.3900146484375,-0.004586781374170235,2026-09-15
SPY260921P00741000,2026-09-15 20:12:49+00:00,741.0,1.59,1.6,1.61,0.17000008,11.971837,295.0,297.0,0.16748879394531252,False,REGULAR,USD,SPY,put,2026-09-21,0.01643835616438356,1.605,0.013983597649078737,-0.14453772486548866,-2382399.1149148936,757.3900146484375,-0.004586781374170235,2026-09-15
SPY260921P00742000,2026-09-15 20:05:58+00:00,742.0,1.76,1.73,1.74,0.14999998,9.316769,299.0,395.0,0.16553568847656253,False,REGULAR,USD,SPY,put,2026-09-21,0.01643835616438356,1.7349999999999999,0.014919529284836721,-0.15651957624407287,-3380581.162474462,757.3900146484375,-0.004586781374170235,2026-09-15
SPY260921P00743000,2026-09-15 20:11:45+00:00,743.0,1.85,1.86,1.87,0.13,7.5581393,650.0,201.0,0.16327741027832032,False,REGULAR,USD,SPY,put,2026-09-21,0.01643835616438356,1.8650000000000002,0.015898832848664297,-0.16898289046866033,-1833160.3328473878,757.3900146484375,-0.004586781374170235,2026-09-15
SPY260921P00744000,2026-09-15 20:12:18+00:00,744.0,2.01,2.01,2.02,0.14999998,8.064515,518.0,289.0,0.16126327026367188,False,REGULAR,USD,SPY,put,2026-09-21,0.01643835616438356,2.0149999999999997,0.016917498811529944,-0.18277269093404547,-2804614.323255336,757.3900146484375,-0.004586781374170235,2026-09-15
SPY260921P00745000,2026-09-15 20:13:49+00:00,745.0,2.15,2.18,2.19,0.16000009,8.040205,538.0,724.0,0.1595543029785156,False,REGULAR,USD,SPY,put,2026-09-21,0.01643835616438356,2.185,0.01796212925307703,-0.19803499115463663,-7459943.421191769,757.3900146484375,-0.004586781374170235,2026-09-15
SPY260921P00746000,2026-09-15 20:05:21+00:00,746.0,2.39,2.35,2.36,0.2800002,13.270153,558.0,863.0,0.1574180938720703,False,REGULAR,USD,SPY,put,2026-09-21,0.01643835616438356,2.355,0.019050310967726976,-0.21376060662976237,-9430875.578544512,757.3900146484375,-0.004586781374170235,2026-09-15
SPY260921P00747000,2026-09-15 20:06:42+00:00,747.0,2.62,2.54,2.56,0.3499999,15.418499,438.0,290.0,0.15570912658691405,False,REGULAR,USD,SPY,put,2026-09-21,0.01643835616438356,2.55,0.020141592890350266,-0.2312221792261011,-3350664.6340902867,757.3900146484375,-0.004586781374170235,2026-09-15
SPY260921P00748000,2026-09-15 20:10:26+00:00,748.0,2.8,2.75,2.76,0.30999994,12.449797,818.0,967.0,0.15360343475341798,False,REGULAR,USD,SPY,put,2026-09-21,0.01643835616438356,2.755,0.02127275311747218,-0.2492981813806845,-11800198.806115536,757.3900146484375,-0.004586781374170235,2026-09-15
SPY260921P00749000,2026-09-15 20:05:49+00:00,749.0,3.06,2.98,2.99,0.46000004,17.69231,644.0,149.0,0.1518639501953125,False,REGULAR,USD,SPY,put,2026-09-21,0.01643835616438356,2.9850000000000003,0.022382719526221784,-0.26907568945480975,-1913102.6414693883,757.3900146484375,-0.004586781374170235,2026-09-15
SPY260921P00750000,2026-09-15 20:14:23+00:00,750.0,3.23,3.22,3.23,0.43000007,15.357146,4833.0,2350.0,0.14991084472656252,False,REGULAR,USD,SPY,put,2026-09-21,0.01643835616438356,3.225,0.023506684220862616,-0.28980235075326455,-31688259.48854506,757.3900146484375,-0.004586781374170235,2026-09-15
SPY260921P00751000,2026-09-15 20:06:57+00:00,751.0,3.58,3.48,3.5,0.89999986,33.582085,349.0,290.0,0.1482629119873047,False,REGULAR,USD,SPY,put,2026-09-21,0.01643835616438356,3.49,0.02457716225231051,-0.31213349848495664,-4088545.9662214196,757.3900146484375,-0.004586781374170235,2026-09-15
SPY260921P00752000,2026-09-15 20:03:53+00:00,752.0,3.92,3.74,3.81,0.71000004,22.11838,343.0,399.0,0.14710325561523438,False,REGULAR,USD,SPY,put,2026-09-21,0.01643835616438356,3.7750000000000004,0.02553821444871742,-0.33615846313575826,-5845243.066707405,757.3900146484375,-0.004586781374170235,2026-09-15
SPY260921P00753000,2026-09-15 19:56:24+00:00,753.0,4.57,4.04,4.12,1.1100001,32.08093,350.0,225.0,0.1453332537841797,False,REGULAR,USD,SPY,put,2026-09-21,0.01643835616438356,4.08,0.026526925269859683,-0.36070489551436635,-3423801.5348890945,757.3900146484375,-0.004586781374170235,2026-09-15
SPY260921P00754000,2026-09-15 20:14:22+00:00,754.0,4.39,4.38,4.45,0.5899999,15.526314,237.0,278.0,0.143563251953125,False,REGULAR,USD,SPY,put,2026-09-21,0.01643835616438356,4.415,0.027449004686928215,-0.38642779931199756,-4377342.688838644,757.3900146484375,-0.004586781374170235,2026-09-15
SPY260921P00755000,2026-09-15 20:14:47+00:00,755.0,4.76,4.72,4.8,0.71000004,17.530863,9411.0,4041.0,0.14167118103027343,False,REGULAR,USD,SPY,put,2026-09-21,0.01643835616438356,4.76,0.028309883456411947,-0.4132141092324827,-65624511.289720505,757.3900146484375,-0.004586781374170235,2026-09-15
SPY260921P00756000,2026-09-15 20:13:34+00:00,756.0,5.17,5.1,5.19,0.8200002,18.850578,457.0,268.0,0.1401453173828125,False,REGULAR,USD,SPY,put,2026-09-21,0.01643835616438356,5.145,0.028996023486009433,-0.44124589878279386,-4457715.906638968,757.3900146484375,-0.004586781374170235,2026-09-15
SPY260921P00757000,2026-09-15 20:14:40+00:00,757.0,5.59,5.53,5.6,1.0300002,22.587725,687.0,293.0,0.1384973846435547,False,REGULAR,USD,SPY,put,2026-09-21,0.01643835616438356,5.5649999999999995,0.02958019549658171,-0.4701411798504913,-4971733.150370273,757.3900146484375,-0.004586781374170235,2026-09-15
SPY260921P00758000,2026-09-15 20:14:15+00:00,758.0,6.05,5.96,6.04,1.0500002,21.000004,545.0,500.0,0.13691048645019532,True,REGULAR,USD,SPY,put,2026-09-21,0.01643835616438356,6.0,0.030007136511021618,-0.4998512626287315,-8606641.407123677,757.3900146484375,-0.004586781374170235,2026-09-15
SPY260921P00759000,2026-09-15 20:04:17+00:00,759.0,6.62,6.38,6.56,1.21,22.36599,924.0,521.0,0.13654427917480472,True,REGULAR,USD,SPY,put,2026-09-21,0.01643835616438356,6.47,0.030003156295242812,-0.5298852050624885,-8966930.794061001,757.3900146484375,-0.004586781374170235,2026-09-15
SPY260921P00760000,2026-09-15 20:08:45+00:00,760.0,7.07,6.88,7.06,1.25,21.477663,2093.0,1998.0,0.13501841552734378,True,REGULAR,USD,SPY,put,2026-09-21,0.01643835616438356,6.97,0.030077778224579375,-0.5604397857005747,-34473103.79055441,757.3900146484375,-0.004586781374170235,2026-09-15
SPY260921P00761000,2026-09-15 20:05:01+00:00,761.0,7.67,7.45,7.57,1.3600001,21.553093,765.0,602.0,0.13306531005859373,True,REGULAR,USD,SPY,put,2026-09-21,0.01643835616438356,7.51,0.03005693504889716,-0.5915922071848849,-10379593.236040054,757.3900146484375,-0.004586781374170235,2026-09-15
SPY260921P00762000,2026-09-15 20:13:49+00:00,762.0,8.04,8.01,8.19,1.3299999,19.821163,152.0,211.0,0.13306531005859373,True,REGULAR,USD,SPY,put,2026-09-21,0.01643835616438356,8.1,0.029438427937445354,-0.6211928839556861,-3563167.346613714,757.3900146484375,-0.004586781374170235,2026-09-15
SPY260921P00763000,2026-09-15 20:14:40+00:00,763.0,8.73,8.56,8.77,1.4099994,19.262287,658.0,204.0,0.13141737731933595,True,REGULAR,USD,SPY,put,2026-09-21,0.01643835616438356,8.665,0.02896609862918433,-0.6519289082173079,-3389684.8537835255,757.3900146484375,-0.004586781374170235,2026-09-15
SPY260921P00764000,2026-09-15 19:41:49+00:00,764.0,10.43,9.19,9.49,2.6600003,34.234238,91.0,493.0,0.1326380682373047,True,REGULAR,USD,SPY,put,2026-09-21,0.01643835616438356,9.34,0.027815196425311314,-0.6786050828410866,-7866258.258812695,757.3900146484375,-0.004586781374170235,2026-09-15
SPY260921P00765000,2026-09-15 19:59:29+00:00,765.0,10.61,9.87,10.17,2.2399998,26.762243,257.0,703.0,0.13214979187011722,True,REGULAR,USD,SPY,put,2026-09-21,0.01643835616438356,10.02,0.02683002548117683,-0.7063592881767795,-10819708.501508765,757.3900146484375,-0.004586781374170235,2026-09-15
SPY260921P00766000,2026-09-15 19:28:38+00:00,766.0,11.48,10.58,10.9,2.5,27.839645,21.0,157.0,0.13233289550781252,True,REGULAR,USD,SPY,put,2026-09-21,0.01643835616438356,10.74,0.025632517688883652,-0.732041652463975,-2308501.0074549792,757.3900146484375,-0.004586781374170235,2026-09-15
SPY260921P00767000,2026-09-15 19:40:43+00:00,767.0,12.74,11.33,11.67,3.2199993,33.82352,821.0,78.0,0.13306531005859373,True,REGULAR,USD,SPY,put,2026-09-21,0.01643835616438356,11.5,0.024300862719740076,-0.7555216801871363,-1087315.1642700976,757.3900146484375,-0.004586781374170235,2026-09-15
SPY260921P00768000,2026-09-15 19:56:03+00:00,768.0,13.3,12.11,12.49,3.3400002,33.534138,18.0,78.0,0.13477427734375003,True,REGULAR,USD,SPY,put,2026-09-21,0.01643835616438356,12.3,0.022864635622438085,-0.7758881347956428,-1023052.774895603,757.3900146484375,-0.004586781374170235,2026-09-15
SPY260921P00769000,2026-09-15 20:14:10+00:00,769.0,13.05,12.77,13.33,2.1800003,20.0552,24.0,85.0,0.13654427917480472,True,REGULAR,USD,SPY,put,2026-09-21,0.01643835616438356,13.05,0.021450240143345588,-0.7946469321828156,-1045900.1724556914,757.3900146484375,-0.004586781374170235,2026-09-15
SPY260921P00770000,2026-09-15 19:36:32+00:00,770.0,15.29,12.63,15.22,3.38,28.379513,11.0,222.0,0.17145603942871096,True,REGULAR,USD,SPY,put,2026-09-21,0.01643835616438356,13.925,0.018619608693798972,-0.7612223602623772,-2371169.905821421,757.3900146484375,-0.004586781374170235,2026-09-15
SPY260921P00771000,2026-09-15 16:29:17+00:00,771.0,15.3,13.5,16.09,2.8500004,22.89157,8.0,7.0,0.1746298358154297,True,REGULAR,USD,SPY,put,2026-09-21,0.01643835616438356,14.795,0.017692848467886775,-0.7748441573610707,-71045.23387256471,757.3900146484375,-0.004586781374170235,2026-09-15
SPY260921P00772000,2026-09-14 19:55:00+00:00,772.0,13.28,14.35,17.58,0.0,0.0,7.0,8.0,0.19678537597656248,True,REGULAR,USD,SPY,put,2026-09-21,0.01643835616438356,15.965,0.01612640759821538,-0.7638053630272529,-74005.97245630565,757.3900146484375,-0.004586781374170235,2026-09-15
SPY260921P00773000,2026-09-15 17:15:42+00:00,773.0,17.74,15.26,18.48,4.74,36.461536,4.0,15.0,0.20081365600585935,True,REGULAR,USD,SPY,put,2026-09-21,0.01643835616438356,16.87,0.015396893364244879,-0.774560051067194,-132484.02417981948,757.3900146484375,-0.004586781374170235,2026-09-15
SPY260921P00774000,2026-09-15 19:39:24+00:00,774.0,18.97,16.19,19.42,6.2699995,49.370075,11.0,5.0,0.2059405578613281,True,REGULAR,USD,SPY,put,2026-09-21,0.01643835616438356,17.805,0.014676450997338214,-0.7833312380935478,-42094.96991387938,757.3900146484375,-0.004586781374170235,2026-09-15
SPY260921P00775000,2026-09-15 16:40:00+00:00,775.0,19.0,17.14,20.36,3.9099998,25.9112,6.0,40.0,0.21088435607910155,True,REGULAR,USD,SPY,put,2026-09-21,0.01643835616438356,18.75,0.01400725595892232,-0.7916766860880033,-321404.68742683454,757.3900146484375,-0.004586781374170235,2026-09-15
SPY260921P00777000,2026-09-15 14:51:01+00:00,777.0,22.0,19.06,22.29,4.91,28.730251,1.0,5.0,0.22199264343261715,True,REGULAR,USD,SPY,put,2026-09-21,0.01643835616438356,20.674999999999997,0.012777091321698067,-0.8053182963416202,-36647.229965290426,757.3900146484375,-0.004586781374170235,2026-09-15
SPY260921P00778000,2026-09-11 13:49:41+00:00,778.0,15.09,20.04,23.26,0.0,0.0,0.0,3.0,0.22754678710937498,True,REGULAR,USD,SPY,put,2026-09-21,0.01643835616438356,21.65,0.012224408907282582,-0.8114208900991908,-21037.216364924207,757.3900146484375,-0.004586781374170235,2026-09-15
SPY260921P00785000,2026-09-09 19:31:11+00:00,785.0,22.64,26.46,30.2,0.0,0.0,0.0,1.0,0.26959958923339844,True,REGULAR,USD,SPY,put,2026-09-21,0.01643835616438356,28.33,0.009246757298477409,-0.8412362587830969,-5304.306475059205,757.3900146484375,-0.004586781374170235,2026-09-15
SPY260921P00803000,2026-09-11 15:04:06+00:00,803.0,39.31,44.44,48.18,0.0,0.0,0.0,0.0,0.372076591796875,True,REGULAR,USD,SPY,put,2026-09-21,0.01643835616438356,46.31,0.005450994283009126,-0.8826152724693697,-0.0,757.3900146484375,-0.004586781374170235,2026-09-15
SPY260921P00830000,2026-09-08 19:59:48+00:00,830.0,64.9,71.36,75.37,0.0,0.0,0.0,1.0,0.5200243310546875,True,REGULAR,USD,SPY,put,2026-09-21,0.01643835616438356,73.36500000000001,0.0032628689018654273,-0.9082198287123283,-1871.710923599558,757.3900146484375,-0.004586781374170235,2026-09-15
SPY260922C00700000,2026-09-14 15:24:46+00:00,700.0,60.61,56.32,60.26,0.0,0.0,2.0,81.0,0.4523980541992188,True,REGULAR,USD,SPY,call,2026-09-22,0.019178082191780823,58.29,0.0036053457917576926,0.9034242520393926,167521.70855905756,757.3900146484375,-0.004586781374170235,2026-09-15
SPY260922C00705000,2026-09-15 18:56:49+00:00,705.0,52.07,51.33,55.28,-2.040001,-3.7700996,1.0,134.0,0.4237118176269531,True,REGULAR,USD,SPY,call,2026-09-22,0.019178082191780823,53.305,0.0040380973853402675,0.8968867058594107,310399.3027849811,757.3900146484375,-0.004586781374170235,2026-09-15
SPY260922C00710000,2026-09-15 15:15:23+00:00,710.0,47.15,46.37,50.31,-2.949997,-5.8882174,2.0,284.0,0.3952086846923829,True,REGULAR,USD,SPY,call,2026-09-22,0.019178082191780823,48.34,0.00456165460285421,0.8891378221764608,743155.8293902703,757.3900146484375,-0.004586781374170235,2026-09-15
SPY260922C00715000,2026-09-11 18:19:13+00:00,715.0,51.15,41.4,45.39,0.0,0.0,0.0,207.0,0.36829244995117194,True,REGULAR,USD,SPY,call,2026-09-22,0.019178082191780823,43.394999999999996,0.005210037866856575,0.8789604428921847,618657.6328312905,757.3900146484375,-0.004586781374170235,2026-09-15
SPY260922C00718000,2026-09-14 19:02:40+00:00,718.0,44.82,38.44,42.26,0.0,0.0,2.0,1.0,0.34479414978027345,True,REGULAR,USD,SPY,call,2026-09-22,0.019178082191780823,40.349999999999994,0.005638995437765534,0.8766651620282642,3234.751280678064,757.3900146484375,-0.004586781374170235,2026-09-15
SPY260922C00720000,2026-09-15 15:55:54+00:00,720.0,37.62,36.47,40.29,-7.3899994,-16.418573,4.0,112.0,0.33374689697265625,True,REGULAR,USD,SPY,call,2026-09-22,0.019178082191780823,38.379999999999995,0.0059840470554721565,0.8718298334410585,384460.8952206596,757.3900146484375,-0.004586781374170235,2026-09-15
SPY260922C00722000,2026-09-10 18:10:07+00:00,722.0,37.09,34.5,38.39,0.0,0.0,0.0,1.0,0.3251410260009765,True,REGULAR,USD,SPY,call,2026-09-22,0.019178082191780823,36.445,0.006371789892014909,0.8648373652859521,3655.1112234228017,757.3900146484375,-0.004586781374170235,2026-09-15
SPY260922C00724000,2026-09-14 18:07:01+00:00,724.0,38.7,32.53,36.37,0.0,0.0,2.0,2.0,0.31189652954101554,True,REGULAR,USD,SPY,call,2026-09-22,0.019178082191780823,34.45,0.006782518385803091,0.8606414406128222,7781.442732783184,757.3900146484375,-0.004586781374170235,2026-09-15
SPY260922C00725000,2026-09-14 15:33:57+00:00,725.0,36.0,31.55,35.4,0.0,0.0,4.0,79.0,0.3067085931396484,True,REGULAR,USD,SPY,call,2026-09-22,0.019178082191780823,33.475,0.007008677508741989,0.8573090284849316,317615.961034268,757.3900146484375,-0.004586781374170235,2026-09-15
SPY260922C00726000,2026-09-14 15:45:25+00:00,726.0,36.39,30.66,34.41,0.0,0.0,2.0,1.0,0.30072720764160155,True,REGULAR,USD,SPY,call,2026-09-22,0.019178082191780823,32.535,0.007245022610076462,0.8544295549686716,4156.032120460959,757.3900146484375,-0.004586781374170235,2026-09-15
SPY260922C00729000,2026-09-15 15:08:04+00:00,729.0,28.64,27.74,31.49,-8.75,-23.40198,2.0,2.0,0.28436994934082027,True,REGULAR,USD,SPY,call,2026-09-22,0.019178082191780823,29.615,0.008037107694065106,0.8435843112506283,9220.807036732209,757.3900146484375,-0.004586781374170235,2026-09-15
SPY260922C00730000,2026-09-14 15:13:40+00:00,730.0,30.18,26.77,30.52,0.0,0.0,4.0,3.0,0.27893787475585935,True,REGULAR,USD,SPY,call,2026-09-22,0.019178082191780823,28.645,0.008330836360030437,0.8395738055346578,14336.693768672098,757.3900146484375,-0.004586781374170235,2026-09-15
SPY260922C00735000,2026-09-11 20:12:05+00:00,735.0,30.39,22.0,25.34,0.0,0.0,0.0,37.0,0.24018093811035152,True,REGULAR,USD,SPY,call,2026-09-22,0.019178082191780823,23.67,0.010162766317366137,0.8268716276213228,215701.325485424,757.3900146484375,-0.004586781374170235,2026-09-15
SPY260922C00740000,2026-09-10 15:36:01+00:00,740.0,22.14,17.37,20.69,0.0,0.0,0.0,25.0,0.21686574157714844,True,REGULAR,USD,SPY,call,2026-09-22,0.019178082191780823,19.03,0.012592728758862182,0.7921744528367041,180592.20799840736,757.3900146484375,-0.004586781374170235,2026-09-15
SPY260922C00744000,2026-09-10 15:47:26+00:00,744.0,18.14,14.54,17.13,0.0,0.0,0.0,1.0,0.20014227600097656,True,REGULAR,USD,SPY,call,2026-09-22,0.019178082191780823,15.834999999999999,0.015029008377892837,0.7533575504233152,8621.234869623175,757.3900146484375,-0.004586781374170235,2026-09-15
SPY260922C00745000,2026-09-15 17:32:37+00:00,745.0,14.27,14.5,15.33,-3.1399994,-18.035608,1.0,12.0,0.17078465942382814,True,REGULAR,USD,SPY,call,2026-09-22,0.019178082191780823,14.915,0.016915983015234615,0.7708513342683878,116444.13972601,757.3900146484375,-0.004586781374170235,2026-09-15
SPY260922C00748000,2026-09-15 18:53:53+00:00,748.0,11.72,12.01,12.84,-4.1499996,-26.149967,1.0,2.0,0.16175154663085936,True,REGULAR,USD,SPY,call,2026-09-22,0.019178082191780823,12.425,0.01961307000806955,0.7265387199243533,22501.668613433434,757.3900146484375,-0.004586781374170235,2026-09-15
SPY260922C00750000,2026-09-15 19:32:14+00:00,750.0,9.99,10.43,11.1,-6.3099995,-38.711655,17.0,10.0,0.1521386056518555,True,REGULAR,USD,SPY,call,2026-09-22,0.019178082191780823,10.765,0.02192560566007296,0.6957893724610595,125773.96412412595,757.3900146484375,-0.004586781374170235,2026-09-15
SPY260922C00751000,2026-09-15 19:19:49+00:00,751.0,9.4,9.68,10.46,-3.9100008,-29.376415,28.0,5.0,0.1524742956542969,True,REGULAR,USD,SPY,call,2026-09-22,0.019178082191780823,10.07,0.022562175291873335,0.6729752818263904,64712.789915990754,757.3900146484375,-0.004586781374170235,2026-09-15
SPY260922C00753000,2026-09-15 19:36:09+00:00,753.0,7.73,8.23,8.97,-3.9299998,-33.70497,108.0,3.0,0.14664549652099607,True,REGULAR,USD,SPY,call,2026-09-22,0.019178082191780823,8.600000000000001,0.024528448491156072,0.63087527213805,42211.470666441826,757.3900146484375,-0.004586781374170235,2026-09-15
SPY260922C00754000,2026-09-15 20:08:56+00:00,754.0,7.8,7.75,8.12,-2.9399996,-27.3743,292.0,14.0,0.14069462829589846,True,REGULAR,USD,SPY,call,2026-09-22,0.019178082191780823,7.935,0.025999491763519678,0.6100123050155078,208800.74525701252,757.3900146484375,-0.004586781374170235,2026-09-15
SPY260922C00755000,2026-09-15 20:03:16+00:00,755.0,6.99,7.08,7.32,-2.3400002,-25.080387,234.0,164.0,0.13544565734863284,True,REGULAR,USD,SPY,call,2026-09-22,0.019178082191780823,7.2,0.027417604931215697,0.5865877219264151,2579363.2779956697,757.3900146484375,-0.004586781374170235,2026-09-15
SPY260922C00756000,2026-09-15 20:08:02+00:00,756.0,6.42,6.5,6.64,-2.75,-29.989094,536.0,176.0,0.1324244473266602,True,REGULAR,USD,SPY,call,2026-09-22,0.019178082191780823,6.57,0.028396025113194487,0.5600783117795526,2866879.041170971,757.3900146484375,-0.004586781374170235,2026-09-15
SPY260922C00757000,2026-09-15 20:11:08+00:00,757.0,5.9,5.89,6.02,-2.8200002,-32.33945,1055.0,73.0,0.13019668640136717,True,REGULAR,USD,SPY,call,2026-09-22,0.019178082191780823,5.955,0.029120159305921454,0.5319326395003313,1219426.8600324336,757.3900146484375,-0.004586781374170235,2026-09-15
SPY260922C00758000,2026-09-15 20:13:14+00:00,758.0,5.33,5.3,5.41,-3.0699997,-36.54762,1645.0,232.0,0.12757220092773439,False,REGULAR,USD,SPY,call,2026-09-22,0.019178082191780823,5.355,0.029814130387050535,0.5026674735473411,3967795.509635467,757.3900146484375,-0.004586781374170235,2026-09-15
SPY260922C00759000,2026-09-15 20:14:03+00:00,759.0,4.76,4.74,4.85,-2.4099998,-33.61227,1394.0,29.0,0.12543599182128906,False,REGULAR,USD,SPY,call,2026-09-22,0.019178082191780823,4.795,0.030249628817770536,0.47233791807327385,503219.19435985334,757.3900146484375,-0.004586781374170235,2026-09-15
SPY260922C00760000,2026-09-15 20:14:08+00:00,760.0,4.25,4.21,4.31,-1.6599998,-28.087984,1469.0,396.0,0.12311667907714845,False,REGULAR,USD,SPY,call,2026-09-22,0.019178082191780823,4.26,0.030556144029082338,0.4410728199567034,6941173.253307363,757.3900146484375,-0.004586781374170235,2026-09-15
SPY260922C00761000,2026-09-15 20:02:19+00:00,761.0,3.61,3.72,3.82,-1.7300003,-32.397007,444.0,115.0,0.12122460815429686,False,REGULAR,USD,SPY,call,2026-09-22,0.019178082191780823,3.77,0.030562886839740965,0.40937460788486657,2016189.5714005497,757.3900146484375,-0.004586781374170235,2026-09-15
SPY260922C00762000,2026-09-15 20:14:50+00:00,762.0,3.3,3.27,3.35,-1.4399998,-30.379745,573.0,93.0,0.11902736450195311,False,REGULAR,USD,SPY,call,2026-09-22,0.019178082191780823,3.31,0.030424160202456196,0.37700407749062126,1623082.8842845375,757.3900146484375,-0.004586781374170235,2026-09-15
SPY260922C00763000,2026-09-15 20:10:06+00:00,763.0,2.8,2.84,2.92,-1.53,-35.334873,648.0,128.0,0.1170437417602539,False,REGULAR,USD,SPY,call,2026-09-22,0.019178082191780823,2.88,0.029999971834672436,0.34463063129208693,2202774.1276066056,757.3900146484375,-0.004586781374170235,2026-09-15
SPY260922C00764000,2026-09-15 19:58:31+00:00,764.0,2.25,2.45,2.52,-1.5699999,-41.099476,324.0,163.0,0.11499908447265625,False,REGULAR,USD,SPY,call,2026-09-22,0.019178082191780823,2.4850000000000003,0.029340255830172145,0.31224567680546583,2743409.5807723682,757.3900146484375,-0.004586781374170235,2026-09-15
SPY260922C00765000,2026-09-15 20:14:49+00:00,765.0,2.14,2.11,2.16,-1.1499999,-34.954403,614.0,460.0,0.1131070135498047,False,REGULAR,USD,SPY,call,2026-09-22,0.019178082191780823,2.135,0.028397678637696794,0.28046660632579545,7493415.634659166,757.3900146484375,-0.004586781374170235,2026-09-15
SPY260922C00766000,2026-09-15 20:10:26+00:00,766.0,1.75,1.8,1.83,-1.1300001,-39.236115,809.0,89.0,0.11109287353515623,False,REGULAR,USD,SPY,call,2026-09-22,0.019178082191780823,1.815,0.027222044389331342,0.2491424731521354,1389792.2793408395,757.3900146484375,-0.004586781374170235,2026-09-15
SPY260922C00767000,2026-09-15 20:09:02+00:00,767.0,1.45,1.51,1.54,-1.3399999,-48.028667,715.0,122.0,0.10938390625,False,REGULAR,USD,SPY,call,2026-09-22,0.019178082191780823,1.525,0.025769228704774105,0.21942550681950723,1803434.613474683,757.3900146484375,-0.004586781374170235,2026-09-15
SPY260922C00768000,2026-09-15 20:14:11+00:00,768.0,1.25,1.26,1.28,-0.9100001,-42.12963,360.0,139.0,0.10755286987304688,False,REGULAR,USD,SPY,call,2026-09-22,0.019178082191780823,1.27,0.02411539986519733,0.19077401268930977,1922863.3331578043,757.3900146484375,-0.004586781374170235,2026-09-15
SPY260922C00769000,2026-09-15 20:14:29+00:00,769.0,1.04,1.04,1.06,-0.81000006,-43.783787,440.0,184.0,0.10608804077148437,False,REGULAR,USD,SPY,call,2026-09-22,0.019178082191780823,1.05,0.022269618917452234,0.16455594499185633,2350551.433488193,757.3900146484375,-0.004586781374170235,2026-09-15
SPY260922C00770000,2026-09-15 20:09:49+00:00,770.0,0.81,0.84,0.87,-0.71999997,-47.058823,705.0,388.0,0.10474528076171874,False,REGULAR,USD,SPY,call,2026-09-22,0.019178082191780823,0.855,0.020305831452030326,0.14047431232827773,4519513.134495042,757.3900146484375,-0.004586781374170235,2026-09-15
SPY260922C00771000,2026-09-15 20:14:35+00:00,771.0,0.68,0.68,0.7,-0.67,-49.629627,111.0,67.0,0.10309734802246093,False,REGULAR,USD,SPY,call,2026-09-22,0.019178082191780823,0.69,0.01824797370701096,0.11770106543375758,701339.9845751348,757.3900146484375,-0.004586781374170235,2026-09-15
SPY260922C00772000,2026-09-15 20:09:51+00:00,772.0,0.52,0.54,0.56,-0.53999996,-50.943394,308.0,67.0,0.10169355346679687,False,REGULAR,USD,SPY,call,2026-09-22,0.019178082191780823,0.55,0.016167277919472447,0.09763060934580847,621370.8233428854,757.3900146484375,-0.004586781374170235,2026-09-15
SPY260922C00773000,2026-09-15 20:13:46+00:00,773.0,0.43,0.43,0.45,-0.44,-50.57471,426.0,141.0,0.10083906982421875,False,REGULAR,USD,SPY,call,2026-09-22,0.019178082191780823,0.44,0.014176886801836175,0.0809120681608193,1146671.8066113421,757.3900146484375,-0.004586781374170235,2026-09-15
SPY260922C00774000,2026-09-15 20:07:36+00:00,774.0,0.33,0.34,0.35,-0.48999998,-59.756092,397.0,334.0,0.09937424072265624,False,REGULAR,USD,SPY,call,2026-09-22,0.019178082191780823,0.345,0.012171571410286793,0.06504699158771692,2332019.9880221197,757.3900146484375,-0.004586781374170235,2026-09-15
SPY260922C00775000,2026-09-15 20:14:35+00:00,775.0,0.27,0.26,0.27,-0.30999997,-53.448273,648.0,645.0,0.0981535498046875,False,REGULAR,USD,SPY,call,2026-09-22,0.019178082191780823,0.265,0.01030290179498339,0.0517926287311701,3812048.5674754567,757.3900146484375,-0.004586781374170235,2026-09-15
SPY260922C00776000,2026-09-15 19:58:01+00:00,776.0,0.17,0.2,0.21,-0.29000002,-63.043476,771.0,302.0,0.09742113525390625,False,REGULAR,USD,SPY,call,2026-09-22,0.019178082191780823,0.20500000000000002,0.008657556562682672,0.041314341556078715,1499827.9092974123,757.3900146484375,-0.004586781374170235,2026-09-15
SPY260922C00777000,2026-09-15 19:30:44+00:00,777.0,0.13,0.16,0.17,-0.24000001,-64.86486,550.0,464.0,0.09742113525390625,False,REGULAR,USD,SPY,call,2026-09-22,0.019178082191780823,0.165,0.007302378753724309,0.03354360971164051,1943665.319265489,757.3900146484375,-0.004586781374170235,2026-09-15
SPY260922C00778000,2026-09-15 19:54:18+00:00,778.0,0.09,0.12,0.13,-0.22999999,-71.87499,366.0,621.0,0.09668872070312501,False,REGULAR,USD,SPY,call,2026-09-22,0.019178082191780823,0.125,0.005978820345465012,0.026122054489425957,2129836.444517401,757.3900146484375,-0.004586781374170235,2026-09-15
SPY260922C00779000,2026-09-15 15:13:09+00:00,779.0,0.11,0.09,0.1,-0.14999999,-57.692307,30.0,354.0,0.09620044433593751,False,REGULAR,USD,SPY,call,2026-09-22,0.019178082191780823,0.095,0.004860861669896832,0.020306676887684904,987087.5503700349,757.3900146484375,-0.004586781374170235,2026-09-15
SPY260922C00780000,2026-09-15 20:03:55+00:00,780.0,0.07,0.07,0.08,-0.12,-63.157894,954.0,522.0,0.09668872070312501,False,REGULAR,USD,SPY,call,2026-09-22,0.019178082191780823,0.07500000000000001,0.004045680922421801,0.016468206690592412,1211438.2467396883,757.3900146484375,-0.004586781374170235,2026-09-15
SPY260922C00781000,2026-09-15 19:47:54+00:00,781.0,0.05,0.05,0.06,-0.10000001,-66.66667,257.0,160.0,0.09620044433593751,False,REGULAR,USD,SPY,call,2026-09-22,0.019178082191780823,0.055,0.003217570540370633,0.012547972518519603,295316.15809244575,757.3900146484375,-0.004586781374170235,2026-09-15
SPY260922C00782000,2026-09-15 19:28:35+00:00,782.0,0.04,0.04,0.05,-0.16999999,-80.95238,77.0,176.0,0.0971769970703125,False,REGULAR,USD,SPY,call,2026-09-22,0.019178082191780823,0.045,0.0027010593609346086,0.010378868857724322,272700.5079039722,757.3900146484375,-0.004586781374170235,2026-09-15
SPY260922C00783000,2026-09-15 19:04:28+00:00,783.0,0.03,0.03,0.04,-0.07,-70.0,5.0,181.0,0.0976652734375,False,REGULAR,USD,SPY,call,2026-09-22,0.019178082191780823,0.035,0.002211340570207558,0.008305170391078866,229600.7798728591,757.3900146484375,-0.004586781374170235,2026-09-15
SPY260922C00784000,2026-09-15 20:09:51+00:00,784.0,0.03,0.02,0.03,-0.04,-57.142857,171.0,248.0,0.0971769970703125,False,REGULAR,USD,SPY,call,2026-09-22,0.019178082191780823,0.025,0.0017104199553374733,0.006171822612444593,243328.84005984623,757.3900146484375,-0.004586781374170235,2026-09-15
SPY260922C00785000,2026-09-15 18:56:28+00:00,785.0,0.03,0.02,0.03,-0.04,-57.142857,638.0,756.0,0.100594931640625,False,REGULAR,USD,SPY,call,2026-09-22,0.019178082191780823,0.025,0.0016275742431408327,0.006067664495334292,705832.6667720058,757.3900146484375,-0.004586781374170235,2026-09-15
SPY260922C00786000,2026-09-15 20:04:27+00:00,786.0,0.03,0.02,0.03,-0.01,-25.0,7.0,247.0,0.10352458984374999,False,REGULAR,USD,SPY,call,2026-09-22,0.019178082191780823,0.025,0.0015136749928278395,0.0057749802690207465,214471.0804216471,757.3900146484375,-0.004586781374170235,2026-09-15
SPY260922C00787000,2026-09-15 14:09:08+00:00,787.0,0.03,0.01,0.02,-0.04,-57.142857,3.0,604.0,0.10157148437499999,False,REGULAR,USD,SPY,call,2026-09-22,0.019178082191780823,0.015,0.0010749318042932656,0.0038513290941765885,372440.586208748,757.3900146484375,-0.004586781374170235,2026-09-15
SPY260922C00788000,2026-09-15 15:05:27+00:00,788.0,0.02,0.01,0.02,-0.01,-33.333336,1.0,27.0,0.10450114257812498,False,REGULAR,USD,SPY,call,2026-09-22,0.019178082191780823,0.015,0.0010101151476594413,0.0037090158424640538,15644.936265119184,757.3900146484375,-0.004586781374170235,2026-09-15
SPY260922C00789000,2026-09-14 16:41:43+00:00,789.0,0.06,0.01,0.02,0.0,0.0,32.0,62.0,0.10743080078125,False,REGULAR,USD,SPY,call,2026-09-22,0.019178082191780823,0.015,0.0009518696623845494,0.0035801007871917962,33853.8702313156,757.3900146484375,-0.004586781374170235,2026-09-15
SPY260922C00790000,2026-09-15 17:25:06+00:00,790.0,0.02,0.01,0.02,-0.01,-33.333336,47.0,323.0,0.11036045898437499,False,REGULAR,USD,SPY,call,2026-09-22,0.019178082191780823,0.015,0.0008993297720891781,0.003462958801964011,166632.85810600859,757.3900146484375,-0.004586781374170235,2026-09-15
SPY260922C00791000,2026-09-14 15:36:40+00:00,791.0,0.04,0.01,0.02,0.0,0.0,1.0,54.0,0.1132901171875,False,REGULAR,USD,SPY,call,2026-09-22,0.019178082191780823,0.015,0.0008517671841658307,0.0033562076943100543,26384.80046531733,757.3900146484375,-0.004586781374170235,2026-09-15
SPY260922C00792000,2026-09-14 17:39:48+00:00,792.0,0.04,0.01,0.02,0.0,0.0,3.0,63.0,0.116219775390625,False,REGULAR,USD,SPY,call,2026-09-22,0.019178082191780823,0.015,0.0008085657800770933,0.0032586657672374706,29220.998838075673,757.3900146484375,-0.004586781374170235,2026-09-15
SPY260922C00793000,2026-09-15 14:24:43+00:00,793.0,0.02,0.01,0.02,0.0,0.0,120.0,80.0,0.11914943359374999,False,REGULAR,USD,SPY,call,2026-09-22,0.019178082191780823,0.015,0.0007692016581456983,0.0031693177757992344,35299.56462986513,757.3900146484375,-0.004586781374170235,2026-09-15
SPY260922C00794000,2026-09-15 13:33:56+00:00,794.0,0.02,0.01,0.02,0.0,0.0,220.0,15.0,0.12207909179687501,False,REGULAR,USD,SPY,call,2026-09-22,0.019178082191780823,0.015,0.0007332271651711474,0.003087287438294725,6309.122443194822,757.3900146484375,-0.004586781374170235,2026-09-15
SPY260922C00795000,2026-09-15 19:39:21+00:00,795.0,0.02,0.01,0.02,-0.01,-33.333336,32.0,173.0,0.12500875,False,REGULAR,USD,SPY,call,2026-09-22,0.019178082191780823,0.015,0.0007002580384055093,0.003011815101888308,69493.36735520374,757.3900146484375,-0.004586781374170235,2026-09-15
SPY260922C00796000,2026-09-14 19:41:48+00:00,796.0,0.02,0.01,0.02,0.0,0.0,20.0,100.0,0.127938408203125,False,REGULAR,USD,SPY,call,2026-09-22,0.019178082191780823,0.015,0.0006699629895823814,0.0029422394890957887,38431.73243313099,757.3900146484375,-0.004586781374170235,2026-09-15
SPY260922C00797000,2026-09-15 15:28:09+00:00,797.0,0.02,0.01,0.02,-0.04,-66.66667,20.0,6.0,0.13086806640624998,False,REGULAR,USD,SPY,call,2026-09-22,0.019178082191780823,0.015,0.0006420552188316897,0.0028779826960206936,2209.8499255443444,757.3900146484375,-0.004586781374170235,2026-09-15
SPY260922C00800000,2026-09-15 15:30:31+00:00,800.0,0.02,0.01,0.02,0.0,0.0,2.0,662.0,0.139657041015625,False,REGULAR,USD,SPY,call,2026-09-22,0.019178082191780823,0.015,0.0005703172743973239,0.0027123508266196604,216577.6643767154,757.3900146484375,-0.004586781374170235,2026-09-15
SPY260922C00801000,2026-09-11 19:24:28+00:00,801.0,0.03,0.01,0.02,0.0,0.0,0.0,24.0,0.14258669921875,False,REGULAR,USD,SPY,call,2026-09-22,0.019178082191780823,0.015,0.000549761233345403,0.0026648653718729853,7568.755988222753,757.3900146484375,-0.004586781374170235,2026-09-15
SPY260922C00803000,2026-09-10 15:30:26+00:00,803.0,0.04,0.01,0.02,0.0,0.0,0.0,24.0,0.148446015625,False,REGULAR,USD,SPY,call,2026-09-22,0.019178082191780823,0.015,0.000512765578011812,0.0025795533888266276,7059.4238075223775,757.3900146484375,-0.004586781374170235,2026-09-15
SPY260922C00804000,2026-09-11 19:44:50+00:00,804.0,0.03,0.01,0.02,0.0,0.0,0.0,24.0,0.15039912109375003,False,REGULAR,USD,SPY,call,2026-09-22,0.019178082191780823,0.015,0.00047422962114375167,0.0024004969903111072,6528.88575460773,757.3900146484375,-0.004586781374170235,2026-09-15
SPY260922C00805000,2026-09-14 16:38:37+00:00,805.0,0.03,0.01,0.02,0.0,0.0,1.0,23.0,0.15430533203125002,False,REGULAR,USD,SPY,call,2026-09-22,0.019178082191780823,0.015,0.00048046175685893046,0.0025054185286138043,6339.073849373141,757.3900146484375,-0.004586781374170235,2026-09-15
SPY260922C00806000,2026-09-11 15:52:39+00:00,806.0,0.04,0.01,0.02,0.0,0.0,0.0,1.0,0.1562584375,False,REGULAR,USD,SPY,call,2026-09-22,0.019178082191780823,0.015,0.00044591052540976424,0.002339350707141866,255.7919507217445,757.3900146484375,-0.004586781374170235,2026-09-15
SPY260922C00810000,2026-09-14 18:01:57+00:00,810.0,0.01,0.01,0.02,0.0,0.0,43.0,95.0,0.16797707031250003,False,REGULAR,USD,SPY,call,2026-09-22,0.019178082191780823,0.015,0.0003987381457752069,0.002239526670862132,21729.540391364626,757.3900146484375,-0.004586781374170235,2026-09-15
SPY260922C00815000,2026-09-08 19:54:14+00:00,815.0,0.04,0.01,0.02,0.0,0.0,0.0,50.0,0.18164880859375,False,REGULAR,USD,SPY,call,2026-09-22,0.019178082191780823,0.015,0.0003395220324998062,0.0020447326970559447,9738.164727815063,757.3900146484375,-0.004586781374170235,2026-09-15
SPY260922C00830000,2026-09-10 13:56:55+00:00,830.0,0.02,0.0,0.01,0.0,0.0,0.0,3.0,0.20703917968749996,False,REGULAR,USD,SPY,call,2026-09-22,0.019178082191780823,0.005,0.00012792696486201903,0.0008112016727623167,220.1519320175126,757.3900146484375,-0.004586781374170235,2026-09-15
SPY260922C00835000,2026-09-15 13:43:22+00:00,835.0,0.01,0.0,0.01,0.0,0.0,2.0,51.0,0.21875781249999998,False,REGULAR,USD,SPY,call,2026-09-22,0.019178082191780823,0.005,0.00011086244147372327,0.0007371850694680873,3243.349609552893,757.3900146484375,-0.004586781374170235,2026-09-15
SPY260922C00840000,2026-09-11 19:51:19+00:00,840.0,0.01,0.0,0.01,0.0,0.0,0.0,1.0,0.2304764453125,False,REGULAR,USD,SPY,call,2026-09-22,0.019178082191780823,0.005,9.752982066963133e-05,0.0006788920129761784,55.94697066121471,757.3900146484375,-0.004586781374170235,2026-09-15
SPY260922C00865000,2026-09-10 18:48:19+00:00,865.0,0.02,,0.01,0.0,0.0,0.0,200.0,0.2890696093749999,False,REGULAR,USD,SPY,call,2026-09-22,0.019178082191780823,0.02,6.07845799362936e-05,0.0005200241631609267,6973.6888410151405,757.3900146484375,-0.004586781374170235,2026-09-15
SPY260922C00870000,2026-09-10 14:21:52+00:00,870.0,0.01,,0.01,0.0,0.0,0.0,600.0,0.304694453125,False,REGULAR,USD,SPY,call,2026-09-22,0.019178082191780823,0.01,6.436674134877187e-05,0.0005856515759844702,22153.988380616684,757.3900146484375,-0.004586781374170235,2026-09-15
SPY260922C00875000,2026-09-10 13:31:16+00:00,875.0,0.01,,0.01,0.0,0.0,0.0,408.0,0.31250687499999996,False,REGULAR,USD,SPY,call,2026-09-22,0.019178082191780823,0.01,5.32533030589406e-05,0.0004903874694505806,12463.667758899568,757.3900146484375,-0.004586781374170235,2026-09-15
SPY260922P00550000,2026-09-14 14:21:34+00:00,550.0,0.03,0.02,0.03,0.0,0.0,20.0,25.0,0.7187528125,False,REGULAR,USD,SPY,put,2026-09-22,0.019178082191780823,0.025,2.505340566755559e-05,-0.000533992155186902,-359.2906616208641,757.3900146484375,-0.004586781374170235,2026-09-15
SPY260922P00590000,2026-09-11 17:30:31+00:00,590.0,0.05,0.04,0.05,0.0,0.0,0.0,1.0,0.6015664843750002,False,REGULAR,USD,SPY,put,2026-09-22,0.019178082191780823,0.045,6.059260811317408e-05,-0.0011486089840397895,-34.758321558667596,757.3900146484375,-0.004586781374170235,2026-09-15
SPY260922P00625000,2026-09-15 15:30:49+00:00,625.0,0.08,0.07,0.08,0.02,33.333336,56.0,6.0,0.500005,False,REGULAR,USD,SPY,put,2026-09-22,0.019178082191780823,0.07500000000000001,0.00014253547247791357,-0.002398441470108148,-490.58397783277815,757.3900146484375,-0.004586781374170235,2026-09-15
SPY260922P00630000,2026-09-15 19:25:40+00:00,630.0,0.09,0.07,0.08,0.020000003,28.571432,16.0,16.0,0.48438015625,False,REGULAR,USD,SPY,put,2026-09-22,0.019178082191780823,0.07500000000000001,0.00016005585970023766,-0.0026324872440698366,-1469.030157188504,757.3900146484375,-0.004586781374170235,2026-09-15
SPY260922P00640000,2026-09-15 17:17:06+00:00,640.0,0.1,0.08,0.09,0.020000003,25.000004,755.0,3.0,0.45313046875,False,REGULAR,USD,SPY,put,2026-09-22,0.019178082191780823,0.08499999999999999,0.00020357523646242378,-0.0031922361687706236,-350.33647258390243,757.3900146484375,-0.004586781374170235,2026-09-15
SPY260922P00655000,2026-09-15 14:18:57+00:00,655.0,0.11,0.1,0.11,-0.009999998,-8.333331,1.0,185.0,0.4062559375,False,REGULAR,USD,SPY,put,2026-09-22,0.019178082191780823,0.10500000000000001,0.0002998763211750327,-0.004352970075083951,-31823.874494002543,757.3900146484375,-0.004586781374170235,2026-09-15
SPY260922P00665000,2026-09-11 19:12:47+00:00,665.0,0.14,0.12,0.13,0.0,0.0,0.0,197.0,0.375982802734375,False,REGULAR,USD,SPY,put,2026-09-22,0.019178082191780823,0.125,0.00040261682207142423,-0.005554404199494933,-45498.522414628,757.3900146484375,-0.004586781374170235,2026-09-15
SPY260922P00670000,2026-09-15 19:03:46+00:00,670.0,0.16,0.13,0.14,-0.010000005,-5.8823557,267.0,75.0,0.36035795898437495,False,REGULAR,USD,SPY,put,2026-09-22,0.019178082191780823,0.135,0.0004671853757663098,-0.00626164107064775,-20099.703607487245,757.3900146484375,-0.004586781374170235,2026-09-15
SPY260922P00680000,2026-09-15 17:17:08+00:00,680.0,0.19,0.16,0.17,0.00999999,5.55555,298.0,11.0,0.3305731005859375,False,REGULAR,USD,SPY,put,2026-09-22,0.019178082191780823,0.165,0.0006550775485224057,-0.008330567392272448,-4133.562899019757,757.3900146484375,-0.004586781374170235,2026-09-15
SPY260922P00690000,2026-09-15 19:46:30+00:00,690.0,0.24,0.2,0.21,0.030000001,14.285715,1021.0,255.0,0.3002999658203125,False,REGULAR,USD,SPY,put,2026-09-22,0.019178082191780823,0.20500000000000002,0.0009414780257600167,-0.011303718012740327,-137717.62314900543,757.3900146484375,-0.004586781374170235,2026-09-15
SPY260922P00695000,2026-09-15 19:46:30+00:00,695.0,0.27,0.22,0.23,-0.00999999,-3.5714252,120.0,6.0,0.2841868457031249,False,REGULAR,USD,SPY,put,2026-09-22,0.019178082191780823,0.225,0.0011297887237243969,-0.013090315663792484,-3888.549541807681,757.3900146484375,-0.004586781374170235,2026-09-15
SPY260922P00700000,2026-09-15 20:13:55+00:00,700.0,0.26,0.25,0.26,-0.04000002,-13.333339,162.0,287.0,0.2690502783203125,False,REGULAR,USD,SPY,put,2026-09-22,0.019178082191780823,0.255,0.001389283477949399,-0.015617484961946038,-228724.0950036666,757.3900146484375,-0.004586781374170235,2026-09-15
SPY260922P00705000,2026-09-15 20:09:51+00:00,705.0,0.3,0.3,0.31,-0.03999999,-11.764703,33.0,86.0,0.2556226782226563,False,REGULAR,USD,SPY,put,2026-09-22,0.019178082191780823,0.305,0.0017672436107696499,-0.019497014808599666,-87183.44415803112,757.3900146484375,-0.004586781374170235,2026-09-15
SPY260922P00710000,2026-09-15 20:03:05+00:00,710.0,0.37,0.35,0.36,-0.049999982,-11.9047575,564.0,381.0,0.24073024902343748,False,REGULAR,USD,SPY,put,2026-09-22,0.019178082191780823,0.355,0.0022346629169657743,-0.02397354066390711,-488400.55422860995,757.3900146484375,-0.004586781374170235,2026-09-15
SPY260922P00715000,2026-09-15 19:37:14+00:00,715.0,0.49,0.43,0.44,0.060000002,13.953488,60.0,141.0,0.22730264892578123,False,REGULAR,USD,SPY,put,2026-09-22,0.019178082191780823,0.435,0.0029132875500521432,-0.030754063248147778,-235635.9858755416,757.3900146484375,-0.004586781374170235,2026-09-15
SPY260922P00718000,2026-09-15 20:05:07+00:00,718.0,0.52,0.5,0.51,-0.00999999,-1.8867908,28.0,82.0,0.22022264160156246,False,REGULAR,USD,SPY,put,2026-09-22,0.019178082191780823,0.505,0.0034696040108853866,-0.036594393508544654,-163204.7948264648,757.3900146484375,-0.004586781374170235,2026-09-15
SPY260922P00719000,2026-09-15 19:59:05+00:00,719.0,0.57,0.52,0.53,0.01999998,3.6363602,255.0,62.0,0.2172929833984375,False,REGULAR,USD,SPY,put,2026-09-22,0.019178082191780823,0.525,0.00366013050198896,-0.03843460984082403,-130174.94720191596,757.3900146484375,-0.004586781374170235,2026-09-15
SPY260922P00720000,2026-09-15 20:03:05+00:00,720.0,0.58,0.55,0.56,0.07999998,15.999996,218.0,167.0,0.21509573974609375,False,REGULAR,USD,SPY,put,2026-09-22,0.019178082191780823,0.555,0.003889809011810057,-0.040907112155433634,-372635.21937123,757.3900146484375,-0.004586781374170235,2026-09-15
SPY260922P00721000,2026-09-15 16:47:20+00:00,721.0,0.64,0.57,0.58,0.06999999,12.280701,27.0,75.0,0.21204401245117185,False,REGULAR,USD,SPY,put,2026-09-22,0.019178082191780823,0.575,0.004103337580241207,-0.04293385068805289,-176537.78016709007,757.3900146484375,-0.004586781374170235,2026-09-15
SPY260922P00722000,2026-09-15 19:56:36+00:00,722.0,0.69,0.6,0.61,0.14999998,27.777773,30.0,42.0,0.20960263061523435,False,REGULAR,USD,SPY,put,2026-09-22,0.019178082191780823,0.605,0.0043545541919530195,-0.045559195042284006,-104913.68471489895,757.3900146484375,-0.004586781374170235,2026-09-15
SPY260922P00723000,2026-09-15 20:12:03+00:00,723.0,0.64,0.64,0.65,-0.060000002,-8.571428,55.0,149.0,0.20777159423828123,False,REGULAR,USD,SPY,put,2026-09-22,0.019178082191780823,0.645,0.004645886485282839,-0.04885493460031287,-397094.62903062353,757.3900146484375,-0.004586781374170235,2026-09-15
SPY260922P00724000,2026-09-15 19:19:58+00:00,724.0,0.74,0.67,0.68,0.01999998,2.777775,134.0,238.0,0.2049640051269531,False,REGULAR,USD,SPY,put,2026-09-22,0.019178082191780823,0.675,0.004918291017504535,-0.0515869511377256,-671475.7452249335,757.3900146484375,-0.004586781374170235,2026-09-15
SPY260922P00725000,2026-09-15 20:09:51+00:00,725.0,0.73,0.71,0.72,0.060000002,8.955224,613.0,917.0,0.20276676147460934,False,REGULAR,USD,SPY,put,2026-09-22,0.019178082191780823,0.715,0.005233383356574966,-0.05503744069596983,-2752903.7972355084,757.3900146484375,-0.004586781374170235,2026-09-15
SPY260922P00726000,2026-09-15 18:39:15+00:00,726.0,0.87,0.75,0.76,0.120000005,16.0,38.0,97.0,0.2004474487304687,False,REGULAR,USD,SPY,put,2026-09-22,0.019178082191780823,0.755,0.005564359809731963,-0.05863132795317494,-309617.92065187066,757.3900146484375,-0.004586781374170235,2026-09-15
SPY260922P00727000,2026-09-15 19:33:28+00:00,727.0,0.89,0.79,0.8,0.110000014,14.102567,101.0,220.0,0.19788399780273438,False,REGULAR,USD,SPY,put,2026-09-22,0.019178082191780823,0.795,0.005907642239126299,-0.06226028917065629,-745548.7013839935,757.3900146484375,-0.004586781374170235,2026-09-15
SPY260922P00728000,2026-09-15 20:05:07+00:00,728.0,0.86,0.84,0.85,0.08000004,10.256415,374.0,147.0,0.19568675415039063,False,REGULAR,USD,SPY,put,2026-09-22,0.019178082191780823,0.845,0.006288561633322773,-0.06651093322993096,-530283.1247449858,757.3900146484375,-0.004586781374170235,2026-09-15
SPY260922P00729000,2026-09-15 20:14:11+00:00,729.0,0.88,0.89,0.9,0.06999999,8.641974,766.0,135.0,0.19336744140625,False,REGULAR,USD,SPY,put,2026-09-22,0.019178082191780823,0.895,0.0066893466793948465,-0.07095348450030137,-518032.04167819844,757.3900146484375,-0.004586781374170235,2026-09-15
SPY260922P00730000,2026-09-15 20:14:38+00:00,730.0,0.95,0.94,0.96,0.089999974,10.465113,476.0,1034.0,0.1914143359375,False,REGULAR,USD,SPY,put,2026-09-22,0.019178082191780823,0.95,0.007130092014815796,-0.07611081531666386,-4229166.890605114,757.3900146484375,-0.004586781374170235,2026-09-15
SPY260922P00731000,2026-09-15 19:52:25+00:00,731.0,1.22,1.0,1.02,0.32000005,35.55556,312.0,67.0,0.18921709228515626,False,REGULAR,USD,SPY,put,2026-09-22,0.019178082191780823,1.01,0.0075886594376239945,-0.08138644486256352,-291661.4402444222,757.3900146484375,-0.004586781374170235,2026-09-15
SPY260922P00732000,2026-09-15 19:40:55+00:00,732.0,1.15,1.06,1.08,0.14999998,14.999998,152.0,295.0,0.1868367449951172,False,REGULAR,USD,SPY,put,2026-09-22,0.019178082191780823,1.07,0.008069387129565984,-0.08684814781440275,-1365531.483172857,757.3900146484375,-0.004586781374170235,2026-09-15
SPY260922P00733000,2026-09-15 19:51:26+00:00,733.0,1.34,1.13,1.15,0.38000005,39.58334,98.0,329.0,0.18470053588867186,False,REGULAR,USD,SPY,put,2026-09-22,0.019178082191780823,1.14,0.008588865166491638,-0.09300314883569505,-1620954.5326384418,757.3900146484375,-0.004586781374170235,2026-09-15
SPY260922P00734000,2026-09-15 20:14:35+00:00,734.0,1.21,1.21,1.22,0.20000005,19.801985,78.0,52.0,0.18238122314453126,False,REGULAR,USD,SPY,put,2026-09-22,0.019178082191780823,1.2149999999999999,0.009133711309272367,-0.09939565820069474,-272451.858387996,757.3900146484375,-0.004586781374170235,2026-09-15
SPY260922P00735000,2026-09-15 20:14:38+00:00,735.0,1.29,1.29,1.3,0.18999994,17.272722,187.0,372.0,0.1801839794921875,False,REGULAR,USD,SPY,put,2026-09-22,0.019178082191780823,1.295,0.00971522536548026,-0.10641806618153482,-2073170.257157004,757.3900146484375,-0.004586781374170235,2026-09-15
SPY260922P00736000,2026-09-15 20:14:28+00:00,736.0,1.38,1.37,1.38,0.13999999,11.290321,219.0,350.0,0.17780363220214845,False,REGULAR,USD,SPY,put,2026-09-22,0.019178082191780823,1.375,0.010325978710921415,-0.1137288165206235,-2073186.7279937158,757.3900146484375,-0.004586781374170235,2026-09-15
SPY260922P00737000,2026-09-15 17:19:27+00:00,737.0,1.72,1.46,1.48,0.4100001,31.297718,148.0,200.0,0.1759725958251953,False,REGULAR,USD,SPY,put,2026-09-22,0.019178082191780823,1.47,0.010984311272771021,-0.12230901262226856,-1260207.260286134,757.3900146484375,-0.004586781374170235,2026-09-15
SPY260922P00738000,2026-09-15 19:59:03+00:00,738.0,1.72,1.56,1.58,0.49,39.8374,85.0,98.0,0.17383638671875,False,REGULAR,USD,SPY,put,2026-09-22,0.019178082191780823,1.57,0.011670107603458948,-0.13110187128195672,-656054.7532608074,757.3900146484375,-0.004586781374170235,2026-09-15
SPY260922P00739000,2026-09-15 20:01:44+00:00,739.0,1.76,1.67,1.69,0.45000005,34.35115,353.0,110.0,0.17182224670410157,False,REGULAR,USD,SPY,put,2026-09-22,0.019178082191780823,1.68,0.012392578154730322,-0.14070601067539323,-781976.1400637275,757.3900146484375,-0.004586781374170235,2026-09-15
SPY260922P00740000,2026-09-15 20:14:50+00:00,740.0,1.8,1.79,1.81,0.089999914,5.2631526,384.0,694.0,0.16986914123535157,False,REGULAR,USD,SPY,put,2026-09-22,0.019178082191780823,1.8,0.013149346448360195,-0.15108717057469456,-5234832.483718496,757.3900146484375,-0.004586781374170235,2026-09-15
SPY260922P00741000,2026-09-15 19:58:36+00:00,741.0,2.15,1.92,1.94,0.6500001,43.33334,205.0,44.0,0.16791603576660158,False,REGULAR,USD,SPY,put,2026-09-22,0.019178082191780823,1.93,0.01393885292042169,-0.16220471331872255,-351818.6536339681,757.3900146484375,-0.004586781374170235,2026-09-15
SPY260922P00742000,2026-09-15 19:59:20+00:00,742.0,2.26,2.05,2.08,0.71000004,45.806454,93.0,269.0,0.16602396484375004,False,REGULAR,USD,SPY,put,2026-09-22,0.019178082191780823,2.065,0.014759248753403573,-0.1741870815175326,-2277485.8254097113,757.3900146484375,-0.004586781374170235,2026-09-15
SPY260922P00743000,2026-09-15 19:58:26+00:00,743.0,2.48,2.2,2.22,0.68000007,37.777782,278.0,224.0,0.16376568664550784,False,REGULAR,USD,SPY,put,2026-09-22,0.019178082191780823,2.21,0.015616516309654913,-0.18647029406873838,-2006648.6058620182,757.3900146484375,-0.004586781374170235,2026-09-15
SPY260922P00744000,2026-09-15 20:11:45+00:00,744.0,2.37,2.36,2.38,0.5899999,33.146065,237.0,60.0,0.16181258117675779,False,REGULAR,USD,SPY,put,2026-09-22,0.019178082191780823,2.37,0.016497982829071233,-0.20005081599954289,-567833.8101946361,757.3900146484375,-0.004586781374170235,2026-09-15
SPY260922P00745000,2026-09-15 20:05:19+00:00,745.0,2.59,2.53,2.55,0.29999995,13.100435,116.0,372.0,0.15979844116210937,False,REGULAR,USD,SPY,put,2026-09-22,0.019178082191780823,2.54,0.017407116823340413,-0.2144519376434053,-3714573.3118279236,757.3900146484375,-0.004586781374170235,2026-09-15
SPY260922P00746000,2026-09-15 19:45:23+00:00,746.0,3.17,2.68,2.76,0.77,32.083332,100.0,87.0,0.15851671569824222,False,REGULAR,USD,SPY,put,2026-09-22,0.019178082191780823,2.7199999999999998,0.018298976672153282,-0.23080991527519257,-913240.59088895,757.3900146484375,-0.004586781374170235,2026-09-15
SPY260922P00747000,2026-09-15 20:09:54+00:00,747.0,2.99,2.88,2.96,0.37000012,14.122143,89.0,188.0,0.15656361022949222,False,REGULAR,USD,SPY,put,2026-09-22,0.019178082191780823,2.92,0.01923571804927266,-0.24720559511132945,-2074461.6102099442,757.3900146484375,-0.004586781374170235,2026-09-15
SPY260922P00748000,2026-09-15 19:58:17+00:00,748.0,3.54,3.1,3.17,0.75,26.881721,83.0,105.0,0.15448843566894532,False,REGULAR,USD,SPY,put,2026-09-22,0.019178082191780823,3.135,0.020192812632364505,-0.26445569028364324,-1216256.753638407,757.3900146484375,-0.004586781374170235,2026-09-15
SPY260922P00749000,2026-09-15 19:58:36+00:00,749.0,3.76,3.32,3.41,1.0699999,39.776947,100.0,130.0,0.1528099856567383,False,REGULAR,USD,SPY,put,2026-09-22,0.019178082191780823,3.365,0.021119616945058234,-0.2832483659322954,-1574956.414289747,757.3900146484375,-0.004586781374170235,2026-09-15
SPY260922P00750000,2026-09-15 20:10:38+00:00,750.0,3.69,3.57,3.65,0.51,16.037735,310.0,208.0,0.15070429382324224,False,REGULAR,USD,SPY,put,2026-09-22,0.019178082191780823,3.61,0.02208107120178527,-0.30257641673918123,-2634648.142652243,757.3900146484375,-0.004586781374170235,2026-09-15
SPY260922P00751000,2026-09-15 19:01:51+00:00,751.0,4.17,3.83,3.93,1.2,40.40404,75.0,101.0,0.1491173956298828,False,REGULAR,USD,SPY,put,2026-09-22,0.019178082191780823,3.88,0.02296979980359284,-0.32356165363994294,-1330815.1434618507,757.3900146484375,-0.004586781374170235,2026-09-15
SPY260922P00752000,2026-09-15 19:24:07+00:00,752.0,4.57,4.12,4.22,1.0300002,29.096052,623.0,87.0,0.14734739379882814,False,REGULAR,USD,SPY,put,2026-09-22,0.019178082191780823,4.17,0.02384967991376287,-0.34538782919928923,-1190257.5847370685,757.3900146484375,-0.004586781374170235,2026-09-15
SPY260922P00753000,2026-09-15 19:12:16+00:00,753.0,4.88,4.42,4.52,1.0600002,27.748695,112.0,207.0,0.14527221923828126,False,REGULAR,USD,SPY,put,2026-09-22,0.019178082191780823,4.47,0.02473566532230059,-0.368005563113191,-2937197.1079424005,757.3900146484375,-0.004586781374170235,2026-09-15
SPY260922P00754000,2026-09-15 20:08:06+00:00,754.0,4.88,4.76,4.85,0.8699999,21.695755,150.0,216.0,0.14347170013427735,False,REGULAR,USD,SPY,put,2026-09-22,0.019178082191780823,4.805,0.025531741646315227,-0.39191752116283307,-3163540.09120364,757.3900146484375,-0.004586781374170235,2026-09-15
SPY260922P00755000,2026-09-15 20:11:50+00:00,755.0,5.15,5.11,5.2,1.06,25.916868,357.0,271.0,0.141610146484375,False,REGULAR,USD,SPY,put,2026-09-22,0.019178082191780823,5.155,0.026272981436697755,-0.41679970449976866,-4084301.5584819973,757.3900146484375,-0.004586781374170235,2026-09-15
SPY260922P00756000,2026-09-15 20:14:25+00:00,756.0,5.59,5.48,5.58,0.89000034,18.936178,514.0,479.0,0.1398706619262695,False,REGULAR,USD,SPY,put,2026-09-22,0.019178082191780823,5.53,0.026912296402127427,-0.44270132603525625,-7394782.775812976,757.3900146484375,-0.004586781374170235,2026-09-15
SPY260922P00757000,2026-09-15 20:05:18+00:00,757.0,6.06,5.89,5.99,0.9899998,19.526623,2089.0,304.0,0.13828376373291018,False,REGULAR,USD,SPY,put,2026-09-22,0.019178082191780823,5.9399999999999995,0.027424891217590563,-0.4694987111304818,-4782529.3888175115,757.3900146484375,-0.004586781374170235,2026-09-15
SPY260922P00758000,2026-09-15 20:14:07+00:00,758.0,6.36,6.32,6.43,0.98,18.215612,610.0,205.0,0.13678841735839847,True,REGULAR,USD,SPY,put,2026-09-22,0.019178082191780823,6.375,0.027805228193860995,-0.4970202385396614,-3269787.0911528803,757.3900146484375,-0.004586781374170235,2026-09-15
SPY260922P00759000,2026-09-15 19:55:44+00:00,759.0,7.53,6.73,6.94,1.7000003,29.159525,517.0,224.0,0.13626962371826173,True,REGULAR,USD,SPY,put,2026-09-22,0.019178082191780823,6.835000000000001,0.027857512523259388,-0.5248924311734169,-3579558.8183148014,757.3900146484375,-0.004586781374170235,2026-09-15
SPY260922P00760000,2026-09-15 20:06:20+00:00,760.0,7.5,7.22,7.41,1.3200002,21.359226,1968.0,1964.0,0.1342554837036133,True,REGULAR,USD,SPY,put,2026-09-22,0.019178082191780823,7.3149999999999995,0.028075616064255043,-0.5534850675638048,-31630781.962348763,757.3900146484375,-0.004586781374170235,2026-09-15
SPY260922P00761000,2026-09-15 20:13:53+00:00,761.0,7.83,7.73,7.96,1.1700001,17.56757,239.0,233.0,0.13343151733398437,True,REGULAR,USD,SPY,put,2026-09-22,0.019178082191780823,7.845000000000001,0.027903773586338176,-0.5818298232313301,-3729563.5407576133,757.3900146484375,-0.004586781374170235,2026-09-15
SPY260922P00762000,2026-09-15 19:30:01+00:00,762.0,9.15,8.28,8.56,2.3499994,34.558815,83.0,123.0,0.1331873791503906,True,REGULAR,USD,SPY,put,2026-09-22,0.019178082191780823,8.42,0.027473896771783884,-0.6095655156318196,-1938494.279889703,757.3900146484375,-0.004586781374170235,2026-09-15
SPY260922P00763000,2026-09-15 19:58:48+00:00,763.0,9.71,8.79,9.16,2.13,28.100266,78.0,144.0,0.13227186096191407,True,REGULAR,USD,SPY,put,2026-09-22,0.019178082191780823,8.975,0.027029632142141602,-0.6375192658868516,-2232758.634766365,757.3900146484375,-0.004586781374170235,2026-09-15
SPY260922P00764000,2026-09-15 17:24:48+00:00,764.0,10.75,9.4,9.83,3.3600001,45.466846,99.0,224.0,0.1324549645996094,True,REGULAR,USD,SPY,put,2026-09-22,0.019178082191780823,9.615,0.026261271205946006,-0.6637530001057794,-3374449.3463626006,757.3900146484375,-0.004586781374170235,2026-09-15
SPY260922P00765000,2026-09-15 19:57:18+00:00,765.0,11.16,10.1,10.5,3.56,46.842106,89.0,526.0,0.1320277227783203,True,REGULAR,USD,SPY,put,2026-09-22,0.019178082191780823,10.3,0.02547807319756441,-0.6899454767849702,-7687612.34309918,757.3900146484375,-0.004586781374170235,2026-09-15
SPY260922P00766000,2026-09-15 16:36:16+00:00,766.0,11.54,10.79,11.19,2.7200003,30.839006,85.0,32.0,0.13150892913818357,True,REGULAR,USD,SPY,put,2026-09-22,0.019178082191780823,10.989999999999998,0.02459330821897559,-0.7154755030564592,-451446.28264620027,757.3900146484375,-0.004586781374170235,2026-09-15
SPY260922P00767000,2026-09-15 20:10:23+00:00,767.0,11.8,11.49,11.91,2.9700003,33.635338,58.0,49.0,0.13114272186279297,True,REGULAR,USD,SPY,put,2026-09-22,0.019178082191780823,11.7,0.02358761913356616,-0.7398650529794208,-663008.8674630139,757.3900146484375,-0.004586781374170235,2026-09-15
SPY260922P00768000,2026-09-15 13:59:35+00:00,768.0,11.39,12.22,12.69,2.08,22.341568,24.0,34.0,0.131844619140625,True,REGULAR,USD,SPY,put,2026-09-22,0.019178082191780823,12.455,0.022409078527729755,-0.761386625805242,-437061.01078773505,757.3900146484375,-0.004586781374170235,2026-09-15
SPY260922P00769000,2026-09-15 18:52:37+00:00,769.0,14.25,13.02,13.47,4.0600004,39.842987,1.0,31.0,0.13196668823242189,True,REGULAR,USD,SPY,put,2026-09-22,0.019178082191780823,13.245000000000001,0.021240826431787443,-0.7826861433350437,-377721.97709623247,757.3900146484375,-0.004586781374170235,2026-09-15
SPY260922P00770000,2026-09-15 17:28:48+00:00,770.0,15.26,13.0,15.34,3.96,35.044247,32.0,92.0,0.16376568664550784,True,REGULAR,USD,SPY,put,2026-09-22,0.019178082191780823,14.17,0.018394727650925712,-0.7526697677071323,-970778.9255123672,757.3900146484375,-0.004586781374170235,2026-09-15
SPY260922P00771000,2026-09-11 16:49:09+00:00,771.0,9.32,13.62,16.21,0.0,0.0,0.0,3.0,0.16681741394042973,True,REGULAR,USD,SPY,put,2026-09-22,0.019178082191780823,14.915,0.017516025110259497,-0.7661368531189926,-30143.658715347025,757.3900146484375,-0.004586781374170235,2026-09-15
SPY260922P00773000,2026-09-15 17:38:29+00:00,773.0,18.0,15.35,18.57,4.51,33.432175,4.0,11.0,0.19043778320312502,True,REGULAR,USD,SPY,put,2026-09-22,0.019178082191780823,16.96,0.015286617687731523,-0.767695405020322,-96459.10757899375,757.3900146484375,-0.004586781374170235,2026-09-15
SPY260922P00774000,2026-09-15 13:31:25+00:00,774.0,15.5,16.26,19.48,-2.6800003,-14.741475,1.0,1.0,0.19440502868652343,True,REGULAR,USD,SPY,put,2026-09-22,0.019178082191780823,17.87,0.014614641126974384,-0.777516329704948,-8383.53739134491,757.3900146484375,-0.004586781374170235,2026-09-15
SPY260922P00775000,2026-09-15 19:45:22+00:00,775.0,19.91,17.22,20.41,5.13,34.70907,10.0,26.0,0.19873848144531248,True,REGULAR,USD,SPY,put,2026-09-22,0.019178082191780823,18.814999999999998,0.013969540289132394,-0.7862556539703691,-208350.53154878557,757.3900146484375,-0.004586781374170235,2026-09-15
SPY260922P00776000,2026-09-10 19:38:59+00:00,776.0,19.8,18.14,21.36,0.0,0.0,0.0,10.0,0.2036212451171875,True,REGULAR,USD,SPY,put,2026-09-22,0.019178082191780823,19.75,0.013351266877856626,-0.7937578424452809,-76588.15849110656,757.3900146484375,-0.004586781374170235,2026-09-15
SPY260922P00778000,2026-09-10 13:44:22+00:00,778.0,21.19,20.07,23.29,0.0,0.0,0.0,1.0,0.21381401428222657,True,REGULAR,USD,SPY,put,2026-09-22,0.019178082191780823,21.68,0.012226316295532738,-0.8067587338301841,-7013.499608473001,757.3900146484375,-0.004586781374170235,2026-09-15
SPY260922P00790000,2026-09-09 14:08:58+00:00,790.0,27.07,31.62,35.2,0.0,0.0,0.0,0.0,0.2802196002197265,True,REGULAR,USD,SPY,put,2026-09-22,0.019178082191780823,33.410000000000004,0.007845102091275816,-0.852476597321292,-0.0,757.3900146484375,-0.004586781374170235,2026-09-15
SPY260922P00795000,2026-09-09 14:09:41+00:00,795.0,32.18,36.61,40.19,0.0,0.0,0.0,1.0,0.30689169677734374,True,REGULAR,USD,SPY,put,2026-09-22,0.019178082191780823,38.4,0.006760261641880299,-0.8645576591611887,-3877.954015947254,757.3900146484375,-0.004586781374170235,2026-09-15
SPY260923C00685000,2026-09-10 18:10:08+00:00,685.0,73.4,71.27,75.21,0.0,0.0,0.0,1.0,0.5064746618652343,True,REGULAR,USD,SPY,call,2026-09-23,0.021917808219178082,73.24,0.002677363799747675,0.917578605879338,1535.8419909462932,757.3900146484375,-0.004586781374170235,2026-09-15
SPY260923C00690000,2026-09-10 13:48:56+00:00,690.0,69.08,66.28,70.23,0.0,0.0,0.0,41.0,0.4802298071289062,True,REGULAR,USD,SPY,call,2026-09-23,0.021917808219178082,68.255,0.0029440167853808227,0.9128615577505145,69240.99319638718,757.3900146484375,-0.004586781374170235,2026-09-15
SPY260923C00700000,2026-09-11 19:35:02+00:00,700.0,65.55,56.31,60.27,0.0,0.0,0.0,0.0,0.426885614013672,True,REGULAR,USD,SPY,call,2026-09-23,0.021917808219178082,58.290000000000006,0.0036160836436976117,0.9018725986592382,0.0,757.3900146484375,-0.004586781374170235,2026-09-15
SPY260923C00705000,2026-09-14 14:59:23+00:00,705.0,53.91,51.34,55.3,0.0,0.0,2.0,1.0,0.4003355865478516,True,REGULAR,USD,SPY,call,2026-09-23,0.021917808219178082,53.32,0.004049318048757912,0.8950517403290117,2322.8493246099856,757.3900146484375,-0.004586781374170235,2026-09-15
SPY260923C00715000,2026-09-10 14:32:51+00:00,715.0,45.01,41.42,45.27,0.0,0.0,0.0,212.0,0.34265794067382804,True,REGULAR,USD,SPY,call,2026-09-23,0.021917808219178082,43.345,0.005187986678834521,0.880601901332414,630919.3736024582,757.3900146484375,-0.004586781374170235,2026-09-15
SPY260923C00720000,2026-09-09 14:28:13+00:00,720.0,44.61,36.5,40.4,0.0,0.0,0.0,50.0,0.3186103295898437,True,REGULAR,USD,SPY,call,2026-09-23,0.021917808219178082,38.45,0.005994274178938732,0.8676776568137721,171927.66239176854,757.3900146484375,-0.004586781374170235,2026-09-15
SPY260923C00725000,2026-09-09 14:28:17+00:00,725.0,39.79,31.72,35.47,0.0,0.0,0.0,51.0,0.29157202575683583,True,REGULAR,USD,SPY,call,2026-09-23,0.021917808219178082,33.595,0.006998819309269658,0.8541529951767524,204754.8076002934,757.3900146484375,-0.004586781374170235,2026-09-15
SPY260923C00730000,2026-09-15 15:16:26+00:00,730.0,26.95,26.89,30.65,-8.009998,-22.911894,36.0,50.0,0.26709717285156254,True,REGULAR,USD,SPY,call,2026-09-23,0.021917808219178082,28.77,0.00829391899093458,0.8348310722935018,237886.03283918172,757.3900146484375,-0.004586781374170235,2026-09-15
SPY260923C00742000,2026-09-10 14:20:31+00:00,742.0,19.55,16.51,19.11,0.0,0.0,0.0,1.0,0.20218693328857418,True,REGULAR,USD,SPY,call,2026-09-23,0.021917808219178082,17.810000000000002,0.01348010156574928,0.7673318160211082,7732.720532357155,757.3900146484375,-0.004586781374170235,2026-09-15
SPY260923C00743000,2026-09-15 13:49:32+00:00,743.0,17.93,16.47,17.38,-2.0699997,-10.349998,2.0,3.0,0.17591156127929689,True,REGULAR,USD,SPY,call,2026-09-23,0.021917808219178082,16.924999999999997,0.014882773951105037,0.7832581572782489,25612.047019560414,757.3900146484375,-0.004586781374170235,2026-09-15
SPY260923C00744000,2026-09-15 13:41:47+00:00,744.0,17.26,15.62,16.51,-0.6700001,-3.7367544,2.0,1.0,0.1726156958007813,True,REGULAR,USD,SPY,call,2026-09-23,0.021917808219178082,16.065,0.01561582603808883,0.7718870606760164,8957.856737612425,757.3900146484375,-0.004586781374170235,2026-09-15
SPY260923C00745000,2026-09-15 19:25:44+00:00,745.0,14.28,14.9,15.66,-2.8499994,-16.637476,1.0,1.0,0.1695639685058594,True,REGULAR,USD,SPY,call,2026-09-23,0.021917808219178082,15.280000000000001,0.016371053638255507,0.7594465516394524,9391.085221977119,757.3900146484375,-0.004586781374170235,2026-09-15
SPY260923C00746000,2026-09-10 19:36:39+00:00,746.0,16.11,14.13,14.82,0.0,0.0,0.0,0.0,0.166573275756836,True,REGULAR,USD,SPY,call,2026-09-23,0.021917808219178082,14.475000000000001,0.01715250755677599,0.7461208005379538,0.0,757.3900146484375,-0.004586781374170235,2026-09-15
SPY260923C00747000,2026-09-15 19:20:01+00:00,747.0,12.72,13.13,13.99,-2.6499996,-17.241377,82.0,2.0,0.16352154846191408,True,REGULAR,USD,SPY,call,2026-09-23,0.021917808219178082,13.56,0.017965563519775855,0.7320096417513813,20611.518574565805,757.3900146484375,-0.004586781374170235,2026-09-15
SPY260923C00749000,2026-09-15 16:36:49+00:00,749.0,11.68,11.57,12.37,-1.9899998,-14.557423,8.0,21.0,0.1575401629638672,True,REGULAR,USD,SPY,call,2026-09-23,0.021917808219178082,11.969999999999999,0.019657360018264004,0.7008536817846018,236801.05705131387,757.3900146484375,-0.004586781374170235,2026-09-15
SPY260923C00750000,2026-09-15 19:27:55+00:00,750.0,10.46,10.8,11.59,-4.0699997,-28.01101,20.0,36.0,0.1547630911254883,True,REGULAR,USD,SPY,call,2026-09-23,0.021917808219178082,11.195,0.02051065409295889,0.6835554517903205,423566.0680649906,757.3900146484375,-0.004586781374170235,2026-09-15
SPY260923C00753000,2026-09-15 19:42:49+00:00,753.0,8.33,8.62,9.35,-3.2200003,-27.87879,24.0,4.0,0.14655394470214844,True,REGULAR,USD,SPY,call,2026-09-23,0.021917808219178082,8.985,0.023071314722080464,0.6252050127041858,52938.48215897744,757.3900146484375,-0.004586781374170235,2026-09-15
SPY260923C00754000,2026-09-15 18:41:11+00:00,754.0,7.69,8.08,8.5,-6.78,-46.855564,19.0,2.0,0.14084721466064454,True,REGULAR,USD,SPY,call,2026-09-23,0.021917808219178082,8.29,0.02437211838919594,0.6054981252016636,27961.626159260963,757.3900146484375,-0.004586781374170235,2026-09-15
SPY260923C00755000,2026-09-15 18:41:47+00:00,755.0,7.22,7.45,7.7,-2.3300004,-24.39791,85.0,29.0,0.13581186462402345,True,REGULAR,USD,SPY,call,2026-09-23,0.021917808219178082,7.575,0.02562125812800015,0.5834973871905605,426223.7051346513,757.3900146484375,-0.004586781374170235,2026-09-15
SPY260923C00756000,2026-09-15 20:10:53+00:00,756.0,6.92,6.89,7.02,-2.9300003,-29.746195,61.0,36.0,0.13288220642089843,True,REGULAR,USD,SPY,call,2026-09-23,0.021917808219178082,6.955,0.02648396748997618,0.5587405095186406,546921.1233171341,757.3900146484375,-0.004586781374170235,2026-09-15
SPY260923C00757000,2026-09-15 20:07:41+00:00,757.0,6.19,6.29,6.41,-2.9199996,-32.05269,175.0,86.0,0.13095961822509766,True,REGULAR,USD,SPY,call,2026-09-23,0.021917808219178082,6.35,0.027077770250764792,0.5324697908773348,1335827.8712652572,757.3900146484375,-0.004586781374170235,2026-09-15
SPY260923C00758000,2026-09-15 20:14:01+00:00,758.0,5.78,5.69,5.81,-2.2199998,-27.749998,646.0,176.0,0.1287318572998047,False,REGULAR,USD,SPY,call,2026-09-23,0.021917808219178082,5.75,0.027635513963283606,0.5053014320087531,2790097.397699215,757.3900146484375,-0.004586781374170235,2026-09-15
SPY260923C00759000,2026-09-15 20:14:40+00:00,759.0,5.19,5.14,5.23,-2.2399998,-30.148045,1528.0,70.0,0.1263209927368164,False,REGULAR,USD,SPY,call,2026-09-23,0.021917808219178082,5.1850000000000005,0.02811920771572423,0.47714731521649584,1129120.4421384288,757.3900146484375,-0.004586781374170235,2026-09-15
SPY260923C00760000,2026-09-15 20:07:52+00:00,760.0,4.52,4.61,4.7,-1.75,-27.910686,2348.0,968.0,0.12439840454101564,False,REGULAR,USD,SPY,call,2026-09-23,0.021917808219178082,4.655,0.028360147954027252,0.4482913526655283,15747912.743911164,757.3900146484375,-0.004586781374170235,2026-09-15
SPY260923C00761000,2026-09-15 20:08:18+00:00,761.0,4.05,4.11,4.2,-1.5699997,-27.935938,37.0,189.0,0.12250633361816407,False,REGULAR,USD,SPY,call,2026-09-23,0.021917808219178082,4.155,0.02843991056393284,0.4188758547713821,3083395.1201759535,757.3900146484375,-0.004586781374170235,2026-09-15
SPY260923C00762000,2026-09-15 20:05:41+00:00,762.0,3.55,3.63,3.73,-1.5699999,-30.664062,54.0,161.0,0.12067529724121094,False,REGULAR,USD,SPY,call,2026-09-23,0.021917808219178082,3.6799999999999997,0.028336577779405573,0.38910414886111927,2617052.442415914,757.3900146484375,-0.004586781374170235,2026-09-15
SPY260923C00763000,2026-09-15 20:11:16+00:00,763.0,3.24,3.19,3.29,-1.3500001,-29.411768,48.0,186.0,0.11878322631835936,False,REGULAR,USD,SPY,call,2026-09-23,0.021917808219178082,3.24,0.02806324268169117,0.35904944990717286,2994263.0180141497,757.3900146484375,-0.004586781374170235,2026-09-15
SPY260923C00764000,2026-09-15 20:12:18+00:00,764.0,2.82,2.79,2.86,-1.4300001,-33.64706,98.0,297.0,0.11646391357421876,False,REGULAR,USD,SPY,call,2026-09-23,0.021917808219178082,2.825,0.02767557465380654,0.32834075874312907,4715114.537376126,757.3900146484375,-0.004586781374170235,2026-09-15
SPY260923C00765000,2026-09-15 20:04:11+00:00,765.0,2.37,2.43,2.48,-1.23,-34.166668,166.0,649.0,0.11454132537841799,False,REGULAR,USD,SPY,call,2026-09-23,0.021917808219178082,2.455,0.027000680215899582,0.2982694478322073,10052140.550670076,757.3900146484375,-0.004586781374170235,2026-09-15
SPY260923C00766000,2026-09-15 20:06:27+00:00,766.0,2.03,2.08,2.14,-1.1400001,-35.962147,395.0,132.0,0.11286287536621094,False,REGULAR,USD,SPY,call,2026-09-23,0.021917808219178082,2.1100000000000003,0.026081114263719767,0.26904985847029955,1974873.2319484095,757.3900146484375,-0.004586781374170235,2026-09-15
SPY260923C00767000,2026-09-15 20:10:00+00:00,767.0,1.75,1.8,1.82,-1.1600001,-39.862545,117.0,187.0,0.1108792526245117,False,REGULAR,USD,SPY,call,2026-09-23,0.021917808219178082,1.81,0.02500123438770094,0.23994589468898758,2681897.703825471,757.3900146484375,-0.004586781374170235,2026-09-15
SPY260923C00768000,2026-09-15 19:53:11+00:00,768.0,1.27,1.53,1.55,-1.4300001,-52.962963,84.0,77.0,0.10944494079589843,False,REGULAR,USD,SPY,call,2026-09-23,0.021917808219178082,1.54,0.023674621288486908,0.21291077822902255,1045713.9845353739,757.3900146484375,-0.004586781374170235,2026-09-15
SPY260923C00769000,2026-09-15 20:13:15+00:00,769.0,1.26,1.28,1.3,-1.03,-44.97817,40.0,189.0,0.10779700805664064,False,REGULAR,USD,SPY,call,2026-09-23,0.021917808219178082,1.29,0.022205457873933385,0.186647423706644,2407468.9087310093,757.3900146484375,-0.004586781374170235,2026-09-15
SPY260923C00770000,2026-09-15 20:14:20+00:00,770.0,1.05,1.06,1.08,-0.75,-41.666668,282.0,631.0,0.10614907531738281,False,REGULAR,USD,SPY,call,2026-09-23,0.021917808219178082,1.07,0.020592208760509358,0.1618014947323222,7453691.981730903,757.3900146484375,-0.004586781374170235,2026-09-15
SPY260923C00771000,2026-09-15 19:59:51+00:00,771.0,0.77,0.87,0.9,-0.93000007,-54.705887,26.0,45.0,0.10505045349121094,False,REGULAR,USD,SPY,call,2026-09-23,0.021917808219178082,0.885,0.018881463808900635,0.1398445108864687,487402.01973818004,757.3900146484375,-0.004586781374170235,2026-09-15
SPY260923C00772000,2026-09-15 20:03:36+00:00,772.0,0.67,0.71,0.73,-0.59,-46.825394,61.0,96.0,0.10340252075195311,False,REGULAR,USD,SPY,call,2026-09-23,0.021917808219178082,0.72,0.017087625431239012,0.11837221423154443,941005.363511626,757.3900146484375,-0.004586781374170235,2026-09-15
SPY260923C00773000,2026-09-15 20:14:50+00:00,773.0,0.58,0.58,0.59,-0.50000006,-46.296303,484.0,99.0,0.10199872619628905,False,REGULAR,USD,SPY,call,2026-09-23,0.021917808219178082,0.585,0.015269517953605937,0.09932951178822308,867160.8687731496,757.3900146484375,-0.004586781374170235,2026-09-15
SPY260923C00774000,2026-09-15 19:43:08+00:00,774.0,0.38,0.46,0.48,-0.56,-59.574467,250.0,321.0,0.1010832080078125,False,REGULAR,USD,SPY,call,2026-09-23,0.021917808219178082,0.47,0.013515990735205824,0.08324827706446836,2488811.8623501267,757.3900146484375,-0.004586781374170235,2026-09-15
SPY260923C00775000,2026-09-15 20:04:48+00:00,775.0,0.36,0.37,0.38,-0.39999998,-52.631573,664.0,302.0,0.09986251708984376,False,REGULAR,USD,SPY,call,2026-09-23,0.021917808219178082,0.375,0.0117763236927081,0.06837862475440261,2040120.5369394661,757.3900146484375,-0.004586781374170235,2026-09-15
SPY260923C00776000,2026-09-15 19:25:36+00:00,776.0,0.25,0.29,0.3,-0.43,-63.235294,457.0,237.0,0.09876389526367188,False,REGULAR,USD,SPY,call,2026-09-23,0.021917808219178082,0.295,0.010130527785142788,0.055593364735192184,1377271.5241566405,757.3900146484375,-0.004586781374170235,2026-09-15
SPY260923C00777000,2026-09-15 17:16:20+00:00,777.0,0.22,0.23,0.24,-0.32000002,-59.259262,483.0,310.0,0.0981535498046875,False,REGULAR,USD,SPY,call,2026-09-23,0.021917808219178082,0.235,0.008669396847640561,0.0453704952945063,1541663.9875283209,757.3900146484375,-0.004586781374170235,2026-09-15
SPY260923C00778000,2026-09-15 19:25:35+00:00,778.0,0.15,0.18,0.19,-0.29999998,-66.666664,20.0,447.0,0.0976652734375,False,REGULAR,USD,SPY,call,2026-09-23,0.021917808219178082,0.185,0.0073532587024455484,0.036808692041124205,1885499.9229082891,757.3900146484375,-0.004586781374170235,2026-09-15
SPY260923C00779000,2026-09-15 20:04:59+00:00,779.0,0.14,0.14,0.15,-0.2,-58.82353,147.0,569.0,0.0971769970703125,False,REGULAR,USD,SPY,call,2026-09-23,0.021917808219178082,0.14500000000000002,0.006168027396868324,0.029557933138642814,2013250.0137480632,757.3900146484375,-0.004586781374170235,2026-09-15
SPY260923C00780000,2026-09-15 20:06:42+00:00,780.0,0.11,0.11,0.12,-0.19000001,-63.333336,413.0,466.0,0.0971769970703125,False,REGULAR,USD,SPY,call,2026-09-23,0.021917808219178082,0.11499999999999999,0.005191947595929964,0.02404901459361484,1387891.0248028312,757.3900146484375,-0.004586781374170235,2026-09-15
SPY260923C00781000,2026-09-15 16:24:14+00:00,781.0,0.12,0.09,0.1,-0.16,-57.142857,56.0,225.0,0.0976652734375,False,REGULAR,USD,SPY,call,2026-09-23,0.021917808219178082,0.095,0.00440850922275162,0.019931831965354453,569001.5141174166,757.3900146484375,-0.004586781374170235,2026-09-15
SPY260923C00782000,2026-09-15 19:42:29+00:00,782.0,0.06,0.07,0.08,-0.11,-64.70588,521.0,512.0,0.0976652734375,False,REGULAR,USD,SPY,call,2026-09-23,0.021917808219178082,0.07500000000000001,0.003661026880667157,0.016030204945091876,1075256.381925731,757.3900146484375,-0.004586781374170235,2026-09-15
SPY260923C00783000,2026-09-15 17:26:14+00:00,783.0,0.08,0.06,0.07,-0.07000001,-46.66667,11.0,170.0,0.0991301025390625,False,REGULAR,USD,SPY,call,2026-09-23,0.021917808219178082,0.065,0.0031996197981586888,0.013944524712695685,312022.8842496183,757.3900146484375,-0.004586781374170235,2026-09-15
SPY260923C00784000,2026-09-15 19:43:09+00:00,784.0,0.04,0.04,0.05,-0.089999996,-69.230774,291.0,976.0,0.0976652734375,False,REGULAR,USD,SPY,call,2026-09-23,0.021917808219178082,0.045,0.0024681007561976396,0.01016197097241674,1381821.205209838,757.3900146484375,-0.004586781374170235,2026-09-15
SPY260923C00785000,2026-09-15 16:29:40+00:00,785.0,0.06,0.04,0.05,-0.040000003,-40.000004,194.0,983.0,0.100594931640625,False,REGULAR,USD,SPY,call,2026-09-23,0.021917808219178082,0.045,0.0023000385930302893,0.009696155810969694,1296963.6113017837,757.3900146484375,-0.004586781374170235,2026-09-15
SPY260923C00786000,2026-09-15 18:19:56+00:00,786.0,0.04,0.03,0.04,-0.060000002,-60.0,8.0,44.0,0.1010832080078125,False,REGULAR,USD,SPY,call,2026-09-23,0.021917808219178082,0.035,0.0019213979533888076,0.007941191815016119,48496.36084945946,757.3900146484375,-0.004586781374170235,2026-09-15
SPY260923C00787000,2026-09-15 19:56:45+00:00,787.0,0.03,0.03,0.04,-0.17,-85.0,11.0,88.0,0.10401286621093749,False,REGULAR,USD,SPY,call,2026-09-23,0.021917808219178082,0.035,0.0018041692669796404,0.007636874910764934,91074.98386852302,757.3900146484375,-0.004586781374170235,2026-09-15
SPY260923C00788000,2026-09-14 15:29:41+00:00,788.0,0.08,0.02,0.03,0.0,0.0,4.0,339.0,0.10352458984374999,False,REGULAR,USD,SPY,call,2026-09-23,0.021917808219178082,0.025,0.001435389401620918,0.005864592072603355,279131.32922743406,757.3900146484375,-0.004586781374170235,2026-09-15
SPY260923C00789000,2026-09-15 18:18:26+00:00,789.0,0.03,0.02,0.03,-0.04,-57.142857,10.0,240.0,0.106454248046875,False,REGULAR,USD,SPY,call,2026-09-23,0.021917808219178082,0.025,0.0013587178615488184,0.005688915173156036,187059.46012824343,757.3900146484375,-0.004586781374170235,2026-09-15
SPY260923C00790000,2026-09-15 19:58:38+00:00,790.0,0.02,0.02,0.03,-0.030000001,-60.0,10.0,639.0,0.10938390625,False,REGULAR,USD,SPY,call,2026-09-23,0.021917808219178082,0.025,0.001289206047491068,0.005528720033038943,472565.85910232994,757.3900146484375,-0.004586781374170235,2026-09-15
SPY260923C00791000,2026-09-11 13:31:19+00:00,791.0,0.11,0.01,0.03,0.0,0.0,0.0,42.0,0.11231356445312499,False,REGULAR,USD,SPY,call,2026-09-23,0.021917808219178082,0.02,0.0012259729978872911,0.005382256920678469,29537.201490570955,757.3900146484375,-0.004586781374170235,2026-09-15
SPY260923C00792000,2026-09-15 15:22:41+00:00,792.0,0.03,0.01,0.02,-0.04,-57.142857,3.0,35.0,0.10938390625,False,REGULAR,USD,SPY,call,2026-09-23,0.021917808219178082,0.015,0.0008565145431858118,0.0034982181837258535,17196.57412607597,757.3900146484375,-0.004586781374170235,2026-09-15
SPY260923C00793000,2026-09-14 15:50:08+00:00,793.0,0.07,0.01,0.02,0.0,0.0,5.0,387.0,0.11231356445312499,False,REGULAR,USD,SPY,call,2026-09-23,0.021917808219178082,0.015,0.0008227471686439,0.00344491754184494,182648.66896919833,757.3900146484375,-0.004586781374170235,2026-09-15
SPY260923C00794000,2026-09-14 13:30:42+00:00,794.0,0.04,0.01,0.02,0.0,0.0,6.0,50.0,0.11524322265625,False,REGULAR,USD,SPY,call,2026-09-23,0.021917808219178082,0.015,0.0007916080940253383,0.003396069007838546,22704.888877851718,757.3900146484375,-0.004586781374170235,2026-09-15
SPY260923C00795000,2026-09-15 18:18:08+00:00,795.0,0.02,0.01,0.02,-0.02,-50.0,25.0,42.0,0.118172880859375,False,REGULAR,USD,SPY,call,2026-09-23,0.021917808219178082,0.015,0.000762818985380052,0.003351245371206367,18378.494559694143,757.3900146484375,-0.004586781374170235,2026-09-15
SPY260923C00796000,2026-09-11 16:18:47+00:00,796.0,0.08,0.01,0.02,0.0,0.0,0.0,40.0,0.1211025390625,False,REGULAR,USD,SPY,call,2026-09-23,0.021917808219178082,0.015,0.000736138111859253,0.0033100719314173004,16891.1198909302,757.3900146484375,-0.004586781374170235,2026-09-15
SPY260923C00797000,2026-09-14 15:05:19+00:00,797.0,0.04,0.01,0.02,0.0,0.0,42.0,54.0,0.12305564453125001,False,REGULAR,USD,SPY,call,2026-09-23,0.021917808219178082,0.015,0.000675712585776744,0.003063537169082552,20931.238111835934,757.3900146484375,-0.004586781374170235,2026-09-15
SPY260923C00798000,2026-09-11 13:54:16+00:00,798.0,0.05,0.01,0.02,0.0,0.0,0.0,12.0,0.125985302734375,False,REGULAR,USD,SPY,call,2026-09-23,0.021917808219178082,0.015,0.0006544795198391188,0.00303510260258946,4505.224708923089,757.3900146484375,-0.004586781374170235,2026-09-15
SPY260923C00800000,2026-09-14 18:07:49+00:00,800.0,0.03,0.01,0.02,0.0,0.0,13.0,17.0,0.13086806640624998,False,REGULAR,USD,SPY,call,2026-09-23,0.021917808219178082,0.015,0.0005863018305566035,0.0028021857397009884,5717.541450280441,757.3900146484375,-0.004586781374170235,2026-09-15
SPY260923C00801000,2026-09-11 13:54:39+00:00,801.0,0.04,0.01,0.02,0.0,0.0,0.0,24.0,0.13477427734375003,False,REGULAR,USD,SPY,call,2026-09-23,0.021917808219178082,0.015,0.0005987255816625177,0.002963203354669225,8242.865368906834,757.3900146484375,-0.004586781374170235,2026-09-15
SPY260923C00803000,2026-09-10 16:14:32+00:00,803.0,0.04,0.01,0.02,0.0,0.0,0.0,24.0,0.139657041015625,False,REGULAR,USD,SPY,call,2026-09-23,0.021917808219178082,0.015,0.0005411724182927975,0.00275569500832353,7450.510754804662,757.3900146484375,-0.004586781374170235,2026-09-15
SPY260923C00806000,2026-09-11 16:53:19+00:00,806.0,0.04,0.01,0.02,0.0,0.0,0.0,24.0,0.147469462890625,False,REGULAR,USD,SPY,call,2026-09-23,0.021917808219178082,0.015,0.0004811667163819249,0.0025697543767246645,6624.391181218645,757.3900146484375,-0.004586781374170235,2026-09-15
SPY260923C00807000,2026-09-10 18:55:24+00:00,807.0,0.03,0.01,0.02,0.0,0.0,0.0,24.0,0.15039912109375003,False,REGULAR,USD,SPY,call,2026-09-23,0.021917808219178082,0.015,0.0004708030262922603,0.002563782944201446,6481.710619788532,757.3900146484375,-0.004586781374170235,2026-09-15
SPY260923C00810000,2026-09-15 15:18:03+00:00,810.0,0.01,0.01,0.02,-0.02,-66.66667,1.0,25.0,0.15821154296875,False,REGULAR,USD,SPY,call,2026-09-23,0.021917808219178082,0.015,0.00042420248242890443,0.002416268023472936,6083.483922126769,757.3900146484375,-0.004586781374170235,2026-09-15
SPY260923C00820000,2026-09-11 14:30:50+00:00,820.0,0.02,0.01,0.02,0.0,0.0,0.0,4.0,0.18360191406249998,False,REGULAR,USD,SPY,call,2026-09-23,0.021917808219178082,0.015,0.00030971154333463754,0.0020124676651830462,710.6512658144518,757.3900146484375,-0.004586781374170235,2026-09-15
SPY260923C00840000,2026-09-14 16:58:13+00:00,840.0,0.01,0.0,0.01,0.0,0.0,40.0,42.0,0.21875781249999998,False,REGULAR,USD,SPY,call,2026-09-23,0.021917808219178082,0.005,0.00011275384002552346,0.0008073069462711744,2716.5630053914706,757.3900146484375,-0.004586781374170235,2026-09-15
SPY260923C00870000,2026-09-10 18:46:16+00:00,870.0,0.01,,0.01,0.0,0.0,0.0,429.0,0.28516339843749994,False,REGULAR,USD,SPY,call,2026-09-23,0.021917808219178082,0.01,6.523703777028774e-05,0.0005945597651225591,16054.274159633427,757.3900146484375,-0.004586781374170235,2026-09-15
SPY260923C00885000,2026-09-10 13:37:44+00:00,885.0,0.01,,0.01,0.0,0.0,0.0,1.0,0.31641308593749995,False,REGULAR,USD,SPY,call,2026-09-23,0.021917808219178082,0.01,5.15371686209431e-05,0.0005156114330710139,29.563762560016595,757.3900146484375,-0.004586781374170235,2026-09-15
SPY260923C00950000,2026-09-11 14:06:44+00:00,950.0,0.01,,0.01,0.0,0.0,0.0,1.0,0.445318046875,False,REGULAR,USD,SPY,call,2026-09-23,0.021917808219178082,0.01,2.5479333480916124e-05,0.00034872293935332195,14.615955539924286,757.3900146484375,-0.004586781374170235,2026-09-15
SPY260923P00550000,2026-09-15 14:41:33+00:00,550.0,0.03,0.02,0.03,-0.01,-25.0,10.0,17.0,0.6757844921875001,False,REGULAR,USD,SPY,put,2026-09-23,0.021917808219178082,0.025,2.6185881278654586e-05,-0.0005632515281689399,-255.36140912385542,757.3900146484375,-0.004586781374170235,2026-09-15
SPY260923P00580000,2026-09-10 18:13:51+00:00,580.0,0.09,0.04,0.05,0.0,0.0,0.0,1.0,0.6035195898437502,False,REGULAR,USD,SPY,put,2026-09-23,0.021917808219178082,0.045,5.784585850828355e-05,-0.0011786138056731899,-33.182677119834295,757.3900146484375,-0.004586781374170235,2026-09-15
SPY260923P00615000,2026-09-15 19:56:55+00:00,615.0,0.08,0.07,0.08,0.02,33.333336,1.0,2.0,0.506840869140625,False,REGULAR,USD,SPY,put,2026-09-23,0.021917808219178082,0.07500000000000001,0.00012996403890909195,-0.002366880585680131,-149.10504750110744,757.3900146484375,-0.004586781374170235,2026-09-15
SPY260923P00625000,2026-09-15 17:17:06+00:00,625.0,0.1,0.08,0.09,0.009999998,11.111108,11.0,45.0,0.4804739453125,False,REGULAR,USD,SPY,put,2026-09-23,0.021917808219178082,0.08499999999999999,0.00016932040471880075,-0.002990161361247745,-4370.800276826346,757.3900146484375,-0.004586781374170235,2026-09-15
SPY260923P00630000,2026-09-15 19:50:16+00:00,630.0,0.1,0.09,0.1,0.0,0.0,1.0,130.0,0.467778759765625,False,REGULAR,USD,SPY,put,2026-09-23,0.021917808219178082,0.095,0.00019521845248609727,-0.00339986277673332,-14558.055419780689,757.3900146484375,-0.004586781374170235,2026-09-15
SPY260923P00640000,2026-09-10 19:44:43+00:00,640.0,0.19,0.1,0.11,0.0,0.0,0.0,10.0,0.436529072265625,False,REGULAR,USD,SPY,put,2026-09-23,0.021917808219178082,0.10500000000000001,0.00024222687043691567,-0.0040035305977176305,-1389.5093337244014,757.3900146484375,-0.004586781374170235,2026-09-15
SPY260923P00650000,2026-09-15 17:17:06+00:00,650.0,0.14,0.12,0.13,0.04,40.0,507.0,2.0,0.40918559570312496,False,REGULAR,USD,SPY,put,2026-09-23,0.021917808219178082,0.125,0.00032085787442748465,-0.005101746927046902,-368.1135874907593,757.3900146484375,-0.004586781374170235,2026-09-15
SPY260923P00660000,2026-09-15 17:21:23+00:00,660.0,0.17,0.14,0.15,0.019999996,13.333329,1.0,32.0,0.3794007373046875,False,REGULAR,USD,SPY,put,2026-09-23,0.021917808219178082,0.14500000000000002,0.000418110887420691,-0.0063133503910299815,-7675.039249674287,757.3900146484375,-0.004586781374170235,2026-09-15
SPY260923P00665000,2026-09-15 19:56:18+00:00,665.0,0.17,0.15,0.16,0.0,0.0,399.0,271.0,0.36426416992187505,False,REGULAR,USD,SPY,put,2026-09-23,0.021917808219178082,0.155,0.0004791337531252761,-0.007033819039636735,-74484.38005887995,757.3900146484375,-0.004586781374170235,2026-09-15
SPY260923P00670000,2026-09-15 13:30:12+00:00,670.0,0.17,0.16,0.18,-0.049999997,-22.72727,21.0,20.0,0.35108070800781244,False,REGULAR,USD,SPY,put,2026-09-23,0.021917808219178082,0.16999999999999998,0.0005666476317824992,-0.008161013460198596,-6501.030805330633,757.3900146484375,-0.004586781374170235,2026-09-15
SPY260923P00675000,2026-09-15 17:17:06+00:00,675.0,0.21,0.18,0.19,-0.030000001,-12.5,185.0,82.0,0.334967587890625,False,REGULAR,USD,SPY,put,2026-09-23,0.021917808219178082,0.185,0.0006484099045762692,-0.00902010565351663,-30500.196883509234,757.3900146484375,-0.004586781374170235,2026-09-15
SPY260923P00680000,2026-09-14 14:46:20+00:00,680.0,0.2,0.2,0.21,-0.049999997,-19.999998,3.0,11.0,0.32080757324218745,False,REGULAR,USD,SPY,put,2026-09-23,0.021917808219178082,0.20500000000000002,0.0007666248750137993,-0.01039878846776121,-4837.4305423387805,757.3900146484375,-0.004586781374170235,2026-09-15
SPY260923P00690000,2026-09-15 19:55:54+00:00,690.0,0.28,0.25,0.26,-0.050000012,-15.151518,511.0,12.0,0.2924875439453124,False,REGULAR,USD,SPY,put,2026-09-23,0.021917808219178082,0.255,0.0010961921494585774,-0.014120342342594183,-7545.831164712804,757.3900146484375,-0.004586781374170235,2026-09-15
SPY260923P00695000,2026-09-15 14:02:09+00:00,695.0,0.28,0.28,0.29,-0.09,-24.324324,3.0,36.0,0.2778392529296875,False,REGULAR,USD,SPY,put,2026-09-23,0.021917808219178082,0.28500000000000003,0.0013198480547754099,-0.01651016755205892,-27256.217596510534,757.3900146484375,-0.004586781374170235,2026-09-15
SPY260923P00700000,2026-09-15 19:58:36+00:00,700.0,0.36,0.32,0.33,0.060000002,20.0,24.0,40.0,0.26367923828125,False,REGULAR,USD,SPY,put,2026-09-23,0.021917808219178082,0.325,0.0016149294604037876,-0.01967383407215917,-37055.50180275279,757.3900146484375,-0.004586781374170235,2026-09-15
SPY260923P00705000,2026-09-15 19:47:28+00:00,705.0,0.44,0.38,0.39,0.00999999,2.3255792,3.0,34.0,0.2507399145507812,False,REGULAR,USD,SPY,put,2026-09-23,0.021917808219178082,0.385,0.002025500085586741,-0.024238420572357255,-39504.8423638538,757.3900146484375,-0.004586781374170235,2026-09-15
SPY260923P00710000,2026-09-15 20:00:34+00:00,710.0,0.49,0.45,0.46,0.030000001,6.521739,639.0,577.0,0.23731231445312498,False,REGULAR,USD,SPY,put,2026-09-23,0.021917808219178082,0.455,0.0025531076765124916,-0.029944308403087483,-845053.2859746084,757.3900146484375,-0.004586781374170235,2026-09-15
SPY260923P00715000,2026-09-15 19:44:06+00:00,715.0,0.65,0.55,0.56,0.07999998,14.035085,130.0,508.0,0.22486126708984372,False,REGULAR,USD,SPY,put,2026-09-23,0.021917808219178082,0.555,0.0032853919520475605,-0.03810559190124496,-957392.5672375096,757.3900146484375,-0.004586781374170235,2026-09-15
SPY260923P00718000,2026-09-15 19:43:50+00:00,718.0,0.74,0.63,0.64,0.060000002,8.823529,309.0,17.0,0.21778125976562498,False,REGULAR,USD,SPY,put,2026-09-23,0.021917808219178082,0.635,0.003852552078179543,-0.044582360243084596,-37569.60160851658,757.3900146484375,-0.004586781374170235,2026-09-15
SPY260923P00719000,2026-09-15 19:00:32+00:00,719.0,0.75,0.66,0.67,0.029999971,4.1666627,457.0,146.0,0.2153398779296875,False,REGULAR,USD,SPY,put,2026-09-23,0.021917808219178082,0.665,0.004062389804643763,-0.04696008416856379,-340230.77907387586,757.3900146484375,-0.004586781374170235,2026-09-15
SPY260923P00720000,2026-09-15 17:17:06+00:00,720.0,0.81,0.7,0.71,0.17000002,26.562504,45.0,375.0,0.21363091064453127,False,REGULAR,USD,SPY,put,2026-09-23,0.021917808219178082,0.705,0.004309643168782482,-0.0500599225321825,-927068.2992214356,757.3900146484375,-0.004586781374170235,2026-09-15
SPY260923P00721000,2026-09-15 17:17:06+00:00,721.0,0.85,0.73,0.74,0.13,18.055555,537.0,97.0,0.21094539062499998,False,REGULAR,USD,SPY,put,2026-09-23,0.021917808219178082,0.735,0.004538213799351867,-0.052577115998705404,-252520.03250606396,757.3900146484375,-0.004586781374170235,2026-09-15
SPY260923P00722000,2026-09-15 17:17:06+00:00,722.0,0.89,0.77,0.78,0.19999999,28.985504,544.0,192.0,0.20887021606445308,False,REGULAR,USD,SPY,put,2026-09-23,0.021917808219178082,0.775,0.0048020376355658485,-0.0557674808771349,-528890.7097168854,757.3900146484375,-0.004586781374170235,2026-09-15
SPY260923P00723000,2026-09-15 19:39:52+00:00,723.0,0.93,0.81,0.82,0.13999999,17.721516,2.0,50.0,0.20667297241210933,False,REGULAR,USD,SPY,put,2026-09-23,0.021917808219178082,0.815,0.005077343116123875,-0.05906308274674821,-145628.26241469427,757.3900146484375,-0.004586781374170235,2026-09-15
SPY260923P00724000,2026-09-15 17:53:47+00:00,724.0,0.97,0.85,0.86,0.23000002,31.081083,245.0,178.0,0.20423159057617185,False,REGULAR,USD,SPY,put,2026-09-23,0.021917808219178082,0.855,0.005360770815898847,-0.062356181925272924,-547376.808640559,757.3900146484375,-0.004586781374170235,2026-09-15
SPY260923P00725000,2026-09-15 19:47:31+00:00,725.0,1.02,0.89,0.91,0.01999998,1.9999981,249.0,1696.0,0.20227848510742186,False,REGULAR,USD,SPY,put,2026-09-23,0.021917808219178082,0.9,0.005678394667892942,-0.06632496322650794,-5524469.400124805,757.3900146484375,-0.004586781374170235,2026-09-15
SPY260923P00726000,2026-09-15 20:11:38+00:00,726.0,0.94,0.94,0.95,0.060000002,6.818182,91.0,94.0,0.19959296508789062,False,REGULAR,USD,SPY,put,2026-09-23,0.021917808219178082,0.945,0.005989425441901171,-0.06984857334547956,-322962.5510888717,757.3900146484375,-0.004586781374170235,2026-09-15
SPY260923P00727000,2026-09-15 17:17:06+00:00,727.0,1.15,0.99,1.01,0.20999998,22.340424,93.0,80.0,0.19788399780273438,False,REGULAR,USD,SPY,put,2026-09-23,0.021917808219178082,1.0,0.0063530161334662575,-0.07458969527264092,-291547.34811477765,757.3900146484375,-0.004586781374170235,2026-09-15
SPY260923P00728000,2026-09-15 19:39:52+00:00,728.0,1.21,1.04,1.06,0.27000004,28.723408,140.0,113.0,0.19544261596679688,False,REGULAR,USD,SPY,put,2026-09-23,0.021917808219178082,1.05,0.006712404305436243,-0.07888895428214249,-435106.6300597718,757.3900146484375,-0.004586781374170235,2026-09-15
SPY260923P00729000,2026-09-15 18:56:03+00:00,729.0,1.27,1.1,1.12,0.28999996,29.591833,81.0,38.0,0.19324537231445313,False,REGULAR,USD,SPY,put,2026-09-23,0.021917808219178082,1.11,0.0071014117999968545,-0.08374121619480746,-154798.7481797031,757.3900146484375,-0.004586781374170235,2026-09-15
SPY260923P00730000,2026-09-15 20:06:57+00:00,730.0,1.21,1.17,1.18,0.20000005,19.801985,432.0,677.0,0.19098709411621095,False,REGULAR,USD,SPY,put,2026-09-23,0.021917808219178082,1.1749999999999998,0.007511054481381599,-0.08885450175742582,-2916948.295523999,757.3900146484375,-0.004586781374170235,2026-09-15
SPY260923P00731000,2026-09-15 19:56:16+00:00,731.0,1.41,1.23,1.25,0.26999998,23.68421,79.0,200.0,0.1889729541015625,False,REGULAR,USD,SPY,put,2026-09-23,0.021917808219178082,1.24,0.007951512784545433,-0.09459519589183207,-912260.5771544452,757.3900146484375,-0.004586781374170235,2026-09-15
SPY260923P00732000,2026-09-15 19:35:04+00:00,732.0,1.47,1.31,1.33,0.34000003,30.0885,47.0,471.0,0.1871419177246094,False,REGULAR,USD,SPY,put,2026-09-23,0.021917808219178082,1.32,0.008420745181872741,-0.10094064121986879,-2275152.8708752654,757.3900146484375,-0.004586781374170235,2026-09-15
SPY260923P00733000,2026-09-15 20:04:11+00:00,733.0,1.44,1.39,1.41,0.34000003,30.909094,77.0,69.0,0.18506674316406246,False,REGULAR,USD,SPY,put,2026-09-23,0.021917808219178082,1.4,0.008907810440834718,-0.10741664412742735,-352581.2455282338,757.3900146484375,-0.004586781374170235,2026-09-15
SPY260923P00734000,2026-09-15 19:59:33+00:00,734.0,1.64,1.47,1.49,0.43999994,36.66666,77.0,133.0,0.1828694995117187,False,REGULAR,USD,SPY,put,2026-09-23,0.021917808219178082,1.48,0.009417915720909775,-0.114178167374545,-718531.1340778726,757.3900146484375,-0.004586781374170235,2026-09-15
SPY260923P00735000,2026-09-15 20:07:14+00:00,735.0,1.61,1.56,1.58,0.16999996,11.8055525,108.0,197.0,0.18073329040527342,False,REGULAR,USD,SPY,put,2026-09-23,0.021917808219178082,1.57,0.009956312450483125,-0.12147585963974983,-1125133.0802938596,757.3900146484375,-0.004586781374170235,2026-09-15
SPY260923P00736000,2026-09-15 19:16:44+00:00,736.0,1.81,1.65,1.67,0.3499999,23.972597,39.0,159.0,0.17847501220703127,False,REGULAR,USD,SPY,put,2026-09-23,0.021917808219178082,1.66,0.01052043891392035,-0.1291071093584364,-959555.5762516925,757.3900146484375,-0.004586781374170235,2026-09-15
SPY260923P00737000,2026-09-15 17:30:29+00:00,737.0,2.04,1.76,1.78,0.5799999,39.72602,116.0,96.0,0.17664397583007813,False,REGULAR,USD,SPY,put,2026-09-23,0.021917808219178082,1.77,0.011118073915326147,-0.13782358719369303,-612265.7140596042,757.3900146484375,-0.004586781374170235,2026-09-15
SPY260923P00738000,2026-09-15 18:23:00+00:00,738.0,2.03,1.87,1.89,0.39999998,24.539875,56.0,60.0,0.17456880126953128,False,REGULAR,USD,SPY,put,2026-09-23,0.021917808219178082,1.88,0.011739995850355438,-0.14678219254661284,-404071.6155692493,757.3900146484375,-0.004586781374170235,2026-09-15
SPY260923P00739000,2026-09-15 19:14:50+00:00,739.0,2.19,1.98,2.01,0.49,28.823528,117.0,31.0,0.1726156958007813,False,REGULAR,USD,SPY,put,2026-09-23,0.021917808219178082,1.9949999999999999,0.012389795255486455,-0.15650152571282216,-220325.6061975196,757.3900146484375,-0.004586781374170235,2026-09-15
SPY260923P00740000,2026-09-15 20:12:16+00:00,740.0,2.1,2.11,2.13,0.20999992,11.111107,189.0,154.0,0.17035741760253909,False,REGULAR,USD,SPY,put,2026-09-23,0.021917808219178082,2.12,0.013067922432417185,-0.16643183799127392,-1154426.8497378402,757.3900146484375,-0.004586781374170235,2026-09-15
SPY260923P00741000,2026-09-15 20:13:12+00:00,741.0,2.24,2.25,2.27,0.40999997,22.40437,149.0,116.0,0.16846534667968754,False,REGULAR,USD,SPY,put,2026-09-23,0.021917808219178082,2.26,0.013770858293570842,-0.17753234065628054,-916343.1733831321,757.3900146484375,-0.004586781374170235,2026-09-15
SPY260923P00742000,2026-09-15 20:03:36+00:00,742.0,2.49,2.39,2.42,0.44000006,21.463419,240.0,129.0,0.166573275756836,False,REGULAR,USD,SPY,put,2026-09-23,0.021917808219178082,2.4050000000000002,0.014497579796353952,-0.1893359417896211,-1072813.8420471337,757.3900146484375,-0.004586781374170235,2026-09-15
SPY260923P00743000,2026-09-15 19:26:26+00:00,743.0,2.83,2.55,2.57,0.76,36.714977,12.0,84.0,0.1643760321044922,False,REGULAR,USD,SPY,put,2026-09-23,0.021917808219178082,2.5599999999999996,0.015255599680419039,-0.20145291800135368,-735102.1962091423,757.3900146484375,-0.004586781374170235,2026-09-15
SPY260923P00744000,2026-09-15 19:18:01+00:00,744.0,2.99,2.71,2.74,0.68000007,29.437233,40.0,69.0,0.16248396118164063,False,REGULAR,USD,SPY,put,2026-09-23,0.021917808219178082,2.725,0.016027425909606118,-0.21476723728976155,-634383.7048794316,757.3900146484375,-0.004586781374170235,2026-09-15
SPY260923P00745000,2026-09-15 20:07:14+00:00,745.0,2.99,2.87,2.95,0.4100001,15.891477,185.0,341.0,0.1613243048095703,False,REGULAR,USD,SPY,put,2026-09-23,0.021917808219178082,2.91,0.016781133000607563,-0.22987577760441225,-3282576.1421223627,757.3900146484375,-0.004586781374170235,2026-09-15
SPY260923P00746000,2026-09-15 20:13:09+00:00,746.0,3.08,3.06,3.14,0.6299999,25.714281,33.0,71.0,0.15924913024902343,False,REGULAR,USD,SPY,put,2026-09-23,0.021917808219178082,3.1,0.017588370572438006,-0.24456768624447456,-716346.4388670054,757.3900146484375,-0.004586781374170235,2026-09-15
SPY260923P00747000,2026-09-15 20:03:36+00:00,747.0,3.41,3.26,3.35,1.1200001,48.908306,43.0,47.0,0.1574180938720703,False,REGULAR,USD,SPY,put,2026-09-23,0.021917808219178082,3.3049999999999997,0.01839260719500431,-0.2604439169635864,-495884.2378534232,757.3900146484375,-0.004586781374170235,2026-09-15
SPY260923P00748000,2026-09-15 20:01:35+00:00,748.0,3.65,3.48,3.56,0.85000014,30.35715,20.0,90.0,0.15519033294677737,False,REGULAR,USD,SPY,put,2026-09-23,0.021917808219178082,3.52,0.01923366124876678,-0.27671316274371127,-992987.1364305755,757.3900146484375,-0.004586781374170235,2026-09-15
SPY260923P00749000,2026-09-15 18:51:44+00:00,749.0,4.22,3.72,3.8,1.0899997,34.82427,23.0,141.0,0.15332877929687502,False,REGULAR,USD,SPY,put,2026-09-23,0.021917808219178082,3.76,0.02004863188299153,-0.2943585039026121,-1621597.2704513741,757.3900146484375,-0.004586781374170235,2026-09-15
SPY260923P00750000,2026-09-15 20:07:00+00:00,750.0,4.1,3.97,4.05,0.5899999,16.809114,162.0,1952.0,0.15137567382812503,False,REGULAR,USD,SPY,put,2026-09-23,0.021917808219178082,4.01,0.020866812309622652,-0.31282937817623724,-23365499.696205497,757.3900146484375,-0.004586781374170235,2026-09-15
SPY260923P00751000,2026-09-15 17:58:03+00:00,751.0,4.74,4.24,4.33,0.9899998,26.399994,46.0,222.0,0.14966670654296876,False,REGULAR,USD,SPY,put,2026-09-23,0.021917808219178082,4.285,0.021644563830614104,-0.332497399124998,-2756391.8889914937,757.3900146484375,-0.004586781374170235,2026-09-15
SPY260923P00752000,2026-09-15 19:59:42+00:00,752.0,4.92,4.52,4.62,1.1400001,30.158731,37.0,52.0,0.14780515289306645,False,REGULAR,USD,SPY,put,2026-09-23,0.021917808219178082,4.57,0.02241687528443685,-0.35294083052310266,-668678.8232836438,757.3900146484375,-0.004586781374170235,2026-09-15
SPY260923P00753000,2026-09-15 19:52:18+00:00,753.0,5.52,4.83,4.93,1.78,47.593582,15.0,88.0,0.14594359924316402,False,REGULAR,USD,SPY,put,2026-09-23,0.021917808219178082,4.88,0.02315858323542327,-0.37432333628571524,-1169051.947168449,757.3900146484375,-0.004586781374170235,2026-09-15
SPY260923P00754000,2026-09-15 20:10:32+00:00,754.0,5.25,5.16,5.25,1.25,31.25,432.0,269.0,0.1438989419555664,False,REGULAR,USD,SPY,put,2026-09-23,0.021917808219178082,5.205,0.02388832079986365,-0.3965156619566268,-3686184.366394885,757.3900146484375,-0.004586781374170235,2026-09-15
SPY260923P00755000,2026-09-15 20:03:03+00:00,755.0,5.7,5.51,5.61,1.0299997,22.055668,318.0,1097.0,0.14225100921630857,False,REGULAR,USD,SPY,put,2026-09-23,0.021917808219178082,5.5600000000000005,0.024505036774309694,-0.4198660138170728,-15420595.18580281,757.3900146484375,-0.004586781374170235,2026-09-15
SPY260923P00756000,2026-09-15 19:58:38+00:00,756.0,6.48,5.87,5.98,1.8299999,39.35484,107.0,128.0,0.1403284210205078,False,REGULAR,USD,SPY,put,2026-09-23,0.021917808219178082,5.925000000000001,0.025103176003951396,-0.4439316457384421,-1843222.6179075975,757.3900146484375,-0.004586781374170235,2026-09-15
SPY260923P00757000,2026-09-15 20:11:54+00:00,757.0,6.34,6.28,6.38,1.3500004,27.054115,675.0,285.0,0.13858893646240233,False,REGULAR,USD,SPY,put,2026-09-23,0.021917808219178082,6.33,0.025594055138782098,-0.468877153375992,-4184302.8624894577,757.3900146484375,-0.004586781374170235,2026-09-15
SPY260923P00758000,2026-09-15 20:11:54+00:00,758.0,6.73,6.7,6.81,1.02,17.863398,598.0,421.0,0.13697152099609378,True,REGULAR,USD,SPY,put,2026-09-23,0.021917808219178082,6.755,0.025972936636291032,-0.4945454903836547,-6272523.572725616,757.3900146484375,-0.004586781374170235,2026-09-15
SPY260923P00759000,2026-09-15 18:59:11+00:00,759.0,7.67,7.1,7.28,2.04,36.23446,923.0,134.0,0.1356897955322266,True,REGULAR,USD,SPY,put,2026-09-23,0.021917808219178082,7.1899999999999995,0.0261852766536749,-0.520742859651284,-2012802.2781321907,757.3900146484375,-0.004586781374170235,2026-09-15
SPY260923P00760000,2026-09-15 19:53:27+00:00,760.0,8.61,7.58,7.76,1.9899998,30.06042,282.0,454.0,0.13404186279296876,True,REGULAR,USD,SPY,put,2026-09-23,0.021917808219178082,7.67,0.026355024245148368,-0.5474621081646772,-6863702.057229664,757.3900146484375,-0.004586781374170235,2026-09-15
SPY260923P00761000,2026-09-15 19:50:46+00:00,761.0,9.12,8.05,8.29,2.5699997,39.236637,41.0,93.0,0.13294324096679688,True,REGULAR,USD,SPY,put,2026-09-23,0.021917808219178082,8.17,0.026297544094112446,-0.5742519556618091,-1402934.162647025,757.3900146484375,-0.004586781374170235,2026-09-15
SPY260923P00762000,2026-09-15 20:06:37+00:00,762.0,8.95,8.56,8.96,2.1,30.656933,13.0,160.0,0.13434703552246097,True,REGULAR,USD,SPY,put,2026-09-23,0.021917808219178082,8.760000000000002,0.025661118577957772,-0.5991204772158991,-2355237.5482416754,757.3900146484375,-0.004586781374170235,2026-09-15
SPY260923P00763000,2026-09-15 17:06:03+00:00,763.0,10.15,9.14,9.52,2.5399995,33.37713,16.0,89.0,0.132821171875,True,REGULAR,USD,SPY,put,2026-09-23,0.021917808219178082,9.33,0.02544289756393836,-0.6258485443404991,-1298959.846391241,757.3900146484375,-0.004586781374170235,2026-09-15
SPY260923P00764000,2026-09-15 19:55:45+00:00,764.0,10.87,9.76,10.03,3.5699997,48.904102,32.0,82.0,0.12952530639648438,True,REGULAR,USD,SPY,put,2026-09-23,0.021917808219178082,9.895,0.025378620211680837,-0.6546258352884051,-1193770.9581933513,757.3900146484375,-0.004586781374170235,2026-09-15
SPY260923P00765000,2026-09-15 20:07:52+00:00,765.0,10.72,10.34,10.69,1.6800003,18.584074,142.0,166.0,0.12903703002929687,True,REGULAR,USD,SPY,put,2026-09-23,0.021917808219178082,10.515,0.02471380760217854,-0.6800680328941253,-2353352.046097857,757.3900146484375,-0.004586781374170235,2026-09-15
SPY260923P00766000,2026-09-15 14:50:29+00:00,766.0,12.5,11.0,11.46,4.0699997,48.279945,4.0,34.0,0.13062392822265623,True,REGULAR,USD,SPY,put,2026-09-23,0.021917808219178082,11.23,0.023674584244067435,-0.7017785220044107,-461743.1148223019,757.3900146484375,-0.004586781374170235,2026-09-15
SPY260923P00767000,2026-09-15 16:48:54+00:00,767.0,12.47,11.66,13.21,3.1100006,33.226505,8.0,34.0,0.15583119567871095,True,REGULAR,USD,SPY,put,2026-09-23,0.021917808219178082,12.435,0.020179153722932906,-0.6904009899129093,-393569.12030419137,757.3900146484375,-0.004586781374170235,2026-09-15
SPY260923P00768000,2026-09-15 19:20:24+00:00,768.0,13.43,12.43,13.94,4.200001,45.5038,10.0,19.0,0.15631947204589847,True,REGULAR,USD,SPY,put,2026-09-23,0.021917808219178082,13.184999999999999,0.019547624857849884,-0.7094103473246952,-213052.55511889549,757.3900146484375,-0.004586781374170235,2026-09-15
SPY260923P00769000,2026-09-15 14:40:11+00:00,769.0,14.5,13.17,13.7,4.5,45.0,30.0,43.0,0.13086806640624998,True,REGULAR,USD,SPY,put,2026-09-23,0.021917808219178082,13.434999999999999,0.020823895547070728,-0.7673805656992871,-513652.7085221851,757.3900146484375,-0.004586781374170235,2026-09-15
SPY260923P00770000,2026-09-15 19:43:53+00:00,770.0,15.49,12.95,15.54,4.84,45.44601,33.0,37.0,0.15961533752441404,True,REGULAR,USD,SPY,put,2026-09-23,0.021917808219178082,14.245,0.018047422032750948,-0.7421051709439426,-383050.5132649873,757.3900146484375,-0.004586781374170235,2026-09-15
SPY260923P00771000,2026-09-15 14:16:48+00:00,771.0,15.0,13.76,16.36,5.63,60.08538,2.0,1.0,0.1613243048095703,True,REGULAR,USD,SPY,put,2026-09-23,0.021917808219178082,15.059999999999999,0.017297507159737477,-0.7571156833324659,-9922.53568122594,757.3900146484375,-0.004586781374170235,2026-09-15
SPY260923P00773000,2026-09-15 19:18:34+00:00,773.0,17.7,15.44,18.68,7.1500006,67.772514,4.0,1.0,0.18253380950927733,True,REGULAR,USD,SPY,put,2026-09-23,0.021917808219178082,17.06,0.015160097247095968,-0.7608285232018829,-8696.432640612238,757.3900146484375,-0.004586781374170235,2026-09-15
SPY260923P00775000,2026-09-11 17:44:27+00:00,775.0,12.0,17.26,20.49,0.0,0.0,0.0,5.0,0.18964433410644532,True,REGULAR,USD,SPY,put,2026-09-23,0.021917808219178082,18.875,0.013911354916911292,-0.780354102610911,-39900.52273501854,757.3900146484375,-0.004586781374170235,2026-09-15
SPY260923P00777000,2026-09-10 16:34:14+00:00,777.0,21.08,19.14,22.36,0.0,0.0,0.0,2.0,0.1978534805297852,True,REGULAR,USD,SPY,put,2026-09-23,0.021917808219178082,20.75,0.012762619447925101,-0.7961928915039154,-14642.288705358962,757.3900146484375,-0.004586781374170235,2026-09-15
SPY260923P00780000,2026-09-15 14:33:07+00:00,780.0,24.13,21.69,25.27,0.289999,1.2164388,27.0,7.0,0.2124102197265625,True,REGULAR,USD,SPY,put,2026-09-23,0.021917808219178082,23.48,0.011254173842985077,-0.8137527866958728,-45190.881172616166,757.3900146484375,-0.004586781374170235,2026-09-15
SPY260924C00685000,2026-09-11 13:45:54+00:00,685.0,80.63,71.28,75.21,0.0,0.0,0.0,1.0,0.4804739453125,True,REGULAR,USD,SPY,call,2026-09-24,0.024657534246575342,73.245,0.0026854909433641216,0.9165620704546524,1540.504042638247,757.3900146484375,-0.004586781374170235,2026-09-15
SPY260924C00695000,2026-09-11 13:45:30+00:00,695.0,70.48,61.31,65.25,0.0,0.0,0.0,22.0,0.4303645831298829,True,REGULAR,USD,SPY,call,2026-09-24,0.024657534246575342,63.28,0.0032594916565033094,0.9066616351020877,41135.01923971281,757.3900146484375,-0.004586781374170235,2026-09-15
SPY260924C00700000,2026-09-11 13:45:39+00:00,700.0,65.53,56.33,60.29,0.0,0.0,0.0,14.0,0.40582869567871094,True,REGULAR,USD,SPY,call,2026-09-24,0.024657534246575342,58.31,0.0036253952593188,0.9004028064337026,29115.385749930094,757.3900146484375,-0.004586781374170235,2026-09-15
SPY260924C00720000,2026-09-11 15:53:00+00:00,720.0,45.92,36.67,40.42,0.0,0.0,0.0,2.0,0.3029244512939453,True,REGULAR,USD,SPY,call,2026-09-24,0.024657534246575342,38.545,0.005988136155706716,0.8662510491158175,6870.064468866599,757.3900146484375,-0.004586781374170235,2026-09-15
SPY260924C00746000,2026-09-14 18:57:03+00:00,746.0,18.29,14.26,15.13,0.0,0.0,9.0,7.0,0.16535258483886722,True,REGULAR,USD,SPY,call,2026-09-24,0.024657534246575342,14.695,0.016587014363026408,0.7371405872746751,66604.78197208863,757.3900146484375,-0.004586781374170235,2026-09-15
SPY260924C00749000,2026-09-11 13:40:25+00:00,749.0,18.37,11.92,12.71,0.0,0.0,0.0,1.0,0.15699085205078128,True,REGULAR,USD,SPY,call,2026-09-24,0.024657534246575342,12.315000000000001,0.01881647168474159,0.6929403358632411,10793.873935847509,757.3900146484375,-0.004586781374170235,2026-09-15
SPY260924C00750000,2026-09-14 15:44:04+00:00,750.0,14.6,11.16,11.94,0.0,0.0,85.0,82.0,0.1544274011230469,True,REGULAR,USD,SPY,call,2026-09-24,0.024657534246575342,11.55,0.019566429340997504,0.6762165126968156,920374.5084641895,757.3900146484375,-0.004586781374170235,2026-09-15
SPY260924C00751000,2026-09-14 15:44:06+00:00,751.0,13.82,10.61,11.18,0.0,0.0,183.0,92.0,0.15174188110351564,True,REGULAR,USD,SPY,call,2026-09-24,0.024657534246575342,10.895,0.020333174922507823,0.6586896746957903,1073080.1824366122,757.3900146484375,-0.004586781374170235,2026-09-15
SPY260924C00752000,2026-09-15 16:26:00+00:00,752.0,9.88,9.73,10.43,-2.5699997,-20.642569,9.0,9.0,0.14899532653808595,True,REGULAR,USD,SPY,call,2026-09-24,0.024657534246575342,10.08,0.021107592543313635,0.6402460297299702,108973.36500543938,757.3900146484375,-0.004586781374170235,2026-09-15
SPY260924C00753000,2026-09-15 19:10:53+00:00,753.0,8.87,9.03,9.71,-3.3599997,-27.473425,14.0,28.0,0.14649291015625,True,REGULAR,USD,SPY,call,2026-09-24,0.024657534246575342,9.370000000000001,0.021843481296040187,0.6206105535606338,350848.025423353,757.3900146484375,-0.004586781374170235,2026-09-15
SPY260924C00754000,2026-09-15 17:04:11+00:00,754.0,8.29,8.36,8.99,-2.71,-24.636364,13.0,61.0,0.14362428649902342,True,REGULAR,USD,SPY,call,2026-09-24,0.024657534246575342,8.675,0.022614521467521947,0.6002203856834166,791327.7352794731,757.3900146484375,-0.004586781374170235,2026-09-15
SPY260924C00755000,2026-09-15 16:12:18+00:00,755.0,7.45,7.87,8.11,-2.5,-25.12563,25.0,125.0,0.13715462463378908,True,REGULAR,USD,SPY,call,2026-09-24,0.024657534246575342,7.99,0.023956808510782062,0.5805557504316277,1717821.8591075584,757.3900146484375,-0.004586781374170235,2026-09-15
SPY260924C00756000,2026-09-15 20:03:27+00:00,756.0,7.19,7.32,7.43,-2.5399995,-26.104828,54.0,53.0,0.13431651824951174,True,REGULAR,USD,SPY,call,2026-09-24,0.024657534246575342,7.375,0.024714860423522986,0.557409361558952,751403.4452274406,757.3900146484375,-0.004586781374170235,2026-09-15
SPY260924C00757000,2026-09-15 20:05:30+00:00,757.0,6.57,6.7,6.82,-2.3399997,-26.262623,398.0,116.0,0.1324549645996094,True,REGULAR,USD,SPY,call,2026-09-24,0.024657534246575342,6.76,0.02523866832359249,0.5329090745645193,1679436.4541825573,757.3900146484375,-0.004586781374170235,2026-09-15
SPY260924C00758000,2026-09-15 20:14:38+00:00,758.0,6.14,6.11,6.22,-2.2999997,-27.251183,176.0,91.0,0.13031875549316402,False,REGULAR,USD,SPY,call,2026-09-24,0.024657534246575342,6.165,0.025735322749162425,0.5076148915342737,1343414.9028430167,757.3900146484375,-0.004586781374170235,2026-09-15
SPY260924C00759000,2026-09-15 19:59:34+00:00,759.0,5.26,5.55,5.66,-2.6499996,-33.501892,181.0,1853.0,0.12848771911621093,False,REGULAR,USD,SPY,call,2026-09-24,0.024657534246575342,5.605,0.0260788895073274,0.4815463178453357,27720666.23727277,757.3900146484375,-0.004586781374170235,2026-09-15
SPY260924C00760000,2026-09-15 20:02:59+00:00,760.0,4.92,5.02,5.12,-1.73,-26.015038,160.0,1448.0,0.12653461364746094,False,REGULAR,USD,SPY,call,2026-09-24,0.024657534246575342,5.07,0.026339402961241088,0.4547925358428225,21878303.29805353,757.3900146484375,-0.004586781374170235,2026-09-15
SPY260924C00761000,2026-09-15 19:54:56+00:00,761.0,4.13,4.51,4.6,-2.0,-32.626427,69.0,781.0,0.12445943908691406,False,REGULAR,USD,SPY,call,2026-09-24,0.024657534246575342,4.555,0.026503946685032108,0.4273731694735665,11874100.855508175,757.3900146484375,-0.004586781374170235,2026-09-15
SPY260924C00762000,2026-09-15 18:32:25+00:00,762.0,3.84,4.03,4.12,-1.8199999,-32.15548,275.0,279.0,0.12262840270996095,False,REGULAR,USD,SPY,call,2026-09-24,0.024657534246575342,4.075,0.026483999836099666,0.39963736960985485,4238643.882557936,757.3900146484375,-0.004586781374170235,2026-09-15
SPY260924C00763000,2026-09-15 19:58:50+00:00,763.0,3.35,3.58,3.66,-1.9300003,-36.553036,24.0,299.0,0.1206142626953125,False,REGULAR,USD,SPY,call,2026-09-24,0.024657534246575342,3.62,0.026353711254196523,0.3714196114895747,4520142.452519808,757.3900146484375,-0.004586781374170235,2026-09-15
SPY260924C00764000,2026-09-15 20:14:31+00:00,764.0,3.18,3.16,3.23,-1.8700001,-37.029705,72.0,181.0,0.1186611572265625,False,REGULAR,USD,SPY,call,2026-09-24,0.024657534246575342,3.1950000000000003,0.02605241923254346,0.34307047476851144,2704990.743603646,757.3900146484375,-0.004586781374170235,2026-09-15
SPY260924C00765000,2026-09-15 20:14:31+00:00,765.0,2.78,2.77,2.83,-1.22,-30.5,230.0,671.0,0.1167080517578125,False,REGULAR,USD,SPY,call,2026-09-24,0.024657534246575342,2.8,0.025583047558728176,0.31470957930132315,9847226.98059158,757.3900146484375,-0.004586781374170235,2026-09-15
SPY260924C00766000,2026-09-15 20:01:33+00:00,766.0,2.35,2.41,2.47,-1.2,-33.80282,324.0,44.0,0.11499908447265625,False,REGULAR,USD,SPY,call,2026-09-24,0.024657534246575342,2.4400000000000004,0.02490329347446152,0.2869466084845721,628562.7110965726,757.3900146484375,-0.004586781374170235,2026-09-15
SPY260924C00767000,2026-09-15 20:10:23+00:00,767.0,2.07,2.11,2.14,-1.47,-41.525425,125.0,75.0,0.1132901171875,False,REGULAR,USD,SPY,call,2026-09-24,0.024657534246575342,2.125,0.02405737738054356,0.2596526285695269,1035019.8871898495,757.3900146484375,-0.004586781374170235,2026-09-15
SPY260924C00768000,2026-09-15 20:10:45+00:00,768.0,1.78,1.81,1.83,-1.3199999,-42.580647,25.0,143.0,0.11139804626464843,False,REGULAR,USD,SPY,call,2026-09-24,0.024657534246575342,1.82,0.023066081430363348,0.23265026417203571,1892121.4478162602,757.3900146484375,-0.004586781374170235,2026-09-15
SPY260924C00769000,2026-09-15 20:08:22+00:00,769.0,1.51,1.55,1.57,-0.8700001,-36.554626,41.0,21.0,0.1100552862548828,False,REGULAR,USD,SPY,call,2026-09-24,0.024657534246575342,1.56,0.021873828123529202,0.2076612696223311,263501.5900709901,757.3900146484375,-0.004586781374170235,2026-09-15
SPY260924C00770000,2026-09-15 20:10:45+00:00,770.0,1.28,1.31,1.33,-0.79999995,-38.461536,95.0,694.0,0.10852942260742188,False,REGULAR,USD,SPY,call,2026-09-24,0.024657534246575342,1.32,0.020568177998665595,0.1833925661622644,8188313.140973328,757.3900146484375,-0.004586781374170235,2026-09-15
SPY260924C00771000,2026-09-15 20:13:50+00:00,771.0,1.09,1.1,1.12,-0.9899999,-47.596153,111.0,181.0,0.1071256280517578,False,REGULAR,USD,SPY,call,2026-09-24,0.024657534246575342,1.11,0.019149548930128286,0.16066844328898222,1988274.1843596927,757.3900146484375,-0.004586781374170235,2026-09-15
SPY260924C00772000,2026-09-15 20:07:48+00:00,772.0,0.87,0.91,0.93,-0.72,-45.283016,66.0,39.0,0.10559976440429686,False,REGULAR,USD,SPY,call,2026-09-24,0.024657534246575342,0.92,0.01764327692044526,0.13908200037172697,394714.4338919575,757.3900146484375,-0.004586781374170235,2026-09-15
SPY260924C00773000,2026-09-15 19:15:25+00:00,773.0,0.66,0.76,0.77,-0.78000003,-54.166664,70.0,86.0,0.10431803894042967,False,REGULAR,USD,SPY,call,2026-09-24,0.024657534246575342,0.765,0.016085447290007517,0.11959668263632889,793543.508670303,757.3900146484375,-0.004586781374170235,2026-09-15
SPY260924C00774000,2026-09-15 19:06:23+00:00,774.0,0.56,0.62,0.64,-0.66,-54.09836,51.0,267.0,0.10340252075195311,False,REGULAR,USD,SPY,call,2026-09-24,0.024657534246575342,0.63,0.014534304442727297,0.10254314233314749,2226099.9737412995,757.3900146484375,-0.004586781374170235,2026-09-15
SPY260924C00775000,2026-09-15 19:37:12+00:00,775.0,0.43,0.51,0.52,-0.54,-55.670105,185.0,193.0,0.10218182983398436,False,REGULAR,USD,SPY,call,2026-09-24,0.024657534246575342,0.515,0.012966910757178549,0.08644230469376435,1435598.45130936,757.3900146484375,-0.004586781374170235,2026-09-15
SPY260924C00776000,2026-09-15 17:33:58+00:00,776.0,0.38,0.41,0.43,-0.44,-53.65854,187.0,113.0,0.10163251892089843,False,REGULAR,USD,SPY,call,2026-09-24,0.024657534246575342,0.42,0.011514513628252381,0.07335561325834754,746385.4967002922,757.3900146484375,-0.004586781374170235,2026-09-15
SPY260924C00777000,2026-09-15 19:22:00+00:00,777.0,0.28,0.33,0.35,-0.46,-62.162163,306.0,188.0,0.10083906982421875,False,REGULAR,USD,SPY,call,2026-09-24,0.024657534246575342,0.33999999999999997,0.010098113627879997,0.06127945353114467,1089023.5031994039,757.3900146484375,-0.004586781374170235,2026-09-15
SPY260924C00778000,2026-09-15 18:26:27+00:00,778.0,0.25,0.27,0.28,-0.26999998,-51.923077,848.0,452.0,0.09998458618164063,False,REGULAR,USD,SPY,call,2026-09-24,0.024657534246575342,0.275,0.008751650717623698,0.05056781376001349,2269172.760122025,757.3900146484375,-0.004586781374170235,2026-09-15
SPY260924C00779000,2026-09-15 14:26:54+00:00,779.0,0.22,0.22,0.23,-0.39000002,-63.934425,61.0,51.0,0.09974044799804688,False,REGULAR,USD,SPY,call,2026-09-24,0.024657534246575342,0.225,0.00759043004114874,0.04222415907676277,222062.747158003,757.3900146484375,-0.004586781374170235,2026-09-15
SPY260924C00780000,2026-09-15 19:54:45+00:00,780.0,0.15,0.17,0.18,-0.21000001,-58.333332,588.0,787.0,0.09888596435546876,False,REGULAR,USD,SPY,call,2026-09-24,0.024657534246575342,0.175,0.00643796619429956,0.034143986946393395,2906448.1151587497,757.3900146484375,-0.004586781374170235,2026-09-15
SPY260924C00781000,2026-09-15 14:11:23+00:00,781.0,0.15,0.14,0.15,-0.19,-55.88235,2.0,31.0,0.0991301025390625,False,REGULAR,USD,SPY,call,2026-09-24,0.024657534246575342,0.14500000000000002,0.005556230218122291,0.028658704888376806,98805.48998085162,757.3900146484375,-0.004586781374170235,2026-09-15
SPY260924C00782000,2026-09-15 16:54:01+00:00,782.0,0.14,0.11,0.12,-0.11,-44.0,7.0,218.0,0.098641826171875,False,REGULAR,USD,SPY,call,2026-09-24,0.024657534246575342,0.11499999999999999,0.0046671646320244195,0.023131864549388835,583644.9935646307,757.3900146484375,-0.004586781374170235,2026-09-15
SPY260924C00783000,2026-09-15 19:43:09+00:00,783.0,0.08,0.09,0.1,-0.15,-65.21739,15.0,491.0,0.0991301025390625,False,REGULAR,USD,SPY,call,2026-09-24,0.024657534246575342,0.095,0.004011251549373878,0.019452770574715325,1129797.320065908,757.3900146484375,-0.004586781374170235,2026-09-15
SPY260924C00784000,2026-09-15 16:52:29+00:00,784.0,0.1,0.08,0.09,-0.07,-41.17647,8.0,350.0,0.100594931640625,False,REGULAR,USD,SPY,call,2026-09-24,0.024657534246575342,0.08499999999999999,0.003556830817921115,0.017185868589905583,714118.6953672393,757.3900146484375,-0.004586781374170235,2026-09-15
SPY260924C00785000,2026-09-15 17:33:27+00:00,785.0,0.06,0.06,0.07,-0.08,-57.142857,41.0,309.0,0.1001066552734375,False,REGULAR,USD,SPY,call,2026-09-24,0.024657534246575342,0.065,0.002932906794057023,0.013651089321179512,519871.3584508429,757.3900146484375,-0.004586781374170235,2026-09-15
SPY260924C00786000,2026-09-15 16:31:47+00:00,786.0,0.08,0.05,0.06,-0.11,-57.894737,2.0,191.0,0.1010832080078125,False,REGULAR,USD,SPY,call,2026-09-24,0.024657534246575342,0.055,0.002547052688973009,0.01172878338854338,279068.2612463806,757.3900146484375,-0.004586781374170235,2026-09-15
SPY260924C00787000,2026-09-15 16:32:06+00:00,787.0,0.08,0.05,0.06,-0.030000001,-27.272728,8.0,167.0,0.10401286621093749,False,REGULAR,USD,SPY,call,2026-09-24,0.024657534246575342,0.055,0.0024001318946631845,0.011319570097736105,229927.40064415656,757.3900146484375,-0.004586781374170235,2026-09-15
SPY260924C00788000,2026-09-14 17:21:51+00:00,788.0,0.11,0.04,0.05,0.0,0.0,58.0,225.0,0.10450114257812498,False,REGULAR,USD,SPY,call,2026-09-24,0.024657534246575342,0.045,0.002047614648800344,0.00948481481261389,264283.4066181653,757.3900146484375,-0.004586781374170235,2026-09-15
SPY260924C00789000,2026-09-14 16:07:21+00:00,789.0,0.11,0.03,0.05,0.0,0.0,2.0,11.0,0.10743080078125,False,REGULAR,USD,SPY,call,2026-09-24,0.024657534246575342,0.04,0.0019420776533104129,0.009214778177501137,12254.579862867495,757.3900146484375,-0.004586781374170235,2026-09-15
SPY260924C00790000,2026-09-15 13:30:00+00:00,790.0,0.07,0.03,0.04,-0.030000001,-30.0,20.0,78.0,0.10743080078125,False,REGULAR,USD,SPY,call,2026-09-24,0.024657534246575342,0.035,0.001622515008862692,0.007508759433909496,72597.63547238814,757.3900146484375,-0.004586781374170235,2026-09-15
SPY260924C00791000,2026-09-14 15:30:59+00:00,791.0,0.07,0.03,0.04,0.0,0.0,4.0,67.0,0.1098721826171875,False,REGULAR,USD,SPY,call,2026-09-24,0.024657534246575342,0.035,0.0015149052157542857,0.007125751414776233,58223.64815451801,757.3900146484375,-0.004586781374170235,2026-09-15
SPY260924C00792000,2026-09-14 13:49:13+00:00,792.0,0.08,0.02,0.03,0.0,0.0,205.0,217.0,0.1088956298828125,False,REGULAR,USD,SPY,call,2026-09-24,0.024657534246575342,0.025,0.001202426198792313,0.005434540299877731,149677.7735108793,757.3900146484375,-0.004586781374170235,2026-09-15
SPY260924C00793000,2026-09-15 17:03:40+00:00,793.0,0.04,0.02,0.03,-0.04,-50.0,93.0,52.0,0.11133701171874999,False,REGULAR,USD,SPY,call,2026-09-24,0.024657534246575342,0.025,0.0011291038688319836,0.005191171214712322,33680.33398034527,757.3900146484375,-0.004586781374170235,2026-09-15
SPY260924C00794000,2026-09-14 16:01:27+00:00,794.0,0.07,0.02,0.03,0.0,0.0,22.0,528.0,0.11426666992187501,False,REGULAR,USD,SPY,call,2026-09-24,0.024657534246575342,0.025,0.0010887193403214782,0.005130579663564276,329753.19391108974,757.3900146484375,-0.004586781374170235,2026-09-15
SPY260924C00795000,2026-09-14 14:26:56+00:00,795.0,0.05,0.02,0.03,0.0,0.0,1.0,24.0,0.117196328125,False,REGULAR,USD,SPY,call,2026-09-24,0.024657534246575342,0.025,0.0010512665045936255,0.005075032650186818,14473.155197652752,757.3900146484375,-0.004586781374170235,2026-09-15
SPY260924C00796000,2026-09-11 14:58:40+00:00,796.0,0.07,0.02,0.03,0.0,0.0,0.0,35.0,0.12012598632812499,False,REGULAR,USD,SPY,call,2026-09-24,0.024657534246575342,0.025,0.0010164524204749586,0.005024073419332756,20407.70881637555,757.3900146484375,-0.004586781374170235,2026-09-15
SPY260924C00797000,2026-09-11 15:31:27+00:00,797.0,0.08,0.02,0.03,0.0,0.0,0.0,16.0,0.12207909179687501,False,REGULAR,USD,SPY,call,2026-09-24,0.024657534246575342,0.025,0.0009399834808422126,0.004686050198527299,8627.388483010862,757.3900146484375,-0.004586781374170235,2026-09-15
SPY260924C00798000,2026-09-14 19:22:55+00:00,798.0,0.03,0.02,0.03,0.0,0.0,1.0,33.0,0.12500875,False,REGULAR,USD,SPY,call,2026-09-24,0.024657534246575342,0.025,0.0009119278459039277,0.004651581670648836,17262.89254874022,757.3900146484375,-0.004586781374170235,2026-09-15
SPY260924C00799000,2026-09-11 15:39:33+00:00,799.0,0.08,0.02,0.03,0.0,0.0,0.0,41.0,0.127938408203125,False,REGULAR,USD,SPY,call,2026-09-24,0.024657534246575342,0.025,0.0008856620020454964,0.004620098031437118,20830.083905244548,757.3900146484375,-0.004586781374170235,2026-09-15
SPY260924C00800000,2026-09-15 18:24:19+00:00,800.0,0.02,0.02,0.03,-0.06,-75.0,8.0,37.0,0.129891513671875,False,REGULAR,USD,SPY,call,2026-09-24,0.024657534246575342,0.025,0.0008238551028480502,0.004333521693012893,17486.049776485524,757.3900146484375,-0.004586781374170235,2026-09-15
SPY260924C00801000,2026-09-11 15:34:28+00:00,801.0,0.07,0.01,0.02,0.0,0.0,0.0,46.0,0.12696185546875,False,REGULAR,USD,SPY,call,2026-09-24,0.024657534246575342,0.015,0.0006045393685237078,0.0029924161478796724,15952.236144573624,757.3900146484375,-0.004586781374170235,2026-09-15
SPY260924C00804000,2026-09-15 18:23:50+00:00,804.0,0.02,0.01,0.02,-0.02,-50.0,2445.0,4.0,0.13477427734375003,False,REGULAR,USD,SPY,call,2026-09-24,0.024657534246575342,0.015,0.0005447384246135876,0.0028484576340092466,1249.934202714367,757.3900146484375,-0.004586781374170235,2026-09-15
SPY260924C00805000,2026-09-15 17:44:16+00:00,805.0,0.02,0.01,0.02,-0.030000001,-60.0,2409.0,23.0,0.13672738281250002,False,REGULAR,USD,SPY,call,2026-09-24,0.024657534246575342,0.015,0.0005106678689918006,0.0026943352437907696,6737.60458106867,757.3900146484375,-0.004586781374170235,2026-09-15
SPY260924C00807000,2026-09-11 18:45:07+00:00,807.0,0.04,0.01,0.02,0.0,0.0,0.0,24.0,0.14258669921875,False,REGULAR,USD,SPY,call,2026-09-24,0.024657534246575342,0.015,0.0004957525318878296,0.002731351191919124,6825.199226161437,757.3900146484375,-0.004586781374170235,2026-09-15
SPY260924C00810000,2026-09-11 18:02:33+00:00,810.0,0.04,0.01,0.02,0.0,0.0,0.0,53.0,0.15039912109375003,False,REGULAR,USD,SPY,call,2026-09-24,0.024657534246575342,0.015,0.0004550656951544749,0.002635399163282099,13835.317104135642,757.3900146484375,-0.004586781374170235,2026-09-15
SPY260924C00820000,2026-09-11 13:38:42+00:00,820.0,0.02,0.01,0.02,0.0,0.0,0.0,1.0,0.17383638671875,False,REGULAR,USD,SPY,call,2026-09-24,0.024657534246575342,0.015,0.00032315124287415057,0.0021187881575734854,185.37236078241537,757.3900146484375,-0.004586781374170235,2026-09-15
SPY260924C00825000,2026-09-11 19:30:04+00:00,825.0,0.02,0.01,0.02,0.0,0.0,0.0,5.0,0.18555501953124998,False,REGULAR,USD,SPY,call,2026-09-24,0.024657534246575342,0.015,0.0002807610321435054,0.001949933087727436,805.2782790072382,757.3900146484375,-0.004586781374170235,2026-09-15
SPY260924C00870000,2026-09-11 18:08:36+00:00,870.0,0.01,,0.01,0.0,0.0,0.0,3.0,0.2695385546875,False,REGULAR,USD,SPY,call,2026-09-24,0.024657534246575342,0.01,6.741237013978187e-05,0.0006177489292016366,116.01122206064997,757.3900146484375,-0.004586781374170235,2026-09-15
SPY260924C00875000,2026-09-11 18:11:21+00:00,875.0,0.01,,0.01,0.0,0.0,0.0,192.0,0.28125718749999995,False,REGULAR,USD,SPY,call,2026-09-24,0.024657534246575342,0.01,6.600454983079836e-05,0.0006322695582769748,7269.662558661088,757.3900146484375,-0.004586781374170235,2026-09-15
SPY260924P00550000,2026-09-11 19:49:00+00:00,550.0,0.04,0.03,0.04,0.0,0.0,0.0,6.0,0.6601596484375001,False,REGULAR,USD,SPY,put,2026-09-24,0.024657534246575342,0.035,3.582726981250174e-05,-0.0008222780114768291,-123.31165171693546,757.3900146484375,-0.004586781374170235,2026-09-15
SPY260924P00565000,2026-09-11 18:14:46+00:00,565.0,0.04,0.04,0.05,0.0,0.0,0.0,4.0,0.62305064453125,False,REGULAR,USD,SPY,put,2026-09-24,0.024657534246575342,0.045,5.073605582200348e-05,-0.0011277515340168964,-116.416850028034,757.3900146484375,-0.004586781374170235,2026-09-15
SPY260924P00570000,2026-09-11 17:31:02+00:00,570.0,0.05,0.04,0.05,0.0,0.0,0.0,1.0,0.6054726953125001,False,REGULAR,USD,SPY,put,2026-09-24,0.024657534246575342,0.045,5.330295728447237e-05,-0.0011535711931990322,-30.576688923195466,757.3900146484375,-0.004586781374170235,2026-09-15
SPY260924P00600000,2026-09-11 19:33:40+00:00,600.0,0.08,0.07,0.08,0.0,0.0,0.0,111.0,0.5312546875,False,REGULAR,USD,SPY,put,2026-09-24,0.024657534246575342,0.07500000000000001,0.00011003321411705138,-0.002213845341707099,-7006.254810340053,757.3900146484375,-0.004586781374170235,2026-09-15
SPY260924P00615000,2026-09-11 19:33:40+00:00,615.0,0.1,0.09,0.1,0.0,0.0,0.0,166.0,0.49609878906250005,False,REGULAR,USD,SPY,put,2026-09-24,0.024657534246575342,0.095,0.0001650621687640594,-0.0032155189292513153,-15717.909552715255,757.3900146484375,-0.004586781374170235,2026-09-15
SPY260924P00625000,2026-09-15 17:17:06+00:00,625.0,0.12,0.1,0.11,0.0,0.0,34.0,153.0,0.46680220703125,False,REGULAR,USD,SPY,put,2026-09-24,0.024657534246575342,0.10500000000000001,0.00020280964782138408,-0.0037792104899552204,-17799.966787605543,757.3900146484375,-0.004586781374170235,2026-09-15
SPY260924P00650000,2026-09-15 17:20:00+00:00,650.0,0.18,0.15,0.16,0.06000001,50.000008,2.0,2.0,0.398443515625,False,REGULAR,USD,SPY,put,2026-09-24,0.024657534246575342,0.155,0.0003783495585280577,-0.006370209345986533,-434.0726047750007,757.3900146484375,-0.004586781374170235,2026-09-15
SPY260924P00660000,2026-09-15 20:11:23+00:00,660.0,0.18,0.17,0.18,-0.00999999,-5.263153,65.0,91.0,0.36865865722656255,False,REGULAR,USD,SPY,put,2026-09-24,0.024657534246575342,0.175,0.00048251576448340587,-0.007683916906311539,-25187.90516760842,757.3900146484375,-0.004586781374170235,2026-09-15
SPY260924P00665000,2026-09-11 19:33:40+00:00,665.0,0.21,0.19,0.2,0.0,0.0,0.0,93.0,0.35596347167968745,False,REGULAR,USD,SPY,put,2026-09-24,0.024657534246575342,0.195,0.0005642219085570432,-0.008822684432381322,-30100.38458328128,757.3900146484375,-0.004586781374170235,2026-09-15
SPY260924P00675000,2026-09-14 14:59:31+00:00,675.0,0.28,0.22,0.23,0.0,0.0,10.0,73.0,0.3266668896484375,False,REGULAR,USD,SPY,put,2026-09-24,0.024657534246575342,0.225,0.0007460285579436158,-0.01101027211757799,-31240.463087807322,757.3900146484375,-0.004586781374170235,2026-09-15
SPY260924P00680000,2026-09-14 13:52:56+00:00,680.0,0.28,0.25,0.26,0.0,0.0,1.0,1.0,0.3142158422851562,False,REGULAR,USD,SPY,put,2026-09-24,0.024657534246575342,0.255,0.00088986186419991,-0.01290070822215772,-510.46003434750696,757.3900146484375,-0.004586781374170235,2026-09-15
SPY260924P00690000,2026-09-15 20:03:56+00:00,690.0,0.33,0.31,0.32,0.04000002,13.793111,26.0,74.0,0.2866282275390625,False,REGULAR,USD,SPY,put,2026-09-24,0.024657534246575342,0.315,0.0012505152341040938,-0.017221504686236844,-53083.53751577271,757.3900146484375,-0.004586781374170235,2026-09-15
SPY260924P00695000,2026-09-15 18:44:28+00:00,695.0,0.4,0.35,0.36,0.03999999,11.111108,31.0,42.0,0.27295648925781246,False,REGULAR,USD,SPY,put,2026-09-24,0.024657534246575342,0.355,0.0015026408433294668,-0.020176419397492262,-36202.92244108977,757.3900146484375,-0.004586781374170235,2026-09-15
SPY260924P00700000,2026-09-15 20:00:52+00:00,700.0,0.44,0.41,0.42,0.0,0.0,27.0,580.0,0.260749580078125,False,REGULAR,USD,SPY,put,2026-09-24,0.024657534246575342,0.415,0.0018512838079634,-0.02447334543747004,-615942.4646080302,757.3900146484375,-0.004586781374170235,2026-09-15
SPY260924P00705000,2026-09-15 18:44:28+00:00,705.0,0.54,0.47,0.48,0.08000001,17.391306,54.0,26.0,0.247077841796875,False,REGULAR,USD,SPY,put,2026-09-24,0.024657534246575342,0.475,0.002265561931632482,-0.029221845177433647,-33790.01906594862,757.3900146484375,-0.004586781374170235,2026-09-15
SPY260924P00710000,2026-09-15 19:44:06+00:00,710.0,0.65,0.57,0.58,0.03999996,6.5573707,90.0,87.0,0.2356033471679687,False,REGULAR,USD,SPY,put,2026-09-24,0.024657534246575342,0.575,0.002860167251551266,-0.036594727386150105,-142741.360768156,757.3900146484375,-0.004586781374170235,2026-09-15
SPY260924P00715000,2026-09-15 20:00:30+00:00,715.0,0.74,0.69,0.7,0.030000031,4.2253566,30.0,93.0,0.2235185070800781,False,REGULAR,USD,SPY,put,2026-09-24,0.024657534246575342,0.695,0.003618938151089487,-0.04583755460805017,-193064.8712480639,757.3900146484375,-0.004586781374170235,2026-09-15
SPY260924P00718000,2026-09-15 14:05:11+00:00,718.0,0.75,0.79,0.8,-0.17000002,-18.478262,12.0,100.0,0.21704884521484374,False,REGULAR,USD,SPY,put,2026-09-24,0.024657534246575342,0.795,0.004208012052526139,-0.05337004364883924,-241388.2494895474,757.3900146484375,-0.004586781374170235,2026-09-15
SPY260924P00719000,2026-09-15 14:12:34+00:00,719.0,0.88,0.82,0.83,0.120000005,15.789474,63.0,220.0,0.21448539428710936,False,REGULAR,USD,SPY,put,2026-09-24,0.024657534246575342,0.825,0.0044142251131640406,-0.05585321371090768,-557078.3855087985,757.3900146484375,-0.004586781374170235,2026-09-15
SPY260924P00720000,2026-09-15 17:17:07+00:00,720.0,0.98,0.86,0.87,0.110000014,12.643681,118.0,327.0,0.21234918518066404,False,REGULAR,USD,SPY,put,2026-09-24,0.024657534246575342,0.865,0.004645441780671191,-0.058843987750262894,-871392.7144054893,757.3900146484375,-0.004586781374170235,2026-09-15
SPY260924P00721000,2026-09-15 19:59:38+00:00,721.0,0.99,0.9,0.91,0.13,15.116279,34.0,144.0,0.21009090698242186,False,REGULAR,USD,SPY,put,2026-09-24,0.024657534246575342,0.905,0.004885729871392753,-0.06190924178757784,-403581.3547192367,757.3900146484375,-0.004586781374170235,2026-09-15
SPY260924P00722000,2026-09-15 18:41:50+00:00,722.0,1.05,0.94,0.96,0.12999994,14.130427,54.0,491.0,0.2082598706054687,False,REGULAR,USD,SPY,put,2026-09-24,0.024657534246575342,0.95,0.005152557797845434,-0.06554705229370783,-1451254.2830676201,757.3900146484375,-0.004586781374170235,2026-09-15
SPY260924P00723000,2026-09-15 18:02:29+00:00,723.0,1.08,0.99,1.0,0.15000004,16.129036,30.0,519.0,0.20581848876953124,False,REGULAR,USD,SPY,put,2026-09-24,0.024657534246575342,0.995,0.0054149652802143984,-0.06883826607453258,-1612137.8868729272,757.3900146484375,-0.004586781374170235,2026-09-15
SPY260924P00724000,2026-09-15 18:02:37+00:00,724.0,1.12,1.04,1.05,0.13,13.131313,90.0,725.0,0.20374331420898437,False,REGULAR,USD,SPY,put,2026-09-24,0.024657534246575342,1.045,0.005703445695576017,-0.07268390884474862,-2371998.814673776,757.3900146484375,-0.004586781374170235,2026-09-15
SPY260924P00725000,2026-09-15 19:46:48+00:00,725.0,1.24,1.09,1.1,0.21000004,20.388353,33.0,267.0,0.2014850360107422,False,REGULAR,USD,SPY,put,2026-09-24,0.024657534246575342,1.0950000000000002,0.0060021191902602695,-0.07658444450255841,-919295.2730886476,757.3900146484375,-0.004586781374170235,2026-09-15
SPY260924P00726000,2026-09-15 19:59:38+00:00,726.0,1.26,1.14,1.16,0.17999995,16.66666,93.0,539.0,0.19959296508789062,False,REGULAR,USD,SPY,put,2026-09-24,0.024657534246575342,1.15,0.006327971601198776,-0.08110292241734518,-1956556.6948409795,757.3900146484375,-0.004586781374170235,2026-09-15
SPY260924P00727000,2026-09-15 17:20:47+00:00,727.0,1.37,1.2,1.22,0.26,23.423424,112.0,808.0,0.19751779052734375,False,REGULAR,USD,SPY,put,2026-09-24,0.024657534246575342,1.21,0.006665486364015426,-0.08570793947453326,-3089458.425452261,757.3900146484375,-0.004586781374170235,2026-09-15
SPY260924P00728000,2026-09-15 20:02:12+00:00,728.0,1.33,1.26,1.28,0.17000008,14.655179,400.0,900.0,0.19525951232910155,False,REGULAR,USD,SPY,put,2026-09-24,0.024657534246575342,1.27,0.007015901669774663,-0.09039958777504431,-3622139.3412524224,757.3900146484375,-0.004586781374170235,2026-09-15
SPY260924P00729000,2026-09-15 19:57:07+00:00,729.0,1.5,1.33,1.35,0.26999998,21.951218,15.0,362.0,0.19330640686035155,False,REGULAR,USD,SPY,put,2026-09-24,0.024657534246575342,1.34,0.007393171703622362,-0.09572698639292332,-1535247.9050536503,757.3900146484375,-0.004586781374170235,2026-09-15
SPY260924P00730000,2026-09-15 20:10:47+00:00,730.0,1.42,1.4,1.42,0.15999997,12.69841,52.0,522.0,0.19117019775390626,False,REGULAR,USD,SPY,put,2026-09-24,0.024657534246575342,1.41,0.0077850098374825875,-0.10117497290202149,-2331142.4823699566,757.3900146484375,-0.004586781374170235,2026-09-15
SPY260924P00731000,2026-09-15 20:10:59+00:00,731.0,1.5,1.48,1.5,0.14999998,11.11111,10.0,289.0,0.18921709228515626,False,REGULAR,USD,SPY,put,2026-09-24,0.024657534246575342,1.49,0.008201123579032063,-0.10718040106340598,-1359597.474353851,757.3900146484375,-0.004586781374170235,2026-09-15
SPY260924P00732000,2026-09-15 19:40:07+00:00,732.0,1.81,1.56,1.58,0.39,27.46479,42.0,213.0,0.1871419177246094,False,REGULAR,USD,SPY,put,2026-09-24,0.024657534246575342,1.57,0.008635010867608728,-0.11341131802595372,-1055070.893425913,757.3900146484375,-0.004586781374170235,2026-09-15
SPY260924P00733000,2026-09-15 19:52:20+00:00,733.0,1.92,1.64,1.66,0.36,23.076923,17.0,361.0,0.18488363952636716,False,REGULAR,USD,SPY,put,2026-09-24,0.024657534246575342,1.65,0.009087098220330091,-0.11980426823971613,-1881791.8116494,757.3900146484375,-0.004586781374170235,2026-09-15
SPY260924P00734000,2026-09-15 19:47:49+00:00,734.0,1.96,1.74,1.76,0.33000004,20.245401,15.0,259.0,0.18311363769531247,False,REGULAR,USD,SPY,put,2026-09-24,0.024657534246575342,1.75,0.009569047703319847,-0.1272181945500499,-1421698.921482233,757.3900146484375,-0.004586781374170235,2026-09-15
SPY260924P00735000,2026-09-15 17:54:52+00:00,735.0,2.04,1.83,1.85,0.39999998,24.390242,12.0,404.0,0.18079432495117187,False,REGULAR,USD,SPY,put,2026-09-24,0.024657534246575342,1.84,0.010065585923245567,-0.13437700645700978,-2332703.68727835,757.3900146484375,-0.004586781374170235,2026-09-15
SPY260924P00736000,2026-09-15 19:25:35+00:00,736.0,2.14,1.94,1.96,0.42000008,24.41861,33.0,246.0,0.17896328857421873,False,REGULAR,USD,SPY,put,2026-09-24,0.024657534246575342,1.95,0.010590066064879618,-0.14262919076216007,-1494420.8796406751,757.3900146484375,-0.004586781374170235,2026-09-15
SPY260924P00737000,2026-09-15 19:08:09+00:00,737.0,2.23,2.05,2.07,0.36,19.251337,33.0,82.0,0.17688811401367188,False,REGULAR,USD,SPY,put,2026-09-24,0.024657534246575342,2.0599999999999996,0.01113503601212705,-0.1510578183384983,-523774.8348350418,757.3900146484375,-0.004586781374170235,2026-09-15
SPY260924P00738000,2026-09-15 19:54:10+00:00,738.0,2.47,2.17,2.19,0.59000003,31.38298,37.0,302.0,0.1749350085449219,False,REGULAR,USD,SPY,put,2026-09-24,0.024657534246575342,2.1799999999999997,0.01170291175151271,-0.160170251978071,-2027402.713211333,757.3900146484375,-0.004586781374170235,2026-09-15
SPY260924P00739000,2026-09-15 19:54:30+00:00,739.0,2.62,2.29,2.32,0.6099999,30.348253,75.0,77.0,0.1729819030761719,False,REGULAR,USD,SPY,put,2026-09-24,0.024657534246575342,2.3049999999999997,0.012292670139765425,-0.16983454549782717,-542970.3358627487,757.3900146484375,-0.004586781374170235,2026-09-15
SPY260924P00740000,2026-09-15 20:10:23+00:00,740.0,2.46,2.43,2.45,0.25,11.312217,200.0,1034.0,0.1708456939697266,False,REGULAR,USD,SPY,put,2026-09-24,0.024657534246575342,2.4400000000000004,0.012906461247187449,-0.17982965445144083,-7655382.071937159,757.3900146484375,-0.004586781374170235,2026-09-15
SPY260924P00741000,2026-09-15 15:37:19+00:00,741.0,2.87,2.57,2.6,0.9299998,47.938133,33.0,115.0,0.16901465759277345,False,REGULAR,USD,SPY,put,2026-09-24,0.024657534246575342,2.585,0.013537140823565049,-0.1908506882530817,-893025.6588053326,757.3900146484375,-0.004586781374170235,2026-09-15
SPY260924P00742000,2026-09-15 19:45:23+00:00,742.0,3.15,2.72,2.75,0.69000006,28.048782,19.0,244.0,0.1669394830322266,False,REGULAR,USD,SPY,put,2026-09-24,0.024657534246575342,2.7350000000000003,0.014192773813719566,-0.2021784148760858,-1986535.1695324108,757.3900146484375,-0.004586781374170235,2026-09-15
SPY260924P00743000,2026-09-15 19:32:42+00:00,743.0,3.18,2.89,2.91,0.58000016,22.3077,24.0,63.0,0.1648643084716797,False,REGULAR,USD,SPY,put,2026-09-24,0.024657534246575342,2.9000000000000004,0.01486883836633524,-0.21417751091628345,-537349.3651744586,757.3900146484375,-0.004586781374170235,2026-09-15
SPY260924P00744000,2026-09-15 18:30:06+00:00,744.0,3.25,3.03,3.11,0.6500001,25.000004,21.0,281.0,0.16352154846191408,False,REGULAR,USD,SPY,put,2026-09-24,0.024657534246575342,3.07,0.01553174728428523,-0.22785753110226714,-2503604.8588001602,757.3900146484375,-0.004586781374170235,2026-09-15
SPY260924P00745000,2026-09-15 20:09:26+00:00,745.0,3.35,3.21,3.3,0.43999982,15.120268,52.0,208.0,0.1616599948120117,False,REGULAR,USD,SPY,put,2026-09-24,0.024657534246575342,3.255,0.016226099238356623,-0.24155661946960127,-1936050.1956703477,757.3900146484375,-0.004586781374170235,2026-09-15
SPY260924P00746000,2026-09-15 19:44:00+00:00,746.0,3.92,3.41,3.5,1.01,34.7079,11.0,106.0,0.15973740661621094,False,REGULAR,USD,SPY,put,2026-09-24,0.024657534246575342,3.455,0.01693452751797467,-0.2559237163210375,-1029717.5142606955,757.3900146484375,-0.004586781374170235,2026-09-15
SPY260924P00747000,2026-09-15 20:09:25+00:00,747.0,3.79,3.62,3.72,0.8599999,29.351532,8.0,74.0,0.15796740478515625,False,REGULAR,USD,SPY,put,2026-09-24,0.024657534246575342,3.67,0.017640238902017897,-0.271252274770468,-748816.3742469954,757.3900146484375,-0.004586781374170235,2026-09-15
SPY260924P00748000,2026-09-15 20:03:57+00:00,748.0,4.02,3.85,3.93,0.78999996,24.458204,20.0,231.0,0.15564809204101562,False,REGULAR,USD,SPY,put,2026-09-24,0.024657534246575342,3.89,0.018392564366538168,-0.2867165530002934,-2437212.6001748443,757.3900146484375,-0.004586781374170235,2026-09-15
SPY260924P00749000,2026-09-15 18:09:08+00:00,749.0,4.37,4.08,4.18,0.8599999,24.501423,105.0,101.0,0.15393912475585939,False,REGULAR,USD,SPY,put,2026-09-24,0.024657534246575342,4.13,0.019096823376602432,-0.3037261118679354,-1106424.1725617298,757.3900146484375,-0.004586781374170235,2026-09-15
SPY260924P00750000,2026-09-15 20:09:33+00:00,750.0,4.49,4.34,4.43,0.9799998,27.920221,1019.0,1382.0,0.1518639501953125,False,REGULAR,USD,SPY,put,2026-09-24,0.024657534246575342,4.385,0.01982979493087455,-0.3211607413924755,-15720466.023427125,757.3900146484375,-0.004586781374170235,2026-09-15
SPY260924P00751000,2026-09-15 17:44:04+00:00,751.0,5.1,4.61,4.7,1.3999999,37.837833,112.0,23.0,0.14991084472656252,False,REGULAR,USD,SPY,put,2026-09-24,0.024657534246575342,4.655,0.020541743442283815,-0.33958551032073636,-271021.83850554924,757.3900146484375,-0.004586781374170235,2026-09-15
SPY260924P00752000,2026-09-15 19:38:32+00:00,752.0,5.52,4.9,4.99,1.19,27.482681,165.0,32.0,0.14798825653076175,False,REGULAR,USD,SPY,put,2026-09-24,0.024657534246575342,4.945,0.02123374343789235,-0.3588996134048793,-389776.53824967763,757.3900146484375,-0.004586781374170235,2026-09-15
SPY260924P00753000,2026-09-15 19:39:16+00:00,753.0,5.91,5.22,5.3,1.3799996,30.463568,116.0,115.0,0.14612670288085935,False,REGULAR,USD,SPY,put,2026-09-24,0.024657534246575342,5.26,0.02189343012391767,-0.3791185087659723,-1444278.0137062331,757.3900146484375,-0.004586781374170235,2026-09-15
SPY260924P00754000,2026-09-15 19:53:48+00:00,754.0,6.26,5.54,5.64,1.4200001,29.338842,223.0,54.0,0.14447877014160154,False,REGULAR,USD,SPY,put,2026-09-24,0.024657534246575342,5.59,0.02248856246683076,-0.40030812745006517,-696617.8604547338,757.3900146484375,-0.004586781374170235,2026-09-15
SPY260924P00755000,2026-09-15 19:40:19+00:00,755.0,6.72,5.88,5.99,1.6199999,31.764704,129.0,312.0,0.14264773376464845,False,REGULAR,USD,SPY,put,2026-09-24,0.024657534246575342,5.9350000000000005,0.02306644004186347,-0.4221751300269524,-4128329.159749831,757.3900146484375,-0.004586781374170235,2026-09-15
SPY260924P00756000,2026-09-15 19:47:17+00:00,756.0,7.0,6.25,6.37,1.9899998,39.72055,55.0,16.0,0.14096928375244144,False,REGULAR,USD,SPY,put,2026-09-24,0.024657534246575342,6.3100000000000005,0.023567809603968617,-0.44487941794797514,-216310.87491547392,757.3900146484375,-0.004586781374170235,2026-09-15
SPY260924P00757000,2026-09-15 20:07:17+00:00,757.0,6.86,6.65,6.77,1.5900002,30.17078,132.0,76.0,0.1392908337402344,False,REGULAR,USD,SPY,put,2026-09-24,0.024657534246575342,6.71,0.0240058996194032,-0.46828615552703634,-1046575.8963627127,757.3900146484375,-0.004586781374170235,2026-09-15
SPY260924P00758000,2026-09-15 19:08:55+00:00,758.0,7.61,7.07,7.19,1.4500003,23.538967,104.0,30.0,0.1375513491821289,True,REGULAR,USD,SPY,put,2026-09-24,0.024657534246575342,7.130000000000001,0.024382084916883477,-0.49234436678161153,-419595.9082478487,757.3900146484375,-0.004586781374170235,2026-09-15
SPY260924P00759000,2026-09-15 19:40:07+00:00,759.0,8.31,7.51,7.62,1.7800002,27.258806,110.0,1022.0,0.13553720916748052,True,REGULAR,USD,SPY,put,2026-09-24,0.024657534246575342,7.5649999999999995,0.02472632487011304,-0.5170647856039874,-14496047.95483436,757.3900146484375,-0.004586781374170235,2026-09-15
SPY260924P00760000,2026-09-15 20:10:23+00:00,760.0,8.12,7.91,8.13,1.2599998,18.367344,222.0,355.0,0.13465220825195315,True,REGULAR,USD,SPY,put,2026-09-24,0.024657534246575342,8.02,0.024773434723550296,-0.5420023364145284,-5044913.532390841,757.3900146484375,-0.004586781374170235,2026-09-15
SPY260924P00761000,2026-09-15 19:51:54+00:00,761.0,9.35,8.42,8.64,2.2700005,32.062153,16.0,377.0,0.13327893096923826,True,REGULAR,USD,SPY,put,2026-09-24,0.024657534246575342,8.530000000000001,0.024808880752044352,-0.5673426465408781,-5365221.695210745,757.3900146484375,-0.004586781374170235,2026-09-15
SPY260924P00762000,2026-09-15 18:16:13+00:00,762.0,9.43,8.92,9.21,1.9600005,26.238293,29.0,186.0,0.1326380682373047,True,REGULAR,USD,SPY,put,2026-09-24,0.024657534246575342,9.065000000000001,0.024609322798907686,-0.5923457999103043,-2625740.22506729,757.3900146484375,-0.004586781374170235,2026-09-15
SPY260924P00763000,2026-09-15 19:54:10+00:00,763.0,10.58,9.48,9.8,2.29,27.623644,82.0,96.0,0.13190565368652346,True,REGULAR,USD,SPY,put,2026-09-24,0.024657534246575342,9.64,0.02432361874261828,-0.6172678494468462,-1339487.2089700338,757.3900146484375,-0.004586781374170235,2026-09-15
SPY260924P00764000,2026-09-15 14:37:38+00:00,764.0,10.99,10.08,10.37,3.02,37.892097,12.0,235.0,0.1302577209472656,True,REGULAR,USD,SPY,put,2026-09-24,0.024657534246575342,10.225,0.02408037834733679,-0.6429598807195167,-3246162.9657470603,757.3900146484375,-0.004586781374170235,2026-09-15
SPY260924P00765000,2026-09-15 17:34:54+00:00,765.0,11.75,10.6,11.06,3.12,36.152954,19.0,413.0,0.13065444549560545,True,REGULAR,USD,SPY,put,2026-09-24,0.024657534246575342,10.83,0.023417164016633626,-0.6660250750990317,-5547834.535270083,757.3900146484375,-0.004586781374170235,2026-09-15
SPY260924P00766000,2026-09-15 19:58:03+00:00,766.0,12.49,11.25,11.75,2.9499998,30.922428,9.0,106.0,0.130593410949707,True,REGULAR,USD,SPY,put,2026-09-24,0.024657534246575342,11.5,0.022748012624229316,-0.6889500099511516,-1383211.1341122196,757.3900146484375,-0.004586781374170235,2026-09-15
SPY260924P00767000,2026-09-15 16:17:28+00:00,767.0,13.38,11.93,12.47,1.0299997,8.340078,11.0,502.0,0.1307459973144531,True,REGULAR,USD,SPY,put,2026-09-24,0.024657534246575342,12.2,0.021983764077941424,-0.7108339490479029,-6330600.709756689,757.3900146484375,-0.004586781374170235,2026-09-15
SPY260924P00770000,2026-09-15 18:12:55+00:00,770.0,14.78,14.15,14.72,3.62,32.437275,7.0,32.0,0.13056289367675777,True,REGULAR,USD,SPY,put,2026-09-24,0.024657534246575342,14.435,0.019436292410976438,-0.7724797201664559,-356781.6854582306,757.3900146484375,-0.004586781374170235,2026-09-15
SPY260924P00775000,2026-09-15 14:07:33+00:00,775.0,18.22,17.34,20.58,1.0599995,6.177153,1.0,18.0,0.1823201885986328,True,REGULAR,USD,SPY,put,2026-09-24,0.024657534246575342,18.96,0.01384537402751765,-0.774597881053245,-142960.59528735356,757.3900146484375,-0.004586781374170235,2026-09-15
SPY260924P00780000,2026-09-14 19:19:01+00:00,780.0,19.75,21.69,25.3,0.0,0.0,2.0,4.0,0.2024005541992187,True,REGULAR,USD,SPY,put,2026-09-24,0.024657534246575342,23.495,0.011266191305245093,-0.8101927863887679,-25850.935440690053,757.3900146484375,-0.004586781374170235,2026-09-15
SPY260924P00835000,2026-09-15 14:58:57+00:00,835.0,79.7,76.58,80.38,1.9300003,2.4816773,2.0,2.0,0.4558159887695313,True,REGULAR,USD,SPY,put,2026-09-24,0.024657534246575342,78.47999999999999,0.0031063927715377832,-0.9054719181091342,-3563.900026846851,757.3900146484375,-0.004586781374170235,2026-09-15
SPY260925C00500000,2026-09-11 18:01:17+00:00,500.0,266.0,256.17,260.03,0.0,0.0,2.0,4.0,1.1225629809570314,True,REGULAR,USD,SPY,call,2026-09-25,0.0273972602739726,258.1,0.0001861498212524808,0.9901954684315059,427.1316615450627,757.3900146484375,-0.004586781374170235,2026-09-15
SPY260925C00520000,2026-08-31 16:00:30+00:00,520.0,246.37,236.18,240.11,0.0,0.0,0.0,4.0,1.0376024682617189,True,REGULAR,USD,SPY,call,2026-09-25,0.0273972602739726,238.145,0.00022702473381341635,0.9887503629151723,520.9215411172886,757.3900146484375,-0.004586781374170235,2026-09-15
SPY260925C00550000,2026-09-09 18:29:23+00:00,550.0,213.25,206.18,210.12,0.0,0.0,1.0,1.0,0.901368173828125,True,REGULAR,USD,SPY,call,2026-09-25,0.0273972602739726,208.15,0.00029604569307556036,0.9870100416337987,169.82354310874547,757.3900146484375,-0.004586781374170235,2026-09-15
SPY260925C00555000,2026-09-02 18:02:39+00:00,555.0,210.83,201.19,205.17,0.0,0.0,0.0,1.0,0.8842785009765625,True,REGULAR,USD,SPY,call,2026-09-25,0.0273972602739726,203.18,0.0003165997855973886,0.9862678928895408,181.61418522611257,757.3900146484375,-0.004586781374170235,2026-09-15
SPY260925C00565000,2026-09-02 18:02:40+00:00,565.0,200.9,191.19,195.14,0.0,0.0,0.0,2.0,0.8376481079101561,True,REGULAR,USD,SPY,call,2026-09-25,0.0273972602739726,193.165,0.0003446610829438994,0.9857692302894941,395.4225151472888,757.3900146484375,-0.004586781374170235,2026-09-15
SPY260925C00570000,2026-09-15 15:35:19+00:00,570.0,187.47,186.19,190.14,-4.8600006,-2.5269072,2.0,2.0,0.8156756713867187,True,REGULAR,USD,SPY,call,2026-09-25,0.0273972602739726,188.165,0.0003617100628699927,0.9854059995297753,414.98245636690365,757.3900146484375,-0.004586781374170235,2026-09-15
SPY260925C00575000,2026-09-02 18:02:29+00:00,575.0,190.85,181.19,185.14,0.0,0.0,0.0,1.0,0.7939473730468749,True,REGULAR,USD,SPY,call,2026-09-25,0.0273972602739726,183.165,0.00038012829977654585,0.985016272203352,218.05665886677812,757.3900146484375,-0.004586781374170235,2026-09-15
SPY260925C00580000,2026-09-02 18:02:32+00:00,580.0,185.89,176.19,180.15,0.0,0.0,0.0,2.0,0.7731956274414062,True,REGULAR,USD,SPY,call,2026-09-25,0.0273972602739726,178.17000000000002,0.0004013617197587924,0.9845221697313667,460.47398028020433,757.3900146484375,-0.004586781374170235,2026-09-15
SPY260925C00585000,2026-09-02 18:02:41+00:00,585.0,180.96,171.2,175.05,0.0,0.0,0.0,2.0,0.7446314599609375,True,REGULAR,USD,SPY,call,2026-09-25,0.0273972602739726,173.125,0.00040934233356155494,0.9848423934046235,469.6299730466437,757.3900146484375,-0.004586781374170235,2026-09-15
SPY260925C00590000,2026-09-02 18:02:30+00:00,590.0,175.9,166.2,170.06,0.0,0.0,2.0,2.0,0.7241238525390624,True,REGULAR,USD,SPY,call,2026-09-25,0.0273972602739726,168.13,0.000433020231989096,0.9843343389894984,496.7951350360648,757.3900146484375,-0.004586781374170235,2026-09-15
SPY260925C00595000,2026-09-14 13:58:25+00:00,595.0,165.02,161.2,165.16,0.0,0.0,2.0,3.0,0.7104521142578125,True,REGULAR,USD,SPY,call,2026-09-25,0.0273972602739726,163.18,0.0004732081654117176,0.9830062863702467,814.3528768482666,757.3900146484375,-0.004586781374170235,2026-09-15
SPY260925C00600000,2026-09-15 19:43:26+00:00,600.0,157.21,156.2,160.05,-5.169998,-3.1838884,1.0,264.0,0.6811555322265627,True,REGULAR,USD,SPY,call,2026-09-25,0.0273972602739726,158.125,0.000481111672422679,0.9835062718143691,72859.96708868905,757.3900146484375,-0.004586781374170235,2026-09-15
SPY260925C00605000,2026-09-14 13:58:24+00:00,605.0,155.02,151.2,155.06,0.0,0.0,2.0,2.0,0.6611362011718751,True,REGULAR,USD,SPY,call,2026-09-25,0.0273972602739726,153.13,0.0005113362115881625,0.9828955815156347,586.6454348284766,757.3900146484375,-0.004586781374170235,2026-09-15
SPY260925C00610000,2026-09-14 15:44:36+00:00,610.0,152.38,146.21,150.17,0.0,0.0,6.0,3.0,0.6486851538085938,True,REGULAR,USD,SPY,call,2026-09-25,0.0273972602739726,148.19,0.0005645182655608012,0.981214837788303,971.4901542175475,757.3900146484375,-0.004586781374170235,2026-09-15
SPY260925C00615000,2026-09-14 15:44:23+00:00,615.0,147.36,141.21,145.17,0.0,0.0,6.0,6.0,0.6276892700195313,True,REGULAR,USD,SPY,call,2026-09-25,0.0273972602739726,143.19,0.000598775970753383,0.9806312779112073,2060.889773304646,757.3900146484375,-0.004586781374170235,2026-09-15
SPY260925C00620000,2026-09-15 13:32:01+00:00,620.0,139.39,136.21,140.17,-3.0,-2.1068895,2.0,24.0,0.6069375244140626,True,REGULAR,USD,SPY,call,2026-09-25,0.0273972602739726,138.19,0.0006366124319262958,0.9799899991189138,8764.4669432192,757.3900146484375,-0.004586781374170235,2026-09-15
SPY260925C00625000,2026-09-15 13:43:09+00:00,625.0,134.47,131.21,135.18,0.4900055,0.36573035,4.0,5.0,0.586918193359375,True,REGULAR,USD,SPY,call,2026-09-25,0.0273972602739726,133.195,0.000680237239622234,0.9792018592828594,1951.0552068338313,757.3900146484375,-0.004586781374170235,2026-09-15
SPY260925C00630000,2026-09-15 13:32:01+00:00,630.0,129.38,126.22,130.18,0.3899994,0.30234852,2.0,3.0,0.5668988623046876,True,REGULAR,USD,SPY,call,2026-09-25,0.0273972602739726,128.2,0.000727999161803227,0.9783704561609994,1252.8275188188554,757.3900146484375,-0.004586781374170235,2026-09-15
SPY260925C00640000,2026-09-15 13:32:01+00:00,640.0,119.38,116.22,120.19,-3.0800018,-2.5151086,2.0,770.0,0.526371923828125,True,REGULAR,USD,SPY,call,2026-09-25,0.0273972602739726,118.205,0.0008361793929528337,0.9766547637029853,369342.54370366863,757.3900146484375,-0.004586781374170235,2026-09-15
SPY260925C00645000,2026-09-15 15:17:50+00:00,645.0,112.34,111.23,115.2,-5.010002,-4.269282,226.0,2.0,0.506840869140625,True,REGULAR,USD,SPY,call,2026-09-25,0.0273972602739726,113.215,0.0009024115778830321,0.9755629856417167,1035.3180950302535,757.3900146484375,-0.004586781374170235,2026-09-15
SPY260925C00650000,2026-09-15 14:30:40+00:00,650.0,107.63,106.23,110.2,-4.760002,-4.2352543,3.0,6.0,0.6291540991210938,True,REGULAR,USD,SPY,call,2026-09-25,0.0273972602739726,108.215,0.0015669993192694962,0.9371016271788886,5393.357498622703,757.3900146484375,-0.004586781374170235,2026-09-15
SPY260925C00655000,2026-09-15 14:27:28+00:00,655.0,102.79,101.24,105.21,-1.1800003,-1.134943,3.0,1.0,0.6052285571289064,True,REGULAR,USD,SPY,call,2026-09-25,0.0273972602739726,103.225,0.0016792874224289367,0.9345900578469871,963.3058228685221,757.3900146484375,-0.004586781374170235,2026-09-15
SPY260925C00660000,2026-09-15 13:32:00+00:00,660.0,99.35,96.24,100.22,-3.0800018,-3.0069335,2.0,3.0,0.5813030151367188,True,REGULAR,USD,SPY,call,2026-09-25,0.0273972602739726,98.22999999999999,0.0018040781274917853,0.9318859349627084,3104.6721518503837,757.3900146484375,-0.004586781374170235,2026-09-15
SPY260925C00665000,2026-09-15 13:31:59+00:00,665.0,94.35,91.25,95.29,-0.7700043,-0.80950826,2.0,1.0,0.5603071313476562,True,REGULAR,USD,SPY,call,2026-09-25,0.0273972602739726,93.27000000000001,0.001953750085646916,0.9279785275236455,1120.7484846229127,757.3900146484375,-0.004586781374170235,2026-09-15
SPY260925C00670000,2026-09-15 17:06:30+00:00,670.0,87.62,86.26,90.21,-2.5099945,-2.7848604,5.0,123.0,0.531803998413086,True,REGULAR,USD,SPY,call,2026-09-25,0.0273972602739726,88.235,0.0020936317160271368,0.9263672493515378,147721.7862259133,757.3900146484375,-0.004586781374170235,2026-09-15
SPY260925C00675000,2026-09-15 13:31:59+00:00,675.0,84.36,81.27,85.25,0.13999939,0.16623057,2.0,5.0,0.5091601818847658,True,REGULAR,USD,SPY,call,2026-09-25,0.0273972602739726,83.25999999999999,0.002275115212645119,0.9224372952372659,6525.481292737257,757.3900146484375,-0.004586781374170235,2026-09-15
SPY260925C00680000,2026-09-15 13:31:59+00:00,680.0,79.38,76.28,80.26,0.1499939,0.18931451,2.0,19.0,0.48505153625488284,True,REGULAR,USD,SPY,call,2026-09-25,0.0273972602739726,78.27000000000001,0.002475041814242284,0.9186890494110505,26975.859542274153,757.3900146484375,-0.004586781374170235,2026-09-15
SPY260925C00685000,2026-09-15 13:31:59+00:00,685.0,74.39,71.29,75.29,0.19000244,0.256068,2.0,14.0,0.4616753051757813,True,REGULAR,USD,SPY,call,2026-09-25,0.0273972602739726,73.29,0.0027071857583830564,0.914214152783548,21741.286677483517,757.3900146484375,-0.004586781374170235,2026-09-15
SPY260925C00690000,2026-09-15 14:56:30+00:00,690.0,66.78,66.31,70.32,-2.4199982,-3.4971073,4.0,43.0,0.4381770050048829,True,REGULAR,USD,SPY,call,2026-09-25,0.0273972602739726,68.315,0.002974231761554966,0.9092612087944624,73363.90045955263,757.3900146484375,-0.004586781374170235,2026-09-15
SPY260925C00695000,2026-09-15 13:31:59+00:00,695.0,64.42,61.33,65.35,-2.130005,-3.2006083,2.0,75.0,0.4144345666503906,True,REGULAR,USD,SPY,call,2026-09-25,0.0273972602739726,63.339999999999996,0.003283515689048788,0.903793216260236,141266.60542865004,757.3900146484375,-0.004586781374170235,2026-09-15
SPY260925C00700000,2026-09-15 14:53:28+00:00,700.0,56.77,56.37,60.39,-5.630001,-9.022438,4.0,251.0,0.39087523193359375,True,REGULAR,USD,SPY,call,2026-09-25,0.0273972602739726,58.379999999999995,0.003647482503993119,0.8974618151480203,525177.4729463477,757.3900146484375,-0.004586781374170235,2026-09-15
SPY260925C00705000,2026-09-15 14:16:22+00:00,705.0,53.34,51.41,55.44,-1.0,-1.840265,2.0,122.0,0.36737693176269537,True,REGULAR,USD,SPY,call,2026-09-25,0.0273972602739726,53.425,0.004079334459372416,0.8901289901531673,285488.2871449427,757.3900146484375,-0.004586781374170235,2026-09-15
SPY260925C00710000,2026-09-14 15:12:57+00:00,710.0,48.87,46.47,50.34,0.0,0.0,17.0,539.0,0.33814138427734375,True,REGULAR,USD,SPY,call,2026-09-25,0.0273972602739726,48.405,0.00456985184851425,0.8853187085841594,1412960.5491510362,757.3900146484375,-0.004586781374170235,2026-09-15
SPY260925C00715000,2026-09-15 19:53:38+00:00,715.0,42.23,41.68,45.43,-3.630001,-7.915397,13.0,1067.0,0.3154365332031249,True,REGULAR,USD,SPY,call,2026-09-25,0.0273972602739726,43.555,0.005206395538735728,0.8749736364828162,3186696.6866030195,757.3900146484375,-0.004586781374170235,2026-09-15
SPY260925C00720000,2026-09-15 19:05:23+00:00,720.0,38.43,36.81,40.56,-2.9899979,-7.21873,3.0,92.0,0.2933420275878905,True,REGULAR,USD,SPY,call,2026-09-25,0.0273972602739726,38.685,0.005992232912836824,0.862041630860189,316239.1712959571,757.3900146484375,-0.004586781374170235,2026-09-15
SPY260925C00721000,2026-09-11 15:33:24+00:00,721.0,45.7,35.84,39.59,0.0,0.0,2.0,9.0,0.288947540283203,True,REGULAR,USD,SPY,call,2026-09-25,0.0273972602739726,37.715,0.006170833758662114,0.8591158794210481,31858.51338520326,757.3900146484375,-0.004586781374170235,2026-09-15
SPY260925C00722000,2026-09-15 13:35:03+00:00,722.0,37.7,34.87,38.63,-3.5299988,-8.561724,2.0,8.0,0.2848582257080078,True,REGULAR,USD,SPY,call,2026-09-25,0.0273972602739726,36.75,0.00635805690995028,0.8558208856848972,29177.867524908383,757.3900146484375,-0.004586781374170235,2026-09-15
SPY260925C00723000,2026-09-14 17:41:55+00:00,723.0,40.26,33.91,37.67,0.0,0.0,11.0,104.0,0.280707876586914,True,REGULAR,USD,SPY,call,2026-09-25,0.0273972602739726,35.79,0.006553413660460219,0.8524380294167058,390966.9728153267,757.3900146484375,-0.004586781374170235,2026-09-15
SPY260925C00724000,2026-09-15 15:19:12+00:00,724.0,32.1,32.95,36.71,-7.1900024,-18.299828,206.0,25.0,0.27649649291992184,True,REGULAR,USD,SPY,call,2026-09-25,0.0273972602739726,34.83,0.006757477654014392,0.8489616701974358,96908.92525414971,757.3900146484375,-0.004586781374170235,2026-09-15
SPY260925C00725000,2026-09-15 13:31:58+00:00,725.0,34.93,31.99,35.75,-6.2700005,-15.218448,2.0,54.0,0.2722240747070312,True,REGULAR,USD,SPY,call,2026-09-25,0.0273972602739726,33.87,0.006970875095056916,0.8453856299150218,215933.59297100874,757.3900146484375,-0.004586781374170235,2026-09-15
SPY260925C00726000,2026-09-14 17:41:54+00:00,726.0,33.98,31.04,34.8,-3.369999,-9.022755,2.0,162.0,0.26819579467773436,True,REGULAR,USD,SPY,call,2026-09-25,0.0273972602739726,32.92,0.007193942280857111,0.8414398540917235,668530.3278922887,757.3900146484375,-0.004586781374170235,2026-09-15
SPY260925C00727000,2026-09-15 17:53:11+00:00,727.0,30.9,30.09,33.85,-3.250002,-9.516843,5.0,10.0,0.264106480102539,True,REGULAR,USD,SPY,call,2026-09-25,0.0273972602739726,31.97,0.007427216730586868,0.8373718381814941,42605.45889120185,757.3900146484375,-0.004586781374170235,2026-09-15
SPY260925C00728000,2026-09-15 13:31:58+00:00,728.0,32.08,29.14,32.91,-0.26999664,-0.834611,6.0,23.0,0.260200269165039,True,REGULAR,USD,SPY,call,2026-09-25,0.0273972602739726,31.025,0.007670662871892624,0.8329564590926755,101204.51362552229,757.3900146484375,-0.004586781374170235,2026-09-15
SPY260925C00729000,2026-09-15 13:31:58+00:00,729.0,31.13,28.2,31.96,-1.1900005,-3.6819324,10.0,8.0,0.2559888854980469,True,REGULAR,USD,SPY,call,2026-09-25,0.0273972602739726,30.08,0.007926364216711293,0.828614869022243,36375.01336413562,757.3900146484375,-0.004586781374170235,2026-09-15
SPY260925C00730000,2026-09-15 19:53:38+00:00,730.0,27.57,27.26,31.0,-5.709999,-17.15745,259.0,140.0,0.251411294555664,True,REGULAR,USD,SPY,call,2026-09-25,0.0273972602739726,29.130000000000003,0.008196377664561978,0.8244024984212031,658247.3920393245,757.3900146484375,-0.004586781374170235,2026-09-15
SPY260925C00731000,2026-09-15 13:31:58+00:00,731.0,29.25,26.33,30.07,-1.9200001,-6.159769,22.0,1.0,0.24762715270996094,True,REGULAR,USD,SPY,call,2026-09-25,0.0273972602739726,28.2,0.008474874894525117,0.8192447958213733,4861.524135141775,757.3900146484375,-0.004586781374170235,2026-09-15
SPY260925C00732000,2026-09-15 15:17:59+00:00,732.0,26.49,25.4,29.13,-1.7800007,-6.296429,220.0,40.0,0.2434768035888672,True,REGULAR,USD,SPY,call,2026-09-25,0.0273972602739726,27.265,0.008768964052620032,0.8141867951303023,201209.01328958996,757.3900146484375,-0.004586781374170235,2026-09-15
SPY260925C00733000,2026-09-15 15:25:44+00:00,733.0,25.8,24.48,28.2,-1.5500011,-5.66728,101.0,8.0,0.2395095581054687,True,REGULAR,USD,SPY,call,2026-09-25,0.0273972602739726,26.34,0.009075488689189974,0.808704285002503,41648.48010129878,757.3900146484375,-0.004586781374170235,2026-09-15
SPY260925C00734000,2026-09-14 13:40:37+00:00,734.0,26.42,23.56,27.26,0.0,0.0,10.0,6.0,0.23520662261962888,True,REGULAR,USD,SPY,call,2026-09-25,0.0273972602739726,25.41,0.009400541893554092,0.8032722533062508,32355.140483629806,757.3900146484375,-0.004586781374170235,2026-09-15
SPY260925C00735000,2026-09-15 19:43:21+00:00,735.0,23.46,22.65,25.96,-4.59,-16.363636,270.0,84.0,0.22147384979248047,True,REGULAR,USD,SPY,call,2026-09-25,0.0273972602739726,24.305,0.009868767966111323,0.8069739337198549,475533.78154503315,757.3900146484375,-0.004586781374170235,2026-09-15
SPY260925C00736000,2026-09-15 14:51:56+00:00,736.0,22.37,22.0,25.05,-2.8999996,-11.476057,7.0,51.0,0.21790332885742186,True,REGULAR,USD,SPY,call,2026-09-25,0.0273972602739726,23.525,0.01023914628859793,0.800304669031422,299552.58675365103,757.3900146484375,-0.004586781374170235,2026-09-15
SPY260925C00737000,2026-09-15 13:31:56+00:00,737.0,23.69,20.86,24.15,-0.6099987,-2.5102828,10.0,21.0,0.21448539428710936,True,REGULAR,USD,SPY,call,2026-09-25,0.0273972602739726,22.505,0.010623826058820056,0.7931282472218995,127979.20159779699,757.3900146484375,-0.004586781374170235,2026-09-15
SPY260925C00738000,2026-09-15 14:24:19+00:00,738.0,21.49,19.97,23.26,-4.050001,-15.857483,17.0,22.0,0.21122004608154293,True,REGULAR,USD,SPY,call,2026-09-25,0.0273972602739726,21.615000000000002,0.01102208463050533,0.7854202202192823,139099.50112403955,757.3900146484375,-0.004586781374170235,2026-09-15
SPY260925C00739000,2026-09-15 14:24:19+00:00,739.0,20.98,19.08,22.38,-3.7200012,-15.060733,9.0,109.0,0.20801573242187496,True,REGULAR,USD,SPY,call,2026-09-25,0.0273972602739726,20.729999999999997,0.011435147807853872,0.7772526126479428,715002.2867128369,757.3900146484375,-0.004586781374170235,2026-09-15
SPY260925C00740000,2026-09-15 14:07:33+00:00,740.0,20.5,19.91,20.57,-1.1900005,-5.4864016,716.0,651.0,0.18189294677734374,True,REGULAR,USD,SPY,call,2026-09-25,0.0273972602739726,20.240000000000002,0.012469579773495262,0.7947373499048888,4656632.412835774,757.3900146484375,-0.004586781374170235,2026-09-15
SPY260925C00741000,2026-09-15 13:47:07+00:00,741.0,20.34,18.99,19.69,-1.8600006,-8.378381,406.0,313.0,0.1789022540283203,True,REGULAR,USD,SPY,call,2026-09-25,0.0273972602739726,19.34,0.013013240904572749,0.785418173732443,2336517.065819163,757.3900146484375,-0.004586781374170235,2026-09-15
SPY260925C00742000,2026-09-15 14:44:51+00:00,742.0,17.74,18.04,18.83,-3.58,-16.791744,200.0,79.0,0.17615569946289064,True,REGULAR,USD,SPY,call,2026-09-25,0.0273972602739726,18.435,0.013572318389962519,0.7752472590349719,615063.9608562575,757.3900146484375,-0.004586781374170235,2026-09-15
SPY260925C00743000,2026-09-14 19:25:16+00:00,743.0,20.74,17.2,17.97,0.0,0.0,52.0,32.0,0.17328707580566405,True,REGULAR,USD,SPY,call,2026-09-25,0.0273972602739726,17.585,0.014157514786819536,0.7646451103947127,259881.97135214522,757.3900146484375,-0.004586781374170235,2026-09-15
SPY260925C00744000,2026-09-15 17:15:59+00:00,744.0,15.93,16.38,17.12,-2.3600006,-12.903229,103.0,487.0,0.17041845214843754,True,REGULAR,USD,SPY,call,2026-09-25,0.0273972602739726,16.75,0.014765162134505396,0.7534247032156041,4124832.634837165,757.3900146484375,-0.004586781374170235,2026-09-15
SPY260925C00745000,2026-09-15 20:02:10+00:00,745.0,15.65,15.56,16.28,-4.620001,-22.792309,24.0,46.0,0.1676108630371094,True,REGULAR,USD,SPY,call,2026-09-25,0.0273972602739726,15.920000000000002,0.015391512574374811,0.7414758790890077,406142.3556387835,757.3900146484375,-0.004586781374170235,2026-09-15
SPY260925C00746000,2026-09-15 18:45:19+00:00,746.0,14.42,14.77,15.45,-2.0699997,-12.553061,10.0,180.0,0.16477275665283203,True,REGULAR,USD,SPY,call,2026-09-25,0.0273972602739726,15.11,0.01604015349243139,0.728872059711846,1656228.2010012616,757.3900146484375,-0.004586781374170235,2026-09-15
SPY260925C00747000,2026-09-15 20:01:19+00:00,747.0,13.54,13.98,14.66,-1.9399996,-12.532297,24.0,130.0,0.16257551300048828,True,REGULAR,USD,SPY,call,2026-09-25,0.0273972602739726,14.32,0.016662858515539888,0.7148108861122942,1242601.8884586222,757.3900146484375,-0.004586781374170235,2026-09-15
SPY260925C00748000,2026-09-15 19:54:48+00:00,748.0,12.92,13.21,13.86,-4.0,-23.640661,3.0,113.0,0.15992051025390625,True,REGULAR,USD,SPY,call,2026-09-25,0.0273972602739726,13.535,0.01732880130828837,0.7005327850957381,1123275.0587026353,757.3900146484375,-0.004586781374170235,2026-09-15
SPY260925C00749000,2026-09-15 19:48:13+00:00,749.0,11.94,12.45,13.08,-3.4300003,-22.316202,28.0,294.0,0.1574180938720703,True,REGULAR,USD,SPY,call,2026-09-25,0.0273972602739726,12.765,0.017993167318169422,0.6853108954492177,3034548.6125089233,757.3900146484375,-0.004586781374170235,2026-09-15
SPY260925C00750000,2026-09-15 19:30:46+00:00,750.0,11.19,11.83,12.31,-3.21,-22.291668,82.0,446.0,0.15482412567138676,True,REGULAR,USD,SPY,call,2026-09-25,0.0273972602739726,12.07,0.018672545992651356,0.6693761097001378,4777245.354694534,757.3900146484375,-0.004586781374170235,2026-09-15
SPY260925C00751000,2026-09-15 18:58:35+00:00,751.0,10.81,10.98,11.54,-3.5699997,-24.826145,87.0,176.0,0.1519860192871094,True,REGULAR,USD,SPY,call,2026-09-25,0.0273972602739726,11.26,0.01938234674697157,0.6528159144319121,1956852.8847293307,757.3900146484375,-0.004586781374170235,2026-09-15
SPY260925C00752000,2026-09-15 19:50:07+00:00,752.0,9.81,10.28,10.76,-3.5599995,-26.626772,346.0,366.0,0.14862911926269531,True,REGULAR,USD,SPY,call,2026-09-25,0.0273972602739726,10.52,0.020158714148278495,0.6357634245828387,4232364.492703501,757.3900146484375,-0.004586781374170235,2026-09-15
SPY260925C00753000,2026-09-15 15:55:55+00:00,753.0,9.58,9.58,10.12,-1.4700003,-13.30317,12.0,64.0,0.14771360107421877,True,REGULAR,USD,SPY,call,2026-09-25,0.0273972602739726,9.85,0.020627388288577582,0.6159283654063177,757291.9983488099,757.3900146484375,-0.004586781374170235,2026-09-15
SPY260925C00754000,2026-09-15 19:59:00+00:00,754.0,8.75,9.0,9.26,-2.4399996,-21.80518,272.0,859.0,0.14218997467041017,True,REGULAR,USD,SPY,call,2026-09-25,0.0273972602739726,9.129999999999999,0.02169759302312819,0.598294716759533,10691628.821671631,757.3900146484375,-0.004586781374170235,2026-09-15
SPY260925C00755000,2026-09-15 20:10:23+00:00,755.0,8.4,8.45,8.58,-2.08,-19.847328,259.0,1376.0,0.13980962738037112,True,REGULAR,USD,SPY,call,2026-09-25,0.0273972602739726,8.515,0.022330586106975407,0.5775006176601695,17626159.925066337,757.3900146484375,-0.004586781374170235,2026-09-15
SPY260925C00756000,2026-09-15 20:10:46+00:00,756.0,7.82,7.84,7.92,-1.94,-19.877048,460.0,821.0,0.13742928009033206,True,REGULAR,USD,SPY,call,2026-09-25,0.0273972602739726,7.88,0.02292889020196809,0.5557902745146028,10798547.476083007,757.3900146484375,-0.004586781374170235,2026-09-15
SPY260925C00757000,2026-09-15 20:11:37+00:00,757.0,7.31,7.21,7.3,-1.7900004,-19.670334,1463.0,1072.0,0.13544565734863284,True,REGULAR,USD,SPY,call,2026-09-25,0.0273972602739726,7.255,0.023413886776970746,0.5331006505498788,14398175.056287415,757.3900146484375,-0.004586781374170235,2026-09-15
SPY260925C00758000,2026-09-15 20:13:53+00:00,758.0,6.66,6.63,6.7,-1.71,-20.430107,1668.0,325.0,0.13340100006103517,False,REGULAR,USD,SPY,call,2026-09-25,0.0273972602739726,6.665,0.023847922004323605,0.5096581961657246,4446036.808562899,757.3900146484375,-0.004586781374170235,2026-09-15
SPY260925C00759000,2026-09-15 20:14:50+00:00,759.0,6.1,6.06,6.13,-1.69,-21.69448,665.0,384.0,0.13147841186523437,False,REGULAR,USD,SPY,call,2026-09-25,0.0273972602739726,6.095,0.024187767114664558,0.48550736621983037,5328023.762660182,757.3900146484375,-0.004586781374170235,2026-09-15
SPY260925C00760000,2026-09-15 20:14:35+00:00,760.0,5.51,5.51,5.57,-1.5999999,-22.503513,2545.0,973.0,0.12931168548583982,False,REGULAR,USD,SPY,call,2026-09-25,0.0273972602739726,5.54,0.024489424253842852,0.4606401552971144,13668805.554857492,757.3900146484375,-0.004586781374170235,2026-09-15
SPY260925C00761000,2026-09-15 20:10:23+00:00,761.0,4.95,4.99,5.05,-1.5700002,-24.079758,322.0,457.0,0.12741961456298828,False,REGULAR,USD,SPY,call,2026-09-25,0.0273972602739726,5.02,0.02464533718374738,0.4352787594716935,6460856.789521178,757.3900146484375,-0.004586781374170235,2026-09-15
SPY260925C00762000,2026-09-15 20:13:56+00:00,762.0,4.55,4.49,4.56,-1.4499998,-24.166664,473.0,956.0,0.1256190954589844,False,REGULAR,USD,SPY,call,2026-09-25,0.0273972602739726,4.525,0.024678535548680772,0.40953432339500695,13533696.31823204,757.3900146484375,-0.004586781374170235,2026-09-15
SPY260925C00763000,2026-09-15 20:10:00+00:00,763.0,3.97,4.03,4.09,-1.51,-27.554745,426.0,759.0,0.12372702453613281,False,REGULAR,USD,SPY,call,2026-09-25,0.0273972602739726,4.0600000000000005,0.024613319238003455,0.383387769534603,10716454.163764969,757.3900146484375,-0.004586781374170235,2026-09-15
SPY260925C00764000,2026-09-15 20:11:14+00:00,764.0,3.62,3.59,3.64,-1.3800001,-27.600002,343.0,521.0,0.12165184997558594,False,REGULAR,USD,SPY,call,2026-09-25,0.0273972602739726,3.615,0.0244547597842656,0.3567920555734055,7308702.338282475,757.3900146484375,-0.004586781374170235,2026-09-15
SPY260925C00765000,2026-09-15 20:14:35+00:00,765.0,3.2,3.19,3.23,-1.2699997,-28.411629,5812.0,3585.0,0.11988184814453123,False,REGULAR,USD,SPY,call,2026-09-25,0.0273972602739726,3.21,0.024109902989317818,0.3304463595878776,49581969.42173878,757.3900146484375,-0.004586781374170235,2026-09-15
SPY260925C00766000,2026-09-15 20:08:44+00:00,766.0,2.78,2.81,2.86,-1.22,-30.5,342.0,1920.0,0.11835598449707031,False,REGULAR,USD,SPY,call,2026-09-25,0.0273972602739726,2.835,0.023593065679726764,0.30457992635808506,25985121.73109492,757.3900146484375,-0.004586781374170235,2026-09-15
SPY260925C00767000,2026-09-15 20:13:53+00:00,767.0,2.48,2.45,2.51,-1.0899999,-30.532211,635.0,1911.0,0.11664701721191406,False,REGULAR,USD,SPY,call,2026-09-25,0.0273972602739726,2.48,0.022968784751284225,0.2787296030538746,25178963.899239663,757.3900146484375,-0.004586781374170235,2026-09-15
SPY260925C00768000,2026-09-15 20:13:50+00:00,768.0,2.16,2.16,2.18,-1.01,-31.861198,481.0,2126.0,0.11481598083496095,False,REGULAR,USD,SPY,call,2026-09-25,0.0273972602739726,2.17,0.022220457691025534,0.253076586854602,27099133.88541112,757.3900146484375,-0.004586781374170235,2026-09-15
SPY260925C00769000,2026-09-15 20:10:22+00:00,769.0,1.83,1.87,1.9,-0.9799999,-34.875443,195.0,896.0,0.11353425537109374,False,REGULAR,USD,SPY,call,2026-09-25,0.0273972602739726,1.885,0.021287298388169337,0.2291038406004156,10941269.303904746,757.3900146484375,-0.004586781374170235,2026-09-15
SPY260925C00770000,2026-09-15 20:14:37+00:00,770.0,1.62,1.61,1.63,-0.8000001,-33.057854,3667.0,3835.0,0.11182528808593749,False,REGULAR,USD,SPY,call,2026-09-25,0.0273972602739726,1.62,0.020271715844702987,0.2050741176109005,44595909.809787884,757.3900146484375,-0.004586781374170235,2026-09-15
SPY260925C00771000,2026-09-15 20:11:37+00:00,771.0,1.36,1.37,1.4,-0.8000001,-37.03704,976.0,1110.0,0.11060459716796875,False,REGULAR,USD,SPY,call,2026-09-25,0.0273972602739726,1.385,0.01912400141274226,0.18304580630319928,12177016.54597145,757.3900146484375,-0.004586781374170235,2026-09-15
SPY260925C00772000,2026-09-15 20:05:51+00:00,772.0,1.13,1.17,1.19,-0.71000004,-38.586956,652.0,2152.0,0.10920080261230468,False,REGULAR,USD,SPY,call,2026-09-25,0.0273972602739726,1.18,0.01789819401536649,0.1617277054389899,22094828.18617305,757.3900146484375,-0.004586781374170235,2026-09-15
SPY260925C00773000,2026-09-15 20:11:04+00:00,773.0,0.97,0.98,1.0,-0.65,-40.123455,403.0,1065.0,0.1077359735107422,False,REGULAR,USD,SPY,call,2026-09-25,0.0273972602739726,0.99,0.016598492758347076,0.14149141304369978,10140454.28116671,757.3900146484375,-0.004586781374170235,2026-09-15
SPY260925C00774000,2026-09-15 20:14:41+00:00,774.0,0.84,0.82,0.84,-0.54,-39.130436,614.0,6217.0,0.10657631713867188,False,REGULAR,USD,SPY,call,2026-09-25,0.0273972602739726,0.83,0.015257546266675507,0.12326787991650329,54413255.88093685,757.3900146484375,-0.004586781374170235,2026-09-15
SPY260925C00775000,2026-09-15 20:13:50+00:00,775.0,0.68,0.69,0.7,-0.48999995,-41.88034,1879.0,2487.0,0.10535562622070313,False,REGULAR,USD,SPY,call,2026-09-25,0.0273972602739726,0.695,0.013889857398812312,0.10629511530749697,19815850.751116626,757.3900146484375,-0.004586781374170235,2026-09-15
SPY260925C00776000,2026-09-15 20:13:44+00:00,776.0,0.57,0.57,0.58,-0.46999997,-45.192307,243.0,1527.0,0.10431803894042967,False,REGULAR,USD,SPY,call,2026-09-25,0.0273972602739726,0.575,0.012534615363409897,0.09114696358125013,10979667.768204203,757.3900146484375,-0.004586781374170235,2026-09-15
SPY260925C00777000,2026-09-15 20:01:31+00:00,777.0,0.44,0.47,0.48,-0.44,-50.0,1088.0,1318.0,0.10346355529785155,False,REGULAR,USD,SPY,call,2026-09-25,0.0273972602739726,0.475,0.011221299698716653,0.07779188231174491,8483942.612644728,757.3900146484375,-0.004586781374170235,2026-09-15
SPY260925C00778000,2026-09-15 20:06:24+00:00,778.0,0.38,0.39,0.4,-0.32,-45.714287,566.0,1341.0,0.10291424438476562,False,REGULAR,USD,SPY,call,2026-09-25,0.0273972602739726,0.395,0.00998978076434999,0.0663863654114337,7684646.341133717,757.3900146484375,-0.004586781374170235,2026-09-15
SPY260925C00779000,2026-09-15 20:10:50+00:00,779.0,0.32,0.32,0.33,-0.28000003,-46.66667,717.0,1167.0,0.10230389892578123,False,REGULAR,USD,SPY,call,2026-09-25,0.0273972602739726,0.325,0.008813087816540605,0.056122371788489424,5899811.062869055,757.3900146484375,-0.004586781374170235,2026-09-15
SPY260925C00780000,2026-09-15 20:14:33+00:00,780.0,0.27,0.26,0.27,-0.22,-44.897957,5395.0,4450.0,0.10169355346679687,False,REGULAR,USD,SPY,call,2026-09-25,0.0273972602739726,0.265,0.007707507831465353,0.047062187839904686,19674927.283065677,757.3900146484375,-0.004586781374170235,2026-09-15
SPY260925C00781000,2026-09-15 20:05:43+00:00,781.0,0.21,0.21,0.22,-0.23,-52.272728,274.0,1354.0,0.10120527709960936,False,REGULAR,USD,SPY,call,2026-09-25,0.0273972602739726,0.215,0.006697492433727429,0.03931651510758069,5201996.387397411,757.3900146484375,-0.004586781374170235,2026-09-15
SPY260925C00782000,2026-09-15 19:36:13+00:00,782.0,0.16,0.18,0.19,-0.17000002,-51.515156,233.0,842.0,0.10181562255859375,False,REGULAR,USD,SPY,call,2026-09-25,0.0273972602739726,0.185,0.005922594796862566,0.034079202258831896,2860640.365411337,757.3900146484375,-0.004586781374170235,2026-09-15
SPY260925C00783000,2026-09-15 20:06:24+00:00,783.0,0.14,0.14,0.15,-0.14,-50.0,97.0,1155.0,0.10083906982421875,False,REGULAR,USD,SPY,call,2026-09-25,0.0273972602739726,0.14500000000000002,0.005011779372932698,0.027533337495972886,3320573.356054266,757.3900146484375,-0.004586781374170235,2026-09-15
SPY260925C00784000,2026-09-15 20:06:03+00:00,784.0,0.11,0.12,0.13,-0.13,-54.166668,220.0,681.0,0.10181562255859375,False,REGULAR,USD,SPY,call,2026-09-25,0.0273972602739726,0.125,0.00444082159487074,0.024104376189386933,1734800.6987006639,757.3900146484375,-0.004586781374170235,2026-09-15
SPY260925C00785000,2026-09-15 20:06:02+00:00,785.0,0.1,0.1,0.11,-0.1,-50.0,339.0,24502.0,0.10205976074218749,False,REGULAR,USD,SPY,call,2026-09-25,0.0273972602739726,0.10500000000000001,0.0038431576439796698,0.020367633987994703,54016804.037589,757.3900146484375,-0.004586781374170235,2026-09-15
SPY260925C00786000,2026-09-15 20:13:22+00:00,786.0,0.08,0.08,0.09,-0.08,-50.0,257.0,4716.0,0.10205976074218749,False,REGULAR,USD,SPY,call,2026-09-25,0.0273972602739726,0.08499999999999999,0.0032846176365679018,0.016936705894058133,8885825.230913656,757.3900146484375,-0.004586781374170235,2026-09-15
SPY260925C00787000,2026-09-15 20:10:19+00:00,787.0,0.07,0.07,0.08,-0.07,-50.0,179.0,907.0,0.10303631347656249,False,REGULAR,USD,SPY,call,2026-09-25,0.0273972602739726,0.07500000000000001,0.002895299058422762,0.014782924377141599,1506398.4717794645,757.3900146484375,-0.004586781374170235,2026-09-15
SPY260925C00788000,2026-09-15 19:41:44+00:00,788.0,0.06,0.06,0.07,-0.06999999,-53.84615,106.0,1115.0,0.10401286621093749,False,REGULAR,USD,SPY,call,2026-09-25,0.0273972602739726,0.065,0.0025511770551285107,0.012906058778954458,1631753.74429556,757.3900146484375,-0.004586781374170235,2026-09-15
SPY260925C00789000,2026-09-15 20:06:03+00:00,789.0,0.05,0.06,0.07,-0.05,-50.0,426.0,429.0,0.1069425244140625,False,REGULAR,USD,SPY,call,2026-09-25,0.0273972602739726,0.065,0.002425902049145927,0.012573681821120451,596993.6390818661,757.3900146484375,-0.004586781374170235,2026-09-15
SPY260925C00790000,2026-09-15 20:06:02+00:00,790.0,0.05,0.05,0.06,-0.029999997,-37.499996,291.0,11464.0,0.10743080078125,False,REGULAR,USD,SPY,call,2026-09-25,0.0273972602739726,0.055,0.0021027855808864685,0.010721155022752126,13828348.562036788,757.3900146484375,-0.004586781374170235,2026-09-15
SPY260925C00791000,2026-09-15 14:27:51+00:00,791.0,0.06,0.04,0.06,-0.02,-25.0,4.0,1289.0,0.11036045898437499,False,REGULAR,USD,SPY,call,2026-09-25,0.0273972602739726,0.05,0.0020109049986107848,0.0105046175845166,1486906.3675034088,757.3900146484375,-0.004586781374170235,2026-09-15
SPY260925C00792000,2026-09-15 18:05:12+00:00,792.0,0.04,0.04,0.05,-0.02,-33.333336,5.0,895.0,0.11036045898437499,False,REGULAR,USD,SPY,call,2026-09-25,0.0273972602739726,0.045,0.0017101384577411318,0.008727451381962308,877997.8635367942,757.3900146484375,-0.004586781374170235,2026-09-15
SPY260925C00793000,2026-09-15 14:41:08+00:00,793.0,0.04,0.04,0.05,-0.050000004,-55.555557,16.0,1054.0,0.1132901171875,False,REGULAR,USD,SPY,call,2026-09-25,0.0273972602739726,0.045,0.0016448643112885585,0.008601816219963141,994511.5675299348,757.3900146484375,-0.004586781374170235,2026-09-15
SPY260925C00794000,2026-09-15 17:55:54+00:00,794.0,0.03,0.03,0.04,-0.04,-57.142857,80.0,743.0,0.1128018408203125,False,REGULAR,USD,SPY,call,2026-09-25,0.0273972602739726,0.035,0.0013680471711371588,0.006942659294635911,583081.1966534901,757.3900146484375,-0.004586781374170235,2026-09-15
SPY260925C00795000,2026-09-15 20:03:05+00:00,795.0,0.04,0.03,0.04,-0.010000002,-20.000002,637.0,839.0,0.11524322265625,False,REGULAR,USD,SPY,call,2026-09-25,0.0273972602739726,0.035,0.0012953151126355207,0.006686436278147006,623413.9894137272,757.3900146484375,-0.004586781374170235,2026-09-15
SPY260925C00796000,2026-09-15 19:43:58+00:00,796.0,0.04,0.03,0.04,-0.030000001,-42.857143,7.0,981.0,0.118172880859375,False,REGULAR,USD,SPY,call,2026-09-25,0.0273972602739726,0.035,0.0012555277702836706,0.006640495448729533,706536.3016566869,757.3900146484375,-0.004586781374170235,2026-09-15
SPY260925C00797000,2026-09-15 19:21:03+00:00,797.0,0.03,0.03,0.04,-0.020000001,-40.000004,57.0,765.0,0.1206142626953125,False,REGULAR,USD,SPY,call,2026-09-25,0.0273972602739726,0.035,0.00119292506841078,0.006413960168139782,523496.4614828115,757.3900146484375,-0.004586781374170235,2026-09-15
SPY260925C00798000,2026-09-15 19:41:44+00:00,798.0,0.02,0.02,0.04,-0.030000001,-60.0,7.0,1285.0,0.12305564453125001,False,REGULAR,USD,SPY,call,2026-09-25,0.0273972602739726,0.03,0.0011353692006591143,0.006204372059286769,836911.2133683129,757.3900146484375,-0.004586781374170235,2026-09-15
SPY260925C00799000,2026-09-15 19:03:26+00:00,799.0,0.02,0.02,0.03,-0.030000001,-60.0,48.0,356.0,0.12207909179687501,False,REGULAR,USD,SPY,call,2026-09-25,0.0273972602739726,0.025,0.0009288361136135292,0.004905190764170616,189682.92623590742,757.3900146484375,-0.004586781374170235,2026-09-15
SPY260925C00800000,2026-09-15 20:01:50+00:00,800.0,0.02,0.02,0.03,-0.02,-50.0,168.0,4926.0,0.124032197265625,False,REGULAR,USD,SPY,call,2026-09-25,0.0273972602739726,0.025,0.0008681551509360237,0.004628946713933463,2453188.409402557,757.3900146484375,-0.004586781374170235,2026-09-15
SPY260925C00801000,2026-09-14 13:40:46+00:00,801.0,0.03,0.02,0.03,0.0,0.0,1.0,528.0,0.12696185546875,False,REGULAR,USD,SPY,call,2026-09-25,0.0273972602739726,0.025,0.0008505200353378861,0.0046436141091074235,257606.97707016554,757.3900146484375,-0.004586781374170235,2026-09-15
SPY260925C00802000,2026-09-15 17:15:51+00:00,802.0,0.03,0.02,0.03,-0.020000001,-40.000004,5.0,569.0,0.1289149609375,False,REGULAR,USD,SPY,call,2026-09-25,0.0273972602739726,0.025,0.0007976413309591687,0.004396030276570029,260350.8897082565,757.3900146484375,-0.004586781374170235,2026-09-15
SPY260925C00803000,2026-09-15 14:46:21+00:00,803.0,0.02,0.02,0.03,-0.01,-33.333336,1.0,560.0,0.131844619140625,False,REGULAR,USD,SPY,call,2026-09-25,0.0273972602739726,0.025,0.0007831880028226014,0.004416669831855499,251589.9005305364,757.3900146484375,-0.004586781374170235,2026-09-15
SPY260925C00804000,2026-09-15 16:04:41+00:00,804.0,0.03,0.02,0.03,0.0,0.0,32.0,621.0,0.133797724609375,False,REGULAR,USD,SPY,call,2026-09-25,0.0273972602739726,0.025,0.0007367786950098804,0.004193359436581665,262462.83137881535,757.3900146484375,-0.004586781374170235,2026-09-15
SPY260925C00805000,2026-09-15 14:51:14+00:00,805.0,0.03,0.02,0.03,0.0,0.0,5.0,1731.0,0.13672738281250002,False,REGULAR,USD,SPY,call,2026-09-25,0.0273972602739726,0.025,0.000724875814357945,0.004218624736871241,719780.087399347,757.3900146484375,-0.004586781374170235,2026-09-15
SPY260925C00806000,2026-09-14 13:32:19+00:00,806.0,0.03,0.02,0.03,0.0,0.0,5.0,302.0,0.139657041015625,False,REGULAR,USD,SPY,call,2026-09-25,0.0273972602739726,0.025,0.0007134736626038061,0.004243918490812833,123601.58480908051,757.3900146484375,-0.004586781374170235,2026-09-15
SPY260925C00807000,2026-09-15 16:45:20+00:00,807.0,0.04,0.02,0.03,-0.010000002,-20.000002,31.0,141.0,0.141610146484375,False,REGULAR,USD,SPY,call,2026-09-25,0.0273972602739726,0.025,0.0006740363546757438,0.004044899604337367,54518.20948712473,757.3900146484375,-0.004586781374170235,2026-09-15
SPY260925C00808000,2026-09-15 18:08:26+00:00,808.0,0.02,0.02,0.03,-0.030000001,-60.0,3.0,479.0,0.1445398046875,False,REGULAR,USD,SPY,call,2026-09-25,0.0273972602739726,0.025,0.0006645750066475981,0.0040736538654744265,182607.5240463303,757.3900146484375,-0.004586781374170235,2026-09-15
SPY260925C00809000,2026-09-14 20:09:16+00:00,809.0,0.03,0.01,0.03,0.0,0.0,1265.0,2602.0,0.14649291015625,False,REGULAR,USD,SPY,call,2026-09-25,0.0273972602739726,0.02,0.0006294386636480965,0.00389180116960144,939506.6504682801,757.3900146484375,-0.004586781374170235,2026-09-15
SPY260925C00810000,2026-09-15 16:32:03+00:00,810.0,0.03,0.01,0.02,0.01,50.0,6.0,623.0,0.14258669921875,False,REGULAR,USD,SPY,call,2026-09-25,0.0273972602739726,0.015,0.0004589108771691627,0.0026581152169387,164004.41840864642,757.3900146484375,-0.004586781374170235,2026-09-15
SPY260925C00811000,2026-09-14 18:47:40+00:00,811.0,0.03,0.01,0.02,0.0,0.0,15.0,106.0,0.1445398046875,False,REGULAR,USD,SPY,call,2026-09-25,0.0273972602739726,0.015,0.00043584552014208264,0.00254874308132249,26501.936066772556,757.3900146484375,-0.004586781374170235,2026-09-15
SPY260925C00812000,2026-09-14 15:44:06+00:00,812.0,0.04,0.01,0.02,0.0,0.0,1.0,102.0,0.147469462890625,False,REGULAR,USD,SPY,call,2026-09-25,0.0273972602739726,0.015,0.0004339783785112502,0.0025936169074271625,25392.614230536827,757.3900146484375,-0.004586781374170235,2026-09-15
SPY260925C00813000,2026-09-15 18:25:42+00:00,813.0,0.02,0.01,0.02,0.0,0.0,70.0,489.0,0.15039912109375003,False,REGULAR,USD,SPY,call,2026-09-25,0.0273972602739726,0.015,0.00043209616866981415,0.0026379872234808363,121207.20171684127,757.3900146484375,-0.004586781374170235,2026-09-15
SPY260925C00814000,2026-09-15 18:24:52+00:00,814.0,0.02,0.01,0.02,-0.01,-33.333336,40.0,190.0,0.15235222656250003,False,REGULAR,USD,SPY,call,2026-09-25,0.0273972602739726,0.015,0.0004117194627855876,0.0025366321377848916,44873.934391790266,757.3900146484375,-0.004586781374170235,2026-09-15
SPY260925C00815000,2026-09-15 16:32:03+00:00,815.0,0.02,0.01,0.02,-0.01,-33.333336,839.0,865.0,0.15430533203125002,False,REGULAR,USD,SPY,call,2026-09-25,0.0273972602739726,0.015,0.0003927292174320018,0.002441723979133546,194871.56363294282,757.3900146484375,-0.004586781374170235,2026-09-15
SPY260925C00816000,2026-09-15 13:43:55+00:00,816.0,0.02,0.01,0.02,-0.01,-33.333336,397.0,386.0,0.1562584375,False,REGULAR,USD,SPY,call,2026-09-25,0.0273972602739726,0.015,0.0003750095816430651,0.002352750387255442,83036.45867770232,757.3900146484375,-0.004586781374170235,2026-09-15
SPY260925C00817000,2026-09-15 18:41:46+00:00,817.0,0.02,0.01,0.02,-0.030000001,-60.0,482.0,110.0,0.159188095703125,False,REGULAR,USD,SPY,call,2026-09-25,0.0273972602739726,0.015,0.00037441610975043473,0.00239733582265193,23625.791229613045,757.3900146484375,-0.004586781374170235,2026-09-15
SPY260925C00818000,2026-09-08 14:19:16+00:00,818.0,0.05,0.01,0.02,0.0,0.0,1.0,193.0,0.16211775390625,False,REGULAR,USD,SPY,call,2026-09-25,0.0273972602739726,0.015,0.00037377579892405676,0.002441522688848975,41381.634231980395,757.3900146484375,-0.004586781374170235,2026-09-15
SPY260925C00819000,2026-09-15 19:23:01+00:00,819.0,0.02,0.01,0.02,0.0,0.0,1521.0,416.0,0.16407085937500002,False,REGULAR,USD,SPY,call,2026-09-25,0.0273972602739726,0.015,0.00035788236221760217,0.002358058096866728,85402.93107051517,757.3900146484375,-0.004586781374170235,2026-09-15
SPY260925C00820000,2026-09-15 16:32:00+00:00,820.0,0.02,0.01,0.02,-0.01,-33.333336,2588.0,336.0,0.16602396484375004,False,REGULAR,USD,SPY,call,2026-09-25,0.0273972602739726,0.015,0.0003429824532623263,0.0022794727134763664,66107.43856315197,757.3900146484375,-0.004586781374170235,2026-09-15
SPY260925C00821000,2026-09-15 15:53:12+00:00,821.0,0.02,0.01,0.02,-0.01,-33.333336,3771.0,435.0,0.16797707031250003,False,REGULAR,USD,SPY,call,2026-09-25,0.0273972602739726,0.015,0.00032899939345564823,0.0022054092012731086,82096.28490831534,757.3900146484375,-0.004586781374170235,2026-09-15
SPY260925C00822000,2026-09-14 13:52:07+00:00,822.0,0.03,0.01,0.02,0.0,0.0,1.0,109.0,0.16993017578125003,False,REGULAR,USD,SPY,call,2026-09-25,0.0273972602739726,0.015,0.0003158634237751715,0.0021355413608410757,19749.903900068548,757.3900146484375,-0.004586781374170235,2026-09-15
SPY260925C00823000,2026-09-14 18:01:00+00:00,823.0,0.02,0.01,0.02,0.0,0.0,208.0,521.0,0.17285983398437502,False,REGULAR,USD,SPY,call,2026-09-25,0.0273972602739726,0.015,0.00031624860374242784,0.0021791106863185655,94516.03409893249,757.3900146484375,-0.004586781374170235,2026-09-15
SPY260925C00824000,2026-09-14 18:01:12+00:00,824.0,0.02,0.01,0.02,0.0,0.0,193.0,217.0,0.1757894921875,False,REGULAR,USD,SPY,call,2026-09-25,0.0273972602739726,0.015,0.00031657255331756136,0.0022224025023330684,39406.88832530254,757.3900146484375,-0.004586781374170235,2026-09-15
SPY260925C00825000,2026-09-15 13:30:00+00:00,825.0,0.02,0.01,0.02,-0.01,-33.333336,3.0,2131.0,0.17774259765625,False,REGULAR,USD,SPY,call,2026-09-25,0.0273972602739726,0.015,0.00030460624746868375,0.00215603134719861,372358.6151486754,757.3900146484375,-0.004586781374170235,2026-09-15
SPY260925C00830000,2026-09-15 16:32:00+00:00,830.0,0.02,0.01,0.02,-0.01,-33.333336,5.0,286.0,0.18946123046875002,False,REGULAR,USD,SPY,call,2026-09-25,0.0273972602739726,0.015,0.00027435008339288903,0.002061276261749401,45010.131310343495,757.3900146484375,-0.004586781374170235,2026-09-15
SPY260925C00835000,2026-09-11 19:45:38+00:00,835.0,0.03,0.01,0.02,0.0,0.0,2.0,273.0,0.1992267578125,False,REGULAR,USD,SPY,call,2026-09-25,0.0273972602739726,0.015,0.0002324711796654487,0.0018154185104509101,36405.82831869375,757.3900146484375,-0.004586781374170235,2026-09-15
SPY260925C00840000,2026-09-11 19:15:55+00:00,840.0,0.02,0.01,0.02,0.0,0.0,10.0,62.0,0.21094539062499998,False,REGULAR,USD,SPY,call,2026-09-25,0.0273972602739726,0.015,0.0002147996413919355,0.0017722223476769714,7639.490439477787,757.3900146484375,-0.004586781374170235,2026-09-15
SPY260925C00845000,2026-09-15 13:43:53+00:00,845.0,0.01,0.0,0.01,-0.01,-50.0,61.0,405.0,0.20703917968749996,False,REGULAR,USD,SPY,call,2026-09-25,0.0273972602739726,0.005,0.00010938392370940502,0.000830596065459127,25412.51636747949,757.3900146484375,-0.004586781374170235,2026-09-15
SPY260925C00850000,2026-09-15 15:20:26+00:00,850.0,0.01,0.0,0.01,0.0,0.0,50.0,129.0,0.21875781249999998,False,REGULAR,USD,SPY,call,2026-09-25,0.0273972602739726,0.005,0.00010596698239494321,0.0008519215545344411,7841.505072581185,757.3900146484375,-0.004586781374170235,2026-09-15
SPY260925C00855000,2026-09-15 15:50:04+00:00,855.0,0.01,0.0,0.01,-0.01,-50.0,11.0,203.0,0.22657023437499998,False,REGULAR,USD,SPY,call,2026-09-25,0.0273972602739726,0.005,8.820539255929575e-05,0.0007251302010446123,10271.416153399388,757.3900146484375,-0.004586781374170235,2026-09-15
SPY260925C00860000,2026-09-04 13:33:15+00:00,860.0,0.02,0.0,0.01,0.0,0.0,25.0,94.0,0.23828886718749998,False,REGULAR,USD,SPY,call,2026-09-25,0.0273972602739726,0.005,8.675914404368428e-05,0.0007523010038359354,4678.237464083205,757.3900146484375,-0.004586781374170235,2026-09-15
SPY260925C00865000,2026-09-11 15:16:00+00:00,865.0,0.01,0.0,0.01,0.0,0.0,1.0,59.0,0.2500075,False,REGULAR,USD,SPY,call,2026-09-25,0.0273972602739726,0.005,8.550894679586324e-05,0.0007801610055876999,2894.027937137385,757.3900146484375,-0.004586781374170235,2026-09-15
SPY260925C00870000,2026-09-11 18:09:31+00:00,870.0,0.01,0.0,0.01,0.0,0.0,192.0,243.0,0.257819921875,False,REGULAR,USD,SPY,call,2026-09-25,0.0273972602739726,0.005,7.348854079666899e-05,0.0006843763510725052,10243.893339091996,757.3900146484375,-0.004586781374170235,2026-09-15
SPY260925C00875000,2026-08-25 18:26:54+00:00,875.0,0.02,0.0,0.01,0.0,0.0,1.0,12.0,0.2695385546875,False,REGULAR,USD,SPY,call,2026-09-25,0.0273972602739726,0.005,7.318653242261189e-05,0.000714974984780012,503.7923483255863,757.3900146484375,-0.004586781374170235,2026-09-15
SPY260925C00880000,2026-09-11 15:27:28+00:00,880.0,0.03,0.0,0.01,0.0,0.0,5.0,27.0,0.27735097656249996,False,REGULAR,USD,SPY,call,2026-09-25,0.0273972602739726,0.005,6.398034017573466e-05,0.0006374592738347509,990.9447913828216,757.3900146484375,-0.004586781374170235,2026-09-15
SPY260925C00885000,2026-08-19 18:04:13+00:00,885.0,0.03,0.0,0.01,0.0,0.0,1.0,3.0,0.2890696093749999,False,REGULAR,USD,SPY,call,2026-09-25,0.0273972602739726,0.005,6.423022016781791e-05,0.0006695170091160419,110.53500002213794,757.3900146484375,-0.004586781374170235,2026-09-15
SPY260925C00890000,2026-09-04 20:12:21+00:00,890.0,0.01,0.0,0.01,0.0,0.0,3.0,6.0,0.29688203124999996,False,REGULAR,USD,SPY,call,2026-09-25,0.0273972602739726,0.005,5.696720057145848e-05,0.0006051385088040473,196.07186461373217,757.3900146484375,-0.004586781374170235,2026-09-15
SPY260925C00895000,2026-09-08 13:47:07+00:00,895.0,0.02,0.0,0.01,0.0,0.0,1520.0,2755.0,0.304694453125,False,REGULAR,USD,SPY,call,2026-09-25,0.0273972602739726,0.005,5.0872945500980234e-05,0.0005506734019875957,80398.44278334736,757.3900146484375,-0.004586781374170235,2026-09-15
SPY260925C00900000,2026-09-08 13:47:05+00:00,900.0,0.01,0.0,0.01,0.0,0.0,1480.0,2688.0,0.31641308593749995,False,REGULAR,USD,SPY,call,2026-09-25,0.0273972602739726,0.005,5.1673291619315716e-05,0.0005833874905494928,79677.28771167355,757.3900146484375,-0.004586781374170235,2026-09-15
SPY260925C00910000,2026-08-13 20:02:30+00:00,910.0,0.04,0.0,0.01,0.0,0.0,0.0,10.0,0.335944140625,False,REGULAR,USD,SPY,call,2026-09-25,0.0273972602739726,0.005,4.7603417045297396e-05,0.0005695786746934971,273.07206744778784,757.3900146484375,-0.004586781374170235,2026-09-15
SPY260925C00915000,2026-09-03 15:58:15+00:00,915.0,0.01,0.0,0.01,0.0,0.0,40.0,32.0,0.3437565625,False,REGULAR,USD,SPY,call,2026-09-25,0.0273972602739726,0.005,4.342836750108945e-05,0.0005287405987606098,797.1914512352066,757.3900146484375,-0.004586781374170235,2026-09-15
SPY260925C00920000,2026-08-12 13:39:54+00:00,920.0,0.03,0.0,0.01,0.0,0.0,0.0,30.0,0.35156898437499995,False,REGULAR,USD,SPY,call,2026-09-25,0.0273972602739726,0.005,3.9815879794913914e-05,0.0004932146780650067,685.1990017336677,757.3900146484375,-0.004586781374170235,2026-09-15
SPY260925C00925000,2026-08-24 14:08:22+00:00,925.0,0.01,0.0,0.01,0.0,0.0,1.0,2.0,0.35938140625,False,REGULAR,USD,SPY,call,2026-09-25,0.0273972602739726,0.005,3.667481266461434e-05,0.000462179705559937,42.076252249105686,757.3900146484375,-0.004586781374170235,2026-09-15
SPY260925C00930000,2026-09-09 16:34:23+00:00,930.0,0.01,0.0,0.01,0.0,0.0,1.0,2.0,0.367193828125,False,REGULAR,USD,SPY,call,2026-09-25,0.0273972602739726,0.005,3.393103308143717e-05,0.00043496335923526286,38.92837081577804,757.3900146484375,-0.004586781374170235,2026-09-15
SPY260925P00500000,2026-09-15 19:01:01+00:00,500.0,0.03,0.02,0.03,0.0,0.0,144.0,2382.0,0.7812521875,False,REGULAR,USD,SPY,put,2026-09-25,0.0273972602739726,0.025,1.8510492427890328e-05,-0.0005108731007619216,-25292.91471851022,757.3900146484375,-0.004586781374170235,2026-09-15
SPY260925P00505000,2026-09-11 14:10:14+00:00,505.0,0.02,0.02,0.03,0.0,0.0,100.0,757.0,0.7617211328125001,False,REGULAR,USD,SPY,put,2026-09-25,0.0273972602739726,0.025,1.8859431265097666e-05,-0.0005072201250158059,-8189.617561135822,757.3900146484375,-0.004586781374170235,2026-09-15
SPY260925P00510000,2026-09-10 16:15:11+00:00,510.0,0.03,0.02,0.03,0.0,0.0,63.0,228.0,0.7460962890625,False,REGULAR,USD,SPY,put,2026-09-25,0.0273972602739726,0.025,2.0130426820799982e-05,-0.000532204180570317,-2632.855234941597,757.3900146484375,-0.004586781374170235,2026-09-15
SPY260925P00515000,2026-09-15 18:14:38+00:00,515.0,0.03,0.02,0.03,0.0,0.0,29.0,69.0,0.726565234375,False,REGULAR,USD,SPY,put,2026-09-25,0.0273972602739726,0.025,2.0430632318750023e-05,-0.0005255028470142475,-808.6676111620603,757.3900146484375,-0.004586781374170235,2026-09-15
SPY260925P00520000,2026-09-15 20:04:37+00:00,520.0,0.03,0.02,0.03,0.0,0.0,253.0,135.0,0.710940390625,False,REGULAR,USD,SPY,put,2026-09-25,0.0273972602739726,0.025,2.1765831969350887e-05,-0.0005496556242764461,-1685.5754252711972,757.3900146484375,-0.004586781374170235,2026-09-15
SPY260925P00525000,2026-09-14 17:37:51+00:00,525.0,0.03,0.03,0.04,0.0,0.0,80.0,107.0,0.7148466015625,False,REGULAR,USD,SPY,put,2026-09-25,0.0273972602739726,0.035,2.9669541102961825e-05,-0.000773477479006357,-1821.0998437378348,757.3900146484375,-0.004586781374170235,2026-09-15
SPY260925P00530000,2026-09-15 15:03:33+00:00,530.0,0.04,0.03,0.04,0.01,33.333336,2.0,18081.0,0.6972686523437501,False,REGULAR,USD,SPY,put,2026-09-25,0.0273972602739726,0.035,3.092861849757173e-05,-0.0007876022733310784,-320790.95766601345,757.3900146484375,-0.004586781374170235,2026-09-15
SPY260925P00535000,2026-09-15 16:38:20+00:00,535.0,0.04,0.03,0.04,0.01,33.333336,58.0,57.0,0.6796907031250001,False,REGULAR,USD,SPY,put,2026-09-25,0.0273972602739726,0.035,3.220033568624536e-05,-0.0008003332312024325,-1052.8691608616214,757.3900146484375,-0.004586781374170235,2026-09-15
SPY260925P00540000,2026-09-15 19:48:13+00:00,540.0,0.04,0.03,0.04,0.0,0.0,45.0,45.0,0.6640658593750002,False,REGULAR,USD,SPY,put,2026-09-25,0.0273972602739726,0.035,3.433477629131152e-05,-0.0008367287567924153,-886.3104831816635,757.3900146484375,-0.004586781374170235,2026-09-15
SPY260925P00545000,2026-09-14 17:54:22+00:00,545.0,0.04,0.04,0.05,0.0,0.0,104.0,113.0,0.6621127539062501,False,REGULAR,USD,SPY,put,2026-09-25,0.0273972602739726,0.045,4.3487165725130713e-05,-0.001078786787622521,-2818.8936882404787,757.3900146484375,-0.004586781374170235,2026-09-15
SPY260925P00550000,2026-09-15 19:45:10+00:00,550.0,0.05,0.04,0.05,-0.009999998,-16.666662,37.0,233.0,0.6445348046875,False,REGULAR,USD,SPY,put,2026-09-25,0.0273972602739726,0.045,4.534788714991964e-05,-0.0010965732712182596,-6061.109478308582,757.3900146484375,-0.004586781374170235,2026-09-15
SPY260925P00555000,2026-09-15 16:55:11+00:00,555.0,0.05,0.04,0.05,-0.009999998,-16.666662,108.0,131.0,0.6289099609375001,False,REGULAR,USD,SPY,put,2026-09-25,0.0273972602739726,0.045,4.8426403867823536e-05,-0.0011469309065846867,-3639.0889032127493,757.3900146484375,-0.004586781374170235,2026-09-15
SPY260925P00560000,2026-09-15 19:33:55+00:00,560.0,0.06,0.05,0.06,0.0,0.0,148.0,1024.0,0.62305064453125,False,REGULAR,USD,SPY,put,2026-09-25,0.0273972602739726,0.055,5.846123040391193e-05,-0.0013947902727777794,-34340.53512089025,757.3900146484375,-0.004586781374170235,2026-09-15
SPY260925P00565000,2026-09-14 19:22:22+00:00,565.0,0.05,0.05,0.06,0.0,0.0,51.0,20.0,0.6054726953125001,False,REGULAR,USD,SPY,put,2026-09-25,0.0273972602739726,0.055,6.103499317029693e-05,-0.0014170598757546893,-700.2418232210106,757.3900146484375,-0.004586781374170235,2026-09-15
SPY260925P00570000,2026-09-15 19:40:52+00:00,570.0,0.07,0.05,0.06,0.030000001,75.0,37.0,89.0,0.5898478515625001,False,REGULAR,USD,SPY,put,2026-09-25,0.0273972602739726,0.055,6.527795858019082e-05,-0.0014822642567583477,-3332.6961615504424,757.3900146484375,-0.004586781374170235,2026-09-15
SPY260925P00575000,2026-09-15 18:48:56+00:00,575.0,0.07,0.06,0.07,0.0,0.0,39.0,122.0,0.5820354296875,False,REGULAR,USD,SPY,put,2026-09-25,0.0273972602739726,0.065,7.712001639116983e-05,-0.001753986748700198,-5397.169955878575,757.3900146484375,-0.004586781374170235,2026-09-15
SPY260925P00580000,2026-09-15 19:49:02+00:00,580.0,0.07,0.06,0.07,-0.020000003,-22.222223,19.0,171.0,0.5664105859375,False,REGULAR,USD,SPY,put,2026-09-25,0.0273972602739726,0.065,8.265093662197483e-05,-0.0018369781084602854,-8107.426872830144,757.3900146484375,-0.004586781374170235,2026-09-15
SPY260925P00585000,2026-09-15 17:34:16+00:00,585.0,0.08,0.07,0.08,0.009999998,14.285711,50.0,39.0,0.5566450585937501,False,REGULAR,USD,SPY,put,2026-09-25,0.0273972602739726,0.07500000000000001,9.542910494097939e-05,-0.0021112252289282596,-2134.9347574965277,757.3900146484375,-0.004586781374170235,2026-09-15
SPY260925P00590000,2026-09-15 20:13:55+00:00,590.0,0.07,0.07,0.08,-0.009999998,-12.499997,41.0,367.0,0.5410202148437502,False,REGULAR,USD,SPY,put,2026-09-25,0.0273972602739726,0.07500000000000001,0.00010248883677973551,-0.0022135204085447224,-21576.53879760096,757.3900146484375,-0.004586781374170235,2026-09-15
SPY260925P00595000,2026-09-15 19:40:29+00:00,595.0,0.1,0.08,0.09,0.009999998,11.111108,9.0,31.0,0.5312546875,False,REGULAR,USD,SPY,put,2026-09-25,0.0273972602739726,0.08499999999999999,0.00011860787974944586,-0.0025493681961422654,-2109.1836036618297,757.3900146484375,-0.004586781374170235,2026-09-15
SPY260925P00600000,2026-09-15 18:13:12+00:00,600.0,0.1,0.09,0.1,0.0,0.0,96.0,614.0,0.5205126074218749,False,REGULAR,USD,SPY,put,2026-09-25,0.0273972602739726,0.095,0.00013571894857834327,-0.00289358062754852,-47802.21356955438,757.3900146484375,-0.004586781374170235,2026-09-15
SPY260925P00605000,2026-09-15 18:11:22+00:00,605.0,0.11,0.09,0.1,0.009999998,9.999997,2.0,609.0,0.5039112109375,False,REGULAR,USD,SPY,put,2026-09-25,0.0273972602739726,0.095,0.0001446510225282081,-0.002995908536501668,-50533.33383454435,757.3900146484375,-0.004586781374170235,2026-09-15
SPY260925P00610000,2026-09-15 20:12:38+00:00,610.0,0.1,0.1,0.11,-0.009999998,-9.090907,341.0,342.0,0.495122236328125,False,REGULAR,USD,SPY,put,2026-09-25,0.0273972602739726,0.10500000000000001,0.0001701150674693908,-0.0035182056157088137,-33373.982820854275,757.3900146484375,-0.004586781374170235,2026-09-15
SPY260925P00615000,2026-09-15 18:43:11+00:00,615.0,0.13,0.11,0.12,0.009999998,8.333331,21.0,809.0,0.48242705078125003,False,REGULAR,USD,SPY,put,2026-09-25,0.0273972602739726,0.11499999999999999,0.00019094922480600225,-0.0038875981719644903,-88614.65917978068,757.3900146484375,-0.004586781374170235,2026-09-15
SPY260925P00620000,2026-09-15 19:36:35+00:00,620.0,0.14,0.11,0.13,0.020000003,16.66667,1274.0,814.0,0.47070841796875,False,REGULAR,USD,SPY,put,2026-09-25,0.0273972602739726,0.12,0.00021730174543051637,-0.004370099793675641,-101467.45553623432,757.3900146484375,-0.004586781374170235,2026-09-15
SPY260925P00625000,2026-09-15 19:41:41+00:00,625.0,0.15,0.12,0.13,0.030000009,25.000008,66.0,553.0,0.45313046875,False,REGULAR,USD,SPY,put,2026-09-25,0.0273972602739726,0.125,0.00023071545638473986,-0.004478251827612079,-73188.18410404559,757.3900146484375,-0.004586781374170235,2026-09-15
SPY260925P00630000,2026-09-15 19:08:58+00:00,630.0,0.14,0.13,0.14,0.0,0.0,181.0,708.0,0.44043528320312497,False,REGULAR,USD,SPY,put,2026-09-25,0.0273972602739726,0.135,0.00026067912504597546,-0.004974228568939254,-105871.40159439971,757.3900146484375,-0.004586781374170235,2026-09-15
SPY260925P00635000,2026-09-15 14:59:32+00:00,635.0,0.17,0.14,0.15,0.0,0.0,20.0,1223.0,0.4272518212890626,False,REGULAR,USD,SPY,put,2026-09-25,0.0273972602739726,0.14500000000000002,0.00029351162162301754,-0.005492851384686581,-205916.3868285467,757.3900146484375,-0.004586781374170235,2026-09-15
SPY260925P00640000,2026-09-15 13:39:01+00:00,640.0,0.14,0.15,0.16,-0.030000001,-17.647058,40.0,148.0,0.41358008300781246,False,REGULAR,USD,SPY,put,2026-09-25,0.0273972602739726,0.155,0.0003294173454573488,-0.0060305782521636875,-27967.093145345618,757.3900146484375,-0.004586781374170235,2026-09-15
SPY260925P00645000,2026-09-15 20:13:10+00:00,645.0,0.17,0.16,0.17,-0.010000005,-5.555558,2.0,210.0,0.39990834472656256,False,REGULAR,USD,SPY,put,2026-09-25,0.0273972602739726,0.165,0.0003708623337204585,-0.006637539249215618,-44675.68003227596,757.3900146484375,-0.004586781374170235,2026-09-15
SPY260925P00650000,2026-09-15 19:53:30+00:00,650.0,0.2,0.18,0.19,0.040000007,25.000004,28.0,727.0,0.3881897119140625,False,REGULAR,USD,SPY,put,2026-09-25,0.0273972602739726,0.185,0.00042915324580001537,-0.007572188844646388,-178972.35907862653,757.3900146484375,-0.004586781374170235,2026-09-15
SPY260925P00655000,2026-09-15 19:03:27+00:00,655.0,0.22,0.19,0.2,0.03999999,22.222216,7.0,1048.0,0.37354142089843745,False,REGULAR,USD,SPY,put,2026-09-25,0.0273972602739726,0.195,0.0004808130082779501,-0.00824810461190384,-289052.44134507596,757.3900146484375,-0.004586781374170235,2026-09-15
SPY260925P00660000,2026-09-15 14:43:54+00:00,660.0,0.23,0.21,0.22,0.0,0.0,3.0,475.0,0.36133451171875,False,REGULAR,USD,SPY,put,2026-09-25,0.0273972602739726,0.215,0.0005573064827753759,-0.009398134737478414,-151854.2163089663,757.3900146484375,-0.004586781374170235,2026-09-15
SPY260925P00665000,2026-09-15 18:14:35+00:00,665.0,0.25,0.22,0.23,0.010000005,4.166669,30.0,1410.0,0.3461979443359374,False,REGULAR,USD,SPY,put,2026-09-25,0.0273972602739726,0.225,0.0006261028775005299,-0.010224453048923277,-506411.97020428086,757.3900146484375,-0.004586781374170235,2026-09-15
SPY260925P00670000,2026-09-15 19:59:57+00:00,670.0,0.27,0.24,0.25,0.0,0.0,24.0,1088.0,0.3327703442382813,False,REGULAR,USD,SPY,put,2026-09-25,0.0273972602739726,0.245,0.000721803843386214,-0.011504681013177143,-450492.15851045295,757.3900146484375,-0.004586781374170235,2026-09-15
SPY260925P00675000,2026-09-15 19:59:16+00:00,675.0,0.3,0.27,0.28,0.030000001,11.111111,232.0,1336.0,0.3205634350585937,False,REGULAR,USD,SPY,put,2026-09-25,0.0273972602739726,0.275,0.0008489608823927633,-0.013288952196082615,-650628.8070957209,757.3900146484375,-0.004586781374170235,2026-09-15
SPY260925P00680000,2026-09-15 19:56:15+00:00,680.0,0.33,0.3,0.31,0.0,0.0,100.0,1230.0,0.30762411132812495,False,REGULAR,USD,SPY,put,2026-09-25,0.0273972602739726,0.305,0.0009954353264165828,-0.015239299184500732,-702356.022623067,757.3900146484375,-0.004586781374170235,2026-09-15
SPY260925P00685000,2026-09-15 19:44:06+00:00,685.0,0.38,0.33,0.34,0.03999999,11.764703,39.0,2099.0,0.29395237304687494,False,REGULAR,USD,SPY,put,2026-09-25,0.0273972602739726,0.335,0.0011648272602386303,-0.017361768892421803,-1402533.0844204251,757.3900146484375,-0.004586781374170235,2026-09-15
SPY260925P00690000,2026-09-15 20:11:33+00:00,690.0,0.38,0.37,0.38,0.0,0.0,23.0,1395.0,0.2810130493164062,False,REGULAR,USD,SPY,put,2026-09-25,0.0273972602739726,0.375,0.0013842974001395008,-0.02017017593362369,-1107752.5568370249,757.3900146484375,-0.004586781374170235,2026-09-15
SPY260925P00695000,2026-09-15 20:10:37+00:00,695.0,0.43,0.43,0.44,-0.00999999,-2.272725,132.0,3820.0,0.2695385546875,False,REGULAR,USD,SPY,put,2026-09-25,0.0273972602739726,0.435,0.00168336014676074,-0.024205031632564156,-3688752.8180454522,757.3900146484375,-0.004586781374170235,2026-09-15
SPY260925P00700000,2026-09-15 19:54:38+00:00,700.0,0.55,0.49,0.5,0.02000004,3.7735927,462.0,2104.0,0.25659923095703124,False,REGULAR,USD,SPY,put,2026-09-25,0.0273972602739726,0.495,0.002030845896551372,-0.028565652805396358,-2451104.659319861,757.3900146484375,-0.004586781374170235,2026-09-15
SPY260925P00705000,2026-09-15 19:44:06+00:00,705.0,0.66,0.58,0.59,0.060000002,10.0,74.0,1955.0,0.245124736328125,False,REGULAR,USD,SPY,put,2026-09-25,0.0273972602739726,0.585,0.002505047106661596,-0.0348398357247558,-2809323.868508543,757.3900146484375,-0.004586781374170235,2026-09-15
SPY260925P00710000,2026-09-15 20:10:43+00:00,710.0,0.71,0.69,0.7,0.0,0.0,300.0,3580.0,0.233406103515625,False,REGULAR,USD,SPY,put,2026-09-25,0.0273972602739726,0.695,0.003105325311626309,-0.042702934859650155,-6377188.880474474,757.3900146484375,-0.004586781374170235,2026-09-15
SPY260925P00715000,2026-09-15 20:10:51+00:00,715.0,0.84,0.83,0.84,0.16999996,25.373129,505.0,3709.0,0.2219316088867187,False,REGULAR,USD,SPY,put,2026-09-25,0.0273972602739726,0.835,0.0038848835610267,-0.05303648489189772,-8265592.493919141,757.3900146484375,-0.004586781374170235,2026-09-15
SPY260925P00720000,2026-09-15 20:05:34+00:00,720.0,1.05,1.02,1.04,0.049999952,4.999995,837.0,4210.0,0.21143366699218746,False,REGULAR,USD,SPY,put,2026-09-25,0.0273972602739726,1.03,0.004919831164910271,-0.06740035630935015,-11881504.732356908,757.3900146484375,-0.004586781374170235,2026-09-15
SPY260925P00721000,2026-09-15 19:34:55+00:00,721.0,1.19,1.07,1.09,0.28000003,30.769234,134.0,532.0,0.20948056152343747,False,REGULAR,USD,SPY,put,2026-09-25,0.0273972602739726,1.08,0.005163945687555902,-0.07091294029749329,-1575913.763151684,757.3900146484375,-0.004586781374170235,2026-09-15
SPY260925P00722000,2026-09-15 19:59:09+00:00,722.0,1.22,1.12,1.14,0.19000006,18.446608,1063.0,930.0,0.20746642150878902,False,REGULAR,USD,SPY,put,2026-09-25,0.0273972602739726,1.13,0.005418644773776557,-0.07456784231991609,-2890764.94792601,757.3900146484375,-0.004586781374170235,2026-09-15
SPY260925P00723000,2026-09-15 19:34:55+00:00,723.0,1.3,1.17,1.19,0.33999997,35.416664,83.0,310.0,0.20526917785644527,False,REGULAR,USD,SPY,put,2026-09-25,0.0273972602739726,1.18,0.005681307390665191,-0.07825159919181979,-1010297.1590983003,757.3900146484375,-0.004586781374170235,2026-09-15
SPY260925P00724000,2026-09-15 19:59:32+00:00,724.0,1.33,1.23,1.24,0.29000008,27.884624,554.0,697.0,0.2030108996582031,False,REGULAR,USD,SPY,put,2026-09-25,0.0273972602739726,1.2349999999999999,0.005955969372923583,-0.0820848494734937,-2381356.324766163,757.3900146484375,-0.004586781374170235,2026-09-15
SPY260925P00725000,2026-09-15 20:14:10+00:00,725.0,1.29,1.28,1.3,0.06999993,5.7376995,586.0,2685.0,0.20093572509765623,False,REGULAR,USD,SPY,put,2026-09-25,0.0273972602739726,1.29,0.006249603353354333,-0.0863300901726427,-9625779.188859265,757.3900146484375,-0.004586781374170235,2026-09-15
SPY260925P00726000,2026-09-15 19:25:35+00:00,726.0,1.48,1.35,1.36,0.32000005,27.58621,151.0,537.0,0.19886055053710935,False,REGULAR,USD,SPY,put,2026-09-25,0.0273972602739726,1.355,0.006557948324634967,-0.0908211101919374,-2020139.8052247474,757.3900146484375,-0.004586781374170235,2026-09-15
SPY260925P00727000,2026-09-15 20:06:17+00:00,727.0,1.46,1.41,1.43,0.17000008,13.178301,26186.0,1660.0,0.19696847961425779,False,REGULAR,USD,SPY,put,2026-09-25,0.0273972602739726,1.42,0.006885874491553457,-0.09577419943908527,-6557017.471659,757.3900146484375,-0.004586781374170235,2026-09-15
SPY260925P00728000,2026-09-15 19:59:13+00:00,728.0,1.62,1.48,1.5,0.37,29.6,99.0,636.0,0.19495433959960937,False,REGULAR,USD,SPY,put,2026-09-25,0.0273972602739726,1.49,0.00722657609717994,-0.10087654990569528,-2636506.49863322,757.3900146484375,-0.004586781374170235,2026-09-15
SPY260925P00729000,2026-09-15 20:07:57+00:00,729.0,1.6,1.55,1.57,0.19000006,13.475182,109.0,893.0,0.19275709594726562,False,REGULAR,USD,SPY,put,2026-09-25,0.0273972602739726,1.56,0.007579880743973486,-0.10606402802083337,-3882871.1760100606,757.3900146484375,-0.004586781374170235,2026-09-15
SPY260925P00730000,2026-09-15 20:13:55+00:00,730.0,1.62,1.63,1.65,0.08000004,5.194808,34493.0,2297.0,0.19080399047851562,False,REGULAR,USD,SPY,put,2026-09-25,0.0273972602739726,1.64,0.007955224902256794,-0.11184436722460722,-10482204.001411946,757.3900146484375,-0.004586781374170235,2026-09-15
SPY260925P00731000,2026-09-15 19:54:09+00:00,731.0,1.97,1.71,1.73,0.68000007,52.713184,253.0,426.0,0.1886677813720703,False,REGULAR,USD,SPY,put,2026-09-25,0.0273972602739726,1.72,0.00834475167665349,-0.11773936498336557,-2039211.0078125098,757.3900146484375,-0.004586781374170235,2026-09-15
SPY260925P00732000,2026-09-15 19:59:13+00:00,732.0,1.97,1.8,1.82,0.32000005,19.393942,102.0,1112.0,0.18677571044921876,False,REGULAR,USD,SPY,put,2026-09-25,0.0273972602739726,1.81,0.008756174803503346,-0.12428131864676151,-5585452.470203626,757.3900146484375,-0.004586781374170235,2026-09-15
SPY260925P00733000,2026-09-15 19:56:22+00:00,733.0,2.1,1.89,1.91,0.32999992,18.644064,208.0,709.0,0.1846395013427734,False,REGULAR,USD,SPY,put,2026-09-25,0.0273972602739726,1.9,0.009182594638247324,-0.13089470748187426,-3734657.6631478476,757.3900146484375,-0.004586781374170235,2026-09-15
SPY260925P00734000,2026-09-15 19:54:12+00:00,734.0,2.23,1.99,2.01,0.38,20.54054,147.0,556.0,0.1826863958740234,False,REGULAR,USD,SPY,put,2026-09-25,0.0273972602739726,2.0,0.009629985678684604,-0.13813028953835405,-3071422.6533893514,757.3900146484375,-0.004586781374170235,2026-09-15
SPY260925P00735000,2026-09-15 20:13:32+00:00,735.0,2.08,2.1,2.12,0.12999988,6.6666603,471.0,2057.0,0.18079432495117187,False,REGULAR,USD,SPY,put,2026-09-25,0.0273972602739726,2.1100000000000003,0.010096324293277642,-0.14586322398089735,-11913427.701710954,757.3900146484375,-0.004586781374170235,2026-09-15
SPY260925P00736000,2026-09-15 19:58:21+00:00,736.0,2.45,2.21,2.23,0.5300001,27.604172,109.0,1271.0,0.17878018493652342,False,REGULAR,USD,SPY,put,2026-09-25,0.0273972602739726,2.2199999999999998,0.010580946343326432,-0.15387866365269742,-7714525.392530954,757.3900146484375,-0.004586781374170235,2026-09-15
SPY260925P00737000,2026-09-15 19:46:07+00:00,737.0,2.65,2.33,2.35,0.70000005,35.897438,171.0,687.0,0.17682707946777343,False,REGULAR,USD,SPY,put,2026-09-25,0.0273972602739726,2.34,0.01108472139006989,-0.16243743984274084,-4368382.605260688,757.3900146484375,-0.004586781374170235,2026-09-15
SPY260925P00738000,2026-09-15 20:07:56+00:00,738.0,2.49,2.45,2.47,0.26999998,12.162161,864.0,1158.0,0.17469087036132813,False,REGULAR,USD,SPY,put,2026-09-25,0.0273972602739726,2.46,0.01160883694190272,-0.1712393808242807,-7711456.6363799125,757.3900146484375,-0.004586781374170235,2026-09-15
SPY260925P00739000,2026-09-15 19:27:24+00:00,739.0,2.83,2.58,2.61,0.47000003,19.915257,545.0,1816.0,0.17292086853027344,False,REGULAR,USD,SPY,put,2026-09-25,0.0273972602739726,2.5949999999999998,0.01214841064375174,-0.18104451973492797,-12655358.667399345,757.3900146484375,-0.004586781374170235,2026-09-15
SPY260925P00740000,2026-09-15 20:13:32+00:00,740.0,2.71,2.72,2.75,0.25,10.162601,1222.0,25575.0,0.17090672851562502,False,REGULAR,USD,SPY,put,2026-09-25,0.0273972602739726,2.7350000000000003,0.01270884799900626,-0.1910605539929685,-186449394.83773422,757.3900146484375,-0.004586781374170235,2026-09-15
SPY260925P00741000,2026-09-15 20:10:06+00:00,741.0,2.96,2.87,2.9,0.34000015,12.977106,31.0,1339.0,0.1688925885009766,False,REGULAR,USD,SPY,put,2026-09-25,0.0273972602739726,2.885,0.01328754062600982,-0.20164069441914623,-10206206.066765586,757.3900146484375,-0.004586781374170235,2026-09-15
SPY260925P00742000,2026-09-15 20:11:42+00:00,742.0,3.03,3.03,3.06,0.29999995,10.98901,431.0,1102.0,0.1669394830322266,False,REGULAR,USD,SPY,put,2026-09-25,0.0273972602739726,3.045,0.01388174415345855,-0.21289345379471358,-8775356.74071319,757.3900146484375,-0.004586781374170235,2026-09-15
SPY260925P00743000,2026-09-15 20:12:54+00:00,743.0,3.22,3.2,3.23,0.42000008,15.000003,74.0,2320.0,0.16498637756347656,False,REGULAR,USD,SPY,put,2026-09-25,0.0273972602739726,3.215,0.014491501472702948,-0.2247625373831822,-19285927.08383698,757.3900146484375,-0.004586781374170235,2026-09-15
SPY260925P00744000,2026-09-15 20:06:03+00:00,744.0,3.46,3.35,3.43,0.70000005,25.362322,59.0,1087.0,0.16352154846191408,False,REGULAR,USD,SPY,put,2026-09-25,0.0273972602739726,3.39,0.01509235552701325,-0.23790891169484074,-9410782.182619646,757.3900146484375,-0.004586781374170235,2026-09-15
SPY260925P00745000,2026-09-15 20:14:00+00:00,745.0,3.57,3.55,3.62,0.37999988,11.912222,34029.0,26167.0,0.1615074084472656,False,REGULAR,USD,SPY,put,2026-09-25,0.0273972602739726,3.585,0.0157279351024795,-0.25099644161554835,-236083042.32709143,757.3900146484375,-0.004586781374170235,2026-09-15
SPY260925P00746000,2026-09-15 20:12:53+00:00,746.0,3.81,3.75,3.83,0.74,24.104235,110.0,2479.0,0.15970688934326172,False,REGULAR,USD,SPY,put,2026-09-25,0.0273972602739726,3.79,0.016360840683161404,-0.2650400945237563,-23265976.90539062,757.3900146484375,-0.004586781374170235,2026-09-15
SPY260925P00747000,2026-09-15 20:12:38+00:00,747.0,3.96,3.96,4.05,0.8299999,26.517569,177.0,878.0,0.15784533569335937,False,REGULAR,USD,SPY,put,2026-09-25,0.0273972602739726,4.005,0.01700279538572824,-0.2797090386206902,-8563553.093073137,757.3900146484375,-0.004586781374170235,2026-09-15
SPY260925P00748000,2026-09-15 19:54:52+00:00,748.0,4.69,4.19,4.28,0.96000004,25.737265,423.0,1238.0,0.15592274749755858,False,REGULAR,USD,SPY,put,2026-09-25,0.0273972602739726,4.235,0.017652272080370363,-0.2950304135733719,-12536041.110888839,757.3900146484375,-0.004586781374170235,2026-09-15
SPY260925P00749000,2026-09-15 20:14:48+00:00,749.0,4.47,4.44,4.52,0.8599999,23.822714,641.0,1210.0,0.1539086074829102,False,REGULAR,USD,SPY,put,2026-09-25,0.0273972602739726,4.48,0.01831017464517228,-0.31099951597026965,-12709164.683545012,757.3900146484375,-0.004586781374170235,2026-09-15
SPY260925P00750000,2026-09-15 20:14:48+00:00,750.0,4.72,4.69,4.77,0.5799999,14.009661,3073.0,13904.0,0.15180291564941406,False,REGULAR,USD,SPY,put,2026-09-25,0.0273972602739726,4.73,0.018975091681405917,-0.32765164540257086,-151343158.1314881,757.3900146484375,-0.004586781374170235,2026-09-15
SPY260925P00751000,2026-09-15 20:14:41+00:00,751.0,5.02,4.96,5.06,0.6500001,14.874144,529.0,2078.0,0.15021601745605473,False,REGULAR,USD,SPY,put,2026-09-25,0.0273972602739726,5.01,0.0195771679218433,-0.3455844276545822,-23336437.571081433,757.3900146484375,-0.004586781374170235,2026-09-15
SPY260925P00752000,2026-09-15 19:45:04+00:00,752.0,5.94,5.25,5.35,1.6700001,39.11007,983.0,2813.0,0.1482629119873047,False,REGULAR,USD,SPY,put,2026-09-25,0.0273972602739726,5.3,0.02020291038455996,-0.3639373350524189,-32600391.820431326,757.3900146484375,-0.004586781374170235,2026-09-15
SPY260925P00753000,2026-09-15 20:12:32+00:00,753.0,5.6,5.56,5.66,0.77,15.942029,90.0,558.0,0.1464013583374023,False,REGULAR,USD,SPY,put,2026-09-25,0.0273972602739726,5.609999999999999,0.020797348330016063,-0.3831459570856155,-6657042.275939801,757.3900146484375,-0.004586781374170235,2026-09-15
SPY260925P00754000,2026-09-15 19:57:53+00:00,754.0,6.55,5.89,5.99,1.3700004,26.447884,193.0,720.0,0.1445398046875,False,REGULAR,USD,SPY,put,2026-09-25,0.0273972602739726,5.9399999999999995,0.02136416794702069,-0.40312198692589907,-8823840.111375228,757.3900146484375,-0.004586781374170235,2026-09-15
SPY260925P00755000,2026-09-15 20:10:23+00:00,755.0,6.38,6.24,6.31,0.94000006,17.279413,1398.0,2109.0,0.14215945739746094,False,REGULAR,USD,SPY,put,2026-09-25,0.0273972602739726,6.275,0.021973605066379378,-0.42361352994468615,-26583799.00298248,757.3900146484375,-0.004586781374170235,2026-09-15
SPY260925P00756000,2026-09-15 20:14:30+00:00,756.0,6.68,6.61,6.71,0.9699998,16.987736,271.0,781.0,0.14093876647949222,False,REGULAR,USD,SPY,put,2026-09-25,0.0273972602739726,6.66,0.022367009175296607,-0.4453634736385482,-10020700.914461823,757.3900146484375,-0.004586781374170235,2026-09-15
SPY260925P00757000,2026-09-15 20:14:30+00:00,757.0,7.02,7.0,7.1,0.9000001,14.705884,652.0,748.0,0.13910773010253907,False,REGULAR,USD,SPY,put,2026-09-25,0.0273972602739726,7.05,0.022800485565496888,-0.4675309635928171,-9783288.126652373,757.3900146484375,-0.004586781374170235,2026-09-15
SPY260925P00758000,2026-09-15 19:58:02+00:00,758.0,7.82,7.4,7.53,1.3800001,21.428574,406.0,984.0,0.1376429010009766,True,REGULAR,USD,SPY,put,2026-09-25,0.0273972602739726,7.465,0.023113003594730126,-0.4903636834184608,-13046398.370534558,757.3900146484375,-0.004586781374170235,2026-09-15
SPY260925P00759000,2026-09-15 20:14:14+00:00,759.0,7.9,7.85,7.97,1.0500002,15.328469,531.0,1945.0,0.13593393371582033,True,REGULAR,USD,SPY,put,2026-09-25,0.0273972602739726,7.91,0.023396548097483358,-0.5137285894435399,-26104209.28735341,757.3900146484375,-0.004586781374170235,2026-09-15
SPY260925P00760000,2026-09-15 20:08:51+00:00,760.0,8.5,8.28,8.44,1.2600002,17.403318,1344.0,21601.0,0.13434703552246097,True,REGULAR,USD,SPY,put,2026-09-25,0.0273972602739726,8.36,0.023581850324993072,-0.537564350884842,-292207181.80387634,757.3900146484375,-0.004586781374170235,2026-09-15
SPY260925P00761000,2026-09-15 20:03:45+00:00,761.0,9.11,8.69,8.94,1.4799995,19.39711,182.0,1013.0,0.13291272369384766,True,REGULAR,USD,SPY,put,2026-09-25,0.0273972602739726,8.815,0.023655464228303457,-0.5617176028708644,-13746118.102899548,757.3900146484375,-0.004586781374170235,2026-09-15
SPY260925P00762000,2026-09-15 20:13:04+00:00,762.0,9.38,9.27,9.49,1.2799997,15.8024645,107.0,2576.0,0.13199720550537108,True,REGULAR,USD,SPY,put,2026-09-25,0.0273972602739726,9.379999999999999,0.023549351989789073,-0.5857633204236337,-34798776.12432416,757.3900146484375,-0.004586781374170235,2026-09-15
SPY260925P00763000,2026-09-15 19:46:48+00:00,763.0,10.77,9.75,10.18,2.1200008,24.508682,102.0,1000.0,0.13340100006103517,True,REGULAR,USD,SPY,put,2026-09-25,0.0273972602739726,9.965,0.022978917223855276,-0.6077822944226985,-13181617.67265323,757.3900146484375,-0.004586781374170235,2026-09-15
SPY260925P00764000,2026-09-15 20:13:18+00:00,764.0,10.49,10.31,10.62,1.46,16.168327,150.0,1060.0,0.12931168548583982,True,REGULAR,USD,SPY,put,2026-09-25,0.0273972602739726,10.465,0.02319485771497021,-0.6346047960093124,-14103819.0788249,757.3900146484375,-0.004586781374170235,2026-09-15
SPY260925P00765000,2026-09-15 20:13:18+00:00,765.0,11.11,10.88,11.21,1.54,16.091955,323.0,3009.0,0.1277247872924805,True,REGULAR,USD,SPY,put,2026-09-25,0.0273972602739726,11.045000000000002,0.02290196741176736,-0.6592750636943281,-39530665.91766079,757.3900146484375,-0.004586781374170235,2026-09-15
SPY260925P00766000,2026-09-15 19:57:01+00:00,766.0,12.68,11.53,11.8,2.4800005,24.31373,155.0,2056.0,0.1256190954589844,True,REGULAR,USD,SPY,put,2026-09-25,0.0273972602739726,11.665,0.02257028008916679,-0.6845798939076007,-26619458.03641171,757.3900146484375,-0.004586781374170235,2026-09-15
SPY260925P00767000,2026-09-15 20:01:19+00:00,767.0,13.31,12.15,12.6,3.0500002,29.727098,152.0,2219.0,0.12757220092773439,True,REGULAR,USD,SPY,put,2026-09-25,0.0273972602739726,12.375,0.021622651880223203,-0.7035544128945653,-27523610.849474467,757.3900146484375,-0.004586781374170235,2026-09-15
SPY260925P00768000,2026-09-15 20:11:32+00:00,768.0,13.1,12.91,13.24,1.8800001,16.755795,22.0,2405.0,0.12549702636718751,True,REGULAR,USD,SPY,put,2026-09-25,0.0273972602739726,13.075,0.021096535647478487,-0.7279292913637474,-29104850.629578643,757.3900146484375,-0.004586781374170235,2026-09-15
SPY260925P00769000,2026-09-15 17:49:33+00:00,769.0,14.92,13.59,14.15,1.6400003,12.3494005,10.0,824.0,0.12931168548583982,True,REGULAR,USD,SPY,put,2026-09-25,0.0273972602739726,13.870000000000001,0.019937982902011892,-0.7417795448413802,-9424266.989587875,757.3900146484375,-0.004586781374170235,2026-09-15
SPY260925P00770000,2026-09-15 19:52:20+00:00,770.0,15.9,14.34,14.9,3.1099997,24.31587,94.0,1671.0,0.12897599548339844,True,REGULAR,USD,SPY,put,2026-09-25,0.0273972602739726,14.620000000000001,0.01915638918609685,-0.7616001906706633,-18362391.889399428,757.3900146484375,-0.004586781374170235,2026-09-15
SPY260925P00771000,2026-09-15 17:50:50+00:00,771.0,16.46,15.05,15.71,3.0599995,22.835817,8.0,925.0,0.12970841003417968,True,REGULAR,USD,SPY,put,2026-09-25,0.0273972602739726,15.38,0.01827115568094321,-0.7786888077962486,-9694979.633142333,757.3900146484375,-0.004586781374170235,2026-09-15
SPY260925P00772000,2026-09-15 17:50:50+00:00,772.0,17.46,14.91,17.46,3.459999,24.71428,8.0,693.0,0.15406119384765626,True,REGULAR,USD,SPY,put,2026-09-25,0.0273972602739726,16.185000000000002,0.016240539041846146,-0.7560103575739461,-6456138.295500055,757.3900146484375,-0.004586781374170235,2026-09-15
SPY260925P00773000,2026-09-15 16:06:17+00:00,773.0,18.23,16.06,18.93,3.29,22.02142,10.0,806.0,0.17115086669921875,True,REGULAR,USD,SPY,put,2026-09-25,0.0273972602739726,17.494999999999997,0.014882265293476572,-0.7477047095233365,-6880868.119597397,757.3900146484375,-0.004586781374170235,2026-09-15
SPY260925P00774000,2026-09-15 16:06:17+00:00,774.0,19.15,16.53,19.8,4.5999994,31.615116,4.0,381.0,0.17371431762695314,True,REGULAR,USD,SPY,put,2026-09-25,0.0273972602739726,18.165,0.01431847548949434,-0.7586537689649075,-3129398.761524671,757.3900146484375,-0.004586781374170235,2026-09-15
SPY260925P00775000,2026-09-15 18:32:54+00:00,775.0,19.69,17.42,20.68,5.3900003,37.69231,20.0,688.0,0.17633880310058597,True,REGULAR,USD,SPY,put,2026-09-25,0.0273972602739726,19.05,0.013771251340671533,-0.7689325398569955,-5435018.080943645,757.3900146484375,-0.004586781374170235,2026-09-15
SPY260925P00776000,2026-09-15 15:14:52+00:00,776.0,21.18,18.33,21.58,1.8400002,9.513962,14.0,278.0,0.17932949584960936,True,REGULAR,USD,SPY,put,2026-09-25,0.0273972602739726,19.955,0.01323319548543211,-0.7781690217171477,-2110321.746409788,757.3900146484375,-0.004586781374170235,2026-09-15
SPY260925P00777000,2026-09-14 15:34:00+00:00,777.0,18.42,19.25,22.5,0.0,0.0,2.0,307.0,0.18262536132812499,True,REGULAR,USD,SPY,put,2026-09-25,0.0273972602739726,20.875,0.012711240197960195,-0.7864786330102291,-2238543.051805505,757.3900146484375,-0.004586781374170235,2026-09-15
SPY260925P00778000,2026-09-15 14:53:23+00:00,778.0,23.5,20.19,23.43,8.2,53.594772,8.0,75.0,0.18610433044433594,True,REGULAR,USD,SPY,put,2026-09-25,0.0273972602739726,21.810000000000002,0.012211185261162213,-0.7940621811636004,-525361.4885587707,757.3900146484375,-0.004586781374170235,2026-09-15
SPY260925P00779000,2026-09-15 18:56:31+00:00,779.0,23.37,21.14,24.38,1.4400005,6.56635,3.0,92.0,0.19001054138183598,True,REGULAR,USD,SPY,put,2026-09-25,0.0273972602739726,22.759999999999998,0.01173013669422019,-0.8006457495890746,-619056.1617559585,757.3900146484375,-0.004586781374170235,2026-09-15
SPY260925P00780000,2026-09-15 19:51:48+00:00,780.0,24.76,21.69,25.34,4.7199993,23.55289,237.0,711.0,0.19409985595703128,True,REGULAR,USD,SPY,put,2026-09-25,0.0273972602739726,23.515,0.011274111896510166,-0.8065933331522426,-4598234.249352155,757.3900146484375,-0.004586781374170235,2026-09-15
SPY260925P00781000,2026-09-15 19:56:17+00:00,781.0,25.49,22.67,26.3,4.99,24.341461,4.0,15.0,0.1980671014404297,True,REGULAR,USD,SPY,put,2026-09-25,0.0273972602739726,24.485,0.010845999680079543,-0.8123279006137907,-93325.4293497177,757.3900146484375,-0.004586781374170235,2026-09-15
SPY260925P00782000,2026-09-15 15:24:58+00:00,782.0,26.52,23.8,27.28,5.3199997,25.09434,2.0,14.0,0.202583657836914,True,REGULAR,USD,SPY,put,2026-09-25,0.0273972602739726,25.54,0.0104378706585817,-0.8170457844790909,-83826.06830284909,757.3900146484375,-0.004586781374170235,2026-09-15
SPY260925P00783000,2026-08-28 14:53:38+00:00,783.0,14.28,24.77,28.26,0.0,0.0,10.0,29.0,0.2069781451416015,True,REGULAR,USD,SPY,put,2026-09-25,0.0273972602739726,26.515,0.010055396521745572,-0.8216183128397195,-167277.04551763213,757.3900146484375,-0.004586781374170235,2026-09-15
SPY260925P00784000,2026-09-10 13:36:35+00:00,784.0,26.7,25.65,29.24,0.0,0.0,1.0,12.0,0.211372632446289,True,REGULAR,USD,SPY,put,2026-09-25,0.0273972602739726,27.445,0.009695514571697494,-0.8259166481088013,-66740.7771978453,757.3900146484375,-0.004586781374170235,2026-09-15
SPY260925P00785000,2026-09-15 14:38:00+00:00,785.0,29.41,26.62,30.23,7.9400005,36.98184,9.0,114.0,0.21595022338867187,True,REGULAR,USD,SPY,put,2026-09-25,0.0273972602739726,28.425,0.009356104285796151,-0.8297497208382014,-611841.6754597899,757.3900146484375,-0.004586781374170235,2026-09-15
SPY260925P00786000,2026-08-31 18:43:30+00:00,786.0,22.6,27.63,31.22,0.0,0.0,32.0,11.0,0.22052781433105467,True,REGULAR,USD,SPY,put,2026-09-25,0.0273972602739726,29.424999999999997,0.009036575417835006,-0.8333574720240665,-57021.11599704619,757.3900146484375,-0.004586781374170235,2026-09-15
SPY260925P00787000,2026-09-08 14:51:05+00:00,787.0,21.88,28.62,32.22,0.0,0.0,2.0,3.0,0.22534954345703123,True,REGULAR,USD,SPY,put,2026-09-25,0.0273972602739726,30.42,0.008735413119365345,-0.8364851097531047,-15032.93756147241,757.3900146484375,-0.004586781374170235,2026-09-15
SPY260925P00788000,2026-09-14 14:16:37+00:00,788.0,29.13,29.53,33.21,0.0,0.0,4.0,29.0,0.22980506530761718,True,REGULAR,USD,SPY,put,2026-09-25,0.0273972602739726,31.37,0.00845141635794897,-0.8398313393042854,-140593.95427517896,757.3900146484375,-0.004586781374170235,2026-09-15
SPY260925P00789000,2026-09-08 13:41:18+00:00,789.0,23.12,30.58,34.21,0.0,0.0,10.0,11.0,0.2345657598876953,True,REGULAR,USD,SPY,put,2026-09-25,0.0273972602739726,32.394999999999996,0.008183486770278876,-0.8426672364722834,-51638.09593924252,757.3900146484375,-0.004586781374170235,2026-09-15
SPY260925P00790000,2026-09-10 15:38:15+00:00,790.0,31.2,31.52,35.21,0.0,0.0,2.0,39.0,0.23926541992187497,True,REGULAR,USD,SPY,put,2026-09-25,0.0273972602739726,33.365,0.007930289819658277,-0.8454097806301599,-177416.0135262772,757.3900146484375,-0.004586781374170235,2026-09-15
SPY260925P00791000,2026-09-14 13:42:15+00:00,791.0,33.41,32.52,36.2,0.0,0.0,1.0,53.0,0.2436599072265625,True,REGULAR,USD,SPY,put,2026-09-25,0.0273972602739726,34.36,0.0076898485244350605,-0.8483183293636334,-233793.7004506863,757.3900146484375,-0.004586781374170235,2026-09-15
SPY260925P00793000,2026-08-28 15:48:15+00:00,793.0,22.6,34.52,38.2,0.0,0.0,28.0,20.0,0.25287612365722656,True,REGULAR,USD,SPY,put,2026-09-25,0.0273972602739726,36.36,0.007247101554631524,-0.8532718975587096,-83144.49370910467,757.3900146484375,-0.004586781374170235,2026-09-15
SPY260925P00794000,2026-08-28 15:40:29+00:00,794.0,22.42,35.59,39.2,0.0,0.0,20.0,20.0,0.2574537145996094,True,REGULAR,USD,SPY,put,2026-09-25,0.0273972602739726,37.395,0.007042435210719695,-0.8555897849158911,-80796.39917564704,757.3900146484375,-0.004586781374170235,2026-09-15
SPY260925P00795000,2026-08-25 15:08:23+00:00,795.0,31.25,36.57,40.2,0.0,0.0,2.0,4.0,0.26203130554199217,True,REGULAR,USD,SPY,put,2026-09-25,0.0273972602739726,38.385000000000005,0.006847971665622308,-0.8577919633631589,-15713.071847560452,757.3900146484375,-0.004586781374170235,2026-09-15
SPY260925P00798000,2026-08-31 15:58:35+00:00,798.0,33.1,39.67,43.19,0.0,0.0,1.0,1.0,0.27521476745605467,True,REGULAR,USD,SPY,put,2026-09-25,0.0273972602739726,41.43,0.006316081133645259,-0.8642743333556763,-3623.154471644932,757.3900146484375,-0.004586781374170235,2026-09-15
SPY260925P00800000,2026-09-10 18:12:14+00:00,800.0,43.16,41.55,45.19,0.0,0.0,4.0,16.0,0.284064776611328,True,REGULAR,USD,SPY,put,2026-09-25,0.0273972602739726,43.37,0.006001522878265872,-0.8680582835710299,-55083.382225063426,757.3900146484375,-0.004586781374170235,2026-09-15
SPY260925P00805000,2026-09-01 17:10:15+00:00,805.0,43.64,46.5,50.19,0.0,0.0,0.0,1.0,0.3057930749511719,True,REGULAR,USD,SPY,put,2026-09-25,0.0273972602739726,48.345,0.005325670398008508,-0.8764658334847031,-3055.015619458208,757.3900146484375,-0.004586781374170235,2026-09-15
SPY260925P00807000,2026-08-24 14:03:00+00:00,807.0,42.55,48.59,52.19,0.0,0.0,2.0,0.0,0.3143379113769531,True,REGULAR,USD,SPY,put,2026-09-25,0.0273972602739726,50.39,0.0050921539166142666,-0.8794679684367743,-0.0,757.3900146484375,-0.004586781374170235,2026-09-15
SPY260925P00810000,2026-08-17 15:45:22+00:00,810.0,35.4,51.52,55.18,0.0,0.0,19.0,0.0,0.3266668896484375,True,REGULAR,USD,SPY,put,2026-09-25,0.0273972602739726,53.35,0.004771901098304502,-0.8838995100906255,-0.0,757.3900146484375,-0.004586781374170235,2026-09-15
SPY260925P00811000,2026-09-01 18:37:09+00:00,811.0,50.2,52.6,56.18,0.0,0.0,2.0,2.0,0.33081723876953123,True,REGULAR,USD,SPY,put,2026-09-25,0.0273972602739726,54.39,0.004673457184979907,-0.8852348215840637,-5361.760540915845,757.3900146484375,-0.004586781374170235,2026-09-15
SPY260925P00823000,2026-08-14 20:01:38+00:00,823.0,46.77,64.49,68.17,0.0,0.0,0.0,0.0,0.37915659912109373,True,REGULAR,USD,SPY,put,2026-09-25,0.0273972602739726,66.33,0.003723545979995436,-0.8988331049528495,-0.0,757.3900146484375,-0.004586781374170235,2026-09-15
SPY260925P00824000,2026-08-07 17:11:09+00:00,824.0,51.8,65.62,69.17,0.0,0.0,2.0,0.0,0.3831238446044921,True,REGULAR,USD,SPY,put,2026-09-25,0.0273972602739726,67.39500000000001,0.003660150631489378,-0.89976688277064,-0.0,757.3900146484375,-0.004586781374170235,2026-09-15
SPY260925P00855000,2026-08-13 16:02:04+00:00,855.0,78.1,96.47,100.15,0.0,0.0,0.0,0.0,0.4982960327148438,True,REGULAR,USD,SPY,put,2026-09-25,0.0273972602739726,98.31,0.002346022406999647,-0.9214990710797002,-0.0,757.3900146484375,-0.004586781374170235,2026-09-15
SPY260925P00865000,2026-08-11 19:46:58+00:00,865.0,94.35,106.48,110.14,0.0,0.0,0.0,0.0,0.5328415856933593,True,REGULAR,USD,SPY,put,2026-09-25,0.0273972602739726,108.31,0.002087962884294638,-0.9264406127567972,-0.0,757.3900146484375,-0.004586781374170235,2026-09-15
SPY260925P00870000,2026-08-11 19:46:58+00:00,870.0,99.33,111.58,115.14,0.0,0.0,0.0,0.0,0.5500533276367189,True,REGULAR,USD,SPY,put,2026-09-25,0.0273972602739726,113.36,0.0019785001680641457,-0.9285286477951065,-0.0,757.3900146484375,-0.004586781374170235,2026-09-15
SPY260930C00375000,2026-09-14 19:40:11+00:00,375.0,386.82,381.14,385.17,0.0,0.0,1.0,18.0,1.5102563549804686,True,REGULAR,USD,SPY,call,2026-09-30,0.0410958904109589,383.155,8.461596295915675e-05,0.9929454056195537,873.7032608444848,757.3900146484375,-0.004586781374170235,2026-09-15
SPY260930C00380000,2026-08-07 14:03:38+00:00,380.0,392.65,376.14,380.17,0.0,0.0,5.0,8.0,1.484377578125,True,REGULAR,USD,SPY,call,2026-09-30,0.0410958904109589,378.155,8.747746763215646e-05,0.9928165089967323,401.4443403284168,757.3900146484375,-0.004586781374170235,2026-09-15
SPY260930C00410000,2026-07-16 17:36:34+00:00,410.0,347.15,353.35,356.12,0.0,0.0,3.0,1.0,2.004277450256348,True,REGULAR,USD,SPY,call,2026-09-30,0.0410958904109589,354.735,0.00029652331667159653,0.957072261349428,170.09752693370353,757.3900146484375,-0.004586781374170235,2026-09-15
SPY260930C00415000,2026-07-13 15:48:20+00:00,415.0,340.0,348.35,351.14,0.0,0.0,41.0,73.0,1.9714356896972656,True,REGULAR,USD,SPY,call,2026-09-30,0.0410958904109589,349.745,0.0003058483504542564,0.9562975685909235,12807.611720884146,757.3900146484375,-0.004586781374170235,2026-09-15
SPY260930C00420000,2026-09-02 13:48:25+00:00,420.0,342.88,336.15,340.19,0.0,0.0,16.0,50.0,1.2905308911132813,True,REGULAR,USD,SPY,call,2026-09-30,0.0410958904109589,338.16999999999996,0.00011552431762469033,0.9915952970774125,3313.466365686608,757.3900146484375,-0.004586781374170235,2026-09-15
SPY260930C00425000,2026-08-31 19:05:39+00:00,425.0,341.62,331.15,335.19,0.0,0.0,44.0,22.0,1.267093508300781,True,REGULAR,USD,SPY,call,2026-09-30,0.0410958904109589,333.16999999999996,0.00011954250236554889,0.9914419954392558,1508.6349814576604,757.3900146484375,-0.004586781374170235,2026-09-15
SPY260930C00470000,2026-06-12 18:25:01+00:00,470.0,275.35,286.58,289.97,0.0,0.0,1.0,0.0,1.0871627673339845,True,REGULAR,USD,SPY,call,2026-09-30,0.0410958904109589,288.275,0.00017658439539171067,0.9887745227398498,0.0,757.3900146484375,-0.004586781374170235,2026-09-15
SPY260930C00475000,2026-09-10 18:24:41+00:00,475.0,283.8,281.16,285.07,0.0,0.0,20.0,70.0,1.0351610742187503,True,REGULAR,USD,SPY,call,2026-09-30,0.0410958904109589,283.115,0.00016392515878171118,0.9902566351834237,6582.377769403334,757.3900146484375,-0.004586781374170235,2026-09-15
SPY260930C00480000,2026-07-31 19:45:23+00:00,480.0,271.0,288.36,291.88,0.0,0.0,2.0,3.0,1.816468202819824,True,REGULAR,USD,SPY,call,2026-09-30,0.0410958904109589,290.12,0.0005166266129008182,0.9232341163548079,889.0725038654188,757.3900146484375,-0.004586781374170235,2026-09-15
SPY260930C00485000,2026-08-18 18:34:15+00:00,485.0,284.98,271.16,275.11,0.0,0.0,13.0,29.0,0.9978027563476561,True,REGULAR,USD,SPY,call,2026-09-30,0.0410958904109589,273.135,0.00017950593498205166,0.9896342125203729,2986.179847979299,757.3900146484375,-0.004586781374170235,2026-09-15
SPY260930C00490000,2026-08-04 13:30:10+00:00,490.0,273.0,278.37,281.89,0.0,0.0,1.0,16.0,1.7525036788940427,True,REGULAR,USD,SPY,call,2026-09-30,0.0410958904109589,280.13,0.0005502202415797702,0.92043669345889,5050.050210533005,757.3900146484375,-0.004586781374170235,2026-09-15
SPY260930C00500000,2026-09-01 14:06:58+00:00,500.0,263.61,256.17,260.12,0.0,0.0,15.0,59.0,0.9389654541015625,True,REGULAR,USD,SPY,call,2026-09-30,0.0410958904109589,258.145,0.00020315424135907656,0.9888566123931637,6875.702158333238,757.3900146484375,-0.004586781374170235,2026-09-15
SPY260930C00505000,2026-09-14 19:06:06+00:00,505.0,257.46,251.17,255.12,0.0,0.0,2.0,23.0,0.918946123046875,True,REGULAR,USD,SPY,call,2026-09-30,0.0410958904109589,253.14499999999998,0.00021127205111819752,0.9886282915395175,2787.4625091961634,757.3900146484375,-0.004586781374170235,2026-09-15
SPY260930C00510000,2026-09-15 13:51:30+00:00,510.0,250.34,246.17,250.12,-5.8000183,-2.2643936,3.0,8.0,0.8991709301757811,True,REGULAR,USD,SPY,call,2026-09-30,0.0410958904109589,248.14499999999998,0.0002198868357643558,0.9883873359748221,1009.086432422926,757.3900146484375,-0.004586781374170235,2026-09-15
SPY260930C00515000,2026-09-14 17:20:02+00:00,515.0,247.46,241.17,245.08,0.0,0.0,4.0,202.0,0.875977802734375,True,REGULAR,USD,SPY,call,2026-09-30,0.0410958904109589,243.125,0.0002255085687787949,0.9883991968684473,26130.851890514652,757.3900146484375,-0.004586781374170235,2026-09-15
SPY260930C00520000,2026-09-15 13:49:31+00:00,520.0,239.64,236.17,240.12,-3.050003,-1.2567486,1.0,30.0,0.8601088208007812,True,REGULAR,USD,SPY,call,2026-09-30,0.0410958904109589,238.14499999999998,0.00023855097237559893,0.9878805816653342,4105.2687765858645,757.3900146484375,-0.004586781374170235,2026-09-15
SPY260930C00525000,2026-08-25 19:25:19+00:00,525.0,241.48,231.17,235.13,0.0,0.0,1.0,2.0,0.84179845703125,True,REGULAR,USD,SPY,call,2026-09-30,0.0410958904109589,233.14999999999998,0.0002497383218125679,0.987535680314447,286.5195991851002,757.3900146484375,-0.004586781374170235,2026-09-15
SPY260930C00530000,2026-09-02 14:45:43+00:00,530.0,236.98,226.17,230.13,0.0,0.0,6.0,46.0,0.8225115405273438,True,REGULAR,USD,SPY,call,2026-09-30,0.0410958904109589,228.14999999999998,0.0002603400978014717,0.9872679317185694,6869.70433070746,757.3900146484375,-0.004586781374170235,2026-09-15
SPY260930C00535000,2026-09-04 15:29:01+00:00,535.0,234.99,221.17,225.13,0.0,0.0,1.0,45.0,0.8034687622070311,True,REGULAR,USD,SPY,call,2026-09-30,0.0410958904109589,223.14999999999998,0.0002716708169517766,0.9869824504679978,7012.8516637464545,757.3900146484375,-0.004586781374170235,2026-09-15
SPY260930C00540000,2026-09-08 18:40:33+00:00,540.0,227.85,216.17,220.11,0.0,0.0,1.0,49.0,0.7832052929687501,True,REGULAR,USD,SPY,call,2026-09-30,0.0410958904109589,218.14,0.0002819190616359962,0.9868083032907347,7924.2774233847895,757.3900146484375,-0.004586781374170235,2026-09-15
SPY260930C00545000,2026-08-25 19:25:19+00:00,545.0,221.56,211.18,215.13,0.0,0.0,1.0,4.0,0.7666038964843751,True,REGULAR,USD,SPY,call,2026-09-30,0.0410958904109589,213.155,0.0002974972229283757,0.9863044991573678,682.624792650697,757.3900146484375,-0.004586781374170235,2026-09-15
SPY260930C00550000,2026-09-04 16:05:19+00:00,550.0,220.64,206.18,210.14,0.0,0.0,10.0,17.0,0.7487818090820313,True,REGULAR,USD,SPY,call,2026-09-30,0.0410958904109589,208.16,0.0003122566405249812,0.9859032744141618,3045.0873462769046,757.3900146484375,-0.004586781374170235,2026-09-15
SPY260930C00555000,2026-05-12 19:09:19+00:00,555.0,190.9,202.88,206.24,0.0,0.0,2.0,6.0,0.8740246972656249,True,REGULAR,USD,SPY,call,2026-09-30,0.0410958904109589,204.56,0.0005344234343848725,0.9680306107256964,1839.3987807365722,757.3900146484375,-0.004586781374170235,2026-09-15
SPY260930C00565000,2026-09-15 14:17:39+00:00,565.0,193.56,191.18,195.14,20.949997,12.137186,1.0,6.0,0.6936065795898438,True,REGULAR,USD,SPY,call,2026-09-30,0.0410958904109589,193.16,0.0003586443897800961,0.9848507254360985,1234.3958195598805,757.3900146484375,-0.004586781374170235,2026-09-15
SPY260930C00570000,2026-09-14 16:02:26+00:00,570.0,191.62,186.18,190.15,0.0,0.0,2.0,68.0,0.6762727685546877,True,REGULAR,USD,SPY,call,2026-09-30,0.0410958904109589,188.16500000000002,0.0003777437869432254,0.9843744864299944,14734.838930203776,757.3900146484375,-0.004586781374170235,2026-09-15
SPY260930C00575000,2026-09-15 15:45:45+00:00,575.0,183.0,181.18,185.15,-0.7200012,-0.39190137,1.0,351.0,0.65820654296875,True,REGULAR,USD,SPY,call,2026-09-30,0.0410958904109589,183.16500000000002,0.0003965831656012979,0.9839760804321612,79851.03355034887,757.3900146484375,-0.004586781374170235,2026-09-15
SPY260930C00580000,2026-09-14 14:32:07+00:00,580.0,179.64,176.18,180.16,0.0,0.0,3.0,10.0,0.6408727319335938,True,REGULAR,USD,SPY,call,2026-09-30,0.0410958904109589,178.17000000000002,0.0004180894800575793,0.9834798753030577,2398.32696440375,757.3900146484375,-0.004586781374170235,2026-09-15
SPY260930C00585000,2026-09-10 15:58:10+00:00,585.0,173.76,171.18,175.16,0.0,0.0,1.0,730.0,0.62305064453125,True,REGULAR,USD,SPY,call,2026-09-30,0.0410958904109589,173.17000000000002,0.00043989951954766715,0.9830366764697128,184210.9736476298,757.3900146484375,-0.004586781374170235,2026-09-15
SPY260930C00590000,2026-09-14 19:25:22+00:00,590.0,172.05,166.19,170.16,0.0,0.0,3.0,58.0,0.6059609716796877,True,REGULAR,USD,SPY,call,2026-09-30,0.0410958904109589,168.175,0.0004648908515485736,0.9824829114061211,15467.429447868606,757.3900146484375,-0.004586781374170235,2026-09-15
SPY260930C00594000,2026-09-14 15:32:26+00:00,594.0,165.27,162.19,166.17,0.0,0.0,7.0,2031.0,0.5925333715820313,True,REGULAR,USD,SPY,call,2026-09-30,0.0410958904109589,164.18,0.0004867883792040572,0.9819912059535801,567138.6899881647,757.3900146484375,-0.004586781374170235,2026-09-15
SPY260930C00595000,2026-08-27 19:45:14+00:00,595.0,177.17,161.19,165.17,0.0,0.0,21.0,403.0,0.5891154370117189,True,REGULAR,USD,SPY,call,2026-09-30,0.0410958904109589,163.18,0.0004923026493276333,0.9818750869906908,113808.937623115,757.3900146484375,-0.004586781374170235,2026-09-15
SPY260930C00597000,2026-08-24 14:16:08+00:00,597.0,167.96,159.19,163.17,0.0,0.0,2.0,8.0,0.5820354296875,True,REGULAR,USD,SPY,call,2026-09-30,0.0410958904109589,161.18,0.0005029104692079768,0.9816777509854756,2307.9150210932307,757.3900146484375,-0.004586781374170235,2026-09-15
SPY260930C00598000,2026-08-24 14:19:03+00:00,598.0,166.84,158.19,162.17,0.0,0.0,6.0,1275.0,0.5783733569335938,True,REGULAR,USD,SPY,call,2026-09-30,0.0410958904109589,160.18,0.0005079881141692685,0.9815972565361316,371537.6979450067,757.3900146484375,-0.004586781374170235,2026-09-15
SPY260930C00599000,2026-08-24 16:20:53+00:00,599.0,167.84,157.19,161.17,0.0,0.0,164.0,1699.0,0.5749554223632812,True,REGULAR,USD,SPY,call,2026-09-30,0.0410958904109589,159.18,0.0005138071840676918,0.9814788291457479,500763.54061318404,757.3900146484375,-0.004586781374170235,2026-09-15
SPY260930C00600000,2026-09-14 19:09:40+00:00,600.0,162.43,156.19,160.17,0.0,0.0,1.0,2432.0,0.5715374877929689,True,REGULAR,USD,SPY,call,2026-09-30,0.0410958904109589,158.18,0.0005197110879319113,0.9813596113647095,725044.5683108328,757.3900146484375,-0.004586781374170235,2026-09-15
SPY260930C00601000,2026-08-24 16:21:46+00:00,601.0,165.95,155.19,159.17,0.0,0.0,30.0,729.0,0.5678754150390625,True,REGULAR,USD,SPY,call,2026-09-30,0.0410958904109589,157.18,0.0005250040948239178,0.9812782945107187,219547.94142027068,757.3900146484375,-0.004586781374170235,2026-09-15
SPY260930C00602000,2026-08-24 16:16:12+00:00,602.0,164.73,154.19,158.17,0.0,0.0,31.0,53.0,0.5644574804687501,True,REGULAR,USD,SPY,call,2026-09-30,0.0410958904109589,156.18,0.0005310727377358239,0.9811578705956587,16146.15166595322,757.3900146484375,-0.004586781374170235,2026-09-15
SPY260930C00603000,2026-08-24 16:21:06+00:00,603.0,163.88,153.19,157.17,0.0,0.0,82.0,62.0,0.5610395458984375,True,REGULAR,USD,SPY,call,2026-09-30,0.0410958904109589,155.18,0.0005372314146620097,0.9810366270536758,19106.988398592537,757.3900146484375,-0.004586781374170235,2026-09-15
SPY260930C00604000,2026-09-08 13:30:33+00:00,604.0,165.86,152.19,156.18,0.0,0.0,1.0,33.0,0.5581098876953126,True,REGULAR,USD,SPY,call,2026-09-30,0.0410958904109589,154.185,0.0005449393317230664,0.980834623435962,10315.760365660175,757.3900146484375,-0.004586781374170235,2026-09-15
SPY260930C00605000,2026-09-10 13:32:30+00:00,605.0,153.45,151.19,155.22,0.0,0.0,4.0,4879.0,0.5568891967773439,True,REGULAR,USD,SPY,call,2026-09-30,0.0410958904109589,153.20499999999998,0.0005579507457622146,0.9803455882125917,1561585.7266802066,757.3900146484375,-0.004586781374170235,2026-09-15
SPY260930C00606000,2026-08-24 14:19:54+00:00,606.0,158.98,150.19,154.17,0.0,0.0,122.0,1672.0,0.5505416040039064,True,REGULAR,USD,SPY,call,2026-09-30,0.0410958904109589,152.18,0.0005555160414753078,0.9807086249077596,532809.5835567557,757.3900146484375,-0.004586781374170235,2026-09-15
SPY260930C00607000,2026-08-24 14:20:06+00:00,607.0,157.98,149.19,153.18,0.0,0.0,18.0,12.0,0.5476119458007813,True,REGULAR,USD,SPY,call,2026-09-30,0.0410958904109589,151.185,0.0005635670370309964,0.9805019648143091,3879.4126682386377,757.3900146484375,-0.004586781374170235,2026-09-15
SPY260930C00608000,2026-08-24 16:21:57+00:00,608.0,159.03,148.19,152.18,0.0,0.0,254.0,158.0,0.5441940112304688,True,REGULAR,USD,SPY,call,2026-09-30,0.0410958904109589,150.185,0.0005702168732596334,0.9803759893864846,51681.64178546201,757.3900146484375,-0.004586781374170235,2026-09-15
SPY260930C00609000,2026-08-24 16:39:57+00:00,609.0,157.27,147.19,151.18,0.0,0.0,82.0,62.0,0.5406540075683595,True,REGULAR,USD,SPY,call,2026-09-30,0.0410958904109589,149.185,0.0005765766794421774,0.9802701844445066,20506.328603161885,757.3900146484375,-0.004586781374170235,2026-09-15
SPY260930C00610000,2026-09-10 13:50:42+00:00,610.0,149.0,146.2,150.18,0.0,0.0,4.0,951.0,0.5378464184570313,True,REGULAR,USD,SPY,call,2026-09-30,0.0410958904109589,148.19,0.0005854194465584574,0.9800360036670379,319364.627165308,757.3900146484375,-0.004586781374170235,2026-09-15
SPY260930C00611000,2026-08-24 14:14:08+00:00,611.0,153.65,145.2,149.18,0.0,0.0,142.0,891.0,0.534184345703125,True,REGULAR,USD,SPY,call,2026-09-30,0.0410958904109589,147.19,0.0005915991600109464,0.9799494803623097,302373.97068285826,757.3900146484375,-0.004586781374170235,2026-09-15
SPY260930C00612000,2026-08-24 16:22:03+00:00,612.0,155.1,144.2,148.18,0.0,0.0,109.0,86.0,0.5307664111328125,True,REGULAR,USD,SPY,call,2026-09-30,0.0410958904109589,146.19,0.0005986850392727909,0.979819328707825,29534.934160523844,757.3900146484375,-0.004586781374170235,2026-09-15
SPY260930C00613000,2026-09-04 18:42:49+00:00,613.0,157.6,143.2,147.18,0.0,0.0,2.0,54.0,0.5273484765625001,True,REGULAR,USD,SPY,call,2026-09-30,0.0410958904109589,145.19,0.0006058830413624052,0.9796882058124907,18768.160418533258,757.3900146484375,-0.004586781374170235,2026-09-15
SPY260930C00614000,2026-08-24 14:13:38+00:00,614.0,150.76,142.2,146.18,0.0,0.0,12.0,9.0,0.5239305419921875,True,REGULAR,USD,SPY,call,2026-09-30,0.0410958904109589,144.19,0.0006131957013570143,0.9795560953952953,3165.780220867106,757.3900146484375,-0.004586781374170235,2026-09-15
SPY260930C00615000,2026-09-10 14:30:55+00:00,615.0,144.5,141.2,145.19,0.0,0.0,2.0,670.0,0.5210008837890624,True,REGULAR,USD,SPY,call,2026-09-30,0.0410958904109589,143.195,0.0006223449422594667,0.9793328011358693,239191.15580321752,757.3900146484375,-0.004586781374170235,2026-09-15
SPY260930C00616000,2026-08-24 16:39:50+00:00,616.0,150.29,140.2,144.18,0.0,0.0,350.0,198.0,0.5169726037597657,True,REGULAR,USD,SPY,call,2026-09-30,0.0410958904109589,142.19,0.0006277387806918455,0.9793116146865823,71298.97722786834,757.3900146484375,-0.004586781374170235,2026-09-15
SPY260930C00617000,2026-08-24 16:19:38+00:00,617.0,150.09,139.2,143.19,0.0,0.0,146.0,89.0,0.5141650146484374,True,REGULAR,USD,SPY,call,2026-09-30,0.0410958904109589,141.195,0.0006376217825185062,0.9790614688119178,32553.09622634594,757.3900146484375,-0.004586781374170235,2026-09-15
SPY260930C00618000,2026-08-26 17:48:00+00:00,618.0,149.96,138.2,142.19,0.0,0.0,2.0,214.0,0.5105029418945313,True,REGULAR,USD,SPY,call,2026-09-30,0.0410958904109589,140.195,0.0006445473511403796,0.9789708400370323,79123.91205310587,757.3900146484375,-0.004586781374170235,2026-09-15
SPY260930C00619000,2026-08-24 16:16:20+00:00,619.0,147.9,137.2,141.19,0.0,0.0,130.0,66.0,0.5070850073242188,True,REGULAR,USD,SPY,call,2026-09-30,0.0410958904109589,139.195,0.0006524884145738674,0.9788330062984678,24703.352223928447,757.3900146484375,-0.004586781374170235,2026-09-15
SPY260930C00620000,2026-09-15 14:22:05+00:00,620.0,137.49,136.2,140.19,-2.0599976,-1.4761716,1.0,1267.0,0.5036670727539063,True,REGULAR,USD,SPY,call,2026-09-30,0.0410958904109589,138.195,0.0006605613597461364,0.9786940687394545,480096.9320440207,757.3900146484375,-0.004586781374170235,2026-09-15
SPY260930C00621000,2026-08-24 16:21:04+00:00,621.0,145.99,135.2,139.19,0.0,0.0,16.0,32.0,0.5002491381835938,True,REGULAR,USD,SPY,call,2026-09-30,0.0410958904109589,137.195,0.0006687693303042505,0.9785540072282101,12276.243009905185,757.3900146484375,-0.004586781374170235,2026-09-15
SPY260930C00622000,2026-08-24 16:17:10+00:00,622.0,145.05,134.2,138.19,0.0,0.0,6.0,8.0,0.6356237609863282,True,REGULAR,USD,SPY,call,2026-09-30,0.0410958904109589,136.195,0.0011264771830448244,0.9458149480085835,5169.535674535333,757.3900146484375,-0.004586781374170235,2026-09-15
SPY260930C00623000,2026-08-26 17:48:00+00:00,623.0,145.0,133.2,137.19,0.0,0.0,2.0,34.0,0.6314734118652343,True,REGULAR,USD,SPY,call,2026-09-30,0.0410958904109589,135.195,0.001139059362813119,0.9455019590021371,22215.926274803893,757.3900146484375,-0.004586781374170235,2026-09-15
SPY260930C00624000,2026-08-24 14:20:39+00:00,624.0,141.12,132.2,136.2,0.0,0.0,3.0,3.0,0.6279334082031252,True,REGULAR,USD,SPY,call,2026-09-30,0.0410958904109589,134.2,0.0011533616677922723,0.9450272513552075,1984.8418959464857,757.3900146484375,-0.004586781374170235,2026-09-15
SPY260930C00625000,2026-08-31 18:23:00+00:00,625.0,142.49,131.2,135.19,0.0,0.0,9.0,261.0,0.6232947827148438,True,REGULAR,USD,SPY,call,2026-09-30,0.0410958904109589,133.195,0.001165144136863569,0.9448356190639149,174445.31556335464,757.3900146484375,-0.004586781374170235,2026-09-15
SPY260930C00626000,2026-08-24 16:21:11+00:00,626.0,141.08,130.2,134.2,0.0,0.0,8.0,240.0,0.6196327099609377,True,REGULAR,USD,SPY,call,2026-09-30,0.0410958904109589,132.2,0.0011795965667662043,0.9443842195988068,162399.2023604435,757.3900146484375,-0.004586781374170235,2026-09-15
SPY260930C00627000,2026-08-24 15:33:23+00:00,627.0,138.75,129.2,133.2,0.0,0.0,150.0,122.0,0.6156044299316408,True,REGULAR,USD,SPY,call,2026-09-30,0.0410958904109589,131.2,0.001193352480790374,0.9440255835547461,83515.62224035559,757.3900146484375,-0.004586781374170235,2026-09-15
SPY260930C00628000,2026-08-24 16:21:39+00:00,628.0,139.11,128.21,132.2,0.0,0.0,19.0,16.0,0.6114540808105471,True,REGULAR,USD,SPY,call,2026-09-30,0.0410958904109589,130.20499999999998,0.0012070209515111531,0.9436963900151846,11078.320915267395,757.3900146484375,-0.004586781374170235,2026-09-15
SPY260930C00629000,2026-05-15 18:35:50+00:00,629.0,125.32,131.61,134.71,0.0,0.0,1.0,215.0,0.6938507177734375,True,REGULAR,USD,SPY,call,2026-09-30,0.0410958904109589,133.16000000000003,0.001400398522333213,0.9196276908840268,172714.68068521557,757.3900146484375,-0.004586781374170235,2026-09-15
SPY260930C00630000,2026-09-14 16:25:09+00:00,630.0,133.44,126.21,130.2,0.0,0.0,1.0,821.0,0.6032754516601564,True,REGULAR,USD,SPY,call,2026-09-30,0.0410958904109589,128.20499999999998,0.001235375056972822,0.9429950101131996,581809.9387272008,757.3900146484375,-0.004586781374170235,2026-09-15
SPY260930C00631000,2026-08-24 20:01:59+00:00,631.0,134.68,125.21,129.2,0.0,0.0,58.0,794.0,0.5991251025390626,True,REGULAR,USD,SPY,call,2026-09-30,0.0410958904109589,127.20499999999998,0.0012497499900161334,0.942656109176572,569223.4650172348,757.3900146484375,-0.004586781374170235,2026-09-15
SPY260930C00632000,2026-08-25 13:40:04+00:00,632.0,136.2,124.21,128.2,0.0,0.0,20.0,149.0,0.5950968225097657,True,REGULAR,USD,SPY,call,2026-09-30,0.0410958904109589,126.20499999999998,0.0012647050537228435,0.9422794926664555,108097.2567306825,757.3900146484375,-0.004586781374170235,2026-09-15
SPY260930C00633000,2026-08-25 13:39:05+00:00,633.0,135.22,123.21,127.09,0.0,0.0,80.0,342.0,0.5854533642578125,True,REGULAR,USD,SPY,call,2026-09-30,0.0410958904109589,125.15,0.0012641176518524246,0.9434984718839982,248000.61172742717,757.3900146484375,-0.004586781374170235,2026-09-15
SPY260930C00634000,2026-08-24 15:10:19+00:00,634.0,131.35,122.21,126.21,0.0,0.0,46.0,129.0,0.5874064697265625,True,REGULAR,USD,SPY,call,2026-09-30,0.0410958904109589,124.21,0.0012964285059643248,0.9414085257655969,95935.07785160089,757.3900146484375,-0.004586781374170235,2026-09-15
SPY260930C00635000,2026-09-01 14:31:42+00:00,635.0,130.52,121.21,125.21,0.0,0.0,1.0,901.0,0.5832561206054687,True,REGULAR,USD,SPY,call,2026-09-30,0.0410958904109589,123.21,0.0013118508711801073,0.9410539527013284,678029.2182410916,757.3900146484375,-0.004586781374170235,2026-09-15
SPY260930C00636000,2026-08-24 19:50:53+00:00,636.0,129.91,120.21,124.22,0.0,0.0,14.0,124.0,0.5797161169433593,True,REGULAR,USD,SPY,call,2026-09-30,0.0410958904109589,122.215,0.0013292945431969685,0.9405162197389005,94554.46841713859,757.3900146484375,-0.004586781374170235,2026-09-15
SPY260930C00637000,2026-08-25 14:06:26+00:00,637.0,130.47,119.21,123.09,0.0,0.0,138.0,221.0,0.5692181750488281,True,REGULAR,USD,SPY,call,2026-09-30,0.0410958904109589,121.15,0.0013265523909264992,0.9420378589576226,168172.8292756239,757.3900146484375,-0.004586781374170235,2026-09-15
SPY260930C00638000,2026-08-25 13:40:10+00:00,638.0,130.27,118.21,122.21,0.0,0.0,203.0,284.0,0.5710492114257812,True,REGULAR,USD,SPY,call,2026-09-30,0.0410958904109589,120.21,0.001360497656119831,0.9398949980111043,221643.64732582652,757.3900146484375,-0.004586781374170235,2026-09-15
SPY260930C00639000,2026-09-10 18:53:25+00:00,639.0,120.12,117.21,121.22,0.0,0.0,2.0,565.0,0.567387138671875,True,REGULAR,USD,SPY,call,2026-09-30,0.0410958904109589,119.215,0.001378513807018496,0.9393765246653478,446785.1382081663,757.3900146484375,-0.004586781374170235,2026-09-15
SPY260930C00640000,2026-09-10 18:21:45+00:00,640.0,118.5,116.21,120.27,0.0,0.0,1.0,1014.0,0.5656781713867188,True,REGULAR,USD,SPY,call,2026-09-30,0.0410958904109589,118.24,0.0014026914130072063,0.9382514016368376,815904.3406264915,757.3900146484375,-0.004586781374170235,2026-09-15
SPY260930C00641000,2026-08-25 14:06:34+00:00,641.0,126.48,115.22,119.22,0.0,0.0,198.0,341.0,0.5592085095214845,True,REGULAR,USD,SPY,call,2026-09-30,0.0410958904109589,117.22,0.001412964188596064,0.9385830868977321,276391.50079978484,757.3900146484375,-0.004586781374170235,2026-09-15
SPY260930C00642000,2026-09-11 14:30:16+00:00,642.0,124.05,114.22,118.23,0.0,0.0,2.0,299.0,0.5556685058593751,True,REGULAR,USD,SPY,call,2026-09-30,0.0410958904109589,116.225,0.0014323623296888792,0.9380073443167775,245676.28108871725,757.3900146484375,-0.004586781374170235,2026-09-15
SPY260930C00643000,2026-08-25 13:39:03+00:00,643.0,125.23,113.22,117.22,0.0,0.0,24.0,144.0,0.5510909149169922,True,REGULAR,USD,SPY,call,2026-09-30,0.0410958904109589,115.22,0.0014488990428083348,0.9377520014873827,119685.01205354223,757.3900146484375,-0.004586781374170235,2026-09-15
SPY260930C00644000,2026-08-31 18:39:24+00:00,644.0,123.06,112.22,116.23,0.0,0.0,1.0,214.0,0.5474898767089844,True,REGULAR,USD,SPY,call,2026-09-30,0.0410958904109589,114.225,0.001468823253086493,0.9371823556745097,180311.10001949343,757.3900146484375,-0.004586781374170235,2026-09-15
SPY260930C00645000,2026-09-08 18:49:00+00:00,645.0,121.5,111.22,115.3,0.0,0.0,2.0,559.0,0.5466353930664063,True,REGULAR,USD,SPY,call,2026-09-30,0.0410958904109589,113.25999999999999,0.0014977997518256419,0.9357145803210185,480291.29174849193,757.3900146484375,-0.004586781374170235,2026-09-15
SPY260930C00646000,2026-09-04 14:43:55+00:00,646.0,125.0,110.22,114.23,0.0,0.0,1.0,26.0,0.5393112475585939,True,REGULAR,USD,SPY,call,2026-09-30,0.0410958904109589,112.225,0.0015066880634501182,0.936337567311815,22471.695732339598,757.3900146484375,-0.004586781374170235,2026-09-15
SPY260930C00647000,2026-09-04 15:45:18+00:00,647.0,123.67,109.22,113.23,0.0,0.0,1.0,204.0,0.5352829675292969,True,REGULAR,USD,SPY,call,2026-09-30,0.0410958904109589,111.225,0.0015263714321191954,0.9358872330728114,178619.77862249655,757.3900146484375,-0.004586781374170235,2026-09-15
SPY260930C00648000,2026-06-12 16:13:08+00:00,648.0,105.32,112.11,115.54,0.0,0.0,1.0,4.0,0.5966226861572266,True,REGULAR,USD,SPY,call,2026-09-30,0.0410958904109589,113.825,0.0017184011750765447,0.9136804511213358,3942.97208653189,757.3900146484375,-0.004586781374170235,2026-09-15
SPY260930C00650000,2026-09-15 19:53:42+00:00,650.0,107.28,106.22,110.23,-4.090004,-3.6724467,11.0,1394.0,0.5230760583496092,True,REGULAR,USD,SPY,call,2026-09-30,0.0410958904109589,108.225,0.0015873676929606749,0.9345427438843359,1269344.3698841112,757.3900146484375,-0.004586781374170235,2026-09-15
SPY260930C00651000,2026-08-25 14:07:19+00:00,651.0,116.52,105.23,109.24,0.0,0.0,204.0,109.0,0.5194139855957032,True,REGULAR,USD,SPY,call,2026-09-30,0.0410958904109589,107.235,0.0016099182810265593,0.9339420858098204,100662.90980202249,757.3900146484375,-0.004586781374170235,2026-09-15
SPY260930C00652000,2026-09-14 19:21:39+00:00,652.0,109.32,104.23,108.24,0.0,0.0,1.0,18.0,0.5153857055664062,True,REGULAR,USD,SPY,call,2026-09-30,0.0410958904109589,106.235,0.0016316568036051338,0.9334603656445871,16847.694217898446,757.3900146484375,-0.004586781374170235,2026-09-15
SPY260930C00653000,2026-09-10 14:24:40+00:00,653.0,107.49,103.23,107.25,0.0,0.0,1.0,27.0,0.5117236328125,True,REGULAR,USD,SPY,call,2026-09-30,0.0410958904109589,105.24000000000001,0.0016551293896698135,0.9328423697870344,25635.091080368693,757.3900146484375,-0.004586781374170235,2026-09-15
SPY260930C00654000,2026-08-25 13:39:05+00:00,654.0,114.42,102.23,106.25,0.0,0.0,4.0,17.0,0.5076343182373046,True,REGULAR,USD,SPY,call,2026-09-30,0.0410958904109589,104.24000000000001,0.0016775706410331387,0.9323676695595142,16359.457153280195,757.3900146484375,-0.004586781374170235,2026-09-15
SPY260930C00655000,2026-09-15 14:49:04+00:00,655.0,102.32,101.23,105.23,-2.8099976,-2.672879,2.0,227.0,0.5026905200195313,True,REGULAR,USD,SPY,call,2026-09-30,0.0410958904109589,103.23,0.0016973869709152767,0.9321961433278337,221027.2761621667,757.3900146484375,-0.004586781374170235,2026-09-15
SPY260930C00656000,2026-08-19 16:03:03+00:00,656.0,118.0,100.23,104.25,0.0,0.0,1.0,53.0,0.4995167236328125,True,REGULAR,USD,SPY,call,2026-09-30,0.0410958904109589,102.24000000000001,0.001724090592128179,0.9313763214117257,52417.354927738896,757.3900146484375,-0.004586781374170235,2026-09-15
SPY260930C00657000,2026-07-07 18:51:38+00:00,657.0,100.74,107.77,110.55,0.0,0.0,1.0,10.0,0.6909515768432618,True,REGULAR,USD,SPY,call,2026-09-30,0.0410958904109589,109.16,0.0020604333173190894,0.8636647015434737,11819.46214624124,757.3900146484375,-0.004586781374170235,2026-09-15
SPY260930C00658000,2026-09-10 14:24:40+00:00,658.0,102.56,98.24,102.24,0.0,0.0,1.0,22.0,0.4909108526611329,True,REGULAR,USD,SPY,call,2026-09-30,0.0410958904109589,100.24,0.0017707721215469094,0.930539844531185,22347.27158869941,757.3900146484375,-0.004586781374170235,2026-09-15
SPY260930C00659000,2026-07-09 19:12:02+00:00,659.0,99.6,105.79,108.58,0.0,0.0,1.0,49.0,0.6816438085937502,True,REGULAR,USD,SPY,call,2026-09-30,0.0410958904109589,107.185,0.0021090147950307094,0.8617059166173893,59280.909310860385,757.3900146484375,-0.004586781374170235,2026-09-15
SPY260930C00660000,2026-09-15 17:55:47+00:00,660.0,97.76,96.24,100.26,-8.189995,-7.730057,1.0,512.0,0.4836477416992188,True,REGULAR,USD,SPY,call,2026-09-30,0.0410958904109589,98.25,0.0018246436615831298,0.9291661974547625,535904.2164421536,757.3900146484375,-0.004586781374170235,2026-09-15
SPY260930C00661000,2026-09-10 15:33:47+00:00,661.0,99.14,95.24,99.27,0.0,0.0,2.0,13.0,0.47998566894531247,True,REGULAR,USD,SPY,call,2026-09-30,0.0410958904109589,97.255,0.0018523520086430312,0.9284736117638781,13813.57287456614,757.3900146484375,-0.004586781374170235,2026-09-15
SPY260930C00662000,2026-07-07 13:33:55+00:00,662.0,97.74,102.84,105.63,0.0,0.0,1.0,15.0,0.6679720703125002,True,REGULAR,USD,SPY,call,2026-09-30,0.0410958904109589,104.235,0.002185172040839761,0.8585757937577407,18802.519355493278,757.3900146484375,-0.004586781374170235,2026-09-15
SPY260930C00663000,2026-09-09 20:01:31+00:00,663.0,100.24,93.25,97.3,0.0,0.0,1.0,109.0,0.4731497998046875,True,REGULAR,USD,SPY,call,2026-09-30,0.0410958904109589,95.275,0.0019115546064754688,0.9268579135471936,119523.23990667591,757.3900146484375,-0.004586781374170235,2026-09-15
SPY260930C00664000,2026-08-24 14:07:38+00:00,664.0,101.6,92.25,96.15,0.0,0.0,256.0,241.0,0.46271289245605474,True,REGULAR,USD,SPY,call,2026-09-30,0.0410958904109589,94.2,0.0019135519148795637,0.9288587636085242,264543.1021754054,757.3900146484375,-0.004586781374170235,2026-09-15
SPY260930C00665000,2026-09-10 19:11:43+00:00,665.0,94.47,91.25,95.28,0.0,0.0,5.0,150.0,0.46411668701171876,True,REGULAR,USD,SPY,call,2026-09-30,0.0410958904109589,93.265,0.0019646109598114997,0.9260788749304838,169046.80687601175,757.3900146484375,-0.004586781374170235,2026-09-15
SPY260930C00666000,2026-09-15 17:54:45+00:00,666.0,91.39,90.25,94.16,-13.5,-12.870626,1.0,66.0,0.45508357421875,True,REGULAR,USD,SPY,call,2026-09-30,0.0410958904109589,92.205,0.0019730274376073887,0.9275499512010437,74699.2446916044,757.3900146484375,-0.004586781374170235,2026-09-15
SPY260930C00667000,2026-08-24 14:08:15+00:00,667.0,98.61,89.26,93.29,0.0,0.0,2.0,97.0,0.4563652996826172,True,REGULAR,USD,SPY,call,2026-09-30,0.0410958904109589,91.275,0.0020254415398243165,0.924744877118812,112701.7337853528,757.3900146484375,-0.004586781374170235,2026-09-15
SPY260930C00668000,2026-08-27 17:00:47+00:00,668.0,106.0,88.26,92.29,0.0,0.0,1.0,125.0,0.45227598510742195,True,REGULAR,USD,SPY,call,2026-09-30,0.0410958904109589,90.275,0.0020560358257633482,0.9241508463169167,147427.9548970374,757.3900146484375,-0.004586781374170235,2026-09-15
SPY260930C00669000,2026-09-01 16:53:21+00:00,669.0,94.63,87.27,91.3,0.0,0.0,28.0,282.0,0.44861391235351555,True,REGULAR,USD,SPY,call,2026-09-30,0.0410958904109589,89.285,0.002089170856061247,0.9233636812621377,337957.60004646995,757.3900146484375,-0.004586781374170235,2026-09-15
SPY260930C00670000,2026-09-14 19:45:27+00:00,670.0,92.34,86.27,90.29,0.0,0.0,8.0,2713.0,0.4441583905029296,True,REGULAR,USD,SPY,call,2026-09-30,0.0410958904109589,88.28,0.0021196945806999917,0.9229063382616985,3298847.4557221443,757.3900146484375,-0.004586781374170235,2026-09-15
SPY260930C00671000,2026-09-01 16:58:49+00:00,671.0,93.03,85.27,89.32,0.0,0.0,161.0,144.0,0.4412897668457031,True,REGULAR,USD,SPY,call,2026-09-30,0.0410958904109589,87.29499999999999,0.0021578406056979014,0.9217444053195518,178246.49701058562,757.3900146484375,-0.004586781374170235,2026-09-15
SPY260930C00672000,2026-09-04 14:01:37+00:00,672.0,100.87,84.28,88.31,0.0,0.0,2.0,36.0,0.43677321044921874,True,REGULAR,USD,SPY,call,2026-09-30,0.0410958904109589,86.295,0.0021897021012802684,0.9212920150481674,45219.59685290229,757.3900146484375,-0.004586781374170235,2026-09-15
SPY260930C00673000,2026-09-08 14:53:26+00:00,673.0,95.19,83.28,87.31,0.0,0.0,1.0,34.0,0.43268389587402345,True,REGULAR,USD,SPY,call,2026-09-30,0.0410958904109589,85.295,0.0022242425856753715,0.9206404071225716,43381.06591618468,757.3900146484375,-0.004586781374170235,2026-09-15
SPY260930C00674000,2026-09-11 17:49:37+00:00,674.0,92.35,82.28,86.2,0.0,0.0,1.0,80.0,0.42426112854003906,True,REGULAR,USD,SPY,call,2026-09-30,0.0410958904109589,84.24000000000001,0.002239741567830709,0.9219607669815788,102784.36270981109,757.3900146484375,-0.004586781374170235,2026-09-15
SPY260930C00675000,2026-09-14 15:50:15+00:00,675.0,86.85,81.29,85.32,0.0,0.0,3.0,424.0,0.4248714739990235,True,REGULAR,USD,SPY,call,2026-09-30,0.0410958904109589,83.305,0.0022976103423167555,0.9191321299765589,558832.1511583644,757.3900146484375,-0.004586781374170235,2026-09-15
SPY260930C00676000,2026-09-15 13:32:58+00:00,676.0,83.52,80.29,84.33,-11.040001,-11.675129,4.0,42.0,0.4211483666992188,True,REGULAR,USD,SPY,call,2026-09-30,0.0410958904109589,82.31,0.0023365357181071777,0.9182701865769279,56293.83878321961,757.3900146484375,-0.004586781374170235,2026-09-15
SPY260930C00677000,2026-09-04 17:30:30+00:00,677.0,93.57,79.3,83.32,0.0,0.0,4.0,274.0,0.4166928448486328,True,REGULAR,USD,SPY,call,2026-09-30,0.0410958904109589,81.31,0.0023730732482601298,0.9177390629258433,372993.15045489266,757.3900146484375,-0.004586781374170235,2026-09-15
SPY260930C00678000,2026-09-04 17:30:29+00:00,678.0,92.57,78.3,82.35,0.0,0.0,4.0,29.0,0.4137631866455078,True,REGULAR,USD,SPY,call,2026-09-30,0.0410958904109589,80.32499999999999,0.0024176949358178158,0.9164637971586753,40219.68352535333,757.3900146484375,-0.004586781374170235,2026-09-15
SPY260930C00679000,2026-09-04 17:30:29+00:00,679.0,91.58,77.31,81.34,0.0,0.0,4.0,89.0,0.4092466302490234,True,REGULAR,USD,SPY,call,2026-09-30,0.0410958904109589,79.325,0.00245599884269312,0.9159346155477242,125388.38673640035,757.3900146484375,-0.004586781374170235,2026-09-15
SPY260930C00680000,2026-09-14 15:09:53+00:00,680.0,80.19,76.31,80.36,0.0,0.0,4.0,1382.0,0.4058897302246094,True,REGULAR,USD,SPY,call,2026-09-30,0.0410958904109589,78.33500000000001,0.0025008398269887443,0.9148225986731411,1982590.7260895742,757.3900146484375,-0.004586781374170235,2026-09-15
SPY260930C00681000,2026-09-04 14:01:36+00:00,681.0,91.92,75.32,79.38,0.0,0.0,2.0,40.0,0.40253283020019537,True,REGULAR,USD,SPY,call,2026-09-30,0.0410958904109589,77.35,0.002546846391138073,0.9136858369675885,58438.881296124484,757.3900146484375,-0.004586781374170235,2026-09-15
SPY260930C00682000,2026-09-10 13:46:14+00:00,682.0,76.64,74.32,78.35,0.0,0.0,1.0,139.0,0.3973448937988281,True,REGULAR,USD,SPY,call,2026-09-30,0.0410958904109589,76.335,0.0025852694096270396,0.9134544353030133,206138.80681615983,757.3900146484375,-0.004586781374170235,2026-09-15
SPY260930C00683000,2026-09-14 19:46:55+00:00,683.0,79.55,73.33,77.37,0.0,0.0,1.0,155.0,0.3939269592285156,True,REGULAR,USD,SPY,call,2026-09-30,0.0410958904109589,75.35,0.002633419609514323,0.9123095627429354,234148.24856841346,757.3900146484375,-0.004586781374170235,2026-09-15
SPY260930C00684000,2026-09-04 17:30:29+00:00,684.0,86.6,72.33,76.38,0.0,0.0,2.0,60.0,0.39014281738281253,True,REGULAR,USD,SPY,call,2026-09-30,0.0410958904109589,74.35499999999999,0.002681075710738451,0.9113298264392926,92278.27741257334,757.3900146484375,-0.004586781374170235,2026-09-15
SPY260930C00685000,2026-09-15 16:03:21+00:00,685.0,72.45,71.35,75.25,-5.0699997,-6.5402474,1.0,574.0,0.3813538427734374,True,REGULAR,USD,SPY,call,2026-09-30,0.0410958904109589,73.3,0.0027045428089641126,0.9129868659618317,890522.512067939,757.3900146484375,-0.004586781374170235,2026-09-15
SPY260930C00686000,2026-09-11 15:44:04+00:00,686.0,80.6,70.36,74.4,0.0,0.0,1.0,105.0,0.3826355682373046,True,REGULAR,USD,SPY,call,2026-09-30,0.0410958904109589,72.38,0.002780729436245091,0.9092709741669114,167489.34477079738,757.3900146484375,-0.004586781374170235,2026-09-15
SPY260930C00687000,2026-09-04 17:30:28+00:00,687.0,83.62,69.36,73.41,0.0,0.0,4.0,194.0,0.3788514263916015,True,REGULAR,USD,SPY,call,2026-09-30,0.0410958904109589,71.38499999999999,0.002832531836872652,0.908222555340106,315221.3902411102,757.3900146484375,-0.004586781374170235,2026-09-15
SPY260930C00688000,2026-09-14 19:25:12+00:00,688.0,74.62,68.37,72.4,0.0,0.0,1.0,83.0,0.3743348699951171,True,REGULAR,USD,SPY,call,2026-09-30,0.0410958904109589,70.385,0.002882138976380136,0.9075546401352477,137224.6593156426,757.3900146484375,-0.004586781374170235,2026-09-15
SPY260930C00689000,2026-09-10 14:39:31+00:00,689.0,71.08,67.38,71.41,0.0,0.0,1.0,168.0,0.37055072814941403,True,REGULAR,USD,SPY,call,2026-09-30,0.0410958904109589,69.395,0.0029369677772675172,0.9064621601591307,283039.8684406922,757.3900146484375,-0.004586781374170235,2026-09-15
SPY260930C00690000,2026-09-15 19:39:48+00:00,690.0,67.77,66.39,70.44,-4.810005,-6.6271772,13.0,698.0,0.36743796630859377,True,REGULAR,USD,SPY,call,2026-09-30,0.0410958904109589,68.41499999999999,0.002996821915360832,0.9049615070521217,1199928.8876350156,757.3900146484375,-0.004586781374170235,2026-09-15
SPY260930C00691000,2026-09-14 19:55:55+00:00,691.0,70.6,65.4,69.3,0.0,0.0,5.0,306.0,0.35846588806152346,True,REGULAR,USD,SPY,call,2026-09-30,0.0410958904109589,67.35,0.003027582522132292,0.9068122457583495,531442.847217524,757.3900146484375,-0.004586781374170235,2026-09-15
SPY260930C00692000,2026-09-15 14:31:52+00:00,692.0,66.0,64.41,68.32,-10.959999,-14.241163,1.0,10.0,0.3549869189453124,True,REGULAR,USD,SPY,call,2026-09-30,0.0410958904109589,66.365,0.0030890530527158933,0.9054966638650942,17720.032634597592,757.3900146484375,-0.004586781374170235,2026-09-15
SPY260930C00693000,2026-09-08 19:51:25+00:00,693.0,74.04,63.42,67.45,0.0,0.0,1.0,2.0,0.3552920916748046,True,REGULAR,USD,SPY,call,2026-09-30,0.0410958904109589,65.435,0.0031724941750095733,0.9018920187923989,3639.7367966739666,757.3900146484375,-0.004586781374170235,2026-09-15
SPY260930C00694000,2026-09-04 17:30:27+00:00,694.0,76.66,62.43,66.44,0.0,0.0,4.0,6.0,0.3507755352783203,True,REGULAR,USD,SPY,call,2026-09-30,0.0410958904109589,64.435,0.0032322967142729346,0.9011007729165423,11125.041030537486,757.3900146484375,-0.004586781374170235,2026-09-15
SPY260930C00695000,2026-09-15 18:05:19+00:00,695.0,62.69,61.44,65.5,-1.920002,-2.9716792,1.0,744.0,0.348639326171875,True,REGULAR,USD,SPY,call,2026-09-30,0.0410958904109589,63.47,0.003306374544021942,0.8988335168435244,1411120.6082862676,757.3900146484375,-0.004586781374170235,2026-09-15
SPY260930C00696000,2026-09-04 17:30:27+00:00,696.0,74.69,60.45,64.36,0.0,0.0,4.0,7.0,0.33978931701660153,True,REGULAR,USD,SPY,call,2026-09-30,0.0410958904109589,62.405,0.003347127906500998,0.9006821906780133,13440.316597429928,757.3900146484375,-0.004586781374170235,2026-09-15
SPY260930C00697000,2026-09-09 14:44:02+00:00,697.0,67.56,59.47,63.49,0.0,0.0,2.0,0.0,0.33991138610839844,True,REGULAR,USD,SPY,call,2026-09-30,0.0410958904109589,61.480000000000004,0.0034379053222545223,0.8969164928886858,0.0,757.3900146484375,-0.004586781374170235,2026-09-15
SPY260930C00698000,2026-09-04 17:30:27+00:00,698.0,72.72,58.48,62.49,0.0,0.0,4.0,22.0,0.33570000244140624,True,REGULAR,USD,SPY,call,2026-09-30,0.0410958904109589,60.485,0.003507771037053181,0.8958237481406313,44268.322887036506,757.3900146484375,-0.004586781374170235,2026-09-15
SPY260930C00699000,2026-09-14 15:57:20+00:00,699.0,63.64,57.5,61.42,0.0,0.0,1705.0,859.0,0.32923034057617184,True,REGULAR,USD,SPY,call,2026-09-30,0.0410958904109589,59.46,0.0035679393556413176,0.8961755425200071,1758125.1159098137,757.3900146484375,-0.004586781374170235,2026-09-15
SPY260930C00700000,2026-09-15 20:01:27+00:00,700.0,58.2,56.51,60.45,-1.5499992,-2.594141,23.0,2452.0,0.3259955096435546,True,REGULAR,USD,SPY,call,2026-09-30,0.0410958904109589,58.480000000000004,0.0036478849494233465,0.8943993276410387,5130985.044151177,757.3900146484375,-0.004586781374170235,2026-09-15
SPY260930C00701000,2026-09-09 17:13:38+00:00,701.0,63.06,55.53,59.44,0.0,0.0,4.0,10.0,0.3214789532470703,True,REGULAR,USD,SPY,call,2026-09-30,0.0410958904109589,57.485,0.0037234977127649825,0.8934354859874754,21359.458662270295,757.3900146484375,-0.004586781374170235,2026-09-15
SPY260930C00702000,2026-09-14 14:55:01+00:00,702.0,56.67,54.56,58.46,0.0,0.0,4.0,44.0,0.3178779150390625,True,REGULAR,USD,SPY,call,2026-09-30,0.0410958904109589,56.510000000000005,0.0038067877739765034,0.8918182440588411,96083.87124513446,757.3900146484375,-0.004586781374170235,2026-09-15
SPY260930C00703000,2026-09-14 15:30:48+00:00,703.0,57.48,53.74,57.48,0.0,0.0,153.0,73.0,0.31427687683105465,True,REGULAR,USD,SPY,call,2026-09-30,0.0410958904109589,55.61,0.003892908413122248,0.8901532931827041,163018.2387649989,757.3900146484375,-0.004586781374170235,2026-09-15
SPY260930C00704000,2026-09-10 14:01:19+00:00,704.0,54.76,52.75,56.51,0.0,0.0,42.0,37.0,0.31098101135253897,True,REGULAR,USD,SPY,call,2026-09-30,0.0410958904109589,54.629999999999995,0.003983576996230662,0.8882230177265111,84550.09309737736,757.3900146484375,-0.004586781374170235,2026-09-15
SPY260930C00705000,2026-09-14 14:14:13+00:00,705.0,56.32,51.79,54.4,0.0,0.0,11.0,1040.0,0.26984372741699214,True,REGULAR,USD,SPY,call,2026-09-30,0.0410958904109589,53.095,0.0037787458592586603,0.9143062091054199,2254343.9284878895,757.3900146484375,-0.004586781374170235,2026-09-15
SPY260930C00706000,2026-09-09 13:39:57+00:00,706.0,58.97,50.81,54.56,0.0,0.0,2.0,11.0,0.3039620385742187,True,REGULAR,USD,SPY,call,2026-09-30,0.0410958904109589,52.685,0.004172020131317733,0.8844946995774701,26325.59712613731,757.3900146484375,-0.004586781374170235,2026-09-15
SPY260930C00707000,2026-09-14 15:05:43+00:00,707.0,52.56,49.83,53.58,0.0,0.0,4.0,17.0,0.3002999658203125,True,REGULAR,USD,SPY,call,2026-09-30,0.0410958904109589,51.705,0.004270477038693732,0.8826558732277379,41645.153074181,757.3900146484375,-0.004586781374170235,2026-09-15
SPY260930C00708000,2026-09-14 15:05:20+00:00,708.0,51.88,48.86,52.61,0.0,0.0,2514.0,1271.0,0.29688203124999996,True,REGULAR,USD,SPY,call,2026-09-30,0.0410958904109589,50.735,0.0043736409377764865,0.8805753946423633,3188804.0046219765,757.3900146484375,-0.004586781374170235,2026-09-15
SPY260930C00709000,2026-09-14 15:52:57+00:00,709.0,53.37,47.89,51.64,0.0,0.0,1.0,7.0,0.2934640966796874,True,REGULAR,USD,SPY,call,2026-09-30,0.0410958904109589,49.765,0.004480458368497121,0.8784280495434091,17991.17949966748,757.3900146484375,-0.004586781374170235,2026-09-15
SPY260930C00710000,2026-09-15 15:59:12+00:00,710.0,47.96,47.93,49.5,-4.4900017,-8.560537,203.0,927.0,0.25354750366210943,True,REGULAR,USD,SPY,call,2026-09-30,0.0410958904109589,48.715,0.004317877955860324,0.9057053617092916,2296091.798505083,757.3900146484375,-0.004586781374170235,2026-09-15
SPY260930C00711000,2026-09-10 15:01:38+00:00,711.0,49.48,45.94,49.7,0.0,0.0,198.0,118.0,0.28650615844726557,True,REGULAR,USD,SPY,call,2026-09-30,0.0410958904109589,47.82,0.004705244224062556,0.8740160159633028,318495.5199600266,757.3900146484375,-0.004586781374170235,2026-09-15
SPY260930C00712000,2026-09-09 13:39:55+00:00,712.0,53.16,44.97,48.73,0.0,0.0,2.0,8.0,0.28302718933105464,True,REGULAR,USD,SPY,call,2026-09-30,0.0410958904109589,46.849999999999994,0.00482387049047971,0.8716987982540786,22137.30643213642,757.3900146484375,-0.004586781374170235,2026-09-15
SPY260930C00713000,2026-09-15 18:14:34+00:00,713.0,45.65,44.01,47.77,-4.029999,-8.111914,200.0,173.0,0.27973132385253896,True,REGULAR,USD,SPY,call,2026-09-30,0.0410958904109589,45.89,0.004947556834773695,0.8691543502997664,490993.8419451243,757.3900146484375,-0.004586781374170235,2026-09-15
SPY260930C00714000,2026-09-14 19:53:13+00:00,714.0,48.13,43.05,46.81,0.0,0.0,2.0,11.0,0.2764354583740234,True,REGULAR,USD,SPY,call,2026-09-30,0.0410958904109589,44.93,0.0050757586241863255,0.8665225937591342,32028.21953010125,757.3900146484375,-0.004586781374170235,2026-09-15
SPY260930C00715000,2026-09-15 15:15:23+00:00,715.0,42.79,42.09,45.84,-5.3199997,-11.057992,4.0,2047.0,0.27283442016601556,True,REGULAR,USD,SPY,call,2026-09-30,0.0410958904109589,43.965,0.00520783822315257,0.8640538032885834,6115253.680979721,757.3900146484375,-0.004586781374170235,2026-09-15
SPY260930C00716000,2026-09-14 20:03:30+00:00,716.0,45.67,41.13,44.89,0.0,0.0,198.0,323.0,0.26978269287109374,True,REGULAR,USD,SPY,call,2026-09-30,0.0410958904109589,43.010000000000005,0.005346406307334516,0.8610316935113442,990612.1105249043,757.3900146484375,-0.004586781374170235,2026-09-15
SPY260930C00717000,2026-09-15 14:15:32+00:00,717.0,42.0,40.17,43.93,-3.459999,-7.611085,4.0,174.0,0.26636475830078127,True,REGULAR,USD,SPY,call,2026-09-30,0.0410958904109589,42.05,0.005489239475710452,0.8582172422331836,547899.0866147568,757.3900146484375,-0.004586781374170235,2026-09-15
SPY260930C00718000,2026-09-15 13:35:03+00:00,718.0,41.96,39.22,42.97,-3.209999,-7.106485,2.0,600.0,0.2629468237304688,True,REGULAR,USD,SPY,call,2026-09-30,0.0410958904109589,41.095,0.005637606793174278,0.8553001171056321,1940372.819461547,757.3900146484375,-0.004586781374170235,2026-09-15
SPY260930C00719000,2026-09-11 13:45:24+00:00,719.0,47.21,38.27,42.0,0.0,0.0,2.0,151.0,0.2591931991577149,True,REGULAR,USD,SPY,call,2026-09-30,0.0410958904109589,40.135000000000005,0.005791472642300808,0.8525718243281952,501654.95552729204,757.3900146484375,-0.004586781374170235,2026-09-15
SPY260930C00720000,2026-09-15 14:54:29+00:00,720.0,37.88,37.32,41.06,-5.2700005,-12.213211,3.0,1954.0,0.25617198913574224,True,REGULAR,USD,SPY,call,2026-09-30,0.0410958904109589,39.19,0.005952061332269801,0.8490815909653145,6671617.010667946,757.3900146484375,-0.004586781374170235,2026-09-15
SPY260930C00721000,2026-09-14 15:20:23+00:00,721.0,39.34,36.38,40.1,0.0,0.0,2.0,1265.0,0.25263198547363286,True,REGULAR,USD,SPY,call,2026-09-30,0.0410958904109589,38.24,0.006118720659127952,0.845933432900337,4440074.961742906,757.3900146484375,-0.004586781374170235,2026-09-15
SPY260930C00722000,2026-09-15 18:16:52+00:00,722.0,36.32,35.43,39.15,-6.080002,-14.339626,2.0,485.0,0.24927508544921873,True,REGULAR,USD,SPY,call,2026-09-30,0.0410958904109589,37.29,0.00629206841499371,0.8424935540967144,1750549.214882194,757.3900146484375,-0.004586781374170235,2026-09-15
SPY260930C00723000,2026-09-15 14:45:11+00:00,723.0,35.76,34.49,38.2,-6.66,-15.700142,2.0,557.0,0.2459181854248047,True,REGULAR,USD,SPY,call,2026-09-30,0.0410958904109589,36.345,0.0064723722301438386,0.8389192787414501,2068034.746169247,757.3900146484375,-0.004586781374170235,2026-09-15
SPY260930C00724000,2026-09-11 15:28:36+00:00,724.0,43.17,33.56,37.26,0.0,0.0,200.0,677.0,0.2427138717651367,True,REGULAR,USD,SPY,call,2026-09-30,0.0410958904109589,35.41,0.006659561907284255,0.8350589476355113,2586267.7208029213,757.3900146484375,-0.004586781374170235,2026-09-15
SPY260930C00725000,2026-09-15 17:19:06+00:00,725.0,33.48,32.63,36.3,-4.7299995,-12.378957,6.0,1945.0,0.23899076446533202,True,REGULAR,USD,SPY,call,2026-09-30,0.0410958904109589,34.465,0.006855993107074935,0.8315429339811322,7649430.941438209,757.3900146484375,-0.004586781374170235,2026-09-15
SPY260930C00726000,2026-09-15 14:51:23+00:00,726.0,32.35,31.7,35.37,-3.5600014,-9.913676,2.0,744.0,0.23590851989746092,True,REGULAR,USD,SPY,call,2026-09-30,0.0410958904109589,33.535,0.007058226701440341,0.8272557425177014,3012365.666305703,757.3900146484375,-0.004586781374170235,2026-09-15
SPY260930C00727000,2026-09-15 14:50:40+00:00,727.0,30.25,31.0,34.44,-3.7799988,-11.107842,5.0,796.0,0.23279575805664063,True,REGULAR,USD,SPY,call,2026-09-30,0.0410958904109589,32.72,0.007268453435209403,0.8228258934424533,3318900.4844553657,757.3900146484375,-0.004586781374170235,2026-09-15
SPY260930C00728000,2026-09-15 14:24:47+00:00,728.0,31.42,29.86,33.49,-4.5199986,-12.576512,199.0,674.0,0.2291642025756836,True,REGULAR,USD,SPY,call,2026-09-30,0.0410958904109589,31.675,0.007490544416831711,0.8187297859235254,2896092.5097712893,757.3900146484375,-0.004586781374170235,2026-09-15
SPY260930C00729000,2026-09-15 13:32:34+00:00,729.0,31.75,28.95,32.59,-3.0099983,-8.659373,2.0,564.0,0.22660075164794918,True,REGULAR,USD,SPY,call,2026-09-30,0.0410958904109589,30.770000000000003,0.007713669264167587,0.8133827294467328,2495624.6584686926,757.3900146484375,-0.004586781374170235,2026-09-15
SPY260930C00730000,2026-09-15 17:35:18+00:00,730.0,29.06,28.04,31.66,-4.3599987,-13.046078,1.0,6273.0,0.22327436889648436,True,REGULAR,USD,SPY,call,2026-09-30,0.0410958904109589,29.85,0.007951698476636421,0.8085953448720378,28613721.204561844,757.3900146484375,-0.004586781374170235,2026-09-15
SPY260930C00731000,2026-09-15 13:55:10+00:00,731.0,30.27,27.24,30.68,-1.6800003,-5.258217,1.0,1134.0,0.21881884704589843,True,REGULAR,USD,SPY,call,2026-09-30,0.0410958904109589,28.96,0.008212560809251148,0.8047551462706105,5342331.130008627,757.3900146484375,-0.004586781374170235,2026-09-15
SPY260930C00732000,2026-09-15 14:47:55+00:00,732.0,27.4,26.36,29.83,-5.1900005,-15.925132,2.0,1004.0,0.2171098797607422,True,REGULAR,USD,SPY,call,2026-09-30,0.0410958904109589,28.095,0.00845170546636707,0.7978822879292202,4867626.16577789,757.3900146484375,-0.004586781374170235,2026-09-15
SPY260930C00733000,2026-09-14 19:52:43+00:00,733.0,30.24,25.34,28.91,0.0,0.0,36.0,941.0,0.21381401428222657,True,REGULAR,USD,SPY,call,2026-09-30,0.0410958904109589,27.125,0.008719717801825143,0.7923975807025078,4706859.162817981,757.3900146484375,-0.004586781374170235,2026-09-15
SPY260930C00734000,2026-09-15 15:49:56+00:00,734.0,25.5,24.46,28.02,-4.1499996,-13.996627,9.0,735.0,0.21103694244384763,True,REGULAR,USD,SPY,call,2026-09-30,0.0410958904109589,26.240000000000002,0.008990017784817875,0.7861275236899293,3790417.4280369403,757.3900146484375,-0.004586781374170235,2026-09-15
SPY260930C00735000,2026-09-15 17:35:18+00:00,735.0,24.64,23.58,26.87,-4.25,-14.710973,205.0,1771.0,0.202858313293457,True,REGULAR,USD,SPY,call,2026-09-30,0.0410958904109589,25.225,0.009373403516380984,0.7853038269368044,9522588.660136469,757.3900146484375,-0.004586781374170235,2026-09-15
SPY260930C00736000,2026-09-15 14:51:58+00:00,736.0,23.36,24.4,24.88,-5.209999,-18.235909,2.0,774.0,0.17701018310546873,True,REGULAR,USD,SPY,call,2026-09-30,0.0410958904109589,24.64,0.010122791141896624,0.8056877023014141,4494489.677474304,757.3900146484375,-0.004586781374170235,2026-09-15
SPY260930C00737000,2026-09-15 15:43:37+00:00,737.0,23.43,23.47,24.07,-3.9300003,-14.364036,1.0,599.0,0.17615569946289064,True,REGULAR,USD,SPY,call,2026-09-30,0.0410958904109589,23.77,0.010468528367419853,0.7961933204483034,3597092.5077552237,757.3900146484375,-0.004586781374170235,2026-09-15
SPY260930C00738000,2026-09-15 15:08:00+00:00,738.0,22.2,22.61,23.2,-4.279999,-16.163137,4.0,366.0,0.17389742126464847,True,REGULAR,USD,SPY,call,2026-09-30,0.0410958904109589,22.905,0.01085045486082581,0.7881245660755154,2278075.850714069,757.3900146484375,-0.004586781374170235,2026-09-15
SPY260930C00739000,2026-09-15 17:04:44+00:00,739.0,21.47,21.91,22.21,-4.17,-16.26365,201.0,237.0,0.16901465759277345,True,REGULAR,USD,SPY,call,2026-09-30,0.0410958904109589,22.060000000000002,0.011318816680610822,0.7830441748328008,1538822.4811166388,757.3900146484375,-0.004586781374170235,2026-09-15
SPY260930C00740000,2026-09-15 20:10:57+00:00,740.0,21.18,21.0,21.46,-3.2199993,-13.196719,32.0,2435.0,0.16892310577392583,True,REGULAR,USD,SPY,call,2026-09-30,0.0410958904109589,21.23,0.011667740942281875,0.7713900072813636,16297646.505715864,757.3900146484375,-0.004586781374170235,2026-09-15
SPY260930C00741000,2026-09-15 16:02:59+00:00,741.0,19.76,20.11,20.64,-4.5,-18.549051,3.0,609.0,0.16724465576171876,True,REGULAR,USD,SPY,call,2026-09-30,0.0410958904109589,20.375,0.012068490462071112,0.7613711632558572,4216085.353146577,757.3900146484375,-0.004586781374170235,2026-09-15
SPY260930C00742000,2026-09-15 14:27:18+00:00,742.0,19.15,19.4,19.8,-4.2299995,-18.092384,2.0,1577.0,0.16498637756347656,True,REGULAR,USD,SPY,call,2026-09-30,0.0410958904109589,19.6,0.01250066526881057,0.7516418099922,11308473.112851778,757.3900146484375,-0.004586781374170235,2026-09-15
SPY260930C00743000,2026-09-14 18:44:55+00:00,743.0,22.24,18.48,18.98,0.0,0.0,444.0,931.0,0.16294172027587894,True,REGULAR,USD,SPY,call,2026-09-30,0.0410958904109589,18.73,0.012934751159218272,0.7411853282251211,6907913.795798191,757.3900146484375,-0.004586781374170235,2026-09-15
SPY260930C00744000,2026-09-15 19:58:27+00:00,744.0,17.25,17.81,18.05,-4.41,-20.360111,201.0,700.0,0.15873033660888675,True,REGULAR,USD,SPY,call,2026-09-30,0.0410958904109589,17.93,0.0134944063470974,0.732866834600334,5418648.425328794,757.3900146484375,-0.004586781374170235,2026-09-15
SPY260930C00745000,2026-09-15 19:51:40+00:00,745.0,16.27,17.02,17.24,-4.5599995,-21.8915,85.0,4715.0,0.15659412750244145,True,REGULAR,USD,SPY,call,2026-09-30,0.0410958904109589,17.13,0.013964748067988968,0.7214778301632522,37770605.97552874,757.3900146484375,-0.004586781374170235,2026-09-15
SPY260930C00746000,2026-09-15 16:53:56+00:00,746.0,16.26,16.11,16.55,-3.869999,-19.225033,82.0,791.0,0.1564110238647461,True,REGULAR,USD,SPY,call,2026-09-30,0.0410958904109589,16.33,0.01431487849868583,0.7073237585033971,6495361.0985020045,757.3900146484375,-0.004586781374170235,2026-09-15
SPY260930C00747000,2026-09-15 19:51:40+00:00,747.0,14.76,15.37,15.78,-4.039999,-21.489357,263.0,1189.0,0.154579987487793,True,REGULAR,USD,SPY,call,2026-09-30,0.0410958904109589,15.575,0.014767128823530285,0.6945973098844728,10072031.33924086,757.3900146484375,-0.004586781374170235,2026-09-15
SPY260930C00748000,2026-09-15 18:54:07+00:00,748.0,14.18,14.56,14.96,-4.17,-22.724794,8.0,306.0,0.1516808465576172,True,REGULAR,USD,SPY,call,2026-09-30,0.0410958904109589,14.760000000000002,0.015305913516513722,0.6824465300151819,2686704.0614147815,757.3900146484375,-0.004586781374170235,2026-09-15
SPY260930C00749000,2026-09-15 18:37:33+00:00,749.0,13.51,13.82,14.26,-4.0200005,-22.93212,2.0,315.0,0.15067377655029301,True,REGULAR,USD,SPY,call,2026-09-30,0.0410958904109589,14.04,0.015696192211074326,0.667775475741622,2836246.7573033087,757.3900146484375,-0.004586781374170235,2026-09-15
SPY260930C00750000,2026-09-15 20:10:57+00:00,750.0,13.28,13.13,13.45,-2.0900002,-13.597919,389.0,4993.0,0.1475610147094727,True,REGULAR,USD,SPY,call,2026-09-30,0.0410958904109589,13.29,0.01626958051537561,0.6545703799293248,46599050.95087242,757.3900146484375,-0.004586781374170235,2026-09-15
SPY260930C00751000,2026-09-15 18:49:37+00:00,751.0,11.92,12.41,12.72,-4.0199995,-25.21957,137.0,785.0,0.14557739196777342,True,REGULAR,USD,SPY,call,2026-09-30,0.0410958904109589,12.565000000000001,0.016743115951243184,0.639661240136987,7539544.205238736,757.3900146484375,-0.004586781374170235,2026-09-15
SPY260930C00752000,2026-09-15 19:54:40+00:00,752.0,11.22,11.72,11.99,-3.9299994,-25.94059,99.0,607.0,0.1433801483154297,True,REGULAR,USD,SPY,call,2026-09-30,0.0410958904109589,11.855,0.017234887005230782,0.6243035426944985,6001174.867168222,757.3900146484375,-0.004586781374170235,2026-09-15
SPY260930C00753000,2026-09-15 19:36:16+00:00,753.0,10.51,11.06,11.26,-2.9699993,-22.032637,107.0,438.0,0.14096928375244144,True,REGULAR,USD,SPY,call,2026-09-30,0.0410958904109589,11.16,0.017746715167499878,0.6084288820580787,4458936.0089511145,757.3900146484375,-0.004586781374170235,2026-09-15
SPY260930C00754000,2026-09-15 16:25:51+00:00,754.0,10.3,10.36,10.62,-3.46,-25.145348,82.0,478.0,0.13971807556152344,True,REGULAR,USD,SPY,call,2026-09-30,0.0410958904109589,10.489999999999998,0.018108961959363838,0.5911796205904367,4965472.754916928,757.3900146484375,-0.004586781374170235,2026-09-15
SPY260930C00755000,2026-09-15 20:03:21+00:00,755.0,9.75,9.79,9.92,-2.8999996,-22.9249,359.0,3229.0,0.13727669372558599,True,REGULAR,USD,SPY,call,2026-09-30,0.0410958904109589,9.855,0.018601034328604518,0.5739955304198455,34454368.12027477,757.3900146484375,-0.004586781374170235,2026-09-15
SPY260930C00756000,2026-09-15 20:03:03+00:00,756.0,9.09,9.2,9.28,-1.9899998,-17.960287,213.0,1039.0,0.13553720916748052,True,REGULAR,USD,SPY,call,2026-09-30,0.0410958904109589,9.239999999999998,0.018982394337136572,0.5558365865698347,11313726.841561668,757.3900146484375,-0.004586781374170235,2026-09-15
SPY260930C00757000,2026-09-15 20:14:10+00:00,757.0,8.6,8.57,8.65,-2.7999992,-24.5614,885.0,804.0,0.13364513824462892,True,REGULAR,USD,SPY,call,2026-09-30,0.0410958904109589,8.61,0.01935756022899203,0.5371405806701086,8927828.071473464,757.3900146484375,-0.004586781374170235,2026-09-15
SPY260930C00758000,2026-09-15 20:11:32+00:00,758.0,8.0,7.95,8.04,-1.75,-17.948717,480.0,829.0,0.13178358459472655,False,REGULAR,USD,SPY,call,2026-09-30,0.0410958904109589,7.994999999999999,0.019696770968843393,0.5178485762219481,9366745.402557839,757.3900146484375,-0.004586781374170235,2026-09-15
SPY260930C00759000,2026-09-15 20:05:38+00:00,759.0,7.27,7.38,7.45,-1.7999997,-19.845642,523.0,1646.0,0.12992203094482419,False,REGULAR,USD,SPY,call,2026-09-30,0.0410958904109589,7.415,0.019998755679189108,0.497988991158652,18883041.859603517,757.3900146484375,-0.004586781374170235,2026-09-15
SPY260930C00760000,2026-09-15 20:14:23+00:00,760.0,6.8,6.82,6.89,-1.6300001,-19.335707,1718.0,4023.0,0.12824358093261717,False,REGULAR,USD,SPY,call,2026-09-30,0.0410958904109589,6.855,0.020228905461357388,0.4776332889919995,46683302.06810344,757.3900146484375,-0.004586781374170235,2026-09-15
SPY260930C00761000,2026-09-15 20:00:33+00:00,761.0,6.12,6.27,6.35,-1.7000003,-21.739134,665.0,4990.0,0.12656513092041016,False,REGULAR,USD,SPY,call,2026-09-30,0.0410958904109589,6.31,0.020409116351834105,0.45682726121995215,58420315.42075289,757.3900146484375,-0.004586781374170235,2026-09-15
SPY260930C00762000,2026-09-15 19:35:08+00:00,762.0,5.3,5.75,5.82,-1.9299998,-26.694326,543.0,2283.0,0.1246730599975586,False,REGULAR,USD,SPY,call,2026-09-30,0.0410958904109589,5.785,0.020567912433115433,0.4354872271124417,26936134.776288956,757.3900146484375,-0.004586781374170235,2026-09-15
SPY260930C00763000,2026-09-15 20:00:07+00:00,763.0,5.1,5.26,5.32,-1.6199999,-24.107141,227.0,1032.0,0.12293357543945313,False,REGULAR,USD,SPY,call,2026-09-30,0.0410958904109589,5.29,0.02064094386658409,0.41383182129442886,12219358.322722722,757.3900146484375,-0.004586781374170235,2026-09-15
SPY260930C00764000,2026-09-15 20:12:59+00:00,764.0,4.8,4.78,4.85,-1.5799999,-24.76489,403.0,1196.0,0.1212856427001953,False,REGULAR,USD,SPY,call,2026-09-30,0.0410958904109589,4.8149999999999995,0.02063231761995834,0.39194117031835946,14155276.10032464,757.3900146484375,-0.004586781374170235,2026-09-15
SPY260930C00765000,2026-09-15 20:13:44+00:00,765.0,4.35,4.34,4.4,-1.3200002,-23.280426,360.0,4277.0,0.11963770996093749,False,REGULAR,USD,SPY,call,2026-09-30,0.0410958904109589,4.37,0.02055150237587722,0.36982741055065743,50422221.525000595,757.3900146484375,-0.004586781374170235,2026-09-15
SPY260930C00766000,2026-09-15 19:25:12+00:00,766.0,3.62,3.91,3.98,-1.5500002,-29.98066,451.0,1299.0,0.11808132904052734,False,REGULAR,USD,SPY,call,2026-09-30,0.0410958904109589,3.9450000000000003,0.02038044639583667,0.3476840255977913,15186650.3304877,757.3900146484375,-0.004586781374170235,2026-09-15
SPY260930C00767000,2026-09-15 20:02:31+00:00,767.0,3.45,3.53,3.58,-1.24,-26.439232,294.0,1595.0,0.11646391357421876,False,REGULAR,USD,SPY,call,2026-09-30,0.0410958904109589,3.5549999999999997,0.020138010921859704,0.3254157744537557,18425378.146740116,757.3900146484375,-0.004586781374170235,2026-09-15
SPY260930C00768000,2026-09-15 19:55:04+00:00,768.0,2.86,3.16,3.21,-1.4400003,-33.488377,308.0,1587.0,0.11496856719970702,False,REGULAR,USD,SPY,call,2026-09-30,0.0410958904109589,3.185,0.01979637320067149,0.3033801738405034,18021947.05725578,757.3900146484375,-0.004586781374170235,2026-09-15
SPY260930C00769000,2026-09-15 19:59:14+00:00,769.0,2.67,2.82,2.87,-1.3199999,-33.082706,272.0,2326.0,0.11359528991699218,False,REGULAR,USD,SPY,call,2026-09-30,0.0410958904109589,2.8449999999999998,0.019357881115911694,0.2817292768998386,25828945.6850152,757.3900146484375,-0.004586781374170235,2026-09-15
SPY260930C00770000,2026-09-15 20:14:28+00:00,770.0,2.52,2.52,2.55,-0.95000005,-27.377523,1561.0,5004.0,0.11219149536132811,False,REGULAR,USD,SPY,call,2026-09-30,0.0410958904109589,2.535,0.018842087474165124,0.2603177972541241,54086075.11229395,757.3900146484375,-0.004586781374170235,2026-09-15
SPY260930C00771000,2026-09-15 20:14:39+00:00,771.0,2.23,2.24,2.26,-1.1199999,-33.43283,400.0,1281.0,0.11090976989746093,False,REGULAR,USD,SPY,call,2026-09-30,0.0410958904109589,2.25,0.018236544579430462,0.23954248268648298,13400803.301713593,757.3900146484375,-0.004586781374170235,2026-09-15
SPY260930C00772000,2026-09-15 20:06:08+00:00,772.0,1.92,1.97,1.99,-0.84000003,-30.434782,406.0,1788.0,0.10956700988769531,False,REGULAR,USD,SPY,call,2026-09-30,0.0410958904109589,1.98,0.017561471907840045,0.21914656213127431,18012233.905153397,757.3900146484375,-0.004586781374170235,2026-09-15
SPY260930C00773000,2026-09-15 20:11:26+00:00,773.0,1.72,1.73,1.75,-0.79999995,-31.746029,713.0,2575.0,0.10843787078857423,False,REGULAR,USD,SPY,call,2026-09-30,0.0410958904109589,1.74,0.016805953016547547,0.19981930552677712,24824443.91140485,757.3900146484375,-0.004586781374170235,2026-09-15
SPY260930C00774000,2026-09-15 20:11:26+00:00,774.0,1.51,1.5,1.53,-1.0,-39.840637,110.0,1286.0,0.10730873168945312,False,REGULAR,USD,SPY,call,2026-09-30,0.0410958904109589,1.5150000000000001,0.015992797552316838,0.1812031415951219,11797895.865374692,757.3900146484375,-0.004586781374170235,2026-09-15
SPY260930C00775000,2026-09-15 20:14:36+00:00,775.0,1.31,1.3,1.33,-0.6300001,-32.47423,1068.0,16076.0,0.10614907531738281,False,REGULAR,USD,SPY,call,2026-09-30,0.0410958904109589,1.315,0.015129010637225007,0.1633018608700345,139517175.67532432,757.3900146484375,-0.004586781374170235,2026-09-15
SPY260930C00776000,2026-09-15 20:14:37+00:00,776.0,1.14,1.13,1.15,-0.65999997,-36.666668,168.0,1034.0,0.10505045349121094,False,REGULAR,USD,SPY,call,2026-09-30,0.0410958904109589,1.14,0.014222315240116253,0.14639709308245513,8435872.159330344,757.3900146484375,-0.004586781374170235,2026-09-15
SPY260930C00777000,2026-09-15 20:11:10+00:00,777.0,0.97,0.97,0.99,-0.61,-38.607594,609.0,3509.0,0.10401286621093749,False,REGULAR,USD,SPY,call,2026-09-30,0.0410958904109589,0.98,0.013285144814663391,0.13055026898814082,26741687.61588381,757.3900146484375,-0.004586781374170235,2026-09-15
SPY260930C00778000,2026-09-15 20:05:56+00:00,778.0,0.82,0.84,0.85,-0.60999995,-42.65734,1378.0,1744.0,0.10309734802246093,False,REGULAR,USD,SPY,call,2026-09-30,0.0410958904109589,0.845,0.012333692239432155,0.11594607193319562,12338965.166676128,757.3900146484375,-0.004586781374170235,2026-09-15
SPY260930C00779000,2026-09-15 17:09:14+00:00,779.0,0.69,0.71,0.73,-0.42000002,-37.837837,461.0,1176.0,0.10236493347167967,False,REGULAR,USD,SPY,call,2026-09-30,0.0410958904109589,0.72,0.011388069333104633,0.10273833040214908,7682393.962742052,757.3900146484375,-0.004586781374170235,2026-09-15
SPY260930C00780000,2026-09-15 20:14:33+00:00,780.0,0.62,0.61,0.62,-0.35000002,-36.082478,27369.0,10941.0,0.10144941528320311,False,REGULAR,USD,SPY,call,2026-09-30,0.0410958904109589,0.615,0.010434660679846457,0.09010763827777402,65489925.938261844,757.3900146484375,-0.004586781374170235,2026-09-15
SPY260930C00781000,2026-09-15 19:59:12+00:00,781.0,0.48,0.52,0.53,-0.44000003,-47.82609,276.0,2244.0,0.10090010437011719,False,REGULAR,USD,SPY,call,2026-09-30,0.0410958904109589,0.525,0.009528071841455448,0.07924953778014926,12264985.127000356,757.3900146484375,-0.004586781374170235,2026-09-15
SPY260930C00782000,2026-09-15 19:47:45+00:00,782.0,0.38,0.45,0.46,-0.39,-50.649353,367.0,1415.0,0.10083906982421875,False,REGULAR,USD,SPY,call,2026-09-30,0.0410958904109589,0.455,0.008700186940316584,0.07029480707725777,7061942.4573871065,757.3900146484375,-0.004586781374170235,2026-09-15
SPY260930C00783000,2026-09-15 19:53:21+00:00,783.0,0.32,0.38,0.39,-0.37,-53.623188,332.0,1160.0,0.10022872436523436,False,REGULAR,USD,SPY,call,2026-09-30,0.0410958904109589,0.385,0.007851730982027233,0.061101479572352034,5224714.343317688,757.3900146484375,-0.004586781374170235,2026-09-15
SPY260930C00784000,2026-09-15 20:01:29+00:00,784.0,0.31,0.32,0.33,-0.23000002,-42.592594,247.0,1614.0,0.09974044799804688,False,REGULAR,USD,SPY,call,2026-09-30,0.0410958904109589,0.325,0.007054748603795525,0.05300589776775329,6531669.822260333,757.3900146484375,-0.004586781374170235,2026-09-15
SPY260930C00785000,2026-09-15 19:59:37+00:00,785.0,0.25,0.28,0.29,-0.19,-43.18182,2393.0,5232.0,0.1001066552734375,False,REGULAR,USD,SPY,call,2026-09-30,0.0410958904109589,0.28500000000000003,0.006401742660319272,0.04714327507433133,19213438.642281417,757.3900146484375,-0.004586781374170235,2026-09-15
SPY260930C00786000,2026-09-15 20:08:04+00:00,786.0,0.24,0.23,0.24,-0.17999999,-42.857143,478.0,21515.0,0.09937424072265624,False,REGULAR,USD,SPY,call,2026-09-30,0.0410958904109589,0.235,0.0056656912575773965,0.040155644930717736,69925149.78724268,757.3900146484375,-0.004586781374170235,2026-09-15
SPY260930C00787000,2026-09-15 20:14:13+00:00,787.0,0.2,0.2,0.21,-0.14,-41.17647,988.0,2162.0,0.09974044799804688,False,REGULAR,USD,SPY,call,2026-09-30,0.0410958904109589,0.20500000000000002,0.005106661844363787,0.03551621395082376,6333327.414198463,757.3900146484375,-0.004586781374170235,2026-09-15
SPY260930C00788000,2026-09-15 20:08:47+00:00,788.0,0.17,0.18,0.19,-0.14,-45.16129,91.0,1173.0,0.10071700073242187,False,REGULAR,USD,SPY,call,2026-09-30,0.0410958904109589,0.185,0.004662216718954201,0.032173855793534406,3137109.080437019,757.3900146484375,-0.004586781374170235,2026-09-15
SPY260930C00789000,2026-09-15 18:48:57+00:00,789.0,0.14,0.15,0.16,-0.11999999,-46.153843,103.0,1819.0,0.10035079345703124,False,REGULAR,USD,SPY,call,2026-09-30,0.0410958904109589,0.155,0.0041074416478526395,0.027496637893345454,4285912.019698885,757.3900146484375,-0.004586781374170235,2026-09-15
SPY260930C00790000,2026-09-15 20:11:07+00:00,790.0,0.14,0.13,0.14,-0.08,-36.363636,4388.0,10800.0,0.10083906982421875,False,REGULAR,USD,SPY,call,2026-09-30,0.0410958904109589,0.135,0.003690216277214737,0.024333350756960293,22862026.60966118,757.3900146484375,-0.004586781374170235,2026-09-15
SPY260930C00791000,2026-09-15 20:08:04+00:00,791.0,0.11,0.12,0.13,-0.08,-42.105263,341.0,1470.0,0.10230389892578123,False,REGULAR,USD,SPY,call,2026-09-30,0.0410958904109589,0.125,0.0034100092473294506,0.022536460637116108,2875491.1926142606,757.3900146484375,-0.004586781374170235,2026-09-15
SPY260930C00792000,2026-09-15 18:59:19+00:00,792.0,0.09,0.1,0.11,-0.06999999,-43.749996,62.0,1491.0,0.10205976074218749,False,REGULAR,USD,SPY,call,2026-09-30,0.0410958904109589,0.10500000000000001,0.0029887433011966534,0.019231698141097146,2556262.2668953957,757.3900146484375,-0.004586781374170235,2026-09-15
SPY260930C00793000,2026-09-15 20:13:08+00:00,793.0,0.09,0.09,0.1,-0.08,-47.058823,280.0,1918.0,0.10303631347656249,False,REGULAR,USD,SPY,call,2026-09-30,0.0410958904109589,0.095,0.0027195820138564484,0.01740862464038322,2992195.141084447,757.3900146484375,-0.004586781374170235,2026-09-15
SPY260930C00794000,2026-09-15 19:36:50+00:00,794.0,0.07,0.08,0.09,-0.080000006,-53.333336,474.0,2718.0,0.10401286621093749,False,REGULAR,USD,SPY,call,2026-09-30,0.0410958904109589,0.08499999999999999,0.0024752733488735508,0.01576837885336411,3859328.694431572,757.3900146484375,-0.004586781374170235,2026-09-15
SPY260930C00795000,2026-09-15 19:45:07+00:00,795.0,0.07,0.07,0.08,-0.059999995,-46.153843,358.0,4850.0,0.10450114257812498,False,REGULAR,USD,SPY,call,2026-09-30,0.0410958904109589,0.07500000000000001,0.0022133696332982456,0.01392114509692613,6157931.252910903,757.3900146484375,-0.004586781374170235,2026-09-15
SPY260930C00796000,2026-09-15 19:05:14+00:00,796.0,0.06,0.07,0.08,-0.05,-45.454544,114.0,803.0,0.1069425244140625,False,REGULAR,USD,SPY,call,2026-09-30,0.0410958904109589,0.07500000000000001,0.002128414959185553,0.013664570826131268,980417.3725786315,757.3900146484375,-0.004586781374170235,2026-09-15
SPY260930C00797000,2026-09-15 18:20:06+00:00,797.0,0.06,0.06,0.07,-0.040000003,-40.000004,5.0,882.0,0.10743080078125,False,REGULAR,USD,SPY,call,2026-09-30,0.0410958904109589,0.065,0.0019056584465441003,0.01208853204114148,964168.1910616455,757.3900146484375,-0.004586781374170235,2026-09-15
SPY260930C00798000,2026-09-15 19:39:21+00:00,798.0,0.05,0.06,0.07,-0.05,-50.0,50.0,1176.0,0.10938390625,False,REGULAR,USD,SPY,call,2026-09-30,0.0410958904109589,0.065,0.0018054905214032989,0.011597496201851848,1217984.2847545526,757.3900146484375,-0.004586781374170235,2026-09-15
SPY260930C00799000,2026-09-15 19:04:51+00:00,799.0,0.05,0.05,0.06,-0.02,-28.571428,241.0,1166.0,0.1098721826171875,False,REGULAR,USD,SPY,call,2026-09-30,0.0410958904109589,0.055,0.001617370544059228,0.010272419508098606,1081800.6300732922,757.3900146484375,-0.004586781374170235,2026-09-15
SPY260930C00800000,2026-09-15 20:13:58+00:00,800.0,0.05,0.05,0.06,-0.02,-28.571428,2906.0,60227.0,0.11182528808593749,False,REGULAR,USD,SPY,call,2026-09-30,0.0410958904109589,0.055,0.0015370924091811205,0.009887923993772684,53104381.97621413,757.3900146484375,-0.004586781374170235,2026-09-15
SPY260930C00801000,2026-09-15 17:29:12+00:00,801.0,0.06,0.05,0.06,-0.02,-25.0,4.0,1738.0,0.11426666992187501,False,REGULAR,USD,SPY,call,2026-09-30,0.0410958904109589,0.055,0.0014915176679672693,0.009792139945198803,1487021.7629849273,757.3900146484375,-0.004586781374170235,2026-09-15
SPY260930C00802000,2026-09-15 16:10:46+00:00,802.0,0.05,0.04,0.05,-0.029999997,-37.499996,84.0,817.0,0.1137783935546875,False,REGULAR,USD,SPY,call,2026-09-30,0.0410958904109589,0.045,0.0012867726523230563,0.008232816635716534,603063.4794462748,757.3900146484375,-0.004586781374170235,2026-09-15
SPY260930C00803000,2026-09-14 19:18:10+00:00,803.0,0.06,0.04,0.05,0.0,0.0,3.0,3059.0,0.1157314990234375,False,REGULAR,USD,SPY,call,2026-09-30,0.0410958904109589,0.045,0.0012283532833178912,0.00796157882471036,2155469.6802260955,757.3900146484375,-0.004586781374170235,2026-09-15
SPY260930C00804000,2026-09-15 19:15:18+00:00,804.0,0.03,0.04,0.05,-0.03,-50.0,15.0,749.0,0.118172880859375,False,REGULAR,USD,SPY,call,2026-09-30,0.0410958904109589,0.045,0.0011981745060638178,0.007925450613906848,514802.9687193098,757.3900146484375,-0.004586781374170235,2026-09-15
SPY260930C00805000,2026-09-15 18:21:01+00:00,805.0,0.03,0.04,0.05,-0.020000001,-40.000004,15.0,4613.0,0.12012598632812499,False,REGULAR,USD,SPY,call,2026-09-30,0.0410958904109589,0.045,0.0011465658245659884,0.007680388063888693,3034042.0641492256,757.3900146484375,-0.004586781374170235,2026-09-15
SPY260930C00806000,2026-09-15 15:09:52+00:00,806.0,0.05,0.03,0.04,0.0,0.0,2.0,1234.0,0.11914943359374999,False,REGULAR,USD,SPY,call,2026-09-30,0.0410958904109589,0.035,0.0009696448850971342,0.0062939332215508235,686383.7938004042,757.3900146484375,-0.004586781374170235,2026-09-15
SPY260930C00807000,2026-09-15 17:04:09+00:00,807.0,0.04,0.03,0.04,-0.010000002,-20.000002,201.0,2417.0,0.1211025390625,False,REGULAR,USD,SPY,call,2026-09-30,0.0410958904109589,0.035,0.0009307506587455808,0.00612097352504414,1290473.684940757,757.3900146484375,-0.004586781374170235,2026-09-15
SPY260930C00808000,2026-09-10 15:13:54+00:00,808.0,0.06,0.03,0.04,0.0,0.0,1.0,619.0,0.12305564453125001,False,REGULAR,USD,SPY,call,2026-09-30,0.0410958904109589,0.035,0.0008944188833572284,0.005958676792252283,317592.88099207263,757.3900146484375,-0.004586781374170235,2026-09-15
SPY260930C00809000,2026-09-15 19:38:11+00:00,809.0,0.03,0.03,0.04,-0.020000001,-40.000004,6524.0,1134.0,0.12549702636718751,False,REGULAR,USD,SPY,call,2026-09-30,0.0410958904109589,0.035,0.0008787652809115342,0.005972059312443141,571643.2700134296,757.3900146484375,-0.004586781374170235,2026-09-15
SPY260930C00810000,2026-09-15 19:38:19+00:00,810.0,0.03,0.03,0.04,-0.01,-25.0,6833.0,7150.0,0.1274501318359375,False,REGULAR,USD,SPY,call,2026-09-30,0.0410958904109589,0.035,0.0008461266934096612,0.005823078011453055,3470408.419834174,757.3900146484375,-0.004586781374170235,2026-09-15
SPY260930C00811000,2026-09-15 13:30:00+00:00,811.0,0.03,0.03,0.04,-0.01,-25.0,1.0,1807.0,0.129891513671875,False,REGULAR,USD,SPY,call,2026-09-30,0.0410958904109589,0.035,0.0008324235344515585,0.005840476001580538,862862.6153008037,757.3900146484375,-0.004586781374170235,2026-09-15
SPY260930C00812000,2026-09-14 13:53:19+00:00,812.0,0.05,0.02,0.04,0.0,0.0,2.0,760.0,0.131844619140625,False,REGULAR,USD,SPY,call,2026-09-30,0.0410958904109589,0.03,0.0008029621248732475,0.005703184791350682,350064.283741856,757.3900146484375,-0.004586781374170235,2026-09-15
SPY260930C00813000,2026-09-15 18:48:34+00:00,813.0,0.03,0.02,0.03,-0.03,-50.0,1.0,393.0,0.129891513671875,False,REGULAR,USD,SPY,call,2026-09-30,0.0410958904109589,0.025,0.0006546456962040162,0.004459044276559101,147583.57207946174,757.3900146484375,-0.004586781374170235,2026-09-15
SPY260930C00814000,2026-09-15 15:48:11+00:00,814.0,0.03,0.02,0.03,-0.01,-25.0,2656.0,1072.0,0.131844619140625,False,REGULAR,USD,SPY,call,2026-09-30,0.0410958904109589,0.025,0.0006334684458450599,0.004370300761146698,389546.15535607934,757.3900146484375,-0.004586781374170235,2026-09-15
SPY260930C00815000,2026-09-15 16:33:16+00:00,815.0,0.02,0.02,0.03,-0.030000001,-60.0,2762.0,1693.0,0.133797724609375,False,REGULAR,USD,SPY,call,2026-09-30,0.0410958904109589,0.025,0.0006135038041161277,0.004286435400153968,595817.6556231158,757.3900146484375,-0.004586781374170235,2026-09-15
SPY260930C00816000,2026-09-14 19:01:56+00:00,816.0,0.03,0.02,0.03,0.0,0.0,29.0,1767.0,0.13575083007812502,False,REGULAR,USD,SPY,call,2026-09-30,0.0410958904109589,0.025,0.0005946611207980079,0.004207112154343571,602761.1389495945,757.3900146484375,-0.004586781374170235,2026-09-15
SPY260930C00817000,2026-09-11 13:56:37+00:00,817.0,0.04,0.02,0.03,0.0,0.0,1.0,774.0,0.13770393554687502,False,REGULAR,USD,SPY,call,2026-09-30,0.0410958904109589,0.025,0.000576857977631266,0.00413202385429827,256123.25587769249,757.3900146484375,-0.004586781374170235,2026-09-15
SPY260930C00818000,2026-09-15 17:04:09+00:00,818.0,0.02,0.02,0.03,-0.030000001,-60.0,200.0,315.0,0.139657041015625,False,REGULAR,USD,SPY,call,2026-09-30,0.0410958904109589,0.025,0.0005600193189061913,0.004060889278921608,101193.52234704686,757.3900146484375,-0.004586781374170235,2026-09-15
SPY260930C00819000,2026-09-09 18:08:40+00:00,819.0,0.05,0.02,0.03,0.0,0.0,20.0,2015.0,0.141610146484375,False,REGULAR,USD,SPY,call,2026-09-30,0.0410958904109589,0.025,0.0005440766859134424,0.003993450571451174,628889.4615322807,757.3900146484375,-0.004586781374170235,2026-09-15
SPY260930C00820000,2026-09-14 20:10:37+00:00,820.0,0.02,0.02,0.03,0.0,0.0,512.0,2911.0,0.143563251953125,False,REGULAR,USD,SPY,call,2026-09-30,0.0410958904109589,0.025,0.0005289675414918954,0.003929470949424977,883304.3706690915,757.3900146484375,-0.004586781374170235,2026-09-15
SPY260930C00821000,2026-09-09 17:45:17+00:00,821.0,0.05,0.02,0.03,0.0,0.0,16.0,713.0,0.145516357421875,False,REGULAR,USD,SPY,call,2026-09-30,0.0410958904109589,0.025,0.0005146346729045839,0.00386873267122383,210488.18488250262,757.3900146484375,-0.004586781374170235,2026-09-15
SPY260930C00822000,2026-09-08 16:01:47+00:00,822.0,0.06,0.02,0.03,0.0,0.0,31.0,201.0,0.147469462890625,False,REGULAR,USD,SPY,call,2026-09-30,0.0410958904109589,0.025,0.0005010256629553523,0.0038110352270405035,57769.043791505675,757.3900146484375,-0.004586781374170235,2026-09-15
SPY260930C00823000,2026-09-15 19:38:16+00:00,823.0,0.02,0.02,0.03,-0.02,-50.0,98.0,122.0,0.149422568359375,False,REGULAR,USD,SPY,call,2026-09-30,0.0410958904109589,0.025,0.000488092420680655,0.003756193726559803,34158.677239224555,757.3900146484375,-0.004586781374170235,2026-09-15
SPY260930C00824000,2026-09-11 14:09:06+00:00,824.0,0.03,0.02,0.03,0.0,0.0,1850.0,3731.0,0.15137567382812503,False,REGULAR,USD,SPY,call,2026-09-30,0.0410958904109589,0.025,0.00047579076415593837,0.0037040374594029995,1018310.9334481246,757.3900146484375,-0.004586781374170235,2026-09-15
SPY260930C00825000,2026-09-15 15:39:39+00:00,825.0,0.02,0.01,0.03,0.0,0.0,486.0,42339.0,0.15332877929687502,False,REGULAR,USD,SPY,call,2026-09-30,0.0410958904109589,0.02,0.00046408004897953247,0.003654408607601185,11271264.58880239,757.3900146484375,-0.004586781374170235,2026-09-15
SPY260930C00826000,2026-09-14 15:11:24+00:00,826.0,0.04,0.01,0.02,0.0,0.0,6.0,13922.0,0.148446015625,False,REGULAR,USD,SPY,call,2026-09-30,0.0410958904109589,0.015,0.00033585514902465365,0.002462271674481363,2682210.081709743,757.3900146484375,-0.004586781374170235,2026-09-15
SPY260930C00827000,2026-09-15 14:36:48+00:00,827.0,0.02,0.01,0.02,-0.02,-50.0,1.0,215.0,0.15039912109375003,False,REGULAR,USD,SPY,call,2026-09-30,0.0410958904109589,0.015,0.00032891649004996963,0.0024411176523873963,40566.100038746845,757.3900146484375,-0.004586781374170235,2026-09-15
SPY260930C00828000,2026-09-15 14:36:52+00:00,828.0,0.02,0.01,0.02,-0.02,-50.0,1.0,1453.0,0.15235222656250003,False,REGULAR,USD,SPY,call,2026-09-30,0.0410958904109589,0.015,0.0003222851964995891,0.0024210594217765787,268624.1919591806,757.3900146484375,-0.004586781374170235,2026-09-15
SPY260930C00829000,2026-09-11 20:00:59+00:00,829.0,0.03,0.01,0.02,0.0,0.0,1026.0,1298.0,0.15430533203125002,False,REGULAR,USD,SPY,call,2026-09-30,0.0410958904109589,0.015,0.00031594305934517727,0.0024020391059099465,235246.22440261787,757.3900146484375,-0.004586781374170235,2026-09-15
SPY260930C00830000,2026-09-15 15:48:08+00:00,830.0,0.02,0.01,0.02,-0.01,-33.333336,84.0,2213.0,0.1562584375,False,REGULAR,USD,SPY,call,2026-09-30,0.0410958904109589,0.015,0.00030987321243378205,0.0023840028292440377,393373.0459956833,757.3900146484375,-0.004586781374170235,2026-09-15
SPY260930C00831000,2026-09-15 15:48:21+00:00,831.0,0.02,0.01,0.02,-0.01,-33.333336,18.0,190.0,0.15821154296875,False,REGULAR,USD,SPY,call,2026-09-30,0.0410958904109589,0.015,0.0003040600152728006,0.002366900386269621,33139.96643297871,757.3900146484375,-0.004586781374170235,2026-09-15
SPY260930C00832000,2026-08-26 17:19:10+00:00,832.0,0.11,0.01,0.02,0.0,0.0,2.0,401.0,0.1601646484375,False,REGULAR,USD,SPY,call,2026-09-30,0.0410958904109589,0.015,0.00029848894754811193,0.00235068494207147,68661.26137505297,757.3900146484375,-0.004586781374170235,2026-09-15
SPY260930C00833000,2026-09-15 14:24:45+00:00,833.0,0.01,0.01,0.02,-0.1,-90.90909,1.0,198.0,0.16211775390625,False,REGULAR,USD,SPY,call,2026-09-30,0.0410958904109589,0.015,0.00029314651405764735,0.0023353127611770853,33295.77090519987,757.3900146484375,-0.004586781374170235,2026-09-15
SPY260930C00834000,2026-09-09 20:06:45+00:00,834.0,0.03,0.01,0.02,0.0,0.0,30.0,431.0,0.16407085937500002,False,REGULAR,USD,SPY,call,2026-09-30,0.0410958904109589,0.015,0.0002880201589059289,0.0023207429616731333,71209.72458638495,757.3900146484375,-0.004586781374170235,2026-09-15
SPY260930C00835000,2026-09-15 16:33:45+00:00,835.0,0.02,0.01,0.02,0.0,0.0,41.0,1063.0,0.16602396484375004,False,REGULAR,USD,SPY,call,2026-09-30,0.0410958904109589,0.015,0.00028309818794660253,0.0023069372919281377,172627.3104847147,757.3900146484375,-0.004586781374170235,2026-09-15
SPY260930C00836000,2026-09-11 15:33:49+00:00,836.0,0.03,0.01,0.02,0.0,0.0,87.0,136.0,0.16797707031250003,False,REGULAR,USD,SPY,call,2026-09-30,0.0410958904109589,0.015,0.00027836969858225,0.0022938599275698006,21717.009324499173,757.3900146484375,-0.004586781374170235,2026-09-15
SPY260930C00837000,2026-09-03 18:00:54+00:00,837.0,0.06,0.01,0.02,0.0,0.0,4.0,372.0,0.16993017578125003,False,REGULAR,USD,SPY,call,2026-09-30,0.0410958904109589,0.015,0.00027382451613725743,0.002281477286638672,58432.49345025434,757.3900146484375,-0.004586781374170235,2026-09-15
SPY260930C00838000,2026-09-08 15:03:21+00:00,838.0,0.04,0.01,0.02,0.0,0.0,1.0,727.0,0.17090672851562502,False,REGULAR,USD,SPY,call,2026-09-30,0.0410958904109589,0.015,0.0002586231512233409,0.0021557130391129686,107855.16814746187,757.3900146484375,-0.004586781374170235,2026-09-15
SPY260930C00839000,2026-09-10 14:06:43+00:00,839.0,0.02,0.01,0.02,0.0,0.0,96.0,738.0,0.17285983398437502,False,REGULAR,USD,SPY,call,2026-09-30,0.0410958904109589,0.015,0.000254689707845288,0.0021463120102686735,107821.88181880108,757.3900146484375,-0.004586781374170235,2026-09-15
SPY260930C00840000,2026-09-08 20:01:46+00:00,840.0,0.03,0.01,0.02,0.0,0.0,2.0,638.0,0.17383638671875,False,REGULAR,USD,SPY,call,2026-09-30,0.0410958904109589,0.015,0.00024083359733697231,0.002030536776133812,88140.78249518933,757.3900146484375,-0.004586781374170235,2026-09-15
SPY260930C00841000,2026-09-03 15:07:43+00:00,841.0,0.05,0.01,0.02,0.0,0.0,1.0,107.0,0.1757894921875,False,REGULAR,USD,SPY,call,2026-09-30,0.0410958904109589,0.015,0.0002374278851428641,0.002023681535422341,14573.190836763943,757.3900146484375,-0.004586781374170235,2026-09-15
SPY260930C00842000,2026-09-11 20:00:37+00:00,842.0,0.02,0.01,0.02,0.0,0.0,69.0,1546.0,0.17774259765625,False,REGULAR,USD,SPY,call,2026-09-30,0.0410958904109589,0.015,0.0002341441127907133,0.0020172757941100106,207649.9746370194,757.3900146484375,-0.004586781374170235,2026-09-15
SPY260930C00843000,2026-09-11 20:00:59+00:00,843.0,0.02,0.01,0.02,0.0,0.0,17.0,973.0,0.179695703125,False,REGULAR,USD,SPY,call,2026-09-30,0.0410958904109589,0.015,0.00023097644726425808,0.002011301277572779,128919.81913015041,757.3900146484375,-0.004586781374170235,2026-09-15
SPY260930C00844000,2026-09-10 19:00:07+00:00,844.0,0.02,0.01,0.02,0.0,0.0,243.0,227.0,0.18164880859375,False,REGULAR,USD,SPY,call,2026-09-30,0.0410958904109589,0.015,0.00022791940785676796,0.002005740747053131,29678.798509871347,757.3900146484375,-0.004586781374170235,2026-09-15
SPY260930C00845000,2026-09-15 15:17:50+00:00,845.0,0.01,0.01,0.02,-0.01,-50.0,1.0,2255.0,0.18360191406249998,False,REGULAR,USD,SPY,call,2026-09-30,0.0410958904109589,0.015,0.00022496784073461405,0.002000577928927805,291008.8095925379,757.3900146484375,-0.004586781374170235,2026-09-15
SPY260930C00846000,2026-09-10 19:59:43+00:00,846.0,0.02,0.01,0.02,0.0,0.0,1418.0,1007.0,0.18555501953124998,False,REGULAR,USD,SPY,call,2026-09-30,0.0410958904109589,0.015,0.00022211689562335292,0.001995797449606735,128306.96015824754,757.3900146484375,-0.004586781374170235,2026-09-15
SPY260930C00847000,2026-09-10 19:59:56+00:00,847.0,0.02,0.01,0.02,0.0,0.0,208.0,868.0,0.187508125,False,REGULAR,USD,SPY,call,2026-09-30,0.0410958904109589,0.015,0.00021936200441636128,0.0019913847755539276,109224.55431161396,757.3900146484375,-0.004586781374170235,2026-09-15
SPY260930C00848000,2026-09-11 14:20:03+00:00,848.0,0.01,0.01,0.02,0.0,0.0,1.0,935.0,0.18946123046875002,False,REGULAR,USD,SPY,call,2026-09-30,0.0410958904109589,0.015,0.0002166988615269032,0.001987326157971779,116227.0970581541,757.3900146484375,-0.004586781374170235,2026-09-15
SPY260930C00849000,2026-09-11 18:05:00+00:00,849.0,0.02,0.01,0.02,0.0,0.0,331.0,866.0,0.1914143359375,False,REGULAR,USD,SPY,call,2026-09-30,0.0410958904109589,0.015,0.00021412340582305716,0.001983608581736285,106370.4961330702,757.3900146484375,-0.004586781374170235,2026-09-15
SPY260930C00850000,2026-09-15 15:21:29+00:00,850.0,0.01,0.01,0.02,0.0,0.0,2.0,5968.0,0.19336744140625,False,REGULAR,USD,SPY,call,2026-09-30,0.0410958904109589,0.015,0.00021163180400140706,0.001980219718211731,724517.5314070922,757.3900146484375,-0.004586781374170235,2026-09-15
SPY260930C00851000,2026-08-31 16:40:32+00:00,851.0,0.03,0.01,0.02,0.0,0.0,15.0,56.0,0.194343994140625,False,REGULAR,USD,SPY,call,2026-09-30,0.0410958904109589,0.015,0.00020154064821428078,0.0018869700039801617,6474.255409218261,757.3900146484375,-0.004586781374170235,2026-09-15
SPY260930C00852000,2026-09-01 18:14:26+00:00,852.0,0.02,0.01,0.02,0.0,0.0,6.0,653.0,0.195320546875,False,REGULAR,USD,SPY,call,2026-09-30,0.0410958904109589,0.015,0.0001919961624760684,0.0017988079122379012,71919.20530328425,757.3900146484375,-0.004586781374170235,2026-09-15
SPY260930C00853000,2026-09-01 19:35:48+00:00,853.0,0.02,0.01,0.02,0.0,0.0,1147.0,1443.0,0.19727365234375,False,REGULAR,USD,SPY,call,2026-09-30,0.0410958904109589,0.015,0.0001900327702345586,0.001798157326635815,157301.90448770477,757.3900146484375,-0.004586781374170235,2026-09-15
SPY260930C00854000,2026-09-09 15:38:58+00:00,854.0,0.03,0.01,0.02,0.0,0.0,2.0,1275.0,0.1992267578125,False,REGULAR,USD,SPY,call,2026-09-30,0.0410958904109589,0.015,0.00018812987081957806,0.0017977378599827397,137596.4066271574,757.3900146484375,-0.004586781374170235,2026-09-15
SPY260930C00855000,2026-09-15 19:32:07+00:00,855.0,0.01,0.01,0.02,-0.04,-80.00001,111.0,347.0,0.20117986328124998,False,REGULAR,USD,SPY,call,2026-09-30,0.0410958904109589,0.015,0.0001862850134907113,0.0017975421865843847,37080.58205328994,757.3900146484375,-0.004586781374170235,2026-09-15
SPY260930C00856000,2026-09-15 19:32:09+00:00,856.0,0.01,0.0,0.01,-0.01,-50.0,112.0,474.0,0.1914143359375,False,REGULAR,USD,SPY,call,2026-09-30,0.0410958904109589,0.005,0.00011381471730766206,0.0009928429844374448,30946.811953405344,757.3900146484375,-0.004586781374170235,2026-09-15
SPY260930C00857000,2026-09-01 14:39:40+00:00,857.0,0.02,0.0,0.01,0.0,0.0,600.0,1273.0,0.1914143359375,False,REGULAR,USD,SPY,call,2026-09-30,0.0410958904109589,0.005,0.00010365570586474087,0.0008967528037292868,75693.87999299081,757.3900146484375,-0.004586781374170235,2026-09-15
SPY260930C00858000,2026-09-08 18:13:25+00:00,858.0,0.02,0.0,0.01,0.0,0.0,20.0,1124.0,0.195320546875,False,REGULAR,USD,SPY,call,2026-09-30,0.0410958904109589,0.005,0.00011281751340866428,0.001005253712993847,72741.45517767032,757.3900146484375,-0.004586781374170235,2026-09-15
SPY260930C00859000,2026-08-21 20:12:46+00:00,859.0,0.04,0.0,0.01,0.0,0.0,24.0,860.0,0.195320546875,False,REGULAR,USD,SPY,call,2026-09-30,0.0410958904109589,0.005,0.0001029739790585563,0.0009101245964860098,50800.16189206691,757.3900146484375,-0.004586781374170235,2026-09-15
SPY260930C00860000,2026-09-10 13:30:04+00:00,860.0,0.01,0.0,0.01,0.0,0.0,3.0,801.0,0.1992267578125,False,REGULAR,USD,SPY,call,2026-09-30,0.0410958904109589,0.005,0.0001118741316563987,0.0010178251345156473,51404.524211804935,757.3900146484375,-0.004586781374170235,2026-09-15
SPY260930C00865000,2026-09-11 13:34:56+00:00,865.0,0.02,0.0,0.01,0.0,0.0,10.0,3582.0,0.20703917968749996,False,REGULAR,USD,SPY,call,2026-09-30,0.0410958904109589,0.005,0.00010114124253774069,0.0009509456221789104,207822.7161143868,757.3900146484375,-0.004586781374170235,2026-09-15
SPY260930C00870000,2026-09-10 20:04:14+00:00,870.0,0.02,0.0,0.01,0.0,0.0,59.0,1404.0,0.2148516015625,False,REGULAR,USD,SPY,call,2026-09-30,0.0410958904109589,0.005,9.218861882220162e-05,0.0008950655624072766,74247.79600385392,757.3900146484375,-0.004586781374170235,2026-09-15
SPY260930C00875000,2026-09-03 18:48:40+00:00,875.0,0.03,0.0,0.01,0.0,0.0,30.0,726.0,0.22266402343749997,False,REGULAR,USD,SPY,call,2026-09-30,0.0410958904109589,0.005,8.465363694518365e-05,0.0008481065935088905,35255.054651738305,757.3900146484375,-0.004586781374170235,2026-09-15
SPY260930C00880000,2026-09-11 18:01:05+00:00,880.0,0.01,0.0,0.01,0.0,0.0,8.0,995.0,0.2304764453125,False,REGULAR,USD,SPY,call,2026-09-30,0.0410958904109589,0.005,7.826010813603978e-05,0.000808464449917721,44668.63431153506,757.3900146484375,-0.004586781374170235,2026-09-15
SPY260930C00885000,2026-09-10 14:06:20+00:00,885.0,0.01,0.0,0.01,0.0,0.0,63.0,624.0,0.23828886718749998,False,REGULAR,USD,SPY,call,2026-09-30,0.0410958904109589,0.005,7.27950862631894e-05,0.0007748862101067236,26057.08351712785,757.3900146484375,-0.004586781374170235,2026-09-15
SPY260930C00890000,2026-09-10 18:31:59+00:00,890.0,0.01,0.0,0.01,0.0,0.0,83.0,625.0,0.2461012890625,False,REGULAR,USD,SPY,call,2026-09-30,0.0410958904109589,0.005,6.809251763432113e-05,0.0007463827392781533,24412.85432098761,757.3900146484375,-0.004586781374170235,2026-09-15
SPY260930C00895000,2026-08-26 14:21:22+00:00,895.0,0.02,0.0,0.01,0.0,0.0,1.0,4431.0,0.25391371093750004,False,REGULAR,USD,SPY,call,2026-09-30,0.0410958904109589,0.005,6.402154938966495e-05,0.000722165353759719,162729.7962289903,757.3900146484375,-0.004586781374170235,2026-09-15
SPY260930C00900000,2026-09-10 19:53:53+00:00,900.0,0.01,0.0,0.01,0.0,0.0,2.0,6856.0,0.2617261328125,False,REGULAR,USD,SPY,call,2026-09-30,0.0410958904109589,0.005,6.0478057841443175e-05,0.0007015994058751857,237852.54089728254,757.3900146484375,-0.004586781374170235,2026-09-15
SPY260930P00375000,2026-09-08 19:35:26+00:00,375.0,0.01,0.0,0.01,0.0,0.0,50.0,15561.0,0.937500625,False,REGULAR,USD,SPY,put,2026-09-30,0.0410958904109589,0.005,2.0095947882795217e-06,-7.16430149449998e-05,-17938.459677364546,757.3900146484375,-0.004586781374170235,2026-09-15
SPY260930P00380000,2026-09-10 18:03:45+00:00,380.0,0.02,0.0,0.01,0.0,0.0,120.0,11609.0,0.937500625,False,REGULAR,USD,SPY,put,2026-09-30,0.0410958904109589,0.005,2.6130201878700577e-06,-9.470661383881307e-05,-17401.100949040327,757.3900146484375,-0.004586781374170235,2026-09-15
SPY260930P00385000,2026-09-10 19:52:49+00:00,385.0,0.01,0.0,0.01,0.0,0.0,340.0,9275.0,0.9062509375,False,REGULAR,USD,SPY,put,2026-09-30,0.0410958904109589,0.005,2.230666178265602e-06,-7.721081498945903e-05,-11868.276372441716,757.3900146484375,-0.004586781374170235,2026-09-15
SPY260930P00390000,2026-09-09 19:58:00+00:00,390.0,0.01,0.0,0.01,0.0,0.0,50.0,1739.0,0.8906260937499999,False,REGULAR,USD,SPY,put,2026-09-30,0.0410958904109589,0.005,2.341962566059374e-06,-7.982158676511641e-05,-2336.24659429906,757.3900146484375,-0.004586781374170235,2026-09-15
SPY260930P00395000,2026-09-09 19:59:02+00:00,395.0,0.01,0.0,0.01,0.0,0.0,1.0,3683.0,0.87500125,False,REGULAR,USD,SPY,put,2026-09-30,0.0410958904109589,0.005,2.4530377842176725e-06,-8.228839181745329e-05,-5182.569165657223,757.3900146484375,-0.004586781374170235,2026-09-15
SPY260930P00400000,2026-09-14 13:35:22+00:00,400.0,0.01,0.0,0.01,0.0,0.0,32.0,10009.0,0.85937640625,False,REGULAR,USD,SPY,put,2026-09-30,0.0410958904109589,0.005,2.5632831722918414e-06,-8.458928408150435e-05,-14717.241822724303,757.3900146484375,-0.004586781374170235,2026-09-15
SPY260930P00405000,2026-09-15 15:59:49+00:00,405.0,0.01,0.0,0.01,0.0,0.0,50.0,9882.0,0.8437515624999999,False,REGULAR,USD,SPY,put,2026-09-30,0.0410958904109589,0.005,2.6720390369969338e-06,-8.670206930994073e-05,-15147.00603536608,757.3900146484375,-0.004586781374170235,2026-09-15
SPY260930P00410000,2026-09-15 14:29:59+00:00,410.0,0.01,0.0,0.01,0.0,0.0,240.0,2286.0,0.8281267187499999,False,REGULAR,USD,SPY,put,2026-09-30,0.0410958904109589,0.005,2.7785941814181877e-06,-8.8604477372356e-05,-3643.682260652518,757.3900146484375,-0.004586781374170235,2026-09-15
SPY260930P00415000,2026-09-15 18:39:50+00:00,415.0,0.01,0.0,0.01,0.0,0.0,1157.0,2380.0,0.8125018749999999,False,REGULAR,USD,SPY,put,2026-09-30,0.0410958904109589,0.005,2.882185903786092e-06,-9.027435506370196e-05,-3934.9398413669196,757.3900146484375,-0.004586781374170235,2026-09-15
SPY260930P00420000,2026-09-14 19:56:06+00:00,420.0,0.01,0.01,0.02,0.0,0.0,450.0,670.0,0.85937640625,False,REGULAR,USD,SPY,put,2026-09-30,0.0410958904109589,0.015,7.066731840945323e-06,-0.0002497494630796515,-2716.0175041358248,757.3900146484375,-0.004586781374170235,2026-09-15
SPY260930P00425000,2026-09-04 19:12:22+00:00,425.0,0.02,0.01,0.02,0.0,0.0,15.0,3338.0,0.8437515624999999,False,REGULAR,USD,SPY,put,2026-09-30,0.0410958904109589,0.015,7.398630942680303e-06,-0.00025723969407942526,-14166.965851090248,757.3900146484375,-0.004586781374170235,2026-09-15
SPY260930P00430000,2026-09-15 14:04:09+00:00,430.0,0.02,0.01,0.02,-0.01,-33.333336,2.0,456.0,0.8281267187499999,False,REGULAR,USD,SPY,put,2026-09-30,0.0410958904109589,0.015,7.732588663475329e-06,-0.00026436283676734007,-2022.6880158591698,757.3900146484375,-0.004586781374170235,2026-09-15
SPY260930P00435000,2026-09-10 17:45:18+00:00,435.0,0.02,0.01,0.02,0.0,0.0,5.0,150704.0,0.8125018749999999,False,REGULAR,USD,SPY,put,2026-09-30,0.0410958904109589,0.015,8.06731430870348e-06,-0.00027106533473264527,-697417.6072467936,757.3900146484375,-0.004586781374170235,2026-09-15
SPY260930P00440000,2026-09-02 20:01:56+00:00,440.0,0.03,0.01,0.02,0.0,0.0,24.0,1015.0,0.79687703125,False,REGULAR,USD,SPY,put,2026-09-30,0.0410958904109589,0.015,8.401380204474683e-06,-0.00027729222768146933,-4891.655138039334,757.3900146484375,-0.004586781374170235,2026-09-15
SPY260930P00445000,2026-09-11 13:31:46+00:00,445.0,0.01,0.01,0.02,0.0,0.0,12.0,592.0,0.7812521875,False,REGULAR,USD,SPY,put,2026-09-30,0.0410958904109589,0.015,8.733213527899297e-06,-0.0002829873955734197,-2965.752709273474,757.3900146484375,-0.004586781374170235,2026-09-15
SPY260930P00450000,2026-09-15 19:57:25+00:00,450.0,0.02,0.01,0.02,0.0,0.0,4.0,11297.0,0.7656273437500001,False,REGULAR,USD,SPY,put,2026-09-30,0.0410958904109589,0.015,9.06108814136198e-06,-0.0002880938451977899,-58719.53855283887,757.3900146484375,-0.004586781374170235,2026-09-15
SPY260930P00455000,2026-09-15 14:40:37+00:00,455.0,0.02,0.01,0.02,0.0,0.0,5.0,1205.0,0.7500025,False,REGULAR,USD,SPY,put,2026-09-30,0.0410958904109589,0.015,9.383116574231994e-06,-0.00029255404435279964,-6485.945709962676,757.3900146484375,-0.004586781374170235,2026-09-15
SPY260930P00460000,2026-09-15 14:09:45+00:00,460.0,0.01,0.02,0.03,-0.02,-66.66667,1.0,1325.0,0.7656273437500001,False,REGULAR,USD,SPY,put,2026-09-30,0.0410958904109589,0.025,1.4606430017625836e-05,-0.00048174880684737076,-11101.946004994954,757.3900146484375,-0.004586781374170235,2026-09-15
SPY260930P00465000,2026-09-14 14:00:36+00:00,465.0,0.03,0.02,0.03,0.0,0.0,10.0,251.0,0.7500025,False,REGULAR,USD,SPY,put,2026-09-30,0.0410958904109589,0.025,1.51854891690441e-05,-0.0004913419825554044,-2186.4606118115485,757.3900146484375,-0.004586781374170235,2026-09-15
SPY260930P00470000,2026-09-15 16:15:16+00:00,470.0,0.02,0.02,0.03,-0.01,-33.333336,2.0,1837.0,0.73437765625,False,REGULAR,USD,SPY,put,2026-09-30,0.0410958904109589,0.025,1.576228688624085e-05,-0.0005000292373132931,-16609.919754915667,757.3900146484375,-0.004586781374170235,2026-09-15
SPY260930P00475000,2026-09-09 18:27:56+00:00,475.0,0.03,0.02,0.03,0.0,0.0,48.0,1721.0,0.7187528125,False,REGULAR,USD,SPY,put,2026-09-30,0.0410958904109589,0.025,1.6334082963697937e-05,-0.0005077192115073847,-16125.558967098266,757.3900146484375,-0.004586781374170235,2026-09-15
SPY260930P00480000,2026-09-15 18:50:13+00:00,480.0,0.03,0.02,0.03,-0.01,-25.0,2.0,1473.0,0.7070341796875,False,REGULAR,USD,SPY,put,2026-09-30,0.0410958904109589,0.025,1.7786404648246214e-05,-0.0005468786776287038,-15028.999346849521,757.3900146484375,-0.004586781374170235,2026-09-15
SPY260930P00485000,2026-09-15 20:03:51+00:00,485.0,0.03,0.02,0.03,0.0,0.0,72.0,678.0,0.6914093359375001,False,REGULAR,USD,SPY,put,2026-09-30,0.0410958904109589,0.025,1.8388144895917968e-05,-0.0005533776495322273,-7151.658387651623,757.3900146484375,-0.004586781374170235,2026-09-15
SPY260930P00490000,2026-09-15 20:14:27+00:00,490.0,0.03,0.03,0.04,-0.01,-25.0,28.0,1306.0,0.6953155468750001,False,REGULAR,USD,SPY,put,2026-09-30,0.0410958904109589,0.035,2.444783593844745e-05,-0.0007580562077564856,-18315.667452961454,757.3900146484375,-0.004586781374170235,2026-09-15
SPY260930P00495000,2026-09-14 18:29:04+00:00,495.0,0.03,0.03,0.04,0.0,0.0,48.0,974.0,0.6796907031250001,False,REGULAR,USD,SPY,put,2026-09-30,0.0410958904109589,0.035,2.532704641521336e-05,-0.0007685000340401649,-14150.854104523147,757.3900146484375,-0.004586781374170235,2026-09-15
SPY260930P00500000,2026-09-15 18:32:20+00:00,500.0,0.04,0.03,0.04,0.01,33.333336,8.0,3191.0,0.6640658593750002,False,REGULAR,USD,SPY,put,2026-09-30,0.0410958904109589,0.035,2.6197785700479572e-05,-0.0007773506286709031,-47954.62947303279,757.3900146484375,-0.004586781374170235,2026-09-15
SPY260930P00505000,2026-09-15 17:14:11+00:00,505.0,0.05,0.03,0.04,0.0,0.0,27.0,736.0,0.65039412109375,False,REGULAR,USD,SPY,put,2026-09-30,0.0410958904109589,0.035,2.7760081666759647e-05,-0.0008093353423801464,-11720.272358035718,757.3900146484375,-0.004586781374170235,2026-09-15
SPY260930P00510000,2026-09-14 18:43:30+00:00,510.0,0.03,0.04,0.05,0.0,0.0,5.0,622.0,0.65039412109375,False,REGULAR,USD,SPY,put,2026-09-30,0.0410958904109589,0.045,3.5036033368294294e-05,-0.0010426848389807342,-12500.99168310198,757.3900146484375,-0.004586781374170235,2026-09-15
SPY260930P00515000,2026-09-15 19:00:28+00:00,515.0,0.05,0.04,0.05,0.010000002,25.000004,100.0,1132.0,0.6347692773437501,False,REGULAR,USD,SPY,put,2026-09-30,0.0410958904109589,0.045,3.626060702405735e-05,-0.001054159187206971,-23546.1901708978,757.3900146484375,-0.004586781374170235,2026-09-15
SPY260930P00520000,2026-09-15 14:25:25+00:00,520.0,0.05,0.04,0.05,0.0,0.0,1.0,1366.0,0.6210975390625001,False,REGULAR,USD,SPY,put,2026-09-30,0.0410958904109589,0.045,3.843251720372365e-05,-0.0010968510867448433,-30115.403045117357,757.3900146484375,-0.004586781374170235,2026-09-15
SPY260930P00525000,2026-09-14 16:48:23+00:00,525.0,0.05,0.05,0.06,0.0,0.0,13.0,920.0,0.6171913281250001,False,REGULAR,USD,SPY,put,2026-09-30,0.0410958904109589,0.055,4.6101623492954346e-05,-0.0013288739300197916,-24330.060965384102,757.3900146484375,-0.004586781374170235,2026-09-15
SPY260930P00530000,2026-09-09 16:18:12+00:00,530.0,0.07,0.05,0.06,0.0,0.0,3.0,982.0,0.6035195898437502,False,REGULAR,USD,SPY,put,2026-09-30,0.0410958904109589,0.055,4.890407919055154e-05,-0.0013832027011179138,-27548.358376278036,757.3900146484375,-0.004586781374170235,2026-09-15
SPY260930P00535000,2026-09-15 13:34:28+00:00,535.0,0.06,0.05,0.06,0.009999998,19.999994,1.0,300976.0,0.58789474609375,False,REGULAR,USD,SPY,put,2026-09-30,0.0410958904109589,0.055,5.057482267876061e-05,-0.0013943974564061268,-8731832.277143838,757.3900146484375,-0.004586781374170235,2026-09-15
SPY260930P00540000,2026-09-15 17:43:29+00:00,540.0,0.08,0.06,0.07,0.029999997,59.999996,85.0,1847.0,0.5820354296875,False,REGULAR,USD,SPY,put,2026-09-30,0.0410958904109589,0.065,5.9235868190803054e-05,-0.00164013556416287,-62761.13714138305,757.3900146484375,-0.004586781374170235,2026-09-15
SPY260930P00545000,2026-09-10 16:06:40+00:00,545.0,0.08,0.06,0.07,0.0,0.0,1.0,784.0,0.56836369140625,False,REGULAR,USD,SPY,put,2026-09-30,0.0410958904109589,0.065,6.284802143151975e-05,-0.0017051890042454332,-28264.858967343058,757.3900146484375,-0.004586781374170235,2026-09-15
SPY260930P00550000,2026-09-10 14:31:46+00:00,550.0,0.09,0.07,0.08,0.0,0.0,15.0,1354.0,0.561527822265625,False,REGULAR,USD,SPY,put,2026-09-30,0.0410958904109589,0.07500000000000001,7.270297233331469e-05,-0.0019750004278297206,-56468.98494821781,757.3900146484375,-0.004586781374170235,2026-09-15
SPY260930P00555000,2026-09-10 13:51:15+00:00,555.0,0.12,0.07,0.08,0.0,0.0,1.0,1078.0,0.5468795312500001,False,REGULAR,USD,SPY,put,2026-09-30,0.0410958904109589,0.07500000000000001,7.62664315875841e-05,-0.0020221444712894554,-47161.90486254742,757.3900146484375,-0.004586781374170235,2026-09-15
SPY260930P00560000,2026-09-15 14:26:26+00:00,560.0,0.1,0.08,0.09,0.030000001,42.857143,1.0,1279.0,0.5390671093750001,False,REGULAR,USD,SPY,put,2026-09-30,0.0410958904109589,0.08499999999999999,8.722473944385202e-05,-0.0023079619441419563,-63995.491005853844,757.3900146484375,-0.004586781374170235,2026-09-15
SPY260930P00565000,2026-09-09 18:02:50+00:00,565.0,0.1,0.09,0.1,0.0,0.0,2.0,516.0,0.5312546875,False,REGULAR,USD,SPY,put,2026-09-30,0.0410958904109589,0.095,9.973388523523704e-05,-0.00263372356591296,-29521.035677530486,757.3900146484375,-0.004586781374170235,2026-09-15
SPY260930P00570000,2026-09-15 19:46:02+00:00,570.0,0.11,0.09,0.1,0.009999998,9.999997,15.0,1842.0,0.516606396484375,False,REGULAR,USD,SPY,put,2026-09-30,0.0410958904109589,0.095,0.00010488091354424811,-0.002699745341645743,-110821.80965434026,757.3900146484375,-0.004586781374170235,2026-09-15
SPY260930P00575000,2026-09-15 16:39:00+00:00,575.0,0.11,0.1,0.11,0.030000001,37.5,6.0,1244.0,0.507817421875,False,REGULAR,USD,SPY,put,2026-09-30,0.0410958904109589,0.10500000000000001,0.00011866577369146081,-0.0030375689481653145,-84680.81043262425,757.3900146484375,-0.004586781374170235,2026-09-15
SPY260930P00580000,2026-09-14 15:49:51+00:00,580.0,0.1,0.11,0.12,0.0,0.0,118.0,2484.0,0.500005,False,REGULAR,USD,SPY,put,2026-09-30,0.0410958904109589,0.11499999999999999,0.0001359053854106377,-0.0034716258761148255,-193654.41751285584,757.3900146484375,-0.004586781374170235,2026-09-15
SPY260930P00585000,2026-09-11 15:40:09+00:00,585.0,0.09,0.11,0.12,0.0,0.0,6.0,715.0,0.4858449853515625,False,REGULAR,USD,SPY,put,2026-09-30,0.0410958904109589,0.11499999999999999,0.00014422286484987756,-0.003592263756451608,-59153.34528576241,757.3900146484375,-0.004586781374170235,2026-09-15
SPY260930P00590000,2026-09-14 18:58:16+00:00,590.0,0.12,0.12,0.13,0.0,0.0,930.0,8418.0,0.47559118164062497,False,REGULAR,USD,SPY,put,2026-09-30,0.0410958904109589,0.125,0.00016066305661352083,-0.003956610347116807,-775825.5836790056,757.3900146484375,-0.004586781374170235,2026-09-15
SPY260930P00594000,2026-09-11 16:15:26+00:00,594.0,0.1,0.13,0.14,0.0,0.0,2.0,224.0,0.467778759765625,False,REGULAR,USD,SPY,put,2026-09-30,0.0410958904109589,0.135,0.00017611611845148875,-0.004303844249503586,-22630.089614930217,757.3900146484375,-0.004586781374170235,2026-09-15
SPY260930P00595000,2026-09-14 14:24:44+00:00,595.0,0.15,0.13,0.14,0.0,0.0,1.0,530.0,0.46484910156250003,False,REGULAR,USD,SPY,put,2026-09-30,0.0410958904109589,0.135,0.00017810690912733616,-0.004327781889012283,-54149.66657457425,757.3900146484375,-0.004586781374170235,2026-09-15
SPY260930P00596000,2026-09-14 18:58:16+00:00,596.0,0.13,0.13,0.14,0.0,0.0,245.0,303.0,0.46191944335937507,False,REGULAR,USD,SPY,put,2026-09-30,0.0410958904109589,0.135,0.00018012199727256414,-0.004351710889467175,-31307.51034278865,757.3900146484375,-0.004586781374170235,2026-09-15
SPY260930P00597000,2026-09-14 18:58:16+00:00,597.0,0.13,0.13,0.14,0.0,0.0,112.0,20603.0,0.45898978515625005,False,REGULAR,USD,SPY,put,2026-09-30,0.0410958904109589,0.135,0.00018216175776484,-0.004375628718220281,-2152914.690189602,757.3900146484375,-0.004586781374170235,2026-09-15
SPY260930P00598000,2026-09-15 19:24:15+00:00,598.0,0.16,0.14,0.15,0.019999996,14.285711,29.0,6995.0,0.459966337890625,False,REGULAR,USD,SPY,put,2026-09-30,0.0410958904109589,0.14500000000000002,0.0001931807693178552,-0.004684270224756926,-775158.9403130359,757.3900146484375,-0.004586781374170235,2026-09-15
SPY260930P00599000,2026-09-15 17:03:38+00:00,599.0,0.15,0.14,0.15,0.050000004,50.000004,2.0,789.0,0.45703667968750006,False,REGULAR,USD,SPY,put,2026-09-30,0.0410958904109589,0.14500000000000002,0.000195418502881092,-0.004711272106497133,-88446.74103704939,757.3900146484375,-0.004586781374170235,2026-09-15
SPY260930P00600000,2026-09-15 17:03:39+00:00,600.0,0.15,0.14,0.15,0.0,0.0,3.0,29069.0,0.454107021484375,False,REGULAR,USD,SPY,put,2026-09-30,0.0410958904109589,0.14500000000000002,0.00019768508139865503,-0.004738293719069531,-3296424.5359885325,757.3900146484375,-0.004586781374170235,2026-09-15
SPY260930P00601000,2026-09-15 14:57:38+00:00,601.0,0.16,0.14,0.15,0.019999996,14.285711,26.0,720.0,0.45117736328125,False,REGULAR,USD,SPY,put,2026-09-30,0.0410958904109589,0.14500000000000002,0.00019998098883144247,-0.004765332920126819,-82596.25533459839,757.3900146484375,-0.004586781374170235,2026-09-15
SPY260930P00602000,2026-09-14 20:03:24+00:00,602.0,0.16,0.14,0.15,0.0,0.0,1.0,155.0,0.44824770507812495,False,REGULAR,USD,SPY,put,2026-09-30,0.0410958904109589,0.14500000000000002,0.0002023067199057097,-0.004792387511459828,-17987.92868724739,757.3900146484375,-0.004586781374170235,2026-09-15
SPY260930P00603000,2026-09-08 20:02:59+00:00,603.0,0.15,0.14,0.16,0.0,0.0,133.0,389.0,0.44922425781249997,False,REGULAR,USD,SPY,put,2026-09-30,0.0410958904109589,0.15000000000000002,0.00021456588016553353,-0.005132076017068332,-47879.47878831541,757.3900146484375,-0.004586781374170235,2026-09-15
SPY260930P00604000,2026-09-09 14:09:06+00:00,604.0,0.16,0.15,0.16,0.0,0.0,2.0,156.0,0.446294599609375,False,REGULAR,USD,SPY,put,2026-09-30,0.0410958904109589,0.155,0.00021711955662503376,-0.005162660155430543,-19429.547757267806,757.3900146484375,-0.004586781374170235,2026-09-15
SPY260930P00605000,2026-09-15 15:01:48+00:00,605.0,0.17,0.15,0.16,0.050000004,41.66667,11.0,634.0,0.44336494140625,False,REGULAR,USD,SPY,put,2026-09-30,0.0410958904109589,0.155,0.00021970811584911737,-0.00519329896346965,-79905.10156531456,757.3900146484375,-0.004586781374170235,2026-09-15
SPY260930P00606000,2026-09-14 18:58:16+00:00,606.0,0.15,0.15,0.16,0.0,0.0,45.0,853.0,0.44043528320312497,False,REGULAR,USD,SPY,put,2026-09-30,0.0410958904109589,0.155,0.00022233219315555646,-0.005223990838325698,-108790.3899505087,757.3900146484375,-0.004586781374170235,2026-09-15
SPY260930P00607000,2026-09-14 13:36:21+00:00,607.0,0.18,0.15,0.16,0.0,0.0,2.0,54.0,0.437505625,False,REGULAR,USD,SPY,put,2026-09-30,0.0410958904109589,0.155,0.00022499243936524514,-0.005254734132594474,-6969.487354306488,757.3900146484375,-0.004586781374170235,2026-09-15
SPY260930P00608000,2026-09-10 19:32:38+00:00,608.0,0.24,0.15,0.17,0.0,0.0,299.0,475.0,0.437505625,False,REGULAR,USD,SPY,put,2026-09-30,0.0410958904109589,0.16,0.00023589373141727057,-0.005541989748944154,-64276.047065121544,757.3900146484375,-0.004586781374170235,2026-09-15
SPY260930P00609000,2026-09-15 17:35:33+00:00,609.0,0.18,0.16,0.17,-0.00999999,-5.263153,125.0,137.0,0.43457596679687505,False,REGULAR,USD,SPY,put,2026-09-30,0.0410958904109589,0.165,0.00023876969432423998,-0.005575778111748697,-18764.583138014354,757.3900146484375,-0.004586781374170235,2026-09-15
SPY260930P00610000,2026-09-15 17:35:35+00:00,610.0,0.18,0.16,0.17,0.02000001,12.500007,129.0,1192.0,0.43164630859375,False,REGULAR,USD,SPY,put,2026-09-30,0.0410958904109589,0.165,0.00024168694782939818,-0.005609653572295814,-165260.32513946065,757.3900146484375,-0.004586781374170235,2026-09-15
SPY260930P00611000,2026-09-10 19:32:38+00:00,611.0,0.25,0.16,0.17,0.0,0.0,49.0,469.0,0.428716650390625,False,REGULAR,USD,SPY,put,2026-09-30,0.0410958904109589,0.165,0.0002446462954582383,-0.005643615080680453,-65818.90257326813,757.3900146484375,-0.004586781374170235,2026-09-15
SPY260930P00612000,2026-09-14 14:57:56+00:00,612.0,0.19,0.16,0.17,0.0,0.0,1.0,312.0,0.42578699218750005,False,REGULAR,USD,SPY,put,2026-09-30,0.0410958904109589,0.165,0.00024764856176789115,-0.005677661555504088,-44323.04148628812,757.3900146484375,-0.004586781374170235,2026-09-15
SPY260930P00613000,2026-09-11 18:35:58+00:00,613.0,0.13,0.17,0.18,0.0,0.0,100.0,394.0,0.42578699218750005,False,REGULAR,USD,SPY,put,2026-09-30,0.0410958904109589,0.175,0.0002597490505401086,-0.005991324053519986,-58706.9260413611,757.3900146484375,-0.004586781374170235,2026-09-15
SPY260930P00614000,2026-09-15 15:11:19+00:00,614.0,0.19,0.17,0.18,-0.010000005,-5.0000024,1.0,101.0,0.422857333984375,False,REGULAR,USD,SPY,put,2026-09-30,0.0410958904109589,0.175,0.00026299947792201314,-0.006028828673301012,-15237.559357675795,757.3900146484375,-0.004586781374170235,2026-09-15
SPY260930P00615000,2026-09-15 19:38:28+00:00,615.0,0.19,0.17,0.18,0.019999996,11.764703,4.0,828.0,0.41992767578125,False,REGULAR,USD,SPY,put,2026-09-30,0.0410958904109589,0.175,0.00026629901795438234,-0.0060664627593254306,-126485.00781231714,757.3900146484375,-0.004586781374170235,2026-09-15
SPY260930P00616000,2026-09-03 15:14:32+00:00,616.0,0.21,0.17,0.18,0.0,0.0,7.0,209.0,0.41699801757812494,False,REGULAR,USD,SPY,put,2026-09-30,0.0410958904109589,0.175,0.0002696486903689168,-0.006104226076627972,-32328.365811123283,757.3900146484375,-0.004586781374170235,2026-09-15
SPY260930P00617000,2026-09-09 19:41:06+00:00,617.0,0.2,0.18,0.19,0.0,0.0,1.0,347.0,0.41699801757812494,False,REGULAR,USD,SPY,put,2026-09-30,0.0410958904109589,0.185,0.000282879957165317,-0.006443571255178027,-56308.090846087885,757.3900146484375,-0.004586781374170235,2026-09-15
SPY260930P00618000,2026-09-11 18:35:58+00:00,618.0,0.15,0.18,0.19,0.0,0.0,101.0,186.0,0.414068359375,False,REGULAR,USD,SPY,put,2026-09-30,0.0410958904109589,0.185,0.0002865100131439542,-0.006485224693040803,-30569.750843774957,757.3900146484375,-0.004586781374170235,2026-09-15
SPY260930P00619000,2026-09-11 14:34:30+00:00,619.0,0.15,0.18,0.19,0.0,0.0,1.0,997.0,0.411138701171875,False,REGULAR,USD,SPY,put,2026-09-30,0.0410958904109589,0.185,0.00029019751763006946,-0.006527061838415005,-165969.39149128043,757.3900146484375,-0.004586781374170235,2026-09-15
SPY260930P00620000,2026-09-14 18:46:39+00:00,620.0,0.2,0.18,0.19,0.030000001,17.647058,1.0,3380.0,0.40820904296875,False,REGULAR,USD,SPY,put,2026-09-30,0.0410958904109589,0.185,0.0002939437323278075,-0.006569083607390724,-569928.0798857064,757.3900146484375,-0.004586781374170235,2026-09-15
SPY260930P00621000,2026-09-14 13:37:36+00:00,621.0,0.22,0.19,0.2,0.0,0.0,1.0,256.0,0.40820904296875,False,REGULAR,USD,SPY,put,2026-09-30,0.0410958904109589,0.195,0.0003084305370158673,-0.006936657177229466,-45293.56299709222,757.3900146484375,-0.004586781374170235,2026-09-15
SPY260930P00622000,2026-09-15 16:43:18+00:00,622.0,0.21,0.19,0.2,0.029999986,16.666658,1.0,501.0,0.405279384765625,False,REGULAR,USD,SPY,put,2026-09-30,0.0410958904109589,0.195,0.00031249433456252874,-0.006983067165373447,-89808.82703373765,757.3900146484375,-0.004586781374170235,2026-09-15
SPY260930P00623000,2026-09-14 19:46:47+00:00,623.0,0.2,0.19,0.2,0.0,0.0,200.0,366.0,0.4023497265625,False,REGULAR,USD,SPY,put,2026-09-30,0.0410958904109589,0.195,0.0003166255086698448,-0.007029728448909811,-66476.19240599603,757.3900146484375,-0.004586781374170235,2026-09-15
SPY260930P00624000,2026-09-03 16:43:25+00:00,624.0,0.22,0.19,0.2,0.0,0.0,20.0,241.0,0.39942006835937505,False,REGULAR,USD,SPY,put,2026-09-30,0.0410958904109589,0.195,0.00032082562172527045,-0.007076643490585899,-44353.228448415466,757.3900146484375,-0.004586781374170235,2026-09-15
SPY260930P00625000,2026-09-15 13:48:59+00:00,625.0,0.2,0.2,0.21,-0.00999999,-4.7619004,25.0,2937.0,0.39893179199218753,False,REGULAR,USD,SPY,put,2026-09-30,0.0410958904109589,0.20500000000000002,0.00033476577591120014,-0.00741605369031928,-564006.5520109114,757.3900146484375,-0.004586781374170235,2026-09-15
SPY260930P00626000,2026-09-14 19:36:13+00:00,626.0,0.21,0.2,0.21,0.0,0.0,1.0,511.0,0.39600213378906257,False,REGULAR,USD,SPY,put,2026-09-30,0.0410958904109589,0.20500000000000002,0.0003392900854859994,-0.007467179819748537,-99456.05292418074,757.3900146484375,-0.004586781374170235,2026-09-15
SPY260930P00627000,2026-09-14 18:58:16+00:00,627.0,0.2,0.2,0.21,0.0,0.0,208.0,525.0,0.3930724755859375,False,REGULAR,USD,SPY,put,2026-09-30,0.0410958904109589,0.20500000000000002,0.00034389274227765714,-0.007518628753176992,-103567.01613029717,757.3900146484375,-0.004586781374170235,2026-09-15
SPY260930P00628000,2026-09-15 14:57:38+00:00,628.0,0.24,0.21,0.22,0.03999999,19.999994,26.0,166.0,0.39258419921875,False,REGULAR,USD,SPY,put,2026-09-30,0.0410958904109589,0.215,0.0003588852213586277,-0.007880975644622645,-34174.55066390329,757.3900146484375,-0.004586781374170235,2026-09-15
SPY260930P00629000,2026-09-09 19:12:44+00:00,629.0,0.23,0.21,0.22,0.0,0.0,1.0,330.0,0.389654541015625,False,REGULAR,USD,SPY,put,2026-09-30,0.0410958904109589,0.215,0.0003638469399739785,-0.007937091727872714,-68876.61844268804,757.3900146484375,-0.004586781374170235,2026-09-15
SPY260930P00630000,2026-09-15 19:52:25+00:00,630.0,0.24,0.21,0.22,0.030000001,14.285715,102.0,3661.0,0.38672488281249995,False,REGULAR,USD,SPY,put,2026-09-30,0.0410958904109589,0.215,0.00036889781230871175,-0.007993612360604141,-774720.3408889399,757.3900146484375,-0.004586781374170235,2026-09-15
SPY260930P00631000,2026-09-14 18:58:16+00:00,631.0,0.21,0.21,0.23,0.0,0.0,1.0,148.0,0.3857483300781249,False,REGULAR,USD,SPY,put,2026-09-30,0.0410958904109589,0.22,0.00038283031415849996,-0.0083141294285346,-32501.78292848557,757.3900146484375,-0.004586781374170235,2026-09-15
SPY260930P00632000,2026-09-14 18:58:16+00:00,632.0,0.22,0.22,0.23,0.0,0.0,92.0,230.0,0.38281867187499996,False,REGULAR,USD,SPY,put,2026-09-30,0.0410958904109589,0.225,0.00038823673443430805,-0.008374949842773094,-51222.835022458305,757.3900146484375,-0.004586781374170235,2026-09-15
SPY260930P00633000,2026-09-14 18:58:16+00:00,633.0,0.22,0.22,0.23,0.0,0.0,6.0,477.0,0.379889013671875,False,REGULAR,USD,SPY,put,2026-09-30,0.0410958904109589,0.225,0.00039374365547190337,-0.008436255839968654,-107738.54303413256,757.3900146484375,-0.004586781374170235,2026-09-15
SPY260930P00634000,2026-09-15 14:46:47+00:00,634.0,0.25,0.22,0.23,-0.030000001,-10.714286,20.0,235.0,0.37695935546875,False,REGULAR,USD,SPY,put,2026-09-30,0.0410958904109589,0.225,0.00039935372284293104,-0.008498055945990401,-53835.00402805392,757.3900146484375,-0.004586781374170235,2026-09-15
SPY260930P00635000,2026-09-15 17:03:16+00:00,635.0,0.25,0.23,0.24,0.030000001,13.636364,38.0,150702.0,0.3764710791015625,False,REGULAR,USD,SPY,put,2026-09-30,0.0410958904109589,0.235,0.00041701612541021886,-0.008914809937888402,-36050476.96927654,757.3900146484375,-0.004586781374170235,2026-09-15
SPY260930P00636000,2026-09-15 15:35:37+00:00,636.0,0.25,0.23,0.24,0.019999996,8.69565,2.0,178.0,0.37354142089843745,False,REGULAR,USD,SPY,put,2026-09-30,0.0410958904109589,0.235,0.0004230776726531043,-0.00898241375641251,-43199.55361216118,757.3900146484375,-0.004586781374170235,2026-09-15
SPY260930P00637000,2026-09-14 13:50:57+00:00,637.0,0.25,0.24,0.25,0.0,0.0,5.0,516.0,0.37256486816406253,False,REGULAR,USD,SPY,put,2026-09-30,0.0410958904109589,0.245,0.0004392548890609432,-0.009347818512870365,-130018.59118305291,757.3900146484375,-0.004586781374170235,2026-09-15
SPY260930P00638000,2026-09-14 18:58:16+00:00,638.0,0.23,0.24,0.25,0.0,0.0,89.0,127.0,0.36963520996093746,False,REGULAR,USD,SPY,put,2026-09-30,0.0410958904109589,0.245,0.00044575577318542887,-0.00942073601480875,-32474.303696471154,757.3900146484375,-0.004586781374170235,2026-09-15
SPY260930P00639000,2026-09-11 19:33:41+00:00,639.0,0.24,0.24,0.25,0.0,0.0,20.0,125.0,0.3667055517578125,False,REGULAR,USD,SPY,put,2026-09-30,0.0410958904109589,0.245,0.00045238643672645756,-0.009494364929938048,-32438.34876514269,757.3900146484375,-0.004586781374170235,2026-09-15
SPY260930P00640000,2026-09-15 14:19:54+00:00,640.0,0.26,0.25,0.26,0.019999996,8.333331,1.0,3722.0,0.3657289990234375,False,REGULAR,USD,SPY,put,2026-09-30,0.0410958904109589,0.255,0.00046981429417352336,-0.009883899498805748,-1003094.2598036814,757.3900146484375,-0.004586781374170235,2026-09-15
SPY260930P00641000,2026-09-14 18:58:16+00:00,641.0,0.24,0.25,0.26,0.0,0.0,285.0,376.0,0.3627993408203125,False,REGULAR,USD,SPY,put,2026-09-30,0.0410958904109589,0.255,0.000476933172427825,-0.009963418981157601,-102869.00175006186,757.3900146484375,-0.004586781374170235,2026-09-15
SPY260930P00642000,2026-09-15 17:55:30+00:00,642.0,0.28,0.25,0.26,0.040000007,16.66667,2.0,84.0,0.35962554443359374,False,REGULAR,USD,SPY,put,2026-09-30,0.0410958904109589,0.255,0.000482808515450666,-0.010002957752306862,-23264.48041972425,757.3900146484375,-0.004586781374170235,2026-09-15
SPY260930P00643000,2026-09-14 18:58:16+00:00,643.0,0.25,0.26,0.27,0.0,0.0,45.0,278.0,0.358404853515625,False,REGULAR,USD,SPY,put,2026-09-30,0.0410958904109589,0.265,0.000500147831284899,-0.010375340648192899,-79759.48409000256,757.3900146484375,-0.004586781374170235,2026-09-15
SPY260930P00644000,2026-09-14 18:58:16+00:00,644.0,0.26,0.26,0.27,0.0,0.0,185.0,347.0,0.35547519531249994,False,REGULAR,USD,SPY,put,2026-09-30,0.0410958904109589,0.265,0.0005078983590152662,-0.010461039025845276,-101098.66823578894,757.3900146484375,-0.004586781374170235,2026-09-15
SPY260930P00645000,2026-09-15 19:23:42+00:00,645.0,0.29,0.27,0.28,0.030000001,11.538462,3.0,766.0,0.3544986425781249,False,REGULAR,USD,SPY,put,2026-09-30,0.0410958904109589,0.275,0.0005277064914169089,-0.010896378833741616,-231878.43280128326,757.3900146484375,-0.004586781374170235,2026-09-15
SPY260930P00646000,2026-09-14 13:33:53+00:00,646.0,0.32,0.27,0.28,0.0,0.0,1.0,453.0,0.35156898437499995,False,REGULAR,USD,SPY,put,2026-09-30,0.0410958904109589,0.275,0.0005360428006032114,-0.010989130380432477,-139295.41443391764,757.3900146484375,-0.004586781374170235,2026-09-15
SPY260930P00647000,2026-09-14 14:01:15+00:00,647.0,0.3,0.28,0.29,0.0,0.0,3.0,303.0,0.3501041552734374,False,REGULAR,USD,SPY,put,2026-09-30,0.0410958904109589,0.28500000000000003,0.0005538874455864827,-0.011356250871381368,-96272.73289224692,757.3900146484375,-0.004586781374170235,2026-09-15
SPY260930P00648000,2026-09-14 18:58:16+00:00,648.0,0.27,0.28,0.29,0.0,0.0,49.0,673.0,0.34717449707031245,False,REGULAR,USD,SPY,put,2026-09-30,0.0410958904109589,0.28500000000000003,0.0005627930724147113,-0.011455331674851466,-217271.59743782145,757.3900146484375,-0.004586781374170235,2026-09-15
SPY260930P00649000,2026-09-11 15:50:03+00:00,649.0,0.23,0.28,0.29,0.0,0.0,1.0,684.0,0.3442448388671875,False,REGULAR,USD,SPY,put,2026-09-30,0.0410958904109589,0.28500000000000003,0.0005718987316504949,-0.011555683891885882,-224395.6250237064,757.3900146484375,-0.004586781374170235,2026-09-15
SPY260930P00650000,2026-09-15 19:09:22+00:00,650.0,0.31,0.29,0.3,0.00999999,3.33333,564.0,3817.0,0.34278000976562495,False,REGULAR,USD,SPY,put,2026-09-30,0.0410958904109589,0.295,0.0005911683732904905,-0.011946618264364939,-1294411.9152999448,757.3900146484375,-0.004586781374170235,2026-09-15
SPY260930P00651000,2026-09-11 14:34:51+00:00,651.0,0.25,0.29,0.3,0.0,0.0,57.0,430.0,0.3398503515625,False,REGULAR,USD,SPY,put,2026-09-30,0.0410958904109589,0.295,0.0006009090591499687,-0.012053991491189242,-148223.25876068757,757.3900146484375,-0.004586781374170235,2026-09-15
SPY260930P00652000,2026-09-11 19:33:45+00:00,652.0,0.29,0.3,0.31,0.0,0.0,7.0,220.0,0.3386296606445312,False,REGULAR,USD,SPY,put,2026-09-30,0.0410958904109589,0.305,0.0006230263686840158,-0.012515405872286944,-78626.37602256853,757.3900146484375,-0.004586781374170235,2026-09-15
SPY260930P00653000,2026-09-04 14:36:29+00:00,653.0,0.29,0.3,0.31,0.0,0.0,5.0,131.0,0.3354558642578125,False,REGULAR,USD,SPY,put,2026-09-30,0.0410958904109589,0.305,0.0006317180146223862,-0.012579723077418503,-47471.58230552366,757.3900146484375,-0.004586781374170235,2026-09-15
SPY260930P00654000,2026-09-11 13:54:56+00:00,654.0,0.27,0.31,0.32,0.0,0.0,6.0,29.0,0.33399103515625,False,REGULAR,USD,SPY,put,2026-09-30,0.0410958904109589,0.315,0.0006532866977834476,-0.013011540176984138,-10867.783129671632,757.3900146484375,-0.004586781374170235,2026-09-15
SPY260930P00655000,2026-09-14 18:58:16+00:00,655.0,0.3,0.31,0.32,0.0,0.0,299.0,679.0,0.331061376953125,False,REGULAR,USD,SPY,put,2026-09-30,0.0410958904109589,0.315,0.0006644618602658644,-0.013134822354190168,-258808.76613644185,757.3900146484375,-0.004586781374170235,2026-09-15
SPY260930P00656000,2026-09-03 15:46:09+00:00,656.0,0.37,0.32,0.33,0.0,0.0,2.0,196.0,0.32959654785156245,False,REGULAR,USD,SPY,put,2026-09-30,0.0410958904109589,0.325,0.0006873036312648749,-0.013589106491688874,-77275.86232214139,757.3900146484375,-0.004586781374170235,2026-09-15
SPY260930P00657000,2026-09-11 14:35:50+00:00,657.0,0.28,0.33,0.34,0.0,0.0,2.0,883.0,0.32813171874999997,False,REGULAR,USD,SPY,put,2026-09-30,0.0410958904109589,0.335,0.0007109478931864519,-0.01405982624667268,-360112.02638092864,757.3900146484375,-0.004586781374170235,2026-09-15
SPY260930P00658000,2026-09-14 18:58:16+00:00,658.0,0.32,0.33,0.34,0.0,0.0,194.0,1288.0,0.3249579223632812,False,REGULAR,USD,SPY,put,2026-09-30,0.0410958904109589,0.335,0.0007215082971828771,-0.014142056606328057,-533084.8533835637,757.3900146484375,-0.004586781374170235,2026-09-15
SPY260930P00659000,2026-09-14 14:35:00+00:00,659.0,0.38,0.34,0.35,0.0,0.0,161.0,738.0,0.32349309326171866,False,REGULAR,USD,SPY,put,2026-09-30,0.0410958904109589,0.345,0.0007465258329330147,-0.014636135739805045,-316038.76267383585,757.3900146484375,-0.004586781374170235,2026-09-15
SPY260930P00660000,2026-09-15 17:58:48+00:00,660.0,0.37,0.34,0.35,0.02000001,5.7142887,32.0,7890.0,0.32031929687499994,False,REGULAR,USD,SPY,put,2026-09-30,0.0410958904109589,0.345,0.0007578740571206056,-0.01472533965098799,-3430150.650045222,757.3900146484375,-0.004586781374170235,2026-09-15
SPY260930P00661000,2026-09-14 18:58:16+00:00,661.0,0.34,0.35,0.36,0.0,0.0,29.0,413.0,0.3188544677734374,False,REGULAR,USD,SPY,put,2026-09-30,0.0410958904109589,0.355,0.0007843650185689991,-0.015244321919942627,-185826.40217166714,757.3900146484375,-0.004586781374170235,2026-09-15
SPY260930P00662000,2026-09-14 18:58:16+00:00,662.0,0.34,0.36,0.37,0.0,0.0,113.0,227.0,0.3171455004882812,False,REGULAR,USD,SPY,put,2026-09-30,0.0410958904109589,0.365,0.0008096274306811653,-0.01571908185479287,-105426.60499693647,757.3900146484375,-0.004586781374170235,2026-09-15
SPY260930P00663000,2026-09-14 18:58:16+00:00,663.0,0.35,0.36,0.37,0.0,0.0,128.0,315.0,0.3139717041015625,False,REGULAR,USD,SPY,put,2026-09-30,0.0410958904109589,0.365,0.0008224199752542669,-0.015822401988160206,-148608.39855864178,757.3900146484375,-0.004586781374170235,2026-09-15
SPY260930P00664000,2026-09-11 13:59:13+00:00,664.0,0.31,0.37,0.38,0.0,0.0,1.0,1014.0,0.3122627368164062,False,REGULAR,USD,SPY,put,2026-09-30,0.0410958904109589,0.375,0.0008491784922528291,-0.01632044415106948,-493942.1538985233,757.3900146484375,-0.004586781374170235,2026-09-15
SPY260930P00665000,2026-09-15 14:28:09+00:00,665.0,0.41,0.38,0.39,0.049999982,13.888883,1.0,1605.0,0.31055376953124997,False,REGULAR,USD,SPY,put,2026-09-30,0.0410958904109589,0.385,0.0008768826033666463,-0.016835970024799418,-807338.4585351805,757.3900146484375,-0.004586781374170235,2026-09-15
SPY260930P00666000,2026-09-14 19:54:44+00:00,666.0,0.38,0.38,0.39,0.0,0.0,85.0,307.0,0.3073799731445312,False,REGULAR,USD,SPY,put,2026-09-30,0.0410958904109589,0.385,0.0008912751707166142,-0.01695467014097618,-156960.12423513248,757.3900146484375,-0.004586781374170235,2026-09-15
SPY260930P00667000,2026-09-14 19:47:04+00:00,667.0,0.39,0.39,0.4,0.0,0.0,80.0,384.0,0.305671005859375,False,REGULAR,USD,SPY,put,2026-09-30,0.0410958904109589,0.395,0.0009206583749490451,-0.017496176354045656,-202800.4352682328,757.3900146484375,-0.004586781374170235,2026-09-15
SPY260930P00668000,2026-09-14 20:14:21+00:00,668.0,0.42,0.4,0.41,0.0,0.0,1.0,409.0,0.30371790039062496,False,REGULAR,USD,SPY,put,2026-09-30,0.0410958904109589,0.405,0.0009486019920942032,-0.017984562130017534,-222559.68123083308,757.3900146484375,-0.004586781374170235,2026-09-15
SPY260930P00669000,2026-09-14 13:39:49+00:00,669.0,0.47,0.4,0.41,0.0,0.0,17.0,513.0,0.30054410400390624,False,REGULAR,USD,SPY,put,2026-09-30,0.0410958904109589,0.405,0.00096476947861807,-0.01811997787844377,-283909.5955854484,757.3900146484375,-0.004586781374170235,2026-09-15
SPY260930P00670000,2026-09-15 18:07:16+00:00,670.0,0.45,0.41,0.42,0.00999999,2.272725,1.0,3372.0,0.2985909985351562,False,REGULAR,USD,SPY,put,2026-09-30,0.0410958904109589,0.415,0.000994425739118175,-0.018632442093222124,-1923530.4823877916,757.3900146484375,-0.004586781374170235,2026-09-15
SPY260930P00671000,2026-09-10 13:55:26+00:00,671.0,0.69,0.42,0.43,0.0,0.0,3.0,345.0,0.2966378930664062,False,REGULAR,USD,SPY,put,2026-09-30,0.0410958904109589,0.425,0.0010251386936153777,-0.01916233392179556,-202880.76392891153,757.3900146484375,-0.004586781374170235,2026-09-15
SPY260930P00672000,2026-09-14 19:33:36+00:00,672.0,0.43,0.43,0.44,0.0,0.0,10.0,667.0,0.2946847875976562,False,REGULAR,USD,SPY,put,2026-09-30,0.0410958904109589,0.435,0.001056951403075335,-0.01971035874351279,-404408.24728647404,757.3900146484375,-0.004586781374170235,2026-09-15
SPY260930P00673000,2026-09-14 18:58:16+00:00,673.0,0.42,0.44,0.45,0.0,0.0,75.0,1740.0,0.29273168212890616,False,REGULAR,USD,SPY,put,2026-09-30,0.0410958904109589,0.445,0.001089908875880311,-0.020277254887339446,-1087873.9764051754,757.3900146484375,-0.004586781374170235,2026-09-15
SPY260930P00674000,2026-09-14 15:07:37+00:00,674.0,0.48,0.45,0.46,0.0,0.0,3.0,905.0,0.29077857666015616,False,REGULAR,USD,SPY,put,2026-09-30,0.0410958904109589,0.455,0.0011240581618198512,-0.0208637953542673,-583547.9031438072,757.3900146484375,-0.004586781374170235,2026-09-15
SPY260930P00675000,2026-09-15 20:06:44+00:00,675.0,0.48,0.46,0.47,0.030000001,6.666667,11.0,9847.0,0.2885813330078124,False,REGULAR,USD,SPY,put,2026-09-30,0.0410958904109589,0.46499999999999997,0.0011565278327079923,-0.021385426417452225,-6532797.208939502,757.3900146484375,-0.004586781374170235,2026-09-15
SPY260930P00676000,2026-09-15 15:36:42+00:00,676.0,0.51,0.46,0.47,0.06999999,15.909089,1.0,1338.0,0.2854075366210937,False,REGULAR,USD,SPY,put,2026-09-30,0.0410958904109589,0.46499999999999997,0.0011781900079408153,-0.021575973898712242,-904295.9773023819,757.3900146484375,-0.004586781374170235,2026-09-15
SPY260930P00677000,2026-09-15 15:49:50+00:00,677.0,0.53,0.47,0.48,0.07999998,17.777775,200.0,1166.0,0.2834544311523437,False,REGULAR,USD,SPY,put,2026-09-30,0.0410958904109589,0.475,0.001215820169765343,-0.022213040510695836,-813218.1153781419,757.3900146484375,-0.004586781374170235,2026-09-15
SPY260930P00678000,2026-09-15 15:11:02+00:00,678.0,0.55,0.48,0.49,-0.120000005,-17.910448,1.0,1524.0,0.28125718749999995,False,REGULAR,USD,SPY,put,2026-09-30,0.0410958904109589,0.485,0.0012517145544993795,-0.02278164500045976,-1094282.4128188237,757.3900146484375,-0.004586781374170235,2026-09-15
SPY260930P00679000,2026-09-15 17:01:34+00:00,679.0,0.5,0.49,0.5,-0.27999997,-35.89743,210.0,773.0,0.2790599438476562,False,REGULAR,USD,SPY,put,2026-09-30,0.0410958904109589,0.495,0.0012889231853430514,-0.02336939331772314,-571538.749267597,757.3900146484375,-0.004586781374170235,2026-09-15
SPY260930P00680000,2026-09-15 19:56:05+00:00,680.0,0.55,0.51,0.52,0.04000002,7.843141,542.0,10139.0,0.2778392529296875,False,REGULAR,USD,SPY,put,2026-09-30,0.0410958904109589,0.515,0.0013405961512753526,-0.02436078756750293,-7797084.512417133,757.3900146484375,-0.004586781374170235,2026-09-15
SPY260930P00681000,2026-09-15 18:48:35+00:00,681.0,0.58,0.52,0.53,0.13999999,31.818178,6.0,660.0,0.2755199401855468,False,REGULAR,USD,SPY,put,2026-09-30,0.0410958904109589,0.525,0.001379236612502588,-0.024949429972551118,-522181.9587561753,757.3900146484375,-0.004586781374170235,2026-09-15
SPY260930P00682000,2026-09-15 15:37:57+00:00,682.0,0.59,0.53,0.54,0.099999964,20.408155,5.0,681.0,0.2732006274414062,False,REGULAR,USD,SPY,put,2026-09-30,0.0410958904109589,0.535,0.0014193041381356446,-0.02555769637804639,-554449.161693497,757.3900146484375,-0.004586781374170235,2026-09-15
SPY260930P00683000,2026-09-15 14:28:13+00:00,683.0,0.58,0.54,0.55,0.099999994,20.833332,1.0,302.0,0.2710033837890625,False,REGULAR,USD,SPY,put,2026-09-30,0.0410958904109589,0.545,0.001462612720820277,-0.026238078321154212,-253381.8131359613,757.3900146484375,-0.004586781374170235,2026-09-15
SPY260930P00684000,2026-09-14 14:17:02+00:00,684.0,0.57,0.55,0.56,0.0,0.0,7.0,436.0,0.26856200195312496,False,REGULAR,USD,SPY,put,2026-09-30,0.0410958904109589,0.555,0.0015039842236294985,-0.02683657625501812,-376156.80256849865,757.3900146484375,-0.004586781374170235,2026-09-15
SPY260930P00685000,2026-09-15 18:31:43+00:00,685.0,0.61,0.57,0.58,0.030000031,5.172419,221.0,2032.0,0.26709717285156254,False,REGULAR,USD,SPY,put,2026-09-30,0.0410958904109589,0.575,0.0015615268124687114,-0.0278888812627911,-1820171.4567029325,757.3900146484375,-0.004586781374170235,2026-09-15
SPY260930P00686000,2026-09-15 20:00:40+00:00,686.0,0.6,0.58,0.59,-0.060000002,-9.090909,4.0,227.0,0.264655791015625,False,REGULAR,USD,SPY,put,2026-09-30,0.0410958904109589,0.585,0.001606415390475128,-0.0285381934446719,-209181.30292365927,757.3900146484375,-0.004586781374170235,2026-09-15
SPY260930P00687000,2026-09-11 13:46:59+00:00,687.0,0.53,0.59,0.6,0.0,0.0,1.0,1670.0,0.26233647827148443,False,REGULAR,USD,SPY,put,2026-09-30,0.0410958904109589,0.595,0.001654922534109515,-0.029266514969547575,-1585379.6925965995,757.3900146484375,-0.004586781374170235,2026-09-15
SPY260930P00688000,2026-09-15 19:44:06+00:00,688.0,0.68,0.61,0.62,0.19,38.77551,50.0,874.0,0.2606275109863281,False,REGULAR,USD,SPY,put,2026-09-30,0.0410958904109589,0.615,0.0017150487679978561,-0.030313168259894496,-859858.6346065073,757.3900146484375,-0.004586781374170235,2026-09-15
SPY260930P00689000,2026-09-14 15:32:28+00:00,689.0,0.58,0.62,0.63,-0.050000012,-7.9365096,2.0,691.0,0.25818612915039063,False,REGULAR,USD,SPY,put,2026-09-30,0.0410958904109589,0.625,0.0017656332289256952,-0.031041341974872072,-699870.5050132402,757.3900146484375,-0.004586781374170235,2026-09-15
SPY260930P00690000,2026-09-15 19:59:53+00:00,690.0,0.69,0.64,0.65,0.029999971,4.54545,148.0,7072.0,0.2563550927734375,False,REGULAR,USD,SPY,put,2026-09-30,0.0410958904109589,0.645,0.0018283521611515436,-0.03210273170909861,-7417221.554608755,757.3900146484375,-0.004586781374170235,2026-09-15
SPY260930P00691000,2026-09-15 14:29:23+00:00,691.0,0.7,0.66,0.67,0.110000014,18.644072,2.0,2053.0,0.2546461254882813,False,REGULAR,USD,SPY,put,2026-09-30,0.0410958904109589,0.665,0.001895634320692301,-0.03326995080791206,-2232454.738794624,757.3900146484375,-0.004586781374170235,2026-09-15
SPY260930P00692000,2026-09-15 14:13:30+00:00,692.0,0.7,0.67,0.68,0.099999964,16.66666,72.0,439.0,0.2520826745605469,False,REGULAR,USD,SPY,put,2026-09-30,0.0410958904109589,0.675,0.001950852415333685,-0.03403024451694303,-491278.87081093766,757.3900146484375,-0.004586781374170235,2026-09-15
SPY260930P00693000,2026-09-14 14:06:14+00:00,693.0,0.69,0.69,0.7,0.0,0.0,1.0,447.0,0.25012956909179684,False,REGULAR,USD,SPY,put,2026-09-30,0.0410958904109589,0.695,0.0020190539994414695,-0.03514964466935977,-517719.60083880293,757.3900146484375,-0.004586781374170235,2026-09-15
SPY260930P00694000,2026-09-15 17:25:25+00:00,694.0,0.8,0.71,0.72,0.16000003,25.000004,20.0,309.0,0.24829853271484376,False,REGULAR,USD,SPY,put,2026-09-30,0.0410958904109589,0.715,0.002092208018186593,-0.036382237204434675,-370853.5937045065,757.3900146484375,-0.004586781374170235,2026-09-15
SPY260930P00695000,2026-09-15 18:13:47+00:00,695.0,0.74,0.73,0.74,0.00999999,1.3698617,26.0,4230.0,0.24622335815429688,False,REGULAR,USD,SPY,put,2026-09-30,0.0410958904109589,0.735,0.002163866197683341,-0.037525034774001376,-5250611.9224456325,757.3900146484375,-0.004586781374170235,2026-09-15
SPY260930P00696000,2026-09-15 19:35:55+00:00,696.0,0.82,0.75,0.76,0.110000014,15.492961,9.0,296.0,0.2442702526855469,False,REGULAR,USD,SPY,put,2026-09-30,0.0410958904109589,0.755,0.002240732408472644,-0.03878536889960216,-380470.3841234906,757.3900146484375,-0.004586781374170235,2026-09-15
SPY260930P00697000,2026-09-15 15:31:19+00:00,697.0,0.85,0.77,0.78,0.16000003,23.188408,2.0,3719.0,0.242195078125,False,REGULAR,USD,SPY,put,2026-09-30,0.0410958904109589,0.775,0.002318442433193681,-0.04002327470869127,-4946085.796061925,757.3900146484375,-0.004586781374170235,2026-09-15
SPY260930P00698000,2026-09-15 15:50:53+00:00,698.0,0.86,0.79,0.8,-0.00999999,-1.1494242,33.0,318.0,0.2399978344726562,False,REGULAR,USD,SPY,put,2026-09-30,0.0410958904109589,0.795,0.002397018722606314,-0.0412354189015921,-437257.9320076097,757.3900146484375,-0.004586781374170235,2026-09-15
SPY260930P00699000,2026-09-15 19:54:15+00:00,699.0,0.9,0.81,0.82,0.07999998,9.756095,103.0,4373.0,0.23780059082031246,False,REGULAR,USD,SPY,put,2026-09-30,0.0410958904109589,0.815,0.0024788842058601156,-0.04249615727017819,-6218345.78070604,757.3900146484375,-0.004586781374170235,2026-09-15
SPY260930P00700000,2026-09-15 20:14:19+00:00,700.0,0.85,0.84,0.85,0.02000004,2.4096434,2732.0,21088.0,0.2362136926269531,False,REGULAR,USD,SPY,put,2026-09-30,0.0410958904109589,0.845,0.0025763615721666484,-0.04420730860448285,-31166020.78482555,757.3900146484375,-0.004586781374170235,2026-09-15
SPY260930P00701000,2026-09-15 19:30:17+00:00,701.0,0.95,0.86,0.87,0.25,35.714287,1134.0,1132.0,0.23395541442871093,False,REGULAR,USD,SPY,put,2026-09-30,0.0410958904109589,0.865,0.002664273203470905,-0.04554198142508814,-1730072.6232887406,757.3900146484375,-0.004586781374170235,2026-09-15
SPY260930P00702000,2026-09-15 14:22:08+00:00,702.0,0.96,0.89,0.9,0.14999998,18.518517,1.0,1199.0,0.23218541259765624,False,REGULAR,USD,SPY,put,2026-09-30,0.0410958904109589,0.895,0.0027659532158862245,-0.04726783975323512,-1902405.8090750594,757.3900146484375,-0.004586781374170235,2026-09-15
SPY260930P00703000,2026-09-15 19:52:18+00:00,703.0,1.03,0.91,0.92,0.22999996,28.749994,343.0,1931.0,0.2298660998535156,False,REGULAR,USD,SPY,put,2026-09-30,0.0410958904109589,0.915,0.0028604633243652757,-0.048679756705513166,-3168529.8862381405,757.3900146484375,-0.004586781374170235,2026-09-15
SPY260930P00704000,2026-09-15 19:52:20+00:00,704.0,1.06,0.94,0.95,0.059999943,5.9999943,506.0,716.0,0.22797402893066404,False,REGULAR,USD,SPY,put,2026-09-30,0.0410958904109589,0.945,0.00296808374932078,-0.05046019360028697,-1219069.1011739802,757.3900146484375,-0.004586781374170235,2026-09-15
SPY260930P00705000,2026-09-15 19:47:06+00:00,705.0,1.07,0.97,0.98,0.19000006,21.590916,78.0,3836.0,0.2260819580078125,False,REGULAR,USD,SPY,put,2026-09-30,0.0410958904109589,0.975,0.003080252937451986,-0.052318187739615385,-6778040.026588754,757.3900146484375,-0.004586781374170235,2026-09-15
SPY260930P00706000,2026-09-15 19:00:47+00:00,706.0,1.07,1.0,1.01,0.20000005,22.98851,33.0,801.0,0.224067817993164,False,REGULAR,USD,SPY,put,2026-09-30,0.0410958904109589,1.005,0.0031945566000548603,-0.05416417378942828,-1467851.9480969664,757.3900146484375,-0.004586781374170235,2026-09-15
SPY260930P00707000,2026-09-15 19:25:35+00:00,707.0,1.13,1.04,1.05,0.049999952,4.629625,515.0,21226.0,0.2225419543457031,False,REGULAR,USD,SPY,put,2026-09-30,0.0410958904109589,1.045,0.0033243249750505594,-0.05647438874035893,-40477229.8130987,757.3900146484375,-0.004586781374170235,2026-09-15
SPY260930P00708000,2026-09-15 19:55:07+00:00,708.0,1.18,1.07,1.08,0.099999905,9.25925,331.0,1241.0,0.22034471069335934,False,REGULAR,USD,SPY,put,2026-09-30,0.0410958904109589,1.0750000000000002,0.003444807504418075,-0.05834806639074386,-2452312.9432353964,757.3900146484375,-0.004586781374170235,2026-09-15
SPY260930P00709000,2026-09-15 16:05:38+00:00,709.0,1.22,1.11,1.12,0.120000005,10.909091,7.0,1324.0,0.2186357434082031,False,REGULAR,USD,SPY,put,2026-09-30,0.0410958904109589,1.1150000000000002,0.003581285883058018,-0.06070733015219587,-2719982.6020968505,757.3900146484375,-0.004586781374170235,2026-09-15
SPY260930P00710000,2026-09-15 20:14:02+00:00,710.0,1.14,1.14,1.15,0.01999998,1.7857126,1186.0,14488.0,0.21643849975585935,False,REGULAR,USD,SPY,put,2026-09-30,0.0410958904109589,1.145,0.003712754184447924,-0.06275921531033302,-30856295.416866858,757.3900146484375,-0.004586781374170235,2026-09-15
SPY260930P00711000,2026-09-15 15:03:48+00:00,711.0,1.36,1.18,1.19,0.38,38.77551,9.0,1020.0,0.21460746337890624,False,REGULAR,USD,SPY,put,2026-09-30,0.0410958904109589,1.185,0.003858140106305354,-0.06522072819091174,-2257445.7212096932,757.3900146484375,-0.004586781374170235,2026-09-15
SPY260930P00712000,2026-09-15 13:51:15+00:00,712.0,1.14,1.22,1.23,0.13999999,13.999998,260.0,973.0,0.21265435791015624,False,REGULAR,USD,SPY,put,2026-09-30,0.0410958904109589,1.225,0.0040070151129911495,-0.06768546126086683,-2236520.9515391826,757.3900146484375,-0.004586781374170235,2026-09-15
SPY260930P00713000,2026-09-15 19:59:45+00:00,713.0,1.36,1.26,1.28,0.28999996,27.102798,228.0,738.0,0.21106745971679686,False,REGULAR,USD,SPY,put,2026-09-30,0.0410958904109589,1.27,0.004170332439348889,-0.07059748090394946,-1765493.7658247715,757.3900146484375,-0.004586781374170235,2026-09-15
SPY260930P00714000,2026-09-15 19:52:20+00:00,714.0,1.48,1.31,1.33,0.38,34.545452,89.0,872.0,0.2093584924316406,False,REGULAR,USD,SPY,put,2026-09-30,0.0410958904109589,1.32,0.004337620958767453,-0.07352991538313802,-2169737.6940118973,757.3900146484375,-0.004586781374170235,2026-09-15
SPY260930P00715000,2026-09-15 19:51:29+00:00,715.0,1.53,1.35,1.37,0.29999995,24.39024,1568.0,7368.0,0.20722228332519527,False,REGULAR,USD,SPY,put,2026-09-30,0.0410958904109589,1.36,0.004502673865134947,-0.07618774432964148,-19030897.010905128,757.3900146484375,-0.004586781374170235,2026-09-15
SPY260930P00716000,2026-09-15 17:22:36+00:00,716.0,1.58,1.4,1.42,0.31000006,24.409454,74.0,1602.0,0.20539124694824218,False,REGULAR,USD,SPY,put,2026-09-30,0.0410958904109589,1.41,0.00468158212737909,-0.07926832600642608,-4302236.777229946,757.3900146484375,-0.004586781374170235,2026-09-15
SPY260930P00717000,2026-09-15 19:25:35+00:00,717.0,1.59,1.46,1.47,0.36,29.268291,199.0,788.0,0.20343814147949218,False,REGULAR,USD,SPY,put,2026-09-30,0.0410958904109589,1.4649999999999999,0.004865490885221571,-0.08236963134923136,-2199338.268684167,757.3900146484375,-0.004586781374170235,2026-09-15
SPY260930P00718000,2026-09-15 19:25:35+00:00,718.0,1.65,1.51,1.53,0.34000003,25.954203,827.0,637.0,0.20179020874023437,False,REGULAR,USD,SPY,put,2026-09-30,0.0410958904109589,1.52,0.005063574664527066,-0.08593066066677424,-1850272.9546470395,757.3900146484375,-0.004586781374170235,2026-09-15
SPY260930P00719000,2026-09-15 19:25:35+00:00,719.0,1.71,1.57,1.59,0.30000007,21.276602,386.0,819.0,0.2000812414550781,False,REGULAR,USD,SPY,put,2026-09-30,0.0410958904109589,1.58,0.005268397583630641,-0.08959464532184769,-2475150.4021311337,757.3900146484375,-0.004586781374170235,2026-09-15
SPY260930P00720000,2026-09-15 20:13:32+00:00,720.0,1.62,1.63,1.64,0.08000004,5.194808,2124.0,14922.0,0.19788399780273438,False,REGULAR,USD,SPY,put,2026-09-30,0.0410958904109589,1.6349999999999998,0.005472147371118083,-0.0929050377924241,-46840764.08306244,757.3900146484375,-0.004586781374170235,2026-09-15
SPY260930P00721000,2026-09-15 20:00:14+00:00,721.0,1.78,1.69,1.71,0.23000002,14.838712,422.0,1928.0,0.196297099609375,False,REGULAR,USD,SPY,put,2026-09-30,0.0410958904109589,1.7,0.0056964586869110235,-0.09704560791393724,-6300153.513396889,757.3900146484375,-0.004586781374170235,2026-09-15
SPY260930P00722000,2026-09-15 20:00:14+00:00,722.0,1.85,1.75,1.77,0.39,26.712328,831.0,1966.0,0.19428295959472658,False,REGULAR,USD,SPY,put,2026-09-30,0.0410958904109589,1.76,0.005921929292766746,-0.10090142473069252,-6678606.89354914,757.3900146484375,-0.004586781374170235,2026-09-15
SPY260930P00723000,2026-09-15 19:34:56+00:00,723.0,2.0,1.82,1.84,0.38,23.45679,150.0,606.0,0.1925129577636719,False,REGULAR,USD,SPY,put,2026-09-30,0.0410958904109589,1.83,0.006161211931709351,-0.1052226264145677,-2141795.1077259607,757.3900146484375,-0.004586781374170235,2026-09-15
SPY260930P00724000,2026-09-15 19:40:07+00:00,724.0,2.14,1.89,1.91,0.56000006,35.443043,371.0,1055.0,0.19062088684082032,False,REGULAR,USD,SPY,put,2026-09-30,0.0410958904109589,1.9,0.006408196951509705,-0.10960727834789918,-3878175.522281371,757.3900146484375,-0.004586781374170235,2026-09-15
SPY260930P00725000,2026-09-15 19:48:54+00:00,725.0,2.1,1.97,1.99,0.24999988,13.513507,636.0,18724.0,0.18891191955566405,False,REGULAR,USD,SPY,put,2026-09-30,0.0410958904109589,1.98,0.006667984012020003,-0.11442154388646075,-71619672.79673342,757.3900146484375,-0.004586781374170235,2026-09-15
SPY260930P00726000,2026-09-15 19:30:45+00:00,726.0,2.23,2.05,2.07,0.5,28.901733,14.0,907.0,0.18708088317871097,False,REGULAR,USD,SPY,put,2026-09-30,0.0410958904109589,2.0599999999999996,0.0069362216890108425,-0.11931761928903639,-3608854.747440679,757.3900146484375,-0.004586781374170235,2026-09-15
SPY260930P00727000,2026-09-15 19:59:50+00:00,727.0,2.31,2.13,2.15,0.63,37.5,308.0,1313.0,0.18518881225585934,False,REGULAR,USD,SPY,put,2026-09-30,0.0410958904109589,2.1399999999999997,0.007214423481431131,-0.12437431332752891,-5433823.25196131,757.3900146484375,-0.004586781374170235,2026-09-15
SPY260930P00728000,2026-09-15 19:40:07+00:00,728.0,2.5,2.22,2.24,0.62,32.97872,438.0,820.0,0.18341881042480468,False,REGULAR,USD,SPY,put,2026-09-30,0.0410958904109589,2.2300000000000004,0.00750492596085572,-0.1298297846317784,-3530200.846513051,757.3900146484375,-0.004586781374170235,2026-09-15
SPY260930P00729000,2026-09-15 18:16:18+00:00,729.0,2.45,2.31,2.33,0.51,26.288658,71.0,1851.0,0.1815572567749023,False,REGULAR,USD,SPY,put,2026-09-30,0.0410958904109589,2.3200000000000003,0.007805738108960042,-0.13543121684250659,-8288187.075988662,757.3900146484375,-0.004586781374170235,2026-09-15
SPY260930P00730000,2026-09-15 19:59:00+00:00,730.0,2.58,2.41,2.43,0.3499999,15.695064,2874.0,26562.0,0.17981777221679687,False,REGULAR,USD,SPY,put,2026-09-30,0.0410958904109589,2.42,0.008118791507568989,-0.14146268331766043,-123706155.82536197,757.3900146484375,-0.004586781374170235,2026-09-15
SPY260930P00731000,2026-09-15 19:57:38+00:00,731.0,2.75,2.51,2.53,0.6700001,32.211544,747.0,1284.0,0.17798673583984376,False,REGULAR,USD,SPY,put,2026-09-30,0.0410958904109589,2.5199999999999996,0.00844286999853908,-0.14766406053827486,-6218623.6780737415,757.3900146484375,-0.004586781374170235,2026-09-15
SPY260930P00732000,2026-09-15 17:43:44+00:00,732.0,2.9,2.62,2.64,0.75,34.88372,701.0,1632.0,0.17627776855468752,False,REGULAR,USD,SPY,put,2026-09-30,0.0410958904109589,2.63,0.008778858959917998,-0.1543278102087744,-8218591.15537336,757.3900146484375,-0.004586781374170235,2026-09-15
SPY260930P00733000,2026-09-15 19:56:20+00:00,733.0,2.99,2.73,2.76,0.52,21.052631,491.0,1112.0,0.1746603530883789,False,REGULAR,USD,SPY,put,2026-09-30,0.0410958904109589,2.745,0.009125935897324697,-0.1614322695594752,-5821318.3661246775,757.3900146484375,-0.004586781374170235,2026-09-15
SPY260930P00734000,2026-09-15 19:59:14+00:00,734.0,3.06,2.85,2.87,0.73,31.330473,459.0,1761.0,0.1726767303466797,False,REGULAR,USD,SPY,put,2026-09-30,0.0410958904109589,2.8600000000000003,0.00948608097085894,-0.16837815922964294,-9582643.54539012,757.3900146484375,-0.004586781374170235,2026-09-15
SPY260930P00735000,2026-09-15 20:14:36+00:00,735.0,2.99,2.97,3.0,0.26,9.523809,4028.0,19573.0,0.1710287976074219,False,REGULAR,USD,SPY,put,2026-09-30,0.0410958904109589,2.9850000000000003,0.009856257276243044,-0.1761218649898748,-110664564.08519323,757.3900146484375,-0.004586781374170235,2026-09-15
SPY260930P00736000,2026-09-15 19:57:04+00:00,736.0,3.4,3.1,3.13,0.5600002,19.718317,244.0,725.0,0.16919776123046876,False,REGULAR,USD,SPY,put,2026-09-30,0.0410958904109589,3.115,0.010239761807638385,-0.18398011837735306,-4258601.583442802,757.3900146484375,-0.004586781374170235,2026-09-15
SPY260930P00737000,2026-09-15 20:04:16+00:00,737.0,3.31,3.24,3.27,0.3499999,11.824322,676.0,9663.0,0.16748879394531252,False,REGULAR,USD,SPY,put,2026-09-30,0.0410958904109589,3.255,0.010633297627626388,-0.19238267231901363,-58941217.13966539,757.3900146484375,-0.004586781374170235,2026-09-15
SPY260930P00738000,2026-09-15 19:31:19+00:00,738.0,3.6,3.38,3.41,0.51,16.504854,91.0,1218.0,0.16559672302246098,False,REGULAR,USD,SPY,put,2026-09-30,0.0410958904109589,3.395,0.011041773160275091,-0.20093020341846735,-7714810.4379930375,757.3900146484375,-0.004586781374170235,2026-09-15
SPY260930P00739000,2026-09-15 20:00:00+00:00,739.0,3.73,3.53,3.56,0.48000002,14.769231,323.0,1777.0,0.16376568664550784,False,REGULAR,USD,SPY,put,2026-09-30,0.0410958904109589,3.545,0.011460966799202247,-0.209972870584059,-11682823.955454482,757.3900146484375,-0.004586781374170235,2026-09-15
SPY260930P00740000,2026-09-15 20:14:45+00:00,740.0,3.7,3.69,3.72,0.34000015,10.119053,2197.0,22912.0,0.16199568481445312,False,REGULAR,USD,SPY,put,2026-09-30,0.0410958904109589,3.705,0.011889701369000189,-0.21952768648899845,-156269095.19060314,757.3900146484375,-0.004586781374170235,2026-09-15
SPY260930P00741000,2026-09-15 19:59:14+00:00,741.0,4.12,3.83,3.91,0.6099999,17.378914,79.0,1204.0,0.1606224075317383,False,REGULAR,USD,SPY,put,2026-09-30,0.0410958904109589,3.87,0.01231425494896439,-0.23005915549837586,-8504989.425382769,757.3900146484375,-0.004586781374170235,2026-09-15
SPY260930P00742000,2026-09-15 19:42:30+00:00,742.0,4.46,4.01,4.08,1.1800001,35.975613,62.0,906.0,0.15869981933593752,False,REGULAR,USD,SPY,put,2026-09-30,0.0410958904109589,4.045,0.012767289007049135,-0.24031514059540537,-6635383.635162123,757.3900146484375,-0.004586781374170235,2026-09-15
SPY260930P00743000,2026-09-15 19:09:12+00:00,743.0,4.52,4.19,4.27,1.06,30.635836,12.0,1927.0,0.15699085205078128,False,REGULAR,USD,SPY,put,2026-09-30,0.0410958904109589,4.23,0.013220632560552632,-0.2513332807838975,-14614134.49983476,757.3900146484375,-0.004586781374170235,2026-09-15
SPY260930P00744000,2026-09-15 19:38:56+00:00,744.0,4.87,4.39,4.47,1.26,34.90305,24.0,1103.0,0.15528188476562502,False,REGULAR,USD,SPY,put,2026-09-30,0.0410958904109589,4.43,0.013681100138895806,-0.26284400399354446,-8656367.472225579,757.3900146484375,-0.004586781374170235,2026-09-15
SPY260930P00745000,2026-09-15 20:11:16+00:00,745.0,4.63,4.59,4.67,0.48000002,11.566265,866.0,17622.0,0.15338981384277345,False,REGULAR,USD,SPY,put,2026-09-30,0.0410958904109589,4.63,0.01415864121994613,-0.2746370153921457,-143125139.8483391,757.3900146484375,-0.004586781374170235,2026-09-15
SPY260930P00746000,2026-09-15 19:28:33+00:00,746.0,5.24,4.8,4.9,1.2299995,30.673304,10.0,1741.0,0.1518334329223633,False,REGULAR,USD,SPY,put,2026-09-30,0.0410958904109589,4.85,0.01462046493707961,-0.28736813126626626,-14601554.875939924,757.3900146484375,-0.004586781374170235,2026-09-15
SPY260930P00747000,2026-09-15 19:57:24+00:00,747.0,5.55,5.03,5.12,1.3600001,32.458237,321.0,2249.0,0.14991084472656252,False,REGULAR,USD,SPY,put,2026-09-30,0.0410958904109589,5.075,0.015110441793183532,-0.30020398881298616,-19494215.736122064,757.3900146484375,-0.004586781374170235,2026-09-15
SPY260930P00748000,2026-09-15 20:00:00+00:00,748.0,5.6,5.27,5.36,1.0699997,23.6203,59.0,1469.0,0.14814084289550783,False,REGULAR,USD,SPY,put,2026-09-30,0.0410958904109589,5.3149999999999995,0.015592052299475405,-0.31377968878023743,-13139057.973787256,757.3900146484375,-0.004586781374170235,2026-09-15
SPY260930P00749000,2026-09-15 19:50:12+00:00,749.0,6.07,5.52,5.61,1.6700001,37.954544,237.0,725.0,0.14630980651855469,False,REGULAR,USD,SPY,put,2026-09-30,0.0410958904109589,5.5649999999999995,0.016078991212660255,-0.3278639034513501,-6687071.313252563,757.3900146484375,-0.004586781374170235,2026-09-15
SPY260930P00750000,2026-09-15 20:13:28+00:00,750.0,5.82,5.79,5.88,0.6500001,12.5725355,6907.0,18277.0,0.14460083923339845,False,REGULAR,USD,SPY,put,2026-09-30,0.0410958904109589,5.835,0.016552494149752295,-0.3426563270390347,-173543161.60477927,757.3900146484375,-0.004586781374170235,2026-09-15
SPY260930P00751000,2026-09-15 20:13:32+00:00,751.0,6.14,6.07,6.16,1.0299997,20.15655,157.0,1209.0,0.14283083740234376,False,REGULAR,USD,SPY,put,2026-09-30,0.0410958904109589,6.115,0.017026258147554162,-0.35797871699470485,-11808226.224964652,757.3900146484375,-0.004586781374170235,2026-09-15
SPY260930P00752000,2026-09-15 19:47:33+00:00,752.0,6.95,6.36,6.46,1.6699996,31.628778,67.0,4991.0,0.14115238739013675,False,REGULAR,USD,SPY,put,2026-09-30,0.0410958904109589,6.41,0.017481530376661916,-0.3739733237958023,-50050240.57218721,757.3900146484375,-0.004586781374170235,2026-09-15
SPY260930P00753000,2026-09-15 19:39:09+00:00,753.0,7.4,6.67,6.77,1.3899999,23.128117,127.0,993.0,0.13938238555908206,False,REGULAR,USD,SPY,put,2026-09-30,0.0410958904109589,6.72,0.0179348186169075,-0.39049218003525776,-10216105.932898127,757.3900146484375,-0.004586781374170235,2026-09-15
SPY260930P00754000,2026-09-15 20:10:55+00:00,754.0,7.06,7.0,7.09,0.7999997,12.779548,206.0,6409.0,0.1375513491821289,False,REGULAR,USD,SPY,put,2026-09-30,0.0410958904109589,7.045,0.01838060063464151,-0.4075818172445037,-67575477.13608818,757.3900146484375,-0.004586781374170235,2026-09-15
SPY260930P00755000,2026-09-15 20:14:58+00:00,755.0,7.4,7.35,7.44,0.8699999,13.323121,1373.0,15858.0,0.13590341644287113,False,REGULAR,USD,SPY,put,2026-09-30,0.0410958904109589,7.395,0.018783343833439377,-0.42537518585233247,-170867896.188265,757.3900146484375,-0.004586781374170235,2026-09-15
SPY260930P00756000,2026-09-15 20:12:41+00:00,756.0,7.76,7.7,7.81,0.89000034,12.954881,101.0,2028.0,0.13431651824951174,False,REGULAR,USD,SPY,put,2026-09-30,0.0410958904109589,7.755,0.019152135611592794,-0.4437575150749402,-22280468.010087524,757.3900146484375,-0.004586781374170235,2026-09-15
SPY260930P00757000,2026-09-15 20:12:41+00:00,757.0,8.13,8.08,8.2,1.0999999,15.647224,481.0,7540.0,0.13272962005615235,False,REGULAR,USD,SPY,put,2026-09-30,0.0410958904109589,8.14,0.019490249080519693,-0.46267795790599764,-84300060.33484487,757.3900146484375,-0.004586781374170235,2026-09-15
SPY260930P00758000,2026-09-15 20:14:15+00:00,758.0,8.53,8.49,8.6,0.97999954,12.980126,667.0,1384.0,0.1310511700439453,True,REGULAR,USD,SPY,put,2026-09-30,0.0410958904109589,8.545,0.019806761808009922,-0.4821110783087268,-15724929.942399058,757.3900146484375,-0.004586781374170235,2026-09-15
SPY260930P00759000,2026-09-15 19:58:50+00:00,759.0,9.48,8.91,9.03,1.5799994,19.999992,283.0,1253.0,0.12952530639648438,True,REGULAR,USD,SPY,put,2026-09-30,0.0410958904109589,8.969999999999999,0.02006000029895884,-0.5020493017761982,-14418535.677875001,757.3900146484375,-0.004586781374170235,2026-09-15
SPY260930P00760000,2026-09-15 20:14:30+00:00,760.0,9.41,9.36,9.46,1.1300001,13.647346,3304.0,12098.0,0.12766375274658204,True,REGULAR,USD,SPY,put,2026-09-30,0.0410958904109589,9.41,0.020320355783042986,-0.5225151146105571,-141021080.54320586,757.3900146484375,-0.004586781374170235,2026-09-15
SPY260930P00761000,2026-09-15 20:01:31+00:00,761.0,10.22,9.8,9.98,1.4700003,16.800003,882.0,27513.0,0.12693133819580077,True,REGULAR,USD,SPY,put,2026-09-30,0.0410958904109589,9.89,0.020351086737625007,-0.5430192654593835,-321191988.1922465,757.3900146484375,-0.004586781374170235,2026-09-15
SPY260930P00762000,2026-09-15 19:56:38+00:00,762.0,11.1,10.19,10.45,2.0100002,22.112215,43.0,1583.0,0.12503926727294923,True,REGULAR,USD,SPY,put,2026-09-30,0.0410958904109589,10.32,0.020509502757019033,-0.5642962920478082,-18624095.775345467,757.3900146484375,-0.004586781374170235,2026-09-15
SPY260930P00763000,2026-09-15 20:10:50+00:00,763.0,10.9,10.7,11.02,1.75,19.125685,14.0,1569.0,0.12445943908691406,True,REGULAR,USD,SPY,put,2026-09-30,0.0410958904109589,10.86,0.0204010118477159,-0.5850081984698632,-18361738.662485093,757.3900146484375,-0.004586781374170235,2026-09-15
SPY260930P00764000,2026-09-15 20:01:07+00:00,764.0,11.66,11.23,11.52,1.6499996,16.483513,55.0,1191.0,0.122353747253418,True,REGULAR,USD,SPY,put,2026-09-30,0.0410958904109589,11.375,0.02046677952243263,-0.6070557423102407,-13983002.10110723,757.3900146484375,-0.004586781374170235,2026-09-15
SPY260930P00765000,2026-09-15 20:14:50+00:00,765.0,12.0,11.8,12.14,1.4700003,13.960117,316.0,2221.0,0.1218959881591797,True,REGULAR,USD,SPY,put,2026-09-30,0.0410958904109589,11.97,0.020214673500346017,-0.6276744994607458,-25754578.107023478,757.3900146484375,-0.004586781374170235,2026-09-15
SPY260930P00766000,2026-09-15 19:43:17+00:00,766.0,13.78,12.4,12.72,3.58,35.09804,36.0,2213.0,0.12040064178466797,True,REGULAR,USD,SPY,put,2026-09-30,0.0410958904109589,12.56,0.02004999084241831,-0.6493521223701246,-25452751.813947372,757.3900146484375,-0.004586781374170235,2026-09-15
SPY260930P00767000,2026-09-15 19:33:23+00:00,767.0,14.09,13.01,13.38,3.12,28.441202,48.0,1749.0,0.11991236541748046,True,REGULAR,USD,SPY,put,2026-09-30,0.0410958904109589,13.195,0.019678733537053614,-0.6696337774120187,-19743589.140061755,757.3900146484375,-0.004586781374170235,2026-09-15
SPY260930P00768000,2026-09-15 20:01:16+00:00,768.0,14.16,13.62,14.02,2.62,22.70364,65.0,630.0,0.11872219177246093,True,REGULAR,USD,SPY,put,2026-09-30,0.0410958904109589,13.82,0.019336370145672865,-0.6906455868716423,-6988028.2282714825,757.3900146484375,-0.004586781374170235,2026-09-15
SPY260930P00769000,2026-09-15 18:42:18+00:00,769.0,15.2,14.29,14.83,2.9700003,24.28455,55.0,1565.0,0.1203090899658203,True,REGULAR,USD,SPY,put,2026-09-30,0.0410958904109589,14.559999999999999,0.018624976097373697,-0.7068308697862709,-16720498.30672692,757.3900146484375,-0.004586781374170235,2026-09-15
SPY260930P00770000,2026-09-15 19:58:34+00:00,770.0,16.0,15.02,15.41,2.63,19.670906,34.0,6003.0,0.117196328125,True,REGULAR,USD,SPY,put,2026-09-30,0.0410958904109589,15.215,0.01836239724988812,-0.7303728427527068,-63231993.25511792,757.3900146484375,-0.004586781374170235,2026-09-15
SPY260930P00771000,2026-09-14 18:37:40+00:00,771.0,12.94,15.71,16.3,0.0,0.0,8.0,1084.0,0.1198208135986328,True,REGULAR,USD,SPY,put,2026-09-30,0.0410958904109589,16.005000000000003,0.017516703754119272,-0.7432503646325994,-10892330.680443564,757.3900146484375,-0.004586781374170235,2026-09-15
SPY260930P00772000,2026-09-14 18:18:05+00:00,772.0,13.5,16.46,17.07,0.0,0.0,20.0,1294.0,0.11975977905273436,True,REGULAR,USD,SPY,put,2026-09-30,0.0410958904109589,16.765,0.01689656905412866,-0.7602581936845072,-12542148.95067977,757.3900146484375,-0.004586781374170235,2026-09-15
SPY260930P00773000,2026-09-14 15:42:03+00:00,773.0,15.21,17.24,19.4,0.0,0.0,5.0,801.0,0.15110101837158207,True,REGULAR,USD,SPY,put,2026-09-30,0.0410958904109589,18.32,0.014388776012372605,-0.7247550890989339,-6611431.739894459,757.3900146484375,-0.004586781374170235,2026-09-15
SPY260930P00774000,2026-09-15 14:39:03+00:00,774.0,19.39,18.04,20.2,6.329999,48.468597,2.0,445.0,0.15204705383300782,True,REGULAR,USD,SPY,put,2026-09-30,0.0410958904109589,19.119999999999997,0.013968073619746892,-0.7373065700441379,-3565625.0861152755,757.3900146484375,-0.004586781374170235,2026-09-15
SPY260930P00775000,2026-09-15 19:56:33+00:00,775.0,19.86,17.8,21.06,3.6100006,22.21539,22.0,11798.0,0.1540001593017578,True,REGULAR,USD,SPY,put,2026-09-30,0.0410958904109589,19.43,0.013498371006096205,-0.7479248997901646,-91354280.76653503,757.3900146484375,-0.004586781374170235,2026-09-15
SPY260930P00776000,2026-09-15 14:34:18+00:00,776.0,21.0,18.65,21.91,4.75,29.23077,1.0,364.0,0.1555870574951172,True,REGULAR,USD,SPY,put,2026-09-30,0.0410958904109589,20.28,0.013055420122189782,-0.7585744243501663,-2726034.7384758824,757.3900146484375,-0.004586781374170235,2026-09-15
SPY260930P00777000,2026-09-15 14:24:03+00:00,777.0,21.84,19.53,22.79,1.5400009,7.5862117,4.0,321.0,0.15766223205566404,True,REGULAR,USD,SPY,put,2026-09-30,0.0410958904109589,21.16,0.01260362255332646,-0.7680265810712,-2320809.915739026,757.3900146484375,-0.004586781374170235,2026-09-15
SPY260930P00778000,2026-09-15 16:03:01+00:00,778.0,22.78,20.42,23.68,2.1800003,10.582525,6.0,289.0,0.15979844116210937,True,REGULAR,USD,SPY,put,2026-09-30,0.0410958904109589,22.05,0.012164223470909594,-0.7769241117312474,-2016607.5232433537,757.3900146484375,-0.004586781374170235,2026-09-15
SPY260930P00779000,2026-09-10 15:32:16+00:00,779.0,22.88,21.34,24.59,0.0,0.0,4.0,128.0,0.16223982299804687,True,REGULAR,USD,SPY,put,2026-09-30,0.0410958904109589,22.965,0.011732037234222501,-0.7849283711808124,-861435.0782087946,757.3900146484375,-0.004586781374170235,2026-09-15
SPY260930P00780000,2026-09-15 19:47:25+00:00,780.0,24.74,22.27,25.51,4.99,25.265821,241.0,368.0,0.16480327392578126,True,REGULAR,USD,SPY,put,2026-09-30,0.0410958904109589,23.89,0.011314808653844126,-0.7923373377360061,-2388549.1529534133,757.3900146484375,-0.004586781374170235,2026-09-15
SPY260930P00781000,2026-09-15 15:40:27+00:00,781.0,25.27,22.83,26.44,1.2700005,5.2916684,1.0,26.0,0.16748879394531252,True,REGULAR,USD,SPY,put,2026-09-30,0.0410958904109589,24.634999999999998,0.010913477960114137,-0.7991789662216984,-162770.4911524298,757.3900146484375,-0.004586781374170235,2026-09-15
SPY260930P00782000,2026-09-15 18:58:02+00:00,782.0,26.43,23.78,27.39,2.83,11.991526,1.0,83.0,0.17054052124023442,True,REGULAR,USD,SPY,put,2026-09-30,0.0410958904109589,25.585,0.010525203455046555,-0.8051284331207247,-501126.93044406874,757.3900146484375,-0.004586781374170235,2026-09-15
SPY260930P00783000,2026-09-15 18:58:02+00:00,783.0,27.38,24.71,28.35,5.129999,23.056177,1.0,14.0,0.17377535217285156,True,REGULAR,USD,SPY,put,2026-09-30,0.0410958904109589,26.53,0.01015450981057276,-0.810489049322092,-81550.4101177171,757.3900146484375,-0.004586781374170235,2026-09-15
SPY260930P00784000,2026-09-04 17:20:20+00:00,784.0,16.74,25.75,29.32,0.0,0.0,8.0,40.0,0.17719328674316404,True,REGULAR,USD,SPY,put,2026-09-30,0.0410958904109589,27.535,0.009801685297050559,-0.8152943110621582,-224905.4067687009,757.3900146484375,-0.004586781374170235,2026-09-15
SPY260930P00785000,2026-09-15 14:16:17+00:00,785.0,28.5,26.66,30.29,3.0900002,12.160566,6.0,105.0,0.1805501867675781,True,REGULAR,USD,SPY,put,2026-09-30,0.0410958904109589,28.475,0.009468390282695556,-0.8199148203164357,-570301.6136026145,757.3900146484375,-0.004586781374170235,2026-09-15
SPY260930P00786000,2026-09-11 16:37:49+00:00,786.0,22.65,27.78,31.27,0.0,0.0,16.0,21.0,0.18412070770263672,True,REGULAR,USD,SPY,put,2026-09-30,0.0410958904109589,29.525,0.009151674583255331,-0.8239921639210652,-110245.02848251184,757.3900146484375,-0.004586781374170235,2026-09-15
SPY260930P00787000,2026-09-14 13:33:58+00:00,787.0,29.71,28.61,32.25,0.0,0.0,1.0,6.0,0.18763019409179688,True,REGULAR,USD,SPY,put,2026-09-30,0.0410958904109589,30.43,0.008852369455187374,-0.8279260137156491,-30468.41986119732,757.3900146484375,-0.004586781374170235,2026-09-15
SPY260930P00788000,2026-09-08 15:30:09+00:00,788.0,22.2,29.54,33.24,0.0,0.0,1.0,10.0,0.19135330139160156,True,REGULAR,USD,SPY,put,2026-09-30,0.0410958904109589,31.39,0.008568529816843255,-0.8313674016247605,-49152.4831052973,757.3900146484375,-0.004586781374170235,2026-09-15
SPY260930P00789000,2026-09-09 13:30:11+00:00,789.0,26.5,30.5,34.23,0.0,0.0,3.0,29.0,0.1950153741455078,True,REGULAR,USD,SPY,put,2026-09-30,0.0410958904109589,32.364999999999995,0.008300071528949014,-0.8347004221502293,-138076.24989676537,757.3900146484375,-0.004586781374170235,2026-09-15
SPY260930P00790000,2026-09-15 19:04:53+00:00,790.0,34.02,31.6,35.22,3.3900013,11.067585,1.0,37.0,0.19867744689941402,True,REGULAR,USD,SPY,put,2026-09-30,0.0410958904109589,33.41,0.00804575295503134,-0.8378568411890386,-170768.42296008902,757.3900146484375,-0.004586781374170235,2026-09-15
SPY260930P00791000,2026-08-14 15:00:12+00:00,791.0,20.8,32.59,36.21,0.0,0.0,1.0,2.0,0.20227848510742186,True,REGULAR,USD,SPY,put,2026-09-30,0.0410958904109589,34.400000000000006,0.007804527799197537,-0.840924884339854,-8953.972945062522,757.3900146484375,-0.004586781374170235,2026-09-15
SPY260930P00792000,2026-08-27 19:57:59+00:00,792.0,23.5,33.58,37.21,0.0,0.0,6.0,3.0,0.20615417877197262,True,REGULAR,USD,SPY,put,2026-09-30,0.0410958904109589,35.394999999999996,0.007576117450382078,-0.843501175410163,-13037.883730706706,757.3900146484375,-0.004586781374170235,2026-09-15
SPY260930P00793000,2026-09-03 13:41:21+00:00,793.0,24.5,34.51,38.21,0.0,0.0,1.0,4.0,0.20996883789062498,True,REGULAR,USD,SPY,put,2026-09-30,0.0410958904109589,36.36,0.007359323329399313,-0.8460171794809118,-16886.39817316923,757.3900146484375,-0.004586781374170235,2026-09-15
SPY260930P00794000,2026-09-10 13:30:57+00:00,794.0,37.3,35.56,39.2,0.0,0.0,6.0,13.0,0.2135088415527344,True,REGULAR,USD,SPY,put,2026-09-30,0.0410958904109589,37.38,0.007152465744910617,-0.8487299013090923,-53338.191844291556,757.3900146484375,-0.004586781374170235,2026-09-15
SPY260930P00795000,2026-09-03 13:43:57+00:00,795.0,26.85,36.51,40.2,0.0,0.0,2.0,20.0,0.2172929833984375,True,REGULAR,USD,SPY,put,2026-09-30,0.0410958904109589,38.355000000000004,0.006956500204355697,-0.8510296017574179,-79810.48466318144,757.3900146484375,-0.004586781374170235,2026-09-15
SPY260930P00797000,2026-09-01 13:33:03+00:00,797.0,36.0,38.5,42.19,0.0,0.0,0.0,0.0,0.22449505981445309,True,REGULAR,USD,SPY,put,2026-09-30,0.0410958904109589,40.345,0.00659062677801244,-0.8557095654200355,-0.0,757.3900146484375,-0.004586781374170235,2026-09-15
SPY260930P00798000,2026-09-03 16:29:57+00:00,798.0,26.99,39.54,43.19,0.0,0.0,2.0,3.0,0.2282181671142578,True,REGULAR,USD,SPY,put,2026-09-30,0.0410958904109589,41.364999999999995,0.006420935484282826,-0.8577537238614146,-11049.90924899488,757.3900146484375,-0.004586781374170235,2026-09-15
SPY260930P00799000,2026-09-10 15:31:10+00:00,799.0,41.07,40.55,44.19,0.0,0.0,0.0,2.0,0.23188023986816403,True,REGULAR,USD,SPY,put,2026-09-30,0.0410958904109589,42.37,0.006258680141455055,-0.8597694158202103,-7180.453974954217,757.3900146484375,-0.004586781374170235,2026-09-15
SPY260930P00800000,2026-09-15 19:58:49+00:00,800.0,44.2,41.5,45.19,5.200001,13.333335,2.0,281.0,0.2355423126220703,True,REGULAR,USD,SPY,put,2026-09-30,0.0410958904109589,43.345,0.006103705705662235,-0.8616940510605955,-983873.0299741337,757.3900146484375,-0.004586781374170235,2026-09-15
SPY260930P00802000,2026-09-01 13:30:10+00:00,802.0,40.65,43.47,47.19,0.0,0.0,1.0,3.0,0.24280542358398435,True,REGULAR,USD,SPY,put,2026-09-30,0.0410958904109589,45.33,0.005813496831899013,-0.8653539375105761,-10004.556589775226,757.3900146484375,-0.004586781374170235,2026-09-15
SPY260930P00805000,2026-09-10 13:42:12+00:00,805.0,47.52,46.49,50.18,0.0,0.0,1.0,2.0,0.2533033654785156,True,REGULAR,USD,SPY,put,2026-09-30,0.0410958904109589,48.335,0.0054200345462999755,-0.870664374440983,-6218.293269948267,757.3900146484375,-0.004586781374170235,2026-09-15
SPY260930P00806000,2026-09-10 13:55:37+00:00,806.0,50.11,47.58,51.18,0.0,0.0,1.0,3.0,0.256843369140625,True,REGULAR,USD,SPY,put,2026-09-30,0.0410958904109589,49.379999999999995,0.005299713875176718,-0.8722517195326673,-9120.377787580685,757.3900146484375,-0.004586781374170235,2026-09-15
SPY260930P00808000,2026-08-19 17:19:22+00:00,808.0,38.01,49.6,53.18,0.0,0.0,2.0,0.0,0.2638623419189453,True,REGULAR,USD,SPY,put,2026-09-30,0.0410958904109589,51.39,0.005072791674098549,-0.8752942304644955,-0.0,757.3900146484375,-0.004586781374170235,2026-09-15
SPY260930P00810000,2026-09-15 14:08:34+00:00,810.0,53.0,51.54,55.18,10.59,24.970526,1.0,13.0,0.2708813146972656,True,REGULAR,USD,SPY,put,2026-09-30,0.0410958904109589,53.36,0.004863129931443421,-0.8781019302360775,-36265.892979860364,757.3900146484375,-0.004586781374170235,2026-09-15
SPY260930P00812000,2026-08-25 14:16:42+00:00,812.0,46.78,53.57,57.18,0.0,0.0,0.0,1.0,0.277778218383789,True,REGULAR,USD,SPY,put,2026-09-30,0.0410958904109589,55.375,0.004668066451717402,-0.880805775375597,-2677.7879322006693,757.3900146484375,-0.004586781374170235,2026-09-15
SPY260930P00815000,2026-09-11 15:17:27+00:00,815.0,51.5,56.54,60.17,0.0,0.0,1.0,2.0,0.2877268493652343,True,REGULAR,USD,SPY,put,2026-09-30,0.0410958904109589,58.355000000000004,0.0043982439517603845,-0.884833239139438,-5046.014104004677,757.3900146484375,-0.004586781374170235,2026-09-15
SPY260930P00820000,2026-09-11 14:45:07+00:00,820.0,57.23,61.53,65.17,0.0,0.0,1.0,0.0,0.30451134948730463,True,REGULAR,USD,SPY,put,2026-09-30,0.0410958904109589,63.35,0.004008826817259675,-0.8904930399635251,-0.0,757.3900146484375,-0.004586781374170235,2026-09-15
SPY260930P00823000,2026-08-11 13:36:49+00:00,823.0,49.71,64.53,68.16,0.0,0.0,0.0,0.0,0.31409377319335935,True,REGULAR,USD,SPY,put,2026-09-30,0.0410958904109589,66.345,0.0038011456417565734,-0.8938186980906686,-0.0,757.3900146484375,-0.004586781374170235,2026-09-15
SPY260930P00825000,2026-09-15 17:40:07+00:00,825.0,69.33,66.57,70.16,22.120003,46.854485,1.0,4.0,0.3206244696044921,True,REGULAR,USD,SPY,put,2026-09-30,0.0410958904109589,68.365,0.0036744722122593492,-0.8957545462541174,-8431.29158418454,757.3900146484375,-0.004586781374170235,2026-09-15
SPY260930P00828000,2026-09-10 19:29:50+00:00,828.0,71.4,69.53,73.16,0.0,0.0,0.0,4.0,0.3303289624023437,True,REGULAR,USD,SPY,put,2026-09-30,0.0410958904109589,71.345,0.0034980666946475528,-0.8984984092696706,-8026.518797746858,757.3900146484375,-0.004586781374170235,2026-09-15
SPY260930P00845000,2026-04-20 19:49:11+00:00,845.0,137.07,104.72,108.09,0.0,0.0,1.0,0.0,0.7650780328369142,True,REGULAR,USD,SPY,put,2026-09-30,0.0410958904109589,106.405,0.0028064775900232247,-0.7315774812895461,-0.0,757.3900146484375,-0.004586781374170235,2026-09-15
SPY260930P00850000,2026-09-04 15:53:33+00:00,850.0,81.0,91.53,95.15,0.0,0.0,1.0,1.0,0.3983214465332031,True,REGULAR,USD,SPY,put,2026-09-30,0.0410958904109589,93.34,0.002559487128095699,-0.914325544581329,-1468.22326012863,757.3900146484375,-0.004586781374170235,2026-09-15
SPY260930P00855000,2026-04-08 19:59:48+00:00,855.0,181.01,115.66,118.93,0.0,0.0,1.0,0.0,0.8236711968994139,True,REGULAR,USD,SPY,put,2026-09-30,0.0410958904109589,117.295,0.0025823923480855584,-0.7365222954597567,-0.0,757.3900146484375,-0.004586781374170235,2026-09-15
SPY260930P00870000,2026-08-18 17:04:02+00:00,870.0,101.19,111.48,115.14,0.0,0.0,0.0,0.0,0.45618219604492194,True,REGULAR,USD,SPY,put,2026-09-30,0.0410958904109589,113.31,0.0020345573020973994,-0.9243399903218612,-0.0,757.3900146484375,-0.004586781374170235,2026-09-15
SPY260930P00885000,2025-11-04 17:07:45+00:00,885.0,207.9,191.05,194.7,0.0,0.0,0.0,0.0,1.737489105529785,True,REGULAR,USD,SPY,put,2026-09-30,0.0410958904109589,192.875,0.0014452525976156349,-0.6030664697590156,-0.0,757.3900146484375,-0.004586781374170235,2026-09-15
SPY260930P00895000,2026-09-10 19:20:34+00:00,895.0,138.32,136.54,140.12,0.0,0.0,4.0,4.0,0.5238695074462891,True,REGULAR,USD,SPY,put,2026-09-30,0.0410958904109589,138.32999999999998,0.0016019776626648163,-0.9336346047604451,-3675.831522201797,757.3900146484375,-0.004586781374170235,2026-09-15
SPY260930P00900000,2026-05-15 15:56:32+00:00,900.0,160.4,146.5,149.69,0.0,0.0,1.0,0.0,0.6506382592773439,True,REGULAR,USD,SPY,put,2026-09-30,0.0410958904109589,148.095,0.0018753206267091537,-0.8905652186355197,-0.0,757.3900146484375,-0.004586781374170235,2026-09-15
