contractSymbol,oi,iv,mid,volume,public_gex,gamma,delta,spot,oi_prev,iv_prev,mid_prev,volume_prev,public_gex_prev,gamma_prev,delta_prev,spot_prev,oi_change,iv_change,mid_change,new_public_gex,flow_class,confidence,flow_reason,inferred_dealer_new_gex,ticker
SPY260918P00930000,0.0,0.8294084442138672,175.53,0.0,-0.0,0.0018416181788417,-0.7969464083052058,771.0999755859375,0.0,0.732577137145996,175.53,0.0,-0.0,0.0018005055897263,-0.8351598728656504,766.0800170898438,0.0,0.09683130706787113,0.0,0.0,NO_NEW_POSITION_OR_CLOSING,20.0,OI not increasing,0.0,SPY
SPY260918P00840000,0.0,1.908447723388672,186.09,0.0,-0.0,0.001128956542023,-0.4812763356795768,771.0999755859375,0.0,1.834931245269775,186.09,0.0,-0.0,0.0011555881912907,-0.4895814187298541,766.0800170898438,0.0,0.07351647811889706,0.0,0.0,NO_NEW_POSITION_OR_CLOSING,20.0,OI not increasing,0.0,SPY
SPY260918P00940000,0.0,0.9029245547485352,188.005,2.0,-0.0,0.0017407581737699,-0.7868647996196283,771.0999755859375,0.0,0.8086261813354492,188.005,2.0,-0.0,0.0017193439917919,-0.8209956890529758,766.0800170898438,0.0,0.094298373413086,0.0,0.0,NO_NEW_POSITION_OR_CLOSING,20.0,OI not increasing,0.0,SPY
SPY260918P00885000,0.0,0.6940948559570312,130.53,0.0,-0.0,0.0023799080300944,-0.7674392263748296,771.0999755859375,0.0,0.6086159744262697,130.53,0.0,-0.0,0.0023769146275287,-0.8091849348776448,766.0800170898438,0.0,0.08547888153076155,0.0,0.0,NO_NEW_POSITION_OR_CLOSING,20.0,OI not increasing,0.0,SPY
SPY260918P00870000,0.0,0.645236701965332,115.54,0.0,-0.0,0.0026393248794665,-0.7541037500277117,771.0999755859375,0.0,0.5640302386474609,115.54,0.0,-0.0,0.0026604754366727,-0.7972915054847973,766.0800170898438,0.0,0.08120646331787107,0.0,0.0,NO_NEW_POSITION_OR_CLOSING,20.0,OI not increasing,0.0,SPY
SPY260901C00845000,0.0,0.12500875,0.01,0.0,0.0,1.253785984682701e-12,1.784049150224439e-12,771.0999755859375,1.0,0.2539137109375,0.005,0.0,49.64632879185588,8.459386561236385e-05,0.0005453699254495,766.0800170898438,-1.0,-0.12890496093749998,0.005,-49.64632879185588,NO_NEW_POSITION_OR_CLOSING,20.0,OI not increasing,-0.0,SPY
SPY260903P00575000,0.0,0.500005,0.01,100.0,-0.0,1.8724698498477266e-07,-1.9205288692702997e-06,771.0999755859375,1.0,0.5625043750000001,0.005,100.0,-3.708912420816296,6.319726886754805e-06,-9.497796312274431e-05,766.0800170898438,-1.0,-0.062499375000000024,0.005,3.708912420816296,NO_NEW_POSITION_OR_CLOSING,20.0,OI not increasing,0.0,SPY
SPY260902P00615000,0.0,0.2500075,0.01,545.0,-0.0,1.443128186306234e-15,-4.107825191113079e-15,771.0999755859375,1.0,0.500005,0.005,545.0,-11.62416904569372,1.9806769564562916e-05,-0.0002613434724872,766.0800170898438,-1.0,-0.24999750000000004,0.005,11.62416904569372,NO_NEW_POSITION_OR_CLOSING,20.0,OI not increasing,0.0,SPY
SPY260904C00844000,0.0,0.12500875,0.01,2.0,0.0,4.8120150220649044e-08,1.2014968404090692e-07,771.0999755859375,1.0,0.2187578124999999,0.015,2.0,122.48012139166993,0.0002086975448402,0.0016008263698901,766.0800170898438,-1.0,-0.0937490624999999,-0.004999999999999999,-122.48012139166993,NO_NEW_POSITION_OR_CLOSING,20.0,OI not increasing,-0.0,SPY
SPY260902P00721000,0.0,0.12500875,0.31,1.0,-0.0,7.60261808300187e-07,-1.7738589627169787e-06,771.0999755859375,1.0,0.1992267578125,0.095,1.0,-651.2470829394468,0.0011096793973547,-0.0079149132431399,766.0800170898438,-1.0,-0.07421800781249999,0.215,651.2470829394468,NO_NEW_POSITION_OR_CLOSING,20.0,OI not increasing,0.0,SPY
SPY260901P00605000,0.0,0.500005,0.03,0.0,-0.0,1.8234251954267586e-07,-1.512116071022973e-06,771.0999755859375,1.0,0.5468795312500001,0.005,0.0,-4.5725708666079,7.791340363041959e-06,-9.629374433828276e-05,766.0800170898438,-1.0,-0.04687453125000007,0.024999999999999998,4.5725708666079,NO_NEW_POSITION_OR_CLOSING,20.0,OI not increasing,0.0,SPY
SPY260904C00915000,0.0,0.2500075,0.03,0.0,0.0,9.01946286226116e-08,4.728556970489341e-07,771.0999755859375,1.0,0.35938140625,0.005,0.0,25.16159104062265,4.287358809565911e-05,0.0004909851670684,766.0800170898438,-1.0,-0.10937390624999999,0.024999999999999998,-25.16159104062265,NO_NEW_POSITION_OR_CLOSING,20.0,OI not increasing,-0.0,SPY
SPY260925P00535000,0.0,0.2500075,0.2,0.0,-0.0,4.358646110731057e-09,-4.205776082955026e-08,771.0999755859375,1.0,0.473638076171875,0.105,0.0,-48.06236876651936,8.189490871505839e-05,-0.0027201703267027,766.0800170898438,-1.0,-0.22363057617187498,0.09500000000000001,48.06236876651936,NO_NEW_POSITION_OR_CLOSING,20.0,OI not increasing,0.0,SPY
SPY260904C00930000,0.0,0.2500075,0.02,0.0,0.0,8.078020879873345e-09,3.8876674091195624e-08,771.0999755859375,1.0,0.3867248828124999,0.005,0.0,19.99940392782099,3.407758296269034e-05,0.0004147958527365,766.0800170898438,-1.0,-0.1367173828124999,0.015,-19.99940392782099,NO_NEW_POSITION_OR_CLOSING,20.0,OI not increasing,-0.0,SPY
SPY260901P00660000,0.0,0.2500075,0.08,0.0,-0.0,3.5116336158662276e-10,-1.155462059365675e-09,771.0999755859375,1.0,0.4023497265625,0.015,0.0,-38.755624929531386,6.603686932738052e-05,-0.0006865901839355,766.0800170898438,-1.0,-0.15234222656250002,0.065,38.755624929531386,NO_NEW_POSITION_OR_CLOSING,20.0,OI not increasing,0.0,SPY
SPY260925C00925000,0.0,0.12500875,0.01,1.0,0.0,2.6025564002905923e-08,1.3032443484075258e-07,771.0999755859375,2.0,0.2187578124999999,0.01,1.0,118.75233317752291,0.0001011728274621,0.0014661736903663,766.0800170898438,-2.0,-0.0937490624999999,0.0,-118.75233317752291,NO_NEW_POSITION_OR_CLOSING,20.0,OI not increasing,-0.0,SPY
SPY260902P00727000,0.0,0.12500875,0.2,2.0,-0.0,8.949062365329203e-06,-2.352252751447459e-05,771.0999755859375,2.0,0.1840901904296875,0.135,2.0,-2023.2554242002225,0.0017237427380769,-0.011970778405153,766.0800170898438,-2.0,-0.05908144042968749,0.065,2023.2554242002225,NO_NEW_POSITION_OR_CLOSING,20.0,OI not increasing,0.0,SPY
SPY260902P00728000,0.0,0.12500875,0.07,1.0,-0.0,1.3059157706728271e-05,-3.505771087974896e-05,771.0999755859375,2.0,0.1821370849609375,0.145,1.0,-2211.282397914568,0.0018839351322877,-0.013102327810826,766.0800170898438,-2.0,-0.0571283349609375,-0.07499999999999998,2211.282397914568,NO_NEW_POSITION_OR_CLOSING,20.0,OI not increasing,0.0,SPY
SPY260902P00685000,0.0,0.2500075,0.05,3.0,-0.0,4.299438371065833e-06,-2.2551978739016043e-05,771.0999755859375,2.0,0.30664755859375,0.035,3.0,-244.5494594269967,0.0002083475718121,-0.001977451092638,766.0800170898438,-2.0,-0.05664005859374999,0.015,244.5494594269967,NO_NEW_POSITION_OR_CLOSING,20.0,OI not increasing,0.0,SPY
SPY260901C00830000,0.0,0.12500875,0.02,0.0,0.0,6.675807901541182e-09,1.1708153108450464e-08,771.0999755859375,2.0,0.2265702343749999,0.015,0.0,265.32222517780394,0.0002260452404725,0.0014034202280619,766.0800170898438,-2.0,-0.1015614843749999,0.005000000000000001,-265.32222517780394,NO_NEW_POSITION_OR_CLOSING,20.0,OI not increasing,-0.0,SPY
SPY260901C00850000,0.0,0.12500875,0.02,0.0,0.0,4.9282940352148146e-14,6.600354763948287e-14,771.0999755859375,2.0,0.2695385546875,0.005,0.0,94.79369394581602,8.076090621092774e-05,0.0005532989092981,766.0800170898438,-2.0,-0.14452980468749999,0.015,-94.79369394581602,NO_NEW_POSITION_OR_CLOSING,20.0,OI not increasing,-0.0,SPY
SPY260903P00680000,0.0,0.2500075,0.04,24.0,-0.0,6.378286479647072e-06,-3.7658101252113774e-05,771.0999755859375,3.0,0.3105537695312499,0.045,2.0,-410.3246726865205,0.0002330548304602,-0.0024706374406914,766.0800170898438,-3.0,-0.06054626953124992,-0.0049999999999999975,410.3246726865205,NO_NEW_POSITION_OR_CLOSING,20.0,OI not increasing,0.0,SPY
SPY260903P00675000,0.0,0.2500075,0.03,24.0,-0.0,2.4965575157396e-06,-1.4004693806302091e-05,771.0999755859375,3.0,0.3203192968749999,0.035,3.0,-314.854612236565,0.0001788300659426,-0.0019088400862049,766.0800170898438,-3.0,-0.07031179687499989,-0.0050000000000000044,314.854612236565,NO_NEW_POSITION_OR_CLOSING,20.0,OI not increasing,0.0,SPY
SPY260925C00885000,0.0,0.12500875,0.03,1.0,0.0,8.26003769647424e-06,5.3724673078971176e-05,771.0999755859375,3.0,0.178719150390625,0.02,1.0,385.88728885135424,0.0002191749672063,0.0027498808026141,766.0800170898438,-3.0,-0.053710400390624996,0.009999999999999998,-385.88728885135424,NO_NEW_POSITION_OR_CLOSING,20.0,OI not increasing,-0.0,SPY
SPY260925C00900000,0.0,0.12500875,0.02,4.0,0.0,1.1202015359794056e-06,6.546458392892362e-06,771.0999755859375,3.0,0.18946123046875,0.015,4.0,234.3228029148822,0.000133089879165,0.0016916813359596,766.0800170898438,-3.0,-0.06445248046874999,0.005000000000000001,-234.3228029148822,NO_NEW_POSITION_OR_CLOSING,20.0,OI not increasing,-0.0,SPY
SPY260903P00727000,0.0,0.062509375,0.1,3.0,-0.0,6.437800948560173e-14,-5.2624571367232426e-14,771.0999755859375,3.0,0.1821370849609375,0.195,36.0,-3851.023836680368,0.0021872915939462,-0.0170497244552065,766.0800170898438,-3.0,-0.1196277099609375,-0.095,3851.023836680368,NO_NEW_POSITION_OR_CLOSING,20.0,OI not increasing,0.0,SPY
SPY260904C00920000,0.0,0.2500075,0.01,7.0,0.0,4.117795290254692e-08,2.0961428112920027e-07,771.0999755859375,3.0,0.367193828125,0.005,7.0,67.12004769792655,3.812261942307186e-05,0.000442685165018,766.0800170898438,-3.0,-0.11718632812500002,0.005,-67.12004769792655,NO_NEW_POSITION_OR_CLOSING,20.0,OI not increasing,-0.0,SPY
SPY260902P00680000,0.0,0.2500075,0.02,120.0,-0.0,1.5004002043476468e-06,-7.454949521590315e-06,771.0999755859375,3.0,0.3242255078124999,0.035,5.0,-325.36215757904193,0.0001847981062808,-0.0018425492630342,766.0800170898438,-3.0,-0.07421800781249993,-0.015000000000000003,325.36215757904193,NO_NEW_POSITION_OR_CLOSING,20.0,OI not increasing,0.0,SPY
SPY260911P00525000,0.0,0.2500075,0.03,2.0,-0.0,2.8037879698795793e-16,-1.3322676295501878e-15,771.0999755859375,3.0,0.5898478515625001,0.025,2.0,-41.10070016515322,2.3344237737577263e-05,-0.0006107627738419,766.0800170898438,-3.0,-0.3398403515625001,0.0049999999999999975,41.10070016515322,NO_NEW_POSITION_OR_CLOSING,20.0,OI not increasing,0.0,SPY
SPY260925P00515000,0.0,0.2500075,0.11,4.0,-0.0,1.9645219216983823e-10,-1.728366227915501e-09,771.0999755859375,4.0,0.50586431640625,0.0849999999999999,4.0,-136.0648962269713,5.79612623233524e-05,-0.0019969391699585,766.0800170898438,-4.0,-0.25585681640624997,0.025000000000000105,136.0648962269713,NO_NEW_POSITION_OR_CLOSING,20.0,OI not increasing,0.0,SPY
SPY260925P00595000,0.0,0.12500875,0.19,2.0,-0.0,4.4928133097683896e-15,-1.554312234475219e-14,771.0999755859375,4.0,0.3774476318359374,0.235,3.0,-559.5881871273718,0.0002383747653254,-0.0069762991786288,766.0800170898438,-4.0,-0.2524388818359374,-0.044999999999999984,559.5881871273718,NO_NEW_POSITION_OR_CLOSING,20.0,OI not increasing,0.0,SPY
SPY260925P00540000,0.0,0.2500075,0.09,1.0,-0.0,8.872414873127047e-09,-8.767761727757063e-08,771.0999755859375,5.0,0.46680220703125,0.1149999999999999,1.0,-266.3283648981013,9.076097450591924e-05,-0.0029998163954531,766.0800170898438,-5.0,-0.21679470703125003,-0.024999999999999897,266.3283648981013,NO_NEW_POSITION_OR_CLOSING,20.0,OI not increasing,0.0,SPY
SPY260903P00585000,0.0,0.500005,0.01,10.0,-0.0,6.25641794711537e-07,-6.780614509094285e-06,771.0999755859375,5.0,0.5312546875,0.005,10.0,-21.096813960660533,7.189498552931952e-06,-0.0001025189633342,766.0800170898438,-5.0,-0.031249687500000012,0.005,21.096813960660533,NO_NEW_POSITION_OR_CLOSING,20.0,OI not increasing,0.0,SPY
SPY260925P00555000,0.0,0.2500075,0.11,127.0,-0.0,6.481979180883462e-08,-6.893998455437256e-07,771.0999755859375,5.0,0.4438532177734374,0.14,2.0,-351.1677517145065,0.0001196730486174,-0.0038581386560052,766.0800170898438,-5.0,-0.1938457177734374,-0.030000000000000013,351.1677517145065,NO_NEW_POSITION_OR_CLOSING,20.0,OI not increasing,0.0,SPY
SPY260904C00960000,0.0,0.2500075,0.02,0.0,0.0,3.847763173701877e-11,1.5948329193957982e-10,771.0999755859375,5.0,0.445318046875,0.005,0.0,77.55965074776253,2.6431242075544544e-05,0.0003672469704871,766.0800170898438,-5.0,-0.195310546875,0.015,-77.55965074776253,NO_NEW_POSITION_OR_CLOSING,20.0,OI not increasing,-0.0,SPY
SPY260901P00630000,0.0,0.2500075,0.05,0.0,-0.0,1.7685366322724357e-15,-4.551914400963142e-15,771.0999755859375,5.0,0.48438015625,0.005,0.0,-61.568040142258255,2.0981525283155268e-05,-0.0002436671041771,766.0800170898438,-5.0,-0.23437265625000003,0.045000000000000005,61.568040142258255,NO_NEW_POSITION_OR_CLOSING,20.0,OI not increasing,0.0,SPY
SPY260902P00690000,0.0,0.12500875,0.03,8000.0,-0.0,7.47966023819462e-15,-1.0880185641326534e-14,771.0999755859375,6.0,0.2890696093749999,0.035,7.0,-832.1289586915808,0.0002363149065826,-0.0021287954278228,766.0800170898438,-6.0,-0.16406085937499992,-0.0050000000000000044,832.1289586915808,NO_NEW_POSITION_OR_CLOSING,20.0,OI not increasing,0.0,SPY
SPY260901P00610000,0.0,0.500005,0.01,5.0,-0.0,3.752952583476519e-07,-3.212091019277885e-06,771.0999755859375,6.0,0.5312546875,0.005,5.0,-30.94171203668997,8.787084877991324e-06,-0.0001061201526947,766.0800170898438,-6.0,-0.031249687500000012,0.005,30.94171203668997,NO_NEW_POSITION_OR_CLOSING,20.0,OI not increasing,0.0,SPY
SPY260902P00660000,0.0,0.2500075,0.03,6.0,-0.0,1.0756060234661046e-08,-4.391883323684453e-08,771.0999755859375,6.0,0.3867248828124999,0.025,6.0,-359.6172739488433,0.0001021271061547,-0.0011670081813607,766.0800170898438,-6.0,-0.1367173828124999,0.0049999999999999975,359.6172739488433,NO_NEW_POSITION_OR_CLOSING,20.0,OI not increasing,0.0,SPY
SPY260925P00565000,0.0,0.2500075,0.14,1.0,-0.0,2.177768853841047e-07,-2.4368419839770894e-06,771.0999755859375,6.0,0.42774009765625,0.16,1.0,-502.0684465375983,0.0001425815756108,-0.0045025306416321,766.0800170898438,-6.0,-0.17773259765625,-0.01999999999999999,502.0684465375983,NO_NEW_POSITION_OR_CLOSING,20.0,OI not increasing,0.0,SPY
SPY260901C00855000,0.0,0.12500875,0.01,7.0,0.0,1.614065755245405e-15,2.0421123968342885e-15,771.0999755859375,7.0,0.2812571874999999,0.005,7.0,277.99350584966965,6.766877933584647e-05,0.0004785549339751,766.0800170898438,-7.0,-0.1562484374999999,0.005,-277.99350584966965,NO_NEW_POSITION_OR_CLOSING,20.0,OI not increasing,-0.0,SPY
SPY260925C00865000,0.0,0.062509375,0.03,48.0,0.0,2.7406523422391203e-11,5.5439832544992035e-11,771.0999755859375,7.0,0.157234990234375,0.035,48.0,1455.6887990762066,0.000354341673649,0.0040693963817269,766.0800170898438,-7.0,-0.094725615234375,-0.0050000000000000044,-1455.6887990762066,NO_NEW_POSITION_OR_CLOSING,20.0,OI not increasing,-0.0,SPY
SPY260902C00799000,0.0,0.062509375,0.03,6.0,0.0,7.743263919484062e-07,8.783163647799655e-07,771.0999755859375,7.0,0.127938408203125,0.035,45.0,5495.131189180962,0.0013376169300274,0.0059228065683275,766.0800170898438,-7.0,-0.06542903320312499,-0.0050000000000000044,-5495.131189180962,NO_NEW_POSITION_OR_CLOSING,20.0,OI not increasing,-0.0,SPY
SPY260901P00690000,0.0,0.2500075,0.04,12.0,-0.0,2.1178546751246533e-06,-9.520773816551475e-06,771.0999755859375,7.0,0.30274134765625,0.025,12.0,-701.3656210517779,0.0001707254106517,-0.0014175459682205,766.0800170898438,-7.0,-0.05273384765625,0.015,701.3656210517779,NO_NEW_POSITION_OR_CLOSING,20.0,OI not increasing,0.0,SPY
SPY260901P00635000,0.0,0.2500075,0.02,1.0,-0.0,1.7565502261287834e-14,-4.6740389336719097e-14,771.0999755859375,8.0,0.4687553125,0.005,1.0,-112.8501513275702,2.403609382620005e-05,-0.0002721734633539,766.0800170898438,-8.0,-0.21874781250000003,0.015,112.8501513275702,NO_NEW_POSITION_OR_CLOSING,20.0,OI not increasing,0.0,SPY
SPY260901C00794000,0.0,0.062509375,0.03,30.0,0.0,4.899994318434463e-06,5.36311277266693e-06,771.0999755859375,8.0,0.1201259863281249,0.035,5.0,7639.467960073925,0.0016271397646387,0.0062086115169284,766.0800170898438,-8.0,-0.0576166113281249,-0.0050000000000000044,-7639.467960073925,NO_NEW_POSITION_OR_CLOSING,20.0,OI not increasing,-0.0,SPY
SPY260903C00791000,0.0,0.0312596875,0.06,229.0,0.0,6.121622949284304e-10,2.98147068691873e-10,771.0999755859375,8.0,0.1054776953125,0.0849999999999999,54.0,17257.80067790936,0.0036757603906442,0.0165167805825397,766.0800170898438,-8.0,-0.07421800781249999,-0.024999999999999897,-17257.80067790936,NO_NEW_POSITION_OR_CLOSING,20.0,OI not increasing,-0.0,SPY
SPY260904P00515000,0.0,0.500005,0.09,5.0,-0.0,2.3878630069352903e-10,-2.112015562438785e-09,771.0999755859375,9.0,0.73437765625,0.005,5.0,-25.47725505053923,4.823495272268936e-06,-0.0001015873720725,766.0800170898438,-9.0,-0.23437265624999992,0.08499999999999999,25.47725505053923,NO_NEW_POSITION_OR_CLOSING,20.0,OI not increasing,0.0,SPY
SPY260903P00726000,0.0,0.12500875,0.1,3.0,-0.0,2.2801673572118164e-05,-6.96820709870094e-05,771.0999755859375,9.0,0.1845784667968749,0.185,2.0,-10781.867953344588,0.0020412830580068,-0.0159743125142937,766.0800170898438,-9.0,-0.059569716796874894,-0.08499999999999999,10781.867953344588,NO_NEW_POSITION_OR_CLOSING,20.0,OI not increasing,0.0,SPY
SPY260925C00895000,0.0,0.12500875,0.04,1.0,0.0,2.229698085176267e-06,1.3485333745091603e-05,771.0999755859375,9.0,0.1836019140624999,0.015,1.0,752.291736827973,0.0001424280452803,0.0017607005752356,766.0800170898438,-9.0,-0.0585931640624999,0.025,-752.291736827973,NO_NEW_POSITION_OR_CLOSING,20.0,OI not increasing,-0.0,SPY
SPY260902C00794000,0.0,0.062509375,0.05,1.0,0.0,3.2367270897380615e-05,4.3990710371492096e-05,771.0999755859375,9.0,0.114266669921875,0.045,14.0,10763.781205120544,0.002037858774489,0.0083966908862867,766.0800170898438,-9.0,-0.05175729492187499,0.0050000000000000044,-10763.781205120544,NO_NEW_POSITION_OR_CLOSING,20.0,OI not increasing,-0.0,SPY
SPY260925P00545000,0.0,0.2500075,0.2,0.0,-0.0,1.7626132905908316e-08,-1.7844149990953184e-07,771.0999755859375,10.0,0.45898978515625,0.125,0.0,-582.7375210520057,9.92943904267944e-05,-0.0032531387583332,766.0800170898438,-10.0,-0.20898228515625,0.07500000000000001,582.7375210520057,NO_NEW_POSITION_OR_CLOSING,20.0,OI not increasing,0.0,SPY
SPY260901C00792000,0.0,0.062509375,0.02,41.0,0.0,2.4817617961749212e-05,2.9524943346643968e-05,771.0999755859375,10.0,0.1157314990234375,0.045,8.0,12384.89312653053,0.0021102990095434,0.0079911279847529,766.0800170898438,-10.0,-0.0532221240234375,-0.024999999999999998,-12384.89312653053,NO_NEW_POSITION_OR_CLOSING,20.0,OI not increasing,-0.0,SPY
SPY260903C00786000,0.0,0.0312596875,0.19,95.0,0.0,3.1448356757522778e-06,2.0208432917497243e-06,771.0999755859375,10.0,0.1052335571289062,0.2299999999999999,5.0,49310.71947318609,0.0084022010849027,0.044421705505292,766.0800170898438,-10.0,-0.0739738696289062,-0.0399999999999999,-49310.71947318609,NO_NEW_POSITION_OR_CLOSING,20.0,OI not increasing,-0.0,SPY
SPY260903P00570000,0.0,0.500005,0.02,10.0,-0.0,9.886568821988221e-08,-9.871420714180346e-07,771.0999755859375,10.0,0.5937540625000001,0.005,10.0,-48.2537225096776,8.222096208551036e-06,-0.0001331647853056,766.0800170898438,-10.0,-0.09374906250000004,0.015,48.2537225096776,NO_NEW_POSITION_OR_CLOSING,20.0,OI not increasing,0.0,SPY
SPY260925C00910000,0.0,0.12500875,0.04,0.0,0.0,2.648984948419718e-07,1.4506407019366766e-06,771.0999755859375,10.0,0.2011798632812499,0.015,0.0,691.6307859527336,0.0001178490397659,0.0015810660794114,766.0800170898438,-10.0,-0.0761711132812499,0.025,-691.6307859527336,NO_NEW_POSITION_OR_CLOSING,20.0,OI not increasing,-0.0,SPY
SPY260903C00797000,0.0,0.062509375,0.02,92.0,0.0,1.8733212769427272e-05,2.7176052822111e-05,771.0999755859375,10.0,0.116219775390625,0.045,29.0,10589.424460689386,0.0018043637294824,0.0081363002945281,766.0800170898438,-10.0,-0.053710400390624996,-0.024999999999999998,-10589.424460689386,NO_NEW_POSITION_OR_CLOSING,20.0,OI not increasing,-0.0,SPY
SPY260903C00798000,0.0,0.062509375,0.02,71.0,0.0,9.841281366839397e-06,1.379271255112226e-05,771.0999755859375,10.0,0.1196377099609374,0.045,18.0,10125.5031506773,0.0017253147888882,0.0079912301295982,766.0800170898438,-10.0,-0.05712833496093739,-0.024999999999999998,-10125.5031506773,NO_NEW_POSITION_OR_CLOSING,20.0,OI not increasing,-0.0,SPY
SPY260904C01000000,0.0,0.2500075,0.01,1.0,0.0,1.1556665514126963e-14,4.0607869117139794e-14,771.0999755859375,11.0,0.51562984375,0.005,1.0,118.216715202541,1.831209085681008e-05,0.0002897601807129,766.0800170898438,-11.0,-0.26562234375,0.005,-118.216715202541,NO_NEW_POSITION_OR_CLOSING,20.0,OI not increasing,-0.0,SPY
SPY260831C00865000,0.0,0.2500075,0.01,1.0,0.0,6.819189440386018e-08,2.2792071273696322e-07,771.0999755859375,12.0,0.3398503515625,0.005,1.0,336.8435535286316,4.782981775459855e-05,0.0003579753159341,766.0800170898438,-12.0,-0.08984285156249999,0.005,-336.8435535286316,NO_NEW_POSITION_OR_CLOSING,20.0,OI not increasing,-0.0,SPY
SPY260902C00808000,0.0,0.062509375,0.04,0.0,0.0,1.5920359041192234e-10,1.3899025377662523e-10,771.0999755859375,12.0,0.1523522265625,0.025,0.0,5120.617695251431,0.0007270978131811,0.0036376573581785,766.0800170898438,-12.0,-0.08984285156249999,0.015,-5120.617695251431,NO_NEW_POSITION_OR_CLOSING,20.0,OI not increasing,-0.0,SPY
SPY260902C00797000,0.0,0.062509375,0.02,6.0,0.0,3.7542224737419865e-06,4.560793811213247e-06,771.0999755859375,12.0,0.1211025390625,0.035,14.0,10423.28567443152,0.0014800457036794,0.0062402856493143,766.0800170898438,-12.0,-0.058593164062499994,-0.015000000000000003,-10423.28567443152,NO_NEW_POSITION_OR_CLOSING,20.0,OI not increasing,-0.0,SPY
SPY260925C00875000,0.0,0.062509375,0.02,1.0,0.0,3.034046253419617e-13,5.586382455574515e-13,771.0999755859375,12.0,0.16602396484375,0.025,1.0,1789.4111984639426,0.0002540859417198,0.0029854340798192,766.0800170898438,-12.0,-0.10351458984375,-0.005000000000000001,-1789.4111984639426,NO_NEW_POSITION_OR_CLOSING,20.0,OI not increasing,-0.0,SPY
SPY260903C00830000,0.0,0.12500875,0.04,12.0,0.0,1.062335140555633e-06,2.766306748365332e-06,771.0999755859375,12.0,0.195320546875,0.015,12.0,1903.899367964335,0.0002703425932866,0.0017453511688066,766.0800170898438,-12.0,-0.070311796875,0.025,-1903.899367964335,NO_NEW_POSITION_OR_CLOSING,20.0,OI not increasing,-0.0,SPY
SPY260903C00802000,0.0,0.062509375,0.04,4.0,0.0,5.923634429604845e-07,7.308248354106622e-07,771.0999755859375,12.0,0.1289149609375,0.035,4.0,8697.898371447092,0.001235050781279,0.0059556382242638,766.0800170898438,-12.0,-0.06640558593749998,0.0049999999999999975,-8697.898371447092,NO_NEW_POSITION_OR_CLOSING,20.0,OI not increasing,-0.0,SPY
SPY260831C00915000,0.0,0.2500075,0.01,0.0,0.0,1.1690899282493636e-14,2.6702770002740388e-14,771.0999755859375,13.0,0.476567734375,0.005,0.0,158.49968290142695,2.0774796447115058e-05,0.0002102322763921,766.0800170898438,-13.0,-0.226560234375,0.005,-158.49968290142695,NO_NEW_POSITION_OR_CLOSING,20.0,OI not increasing,-0.0,SPY
SPY260925P00575000,0.0,0.2500075,0.25,7.0,-0.0,6.713570733324508e-07,-7.915890346987808e-06,771.0999755859375,13.0,0.4106504248046875,0.185,7.0,-1282.2630039028911,0.000168068177867,-0.0051726226472618,766.0800170898438,-13.0,-0.1606429248046875,0.065,1282.2630039028911,NO_NEW_POSITION_OR_CLOSING,20.0,OI not increasing,0.0,SPY
SPY260903P00685000,0.0,0.12500875,0.04,90.0,-0.0,3.1712965348124754e-14,-5.1847415249994817e-14,771.0999755859375,13.0,0.2929758203124999,0.045,11.0,-1962.559015826413,0.000257235619169,-0.0025836978046723,766.0800170898438,-13.0,-0.1679670703124999,-0.0049999999999999975,1962.559015826413,NO_NEW_POSITION_OR_CLOSING,20.0,OI not increasing,0.0,SPY
SPY260903C00783000,0.0,0.0312596875,0.43,241.0,0.0,0.0001621369534066,0.0001285505388551,771.0999755859375,14.0,0.1063321789550781,0.44,7.0,105403.22462536994,0.0128285506646293,0.0772080080482056,766.0800170898438,-14.0,-0.0750724914550781,-0.010000000000000009,-105403.22462536994,NO_NEW_POSITION_OR_CLOSING,20.0,OI not increasing,-0.0,SPY
SPY260902C00802000,0.0,0.062509375,0.02,4.0,0.0,5.8702795619208326e-08,6.05518462981995e-08,771.0999755859375,16.0,0.132821171875,0.025,4.0,8719.516836746918,0.0009285903578402,0.0041008908865329,766.0800170898438,-16.0,-0.070311796875,-0.005000000000000001,-8719.516836746918,NO_NEW_POSITION_OR_CLOSING,20.0,OI not increasing,-0.0,SPY
SPY260901P00675000,0.0,0.2500075,0.01,10.0,-0.0,4.1047797997557766e-08,-1.5634729522151505e-07,771.0999755859375,16.0,0.3457096679687499,0.015,1.0,-815.0850784864059,8.680299136669624e-05,-0.0007835261025982,766.0800170898438,-16.0,-0.09570216796874992,-0.004999999999999999,815.0850784864059,NO_NEW_POSITION_OR_CLOSING,20.0,OI not increasing,0.0,SPY
SPY260903C00835000,0.0,0.12500875,0.02,17.0,0.0,1.804456364609462e-07,4.366390722784993e-07,771.0999755859375,17.0,0.2089922851562499,0.015,17.0,2415.1764673751964,0.0002420759689625,0.0016652263485622,766.0800170898438,-17.0,-0.0839835351562499,0.005000000000000001,-2415.1764673751964,NO_NEW_POSITION_OR_CLOSING,20.0,OI not increasing,-0.0,SPY
SPY260903P00747000,0.0,0.062509375,0.38,133.0,-0.0,1.7852258017804673e-05,-2.5829127430765372e-05,771.0999755859375,17.0,0.1409998010253906,0.845,16.0,-108314.92223288347,0.0108565316476133,-0.0900070738573244,766.0800170898438,-17.0,-0.07849042602539058,-0.46499999999999997,108314.92223288347,NO_NEW_POSITION_OR_CLOSING,20.0,OI not increasing,0.0,SPY
SPY260903C00784000,0.0,0.0312596875,0.34,164.0,0.0,4.812290656227752e-05,3.540685874553392e-05,771.0999755859375,17.0,0.1054776953125,0.35,6.0,111506.27757792932,0.0111764049355041,0.0638620956717804,766.0800170898438,-17.0,-0.07421800781249999,-0.009999999999999953,-111506.27757792932,NO_NEW_POSITION_OR_CLOSING,20.0,OI not increasing,-0.0,SPY
SPY260925P00525000,0.0,0.2500075,0.21,0.0,-0.0,9.753221987929336e-10,-8.981230315008304e-09,771.0999755859375,17.0,0.491216025390625,0.095,0.0,-701.0489725021531,7.02669604482788e-05,-0.0023907092767205,766.0800170898438,-17.0,-0.24120852539062498,0.11499999999999999,701.0489725021531,NO_NEW_POSITION_OR_CLOSING,20.0,OI not increasing,0.0,SPY
SPY260911P00530000,0.0,0.2500075,0.02,94.0,-0.0,1.2716995368602885e-15,-6.106226635438361e-15,771.0999755859375,18.0,0.57812921875,0.025,5.0,-266.406587832595,2.5218786607166764e-05,-0.0006497783861301,766.0800170898438,-18.0,-0.32812171875,-0.005000000000000001,266.406587832595,NO_NEW_POSITION_OR_CLOSING,20.0,OI not increasing,0.0,SPY
SPY260925P00510000,0.0,0.2500075,0.1,15.0,-0.0,8.460960634984839e-11,-7.278960767465036e-10,771.0999755859375,18.0,0.5107470800781251,0.075,15.0,-537.5039609851939,5.0881615964806135e-05,-0.0017486857762616,766.0800170898438,-18.0,-0.2607395800781251,0.02500000000000001,537.5039609851939,NO_NEW_POSITION_OR_CLOSING,20.0,OI not increasing,0.0,SPY
SPY260902C00796000,0.0,0.062509375,0.02,35.0,0.0,7.921429435842398e-06,9.976881508074105e-06,771.0999755859375,19.0,0.1176846044921875,0.035,23.0,17420.53365743376,0.0015622825641995,0.0064222705759679,766.0800170898438,-19.0,-0.05517522949218749,-0.015000000000000003,-17420.53365743376,NO_NEW_POSITION_OR_CLOSING,20.0,OI not increasing,-0.0,SPY
SPY260901P00530000,0.0,0.500005,0.01,0.0,-0.0,5.5613367183589865e-14,-3.0619951019161817e-13,771.0999755859375,20.0,0.8437515624999999,0.005,0.0,-47.853040676477725,4.076911415847725e-06,-7.669441851365644e-05,766.0800170898438,-20.0,-0.3437465624999999,0.005,47.853040676477725,NO_NEW_POSITION_OR_CLOSING,20.0,OI not increasing,0.0,SPY
SPY260901C00905000,0.0,0.2500075,0.01,0.0,0.0,1.7683472302548638e-10,5.715069691694434e-10,771.0999755859375,20.0,0.414068359375,0.005,0.0,385.4399188835099,3.283813072702046e-05,0.0003330921380279,766.0800170898438,-20.0,-0.16406085937499998,0.005,-385.4399188835099,NO_NEW_POSITION_OR_CLOSING,20.0,OI not increasing,-0.0,SPY
SPY260903P00525000,0.0,0.500005,0.01,20.0,-0.0,9.727036533373403e-11,-7.759853870581424e-10,771.0999755859375,20.0,0.73437765625,0.005,20.0,-48.51580117527106,4.133376288409767e-06,-8.029309495938275e-05,766.0800170898438,-20.0,-0.23437265624999992,0.005,48.51580117527106,NO_NEW_POSITION_OR_CLOSING,20.0,OI not increasing,0.0,SPY
SPY260902C00801000,0.0,0.062509375,0.02,5.0,0.0,1.4264880218200718e-07,1.5172841028181937e-07,771.0999755859375,20.0,0.129891513671875,0.025,9.0,11592.071652069868,0.0009876038927423,0.0042851343988681,766.0800170898438,-20.0,-0.06738213867187498,-0.005000000000000001,-11592.071652069868,NO_NEW_POSITION_OR_CLOSING,20.0,OI not increasing,-0.0,SPY
SPY260925P00570000,0.0,0.2500075,0.21,21.0,-0.0,3.864023916779671e-07,-4.437439923177244e-06,771.0999755859375,20.0,0.4194393994140625,0.175,21.0,-1822.1962828082424,0.0001552447393577,-0.00484547907262,766.0800170898438,-20.0,-0.1694318994140625,0.035,1822.1962828082424,NO_NEW_POSITION_OR_CLOSING,20.0,OI not increasing,0.0,SPY
SPY260902P00510000,0.0,0.500005,0.02,20.0,-0.0,9.801046434952869e-14,-6.109557304512236e-13,771.0999755859375,20.0,0.8437515624999999,0.005,20.0,-38.12588384562986,3.248191732274552e-06,-6.637599378045422e-05,766.0800170898438,-20.0,-0.3437465624999999,0.015,38.12588384562986,NO_NEW_POSITION_OR_CLOSING,20.0,OI not increasing,0.0,SPY
SPY260902P00737000,0.0,0.062509375,0.12,29.0,-0.0,2.1774231475840475e-10,-1.9154056118964038e-10,771.0999755859375,21.0,0.1608970629882812,0.27,68.0,-49430.19719741437,0.0040107425009273,-0.0275472049800005,766.0800170898438,-21.0,-0.09838768798828118,-0.15000000000000002,49430.19719741437,NO_NEW_POSITION_OR_CLOSING,20.0,OI not increasing,0.0,SPY
SPY260925P00560000,0.0,0.2500075,0.2,1.0,-0.0,1.201281972484569e-07,-1.3102465321601642e-06,771.0999755859375,21.0,0.4360407958984374,0.15,1.0,-1614.6678980995675,0.0001310133790874,-0.0041848462652432,766.0800170898438,-21.0,-0.18603329589843742,0.05000000000000002,1614.6678980995675,NO_NEW_POSITION_OR_CLOSING,20.0,OI not increasing,0.0,SPY
SPY260901C00804000,0.0,0.062509375,0.02,19.0,0.0,1.73523117358484e-10,1.3541567837987932e-10,771.0999755859375,21.0,0.15039912109375,0.025,19.0,9404.825789660044,0.0007631030553602,0.003418747518482,766.0800170898438,-21.0,-0.08788974609375,-0.005000000000000001,-9404.825789660044,NO_NEW_POSITION_OR_CLOSING,20.0,OI not increasing,-0.0,SPY
SPY260903P00744000,0.0,0.062509375,0.33,92.0,-0.0,2.061695906714832e-06,-2.680943600563701e-06,771.0999755859375,22.0,0.1463708410644531,0.65,124.0,-109184.87281663332,0.0084565169476324,-0.0680108910572181,766.0800170898438,-22.0,-0.0838614660644531,-0.32,109184.87281663332,NO_NEW_POSITION_OR_CLOSING,20.0,OI not increasing,0.0,SPY
SPY260911P00545000,0.0,0.2500075,0.03,50.0,-0.0,8.775123706619615e-14,-4.551914400963142e-13,771.0999755859375,22.0,0.5351608984375,0.025,48.0,-361.0127114681901,2.7960925667501387e-05,-0.0006683387968572,766.0800170898438,-22.0,-0.28515339843750004,0.0049999999999999975,361.0127114681901,NO_NEW_POSITION_OR_CLOSING,20.0,OI not increasing,0.0,SPY
SPY260901P00665000,0.0,0.2500075,0.05,12.0,-0.0,1.8864979389335412e-09,-6.5054489573057594e-09,771.0999755859375,24.0,0.3828186718749999,0.015,12.0,-1001.3573550583184,7.109344872113633e-05,-0.0007047104718719,766.0800170898438,-24.0,-0.1328111718749999,0.035,1001.3573550583184,NO_NEW_POSITION_OR_CLOSING,20.0,OI not increasing,0.0,SPY
SPY260903C00808000,0.0,0.062509375,0.02,9.0,0.0,4.3597260737686504e-09,4.557934969634277e-09,771.0999755859375,24.0,0.14258669921875,0.025,24.0,11112.301264697628,0.0007889409471502,0.0040329468671556,766.0800170898438,-24.0,-0.08007732421875,-0.005000000000000001,-11112.301264697628,NO_NEW_POSITION_OR_CLOSING,20.0,OI not increasing,-0.0,SPY
SPY260902C00806000,0.0,0.062509375,0.06,0.0,0.0,1.2747298579073211e-09,1.1729543670618195e-09,771.0999755859375,24.0,0.145516357421875,0.025,0.0,10891.974667195796,0.0007732984019766,0.0037018643452377,766.0800170898438,-24.0,-0.08300698242187499,0.034999999999999996,-10891.974667195796,NO_NEW_POSITION_OR_CLOSING,20.0,OI not increasing,-0.0,SPY
SPY260903C00801000,0.0,0.062509375,0.02,13.0,0.0,1.2386817284032522e-06,1.5754296345020524e-06,771.0999755859375,24.0,0.125985302734375,0.035,3.0,18372.949124944484,0.0013044257475836,0.0061722650356129,766.0800170898438,-24.0,-0.06347592773437499,-0.015000000000000003,-18372.949124944484,NO_NEW_POSITION_OR_CLOSING,20.0,OI not increasing,-0.0,SPY
SPY260903P00645000,0.0,0.2500075,0.03,24.0,-0.0,2.400034352246479e-09,-1.0270571504378267e-08,771.0999755859375,24.0,0.4101621484375,0.025,24.0,-1157.6712154365953,8.219127644574383e-05,-0.0010679821754043,766.0800170898438,-24.0,-0.1601546484375,0.0049999999999999975,1157.6712154365953,NO_NEW_POSITION_OR_CLOSING,20.0,OI not increasing,0.0,SPY
SPY260903P00600000,0.0,0.2500075,0.01,100.0,-0.0,6.030815283461028e-16,-1.887379141862766e-15,771.0999755859375,24.0,0.5351608984375,0.015,22.0,-368.55027528974216,2.6165993553765825e-05,-0.0004120813641875,766.0800170898438,-24.0,-0.28515339843750004,-0.004999999999999999,368.55027528974216,NO_NEW_POSITION_OR_CLOSING,20.0,OI not increasing,0.0,SPY
SPY260901C00910000,0.0,0.2500075,0.01,0.0,0.0,4.8010455245331903e-11,1.5021440081214968e-10,771.0999755859375,24.0,0.4257869921875,0.005,0.0,426.5710550000778,3.0285299520072792e-05,0.0003146343988073,766.0800170898438,-24.0,-0.1757794921875,0.005,-426.5710550000778,NO_NEW_POSITION_OR_CLOSING,20.0,OI not increasing,-0.0,SPY
SPY260903C00810000,0.0,0.062509375,0.03,5.0,0.0,7.062836374064503e-10,7.026339461941471e-10,771.0999755859375,24.0,0.148446015625,0.025,24.0,10259.660533478538,0.0007284059445397,0.0038586970025559,766.0800170898438,-24.0,-0.085936640625,0.0049999999999999975,-10259.660533478538,NO_NEW_POSITION_OR_CLOSING,20.0,OI not increasing,-0.0,SPY
SPY260902C00798000,0.0,0.062509375,0.03,15.0,0.0,1.72932994928553e-06,2.028869439612831e-06,771.0999755859375,24.0,0.124032197265625,0.035,16.0,19384.12428074497,0.0013762162314941,0.005905737160245,766.0800170898438,-24.0,-0.061522822265625,-0.0050000000000000044,-19384.12428074497,NO_NEW_POSITION_OR_CLOSING,20.0,OI not increasing,-0.0,SPY
SPY260902C00825000,0.0,0.12500875,0.01,2.0,0.0,1.0166904562587665e-06,2.402349789898624e-06,771.0999755859375,24.0,0.195320546875,0.015,24.0,4122.399824149719,0.0002926783520645,0.0017497851020593,766.0800170898438,-24.0,-0.070311796875,-0.004999999999999999,-4122.399824149719,NO_NEW_POSITION_OR_CLOSING,20.0,OI not increasing,-0.0,SPY
SPY260902C00815000,0.0,0.12500875,0.04,24.0,0.0,3.249067755729043e-05,9.214705365895404e-05,771.0999755859375,24.0,0.16602396484375,0.015,24.0,5662.660671004289,0.0004020323753609,0.002075113651611,766.0800170898438,-24.0,-0.04101521484375001,0.025,-5662.660671004289,NO_NEW_POSITION_OR_CLOSING,20.0,OI not increasing,-0.0,SPY
QQQ260925C00930000,0.0,0.12500875,0.05,0.0,0.0,6.556670909895067e-14,2.2197968981846485e-13,721.1099853515625,0.0,0.3222724023437499,0.02,0.0,0.0,0.0001005127349947,0.0020539341293649,711.3699951171875,0.0,-0.19726365234374987,0.030000000000000002,0.0,NO_NEW_POSITION_OR_CLOSING,20.0,OI not increasing,0.0,QQQ
QQQ260918C00260000,2.0,1.6982436962890626,459.705,1.0,35.56135426843846,3.4193635454695505e-05,0.9966722546433724,721.1099853515625,2.0,2.6890901913452145,459.705,1.0,152.92494379428655,0.0001510974891816,0.9684382841879902,711.3699951171875,0.0,-0.990846495056152,0.0,-117.36358952584808,NO_NEW_POSITION_OR_CLOSING,20.0,OI not increasing,-0.0,QQQ
QQQ260918C00285000,15.0,1.5830098974609372,434.895,1.0,347.7863444859772,4.458802624034356e-05,0.9958633738393192,721.1099853515625,15.0,2.4812049688720705,434.895,1.0,1357.9099117415908,0.0001788910499563,0.9648621940310088,711.3699951171875,0.0,-0.8981950714111333,0.0,-1010.1235672556136,NO_NEW_POSITION_OR_CLOSING,20.0,OI not increasing,-0.0,QQQ
QQQ260918C01030000,82.0,0.4570366796875,0.01,1.0,1386.6185456070564,3.251922098909982e-05,0.0007456814499722,721.1099853515625,82.0,0.4648491015625,0.01,1.0,1362.319844913716,3.283024656339188e-05,0.0007755103390784,711.3699951171875,0.0,-0.007812421874999975,0.0,24.29870069334038,NO_NEW_POSITION_OR_CLOSING,20.0,OI not increasing,0.0,QQQ
QQQ260918C01040000,59.0,0.4687553125,0.01,1.0,961.2263893608606,3.133074017213942e-05,0.0007361016597956,721.1099853515625,59.0,0.476567734375,0.01,1.0,950.330561969226,3.1829630583701164e-05,0.0007704277096033,711.3699951171875,0.0,-0.007812421874999975,0.0,10.895827391634612,NO_NEW_POSITION_OR_CLOSING,20.0,OI not increasing,0.0,QQQ
QQQ260831C00940000,442.0,0.7812521875,0.01,3.0,1892.9231979305623,8.235836295159285e-06,0.0001066822100609,721.1099853515625,442.0,0.726565234375,0.01,3.0,2351.342643628252,1.051241663097856e-05,0.0001471677801951,711.3699951171875,0.0,0.05468695312500005,0.0,-458.41944569768975,NO_NEW_POSITION_OR_CLOSING,20.0,OI not increasing,-0.0,QQQ
QQQ260918C01060000,236.0,0.492192578125,0.01,1.0,3610.597684155158,2.9421450336900137e-05,0.0007249358995816,721.1099853515625,236.0,0.4960987890625,0.01,1.0,3351.013059050597,2.8059054401481197e-05,0.0007018411474956,711.3699951171875,0.0,-0.0039062109374999876,0.0,259.5846251045609,NO_NEW_POSITION_OR_CLOSING,20.0,OI not increasing,0.0,QQQ
QQQ260831C00945000,272.0,0.95312546875,0.085,1.0,7835.317379351036,5.539679893362106e-05,0.0010274604986002,721.1099853515625,272.0,0.89257919921875,0.085,1.0,9515.749144225858,6.913261651825308e-05,0.0014044748992802,711.3699951171875,0.0,0.060546269531250085,0.0,-1680.431764874822,NO_NEW_POSITION_OR_CLOSING,20.0,OI not increasing,-0.0,QQQ
QQQ260831C00915000,136.0,0.70312796875,0.01,1.0,656.7832118519312,9.287099875704786e-06,0.0001083738111044,721.1099853515625,136.0,0.6640658593750002,0.01,1.0,914.7893251598252,1.3292023287444632e-05,0.0001717620886991,711.3699951171875,0.0,0.039062109374999876,0.0,-258.006113307894,NO_NEW_POSITION_OR_CLOSING,20.0,OI not increasing,-0.0,QQQ
QQQ260831C00895000,525.0,0.64062859375,0.01,501.0,2927.5209290127805,1.0723527909059197e-05,0.0001143908517498,721.1099853515625,525.0,0.6093789062500001,0.01,501.0,4120.987506212009,1.551139681587653e-05,0.000184809433778,711.3699951171875,0.0,0.0312496874999999,0.0,-1193.4665771992286,NO_NEW_POSITION_OR_CLOSING,20.0,OI not increasing,-0.0,QQQ
QQQ260831C00880000,514.0,0.5937540625000001,0.01,1.0,3312.011181260444,1.2391550655001298e-05,0.0001230661840506,721.1099853515625,514.0,0.570316796875,0.01,1.0,4879.764352571737,1.8760510192998576e-05,0.0002110221131372,711.3699951171875,0.0,0.023437265625000037,0.0,-1567.7531713112926,NO_NEW_POSITION_OR_CLOSING,20.0,OI not increasing,-0.0,QQQ
QQQ260918P00950000,0.0,1.282077564239502,256.025,6.0,-0.0,0.0013729862685859,-0.7688841215987652,721.1099853515625,0.0,1.1052290832519531,256.025,6.0,-0.0,0.0013517587533127,-0.8216084608693686,711.3699951171875,0.0,0.1768484809875488,0.0,0.0,NO_NEW_POSITION_OR_CLOSING,20.0,OI not increasing,0.0,QQQ
QQQ260918P01010000,0.0,1.1729167330932615,303.44,1.0,-0.0,0.001134676357574,-0.8528387415678598,721.1099853515625,0.0,0.8941660974121093,303.44,1.0,-0.0,0.0008595953862276,-0.9300208443260664,711.3699951171875,0.0,0.2787506356811522,0.0,0.0,NO_NEW_POSITION_OR_CLOSING,20.0,OI not increasing,0.0,QQQ
QQQ260831P00753000,0.0,0.8984995501708983,46.465,2.0,-0.0,0.0060337445509725,-0.6866847232435892,721.1099853515625,0.0,0.5483443603515626,46.465,2.0,-0.0,0.0061954968407879,-0.8300633632831458,711.3699951171875,0.0,0.3501551898193357,0.0,0.0,NO_NEW_POSITION_OR_CLOSING,20.0,OI not increasing,0.0,QQQ
QQQ260831P00754000,19.0,1.333865635375976,59.57,3.0,-43137.419152996044,0.0043661388082294,-0.6200599121286752,721.1099853515625,19.0,0.9976196527099608,59.57,3.0,-45544.53448360454,0.004736871246272,-0.6917662490903627,711.3699951171875,0.0,0.33624598266601513,0.0,2407.115330608496,NO_NEW_POSITION_OR_CLOSING,20.0,OI not increasing,0.0,QQQ
QQQ260918C00360000,10.0,1.3618195971679683,360.425,1.0,629.566541381816,0.0001210705793034,0.98919269971823,721.1099853515625,10.0,1.9494631433105472,360.425,1.0,1476.7458564144229,0.0002918197457228,0.952282856205346,711.3699951171875,0.0,-0.5876435461425789,0.0,-847.1793150326068,NO_NEW_POSITION_OR_CLOSING,20.0,OI not increasing,-0.0,QQQ
QQQ260831P00900000,0.0,2.1042527862548823,193.45,247.0,-0.0,0.0016456183147628,-0.8564511823422164,721.1099853515625,0.0,1.4284696545410154,193.45,247.0,-0.0,0.0012264089998217,-0.9325618890417392,711.3699951171875,0.0,0.675783131713867,0.0,0.0,NO_NEW_POSITION_OR_CLOSING,20.0,OI not increasing,0.0,QQQ
QQQ260831P00875000,0.0,1.9353030578613284,168.445,1.0,-0.0,0.0018878802134844,-0.8444379825303172,721.1099853515625,0.0,1.302005443115234,168.445,1.0,-0.0,0.0014430959956742,-0.9261312863518424,711.3699951171875,0.0,0.6332976147460945,0.0,0.0,NO_NEW_POSITION_OR_CLOSING,20.0,OI not increasing,0.0,QQQ
QQQ260831P00766000,0.0,1.036442806091309,59.465,4.0,-0.0,0.0049407176003816,-0.7231485232596873,721.1099853515625,0.0,0.6457554956054687,59.465,4.0,-0.0,0.0047591461122318,-0.8541092726650722,711.3699951171875,0.0,0.39068731048584016,0.0,0.0,NO_NEW_POSITION_OR_CLOSING,20.0,OI not increasing,0.0,QQQ
QQQ260831P00757000,0.0,0.9422002850341796,50.465,1.0,-0.0,0.0056515460445292,-0.699187423522234,721.1099853515625,0.0,0.5790447369384766,50.465,1.0,-0.0,0.005678254566724,-0.8384447928028431,711.3699951171875,0.0,0.36315554809570305,0.0,0.0,NO_NEW_POSITION_OR_CLOSING,20.0,OI not increasing,0.0,QQQ
QQQ260831P00761000,0.0,0.9847413635253908,54.465,1.0,-0.0,0.0053130139609855,-0.7104738220253107,721.1099853515625,0.0,0.6090737335205079,54.465,1.0,-0.0,0.0052336169194192,-0.8458888246560246,711.3699951171875,0.0,0.3756676300048829,0.0,0.0,NO_NEW_POSITION_OR_CLOSING,20.0,OI not increasing,0.0,QQQ
QQQ260831P00769000,0.0,1.0667771270751956,62.465,0.0,-0.0,0.0047402437014989,-0.7300901347710089,721.1099853515625,0.0,0.6673617248535157,62.465,0.0,-0.0,0.0045100539591136,-0.8585472346762677,711.3699951171875,0.0,0.3994154022216798,0.0,0.0,NO_NEW_POSITION_OR_CLOSING,20.0,OI not increasing,0.0,QQQ
QQQ260831P00810000,0.0,1.441348008117676,103.465,1.0,-0.0,0.0030206594344384,-0.7943824769521225,721.1099853515625,0.0,0.9378668322753908,103.465,1.0,-0.0,0.002553558703347,-0.8977660344625993,711.3699951171875,0.0,0.5034811758422851,0.0,0.0,NO_NEW_POSITION_OR_CLOSING,20.0,OI not increasing,0.0,QQQ
QQQ260831P00800000,0.0,1.354922658996582,93.445,3.0,-0.0,0.0033196891949356,-0.7826256988500174,721.1099853515625,0.0,0.8743909045410156,93.445,3.0,-0.0,0.0028676026925011,-0.8910656122321303,711.3699951171875,0.0,0.4805317544555663,0.0,0.0,NO_NEW_POSITION_OR_CLOSING,20.0,OI not increasing,0.0,QQQ
QQQ260831P00795000,0.0,1.311709984436035,88.465,3.0,-0.0,0.0034903083550635,-0.7757997411367639,721.1099853515625,0.0,0.8435074243164062,88.465,3.0,-0.0,0.0030557368692218,-0.8867878043390001,711.3699951171875,0.0,0.4682025601196287,0.0,0.0,NO_NEW_POSITION_OR_CLOSING,20.0,OI not increasing,0.0,QQQ
QQQ260831P00790000,0.0,1.26678833404541,83.465,1.0,-0.0,0.0036791274367483,-0.768579246705442,721.1099853515625,0.0,0.8110370458984374,83.465,1.0,-0.0,0.0032646029550813,-0.882426798501837,711.3699951171875,0.0,0.45575128814697263,0.0,0.0,NO_NEW_POSITION_OR_CLOSING,20.0,OI not increasing,0.0,QQQ
QQQ260831P00774000,0.0,1.1162763912963864,67.465,20.0,-0.0,0.0044384312744624,-0.7407149438844484,721.1099853515625,0.0,0.7027617614746093,67.465,20.0,-0.0,0.0041434483790465,-0.8652479227093621,711.3699951171875,0.0,0.4135146298217771,0.0,0.0,NO_NEW_POSITION_OR_CLOSING,20.0,OI not increasing,0.0,QQQ
QQQ260918P00830000,0.0,0.6835053622436525,123.44,5.0,-0.0,0.0025245763022553,-0.7769065652488523,721.1099853515625,0.0,0.5205126074218749,123.44,5.0,-0.0,0.0023329137657788,-0.8695287055226137,711.3699951171875,0.0,0.16299275482177766,0.0,0.0,NO_NEW_POSITION_OR_CLOSING,20.0,OI not increasing,0.0,QQQ
QQQ260918P00835000,0.0,0.9065255929565428,140.235,49.0,-0.0,0.0021810148737978,-0.7105808538513261,721.1099853515625,0.0,0.7634911346435547,140.235,49.0,-0.0,0.0022613005276111,-0.7728558476793732,711.3699951171875,0.0,0.1430344583129881,0.0,0.0,NO_NEW_POSITION_OR_CLOSING,20.0,OI not increasing,0.0,QQQ
QQQ260831P00840000,0.0,2.1936690666198726,145.89499999999998,0.0,-0.0,0.0022280715115472,-0.7473796845966327,721.1099853515625,0.0,1.698121626586914,145.89499999999998,0.0,-0.0,0.0022101182363772,-0.8005622480839967,711.3699951171875,0.0,0.4955474400329587,0.0,0.0,NO_NEW_POSITION_OR_CLOSING,20.0,OI not increasing,0.0,QQQ
QQQ260831P00850000,0.0,1.7557385260009766,143.445,0.0,-0.0,0.0022103356413524,-0.8293133646979209,721.1099853515625,0.0,1.1685832586669924,143.445,0.0,-0.0,0.0017431171922727,-0.9178347220708049,711.3699951171875,0.0,0.5871552673339842,0.0,0.0,NO_NEW_POSITION_OR_CLOSING,20.0,OI not increasing,0.0,QQQ
QQQ260918P00860000,0.0,1.0087940185546875,166.11,0.0,-0.0,0.0019126494986231,-0.7248932992038355,721.1099853515625,0.0,0.8585524398803711,166.11,0.0,-0.0,0.0019576487142575,-0.783287810132532,711.3699951171875,0.0,0.15024157867431642,0.0,0.0,NO_NEW_POSITION_OR_CLOSING,20.0,OI not increasing,0.0,QQQ
QQQ260918P00870000,0.0,1.0410509373474124,176.035,0.0,-0.0,0.001830815937861,-0.7315832522042629,721.1099853515625,0.0,0.8872691937255859,176.035,0.0,-0.0,0.0018632964124444,-0.7893385676063884,711.3699951171875,0.0,0.1537817436218265,0.0,0.0,NO_NEW_POSITION_OR_CLOSING,20.0,OI not increasing,0.0,QQQ
QQQ260831P00835000,0.0,2.127018842620849,140.265,10.0,-0.0,0.0023039185886965,-0.7461173608931312,721.1099853515625,0.0,1.6385516119384764,140.265,10.0,-0.0,0.0022861864376255,-0.8011806786034947,711.3699951171875,0.0,0.48846723068237274,0.0,0.0,NO_NEW_POSITION_OR_CLOSING,20.0,OI not increasing,0.0,QQQ
QQQ260831P00830000,0.0,1.60388381652832,123.465,1.0,-0.0,0.0025554375889533,-0.8138588218636208,721.1099853515625,0.0,1.0570115509033202,123.465,1.0,-0.0,0.002080192814788,-0.9089890825101912,711.3699951171875,0.0,0.5468722656249998,0.0,0.0,NO_NEW_POSITION_OR_CLOSING,20.0,OI not increasing,0.0,QQQ
QQQ260831P00825000,0.0,1.563356675415039,118.445,2.0,-0.0,0.0026585255340425,-0.8096005871789129,721.1099853515625,0.0,1.0266161950683594,118.445,2.0,-0.0,0.0021804655452619,-0.9067617490343104,711.3699951171875,0.0,0.5367404803466795,0.0,0.0,NO_NEW_POSITION_OR_CLOSING,20.0,OI not increasing,0.0,QQQ
QQQ260831P00820000,0.0,2.0051929753112794,125.5,0.0,-0.0,0.0025200811239344,-0.7304666914483243,721.1099853515625,0.0,1.5408958502197263,125.5,0.0,-0.0,0.0025293467202503,-0.7874550994980826,711.3699951171875,0.0,0.4642971250915531,0.0,0.0,NO_NEW_POSITION_OR_CLOSING,20.0,OI not increasing,0.0,QQQ
QQQ260831P00815000,0.0,1.4830348114013672,108.465,4.0,-0.0,0.0028898815859204,-0.7997330904644446,721.1099853515625,0.0,0.9682620361328124,108.465,4.0,-0.0,0.0024179430150779,-0.900895476876132,711.3699951171875,0.0,0.5147727752685548,0.0,0.0,NO_NEW_POSITION_OR_CLOSING,20.0,OI not increasing,0.0,QQQ
QQQ260925C00910000,0.0,0.12500875,0.02,2.0,0.0,5.078626780942526e-12,1.8761591290346485e-11,721.1099853515625,0.0,0.2988351367187499,0.02,2.0,0.0,0.0001168051615735,0.0022303366635295,711.3699951171875,0.0,-0.1738263867187499,0.0,0.0,NO_NEW_POSITION_OR_CLOSING,20.0,OI not increasing,0.0,QQQ
QQQ260925C00925000,0.0,0.12500875,0.06,0.0,0.0,2.000219344113943e-13,6.915293566057633e-13,721.1099853515625,0.0,0.3164130859374999,0.02,0.0,0.0,0.0001040412465394,0.0020908300956317,711.3699951171875,0.0,-0.1914043359374999,0.039999999999999994,0.0,NO_NEW_POSITION_OR_CLOSING,20.0,OI not increasing,0.0,QQQ
QQQ260828C00920000,1.0,1.375003125,0.005,0.0,14.766192674718091,2.839654561869288e-05,0.0004085436580274,721.1099853515625,1.0,1.015629921875,0.005,0.0,0.0507212943732774,1.0023034879327683e-07,7.577557502507604e-07,711.3699951171875,0.0,0.3593732031250001,0.0,14.715471380344814,NO_NEW_POSITION_OR_CLOSING,20.0,OI not increasing,0.0,QQQ
QQQ260828C00940000,1.0,1.46875265625,0.005,0.0,11.236064414797552,2.1607832347715303e-05,0.0003268430877656,721.1099853515625,1.0,1.09375453125,0.005,0.0,0.0411081663396384,8.123384667889661e-08,6.578003489879625e-07,711.3699951171875,0.0,0.37499812499999985,0.0,11.194956248457913,NO_NEW_POSITION_OR_CLOSING,20.0,OI not increasing,0.0,QQQ
QQQ260828C00925000,1.0,1.375003125,0.005,0.0,11.443815908883094,2.2007354750619635e-05,0.0003105263099446,721.1099853515625,1.0,1.0312548437500002,0.005,0.0,0.0439103347804049,8.677121167846787e-08,6.62676135134443e-07,711.3699951171875,0.0,0.3437482812499999,0.0,11.39990557410269,NO_NEW_POSITION_OR_CLOSING,20.0,OI not increasing,0.0,QQQ
QQQ260828P00825000,0.0,3.130129127807617,118.485,0.0,-0.0,0.002570013562001,-0.7700168422649425,721.1099853515625,0.0,1.626954990234375,118.485,0.0,-0.0,0.0015622672378224,-0.955085884272014,711.3699951171875,0.0,1.5031741375732421,0.0,0.0,NO_NEW_POSITION_OR_CLOSING,20.0,OI not increasing,0.0,QQQ
QQQ260828P00790000,0.0,2.533939212036133,83.47,0.0,-0.0,0.0034401418625937,-0.7326288917055054,721.1099853515625,0.0,1.2827184301757812,83.47,0.0,-0.0,0.0026059374025935,-0.9365326471569926,711.3699951171875,0.0,1.2512207818603516,0.0,0.0,NO_NEW_POSITION_OR_CLOSING,20.0,OI not increasing,0.0,QQQ
QQQ260918C01005000,2.0,0.429693203125,0.01,0.0,39.48919359082249,3.797040685941725e-05,0.0008251872039736,721.1099853515625,2.0,0.437505625,0.01,0.0,38.08282758352599,3.762773741182413e-05,0.0008420518773273,711.3699951171875,0.0,-0.007812421875000031,0.0,1.4063660072964979,NO_NEW_POSITION_OR_CLOSING,20.0,OI not increasing,0.0,QQQ
QQQ260828P00810000,0.0,2.8830594329833987,103.47,0.0,-0.0,0.002881244204279,-0.7561957149561045,721.1099853515625,0.0,1.483278950805664,103.47,10.0,-0.0,0.0019066485251064,-0.9486769438704952,711.3699951171875,0.0,1.3997804821777347,0.0,0.0,NO_NEW_POSITION_OR_CLOSING,20.0,OI not increasing,0.0,QQQ
QQQ260831C00530000,0.0,1.1347699511718752,191.22,0.0,0.0,5.17239105463599e-05,0.9988467923607828,721.1099853515625,0.0,2.1962935717773435,191.22,0.0,0.0,0.0009193539844329,0.9187861006554132,711.3699951171875,0.0,-1.0615236206054683,0.0,0.0,NO_NEW_POSITION_OR_CLOSING,20.0,OI not increasing,0.0,QQQ
QQQ260925C00905000,0.0,0.12500875,0.11,0.0,0.0,1.4364950549100224e-11,5.431991430655928e-11,721.1099853515625,1.0,0.2929758203124999,0.02,0.0,61.70774335076706,0.0001219406703972,0.0022882550898405,711.3699951171875,-1.0,-0.1679670703124999,0.09,-61.70774335076706,NO_NEW_POSITION_OR_CLOSING,20.0,OI not increasing,-0.0,QQQ
QQQ260925C00895000,0.0,0.12500875,0.13,0.0,0.0,1.0826813742075035e-10,4.298378890277914e-10,721.1099853515625,1.0,0.2802806347656249,0.02,0.0,66.08389379955688,0.0001305883812112,0.0023502786933465,711.3699951171875,-1.0,-0.15527188476562492,0.11,-66.08389379955688,NO_NEW_POSITION_OR_CLOSING,20.0,OI not increasing,-0.0,QQQ
QQQ260902P00545000,0.0,0.500005,0.08,0.0,-0.0,8.390641875405033e-08,-7.059464111058844e-07,721.1099853515625,1.0,0.6718782812500002,0.0349999999999999,0.0,-23.565338574794367,4.656746508479685e-05,-0.0008352210898688,711.3699951171875,-1.0,-0.17187328125000012,0.0450000000000001,23.565338574794367,NO_NEW_POSITION_OR_CLOSING,20.0,OI not increasing,0.0,QQQ
QQQ260902P00575000,0.0,0.2500075,0.04,10.0,-0.0,1.453367860812479e-15,-3.885780586188048e-15,721.1099853515625,1.0,0.5585981640625001,0.045,10.0,-41.878139257998654,8.275539014741823e-05,-0.0012782095268296,711.3699951171875,-1.0,-0.3085906640625001,-0.0049999999999999975,41.878139257998654,NO_NEW_POSITION_OR_CLOSING,20.0,OI not increasing,0.0,QQQ
QQQ260903P00555000,0.0,0.500005,0.08,1.0,-0.0,1.7315445955574389e-06,-1.8416852822000784e-05,721.1099853515625,1.0,0.58789474609375,0.0349999999999999,1.0,-28.63057513549315,5.657687895075635e-05,-0.0009707911517159,711.3699951171875,-1.0,-0.08788974609375,0.0450000000000001,28.63057513549315,NO_NEW_POSITION_OR_CLOSING,20.0,OI not increasing,0.0,QQQ
QQQ260925C00885000,0.0,0.12500875,0.05,1.0,0.0,7.517452049432356e-10,3.142771463002857e-09,721.1099853515625,1.0,0.26758544921875,0.02,1.0,71.439341212637,0.0001411712807368,0.0024337179486661,711.3699951171875,-1.0,-0.14257669921875,0.030000000000000002,-71.439341212637,NO_NEW_POSITION_OR_CLOSING,20.0,OI not increasing,-0.0,QQQ
QQQ260902C00830000,0.0,0.2500075,0.02,1.0,0.0,2.1382811339317683e-07,9.083662187403674e-07,721.1099853515625,1.0,0.3789124609375,0.01,1.0,42.63309316757272,8.424725455297887e-05,0.0008536553301228,711.3699951171875,-1.0,-0.12890496093749998,0.01,-42.63309316757272,NO_NEW_POSITION_OR_CLOSING,20.0,OI not increasing,-0.0,QQQ
QQQ260902P00590000,0.0,0.2500075,0.03,5.0,-0.0,9.215605725600356e-13,-2.76578759894619e-12,721.1099853515625,1.0,0.5039112109375,0.05,50.0,-58.665791911286455,0.0001159294702187,-0.0016518673867331,711.3699951171875,-1.0,-0.2539037109375,-0.020000000000000004,58.665791911286455,NO_NEW_POSITION_OR_CLOSING,20.0,OI not increasing,0.0,QQQ
QQQ260902P00605000,0.0,0.2500075,0.06,50.0,-0.0,2.357724830734469e-10,-8.035839771380893e-10,721.1099853515625,1.0,0.47070841796875,0.07,50.0,-114.8452443749808,0.0002269456851049,-0.0032170707085443,711.3699951171875,-1.0,-0.22070091796875002,-0.010000000000000009,114.8452443749808,NO_NEW_POSITION_OR_CLOSING,20.0,OI not increasing,0.0,QQQ
QQQ260903P00669000,0.0,0.12500875,0.25,41.0,-0.0,4.808656441996535e-07,-1.128532372107749e-06,721.1099853515625,1.0,0.2495192236328124,0.48,41.0,-1577.2041990316638,0.0031167131860588,-0.0346374953056347,711.3699951171875,-1.0,-0.1245104736328124,-0.22999999999999998,1577.2041990316638,NO_NEW_POSITION_OR_CLOSING,20.0,OI not increasing,0.0,QQQ
QQQ260904C00940000,0.0,0.2500075,0.05,0.0,0.0,4.023343780158613e-15,1.2970801448118514e-14,721.1099853515625,1.0,0.5468795312500001,0.01,0.0,11.169565814162306,2.2072178781241315e-05,0.000348424539065,711.3699951171875,-1.0,-0.2968720312500001,0.04,-11.169565814162306,NO_NEW_POSITION_OR_CLOSING,20.0,OI not increasing,-0.0,QQQ
QQQ260911P00455000,0.0,0.500005,0.09,1.0,-0.0,6.5637647154272e-08,-9.341694764408714e-07,721.1099853515625,1.0,0.7148466015625,0.0349999999999999,1.0,-12.97272655252338,2.5635404680135008e-05,-0.0007683715597064,711.3699951171875,-1.0,-0.21484160156249998,0.0550000000000001,12.97272655252338,NO_NEW_POSITION_OR_CLOSING,20.0,OI not increasing,0.0,QQQ
QQQ260911C00890000,0.0,0.2500075,0.07,1.0,0.0,1.3988559633732983e-06,1.1082329071735884e-05,721.1099853515625,1.0,0.3515689843749999,0.01,1.0,34.19107516990381,6.75649829571801e-05,0.0010189262239044,711.3699951171875,-1.0,-0.1015614843749999,0.060000000000000005,-34.19107516990381,NO_NEW_POSITION_OR_CLOSING,20.0,OI not increasing,-0.0,QQQ
QQQ260904C00819000,0.0,0.12500875,0.64,0.0,0.0,8.56956163948216e-14,1.4394105599106896e-13,721.1099853515625,1.0,0.3086006640625,0.01,0.0,60.82215899055426,0.0001201906671607,0.0011758899731112,711.3699951171875,-1.0,-0.18359191406249997,0.63,-60.82215899055426,NO_NEW_POSITION_OR_CLOSING,20.0,OI not increasing,-0.0,QQQ
QQQ260925C00915000,0.0,0.12500875,0.05,0.0,0.0,1.7609850052785094e-12,6.359507842274378e-12,721.1099853515625,1.0,0.304694453125,0.02,0.0,56.75037231162072,0.0001121444095862,0.0021785264708427,711.3699951171875,-1.0,-0.17968570312499998,0.030000000000000002,-56.75037231162072,NO_NEW_POSITION_OR_CLOSING,20.0,OI not increasing,-0.0,QQQ
QQQ260925C00920000,0.0,0.12500875,0.05,0.0,0.0,5.990780436217385e-13,2.116209044096597e-12,721.1099853515625,1.0,0.3105537695312499,0.02,0.0,54.60509866938308,0.0001079051343848,0.0021322040656825,711.3699951171875,-1.0,-0.1855450195312499,0.030000000000000002,-54.60509866938308,NO_NEW_POSITION_OR_CLOSING,20.0,OI not increasing,-0.0,QQQ
QQQ260904C00814000,0.0,0.12500875,0.84,0.0,0.0,1.064702691028774e-12,1.876066697272185e-12,721.1099853515625,1.0,0.2968820312499999,0.01,0.0,66.66745399431187,0.0001317415545004,0.0012460590730444,711.3699951171875,-1.0,-0.1718732812499999,0.83,-66.66745399431187,NO_NEW_POSITION_OR_CLOSING,20.0,OI not increasing,-0.0,QQQ
QQQ260904P00435000,0.0,0.500005,0.33,0.0,-0.0,1.5373564096136766e-14,-1.0269562977782699e-13,721.1099853515625,1.0,1.015629921875,0.025,0.0,-6.852422020661838,1.3541071017531424e-05,-0.0004009690757641,711.3699951171875,-1.0,-0.515624921875,0.305,6.852422020661838,NO_NEW_POSITION_OR_CLOSING,20.0,OI not increasing,0.0,QQQ
QQQ260911C00895000,0.0,0.2500075,0.06,1.0,0.0,8.553563899386054e-07,6.613785534007211e-06,721.1099853515625,1.0,0.35938140625,0.01,1.0,32.603797043934016,6.442836268430098e-05,0.0009909414149167,711.3699951171875,-1.0,-0.10937390624999999,0.049999999999999996,-32.603797043934016,NO_NEW_POSITION_OR_CLOSING,20.0,OI not increasing,-0.0,QQQ
QQQ260901P00565000,0.0,0.500005,0.08,0.0,-0.0,1.7239550061843584e-07,-1.3300222128087569e-06,721.1099853515625,1.0,0.6250037500000001,0.03,0.0,-23.68960482997192,4.681302762915972e-05,-0.000703388394337,711.3699951171875,-1.0,-0.12499875000000005,0.05,23.68960482997192,NO_NEW_POSITION_OR_CLOSING,20.0,OI not increasing,0.0,QQQ
QQQ260901C00758000,0.0,0.12500875,0.12,1.0,0.0,3.434323916810723e-05,8.083832092460747e-05,721.1099853515625,1.0,0.1992267578125,0.02,1.0,328.63509257634774,0.0006494157998458,0.0035973728927433,711.3699951171875,-1.0,-0.07421800781249999,0.09999999999999999,-328.63509257634774,NO_NEW_POSITION_OR_CLOSING,20.0,OI not increasing,-0.0,QQQ
QQQ260901C00790000,0.0,0.12500875,0.05,0.0,0.0,1.5532011720614853e-12,2.072895895419769e-12,721.1099853515625,1.0,0.2890696093749999,0.01,0.0,76.3624776415317,0.0001508998905351,0.0010860163584626,711.3699951171875,-1.0,-0.16406085937499992,0.04,-76.3624776415317,NO_NEW_POSITION_OR_CLOSING,20.0,OI not increasing,-0.0,QQQ
QQQ260911P00450000,0.0,0.500005,0.04,1.0,-0.0,3.8086304134542566e-08,-5.30408216570244e-07,721.1099853515625,2.0,0.73437765625,0.0349999999999999,1.0,-25.74895336319256,2.544125311216741e-05,-0.0007846903997492,711.3699951171875,-2.0,-0.23437265624999992,0.005000000000000102,25.74895336319256,NO_NEW_POSITION_OR_CLOSING,20.0,OI not increasing,0.0,QQQ
QQQ260901P00575000,0.0,0.500005,0.03,10.0,-0.0,7.863833715853988e-07,-6.494744495877392e-06,721.1099853515625,2.0,0.5820354296875,0.03,10.0,-55.440886605275765,5.477836745411346e-05,-0.0007721168072197,711.3699951171875,-2.0,-0.08203042968749996,0.0,55.440886605275765,NO_NEW_POSITION_OR_CLOSING,20.0,OI not increasing,0.0,QQQ
QQQ260925C00890000,0.0,0.12500875,0.02,1.0,0.0,2.8828414404253205e-10,1.174015967025873e-09,721.1099853515625,2.0,0.273444765625,0.02,1.0,135.49647094173244,0.0001338772867545,0.0023507503201782,711.3699951171875,-2.0,-0.14843601562499997,0.0,-135.49647094173244,NO_NEW_POSITION_OR_CLOSING,20.0,OI not increasing,-0.0,QQQ
QQQ260901P00560000,0.0,0.500005,0.04,1.0,-0.0,7.655286958392357e-08,-5.714637461018413e-07,721.1099853515625,2.0,0.648441015625,0.03,1.0,-45.02927333160793,4.449117306352395e-05,-0.000692746840857,711.3699951171875,-2.0,-0.14843601562499997,0.010000000000000002,45.02927333160793,NO_NEW_POSITION_OR_CLOSING,20.0,OI not increasing,0.0,QQQ
QQQ260828C00945000,0.0,0.500005,0.14,1.0,0.0,1.6740157637236587e-25,3.0349895815543973e-25,721.1099853515625,2.0,1.171879140625,0.01,1.0,0.2380131633047431,2.3516890361530477e-07,2.1386948981139957e-06,711.3699951171875,-2.0,-0.671874140625,0.13,-0.2380131633047431,NO_NEW_POSITION_OR_CLOSING,20.0,OI not increasing,-0.0,QQQ
QQQ260903P00510000,0.0,0.500005,0.03,2.0,-0.0,3.1392719635612943e-09,-2.5829612892991353e-08,721.1099853515625,2.0,0.7578149218750001,0.03,2.0,-29.276491481946287,2.8926637115010824e-05,-0.0006172937084595,711.3699951171875,-2.0,-0.25780992187500007,0.0,29.276491481946287,NO_NEW_POSITION_OR_CLOSING,20.0,OI not increasing,0.0,QQQ
QQQ260925P00505000,0.0,0.2500075,0.16,85.0,-0.0,9.498693330122574e-09,-8.778477555981824e-08,721.1099853515625,3.0,0.500005,0.205,75.0,-249.81057258794576,0.0001645502224928,-0.0057993473052621,711.3699951171875,-3.0,-0.24999750000000004,-0.044999999999999984,249.81057258794576,NO_NEW_POSITION_OR_CLOSING,20.0,OI not increasing,0.0,QQQ
QQQ260903C00754000,0.0,0.062509375,0.04,10.0,0.0,2.0914681631366113e-08,2.1389654457574924e-08,721.1099853515625,3.0,0.17188328125,0.045,2.0,2003.467005009473,0.0013196837027994,0.0081773579006711,711.3699951171875,-3.0,-0.10937390624999999,-0.0049999999999999975,-2003.467005009473,NO_NEW_POSITION_OR_CLOSING,20.0,OI not increasing,-0.0,QQQ
QQQ260911P00465000,0.0,0.500005,0.06,2.0,-0.0,1.845373721736471e-07,-2.7446738017911088e-06,721.1099853515625,3.0,0.6914093359375001,0.04,2.0,-47.46096744974475,3.12625389417015e-05,-0.0009194311843917,711.3699951171875,-3.0,-0.19140433593750006,0.019999999999999997,47.46096744974475,NO_NEW_POSITION_OR_CLOSING,20.0,OI not increasing,0.0,QQQ
QQQ260911P00460000,0.0,0.500005,0.07,2.0,-0.0,1.11048880232254e-07,-1.615501580509715e-06,721.1099853515625,3.0,0.6992217578125001,0.0349999999999999,2.0,-41.004230222140286,2.700948617306469e-05,-0.0007939154118039,711.3699951171875,-3.0,-0.19921675781250003,0.03500000000000011,41.004230222140286,NO_NEW_POSITION_OR_CLOSING,20.0,OI not increasing,0.0,QQQ
QQQ260904C00930000,0.0,0.2500075,0.08,0.0,0.0,4.034341168263033e-14,1.3537472712024946e-13,721.1099853515625,3.0,0.523442265625,0.01,0.0,33.00305229771028,2.1739110327758976e-05,0.0003269966540299,711.3699951171875,-3.0,-0.27343476562499996,0.07,-33.00305229771028,NO_NEW_POSITION_OR_CLOSING,20.0,OI not increasing,-0.0,QQQ
QQQ260904P00430000,0.0,0.500005,0.01,577.0,-0.0,4.447519146690243e-15,-2.90878432451791e-14,721.1099853515625,3.0,1.015629921875,0.02,577.0,-15.839752319075242,1.0433644746629782e-05,-0.0003028910745653,711.3699951171875,-3.0,-0.515624921875,-0.01,15.839752319075242,NO_NEW_POSITION_OR_CLOSING,20.0,OI not increasing,0.0,QQQ
QQQ260925C00900000,0.0,0.12500875,0.01,1.0,0.0,3.983591531911775e-11,1.5429488912353866e-10,721.1099853515625,3.0,0.2861399511718749,0.02,1.0,189.01007337380196,0.0001245009340671,0.0022811154667966,711.3699951171875,-3.0,-0.1611312011718749,-0.01,-189.01007337380196,NO_NEW_POSITION_OR_CLOSING,20.0,OI not increasing,-0.0,QQQ
QQQ260901C00746000,0.0,0.062509375,0.04,3.0,0.0,1.7574481672721284e-07,1.565247315271512e-07,721.1099853515625,3.0,0.163094306640625,0.045,12.0,2207.758180482509,0.0014542502987171,0.0071061484504932,711.3699951171875,-3.0,-0.10058493164062499,-0.0049999999999999975,-2207.758180482509,NO_NEW_POSITION_OR_CLOSING,20.0,OI not increasing,-0.0,QQQ
QQQ260911P00505000,0.0,0.2500075,0.03,300.0,-0.0,2.408313069306739e-14,-1.1390888232654106e-13,721.1099853515625,3.0,0.5839885351562499,0.055,2.0,-88.08636788903041,5.8022489939333686e-05,-0.0015022840489171,711.3699951171875,-3.0,-0.33398103515624994,-0.025,88.08636788903041,NO_NEW_POSITION_OR_CLOSING,20.0,OI not increasing,0.0,QQQ
QQQ260902C00751000,0.0,0.062509375,0.04,13.0,0.0,2.3710686555638303e-08,2.2160233934897712e-08,721.1099853515625,3.0,0.165047412109375,0.035,1.0,1680.0686531782933,0.0011066612106113,0.0058633249020483,711.3699951171875,-3.0,-0.10253803710937501,0.0049999999999999975,-1680.0686531782933,NO_NEW_POSITION_OR_CLOSING,20.0,OI not increasing,-0.0,QQQ
QQQ260904C00840000,0.0,0.2500075,0.11,1.0,0.0,1.147522510230942e-06,6.258177226533707e-06,721.1099853515625,4.0,0.35938140625,0.01,1.0,185.3672570481833,9.157605823334922e-05,0.0010320641995463,711.3699951171875,-4.0,-0.10937390624999999,0.1,-185.3672570481833,NO_NEW_POSITION_OR_CLOSING,20.0,OI not increasing,-0.0,QQQ
QQQ260903C00734000,0.0,0.0312596875,1.31,805.0,0.0,1.6192864608429133e-05,1.0472318718107532e-05,721.1099853515625,4.0,0.170906728515625,0.8999999999999999,10.0,21170.84831345884,0.0104589282318546,0.100465256433268,711.3699951171875,-4.0,-0.139647041015625,0.41000000000000014,-21170.84831345884,NO_NEW_POSITION_OR_CLOSING,20.0,OI not increasing,-0.0,QQQ
QQQ260904C00900000,0.0,0.2500075,0.06,1.0,0.0,2.6117240821576702e-11,1.0014093156489616e-10,721.1099853515625,4.0,0.492192578125,0.01,1.0,99.4400918812065,4.9125890892780034e-05,0.0007380502999921,711.3699951171875,-4.0,-0.242185078125,0.049999999999999996,-99.4400918812065,NO_NEW_POSITION_OR_CLOSING,20.0,OI not increasing,-0.0,QQQ
QQQ260904P00440000,0.0,0.500005,0.03,2.0,-0.0,5.0977159771118276e-14,-3.479438959175241e-13,721.1099853515625,4.0,0.992187578125,0.025,2.0,-28.256912110019996,1.395962086340416e-05,-0.0004040441249266,711.3699951171875,-4.0,-0.492182578125,0.0049999999999999975,28.256912110019996,NO_NEW_POSITION_OR_CLOSING,20.0,OI not increasing,0.0,QQQ
QQQ260904C00920000,0.0,0.2500075,0.03,1.0,0.0,3.764122784243376e-13,1.3173899504343765e-12,721.1099853515625,4.0,0.507817421875,0.01,1.0,51.347053434839474,2.5366727815568315e-05,0.0003736810554094,711.3699951171875,-4.0,-0.257809921875,0.019999999999999997,-51.347053434839474,NO_NEW_POSITION_OR_CLOSING,20.0,OI not increasing,-0.0,QQQ
QQQ260903C00770000,0.0,0.12500875,0.01,3.0,0.0,9.708365184118652e-06,2.6293847799209285e-05,721.1099853515625,4.0,0.2031329687499999,0.015,1.0,860.8285519068166,0.0004252708210374,0.0027685739408432,711.3699951171875,-4.0,-0.07812421874999989,-0.004999999999999999,-860.8285519068166,NO_NEW_POSITION_OR_CLOSING,20.0,OI not increasing,-0.0,QQQ
QQQ260911P00495000,0.0,0.2500075,0.11,4.0,-0.0,1.1088890990598645e-15,-4.996003610813205e-15,721.1099853515625,5.0,0.6035195898437502,0.045,4.0,-114.6635594436445,4.531733150315696e-05,-0.0011883424083399,711.3699951171875,-5.0,-0.3535120898437502,0.065,114.6635594436445,NO_NEW_POSITION_OR_CLOSING,20.0,OI not increasing,0.0,QQQ
QQQ260911P00470000,0.0,0.500005,0.03,1.0,-0.0,3.013607769701972e-07,-4.583555400006212e-06,721.1099853515625,5.0,0.6679720703125002,0.0349999999999999,1.0,-75.60445495471824,2.988039238379294e-05,-0.0008430792650695,711.3699951171875,-5.0,-0.16796707031250013,-0.0049999999999999,75.60445495471824,NO_NEW_POSITION_OR_CLOSING,20.0,OI not increasing,0.0,QQQ
QQQ260911P00440000,0.0,0.500005,0.07,1.0,-0.0,1.2104799097822998e-08,-1.615069638027933e-07,721.1099853515625,5.0,0.7656273437500001,0.0349999999999999,1.0,-57.59045046395896,2.276089760124767e-05,-0.0007275444026862,711.3699951171875,-5.0,-0.26562234375000005,0.03500000000000011,57.59045046395896,NO_NEW_POSITION_OR_CLOSING,20.0,OI not increasing,0.0,QQQ
QQQ260903P00686000,0.0,0.062509375,0.62,68.0,-0.0,1.5204835567652142e-10,-1.3591494596454368e-10,721.1099853515625,5.0,0.2119219433593749,1.29,108.0,-21360.867861784624,0.0084422421106104,-0.1005881640827142,711.3699951171875,-5.0,-0.1494125683593749,-0.67,21360.867861784624,NO_NEW_POSITION_OR_CLOSING,20.0,OI not increasing,0.0,QQQ
QQQ260828P00425000,0.0,0.500005,0.02,4.0,-0.0,3.594352169683652e-91,0.0,721.1099853515625,5.0,2.156254609375,0.015,4.0,-0.2896205018711858,1.144638135872442e-07,-1.9062270465441955e-06,711.3699951171875,-5.0,-1.6562496093749999,0.005000000000000001,0.2896205018711858,NO_NEW_POSITION_OR_CLOSING,20.0,OI not increasing,0.0,QQQ
QQQ260828P00365000,0.0,0.500005,0.02,2.0,-0.0,1.412418613961967e-149,0.0,721.1099853515625,5.0,2.750003125,0.015,2.0,-0.1511575300914803,5.974047843613944e-08,-1.247101186874211e-06,711.3699951171875,-5.0,-2.2499981250000003,0.005000000000000001,0.1511575300914803,NO_NEW_POSITION_OR_CLOSING,20.0,OI not increasing,0.0,QQQ
QQQ260903C00729000,0.0,0.01563484375,2.65,277.0,0.0,6.220106676964079e-07,1.7019648894549666e-07,721.1099853515625,5.0,0.1773763903808593,1.725,53.0,36678.81690476157,0.0144962018699028,0.1702663831989244,711.3699951171875,-5.0,-0.16174154663085932,0.9249999999999998,-36678.81690476157,NO_NEW_POSITION_OR_CLOSING,20.0,OI not increasing,-0.0,QQQ
QQQ260902C00756000,0.0,0.062509375,0.02,7.0,0.0,1.0979819918726353e-10,8.871496084173273e-11,721.1099853515625,5.0,0.17774259765625,0.025,7.0,1960.7252861257416,0.0007749178397139,0.0042708665815745,711.3699951171875,-5.0,-0.11523322265625,-0.005000000000000001,-1960.7252861257416,NO_NEW_POSITION_OR_CLOSING,20.0,OI not increasing,-0.0,QQQ
SOXX260918P00655000,2.0,1.1261640371704105,149.05,0.0,-1237.975157453263,0.0022420857313886,-0.7493366888588754,525.4299926757812,2.0,0.8929454064941407,149.05,0.0,-1168.7466809782356,0.0021998928355,-0.8346614089701623,515.4000244140625,0.0,0.2332186306762698,0.0,-69.22847647502726,NO_NEW_POSITION_OR_CLOSING,20.0,OI not increasing,-0.0,SOXX
SOXX270115P00900000,0.0,0.7469202554321289,393.65,4.0,-0.0,0.0010957786774587,-0.8156613368053602,525.4299926757812,0.0,0.6265906481933594,393.65,4.0,-0.0,0.0009709341915701,-0.8843460785259223,515.4000244140625,0.0,0.12032960723876951,0.0,0.0,NO_NEW_POSITION_OR_CLOSING,20.0,OI not increasing,0.0,SOXX
SOXX270115P00675000,8.0,0.3891204887390136,155.85,7.0,-4826.916142586854,0.0021854961597466,-0.803801493310246,525.4299926757812,8.0,0.2354812780761718,155.85,7.0,-2812.832917932521,0.0013236253596115,-0.9519884109745282,515.4000244140625,0.0,0.1536392106628418,0.0,-2014.0832246543332,NO_NEW_POSITION_OR_CLOSING,20.0,OI not increasing,-0.0,SOXX
SOXX270115P00670000,12.0,0.3965972206115722,152.15,7.0,-7410.841105574054,0.0022369513368072,-0.7893874662949527,525.4299926757812,12.0,0.2674633801269531,152.15,7.0,-5554.945910883793,0.0017426481874177,-0.9195431058854951,515.4000244140625,0.0,0.12913384048461912,0.0,-1855.8951946902616,NO_NEW_POSITION_OR_CLOSING,20.0,OI not increasing,-0.0,SOXX
SOXX270115P00660000,8.0,0.4132138757324218,145.15,8.0,-5117.680707620428,0.0023171464353055,-0.759005926161264,525.4299926757812,8.0,0.3111335977172851,145.15,8.0,-4633.662899089441,0.0021804472217403,-0.8648170886278879,515.4000244140625,0.0,0.1020802780151367,0.0,-484.01780853098626,NO_NEW_POSITION_OR_CLOSING,20.0,OI not increasing,-0.0,SOXX
SOXX260918P00200000,34.0,1.7573254321289062,0.6,1.0,-728.6920057591915,7.763103364456473e-05,-0.0060759716780018,525.4299926757812,34.0,1.6909195141601563,0.6,1.0,-751.696519064412,8.322901454905844e-05,-0.0063215541147257,515.4000244140625,0.0,0.06640591796874995,0.0,23.004513305220485,NO_NEW_POSITION_OR_CLOSING,20.0,OI not increasing,0.0,SOXX
SOXX260918P00205000,0.0,1.915039487304688,1.275,2.0,-0.0,0.0001218358652158,-0.0111947557702852,525.4299926757812,0.0,1.843262502441406,1.275,2.0,-0.0,0.0001304065403693,-0.0116384288221547,515.4000244140625,0.0,0.0717769848632821,0.0,0.0,NO_NEW_POSITION_OR_CLOSING,20.0,OI not increasing,0.0,SOXX
SOXX260918P00210000,0.0,0.500005,0.87,40.0,-0.0,6.912373196774514e-16,-5.551115123125783e-15,525.4299926757812,0.0,0.500005,0.87,40.0,-0.0,8.406255410140462e-15,-7.072120666862247e-14,515.4000244140625,0.0,0.0,0.0,0.0,NO_NEW_POSITION_OR_CLOSING,20.0,OI not increasing,0.0,SOXX
SOXX260918P00215000,1.0,2.2702679962158205,4.2,0.0,-61.23846368340124,0.0002218168673419,-0.0275908813327179,525.4299926757812,1.0,2.1865279711914063,4.2,0.0,-62.80716291096025,0.0002364396493348,-0.0286114941329987,515.4000244140625,0.0,0.08374002502441424,0.0,1.5686992275590086,NO_NEW_POSITION_OR_CLOSING,20.0,OI not increasing,0.0,SOXX
SOXX260918P00235000,0.0,0.500005,1.45,5.0,-0.0,6.243726174193752e-13,-5.677791570235513e-12,525.4299926757812,0.0,0.500005,1.45,5.0,-0.0,4.842281660928017e-12,-4.623257332525554e-11,515.4000244140625,0.0,0.0,0.0,0.0,NO_NEW_POSITION_OR_CLOSING,20.0,OI not increasing,0.0,SOXX
SOXX260918P00255000,31.0,1.4008819018554686,0.8,1.0,-1291.8491156110751,0.0001509455725801,-0.0099991521012826,525.4299926757812,31.0,1.3408236083984373,0.8,1.0,-1344.8901634869292,0.0001633188276473,-0.0104558541928474,515.4000244140625,0.0,0.060058293457031287,0.0,53.04104787585402,NO_NEW_POSITION_OR_CLOSING,20.0,OI not increasing,0.0,SOXX
SOXX260918P00895000,0.0,1.877808228149414,388.65,0.0,-0.0,0.0010713072405522,-0.8294915526297111,525.4299926757812,0.0,1.5448631155395507,388.65,0.0,-0.0,0.0009237665465338,-0.8960021802453975,515.4000244140625,0.0,0.33294511260986326,0.0,0.0,NO_NEW_POSITION_OR_CLOSING,20.0,OI not increasing,0.0,SOXX
SOXX260918P00905000,0.0,1.902283203430176,398.65,0.0,-0.0,0.0010512104597962,-0.8310759720088998,525.4299926757812,0.0,1.5665304876708983,398.65,0.0,-0.0,0.0009038964344453,-0.8971161143559495,515.4000244140625,0.0,0.3357527157592777,0.0,0.0,NO_NEW_POSITION_OR_CLOSING,20.0,OI not increasing,0.0,SOXX
SOXX260918P00925000,0.0,1.9501345266723635,418.65,0.0,-0.0,0.00101373954345,-0.8340519806893734,525.4299926757812,0.0,1.608888674316406,418.65,0.0,-0.0,0.000867034636472,-0.8992084176632011,515.4000244140625,0.0,0.3412458523559576,0.0,0.0,NO_NEW_POSITION_OR_CLOSING,20.0,OI not increasing,0.0,SOXX
SOXX260918P00945000,0.0,1.9964599786376955,438.65,1.0,-0.0,0.0009794796442525,-0.8368204395342618,525.4299926757812,0.0,1.6499040942382814,438.65,1.0,-0.0,0.0008335093430348,-0.9011570200344649,515.4000244140625,0.0,0.3465558843994141,0.0,0.0,NO_NEW_POSITION_OR_CLOSING,20.0,OI not increasing,0.0,SOXX
SOXX270115C00925000,0.0,0.47070841796875,1.025,1.0,0.0,0.0005714845791893,0.0407803741728523,525.4299926757812,0.0,0.4831594653320313,1.025,1.0,0.0,0.0005613945644273,0.040409260288668,515.4000244140625,0.0,-0.012451047363281287,0.0,0.0,NO_NEW_POSITION_OR_CLOSING,20.0,OI not increasing,0.0,SOXX
SOXX260828C00695000,0.0,0.500005,1.31,1.0,0.0,5.517814164627227e-27,7.050521746396585e-27,525.4299926757812,0.0,1.9228519482421875,0.55,1.0,0.0,0.0001085598569462,0.0017554228652539,515.4000244140625,0.0,-1.4228469482421875,0.76,0.0,NO_NEW_POSITION_OR_CLOSING,20.0,OI not increasing,0.0,SOXX
SOXX270115P00090000,1.0,0.500005,0.91,0.0,-1.845295619496912e-05,6.683996772890182e-11,-1.793712400832703e-09,525.4299926757812,1.0,0.500005,0.91,0.0,-2.9086704102772444e-05,1.0949786297650316e-10,-2.931090259394864e-09,515.4000244140625,0.0,0.0,0.0,1.0633747907803324e-05,NO_NEW_POSITION_OR_CLOSING,20.0,OI not increasing,0.0,SOXX
SOXX270115P00095000,3.0,1.2099648876953122,0.625,1.0,-23.284180323311904,2.811318043859735e-05,-0.0037080743578548,525.4299926757812,3.0,1.1948282446289062,0.625,1.0,-23.56302332965944,2.956792779210382e-05,-0.0038008007653027,515.4000244140625,0.0,0.015136643066405941,0.0,0.278843006347536,NO_NEW_POSITION_OR_CLOSING,20.0,OI not increasing,0.0,SOXX
SOXX270115P00105000,2.0,1.6292743145751951,5.15,1.0,-44.32946651436173,8.028470018443923e-05,-0.0171916929752296,525.4299926757812,2.0,1.6109638592529298,5.15,1.0,-44.80389164653644,8.433286856758247e-05,-0.0176439886035528,515.4000244140625,0.0,0.018310455322265273,0.0,0.4744251321747157,NO_NEW_POSITION_OR_CLOSING,20.0,OI not increasing,0.0,SOXX
SOXX270115P00115000,0.0,0.500005,1.39,1.0,-0.0,5.223958606570416e-09,-1.605680807204024e-07,525.4299926757812,0.0,0.500005,1.39,1.0,-0.0,7.910377646296886e-09,-2.428450726066345e-07,515.4000244140625,0.0,0.0,0.0,0.0,NO_NEW_POSITION_OR_CLOSING,20.0,OI not increasing,0.0,SOXX
SOXX270115P00120000,21.0,1.0166064794921876,0.5,1.0,-190.34061258337255,3.2830874329064494e-05,-0.0036304100775289,525.4299926757812,21.0,1.0024463940429689,0.5,1.0,-193.32935619446127,3.4656894188327815e-05,-0.0037304477000201,515.4000244140625,0.0,0.014160085449218762,0.0,2.988743611088722,NO_NEW_POSITION_OR_CLOSING,20.0,OI not increasing,0.0,SOXX
SOXX260828C00760000,0.0,0.500005,0.92,0.0,0.0,2.3857188867872298e-45,2.3174720044545792e-45,525.4299926757812,0.0,1.998046884765625,0.125,0.0,0.0,9.12252287707883e-06,0.0001259919278591,515.4000244140625,0.0,-1.498041884765625,0.795,0.0,NO_NEW_POSITION_OR_CLOSING,20.0,OI not increasing,0.0,SOXX
SOXX260828C00825000,1.0,4.550785561523437,1.75,0.0,182.26785851470015,0.0006602073755781,0.0379890882982455,525.4299926757812,1.0,3.3369157202148427,1.75,0.0,39.51456175754704,0.0001487538792163,0.0045874136990628,515.4000244140625,0.0,1.2138698413085942,0.0,142.75329675715312,NO_NEW_POSITION_OR_CLOSING,20.0,OI not increasing,0.0,SOXX
SOXX260828C00830000,19.0,4.445316943359375,1.425,80.0,3102.453241683688,0.0005914552955879,0.0322888654376591,525.4299926757812,19.0,3.259767475585937,1.425,80.0,587.4597239003862,0.0001163953488572,0.0033984757837951,515.4000244140625,0.0,1.1855494677734377,0.0,2514.9935177833017,NO_NEW_POSITION_OR_CLOSING,20.0,OI not increasing,0.0,SOXX
SOXX260828C00840000,40.0,4.329106151123046,1.05,74.0,5454.592018087793,0.0004939381400616,0.0251855162456037,525.4299926757812,40.0,3.1718770703125,1.05,74.0,833.1358158428759,7.840918575859288e-05,0.0021287111877001,515.4000244140625,0.0,1.1572290808105459,0.0,4621.456202244917,NO_NEW_POSITION_OR_CLOSING,20.0,OI not increasing,0.0,SOXX
SOXX260918C00870000,13.0,1.288821915283203,5.0,1.0,2995.6168946021367,0.0008346669162708,0.0708886382518826,525.4299926757812,13.0,1.301150955200195,5.0,1.0,2833.3377121262315,0.0008204764503987,0.0705535924252354,515.4000244140625,0.0,-0.012329039916991968,0.0,162.27918247590515,NO_NEW_POSITION_OR_CLOSING,20.0,OI not increasing,0.0,SOXX
SOXX260918C00875000,3.0,1.1284223266601563,2.4,1.0,510.9220652397778,0.00061688425406,0.0408921573375867,525.4299926757812,3.0,1.1398968786621095,2.4,1.0,482.7704506703079,0.0006058017948661,0.0406898157461146,515.4000244140625,0.0,-0.011474552001953242,0.0,28.15161456946987,NO_NEW_POSITION_OR_CLOSING,20.0,OI not increasing,0.0,SOXX
SOXX260918C00890000,1.0,1.1491741760253906,2.3,0.0,159.97581417158733,0.0005794615314563,0.0387206522569609,525.4299926757812,1.0,1.1599163098144532,2.3,0.0,151.42659046230068,0.0005700504256121,0.0385743791741186,515.4000244140625,0.0,-0.010742133789062525,0.0,8.54922370928665,NO_NEW_POSITION_OR_CLOSING,20.0,OI not increasing,0.0,SOXX
SOXX260918C00905000,10.0,1.1550335217285157,2.05,1.0,1455.4124748503607,0.000527176902299,0.0347084666266613,525.4299926757812,10.0,1.1649211676025393,2.05,1.0,1379.4607480480606,0.000519302577004,0.0346013313400413,515.4000244140625,0.0,-0.009887645874023576,0.0,75.95172680230007,NO_NEW_POSITION_OR_CLOSING,20.0,OI not increasing,0.0,SOXX
SOXX260918C00920000,4.0,1.1965372204589846,2.2,3.0,577.9280338221733,0.0005233401456406,0.0359136928584922,525.4299926757812,4.0,1.2058145178222657,2.2,3.0,548.6912983419336,0.0005163916508893,0.035841164935736,515.4000244140625,0.0,-0.00927729736328109,0.0,29.23673548023976,NO_NEW_POSITION_OR_CLOSING,20.0,OI not increasing,0.0,SOXX
SOXX260918C00930000,6.0,1.4130888720703123,5.0,1.0,1189.767681771374,0.0007182592011659,0.0657431584153914,525.4299926757812,6.0,1.4221220300292967,5.0,1.0,1131.6038339869665,0.000709993365123,0.0656400895902946,515.4000244140625,0.0,-0.009033157958984406,0.0,58.16384778440761,NO_NEW_POSITION_OR_CLOSING,20.0,OI not increasing,0.0,SOXX
SOXX260918C00940000,1.0,1.2507361682128906,2.4,1.0,143.015518480165,0.0005180282518934,0.0374424724487618,525.4299926757812,1.0,1.2590369079589845,2.4,1.0,136.00861750554736,0.0005120089546971,0.0373926966256482,515.4000244140625,0.0,-0.00830073974609391,0.0,7.0069009746176505,NO_NEW_POSITION_OR_CLOSING,20.0,OI not increasing,0.0,SOXX
SOXX260918P00170000,2.0,2.520999791259765,2.4,3.0,-65.50474429513423,0.000118635056316,-0.0149184073562698,525.4299926757812,2.0,2.4345742260742185,2.4,3.0,-66.96212522239588,0.0001260405714293,-0.0154423436690563,515.4000244140625,0.0,0.08642556518554656,0.0,1.457380927261653,NO_NEW_POSITION_OR_CLOSING,20.0,OI not increasing,0.0,SOXX
SOXX260918P00175000,1.0,2.4126016247558595,2.15,1.0,-32.696117187835846,0.0001184312906075,-0.0141474589635485,525.4299926757812,1.0,2.329105739746093,2.15,1.0,-33.47003117462682,0.0001259990432202,-0.014661114372936,515.4000244140625,0.0,0.08349588500976646,0.0,0.7739139867909728,NO_NEW_POSITION_OR_CLOSING,20.0,OI not increasing,0.0,SOXX
SOXX260918C00775000,1.0,1.0927779736328125,5.6,1.0,324.59473472663615,0.0011757412397702,0.0896551694716047,525.4299926757812,1.0,1.111820847167969,5.6,1.0,303.1954374270167,0.001141389287187,0.0886500224982161,515.4000244140625,0.0,-0.019042873535156435,0.0,21.399297299619434,NO_NEW_POSITION_OR_CLOSING,20.0,OI not increasing,0.0,SOXX
SOXX260918C00810000,2.0,0.9731447998046876,2.15,6.0,403.8035911785035,0.0007313250711163,0.0420244790416157,525.4299926757812,2.0,0.9882813671875,2.15,6.0,378.18784490723294,0.0007118503470643,0.0416334782337109,515.4000244140625,0.0,-0.015136567382812438,0.0,25.615746271270552,NO_NEW_POSITION_OR_CLOSING,20.0,OI not increasing,0.0,SOXX
SOXX261002P00390000,0.0,0.2500075,1.27,1.0,-0.0,4.201211421403872e-06,-4.101234771591855e-05,525.4299926757812,0.0,0.5351608984375,1.625,0.0,-0.0,0.0009678278106599,-0.0386706923217634,515.4000244140625,0.0,-0.28515339843750004,-0.355,0.0,NO_NEW_POSITION_OR_CLOSING,20.0,OI not increasing,0.0,SOXX
SOXX270115C00435000,40.0,0.387350486907959,100.9,5.0,21809.21723514381,0.0019749239102771,0.8342777046045409,525.4299926757812,40.0,0.4708610043334961,100.9,5.0,20754.2275716466,0.0019532494630482,0.7819040824963067,515.4000244140625,0.0,-0.08351051742553711,0.0,1054.9896634972101,NO_NEW_POSITION_OR_CLOSING,20.0,OI not increasing,0.0,SOXX
SOXX260828C00890000,10.0,3.18750203125,0.025,10.0,111.261192144909,4.030082992595164e-05,0.0010537970373947,525.4299926757812,10.0,2.328129179687499,0.025,10.0,0.9615669720956388,3.619850780660413e-07,4.912031761955708e-06,515.4000244140625,0.0,0.859372851562501,0.0,110.29962517281336,NO_NEW_POSITION_OR_CLOSING,20.0,OI not increasing,0.0,SOXX
SOXX260918C00255000,1.0,4.186284064025879,320.05,1.0,98.65740774622874,0.000357355096945,0.88958721255235,525.4299926757812,1.0,4.4451338381195065,320.05,1.0,92.517271401928,0.0003482843388214,0.8835000356669025,515.4000244140625,0.0,-0.2588497740936271,0.0,6.140136344300743,NO_NEW_POSITION_OR_CLOSING,20.0,OI not increasing,0.0,SOXX
SOXX260918C00310000,14.0,3.4404921214294437,268.05,2.0,2038.8017906236491,0.0005274936688079,0.8542393466258391,525.4299926757812,14.0,3.642151773529053,268.05,2.0,1916.8280444064887,0.0005154259137349,0.8457370672941966,515.4000244140625,0.0,-0.20165965209960923,0.0,121.9737462171604,NO_NEW_POSITION_OR_CLOSING,20.0,OI not increasing,0.0,SOXX
SOXX260918C00335000,24.0,2.554202833251953,225.9,5.0,4757.838653824342,0.0007180732514275,0.8519261958573694,525.4299926757812,24.0,2.764346350860596,225.9,5.0,4508.656807806456,0.0007072078414317,0.8358832446452289,515.4000244140625,0.0,-0.21014351760864303,0.0,249.18184601788653,NO_NEW_POSITION_OR_CLOSING,20.0,OI not increasing,0.0,SOXX
SOXX260918C00370000,17.0,2.7823211594390878,212.05,1.0,3680.5324998709166,0.0007842093506424,0.8058345462597648,525.4299926757812,17.0,2.9390285313415525,212.05,1.0,3451.356759994921,0.0007642792395769,0.7948769896328558,515.4000244140625,0.0,-0.15670737190246475,0.0,229.17573987599553,NO_NEW_POSITION_OR_CLOSING,20.0,OI not increasing,0.0,SOXX
SOXX260918C00375000,7.0,3.742554354553223,244.4,4.0,1160.9873731700372,0.0006007582411685,0.7959215806399629,525.4299926757812,7.0,3.8740237524414063,244.4,4.0,1087.9045096008645,0.0005850646619593,0.7917341698703123,515.4000244140625,0.0,-0.13146939788818335,0.0,73.08286356917279,NO_NEW_POSITION_OR_CLOSING,20.0,OI not increasing,0.0,SOXX
SOXX261016C00245000,2.0,2.9352443611145023,331.5,2.0,177.99157291199464,0.0003223589451943,0.894742017780124,525.4299926757812,2.0,3.152284834136963,331.5,2.0,166.34612851928804,0.000313107760902,0.889801297435872,515.4000244140625,0.0,-0.21704047302246066,0.0,11.645444392706594,NO_NEW_POSITION_OR_CLOSING,20.0,OI not increasing,0.0,SOXX
SOXX261016C00310000,1.0,2.3266338220977776,270.05,1.0,141.46819264354147,0.0005124235559361,0.8534840577712834,525.4299926757812,1.0,2.4892921068572997,270.05,1.0,132.87149117456156,0.0005001991385035,0.8457541600869731,515.4000244140625,0.0,-0.16265828475952215,0.0,8.596701468979916,NO_NEW_POSITION_OR_CLOSING,20.0,OI not increasing,0.0,SOXX
SOXX261016C00315000,1.0,2.2795453167724604,265.05,1.0,146.64932084225583,0.0005311905457855,0.8500449175590581,525.4299926757812,1.0,2.438999263839721,265.05,1.0,137.7567348056108,0.0005185898002928,0.8420359709850962,515.4000244140625,0.0,-0.15945394706726068,0.0,8.892586036645042,NO_NEW_POSITION_OR_CLOSING,20.0,OI not increasing,0.0,SOXX
SOXX261016C00345000,44.0,1.7043471813964843,219.9,1.0,9007.62031054978,0.0007415282069294,0.8400061157804994,525.4299926757812,44.0,1.856323960571289,219.9,1.0,8499.264578675196,0.0007271764453462,0.8252947754912204,515.4000244140625,0.0,-0.15197677917480457,0.0,508.3557318745843,NO_NEW_POSITION_OR_CLOSING,20.0,OI not increasing,0.0,SOXX
SOXX261016C00370000,22.0,1.919678135986328,216.05,1.0,4537.679858391593,0.0007471046720457,0.804537278488044,525.4299926757812,22.0,2.046330567779541,216.05,1.0,4254.906132783812,0.0007280788798321,0.7948992239758388,515.4000244140625,0.0,-0.12665243179321295,0.0,282.77372560778167,NO_NEW_POSITION_OR_CLOSING,20.0,OI not increasing,0.0,SOXX
SOXX261016C00385000,1.0,1.5037256259155272,184.65,1.0,265.1831096865728,0.0009605415146724,0.8022395087548678,525.4299926757812,1.0,1.6306781161499022,184.65,1.0,248.5385798759553,0.0009356317328864,0.7864499164975993,515.4000244140625,0.0,-0.12695249023437505,0.0,16.644529810617485,NO_NEW_POSITION_OR_CLOSING,20.0,OI not increasing,0.0,SOXX
SOXX261016C00395000,1.0,0.6550937811279298,136.9,0.0,360.0782311912207,0.0013042689257162,0.9084292253528656,525.4299926757812,1.0,0.8604445108032227,136.9,0.0,386.9523007671445,0.0014566947791037,0.8442013709039405,515.4000244140625,0.0,-0.2053507296752929,0.0,-26.874069575923784,NO_NEW_POSITION_OR_CLOSING,20.0,OI not increasing,-0.0,SOXX
SOXX261016C00705000,6.0,0.4512994323730469,0.875,1.0,1909.062200633073,0.0011524951570051,0.0481833842700214,525.4299926757812,6.0,0.4714408325195312,0.875,1.0,1733.8834768021788,0.0010878769826085,0.0468074228230067,515.4000244140625,0.0,-0.0201414001464843,0.0,175.1787238308941,NO_NEW_POSITION_OR_CLOSING,20.0,OI not increasing,0.0,SOXX
SOXX261016C00755000,1.0,0.5411422839355471,0.925,0.0,248.3558193073839,0.0008995900045715,0.0443707725456838,525.4299926757812,1.0,0.5039112109375,0.925,0.0,173.0767017188126,0.0006515529879999,0.0271553355689155,515.4000244140625,0.0,0.037231072998047066,0.0,75.27911758857132,NO_NEW_POSITION_OR_CLOSING,20.0,OI not increasing,0.0,SOXX
SOXX261016C00760000,1.0,0.5197801928710937,1.275,0.0,212.11891408616063,0.0007683333349089,0.0347870825472398,525.4299926757812,1.0,0.5378464184570313,1.275,0.0,195.7358376696073,0.0007368540573386,0.0340814144957826,515.4000244140625,0.0,-0.018066225585937623,0.0,16.383076416553337,NO_NEW_POSITION_OR_CLOSING,20.0,OI not increasing,0.0,SOXX
SOXX270115C00196000,10.0,2.1711166327667235,381.05,3.0,571.1654966458271,0.0002068865441412,0.9217715203876372,525.4299926757812,10.0,2.352604216156005,381.05,3.0,525.6285248717633,0.000197874602738,0.9196742038636664,515.4000244140625,0.0,-0.1814875833892815,0.0,45.536971774063886,NO_NEW_POSITION_OR_CLOSING,20.0,OI not increasing,0.0,SOXX
SOXX270115C00197000,32.0,2.161320514678956,380.05,1.0,1845.0262383086745,0.0002088444070365,0.921264585632694,525.4299926757812,32.0,2.34173998550415,380.05,1.0,1698.7306361021504,0.0001998414956287,0.9191125983637172,515.4000244140625,0.0,-0.18041947082519405,0.0,146.2956022065241,NO_NEW_POSITION_OR_CLOSING,20.0,OI not increasing,0.0,SOXX
SOXX270115C00200000,91.0,2.92358667541504,415.45,1.0,3696.658746274786,0.0001471425402426,0.9260868598927148,525.4299926757812,91.0,3.1182883370971672,415.45,1.0,3298.9776829331304,0.0001364737470305,0.9286017498154316,515.4000244140625,0.0,-0.1947016616821271,0.0,397.6810633416558,NO_NEW_POSITION_OR_CLOSING,20.0,OI not increasing,0.0,SOXX
SOXX270115C00205000,38.0,2.0980577333831785,372.7,30.0,2346.5275348982645,0.0002236723696769,0.9171034289554924,525.4299926757812,38.0,2.2705121362304688,372.7,30.0,2166.5992315451326,0.0002146377556875,0.9146326485275744,515.4000244140625,0.0,-0.1724544028472903,0.0,179.92830335313192,NO_NEW_POSITION_OR_CLOSING,20.0,OI not increasing,0.0,SOXX
SOXX270115C00240000,130.0,1.843231985015869,339.95,1.0,10648.447176283771,0.0002966970370515,0.8980698658401297,525.4299926757812,130.0,1.9870911289978028,339.95,1.0,9922.735285699397,0.0002873420485886,0.8941457571134984,515.4000244140625,0.0,-0.1438591439819339,0.0,725.7118905843745,NO_NEW_POSITION_OR_CLOSING,20.0,OI not increasing,0.0,SOXX
SOXX270115C00290000,735.0,1.327579045715332,277.79999999999995,1.0,96437.68412316564,0.0004752583044322,0.8754669160493103,525.4299926757812,735.0,1.4470852841186526,277.79999999999995,1.0,91124.67820981223,0.0004667236401766,0.865693611705421,515.4000244140625,0.0,-0.11950623840332053,0.0,5313.005913353409,NO_NEW_POSITION_OR_CLOSING,20.0,OI not increasing,0.0,SOXX
SOXX270115C00305000,39.0,1.506197537384033,281.95,1.0,4965.516133039666,0.0004611795816219,0.8567730659250723,525.4299926757812,39.0,1.61349680557251,281.95,1.0,4656.215650400767,0.0004494481629424,0.8508240483024748,515.4000244140625,0.0,-0.10729926818847701,0.0,309.30048263889876,NO_NEW_POSITION_OR_CLOSING,20.0,OI not increasing,0.0,SOXX
SOXX270115C00320000,104.0,1.2296181097412109,252.3,117.0,16459.220209393345,0.0005732528165213,0.8536220406822035,525.4299926757812,104.0,1.3339571876525875,252.3,117.0,15517.55243310697,0.0005616955880648,0.8432859872533895,515.4000244140625,0.0,-0.10433907791137664,0.0,941.6677762863746,NO_NEW_POSITION_OR_CLOSING,20.0,OI not increasing,0.0,SOXX
SOXX270115C00345000,118.0,1.1921121937561037,234.5,1.0,21138.201145887186,0.0006488679147445,0.8314007237036585,525.4299926757812,118.0,1.284915684814453,234.5,1.0,19874.473248989518,0.0006340518150459,0.8215465135749223,515.4000244140625,0.0,-0.09280349105834929,0.0,1263.727896897668,NO_NEW_POSITION_OR_CLOSING,20.0,OI not increasing,0.0,SOXX
SOXX270115C00360000,160.0,1.1079909102630616,218.6,1.0,32114.479965574872,0.0007270280916814,0.8202927560867769,525.4299926757812,160.0,1.1957590261077882,218.6,1.0,30180.77204469061,0.0007101032378483,0.8092731637571111,515.4000244140625,0.0,-0.08776811584472655,0.0,1933.7079208842624,NO_NEW_POSITION_OR_CLOSING,20.0,OI not increasing,0.0,SOXX
SOXX270115C00375000,27.0,1.0768478775024417,207.2,2.0,5851.782460344805,0.0007850452487042,0.8057140121771101,525.4299926757812,27.0,1.1590465631866451,207.2,2.0,5492.1127907115615,0.0007657496623224,0.7947735935275999,515.4000244140625,0.0,-0.08219868568420341,0.0,359.66966963324376,NO_NEW_POSITION_OR_CLOSING,20.0,OI not increasing,0.0,SOXX
SOXX270115C00405000,53.0,0.3429020788574218,122.4,13.0,19516.44841702236,0.0013338137778358,0.9198816317013244,525.4299926757812,53.0,0.4688773815917969,122.4,13.0,22093.472916672858,0.0015692756994821,0.8475321419444597,515.4000244140625,0.0,-0.12597530273437513,0.0,-2577.024499650499,NO_NEW_POSITION_OR_CLOSING,20.0,OI not increasing,-0.0,SOXX
SOXX270115C00415000,21.0,0.3883728155517578,115.65,1.0,9284.883186782175,0.0016015017968473,0.87798398411122,525.4299926757812,21.0,0.4903005072021484,115.65,1.0,9330.803418241729,0.0016726723407324,0.8196583562052374,515.4000244140625,0.0,-0.10192769165039062,0.0,-45.92023145955318,NO_NEW_POSITION_OR_CLOSING,20.0,OI not increasing,-0.0,SOXX
SOXX270115C00425000,150.0,1.1159712170410154,184.85,1.0,36232.45319767954,0.000874936957484,0.7500647246279368,525.4299926757812,150.0,1.1823466175842283,184.85,1.0,33957.86961606242,0.0008522368481616,0.7424426960412085,515.4000244140625,0.0,-0.06637540054321289,0.0,2274.583581617124,NO_NEW_POSITION_OR_CLOSING,20.0,OI not increasing,0.0,SOXX
SOXX270115C00430000,35.0,0.9597477169799804,165.8,4.0,9925.858004608412,0.0010272361499772,0.7454412424576707,525.4299926757812,35.0,1.0249682540893557,165.8,4.0,9279.851076870396,0.0009981230678626,0.7347198696952701,515.4000244140625,0.0,-0.06522053710937525,0.0,646.0069277380153,NO_NEW_POSITION_OR_CLOSING,20.0,OI not increasing,0.0,SOXX
SOXX261218P00635000,1.0,0.5309495147705079,136.3,1.0,-642.5596866321018,0.0023274681988402,-0.6755195140416449,525.4299926757812,1.0,0.5026142268371583,136.3,1.0,-627.7977293212633,0.002363365388505,-0.7129734469360456,515.4000244140625,0.0,0.028335287933349607,0.0,-14.761957310838511,NO_NEW_POSITION_OR_CLOSING,20.0,OI not increasing,-0.0,SOXX
SOXX261218P00640000,34.0,0.5329789134216307,140.45,1.0,-21524.156753585987,0.0022930710422267,-0.6840009474394205,525.4299926757812,34.0,0.501805519104004,140.45,1.0,-21019.44764130446,0.0023273061257869,-0.7229204417813734,515.4000244140625,0.0,0.03117339431762678,0.0,-504.70911228152545,NO_NEW_POSITION_OR_CLOSING,20.0,OI not increasing,-0.0,SOXX
SOXX261218P00645000,19.0,0.5361679684448243,144.75,7.0,-11830.899483224684,0.0022554564423102,-0.6916415155748443,525.4299926757812,19.0,0.5027515545654297,144.75,7.0,-11539.932432015386,0.0022864451920137,-0.7316200546630227,515.4000244140625,0.0,0.033416413879394535,0.0,-290.967051209298,NO_NEW_POSITION_OR_CLOSING,20.0,OI not increasing,-0.0,SOXX
SOXX261218P00655000,1.0,0.5477645321655275,153.95,0.0,-598.945372925536,0.0021694892121747,-0.7034192778426638,525.4299926757812,1.0,0.5157519128417969,153.95,0.0,-580.5846813264275,0.0021856303023372,-0.7417076779110611,515.4000244140625,0.0,0.03201261932373056,0.0,-18.360691599108577,NO_NEW_POSITION_OR_CLOSING,20.0,OI not increasing,-0.0,SOXX
SOXX261218P00700000,8.0,0.5883219879150392,195.2,10.0,-4084.507980734432,0.001849353964862,-0.7516283182837415,525.4299926757812,8.0,0.5416915948486329,195.2,10.0,-3886.76665869757,0.0018289827609547,-0.7950090760977793,515.4000244140625,0.0,0.04663039306640626,0.0,-197.74132203686167,NO_NEW_POSITION_OR_CLOSING,20.0,OI not increasing,-0.0,SOXX
SOXX261218P00725000,1.0,0.6174049490356447,219.25,1.0,-468.0032649373546,0.0016951930517215,-0.7686727536058017,525.4299926757812,1.0,0.5085803536987304,219.25,1.0,-431.6355829359852,0.001624906477857,-0.8462774898906187,515.4000244140625,0.0,0.10882459533691424,0.0,-36.36768200136936,NO_NEW_POSITION_OR_CLOSING,20.0,OI not increasing,-0.0,SOXX
SOXX261218P00730000,1.0,0.6244544390869142,224.2,0.0,-460.0986906829246,0.001666561244303,-0.7710100371258735,525.4299926757812,1.0,0.5146227737426757,224.2,0.0,-422.7907862360376,0.0015916099471231,-0.8483247046659925,515.4000244140625,0.0,0.1098316653442385,0.0,-37.307904446886994,NO_NEW_POSITION_OR_CLOSING,20.0,OI not increasing,-0.0,SOXX
SOXX261218P00800000,0.0,0.7159757406616211,293.65,1.0,-0.0,0.0013557507346091,-0.7969357240679655,525.4299926757812,0.0,0.5931437170410157,293.65,1.0,-0.0,0.0012390775184938,-0.8706927964422211,515.4000244140625,0.0,0.12283202362060541,0.0,0.0,NO_NEW_POSITION_OR_CLOSING,20.0,OI not increasing,0.0,SOXX
SOXX261218P00850000,0.0,0.7778037356567383,343.65,0.0,-0.0,0.001204353380332,-0.8085350240173522,525.4299926757812,0.0,0.6484715328979492,343.65,0.0,-0.0,0.001079678016363,-0.8793690046672872,515.4000244140625,0.0,0.1293322027587891,0.0,0.0,NO_NEW_POSITION_OR_CLOSING,20.0,OI not increasing,0.0,SOXX
SOXX261218P00880000,0.0,0.8122577368164061,373.65,1.0,-0.0,0.0011316762524708,-0.8143147126643877,525.4299926757812,0.0,0.6794160476684571,373.65,1.0,-0.0,0.0010045663429377,-0.8836423173246167,515.4000244140625,0.0,0.13284168914794903,0.0,0.0,NO_NEW_POSITION_OR_CLOSING,20.0,OI not increasing,0.0,SOXX
SOXX270115C00150000,73.0,2.219486873168945,408.55,45.0,3043.7745611707755,0.0001510288458852,0.9463475352874436,525.4299926757812,73.0,2.467472093048096,408.55,45.0,2801.531583399653,0.0001444720359993,0.9431431163554214,515.4000244140625,0.0,-0.2479852198791508,0.0,242.2429777711227,NO_NEW_POSITION_OR_CLOSING,20.0,OI not increasing,0.0,SOXX
SOXX270115C00190000,16.0,1.863587107849121,370.0,1.0,983.916868317607,0.0002227453796271,0.9294490074077532,525.4299926757812,16.0,2.057988253479004,370.0,1.0,922.7917695141224,0.000217117515225,0.923899877162289,515.4000244140625,0.0,-0.19440114562988287,0.0,61.12509880348466,NO_NEW_POSITION_OR_CLOSING,20.0,OI not increasing,0.0,SOXX
SOXX270115C00195000,4.0,2.181004303359985,382.05,1.0,226.31276218925825,0.0002049365093801,0.9222777956662344,525.4299926757812,4.0,2.363529481811523,382.05,1.0,208.1735485882965,0.0001959190582242,0.9202352071472928,515.4000244140625,0.0,-0.18252517845153804,0.0,18.13921360096174,NO_NEW_POSITION_OR_CLOSING,20.0,OI not increasing,0.0,SOXX
SOXX261016C00795000,3.0,0.8471084625244141,8.75,3.0,1031.7370465048589,0.0012457131559205,0.1226641189921773,525.4299926757812,3.0,0.8698133135986328,8.75,3.0,968.3765451140772,0.0012151618814322,0.1213519483774503,515.4000244140625,0.0,-0.022704851074218713,0.0,63.36050139078168,NO_NEW_POSITION_OR_CLOSING,20.0,OI not increasing,0.0,SOXX
SOXX261016C00805000,1.0,0.8490005334472657,8.15,0.0,328.52152231613786,0.0011899647795103,0.1153273028586187,525.4299926757812,1.0,0.8711560736083983,8.15,0.0,308.6454455286263,0.0011619060235701,0.1141544586812265,515.4000244140625,0.0,-0.022155540161132636,0.0,19.87607678751158,NO_NEW_POSITION_OR_CLOSING,20.0,OI not increasing,0.0,SOXX
SOXX261016C00825000,1.0,0.5617719604492188,0.725,1.0,121.28722726938167,0.0004393244242797,0.0195602240465305,525.4299926757812,1.0,0.5773968041992188,0.725,1.0,113.18892033075856,0.0004261034473016,0.0192791956589765,515.4000244140625,0.0,-0.01562484374999995,0.0,8.09830693862311,NO_NEW_POSITION_OR_CLOSING,20.0,OI not increasing,0.0,SOXX
SOXX261016C00840000,1.0,0.8276384423828124,5.5,0.0,267.5233575913218,0.0009690183187562,0.0841187908610786,525.4299926757812,1.0,0.847535704345703,5.5,0.0,251.95225370174492,0.0009484826213027,0.0833568030405811,515.4000244140625,0.0,-0.019897261962890656,0.0,15.571103889576904,NO_NEW_POSITION_OR_CLOSING,20.0,OI not increasing,0.0,SOXX
SOXX261016C00860000,0.0,0.2500075,16.0,0.0,0.0,7.541985098312006e-09,6.657627787782009e-08,525.4299926757812,0.0,0.2500075,16.0,0.0,0.0,3.353599009930612e-09,2.855458728979353e-08,515.4000244140625,0.0,0.0,0.0,0.0,NO_NEW_POSITION_OR_CLOSING,20.0,OI not increasing,0.0,SOXX
SOXX261016C00880000,0.0,0.2500075,13.35,0.0,0.0,1.9449806978702182e-09,1.6434440537371067e-08,525.4299926757812,0.0,0.2500075,13.35,0.0,0.0,8.442383676955878e-10,6.891073993762457e-09,515.4000244140625,0.0,0.0,0.0,0.0,NO_NEW_POSITION_OR_CLOSING,20.0,OI not increasing,0.0,SOXX
SOXX261016C00885000,1.0,0.8771374591064454,5.025,1.0,229.65072847738415,0.0008318367592793,0.0742448421804541,525.4299926757812,1.0,0.8957529956054686,5.025,1.0,217.24690515887232,0.0008178331848498,0.0737461655079087,515.4000244140625,0.0,-0.018615536499023255,0.0,12.403823318511826,NO_NEW_POSITION_OR_CLOSING,20.0,OI not increasing,0.0,SOXX
SOXX261218C00915000,0.0,0.2500075,3.6,0.0,0.0,3.3451285395973037e-06,5.965290690300176e-05,525.4299926757812,0.0,0.5247239910888672,0.95,0.0,0.0,0.0005461572914621,0.0377380953151577,515.4000244140625,0.0,-0.27471649108886725,2.6500000000000004,0.0,NO_NEW_POSITION_OR_CLOSING,20.0,OI not increasing,0.0,SOXX
SOXX261218P00180000,2.0,0.8447281152343749,0.55,1.0,-34.734486116795004,6.290731703355816e-05,-0.0053929221020804,525.4299926757812,2.0,0.8288591333007811,0.55,1.0,-35.55614672549368,6.692614722459135e-05,-0.0055663921899371,515.4000244140625,0.0,0.015868981933593762,0.0,0.8216606086986786,NO_NEW_POSITION_OR_CLOSING,20.0,OI not increasing,0.0,SOXX
SOXX261218P00185000,1.0,1.0346727954101564,2.4,0.0,-37.90174335842717,0.0001372870165722,-0.0166159650409721,525.4299926757812,1.0,1.0159961309814454,2.4,0.0,-38.68844837467141,0.0001456439479679,-0.0171298341984257,515.4000244140625,0.0,0.018676664428711076,0.0,0.786705016244241,NO_NEW_POSITION_OR_CLOSING,20.0,OI not increasing,0.0,SOXX
SOXX261218P00215000,2.0,0.8833019482421874,2.2,1.0,-95.2621415597784,0.0001725284122599,-0.0180416763028794,525.4299926757812,2.0,0.9604496142578124,3.775,1.0,-120.32700289316618,0.0002264874980096,-0.0270259615775292,515.4000244140625,0.0,-0.07714766601562495,-1.5749999999999997,25.064861333387782,NO_NEW_POSITION_OR_CLOSING,20.0,OI not increasing,0.0,SOXX
SOXX261218P00255000,3.0,0.8518081225585938,4.7,1.0,-266.5546115530921,0.0003218364480638,-0.0363982756705467,525.4299926757812,3.0,0.8320939642333982,4.7,1.0,-274.19087936274343,0.0003440668885662,-0.0376919862399353,515.4000244140625,0.0,0.01971415832519563,0.0,7.636267809651315,NO_NEW_POSITION_OR_CLOSING,20.0,OI not increasing,0.0,SOXX
SOXX261218P00285000,8.0,0.6220130572509766,2.05,2.0,-680.9386072725817,0.0003083104548031,-0.0236669138092651,525.4299926757812,8.0,0.6043740734863283,2.05,2.0,-707.1095672780526,0.0003327421793545,-0.024605296712433,515.4000244140625,0.0,0.01763898376464823,0.0,26.170960005470874,NO_NEW_POSITION_OR_CLOSING,20.0,OI not increasing,0.0,SOXX
SOXX261218P00290000,2.0,0.617313397216797,2.25,2.0,-184.9587792486429,0.0003349771902543,-0.0258918888432179,525.4299926757812,2.0,0.5994302752685547,2.25,2.0,-192.18203893352336,0.0003617378320234,-0.0269228109429557,515.4000244140625,0.0,0.017883121948242264,0.0,7.223259684880446,NO_NEW_POSITION_OR_CLOSING,20.0,OI not increasing,0.0,SOXX
SOXX261016C00890000,4.0,0.6389196264648438,0.725,2.0,385.65862314129765,0.0003492314409244,0.0173764916024415,525.4299926757812,4.0,0.6535679174804689,0.725,2.0,363.4115796420649,0.0003420187382791,0.0172271349835083,515.4000244140625,0.0,-0.014648291015625148,0.0,22.247043499232745,NO_NEW_POSITION_OR_CLOSING,20.0,OI not increasing,0.0,SOXX
SOXX261016P00170000,20.0,1.6721207800292968,2.4,0.0,-668.3296877578505,0.0001210405917892,-0.0155055347356336,525.4299926757812,20.0,1.6350115905761715,2.4,0.0,-681.7174630756276,0.0001283174007903,-0.0159970022330225,515.4000244140625,0.0,0.037109189453125246,0.0,13.387775317777141,NO_NEW_POSITION_OR_CLOSING,20.0,OI not increasing,0.0,SOXX
SOXX261016P00175000,3.0,1.3930694409179685,0.9,1.0,-65.95031179143449,7.96280130813998e-05,-0.0077662693247654,525.4299926757812,3.0,1.3603547607421875,0.9,1.0,-67.46792276964422,8.466174483751657e-05,-0.0080207794193203,515.4000244140625,0.0,0.03271468017578094,0.0,1.5176109782097313,NO_NEW_POSITION_OR_CLOSING,20.0,OI not increasing,0.0,SOXX
SMH260918P00740000,0.0,1.3592561334228517,194.475,2.0,-0.0,0.0017681641066745,-0.730522028948767,573.0,0.0,1.003361916809082,194.475,2.0,-0.0,0.0017157124757454,-0.8483250852377073,555.77001953125,0.0,0.35589421661376974,0.0,0.0,NO_NEW_POSITION_OR_CLOSING,20.0,OI not increasing,0.0,SMH
SMH260918P00715000,0.0,1.2625158944702148,169.475,4.0,-0.0,0.001952043190484,-0.7163647125185983,573.0,0.0,0.9235237139892578,169.475,4.0,-0.0,0.0019449549651265,-0.838209744630633,555.77001953125,0.0,0.33899218048095703,0.0,0.0,NO_NEW_POSITION_OR_CLOSING,20.0,OI not increasing,0.0,SMH
SMH260918P00840000,0.0,1.6918350369262698,294.475,0.0,-0.0,0.0013104974904635,-0.7685338915988139,573.0,0.0,1.2811315240478514,294.475,0.0,-0.0,0.0011803926089978,-0.8745780586258689,555.77001953125,0.0,0.41070351287841844,0.0,0.0,NO_NEW_POSITION_OR_CLOSING,20.0,OI not increasing,0.0,SMH
SMH260918P00830000,0.0,1.661195541687012,284.45,0.0,-0.0,0.0013435585496578,-0.7657514364863143,573.0,0.0,1.255008607788086,284.45,0.0,-0.0,0.0012167196513683,-0.8728182436553553,555.77001953125,0.0,0.4061869338989259,0.0,0.0,NO_NEW_POSITION_OR_CLOSING,20.0,OI not increasing,0.0,SMH
SMH260918P00765000,0.0,1.4498013349914554,219.475,4.0,-0.0,0.0016202825959359,-0.7423234140559231,573.0,0.0,1.0784958184814453,219.475,4.0,-0.0,0.001537166735605,-0.856619143748228,555.77001953125,0.0,0.3713055165100101,0.0,0.0,NO_NEW_POSITION_OR_CLOSING,20.0,OI not increasing,0.0,SMH
SMH260918P00750000,0.0,1.396182218322754,204.475,2.0,-0.0,0.0017053177728903,-0.7354841079090733,573.0,0.0,1.0339403771972655,204.475,2.0,-0.0,0.0016392043899462,-0.8518311817751336,555.77001953125,0.0,0.3622418411254884,0.0,0.0,NO_NEW_POSITION_OR_CLOSING,20.0,OI not increasing,0.0,SMH
SMH260918C00245000,3.0,3.0272241116333007,344.75,2.0,290.16703581353846,0.0002945897111469,0.9377704047782524,573.0,3.0,3.728943548736572,344.75,2.0,290.0916531659819,0.000313057236568,0.9123054926113834,555.77001953125,0.0,-0.7017194371032711,0.0,0.0753826475565802,NO_NEW_POSITION_OR_CLOSING,20.0,OI not increasing,0.0,SMH
SMH260918C00230000,24.0,3.189333081359863,359.25,2.0,2062.5620531439354,0.0002617499080119,0.9427994176622704,573.0,24.0,3.9412843264770503,359.25,2.0,2069.463199492533,0.00027916195767,0.918958946819194,555.77001953125,0.0,-0.7519512451171875,0.0,-6.901146348597649,NO_NEW_POSITION_OR_CLOSING,20.0,OI not increasing,-0.0,SMH
SMH260918C00295000,1.0,2.515750780944824,295.75,1.0,141.03357505978414,0.0004295495526127,0.9201006911732756,573.0,1.0,3.0866722052001947,295.75,1.0,139.3679075549074,0.0004512035923395,0.888367838362758,555.77001953125,0.0,-0.5709214242553706,0.0,1.665667504876751,NO_NEW_POSITION_OR_CLOSING,20.0,OI not increasing,0.0,SMH
SMH260918C00225000,10.0,3.2558612353515626,364.25,0.0,826.4038122053727,0.0002516999144776,0.9441271899426272,573.0,10.0,4.023564540863037,364.25,0.0,828.5957124873942,0.0002682578569418,0.920989144790991,555.77001953125,0.0,-0.7677033055114748,0.0,-2.191900282021493,NO_NEW_POSITION_OR_CLOSING,20.0,OI not increasing,-0.0,SMH
SMH260918P00685000,16.0,1.1366009967041018,139.475,10.0,-11779.059567738464,0.0022422363634758,-0.695010334840401,573.0,16.0,0.8203753314208984,139.475,10.0,-11479.304909420433,0.0023227655596802,-0.8226047186029201,555.77001953125,0.0,0.3162256652832034,0.0,-299.75465831803194,NO_NEW_POSITION_OR_CLOSING,20.0,OI not increasing,-0.0,SMH
SMH260918P00235000,5.0,1.7856456030273438,1.225,2.0,-189.2652859185663,0.0001152900206308,-0.0107100439795475,573.0,5.0,1.6992202539062502,1.225,2.0,-198.56730877208253,0.000128572330045,-0.0113718996127782,555.77001953125,0.0,0.08642534912109356,0.0,9.302022853516235,NO_NEW_POSITION_OR_CLOSING,20.0,OI not increasing,0.0,SMH
SMH260918P00855000,0.0,1.7358411645507812,309.475,0.0,-0.0,0.0012645840664185,-0.7726211078350546,573.0,0.0,1.3182407135009764,309.475,0.0,-0.0,0.0011295698869692,-0.8773180377572215,555.77001953125,0.0,0.4176004510498048,0.0,0.0,NO_NEW_POSITION_OR_CLOSING,20.0,OI not increasing,0.0,SMH
SMH260918P00865000,0.0,1.7644665097045895,319.475,0.0,-0.0,0.0012361096234527,-0.7751885093399524,573.0,0.0,1.3424105145263667,319.475,0.0,-0.0,0.0010983116259723,-0.879033667279053,555.77001953125,0.0,0.4220559951782228,0.0,0.0,NO_NEW_POSITION_OR_CLOSING,20.0,OI not increasing,0.0,SMH
SMH260918P00695000,0.0,1.1798747061157226,149.475,12.0,-0.0,0.0021350225661136,-0.7027808003150967,573.0,0.0,0.8557143334960937,149.475,12.0,-0.0,0.0021808690332005,-0.8283366576774669,555.77001953125,0.0,0.32416037261962893,0.0,0.0,NO_NEW_POSITION_OR_CLOSING,20.0,OI not increasing,0.0,SMH
SMH260918P00145000,180.0,1.9882813085937496,0.1,1.0,-654.3893746750208,1.1072724389171646e-05,-0.0008901809564153,573.0,180.0,1.9101566992187504,0.1,1.0,-686.7081793863387,1.2351209386247474e-05,-0.0009522313426357,555.77001953125,0.0,0.07812460937499921,0.0,32.31880471131785,NO_NEW_POSITION_OR_CLOSING,20.0,OI not increasing,0.0,SMH
SMH260918P00140000,169.0,2.0937547656249995,0.13,2.0,-708.6907347929615,1.277205577500028e-05,-0.0011002374401709,573.0,169.0,2.00781748046875,0.13,2.0,-729.6806836979364,1.3978350116288313e-05,-0.0011506745632169,555.77001953125,0.0,0.08593728515624965,0.0,20.98994890497488,NO_NEW_POSITION_OR_CLOSING,20.0,OI not increasing,0.0,SMH
SMH260918P00105000,487.0,3.123049067382812,0.835,1.0,-4521.658493559115,2.827870733106131e-05,-0.004109990036158,573.0,487.0,3.0126977807617186,0.835,1.0,-4643.286470449774,3.086784326332432e-05,-0.0043189871274503,555.77001953125,0.0,0.11035128662109361,0.0,121.62797689065883,NO_NEW_POSITION_OR_CLOSING,20.0,OI not increasing,0.0,SMH
SMH260918C00345000,71.0,2.557864933471679,260.15,11.0,13853.125535018877,0.0005942650334122,0.8723210738856328,573.0,71.0,2.960818027648925,260.15,11.0,12836.96529535062,0.0005853475263774,0.8467788280228752,555.77001953125,0.0,-0.4029530941772461,0.0,1016.1602396682574,NO_NEW_POSITION_OR_CLOSING,20.0,OI not increasing,0.0,SMH
SMH260904P00765000,0.0,2.4041177592468257,219.475,0.0,-0.0,0.0016376696162805,-0.7577985591511169,573.0,0.0,1.724000403442383,219.475,0.0,-0.0,0.0015006680867879,-0.8688203259406325,555.77001953125,0.0,0.6801173558044427,0.0,0.0,NO_NEW_POSITION_OR_CLOSING,20.0,OI not increasing,0.0,SMH
SMH260904P00790000,0.0,2.545413792724609,244.475,0.0,-0.0,0.0015102295302473,-0.7681064366526141,573.0,0.0,1.8375252264404296,244.475,0.0,-0.0,0.0013566021839918,-0.8756484744272508,555.77001953125,0.0,0.7078885662841794,0.0,0.0,NO_NEW_POSITION_OR_CLOSING,20.0,OI not increasing,0.0,SMH
SMH260918C00185000,38.0,4.021245207824707,406.6,50.0,2282.966817268816,0.0001829813209879,0.951214240509816,573.0,38.0,4.907901814346313,406.6,50.0,2211.3522288236936,0.0001884013870531,0.9354148327745035,555.77001953125,0.0,-0.8866566065216057,0.0,71.61458844512254,NO_NEW_POSITION_OR_CLOSING,20.0,OI not increasing,0.0,SMH
SMH260918C00190000,12.0,3.93981948638916,401.675,1.0,752.673744078488,0.000191036466491,0.9498116830832988,573.0,12.0,4.804325283660887,401.675,1.0,730.375361075064,0.0001970491823016,0.9334233204923006,555.77001953125,0.0,-0.8645057972717272,0.0,22.298383003423965,NO_NEW_POSITION_OR_CLOSING,20.0,OI not increasing,0.0,SMH
SMH260918C00335000,15.0,2.170231625213623,256.75,2.0,2844.899671525691,0.0005776522271919,0.9024803326916238,573.0,15.0,2.656619569396973,256.75,2.0,2766.293318881604,0.000597058296917,0.8656284562828132,555.77001953125,0.0,-0.4863879441833503,0.0,78.60635264408666,NO_NEW_POSITION_OR_CLOSING,20.0,OI not increasing,0.0,SMH
SMH260918C00330000,62.0,3.7796636367797856,307.825,1.0,8871.303452856137,0.0004357992731747,0.8564439527425848,573.0,62.0,4.140996034698487,307.825,1.0,8009.196284005564,0.0004182221369111,0.8469457125376335,555.77001953125,0.0,-0.36133239791870153,0.0,862.1071688505726,NO_NEW_POSITION_OR_CLOSING,20.0,OI not increasing,0.0,SMH
SMH260918C00315000,23.0,2.338322025299071,276.25,11.0,3762.001411280877,0.0004981749365768,0.9116983143467048,573.0,23.0,2.8649930718994145,276.25,11.0,3689.536911596503,0.0005193424143359,0.8774510293706899,555.77001953125,0.0,-0.5266710466003435,0.0,72.464499684374,NO_NEW_POSITION_OR_CLOSING,20.0,OI not increasing,0.0,SMH
SMH260903C00647500,0.0,0.12500875,0.14,2.0,0.0,1.4794423101012157e-14,1.7633757241089595e-14,573.0,0.0,0.7446314599609375,2.5,2.0,0.0,0.0025311754415554,0.0774523315417535,555.77001953125,0.0,-0.6196227099609375,-2.36,0.0,NO_NEW_POSITION_OR_CLOSING,20.0,OI not increasing,0.0,SMH
SMH260831C00670000,0.0,0.2500075,0.07,2.0,0.0,1.6841286905114428e-12,3.118389904775754e-12,573.0,0.0,1.0935103918457032,2.5,2.0,0.0,0.0018231352950044,0.0579958677007762,555.77001953125,0.0,-0.8435028918457033,-2.43,0.0,NO_NEW_POSITION_OR_CLOSING,20.0,OI not increasing,0.0,SMH
SMH260828P00637500,1.0,4.241703916625977,91.775,0.0,-961.8635220026893,0.0029295722339564,-0.6439136461701784,573.0,1.0,2.1394089483642578,91.775,0.0,-1000.7028030764284,0.0032397752648649,-0.8786424150734965,555.77001953125,0.0,2.1022949682617194,0.0,38.83928107373913,NO_NEW_POSITION_OR_CLOSING,20.0,OI not increasing,0.0,SMH
SMH260901P00472500,0.0,0.2500075,0.1,2.0,-0.0,3.4619417467201084e-14,-6.894484982922222e-14,573.0,1.0,0.559574716796875,0.15,2.0,-141.64383945854945,0.0004585719217409,-0.0058762932128433,555.77001953125,-1.0,-0.309567216796875,-0.04999999999999999,141.64383945854945,NO_NEW_POSITION_OR_CLOSING,20.0,OI not increasing,0.0,SMH
SMH260911C00795000,0.0,0.2500075,0.04,2.0,0.0,4.000102680453926e-12,1.6560980558252608e-11,573.0,1.0,0.825929475097656,0.805,2.0,163.77350171081903,0.0005302167019537,0.0204494099467296,555.77001953125,-1.0,-0.5759219750976561,-0.765,-163.77350171081903,NO_NEW_POSITION_OR_CLOSING,20.0,OI not increasing,-0.0,SMH
SMH260902C00627500,0.0,0.12500875,0.3,4.0,0.0,2.6544728684331487e-10,3.521378795964496e-10,573.0,1.0,0.5554243676757813,0.555,4.0,785.3153826121268,0.0025424585040463,0.0484801115362614,555.77001953125,-1.0,-0.4304156176757813,-0.25500000000000006,-785.3153826121268,NO_NEW_POSITION_OR_CLOSING,20.0,OI not increasing,-0.0,SMH
SMH260902C00642500,0.0,0.2500075,0.16,4.0,0.0,1.2854947056468332e-05,5.243608873985199e-05,573.0,1.0,0.5388229711914063,0.44,4.0,388.5008371312719,0.0012577714368819,0.0199384363843577,555.77001953125,-1.0,-0.2888154711914063,-0.28,-388.5008371312719,NO_NEW_POSITION_OR_CLOSING,20.0,OI not increasing,-0.0,SMH
SMH260902C00637500,0.0,0.12500875,0.16,2.0,0.0,1.8927616006591587e-13,2.15048313258365e-13,573.0,1.0,0.5336960693359375,0.545,2.0,473.5057331550223,0.001532974782654,0.024924964836151,555.77001953125,-1.0,-0.4086873193359375,-0.385,-473.5057331550223,NO_NEW_POSITION_OR_CLOSING,20.0,OI not increasing,-0.0,SMH
SMH260901C00665000,0.0,0.2500075,0.46,0.0,0.0,2.949112052198855e-09,7.590473071350693e-09,573.0,1.0,0.9683841052246094,2.5,0.0,614.6853951392676,0.0019900439298498,0.0640523319111117,555.77001953125,-1.0,-0.7183766052246094,-2.04,-614.6853951392676,NO_NEW_POSITION_OR_CLOSING,20.0,OI not increasing,-0.0,SMH
SMH260925C00720000,0.0,0.12500875,0.21,2.0,0.0,1.4385661735653886e-11,4.3000222223965205e-11,573.0,1.0,0.4392145922851562,0.3199999999999999,21.0,240.61699732746663,0.0007789975143979,0.0225545624135236,555.77001953125,-1.0,-0.3142058422851562,-0.1099999999999999,-240.61699732746663,NO_NEW_POSITION_OR_CLOSING,20.0,OI not increasing,-0.0,SMH
SMH260903C00635000,0.0,0.12500875,0.21,2.0,0.0,7.101485307853449e-11,1.0016193857568524e-10,573.0,1.0,0.674075524902344,2.5,2.0,925.7341522690828,0.0029970642623782,0.0849134107651636,555.77001953125,-1.0,-0.549066774902344,-2.29,-925.7341522690828,NO_NEW_POSITION_OR_CLOSING,20.0,OI not increasing,-0.0,SMH
SMH260903C00615000,0.0,0.12500875,0.68,1.0,0.0,3.174845393764355e-06,6.374447732053712e-06,573.0,1.0,0.553837469482422,2.5,6.0,1287.3160202873598,0.0041676855383734,0.1016883850523728,555.77001953125,-1.0,-0.42882871948242196,-1.8199999999999998,-1287.3160202873598,NO_NEW_POSITION_OR_CLOSING,20.0,OI not increasing,-0.0,SMH
SMH260903P00522500,0.0,0.12500875,3.27,4.0,-0.0,2.086742875638489e-09,-3.2108139480513387e-09,573.0,1.0,0.4904836108398438,2.76,4.0,-2070.7488720179817,0.006704049348804,-0.1700286995464909,555.77001953125,-1.0,-0.3654748608398438,0.5100000000000002,2070.7488720179817,NO_NEW_POSITION_OR_CLOSING,20.0,OI not increasing,0.0,SMH
SMH260903P00557500,0.0,0.0312596875,13.4,2.0,-0.0,3.750310672246186e-12,-1.20525811553307e-12,573.0,1.0,0.4112607702636719,12.7,2.0,-3892.6979397407895,0.0126026093461435,-0.5050359645223443,555.77001953125,-1.0,-0.3800010827636719,0.7000000000000011,3892.6979397407895,NO_NEW_POSITION_OR_CLOSING,20.0,OI not increasing,0.0,SMH
SMH260903P00570000,0.0,0.007822421875,9.1,7.0,-0.0,2.0316046454695997e-08,-1.929370774256256e-09,573.0,1.0,0.4015562774658203,19.9,1.0,-3661.1034944342914,0.0118528223433716,-0.6602080896534219,555.77001953125,-1.0,-0.3937338555908203,-10.799999999999999,3661.1034944342914,NO_NEW_POSITION_OR_CLOSING,20.0,OI not increasing,0.0,SMH
SMH260903P00565000,0.0,0.0312596875,11.1,1.0,-0.0,0.0002034591965228,-0.0001193178730565,573.0,1.0,0.4059507647705078,16.775,2.0,-3821.40791611548,0.0123718078989377,-0.5991827543212019,555.77001953125,-1.0,-0.37469107727050777,-5.674999999999999,3821.40791611548,NO_NEW_POSITION_OR_CLOSING,20.0,OI not increasing,0.0,SMH
SMH260903P00532500,0.0,0.12500875,6.08,2.0,-0.0,9.950899677562678e-07,-1.895129186468836e-06,573.0,1.0,0.4726004888916015,4.359999999999999,2.0,-2655.361778864146,0.0085967335996108,-0.2425991984651141,555.77001953125,-1.0,-0.3475917388916015,1.7200000000000006,2655.361778864146,NO_NEW_POSITION_OR_CLOSING,20.0,OI not increasing,0.0,SMH
SMH260901P00487500,0.0,0.2500075,0.07,4.0,-0.0,1.1653586384780467e-10,-2.7487501164102923e-10,573.0,1.0,0.5600629931640625,0.25,1.0,-421.7340459556853,0.0013653639484552,-0.0206464539722401,555.77001953125,-1.0,-0.3100554931640625,-0.18,421.7340459556853,NO_NEW_POSITION_OR_CLOSING,20.0,OI not increasing,0.0,SMH
SMH260925C00725000,0.0,0.12500875,0.17,2.0,0.0,3.854025993952347e-12,1.1189957659356992e-11,573.0,1.0,0.4323787231445312,0.255,2.0,203.0948990263337,0.0006575197234013,0.0181283129931557,555.77001953125,-1.0,-0.3073699731445312,-0.08499999999999999,-203.0948990263337,NO_NEW_POSITION_OR_CLOSING,20.0,OI not increasing,-0.0,SMH
SMH260901C00652500,0.0,0.2500075,0.12,2.0,0.0,1.372854675668438e-07,4.01865225369065e-07,573.0,1.0,0.6293982373046876,0.425,2.0,308.85041641649127,0.000999903204601,0.0164251924964465,555.77001953125,-1.0,-0.3793907373046876,-0.305,-308.85041641649127,NO_NEW_POSITION_OR_CLOSING,20.0,OI not increasing,-0.0,SMH
SMH260903C00642500,0.0,0.12500875,0.15,2.0,0.0,5.139730207363246e-13,6.529103613816644e-13,573.0,1.0,0.71679970703125,2.5,2.0,834.2091483731165,0.0027007520677613,0.0802362106729035,555.77001953125,-1.0,-0.59179095703125,-2.35,-834.2091483731165,NO_NEW_POSITION_OR_CLOSING,20.0,OI not increasing,-0.0,SMH
SMH260903P00490000,0.0,0.2500075,0.16,2.0,-0.0,1.2137388877236705e-07,-4.36467292419529e-07,573.0,1.0,0.6693148303222658,2.5,1.0,-880.9497440844161,0.0028520747435698,-0.0787628341798369,555.77001953125,-1.0,-0.4193073303222658,-2.34,880.9497440844161,NO_NEW_POSITION_OR_CLOSING,20.0,OI not increasing,0.0,SMH
SMH260903C00612500,0.0,0.12500875,0.62,8.0,0.0,9.319809836882778e-06,1.976348469751641e-05,573.0,1.0,0.5380905566406251,2.5,8.0,1350.743650024673,0.0043730324858389,0.1044196091724992,555.77001953125,-1.0,-0.4130818066406251,-1.88,-1350.743650024673,NO_NEW_POSITION_OR_CLOSING,20.0,OI not increasing,-0.0,SMH
SMH260903C00632500,0.0,0.12500875,0.22,2.0,0.0,3.297103973661712e-10,4.828788102814497e-10,573.0,1.0,0.6595493029785158,2.5,2.0,960.3565087333992,0.0031091541393523,0.0866242476578886,555.77001953125,-1.0,-0.5345405529785158,-2.28,-960.3565087333992,NO_NEW_POSITION_OR_CLOSING,20.0,OI not increasing,-0.0,SMH
SMH260903C00627500,0.0,0.12500875,0.38,1.0,0.0,6.024665293739042e-09,9.559482090593264e-09,573.0,1.0,0.6301306518554688,2.5,2.0,1037.1793416821347,0.0033578680564104,0.0903440607437508,555.77001953125,-1.0,-0.5051219018554688,-2.12,-1037.1793416821347,NO_NEW_POSITION_OR_CLOSING,20.0,OI not increasing,-0.0,SMH
SMH260831C00700000,0.0,0.500005,0.21,0.0,0.0,1.019238655044589e-06,5.761154166744272e-06,573.0,1.0,1.1401410180664064,1.415,0.0,323.4636933452727,0.0010472136877804,0.0307594134298649,555.77001953125,-1.0,-0.6401360180664064,-1.205,-323.4636933452727,NO_NEW_POSITION_OR_CLOSING,20.0,OI not increasing,-0.0,SMH
SMH260902C00650000,0.0,0.2500075,0.11,2.0,0.0,2.5512287361840872e-06,9.528883225608132e-06,573.0,1.0,0.7642845837402343,1.95,2.0,688.4960967056323,0.0022290060717383,0.0614652650535192,555.77001953125,-1.0,-0.5142770837402344,-1.8399999999999999,-688.4960967056323,NO_NEW_POSITION_OR_CLOSING,20.0,OI not increasing,-0.0,SMH
SMH260902P00472500,0.0,0.2500075,0.07,2.0,-0.0,7.059965670573794e-12,-1.7488122061593003e-11,573.0,1.0,0.577152666015625,0.32,2.0,-244.11593784172703,0.0007903253341027,-0.0125644572342322,555.77001953125,-1.0,-0.327145166015625,-0.25,244.11593784172703,NO_NEW_POSITION_OR_CLOSING,20.0,OI not increasing,0.0,SMH
SMH260901P00562500,0.0,0.0312596875,5.1,5.0,-0.0,1.135328632921245e-08,-3.577290574874325e-09,573.0,1.0,0.4173642248535155,13.875,1.0,-4439.207994253971,0.0143719356148105,-0.5834638547241507,555.77001953125,-1.0,-0.38610453735351546,-8.775,4439.207994253971,NO_NEW_POSITION_OR_CLOSING,20.0,OI not increasing,0.0,SMH
SMH260902P00497500,0.0,0.2500075,0.17,4.0,-0.0,1.751555421479513e-07,-5.811855778858899e-07,573.0,1.0,0.4992725854492187,0.5449999999999999,1.0,-719.917221855108,0.0023307319625228,-0.0381523501935021,555.77001953125,-1.0,-0.24926508544921872,-0.3749999999999999,719.917221855108,NO_NEW_POSITION_OR_CLOSING,20.0,OI not increasing,0.0,SMH
SMH260902P00475000,0.0,0.2500075,0.05,4.0,-0.0,2.2937219948834435e-11,-5.83397774533978e-11,573.0,1.0,0.6035195898437502,0.5,1.0,-331.6722234713565,0.0010737888035706,-0.0189152261247546,555.77001953125,-1.0,-0.3535120898437502,-0.45,331.6722234713565,NO_NEW_POSITION_OR_CLOSING,20.0,OI not increasing,0.0,SMH
SMH260901C00615000,0.0,0.12500875,1.86,0.0,0.0,2.9862412869912735e-08,4.0416072603114384e-08,573.0,1.0,0.5185595019531251,0.54,0.0,969.0093382450212,0.0031371676743765,0.0516401697804205,555.77001953125,-1.0,-0.39355075195312506,1.32,-969.0093382450212,NO_NEW_POSITION_OR_CLOSING,20.0,OI not increasing,-0.0,SMH
SMH260902P00470000,0.0,0.2500075,0.06,2.0,-0.0,2.0898355811987717e-12,-5.044298312384399e-12,573.0,1.0,0.6362341064453125,0.495,6.0,-297.33473954025965,0.0009626212014058,-0.0177015185846917,555.77001953125,-1.0,-0.38622660644531254,-0.435,297.33473954025965,NO_NEW_POSITION_OR_CLOSING,20.0,OI not increasing,0.0,SMH
SMH260902P00477500,0.0,0.2500075,0.12,2.0,-0.0,7.170985015495822e-11,-1.8737944529334527e-10,573.0,1.0,0.8234880932617187,2.5,1.0,-685.1652142877886,0.0022182223401106,-0.0672377788913333,555.77001953125,-1.0,-0.5734805932617186,-2.38,685.1652142877886,NO_NEW_POSITION_OR_CLOSING,20.0,OI not increasing,0.0,SMH
SMH260902P00572500,0.0,0.00196310546875,20.52,1.0,-0.0,1.5006833551256215e-08,-3.1169822278798165e-10,573.0,1.0,0.4303035485839844,21.1,1.0,-3550.0290563746844,0.0114932188568239,-0.6907836709983369,555.77001953125,-1.0,-0.4283404431152344,-0.5800000000000018,3550.0290563746844,NO_NEW_POSITION_OR_CLOSING,20.0,OI not increasing,0.0,SMH
SMH260902P00542500,0.0,0.12500875,1.67,5.0,-0.0,3.7113910783159776e-05,-7.741289809526375e-05,573.0,1.0,0.4221859539794922,6.125,58.0,-3640.4284562302905,0.0117858869084277,-0.3136005343482387,555.77001953125,-1.0,-0.2971772039794922,-4.455,3640.4284562302905,NO_NEW_POSITION_OR_CLOSING,20.0,OI not increasing,0.0,SMH
SMH260903C00630000,0.0,0.12500875,0.31,6.0,0.0,1.4490794044427428e-09,2.207135590307303e-09,573.0,2.0,0.6449010119628906,2.5,6.0,1994.838174987529,0.0032291442358632,0.0884311579224917,555.77001953125,-2.0,-0.5198922619628906,-2.19,-1994.838174987529,NO_NEW_POSITION_OR_CLOSING,20.0,OI not increasing,-0.0,SMH
SMH260903P00492500,0.0,0.2500075,0.16,2.0,-0.0,2.616822308052978e-07,-9.70139544143045e-07,573.0,2.0,0.5544478149414063,0.67,3.0,-1548.7279553914975,0.0025070033312872,-0.0523549519808275,555.77001953125,-2.0,-0.3044403149414063,-0.51,1548.7279553914975,NO_NEW_POSITION_OR_CLOSING,20.0,OI not increasing,0.0,SMH
SMH260831P00497500,0.0,0.2500075,0.94,2.0,-0.0,9.532625669480904e-11,-1.9308143972551759e-10,573.0,2.0,0.5373581420898439,0.52,2.0,-1056.516199330788,0.0017102355659433,-0.0224892423145958,555.77001953125,-2.0,-0.2873506420898439,0.41999999999999993,1056.516199330788,NO_NEW_POSITION_OR_CLOSING,20.0,OI not increasing,0.0,SMH
SMH260831C00730000,0.0,0.500005,0.08,1.0,0.0,1.1445529973684726e-08,5.41611077946241e-08,573.0,2.0,0.87695435546875,0.08,1.0,68.06069992278319,0.0001101732559563,0.0017519559452938,555.77001953125,-2.0,-0.37694935546874997,0.0,-68.06069992278319,NO_NEW_POSITION_OR_CLOSING,20.0,OI not increasing,-0.0,SMH
SMH260903P00500000,0.0,0.2500075,1.21,2.0,-0.0,2.208623772476161e-06,-9.012770433969308e-06,573.0,2.0,0.5639692041015626,1.275,2.0,-2122.4649099135854,0.0034357400091926,-0.0803323803443574,555.77001953125,-2.0,-0.3139617041015626,-0.06499999999999995,2122.4649099135854,NO_NEW_POSITION_OR_CLOSING,20.0,OI not increasing,0.0,SMH
SMH260831C00740000,0.0,0.500005,0.01,45.0,0.0,2.2213896598210213e-09,9.981381187328016e-09,573.0,2.0,0.937500625,0.1,1.0,74.8696882393851,0.0001211953055894,0.0020941651996523,555.77001953125,-2.0,-0.43749562499999994,-0.09000000000000001,-74.8696882393851,NO_NEW_POSITION_OR_CLOSING,20.0,OI not increasing,-0.0,SMH
SMH260903P00475000,0.0,0.2500075,0.08,6.0,-0.0,6.427444526228491e-10,-1.95145399839447e-09,573.0,2.0,0.7718528674316407,2.275,4.0,-1287.405464612533,0.0020839875571854,-0.0630339354640969,555.77001953125,-2.0,-0.5218453674316408,-2.195,1287.405464612533,NO_NEW_POSITION_OR_CLOSING,20.0,OI not increasing,0.0,SMH
SMH260831C00607500,0.0,0.12500875,0.19,2.0,0.0,1.2210951876901118e-07,1.494289978560646e-07,573.0,2.0,0.5190477783203125,0.56,4.0,2259.406537978168,0.0036574142655103,0.0545043831793143,555.77001953125,-2.0,-0.39403902832031246,-0.37000000000000005,-2259.406537978168,NO_NEW_POSITION_OR_CLOSING,20.0,OI not increasing,-0.0,SMH
SMH260904C00652500,0.0,0.12500875,0.1,2.0,0.0,3.512348700139317e-14,4.5954057226864403e-14,573.0,2.0,0.4799856689453124,0.135,2.0,542.5990228574753,0.0008783321519582,0.0135467796783675,555.77001953125,-2.0,-0.3549769189453124,-0.035,-542.5990228574753,NO_NEW_POSITION_OR_CLOSING,20.0,OI not increasing,-0.0,SMH
SMH260903C00602500,0.0,0.062509375,1.19,4.0,0.0,4.4794387897910917e-10,3.2486164663535204e-10,573.0,2.0,0.45898978515625,1.19,4.0,3289.2375045862445,0.005324453111785,0.1100479243175912,555.77001953125,-2.0,-0.39648041015625,0.0,-3289.2375045862445,NO_NEW_POSITION_OR_CLOSING,20.0,OI not increasing,-0.0,SMH
SMH260902P00555000,0.0,0.062509375,4.2,1.0,-0.0,4.959886259974888e-06,-4.473663908655112e-06,573.0,2.0,0.4280452703857422,10.925,2.0,-8063.205216030179,0.0130523132013399,-0.4742125212386877,555.77001953125,-2.0,-0.36553589538574216,-6.7250000000000005,8063.205216030179,NO_NEW_POSITION_OR_CLOSING,20.0,OI not increasing,0.0,SMH
SMH260902P00445000,0.0,0.500005,0.08,4.0,-0.0,8.915894308084384e-07,-6.544129930508014e-06,573.0,2.0,0.7539087109375,0.31,4.0,-286.782592759539,0.0004642293134184,-0.0092679248182557,555.77001953125,-2.0,-0.25390371093749997,-0.22999999999999998,286.782592759539,NO_NEW_POSITION_OR_CLOSING,20.0,OI not increasing,0.0,SMH
SMH260902P00515000,0.0,0.12500875,0.26,1.0,-0.0,9.608859173174344e-14,-1.078026556911027e-13,573.0,2.0,0.4809622216796875,1.5850000000000002,2.0,-3181.8984856672173,0.0051506980781329,-0.1008009975989487,555.77001953125,-2.0,-0.3559534716796875,-1.3250000000000002,3181.8984856672173,NO_NEW_POSITION_OR_CLOSING,20.0,OI not increasing,0.0,SMH
SMH260902P00525000,0.0,0.12500875,0.47,9.0,-0.0,6.262484492466398e-10,-8.492540004567671e-10,573.0,2.0,0.4451959777832031,2.365,5.0,-4533.520357253931,0.0073386359421795,-0.1496581685924382,555.77001953125,-2.0,-0.3201872277832031,-1.8950000000000002,4533.520357253931,NO_NEW_POSITION_OR_CLOSING,20.0,OI not increasing,0.0,SMH
SMH260901C00592500,0.0,0.062509375,1.24,4.0,0.0,3.1824546494059614e-07,2.282119119979392e-07,573.0,2.0,0.4397028686523437,1.0399999999999998,4.0,4158.208957768647,0.006731100625532,0.1136865948050872,555.77001953125,-2.0,-0.37719349365234367,0.20000000000000018,-4158.208957768647,NO_NEW_POSITION_OR_CLOSING,20.0,OI not increasing,-0.0,SMH
SMH260902P00465000,0.0,0.2500075,0.06,2.0,-0.0,1.6249557479870464e-13,-3.7292391397159013e-13,573.0,2.0,0.6103554589843752,0.27,4.0,-378.7008155131064,0.0006130219337408,-0.0100039850723893,555.77001953125,-2.0,-0.36034795898437516,-0.21000000000000002,378.7008155131064,NO_NEW_POSITION_OR_CLOSING,20.0,OI not increasing,0.0,SMH
SMH260925P00335000,0.0,0.2500075,0.24,1.0,-0.0,4.870036847109864e-16,-2.4424906541753444e-15,573.0,2.0,0.719729365234375,0.205,8.0,-72.05648478447341,0.0001166414325812,-0.0044955663347237,555.77001953125,-2.0,-0.46972186523437504,0.035,72.05648478447341,NO_NEW_POSITION_OR_CLOSING,20.0,OI not increasing,0.0,SMH
SMH260831C00627500,0.0,0.12500875,0.03,5.0,0.0,8.964943846494563e-16,7.183956704869413e-16,573.0,2.0,0.483403603515625,0.1,1.0,534.9361190569763,0.0008659278266612,0.0090200984433333,555.77001953125,-2.0,-0.358394853515625,-0.07,-534.9361190569763,NO_NEW_POSITION_OR_CLOSING,20.0,OI not increasing,-0.0,SMH
SMH260904C00662500,0.0,0.2500075,0.09,2.0,0.0,3.6233269578483462e-06,1.644446201548347e-05,573.0,2.0,0.5488326367187502,0.205,2.0,588.4780171468676,0.0009525987725866,0.0174054507907102,555.77001953125,-2.0,-0.29882513671875016,-0.11499999999999999,-588.4780171468676,NO_NEW_POSITION_OR_CLOSING,20.0,OI not increasing,-0.0,SMH
SMH260903P00540000,0.0,0.12500875,1.79,4.0,-0.0,3.840294195844927e-05,-8.844147902464794e-05,573.0,2.0,0.4547173669433594,6.525,2.0,-6212.027706953246,0.0100557196641058,-0.3082608026173292,555.77001953125,-2.0,-0.3297086169433594,-4.735,6212.027706953246,NO_NEW_POSITION_OR_CLOSING,20.0,OI not increasing,0.0,SMH
SMH260903C00650000,0.0,0.2500075,0.1,2.0,0.0,1.094190818598254e-05,4.868988345764564e-05,573.0,2.0,0.7584252673339844,2.5,2.0,1515.7902772966083,0.0024536854658601,0.0761655449125728,555.77001953125,-2.0,-0.5084177673339845,-2.4,-1515.7902772966083,NO_NEW_POSITION_OR_CLOSING,20.0,OI not increasing,-0.0,SMH
SMH260903C00655000,0.0,0.2500075,0.09,2.0,0.0,4.188722835351048e-06,1.766361911894057e-05,573.0,2.0,0.5749554223632812,0.525,2.0,733.1400566482815,0.0011867704446858,0.0220155908472545,555.77001953125,-2.0,-0.32494792236328124,-0.43500000000000005,-733.1400566482815,NO_NEW_POSITION_OR_CLOSING,20.0,OI not increasing,-0.0,SMH
SMH260911C00755000,0.0,0.2500075,0.07,2.0,0.0,2.4971586620993835e-09,1.2190950990507374e-08,573.0,2.0,0.7187528125,0.75,2.0,396.8716773683376,0.0006424360158233,0.0217711418772898,555.77001953125,-2.0,-0.4687453125,-0.6799999999999999,-396.8716773683376,NO_NEW_POSITION_OR_CLOSING,20.0,OI not increasing,-0.0,SMH
SMH260901P00470000,0.0,0.2500075,0.13,4.0,-0.0,7.570303187775135e-15,-1.4654943925052066e-14,573.0,2.0,0.5751995605468749,0.15,2.0,-267.25384893605747,0.0004326171599405,-0.0056763217000879,555.77001953125,-2.0,-0.32519206054687494,-0.01999999999999999,267.25384893605747,NO_NEW_POSITION_OR_CLOSING,20.0,OI not increasing,0.0,SMH
SMH260901P00465000,0.0,0.2500075,0.06,2.0,-0.0,3.117803933762995e-16,-5.551115123125784e-16,573.0,2.0,0.58789474609375,0.115,2.0,-200.8005223151591,0.0003250458394683,-0.004220641340794,555.77001953125,-2.0,-0.33788724609375004,-0.05500000000000001,200.8005223151591,NO_NEW_POSITION_OR_CLOSING,20.0,OI not increasing,0.0,SMH
SMH260904P00477500,0.0,0.2500075,0.18,1.0,-0.0,1.5527377221131204e-08,-5.6186366226285145e-08,573.0,2.0,0.5019581054687501,0.42,7.0,-669.6664164984162,0.0010840224915991,-0.0182402649219698,555.77001953125,-2.0,-0.2519506054687501,-0.24,669.6664164984162,NO_NEW_POSITION_OR_CLOSING,20.0,OI not increasing,0.0,SMH
SMH260904C00840000,0.0,0.500005,0.04,4.0,0.0,3.053689394708734e-09,2.1442004566749013e-08,573.0,2.0,1.009770576171875,0.155,4.0,81.24774849058487,0.0001315197904295,0.00365508529023,555.77001953125,-2.0,-0.5097655761718749,-0.11499999999999999,-81.24774849058487,NO_NEW_POSITION_OR_CLOSING,20.0,OI not increasing,-0.0,SMH
SMH260911C00785000,0.0,0.2500075,0.04,2.0,0.0,2.148715632133247e-11,9.241189877314382e-11,573.0,2.0,0.9744875598144532,2.5,2.0,584.022387241088,0.0009453862218104,0.0504018380109563,555.77001953125,-2.0,-0.7244800598144532,-2.46,-584.022387241088,NO_NEW_POSITION_OR_CLOSING,20.0,OI not increasing,-0.0,SMH
SMH260902C00630000,0.0,0.12500875,0.18,2.0,0.0,4.7897485288547655e-11,6.097569757768329e-11,573.0,2.0,0.516606396484375,0.68,2.0,1210.0809689704774,0.0019588185321866,0.0321796249811453,555.77001953125,-2.0,-0.391597646484375,-0.5,-1210.0809689704774,NO_NEW_POSITION_OR_CLOSING,20.0,OI not increasing,-0.0,SMH
SMH260902C00640000,0.0,0.12500875,0.17,2.0,0.0,2.628931859327672e-14,2.884073063275937e-14,573.0,2.0,0.5297898583984376,0.455,2.0,825.235133142766,0.001335849346996,0.0209842101705543,555.77001953125,-2.0,-0.4047811083984376,-0.28500000000000003,-825.235133142766,NO_NEW_POSITION_OR_CLOSING,20.0,OI not increasing,-0.0,SMH
SMH260901P00445000,0.0,0.500005,0.06,2.0,-0.0,9.673024995815796e-08,-5.738673307664754e-07,573.0,2.0,0.6445348046875,0.045,2.0,-66.976541178027,0.0001084182740208,-0.0013878386646194,555.77001953125,-2.0,-0.14452980468749999,0.015,66.976541178027,NO_NEW_POSITION_OR_CLOSING,20.0,OI not increasing,0.0,SMH
SMH260903C00597500,0.0,0.062509375,1.69,2.0,0.0,1.6077950283652514e-07,1.3878240005713716e-07,573.0,2.0,0.4704642797851562,1.555,2.0,3852.4561281576375,0.0062361632417798,0.1430110197312893,555.77001953125,-2.0,-0.40795490478515617,0.135,-3852.4561281576375,NO_NEW_POSITION_OR_CLOSING,20.0,OI not increasing,-0.0,SMH
SMH260901P00420000,0.0,0.500005,0.08,1.0,-0.0,2.437528039159892e-10,-1.1929475185468164e-09,573.0,2.0,0.84961087890625,0.085,1.0,-72.13389413051856,0.0001167667389578,-0.0020392940974726,555.77001953125,-2.0,-0.34960587890624995,-0.0050000000000000044,72.13389413051856,NO_NEW_POSITION_OR_CLOSING,20.0,OI not increasing,0.0,SMH
SMH260901P00410000,0.0,0.500005,0.03,4.0,-0.0,1.4043262500223812e-11,-6.402800512006479e-11,573.0,3.0,1.5390648046875,2.5,4.0,-754.918273939214,0.000814682622181,-0.0373878147268841,555.77001953125,-3.0,-1.0390598046875,-2.47,754.918273939214,NO_NEW_POSITION_OR_CLOSING,20.0,OI not increasing,0.0,SMH
SMH260918P00567500,0.0,0.007822421875,17.05,41.0,-0.0,5.809996086106173e-10,-9.583456250794598e-11,573.0,3.0,0.3665529653930663,25.575,10.0,-7297.005879903084,0.0078746853659936,-0.5636790875721045,555.77001953125,-3.0,-0.3587305435180663,-8.524999999999999,7297.005879903084,NO_NEW_POSITION_OR_CLOSING,20.0,OI not increasing,0.0,SMH
SMH260901P00482500,0.0,0.2500075,0.06,2.0,-0.0,9.362647537043258e-12,-2.0821455670727573e-11,573.0,3.0,0.56055126953125,0.345,2.0,-909.50378573329,0.0009815061505644,-0.0140462086506193,555.77001953125,-3.0,-0.31054376953125,-0.285,909.50378573329,NO_NEW_POSITION_OR_CLOSING,20.0,OI not increasing,0.0,SMH
SMH260828C00785000,0.0,0.500005,0.04,78.0,0.0,1.2538922309841473e-33,1.5549014716026442e-33,573.0,3.0,2.75635076538086,2.5,22.0,312.0985612116633,0.0003368063577267,0.0101523802710464,555.77001953125,-3.0,-2.2563457653808596,-2.46,-312.0985612116633,NO_NEW_POSITION_OR_CLOSING,20.0,OI not increasing,-0.0,SMH
SMH260925C00705000,0.0,0.12500875,0.28,10.0,0.0,6.186394814714282e-10,2.031006332135418e-09,573.0,3.0,0.4411676977539062,0.465,1.0,1011.8210520333786,0.0010919235317318,0.0340071389522209,555.77001953125,-3.0,-0.3161589477539062,-0.185,-1011.8210520333786,NO_NEW_POSITION_OR_CLOSING,20.0,OI not increasing,-0.0,SMH
MU261120P01450000,7.0,0.8687604676818848,551.325,1.0,-4473.262480094753,0.0007303665643481,-0.794270328203807,935.3900146484376,7.0,0.8821117745971679,551.325,1.0,-4514.870735211177,0.0007324386605806,-0.7845044680412865,938.4000244140624,0.0,-0.01335130691528319,0.0,41.60825511642361,NO_NEW_POSITION_OR_CLOSING,20.0,OI not increasing,0.0,MU
MU261120P02500000,0.0,1.3213382321929932,1589.575,0.0,-0.0,0.000319895538244,-0.8886601751535375,935.3900146484376,0.0,1.343768539962768,1589.575,0.0,-0.0,0.0003297091043977,-0.8794935748905918,938.4000244140624,0.0,-0.022430307769774727,0.0,0.0,NO_NEW_POSITION_OR_CLOSING,20.0,OI not increasing,0.0,MU
MU261120P02420000,0.0,1.2912327919006346,1509.575,5.0,-0.0,0.0003311382286293,-0.8868550702914839,935.3900146484376,0.0,1.3134494776916503,1509.575,5.0,-0.0,0.0003410618191064,-0.8775876272797397,938.4000244140624,0.0,-0.022216685791015767,0.0,0.0,NO_NEW_POSITION_OR_CLOSING,20.0,OI not increasing,0.0,MU
MU261120P01440000,12.0,0.8649763258361816,541.9,1.0,-7773.09792481052,0.0007403335551445,-0.7910480181870099,935.3900146484376,12.0,0.8781140118408204,541.9,1.0,-7841.041834074263,0.0007420215255927,-0.7813275066541479,938.4000244140624,0.0,-0.013137686004638827,0.0,67.94390926374217,NO_NEW_POSITION_OR_CLOSING,20.0,OI not increasing,0.0,MU
MU261120P01430000,302.0,0.8610243389892578,532.4749999999999,300.0,-198307.848867306,0.0007504944789303,-0.7877997900538088,935.3900146484376,302.0,0.8739484040832519,532.4749999999999,300.0,-199932.93686044283,0.0007517983733688,-0.7781255382402144,938.4000244140624,0.0,-0.01292406509399413,0.0,1625.08799313684,NO_NEW_POSITION_OR_CLOSING,20.0,OI not increasing,0.0,MU
MU261120P01420000,3.0,1.1698497318267822,569.5250000000001,4.0,-1805.2820834646109,0.0006877622877356,-0.6725024166582307,935.3900146484376,3.0,1.1753886445617674,569.5250000000001,4.0,-1804.9820924018204,0.0006832436781812,-0.6665022249091047,938.4000244140624,0.0,-0.005538912734985191,0.0,-0.2999910627904683,NO_NEW_POSITION_OR_CLOSING,20.0,OI not increasing,-0.0,MU
MU261120P01410000,15.0,0.7256191989135742,498.225,2.0,-9963.496099535112,0.0007591630066045,-0.8360690256832,935.3900146484376,15.0,0.7435938726806641,498.225,2.0,-10161.539059810955,0.0007692937622411,-0.8236350963537051,938.4000244140624,0.0,-0.017974673767089944,0.0,198.04296027584314,NO_NEW_POSITION_OR_CLOSING,20.0,OI not increasing,0.0,MU
MU261120P01390000,7.0,0.7435633554077149,482.15,2.0,-4856.727350556692,0.0007929763309857,-0.8176017699140619,935.3900146484376,7.0,0.7595849237060548,482.15,2.0,-4925.858688609703,0.0007991124334872,-0.805968131612609,938.4000244140624,0.0,-0.016021568298339894,0.0,69.13133805301095,NO_NEW_POSITION_OR_CLOSING,20.0,OI not increasing,0.0,MU
MU261120P01380000,32.0,0.8419357847595215,485.75,1.0,-22516.05271240749,0.000804186576268,-0.7697621087587865,935.3900146484376,32.0,0.8538070039367678,485.75,1.0,-22639.249031775,0.0008034077514975,-0.7603406368339453,938.4000244140624,0.0,-0.011871219177246317,0.0,123.19631936751102,NO_NEW_POSITION_OR_CLOSING,20.0,OI not increasing,0.0,MU
MU261120P01360000,30.0,0.8341081042480467,467.2000000000001,2.0,-21709.04782136257,0.0008270543717759,-0.7618539307563615,935.3900146484376,30.0,0.8455673402404784,467.2000000000001,2.0,-21805.01852617584,0.0008253899649946,-0.7525418821197373,938.4000244140624,0.0,-0.011459235992431704,0.0,95.97070481327319,NO_NEW_POSITION_OR_CLOSING,20.0,OI not increasing,0.0,MU
MU261120P01330000,23.0,0.8253801641845702,440.0,8.0,-17345.15333685113,0.0008619158130714,-0.7478329887006168,935.3900146484376,23.0,0.8361222442626952,440.0,8.0,-17393.31732616632,0.0008587733596093,-0.7387582774909875,938.4000244140624,0.0,-0.01074208007812505,0.0,48.16398931519143,NO_NEW_POSITION_OR_CLOSING,20.0,OI not increasing,0.0,MU
MU261120P01320000,40.0,0.8198870550537107,430.625,2.0,-30611.098486975792,0.0008746483161137,-0.743964075194838,935.3900146484376,40.0,0.8304612901306152,430.625,2.0,-30682.6927116253,0.0008710788286922,-0.734929289499035,938.4000244140624,0.0,-0.01057423507690447,0.0,71.59422464950694,NO_NEW_POSITION_OR_CLOSING,20.0,OI not increasing,0.0,MU
MU260918P01340000,33.0,1.3421968925476069,430.15,1.0,-24395.79136058479,0.0008449198468991,-0.828541127213835,935.3900146484376,33.0,1.3520540209960936,430.15,1.0,-24823.53610657839,0.0008542277705247,-0.8159399780985931,938.4000244140624,0.0,-0.00985712844848674,0.0,427.7447459936011,NO_NEW_POSITION_OR_CLOSING,20.0,OI not increasing,0.0,MU
MU260918P01450000,1.0,1.513216545257568,539.5999999999999,6.0,-611.1803342383188,0.0006985281503842,-0.8461085394880408,935.3900146484376,1.0,1.5227990168762204,539.5999999999999,6.0,-625.2409783669359,0.000710021358562,-0.8341123420395213,938.4000244140624,0.0,-0.009582471618652333,0.0,14.060644128617128,NO_NEW_POSITION_OR_CLOSING,20.0,OI not increasing,0.0,MU
MU260918P01510000,1.0,1.916229666900635,618.825,1.0,-586.1927095029497,0.0006699693792473,-0.7901952635868603,935.3900146484376,1.0,1.9076847877502443,618.825,1.0,-591.3572558603615,0.0006715431277363,-0.7812268806975865,938.4000244140624,0.0,0.008544879150390594,0.0,5.164546357411837,NO_NEW_POSITION_OR_CLOSING,20.0,OI not increasing,0.0,MU
MU260918P01550000,0.0,1.6593950135803224,639.5999999999999,6.0,-0.0,0.00060832634225,-0.8563533905576151,935.3900146484376,0.0,1.668153514709473,639.5999999999999,6.0,-0.0,0.0006203663159468,-0.8448726678200573,938.4000244140624,0.0,-0.008758501129150664,0.0,0.0,NO_NEW_POSITION_OR_CLOSING,20.0,OI not increasing,0.0,MU
MU260918P01560000,0.0,1.6732194073486328,649.5999999999999,12.0,-0.0,0.0006007782619211,-0.8572415254109622,935.3900146484376,0.0,1.6818863562011717,649.5999999999999,12.0,-0.0,0.0006128464950753,-0.8458081377631999,938.4000244140624,0.0,-0.008666948852538825,0.0,0.0,NO_NEW_POSITION_OR_CLOSING,20.0,OI not increasing,0.0,MU
MU260918P01580000,0.0,1.7005019857788084,669.5999999999999,0.0,-0.0,0.0005863404920061,-0.8589498334667152,935.3900146484376,0.0,1.7089858300781249,669.5999999999999,0.0,-0.0,0.0005984543429961,-0.847608131723885,938.4000244140624,0.0,-0.008483844299316479,0.0,0.0,NO_NEW_POSITION_OR_CLOSING,20.0,OI not increasing,0.0,MU
MU260918P01610000,13.0,2.0024769176483157,714.825,2.0,-6823.545230432431,0.0005999033171945,-0.8120830957510472,935.3900146484376,13.0,1.9951172119140623,714.825,2.0,-6910.1979383703365,0.0006036304152371,-0.8029601119684384,938.4000244140624,0.0,0.0073597057342533745,0.0,86.65270793790569,NO_NEW_POSITION_OR_CLOSING,20.0,OI not increasing,0.0,MU
MU260918P01770000,1.0,2.119114809646606,869.4000000000001,0.0,-447.0458679569824,0.000510936144027,-0.8403858625471865,935.3900146484376,1.0,2.114201491851807,869.4000000000001,0.0,-455.66591739360166,0.0005174525421594,-0.8310596854297395,938.4000244140624,0.0,0.004913317794799088,0.0,8.62004943661924,NO_NEW_POSITION_OR_CLOSING,20.0,OI not increasing,0.0,MU
MU260918P01820000,0.0,1.992523230743408,909.575,0.0,-0.0,0.0004612127991147,-0.8747101808418427,935.3900146484376,0.0,1.9989929249572755,909.575,0.0,-0.0,0.0004733227304532,-0.8642154764899418,938.4000244140624,0.0,-0.006469694213867561,0.0,0.0,NO_NEW_POSITION_OR_CLOSING,20.0,OI not increasing,0.0,MU
MU260918P01830000,0.0,2.003514512710572,919.575,1.0,-0.0,0.0004573814673121,-0.8752186920103935,935.3900146484376,0.0,2.009892670593261,919.575,1.0,-0.0,0.000469476001098,-0.8647539050163042,938.4000244140624,0.0,-0.0063781578826893615,0.0,0.0,NO_NEW_POSITION_OR_CLOSING,20.0,OI not increasing,0.0,MU
MU260918P01880000,0.0,2.0577441134643557,969.6,1.0,-0.0,0.0004394751707673,-0.8775538286575038,935.3900146484376,0.0,2.0636950263214104,969.6,1.0,-0.0,0.0004514796632747,-0.8672249079416647,938.4000244140624,0.0,-0.005950912857054735,0.0,0.0,NO_NEW_POSITION_OR_CLOSING,20.0,OI not increasing,0.0,MU
MU260918P01890000,0.0,2.0759935795593254,979.975,0.0,-0.0,0.0004376020962492,-0.8767552882079387,935.3900146484376,0.0,2.081303624877929,979.975,1.0,-0.0,0.00044932629403,-0.866506188447195,938.4000244140624,0.0,-0.0053100453186036844,0.0,0.0,NO_NEW_POSITION_OR_CLOSING,20.0,OI not increasing,0.0,MU
MU260918P01910000,0.0,2.089055070343017,999.6,1.0,-0.0,0.0004295133740907,-0.8789102516527498,935.3900146484376,0.0,2.094761843185424,999.6,1.0,-0.0,0.000441467882866,-0.8686579588234589,938.4000244140624,0.0,-0.005706772842406949,0.0,0.0,NO_NEW_POSITION_OR_CLOSING,20.0,OI not increasing,0.0,MU
MU260918P01920000,1.0,2.246769519805908,1017.125,0.0,-394.545447297141,0.0004509325416801,-0.855574547163138,935.3900146484376,1.0,2.2424360345458982,1017.125,0.0,-403.89522449485634,0.0004586619334541,-0.8463092953892113,938.4000244140624,0.0,0.004333485260009873,0.0,9.349777197715355,NO_NEW_POSITION_OR_CLOSING,20.0,OI not increasing,0.0,MU
MU261120P00040000,47.0,1.96875015625,0.02,5.0,-12.620537767764956,3.068983432343042e-07,-6.688263437415465e-05,935.3900146484376,47.0,1.9609376953125,0.02,5.0,-12.736508601570073,3.0773473164966535e-07,-6.744404050107455e-05,938.4000244140624,0.0,0.007812460937500099,0.0,0.11597083380511641,NO_NEW_POSITION_OR_CLOSING,20.0,OI not increasing,0.0,MU
MU260918P01930000,0.0,2.117375312042236,1019.975,1.0,-0.0,0.000424700741967,-0.8785313019545309,935.3900146484376,0.0,2.1223191473388665,1019.975,1.0,-0.0,0.0004363570814256,-0.8683865206165688,938.4000244140624,0.0,-0.00494383529663045,0.0,0.0,NO_NEW_POSITION_OR_CLOSING,20.0,OI not increasing,0.0,MU
MU260918P01950000,0.0,2.129795935287476,1039.6,1.0,-0.0,0.0004171048936326,-0.8806169263158734,935.3900146484376,0.0,2.1351670156097406,1039.6,1.0,-0.0,0.000428986091529,-0.8704638531119813,938.4000244140624,0.0,-0.005371080322264632,0.0,0.0,NO_NEW_POSITION_OR_CLOSING,20.0,OI not increasing,0.0,MU
MU260918P01960000,0.0,2.1455734837341307,1049.875,1.0,-0.0,0.0004152549084013,-0.8801190154192493,935.3900146484376,0.0,2.150425766525268,1049.875,1.0,-0.0,0.0004269289323344,-0.8700302788426173,938.4000244140624,0.0,-0.004852282791137252,0.0,0.0,NO_NEW_POSITION_OR_CLOSING,20.0,OI not increasing,0.0,MU
MU260918P01970000,0.0,2.1555221893310543,1059.875,1.0,-0.0,0.0004123492168841,-0.8805255722767193,935.3900146484376,0.0,2.1602829196166997,1059.875,1.0,-0.0,0.000424004166535,-0.8704614022464034,938.4000244140624,0.0,-0.004760730285645387,0.0,0.0,NO_NEW_POSITION_OR_CLOSING,20.0,OI not increasing,0.0,MU
MU260918P01980000,0.0,2.166447454986572,1069.9250000000002,1.0,-0.0,0.0004096944318724,-0.8807629275819422,935.3900146484376,0.0,2.171055597763061,1069.9250000000002,1.0,-0.0,0.0004212998112231,-0.8707273763880654,938.4000244140624,0.0,-0.004608142776488577,0.0,0.0,NO_NEW_POSITION_OR_CLOSING,20.0,OI not increasing,0.0,MU
MU260918P02020000,0.0,2.2047774372863764,1109.9,2.0,-0.0,0.0003986802272794,-0.8823903740112451,935.3900146484376,0.0,2.2090804050445554,1109.9,2.0,-0.0,0.0004102274830983,-0.8724421413216492,938.4000244140624,0.0,-0.004302967758178955,0.0,0.0,NO_NEW_POSITION_OR_CLOSING,20.0,OI not increasing,0.0,MU
MU260918P02090000,4.0,2.38544104812622,1185.525,4.0,-1401.1497636857043,0.0004003493314532,-0.8675674644943057,935.3900146484376,4.0,2.381168597869873,1185.525,4.0,-1439.9478308579726,0.0004087998669707,-0.8584358315638293,938.4000244140624,0.0,0.004272450256347149,0.0,38.79806717226825,NO_NEW_POSITION_OR_CLOSING,20.0,OI not increasing,0.0,MU
MU260918P02100000,0.0,2.2794842817687986,1189.9,2.0,-0.0,0.0003789906281617,-0.8852268455353589,935.3900146484376,0.0,2.2831463819885256,1189.9,2.0,-0.0,0.0003903893733077,-0.8754414361460348,938.4000244140624,0.0,-0.003662100219727016,0.0,0.0,NO_NEW_POSITION_OR_CLOSING,20.0,OI not increasing,0.0,MU
MU260918P02110000,0.0,2.28906677734375,1199.9250000000002,20.0,-0.0,0.0003768017328491,-0.885484180867576,935.3900146484376,0.0,2.2926373250579832,1199.9250000000002,20.0,-0.0,0.0003881712742173,-0.8757171644516933,938.4000244140624,0.0,-0.003570547714233374,0.0,0.0,NO_NEW_POSITION_OR_CLOSING,20.0,OI not increasing,0.0,MU
MU260918P02140000,1.0,2.417179250030517,1234.8000000000002,0.0,-338.5444373969157,0.000386928057776,-0.871506113524839,935.3900146484376,1.0,2.4133340447998046,1234.8000000000002,0.0,-348.4302938092966,0.0003956761618869,-0.8623791530067499,938.4000244140624,0.0,0.003845205230712523,0.0,9.88585641238086,NO_NEW_POSITION_OR_CLOSING,20.0,OI not increasing,0.0,MU
MU260918P02200000,0.0,2.367130547027587,1289.875,0.0,-0.0,0.000357610068602,-0.888452298823764,935.3900146484376,0.0,2.3700602272033686,1289.875,300.0,-0.0,0.0003688360357247,-0.8788455775951836,938.4000244140624,0.0,-0.002929680175781435,0.0,0.0,NO_NEW_POSITION_OR_CLOSING,20.0,OI not increasing,0.0,MU
MU260918P02220000,0.0,2.384708628082275,1309.9,1.0,-0.0,0.000353832951791,-0.8889528890121269,935.3900146484376,0.0,2.38745520324707,1309.9,1.0,-0.0,0.0003650079638936,-0.8793815924703858,938.4000244140624,0.0,-0.00274657516479504,0.0,0.0,NO_NEW_POSITION_OR_CLOSING,20.0,OI not increasing,0.0,MU
MU260918P02250000,0.0,2.402652919158935,1339.575,0.0,-0.0,0.000346960470264,-0.89081289816427,935.3900146484376,0.0,2.4057046693420405,1339.575,10.0,-0.0,0.0003582658591127,-0.8812531921794423,938.4000244140624,0.0,-0.0030517501831055505,0.0,0.0,NO_NEW_POSITION_OR_CLOSING,20.0,OI not increasing,0.0,MU
MU260918P02320000,0.0,2.459568060073853,1409.575,0.0,-0.0,0.0003347877588667,-0.8926633162940987,935.3900146484376,0.0,2.46210101272583,1409.575,0.0,-0.0,0.0003459563776079,-0.883215208897097,938.4000244140624,0.0,-0.0025329526519768386,0.0,0.0,NO_NEW_POSITION_OR_CLOSING,20.0,OI not increasing,0.0,MU
MU260918P02350000,0.0,2.490604359436035,1439.9,2.0,-0.0,0.0003311713480168,-0.8924130098111989,935.3900146484376,0.0,2.492374374542236,1439.9,2.0,-0.0,0.0003421039759809,-0.8830465711998601,938.4000244140624,0.0,-0.0017700151062012281,0.0,0.0,NO_NEW_POSITION_OR_CLOSING,20.0,OI not increasing,0.0,MU
MU260918P02420000,0.0,2.5445287851715084,1509.9,2.0,-0.0,0.0003205333025442,-0.8940742558079378,935.3900146484376,0.0,2.545780002746582,1509.9,2.0,-0.0,0.0003313378933487,-0.8848084623981829,938.4000244140624,0.0,-0.0012512175750734045,0.0,0.0,NO_NEW_POSITION_OR_CLOSING,20.0,OI not increasing,0.0,MU
MU260911P00265000,0.0,0.500005,0.85,0.0,-0.0,1.7993769327960077e-39,0.0,935.3900146484376,0.0,2.3466838208007808,0.38,0.0,-0.0,1.3362395866287613e-05,-0.0018701872491084,938.4000244140624,0.0,-1.8466788208007807,0.47,0.0,NO_NEW_POSITION_OR_CLOSING,20.0,OI not increasing,0.0,MU
MU261120C00240000,16.0,2.18982386138916,716.675,1.0,1067.2455498970232,7.623579103952538e-05,0.966295120103103,935.3900146484376,16.0,2.0910692254638663,716.675,1.0,1042.743000682519,7.400844510278068e-05,0.968911233670205,938.4000244140624,0.0,0.09875463592529377,0.0,24.502549214504143,NO_NEW_POSITION_OR_CLOSING,20.0,OI not increasing,0.0,MU
MU261120C00175000,19.0,2.568668129119873,778.25,2.0,804.1518988891044,4.8372555536890006e-05,0.9763636665810488,935.3900146484376,19.0,2.436039066162109,778.25,2.0,779.8162154064905,4.660823315783478e-05,0.978529665257644,938.4000244140624,0.0,0.132629062957764,0.0,24.33568348261383,NO_NEW_POSITION_OR_CLOSING,20.0,OI not increasing,0.0,MU
MU261016P01830000,0.0,1.3345370187377923,919.975,1.0,-0.0,0.0004674019491099,-0.868008284436967,935.3900146484376,0.0,1.354983693847656,919.975,1.0,-0.0,0.000478173395001,-0.8577155910640231,938.4000244140624,0.0,-0.020446675109863754,0.0,0.0,NO_NEW_POSITION_OR_CLOSING,20.0,OI not increasing,0.0,MU
MU261016P01850000,0.0,1.346957610931396,939.825,1.0,-0.0,0.0004593733342565,-0.8695401477861103,935.3900146484376,0.0,1.3675873905944824,939.825,1.0,-0.0,0.0004702351098627,-0.8592779956566057,938.4000244140624,0.0,-0.020629779663086323,0.0,0.0,NO_NEW_POSITION_OR_CLOSING,20.0,OI not increasing,0.0,MU
MU261016P02420000,0.0,1.6914993452453615,1510.125,2.0,-0.0,0.0003288705598722,-0.8878569570406287,935.3900146484376,0.0,1.7130141302490234,1510.125,2.0,-0.0,0.0003387699844081,-0.8787079380862552,938.4000244140624,0.0,-0.021514785003661885,0.0,0.0,NO_NEW_POSITION_OR_CLOSING,20.0,OI not increasing,0.0,MU
MU261016P02220000,0.0,1.5773183975982663,1309.575,70.0,-0.0,0.0003603927764488,-0.8843991029502005,935.3900146484376,0.0,1.5990620632934571,1309.575,70.0,-0.0,0.0003709059355541,-0.8748773988146439,938.4000244140624,0.0,-0.021743665695190817,0.0,0.0,NO_NEW_POSITION_OR_CLOSING,20.0,OI not increasing,0.0,MU
MU261016P02290000,0.0,1.6157550950622557,1379.575,0.0,-0.0,0.0003475971550804,-0.8863438736573471,935.3900146484376,0.0,1.637605571746826,1379.575,0.0,-0.0,0.0003579926020484,-0.876937928532534,938.4000244140624,0.0,-0.021850476684570408,0.0,0.0,NO_NEW_POSITION_OR_CLOSING,20.0,OI not increasing,0.0,MU
MU261016P02340000,0.0,1.642274737854004,1429.575,0.0,-0.0,0.0003391961064544,-0.8876400150135433,935.3900146484376,0.0,1.6642167668151857,1429.575,0.0,-0.0,0.000349513246553,-0.8783069336098945,938.4000244140624,0.0,-0.021942028961181803,0.0,0.0,NO_NEW_POSITION_OR_CLOSING,20.0,OI not increasing,0.0,MU
MU261016P02350000,0.0,1.6474932176208494,1439.575,0.0,-0.0,0.0003375841098697,-0.8878898971303468,935.3900146484376,0.0,1.6694657640075683,1439.575,0.0,-0.0,0.0003478885108087,-0.878568147101264,938.4000244140624,0.0,-0.02197254638671886,0.0,0.0,NO_NEW_POSITION_OR_CLOSING,20.0,OI not increasing,0.0,MU
MU261016P02390000,0.0,1.6737076861572266,1479.95,0.0,-0.0,0.0003327179910492,-0.8876909739331944,935.3900146484376,0.0,1.6953597995758058,1479.95,0.0,-0.0,0.000342755009641,-0.8784773921000824,938.4000244140624,0.0,-0.0216521134185792,0.0,0.0,NO_NEW_POSITION_OR_CLOSING,20.0,OI not increasing,0.0,MU
MU261016P02360000,0.0,1.6526811799621584,1449.575,0.0,-0.0,0.0003359930917251,-0.8881373710736807,935.3900146484376,0.0,1.674653726348877,1449.575,0.0,-0.0,0.0003462779712032,-0.8788333540598456,938.4000244140624,0.0,-0.02197254638671864,0.0,0.0,NO_NEW_POSITION_OR_CLOSING,20.0,OI not increasing,0.0,MU
MU260904P00230000,0.0,0.500005,0.04,0.0,-0.0,1.7898767959880533e-92,0.0,935.3900146484376,0.0,3.3984390039062498,0.315,0.0,-0.0,8.118099540902697e-06,-0.0011517750436152,938.4000244140624,0.0,-2.8984340039062495,-0.275,0.0,NO_NEW_POSITION_OR_CLOSING,20.0,OI not increasing,0.0,MU
MU260911P00140000,0.0,0.500005,0.24,0.0,-0.0,2.5352366657452096e-85,0.0,935.3900146484376,0.0,3.50781373046875,0.38,0.0,-0.0,6.0064080273989536e-06,-0.0012094155671579,938.4000244140624,0.0,-3.00780873046875,-0.14,0.0,NO_NEW_POSITION_OR_CLOSING,20.0,OI not increasing,0.0,MU
MU261016P01880000,0.0,1.3678925648498537,969.8,1.0,-0.0,0.0004486447855633,-0.871077299639189,935.3900146484376,0.0,1.3886138967895505,969.8,1.0,-0.0,0.0004594921690139,-0.860894659334108,938.4000244140624,0.0,-0.02072133193969683,0.0,0.0,NO_NEW_POSITION_OR_CLOSING,20.0,OI not increasing,0.0,MU
MU261016P01920000,0.0,1.3951751432800292,1009.775,1.0,-0.0,0.000435317590696,-0.8729940159001408,935.3900146484376,0.0,1.4160490623474122,1009.775,1.0,-0.0,0.0004461440697835,-0.8629026381892185,938.4000244140624,0.0,-0.020873919067383007,0.0,0.0,NO_NEW_POSITION_OR_CLOSING,20.0,OI not increasing,0.0,MU
MU261016P01970000,10.0,1.5683004983520503,1070.6999999999998,0.0,-3940.6727479531446,0.0004503860303894,-0.8412356586002845,935.3900146484376,10.0,1.5818197178649898,1070.6999999999998,0.0,-4015.529184938845,0.0004560020193626,-0.8326360107473161,938.4000244140624,0.0,-0.01351921951293944,0.0,74.85643698570038,NO_NEW_POSITION_OR_CLOSING,20.0,OI not increasing,0.0,MU
MU261016P01980000,0.0,1.4386472159576418,1070.025,0.0,-0.0,0.0004182083783377,-0.8746974996613712,935.3900146484376,0.0,1.45946010017395,1070.025,0.0,-0.0,0.0004287996614115,-0.8647838550890901,938.4000244140624,0.0,-0.020812884216308225,0.0,0.0,NO_NEW_POSITION_OR_CLOSING,20.0,OI not increasing,0.0,MU
MU261016P01990000,0.0,1.4451626863098146,1080.025,2.0,-0.0,0.0004153891977646,-0.8750996840208076,935.3900146484376,0.0,1.4660060879516603,1080.025,2.0,-0.0,0.0004259694910392,-0.8652064552193011,938.4000244140624,0.0,-0.020843401641845727,0.0,0.0,NO_NEW_POSITION_OR_CLOSING,20.0,OI not increasing,0.0,MU
MU261016P02020000,0.0,1.4644496992492675,1110.025,0.0,-0.0,0.0004072272737854,-0.876270464741868,935.3900146484376,0.0,1.485354135742187,1110.025,0.0,-0.0,0.0004177664163786,-0.8664436358676617,938.4000244140624,0.0,-0.02090443649291962,0.0,0.0,NO_NEW_POSITION_OR_CLOSING,20.0,OI not increasing,0.0,MU
MU261016P02030000,0.0,1.4707820650482175,1120.025,0.0,-0.0,0.0004045976559035,-0.8766520971367492,935.3900146484376,0.0,1.4917170189666744,1120.025,0.0,-0.0,0.0004151255801724,-0.866844275227922,938.4000244140624,0.0,-0.0209349539184569,0.0,0.0,NO_NEW_POSITION_OR_CLOSING,20.0,OI not increasing,0.0,MU
MU261016P01870000,0.0,1.3581269886779783,959.6,1.0,-0.0,0.0004513548769987,-0.8712894205106354,935.3900146484376,0.0,1.379000907745361,959.6,1.0,-0.0,0.0004623542441858,-0.8610452460622661,938.4000244140624,0.0,-0.020873919067382785,0.0,0.0,NO_NEW_POSITION_OR_CLOSING,20.0,OI not increasing,0.0,MU
MU261016P02040000,0.0,1.4707210301971436,1129.575,0.0,-0.0,0.0004003131315417,-0.8785163146341108,935.3900146484376,0.0,1.4920984867858884,1129.575,0.0,-0.0,0.0004111142460826,-0.8686579983361192,938.4000244140624,0.0,-0.021377456588744792,0.0,0.0,NO_NEW_POSITION_OR_CLOSING,20.0,OI not increasing,0.0,MU
MU261120C00135000,10.0,4.564457419433594,857.475,3.0,238.55663680601475,2.7265034055400028e-05,0.9763190875355184,935.3900146484376,10.0,4.423222244415282,857.475,3.0,247.00739769810772,2.8050069358306978e-05,0.9761470779228872,938.4000244140624,0.0,0.14123517501831184,0.0,-8.450760892092973,NO_NEW_POSITION_OR_CLOSING,20.0,OI not increasing,-0.0,MU
MU261120C00105000,2.0,3.279664886779785,845.6,1.0,43.82430960321894,2.504376549284149e-05,0.985465860449918,935.3900146484376,2.0,3.079836284790039,845.6,1.0,42.57054498284168,2.417147726176753e-05,0.9868936847640776,938.4000244140624,0.0,0.19982860198974617,0.0,1.253764620377261,NO_NEW_POSITION_OR_CLOSING,20.0,OI not increasing,0.0,MU
MU261120C00085000,1.0,3.587647515258789,864.625,1.0,16.889160938103092,1.93029024180518e-05,0.9880700878934996,935.3900146484376,1.0,3.3514420510864253,864.625,1.0,16.462383471030837,1.8694622204385858e-05,0.989256068390821,938.4000244140624,0.0,0.23620546417236365,0.0,0.42677746707225594,NO_NEW_POSITION_OR_CLOSING,20.0,OI not increasing,0.0,MU
MU261120C00155000,16.0,4.166203522720337,837.85,2.0,488.26635012550105,3.4877982338170496e-05,0.9714997173364538,935.3900146484376,16.0,4.0441333628082266,837.85,2.0,501.6732412653155,3.56061431353807e-05,0.9714978502851572,938.4000244140624,0.0,0.12207015991211012,0.0,-13.406891139814434,NO_NEW_POSITION_OR_CLOSING,20.0,OI not increasing,-0.0,MU
MU261120P01480000,10.0,0.8806774627685545,579.7750000000001,2.0,-6138.91342575374,0.0007016266068188,-0.8031725232050659,935.3900146484376,10.0,0.8946391151428221,579.7750000000001,2.0,-6206.175526748505,0.0007047710133276,-0.7932930168184886,938.4000244140624,0.0,-0.013961652374267608,0.0,67.2621009947652,NO_NEW_POSITION_OR_CLOSING,20.0,OI not increasing,0.0,MU
MU261120P01490000,2.0,0.8707135731506348,587.5999999999999,1.0,-1209.1750917349173,0.0006909931431063,-0.8115703570852744,935.3900146484376,2.0,0.8854228987121582,587.5999999999999,1.0,-1224.5077646114803,0.0006952732599757,-0.8014034290697009,938.4000244140624,0.0,-0.014709325561523379,0.0,15.332672876563038,NO_NEW_POSITION_OR_CLOSING,20.0,OI not increasing,0.0,MU
MU261120P01520000,15.0,0.8958292887878416,617.8499999999999,4.0,-8738.677981726847,0.0006658386759107,-0.8141859732551324,935.3900146484376,15.0,0.9106149075317382,617.8499999999999,4.0,-8854.37820074418,0.0006703332908787,-0.8041660768862673,938.4000244140624,0.0,-0.014785618743896611,0.0,115.70021901733344,NO_NEW_POSITION_OR_CLOSING,20.0,OI not increasing,0.0,MU
MU261120P01540000,13.0,0.8874370387268065,635.125,8.0,-7348.835367609833,0.0006460850724464,-0.8255248200717455,935.3900146484376,13.0,0.9033365379333496,635.125,8.0,-7466.302511628763,0.0006522081314567,-0.8151437018043823,938.4000244140624,0.0,-0.0158994992065431,0.0,117.4671440189295,NO_NEW_POSITION_OR_CLOSING,20.0,OI not increasing,0.0,MU
MU261120P01550000,1.0,0.5588423022460938,612.5,0.0,-319.5837222627688,0.0003652575416768,-0.9568712727575978,935.3900146484376,1.0,0.614963567199707,612.5,0.0,-402.6724510144478,0.0004572733563809,-0.9346368877613808,938.4000244140624,0.0,-0.05612126495361325,0.0,83.08872875167901,NO_NEW_POSITION_OR_CLOSING,20.0,OI not increasing,0.0,MU
MU261120P01610000,13.0,0.940857525024414,705.55,8.0,-6798.943287519002,0.0005977403965037,-0.8307246132810449,935.3900146484376,13.0,0.956955386505127,705.55,8.0,-6915.88444870275,0.0006041271521792,-0.8206536532729101,938.4000244140624,0.0,-0.016097861480713016,0.0,116.94116118374768,NO_NEW_POSITION_OR_CLOSING,20.0,OI not increasing,0.0,MU
MU261120P01670000,65.0,0.9497380514526368,762.175,0.0,-31510.571924283155,0.0005540608579764,-0.847118166235058,935.3900146484376,65.0,0.9676364320373536,762.175,0.0,-32209.177410781984,0.000562717285621,-0.8366935132301891,938.4000244140624,0.0,-0.017898380584716822,0.0,698.6054864988291,NO_NEW_POSITION_OR_CLOSING,20.0,OI not increasing,0.0,MU
MU261120P01690000,9.0,1.2046395969390868,811.9,2.0,-4488.829495772902,0.0005700397501209,-0.7638359759620355,935.3900146484376,9.0,1.2139626704406736,811.9,2.0,-4516.0316325415215,0.0005698209927565,-0.7566048605561453,938.4000244140624,0.0,-0.009323073501586787,0.0,27.20213676861931,NO_NEW_POSITION_OR_CLOSING,20.0,OI not increasing,0.0,MU
MU261016C00190000,17.0,3.134767788085937,762.275,3.0,798.4926228809469,5.368296909999369e-05,0.9753923175260588,935.3900146484376,17.0,2.955935227355957,762.275,3.0,768.7101138561525,5.13496695217836e-05,0.977884458417731,938.4000244140624,0.0,0.1788325607299801,0.0,29.78250902479442,NO_NEW_POSITION_OR_CLOSING,20.0,OI not increasing,0.0,MU
MU260828P01140000,6.0,4.403813088989257,230.3,2.0,-7373.3810319629,0.0014045265981804,-0.7710986564838892,935.3900146484376,6.0,3.221681633300781,230.3,2.0,-7521.918908878614,0.0014236439142299,-0.8574831643377423,938.4000244140624,0.0,1.1821314556884763,0.0,148.53787691571415,NO_NEW_POSITION_OR_CLOSING,20.0,OI not increasing,0.0,MU
MU261016P01340000,37.0,0.7573571627807618,419.325,1.0,-26060.8015773084,0.0008050087233968,-0.8722914483528628,935.3900146484376,37.0,0.7842123629760743,419.325,1.0,-27113.25203559237,0.0008321543088194,-0.8561955747925889,938.4000244140624,0.0,-0.026855200195312512,0.0,1052.450458283969,NO_NEW_POSITION_OR_CLOSING,20.0,OI not increasing,0.0,MU
MU260828C01980000,1.0,3.750000625,0.005,0.0,1.8674911293302523,2.134386614477246e-06,9.89328723982713e-05,935.3900146484376,1.0,2.68750328125,0.005,0.0,0.0029503771235801,3.350437424984864e-09,8.166196116519274e-08,938.4000244140624,0.0,1.06249734375,0.0,1.8645407522066721,NO_NEW_POSITION_OR_CLOSING,20.0,OI not increasing,0.0,MU
MU260902C01215000,0.0,0.500005,0.19,3.0,0.0,3.983201385728928e-07,4.701679997917415e-06,935.3900146484376,0.0,0.7812521875,0.325,0.0,0.0,0.0001763234912954,0.0058294920325785,938.4000244140624,0.0,-0.2812471875,-0.135,0.0,NO_NEW_POSITION_OR_CLOSING,20.0,OI not increasing,0.0,MU
MU261016P01310000,38.0,0.9424444232177732,408.6,2.0,-30124.049810010445,0.0009060335954213,-0.7844202053936338,935.3900146484376,38.0,0.9558109887695312,408.6,2.0,-30339.7607860931,0.0009066768661216,-0.773569999354051,938.4000244140624,0.0,-0.01336656555175797,0.0,215.71097608265336,NO_NEW_POSITION_OR_CLOSING,20.0,OI not increasing,0.0,MU
MU260904P00125000,0.0,0.500005,0.09,0.0,-0.0,5.676703691980697e-187,0.0,935.3900146484376,0.0,4.8593789257812485,0.315,0.0,-0.0,3.972468446684831e-06,-0.0007807270693765,938.4000244140624,0.0,-4.359373925781249,-0.225,0.0,NO_NEW_POSITION_OR_CLOSING,20.0,OI not increasing,0.0,MU
MU260904P00115000,0.0,0.500005,0.09,0.0,-0.0,1.6384460958701195e-202,0.0,935.3900146484376,0.0,3.6250009375,0.005,0.0,-0.0,1.2643124791574468e-07,-1.4474212912340969e-05,938.4000244140624,0.0,-3.1249959374999996,0.08499999999999999,0.0,NO_NEW_POSITION_OR_CLOSING,20.0,OI not increasing,0.0,MU
MU261016P02100000,0.0,1.511171877746582,1189.825,1.0,-0.0,0.0003866544295438,-0.8798182155468062,935.3900146484376,0.0,1.532442523345947,1189.825,1.0,-0.0,0.0003972065998119,-0.8701191822250063,938.4000244140624,0.0,-0.0212706455993652,0.0,0.0,NO_NEW_POSITION_OR_CLOSING,20.0,OI not increasing,0.0,MU
MU261016P02070000,0.0,1.4918238299560544,1159.75,0.0,-0.0,0.0003934921773788,-0.8790229663616551,935.3900146484376,0.0,1.5130944755554196,1159.75,1.0,-0.0,0.0004041344543428,-0.869255508101563,938.4000244140624,0.0,-0.0212706455993652,0.0,0.0,NO_NEW_POSITION_OR_CLOSING,20.0,OI not increasing,0.0,MU
MU261016P02050000,0.0,1.481936184082031,1139.9250000000002,1.0,-0.0,0.0003991049543436,-0.8777227092748446,935.3900146484376,0.0,1.5029932077026364,1139.9250000000002,1.0,-0.0,0.0004096644941816,-0.8679437316408923,938.4000244140624,0.0,-0.021057023620605353,0.0,0.0,NO_NEW_POSITION_OR_CLOSING,20.0,OI not increasing,0.0,MU
MU261120P01950000,0.0,1.0886581211853026,1040.05,0.0,-0.0,0.0004323158342843,-0.870312791114916,935.3900146484376,0.0,1.109013244018555,1040.05,0.0,-0.0,0.0004425485369328,-0.8602989591267565,938.4000244140624,0.0,-0.02035512283325236,0.0,0.0,NO_NEW_POSITION_OR_CLOSING,20.0,OI not increasing,0.0,MU
MU261120P02200000,0.0,1.2013284562683104,1289.575,1.0,-0.0,0.0003689481093277,-0.8809770933505344,935.3900146484376,0.0,1.2229042761230469,1289.575,1.0,-0.0,0.000379185075335,-0.8713782789658333,938.4000244140624,0.0,-0.021575819854736444,0.0,0.0,NO_NEW_POSITION_OR_CLOSING,20.0,OI not increasing,0.0,MU
MU261120P02290000,0.0,1.2394599794769283,1379.575,10.0,-0.0,0.0003520738930924,-0.8835665232445793,935.3900146484376,0.0,1.2613257148742676,1379.575,10.0,-0.0,0.0003621868969831,-0.8741091138796644,938.4000244140624,0.0,-0.02186573539733927,0.0,0.0,NO_NEW_POSITION_OR_CLOSING,20.0,OI not increasing,0.0,MU
MU261120P00075000,52.0,2.563724293823242,2.15,2.0,-441.6898631909874,9.707974562757856e-06,-0.0037451073483414,935.3900146484376,52.0,2.551029013061523,2.15,2.0,-441.1246728947413,9.63345304453107e-06,-0.0037303525616676,938.4000244140624,0.0,0.012695280761718664,0.0,-0.5651902962461008,NO_NEW_POSITION_OR_CLOSING,20.0,OI not increasing,-0.0,MU
MU261120P00080000,56.0,1.7695324023437498,0.125,2.0,-95.61211468885806,1.9513691636167587e-06,-0.0004312188633023,935.3900146484376,56.0,1.76171994140625,0.125,2.0,-95.71109697802947,1.940878039059073e-06,-0.000430900166221,938.4000244140624,0.0,0.0078124609374996545,0.0,0.09898228917141694,NO_NEW_POSITION_OR_CLOSING,20.0,OI not increasing,0.0,MU
MU261120P01700000,3.0,0.9583744396972655,791.1,4.0,-1403.8079675217534,0.0005348118103689,-0.853031538751904,935.3900146484376,3.0,0.97695945892334,791.1,4.0,-1437.8234901032556,0.0005442623581081,-0.8425240141826378,938.4000244140624,0.0,-0.018585019226074473,0.0,34.01552258150218,NO_NEW_POSITION_OR_CLOSING,20.0,OI not increasing,0.0,MU
MU261120P01930000,0.0,1.0759628721618653,1019.825,10.0,-0.0,0.0004376826674012,-0.8701989148571467,935.3900146484376,0.0,1.0963790298461915,1019.825,10.0,-0.0,0.0004480786040414,-0.8601013567536027,938.4000244140624,0.0,-0.020416157684326253,0.0,0.0,NO_NEW_POSITION_OR_CLOSING,20.0,OI not increasing,0.0,MU
MU261120P01940000,1.0,1.2519721239471435,1048.1750000000002,0.0,-414.79759690837625,0.0004740790596826,-0.8156600784974368,935.3900146484376,1.0,1.2647284078216552,1048.1750000000002,0.0,-420.2916092147289,0.0004772816077191,-0.8077255745225806,938.4000244140624,0.0,-0.012756283874511665,0.0,5.4940123063526585,NO_NEW_POSITION_OR_CLOSING,20.0,OI not increasing,0.0,MU
MU261120P01210000,121.0,0.7840597766113282,333.45000000000005,2.0,-107400.25237849807,0.0010144589374078,-0.6814731260560551,935.3900146484376,121.0,0.7922384057617188,333.45000000000005,2.0,-107106.01056889408,0.0010051999356056,-0.6734202036329041,938.4000244140624,0.0,-0.008178629150390582,0.0,-294.241809603991,NO_NEW_POSITION_OR_CLOSING,20.0,OI not increasing,-0.0,MU
MU261120P00085000,36.0,2.4265176055908206,2.15,7.0,-344.3845902474671,1.0933412928416714e-05,-0.0040218111399147,935.3900146484376,36.0,2.4145547448730467,2.15,7.0,-343.87423803020886,1.084728671328577e-05,-0.0040051327505157,938.4000244140624,0.0,0.011962860717773971,0.0,-0.5103522172582302,NO_NEW_POSITION_OR_CLOSING,20.0,OI not increasing,-0.0,MU
MU261120P01230000,8.0,0.8319413778686523,357.3,1.0,-6718.461388374486,0.0009598301319891,-0.6784734771920057,935.3900146484376,8.0,0.8397080238342285,357.3,1.0,-6702.570105300003,0.0009514267491816,-0.6708168498198311,938.4000244140624,0.0,-0.007766645965576191,0.0,-15.891283074482999,NO_NEW_POSITION_OR_CLOSING,20.0,OI not increasing,-0.0,MU
DRAM261120P00095000,24.0,1.1005904345703126,41.55,23.0,-811.2879118009198,0.0104666673870978,-0.7554488054448718,56.83000183105469,24.0,1.0537156689453124,41.55,23.0,-799.5665195469236,0.0104770539202309,-0.774328219085431,56.38999938964844,0.0,0.04687476562500015,0.0,-11.721392253996214,NO_NEW_POSITION_OR_CLOSING,20.0,OI not increasing,-0.0,DRAM
DRAM260831P00042000,0.0,0.500005,0.02,1.0,-0.0,2.7527458469946807e-11,-1.0361378421919198e-11,56.83000183105469,0.0,1.4453152734375,0.135,1.0,-0.0,0.0060079938158501,-0.0213932687384664,56.38999938964844,0.0,-0.9453102734375001,-0.115,0.0,NO_NEW_POSITION_OR_CLOSING,20.0,OI not increasing,0.0,DRAM
DRAM260902P00047500,0.0,0.2500075,0.35,2.0,-0.0,1.3633051302172864e-09,-3.588931374309823e-10,56.83000183105469,0.0,0.6875031250000001,0.07,2.0,-0.0,0.0109085368515782,-0.0228655186000847,56.38999938964844,0.0,-0.4374956250000001,0.27999999999999997,0.0,NO_NEW_POSITION_OR_CLOSING,20.0,OI not increasing,0.0,DRAM
DRAM260918P00078000,24.0,1.4677760986328123,23.65,7.0,-1195.3587804570884,0.0154216802460646,-0.7632581191641324,56.83000183105469,24.0,1.3569368090820313,23.65,7.0,-1176.8457848523858,0.0154207016455387,-0.7881488331499972,56.38999938964844,0.0,0.11083928955078104,0.0,-18.51299560470261,NO_NEW_POSITION_OR_CLOSING,20.0,OI not increasing,-0.0,DRAM
DRAM260918P00081000,10.0,1.5288109497070312,26.5,9.0,-457.2448876016811,0.0141577264989067,-0.781353978142838,56.83000183105469,10.0,1.410647478027344,26.5,9.0,-446.6127682824179,0.014045168546807,-0.806643138599565,56.38999938964844,0.0,0.11816347167968733,0.0,-10.63211931926321,NO_NEW_POSITION_OR_CLOSING,20.0,OI not increasing,-0.0,DRAM
DRAM260918P00082000,17.0,1.6875015625,28.05,12.0,-746.4572527507844,0.0135956720658741,-0.7573384691423777,56.83000183105469,17.0,1.573732600097656,28.05,12.0,-736.0779725043342,0.0136166639748903,-0.7792567245765885,56.38999938964844,0.0,0.11376896240234413,0.0,-10.379280246450207,NO_NEW_POSITION_OR_CLOSING,20.0,OI not increasing,-0.0,DRAM
DRAM260918P00083000,12.0,1.7407239526367184,29.15,8.0,-512.534935351242,0.0132247322178899,-0.7558114857962832,56.83000183105469,12.0,1.6264667114257811,29.15,8.0,-505.5713537594988,0.0132494250431194,-0.777074214533364,56.38999938964844,0.0,0.11425724121093728,0.0,-6.963581591743207,NO_NEW_POSITION_OR_CLOSING,20.0,OI not increasing,-0.0,DRAM
DRAM260918P00105000,0.0,2.1420944885253905,50.55,4.0,-0.0,0.0088377162632244,-0.8246958726914828,56.83000183105469,0.0,1.994140654296875,50.55,4.0,-0.0,0.0085886519313692,-0.8461584047436861,56.38999938964844,0.0,0.1479538342285156,0.0,0.0,NO_NEW_POSITION_OR_CLOSING,20.0,OI not increasing,0.0,DRAM
DRAM261016P00115000,1.0,1.6516130700683591,61.125,0.0,-26.031678427712,0.0080602187904195,-0.803265640360942,56.83000183105469,1.0,1.5727560424804683,61.125,0.0,-25.223358591630276,0.0079322927577381,-0.822201173977138,56.38999938964844,0.0,0.07885702758789082,0.0,-0.8083198360817221,NO_NEW_POSITION_OR_CLOSING,20.0,OI not increasing,-0.0,DRAM
DRAM261016P00105000,0.0,1.5200219311523435,51.125,10.0,-0.0,0.0090487331471875,-0.7922279616758164,56.83000183105469,0.0,1.4453152734375,51.125,10.0,-0.0,0.0089444107678563,-0.8117671879781699,56.38999938964844,0.0,0.07470665771484342,0.0,0.0,NO_NEW_POSITION_OR_CLOSING,20.0,OI not increasing,0.0,DRAM
DRAM260918P00084000,11.0,1.6123066259765624,29.475,1.0,-464.1091684175957,0.0130638782019289,-0.7913392709877358,56.83000183105469,11.0,1.4892603662109374,29.475,1.0,-451.18466955650285,0.0128990423832162,-0.8160934337441832,56.38999938964844,0.0,0.123046259765625,0.0,-12.924498861092843,NO_NEW_POSITION_OR_CLOSING,20.0,OI not increasing,-0.0,DRAM
DRAM260918P00086000,1.0,1.675294592285156,31.5,7.0,-40.16826616839332,0.012437346852149,-0.7951194915443651,56.83000183105469,1.0,1.549318659667969,31.5,7.0,-38.98265775217936,0.0122593449497087,-0.8193971932359816,56.38999938964844,0.0,0.1259759326171872,0.0,-1.1856084162139666,NO_NEW_POSITION_OR_CLOSING,20.0,OI not increasing,-0.0,DRAM
DRAM260831P00044500,0.0,0.500005,0.03,1.0,-0.0,6.286506593258919e-08,-2.892529815667899e-08,56.83000183105469,1.0,1.1953165234375,0.13,1.0,-26.413701982372,0.0083066343515945,-0.0250856929560023,56.38999938964844,-1.0,-0.6953115234375,-0.1,26.413701982372,NO_NEW_POSITION_OR_CLOSING,20.0,OI not increasing,0.0,DRAM
DRAM260902C00072000,0.0,0.500005,0.18,0.0,0.0,3.95400112476201e-05,3.1089126595959335e-05,56.83000183105469,1.0,0.9960937890625,0.135,0.0,32.14552131310855,0.0101091884722401,0.0325562250680689,56.38999938964844,-1.0,-0.4960887890625,0.044999999999999984,-32.14552131310855,NO_NEW_POSITION_OR_CLOSING,20.0,OI not increasing,-0.0,DRAM
DRAM260911P00056500,0.0,0.007822421875,2.55,2.0,-0.0,4.471169049971617e-05,-7.790544725994053e-07,56.83000183105469,1.0,0.603763728027344,2.9000000000000004,2.0,-183.48373040359195,0.0577023341501452,-0.4765930842374388,56.38999938964844,-1.0,-0.595941306152344,-0.35000000000000053,183.48373040359195,NO_NEW_POSITION_OR_CLOSING,20.0,OI not increasing,0.0,DRAM
DRAM260831P00046000,0.0,0.500005,0.15,1.0,-0.0,2.543640794294565e-06,-1.339747560891169e-06,56.83000183105469,2.0,1.0468797656250002,0.125,1.0,-65.36247550944411,0.0102776616608749,-0.0276158162198378,56.38999938964844,-2.0,-0.5468747656250001,0.024999999999999994,65.36247550944411,NO_NEW_POSITION_OR_CLOSING,20.0,OI not increasing,0.0,DRAM
DRAM260902P00048500,0.0,0.2500075,0.1,1.0,-0.0,8.510562928566628e-08,-2.516896602244856e-08,56.83000183105469,2.0,0.7617211328125001,0.19,71.0,-128.31095593433184,0.0201757442966791,-0.0549181522327585,56.38999938964844,-2.0,-0.5117136328125,-0.09,128.31095593433184,NO_NEW_POSITION_OR_CLOSING,20.0,OI not increasing,0.0,DRAM
DRAM260911C00059500,0.0,0.062509375,1.35,3.0,0.0,0.0008217291161088,0.0001479705100073,56.83000183105469,3.0,0.6093789062500001,1.65,3.0,512.1330909043571,0.0536855496228625,0.3596110317230991,56.38999938964844,-3.0,-0.5468695312500002,-0.2999999999999998,-512.1330909043571,NO_NEW_POSITION_OR_CLOSING,20.0,OI not increasing,-0.0,DRAM
DRAM260902P00042000,0.0,0.500005,0.02,2.0,-0.0,1.5632735895911946e-07,-9.653128085762577e-08,56.83000183105469,3.0,1.220707021484375,0.135,2.0,-62.56241293450706,0.0065582513291427,-0.0247122100711874,56.38999938964844,-3.0,-0.7207020214843749,-0.115,62.56241293450706,NO_NEW_POSITION_OR_CLOSING,20.0,OI not increasing,0.0,DRAM
DRAM260911C00058500,0.0,0.0312596875,1.77,2.0,0.0,5.0913710545084696e-05,3.783154487294756e-06,56.83000183105469,4.0,0.6123085644531252,2.0,4.0,707.5086205746921,0.0556246850179992,0.4126875312958264,56.38999938964844,-4.0,-0.5810488769531252,-0.22999999999999998,-707.5086205746921,NO_NEW_POSITION_OR_CLOSING,20.0,OI not increasing,-0.0,DRAM
DRAM261002P00055500,0.0,0.01563484375,4.15,3.0,-0.0,1.3833236405743465e-07,-6.503583338535179e-09,56.83000183105469,5.0,0.6813996704101564,4.4,2.0,-515.2393453663489,0.0324067020092034,-0.4208280717256956,56.38999938964844,-5.0,-0.6657648266601564,-0.25,515.2393453663489,NO_NEW_POSITION_OR_CLOSING,20.0,OI not increasing,0.0,DRAM
DRAM260902P00046000,0.0,0.500005,0.22,1.0,-0.0,0.000152714049839,-0.0001304147900063,56.83000183105469,5.0,0.9179695703125,0.15,1.0,-190.9228968180136,0.0120083636460566,-0.0363459824528388,56.38999938964844,-5.0,-0.4179645703125,0.07,190.9228968180136,NO_NEW_POSITION_OR_CLOSING,20.0,OI not increasing,0.0,DRAM
DRAM260902P00046500,0.0,0.500005,0.25,2.0,-0.0,0.0002947250695,-0.0002634936677449,56.83000183105469,6.0,0.88476677734375,0.155,2.0,-251.7553692177777,0.0131954228373491,-0.0389947308326262,56.38999938964844,-6.0,-0.38476177734374994,0.095,251.7553692177777,NO_NEW_POSITION_OR_CLOSING,20.0,OI not increasing,0.0,DRAM
DRAM260902P00049500,0.0,0.2500075,0.25,189.0,-0.0,2.986821897017645e-06,-1.003890016559872e-06,56.83000183105469,6.0,0.63867548828125,0.145,189.0,-429.2381620860612,0.0224979473695062,-0.0504564211572735,56.38999938964844,-6.0,-0.38866798828125,0.10500000000000001,429.2381620860612,NO_NEW_POSITION_OR_CLOSING,20.0,OI not increasing,0.0,DRAM
DRAM260902C00070000,0.0,0.500005,0.27,5.0,0.0,0.0002420343618675,0.0002133387499039,56.83000183105469,6.0,0.9101571484375,0.14,5.0,233.56767979427525,0.0122421392862448,0.0368259876003137,56.38999938964844,-6.0,-0.4101521484374999,0.13,-233.56767979427525,NO_NEW_POSITION_OR_CLOSING,20.0,OI not increasing,-0.0,DRAM
DRAM261002P00056500,0.0,0.007822421875,4.55,1.0,-0.0,0.0010163120788923,-3.319209162311321e-05,56.83000183105469,6.0,0.6630893066406252,4.8,1.0,-643.9896239380379,0.0337538596182908,-0.4547339418657458,56.38999938964844,-6.0,-0.6552668847656251,-0.25,643.9896239380379,NO_NEW_POSITION_OR_CLOSING,20.0,OI not increasing,0.0,DRAM
DRAM260911C00062500,0.0,0.12500875,0.99,6.0,0.0,0.0002023291564945,6.96049701486817e-05,56.83000183105469,7.0,0.6025430371093752,0.875,1.0,960.1761607885708,0.0431368769247728,0.2213386045209548,56.38999938964844,-7.0,-0.4775342871093752,0.11499999999999999,-960.1761607885708,NO_NEW_POSITION_OR_CLOSING,20.0,OI not increasing,-0.0,DRAM
DRAM260902C00067000,0.0,0.2500075,0.1,5.0,0.0,3.8705689200616994e-08,1.1171088906083672e-08,56.83000183105469,8.0,0.773439765625,0.15,5.0,440.8332269270985,0.0173292654535926,0.0462531526338455,56.38999938964844,-8.0,-0.5234322656250001,-0.04999999999999999,-440.8332269270985,NO_NEW_POSITION_OR_CLOSING,20.0,OI not increasing,-0.0,DRAM
DRAM260911C00073000,0.0,0.2500075,0.1,10.0,0.0,3.988835834516727e-07,2.117074627967328e-07,56.83000183105469,8.0,0.710940390625,0.16,28.0,290.47897488699823,0.0114188018439379,0.0438332797072205,56.38999938964844,-8.0,-0.46093289062500004,-0.06,-290.47897488699823,NO_NEW_POSITION_OR_CLOSING,20.0,OI not increasing,-0.0,DRAM
DRAM260904P00048500,0.0,0.2500075,0.13,5.0,-0.0,4.755423684441395e-06,-1.942304585278442e-06,56.83000183105469,8.0,0.6894562304687502,0.21,6.0,-541.7181711421782,0.0212950780824649,-0.0622308082205798,56.38999938964844,-8.0,-0.43944873046875016,-0.07999999999999999,541.7181711421782,NO_NEW_POSITION_OR_CLOSING,20.0,OI not increasing,0.0,DRAM
DRAM260831P00043000,0.0,0.500005,0.03,8.0,-0.0,7.796101459529433e-10,-3.169784434930989e-10,56.83000183105469,8.0,1.3476595117187498,0.135,8.0,-174.3063761576187,0.0068520276562289,-0.0230105113344888,56.38999938964844,-8.0,-0.8476545117187497,-0.10500000000000001,174.3063761576187,NO_NEW_POSITION_OR_CLOSING,20.0,OI not increasing,0.0,DRAM
DRAM261016P00052000,0.0,0.062509375,3.17,8.0,-0.0,6.213551959951179e-05,-1.8617854510183385e-05,56.83000183105469,8.0,0.6752962158203126,3.525,10.0,-644.4116459044072,0.0253319845037696,-0.318761528459785,56.38999938964844,-8.0,-0.6127868408203127,-0.355,644.4116459044072,NO_NEW_POSITION_OR_CLOSING,20.0,OI not increasing,0.0,DRAM
DRAM261016C00064000,0.0,0.062509375,2.77,17.0,0.0,1.5243459422534784e-06,3.8673146430143625e-07,56.83000183105469,9.0,0.6682162084960939,2.925,27.0,765.6040937395829,0.0267520802020055,0.3571668907624652,56.38999938964844,-9.0,-0.6057068334960939,-0.1549999999999998,-765.6040937395829,NO_NEW_POSITION_OR_CLOSING,20.0,OI not increasing,-0.0,DRAM
DRAM260902C00068000,0.0,0.2500075,0.1,9.0,0.0,2.0060012477444876e-09,5.332801424162472e-10,56.83000183105469,9.0,0.6992217578125001,0.06,9.0,284.1332897615994,0.0099283123195361,0.0208667286529468,56.38999938964844,-9.0,-0.4492142578125001,0.04000000000000001,-284.1332897615994,NO_NEW_POSITION_OR_CLOSING,20.0,OI not increasing,-0.0,DRAM
DRAM260904P00046500,0.0,0.2500075,0.13,2.0,-0.0,8.256985348562137e-09,-2.709370283682233e-09,56.83000183105469,9.0,0.79101771484375,0.165,2.0,-398.8248093726255,0.0139359146249748,-0.0433813039977546,56.38999938964844,-9.0,-0.5410102148437501,-0.035,398.8248093726255,NO_NEW_POSITION_OR_CLOSING,20.0,OI not increasing,0.0,DRAM
DRAM260911C00060500,0.0,0.062509375,1.2,15.0,0.0,2.358140242761001e-06,3.1749509626671413e-07,56.83000183105469,9.0,0.6074258007812501,1.35,6.0,1453.628868226451,0.0507933491797289,0.3098048048304626,56.38999938964844,-9.0,-0.5449164257812501,-0.15000000000000013,-1453.628868226451,NO_NEW_POSITION_OR_CLOSING,20.0,OI not increasing,-0.0,DRAM
DRAM260902C00064000,0.0,0.2500075,0.09,37.0,0.0,7.213543828795779e-05,2.8213978045864745e-05,56.83000183105469,9.0,0.65820654296875,0.205,24.0,838.4110207961895,0.029296132366573,0.0735172546271694,56.38999938964844,-9.0,-0.40819904296875004,-0.11499999999999999,-838.4110207961895,NO_NEW_POSITION_OR_CLOSING,20.0,OI not increasing,-0.0,DRAM
DRAM261002P00053500,0.0,0.062509375,3.2,1.0,-0.0,0.0014304866117017,-0.0004384650346437,56.83000183105469,10.0,0.64062859375,3.165,8.0,-1039.5950777688067,0.0326933959901043,-0.3513429332119345,56.38999938964844,-10.0,-0.57811921875,0.03500000000000014,1039.5950777688067,NO_NEW_POSITION_OR_CLOSING,20.0,OI not increasing,0.0,DRAM
DRAM260831C00068000,0.0,0.500005,0.02,15.0,0.0,6.893186114144252e-05,4.271097079347743e-05,56.83000183105469,11.0,0.9570316796875,0.135,15.0,476.4221057676318,0.0136205623755756,0.0348233093491901,56.38999938964844,-11.0,-0.4570266796875,-0.115,-476.4221057676318,NO_NEW_POSITION_OR_CLOSING,20.0,OI not increasing,-0.0,DRAM
DRAM260902P00048000,0.0,0.2500075,0.03,6.0,-0.0,1.1600352408562464e-08,-3.2325296883684022e-09,56.83000183105469,11.0,0.78711150390625,0.175,1.0,-625.2183049440405,0.0178745377633577,-0.0491409687127954,56.38999938964844,-11.0,-0.53710400390625,-0.145,625.2183049440405,NO_NEW_POSITION_OR_CLOSING,20.0,OI not increasing,0.0,DRAM
DRAM260911C00057500,0.0,0.01563484375,2.15,15.0,0.0,0.0091088637581433,0.0004419185617054,56.83000183105469,11.0,0.6372106591796876,2.505,11.0,1910.4983116253304,0.0546197607266709,0.470668376058118,56.38999938964844,-11.0,-0.6215758154296875,-0.355,-1910.4983116253304,NO_NEW_POSITION_OR_CLOSING,20.0,OI not increasing,-0.0,DRAM
DRAM260911C00063500,0.0,0.12500875,0.6,2.0,0.0,1.3870672238680064e-05,4.137951164911495e-06,56.83000183105469,12.0,0.622074091796875,0.765,1.0,1471.8709131087617,0.0385730781448886,0.1933679878409154,56.38999938964844,-12.0,-0.497065341796875,-0.16500000000000004,-1471.8709131087617,NO_NEW_POSITION_OR_CLOSING,20.0,OI not increasing,-0.0,DRAM
DRAM260904P00042500,0.0,0.500005,0.03,28.0,-0.0,1.2549103292188763e-05,-1.1080242575789434e-05,56.83000183105469,13.0,1.0078174609375,0.115,28.0,-278.348907250094,0.0067335174292246,-0.0240894253712959,56.38999938964844,-13.0,-0.5078124609374999,-0.085,278.348907250094,NO_NEW_POSITION_OR_CLOSING,20.0,OI not increasing,0.0,DRAM
DRAM260904P00044500,0.0,0.500005,0.1,1.0,-0.0,0.0001683825743606,-0.0001732356177301,56.83000183105469,13.0,0.804689453125,0.075,1.0,-297.3781281785436,0.0071938518780003,-0.0199556678616733,56.38999938964844,-13.0,-0.3046844531249999,0.02500000000000001,297.3781281785436,NO_NEW_POSITION_OR_CLOSING,20.0,OI not increasing,0.0,DRAM
DRAM261002P00049500,0.0,0.12500875,1.8,405.0,-0.0,0.0002035301397302,-0.0001140195274258,56.83000183105469,14.0,0.6450230810546875,1.725,2.0,-1161.1397028145698,0.0260826827921052,-0.2224087782496983,56.38999938964844,-14.0,-0.5200143310546875,0.07499999999999996,1161.1397028145698,NO_NEW_POSITION_OR_CLOSING,20.0,OI not increasing,0.0,DRAM
DRAM260904P00043500,0.0,0.500005,0.14,5.0,-0.0,4.930330966292239e-05,-4.690686958597201e-05,56.83000183105469,15.0,0.93945373046875,0.115,5.0,-368.21913821038106,0.0077198865558846,-0.0260770336852277,56.38999938964844,-15.0,-0.43944873046875,0.02500000000000001,368.21913821038106,NO_NEW_POSITION_OR_CLOSING,20.0,OI not increasing,0.0,DRAM
DRAM260831C00071000,0.0,0.500005,0.14,2.0,0.0,1.0387071666827616e-06,5.276200964031724e-07,56.83000183105469,16.0,1.1484417578125,0.15,7.0,538.2645738694175,0.0105796581508483,0.031972802801532,56.38999938964844,-16.0,-0.6484367578124999,-0.009999999999999981,-538.2645738694175,NO_NEW_POSITION_OR_CLOSING,20.0,OI not increasing,-0.0,DRAM
DRAM261002P00054500,0.0,0.0312596875,4.73,2.0,-0.0,1.0249763107886392e-05,-1.1456252317909588e-06,56.83000183105469,16.0,0.680911394042969,3.9,2.0,-1616.3101306266494,0.0317687796632356,-0.3879018293485572,56.38999938964844,-16.0,-0.649651706542969,0.8300000000000005,1616.3101306266494,NO_NEW_POSITION_OR_CLOSING,20.0,OI not increasing,0.0,DRAM
DRAM261002P00052500,0.0,0.062509375,2.7,1.0,-0.0,3.471988019315694e-05,-8.460443372881876e-06,56.83000183105469,16.0,0.6884796777343751,3.055,7.0,-1499.675421073665,0.0294763097228055,-0.3238573676455557,56.38999938964844,-16.0,-0.6259703027343752,-0.355,1499.675421073665,NO_NEW_POSITION_OR_CLOSING,20.0,OI not increasing,0.0,DRAM
DRAM261016P00051000,0.0,0.062509375,2.55,8.0,-0.0,1.314498009331099e-06,-3.3162501456018845e-07,56.83000183105469,17.0,0.6159706372070313,2.685,4.0,-1418.8629834616083,0.0262474645267195,-0.2813947372126436,56.38999938964844,-17.0,-0.5534612622070313,-0.13500000000000023,1418.8629834616083,NO_NEW_POSITION_OR_CLOSING,20.0,OI not increasing,0.0,DRAM
DRAM260902C00066000,0.0,0.2500075,0.14,4.0,0.0,6.007530086010099e-07,1.8982099330904825e-07,56.83000183105469,17.0,0.73633076171875,0.165,4.0,1103.5825380822166,0.0204151097450939,0.0534052699772362,56.38999938964844,-17.0,-0.48632326171875,-0.024999999999999994,-1103.5825380822166,NO_NEW_POSITION_OR_CLOSING,20.0,OI not increasing,-0.0,DRAM
DRAM260904P00045500,0.0,0.2500075,0.04,6.0,-0.0,1.73909621683216e-10,-5.1768922482153805e-11,56.83000183105469,17.0,0.851563984375,0.155,123.0,-631.0671932218943,0.0116740756233255,-0.0381939607576693,56.38999938964844,-17.0,-0.6015564843750001,-0.11499999999999999,631.0671932218943,NO_NEW_POSITION_OR_CLOSING,20.0,OI not increasing,0.0,DRAM
DRAM260831C00069000,0.0,0.500005,0.06,7.0,0.0,1.846764069019223e-05,1.0654701652256556e-05,56.83000183105469,17.0,0.9570316796875,0.1,56.0,559.2784362765143,0.0103460595475632,0.025002682041431,56.38999938964844,-17.0,-0.4570266796875,-0.04000000000000001,-559.2784362765143,NO_NEW_POSITION_OR_CLOSING,20.0,OI not increasing,-0.0,DRAM
DRAM261002C00059500,0.0,0.0312596875,3.04,1.0,0.0,5.84448988016107e-05,7.0622283900839145e-06,56.83000183105469,17.0,0.674075524902344,3.55,2.0,1791.5466560722718,0.0331417182993218,0.4486362560740951,56.38999938964844,-17.0,-0.642815837402344,-0.5099999999999998,-1791.5466560722718,NO_NEW_POSITION_OR_CLOSING,20.0,OI not increasing,-0.0,DRAM
DRAM260904P00041500,0.0,0.500005,0.04,6.0,-0.0,2.7506936191223264e-06,-2.2612462475812838e-06,56.83000183105469,18.0,1.0722702636718753,0.11,6.0,-334.11888909123155,0.0058374657287386,-0.0218857306279467,56.38999938964844,-18.0,-0.5722652636718752,-0.07,334.11888909123155,NO_NEW_POSITION_OR_CLOSING,20.0,OI not increasing,0.0,DRAM
DRAM260831P00044000,0.0,0.500005,0.02,15.0,-0.0,1.5761087354947376e-08,-6.950969688723774e-09,56.83000183105469,19.0,0.8437515624999999,0.01,15.0,-81.48371027013705,0.0013486927258974,-0.0021315882595142,56.38999938964844,-19.0,-0.3437465624999999,0.01,81.48371027013705,NO_NEW_POSITION_OR_CLOSING,20.0,OI not increasing,0.0,DRAM
DRAM260925P00052500,0.0,0.062509375,2.17,25.0,-0.0,4.796346290873372e-06,-9.518407821929032e-07,56.83000183105469,20.0,0.6423375610351563,2.345,11.0,-2189.854400333292,0.0344334917516272,-0.307529101646693,56.38999938964844,-20.0,-0.5798281860351563,-0.17500000000000027,2189.854400333292,NO_NEW_POSITION_OR_CLOSING,20.0,OI not increasing,0.0,DRAM
DRAM261016C00066000,0.0,0.12500875,2.26,15.0,0.0,0.0011580885989664,0.0008865345902066,56.83000183105469,21.0,0.6550327465820314,2.34,3.0,1715.1185872833437,0.0256844741733884,0.3066869927469186,56.38999938964844,-21.0,-0.5300239965820314,-0.08000000000000007,-1715.1185872833437,NO_NEW_POSITION_OR_CLOSING,20.0,OI not increasing,-0.0,DRAM
DRAM260918P00018000,0.0,0.500005,0.01,1.0,-0.0,3.033263622909743e-22,0.0,56.83000183105469,22.0,1.625001875,0.01,1.0,-11.21804193662092,0.0001603578403266,-0.0010780957373328,56.38999938964844,-22.0,-1.124996875,0.0,11.21804193662092,NO_NEW_POSITION_OR_CLOSING,20.0,OI not increasing,0.0,DRAM
DRAM260911C00074000,0.0,0.2500075,0.07,5.0,0.0,9.4117160180477e-08,4.751171784362986e-08,56.83000183105469,22.0,0.75195560546875,0.175,1.0,770.8116189563298,0.0110184724939419,0.0449571624402628,56.38999938964844,-22.0,-0.50194810546875,-0.10499999999999998,-770.8116189563298,NO_NEW_POSITION_OR_CLOSING,20.0,OI not increasing,-0.0,DRAM
DRAM260918P00056500,0.0,0.007822421875,3.15,94.0,-0.0,0.0003157114146647,-7.411206410012916e-06,56.83000183105469,22.0,0.6323278955078125,3.625,15.0,-3177.73007261061,0.0454244987194672,-0.4678809833869491,56.38999938964844,-22.0,-0.6245054736328125,-0.4750000000000001,3177.73007261061,NO_NEW_POSITION_OR_CLOSING,20.0,OI not increasing,0.0,DRAM
DRAM260918C00057500,0.0,0.01563484375,2.67,220.0,0.0,0.0802576066243185,0.0060406352870258,56.83000183105469,23.0,0.63867548828125,3.1100000000000003,5.0,3298.3160415465186,0.0450983083003009,0.4878171006681623,56.38999938964844,-23.0,-0.62304064453125,-0.4400000000000004,-3298.3160415465186,NO_NEW_POSITION_OR_CLOSING,20.0,OI not increasing,-0.0,DRAM
DRAM260902P00047000,0.0,0.2500075,0.01,2.0,-0.0,1.3752211340531072e-10,-3.428302086661006e-11,56.83000183105469,24.0,0.773439765625,0.1,1.0,-907.4620993491995,0.011890854748189,-0.0291786800970657,56.38999938964844,-24.0,-0.5234322656250001,-0.09000000000000001,907.4620993491995,NO_NEW_POSITION_OR_CLOSING,20.0,OI not increasing,0.0,DRAM
DRAM260902P00053000,0.0,0.12500875,0.41,1660.0,-0.0,4.464285776060263e-06,-7.414643030667634e-07,56.83000183105469,24.0,0.69336244140625,0.8200000000000001,34.0,-4586.950038944303,0.0601047213866044,-0.2268451879147086,56.38999938964844,-24.0,-0.56835369140625,-0.4100000000000001,4586.950038944303,NO_NEW_POSITION_OR_CLOSING,20.0,OI not increasing,0.0,DRAM
DRAM260911P00043500,0.0,0.2500075,0.08,30.0,-0.0,3.5619844232734115e-08,-1.7431234455855815e-08,56.83000183105469,27.0,0.851563984375,0.285,8.0,-979.48337546749,0.011408515197913,-0.0548846968823809,56.38999938964844,-27.0,-0.6015564843750001,-0.20499999999999996,979.48337546749,NO_NEW_POSITION_OR_CLOSING,20.0,OI not increasing,0.0,DRAM
DRAM260831P00045000,0.0,0.500005,0.09,21.0,-0.0,2.3226536578096763e-07,-1.1163836788341541e-07,56.83000183105469,27.0,0.937500625,0.04,9.0,-388.88929861442233,0.0045295811901155,-0.0093227082694805,56.38999938964844,-27.0,-0.43749562499999994,0.049999999999999996,388.88929861442233,NO_NEW_POSITION_OR_CLOSING,20.0,OI not increasing,0.0,DRAM
DRAM260925P00056500,0.0,0.007822421875,4.09,3.0,-0.0,0.0007091675863541,-2.018358584809921e-05,56.83000183105469,28.0,0.674075524902344,4.4,15.0,-3298.1713738753683,0.0370434141259103,-0.4595881373102491,56.38999938964844,-28.0,-0.666253103027344,-0.3100000000000005,3298.1713738753683,NO_NEW_POSITION_OR_CLOSING,20.0,OI not increasing,0.0,DRAM
DRAM260902P00051000,0.0,0.2500075,0.16,251.0,-0.0,0.0002264538302922,-9.482637535995764e-05,56.83000183105469,28.0,0.726565234375,0.45,48.0,-3562.4340005695576,0.0400114800051346,-0.1287907669890389,56.38999938964844,-28.0,-0.476557734375,-0.29000000000000004,3562.4340005695576,NO_NEW_POSITION_OR_CLOSING,20.0,OI not increasing,0.0,DRAM
DRAM261016C00063000,0.0,0.062509375,3.15,2.0,0.0,3.599099810938032e-05,1.0483197796639484e-05,56.83000183105469,29.0,0.6657748266601564,3.18,10.0,2527.703990618337,0.0274109467791997,0.3804194351901969,56.38999938964844,-29.0,-0.6032654516601564,-0.03000000000000025,-2527.703990618337,NO_NEW_POSITION_OR_CLOSING,20.0,OI not increasing,-0.0,DRAM
DRAM261002P00050500,0.0,0.12500875,1.7,1.0,-0.0,0.0011959111088263,-0.0007646478503924,56.83000183105469,29.0,0.6630893066406252,2.145,4.0,-2531.5774397301348,0.0274529512654249,-0.2569366230440121,56.38999938964844,-29.0,-0.5380805566406252,-0.44500000000000006,2531.5774397301348,NO_NEW_POSITION_OR_CLOSING,20.0,OI not increasing,0.0,DRAM
DRAM260918P00019000,0.0,0.500005,0.02,1.0,-0.0,2.138486190281893e-20,0.0,56.83000183105469,30.0,1.78125109375,0.035,1.0,-39.04930070630867,0.0004093434320177,-0.0033462918765169,56.38999938964844,-30.0,-1.2812460937499999,-0.015000000000000003,39.04930070630867,NO_NEW_POSITION_OR_CLOSING,20.0,OI not increasing,0.0,DRAM
DRAM260902C00069000,0.0,0.2500075,0.38,32.0,0.0,8.447936982331089e-11,2.083274255732048e-11,56.83000183105469,30.0,0.8632826171875,0.14,32.0,1291.019801934235,0.0135334171667072,0.0390287497529536,56.38999938964844,-30.0,-0.6132751171874999,0.24,-1291.019801934235,NO_NEW_POSITION_OR_CLOSING,20.0,OI not increasing,-0.0,DRAM
DRAM260911C00071000,0.0,0.2500075,0.18,46.0,0.0,5.987754093013965e-06,3.5484262511530942e-06,56.83000183105469,31.0,0.65039412109375,0.16,1.0,1313.8300443479154,0.0133282556809399,0.0475611547329186,56.38999938964844,-31.0,-0.40038662109375006,0.01999999999999999,-1313.8300443479154,NO_NEW_POSITION_OR_CLOSING,20.0,OI not increasing,-0.0,DRAM
DRAM260918P00021000,0.0,0.500005,0.01,2.0,-0.0,3.298985752485072e-17,0.0,56.83000183105469,31.0,1.625001875,0.035,2.0,-47.999964806329466,0.0004869395447052,-0.0036653092170004,56.38999938964844,-31.0,-1.124996875,-0.025,47.999964806329466,NO_NEW_POSITION_OR_CLOSING,20.0,OI not increasing,0.0,DRAM
DRAM260902P00045000,0.0,0.500005,0.02,3.0,-0.0,3.611405430210658e-05,-2.8251647819055314e-05,56.83000183105469,32.0,0.92187578125,0.1,3.0,-868.647958360893,0.0085366926405972,-0.02421314564628,56.38999938964844,-32.0,-0.42187078125,-0.08,868.647958360893,NO_NEW_POSITION_OR_CLOSING,20.0,OI not increasing,0.0,DRAM
DRAM260904P00031000,0.0,0.500005,0.05,2.0,-0.0,1.568543876727856e-18,0.0,56.83000183105469,34.0,1.859375703125,0.09,2.0,-190.8890634624851,0.0017656228896558,-0.0103254434375305,56.38999938964844,-34.0,-1.359370703125,-0.039999999999999994,190.8890634624851,NO_NEW_POSITION_OR_CLOSING,20.0,OI not increasing,0.0,DRAM
DRAM261016P00049000,0.0,0.12500875,2.01,34.0,-0.0,0.0005122551659503,-0.0003667879462708,56.83000183105469,34.0,0.6303747900390625,2.095,5.0,-2489.030803044397,0.0230222186604066,-0.2289779315856666,56.38999938964844,-34.0,-0.5053660400390625,-0.08500000000000041,2489.030803044397,NO_NEW_POSITION_OR_CLOSING,20.0,OI not increasing,0.0,DRAM
DRAM260925P00053500,0.0,0.062509375,2.64,9.0,-0.0,0.000475933880809,-0.0001195982185452,56.83000183105469,36.0,0.6674837939453127,2.9,10.0,-3988.3506790389984,0.0348406827078915,-0.3480503230030589,56.38999938964844,-36.0,-0.6049744189453127,-0.2599999999999998,3988.3506790389984,NO_NEW_POSITION_OR_CLOSING,20.0,OI not increasing,0.0,DRAM
DRAM260902P00056000,0.0,0.0312596875,1.31,104.0,-0.0,0.0003175177611478,-1.5036045310168332e-05,56.83000183105469,36.0,0.6650424121093752,1.875,14.0,-9416.023614265689,0.0822547257037317,-0.4475956737408983,56.38999938964844,-36.0,-0.6337827246093752,-0.565,9416.023614265689,NO_NEW_POSITION_OR_CLOSING,20.0,OI not increasing,0.0,DRAM
DRAM260902P00052000,0.0,0.12500875,0.31,930.0,-0.0,3.631764819197292e-09,-4.815323695339656e-10,56.83000183105469,36.0,0.702151416015625,0.595,1524.0,-5714.814940983154,0.0499224040502595,-0.1703945779799267,56.38999938964844,-36.0,-0.577142666015625,-0.285,5714.814940983154,NO_NEW_POSITION_OR_CLOSING,20.0,OI not increasing,0.0,DRAM
DRAM260902C00061000,0.0,0.12500875,0.23,100.0,0.0,4.882884888485572e-06,8.139157333980567e-07,56.83000183105469,37.0,0.649417568359375,0.5549999999999999,54.0,6702.113320897292,0.0569647063388284,0.1855941304369811,56.38999938964844,-37.0,-0.524408818359375,-0.32499999999999996,-6702.113320897292,NO_NEW_POSITION_OR_CLOSING,20.0,OI not increasing,-0.0,DRAM
DRAM261016C00058000,0.0,0.01563484375,4.64,38.0,0.0,0.0398997568935552,0.0044336816710529,56.83000183105469,37.0,0.666263103027344,4.9,39.0,3373.774218699826,0.0286754413749625,0.5125081399815371,56.38999938964844,-37.0,-0.650628259277344,-0.2600000000000007,-3373.774218699826,NO_NEW_POSITION_OR_CLOSING,20.0,OI not increasing,-0.0,DRAM
DRAM261002P00042000,0.0,0.2500075,0.4,10.0,-0.0,3.1123601519301565e-05,-3.2447495527443415e-05,56.83000183105469,37.0,0.7231472998046875,0.53,1.0,-1321.7565179084236,0.0112342880952668,-0.0766163130839576,56.38999938964844,-37.0,-0.4731397998046875,-0.13,1321.7565179084236,NO_NEW_POSITION_OR_CLOSING,20.0,OI not increasing,0.0,DRAM
DRAM261016P00056000,0.0,0.01563484375,4.75,1010.0,-0.0,0.0026014165095125,-0.0002252718685509,56.83000183105469,38.0,0.6450230810546875,5.2,93.0,-3528.6075219246623,0.0292022005477504,-0.4319587022414367,56.38999938964844,-38.0,-0.6293882373046875,-0.4500000000000002,3528.6075219246623,NO_NEW_POSITION_OR_CLOSING,20.0,OI not increasing,0.0,DRAM
DRAM261002C00057000,0.0,0.0039162109375,4.16,17.0,0.0,4.52929816396818,0.7581858941174051,56.83000183105469,38.0,0.6674837939453127,4.5,1.0,4067.381536891359,0.0336610095077201,0.5288210011484722,56.38999938964844,-38.0,-0.6635675830078126,-0.33999999999999986,-4067.381536891359,NO_NEW_POSITION_OR_CLOSING,20.0,OI not increasing,-0.0,DRAM
DRAM261002P00030000,0.0,0.500005,0.02,28.0,-0.0,5.943828596249328e-06,-1.1769404777872694e-05,56.83000183105469,39.0,1.0253954980468751,0.135,24.0,-280.1069654629007,0.0022586821609674,-0.0164621764249189,56.38999938964844,-39.0,-0.5253904980468751,-0.115,280.1069654629007,NO_NEW_POSITION_OR_CLOSING,20.0,OI not increasing,0.0,DRAM
DRAM260831P00047000,0.0,0.500005,0.03,1.0,-0.0,2.1073796366219195e-05,-1.2240089466764026e-05,56.83000183105469,39.0,0.93945373046875,0.115,1.0,-1451.4721943053376,0.0117041514729911,-0.0283447987135579,56.38999938964844,-39.0,-0.43944873046875,-0.085,1451.4721943053376,NO_NEW_POSITION_OR_CLOSING,20.0,OI not increasing,0.0,DRAM
DRAM261016P00054000,0.0,0.0312596875,4.1,13.0,-0.0,3.1640810066674622e-06,-4.020052384312578e-07,56.83000183105469,40.0,0.6530796411132813,4.25,23.0,-3533.909500589317,0.0277837749443568,-0.3734630710207437,56.38999938964844,-40.0,-0.6218199536132814,-0.15000000000000036,3533.909500589317,NO_NEW_POSITION_OR_CLOSING,20.0,OI not increasing,0.0,DRAM
DRAM260911C00072000,0.0,0.2500075,0.11,26.0,0.0,1.5938364997227394e-06,8.922601924988862e-07,56.83000183105469,41.0,0.7324245507812499,0.23,30.0,1838.275046195168,0.0141001085268164,0.059314770498235,56.38999938964844,-41.0,-0.4824170507812499,-0.12000000000000001,-1838.275046195168,NO_NEW_POSITION_OR_CLOSING,20.0,OI not increasing,-0.0,DRAM
DRAM261016P00053000,0.0,0.062509375,3.38,18.0,-0.0,0.001357392924459,-0.0004968340860251,56.83000183105469,41.0,0.619388571777344,3.5250000000000004,48.0,-3700.614259729263,0.0283847962719543,-0.3412784473372513,56.38999938964844,-41.0,-0.556879196777344,-0.14500000000000046,3700.614259729263,NO_NEW_POSITION_OR_CLOSING,20.0,OI not increasing,0.0,DRAM
DRAM261016P00046000,0.0,0.12500875,1.44,11.0,-0.0,1.8771724425018196e-06,-9.869386965455362e-07,56.83000183105469,41.0,0.6679720703125002,1.48,15.0,-2331.792587297069,0.0178855327503718,-0.166144360116508,56.38999938964844,-41.0,-0.5429633203125002,-0.040000000000000036,2331.792587297069,NO_NEW_POSITION_OR_CLOSING,20.0,OI not increasing,0.0,DRAM
DRAM260925P00054500,0.0,0.0312596875,3.18,8.0,-0.0,1.1240461642869162e-06,-1.029086748038921e-07,56.83000183105469,42.0,0.6274451318359376,3.1,4.0,-5108.571575014686,0.0382512835130549,-0.3824099233672542,56.38999938964844,-42.0,-0.5961854443359377,0.08000000000000007,5108.571575014686,NO_NEW_POSITION_OR_CLOSING,20.0,OI not increasing,0.0,DRAM
DRAM261016P00044000,0.0,0.12500875,1.03,20.0,-0.0,1.1597532504670276e-08,-5.123659718719864e-09,56.83000183105469,43.0,0.6772493212890626,1.085,8.0,-2022.0010558594813,0.0147879761911838,-0.1277730104313788,56.38999938964844,-43.0,-0.5522405712890626,-0.05499999999999994,2022.0010558594813,NO_NEW_POSITION_OR_CLOSING,20.0,OI not increasing,0.0,DRAM
DRAM260918P00053500,0.0,0.062509375,1.97,12.0,-0.0,7.268504899594783e-05,-1.4058954018292267e-05,56.83000183105469,43.0,0.6381872119140625,2.25,13.0,-5630.003797201407,0.0411752317675718,-0.3337763579883375,56.38999938964844,-43.0,-0.5756778369140625,-0.28,5630.003797201407,NO_NEW_POSITION_OR_CLOSING,20.0,OI not increasing,0.0,DRAM
DRAM260918P00055500,0.0,0.0312596875,2.88,24.0,-0.0,0.0022814706181767,-0.000261181503908,56.83000183105469,43.0,0.6347692773437501,3.125,9.0,-6089.792887905996,0.0445379155340327,-0.4225106355424747,56.38999938964844,-43.0,-0.6035095898437501,-0.2450000000000001,6089.792887905996,NO_NEW_POSITION_OR_CLOSING,20.0,OI not increasing,0.0,DRAM
DRAM260918C00059500,0.0,0.062509375,1.95,53.0,0.0,0.0069635783884612,0.0018592872669448,56.83000183105469,43.0,0.6401403173828125,2.36,21.0,5969.258290747177,0.0436563814973252,0.4021939875140227,56.38999938964844,-43.0,-0.5776309423828125,-0.4099999999999999,-5969.258290747177,NO_NEW_POSITION_OR_CLOSING,20.0,OI not increasing,-0.0,DRAM
DRAM260911P00052500,0.0,0.12500875,1.03,21.0,-0.0,0.0011901113445116,-0.0004632451927983,56.83000183105469,43.0,0.6127968408203126,1.2599999999999998,2.0,-6301.049931622529,0.0460829513902934,-0.2576091662153296,56.38999938964844,-43.0,-0.4877880908203126,-0.22999999999999976,6301.049931622529,NO_NEW_POSITION_OR_CLOSING,20.0,OI not increasing,0.0,DRAM
DRAM260828P00031000,0.0,0.500005,0.01,2.0,-0.0,6.320231526399945e-118,0.0,56.83000183105469,44.0,2.750003125,0.005,2.0,-0.897960258415489,6.418008086982825e-06,-1.172061186427431e-05,56.38999938964844,-44.0,-2.2499981250000003,0.005,0.897960258415489,NO_NEW_POSITION_OR_CLOSING,20.0,OI not increasing,0.0,DRAM
DRAM260904P00039000,0.0,0.500005,0.05,1.0,-0.0,3.003023098854347e-08,-2.0896909869172475e-08,56.83000183105469,44.0,0.95312546875,0.015,4.0,-188.29752409146587,0.001345822402553,-0.0035737701106887,56.38999938964844,-44.0,-0.45312046875,0.035,188.29752409146587,NO_NEW_POSITION_OR_CLOSING,20.0,OI not increasing,0.0,DRAM
DRAM260904C00073000,0.0,0.500005,0.04,21.0,0.0,0.0001728652209996,0.0001781709784296,56.83000183105469,44.0,0.8867198828124999,0.11,21.0,1253.6762808770943,0.0089604238425046,0.0290934689223592,56.38999938964844,-44.0,-0.3867148828124999,-0.07,-1253.6762808770943,NO_NEW_POSITION_OR_CLOSING,20.0,OI not increasing,-0.0,DRAM
