contractSymbol,lastTradeDate,strike,last_price,bid,ask,change,percentChange,volume,oi,iv,inTheMoney,contractSize,currency,ticker,type,expiration,T,mid,gamma,delta,public_gex,spot,underlying_return,snapshot_date
QQQ260812C00525000,2026-08-12 17:06:55+00:00,525.0,200.27,196.81,200.66,6.3899994,3.2958527,4.0,14,2.1015672460937496,True,REGULAR,USD,QQQ,call,2026-08-12,0.0027397260273972603,198.735,6.0174615053082436e-05,0.998530068109499,441.2233790467082,723.7000122070312,0.007307397746256994,2026-08-12
QQQ260812C00540000,2026-08-12 17:06:55+00:00,540.0,185.28,181.81,185.66,5.2099915,2.8933144,63.0,59,1.9375003125,True,REGULAR,USD,QQQ,call,2026-08-12,0.0027397260273972603,183.735,7.236463062545297e-05,0.998353936339898,2236.1221378957407,723.7000122070312,0.007307397746256994,2026-08-12
QQQ260812C00585000,2026-08-12 19:15:47+00:00,585.0,139.78,136.81,140.66,35.089996,33.518,6.0,2,1.4375028125,True,REGULAR,USD,QQQ,call,2026-08-12,0.0027397260273972603,138.735,0.0001202940804551347,0.9979268340607743,126.00605423995805,723.7000122070312,0.007307397746256994,2026-08-12
QQQ260812C00600000,2026-08-12 19:26:02+00:00,600.0,124.36,121.81,125.71,6.470001,5.488168,23.0,19,1.3554719726562499,True,REGULAR,USD,QQQ,call,2026-08-12,0.0027397260273972603,123.75999999999999,0.0002147309186179165,0.9963082417736161,2136.807222117118,723.7000122070312,0.007307397746256994,2026-08-12
QQQ260812C00615000,2026-08-12 17:06:52+00:00,615.0,110.27,106.78,110.66,58.519997,113.082115,5.0,0,1.0703171484375003,True,REGULAR,USD,QQQ,call,2026-08-12,0.0027397260273972603,108.72,0.00013252251480086092,0.9983328541979622,0.0,723.7000122070312,0.007307397746256994,2026-08-12
QQQ260812C00640000,2026-08-12 17:06:51+00:00,640.0,85.3,81.78,85.65,1.7100067,2.0457075,4.0,30,0.804689453125,True,REGULAR,USD,QQQ,call,2026-08-12,0.0027397260273972603,83.715,0.00017285358395423031,0.9983682751925788,2715.918937104049,723.7000122070312,0.007307397746256994,2026-08-12
QQQ260812C00645000,2026-08-12 17:06:51+00:00,645.0,80.3,76.78,80.66,38.370003,91.50967,4.0,1,0.7812521875,True,REGULAR,USD,QQQ,call,2026-08-12,0.0027397260273972603,78.72,0.00023997928075372092,0.9977334621201605,125.68715830700192,723.7000122070312,0.007307397746256994,2026-08-12
QQQ260812C00650000,2026-08-12 19:03:31+00:00,650.0,74.86,71.79,75.66,1.25,1.6981388,21.0,31,0.7500025,True,REGULAR,USD,QQQ,call,2026-08-12,0.0027397260273972603,73.725,0.00031279471166454807,0.9970953922621602,5078.532729542445,723.7000122070312,0.007307397746256994,2026-08-12
QQQ260812C00652000,2026-08-12 19:31:39+00:00,652.0,72.07,69.81,73.66,2.9000015,4.192571,18.0,10,0.7539087109375,True,REGULAR,USD,QQQ,call,2026-08-12,0.0027397260273972603,71.735,0.0003993078628020989,0.9961667956111636,2091.341819494133,723.7000122070312,0.007307397746256994,2026-08-12
QQQ260812C00653000,2026-08-12 19:31:39+00:00,653.0,71.08,69.52,72.66,1.090004,1.557371,20.0,1,1.0244189404296877,True,REGULAR,USD,QQQ,call,2026-08-12,0.0027397260273972603,71.09,0.0015476736121282117,0.9741742347888381,810.5812205294391,723.7000122070312,0.007307397746256994,2026-08-12
QQQ260812C00654000,2026-08-12 18:05:43+00:00,654.0,71.65,67.83,71.66,-0.1800003,-0.25059208,17.0,1,0.7539087109375,True,REGULAR,USD,QQQ,call,2026-08-12,0.0027397260273972603,69.745,0.0004896419361146136,0.9951845067447094,256.4459037667574,723.7000122070312,0.007307397746256994,2026-08-12
QQQ260812C00655000,2026-08-12 18:05:43+00:00,655.0,70.66,67.39,70.66,6.4800034,10.096609,19.0,4,0.9697268652343749,True,REGULAR,USD,QQQ,call,2026-08-12,0.0027397260273972603,69.025,0.0014917105571100177,0.9768467741528651,3125.0841381114647,723.7000122070312,0.007307397746256994,2026-08-12
QQQ260812C00656000,2026-08-12 17:09:51+00:00,656.0,69.05,65.83,69.66,10.270004,17.471937,8.0,0,0.73437765625,True,REGULAR,USD,QQQ,call,2026-08-12,0.0027397260273972603,67.745,0.0005179818935179691,0.9950195356079263,0.0,723.7000122070312,0.007307397746256994,2026-08-12
QQQ260812C00657000,2026-08-12 17:49:01+00:00,657.0,68.26,64.53,68.66,8.52,14.261802,10.0,2,1.3581575061035154,True,REGULAR,USD,QQQ,call,2026-08-12,0.0027397260273972603,66.595,0.0029215268447151227,0.9188307223179406,3060.2509173006756,723.7000122070312,0.007307397746256994,2026-08-12
QQQ260812C00658000,2026-08-12 17:49:01+00:00,658.0,67.27,63.8,67.66,6.449997,10.60506,8.0,25,0.6835969140625001,True,REGULAR,USD,QQQ,call,2026-08-12,0.0027397260273972603,65.72999999999999,0.00042377463036191173,0.9963276165985149,5548.711214307921,723.7000122070312,0.007307397746256994,2026-08-12
QQQ260812C00659000,2026-08-12 17:09:50+00:00,659.0,66.01,62.82,66.66,3.9400024,6.347676,8.0,6,0.6953155468750001,True,REGULAR,USD,QQQ,call,2026-08-12,0.0027397260273972603,64.74,0.00052313064116517,0.9952634997787746,1643.9120120252462,723.7000122070312,0.007307397746256994,2026-08-12
QQQ260812C00660000,2026-08-12 18:15:02+00:00,660.0,65.03,61.77,65.66,1.949997,3.0913076,14.0,35,0.6171913281250001,True,REGULAR,USD,QQQ,call,2026-08-12,0.0027397260273972603,63.715,0.00027633483363247174,0.9979581448623633,5065.482717923242,723.7000122070312,0.007307397746256994,2026-08-12
QQQ260812C00662000,2026-08-12 17:09:49+00:00,662.0,63.03,59.83,63.66,3.5900002,6.039704,8.0,3,0.6718782812500002,True,REGULAR,USD,QQQ,call,2026-08-12,0.0027397260273972603,61.745,0.0005999441263264786,0.9946844740444013,942.6472836836714,723.7000122070312,0.007307397746256994,2026-08-12
QQQ260812C00663000,2026-08-12 17:09:49+00:00,663.0,62.02,58.83,62.66,-0.47999954,-0.7679993,8.0,9,0.6640658593750002,True,REGULAR,USD,QQQ,call,2026-08-12,0.0027397260273972603,60.745,0.0006286967861778023,0.9944702676187226,2963.4725555858977,723.7000122070312,0.007307397746256994,2026-08-12
QQQ260812C00664000,2026-08-12 17:09:49+00:00,664.0,61.02,57.79,61.66,-1.2799988,-2.0545728,8.0,7,0.6132851171875001,True,REGULAR,USD,QQQ,call,2026-08-12,0.0027397260273972603,59.724999999999994,0.0004467850689064328,0.9965483966245636,1637.999824648771,723.7000122070312,0.007307397746256994,2026-08-12
QQQ260812C00665000,2026-08-12 19:18:54+00:00,665.0,59.7,56.77,60.65,7.619999,14.631333,12.0,39,0.5468795312500001,True,REGULAR,USD,QQQ,call,2026-08-12,0.0027397260273972603,58.71,0.00023172832371213452,0.998526673506974,4733.265731069552,723.7000122070312,0.007307397746256994,2026-08-12
QQQ260812C00666000,2026-08-12 19:54:49+00:00,666.0,57.83,55.78,59.66,27.04,87.82072,9.0,6,0.57812921875,True,REGULAR,USD,QQQ,call,2026-08-12,0.0027397260273972603,57.72,0.0003989962294844652,0.9971492402875053,1253.8257995008166,723.7000122070312,0.007307397746256994,2026-08-12
QQQ260812C00667000,2026-08-12 19:28:29+00:00,667.0,56.9,54.8,58.66,2.4300003,4.4611716,49.0,36,0.5937540625000001,True,REGULAR,USD,QQQ,call,2026-08-12,0.0027397260273972603,56.73,0.0005377516370638542,0.9959064284321832,10139.14658510393,723.7000122070312,0.007307397746256994,2026-08-12
QQQ260812C00668000,2026-08-12 18:22:33+00:00,668.0,58.55,53.78,57.66,23.36,66.3825,21.0,0,0.5625043750000001,True,REGULAR,USD,QQQ,call,2026-08-12,0.0027397260273972603,55.72,0.0004403472116259797,0.9969148330505408,0.0,723.7000122070312,0.007307397746256994,2026-08-12
QQQ260812C00669000,2026-08-12 19:13:21+00:00,669.0,55.76,52.82,56.66,32.42,138.90315,20.0,5,0.5937540625000001,True,REGULAR,USD,QQQ,call,2026-08-12,0.0027397260273972603,54.739999999999995,0.0006905553529387489,0.9945815702199613,1808.3631989386727,723.7000122070312,0.007307397746256994,2026-08-12
QQQ260812C00670000,2026-08-12 19:47:52+00:00,670.0,53.8,51.79,55.65,4.799999,9.7959175,24.0,70,0.5429733203125001,True,REGULAR,USD,QQQ,call,2026-08-12,0.0027397260273972603,53.72,0.0004659221387666658,0.996841612679613,17081.599961873537,723.7000122070312,0.007307397746256994,2026-08-12
QQQ260812C00671000,2026-08-12 19:12:28+00:00,671.0,53.74,50.8,54.66,2.75,5.393214,9.0,27,0.5546919531250001,True,REGULAR,USD,QQQ,call,2026-08-12,0.0027397260273972603,52.73,0.0006096959691367951,0.995634525655103,8621.72661692556,723.7000122070312,0.007307397746256994,2026-08-12
QQQ260812C00672000,2026-08-12 17:09:48+00:00,672.0,53.02,49.82,53.66,20.970001,65.429016,12.0,19,0.5625043750000001,True,REGULAR,USD,QQQ,call,2026-08-12,0.0027397260273972603,51.739999999999995,0.000751682049962043,0.994390750302092,7480.057568946093,723.7000122070312,0.007307397746256994,2026-08-12
QQQ260812C00673000,2026-08-12 17:09:48+00:00,673.0,52.04,48.78,52.66,7.959999,18.058073,43.0,174,0.51562984375,True,REGULAR,USD,QQQ,call,2026-08-12,0.0027397260273972603,50.72,0.0005211463167297862,0.9966224472294906,47492.61476523817,723.7000122070312,0.007307397746256994,2026-08-12
QQQ260812C00674000,2026-08-12 19:43:07+00:00,674.0,49.72,47.75,51.66,6.6100006,15.3328705,12.0,21,1.0798385852050782,True,REGULAR,USD,QQQ,call,2026-08-12,0.0027397260273972603,49.705,0.0042497804260015135,0.901294088995565,46741.53240813034,723.7000122070312,0.007307397746256994,2026-08-12
QQQ260812C00675000,2026-08-12 19:29:43+00:00,675.0,49.39,46.79,50.66,6.209999,14.381656,56.0,291,0.507817421875,True,REGULAR,USD,QQQ,call,2026-08-12,0.0027397260273972603,48.724999999999994,0.0006387118848171837,0.99583390550482,97345.33549932658,723.7000122070312,0.007307397746256994,2026-08-12
QQQ260812C00676000,2026-08-12 18:46:18+00:00,676.0,49.68,45.83,49.66,7.459999,17.669348,32.0,16,0.5312546875,True,REGULAR,USD,QQQ,call,2026-08-12,0.0027397260273972603,47.745,0.0009387250984093762,0.9932419370263212,7866.391777154676,723.7000122070312,0.007307397746256994,2026-08-12
QQQ260812C00677000,2026-08-12 19:38:55+00:00,677.0,46.99,45.39,48.66,3.8700027,8.97496,23.0,5,0.6914093359375001,True,REGULAR,USD,QQQ,call,2026-08-12,0.0027397260273972603,47.025,0.00267928170986883,0.9688623042145019,7016.2578902578225,723.7000122070312,0.007307397746256994,2026-08-12
QQQ260812C00678000,2026-08-12 17:09:47+00:00,678.0,47.04,43.78,47.66,11.040001,30.66667,13.0,7,1.0134326672363283,True,REGULAR,USD,QQQ,call,2026-08-12,0.0027397260273972603,45.72,0.004708685315283083,0.8958550592566858,17262.944215298252,723.7000122070312,0.007307397746256994,2026-08-12
QQQ260812C00679000,2026-08-12 18:56:11+00:00,679.0,46.19,42.83,46.71,27.489998,147.00533,28.0,40,0.5273484765625001,True,REGULAR,USD,QQQ,call,2026-08-12,0.0027397260273972603,44.769999999999996,0.0013305047330284014,0.9900317580603482,27873.63283749039,723.7000122070312,0.007307397746256994,2026-08-12
QQQ260812C00680000,2026-08-12 18:16:45+00:00,680.0,44.98,41.79,45.66,8.34,22.762009,108.0,147,0.9799806689453125,True,REGULAR,USD,QQQ,call,2026-08-12,0.0027397260273972603,43.724999999999994,0.004969366978296327,0.8928871304096354,382591.7178448914,723.7000122070312,0.007307397746256994,2026-08-12
QQQ260812C00681000,2026-08-12 19:55:39+00:00,681.0,42.67,40.83,44.66,2.5499992,6.3559303,19.0,23,0.9631351342773438,True,REGULAR,USD,QQQ,call,2026-08-12,0.0027397260273972603,42.745,0.005108598307919286,0.8913452274232818,61538.47803638226,723.7000122070312,0.007307397746256994,2026-08-12
QQQ260812C00682000,2026-08-12 18:56:11+00:00,682.0,43.17,39.82,43.71,7.2299995,20.116861,28.0,50,0.9533696069335937,True,REGULAR,USD,QQQ,call,2026-08-12,0.0027397260273972603,41.765,0.005271353878670423,0.8880898689985122,138041.39410697963,723.7000122070312,0.007307397746256994,2026-08-12
QQQ260812C00683000,2026-08-12 17:09:47+00:00,683.0,42.05,38.77,42.66,3.3899994,8.768752,8.0,27,0.929688203125,True,REGULAR,USD,QQQ,call,2026-08-12,0.0027397260273972603,40.715,0.005408124043956473,0.888017594886425,76476.42329574436,723.7000122070312,0.007307397746256994,2026-08-12
QQQ260812C00684000,2026-08-12 17:10:23+00:00,684.0,41.11,37.83,41.66,7.580002,22.606627,11.0,23,0.9125985302734375,True,REGULAR,USD,QQQ,call,2026-08-12,0.0027397260273972603,39.745,0.0055681835080281005,0.886340434620595,67074.6685994375,723.7000122070312,0.007307397746256994,2026-08-12
QQQ260812C00685000,2026-08-12 19:24:59+00:00,685.0,39.07,36.85,40.66,7.040001,21.979399,337.0,225,0.8957529956054686,True,REGULAR,USD,QQQ,call,2026-08-12,0.0027397260273972603,38.754999999999995,0.005737011516707763,0.8845315161688954,676060.2469516791,723.7000122070312,0.007307397746256994,2026-08-12
QQQ260812C00686000,2026-08-12 17:10:22+00:00,686.0,39.1,36.39,39.66,6.959999,21.655254,12.0,146,0.5766643896484375,True,REGULAR,USD,QQQ,call,2026-08-12,0.0027397260273972603,38.025,0.003672051884037571,0.9633664400373757,280788.1817613799,723.7000122070312,0.007307397746256994,2026-08-12
QQQ260812C00687000,2026-08-12 17:10:22+00:00,687.0,38.11,35.39,38.66,7.09,22.856222,12.0,29,0.5634809277343751,True,REGULAR,USD,QQQ,call,2026-08-12,0.0027397260273972603,37.025,0.0038133022484022052,0.962705488453409,57918.37751159001,723.7000122070312,0.007307397746256994,2026-08-12
QQQ260812C00688000,2026-08-12 17:10:22+00:00,688.0,37.11,33.83,37.66,4.130001,12.522745,14.0,70,0.8447281152343749,True,REGULAR,USD,QQQ,call,2026-08-12,0.0027397260273972603,35.745,0.0062976219619155695,0.8787423917014296,230882.9096408828,723.7000122070312,0.007307397746256994,2026-08-12
QQQ260812C00689000,2026-08-12 17:10:23+00:00,689.0,36.04,32.79,36.66,2.290001,6.7851877,10.0,95,0.8276384423828124,True,REGULAR,USD,QQQ,call,2026-08-12,0.0027397260273972603,34.724999999999994,0.006505147487775566,0.8766545598130322,323666.62011886114,723.7000122070312,0.007307397746256994,2026-08-12
QQQ260812C00690000,2026-08-12 19:54:37+00:00,690.0,33.76,31.79,35.66,6.239998,22.67441,20.0,197,0.8103046313476561,True,REGULAR,USD,QQQ,call,2026-08-12,0.0027397260273972603,33.724999999999994,0.0067239427490073155,0.8745349146959649,693757.0237531163,723.7000122070312,0.007307397746256994,2026-08-12
QQQ260812C00691000,2026-08-12 17:10:22+00:00,691.0,32.55,30.79,34.66,0.79999924,2.5196826,11.0,136,0.7932149584960937,True,REGULAR,USD,QQQ,call,2026-08-12,0.0027397260273972603,32.724999999999994,0.006956079422078933,0.8722398598651476,495473.6924667968,723.7000122070312,0.007307397746256994,2026-08-12
QQQ260812C00692000,2026-08-12 18:23:00+00:00,692.0,32.93,29.8,33.66,8.139999,32.835815,43.0,108,0.7758811474609376,True,REGULAR,USD,QQQ,call,2026-08-12,0.0027397260273972603,31.729999999999997,0.007201558207118586,0.8699001301833795,407349.69047316874,723.7000122070312,0.007307397746256994,2026-08-12
QQQ260812C00693000,2026-08-12 17:10:22+00:00,693.0,32.12,29.39,32.66,7.119999,28.479996,13.0,73,0.7583031982421876,True,REGULAR,USD,QQQ,call,2026-08-12,0.0027397260273972603,31.025,0.007461642141597638,0.8675118220287785,285282.0433993428,723.7000122070312,0.007307397746256994,2026-08-12
QQQ260812C00694000,2026-08-12 20:12:43+00:00,694.0,29.59,27.83,31.66,-0.13999939,-0.47090277,15.0,70,0.7409693872070311,True,REGULAR,USD,QQQ,call,2026-08-12,0.0027397260273972603,29.744999999999997,0.007738643039553001,0.8649182000075496,283713.5084400476,723.7000122070312,0.007307397746256994,2026-08-12
QQQ260812C00695000,2026-08-12 19:30:39+00:00,695.0,30.11,26.85,30.69,8.75,40.964417,75.0,466,0.7270535107421875,True,REGULAR,USD,QQQ,call,2026-08-12,0.0027397260273972603,28.770000000000003,0.008038903148064054,0.8610878429476703,1962003.929947556,723.7000122070312,0.007307397746256994,2026-08-12
QQQ260812C00696000,2026-08-12 19:06:45+00:00,696.0,28.83,25.82,29.66,6.629999,29.86486,35.0,57,0.7058134887695313,True,REGULAR,USD,QQQ,call,2026-08-12,0.0027397260273972603,27.740000000000002,0.008347265123449936,0.8594451878476312,249193.2207366704,723.7000122070312,0.007307397746256994,2026-08-12
QQQ260812C00697000,2026-08-12 17:10:22+00:00,697.0,28.04,24.8,28.71,3.790001,15.62887,45.0,65,0.6938507177734375,True,REGULAR,USD,QQQ,call,2026-08-12,0.0027397260273972603,26.755000000000003,0.008688987882503373,0.8545726509122034,295801.04784703517,723.7000122070312,0.007307397746256994,2026-08-12
QQQ260812C00698000,2026-08-12 19:27:44+00:00,698.0,26.78,23.83,27.66,7.6000004,39.62461,22.0,32,0.6704134521484376,True,REGULAR,USD,QQQ,call,2026-08-12,0.0027397260273972603,25.744999999999997,0.009041953888765435,0.8533867282996137,151540.74785156662,723.7000122070312,0.007307397746256994,2026-08-12
QQQ260812C00699000,2026-08-12 17:10:22+00:00,699.0,26.1,22.78,26.66,2.040001,8.478807,17.0,82,0.6525913647460939,True,REGULAR,USD,QQQ,call,2026-08-12,0.0027397260273972603,24.72,0.009427157326744174,0.8501126302456834,404866.4290949925,723.7000122070312,0.007307397746256994,2026-08-12
QQQ260812C00700000,2026-08-12 19:41:25+00:00,700.0,23.67,21.87,25.86,5.0599995,27.189678,145.0,462,0.6564975756835938,True,REGULAR,USD,QQQ,call,2026-08-12,0.0027397260273972603,23.865000000000002,0.00983375062310652,0.83875344750581,2379459.548988783,723.7000122070312,0.007307397746256994,2026-08-12
QQQ260812C00701000,2026-08-12 20:11:53+00:00,701.0,23.2,20.88,24.86,7.1100006,44.188942,103.0,105,0.6379430737304688,True,REGULAR,USD,QQQ,call,2026-08-12,0.0027397260273972603,22.869999999999997,0.010269530298003761,0.835067378837258,564751.0401990922,723.7000122070312,0.007307397746256994,2026-08-12
QQQ260812C00702000,2026-08-12 18:45:08+00:00,702.0,23.17,19.78,23.66,6.5200005,39.159164,30.0,103,0.5981485498046876,True,REGULAR,USD,QQQ,call,2026-08-12,0.0027397260273972603,21.72,0.010769752369438059,0.8392858952702736,580978.5552049979,723.7000122070312,0.007307397746256994,2026-08-12
QQQ260812C00703000,2026-08-12 19:43:14+00:00,703.0,20.13,18.83,22.86,4.659999,30.12281,36.0,46,0.6008340698242189,True,REGULAR,USD,QQQ,call,2026-08-12,0.0027397260273972603,20.845,0.011247758800006965,0.8268966267022115,270982.33846249396,723.7000122070312,0.007307397746256994,2026-08-12
QQQ260812C00704000,2026-08-12 19:26:56+00:00,704.0,20.13,17.83,21.86,5.499999,37.593975,52.0,76,0.5820354296875,True,REGULAR,USD,QQQ,call,2026-08-12,0.0027397260273972603,19.845,0.011799326378844163,0.8224488379627999,469664.75037149194,723.7000122070312,0.007307397746256994,2026-08-12
QQQ260812C00705000,2026-08-12 19:48:16+00:00,705.0,18.75,16.86,20.29,4.9799995,36.165573,185.0,411,0.5036670727539063,True,REGULAR,USD,QQQ,call,2026-08-12,0.0027397260273972603,18.575,0.012551183279076259,0.8438384951756762,2701740.625339549,723.7000122070312,0.007307397746256994,2026-08-12
QQQ260812C00706000,2026-08-12 18:36:40+00:00,706.0,19.21,15.85,19.86,6.6799994,53.312046,75.0,42,0.543949873046875,True,REGULAR,USD,QQQ,call,2026-08-12,0.0027397260273972603,17.855,0.013055474959654761,0.8126711751086871,287183.26349127945,723.7000122070312,0.007307397746256994,2026-08-12
QQQ260812C00707000,2026-08-12 18:26:58+00:00,707.0,18.02,14.85,18.67,6.330001,54.148853,34.0,65,0.5061084545898438,True,REGULAR,USD,QQQ,call,2026-08-12,0.0027397260273972603,16.76,0.01389575337473095,0.8155874277899605,473056.0641183854,723.7000122070312,0.007307397746256994,2026-08-12
QQQ260812C00708000,2026-08-12 19:46:20+00:00,708.0,15.58,13.83,17.86,4.79,44.392956,247.0,210,0.5051319018554687,True,REGULAR,USD,QQQ,call,2026-08-12,0.0027397260273972603,15.844999999999999,0.014566157507237689,0.8014757178986525,1602069.883471761,723.7000122070312,0.007307397746256994,2026-08-12
QQQ260812C00709000,2026-08-12 19:38:41+00:00,709.0,14.8,12.8,14.73,4.8900003,49.3441,854.0,933,0.1757894921875,True,REGULAR,USD,QQQ,call,2026-08-12,0.0027397260273972603,13.765,0.0048008893836491845,0.9876735972684796,2345959.4618437644,723.7000122070312,0.007307397746256994,2026-08-12
QQQ260812C00710000,2026-08-12 19:45:17+00:00,710.0,13.23,11.87,15.86,4.08,44.590164,1051.0,1137,0.46570358520507815,True,REGULAR,USD,QQQ,call,2026-08-12,0.0027397260273972603,13.864999999999998,0.016411931166478447,0.788356573989379,9773211.816440392,723.7000122070312,0.007307397746256994,2026-08-12
QQQ260812C00711000,2026-08-12 20:14:47+00:00,711.0,12.57,10.88,14.86,4.2799997,51.628464,340.0,119,0.44556218505859374,True,REGULAR,USD,QQQ,call,2026-08-12,0.0027397260273972603,12.870000000000001,0.01749834062585328,0.780978149357098,1090588.6852890998,723.7000122070312,0.007307397746256994,2026-08-12
QQQ260812C00712000,2026-08-12 19:51:55+00:00,712.0,11.43,9.83,13.67,4.0000005,53.83581,392.0,664,0.40845318115234375,True,REGULAR,USD,QQQ,call,2026-08-12,0.0027397260273972603,11.75,0.019048326197517573,0.7817705000828898,6624331.519566673,723.7000122070312,0.007307397746256994,2026-08-12
QQQ260812C00713000,2026-08-12 19:45:06+00:00,713.0,10.75,8.83,10.74,4.18,63.62252,247.0,290,0.139657041015625,True,REGULAR,USD,QQQ,call,2026-08-12,0.0027397260273972603,9.785,0.009103668737440607,0.9801253435647446,1382711.5930725762,723.7000122070312,0.007307397746256994,2026-08-12
QQQ260812C00714000,2026-08-12 20:10:57+00:00,714.0,9.97,7.89,11.87,4.0600004,68.69713,324.0,461,0.3842835009765625,True,REGULAR,USD,QQQ,call,2026-08-12,0.0027397260273972603,9.879999999999999,0.02165444641838206,0.7537603116268774,5228356.239803901,723.7000122070312,0.007307397746256994,2026-08-12
QQQ260812C00715000,2026-08-12 20:12:07+00:00,715.0,8.52,8.01,10.27,3.3500004,64.79691,1764.0,1716,0.3122627368164062,True,REGULAR,USD,QQQ,call,2026-08-12,0.0027397260273972603,9.14,0.025365891842136338,0.774828165038312,22797361.175046526,723.7000122070312,0.007307397746256994,2026-08-12
QQQ260812C00716000,2026-08-12 20:09:35+00:00,716.0,8.0,5.87,7.74,3.4299998,75.054695,546.0,1305,0.1054776953125,True,REGULAR,USD,QQQ,call,2026-08-12,0.0027397260273972603,6.805,0.01462378163721313,0.975007922835624,9995105.099254243,723.7000122070312,0.007307397746256994,2026-08-12
QQQ260812C00717000,2026-08-12 20:13:47+00:00,717.0,6.5,4.87,6.7,2.57,65.3944,1230.0,3009,0.0312596875,True,REGULAR,USD,QQQ,call,2026-08-12,0.0027397260273972603,5.785,2.1988498049629763e-08,0.9999999955996146,34.6525271943911,723.7000122070312,0.007307397746256994,2026-08-12
QQQ260812C00718000,2026-08-12 20:05:11+00:00,718.0,6.62,3.87,5.7,3.26,97.02381,2681.0,4002,0.0312596875,True,REGULAR,USD,QQQ,call,2026-08-12,0.0027397260273972603,4.785,2.054151103697124e-06,0.9999995221622365,4305.530116651231,723.7000122070312,0.007307397746256994,2026-08-12
QQQ260812C00720000,2026-08-12 20:09:26+00:00,720.0,4.0,3.34,3.7,1.6500001,70.212776,14617.0,5993,0.0312596875,True,REGULAR,USD,QQQ,call,2026-08-12,0.0027397260273972603,3.52,0.00201018190322106,0.9993140450260153,6309526.903584342,723.7000122070312,0.007307397746256994,2026-08-12
QQQ260812C00721000,2026-08-12 20:12:52+00:00,721.0,2.22,2.36,2.75,0.27999997,14.432987,10362.0,5224,0.04688453125,True,REGULAR,USD,QQQ,call,2026-08-12,0.0027397260273972603,2.5549999999999997,0.06559916421914067,0.9416769579627889,179481063.54568687,723.7000122070312,0.007307397746256994,2026-08-12
QQQ260812C00723000,2026-08-12 20:14:16+00:00,723.0,0.65,0.61,0.71,-0.59000003,-47.580647,101140.0,4284,0.0112403564453125,True,REGULAR,USD,QQQ,call,2026-08-12,0.0027397260273972603,0.6599999999999999,0.17514619633593012,0.966479535700578,392977180.3432743,723.7000122070312,0.007307397746256994,2026-08-12
QQQ260812C00724000,2026-08-12 20:14:59+00:00,724.0,0.13,0.12,0.15,-0.86,-86.86868,279216.0,4720,0.0180762255859375,False,REGULAR,USD,QQQ,call,2026-08-12,0.0027397260273972603,0.135,0.5532411907739735,0.37383213439398555,1367645893.9600801,723.7000122070312,0.007307397746256994,2026-08-12
QQQ260812C00725000,2026-08-12 20:14:49+00:00,725.0,0.01,0.0,0.01,-0.75,-98.68421,497474.0,8952,0.019052778320312505,False,REGULAR,USD,QQQ,call,2026-08-12,0.0027397260273972603,0.005,0.13271323147102482,0.04558818190383234,622230732.512424,723.7000122070312,0.007307397746256994,2026-08-12
QQQ260812C00726000,2026-08-12 20:14:38+00:00,726.0,0.01,0.0,0.01,-0.58,-98.30509,323064.0,4269,0.030283134765625,False,REGULAR,USD,QQQ,call,2026-08-12,0.0027397260273972603,0.005,0.05381046684152901,0.026687011581997634,120312312.55466837,723.7000122070312,0.007307397746256994,2026-08-12
QQQ260812C00727000,2026-08-12 20:10:47+00:00,727.0,0.01,0.0,0.01,-0.43,-97.72727,225441.0,4305,0.04102521484375,False,REGULAR,USD,QQQ,call,2026-08-12,0.0027397260273972603,0.005,0.030345272713734307,0.019388250045245616,68419730.71300563,723.7000122070312,0.007307397746256994,2026-08-12
QQQ260812C00728000,2026-08-12 20:13:24+00:00,728.0,0.01,0.0,0.01,-0.33,-97.05882,121285.0,3652,0.051767294921875,False,REGULAR,USD,QQQ,call,2026-08-12,0.0027397260273972603,0.005,0.020407712884312146,0.015995823163439178,39033928.68486713,723.7000122070312,0.007307397746256994,2026-08-12
QQQ260812C00729000,2026-08-12 20:12:55+00:00,729.0,0.01,0.0,0.01,-0.24999999,-96.15384,72380.0,1488,0.062509375,False,REGULAR,USD,QQQ,call,2026-08-12,0.0027397260273972603,0.005,0.015146854117514475,0.014081442074110547,11804362.391072305,723.7000122070312,0.007307397746256994,2026-08-12
QQQ260812C00730000,2026-08-12 20:12:51+00:00,730.0,0.01,0.0,0.01,-0.17,-94.44444,99612.0,10310,0.07227490234375,False,REGULAR,USD,QQQ,call,2026-08-12,0.0027397260273972603,0.005,0.011326842555545471,0.011901135083127982,61162423.98271665,723.7000122070312,0.007307397746256994,2026-08-12
QQQ260812C00731000,2026-08-12 20:09:37+00:00,731.0,0.01,0.0,0.01,-0.14,-93.33333,25348.0,1591,0.08204042968750001,False,REGULAR,USD,QQQ,call,2026-08-12,0.0027397260273972603,0.005,0.008916464119523628,0.010456282262355863,7429849.313619216,723.7000122070312,0.007307397746256994,2026-08-12
QQQ260812C00732000,2026-08-12 20:01:02+00:00,732.0,0.01,0.0,0.01,-0.11,-91.66667,17956.0,1662,0.09180595703125,False,REGULAR,USD,QQQ,call,2026-08-12,0.0027397260273972603,0.005,0.007287579621098901,0.009440033480362488,6343537.215361199,723.7000122070312,0.007307397746256994,2026-08-12
QQQ260812C00733000,2026-08-12 20:04:30+00:00,733.0,0.01,0.0,0.01,-0.060000002,-85.71429,19469.0,4339,0.10157148437499999,False,REGULAR,USD,QQQ,call,2026-08-12,0.0027397260273972603,0.005,0.006127987291487788,0.00869277395734718,13925944.691657959,723.7000122070312,0.007307397746256994,2026-08-12
QQQ260812C00734000,2026-08-12 20:04:49+00:00,734.0,0.01,0.0,0.01,-0.049999997,-83.333336,9787.0,861,0.10938390625,False,REGULAR,USD,QQQ,call,2026-08-12,0.0027397260273972603,0.005,0.004831152647890806,0.007216517544032615,2178567.754657268,723.7000122070312,0.007307397746256994,2026-08-12
QQQ260812C00735000,2026-08-12 19:59:15+00:00,735.0,0.01,0.0,0.01,-0.049999997,-83.333336,14118.0,8718,0.1211025390625,False,REGULAR,USD,QQQ,call,2026-08-12,0.0027397260273972603,0.005,0.0046096248475930935,0.007679910874268922,21047455.817896426,723.7000122070312,0.007307397746256994,2026-08-12
QQQ260812C00736000,2026-08-12 20:12:21+00:00,736.0,0.01,0.0,0.01,-0.03,-75.0,8179.0,3420,0.1289149609375,False,REGULAR,USD,QQQ,call,2026-08-12,0.0027397260273972603,0.005,0.003791504866080447,0.006606163580374974,6791330.777524296,723.7000122070312,0.007307397746256994,2026-08-12
QQQ260812C00737000,2026-08-12 19:31:19+00:00,737.0,0.01,0.0,0.01,-0.02,-66.66667,7514.0,1569,0.13672738281250002,False,REGULAR,USD,QQQ,call,2026-08-12,0.0027397260273972603,0.005,0.0031724330818488486,0.005772909775882475,2606949.2304899814,723.7000122070312,0.007307397746256994,2026-08-12
QQQ260812C00738000,2026-08-12 19:30:01+00:00,738.0,0.01,0.0,0.01,-0.02,-66.66667,6064.0,827,0.148446015625,False,REGULAR,USD,QQQ,call,2026-08-12,0.0027397260273972603,0.005,0.0031151134425708633,0.006205061959908882,1349262.7677122361,723.7000122070312,0.007307397746256994,2026-08-12
QQQ260812C00739000,2026-08-12 16:42:36+00:00,739.0,0.01,0.0,0.01,-0.02,-66.66667,875.0,5192,0.1562584375,False,REGULAR,USD,QQQ,call,2026-08-12,0.0027397260273972603,0.005,0.002674523474269481,0.0055360062582538875,7272743.280456114,723.7000122070312,0.007307397746256994,2026-08-12
QQQ260812C00740000,2026-08-12 19:30:56+00:00,740.0,0.01,0.0,0.01,-0.01,-50.0,2578.0,5118,0.16407085937500002,False,REGULAR,USD,QQQ,call,2026-08-12,0.0027397260273972603,0.005,0.0023224618530414834,0.0049900780726509775,6225382.3606889825,723.7000122070312,0.007307397746256994,2026-08-12
QQQ260812C00741000,2026-08-12 19:46:46+00:00,741.0,0.01,0.0,0.01,0.0,0.0,3621.0,2168,0.1757894921875,False,REGULAR,USD,QQQ,call,2026-08-12,0.0027397260273972603,0.005,0.0023145816056705107,0.005371760895025887,2628142.65639598,723.7000122070312,0.007307397746256994,2026-08-12
QQQ260812C00742000,2026-08-12 15:47:16+00:00,742.0,0.01,0.0,0.01,-0.01,-50.0,1760.0,1835,0.18360191406249998,False,REGULAR,USD,QQQ,call,2026-08-12,0.0027397260273972603,0.005,0.0020445656824214513,0.004906926171427161,1964962.6307814345,723.7000122070312,0.007307397746256994,2026-08-12
QQQ260812C00743000,2026-08-12 14:30:49+00:00,743.0,0.01,0.0,0.01,-0.01,-50.0,298.0,193,0.1914143359375,False,REGULAR,USD,QQQ,call,2026-08-12,0.0027397260273972603,0.005,0.0018206237836390434,0.004514583842715436,184032.56562672963,723.7000122070312,0.007307397746256994,2026-08-12
QQQ260812C00744000,2026-08-12 17:21:55+00:00,744.0,0.01,0.0,0.01,0.0,0.0,2990.0,534,0.1992267578125,False,REGULAR,USD,QQQ,call,2026-08-12,0.0027397260273972603,0.005,0.0016330425460640945,0.0041804087589653975,456726.1906056361,723.7000122070312,0.007307397746256994,2026-08-12
QQQ260812C00745000,2026-08-12 19:54:20+00:00,745.0,0.01,0.0,0.01,0.0,0.0,3713.0,3146,0.21094539062499998,False,REGULAR,USD,QQQ,call,2026-08-12,0.0027397260273972603,0.005,0.0016488426036343764,0.004504752369840189,2716783.7982839,723.7000122070312,0.007307397746256994,2026-08-12
QQQ260812C00746000,2026-08-12 18:23:52+00:00,746.0,0.01,0.0,0.01,0.0,0.0,54.0,175,0.21875781249999998,False,REGULAR,USD,QQQ,call,2026-08-12,0.0027397260273972603,0.005,0.0014949906979003433,0.004204766811638399,137023.0716866873,723.7000122070312,0.007307397746256994,2026-08-12
QQQ260812C00747000,2026-08-12 14:42:59+00:00,747.0,0.01,0.0,0.01,0.0,0.0,86.0,373,0.22657023437499998,False,REGULAR,USD,QQQ,call,2026-08-12,0.0027397260273972603,0.005,0.0013629267938196005,0.003943601602793222,266255.4591954704,723.7000122070312,0.007307397746256994,2026-08-12
QQQ260812C00748000,2026-08-12 13:30:59+00:00,748.0,0.01,0.0,0.01,0.0,0.0,25.0,824,0.23438265625,False,REGULAR,USD,QQQ,call,2026-08-12,0.0027397260273972603,0.005,0.0012487809189404904,0.003714826582418943,538927.8484154943,723.7000122070312,0.007307397746256994,2026-08-12
QQQ260812C00749000,2026-08-12 18:04:13+00:00,749.0,0.01,0.0,0.01,0.0,0.0,247.0,353,0.242195078125,False,REGULAR,USD,QQQ,call,2026-08-12,0.0027397260273972603,0.005,0.0011494906750982566,0.003513288558106855,212518.7818210998,723.7000122070312,0.007307397746256994,2026-08-12
QQQ260812C00750000,2026-08-12 19:58:01+00:00,750.0,0.01,0.0,0.01,0.0,0.0,429.0,2065,0.2500075,False,REGULAR,USD,QQQ,call,2026-08-12,0.0027397260273972603,0.005,0.0010626104762545589,0.003334820629097378,1149241.5234922078,723.7000122070312,0.007307397746256994,2026-08-12
QQQ260812C00751000,2026-08-12 13:44:43+00:00,751.0,0.01,0.0,0.01,0.0,0.0,10.0,74,0.257819921875,False,REGULAR,USD,QQQ,call,2026-08-12,0.0027397260273972603,0.005,0.0009861705839865921,0.0031760252775508775,38220.90126250577,723.7000122070312,0.007307397746256994,2026-08-12
QQQ260812C00752000,2026-08-11 16:51:56+00:00,752.0,0.01,0.0,0.01,0.0,0.0,1.0,233,0.2695385546875,False,REGULAR,USD,QQQ,call,2026-08-12,0.0027397260273972603,0.005,0.0010093939593292924,0.003424469272389566,123178.17982085828,723.7000122070312,0.007307397746256994,2026-08-12
QQQ260812C00753000,2026-08-11 15:03:28+00:00,753.0,0.01,0.0,0.01,0.0,0.0,6.0,18,0.27735097656249996,False,REGULAR,USD,QQQ,call,2026-08-12,0.0027397260273972603,0.005,0.0009419452777436323,0.0032732976518631348,8880.048509322405,723.7000122070312,0.007307397746256994,2026-08-12
QQQ260812C00754000,2026-08-12 13:31:43+00:00,754.0,0.01,0.0,0.01,-0.02,-66.66667,18.0,110,0.28516339843749994,False,REGULAR,USD,QQQ,call,2026-08-12,0.0027397260273972603,0.005,0.0008817901838406151,0.003137186916098984,50801.33263589632,723.7000122070312,0.007307397746256994,2026-08-12
QQQ260812C00755000,2026-08-12 15:47:18+00:00,755.0,0.01,0.0,0.01,-0.01,-50.0,1.0,501,0.2929758203124999,False,REGULAR,USD,QQQ,call,2026-08-12,0.0027397260273972603,0.005,0.000827917788721085,0.0030142058986785667,217241.15331341088,723.7000122070312,0.007307397746256994,2026-08-12
QQQ260812C00756000,2026-08-12 13:30:01+00:00,756.0,0.03,0.0,0.01,0.01,50.0,1.0,33,0.3007882421875,False,REGULAR,USD,QQQ,call,2026-08-12,0.0027397260273972603,0.005,0.0007794844531266104,0.002902725621057283,13472.201113190966,723.7000122070312,0.007307397746256994,2026-08-12
QQQ260812C00757000,2026-08-12 13:30:01+00:00,757.0,0.01,0.0,0.01,0.0,0.0,1.0,18,0.31250687499999996,False,REGULAR,USD,QQQ,call,2026-08-12,0.0027397260273972603,0.005,0.0007996960894893617,0.003115799435122512,7539.015519449022,723.7000122070312,0.007307397746256994,2026-08-12
QQQ260812C00758000,2026-08-07 19:50:34+00:00,758.0,0.03,0.0,0.01,0.0,0.0,5.0,5,0.32031929687499994,False,REGULAR,USD,QQQ,call,2026-08-12,0.0027397260273972603,0.005,0.0007557329422470107,0.0030075300509309006,1979.0443085687846,723.7000122070312,0.007307397746256994,2026-08-12
QQQ260812C00759000,2026-08-10 18:10:35+00:00,759.0,0.02,0.0,0.01,0.0,0.0,4.0,14,0.32813171874999997,False,REGULAR,USD,QQQ,call,2026-08-12,0.0027397260273972603,0.005,0.0007158258359220263,0.002908567876335612,5248.70983978604,723.7000122070312,0.007307397746256994,2026-08-12
QQQ260812C00760000,2026-08-12 16:00:03+00:00,760.0,0.01,0.0,0.01,0.0,0.0,6.0,338,0.335944140625,False,REGULAR,USD,QQQ,call,2026-08-12,0.0027397260273972603,0.005,0.000679490364812235,0.0028178882979377653,120286.57607572572,723.7000122070312,0.007307397746256994,2026-08-12
QQQ260812C00765000,2026-08-12 19:28:39+00:00,765.0,0.01,0.0,0.01,0.0,0.0,28.0,176,0.37500625,False,REGULAR,USD,QQQ,call,2026-08-12,0.0027397260273972603,0.005,0.0005387158936255696,0.00246146390891539,49658.044845304685,723.7000122070312,0.007307397746256994,2026-08-12
QQQ260812C00770000,2026-08-10 15:29:55+00:00,770.0,0.01,0.0,0.01,0.0,0.0,100.0,259,0.414068359375,False,REGULAR,USD,QQQ,call,2026-08-12,0.0027397260273972603,0.005,0.00044396338653198786,0.002217844743024321,60223.234830974485,723.7000122070312,0.007307397746256994,2026-08-12
QQQ260812C00775000,2026-08-12 16:05:05+00:00,775.0,0.01,0.0,0.01,0.0,0.0,50.0,264,0.45313046875,False,REGULAR,USD,QQQ,call,2026-08-12,0.0027397260273972603,0.005,0.000377010926485593,0.0020455975316031787,52128.47546206916,723.7000122070312,0.007307397746256994,2026-08-12
QQQ260812C00780000,2026-08-11 13:35:59+00:00,780.0,0.01,0.0,0.01,0.0,0.0,20.0,149,0.49219257812500006,False,REGULAR,USD,QQQ,call,2026-08-12,0.0027397260273972603,0.005,0.0003278429571670627,0.0019210339017659347,25584.04950482939,723.7000122070312,0.007307397746256994,2026-08-12
QQQ260812C00785000,2026-08-05 18:52:02+00:00,785.0,0.07,0.0,0.01,0.0,0.0,0.0,28,0.500005,False,REGULAR,USD,QQQ,call,2026-08-12,0.0027397260273972603,0.005,0.00017821923370356228,0.0010027292423163536,2613.5436823794917,723.7000122070312,0.007307397746256994,2026-08-12
QQQ260812C00790000,2026-08-05 14:45:31+00:00,790.0,0.13,0.0,0.01,0.0,0.0,12.0,138,0.5312546875,False,REGULAR,USD,QQQ,call,2026-08-12,0.0027397260273972603,0.005,0.00014581002189800193,0.0008609161785174168,10538.617001236784,723.7000122070312,0.007307397746256994,2026-08-12
QQQ260812C00795000,2026-08-07 13:33:33+00:00,795.0,0.03,0.0,0.01,0.0,0.0,2.0,2,0.5625043750000001,False,REGULAR,USD,QQQ,call,2026-08-12,0.0027397260273972603,0.005,0.00012194020893705346,0.0007543587112993109,127.73034652428169,723.7000122070312,0.007307397746256994,2026-08-12
QQQ260812C00800000,2026-08-12 18:03:26+00:00,800.0,0.01,0.0,0.01,0.0,0.0,3.0,30,0.6093789062500001,False,REGULAR,USD,QQQ,call,2026-08-12,0.0027397260273972603,0.005,0.00013169437667745246,0.0008946892185372121,2069.2151319414597,723.7000122070312,0.007307397746256994,2026-08-12
QQQ260812C00805000,2026-08-05 14:30:16+00:00,805.0,0.1,0.0,0.01,0.0,0.0,0.0,1,0.64062859375,False,REGULAR,USD,QQQ,call,2026-08-12,0.0027397260273972603,0.005,0.00011334540155646806,0.0008024932799159336,59.36371416755158,723.7000122070312,0.007307397746256994,2026-08-12
QQQ260812C00810000,2026-08-12 14:52:14+00:00,810.0,0.01,0.0,0.01,0.0,0.0,1.0,6,0.6718782812500002,False,REGULAR,USD,QQQ,call,2026-08-12,0.0027397260273972603,0.005,9.898214524311148e-05,0.0007294701588631939,311.04646666988674,723.7000122070312,0.007307397746256994,2026-08-12
QQQ260812C00815000,2026-08-05 15:53:33+00:00,815.0,0.05,0.0,0.01,0.0,0.0,0.0,30,0.70312796875,False,REGULAR,USD,QQQ,call,2026-08-12,0.0027397260273972603,0.005,8.755788652427108e-05,0.00067090000832766,1375.731510241882,723.7000122070312,0.007307397746256994,2026-08-12
QQQ260812C00820000,2026-08-10 17:02:41+00:00,820.0,0.02,0.0,0.01,0.0,0.0,1.0,3,0.7500025,False,REGULAR,USD,QQQ,call,2026-08-12,0.0027397260273972603,0.005,9.533493057621116e-05,0.0007891660258055462,149.79263802131595,723.7000122070312,0.007307397746256994,2026-08-12
QQQ260812C00850000,2026-08-12 14:04:51+00:00,850.0,0.01,0.0,0.01,0.0,0.0,1.0,2,0.937500625,False,REGULAR,USD,QQQ,call,2026-08-12,0.0027397260273972603,0.005,5.6890402282361264e-05,0.0005743436897840241,59.591752882618756,723.7000122070312,0.007307397746256994,2026-08-12
QQQ260812C00910000,2026-08-05 15:09:18+00:00,910.0,0.03,0.0,0.01,0.0,0.0,0.0,10,1.2812535937499998,False,REGULAR,USD,QQQ,call,2026-08-12,0.0027397260273972603,0.005,2.7124116406075615e-05,0.00036177371955784497,142.0603104551606,723.7000122070312,0.007307397746256994,2026-08-12
QQQ260812C00950000,2026-08-12 13:31:40+00:00,950.0,0.01,0.0,0.01,0.0,0.0,30.0,10,1.5000025,False,REGULAR,USD,QQQ,call,2026-08-12,0.0027397260273972603,0.005,1.9926957811755458e-05,0.0003076340234351917,104.36578912966104,723.7000122070312,0.007307397746256994,2026-08-12
QQQ260812P00500000,2026-08-12 15:36:27+00:00,500.0,0.01,0.0,0.01,0.0,0.0,1.0,4,2.0625048437499998,False,REGULAR,USD,QQQ,put,2026-08-12,0.0027397260273972603,0.005,1.1970717894025033e-05,-0.000250556604726615,-25.078256927336117,723.7000122070312,0.007307397746256994,2026-08-12
QQQ260812P00510000,2026-08-10 17:35:25+00:00,510.0,0.01,0.0,0.01,0.0,0.0,3.0,10003,1.9375003125,False,REGULAR,USD,QQQ,put,2026-08-12,0.0027397260273972603,0.005,1.1779725426995084e-05,-0.00023030575892701854,-61713.843710532514,723.7000122070312,0.007307397746256994,2026-08-12
QQQ260812P00520000,2026-08-10 13:39:14+00:00,520.0,0.01,0.0,0.01,0.0,0.0,1.0,2,1.875000625,False,REGULAR,USD,QQQ,put,2026-08-12,0.0027397260273972603,0.005,1.630266036010199e-05,-0.0003151293553705914,-17.076766353077364,723.7000122070312,0.007307397746256994,2026-08-12
QQQ260812P00525000,2026-08-10 17:16:24+00:00,525.0,0.01,0.0,0.01,0.0,0.0,15.0,40,1.8125009374999999,False,REGULAR,USD,QQQ,put,2026-08-12,0.0027397260273972603,0.005,1.6093186680738718e-05,-0.00029966129842262657,-337.14692295989465,723.7000122070312,0.007307397746256994,2026-08-12
QQQ260812P00530000,2026-08-10 17:23:02+00:00,530.0,0.01,0.0,0.01,0.0,0.0,26.0,27,1.75000125,False,REGULAR,USD,QQQ,put,2026-08-12,0.0027397260273972603,0.005,1.5788540968389488e-05,-0.0002827135357803545,-223.2661700261981,723.7000122070312,0.007307397746256994,2026-08-12
QQQ260812P00535000,2026-08-11 14:49:39+00:00,535.0,0.01,0.0,0.01,0.0,0.0,48.0,332,1.6875015625,False,REGULAR,USD,QQQ,put,2026-08-12,0.0027397260273972603,0.005,1.5382739607300557e-05,-0.00026439520046062093,-2674.7853271015397,723.7000122070312,0.007307397746256994,2026-08-12
QQQ260812P00540000,2026-08-11 17:14:52+00:00,540.0,0.01,0.0,0.01,0.0,0.0,14.0,62,1.65625171875,False,REGULAR,USD,QQQ,put,2026-08-12,0.0027397260273972603,0.005,1.820999378130783e-05,-0.00031061983289537576,-591.3146608585573,723.7000122070312,0.007307397746256994,2026-08-12
QQQ260812P00550000,2026-08-10 17:03:20+00:00,550.0,0.02,0.0,0.01,0.0,0.0,32.0,53,1.5625021874999998,False,REGULAR,USD,QQQ,put,2026-08-12,0.0027397260273972603,0.005,2.095478128213772e-05,-0.00033929755220918345,-581.669325423869,723.7000122070312,0.007307397746256994,2026-08-12
QQQ260812P00555000,2026-08-11 18:35:36+00:00,555.0,0.01,0.0,0.01,0.0,0.0,404.0,420,1.5000025,False,REGULAR,USD,QQQ,put,2026-08-12,0.0027397260273972603,0.005,2.018278029398506e-05,-0.0003118806627085968,-4439.636803000989,723.7000122070312,0.007307397746256994,2026-08-12
QQQ260812P00560000,2026-08-11 17:10:48+00:00,560.0,0.01,0.0,0.01,0.0,0.0,720.0,747,1.4375028125,False,REGULAR,USD,QQQ,put,2026-08-12,0.0027397260273972603,0.005,1.9248040833583147e-05,-0.0002831436691623779,-7530.508326263415,723.7000122070312,0.007307397746256994,2026-08-12
QQQ260812P00570000,2026-08-11 13:47:00+00:00,570.0,0.01,0.0,0.01,0.0,0.0,50.0,62,1.3750031249999999,False,REGULAR,USD,QQQ,put,2026-08-12,0.0027397260273972603,0.005,2.7569822052250544e-05,-0.0003972726385583769,-895.2468722691938,723.7000122070312,0.007307397746256994,2026-08-12
QQQ260812P00575000,2026-08-11 17:14:51+00:00,575.0,0.01,0.0,0.01,0.0,0.0,89.0,102,1.3125034374999998,False,REGULAR,USD,QQQ,put,2026-08-12,0.0027397260273972603,0.005,2.6170380299785927e-05,-0.000357247240406422,-1398.0650061913689,723.7000122070312,0.007307397746256994,2026-08-12
QQQ260812P00580000,2026-08-11 17:15:12+00:00,580.0,0.01,0.0,0.01,0.0,0.0,1388.0,1423,1.2812535937499998,False,REGULAR,USD,QQQ,put,2026-08-12,0.0027397260273972603,0.005,3.152389193006813e-05,-0.00042537335558312517,-23494.266459345316,723.7000122070312,0.007307397746256994,2026-08-12
QQQ260812P00585000,2026-08-11 17:15:11+00:00,585.0,0.01,0.0,0.01,0.0,0.0,954.0,1007,1.21875390625,False,REGULAR,USD,QQQ,put,2026-08-12,0.0027397260273972603,0.005,2.9654948325688533e-05,-0.0003773675139958632,-15640.254009854381,723.7000122070312,0.007307397746256994,2026-08-12
QQQ260812P00590000,2026-08-11 13:55:44+00:00,590.0,0.01,0.0,0.01,0.0,0.0,172.0,189,1.1875040625,False,REGULAR,USD,QQQ,put,2026-08-12,0.0027397260273972603,0.005,3.596524194453194e-05,-0.0004517720444575657,-3560.097976987555,723.7000122070312,0.007307397746256994,2026-08-12
QQQ260812P00595000,2026-08-12 13:59:13+00:00,595.0,0.01,0.0,0.01,0.0,0.0,2.0,128,1.125004375,False,REGULAR,USD,QQQ,put,2026-08-12,0.0027397260273972603,0.005,3.3473098157342026e-05,-0.00039443688714813074,-2244.000971504666,723.7000122070312,0.007307397746256994,2026-08-12
QQQ260812P00600000,2026-08-11 20:10:06+00:00,600.0,0.01,0.0,0.01,0.0,0.0,4197.0,4472,1.09375453125,False,REGULAR,USD,QQQ,put,2026-08-12,0.0027397260273972603,0.005,4.092999833033637e-05,-0.00047531709955361823,-95865.13356961748,723.7000122070312,0.007307397746256994,2026-08-12
QQQ260812P00605000,2026-08-11 18:42:44+00:00,605.0,0.01,0.0,0.01,0.0,0.0,2139.0,2138,1.0312548437500002,False,REGULAR,USD,QQQ,put,2026-08-12,0.0027397260273972603,0.005,3.7603588083051324e-05,-0.00040710968505630607,-42106.98518047394,723.7000122070312,0.007307397746256994,2026-08-12
QQQ260812P00610000,2026-08-11 18:58:09+00:00,610.0,0.02,0.0,0.01,0.0,0.0,1962.0,2017,0.98437515625,False,REGULAR,USD,QQQ,put,2026-08-12,0.0027397260273972603,0.005,3.9766766437372124e-05,-0.0004112586074025426,-42009.09606548408,723.7000122070312,0.007307397746256994,2026-08-12
QQQ260812P00615000,2026-08-11 19:45:50+00:00,615.0,0.01,0.0,0.01,0.0,0.0,108.0,315,0.9531254687499999,False,REGULAR,USD,QQQ,put,2026-08-12,0.0027397260273972603,0.005,4.939224535247184e-05,-0.0005018527683502416,-8148.6653618421515,723.7000122070312,0.007307397746256994,2026-08-12
QQQ260812P00620000,2026-08-11 19:46:35+00:00,620.0,0.01,0.0,0.01,0.0,0.0,468.0,641,0.9062509375,False,REGULAR,USD,QQQ,put,2026-08-12,0.0027397260273972603,0.005,5.247450975707251e-05,-0.0005073605384769975,-17616.66027285917,723.7000122070312,0.007307397746256994,2026-08-12
QQQ260812P00625000,2026-08-12 16:53:19+00:00,625.0,0.01,0.0,0.01,0.0,0.0,6.0,2093,0.87500125,False,REGULAR,USD,QQQ,put,2026-08-12,0.0027397260273972603,0.005,6.600564794650354e-05,-0.0006260405446983919,-72354.82324425715,723.7000122070312,0.007307397746256994,2026-08-12
QQQ260812P00630000,2026-08-12 13:39:31+00:00,630.0,0.01,0.0,0.01,0.0,0.0,1.0,425,0.8125018749999999,False,REGULAR,USD,QQQ,put,2026-08-12,0.0027397260273972603,0.005,5.895790843518509e-05,-0.0005113769407725233,-13123.454148871862,723.7000122070312,0.007307397746256994,2026-08-12
QQQ260812P00635000,2026-08-12 13:52:44+00:00,635.0,0.01,0.0,0.01,-0.01,-50.0,1.0,255,0.7812521875,False,REGULAR,USD,QQQ,put,2026-08-12,0.0027397260273972603,0.005,7.541107509304426e-05,-0.00063967188701608,-10071.460937818043,723.7000122070312,0.007307397746256994,2026-08-12
QQQ260812P00640000,2026-08-12 20:13:32+00:00,640.0,0.01,0.0,0.01,0.0,0.0,34.0,294,0.73437765625,False,REGULAR,USD,QQQ,put,2026-08-12,0.0027397260273972603,0.005,8.048526048432732e-05,-0.0006419247637432512,-12393.125403851443,723.7000122070312,0.007307397746256994,2026-08-12
QQQ260812P00645000,2026-08-12 18:55:27+00:00,645.0,0.01,0.0,0.01,0.0,0.0,15.0,580,0.6875031250000001,False,REGULAR,USD,QQQ,put,2026-08-12,0.0027397260273972603,0.005,8.577423651393785e-05,-0.0006403186847956377,-26055.65616134541,723.7000122070312,0.007307397746256994,2026-08-12
QQQ260812P00650000,2026-08-12 17:25:01+00:00,650.0,0.01,0.0,0.01,0.0,0.0,14.0,6212,0.6562534375000001,False,REGULAR,USD,QQQ,put,2026-08-12,0.0027397260273972603,0.005,0.00011341816086602233,-0.0008243572739885519,-369004.1136210662,723.7000122070312,0.007307397746256994,2026-08-12
QQQ260812P00651000,2026-08-11 19:17:41+00:00,651.0,0.02,0.0,0.01,0.0,0.0,40.0,82,0.64062859375,False,REGULAR,USD,QQQ,put,2026-08-12,0.0027397260273972603,0.005,0.00010564055108736626,-0.0007434359640020594,-4536.925735293797,723.7000122070312,0.007307397746256994,2026-08-12
QQQ260812P00652000,2026-08-12 16:47:10+00:00,652.0,0.01,0.0,0.01,-0.01,-50.0,21.0,48,0.6250037500000001,False,REGULAR,USD,QQQ,put,2026-08-12,0.0027397260273972603,0.005,9.78631587787928e-05,-0.0006661818686853893,-2460.240859038447,723.7000122070312,0.007307397746256994,2026-08-12
QQQ260812P00653000,2026-08-11 15:37:02+00:00,653.0,0.02,0.0,0.01,0.0,0.0,238.0,165,0.6250037500000001,False,REGULAR,USD,QQQ,put,2026-08-12,0.0027397260273972603,0.005,0.00011361340241773008,-0.0007832624473085303,-9818.17277038712,723.7000122070312,0.007307397746256994,2026-08-12
QQQ260812P00654000,2026-08-11 19:55:17+00:00,654.0,0.01,0.0,0.01,0.0,0.0,819.0,445,0.6093789062500001,False,REGULAR,USD,QQQ,put,2026-08-12,0.0027397260273972603,0.005,0.00010516650259804756,-0.0007007472083429,-24510.637228798198,723.7000122070312,0.007307397746256994,2026-08-12
QQQ260812P00655000,2026-08-12 16:33:51+00:00,655.0,0.01,0.0,0.01,0.0,0.0,5.0,735,0.6093789062500001,False,REGULAR,USD,QQQ,put,2026-08-12,0.0027397260273972603,0.005,0.0001224143374321681,-0.0008263514056183752,-47123.41818542245,723.7000122070312,0.007307397746256994,2026-08-12
QQQ260812P00656000,2026-08-11 14:14:51+00:00,656.0,0.02,0.0,0.01,0.0,0.0,50.0,105,0.5937540625000001,False,REGULAR,USD,QQQ,put,2026-08-12,0.0027397260273972603,0.005,0.00011322514240276548,-0.00073809089857102,-6226.576590468007,723.7000122070312,0.007307397746256994,2026-08-12
QQQ260812P00657000,2026-08-11 19:59:23+00:00,657.0,0.01,0.0,0.01,0.0,0.0,56.0,139,0.5937540625000001,False,REGULAR,USD,QQQ,put,2026-08-12,0.0027397260273972603,0.005,0.0001321586694385014,-0.0008730998814888702,-9621.16400287275,723.7000122070312,0.007307397746256994,2026-08-12
QQQ260812P00658000,2026-08-12 19:12:22+00:00,658.0,0.01,0.0,0.01,-0.01,-50.0,2.0,134,0.57812921875,False,REGULAR,USD,QQQ,put,2026-08-12,0.0027397260273972603,0.005,0.00012214458280285654,-0.0007785503936678095,-8572.276458868992,723.7000122070312,0.007307397746256994,2026-08-12
QQQ260812P00659000,2026-08-11 14:31:07+00:00,659.0,0.02,0.0,0.01,0.0,0.0,2.0,4296,0.5625043750000001,False,REGULAR,USD,QQQ,put,2026-08-12,0.0027397260273972603,0.005,0.00011213878077351941,-0.0006888066933331549,-252311.62608802904,723.7000122070312,0.007307397746256994,2026-08-12
QQQ260812P00660000,2026-08-12 14:15:29+00:00,660.0,0.01,0.0,0.01,-0.01,-50.0,15.0,641,0.5625043750000001,False,REGULAR,USD,QQQ,put,2026-08-12,0.0027397260273972603,0.005,0.00013204919684724732,-0.0008225182254454344,-44331.34965778939,723.7000122070312,0.007307397746256994,2026-08-12
QQQ260812P00661000,2026-08-10 19:53:12+00:00,661.0,0.03,0.0,0.01,0.0,0.0,111.0,287,0.5625043750000001,False,REGULAR,USD,QQQ,put,2026-08-12,0.0027397260273972603,0.005,0.00015504544032687875,-0.0009794985350793928,-23305.48017702311,723.7000122070312,0.007307397746256994,2026-08-12
QQQ260812P00662000,2026-08-11 14:51:04+00:00,662.0,0.02,0.0,0.01,0.0,0.0,60.0,115,0.5468795312500001,False,REGULAR,USD,QQQ,put,2026-08-12,0.0027397260273972603,0.005,0.000143086370358189,-0.0008704532700380962,-8618.13449488011,723.7000122070312,0.007307397746256994,2026-08-12
QQQ260812P00663000,2026-08-12 14:31:10+00:00,663.0,0.03,0.0,0.01,0.02,200.0,275.0,725,0.5312546875,False,REGULAR,USD,QQQ,put,2026-08-12,0.0027397260273972603,0.005,0.00013109974260277146,-0.0007669685876789956,-49780.24222261126,723.7000122070312,0.007307397746256994,2026-08-12
QQQ260812P00664000,2026-08-11 16:54:10+00:00,664.0,0.02,0.0,0.01,0.0,0.0,143.0,172,0.5312546875,False,REGULAR,USD,QQQ,put,2026-08-12,0.0027397260273972603,0.005,0.0001554317332691048,-0.0009228948015373994,-14001.846002215403,723.7000122070312,0.007307397746256994,2026-08-12
QQQ260812P00665000,2026-08-12 19:36:04+00:00,665.0,0.01,0.0,0.01,-0.01,-50.0,200.0,589,0.51562984375,False,REGULAR,USD,QQQ,put,2026-08-12,0.0027397260273972603,0.005,0.00014226951480225528,-0.0008114558995809817,-43887.84991406896,723.7000122070312,0.007307397746256994,2026-08-12
QQQ260812P00666000,2026-08-12 19:57:07+00:00,666.0,0.01,0.0,0.01,-0.01,-50.0,71.0,295,0.51562984375,False,REGULAR,USD,QQQ,put,2026-08-12,0.0027397260273972603,0.005,0.0001692958117646137,-0.0009804801469038837,-26156.84687864136,723.7000122070312,0.007307397746256994,2026-08-12
QQQ260812P00667000,2026-08-12 15:16:25+00:00,667.0,0.01,0.0,0.01,-0.01,-50.0,19.0,630,0.500005,False,REGULAR,USD,QQQ,put,2026-08-12,0.0027397260273972603,0.005,0.00015480899295941227,-0.0008602275062240539,-51080.35359104795,723.7000122070312,0.007307397746256994,2026-08-12
QQQ260812P00668000,2026-08-12 19:21:54+00:00,668.0,0.01,0.0,0.01,-0.02,-66.66667,2.0,1086,0.500005,False,REGULAR,USD,QQQ,put,2026-08-12,0.0027397260273972603,0.005,0.00018493255329154025,-0.0010439670331842121,-105186.5839131376,723.7000122070312,0.007307397746256994,2026-08-12
QQQ260812P00669000,2026-08-12 18:58:43+00:00,669.0,0.01,0.0,0.01,-0.01,-50.0,41.0,1685,0.51562984375,False,REGULAR,USD,QQQ,put,2026-08-12,0.0027397260273972603,0.005,0.000279599146999294,-0.001697226254998463,-246747.58298981134,723.7000122070312,0.007307397746256994,2026-08-12
QQQ260812P00670000,2026-08-12 13:34:59+00:00,670.0,0.01,0.0,0.01,0.0,0.0,31.0,1665,0.507817421875,False,REGULAR,USD,QQQ,put,2026-08-12,0.0027397260273972603,0.005,0.00029364008439755103,-0.0017613051563344362,-256062.9461384016,723.7000122070312,0.007307397746256994,2026-08-12
QQQ260812P00671000,2026-08-12 16:11:11+00:00,671.0,0.01,0.0,0.01,-0.01,-50.0,6.0,2106,0.500005,False,REGULAR,USD,QQQ,put,2026-08-12,0.0027397260273972603,0.005,0.00030865930738536296,-0.0018291499283594748,-340451.2272657504,723.7000122070312,0.007307397746256994,2026-08-12
QQQ260812P00672000,2026-08-12 18:59:58+00:00,672.0,0.01,0.0,0.01,-0.01,-50.0,124.0,580,0.49219257812500006,False,REGULAR,USD,QQQ,put,2026-08-12,0.0027397260273972603,0.005,0.00032474575120965636,-0.0019010699575144896,-98648.07869204038,723.7000122070312,0.007307397746256994,2026-08-12
QQQ260812P00673000,2026-08-12 16:44:14+00:00,673.0,0.01,0.0,0.01,-0.01,-50.0,18.0,1614,0.48438015625,False,REGULAR,USD,QQQ,put,2026-08-12,0.0027397260273972603,0.005,0.00034199834138225996,-0.0019774070130946786,-289097.7356712143,723.7000122070312,0.007307397746256994,2026-08-12
QQQ260812P00674000,2026-08-12 15:59:11+00:00,674.0,0.02,0.0,0.01,0.0,0.0,9.0,2117,0.4687553125,False,REGULAR,USD,QQQ,put,2026-08-12,0.0027397260273972603,0.005,0.0003195674448318627,-0.0017701789055143413,-354323.9820577343,723.7000122070312,0.007307397746256994,2026-08-12
QQQ260812P00675000,2026-08-12 18:56:43+00:00,675.0,0.01,0.0,0.01,-0.01,-50.0,36.0,512,0.46094289062500005,False,REGULAR,USD,QQQ,put,2026-08-12,0.0027397260273972603,0.005,0.0003369563788635953,-0.0018420123781129893,-90356.7919492091,723.7000122070312,0.007307397746256994,2026-08-12
QQQ260812P00676000,2026-08-12 16:03:47+00:00,676.0,0.01,0.0,0.01,-0.01,-50.0,13.0,541,0.45313046875,False,REGULAR,USD,QQQ,put,2026-08-12,0.0027397260273972603,0.005,0.00035567694830321647,-0.0019184945215774407,-100779.02308490401,723.7000122070312,0.007307397746256994,2026-08-12
QQQ260812P00677000,2026-08-12 15:08:20+00:00,677.0,0.01,0.0,0.01,-0.01,-50.0,122.0,539,0.445318046875,False,REGULAR,USD,QQQ,put,2026-08-12,0.0027397260273972603,0.005,0.00037586293981680725,-0.0020000479580699615,-106104.89779447929,723.7000122070312,0.007307397746256994,2026-08-12
QQQ260812P00678000,2026-08-12 13:58:04+00:00,678.0,0.01,0.0,0.01,-0.01,-50.0,42.0,505,0.437505625,False,REGULAR,USD,QQQ,put,2026-08-12,0.0027397260273972603,0.005,0.00039766479971884143,-0.0020871443659811195,-105178.18884861241,723.7000122070312,0.007307397746256994,2026-08-12
QQQ260812P00679000,2026-08-12 16:03:35+00:00,679.0,0.01,0.0,0.01,-0.01,-50.0,122.0,396,0.42969320312500003,False,REGULAR,USD,QQQ,put,2026-08-12,0.0027397260273972603,0.005,0.00042125211105831516,-0.0021803113949687702,-87368.41080183131,723.7000122070312,0.007307397746256994,2026-08-12
QQQ260812P00680000,2026-08-12 16:02:33+00:00,680.0,0.01,0.0,0.01,0.0,0.0,142.0,1403,0.42188078125,False,REGULAR,USD,QQQ,put,2026-08-12,0.0027397260273972603,0.005,0.000446816499460519,-0.0022801407292536435,-328325.060327978,723.7000122070312,0.007307397746256994,2026-08-12
QQQ260812P00681000,2026-08-12 16:41:53+00:00,681.0,0.01,0.0,0.01,0.0,0.0,126.0,509,0.4062559375,False,REGULAR,USD,QQQ,put,2026-08-12,0.0027397260273972603,0.005,0.00041490668102778206,-0.0020155816046760755,-110607.7022250721,723.7000122070312,0.007307397746256994,2026-08-12
QQQ260812P00682000,2026-08-12 15:29:50+00:00,682.0,0.01,0.0,0.01,-0.01,-50.0,231.0,1310,0.398443515625,False,REGULAR,USD,QQQ,put,2026-08-12,0.0027397260273972603,0.005,0.000440864436697757,-0.0021093589664086254,-302477.8117335522,723.7000122070312,0.007307397746256994,2026-08-12
QQQ260812P00683000,2026-08-12 19:50:48+00:00,683.0,0.01,0.0,0.01,-0.01,-50.0,32.0,1083,0.39063109375,False,REGULAR,USD,QQQ,put,2026-08-12,0.0027397260273972603,0.005,0.0004691461015381692,-0.002210282689575793,-266105.42493594496,723.7000122070312,0.007307397746256994,2026-08-12
QQQ260812P00684000,2026-08-12 16:47:26+00:00,684.0,0.01,0.0,0.01,-0.01,-50.0,61.0,1176,0.38281867187499996,False,REGULAR,USD,QQQ,put,2026-08-12,0.0027397260273972603,0.005,0.0005000259484101119,-0.002319118808565168,-307976.10626024986,723.7000122070312,0.007307397746256994,2026-08-12
QQQ260812P00685000,2026-08-12 16:35:48+00:00,685.0,0.01,0.0,0.01,0.0,0.0,54.0,1165,0.37500625,False,REGULAR,USD,QQQ,put,2026-08-12,0.0027397260273972603,0.005,0.0005338184792048846,-0.002436738314916198,-325714.197194563,723.7000122070312,0.007307397746256994,2026-08-12
QQQ260812P00686000,2026-08-12 18:26:17+00:00,686.0,0.01,0.0,0.01,0.0,0.0,85.0,583,0.367193828125,False,REGULAR,USD,QQQ,put,2026-08-12,0.0027397260273972603,0.005,0.0005708854879080605,-0.0025641346599916126,-174314.9830066229,723.7000122070312,0.007307397746256994,2026-08-12
QQQ260812P00687000,2026-08-12 18:50:52+00:00,687.0,0.01,0.0,0.01,-0.03,-75.0,163.0,728,0.35547519531249994,False,REGULAR,USD,QQQ,put,2026-08-12,0.0027397260273972603,0.005,0.0005680176463942221,-0.002460040862325208,-216576.01937486258,723.7000122070312,0.007307397746256994,2026-08-12
QQQ260812P00688000,2026-08-12 16:35:47+00:00,688.0,0.01,0.0,0.01,-0.01,-50.0,92.0,664,0.3437565625,False,REGULAR,USD,QQQ,put,2026-08-12,0.0027397260273972603,0.005,0.0005640032220449792,-0.002352066747468684,-196140.29506784808,723.7000122070312,0.007307397746256994,2026-08-12
QQQ260812P00689000,2026-08-12 16:34:52+00:00,689.0,0.01,0.0,0.01,-0.02,-66.66667,15.0,599,0.335944140625,False,REGULAR,USD,QQQ,put,2026-08-12,0.0027397260273972603,0.005,0.0006059161489785889,-0.00248211302898127,-190088.79158339492,723.7000122070312,0.007307397746256994,2026-08-12
QQQ260812P00690000,2026-08-12 19:25:28+00:00,690.0,0.01,0.0,0.01,-0.01,-50.0,296.0,1754,0.32813171874999997,False,REGULAR,USD,QQQ,put,2026-08-12,0.0027397260273972603,0.005,0.0006523577259325108,-0.0026242206923725586,-599283.8292311205,723.7000122070312,0.007307397746256994,2026-08-12
QQQ260812P00691000,2026-08-12 19:45:16+00:00,691.0,0.01,0.0,0.01,-0.02,-66.66667,6125.0,767,0.32031929687499994,False,REGULAR,USD,QQQ,put,2026-08-12,0.0027397260273972603,0.005,0.0007039760110202617,-0.0027799636522329862,-282794.1257959148,723.7000122070312,0.007307397746256994,2026-08-12
QQQ260812P00692000,2026-08-12 19:19:52+00:00,692.0,0.01,0.0,0.01,-0.02,-66.66667,4765.0,1173,0.31250687499999996,False,REGULAR,USD,QQQ,put,2026-08-12,0.0027397260273972603,0.005,0.0007615346828464968,-0.0029511788286119556,-467848.0884597823,723.7000122070312,0.007307397746256994,2026-08-12
QQQ260812P00693000,2026-08-12 19:45:06+00:00,693.0,0.01,0.0,0.01,-0.02,-66.66667,5690.0,1020,0.3007882421875,False,REGULAR,USD,QQQ,put,2026-08-12,0.0027397260273972603,0.005,0.000759284660023206,-0.002819435868961051,-405622.42533595825,723.7000122070312,0.007307397746256994,2026-08-12
QQQ260812P00694000,2026-08-12 19:47:15+00:00,694.0,0.01,0.0,0.01,-0.03,-75.0,3640.0,2917,0.2890696093749999,False,REGULAR,USD,QQQ,put,2026-08-12,0.0027397260273972603,0.005,0.0007551341295482695,-0.002681656213291861,-1153659.6107871812,723.7000122070312,0.007307397746256994,2026-08-12
QQQ260812P00695000,2026-08-12 19:51:56+00:00,695.0,0.01,0.0,0.01,-0.03,-75.0,3248.0,7347,0.28125718749999995,False,REGULAR,USD,QQQ,put,2026-08-12,0.0027397260273972603,0.005,0.0008223910184412266,-0.002859421338493484,-3164503.3398875226,723.7000122070312,0.007307397746256994,2026-08-12
QQQ260812P00696000,2026-08-12 19:36:25+00:00,696.0,0.01,0.0,0.01,-0.03,-75.0,2196.0,823,0.273444765625,False,REGULAR,USD,QQQ,put,2026-08-12,0.0027397260273972603,0.005,0.0008984899017582523,-0.00305738144374057,-387284.57099158893,723.7000122070312,0.007307397746256994,2026-08-12
QQQ260812P00697000,2026-08-12 19:47:37+00:00,697.0,0.01,0.0,0.01,-0.049999997,-83.333336,410.0,797,0.26563234375,False,REGULAR,USD,QQQ,put,2026-08-12,0.0027397260273972603,0.005,0.0009849789865880245,-0.0032787709014280297,-411152.0374331673,723.7000122070312,0.007307397746256994,2026-08-12
QQQ260812P00698000,2026-08-12 20:06:23+00:00,698.0,0.01,0.0,0.01,-0.049999997,-83.333336,1764.0,1298,0.257819921875,False,REGULAR,USD,QQQ,put,2026-08-12,0.0027397260273972603,0.005,0.001083746018565218,-0.003527489959262997,-736748.6815940258,723.7000122070312,0.007307397746256994,2026-08-12
QQQ260812P00699000,2026-08-12 19:51:10+00:00,699.0,0.01,0.0,0.01,-0.07,-87.5,1211.0,1569,0.2461012890625,False,REGULAR,USD,QQQ,put,2026-08-12,0.0027397260273972603,0.005,0.0010857632114602224,-0.003356431793476,-892226.7217567174,723.7000122070312,0.007307397746256994,2026-08-12
QQQ260812P00700000,2026-08-12 19:40:28+00:00,700.0,0.01,0.0,0.01,-0.07,-87.5,3425.0,8296,0.23828886718749998,False,REGULAR,USD,QQQ,put,2026-08-12,0.0027397260273972603,0.005,0.0012033572165980866,-0.0036308078621126727,-5228540.424062596,723.7000122070312,0.007307397746256994,2026-08-12
QQQ260812P00701000,2026-08-12 19:39:20+00:00,701.0,0.01,0.0,0.01,-0.1,-90.90909,1524.0,1467,0.22657023437499998,False,REGULAR,USD,QQQ,put,2026-08-12,0.0027397260273972603,0.005,0.001206192103234284,-0.00344151766484313,-926752.4751927016,723.7000122070312,0.007307397746256994,2026-08-12
QQQ260812P00702000,2026-08-12 20:07:27+00:00,702.0,0.01,0.0,0.01,-0.12,-92.30769,1137.0,1216,0.21875781249999998,False,REGULAR,USD,QQQ,put,2026-08-12,0.0027397260273972603,0.005,0.0013483825442330444,-0.0037470595009391205,-858744.2783892559,723.7000122070312,0.007307397746256994,2026-08-12
QQQ260812P00703000,2026-08-12 18:12:31+00:00,703.0,0.01,0.0,0.01,-0.14999999,-93.74999,1378.0,2027,0.21094539062499998,False,REGULAR,USD,QQQ,put,2026-08-12,0.0027397260273972603,0.005,0.0015156587372990554,-0.004099717863964902,-1609060.3604047715,723.7000122070312,0.007307397746256994,2026-08-12
QQQ260812P00704000,2026-08-12 19:56:03+00:00,704.0,0.01,0.0,0.01,-0.19,-95.0,2437.0,1633,0.1992267578125,False,REGULAR,USD,QQQ,put,2026-08-12,0.0027397260273972603,0.005,0.0015276913350331111,-0.00388033945678512,-1306588.886824693,723.7000122070312,0.007307397746256994,2026-08-12
QQQ260812P00705000,2026-08-12 19:58:34+00:00,705.0,0.01,0.0,0.01,-0.22999999,-95.83333,8293.0,4265,0.1914143359375,False,REGULAR,USD,QQQ,put,2026-08-12,0.0027397260273972603,0.005,0.0017370830859921385,-0.004283372250606043,-3880223.905660236,723.7000122070312,0.007307397746256994,2026-08-12
QQQ260812P00706000,2026-08-12 19:55:28+00:00,706.0,0.01,0.0,0.01,-0.3,-96.7742,5898.0,1493,0.18360191406249998,False,REGULAR,USD,QQQ,put,2026-08-12,0.0027397260273972603,0.005,0.0019897296769524593,-0.0047595366914428006,-1555861.8972768933,723.7000122070312,0.007307397746256994,2026-08-12
QQQ260812P00707000,2026-08-12 19:50:42+00:00,707.0,0.01,0.0,0.01,-0.36,-97.297295,6913.0,1309,0.17188328125000002,False,REGULAR,USD,QQQ,put,2026-08-12,0.0027397260273972603,0.005,0.002023841148331343,-0.00450545887340803,-1387500.7549714644,723.7000122070312,0.007307397746256994,2026-08-12
QQQ260812P00708000,2026-08-12 20:09:15+00:00,708.0,0.01,0.0,0.01,-0.46,-97.87234,5856.0,6805,0.16407085937500002,False,REGULAR,USD,QQQ,put,2026-08-12,0.0027397260273972603,0.005,0.0023557126077254913,-0.00507037133421917,-8395906.543554321,723.7000122070312,0.007307397746256994,2026-08-12
QQQ260812P00709000,2026-08-12 20:08:30+00:00,709.0,0.01,0.0,0.01,-0.56,-98.24561,4897.0,1526,0.15235222656250003,False,REGULAR,USD,QQQ,put,2026-08-12,0.0027397260273972603,0.005,0.002408496728850648,-0.004783236360780596,-1924942.4694549325,723.7000122070312,0.007307397746256994,2026-08-12
QQQ260812P00710000,2026-08-12 20:11:56+00:00,710.0,0.01,0.0,0.01,-0.68,-98.55073,12565.0,9865,0.1445398046875,False,REGULAR,USD,QQQ,put,2026-08-12,0.0027397260273972603,0.005,0.002861862620522393,-0.005472479123341034,-14786419.789691277,723.7000122070312,0.007307397746256994,2026-08-12
QQQ260812P00711000,2026-08-12 20:00:14+00:00,711.0,0.01,0.0,0.01,-0.85,-98.837204,4698.0,3030,0.13477427734375003,False,REGULAR,USD,QQQ,put,2026-08-12,0.0027397260273972603,0.005,0.003193746405053972,-0.005723093201077001,-5068275.534010179,723.7000122070312,0.007307397746256994,2026-08-12
QQQ260812P00712000,2026-08-12 19:54:25+00:00,712.0,0.01,0.0,0.01,-1.02,-99.02913,6819.0,3107,0.12500875,False,REGULAR,USD,QQQ,put,2026-08-12,0.0027397260273972603,0.005,0.0036010600480691542,-0.0060196801019588575,-5859880.728249372,723.7000122070312,0.007307397746256994,2026-08-12
QQQ260812P00713000,2026-08-12 19:55:53+00:00,713.0,0.01,0.0,0.01,-1.23,-99.19355,6951.0,5347,0.11524322265625,False,REGULAR,USD,QQQ,put,2026-08-12,0.0027397260273972603,0.005,0.004110952916110735,-0.0063771018587513995,-11512505.394790975,723.7000122070312,0.007307397746256994,2026-08-12
QQQ260812P00714000,2026-08-12 20:01:08+00:00,714.0,0.01,0.0,0.01,-1.48,-99.32886,11504.0,2642,0.1054776953125,False,REGULAR,USD,QQQ,put,2026-08-12,0.0027397260273972603,0.005,0.004764591481119291,-0.006817239799870589,-6592887.166230292,723.7000122070312,0.007307397746256994,2026-08-12
QQQ260812P00715000,2026-08-12 20:05:52+00:00,715.0,0.01,0.0,0.01,-1.77,-99.4382,18759.0,8173,0.09571216796875001,False,REGULAR,USD,QQQ,put,2026-08-12,0.0027397260273972603,0.005,0.005627050356903014,-0.007373578699765626,-24086819.631095804,723.7000122070312,0.007307397746256994,2026-08-12
QQQ260812P00716000,2026-08-12 20:11:37+00:00,716.0,0.01,0.0,0.01,-2.07,-99.51923,19606.0,2201,0.08594664062500001,False,REGULAR,USD,QQQ,put,2026-08-12,0.0027397260273972603,0.005,0.006806513409534287,-0.008099819116977547,-7846245.758987406,723.7000122070312,0.007307397746256994,2026-08-12
QQQ260812P00717000,2026-08-12 20:08:55+00:00,717.0,0.01,0.0,0.01,-2.44,-99.591835,27399.0,3317,0.07618111328125002,False,REGULAR,USD,QQQ,put,2026-08-12,0.0027397260273972603,0.005,0.00849436157989091,-0.009087225475818195,-14756840.224507708,723.7000122070312,0.007307397746256994,2026-08-12
QQQ260812P00718000,2026-08-12 20:08:13+00:00,718.0,0.01,0.0,0.01,-2.82,-99.646645,51619.0,3224,0.06641558593750001,False,REGULAR,USD,QQQ,put,2026-08-12,0.0027397260273972603,0.005,0.0110567702414246,-0.010502737044953081,-18669834.92959379,723.7000122070312,0.007307397746256994,2026-08-12
QQQ260812P00719000,2026-08-12 20:09:15+00:00,719.0,0.01,0.0,0.01,-3.33,-99.7006,45898.0,2298,0.056650058593750004,False,REGULAR,USD,QQQ,put,2026-08-12,0.0027397260273972603,0.005,0.01526946619525066,-0.01268251456091296,-18377694.97805806,723.7000122070312,0.007307397746256994,2026-08-12
QQQ260812P00720000,2026-08-12 20:14:04+00:00,720.0,0.01,0.0,0.01,-3.79,-99.73685,99803.0,7927,0.045907978515625,False,REGULAR,USD,QQQ,put,2026-08-12,0.0027397260273972603,0.005,0.02131606241128903,-0.014631384516090029,-88497907.32669936,723.7000122070312,0.007307397746256994,2026-08-12
QQQ260812P00721000,2026-08-12 20:14:39+00:00,721.0,0.01,0.01,0.02,-4.41,-99.77375,83454.0,2357,0.039072109375,False,REGULAR,USD,QQQ,put,2026-08-12,0.0027397260273972603,0.015,0.04584411815611507,-0.029899042469426096,-56592693.65175731,723.7000122070312,0.007307397746256994,2026-08-12
QQQ260812P00722000,2026-08-12 20:14:55+00:00,722.0,0.03,0.03,0.04,-5.08,-99.41291,154209.0,1870,0.0312596875,False,REGULAR,USD,QQQ,put,2026-08-12,0.0027397260273972603,0.035,0.10853429918975552,-0.06614191223666221,-106298166.30071218,723.7000122070312,0.007307397746256994,2026-08-12
QQQ260812P00723000,2026-08-12 20:14:55+00:00,723.0,0.15,0.14,0.17,-5.5699997,-97.377625,330958.0,1885,0.028696236572265627,False,REGULAR,USD,QQQ,put,2026-08-12,0.0027397260273972603,0.15500000000000003,0.28361494656984165,-0.23637938955743176,-279999740.58334374,723.7000122070312,0.007307397746256994,2026-08-12
QQQ260812P00724000,2026-08-12 20:14:45+00:00,724.0,0.59,0.59,0.67,-5.91,-90.92308,417457.0,455,0.03345693115234375,True,REGULAR,USD,QQQ,put,2026-08-12,0.0027397260273972603,0.63,0.3100971341341958,-0.5687530335082127,-73896915.17141494,723.7000122070312,0.007307397746256994,2026-08-12
QQQ260812P00725000,2026-08-12 20:14:19+00:00,725.0,1.43,1.27,1.67,-5.8700004,-80.410965,334891.0,773,0.05750454223632813,True,REGULAR,USD,QQQ,put,2026-08-12,0.0027397260273972603,1.47,0.15671128130540285,-0.7116956461031672,-63444928.945234224,723.7000122070312,0.007307397746256994,2026-08-12
QQQ260812P00726000,2026-08-12 20:13:26+00:00,726.0,2.59,2.25,4.56,-5.91,-69.52941,97421.0,241,0.21692677612304687,True,REGULAR,USD,QQQ,put,2026-08-12,0.0027397260273972603,3.405,0.0468852309583518,-0.6041584254118165,-5917935.973300282,723.7000122070312,0.007307397746256994,2026-08-12
QQQ260812P00727000,2026-08-12 20:14:30+00:00,727.0,3.47,1.26,5.18,-5.5199995,-61.40155,23448.0,199,0.215828154296875,True,REGULAR,USD,QQQ,put,2026-08-12,0.0027397260273972603,3.2199999999999998,0.04526947493704533,-0.6507593345282562,-4718192.909647726,723.7000122070312,0.007307397746256994,2026-08-12
QQQ260812P00728000,2026-08-12 20:11:46+00:00,728.0,4.23,2.6,6.39,-5.93,-58.366142,13595.0,244,0.25501233276367197,True,REGULAR,USD,QQQ,put,2026-08-12,0.0027397260273972603,4.495,0.037669052165670874,-0.6660150395391315,-4813840.304630161,723.7000122070312,0.007307397746256994,2026-08-12
QQQ260812P00729000,2026-08-12 19:47:12+00:00,729.0,6.03,3.33,7.05,-5.07,-45.67568,3899.0,215,0.2525709509277344,True,REGULAR,USD,QQQ,put,2026-08-12,0.0027397260273972603,5.1899999999999995,0.03609823523537279,-0.7043810241233912,-4064822.543688241,723.7000122070312,0.007307397746256994,2026-08-12
QQQ260812P00730000,2026-08-12 20:12:19+00:00,730.0,6.69,4.33,8.06,-5.0099998,-42.82051,5307.0,599,0.2751537329101562,True,REGULAR,USD,QQQ,put,2026-08-12,0.0027397260273972603,6.195,0.03221789088178733,-0.7214023552376794,-10107438.059554083,723.7000122070312,0.007307397746256994,2026-08-12
QQQ260812P00731000,2026-08-12 19:48:53+00:00,731.0,7.57,5.12,9.05,-4.7599998,-38.605026,689.0,72,0.2954172021484375,True,REGULAR,USD,QQQ,put,2026-08-12,0.0027397260273972603,7.085000000000001,0.029154707591207706,-0.73704229840315,-1099406.6165083435,723.7000122070312,0.007307397746256994,2026-08-12
QQQ260812P00735000,2026-08-12 19:46:10+00:00,735.0,11.5,9.74,13.4,-5.1000004,-30.722893,387.0,15,0.4054014538574219,True,REGULAR,USD,QQQ,put,2026-08-12,0.0027397260273972603,11.57,0.02012776041462214,-0.7625023907247659,-158126.21416643658,723.7000122070312,0.007307397746256994,2026-08-12
QQQ260812P00737000,2026-08-12 16:13:05+00:00,737.0,12.66,11.34,15.04,-6.5699997,-34.165367,43.0,0,0.411138701171875,True,REGULAR,USD,QQQ,put,2026-08-12,0.0027397260273972603,13.19,0.018145936283676067,-0.7968383558679968,-0.0,723.7000122070312,0.007307397746256994,2026-08-12
QQQ260812P00738000,2026-08-12 13:57:35+00:00,738.0,13.73,12.34,16.04,-6.51,-32.164032,6.0,0,0.4294490649414063,True,REGULAR,USD,QQQ,put,2026-08-12,0.0027397260273972603,14.19,0.01702486839726518,-0.8035472153428619,-0.0,723.7000122070312,0.007307397746256994,2026-08-12
QQQ260812P00740000,2026-08-12 19:42:38+00:00,740.0,16.64,14.34,18.05,-4.960001,-22.962967,17.0,1,0.4660697924804688,True,REGULAR,USD,QQQ,put,2026-08-12,0.0027397260273972603,16.195,0.015121349290798286,-0.8149608390935856,-7919.681299813908,723.7000122070312,0.007307397746256994,2026-08-12
QQQ260812P00745000,2026-08-12 19:14:36+00:00,745.0,20.59,19.34,23.07,-7.3600006,-26.332739,1268.0,0,0.5537154003906251,True,REGULAR,USD,QQQ,put,2026-08-12,0.0027397260273972603,21.205,0.011737270337271103,-0.8370908746076038,-0.0,723.7000122070312,0.007307397746256994,2026-08-12
QQQ260812P00749000,2026-08-12 16:16:51+00:00,749.0,25.1,23.28,27.15,-2.3500004,-8.561021,4.0,0,0.6281775463867189,True,REGULAR,USD,QQQ,put,2026-08-12,0.0027397260273972603,25.215,0.009911646708466513,-0.8473869530292195,-0.0,723.7000122070312,0.007307397746256994,2026-08-12
QQQ260812P00750000,2026-08-12 16:16:51+00:00,750.0,26.06,24.33,28.15,-2.3400002,-8.239437,4.0,2,0.6442906665039063,True,REGULAR,USD,QQQ,put,2026-08-12,0.0027397260273972603,26.24,0.009534127927238185,-0.8504532963439548,-9986.840883482511,723.7000122070312,0.007307397746256994,2026-08-12
QQQ260812P00765000,2026-08-05 14:51:41+00:00,765.0,41.86,39.28,43.2,0.0,0.0,0.0,0,0.8796398754882812,True,REGULAR,USD,QQQ,put,2026-08-12,0.0027397260273972603,41.24,0.0059682321542191795,-0.8809965875722472,-0.0,723.7000122070312,0.007307397746256994,2026-08-12
QQQ260812P00775000,2026-08-05 14:51:41+00:00,775.0,51.74,49.28,53.15,0.0,0.0,0.0,0,1.0146533642578124,True,REGULAR,USD,QQQ,put,2026-08-12,0.0027397260273972603,51.215,0.004687473935783419,-0.8963294451012189,-0.0,723.7000122070312,0.007307397746256994,2026-08-12
QQQ260812P00810000,2026-08-12 19:45:13+00:00,810.0,86.36,84.29,88.15,-1.7900009,-2.0306306,1.0,1,1.4660671228027344,True,REGULAR,USD,QQQ,put,2026-08-12,0.0027397260273972603,86.22,0.0025903636910696213,-0.9233958605661112,-1356.6815030431715,723.7000122070312,0.007307397746256994,2026-08-12
QQQ260812P00815000,2026-08-07 19:44:31+00:00,815.0,93.17,89.28,93.21,0.0,0.0,2.0,0,1.5375999682617185,True,REGULAR,USD,QQQ,put,2026-08-12,0.0027397260273972603,91.245,0.002447475680245297,-0.9243063971754797,-0.0,723.7000122070312,0.007307397746256994,2026-08-12
QQQ260813C00570000,2026-08-06 17:23:42+00:00,570.0,146.05,151.88,155.53,0.0,0.0,0.0,1,0.9687503125,True,REGULAR,USD,QQQ,call,2026-08-13,0.0027397260273972603,153.70499999999998,1.4662019687693882e-07,0.999998908924156,0.07679111229101332,723.7000122070312,0.007307397746256994,2026-08-12
QQQ260813C00600000,2026-08-12 19:26:02+00:00,600.0,124.39,121.94,125.54,1.7399979,1.4186692,19.0,35,0.9179695703125,True,REGULAR,USD,QQQ,call,2026-08-13,0.0027397260273972603,123.74000000000001,5.130058952774112e-06,0.9999570828127846,94.03890427280197,723.7000122070312,0.007307397746256994,2026-08-12
QQQ260813C00630000,2026-07-31 16:22:41+00:00,630.0,57.28,91.93,95.54,0.0,0.0,1.0,1,0.6914093359375001,True,REGULAR,USD,QQQ,call,2026-08-13,0.0027397260273972603,93.73500000000001,9.118796337777556e-06,0.9999415379772519,4.775893965828491,723.7000122070312,0.007307397746256994,2026-08-12
QQQ260813C00640000,2026-08-11 13:50:34+00:00,640.0,79.37,81.94,85.54,0.0,0.0,15.0,15,0.6269568554687501,True,REGULAR,USD,QQQ,call,2026-08-13,0.0027397260273972603,83.74000000000001,1.4028125787581243e-05,0.9999167559474881,110.20671833063581,723.7000122070312,0.007307397746256994,2026-08-12
QQQ260813C00650000,2026-08-11 13:50:34+00:00,650.0,69.39,71.91,75.54,0.0,0.0,15.0,21,0.5273484765625001,True,REGULAR,USD,QQQ,call,2026-08-13,0.0027397260273972603,73.725,9.606372151376816e-06,0.9999536345209258,105.6564128562769,723.7000122070312,0.007307397746256994,2026-08-12
QQQ260813C00652000,2026-08-03 14:25:37+00:00,652.0,44.91,69.88,73.54,0.0,0.0,1.0,0,1.001958115234375,True,REGULAR,USD,QQQ,call,2026-08-13,0.0027397260273972603,71.71000000000001,0.0013728753818099287,0.9781879228853474,0.0,723.7000122070312,0.007307397746256994,2026-08-12
QQQ260813C00655000,2026-08-12 17:07:04+00:00,655.0,70.37,67.0,70.21,1.9700012,2.8801186,2.0,15,0.9230964721679689,True,REGULAR,USD,QQQ,call,2026-08-13,0.0027397260273972603,68.60499999999999,0.0012824948312297865,0.9817244369083368,10075.440494763874,723.7000122070312,0.007307397746256994,2026-08-12
QQQ260813C00660000,2026-08-12 17:07:04+00:00,660.0,65.37,62.07,65.21,6.720001,11.457802,2.0,9,0.8679212426757812,True,REGULAR,USD,QQQ,call,2026-08-13,0.0027397260273972603,63.64,0.0014741229681499808,0.9799772893516846,6948.537125869491,723.7000122070312,0.007307397746256994,2026-08-12
QQQ260813C00665000,2026-08-12 19:18:54+00:00,665.0,59.75,56.96,60.48,5.419998,9.9760685,12.0,27,0.8466812207031249,True,REGULAR,USD,QQQ,call,2026-08-13,0.0027397260273972603,58.72,0.0019191281234016032,0.9734043238883425,27138.440895792763,723.7000122070312,0.007307397746256994,2026-08-12
QQQ260813C00667000,2026-07-31 15:22:17+00:00,667.0,24.5,54.9,58.25,0.0,0.0,2.0,2,0.7956563403320311,True,REGULAR,USD,QQQ,call,2026-08-13,0.0027397260273972603,56.575,0.0018549370835860015,0.9762875702475635,1943.0158315497606,723.7000122070312,0.007307397746256994,2026-08-12
QQQ260813C00668000,2026-08-12 17:07:03+00:00,668.0,57.38,54.2,57.21,5.3500023,10.282535,2.0,3,0.7795432202148438,True,REGULAR,USD,QQQ,call,2026-08-13,0.0027397260273972603,55.705,0.0018805124255639007,0.9764775590880409,2954.7083671697696,723.7000122070312,0.007307397746256994,2026-08-12
QQQ260813C00669000,2026-07-31 14:11:09+00:00,669.0,22.44,52.88,56.25,0.0,0.0,7.0,1,0.773439765625,True,REGULAR,USD,QQQ,call,2026-08-13,0.0027397260273972603,54.565,0.0019779604627174828,0.9752521216728607,1035.9403904443461,723.7000122070312,0.007307397746256994,2026-08-12
QQQ260813C00670000,2026-08-12 17:07:01+00:00,670.0,55.4,52.07,55.21,8.710003,18.654964,8.0,30,0.7573266455078126,True,REGULAR,USD,QQQ,call,2026-08-13,0.0027397260273972603,53.64,0.002007137469469062,0.9754404622185157,31536.648173552174,723.7000122070312,0.007307397746256994,2026-08-12
QQQ260813C00671000,2026-08-03 14:22:45+00:00,671.0,27.31,50.9,54.25,0.0,0.0,5.0,3,0.7509790527343749,True,REGULAR,USD,QQQ,call,2026-08-13,0.0027397260273972603,52.575,0.0021116718535388493,0.9741673211282683,3317.911867823559,723.7000122070312,0.007307397746256994,2026-08-12
QQQ260813C00672000,2026-08-06 14:45:24+00:00,672.0,46.22,49.91,53.25,0.0,0.0,14.0,16,0.7397486962890624,True,REGULAR,USD,QQQ,call,2026-08-13,0.0027397260273972603,51.58,0.002183677423455765,0.9735906474769828,18298.927084124465,723.7000122070312,0.007307397746256994,2026-08-12
QQQ260813C00673000,2026-08-03 13:30:31+00:00,673.0,21.62,48.86,52.52,0.0,0.0,4.0,4,0.7597680273437502,True,REGULAR,USD,QQQ,call,2026-08-13,0.0027397260273972603,50.69,0.0025085204169622006,0.9677725375439743,5255.267067603892,723.7000122070312,0.007307397746256994,2026-08-12
QQQ260813C00674000,2026-08-12 19:43:07+00:00,674.0,49.78,47.91,51.25,19.82,66.15488,1.0,14,0.7172879833984375,True,REGULAR,USD,QQQ,call,2026-08-13,0.0027397260273972603,49.58,0.0023392243739956474,0.9723612254925151,17152.09115558621,723.7000122070312,0.007307397746256994,2026-08-12
QQQ260813C00675000,2026-08-12 13:48:48+00:00,675.0,50.37,46.96,50.25,2.2999992,4.7846875,15.0,37,0.7060576269531251,True,REGULAR,USD,QQQ,call,2026-08-13,0.0027397260273972603,48.605000000000004,0.002423327650629375,0.9717050769167299,46960.31719329031,723.7000122070312,0.007307397746256994,2026-08-12
QQQ260813C00676000,2026-08-03 19:37:40+00:00,676.0,27.91,45.88,49.48,0.0,0.0,4.0,4,0.72070591796875,True,REGULAR,USD,QQQ,call,2026-08-13,0.0027397260273972603,47.68,0.0027424913077899685,0.9663176094652488,5745.428323231275,723.7000122070312,0.007307397746256994,2026-08-12
QQQ260813C00677000,2026-08-06 19:39:14+00:00,677.0,39.3,44.92,48.48,0.0,0.0,0.0,62,0.7092314233398438,True,REGULAR,USD,QQQ,call,2026-08-13,0.0027397260273972603,46.7,0.0028424533628003514,0.9654987025566586,92300.10544846229,723.7000122070312,0.007307397746256994,2026-08-12
QQQ260813C00678000,2026-08-12 14:51:33+00:00,678.0,46.48,43.88,47.54,0.48999786,1.0654444,30.0,42,0.7041045214843751,True,REGULAR,USD,QQQ,call,2026-08-13,0.0027397260273972603,45.71,0.003006557088347467,0.9633793636185078,66135.6924334599,723.7000122070312,0.007307397746256994,2026-08-12
QQQ260813C00679000,2026-07-31 15:41:17+00:00,679.0,15.7,42.91,46.48,0.0,0.0,94.0,48,0.6860382958984376,True,REGULAR,USD,QQQ,call,2026-08-13,0.0027397260273972603,44.69499999999999,0.003057240179739368,0.9637921103792962,76857.80123948723,723.7000122070312,0.007307397746256994,2026-08-12
QQQ260813C00680000,2026-08-12 19:21:00+00:00,680.0,44.74,41.91,45.22,8.030003,21.874155,84.0,76,0.6459996337890624,True,REGULAR,USD,QQQ,call,2026-08-13,0.0027397260273972603,43.565,0.0028792532758459034,0.9687094985080785,114606.8620901165,723.7000122070312,0.007307397746256994,2026-08-12
QQQ260813C00681000,2026-08-03 14:50:29+00:00,681.0,20.94,40.89,44.48,0.0,0.0,22.0,10,0.6627230993652344,True,REGULAR,USD,QQQ,call,2026-08-13,0.0027397260273972603,42.685,0.003296423979290932,0.9619409196586386,17264.747241130837,723.7000122070312,0.007307397746256994,2026-08-12
QQQ260813C00682000,2026-08-05 19:47:45+00:00,682.0,39.43,39.88,43.54,0.0,0.0,1.0,9,0.657229990234375,True,REGULAR,USD,QQQ,call,2026-08-13,0.0027397260273972603,41.71,0.0034925759438879855,0.9595553002447694,16462.869201123005,723.7000122070312,0.007307397746256994,2026-08-12
QQQ260813C00683000,2026-08-12 13:53:47+00:00,683.0,42.11,38.91,42.48,5.709999,15.68681,1.0,13,0.6394079028320312,True,REGULAR,USD,QQQ,call,2026-08-13,0.0027397260273972603,40.69499999999999,0.0035653631695564277,0.9598957162381337,24275.282133462184,723.7000122070312,0.007307397746256994,2026-08-12
QQQ260813C00684000,2026-08-12 20:10:52+00:00,684.0,40.08,37.91,41.53,18.750002,87.90437,3.0,22,0.6325720336914062,True,REGULAR,USD,QQQ,call,2026-08-13,0.0027397260273972603,39.72,0.0037680015265694764,0.9576312523382995,43416.110188502724,723.7000122070312,0.007307397746256994,2026-08-12
QQQ260813C00685000,2026-08-12 20:10:52+00:00,685.0,39.12,36.91,40.48,7.129999,22.288214,78.0,110,0.6157264990234376,True,REGULAR,USD,QQQ,call,2026-08-13,0.0027397260273972603,38.69499999999999,0.0038648313142540833,0.9577159038627123,222659.06876157573,723.7000122070312,0.007307397746256994,2026-08-12
QQQ260813C00686000,2026-07-31 15:40:01+00:00,686.0,11.93,36.45,39.25,0.0,0.0,43.0,19,0.5808147387695313,True,REGULAR,USD,QQQ,call,2026-08-13,0.0027397260273972603,37.85,0.0037286183479891015,0.9623457116765102,37103.82587557533,723.7000122070312,0.007307397746256994,2026-08-12
QQQ260813C00687000,2026-08-11 14:03:40+00:00,687.0,34.58,34.91,38.49,0.0,0.0,3.0,59,0.5931437170410157,True,REGULAR,USD,QQQ,call,2026-08-13,0.0027397260273972603,36.7,0.004219148278802329,0.9549936841902595,130374.89154233545,723.7000122070312,0.007307397746256994,2026-08-12
QQQ260813C00688000,2026-08-10 16:32:58+00:00,688.0,34.32,34.33,36.18,0.0,0.0,2.0,25,0.4204159521484375,True,REGULAR,USD,QQQ,call,2026-08-13,0.0027397260273972603,35.254999999999995,0.0017187725468701214,0.9896897066036917,22504.82171978552,723.7000122070312,0.007307397746256994,2026-08-12
QQQ260813C00689000,2026-08-11 16:16:36+00:00,689.0,36.12,33.77,35.18,4.0,12.4533,3.0,35,0.4106504248046875,True,REGULAR,USD,QQQ,call,2026-08-13,0.0027397260273972603,34.475,0.0018134218498173152,0.9893273153047732,33241.762972131466,723.7000122070312,0.007307397746256994,2026-08-12
QQQ260813C00690000,2026-08-12 19:54:37+00:00,690.0,33.86,32.94,34.18,1.5400009,4.7648544,144.0,260,0.4008848974609375,True,REGULAR,USD,QQQ,call,2026-08-13,0.0027397260273972603,33.56,0.00191633049790931,0.9889386847181463,260952.1739323634,723.7000122070312,0.007307397746256994,2026-08-12
QQQ260813C00691000,2026-08-12 16:08:17+00:00,691.0,32.69,31.59,33.18,5.1799984,18.82951,2.0,172,0.39111937011718745,True,REGULAR,USD,QQQ,call,2026-08-13,0.0027397260273972603,32.385,0.002028499681927453,0.9885209256474284,182734.5006358283,723.7000122070312,0.007307397746256994,2026-08-12
QQQ260813C00692000,2026-08-12 18:23:00+00:00,692.0,32.98,30.78,32.18,2.6099987,8.594003,21.0,44,0.3813538427734374,True,REGULAR,USD,QQQ,call,2026-08-13,0.0027397260273972603,31.48,0.0021510861179040736,0.9880707292026261,49570.99473625164,723.7000122070312,0.007307397746256994,2026-08-12
QQQ260813C00693000,2026-08-12 20:09:10+00:00,693.0,31.01,30.02,31.18,4.700001,17.863934,3.0,47,0.3715883154296875,True,REGULAR,USD,QQQ,call,2026-08-13,0.0027397260273972603,30.6,0.002285431595192205,0.9875842909337745,56257.86478199436,723.7000122070312,0.007307397746256994,2026-08-12
QQQ260813C00694000,2026-08-12 20:09:10+00:00,694.0,29.99,28.79,30.18,4.6900005,18.537552,2.0,48,0.3618227880859375,True,REGULAR,USD,QQQ,call,2026-08-13,0.0027397260273972603,29.485,0.0024330991857357334,0.9870572184808494,61167.14507827036,723.7000122070312,0.007307397746256994,2026-08-12
QQQ260813C00695000,2026-08-12 19:44:55+00:00,695.0,28.64,27.45,29.17,2.3099995,8.77326,6.0,235,0.3505924316406249,True,REGULAR,USD,QQQ,call,2026-08-13,0.0027397260273972603,28.310000000000002,0.002554384473282736,0.9867983815676914,314391.8562285398,723.7000122070312,0.007307397746256994,2026-08-12
QQQ260813C00696000,2026-08-12 19:49:03+00:00,696.0,28.15,26.8,28.17,1.6999989,6.4272165,7.0,58,0.34058276611328125,True,REGULAR,USD,QQQ,call,2026-08-13,0.0027397260273972603,27.485,0.0027237971544053887,0.9862482046980869,82740.83803346424,723.7000122070312,0.007307397746256994,2026-08-12
QQQ260813C00697000,2026-08-11 14:31:50+00:00,697.0,24.39,25.35,27.17,0.0,0.0,1.0,62,0.3305731005859375,True,REGULAR,USD,QQQ,call,2026-08-13,0.0027397260273972603,26.26,0.002911499634084933,0.985648136997913,94542.17499436732,723.7000122070312,0.007307397746256994,2026-08-12
QQQ260813C00698000,2026-08-12 16:29:39+00:00,698.0,26.48,24.62,26.17,6.16,30.31496,2.0,52,0.32080757324218745,True,REGULAR,USD,QQQ,call,2026-08-13,0.0027397260273972603,25.395000000000003,0.0031289858359155997,0.984929100160318,85216.58001858827,723.7000122070312,0.007307397746256994,2026-08-12
QQQ260813C00699000,2026-08-11 19:01:44+00:00,699.0,18.5,23.99,25.17,0.0,0.0,1.0,80,0.3107979077148437,True,REGULAR,USD,QQQ,call,2026-08-13,0.0027397260273972603,24.58,0.0033628567987313744,0.9842032494275958,140901.4689929641,723.7000122070312,0.007307397746256994,2026-08-12
QQQ260813C00700000,2026-08-12 19:56:28+00:00,700.0,23.27,22.37,24.17,5.8100014,33.27607,138.0,530,0.3007882421875,True,REGULAR,USD,QQQ,call,2026-08-13,0.0027397260273972603,23.270000000000003,0.003625161071987523,0.9834023383542194,1006283.466720459,723.7000122070312,0.007307397746256994,2026-08-12
QQQ260813C00701000,2026-08-12 19:21:03+00:00,701.0,23.53,21.65,23.17,2.380001,11.25296,50.0,255,0.29077857666015616,True,REGULAR,USD,QQQ,call,2026-08-13,0.0027397260273972603,22.41,0.003920728313419101,0.9825146837363679,523629.4802544184,723.7000122070312,0.007307397746256994,2026-08-12
QQQ260813C00702000,2026-08-12 19:48:56+00:00,702.0,21.88,20.41,22.17,4.91,28.933413,40.0,202,0.28076891113281244,True,REGULAR,USD,QQQ,call,2026-08-13,0.0027397260273972603,21.29,0.004255445178019672,0.9815261930284157,450208.33313395595,723.7000122070312,0.007307397746256994,2026-08-12
QQQ260813C00703000,2026-08-12 17:19:02+00:00,703.0,21.77,19.41,21.18,5.75,35.89263,4.0,103,0.27197993652343744,True,REGULAR,USD,QQQ,call,2026-08-13,0.0027397260273972603,20.295,0.004703883912909542,0.9799784071534968,253752.8799018071,723.7000122070312,0.007307397746256994,2026-08-12
QQQ260813C00704000,2026-08-12 19:43:14+00:00,704.0,19.24,18.43,20.18,-0.13000107,-0.67114645,37.0,114,0.2617261328125,True,REGULAR,USD,QQQ,call,2026-08-13,0.0027397260273972603,19.305,0.00513220541672155,0.9787931587951926,306426.3033127318,723.7000122070312,0.007307397746256994,2026-08-12
QQQ260813C00705000,2026-08-12 16:44:14+00:00,705.0,19.5,18.06,19.18,5.2,36.363636,71.0,2107,0.2512281909179687,True,REGULAR,USD,QQQ,call,2026-08-13,0.0027397260273972603,18.619999999999997,0.005608551176919595,0.9775578211229733,6189169.58418281,723.7000122070312,0.007307397746256994,2026-08-12
QQQ260813C00706000,2026-08-12 19:24:14+00:00,706.0,18.27,16.87,18.19,4.38,31.533476,33.0,92,0.242195078125,True,REGULAR,USD,QQQ,call,2026-08-13,0.0027397260273972603,17.53,0.00626759574415525,0.9754804586789115,301999.3194177872,723.7000122070312,0.007307397746256994,2026-08-12
QQQ260813C00707000,2026-08-12 20:02:08+00:00,707.0,17.26,15.78,17.19,5.63,48.409286,101.0,225,0.23169713623046873,True,REGULAR,USD,QQQ,call,2026-08-13,0.0027397260273972603,16.485,0.006921322997356525,0.973819729525707,815621.7433411062,723.7000122070312,0.007307397746256994,2026-08-12
QQQ260813C00708000,2026-08-12 20:05:32+00:00,708.0,15.86,14.17,16.21,4.8199997,43.659416,7.0,223,0.22339643798828124,True,REGULAR,USD,QQQ,call,2026-08-13,0.0027397260273972603,15.190000000000001,0.007888384320363807,0.970683025887103,921319.1200564102,723.7000122070312,0.007307397746256994,2026-08-12
QQQ260813C00709000,2026-08-12 19:38:41+00:00,709.0,14.95,13.54,15.22,5.6499996,60.75268,27.0,149,0.213875048828125,True,REGULAR,USD,QQQ,call,2026-08-13,0.0027397260273972603,14.379999999999999,0.008919493950742085,0.9677364025252055,696055.1380017198,723.7000122070312,0.007307397746256994,2026-08-12
QQQ260813C00710000,2026-08-12 20:12:23+00:00,710.0,13.7,13.2,13.8,3.8099995,38.523754,401.0,350,0.14112187011718752,True,REGULAR,USD,QQQ,call,2026-08-13,0.0027397260273972603,13.5,0.0025022055254041733,0.9954182878610855,458678.28818442085,723.7000122070312,0.007307397746256994,2026-08-12
QQQ260813C00711000,2026-08-12 19:53:20+00:00,711.0,12.9,11.6,13.27,3.4299994,36.219635,18.0,261,0.19702951416015624,True,REGULAR,USD,QQQ,call,2026-08-13,0.0027397260273972603,12.434999999999999,0.011917487382229428,0.9584079801105155,1629079.8352910804,723.7000122070312,0.007307397746256994,2026-08-12
QQQ260813C00712000,2026-08-12 20:14:47+00:00,712.0,11.89,11.47,12.31,3.3600006,39.390396,51.0,209,0.18946123046875002,True,REGULAR,USD,QQQ,call,2026-08-13,0.0027397260273972603,11.89,0.014025220225769422,0.951500469418904,1535228.8934173686,723.7000122070312,0.007307397746256994,2026-08-12
QQQ260813C00713000,2026-08-12 20:14:52+00:00,713.0,10.9,10.7,11.36,3.4499998,46.308723,62.0,159,0.18225915405273438,True,REGULAR,USD,QQQ,call,2026-08-13,0.0027397260273972603,11.03,0.01664679570245554,0.9426774640012747,1386260.7721375076,723.7000122070312,0.007307397746256994,2026-08-12
QQQ260813C00714000,2026-08-12 20:01:46+00:00,714.0,10.65,9.0,10.42,3.8399997,56.38766,142.0,252,0.1753012158203125,True,REGULAR,USD,QQQ,call,2026-08-13,0.0027397260273972603,9.71,0.019882111165655587,0.9315132942102673,2624098.8951965487,723.7000122070312,0.007307397746256994,2026-08-12
QQQ260813C00715000,2026-08-12 20:06:58+00:00,715.0,9.73,8.19,9.78,3.6799994,60.826435,700.0,499,0.18909502319335939,True,REGULAR,USD,QQQ,call,2026-08-13,0.0027397260273972603,8.985,0.025883756381410123,0.8921354521342495,6764644.981268958,723.7000122070312,0.007307397746256994,2026-08-12
QQQ260813C00716000,2026-08-12 20:12:07+00:00,716.0,8.09,7.74,8.9,2.6000004,47.35884,379.0,457,0.18335777587890623,True,REGULAR,USD,QQQ,call,2026-08-13,0.0027397260273972603,8.32,0.030307157726146335,0.8709240691714379,7254017.001725605,723.7000122070312,0.007307397746256994,2026-08-12
QQQ260813C00717000,2026-08-12 20:09:19+00:00,717.0,7.57,7.19,7.35,2.73,56.404957,587.0,581,0.13257703369140628,True,REGULAR,USD,QQQ,call,2026-08-13,0.0027397260273972603,7.27,0.03152333770620689,0.9130212242793055,9592360.38528345,723.7000122070312,0.007307397746256994,2026-08-12
QQQ260813C00718000,2026-08-12 20:13:27+00:00,718.0,6.38,6.35,6.51,1.94,43.69369,1036.0,1243,0.13050185913085935,True,REGULAR,USD,QQQ,call,2026-08-13,0.0027397260273972603,6.43,0.04036684910139939,0.8804163001351223,26279260.484581377,723.7000122070312,0.007307397746256994,2026-08-12
QQQ260813C00719000,2026-08-12 20:11:56+00:00,719.0,5.7,5.55,5.7,1.7999997,46.153835,900.0,1443,0.12818254638671872,True,REGULAR,USD,QQQ,call,2026-08-13,0.0027397260273972603,5.625,0.0502916802370253,0.8391099454715489,38008404.25541868,723.7000122070312,0.007307397746256994,2026-08-12
QQQ260813C00720000,2026-08-12 20:14:30+00:00,720.0,4.79,4.78,4.93,1.3799999,40.469204,8169.0,2171,0.12586323364257812,True,REGULAR,USD,QQQ,call,2026-08-13,0.0027397260273972603,4.855,0.060859438166491045,0.7875571044706682,69199813.2046152,723.7000122070312,0.007307397746256994,2026-08-12
QQQ260813C00721000,2026-08-12 20:14:09+00:00,721.0,4.1,4.07,4.18,1.1599998,39.455776,3199.0,1202,0.1223842645263672,True,REGULAR,USD,QQQ,call,2026-08-13,0.0027397260273972603,4.125,0.07171396957304683,0.7270145295050189,45146635.45922133,723.7000122070312,0.007307397746256994,2026-08-12
QQQ260813C00722000,2026-08-12 20:13:30+00:00,722.0,3.36,3.42,3.51,0.81999993,32.283463,4377.0,2018,0.12043115905761718,True,REGULAR,USD,QQQ,call,2026-08-13,0.0027397260273972603,3.465,0.08093084957443995,0.6530710825105259,85536686.2228176,723.7000122070312,0.007307397746256994,2026-08-12
QQQ260813C00723000,2026-08-12 20:14:55+00:00,723.0,2.84,2.83,2.89,0.64999986,29.680357,11802.0,2527,0.118172880859375,True,REGULAR,USD,QQQ,call,2026-08-13,0.0027397260273972603,2.8600000000000003,0.08773175336737592,0.5703493398952796,116112562.82822865,723.7000122070312,0.007307397746256994,2026-08-12
QQQ260813C00724000,2026-08-12 20:15:00+00:00,724.0,2.3,2.3,2.32,0.45999992,24.999996,31418.0,940,0.11536529174804688,False,REGULAR,USD,QQQ,call,2026-08-13,0.0027397260273972603,2.3099999999999996,0.09118713005761199,0.4810715955248225,44892993.02093383,723.7000122070312,0.007307397746256994,2026-08-12
QQQ260813C00725000,2026-08-12 20:14:57+00:00,725.0,1.81,1.81,1.84,0.26,16.774195,50292.0,2728,0.1137783935546875,False,REGULAR,USD,QQQ,call,2026-08-13,0.0027397260273972603,1.8250000000000002,0.08900548999803737,0.38974827556943425,127168140.61834398,723.7000122070312,0.007307397746256994,2026-08-12
QQQ260813C00726000,2026-08-12 20:14:55+00:00,726.0,1.43,1.39,1.43,0.13,10.0,39255.0,1008,0.11243563354492186,False,REGULAR,USD,QQQ,call,2026-08-13,0.0027397260273972603,1.41,0.08192533736893533,0.30236893453966274,43250977.82368002,723.7000122070312,0.007307397746256994,2026-08-12
QQQ260813C00727000,2026-08-12 20:14:59+00:00,727.0,1.08,1.05,1.08,0.0,0.0,25899.0,727,0.11084873535156249,False,REGULAR,USD,QQQ,call,2026-08-13,0.0027397260273972603,1.065,0.07105148567493909,0.22293195280865402,27053579.42171535,723.7000122070312,0.007307397746256994,2026-08-12
QQQ260813C00728000,2026-08-12 20:14:59+00:00,728.0,0.78,0.77,0.8,-0.120000005,-13.333334,13083.0,726,0.10962804443359375,False,REGULAR,USD,QQQ,call,2026-08-13,0.0027397260273972603,0.785,0.05766020636992077,0.15614493117992878,21924513.892754722,723.7000122070312,0.007307397746256994,2026-08-12
QQQ260813C00729000,2026-08-12 20:14:57+00:00,729.0,0.59,0.56,0.59,-0.110000014,-15.714289,7365.0,650,0.10938390625,False,REGULAR,USD,QQQ,call,2026-08-13,0.0027397260273972603,0.575,0.04394614884063409,0.10520304437454409,14960680.175509827,723.7000122070312,0.007307397746256994,2026-08-12
QQQ260813C00730000,2026-08-12 20:14:53+00:00,730.0,0.42,0.41,0.42,-0.16,-27.586208,31455.0,8352,0.10865149169921876,False,REGULAR,USD,QQQ,call,2026-08-13,0.0027397260273972603,0.415,0.031375999244340494,0.0665525899354148,137247743.02954125,723.7000122070312,0.007307397746256994,2026-08-12
QQQ260813C00731000,2026-08-12 20:14:54+00:00,731.0,0.29,0.27,0.29,-0.19,-39.583336,9369.0,656,0.1079190771484375,False,REGULAR,USD,QQQ,call,2026-08-13,0.0027397260273972603,0.28,0.020937729730180838,0.03966881620865141,7193671.284272112,723.7000122070312,0.007307397746256994,2026-08-12
QQQ260813C00732000,2026-08-12 20:14:58+00:00,732.0,0.2,0.19,0.2,-0.17999999,-47.368423,7034.0,877,0.1079190771484375,False,REGULAR,USD,QQQ,call,2026-08-13,0.0027397260273972603,0.195,0.013298495106464704,0.02293690151147882,6108284.422493351,723.7000122070312,0.007307397746256994,2026-08-12
QQQ260813C00733000,2026-08-12 20:14:39+00:00,733.0,0.14,0.13,0.14,-0.16000001,-53.333336,11194.0,496,0.10865149169921876,False,REGULAR,USD,QQQ,call,2026-08-13,0.0027397260273972603,0.135,0.008189860796024927,0.01310430744470188,2127528.3527230145,723.7000122070312,0.007307397746256994,2026-08-12
QQQ260813C00734000,2026-08-12 20:14:48+00:00,734.0,0.09,0.09,0.1,-0.14999999,-62.499996,5168.0,241,0.11011632080078124,False,REGULAR,USD,QQQ,call,2026-08-13,0.0027397260273972603,0.095,0.004993693988056569,0.007549578054886913,630312.8018677079,723.7000122070312,0.007307397746256994,2026-08-12
QQQ260813C00735000,2026-08-12 20:14:58+00:00,735.0,0.08,0.07,0.08,-0.11,-57.894737,10358.0,3604,0.1137783935546875,False,REGULAR,USD,QQQ,call,2026-08-13,0.0027397260273972603,0.07500000000000001,0.0033173665485475806,0.004937134292017446,6261745.368839088,723.7000122070312,0.007307397746256994,2026-08-12
QQQ260813C00736000,2026-08-12 20:14:59+00:00,736.0,0.06,0.04,0.06,-0.09,-59.999996,3600.0,320,0.116219775390625,False,REGULAR,USD,QQQ,call,2026-08-13,0.0027397260273972603,0.05,0.002069120749581587,0.0029854332926633645,346779.1471225915,723.7000122070312,0.007307397746256994,2026-08-12
QQQ260813C00737000,2026-08-12 20:12:49+00:00,737.0,0.04,0.03,0.05,-0.060000002,-60.0,4837.0,266,0.1206142626953125,False,REGULAR,USD,QQQ,call,2026-08-13,0.0027397260273972603,0.04,0.0014450767488444532,0.0020913270535299327,201321.29246437247,723.7000122070312,0.007307397746256994,2026-08-12
QQQ260813C00738000,2026-08-12 20:14:45+00:00,738.0,0.03,0.03,0.04,-0.060000002,-66.666664,4408.0,355,0.124032197265625,False,REGULAR,USD,QQQ,call,2026-08-13,0.0027397260273972603,0.035,0.0009609530257604204,0.0013776127084669015,178668.3684388314,723.7000122070312,0.007307397746256994,2026-08-12
QQQ260813C00739000,2026-08-12 20:14:51+00:00,739.0,0.03,0.02,0.03,-0.049999997,-62.499996,6067.0,259,0.125985302734375,False,REGULAR,USD,QQQ,call,2026-08-13,0.0027397260273972603,0.025,0.0005806735354146428,0.0008090275286020371,78767.84380030986,723.7000122070312,0.007307397746256994,2026-08-12
QQQ260813C00740000,2026-08-12 20:13:06+00:00,740.0,0.02,0.02,0.03,-0.05,-71.42857,12332.0,2830,0.132821171875,False,REGULAR,USD,QQQ,call,2026-08-13,0.0027397260273972603,0.025,0.0004978283947083931,0.0007249273090987999,737875.7868042901,723.7000122070312,0.007307397746256994,2026-08-12
QQQ260813C00741000,2026-08-12 20:14:04+00:00,741.0,0.02,0.01,0.02,-0.030000001,-60.0,4633.0,98,0.132821171875,False,REGULAR,USD,QQQ,call,2026-08-13,0.0027397260273972603,0.015,0.00026317070526289487,0.0003640352266956656,13507.680509104675,723.7000122070312,0.007307397746256994,2026-08-12
QQQ260813C00742000,2026-08-12 20:10:11+00:00,742.0,0.01,0.01,0.02,-0.04,-80.00001,1656.0,189,0.14063359375,False,REGULAR,USD,QQQ,call,2026-08-13,0.0027397260273972603,0.015,0.0002526851964992472,0.0003705579812459374,25012.595723923474,723.7000122070312,0.007307397746256994,2026-08-12
QQQ260813C00743000,2026-08-12 20:10:04+00:00,743.0,0.02,0.01,0.02,-0.030000001,-60.0,1673.0,159,0.14649291015625,False,REGULAR,USD,QQQ,call,2026-08-13,0.0027397260273972603,0.015,0.00021149784136257745,0.0003197357844610537,17612.468255945176,723.7000122070312,0.007307397746256994,2026-08-12
QQQ260813C00744000,2026-08-12 20:10:46+00:00,744.0,0.02,0.01,0.02,-0.02,-50.0,654.0,86,0.15235222656250003,False,REGULAR,USD,QQQ,call,2026-08-13,0.0027397260273972603,0.015,0.00017907572605896987,0.00027889883208842835,8065.890684856059,723.7000122070312,0.007307397746256994,2026-08-12
QQQ260813C00745000,2026-08-12 19:57:36+00:00,745.0,0.01,0.0,0.02,-0.02,-66.66667,480.0,686,0.1601646484375,False,REGULAR,USD,QQQ,call,2026-08-13,0.0027397260273972603,0.01,0.00017542228256170602,0.0002878424700674478,63026.91256072903,723.7000122070312,0.007307397746256994,2026-08-12
QQQ260813C00746000,2026-08-12 19:23:03+00:00,746.0,0.01,0.0,0.02,-0.02,-66.66667,446.0,420,0.16602396484375004,False,REGULAR,USD,QQQ,call,2026-08-13,0.0027397260273972603,0.01,0.00015120921932272136,0.0002550734653465949,33261.721392184474,723.7000122070312,0.007307397746256994,2026-08-12
QQQ260813C00747000,2026-08-12 17:59:01+00:00,747.0,0.01,0.0,0.02,-0.01,-50.0,265.0,65,0.17188328125000002,False,REGULAR,USD,QQQ,call,2026-08-13,0.0027397260273972603,0.01,0.00013147793902154906,0.0002278803363223864,4475.931219751901,723.7000122070312,0.007307397746256994,2026-08-12
QQQ260813C00748000,2026-08-12 15:12:13+00:00,748.0,0.01,0.0,0.02,-0.03,-75.0,538.0,263,0.179695703125,False,REGULAR,USD,QQQ,call,2026-08-13,0.0027397260273972603,0.01,0.0001305028256332495,0.00023710031787935377,17975.99023396457,723.7000122070312,0.007307397746256994,2026-08-12
QQQ260813C00749000,2026-08-12 19:26:32+00:00,749.0,0.01,0.0,0.01,-0.01,-50.0,34.0,206,0.17188328125000002,False,REGULAR,USD,QQQ,call,2026-08-13,0.0027397260273972603,0.005,4.4383219161466276e-05,7.156698876070799e-05,4788.540657062646,723.7000122070312,0.007307397746256994,2026-08-12
QQQ260813C00750000,2026-08-12 19:58:01+00:00,750.0,0.02,0.0,0.02,0.0,0.0,438.0,558,0.1914143359375,False,REGULAR,USD,QQQ,call,2026-08-13,0.0027397260273972603,0.01,0.00010203210406343073,0.00019491266658574103,29818.66537790631,723.7000122070312,0.007307397746256994,2026-08-12
QQQ260813C00751000,2026-08-12 14:51:48+00:00,751.0,0.01,0.0,0.02,-0.01,-50.0,387.0,97,0.19727365234375,False,REGULAR,USD,QQQ,call,2026-08-13,0.0027397260273972603,0.01,9.109446823767256e-05,0.00017830746523109142,4627.867318333019,723.7000122070312,0.007307397746256994,2026-08-12
QQQ260813C00752000,2026-08-12 16:01:35+00:00,752.0,0.01,0.0,0.01,-0.01,-50.0,43.0,161,0.1914143359375,False,REGULAR,USD,QQQ,call,2026-08-13,0.0027397260273972603,0.005,3.8366531627104675e-05,6.873338490320678e-05,3235.1585994630036,723.7000122070312,0.007307397746256994,2026-08-12
QQQ260813C00753000,2026-08-12 15:04:21+00:00,753.0,0.01,0.0,0.01,-0.01,-50.0,9.0,42,0.195320546875,False,REGULAR,USD,QQQ,call,2026-08-13,0.0027397260273972603,0.005,3.061373014898169e-05,5.526879908076942e-05,673.414866865818,723.7000122070312,0.007307397746256994,2026-08-12
QQQ260813C00754000,2026-08-12 13:51:16+00:00,754.0,0.01,0.0,0.01,-0.01,-50.0,90.0,42,0.20313296874999998,False,REGULAR,USD,QQQ,call,2026-08-13,0.0027397260273972603,0.005,3.232323805815587e-05,6.103281745863833e-05,711.0191717140103,723.7000122070312,0.007307397746256994,2026-08-12
QQQ260813C00755000,2026-08-12 19:40:41+00:00,755.0,0.01,0.0,0.01,-0.01,-50.0,2.0,1486,0.20703917968749996,False,REGULAR,USD,QQQ,call,2026-08-13,0.0027397260273972603,0.005,2.6177359827750973e-05,4.980211792524264e-05,20373.320255718816,723.7000122070312,0.007307397746256994,2026-08-12
QQQ260813C00756000,2026-08-12 14:31:10+00:00,756.0,0.02,0.0,0.01,0.01,100.0,2.0,30,0.2148516015625,False,REGULAR,USD,QQQ,call,2026-08-13,0.0027397260273972603,0.005,2.770919689721379e-05,5.501286862785727e-05,435.3738630320479,723.7000122070312,0.007307397746256994,2026-08-12
QQQ260813C00757000,2026-08-10 14:53:21+00:00,757.0,0.06,0.0,0.01,0.0,0.0,5.0,27,0.21875781249999998,False,REGULAR,USD,QQQ,call,2026-08-13,0.0027397260273972603,0.005,2.2738624289143172e-05,4.547780293571209e-05,321.54747971113716,723.7000122070312,0.007307397746256994,2026-08-12
QQQ260813C00758000,2026-08-11 14:51:15+00:00,758.0,0.02,0.0,0.01,0.0,0.0,2.0,28,0.22657023437499998,False,REGULAR,USD,QQQ,call,2026-08-13,0.0027397260273972603,0.005,2.411231364462963e-05,5.0224618984804966e-05,353.6014810741214,723.7000122070312,0.007307397746256994,2026-08-12
QQQ260813C00759000,2026-08-12 14:40:28+00:00,759.0,0.01,0.0,0.01,-0.049999997,-83.333336,1.0,82,0.2304764453125,False,REGULAR,USD,QQQ,call,2026-08-13,0.0027397260273972603,0.005,2.002171756436168e-05,4.200438108282191e-05,859.869100904375,723.7000122070312,0.007307397746256994,2026-08-12
QQQ260813C00760000,2026-08-12 19:40:41+00:00,760.0,0.01,0.0,0.01,-0.01,-50.0,303.0,373,0.23438265625,False,REGULAR,USD,QQQ,call,2026-08-13,0.0027397260273972603,0.005,1.6703722248847307e-05,3.530140263886399e-05,3263.1666336065223,723.7000122070312,0.007307397746256994,2026-08-12
QQQ260813C00765000,2026-08-12 19:40:00+00:00,765.0,0.01,0.0,0.01,-0.01,-50.0,7.0,238,0.26563234375,False,REGULAR,USD,QQQ,call,2026-08-13,0.0027397260273972603,0.005,1.4590266922759392e-05,3.492583243375922e-05,1818.6844526045772,723.7000122070312,0.007307397746256994,2026-08-12
QQQ260813C00770000,2026-08-11 20:05:52+00:00,770.0,0.01,0.0,0.01,0.0,0.0,11.0,209,0.2929758203124999,False,REGULAR,USD,QQQ,call,2026-08-13,0.0027397260273972603,0.005,1.0729620567729213e-05,2.799606897691322e-05,1174.4859079444136,723.7000122070312,0.007307397746256994,2026-08-12
QQQ260813C00775000,2026-08-12 14:26:11+00:00,775.0,0.01,0.0,0.01,0.0,0.0,2.0,106,0.32031929687499994,False,REGULAR,USD,QQQ,call,2026-08-13,0.0027397260273972603,0.005,8.3212833788078e-06,2.3523576057846916e-05,461.9695356818543,723.7000122070312,0.007307397746256994,2026-08-12
QQQ260813C00780000,2026-08-06 18:21:45+00:00,780.0,0.03,0.0,0.01,0.0,0.0,0.0,49,0.34766277343749996,False,REGULAR,USD,QQQ,call,2026-08-13,0.0027397260273972603,0.005,6.7291256242112274e-06,2.050090081452463e-05,172.69186353145807,723.7000122070312,0.007307397746256994,2026-08-12
QQQ260813C00785000,2026-08-10 16:12:36+00:00,785.0,0.02,0.0,0.01,0.0,0.0,5.0,144,0.37500625,False,REGULAR,USD,QQQ,call,2026-08-13,0.0027397260273972603,0.005,5.6269552077567455e-06,1.8389421039635187e-05,424.3782426457588,723.7000122070312,0.007307397746256994,2026-08-12
QQQ260813C00790000,2026-08-10 19:55:24+00:00,790.0,0.01,0.0,0.01,0.0,0.0,1.0,168,0.398443515625,False,REGULAR,USD,QQQ,call,2026-08-13,0.0027397260273972603,0.005,4.1183130106997225e-06,1.4112417131686104e-05,362.3646245414324,723.7000122070312,0.007307397746256994,2026-08-12
QQQ260813C00795000,2026-08-07 20:01:16+00:00,795.0,0.02,0.0,0.01,0.0,0.0,40.0,41,0.42969320312500003,False,REGULAR,USD,QQQ,call,2026-08-13,0.0027397260273972603,0.005,4.249254761854249e-06,1.5790859845508972e-05,91.24598975696658,723.7000122070312,0.007307397746256994,2026-08-12
QQQ260813C00800000,2026-08-07 17:43:46+00:00,800.0,0.01,0.0,0.01,0.0,0.0,5.0,45,0.45313046875,False,REGULAR,USD,QQQ,call,2026-08-13,0.0027397260273972603,0.005,3.2975939574784834e-06,1.2789011684512787e-05,77.71893707191352,723.7000122070312,0.007307397746256994,2026-08-12
QQQ260813C00805000,2026-08-12 14:34:21+00:00,805.0,0.01,0.0,0.01,-0.02,-66.66667,2.0,4,0.476567734375,False,REGULAR,USD,QQQ,call,2026-08-13,0.0027397260273972603,0.005,2.630005135692176e-06,1.0631938107382944e-05,5.509773523776931,723.7000122070312,0.007307397746256994,2026-08-12
QQQ260813C00810000,2026-08-06 19:17:11+00:00,810.0,0.03,0.0,0.01,0.0,0.0,0.0,22,0.500005,False,REGULAR,USD,QQQ,call,2026-08-13,0.0027397260273972603,0.005,2.148468415114668e-06,9.042375790782175e-06,24.755335365285806,723.7000122070312,0.007307397746256994,2026-08-12
QQQ260813C00825000,2026-08-06 15:01:21+00:00,825.0,0.03,0.0,0.01,0.0,0.0,0.0,1,0.5468795312500001,False,REGULAR,USD,QQQ,call,2026-08-13,0.0027397260273972603,0.005,5.919601479701648e-07,2.575945123017403e-06,0.3100342187695667,723.7000122070312,0.007307397746256994,2026-08-12
QQQ260813C00835000,2026-08-05 15:27:24+00:00,835.0,0.05,0.0,0.01,0.0,0.0,0.0,2,0.5937540625000001,False,REGULAR,USD,QQQ,call,2026-08-13,0.0027397260273972603,0.005,4.85365925422757e-07,2.2813973952596853e-06,0.5084127572499916,723.7000122070312,0.007307397746256994,2026-08-12
QQQ260813C00845000,2026-08-04 17:17:15+00:00,845.0,0.03,0.0,0.01,0.0,0.0,0.0,3,0.64062859375,False,REGULAR,USD,QQQ,call,2026-08-13,0.0027397260273972603,0.005,4.155670237637034e-07,2.100231977731159e-06,0.6529493480301011,723.7000122070312,0.007307397746256994,2026-08-12
QQQ260813C00855000,2026-08-04 17:22:24+00:00,855.0,0.03,0.0,0.01,0.0,0.0,0.0,16,0.6875031250000001,False,REGULAR,USD,QQQ,call,2026-08-13,0.0027397260273972603,0.005,3.6835740028886745e-07,1.993519395813317e-06,3.0867861417536777,723.7000122070312,0.007307397746256994,2026-08-12
QQQ260813C00905000,2026-08-05 15:24:24+00:00,905.0,0.03,0.0,0.01,0.0,0.0,0.0,1,0.8906260937499999,False,REGULAR,USD,QQQ,call,2026-08-13,0.0027397260273972603,0.005,1.3559273367973915e-07,9.214902921862884e-07,0.07101556988486092,723.7000122070312,0.007307397746256994,2026-08-12
QQQ260813C00950000,2026-08-05 19:01:28+00:00,950.0,0.01,0.0,0.01,0.0,0.0,0.0,5,1.0625046875000002,False,REGULAR,USD,QQQ,call,2026-08-13,0.0027397260273972603,0.005,7.273456217176728e-08,5.792606930156002e-07,0.19047061899179482,723.7000122070312,0.007307397746256994,2026-08-12
QQQ260813P00495000,2026-08-11 19:39:58+00:00,495.0,0.01,0.0,0.01,0.0,0.0,48.0,138,1.5000025,False,REGULAR,USD,QQQ,put,2026-08-13,0.0027397260273972603,0.005,4.773579190350807e-08,-5.351064358283253e-07,-3.4501690732460206,723.7000122070312,0.007307397746256994,2026-08-12
QQQ260813P00505000,2026-08-11 19:45:23+00:00,505.0,0.01,0.0,0.01,0.0,0.0,1716.0,1611,1.4375028125,False,REGULAR,USD,QQQ,put,2026-08-13,0.0027397260273972603,0.005,6.569196279003892e-08,-7.134635406913503e-07,-55.4274550632856,723.7000122070312,0.007307397746256994,2026-08-12
QQQ260813P00525000,2026-08-12 13:38:58+00:00,525.0,0.01,0.0,0.01,0.0,0.0,654.0,104,1.2812535937499998,False,REGULAR,USD,QQQ,put,2026-08-13,0.0027397260273972603,0.005,7.365927441751714e-08,-7.13022209497538e-07,-4.012157153581192,723.7000122070312,0.007307397746256994,2026-08-12
QQQ260813P00530000,2026-08-12 13:39:00+00:00,530.0,0.01,0.0,0.01,0.0,0.0,1692.0,103,1.2500037499999999,False,REGULAR,USD,QQQ,put,2026-08-13,0.0027397260273972603,0.005,8.555346642800339e-08,-8.12022691643044e-07,-4.615215616207728,723.7000122070312,0.007307397746256994,2026-08-12
QQQ260813P00550000,2026-08-12 13:38:58+00:00,550.0,0.01,0.0,0.01,-0.03,-75.0,192.0,2,1.09375453125,False,REGULAR,USD,QQQ,put,2026-08-13,0.0027397260273972603,0.005,8.493622103837896e-08,-7.01422958160336e-07,-0.08896928289909228,723.7000122070312,0.007307397746256994,2026-08-12
QQQ260813P00555000,2026-08-12 13:39:53+00:00,555.0,0.01,0.0,0.01,-0.01,-50.0,4106.0,12,1.0625046875000002,False,REGULAR,USD,QQQ,put,2026-08-13,0.0027397260273972603,0.005,9.742910818981581e-08,-7.849999612563607e-07,-0.6123322499993881,723.7000122070312,0.007307397746256994,2026-08-12
QQQ260813P00560000,2026-08-12 13:39:57+00:00,560.0,0.01,0.0,0.01,-0.07,-87.5,2354.0,4,1.0312548437500002,False,REGULAR,USD,QQQ,put,2026-08-13,0.0027397260273972603,0.005,1.1169802779405317e-07,-8.772756376895785e-07,-0.23400366328022482,723.7000122070312,0.007307397746256994,2026-08-12
QQQ260813P00565000,2026-08-12 13:59:22+00:00,565.0,0.01,0.0,0.01,-0.01,-50.0,1910.0,49,0.98437515625,False,REGULAR,USD,QQQ,put,2026-08-13,0.0027397260273972603,0.005,9.08774173911131e-08,-6.744206976216915e-07,-2.3322183948731157,723.7000122070312,0.007307397746256994,2026-08-12
QQQ260813P00570000,2026-08-12 20:10:52+00:00,570.0,0.01,0.0,0.01,-0.01,-50.0,1483.0,6,0.9687503125,False,REGULAR,USD,QQQ,put,2026-08-13,0.0027397260273972603,0.005,1.4662019687693882e-07,-1.0910758440063617e-06,-0.4607466737460799,723.7000122070312,0.007307397746256994,2026-08-12
QQQ260813P00575000,2026-08-12 14:19:09+00:00,575.0,0.01,0.0,0.01,-0.01,-50.0,401.0,131,0.937500625,False,REGULAR,USD,QQQ,put,2026-08-13,0.0027397260273972603,0.005,1.6793382874700025e-07,-1.2145427162879585e-06,-11.52196748186656,723.7000122070312,0.007307397746256994,2026-08-12
QQQ260813P00580000,2026-08-12 20:10:13+00:00,580.0,0.01,0.0,0.01,-0.01,-50.0,17.0,14,0.9062509375,False,REGULAR,USD,QQQ,put,2026-08-13,0.0027397260273972603,0.005,1.923346483321031e-07,-1.3503847811069392e-06,-1.41027148025775,723.7000122070312,0.007307397746256994,2026-08-12
QQQ260813P00585000,2026-08-07 13:33:17+00:00,585.0,0.02,0.0,0.01,0.0,0.0,1.0,8,0.87500125,False,REGULAR,USD,QQQ,put,2026-08-13,0.0027397260273972603,0.005,2.203003538064621e-07,-1.4997526267546135e-06,-0.9230438680204941,723.7000122070312,0.007307397746256994,2026-08-12
QQQ260813P00590000,2026-08-10 16:59:05+00:00,590.0,0.02,0.0,0.01,0.0,0.0,1.0,66,0.8437515624999999,False,REGULAR,USD,QQQ,put,2026-08-13,0.0027397260273972603,0.005,2.5239456422602676e-07,-1.6639159634568301e-06,-8.724510964882372,723.7000122070312,0.007307397746256994,2026-08-12
QQQ260813P00595000,2026-08-10 16:59:05+00:00,595.0,0.02,0.0,0.02,0.0,0.0,2.0,142,0.8437515624999999,False,REGULAR,USD,QQQ,put,2026-08-13,0.0027397260273972603,0.01,6.025441115619346e-07,-4.128814554249516e-06,-44.81200243477298,723.7000122070312,0.007307397746256994,2026-08-12
QQQ260813P00600000,2026-08-12 20:12:16+00:00,600.0,0.01,0.0,0.02,-0.01,-50.0,21.0,1197,0.8125018749999999,False,REGULAR,USD,QQQ,put,2026-08-13,0.0027397260273972603,0.01,7.053842244374744e-07,-4.680473382090433e-06,-442.2186485083199,723.7000122070312,0.007307397746256994,2026-08-12
QQQ260813P00605000,2026-08-12 20:12:16+00:00,605.0,0.02,0.0,0.01,0.0,0.0,298.0,50,0.73437765625,False,REGULAR,USD,QQQ,put,2026-08-13,0.0027397260273972603,0.005,2.483933249224014e-07,-1.415931521364655e-06,-6.504697208415222,723.7000122070312,0.007307397746256994,2026-08-12
QQQ260813P00610000,2026-08-12 20:12:55+00:00,610.0,0.01,0.0,0.01,0.0,0.0,712.0,123,0.70312796875,False,REGULAR,USD,QQQ,put,2026-08-13,0.0027397260273972603,0.005,2.811395402201948e-07,-1.5396277349699616e-06,-18.111073855230117,723.7000122070312,0.007307397746256994,2026-08-12
QQQ260813P00615000,2026-08-12 17:17:27+00:00,615.0,0.02,0.0,0.02,-0.01,-33.333336,87.0,121,0.7187528125,False,REGULAR,USD,QQQ,put,2026-08-13,0.0027397260273972603,0.01,1.1507690570852642e-06,-6.8735593735658185e-06,-72.92739588187264,723.7000122070312,0.007307397746256994,2026-08-12
QQQ260813P00620000,2026-08-12 20:10:12+00:00,620.0,0.01,0.0,0.02,-0.01,-50.0,40.0,373,0.6796907031250001,False,REGULAR,USD,QQQ,put,2026-08-13,0.0027397260273972603,0.01,1.1145001383554616e-06,-6.268534030517969e-06,-217.72390671081493,723.7000122070312,0.007307397746256994,2026-08-12
QQQ260813P00625000,2026-08-12 20:10:12+00:00,625.0,0.02,0.0,0.02,0.0,0.0,92.0,541,0.648441015625,False,REGULAR,USD,QQQ,put,2026-08-13,0.0027397260273972603,0.01,1.3186565467704816e-06,-7.117307558535124e-06,-373.6337685138657,723.7000122070312,0.007307397746256994,2026-08-12
QQQ260813P00630000,2026-08-12 20:04:16+00:00,630.0,0.01,0.0,0.02,-0.02,-66.66667,42.0,364,0.6171913281250001,False,REGULAR,USD,QQQ,put,2026-08-13,0.0027397260273972603,0.01,1.5677173780098397e-06,-8.102579859170511e-06,-298.8727475189418,723.7000122070312,0.007307397746256994,2026-08-12
QQQ260813P00635000,2026-08-12 20:09:48+00:00,635.0,0.01,0.0,0.02,-0.02,-66.66667,551.0,456,0.57812921875,False,REGULAR,USD,QQQ,put,2026-08-13,0.0027397260273972603,0.01,1.4829104503480234e-06,-7.136884082825645e-06,-354.1578955226117,723.7000122070312,0.007307397746256994,2026-08-12
QQQ260813P00640000,2026-08-12 19:52:37+00:00,640.0,0.01,0.0,0.01,-0.01,-50.0,1350.0,232,0.51562984375,False,REGULAR,USD,QQQ,put,2026-08-13,0.0027397260273972603,0.005,5.915757209442609e-07,-2.420798411617575e-06,-71.88122776619065,723.7000122070312,0.007307397746256994,2026-08-12
QQQ260813P00645000,2026-08-12 19:55:53+00:00,645.0,0.01,0.0,0.02,-0.03,-75.0,266.0,256,0.51562984375,False,REGULAR,USD,QQQ,put,2026-08-13,0.0027397260273972603,0.01,2.120450772014801e-06,-9.211414644272331e-06,-284.30553814065416,723.7000122070312,0.007307397746256994,2026-08-12
QQQ260813P00650000,2026-08-12 19:48:51+00:00,650.0,0.02,0.0,0.02,-0.01,-33.333336,347.0,403,0.51562984375,False,REGULAR,USD,QQQ,put,2026-08-13,0.0027397260273972603,0.01,6.932251324033017e-06,-3.206428339930234e-05,-1463.1757860136981,723.7000122070312,0.007307397746256994,2026-08-12
QQQ260813P00651000,2026-08-12 19:51:16+00:00,651.0,0.01,0.0,0.02,-0.02,-66.66667,51.0,73,0.5117236328125,False,REGULAR,USD,QQQ,put,2026-08-13,0.0027397260273972603,0.01,7.781061495970038e-06,-3.593739661089668e-05,-297.4944497822018,723.7000122070312,0.007307397746256994,2026-08-12
QQQ260813P00652000,2026-08-12 19:50:37+00:00,652.0,0.01,0.0,0.02,-0.07,-87.5,12.0,42,0.5039112109375,False,REGULAR,USD,QQQ,put,2026-08-13,0.0027397260273972603,0.01,7.809878722400734e-06,-3.54960915821545e-05,-171.7950871876558,723.7000122070312,0.007307397746256994,2026-08-12
QQQ260813P00653000,2026-08-11 13:31:41+00:00,653.0,0.03,0.0,0.02,0.0,0.0,5.0,213,0.500005,False,REGULAR,USD,QQQ,put,2026-08-13,0.0027397260273972603,0.01,8.784078913090558e-06,-3.986507521425153e-05,-979.9253484203819,723.7000122070312,0.007307397746256994,2026-08-12
QQQ260813P00654000,2026-08-12 20:00:22+00:00,654.0,0.01,0.0,0.02,-0.03,-75.0,26.0,181,0.49219257812500006,False,REGULAR,USD,QQQ,put,2026-08-13,0.0027397260273972603,0.01,8.825029956886245e-06,-3.9399861157196625e-05,-836.5885630319256,723.7000122070312,0.007307397746256994,2026-08-12
QQQ260813P00655000,2026-08-12 20:07:51+00:00,655.0,0.01,0.0,0.02,-0.04,-80.00001,162.0,775,0.48438015625,False,REGULAR,USD,QQQ,put,2026-08-13,0.0027397260273972603,0.01,8.861698497552205e-06,-3.8908957154859536e-05,-3596.9618555620195,723.7000122070312,0.007307397746256994,2026-08-12
QQQ260813P00656000,2026-08-10 15:27:52+00:00,656.0,0.04,0.0,0.02,0.0,0.0,6.0,156,0.476567734375,False,REGULAR,USD,QQQ,put,2026-08-13,0.0027397260273972603,0.01,8.893769655523944e-06,-3.839195011756669e-05,-726.6539446910666,723.7000122070312,0.007307397746256994,2026-08-12
QQQ260813P00657000,2026-08-12 16:40:25+00:00,657.0,0.01,0.0,0.02,-0.04,-80.00001,4.0,237,0.4687553125,False,REGULAR,USD,QQQ,put,2026-08-13,0.0027397260273972603,0.01,8.920911952883153e-06,-3.784845276777471e-05,-1107.3241174586246,723.7000122070312,0.007307397746256994,2026-08-12
QQQ260813P00658000,2026-08-12 20:14:28+00:00,658.0,0.02,0.0,0.02,-0.01,-33.333336,10.0,89,0.46484910156250003,False,REGULAR,USD,QQQ,put,2026-08-13,0.0027397260273972603,0.01,1.0103810885208385e-05,-4.279672740059581e-05,-470.96905786105856,723.7000122070312,0.007307397746256994,2026-08-12
QQQ260813P00659000,2026-08-12 20:06:32+00:00,659.0,0.01,0.0,0.02,-0.33,-97.05882,4.0,220,0.45703667968750006,False,REGULAR,USD,QQQ,put,2026-08-13,0.0027397260273972603,0.01,1.0145947672813897e-05,-4.222148579446916e-05,-1169.0483112163593,723.7000122070312,0.007307397746256994,2026-08-12
QQQ260813P00660000,2026-08-12 20:11:22+00:00,660.0,0.02,0.01,0.02,-0.02,-50.0,81.0,4507,0.44922425781249997,False,REGULAR,USD,QQQ,put,2026-08-13,0.0027397260273972603,0.015,1.018238322081221e-05,-4.1615728883948044e-05,-24035.55506434616,723.7000122070312,0.007307397746256994,2026-08-12
QQQ260813P00661000,2026-08-12 14:02:38+00:00,661.0,0.01,0.01,0.02,-0.060000002,-85.71429,5.0,517,0.445318046875,False,REGULAR,USD,QQQ,put,2026-08-13,0.0027397260273972603,0.015,1.1582560685972943e-05,-4.7257734464678514e-05,-3136.261648340868,723.7000122070312,0.007307397746256994,2026-08-12
QQQ260813P00662000,2026-08-12 20:07:30+00:00,662.0,0.01,0.01,0.02,-0.02,-66.66667,28.0,175,0.437505625,False,REGULAR,USD,QQQ,put,2026-08-13,0.0027397260273972603,0.015,1.1638805288756376e-05,-4.6618811937571e-05,-1066.7523575019386,723.7000122070312,0.007307397746256994,2026-08-12
QQQ260813P00663000,2026-08-12 13:41:37+00:00,663.0,0.02,0.01,0.02,-0.030000001,-60.0,12.0,255,0.42969320312500003,False,REGULAR,USD,QQQ,put,2026-08-13,0.0027397260273972603,0.015,1.1688473592923122e-05,-4.594454919981672e-05,-1561.043985496782,723.7000122070312,0.007307397746256994,2026-08-12
QQQ260813P00664000,2026-08-12 13:49:19+00:00,664.0,0.01,0.01,0.02,-0.12,-92.30769,291.0,183,0.42188078125,False,REGULAR,USD,QQQ,put,2026-08-13,0.0027397260273972603,0.015,1.1731019372418053e-05,-4.523431156133739e-05,-1124.3564137407632,723.7000122070312,0.007307397746256994,2026-08-12
QQQ260813P00665000,2026-08-12 18:59:58+00:00,665.0,0.02,0.01,0.02,-0.02,-50.0,57.0,2486,0.41797457031249996,False,REGULAR,USD,QQQ,put,2026-08-13,0.0027397260273972603,0.015,1.3435159649108135e-05,-5.171043285145949e-05,-17492.871895151697,723.7000122070312,0.007307397746256994,2026-08-12
QQQ260813P00666000,2026-08-12 18:09:51+00:00,666.0,0.02,0.01,0.02,-0.02,-50.0,72.0,94,0.4101621484375,False,REGULAR,USD,QQQ,put,2026-08-13,0.0027397260273972603,0.015,1.3503824897264549e-05,-5.096147530281314e-05,-664.8165333044213,723.7000122070312,0.007307397746256994,2026-08-12
QQQ260813P00667000,2026-08-12 15:51:34+00:00,667.0,0.02,0.01,0.02,-0.02,-50.0,336.0,88,0.4023497265625,False,REGULAR,USD,QQQ,put,2026-08-13,0.0027397260273972603,0.015,1.3564259160487018e-05,-5.017050473787865e-05,-625.1668065254466,723.7000122070312,0.007307397746256994,2026-08-12
QQQ260813P00668000,2026-08-12 19:21:54+00:00,668.0,0.03,0.01,0.02,-0.020000001,-40.000004,534.0,164,0.398443515625,False,REGULAR,USD,QQQ,put,2026-08-13,0.0027397260273972603,0.015,1.561922883058612e-05,-5.766159609854604e-05,-1341.5924191520742,723.7000122070312,0.007307397746256994,2026-08-12
QQQ260813P00669000,2026-08-12 17:25:10+00:00,669.0,0.02,0.01,0.02,-0.06,-75.0,1169.0,67,0.39063109375,False,REGULAR,USD,QQQ,put,2026-08-13,0.0027397260273972603,0.015,1.5715433805576375e-05,-5.6832399833339764e-05,-551.4654852515724,723.7000122070312,0.007307397746256994,2026-08-12
QQQ260813P00670000,2026-08-12 18:10:37+00:00,670.0,0.02,0.01,0.02,-0.02,-50.0,8256.0,7251,0.38281867187499996,False,REGULAR,USD,QQQ,put,2026-08-13,0.0027397260273972603,0.015,1.5802211633711643e-05,-5.595384176815266e-05,-60011.28674565008,723.7000122070312,0.007307397746256994,2026-08-12
QQQ260813P00671000,2026-08-12 18:10:23+00:00,671.0,0.01,0.01,0.02,-0.14999999,-93.74999,2448.0,201,0.37695935546875,False,REGULAR,USD,QQQ,put,2026-08-13,0.0027397260273972603,0.015,1.7058964379888976e-05,-5.9698964255061604e-05,-1795.8327182110656,723.7000122070312,0.007307397746256994,2026-08-12
QQQ260813P00672000,2026-08-12 18:10:40+00:00,672.0,0.02,0.01,0.02,-0.030000001,-60.0,2288.0,174,0.3711000390625,False,REGULAR,USD,QQQ,put,2026-08-13,0.0027397260273972603,0.015,1.844241288226449e-05,-6.377832942161543e-05,-1680.6765820682087,723.7000122070312,0.007307397746256994,2026-08-12
QQQ260813P00673000,2026-08-12 18:41:43+00:00,673.0,0.02,0.01,0.02,-0.01,-33.333336,2560.0,396,0.3632876171875,False,REGULAR,USD,QQQ,put,2026-08-13,0.0027397260273972603,0.015,1.856839300058003e-05,-6.280674068592784e-05,-3851.1165760779936,723.7000122070312,0.007307397746256994,2026-08-12
QQQ260813P00674000,2026-08-12 19:54:22+00:00,674.0,0.02,0.01,0.02,-0.01,-33.333336,5826.0,163,0.35547519531249994,False,REGULAR,USD,QQQ,put,2026-08-13,0.0027397260273972603,0.015,1.8682550424830912e-05,-6.177522055539342e-05,-1594.9274306857894,723.7000122070312,0.007307397746256994,2026-08-12
QQQ260813P00675000,2026-08-12 20:07:53+00:00,675.0,0.01,0.01,0.03,-0.03,-75.0,6610.0,854,0.36524072265625,False,REGULAR,USD,QQQ,put,2026-08-13,0.0027397260273972603,0.02,3.5664963271408706e-05,-0.0001264612855699232,-15952.061367616141,723.7000122070312,0.007307397746256994,2026-08-12
QQQ260813P00676000,2026-08-12 18:36:28+00:00,676.0,0.02,0.01,0.03,-0.06,-75.0,6901.0,217,0.35938140625,False,REGULAR,USD,QQQ,put,2026-08-13,0.0027397260273972603,0.02,3.889828230231936e-05,-0.00013635324890282075,-4420.865657249864,723.7000122070312,0.007307397746256994,2026-08-12
QQQ260813P00677000,2026-08-12 20:09:15+00:00,677.0,0.02,0.01,0.03,-0.08,-80.00001,5495.0,178,0.35156898437499995,False,REGULAR,USD,QQQ,put,2026-08-13,0.0027397260273972603,0.02,3.97419048104286e-05,-0.00013627729840404168,-3704.979770271184,723.7000122070312,0.007307397746256994,2026-08-12
QQQ260813P00678000,2026-08-12 19:02:21+00:00,678.0,0.02,0.01,0.03,-0.030000001,-60.0,3318.0,1036,0.3437565625,False,REGULAR,USD,QQQ,put,2026-08-13,0.0027397260273972603,0.02,4.0603617015184785e-05,-0.0001361288950290085,-22031.376790718667,723.7000122070312,0.007307397746256994,2026-08-12
QQQ260813P00679000,2026-08-12 20:14:41+00:00,679.0,0.02,0.01,0.02,-0.05,-71.42857,4181.0,152,0.3242255078124999,False,REGULAR,USD,QQQ,put,2026-08-13,0.0027397260273972603,0.015,2.6453855973536553e-05,-8.105255944634848e-05,-2105.958130703309,723.7000122070312,0.007307397746256994,2026-08-12
QQQ260813P00680000,2026-08-12 20:14:29+00:00,680.0,0.02,0.01,0.03,-0.05,-71.42857,2655.0,508,0.33008482421874996,False,REGULAR,USD,QQQ,put,2026-08-13,0.0027397260273972603,0.02,4.554129995866872e-05,-0.00014734401324312252,-12116.754130575653,723.7000122070312,0.007307397746256994,2026-08-12
QQQ260813P00681000,2026-08-12 20:14:33+00:00,681.0,0.02,0.01,0.03,-0.030000001,-60.0,4240.0,204,0.3242255078124999,False,REGULAR,USD,QQQ,put,2026-08-13,0.0027397260273972603,0.02,5.010204769359541e-05,-0.000160063680727629,-5353.06853141295,723.7000122070312,0.007307397746256994,2026-08-12
QQQ260813P00682000,2026-08-12 20:07:55+00:00,682.0,0.01,0.02,0.03,-0.049999997,-83.333336,5245.0,185,0.31641308593749995,False,REGULAR,USD,QQQ,put,2026-08-13,0.0027397260273972603,0.025,5.136954765323204e-05,-0.00016016511155125812,-4977.309302861088,723.7000122070312,0.007307397746256994,2026-08-12
QQQ260813P00683000,2026-08-12 19:53:38+00:00,683.0,0.02,0.01,0.03,-0.030000001,-60.0,679.0,426,0.31055376953124997,False,REGULAR,USD,QQQ,put,2026-08-13,0.0027397260273972603,0.02,5.6749733738476534e-05,-0.00017463186692412425,-12661.658247073903,723.7000122070312,0.007307397746256994,2026-08-12
QQQ260813P00684000,2026-08-12 20:00:07+00:00,684.0,0.02,0.02,0.03,-0.05,-71.42857,319.0,158,0.30274134765625,False,REGULAR,USD,QQQ,put,2026-08-13,0.0027397260273972603,0.025,5.831193142119178e-05,-0.00017494534477147106,-4825.38170531699,723.7000122070312,0.007307397746256994,2026-08-12
QQQ260813P00685000,2026-08-12 19:58:30+00:00,685.0,0.02,0.01,0.03,-0.04,-66.66667,599.0,559,0.29688203124999996,False,REGULAR,USD,QQQ,put,2026-08-13,0.0027397260273972603,0.02,6.471678323580572e-05,-0.0001915276625968909,-18947.23711880222,723.7000122070312,0.007307397746256994,2026-08-12
QQQ260813P00686000,2026-08-12 20:08:50+00:00,686.0,0.02,0.01,0.03,-0.07000001,-77.77779,366.0,252,0.2890696093749999,False,REGULAR,USD,QQQ,put,2026-08-13,0.0027397260273972603,0.02,6.66655071780389e-05,-0.0001921433991241006,-8798.707656146491,723.7000122070312,0.007307397746256994,2026-08-12
QQQ260813P00687000,2026-08-12 20:06:23+00:00,687.0,0.02,0.01,0.03,-0.05,-71.42857,345.0,848,0.28125718749999995,False,REGULAR,USD,QQQ,put,2026-08-13,0.0027397260273972603,0.02,6.869652663593918e-05,-0.00019268135978189882,-30510.392273176276,723.7000122070312,0.007307397746256994,2026-08-12
QQQ260813P00688000,2026-08-12 20:14:27+00:00,688.0,0.02,0.01,0.02,-0.07000001,-77.77779,724.0,632,0.2617261328125,False,REGULAR,USD,QQQ,put,2026-08-13,0.0027397260273972603,0.015,4.165901525420869e-05,-0.0001046237891769719,-13789.332314664158,723.7000122070312,0.007307397746256994,2026-08-12
QQQ260813P00689000,2026-08-12 18:00:50+00:00,689.0,0.03,0.02,0.03,-0.07,-70.0,66.0,240,0.26758544921875,False,REGULAR,USD,QQQ,put,2026-08-13,0.0027397260273972603,0.025,7.941559321048174e-05,-0.0002133454898095577,-9982.382016854697,723.7000122070312,0.007307397746256994,2026-08-12
QQQ260813P00690000,2026-08-12 20:00:43+00:00,690.0,0.03,0.02,0.03,-0.060000002,-66.666664,1332.0,1004,0.2617261328125,False,REGULAR,USD,QQQ,put,2026-08-13,0.0027397260273972603,0.025,8.935959481609324e-05,-0.0002364169538742189,-46988.55217268426,723.7000122070312,0.007307397746256994,2026-08-12
QQQ260813P00691000,2026-08-12 20:00:36+00:00,691.0,0.01,0.02,0.03,-0.09,-90.0,579.0,436,0.25391371093750004,False,REGULAR,USD,QQQ,put,2026-08-13,0.0027397260273972603,0.025,9.269904240341375e-05,-0.00023804082949274719,-21167.954678671264,723.7000122070312,0.007307397746256994,2026-08-12
QQQ260813P00692000,2026-08-12 20:05:36+00:00,692.0,0.04,0.02,0.03,-0.08,-66.66667,1186.0,207,0.2461012890625,False,REGULAR,USD,QQQ,put,2026-08-13,0.0027397260273972603,0.025,9.623406966366703e-05,-0.00023962166383584282,-10433.17176817759,723.7000122070312,0.007307397746256994,2026-08-12
QQQ260813P00693000,2026-08-12 20:05:19+00:00,693.0,0.03,0.02,0.03,-0.099999994,-76.92307,841.0,584,0.24024197265624997,False,REGULAR,USD,QQQ,put,2026-08-13,0.0027397260273972603,0.025,0.00010941113318315366,-0.00026796841182408215,-33465.053459070965,723.7000122070312,0.007307397746256994,2026-08-12
QQQ260813P00694000,2026-08-12 20:12:54+00:00,694.0,0.03,0.02,0.03,-0.13,-81.25,1236.0,1997,0.23242955078125,False,REGULAR,USD,QQQ,put,2026-08-13,0.0027397260273972603,0.025,0.00011409964818809126,-0.0002705403995580946,-119338.212939043,723.7000122070312,0.007307397746256994,2026-08-12
QQQ260813P00695000,2026-08-12 20:12:10+00:00,695.0,0.03,0.02,0.04,-0.15,-83.333336,482.0,1957,0.23438265625,False,REGULAR,USD,QQQ,put,2026-08-13,0.0027397260273972603,0.03,0.00018557384261930362,-0.0004607551377077135,-190206.23373108584,723.7000122070312,0.007307397746256994,2026-08-12
QQQ260813P00696000,2026-08-12 19:46:30+00:00,696.0,0.02,0.02,0.04,-0.19,-90.4762,196.0,182,0.22657023437499998,False,REGULAR,USD,QQQ,put,2026-08-13,0.0027397260273972603,0.03,0.0001967352194957918,-0.0004731049974019408,-18752.99604674036,723.7000122070312,0.007307397746256994,2026-08-12
QQQ260813P00697000,2026-08-12 20:00:31+00:00,697.0,0.03,0.02,0.04,-0.22,-88.0,1330.0,293,0.21875781249999998,False,REGULAR,USD,QQQ,put,2026-08-13,0.0027397260273972603,0.03,0.00020903485694658369,-0.00048633903686068347,-32077.71997125457,723.7000122070312,0.007307397746256994,2026-08-12
QQQ260813P00698000,2026-08-12 20:00:28+00:00,698.0,0.02,0.02,0.04,-0.24,-92.30769,1350.0,595,0.21192194335937498,False,REGULAR,USD,QQQ,put,2026-08-13,0.0027397260273972603,0.03,0.00023288995404956462,-0.0005281371801926227,-72574.63842848477,723.7000122070312,0.007307397746256994,2026-08-12
QQQ260813P00699000,2026-08-12 20:11:09+00:00,699.0,0.03,0.03,0.04,-0.26,-89.655174,1607.0,453,0.20410952148437497,False,REGULAR,USD,QQQ,put,2026-08-13,0.0027397260273972603,0.035,0.00024907956841029315,-0.000545337052858974,-59095.37140255175,723.7000122070312,0.007307397746256994,2026-08-12
QQQ260813P00700000,2026-08-12 20:14:50+00:00,700.0,0.04,0.03,0.04,-0.31,-88.57143,4870.0,4696,0.19727365234375,False,REGULAR,USD,QQQ,put,2026-08-13,0.0027397260273972603,0.035,0.0002801283595311978,-0.0005968344554280192,-688973.1956984465,723.7000122070312,0.007307397746256994,2026-08-12
QQQ260813P00701000,2026-08-12 19:53:30+00:00,701.0,0.05,0.03,0.05,-0.39,-88.63637,394.0,709,0.195320546875,False,REGULAR,USD,QQQ,put,2026-08-13,0.0027397260273972603,0.04,0.0003983146174231374,-0.0008649870126521408,-147907.31034421804,723.7000122070312,0.007307397746256994,2026-08-12
QQQ260813P00702000,2026-08-12 20:14:58+00:00,702.0,0.05,0.04,0.05,-0.44,-89.79591,1473.0,474,0.187508125,False,REGULAR,USD,QQQ,put,2026-08-13,0.0027397260273972603,0.045,0.00043499477705181343,-0.0009106311873835482,-107989.00608862888,723.7000122070312,0.007307397746256994,2026-08-12
QQQ260813P00703000,2026-08-12 20:12:18+00:00,703.0,0.04,0.04,0.06,-0.52,-92.85714,958.0,1269,0.18506674316406246,False,REGULAR,USD,QQQ,put,2026-08-13,0.0027397260273972603,0.05,0.0006098210054059379,-0.0012977410389265476,-405304.25362937636,723.7000122070312,0.007307397746256994,2026-08-12
QQQ260813P00704000,2026-08-12 20:14:40+00:00,704.0,0.06,0.05,0.06,-0.55,-90.16393,3099.0,391,0.1772543212890625,False,REGULAR,USD,QQQ,put,2026-08-13,0.0027397260273972603,0.055,0.0006778694791866735,-0.0013898431577807902,-138816.15077477242,723.7000122070312,0.007307397746256994,2026-08-12
QQQ260813P00705000,2026-08-12 20:14:11+00:00,705.0,0.06,0.06,0.07,-0.67,-91.78082,3380.0,2963,0.1733481103515625,False,REGULAR,USD,QQQ,put,2026-08-13,0.0027397260273972603,0.065,0.0009016237324193932,-0.001854762761280604,-1399181.7956034292,723.7000122070312,0.007307397746256994,2026-08-12
QQQ260813P00706000,2026-08-12 20:13:50+00:00,706.0,0.07,0.07,0.08,-0.74,-91.358025,1002.0,1177,0.16895362304687503,False,REGULAR,USD,QQQ,put,2026-08-13,0.0027397260273972603,0.07500000000000001,0.001179709331697202,-0.0024250475907132696,-727224.7273840916,723.7000122070312,0.007307397746256994,2026-08-12
QQQ260813P00707000,2026-08-12 20:13:19+00:00,707.0,0.08,0.08,0.09,-0.85,-91.39785,1552.0,1411,0.16407085937500002,False,REGULAR,USD,QQQ,put,2026-08-13,0.0027397260273972603,0.08499999999999999,0.0015221959770625529,-0.003113548831714774,-1124902.1413306769,723.7000122070312,0.007307397746256994,2026-08-12
QQQ260813P00708000,2026-08-12 20:14:38+00:00,708.0,0.1,0.1,0.11,-0.98,-90.74074,2272.0,370,0.161141201171875,False,REGULAR,USD,QQQ,put,2026-08-13,0.0027397260273972603,0.10500000000000001,0.0021254825626937685,-0.0044277797215999115,-411885.4307917623,723.7000122070312,0.007307397746256994,2026-08-12
QQQ260813P00709000,2026-08-12 20:14:31+00:00,709.0,0.12,0.12,0.13,-1.16,-90.625,1897.0,549,0.157234990234375,False,REGULAR,USD,QQQ,put,2026-08-13,0.0027397260273972603,0.125,0.0028636017131513118,-0.006021103801480465,-823383.4205791749,723.7000122070312,0.007307397746256994,2026-08-12
QQQ260813P00710000,2026-08-12 20:14:51+00:00,710.0,0.16,0.14,0.16,-1.26,-88.7324,12873.0,1693,0.15430533203125002,False,REGULAR,USD,QQQ,put,2026-08-13,0.0027397260273972603,0.15000000000000002,0.003981600851469287,-0.008564768429071057,-3530464.4166401834,723.7000122070312,0.007307397746256994,2026-08-12
QQQ260813P00711000,2026-08-12 20:14:55+00:00,711.0,0.2,0.18,0.2,-1.43,-87.730064,3156.0,222,0.15210808837890627,False,REGULAR,USD,QQQ,put,2026-08-13,0.0027397260273972603,0.19,0.005615256336585096,-0.012498238363647163,-652889.5552836631,723.7000122070312,0.007307397746256994,2026-08-12
QQQ260813P00712000,2026-08-12 20:14:53+00:00,712.0,0.23,0.22,0.24,-1.8299999,-88.83495,2548.0,1093,0.148446015625,False,REGULAR,USD,QQQ,put,2026-08-13,0.0027397260273972603,0.22999999999999998,0.007567673009188555,-0.017186301421722616,-4332112.041505435,723.7000122070312,0.007307397746256994,2026-08-12
QQQ260813P00713000,2026-08-12 20:14:48+00:00,713.0,0.29,0.28,0.3,-1.8400002,-86.38498,3697.0,732,0.14624877197265623,False,REGULAR,USD,QQQ,put,2026-08-13,0.0027397260273972603,0.29000000000000004,0.010466610144563111,-0.02476515077869279,-4012677.798089068,723.7000122070312,0.007307397746256994,2026-08-12
QQQ260813P00714000,2026-08-12 20:14:50+00:00,714.0,0.35,0.35,0.37,-2.0600002,-85.47718,3365.0,955,0.143563251953125,False,REGULAR,USD,QQQ,put,2026-08-13,0.0027397260273972603,0.36,0.014152920325225919,-0.03483253898531624,-7078913.299946115,723.7000122070312,0.007307397746256994,2026-08-12
QQQ260813P00715000,2026-08-12 20:14:51+00:00,715.0,0.45,0.44,0.45,-2.23,-83.208954,8743.0,1302,0.14026738647460937,False,REGULAR,USD,QQQ,put,2026-08-13,0.0027397260273972603,0.445,0.018745878353862492,-0.04786619291027017,-12783033.839717835,723.7000122070312,0.007307397746256994,2026-08-12
QQQ260813P00716000,2026-08-12 20:14:53+00:00,716.0,0.56,0.55,0.57,-2.53,-81.87702,11634.0,990,0.13892462646484377,False,REGULAR,USD,QQQ,put,2026-08-13,0.0027397260273972603,0.56,0.024992073482469627,-0.0681471128800838,-12958497.331445368,723.7000122070312,0.007307397746256994,2026-08-12
QQQ260813P00717000,2026-08-12 20:14:54+00:00,717.0,0.68,0.67,0.7,-2.83,-80.62678,6140.0,938,0.1362391064453125,False,REGULAR,USD,QQQ,put,2026-08-13,0.0027397260273972603,0.685,0.032209126268636104,-0.09287774121462966,-15823368.50118888,723.7000122070312,0.007307397746256994,2026-08-12
QQQ260813P00718000,2026-08-12 20:14:53+00:00,718.0,0.84,0.85,0.86,-3.01,-78.18182,14800.0,781,0.133797724609375,False,REGULAR,USD,QQQ,put,2026-08-13,0.0027397260273972603,0.855,0.04071434092200593,-0.12543355251788235,-16653886.582489053,723.7000122070312,0.007307397746256994,2026-08-12
QQQ260813P00719000,2026-08-12 20:14:57+00:00,719.0,1.05,1.02,1.05,-3.49,-76.872246,9349.0,799,0.13111220458984374,False,REGULAR,USD,QQQ,put,2026-08-13,0.0027397260273972603,1.0350000000000001,0.05023868286832275,-0.1663177962333865,-21023362.751619067,723.7000122070312,0.007307397746256994,2026-08-12
QQQ260813P00720000,2026-08-12 20:14:59+00:00,720.0,1.28,1.26,1.28,-3.5800002,-73.66256,19054.0,1520,0.12867082275390623,False,REGULAR,USD,QQQ,put,2026-08-13,0.0027397260273972603,1.27,0.060348401153723634,-0.2174873470411871,-48042601.50647472,723.7000122070312,0.007307397746256994,2026-08-12
QQQ260813P00721000,2026-08-12 20:14:52+00:00,721.0,1.53,1.53,1.57,-3.8799999,-71.71904,8768.0,976,0.12696185546875,False,REGULAR,USD,QQQ,put,2026-08-13,0.0027397260273972603,1.55,0.07001683985017228,-0.28019120417004173,-35790641.52622983,723.7000122070312,0.007307397746256994,2026-08-12
QQQ260813P00722000,2026-08-12 20:14:59+00:00,722.0,1.89,1.89,1.9,-4.1600003,-68.76033,17364.0,932,0.12482564636230468,False,REGULAR,USD,QQQ,put,2026-08-13,0.0027397260273972603,1.895,0.07849447763453866,-0.3519751156252755,-38315295.199254535,723.7000122070312,0.007307397746256994,2026-08-12
QQQ260813P00723000,2026-08-12 20:14:57+00:00,723.0,2.24,2.24,2.26,-4.46,-66.56717,33459.0,878,0.12146874633789062,False,REGULAR,USD,QQQ,put,2026-08-13,0.0027397260273972603,2.25,0.08542059385857613,-0.43147348241596006,-39280251.718443975,723.7000122070312,0.007307397746256994,2026-08-12
QQQ260813P00724000,2026-08-12 20:14:53+00:00,724.0,2.7,2.7,2.72,-4.4799995,-62.395542,38467.0,255,0.12012598632812499,True,REGULAR,USD,QQQ,put,2026-08-13,0.0027397260273972603,2.71,0.08758194353335634,-0.518081445530173,-11696930.750106025,723.7000122070312,0.007307397746256994,2026-08-12
QQQ260813P00725000,2026-08-12 20:14:58+00:00,725.0,3.22,3.2,3.26,-4.87,-60.197773,29546.0,373,0.11957667541503905,True,REGULAR,USD,QQQ,put,2026-08-13,0.0027397260273972603,3.23,0.0850109892355607,-0.6049200654582478,-16607377.650960887,723.7000122070312,0.007307397746256994,2026-08-12
QQQ260813P00726000,2026-08-12 20:14:32+00:00,726.0,3.82,3.78,3.87,-5.54,-59.188038,11542.0,230,0.11951564086914063,True,REGULAR,USD,QQQ,put,2026-08-13,0.0027397260273972603,3.825,0.07828199615575744,-0.6867211286737165,-9429895.65965176,723.7000122070312,0.007307397746256994,2026-08-12
QQQ260813P00727000,2026-08-12 20:12:36+00:00,727.0,4.64,4.39,4.55,-5.15,-52.6047,6054.0,280,0.12000391723632811,True,REGULAR,USD,QQQ,put,2026-08-13,0.0027397260273972603,4.47,0.06851249284009175,-0.7591930249967668,-10047197.99907393,723.7000122070312,0.007307397746256994,2026-08-12
QQQ260813P00728000,2026-08-12 20:14:30+00:00,728.0,5.2,5.12,5.2,-6.0700006,-53.85981,2397.0,179,0.1157314990234375,True,REGULAR,USD,QQQ,put,2026-08-13,0.0027397260273972603,5.16,0.057576200518834574,-0.830673407436541,-5397755.306962472,723.7000122070312,0.007307397746256994,2026-08-12
QQQ260813P00729000,2026-08-12 20:12:47+00:00,729.0,6.24,5.9,6.06,-4.5300007,-42.061287,1378.0,86,0.12085840087890626,True,REGULAR,USD,QQQ,put,2026-08-13,0.0027397260273972603,5.98,0.045865629307332983,-0.8713861279812414,-2065869.8994371472,723.7000122070312,0.007307397746256994,2026-08-12
QQQ260813P00730000,2026-08-12 20:07:35+00:00,730.0,6.4,5.65,7.2,-5.86,-47.797714,1275.0,233,0.14331911376953127,True,REGULAR,USD,QQQ,put,2026-08-13,0.0027397260273972603,6.425000000000001,0.03849839299743088,-0.8722435472396238,-4698028.883195037,723.7000122070312,0.007307397746256994,2026-08-12
QQQ260813P00731000,2026-08-12 19:54:49+00:00,731.0,8.03,7.01,8.15,-4.01,-33.30565,615.0,202,0.1530846411132813,True,REGULAR,USD,QQQ,put,2026-08-13,0.0027397260273972603,7.58,0.03209490467254031,-0.8915610856596249,-3395506.916491826,723.7000122070312,0.007307397746256994,2026-08-12
QQQ260813P00732000,2026-08-12 19:49:06+00:00,732.0,8.17,7.56,9.32,-7.71,-48.551636,182.0,56,0.17762052856445312,True,REGULAR,USD,QQQ,put,2026-08-13,0.0027397260273972603,8.44,0.028510660435116467,-0.8868869127977292,-836204.4310504313,723.7000122070312,0.007307397746256994,2026-08-12
QQQ260813P00734000,2026-08-12 19:44:18+00:00,734.0,10.46,9.35,11.21,-2.1899996,-17.31225,234.0,52,0.1948322705078125,True,REGULAR,USD,QQQ,put,2026-08-13,0.0027397260273972603,10.280000000000001,0.021150360198443217,-0.9146449014875333,-576020.9399430522,723.7000122070312,0.007307397746256994,2026-08-12
QQQ260813P00735000,2026-08-12 20:14:29+00:00,735.0,11.3,11.31,12.0,-6.05,-34.870316,141.0,108,0.18994950683593753,True,REGULAR,USD,QQQ,put,2026-08-13,0.0027397260273972603,11.655000000000001,0.01687760191073186,-0.9385038504489258,-954666.4369761129,723.7000122070312,0.007307397746256994,2026-08-12
QQQ260813P00739000,2026-08-12 19:12:24+00:00,739.0,14.54,14.11,16.12,-7.9700003,-35.406487,3.0,0,0.2452468054199219,True,REGULAR,USD,QQQ,put,2026-08-13,0.0027397260273972603,15.115,0.011658964572942847,-0.9468239173657718,-0.0,723.7000122070312,0.007307397746256994,2026-08-12
QQQ260813P00740000,2026-08-12 18:06:24+00:00,740.0,15.2,15.08,17.14,-6.3200006,-29.368032,33.0,0,0.2580640600585938,True,REGULAR,USD,QQQ,put,2026-08-13,0.0027397260273972603,16.11,0.010738719265226765,-0.9488771318309042,-0.0,723.7000122070312,0.007307397746256994,2026-08-12
QQQ260813P00745000,2026-08-12 15:22:25+00:00,745.0,21.15,20.11,22.12,-6.630001,-23.866095,2.0,2,0.30933307861328124,True,REGULAR,USD,QQQ,put,2026-08-13,0.0027397260273972603,21.115000000000002,0.007024713726240225,-0.9621893042713332,-7358.2711257262135,723.7000122070312,0.007307397746256994,2026-08-12
QQQ260813P00750000,2026-08-12 15:04:48+00:00,750.0,26.31,25.69,27.15,-6.9800014,-20.96726,12.0,2,0.3632876171875,True,REGULAR,USD,QQQ,put,2026-08-13,0.0027397260273972603,26.42,0.00512174692536082,-0.9686958548653927,-5364.944961868292,723.7000122070312,0.007307397746256994,2026-08-12
QQQ260814C00355000,2026-07-30 19:42:07+00:00,355.0,329.22,367.01,370.63,0.0,0.0,1.0,41,2.863284091796875,True,REGULAR,USD,QQQ,call,2026-08-14,0.005479452054794521,368.82,6.371028330930741e-06,0.99973735557115,136.80770356347725,723.7000122070312,0.007307397746256994,2026-08-12
QQQ260814C00360000,2026-07-30 19:42:07+00:00,360.0,324.31,361.85,365.63,0.0,0.0,0.0,1,2.5390661523437497,True,REGULAR,USD,QQQ,call,2026-08-14,0.005479452054794521,363.74,2.0635130730691726e-06,0.9999306134560181,1.0807478606854344,723.7000122070312,0.007307397746256994,2026-08-12
QQQ260814C00370000,2026-07-20 16:41:25+00:00,370.0,332.04,351.82,355.64,0.0,0.0,0.0,1,2.3906290234374996,True,REGULAR,USD,QQQ,call,2026-08-14,0.005479452054794521,353.73,1.6716386044218593e-06,0.9999479380413476,0.8755068572844212,723.7000122070312,0.007307397746256994,2026-08-12
QQQ260814C00385000,2026-07-23 13:30:08+00:00,385.0,311.17,336.94,340.64,0.0,0.0,10.0,10,2.4843787890625,True,REGULAR,USD,QQQ,call,2026-08-14,0.005479452054794521,338.78999999999996,6.004897205384064e-06,0.9997882948077432,31.450151167213953,723.7000122070312,0.007307397746256994,2026-08-12
QQQ260814C00390000,2026-07-30 19:42:26+00:00,390.0,294.33,331.93,335.64,0.0,0.0,0.0,2,2.4218789453125,True,REGULAR,USD,QQQ,call,2026-08-14,0.005479452054794521,333.78499999999997,5.856304230183511e-06,0.9997994450088106,6.1343815562846435,723.7000122070312,0.007307397746256994,2026-08-12
QQQ260814C00395000,2026-07-23 13:30:07+00:00,395.0,301.26,326.96,330.65,0.0,0.0,10.0,10,2.425785185546875,True,REGULAR,USD,QQQ,call,2026-08-14,0.005479452054794521,328.80499999999995,7.638776100840123e-06,0.9997329037953668,40.007456395510054,723.7000122070312,0.007307397746256994,2026-08-12
QQQ260814C00400000,2026-08-07 14:49:23+00:00,400.0,320.08,321.91,325.65,0.0,0.0,1.0,4,2.3203166992187496,True,REGULAR,USD,QQQ,call,2026-08-14,0.005479452054794521,323.78,6.116239963186696e-06,0.999799318564827,12.813319851317846,723.7000122070312,0.007307397746256994,2026-08-12
QQQ260814C00405000,2026-07-23 13:30:06+00:00,405.0,291.3,316.91,320.65,0.0,0.0,10.0,10,2.2734418164062498,True,REGULAR,USD,QQQ,call,2026-08-14,0.005479452054794521,318.78,6.339138730408077e-06,0.9997959857475185,33.200713438111826,723.7000122070312,0.007307397746256994,2026-08-12
QQQ260814C00410000,2026-07-23 13:30:08+00:00,410.0,286.06,311.83,315.65,0.0,0.0,10.0,10,2.0937547656249995,True,REGULAR,USD,QQQ,call,2026-08-14,0.005479452054794521,313.74,3.2011549740196125e-06,0.9999098594050494,16.765783726044074,723.7000122070312,0.007307397746256994,2026-08-12
QQQ260814C00420000,2026-07-30 19:42:18+00:00,420.0,264.55,301.91,305.66,0.0,0.0,0.0,1,2.1523483691406247,True,REGULAR,USD,QQQ,call,2026-08-14,0.005479452054794521,303.785,7.669055444558869e-06,0.9997640603974609,4.016604194737341,723.7000122070312,0.007307397746256994,2026-08-12
QQQ260814C00440000,2026-07-23 13:30:07+00:00,440.0,256.29,281.96,285.66,0.0,0.0,20.0,20,2.031254921875,True,REGULAR,USD,QQQ,call,2026-08-14,0.005479452054794521,283.81,1.1873259723938545e-05,0.9996454525258696,124.37042646813376,723.7000122070312,0.007307397746256994,2026-08-12
QQQ260814C00450000,2026-08-07 18:33:56+00:00,450.0,270.44,271.83,275.67,0.0,0.0,1.0,11,1.8046884765624998,True,REGULAR,USD,QQQ,call,2026-08-14,0.005479452054794521,273.75,5.78091808105605e-06,0.9998555666372593,33.304786984301316,723.7000122070312,0.007307397746256994,2026-08-12
QQQ260814C00460000,2026-07-23 13:30:09+00:00,460.0,236.33,261.97,265.67,0.0,0.0,10.0,10,1.8828130859374999,True,REGULAR,USD,QQQ,call,2026-08-14,0.005479452054794521,263.82000000000005,1.5845189915622862e-05,0.9995541354815385,82.98786824739337,723.7000122070312,0.007307397746256994,2026-08-12
QQQ260814C00470000,2026-07-23 13:30:07+00:00,470.0,226.43,251.98,255.67,0.0,0.0,10.0,10,1.8066415917968748,True,REGULAR,USD,QQQ,call,2026-08-14,0.005479452054794521,253.825,1.802580738641936e-05,0.9995098982982914,94.40867142665964,723.7000122070312,0.007307397746256994,2026-08-12
QQQ260814C00480000,2026-08-04 14:12:27+00:00,480.0,235.72,242.0,245.68,0.0,0.0,1.0,2,1.74609501953125,True,REGULAR,USD,QQQ,call,2026-08-14,0.005479452054794521,243.84,2.2190707082420758e-05,0.999408602654867,23.24439764343515,723.7000122070312,0.007307397746256994,2026-08-12
QQQ260814C00485000,2026-08-07 14:54:40+00:00,485.0,236.57,236.98,240.68,0.0,0.0,43.0,53,1.6933609082031251,True,REGULAR,USD,QQQ,call,2026-08-14,0.005479452054794521,238.82999999999998,2.183863299756531e-05,0.999437717592279,606.2035557823474,723.7000122070312,0.007307397746256994,2026-08-12
QQQ260814C00490000,2026-07-29 19:45:36+00:00,490.0,176.28,232.05,235.68,0.0,0.0,10.0,20,1.6972671386718752,True,REGULAR,USD,QQQ,call,2026-08-14,0.005479452054794521,233.865,2.898635046173974e-05,0.9992338858680199,303.6272137981589,723.7000122070312,0.007307397746256994,2026-08-12
QQQ260814C00495000,2026-07-27 19:50:53+00:00,495.0,188.01,226.85,230.68,0.0,0.0,0.0,1,1.50390873046875,True,REGULAR,USD,QQQ,call,2026-08-14,0.005479452054794521,228.765,1.2048461908611878e-05,0.9997392441363929,6.310282014794744,723.7000122070312,0.007307397746256994,2026-08-12
QQQ260814C00500000,2026-07-30 15:12:19+00:00,500.0,179.96,221.81,225.69,0.0,0.0,8.0,3,1.4296903515625,True,REGULAR,USD,QQQ,call,2026-08-14,0.005479452054794521,223.75,9.588357547044311e-06,0.9998066229398521,15.06546826627418,723.7000122070312,0.007307397746256994,2026-08-12
QQQ260814C00510000,2026-07-23 13:30:08+00:00,510.0,186.36,211.99,215.69,0.0,0.0,10.0,10,1.509768076171875,True,REGULAR,USD,QQQ,call,2026-08-14,0.005479452054794521,213.84,3.050179016387266e-05,0.999286919947046,159.75059667371616,723.7000122070312,0.007307397746256994,2026-08-12
QQQ260814C00515000,2026-08-05 19:59:03+00:00,515.0,203.92,207.0,210.69,0.0,0.0,0.0,1,1.4765651171875,True,REGULAR,USD,QQQ,call,2026-08-14,0.005479452054794521,208.845,3.323824400547067e-05,0.9992359000937936,17.40825467532607,723.7000122070312,0.007307397746256994,2026-08-12
QQQ260814C00520000,2026-07-16 15:50:34+00:00,520.0,192.29,202.03,205.69,0.0,0.0,10.0,11,1.455080849609375,True,REGULAR,USD,QQQ,call,2026-08-14,0.005479452054794521,203.86,3.8800556696021795e-05,0.9991102602794456,223.53616804707366,723.7000122070312,0.007307397746256994,2026-08-12
QQQ260814C00530000,2026-08-07 18:30:59+00:00,530.0,190.68,192.07,195.7,0.0,0.0,75.0,110,1.40234673828125,True,REGULAR,USD,QQQ,call,2026-08-14,0.005479452054794521,193.885,4.9975913791613526e-05,0.9988739226506506,2879.191747466239,723.7000122070312,0.007307397746256994,2026-08-12
QQQ260814C00535000,2026-07-16 15:28:11+00:00,535.0,178.41,187.0,190.7,0.0,0.0,0.0,10,1.3320345898437496,True,REGULAR,USD,QQQ,call,2026-08-14,0.005479452054794521,188.85,4.363161036045141e-05,0.999081743910066,228.5169411850757,723.7000122070312,0.007307397746256994,2026-08-12
QQQ260814C00540000,2026-08-12 14:02:53+00:00,540.0,184.62,181.89,185.7,1.449997,0.7916127,59.0,7,1.23047259765625,True,REGULAR,USD,QQQ,call,2026-08-14,0.005479452054794521,183.795,2.9538486584558996e-05,0.9994481423350634,108.2937618401712,723.7000122070312,0.007307397746256994,2026-08-12
QQQ260814C00545000,2026-08-04 19:03:45+00:00,545.0,180.28,176.98,180.7,0.0,0.0,2.0,2,1.2480506347656248,True,REGULAR,USD,QQQ,call,2026-08-14,0.005479452054794521,178.83999999999997,4.6168040088943e-05,0.9990903163557724,48.36025631177758,723.7000122070312,0.007307397746256994,2026-08-12
QQQ260814C00550000,2026-08-07 18:38:11+00:00,550.0,170.28,171.89,175.71,0.0,0.0,167.0,173,1.1679729101562502,True,REGULAR,USD,QQQ,call,2026-08-14,0.005479452054794521,173.8,3.570333443568324e-05,0.9993596413704005,3234.9832849968802,723.7000122070312,0.007307397746256994,2026-08-12
QQQ260814C00555000,2026-08-10 16:35:24+00:00,555.0,167.05,167.09,170.71,0.0,0.0,252.0,235,1.2265663671875,True,REGULAR,USD,QQQ,call,2026-08-14,0.005479452054794521,168.9,7.354905599948196e-05,0.9985158058732629,9052.366423844342,723.7000122070312,0.007307397746256994,2026-08-12
QQQ260814C00560000,2026-07-31 19:41:55+00:00,560.0,130.91,162.04,165.71,0.0,0.0,5.0,21,1.169926025390625,True,REGULAR,USD,QQQ,call,2026-08-14,0.005479452054794521,163.875,6.924748322768119e-05,0.9986806833164641,761.6236974655803,723.7000122070312,0.007307397746256994,2026-08-12
QQQ260814C00570000,2026-08-11 14:47:11+00:00,570.0,151.54,151.91,155.71,0.0,0.0,1.0,6,1.0390673046875003,True,REGULAR,USD,QQQ,call,2026-08-14,0.005479452054794521,153.81,5.095488276507707e-05,0.9991702817935648,160.123183880565,723.7000122070312,0.007307397746256994,2026-08-12
QQQ260814C00575000,2026-08-07 20:12:06+00:00,575.0,148.2,147.02,150.72,0.0,0.0,1.0,35,1.05859845703125,True,REGULAR,USD,QQQ,call,2026-08-14,0.005479452054794521,148.87,8.366020212128856e-05,0.9985455307419162,1533.5717993012186,723.7000122070312,0.007307397746256994,2026-08-12
QQQ260814C00580000,2026-08-12 13:53:31+00:00,580.0,145.29,141.99,145.72,2.0899963,1.4594947,6.0,10,1.01172369140625,True,REGULAR,USD,QQQ,call,2026-08-14,0.005479452054794521,143.85500000000002,8.276181425398743e-05,0.9986321778175732,433.4581392712303,723.7000122070312,0.007307397746256994,2026-08-12
QQQ260814C00585000,2026-08-04 14:33:22+00:00,585.0,131.49,137.04,140.72,0.0,0.0,2.0,14,0.9941406835937501,True,REGULAR,USD,QQQ,call,2026-08-14,0.005479452054794521,138.88,0.00010210792232241621,0.9983107026739428,748.6944864506862,723.7000122070312,0.007307397746256994,2026-08-12
QQQ260814C00590000,2026-08-04 18:08:41+00:00,590.0,133.25,132.03,135.72,0.0,0.0,12.0,12,0.95507857421875,True,REGULAR,USD,QQQ,call,2026-08-14,0.005479452054794521,133.875,0.00010736515410067069,0.9982918199840287,674.7793098332679,723.7000122070312,0.007307397746256994,2026-08-12
QQQ260814C00595000,2026-08-12 13:54:48+00:00,595.0,129.97,127.25,130.72,6.489998,5.25591,2.0,24,0.981445498046875,True,REGULAR,USD,QQQ,call,2026-08-14,0.005479452054794521,128.985,0.00018038179220722066,0.9968779039137801,2267.363229189757,723.7000122070312,0.007307397746256994,2026-08-12
QQQ260814C00600000,2026-08-12 14:55:56+00:00,600.0,124.0,122.06,125.73,3.540001,2.9387357,9.0,185,0.8974619628906249,True,REGULAR,USD,QQQ,call,2026-08-14,0.005479452054794521,123.89500000000001,0.0001396805242999771,0.9978691379494357,13533.955520105657,723.7000122070312,0.007307397746256994,2026-08-12
QQQ260814C00605000,2026-08-07 16:54:48+00:00,605.0,120.09,117.0,120.73,3.5199966,3.0196419,1.0,19,0.8437515624999999,True,REGULAR,USD,QQQ,call,2026-08-14,0.005479452054794521,118.86500000000001,0.00013052285557952001,0.998152402752091,1298.8450021486433,723.7000122070312,0.007307397746256994,2026-08-12
QQQ260814C00610000,2026-08-12 19:40:27+00:00,610.0,113.85,112.49,115.4,2.8499985,2.5675662,2.0,53,0.8535170898437501,True,REGULAR,USD,QQQ,call,2026-08-14,0.005479452054794521,113.945,0.00020424479672969604,0.9969309068822301,5669.49048694522,723.7000122070312,0.007307397746256994,2026-08-12
QQQ260814C00615000,2026-08-12 19:25:22+00:00,615.0,109.1,107.01,110.73,4.510002,4.312078,3.0,53,0.778322529296875,True,REGULAR,USD,QQQ,call,2026-08-14,0.005479452054794521,108.87,0.00016133080810338402,0.9978652118365458,4478.270665586721,723.7000122070312,0.007307397746256994,2026-08-12
QQQ260814C00620000,2026-08-11 14:01:30+00:00,620.0,101.13,102.02,105.44,0.0,0.0,15.0,44,0.6132851171875001,True,REGULAR,USD,QQQ,call,2026-08-14,0.005479452054794521,103.72999999999999,3.3360615913799054e-05,0.9997029285136834,768.7832216928435,723.7000122070312,0.007307397746256994,2026-08-12
QQQ260814C00625000,2026-08-07 15:21:04+00:00,625.0,96.58,97.02,100.74,0.0,0.0,9.0,47,0.7158231542968749,True,REGULAR,USD,QQQ,call,2026-08-14,0.005479452054794521,98.88,0.00020769503467408517,0.9974273422838609,5112.591950319846,723.7000122070312,0.007307397746256994,2026-08-12
QQQ260814C00630000,2026-08-12 20:01:47+00:00,630.0,94.34,92.44,95.41,5.7999954,6.550706,6.0,168,0.7026396923828125,True,REGULAR,USD,QQQ,call,2026-08-14,0.005479452054794521,93.925,0.0002797782728953383,0.9964921940934762,24617.300469675665,723.7000122070312,0.007307397746256994,2026-08-12
QQQ260814C00635000,2026-08-12 13:52:38+00:00,635.0,90.41,87.11,90.74,4.790001,5.594488,2.0,54,0.6679720703125002,True,REGULAR,USD,QQQ,call,2026-08-14,0.005479452054794521,88.925,0.00031269373300649086,0.9962470110371182,8843.620483910383,723.7000122070312,0.007307397746256994,2026-08-12
QQQ260814C00640000,2026-08-12 13:53:57+00:00,640.0,85.88,82.04,85.45,5.3499985,6.6434855,1.0,59,0.51758294921875,True,REGULAR,USD,QQQ,call,2026-08-14,0.005479452054794521,83.745,7.735514588408532e-05,0.9993872495370943,2390.332855934135,723.7000122070312,0.007307397746256994,2026-08-12
QQQ260814C00645000,2026-08-12 16:10:12+00:00,645.0,79.58,77.06,80.74,0.02999878,0.037710596,5.0,96,0.58789474609375,True,REGULAR,USD,QQQ,call,2026-08-14,0.005479452054794521,78.9,0.0003564511403268028,0.9962332807458684,17922.079577772343,723.7000122070312,0.007307397746256994,2026-08-12
QQQ260814C00650000,2026-08-12 13:33:44+00:00,650.0,75.41,72.51,75.42,7.540001,11.109475,4.0,405,0.577152666015625,True,REGULAR,USD,QQQ,call,2026-08-14,0.005479452054794521,73.965,0.0005119333704674242,0.9944650087787897,108588.94735273646,723.7000122070312,0.007307397746256994,2026-08-12
QQQ260814C00651000,2026-07-30 17:18:25+00:00,651.0,37.47,71.03,74.75,0.0,0.0,1.0,60,0.5429733203125001,True,REGULAR,USD,QQQ,call,2026-08-14,0.005479452054794521,72.89,0.0003992861275109007,0.9960876738173603,12547.367896253068,723.7000122070312,0.007307397746256994,2026-08-12
QQQ260814C00652000,2026-08-11 14:01:30+00:00,652.0,69.08,70.04,73.75,0.0,0.0,15.0,25,0.5380905566406251,True,REGULAR,USD,QQQ,call,2026-08-14,0.005479452054794521,71.89500000000001,0.00041900026153126555,0.9959127813026983,5486.19781219788,723.7000122070312,0.007307397746256994,2026-08-12
QQQ260814C00653000,2026-08-04 13:30:00+00:00,653.0,55.97,69.08,72.75,0.0,0.0,1.0,13,0.5390671093750001,True,REGULAR,USD,QQQ,call,2026-08-14,0.005479452054794521,70.91499999999999,0.0004683362449362993,0.995361214796916,3188.733920917613,723.7000122070312,0.007307397746256994,2026-08-12
QQQ260814C00654000,2026-08-10 16:32:01+00:00,654.0,67.4,67.99,71.75,0.0,0.0,1.0,105,0.5141650146484374,True,REGULAR,USD,QQQ,call,2026-08-14,0.005479452054794521,69.87,0.00039333297911930276,0.9963796152180368,21630.513047457855,723.7000122070312,0.007307397746256994,2026-08-12
QQQ260814C00655000,2026-08-12 16:41:54+00:00,655.0,69.56,67.07,70.75,3.540001,5.3620133,15.0,224,0.523442265625,True,REGULAR,USD,QQQ,call,2026-08-14,0.005479452054794521,68.91,0.00048538518963786234,0.9953281206714067,56944.48885393228,723.7000122070312,0.007307397746256994,2026-08-12
QQQ260814C00656000,2026-07-30 13:30:56+00:00,656.0,27.13,66.09,69.75,0.0,0.0,0.0,3,0.5195360546875,True,REGULAR,USD,QQQ,call,2026-08-14,0.005479452054794521,67.92,0.0005155788356921461,0.9950427596776699,810.0904195293583,723.7000122070312,0.007307397746256994,2026-08-12
QQQ260814C00657000,2026-08-12 15:01:25+00:00,657.0,67.29,65.09,68.75,34.89,107.68518,3.0,21,0.5127001855468749,True,REGULAR,USD,QQQ,call,2026-08-14,0.005479452054794521,66.92,0.0005309479842039881,0.9949521737912581,5839.671682532557,723.7000122070312,0.007307397746256994,2026-08-12
QQQ260814C00658000,2026-08-03 13:32:07+00:00,658.0,32.71,64.1,67.75,0.0,0.0,1.0,13,0.507817421875,True,REGULAR,USD,QQQ,call,2026-08-14,0.005479452054794521,65.925,0.000558631895564177,0.9947126533667403,3803.524698231041,723.7000122070312,0.007307397746256994,2026-08-12
QQQ260814C00659000,2026-07-30 13:59:33+00:00,659.0,30.44,63.01,66.46,0.0,0.0,14.0,21,0.7448755981445312,True,REGULAR,USD,QQQ,call,2026-08-14,0.005479452054794521,64.735,0.002238458189717132,0.9581908317071393,24619.852211364774,723.7000122070312,0.007307397746256994,2026-08-12
QQQ260814C00660000,2026-08-12 19:59:46+00:00,660.0,64.08,62.1,65.46,2.6600037,4.330843,2.0,410,0.7355983471679688,True,REGULAR,USD,QQQ,call,2026-08-14,0.005479452054794521,63.78,0.002293138290166874,0.9575872163610158,492414.98724488914,723.7000122070312,0.007307397746256994,2026-08-12
QQQ260814C00661000,2026-08-03 15:05:40+00:00,661.0,39.17,60.96,64.46,0.0,0.0,42.0,35,0.7263210961914062,True,REGULAR,USD,QQQ,call,2026-08-14,0.005479452054794521,62.709999999999994,0.002349906406456851,0.9569655858210736,43076.03979625656,723.7000122070312,0.007307397746256994,2026-08-12
QQQ260814C00662000,2026-08-10 15:49:53+00:00,662.0,60.3,60.04,63.46,0.0,0.0,4.0,22,0.7171659143066407,True,REGULAR,USD,QQQ,call,2026-08-14,0.005479452054794521,61.75,0.002409625750246289,0.9562989589154606,27764.473116069334,723.7000122070312,0.007307397746256994,2026-08-12
QQQ260814C00663000,2026-07-31 14:07:26+00:00,663.0,28.11,59.04,62.46,0.0,0.0,1.0,36,0.708010732421875,True,REGULAR,USD,QQQ,call,2026-08-14,0.005479452054794521,60.75,0.0024717039545785213,0.9556113624155389,46603.240200786015,723.7000122070312,0.007307397746256994,2026-08-12
QQQ260814C00664000,2026-08-11 13:45:47+00:00,664.0,56.29,58.08,61.7,0.0,0.0,2.0,48,0.7220486779785156,True,REGULAR,USD,QQQ,call,2026-08-14,0.005479452054794521,59.89,0.0026805164671596256,0.9496662411886762,67387.11705329291,723.7000122070312,0.007307397746256994,2026-08-12
QQQ260814C00665000,2026-08-12 18:03:59+00:00,665.0,60.33,57.09,60.76,3.4700012,6.1027107,24.0,447,0.7182645361328125,True,REGULAR,USD,QQQ,call,2026-08-14,0.005479452054794521,58.925,0.0027837344108213335,0.9475651062955053,651707.1428664982,723.7000122070312,0.007307397746256994,2026-08-12
QQQ260814C00666000,2026-08-07 19:56:31+00:00,666.0,57.55,56.1,59.7,0.0,0.0,1.0,20,0.70312796875,True,REGULAR,USD,QQQ,call,2026-08-14,0.005479452054794521,57.900000000000006,0.0028210826529746808,0.948088746984251,29550.37292285642,723.7000122070312,0.007307397746256994,2026-08-12
QQQ260814C00667000,2026-08-10 15:49:53+00:00,667.0,55.35,55.0,58.7,0.0,0.0,4.0,79,0.6936065795898438,True,REGULAR,USD,QQQ,call,2026-08-14,0.005479452054794521,56.85,0.0028953132988933546,0.947275797985809,119795.31018041038,723.7000122070312,0.007307397746256994,2026-08-12
QQQ260814C00668000,2026-08-11 18:49:32+00:00,668.0,48.74,54.45,57.67,0.0,0.0,2.0,75,0.6813996704101564,True,REGULAR,USD,QQQ,call,2026-08-14,0.005479452054794521,56.06,0.0029548684189152057,0.9471023919059275,116069.08737436829,723.7000122070312,0.007307397746256994,2026-08-12
QQQ260814C00669000,2026-08-04 14:01:31+00:00,669.0,46.89,53.11,56.7,0.0,0.0,2.0,111,0.6745638012695314,True,REGULAR,USD,QQQ,call,2026-08-14,0.005479452054794521,54.905,0.003053242388685545,0.9455667687072755,177501.2524659234,723.7000122070312,0.007307397746256994,2026-08-12
QQQ260814C00670000,2026-08-12 19:27:17+00:00,670.0,54.35,52.51,55.44,5.9799995,12.363034,34.0,361,0.6409948010253907,True,REGULAR,USD,QQQ,call,2026-08-14,0.005479452054794521,53.974999999999994,0.002962220232641749,0.9508595081268166,560069.2202113178,723.7000122070312,0.007307397746256994,2026-08-12
QQQ260814C00671000,2026-08-12 20:11:49+00:00,671.0,53.52,51.08,54.7,5.779999,12.1072445,1.0,60,0.6555210229492189,True,REGULAR,USD,QQQ,call,2026-08-14,0.005479452054794521,52.89,0.003225071993461164,0.9437365418836745,101346.28279254392,723.7000122070312,0.007307397746256994,2026-08-12
QQQ260814C00672000,2026-08-11 15:18:36+00:00,672.0,49.1,50.09,53.47,0.0,0.0,1.0,80,0.625125819091797,True,REGULAR,USD,QQQ,call,2026-08-14,0.005479452054794521,51.78,0.0031575658253754206,0.948408116984088,132299.91339661475,723.7000122070312,0.007307397746256994,2026-08-12
QQQ260814C00673000,2026-08-11 19:10:37+00:00,673.0,44.39,49.17,52.71,0.0,0.0,128.0,233,0.6373327282714845,True,REGULAR,USD,QQQ,call,2026-08-14,0.005479452054794521,50.94,0.0034189026528282703,0.9415331322101307,417214.9059024677,723.7000122070312,0.007307397746256994,2026-08-12
QQQ260814C00674000,2026-08-05 14:29:08+00:00,674.0,52.81,48.05,51.71,0.0,0.0,2.0,114,0.6276892700195313,True,REGULAR,USD,QQQ,call,2026-08-14,0.005479452054794521,49.879999999999995,0.003518358345173464,0.9405238113475809,210069.05489954178,723.7000122070312,0.007307397746256994,2026-08-12
QQQ260814C00675000,2026-08-12 19:15:26+00:00,675.0,49.95,47.04,50.77,5.59,12.601442,13.0,656,0.6232947827148438,True,REGULAR,USD,QQQ,call,2026-08-14,0.005479452054794521,48.905,0.0036629199654662865,0.9379413386683979,1258486.1162946266,723.7000122070312,0.007307397746256994,2026-08-12
QQQ260814C00676000,2026-08-11 13:35:40+00:00,676.0,44.91,45.98,49.71,0.0,0.0,1.0,2081,0.608524422607422,True,REGULAR,USD,QQQ,call,2026-08-14,0.005479452054794521,47.845,0.003732512624406284,0.9383503696050741,4068089.747001094,723.7000122070312,0.007307397746256994,2026-08-12
QQQ260814C00677000,2026-08-11 16:08:45+00:00,677.0,43.32,45.01,48.71,0.0,0.0,15.0,85,0.5988809643554689,True,REGULAR,USD,QQQ,call,2026-08-14,0.005479452054794521,46.86,0.00384689512643687,0.9372169474031399,171256.2509330285,723.7000122070312,0.007307397746256994,2026-08-12
QQQ260814C00678000,2026-08-11 15:02:46+00:00,678.0,44.52,44.1,47.72,0.0,0.0,3.0,138,0.5900919897460939,True,REGULAR,USD,QQQ,call,2026-08-14,0.005479452054794521,45.91,0.0039741070200257226,0.9357686181488167,287233.9724033156,723.7000122070312,0.007307397746256994,2026-08-12
QQQ260814C00679000,2026-08-11 14:16:20+00:00,679.0,43.13,43.1,46.72,0.0,0.0,1.0,218,0.5803264624023439,True,REGULAR,USD,QQQ,call,2026-08-14,0.005479452054794521,44.91,0.0040993119750693955,0.9345720154563452,468041.782591315,723.7000122070312,0.007307397746256994,2026-08-12
QQQ260814C00680000,2026-08-12 19:00:16+00:00,680.0,45.22,42.11,45.78,7.6500015,20.361994,26.0,513,0.5754436987304687,True,REGULAR,USD,QQQ,call,2026-08-14,0.005479452054794521,43.945,0.004273365613783045,0.9317091265539835,1148165.7194799054,723.7000122070312,0.007307397746256994,2026-08-12
QQQ260814C00681000,2026-08-11 13:43:23+00:00,681.0,40.43,41.01,44.69,0.0,0.0,2.0,128,0.5584760949707033,True,REGULAR,USD,QQQ,call,2026-08-14,0.005479452054794521,42.849999999999994,0.004348288194315457,0.9328095922173646,291504.6251936473,723.7000122070312,0.007307397746256994,2026-08-12
QQQ260814C00682000,2026-08-11 18:26:24+00:00,682.0,35.71,40.08,43.79,0.0,0.0,5.0,82,0.5566450585937501,True,REGULAR,USD,QQQ,call,2026-08-14,0.005479452054794521,41.935,0.004566441180161966,0.9287065289767785,196114.12753657866,723.7000122070312,0.007307397746256994,2026-08-12
QQQ260814C00683000,2026-08-12 16:26:58+00:00,683.0,41.49,39.11,42.79,6.8200035,19.671198,2.0,237,0.5468795312500001,True,REGULAR,USD,QQQ,call,2026-08-14,0.005479452054794521,40.95,0.004721492002135841,0.9272323342025481,586063.6212941565,723.7000122070312,0.007307397746256994,2026-08-12
QQQ260814C00684000,2026-08-12 16:13:35+00:00,684.0,40.09,38.13,41.79,5.1800003,14.838156,1.0,134,0.5369919348144532,True,REGULAR,USD,QQQ,call,2026-08-14,0.005479452054794521,39.96,0.004883940943620841,0.9257343190572868,342761.7583751593,723.7000122070312,0.007307397746256994,2026-08-12
QQQ260814C00685000,2026-08-12 19:15:26+00:00,685.0,39.97,37.1,40.79,6.170002,18.254444,12.0,529,0.5271043383789062,True,REGULAR,USD,QQQ,call,2026-08-14,0.005479452054794521,38.945,0.005055534071639856,0.924165109005236,1400683.0513162082,723.7000122070312,0.007307397746256994,2026-08-12
QQQ260814C00686000,2026-08-12 13:34:28+00:00,686.0,38.98,36.16,39.8,3.040001,8.458545,4.0,272,0.5179491564941407,True,REGULAR,USD,QQQ,call,2026-08-14,0.005479452054794521,37.98,0.005244151368201154,0.9222350651045491,747069.9756561654,723.7000122070312,0.007307397746256994,2026-08-12
QQQ260814C00687000,2026-08-11 19:05:22+00:00,687.0,30.83,35.16,38.8,0.0,0.0,22.0,1051,0.5080615600585938,True,REGULAR,USD,QQQ,call,2026-08-14,0.005479452054794521,36.98,0.005436422150451803,0.9204990388822104,2992492.35273915,723.7000122070312,0.007307397746256994,2026-08-12
QQQ260814C00688000,2026-08-12 19:37:30+00:00,688.0,37.16,34.13,36.83,6.1100006,19.67794,17.0,208,0.41797457031249996,True,REGULAR,USD,QQQ,call,2026-08-14,0.005479452054794521,35.480000000000004,0.00451014757732689,0.951300934093392,491327.69794907555,723.7000122070312,0.007307397746256994,2026-08-12
QQQ260814C00689000,2026-08-12 15:36:08+00:00,689.0,34.74,33.16,35.83,1.6500015,4.9864054,6.0,299,0.4089414575195312,True,REGULAR,USD,QQQ,call,2026-08-14,0.005479452054794521,34.495,0.004702370452115155,0.9500726567045327,736385.4316734654,723.7000122070312,0.007307397746256994,2026-08-12
QQQ260814C00690000,2026-08-12 19:43:05+00:00,690.0,33.68,33.39,34.58,6.3899994,23.415167,176.0,1428,0.3753724572753906,True,REGULAR,USD,QQQ,call,2026-08-14,0.005479452054794521,33.985,0.004381788088795706,0.958888130378895,3277153.1517095165,723.7000122070312,0.007307397746256994,2026-08-12
QQQ260814C00691000,2026-08-12 15:05:44+00:00,691.0,33.06,32.42,33.85,7.4000015,28.838665,2.0,178,0.3927062683105469,True,REGULAR,USD,QQQ,call,2026-08-14,0.005479452054794521,33.135000000000005,0.0051664553168312985,0.94658980912232,481648.0871809407,723.7000122070312,0.007307397746256994,2026-08-12
QQQ260814C00692000,2026-08-12 18:24:56+00:00,692.0,33.4,31.42,32.84,6.250002,23.020266,6.0,287,0.38269660278320305,True,REGULAR,USD,QQQ,call,2026-08-14,0.005479452054794521,32.13,0.0053842219085832215,0.9455361387163472,809323.2325609139,723.7000122070312,0.007307397746256994,2026-08-12
QQQ260814C00693000,2026-08-12 18:57:25+00:00,693.0,32.01,29.14,31.86,7.6799984,31.56596,9.0,696,0.3753724572753906,True,REGULAR,USD,QQQ,call,2026-08-14,0.005479452054794521,30.5,0.005678108372755424,0.9431514899855321,2069808.0741295496,723.7000122070312,0.007307397746256994,2026-08-12
QQQ260814C00694000,2026-08-12 20:12:43+00:00,694.0,29.91,29.44,30.84,2.9400005,10.901004,2.0,242,0.36438623901367195,True,REGULAR,USD,QQQ,call,2026-08-14,0.005479452054794521,30.14,0.005910502561660082,0.9423946635880636,749129.5625670793,723.7000122070312,0.007307397746256994,2026-08-12
QQQ260814C00695000,2026-08-12 16:00:39+00:00,695.0,28.91,28.45,29.86,4.7299995,19.561619,15.0,1115,0.3569400244140625,True,REGULAR,USD,QQQ,call,2026-08-14,0.005479452054794521,29.155,0.006246919492900633,0.939789157445887,3648026.0954102525,723.7000122070312,0.007307397746256994,2026-08-12
QQQ260814C00696000,2026-08-12 19:04:17+00:00,696.0,29.09,26.16,28.84,8.15,38.920723,8.0,541,0.3459538061523437,True,REGULAR,USD,QQQ,call,2026-08-14,0.005479452054794521,27.5,0.006522178804764684,0.9388694280373426,1848021.9521252217,723.7000122070312,0.007307397746256994,2026-08-12
QQQ260814C00697000,2026-08-12 15:33:54+00:00,697.0,26.91,25.13,27.86,2.1100006,8.508067,6.0,659,0.33838552246093745,True,REGULAR,USD,QQQ,call,2026-08-14,0.005479452054794521,26.494999999999997,0.006910881554754626,0.9359991720687341,2385261.6417008946,723.7000122070312,0.007307397746256994,2026-08-12
QQQ260814C00698000,2026-08-12 19:27:44+00:00,698.0,27.14,24.18,26.87,7.459999,37.906498,3.0,218,0.3298406860351562,True,REGULAR,USD,QQQ,call,2026-08-14,0.005479452054794521,25.525,0.007306831685245915,0.9334642218684167,834262.5659759176,723.7000122070312,0.007307397746256994,2026-08-12
QQQ260814C00699000,2026-08-11 14:33:31+00:00,699.0,23.22,24.5,25.87,0.0,0.0,1.0,376,0.32031929687499994,True,REGULAR,USD,QQQ,call,2026-08-14,0.005479452054794521,25.185000000000002,0.007711147548352104,0.9313147511307658,1518532.2439815702,723.7000122070312,0.007307397746256994,2026-08-12
QQQ260814C00700000,2026-08-12 20:05:02+00:00,700.0,25.0,23.64,24.56,6.1100006,32.34516,196.0,10274,0.28516339843749994,True,REGULAR,USD,QQQ,call,2026-08-14,0.005479452054794521,24.1,0.007280425563192794,0.945014464238172,39175404.299860224,723.7000122070312,0.007307397746256994,2026-08-12
QQQ260814C00701000,2026-08-12 20:11:53+00:00,701.0,23.25,21.27,23.9,4.549999,24.331547,12.0,1245,0.30371790039062496,True,REGULAR,USD,QQQ,call,2026-08-14,0.005479452054794521,22.585,0.008712940286737397,0.9248558923006203,5681346.1296134805,723.7000122070312,0.007307397746256994,2026-08-12
QQQ260814C00702000,2026-08-12 19:04:17+00:00,702.0,23.12,20.24,22.92,5.33,29.960651,11.0,477,0.2955392712402344,True,REGULAR,USD,QQQ,call,2026-08-14,0.005479452054794521,21.58,0.009291707716790425,0.9211056808636147,2321298.9714387953,723.7000122070312,0.007307397746256994,2026-08-12
QQQ260814C00703000,2026-08-12 17:19:02+00:00,703.0,22.17,20.58,21.95,7.17,47.8,3.0,478,0.2880930566406249,True,REGULAR,USD,QQQ,call,2026-08-14,0.005479452054794521,21.265,0.009950982536692908,0.9164756270004221,2491213.912464846,723.7000122070312,0.007307397746256994,2026-08-12
QQQ260814C00704000,2026-08-12 13:54:26+00:00,704.0,21.83,19.61,20.63,6.6099997,43.42969,1.0,552,0.25440198730468755,True,REGULAR,USD,QQQ,call,2026-08-14,0.005479452054794521,20.119999999999997,0.009695588052642083,0.9314392038718791,2803047.0816344423,723.7000122070312,0.007307397746256994,2026-08-12
QQQ260814C00705000,2026-08-12 19:44:29+00:00,705.0,19.02,18.64,19.99,4.3500004,29.652353,165.0,2605,0.2710033837890625,True,REGULAR,USD,QQQ,call,2026-08-14,0.005479452054794521,19.314999999999998,0.011408420105216501,0.9075738007674836,15565045.439172179,723.7000122070312,0.007307397746256994,2026-08-12
QQQ260814C00706000,2026-08-12 19:30:13+00:00,706.0,18.51,17.68,18.68,4.1100006,28.541672,9.0,352,0.23926541992187497,True,REGULAR,USD,QQQ,call,2026-08-14,0.005479452054794521,18.18,0.01136767538960401,0.9220959173437641,2095711.4537117083,723.7000122070312,0.007307397746256994,2026-08-12
QQQ260814C00707000,2026-08-12 19:39:06+00:00,707.0,17.46,16.72,17.73,4.4399986,34.10137,19.0,826,0.2332840344238281,True,REGULAR,USD,QQQ,call,2026-08-14,0.005479452054794521,17.225,0.012432987008160822,0.915168613714487,5378642.597683034,723.7000122070312,0.007307397746256994,2026-08-12
QQQ260814C00708000,2026-08-12 19:21:29+00:00,708.0,16.98,15.78,16.77,5.5699997,48.81683,12.0,488,0.22620402709960938,True,REGULAR,USD,QQQ,call,2026-08-14,0.005479452054794521,16.275,0.0135707600760589,0.9084592207467839,3468495.651617877,723.7000122070312,0.007307397746256994,2026-08-12
QQQ260814C00709000,2026-08-12 19:59:50+00:00,709.0,15.17,14.83,15.83,3.62,31.341991,60.0,3556,0.22022264160156246,True,REGULAR,USD,QQQ,call,2026-08-14,0.005479452054794521,15.33,0.014896830328492407,0.8998074394269509,27744236.858706713,723.7000122070312,0.007307397746256994,2026-08-12
QQQ260814C00710000,2026-08-12 20:07:28+00:00,710.0,14.51,13.9,14.89,3.6500006,33.609585,153.0,2415,0.213875048828125,True,REGULAR,USD,QQQ,call,2026-08-14,0.005479452054794521,14.395,0.016362852764998007,0.8904555548738682,20696328.905464236,723.7000122070312,0.007307397746256994,2026-08-12
QQQ260814C00711000,2026-08-12 19:11:49+00:00,711.0,14.42,13.0,13.96,4.7,48.353905,43.0,366,0.20764952514648435,True,REGULAR,USD,QQQ,call,2026-08-14,0.005479452054794521,13.48,0.01800871588404984,0.8797554977622517,3452081.1132703694,723.7000122070312,0.007307397746256994,2026-08-12
QQQ260814C00712000,2026-08-12 20:07:36+00:00,712.0,12.77,12.04,12.93,3.3600006,35.706703,254.0,1431,0.195320546875,True,REGULAR,USD,QQQ,call,2026-08-14,0.005479452054794521,12.485,0.019688166105469338,0.874867225809236,14755776.15755935,723.7000122070312,0.007307397746256994,2026-08-12
QQQ260814C00712500,2026-08-12 19:42:23+00:00,712.5,12.15,11.64,12.59,3.21,35.90604,32.0,280,0.1991046887207031,True,REGULAR,USD,QQQ,call,2026-08-14,0.005479452054794521,12.115,0.02086345305451302,0.8600402676801013,3059576.9485767744,723.7000122070312,0.007307397746256994,2026-08-12
QQQ260814C00713000,2026-08-12 20:00:59+00:00,713.0,12.0,11.19,12.14,3.3900003,39.372826,60.0,1100,0.196297099609375,True,REGULAR,USD,QQQ,call,2026-08-14,0.005479452054794521,11.665,0.021918856616934247,0.8525578710473116,12627801.334162526,723.7000122070312,0.007307397746256994,2026-08-12
QQQ260814C00714000,2026-08-12 19:47:52+00:00,714.0,10.85,10.32,11.03,2.9900002,38.040714,320.0,791,0.17920742675781248,True,REGULAR,USD,QQQ,call,2026-08-14,0.005479452054794521,10.675,0.024187433867482924,0.8509177917580016,10020362.623037843,723.7000122070312,0.007307397746256994,2026-08-12
QQQ260814C00715000,2026-08-12 20:04:34+00:00,715.0,10.42,9.63,10.38,3.25,45.327755,618.0,2567,0.18579915771484373,True,REGULAR,USD,QQQ,call,2026-08-14,0.005479452054794521,10.005,0.02668055689609224,0.8165206633684963,35870540.34459238,723.7000122070312,0.007307397746256994,2026-08-12
QQQ260814C00716000,2026-08-12 20:05:02+00:00,716.0,9.43,8.65,9.51,2.7800002,41.804516,413.0,2800,0.18006191040039063,True,REGULAR,USD,QQQ,call,2026-08-14,0.005479452054794521,9.08,0.0294127203173433,0.7954963345917095,43133071.4253043,723.7000122070312,0.007307397746256994,2026-08-12
QQQ260814C00717000,2026-08-12 20:05:02+00:00,717.0,9.0,7.83,8.73,2.9499998,48.760323,452.0,1812,0.17762052856445312,True,REGULAR,USD,QQQ,call,2026-08-14,0.005479452054794521,8.280000000000001,0.03210431422507456,0.7675058630445777,30467635.460646708,723.7000122070312,0.007307397746256994,2026-08-12
QQQ260814C00717500,2026-08-12 19:41:22+00:00,717.5,8.07,7.44,8.33,2.4199996,42.83185,327.0,776,0.1756063885498047,True,REGULAR,USD,QQQ,call,2026-08-14,0.005479452054794521,7.885,0.0335331433481598,0.753410136613434,13628659.67026935,723.7000122070312,0.007307397746256994,2026-08-12
QQQ260814C00718000,2026-08-12 20:13:00+00:00,718.0,7.18,7.1,7.64,1.7599998,32.472317,1270.0,2465,0.16059189025878906,True,REGULAR,USD,QQQ,call,2026-08-14,0.005479452054794521,7.369999999999999,0.03655999117829143,0.754765833859276,47199800.80273304,723.7000122070312,0.007307397746256994,2026-08-12
QQQ260814C00719000,2026-08-12 20:04:34+00:00,719.0,7.11,6.58,6.75,2.2200003,45.39878,940.0,1309,0.1519860192871094,True,REGULAR,USD,QQQ,call,2026-08-14,0.005479452054794521,6.665,0.04082217795663517,0.7271596678194385,27986782.846623663,723.7000122070312,0.007307397746256994,2026-08-12
QQQ260814C00720000,2026-08-12 20:11:42+00:00,720.0,6.1,5.89,6.02,1.6700001,37.697517,4097.0,8167,0.1491173956298828,True,REGULAR,USD,QQQ,call,2026-08-14,0.005479452054794521,5.955,0.04429682435423826,0.6878415183890052,189475171.2227012,723.7000122070312,0.007307397746256994,2026-08-12
QQQ260814C00721000,2026-08-12 20:14:56+00:00,721.0,5.31,5.2,5.31,1.3299999,33.417084,2535.0,4537,0.14576049560546872,True,REGULAR,USD,QQQ,call,2026-08-14,0.005479452054794521,5.255,0.04767291251190511,0.6451035557334437,113281143.56482866,723.7000122070312,0.007307397746256994,2026-08-12
QQQ260814C00722000,2026-08-12 20:14:18+00:00,722.0,4.61,4.59,4.7,1.0800002,30.594906,2118.0,3651,0.14490601196289063,True,REGULAR,USD,QQQ,call,2026-08-14,0.005479452054794521,4.645,0.04987199897176683,0.596791710261238,95364287.60394765,723.7000122070312,0.007307397746256994,2026-08-12
QQQ260814C00722500,2026-08-12 20:14:28+00:00,722.5,4.28,4.24,4.4,0.97000027,29.305145,811.0,1241,0.14411256286621094,True,REGULAR,USD,QQQ,call,2026-08-14,0.005479452054794521,4.32,0.050831387571171775,0.5719914952517512,33038544.502536222,723.7000122070312,0.007307397746256994,2026-08-12
QQQ260814C00723000,2026-08-12 20:14:28+00:00,723.0,4.01,3.95,4.08,0.9300003,30.194817,6019.0,3096,0.14215945739746094,True,REGULAR,USD,QQQ,call,2026-08-14,0.005479452054794521,4.015000000000001,0.052021264106826316,0.5469870675842484,84352704.84218767,723.7000122070312,0.007307397746256994,2026-08-12
QQQ260814C00724000,2026-08-12 20:14:57+00:00,724.0,3.48,3.42,3.48,0.78,28.88889,8945.0,2249,0.13855841918945314,False,REGULAR,USD,QQQ,call,2026-08-14,0.005479452054794521,3.45,0.0537412782251194,0.49445134144576863,63301588.31846693,723.7000122070312,0.007307397746256994,2026-08-12
QQQ260814C00725000,2026-08-12 20:14:58+00:00,725.0,2.97,2.92,2.95,0.55999994,23.236511,25845.0,13024,0.13599496826171875,False,REGULAR,USD,QQQ,call,2026-08-14,0.005479452054794521,2.935,0.05413496269629876,0.43980132216189716,369266057.20003176,723.7000122070312,0.007307397746256994,2026-08-12
QQQ260814C00726000,2026-08-12 20:14:08+00:00,726.0,2.45,2.46,2.51,0.36000013,17.224888,5597.0,1338,0.13507945007324224,False,REGULAR,USD,QQQ,call,2026-08-14,0.005479452054794521,2.485,0.05285413893569162,0.3857486367640358,37038404.92395648,723.7000122070312,0.007307397746256994,2026-08-12
QQQ260814C00727000,2026-08-12 20:14:46+00:00,727.0,2.1,2.05,2.1,0.27999985,15.384606,9516.0,1620,0.1336146209716797,False,REGULAR,USD,QQQ,call,2026-08-14,0.005479452054794521,2.075,0.050750348971852606,0.3325514639381305,43059720.5851669,723.7000122070312,0.007307397746256994,2026-08-12
QQQ260814C00727500,2026-08-12 20:11:29+00:00,727.5,1.95,1.87,1.91,0.35000002,21.875002,1956.0,1338,0.132821171875,False,REGULAR,USD,QQQ,call,2026-08-14,0.005479452054794521,1.8900000000000001,0.04934448208096518,0.3066209161387758,34578955.30757619,723.7000122070312,0.007307397746256994,2026-08-12
QQQ260814C00728000,2026-08-12 20:14:53+00:00,728.0,1.72,1.69,1.73,0.14999998,9.554138,3965.0,3345,0.13196668823242189,False,REGULAR,USD,QQQ,call,2026-08-14,0.005479452054794521,1.71,0.04771904863360075,0.28125411700414527,83599765.38581693,723.7000122070312,0.007307397746256994,2026-08-12
QQQ260814C00729000,2026-08-12 20:14:53+00:00,729.0,1.4,1.38,1.42,0.049999952,3.7037,3165.0,1041,0.13092910095214844,False,REGULAR,USD,QQQ,call,2026-08-14,0.005479452054794521,1.4,0.04371962867913334,0.23409723244519354,23836602.495344803,723.7000122070312,0.007307397746256994,2026-08-12
QQQ260814C00730000,2026-08-12 20:14:58+00:00,730.0,1.13,1.13,1.14,-0.029999971,-2.5862045,21455.0,16218,0.1294032373046875,False,REGULAR,USD,QQQ,call,2026-08-14,0.005479452054794521,1.1349999999999998,0.03916963164600545,0.190190528121783,332708536.08158445,723.7000122070312,0.007307397746256994,2026-08-12
QQQ260814C00731000,2026-08-12 20:14:58+00:00,731.0,0.92,0.89,0.92,-0.050000012,-5.15464,2744.0,1000,0.1289149609375,False,REGULAR,USD,QQQ,call,2026-08-14,0.005479452054794521,0.905,0.0341965082690221,0.15291633633575225,17910137.637116153,723.7000122070312,0.007307397746256994,2026-08-12
QQQ260814C00732000,2026-08-12 20:14:54+00:00,732.0,0.73,0.7,0.73,-0.089999974,-10.975606,5846.0,3932,0.12818254638671872,False,REGULAR,USD,QQQ,call,2026-08-14,0.005479452054794521,0.715,0.029165703181283337,0.12020036331169348,60062460.68517963,723.7000122070312,0.007307397746256994,2026-08-12
QQQ260814C00732500,2026-08-12 20:14:26+00:00,732.5,0.63,0.62,0.65,-0.100000024,-13.698632,1126.0,1296,0.127938408203125,False,REGULAR,USD,QQQ,call,2026-08-14,0.005479452054794521,0.635,0.026704670185432277,0.10595235490991467,18126309.03707104,723.7000122070312,0.007307397746256994,2026-08-12
QQQ260814C00733000,2026-08-12 20:14:43+00:00,733.0,0.55,0.54,0.57,-0.13999999,-20.289852,2743.0,990,0.12732806274414063,False,REGULAR,USD,QQQ,call,2026-08-14,0.005479452054794521,0.5549999999999999,0.02425546562562339,0.09229214785873291,12576562.997186981,723.7000122070312,0.007307397746256994,2026-08-12
QQQ260814C00734000,2026-08-12 20:14:48+00:00,734.0,0.42,0.41,0.44,-0.19000003,-31.147543,1880.0,1044,0.12659564819335936,False,REGULAR,USD,QQQ,call,2026-08-14,0.005479452054794521,0.425,0.019675895588453802,0.0694386334158821,10758510.990240792,723.7000122070312,0.007307397746256994,2026-08-12
QQQ260814C00735000,2026-08-12 20:14:53+00:00,735.0,0.33,0.31,0.34,-0.17999998,-35.294113,18118.0,15744,0.1263515100097656,False,REGULAR,USD,QQQ,call,2026-08-14,0.005479452054794521,0.325,0.01565222013518896,0.05171703519258003,129064911.58988753,723.7000122070312,0.007307397746256994,2026-08-12
QQQ260814C00736000,2026-08-12 20:14:35+00:00,736.0,0.26,0.24,0.26,-0.15,-36.58537,1412.0,671,0.12622944091796873,False,REGULAR,USD,QQQ,call,2026-08-14,0.005479452054794521,0.25,0.012197513341579931,0.03790597735282116,4286580.479241496,723.7000122070312,0.007307397746256994,2026-08-12
QQQ260814C00737000,2026-08-12 20:13:32+00:00,737.0,0.18,0.18,0.2,-0.16999999,-48.571423,1515.0,3490,0.12647357910156248,False,REGULAR,USD,QQQ,call,2026-08-14,0.005479452054794521,0.19,0.00937353003929967,0.027612257929082375,17133487.11752872,723.7000122070312,0.007307397746256994,2026-08-12
QQQ260814C00737500,2026-08-12 20:11:51+00:00,737.5,0.18,0.16,0.17,-0.13999999,-43.749996,416.0,566,0.125985302734375,False,REGULAR,USD,QQQ,call,2026-08-14,0.005479452054794521,0.165,0.008043088522110496,0.022896625151017497,2384275.5193042746,723.7000122070312,0.007307397746256994,2026-08-12
QQQ260814C00738000,2026-08-12 20:09:53+00:00,738.0,0.16,0.13,0.15,-0.13,-44.827587,1716.0,789,0.12647357910156248,False,REGULAR,USD,QQQ,call,2026-08-14,0.005479452054794521,0.14,0.0070268592043584805,0.019606756444254702,2903724.53975762,723.7000122070312,0.007307397746256994,2026-08-12
QQQ260814C00739000,2026-08-12 20:14:48+00:00,739.0,0.11,0.1,0.12,-0.14,-56.0,1352.0,564,0.127938408203125,False,REGULAR,USD,QQQ,call,2026-08-14,0.005479452054794521,0.11,0.005393495561230318,0.014584130919080573,1593186.3966051303,723.7000122070312,0.007307397746256994,2026-08-12
QQQ260814C00740000,2026-08-12 20:14:57+00:00,740.0,0.09,0.08,0.09,-0.11,-55.0,9585.0,15534,0.127938408203125,False,REGULAR,USD,QQQ,call,2026-08-14,0.005479452054794521,0.08499999999999999,0.003910045825052188,0.010062930406113271,31811365.23949284,723.7000122070312,0.007307397746256994,2026-08-12
QQQ260814C00741000,2026-08-12 20:10:14+00:00,741.0,0.08,0.06,0.08,-0.09,-52.941177,719.0,1372,0.131844619140625,False,REGULAR,USD,QQQ,call,2026-08-14,0.005479452054794521,0.07,0.003222581712028484,0.008350495169133039,2315662.2159716636,723.7000122070312,0.007307397746256994,2026-08-12
QQQ260814C00742000,2026-08-12 20:13:14+00:00,742.0,0.05,0.05,0.06,-0.08,-61.538464,530.0,693,0.13233289550781252,False,REGULAR,USD,QQQ,call,2026-08-14,0.005479452054794521,0.055,0.0023394707243115528,0.005833941212636836,849117.9257885674,723.7000122070312,0.007307397746256994,2026-08-12
QQQ260814C00742500,2026-08-12 20:03:11+00:00,742.5,0.04,0.04,0.06,-0.1,-71.42857,305.0,546,0.13526255371093754,False,REGULAR,USD,QQQ,call,2026-08-14,0.005479452054794521,0.05,0.00221794120556712,0.005630853436152926,634249.0597235303,723.7000122070312,0.007307397746256994,2026-08-12
QQQ260814C00743000,2026-08-12 20:07:39+00:00,743.0,0.05,0.04,0.06,-0.06999999,-58.333332,999.0,2801,0.13868048828125001,False,REGULAR,USD,QQQ,call,2026-08-14,0.005479452054794521,0.05,0.0021476392194470935,0.0055850390765298675,3150587.858529374,723.7000122070312,0.007307397746256994,2026-08-12
QQQ260814C00744000,2026-08-12 19:57:00+00:00,744.0,0.02,0.03,0.05,-0.08,-80.00001,1033.0,938,0.14063359375,False,REGULAR,USD,QQQ,call,2026-08-14,0.005479452054794521,0.04,0.0016618573761370886,0.00425481754506342,816420.2108345338,723.7000122070312,0.007307397746256994,2026-08-12
QQQ260814C00745000,2026-08-12 20:13:02+00:00,745.0,0.03,0.03,0.04,-0.049999997,-62.499996,3144.0,4321,0.14258669921875,False,REGULAR,USD,QQQ,call,2026-08-14,0.005479452054794521,0.035,0.0012844946016638886,0.003242198439952075,2906924.2148348396,723.7000122070312,0.007307397746256994,2026-08-12
QQQ260814C00746000,2026-08-12 20:07:03+00:00,746.0,0.03,0.02,0.04,-0.04,-57.142857,182.0,729,0.147469462890625,False,REGULAR,USD,QQQ,call,2026-08-14,0.005479452054794521,0.03,0.001136546758634582,0.002938053220495175,433942.30941478553,723.7000122070312,0.007307397746256994,2026-08-12
QQQ260814C00747000,2026-08-12 19:49:16+00:00,747.0,0.01,0.02,0.03,-0.060000002,-85.71429,71.0,2502,0.148446015625,False,REGULAR,USD,QQQ,call,2026-08-14,0.005479452054794521,0.025,0.0008439356663476257,0.0021293800602591307,1105894.7762521675,723.7000122070312,0.007307397746256994,2026-08-12
QQQ260814C00748000,2026-08-12 20:13:30+00:00,748.0,0.02,0.01,0.02,-0.030000001,-60.0,342.0,669,0.14649291015625,False,REGULAR,USD,QQQ,call,2026-08-14,0.005479452054794521,0.015,0.0005318117359170584,0.0012640684756820338,186337.89912058157,723.7000122070312,0.007307397746256994,2026-08-12
QQQ260814C00749000,2026-08-12 19:53:17+00:00,749.0,0.01,0.01,0.02,-0.04,-80.00001,686.0,3013,0.15137567382812503,False,REGULAR,USD,QQQ,call,2026-08-14,0.005479452054794521,0.015,0.00048224680241995576,0.001177342420367334,761001.7373808642,723.7000122070312,0.007307397746256994,2026-08-12
QQQ260814C00750000,2026-08-12 20:03:28+00:00,750.0,0.01,0.01,0.02,-0.04,-80.00001,1444.0,7864,0.1562584375,False,REGULAR,USD,QQQ,call,2026-08-14,0.005479452054794521,0.015,0.00043957862952558307,0.0011016279358621464,1810494.6066151203,723.7000122070312,0.007307397746256994,2026-08-12
QQQ260814C00751000,2026-08-12 19:50:49+00:00,751.0,0.01,0.01,0.02,-0.02,-66.66667,740.0,681,0.16211775390625,False,REGULAR,USD,QQQ,call,2026-08-14,0.005479452054794521,0.015,0.0004237411853834831,0.0011017696675332347,151134.96472073934,723.7000122070312,0.007307397746256994,2026-08-12
QQQ260814C00752000,2026-08-12 19:57:51+00:00,752.0,0.01,0.01,0.02,-0.02,-66.66667,250.0,291,0.16602396484375004,False,REGULAR,USD,QQQ,call,2026-08-14,0.005479452054794521,0.015,0.0003703957160403512,0.0009764737073550499,56451.58028612785,723.7000122070312,0.007307397746256994,2026-08-12
QQQ260814C00753000,2026-08-12 19:44:07+00:00,753.0,0.01,0.0,0.02,-0.02,-66.66667,115.0,920,0.17188328125000002,False,REGULAR,USD,QQQ,call,2026-08-14,0.005479452054794521,0.01,0.0003595061143777169,0.0009816382898616403,173225.27856052213,723.7000122070312,0.007307397746256994,2026-08-12
QQQ260814C00754000,2026-08-12 19:56:42+00:00,754.0,0.01,0.0,0.02,-0.02,-66.66667,133.0,389,0.17774259765625,False,REGULAR,USD,QQQ,call,2026-08-14,0.005479452054794521,0.01,0.00034939066206170146,0.0009869784053997289,71183.28971473564,723.7000122070312,0.007307397746256994,2026-08-12
QQQ260814C00755000,2026-08-12 19:39:57+00:00,755.0,0.01,0.0,0.02,-0.01,-50.0,126.0,1665,0.18164880859375,False,REGULAR,USD,QQQ,call,2026-08-14,0.005479452054794521,0.01,0.00030973631918825424,0.0008864021567145963,270099.3448497667,723.7000122070312,0.007307397746256994,2026-08-12
QQQ260814C00756000,2026-08-12 18:23:53+00:00,756.0,0.01,0.0,0.02,-0.01,-50.0,13.0,650,0.187508125,False,REGULAR,USD,QQQ,call,2026-08-14,0.005479452054794521,0.01,0.00030264008191639035,0.0008947046535698006,103028.40165267783,723.7000122070312,0.007307397746256994,2026-08-12
QQQ260814C00757000,2026-08-12 19:44:24+00:00,757.0,0.01,0.0,0.02,-0.02,-66.66667,180.0,1713,0.1914143359375,False,REGULAR,USD,QQQ,call,2026-08-14,0.005479452054794521,0.01,0.00027044680277197924,0.0008096742363538958,242636.63505348496,723.7000122070312,0.007307397746256994,2026-08-12
QQQ260814C00758000,2026-08-12 19:29:25+00:00,758.0,0.01,0.0,0.02,-0.01,-50.0,14.0,285,0.19727365234375,False,REGULAR,USD,QQQ,call,2026-08-14,0.005479452054794521,0.01,0.00026545405004390504,0.0008198711477808649,39623.36688108833,723.7000122070312,0.007307397746256994,2026-08-12
QQQ260814C00759000,2026-08-12 19:40:12+00:00,759.0,0.01,0.0,0.02,-0.01,-50.0,19.0,402,0.20313296874999998,False,REGULAR,USD,QQQ,call,2026-08-14,0.005479452054794521,0.01,0.000260712268019425,0.0008299516243022448,54891.44716196927,723.7000122070312,0.007307397746256994,2026-08-12
QQQ260814C00760000,2026-08-12 19:31:43+00:00,760.0,0.01,0.0,0.02,0.0,0.0,87.0,2938,0.20703917968749996,False,REGULAR,USD,QQQ,call,2026-08-14,0.005479452054794521,0.01,0.00023541586445756396,0.0007583865102586743,362246.8999642303,723.7000122070312,0.007307397746256994,2026-08-12
QQQ260814C00765000,2026-08-12 18:39:34+00:00,765.0,0.01,0.0,0.01,-0.01,-50.0,811.0,2863,0.2148516015625,False,REGULAR,USD,QQQ,call,2026-08-14,0.005479452054794521,0.005,8.47995265150382e-05,0.00026229297603876355,127154.55879016277,723.7000122070312,0.007307397746256994,2026-08-12
QQQ260814C00770000,2026-08-12 17:37:10+00:00,770.0,0.02,0.0,0.02,0.0,0.0,22.0,3299,0.25586681640625003,False,REGULAR,USD,QQQ,call,2026-08-14,0.005479452054794521,0.01,0.00014652228815274866,0.0005706671721208665,253164.7104150055,723.7000122070312,0.007307397746256994,2026-08-12
QQQ260814C00775000,2026-08-12 16:09:43+00:00,775.0,0.01,0.0,0.02,0.0,0.0,120.0,4026,0.27930408203124996,False,REGULAR,USD,QQQ,call,2026-08-14,0.005479452054794521,0.01,0.0001183709423586152,0.0004981574121856213,249595.08874362241,723.7000122070312,0.007307397746256994,2026-08-12
QQQ260814C00780000,2026-08-12 13:30:02+00:00,780.0,0.02,0.0,0.01,0.01,100.0,10.0,1080,0.28125718749999995,False,REGULAR,USD,QQQ,call,2026-08-14,0.005479452054794521,0.005,4.403479484273866e-05,0.00017348099171094841,24907.887339587407,723.7000122070312,0.007307397746256994,2026-08-12
QQQ260814C00785000,2026-08-12 14:06:03+00:00,785.0,0.01,0.0,0.01,0.0,0.0,1.0,330,0.304694453125,False,REGULAR,USD,QQQ,call,2026-08-14,0.005479452054794521,0.005,3.9718573490215936e-05,0.00016924590304521315,6864.750256953867,723.7000122070312,0.007307397746256994,2026-08-12
QQQ260814C00790000,2026-08-12 14:50:44+00:00,790.0,0.01,0.0,0.01,-0.01,-50.0,3.0,709,0.32813171874999997,False,REGULAR,USD,QQQ,call,2026-08-14,0.005479452054794521,0.005,3.6390233645522453e-05,0.00016683702578752134,13512.889926379694,723.7000122070312,0.007307397746256994,2026-08-12
QQQ260814C00795000,2026-08-12 19:18:53+00:00,795.0,0.01,0.0,0.02,0.0,0.0,1.0,300,0.3711000390625,False,REGULAR,USD,QQQ,call,2026-08-14,0.005479452054794521,0.01,6.22094421639858e-05,0.00033825581939811845,9774.503841620417,723.7000122070312,0.007307397746256994,2026-08-12
QQQ260814C00800000,2026-08-12 15:14:07+00:00,800.0,0.01,0.0,0.01,0.0,0.0,10.0,1868,0.367193828125,False,REGULAR,USD,QQQ,call,2026-08-14,0.005479452054794521,0.005,2.4471876177335888e-05,0.00012316949230450796,23942.04806503397,723.7000122070312,0.007307397746256994,2026-08-12
QQQ260814C00805000,2026-08-10 16:18:57+00:00,805.0,0.02,0.0,0.02,0.0,0.0,3.0,126,0.414068359375,False,REGULAR,USD,QQQ,call,2026-08-14,0.005479452054794521,0.01,4.6642164227020416e-05,0.00027923012880283596,3077.9842894431495,723.7000122070312,0.007307397746256994,2026-08-12
QQQ260814C00810000,2026-08-07 14:39:07+00:00,810.0,0.03,0.0,0.02,0.0,0.0,1.0,47,0.437505625,False,REGULAR,USD,QQQ,call,2026-08-14,0.005479452054794521,0.01,4.344266671780931e-05,0.0002744734084915552,1069.3786132654836,723.7000122070312,0.007307397746256994,2026-08-12
QQQ260814C00815000,2026-08-05 14:02:57+00:00,815.0,0.15,0.0,0.02,0.0,0.0,5.0,21,0.45703667968750006,False,REGULAR,USD,QQQ,call,2026-08-14,0.005479452054794521,0.01,3.710878713782041e-05,0.0002428975725723666,408.14381044641414,723.7000122070312,0.007307397746256994,2026-08-12
QQQ260814C00820000,2026-08-07 14:42:48+00:00,820.0,0.01,0.0,0.01,0.0,0.0,41.0,122,0.45313046875,False,REGULAR,USD,QQQ,call,2026-08-14,0.005479452054794521,0.005,1.74230482803914e-05,0.00010730133412721881,1113.2716012177846,723.7000122070312,0.007307397746256994,2026-08-12
QQQ260814C00825000,2026-08-10 19:10:17+00:00,825.0,0.02,0.0,0.02,0.0,0.0,5.0,665,0.500005,False,REGULAR,USD,QQQ,call,2026-08-14,0.005479452054794521,0.01,3.089574266623258e-05,0.0002197647987646148,10760.623700759079,723.7000122070312,0.007307397746256994,2026-08-12
QQQ260814C00830000,2026-08-11 13:54:08+00:00,830.0,0.02,0.0,0.02,0.0,0.0,40.0,273,0.523442265625,False,REGULAR,USD,QQQ,call,2026-08-14,0.005479452054794521,0.01,2.984021390686926e-05,0.00022238120691839885,4266.59813273578,723.7000122070312,0.007307397746256994,2026-08-12
QQQ260814C00835000,2026-08-06 17:55:14+00:00,835.0,0.03,0.0,0.02,0.0,0.0,11.0,103,0.507817421875,False,REGULAR,USD,QQQ,call,2026-08-14,0.005479452054794521,0.01,1.1533090441651492e-05,7.809961960557321e-05,622.1571297083473,723.7000122070312,0.007307397746256994,2026-08-12
QQQ260814C00840000,2026-08-11 19:27:28+00:00,840.0,0.01,0.0,0.01,0.0,0.0,7.0,58,0.500005,False,REGULAR,USD,QQQ,call,2026-08-14,0.005479452054794521,0.005,4.957243657413157e-06,3.1409444697856925e-05,150.58628499080734,723.7000122070312,0.007307397746256994,2026-08-12
QQQ260814C00845000,2026-08-07 16:25:28+00:00,845.0,0.02,0.0,0.01,0.0,0.0,7.0,28,0.51562984375,False,REGULAR,USD,QQQ,call,2026-08-14,0.005479452054794521,0.005,4.208689110791716e-06,2.7296176746611983e-05,61.71944861408743,723.7000122070312,0.007307397746256994,2026-08-12
QQQ260814C00850000,2026-08-11 15:34:07+00:00,850.0,0.01,0.0,0.01,0.0,0.0,6.0,58,0.5312546875,False,REGULAR,USD,QQQ,call,2026-08-14,0.005479452054794521,0.005,3.6144837201209026e-06,2.3990347230818204e-05,109.79724080312565,723.7000122070312,0.007307397746256994,2026-08-12
QQQ260814C00860000,2026-08-05 13:48:50+00:00,860.0,0.07,0.0,0.01,0.0,0.0,5.0,22,0.57812921875,False,REGULAR,USD,QQQ,call,2026-08-14,0.005479452054794521,0.005,4.225111226657992e-06,3.092794695411346e-05,48.68307331665859,723.7000122070312,0.007307397746256994,2026-08-12
QQQ260814C00870000,2026-07-07 18:18:06+00:00,870.0,0.08,0.0,0.01,0.0,0.0,0.0,1,0.6093789062500001,False,REGULAR,USD,QQQ,call,2026-08-14,0.005479452054794521,0.005,3.2951509538384975e-06,2.514872004404527e-05,1.7258079875887202,723.7000122070312,0.007307397746256994,2026-08-12
QQQ260814C00880000,2026-07-06 20:07:32+00:00,880.0,0.13,0.0,0.01,0.0,0.0,0.0,1,0.64062859375,False,REGULAR,USD,QQQ,call,2026-08-14,0.005479452054794521,0.005,2.6523747890206597e-06,2.1088234347804893e-05,1.3891593013784445,723.7000122070312,0.007307397746256994,2026-08-12
QQQ260814C00890000,2026-08-06 19:27:12+00:00,890.0,0.01,0.0,0.01,0.0,0.0,1.0,1,0.6875031250000001,False,REGULAR,USD,QQQ,call,2026-08-14,0.005479452054794521,0.005,3.16105592024165e-06,2.7337469566347275e-05,1.6555768257028483,723.7000122070312,0.007307397746256994,2026-08-12
QQQ260814C00900000,2026-08-04 19:39:33+00:00,900.0,0.05,0.0,0.01,0.0,0.0,6.0,206,0.7187528125,False,REGULAR,USD,QQQ,call,2026-08-14,0.005479452054794521,0.005,2.6525217676924586e-06,2.3809799863056403e-05,286.18267372923464,723.7000122070312,0.007307397746256994,2026-08-12
QQQ260814C00905000,2026-08-04 15:40:18+00:00,905.0,0.01,0.0,0.01,0.0,0.0,11.0,0,0.7187528125,False,REGULAR,USD,QQQ,call,2026-08-14,0.005479452054794521,0.005,1.7273549338966982e-06,1.5153784665535855e-05,0.0,723.7000122070312,0.007307397746256994,2026-08-12
QQQ260814C00910000,2026-08-07 19:11:26+00:00,910.0,0.01,0.0,0.01,0.0,0.0,1.0,1,0.7500025,False,REGULAR,USD,QQQ,call,2026-08-14,0.005479452054794521,0.005,2.273917442744493e-06,2.1170088030661003e-05,1.1909454045600922,723.7000122070312,0.007307397746256994,2026-08-12
QQQ260814C00920000,2026-07-24 19:26:38+00:00,920.0,0.03,0.0,0.01,0.0,0.0,0.0,6,0.7812521875,False,REGULAR,USD,QQQ,call,2026-08-14,0.005479452054794521,0.005,1.986696331325594e-06,1.91693781001789e-05,6.243094375122753,723.7000122070312,0.007307397746256994,2026-08-12
QQQ260814C00930000,2026-08-05 13:58:25+00:00,930.0,0.03,0.0,0.01,0.0,0.0,100.0,101,0.8125018749999999,False,REGULAR,USD,QQQ,call,2026-08-14,0.005479452054794521,0.005,1.765297183827913e-06,1.764011579293395e-05,93.3805359216353,723.7000122070312,0.007307397746256994,2026-08-12
QQQ260814C00940000,2026-08-05 14:16:30+00:00,940.0,0.03,0.0,0.01,0.0,0.0,1.0,6,0.8437515624999999,False,REGULAR,USD,QQQ,call,2026-08-14,0.005479452054794521,0.005,1.5923493748091102e-06,1.6466891057089684e-05,5.003878684603942,723.7000122070312,0.007307397746256994,2026-08-12
QQQ260814C00950000,2026-08-07 16:28:24+00:00,950.0,0.02,0.0,0.01,0.0,0.0,7.0,25,0.87500125,False,REGULAR,USD,QQQ,call,2026-08-14,0.005479452054794521,0.005,1.4557840867944919e-06,1.5568562588250512e-05,19.06137109035782,723.7000122070312,0.007307397746256994,2026-08-12
QQQ260814P00355000,2026-08-11 16:20:46+00:00,355.0,0.01,0.0,0.01,0.0,0.0,1.0,94,2.1875045312499997,False,REGULAR,USD,QQQ,put,2026-08-14,0.005479452054794521,0.005,1.4855896238581183e-07,-3.715087890987512e-06,-7.3138133170435236,723.7000122070312,0.007307397746256994,2026-08-12
QQQ260814P00360000,2026-08-04 14:14:48+00:00,360.0,0.01,0.0,0.01,0.0,0.0,8.0,23,2.1875045312499997,False,REGULAR,USD,QQQ,put,2026-08-14,0.005479452054794521,0.005,2.179557616076622e-07,-5.548744738681499e-06,-2.6255080239532513,723.7000122070312,0.007307397746256994,2026-08-12
QQQ260814P00365000,2026-07-29 15:48:15+00:00,365.0,0.01,0.0,0.01,0.0,0.0,12.0,11,2.1250046874999997,False,REGULAR,USD,QQQ,put,2026-08-14,0.005479452054794521,0.005,1.906751404765459e-07,-4.6795580556091565e-06,-1.0985097605142002,723.7000122070312,0.007307397746256994,2026-08-12
QQQ260814P00370000,2026-07-29 20:05:35+00:00,370.0,0.03,0.0,0.01,0.0,0.0,0.0,11,2.0937547656249995,False,REGULAR,USD,QQQ,put,2026-08-14,0.005479452054794521,0.005,2.1515202340796667e-07,-5.228565903458993e-06,-1.2395249696281356,723.7000122070312,0.007307397746256994,2026-08-12
QQQ260814P00375000,2026-07-28 19:42:40+00:00,375.0,0.03,0.0,0.01,0.0,0.0,0.0,100,2.0625048437499998,False,REGULAR,USD,QQQ,put,2026-08-14,0.005479452054794521,0.005,2.42149145487146e-07,-5.8252415727766405e-06,-12.682360696789551,723.7000122070312,0.007307397746256994,2026-08-12
QQQ260814P00380000,2026-07-31 15:32:09+00:00,380.0,0.02,0.0,0.01,0.0,0.0,9.0,9,2.000005,False,REGULAR,USD,QQQ,put,2026-08-14,0.005479452054794521,0.005,2.0677219125391207e-07,-4.780670394222142e-06,-0.9746569849110546,723.7000122070312,0.007307397746256994,2026-08-12
QQQ260814P00385000,2026-08-11 15:53:49+00:00,385.0,0.01,0.0,0.01,0.0,0.0,3.0,46,1.96875015625,False,REGULAR,USD,QQQ,put,2026-08-14,0.005479452054794521,0.005,2.3123277942557615e-07,-5.286485327160584e-06,-5.5708875352026475,723.7000122070312,0.007307397746256994,2026-08-12
QQQ260814P00390000,2026-07-30 14:58:41+00:00,390.0,0.03,0.0,0.01,0.0,0.0,0.0,1,1.9375003125,False,REGULAR,USD,QQQ,put,2026-08-14,0.005479452054794521,0.005,2.579623458413946e-07,-5.829742596441534e-06,-0.13510563952513316,723.7000122070312,0.007307397746256994,2026-08-12
QQQ260814P00395000,2026-07-30 16:57:16+00:00,395.0,0.02,0.0,0.01,0.0,0.0,4.0,566,1.875000625,False,REGULAR,USD,QQQ,put,2026-08-14,0.005479452054794521,0.005,2.1416660042463098e-07,-4.635770060268385e-06,-63.48707726408051,723.7000122070312,0.007307397746256994,2026-08-12
QQQ260814P00400000,2026-08-07 17:55:41+00:00,400.0,0.01,0.0,0.01,0.0,0.0,1.0,142,1.875000625,False,REGULAR,USD,QQQ,put,2026-08-14,0.005479452054794521,0.005,3.1876444029129134e-07,-7.0316375400114595e-06,-23.706932986904008,723.7000122070312,0.007307397746256994,2026-08-12
QQQ260814P00405000,2026-08-03 13:31:01+00:00,405.0,0.02,0.0,0.01,0.0,0.0,1.0,92,1.8125009374999999,False,REGULAR,USD,QQQ,put,2026-08-14,0.005479452054794521,0.005,2.622143165517278e-07,-5.530271895315408e-06,-12.634596801184575,723.7000122070312,0.007307397746256994,2026-08-12
QQQ260814P00410000,2026-08-03 13:48:34+00:00,410.0,0.02,0.0,0.01,0.0,0.0,1.0,179,1.78125109375,False,REGULAR,USD,QQQ,put,2026-08-14,0.005479452054794521,0.005,2.8908991016341854e-07,-6.014892694250484e-06,-27.102111336149033,723.7000122070312,0.007307397746256994,2026-08-12
QQQ260814P00415000,2026-08-03 14:09:29+00:00,415.0,0.02,0.0,0.01,0.0,0.0,1.0,171,1.75000125,False,REGULAR,USD,QQQ,put,2026-08-14,0.005479452054794521,0.005,3.179671427177517e-07,-6.5238705982961775e-06,-28.477083886916855,723.7000122070312,0.007307397746256994,2026-08-12
QQQ260814P00420000,2026-07-31 18:52:30+00:00,420.0,0.03,0.0,0.01,0.0,0.0,1.0,31,1.71875140625,False,REGULAR,USD,QQQ,put,2026-08-14,0.005479452054794521,0.005,3.4891461948873356e-07,-7.056482687173293e-06,-5.664975297887097,723.7000122070312,0.007307397746256994,2026-08-12
QQQ260814P00425000,2026-08-04 16:18:09+00:00,425.0,0.02,0.0,0.01,0.0,0.0,1.0,3,1.6875015625,False,REGULAR,USD,QQQ,put,2026-08-14,0.005479452054794521,0.005,3.8199386365820726e-07,-7.6117345376713885e-06,-0.6001983554136638,723.7000122070312,0.007307397746256994,2026-08-12
QQQ260814P00430000,2026-08-04 16:17:58+00:00,430.0,0.02,0.0,0.01,0.0,0.0,6.0,22,1.625001875,False,REGULAR,USD,QQQ,put,2026-08-14,0.005479452054794521,0.005,2.9960284357936614e-07,-5.671638623638842e-06,-3.4521191082088234,723.7000122070312,0.007307397746256994,2026-08-12
QQQ260814P00435000,2026-07-30 19:33:17+00:00,435.0,0.04,0.0,0.01,0.0,0.0,500.0,681,1.625001875,False,REGULAR,USD,QQQ,put,2026-08-14,0.005479452054794521,0.005,4.5474861699057774e-07,-8.78468598208837e-06,-162.1943265285323,723.7000122070312,0.007307397746256994,2026-08-12
QQQ260814P00440000,2026-07-31 17:05:31+00:00,440.0,0.03,0.0,0.01,0.0,0.0,200.0,203,1.5625021874999998,False,REGULAR,USD,QQQ,put,2026-08-14,0.005479452054794521,0.005,3.5203462809801343e-07,-6.445393164744573e-06,-37.42816910753221,723.7000122070312,0.007307397746256994,2026-08-12
QQQ260814P00445000,2026-08-05 16:15:28+00:00,445.0,0.01,0.0,0.01,0.0,0.0,2.0,7,1.5312523437499999,False,REGULAR,USD,QQQ,put,2026-08-14,0.005479452054794521,0.005,3.801561922371261e-07,-6.839729230878611e-06,-1.3937255731210751,723.7000122070312,0.007307397746256994,2026-08-12
QQQ260814P00450000,2026-08-10 18:08:32+00:00,450.0,0.01,0.0,0.02,0.0,0.0,5.0,55,1.5937520312499998,False,REGULAR,USD,QQQ,put,2026-08-14,0.005479452054794521,0.01,1.0971193353921104e-06,-2.1734336753231887e-05,-31.603393482889075,723.7000122070312,0.007307397746256994,2026-08-12
QQQ260814P00455000,2026-08-11 19:52:13+00:00,455.0,0.01,0.0,0.02,0.0,0.0,22.0,177,1.5468772656249998,False,REGULAR,USD,QQQ,put,2026-08-14,0.005479452054794521,0.01,1.0250126053204523e-06,-1.9604980423193474e-05,-95.02100785572435,723.7000122070312,0.007307397746256994,2026-08-12
QQQ260814P00460000,2026-08-11 19:55:15+00:00,460.0,0.01,0.0,0.01,0.0,0.0,2623.0,3030,1.4375028125,False,REGULAR,USD,QQQ,put,2026-08-14,0.005479452054794521,0.005,4.714331526176223e-07,-8.02187731119286e-06,-748.1348893425379,723.7000122070312,0.007307397746256994,2026-08-12
QQQ260814P00465000,2026-08-11 19:55:11+00:00,465.0,0.01,0.0,0.01,0.0,0.0,2188.0,2292,1.40625296875,False,REGULAR,USD,QQQ,put,2026-08-14,0.005479452054794521,0.005,5.038474790643622e-07,-8.405451382920148e-06,-604.8265723934006,723.7000122070312,0.007307397746256994,2026-08-12
QQQ260814P00470000,2026-08-12 13:47:01+00:00,470.0,0.01,0.0,0.01,0.0,0.0,2538.0,1795,1.3750031249999999,False,REGULAR,USD,QQQ,put,2026-08-14,0.005479452054794521,0.005,5.370387179152931e-07,-8.777980755936277e-06,-504.8788874930368,723.7000122070312,0.007307397746256994,2026-08-12
QQQ260814P00475000,2026-08-12 13:56:59+00:00,475.0,0.01,0.0,0.01,0.0,0.0,3105.0,1650,1.3437532812499997,False,REGULAR,USD,QQQ,put,2026-08-14,0.005479452054794521,0.005,5.708354695090479e-07,-9.135566374274262e-06,-493.3010669373506,723.7000122070312,0.007307397746256994,2026-08-12
QQQ260814P00480000,2026-08-12 14:02:13+00:00,480.0,0.01,0.0,0.01,0.0,0.0,3492.0,1933,1.3125034374999998,False,REGULAR,USD,QQQ,put,2026-08-14,0.005479452054794521,0.005,6.050354919021942e-07,-9.474051000490924e-06,-612.5335279019254,723.7000122070312,0.007307397746256994,2026-08-12
QQQ260814P00485000,2026-08-12 20:08:58+00:00,485.0,0.01,0.0,0.01,0.0,0.0,5893.0,89,1.2812535937499998,False,REGULAR,USD,QQQ,put,2026-08-14,0.005479452054794521,0.005,6.394031361897645e-07,-9.78904090775945e-06,-29.8045060488569,723.7000122070312,0.007307397746256994,2026-08-12
QQQ260814P00490000,2026-08-12 13:44:39+00:00,490.0,0.01,0.0,0.01,-0.01,-50.0,1525.0,793,1.2500037499999999,False,REGULAR,USD,QQQ,put,2026-08-14,0.005479452054794521,0.005,6.736668288361113e-07,-1.0075935349296294e-05,-279.79214036003583,723.7000122070312,0.007307397746256994,2026-08-12
QQQ260814P00495000,2026-08-12 14:39:30+00:00,495.0,0.01,0.0,0.01,0.0,0.0,2665.0,60,1.21875390625,False,REGULAR,USD,QQQ,put,2026-08-14,0.005479452054794521,0.005,7.075166800422829e-07,-1.0329964992283891e-05,-22.233359652555766,723.7000122070312,0.007307397746256994,2026-08-12
QQQ260814P00500000,2026-08-12 14:56:29+00:00,500.0,0.01,0.0,0.01,-0.01,-50.0,4516.0,1028,1.1875040625,False,REGULAR,USD,QQQ,put,2026-08-14,0.005479452054794521,0.005,7.406023220247568e-07,-1.0546240615250113e-05,-398.7450859360039,723.7000122070312,0.007307397746256994,2026-08-12
QQQ260814P00505000,2026-08-12 14:05:16+00:00,505.0,0.01,0.0,0.01,0.0,0.0,4746.0,10602,1.15625421875,False,REGULAR,USD,QQQ,put,2026-08-14,0.005479452054794521,0.005,7.725311119725123e-07,-1.0719813468562656e-05,-4289.640909929478,723.7000122070312,0.007307397746256994,2026-08-12
QQQ260814P00510000,2026-08-12 17:19:15+00:00,510.0,0.01,0.0,0.01,0.0,0.0,1108.0,164,1.125004375,False,REGULAR,USD,QQQ,put,2026-08-14,0.005479452054794521,0.005,8.028668725504524e-07,-1.0845748780852205e-05,-68.96115816504124,723.7000122070312,0.007307397746256994,2026-08-12
QQQ260814P00515000,2026-08-12 13:48:12+00:00,515.0,0.01,0.0,0.01,-0.01,-50.0,1694.0,325,1.09375453125,False,REGULAR,USD,QQQ,put,2026-08-14,0.005479452054794521,0.005,8.311293893872897e-07,-1.0919213937921057e-05,-141.4715658496209,723.7000122070312,0.007307397746256994,2026-08-12
QQQ260814P00520000,2026-08-12 13:46:16+00:00,520.0,0.02,0.0,0.01,0.01,100.0,30.0,564,1.0625046875000002,False,REGULAR,USD,QQQ,put,2026-08-14,0.005479452054794521,0.005,8.567949413044549e-07,-1.0935582858251358e-05,-253.0889345637968,723.7000122070312,0.007307397746256994,2026-08-12
QQQ260814P00525000,2026-08-11 19:08:20+00:00,525.0,0.02,0.0,0.02,0.0,0.0,15.0,320,1.09375453125,False,REGULAR,USD,QQQ,put,2026-08-14,0.005479452054794521,0.01,2.2148677048762114e-06,-3.065868401730398e-05,-371.2059500837067,723.7000122070312,0.007307397746256994,2026-08-12
QQQ260814P00530000,2026-08-12 20:03:18+00:00,530.0,0.01,0.0,0.02,0.0,0.0,3.0,164,1.0625046875000002,False,REGULAR,USD,QQQ,put,2026-08-14,0.005479452054794521,0.01,2.3260661751138335e-06,-3.131320202121035e-05,-199.79429079544877,723.7000122070312,0.007307397746256994,2026-08-12
QQQ260814P00535000,2026-08-10 14:13:35+00:00,535.0,0.03,0.0,0.02,0.0,0.0,6.0,100,1.0312548437500002,False,REGULAR,USD,QQQ,put,2026-08-14,0.005479452054794521,0.01,2.4357942042179418e-06,-3.185509270431375e-05,-127.57270160460355,723.7000122070312,0.007307397746256994,2026-08-12
QQQ260814P00540000,2026-08-12 18:26:14+00:00,540.0,0.01,0.0,0.02,-0.01,-50.0,225.0,193,1.000005,False,REGULAR,USD,QQQ,put,2026-08-14,0.005479452054794521,0.01,2.5428363695674068e-06,-3.2269555350294965e-05,-257.03536626610787,723.7000122070312,0.007307397746256994,2026-08-12
QQQ260814P00545000,2026-08-10 19:43:23+00:00,545.0,0.03,0.0,0.02,0.0,0.0,1.0,402,0.9687503125,False,REGULAR,USD,QQQ,put,2026-08-14,0.005479452054794521,0.01,2.6456010657959967e-06,-3.253881500298039e-05,-557.0158712438133,723.7000122070312,0.007307397746256994,2026-08-12
QQQ260814P00550000,2026-08-12 19:23:15+00:00,550.0,0.01,0.0,0.02,-0.01,-50.0,72.0,384,0.945313046875,False,REGULAR,USD,QQQ,put,2026-08-14,0.005479452054794521,0.01,3.0945260533766473e-06,-3.7420452014602645e-05,-622.3612260940864,723.7000122070312,0.007307397746256994,2026-08-12
QQQ260814P00555000,2026-08-10 13:58:19+00:00,555.0,0.02,0.0,0.02,0.0,0.0,10.0,209,0.92187578125,False,REGULAR,USD,QQQ,put,2026-08-14,0.005479452054794521,0.01,3.624044920228866e-06,-4.306703903578235e-05,-396.69526631426356,723.7000122070312,0.007307397746256994,2026-08-12
QQQ260814P00560000,2026-08-12 15:10:32+00:00,560.0,0.01,0.0,0.02,0.0,0.0,11.0,387,0.8906260937499999,False,REGULAR,USD,QQQ,put,2026-08-14,0.005479452054794521,0.01,3.7603020110902645e-06,-4.3177607044864175e-05,-762.1682476987314,723.7000122070312,0.007307397746256994,2026-08-12
QQQ260814P00565000,2026-08-12 14:56:30+00:00,565.0,0.02,0.0,0.02,-0.01,-33.333336,21.0,500,0.85937640625,False,REGULAR,USD,QQQ,put,2026-08-14,0.005479452054794521,0.01,3.8867174279145485e-06,-4.3056588897028014e-05,-1017.8180114603596,723.7000122070312,0.007307397746256994,2026-08-12
QQQ260814P00570000,2026-08-12 18:57:38+00:00,570.0,0.01,0.0,0.02,-0.01,-50.0,8.0,754,0.8281267187499999,False,REGULAR,USD,QQQ,put,2026-08-14,0.005479452054794521,0.01,4.000389264430875e-06,-4.268391698991625e-05,-1579.758711337459,723.7000122070312,0.007307397746256994,2026-08-12
QQQ260814P00575000,2026-08-12 18:14:03+00:00,575.0,0.01,0.0,0.02,-0.01,-50.0,2.0,516,0.79687703125,False,REGULAR,USD,QQQ,put,2026-08-14,0.005479452054794521,0.01,4.098038931606451e-06,-4.204067924629129e-05,-1107.4979765957933,723.7000122070312,0.007307397746256994,2026-08-12
QQQ260814P00580000,2026-08-12 18:29:03+00:00,580.0,0.01,0.0,0.02,-0.01,-50.0,32.0,1107,0.773439765625,False,REGULAR,USD,QQQ,put,2026-08-14,0.005479452054794521,0.01,4.8201103194251365e-06,-4.836805805918942e-05,-2794.613540499604,723.7000122070312,0.007307397746256994,2026-08-12
QQQ260814P00585000,2026-08-11 17:22:30+00:00,585.0,0.02,0.0,0.02,0.0,0.0,2.0,676,0.7500025,False,REGULAR,USD,QQQ,put,2026-08-14,0.005479452054794521,0.01,5.6839486871612726e-06,-5.5751642980994554e-05,-2012.3985903984822,723.7000122070312,0.007307397746256994,2026-08-12
QQQ260814P00590000,2026-08-12 20:03:48+00:00,590.0,0.01,0.0,0.01,-0.01,-50.0,136.0,1882,0.6875031250000001,False,REGULAR,USD,QQQ,put,2026-08-14,0.005479452054794521,0.005,3.0530122441981343e-06,-2.635225516123274e-05,-3009.2988907536123,723.7000122070312,0.007307397746256994,2026-08-12
QQQ260814P00595000,2026-08-12 13:51:13+00:00,595.0,0.02,0.01,0.02,-0.01,-33.333336,10.0,441,0.710940390625,False,REGULAR,USD,QQQ,put,2026-08-14,0.005479452054794521,0.015,9.211026888731295e-06,-8.794041811754916e-05,-2127.471737869134,723.7000122070312,0.007307397746256994,2026-08-12
QQQ260814P00600000,2026-08-12 20:04:36+00:00,600.0,0.01,0.01,0.02,-0.01,-50.0,39.0,5596,0.6875031250000001,False,REGULAR,USD,QQQ,put,2026-08-14,0.005479452054794521,0.015,1.0989230361835955e-05,-0.00010239113005272582,-32207.88027064943,723.7000122070312,0.007307397746256994,2026-08-12
QQQ260814P00605000,2026-08-12 18:56:53+00:00,605.0,0.02,0.01,0.02,-0.01,-33.333336,14.0,624,0.6562534375000001,False,REGULAR,USD,QQQ,put,2026-08-14,0.005479452054794521,0.015,1.1359320315686497e-05,-0.00010094131152182939,-3712.394287736562,723.7000122070312,0.007307397746256994,2026-08-12
QQQ260814P00610000,2026-08-12 19:57:37+00:00,610.0,0.02,0.01,0.02,-0.01,-33.333336,7.0,650,0.632816171875,False,REGULAR,USD,QQQ,put,2026-08-14,0.005479452054794521,0.015,1.3648173787355687e-05,-0.00011807511194983356,-4646.276599864602,723.7000122070312,0.007307397746256994,2026-08-12
QQQ260814P00615000,2026-08-12 19:57:51+00:00,615.0,0.02,0.01,0.02,0.0,0.0,25.0,1152,0.6015664843750002,False,REGULAR,USD,QQQ,put,2026-08-14,0.005479452054794521,0.015,1.4079582481172597e-05,-0.00011564399294294869,-8494.922386884362,723.7000122070312,0.007307397746256994,2026-08-12
QQQ260814P00620000,2026-08-12 16:50:40+00:00,620.0,0.02,0.01,0.03,-0.01,-33.333336,6.0,1123,0.5898478515625001,False,REGULAR,USD,QQQ,put,2026-08-14,0.005479452054794521,0.02,2.1643602715440483e-05,-0.00017919804915844662,-12729.943312175197,723.7000122070312,0.007307397746256994,2026-08-12
QQQ260814P00625000,2026-08-12 20:04:17+00:00,625.0,0.02,0.01,0.02,-0.01,-33.333336,94.0,2146,0.5468795312500001,False,REGULAR,USD,QQQ,put,2026-08-14,0.005479452054794521,0.015,1.7573549911336464e-05,-0.00013232113662708933,-19751.786232613045,723.7000122070312,0.007307397746256994,2026-08-12
QQQ260814P00630000,2026-08-12 18:16:40+00:00,630.0,0.01,0.01,0.03,-0.02,-66.66667,101.0,1959,0.5351608984375,False,REGULAR,USD,QQQ,put,2026-08-14,0.005479452054794521,0.02,2.783079584460071e-05,-0.00021133310617993395,-28554.674992648397,723.7000122070312,0.007307397746256994,2026-08-12
QQQ260814P00635000,2026-08-12 19:42:22+00:00,635.0,0.03,0.01,0.03,0.0,0.0,77.0,1264,0.507817421875,False,REGULAR,USD,QQQ,put,2026-08-14,0.005479452054794521,0.02,3.17476311042871e-05,-0.00023005410832344086,-21017.233980640267,723.7000122070312,0.007307397746256994,2026-08-12
QQQ260814P00640000,2026-08-12 19:44:01+00:00,640.0,0.03,0.01,0.03,0.0,0.0,53.0,1960,0.49609878906250005,False,REGULAR,USD,QQQ,put,2026-08-14,0.005479452054794521,0.02,5.110413232431487e-05,-0.0003741308517036801,-52460.116443604886,723.7000122070312,0.007307397746256994,2026-08-12
QQQ260814P00645000,2026-08-12 19:47:09+00:00,645.0,0.02,0.01,0.03,-0.030000001,-60.0,125.0,2117,0.4687553125,False,REGULAR,USD,QQQ,put,2026-08-14,0.005479452054794521,0.02,5.9756001392880205e-05,-0.000416561533664761,-66255.13552080622,723.7000122070312,0.007307397746256994,2026-08-12
QQQ260814P00650000,2026-08-12 19:58:27+00:00,650.0,0.03,0.01,0.03,-0.01,-25.0,47.0,4048,0.4414118359375,False,REGULAR,USD,QQQ,put,2026-08-14,0.005479452054794521,0.02,7.044844959016035e-05,-0.00046627050373970746,-149358.21114574862,723.7000122070312,0.007307397746256994,2026-08-12
QQQ260814P00651000,2026-08-12 20:03:21+00:00,651.0,0.02,0.01,0.03,-0.02,-50.0,22.0,430,0.4335994140625,False,REGULAR,USD,QQQ,put,2026-08-14,0.005479452054794521,0.02,6.911214175144581e-05,-0.00044801661675109017,-15564.671790856484,723.7000122070312,0.007307397746256994,2026-08-12
QQQ260814P00652000,2026-08-11 20:03:25+00:00,652.0,0.04,0.01,0.03,0.0,0.0,4.0,525,0.42969320312500003,False,REGULAR,USD,QQQ,put,2026-08-14,0.005479452054794521,0.02,7.41115981202982e-05,-0.000478396888956123,-20378.050852720786,723.7000122070312,0.007307397746256994,2026-08-12
QQQ260814P00653000,2026-08-12 20:03:21+00:00,653.0,0.02,0.01,0.03,-0.06,-75.0,78.0,3244,0.42383388671875,False,REGULAR,USD,QQQ,put,2026-08-14,0.005479452054794521,0.02,7.604045483951034e-05,-0.00048461663716925507,-129194.1090799597,723.7000122070312,0.007307397746256994,2026-08-12
QQQ260814P00654000,2026-08-12 14:08:57+00:00,654.0,0.02,0.01,0.03,-0.030000001,-60.0,1.0,631,0.41797457031249996,False,REGULAR,USD,QQQ,put,2026-08-14,0.005479452054794521,0.02,7.803847582669109e-05,-0.0004909456760114894,-25790.234898381645,723.7000122070312,0.007307397746256994,2026-08-12
QQQ260814P00655000,2026-08-12 15:41:57+00:00,655.0,0.02,0.01,0.03,-0.02,-50.0,43.0,14251,0.41211525390625,False,REGULAR,USD,QQQ,put,2026-08-14,0.005479452054794521,0.02,8.010916139413008e-05,-0.0004973879743737086,-597922.2095943971,723.7000122070312,0.007307397746256994,2026-08-12
QQQ260814P00656000,2026-08-12 14:15:27+00:00,656.0,0.03,0.01,0.03,-0.020000001,-40.000004,1.0,1265,0.4062559375,False,REGULAR,USD,QQQ,put,2026-08-14,0.005479452054794521,0.02,8.22562480490451e-05,-0.0005039477452837282,-54497.50019180296,723.7000122070312,0.007307397746256994,2026-08-12
QQQ260814P00657000,2026-08-12 15:27:05+00:00,657.0,0.03,0.01,0.03,-0.020000001,-40.000004,690.0,1618,0.40039662109375,False,REGULAR,USD,QQQ,put,2026-08-14,0.005479452054794521,0.02,8.448372854495041e-05,-0.0005106294655179422,-71592.70135397908,723.7000122070312,0.007307397746256994,2026-08-12
QQQ260814P00658000,2026-08-12 18:39:15+00:00,658.0,0.03,0.01,0.03,-0.060000002,-66.666664,725.0,750,0.39453730468750003,False,REGULAR,USD,QQQ,put,2026-08-14,0.005479452054794521,0.02,8.679587399185417e-05,-0.0005174378971288807,-34093.96444730245,723.7000122070312,0.007307397746256994,2026-08-12
QQQ260814P00659000,2026-08-12 15:37:37+00:00,659.0,0.03,0.01,0.03,-0.020000001,-40.000004,415.0,402,0.38867798828125,False,REGULAR,USD,QQQ,put,2026-08-14,0.005479452054794521,0.02,8.919725827419376e-05,-0.0005243781111101686,-18779.962395884006,723.7000122070312,0.007307397746256994,2026-08-12
QQQ260814P00660000,2026-08-12 19:54:47+00:00,660.0,0.02,0.02,0.03,-0.02,-50.0,505.0,3043,0.38281867187499996,False,REGULAR,USD,QQQ,put,2026-08-14,0.005479452054794521,0.025,9.169278506010245e-05,-0.0005314555134500187,-146135.01092537952,723.7000122070312,0.007307397746256994,2026-08-12
QQQ260814P00661000,2026-08-12 15:27:41+00:00,661.0,0.03,0.02,0.03,-0.020000001,-40.000004,24.0,193,0.3789124609375,False,REGULAR,USD,QQQ,put,2026-08-14,0.005479452054794521,0.025,9.90546781189602e-05,-0.0005713730073225731,-10012.659790220698,723.7000122070312,0.007307397746256994,2026-08-12
QQQ260814P00662000,2026-08-12 19:43:17+00:00,662.0,0.03,0.02,0.03,-0.020000001,-40.000004,914.0,490,0.3711000390625,False,REGULAR,USD,QQQ,put,2026-08-14,0.005479452054794521,0.025,9.698771256648018e-05,-0.0005460453574888113,-24890.28999918865,723.7000122070312,0.007307397746256994,2026-08-12
QQQ260814P00663000,2026-08-12 15:51:46+00:00,663.0,0.03,0.02,0.03,-0.03,-50.0,797.0,280,0.367193828125,False,REGULAR,USD,QQQ,put,2026-08-14,0.005479452054794521,0.025,0.00010498266741312956,-0.0005881258242868004,-15395.464421831808,723.7000122070312,0.007307397746256994,2026-08-12
QQQ260814P00664000,2026-08-12 20:01:30+00:00,664.0,0.02,0.02,0.03,-0.08,-80.00001,7.0,354,0.36133451171875,False,REGULAR,USD,QQQ,put,2026-08-14,0.005479452054794521,0.025,0.00010813814519059819,-0.0005968005333948367,-20049.305716483104,723.7000122070312,0.007307397746256994,2026-08-12
QQQ260814P00665000,2026-08-12 18:16:53+00:00,665.0,0.03,0.02,0.03,-0.03,-50.0,62.0,7784,0.35547519531249994,False,REGULAR,USD,QQQ,put,2026-08-14,0.005479452054794521,0.025,0.00011143176312828163,-0.0006056871026627331,-454285.6195020944,723.7000122070312,0.007307397746256994,2026-08-12
QQQ260814P00666000,2026-08-12 19:27:06+00:00,666.0,0.03,0.02,0.03,-0.03,-50.0,639.0,409,0.34961587890624996,False,REGULAR,USD,QQQ,put,2026-08-14,0.005479452054794521,0.025,0.00011487219081645755,-0.0006147961947203795,-24606.81316916779,723.7000122070312,0.007307397746256994,2026-08-12
QQQ260814P00667000,2026-08-12 18:40:16+00:00,667.0,0.02,0.02,0.03,-0.06,-75.0,686.0,401,0.3437565625,False,REGULAR,USD,QQQ,put,2026-08-14,0.005479452054794521,0.025,0.00011846882233712062,-0.0006241392916332966,-24880.87238984216,723.7000122070312,0.007307397746256994,2026-08-12
QQQ260814P00668000,2026-08-12 18:08:52+00:00,668.0,0.03,0.02,0.04,-0.03,-50.0,89.0,958,0.34961587890624996,False,REGULAR,USD,QQQ,put,2026-08-14,0.005479452054794521,0.03,0.0001659304227401355,-0.0009164180511949116,-83254.68627574472,723.7000122070312,0.007307397746256994,2026-08-12
QQQ260814P00669000,2026-08-12 13:31:51+00:00,669.0,0.02,0.02,0.04,-0.06,-75.0,1.0,2239,0.3437565625,False,REGULAR,USD,QQQ,put,2026-08-14,0.005479452054794521,0.03,0.00017199981268571085,-0.0009355912059091365,-201696.9019012438,723.7000122070312,0.007307397746256994,2026-08-12
QQQ260814P00670000,2026-08-12 18:17:07+00:00,670.0,0.04,0.02,0.04,-0.04,-50.0,112.0,3097,0.33789724609375,False,REGULAR,USD,QQQ,put,2026-08-14,0.005479452054794521,0.03,0.0001784000751137382,-0.0009555038011835881,-289369.92928361107,723.7000122070312,0.007307397746256994,2026-08-12
QQQ260814P00671000,2026-08-12 19:21:53+00:00,671.0,0.02,0.02,0.04,-0.05,-71.42857,78.0,909,0.3320379296875,False,REGULAR,USD,QQQ,put,2026-08-14,0.005479452054794521,0.03,0.00018515661750874885,-0.0009762048385592026,-88149.58692349406,723.7000122070312,0.007307397746256994,2026-08-12
QQQ260814P00672000,2026-08-12 19:54:25+00:00,672.0,0.04,0.02,0.04,-0.060000002,-60.0,20.0,350,0.32617861328125,False,REGULAR,USD,QQQ,put,2026-08-14,0.005479452054794521,0.03,0.00019229739079567153,-0.0009977478083300628,-35249.957342429785,723.7000122070312,0.007307397746256994,2026-08-12
QQQ260814P00673000,2026-08-12 20:08:22+00:00,673.0,0.03,0.02,0.04,-0.060000002,-66.666664,17.0,389,0.32031929687499994,False,REGULAR,USD,QQQ,put,2026-08-14,0.005479452054794521,0.03,0.0001998532042485373,-0.0010201912072078656,-40717.1973472192,723.7000122070312,0.007307397746256994,2026-08-12
QQQ260814P00674000,2026-08-12 18:53:16+00:00,674.0,0.04,0.02,0.04,-0.050000004,-55.555557,89.0,2654,0.31445998046874996,False,REGULAR,USD,QQQ,put,2026-08-14,0.005479452054794521,0.03,0.000207858087019071,-0.001043599128151107,-288924.92183516984,723.7000122070312,0.007307397746256994,2026-08-12
QQQ260814P00675000,2026-08-12 19:47:26+00:00,675.0,0.04,0.03,0.04,-0.04,-50.0,184.0,9189,0.3086006640625,False,REGULAR,USD,QQQ,put,2026-08-14,0.005479452054794521,0.035,0.00021634970434723476,-0.0010680419342050662,-1041218.1201974642,723.7000122070312,0.007307397746256994,2026-08-12
QQQ260814P00676000,2026-08-12 14:05:20+00:00,676.0,0.05,0.03,0.04,-0.05,-50.0,16.0,2181,0.30274134765625,False,REGULAR,USD,QQQ,put,2026-08-14,0.005479452054794521,0.035,0.00022536983811710952,-0.0010935970304494225,-257435.6084257452,723.7000122070312,0.007307397746256994,2026-08-12
QQQ260814P00677000,2026-08-12 17:50:23+00:00,677.0,0.03,0.03,0.04,-0.07,-70.0,63.0,508,0.29688203124999996,False,REGULAR,USD,QQQ,put,2026-08-14,0.005479452054794521,0.035,0.00023496494338296232,-0.0011203497508821547,-62514.95787032444,723.7000122070312,0.007307397746256994,2026-08-12
QQQ260814P00678000,2026-08-12 18:32:28+00:00,678.0,0.04,0.03,0.04,-0.050000004,-55.555557,90.0,443,0.2910227148437499,False,REGULAR,USD,QQQ,put,2026-08-14,0.005479452054794521,0.035,0.0002451867949032681,-0.0011483943804064811,-56887.64594255428,723.7000122070312,0.007307397746256994,2026-08-12
QQQ260814P00679000,2026-08-12 19:39:59+00:00,679.0,0.05,0.03,0.04,-0.040000003,-44.444447,283.0,1008,0.28516339843749994,False,REGULAR,USD,QQQ,put,2026-08-14,0.005479452054794521,0.035,0.0002560932407016935,-0.001177835336181543,-135199.7248971138,723.7000122070312,0.007307397746256994,2026-08-12
QQQ260814P00680000,2026-08-12 20:13:50+00:00,680.0,0.03,0.03,0.04,-0.060000002,-66.666664,1610.0,9341,0.27930408203124996,False,REGULAR,USD,QQQ,put,2026-08-14,0.005479452054794521,0.035,0.00026774908337324246,-0.001208788537636174,-1309901.1538671204,723.7000122070312,0.007307397746256994,2026-08-12
QQQ260814P00681000,2026-08-12 19:22:56+00:00,681.0,0.04,0.03,0.05,-0.07,-63.636364,522.0,493,0.28125718749999995,False,REGULAR,USD,QQQ,put,2026-08-14,0.005479452054794521,0.04,0.0003494882054727923,-0.001630671260674843,-90239.4839253423,723.7000122070312,0.007307397746256994,2026-08-12
QQQ260814P00682000,2026-08-12 19:56:56+00:00,682.0,0.05,0.03,0.05,-0.08,-61.538464,265.0,3280,0.274421318359375,False,REGULAR,USD,QQQ,put,2026-08-14,0.005479452054794521,0.04,0.0003576280484365635,-0.0016278434728557167,-614359.4973384355,723.7000122070312,0.007307397746256994,2026-08-12
QQQ260814P00683000,2026-08-12 14:51:41+00:00,683.0,0.06,0.03,0.05,-0.05,-45.454544,180.0,1159,0.26856200195312496,False,REGULAR,USD,QQQ,put,2026-08-14,0.005479452054794521,0.04,0.0003762620670727188,-0.0016808930284328838,-228397.33540831448,723.7000122070312,0.007307397746256994,2026-08-12
QQQ260814P00684000,2026-08-12 20:04:10+00:00,684.0,0.04,0.04,0.05,-0.1,-71.42857,148.0,3255,0.26270268554687504,False,REGULAR,USD,QQQ,put,2026-08-14,0.005479452054794521,0.045,0.00039639111864063,-0.0017373169189209836,-675759.3572966313,723.7000122070312,0.007307397746256994,2026-08-12
QQQ260814P00685000,2026-08-12 20:04:10+00:00,685.0,0.04,0.04,0.05,-0.12,-75.0,819.0,22165,0.256843369140625,False,REGULAR,USD,QQQ,put,2026-08-14,0.005479452054794521,0.045,0.00041818209429629724,-0.001797449988772848,-4854565.093718733,723.7000122070312,0.007307397746256994,2026-08-12
QQQ260814P00686000,2026-08-12 20:02:36+00:00,686.0,0.05,0.04,0.06,-0.11,-68.75,388.0,1656,0.256843369140625,False,REGULAR,USD,QQQ,put,2026-08-14,0.005479452054794521,0.05,0.0005213292069454214,-0.0022916264128395314,-452157.30211463006,723.7000122070312,0.007307397746256994,2026-08-12
QQQ260814P00687000,2026-08-12 19:44:55+00:00,687.0,0.06,0.04,0.06,-0.120000005,-66.666664,83.0,1466,0.2500075,False,REGULAR,USD,QQQ,put,2026-08-14,0.005479452054794521,0.05,0.0005381845046382743,-0.002303916863826805,-413220.93841893034,723.7000122070312,0.007307397746256994,2026-08-12
QQQ260814P00688000,2026-08-12 19:20:10+00:00,688.0,0.04,0.04,0.06,-0.15,-78.94737,232.0,2071,0.24414818359375,False,REGULAR,USD,QQQ,put,2026-08-14,0.005479452054794521,0.05,0.000571611214343485,-0.0023988193486789156,-620009.0080255063,723.7000122070312,0.007307397746256994,2026-08-12
QQQ260814P00689000,2026-08-12 20:01:30+00:00,689.0,0.05,0.05,0.06,-0.18,-78.26087,189.0,857,0.23828886718749998,False,REGULAR,USD,QQQ,put,2026-08-14,0.005479452054794521,0.055,0.0006082245429899854,-0.0025011660561511384,-272999.5445982657,723.7000122070312,0.007307397746256994,2026-08-12
QQQ260814P00690000,2026-08-12 20:14:22+00:00,690.0,0.05,0.05,0.07,-0.19,-79.16667,5776.0,13184,0.23731231445312498,False,REGULAR,USD,QQQ,put,2026-08-14,0.005479452054794521,0.060000000000000005,0.0007437068893102678,-0.0031114397809862693,-5135304.008941064,723.7000122070312,0.007307397746256994,2026-08-12
QQQ260814P00691000,2026-08-12 19:59:19+00:00,691.0,0.07,0.05,0.07,-0.20000002,-74.07408,459.0,1319,0.2304764453125,False,REGULAR,USD,QQQ,put,2026-08-14,0.005479452054794521,0.060000000000000005,0.0007747294135181127,-0.003151927957653733,-535194.9418363684,723.7000122070312,0.007307397746256994,2026-08-12
QQQ260814P00692000,2026-08-12 20:00:42+00:00,692.0,0.07,0.06,0.08,-0.22,-75.86207,724.0,1008,0.22852333984375,False,REGULAR,USD,QQQ,put,2026-08-14,0.005479452054794521,0.07,0.0009244765297030121,-0.0038009927954647527,-488060.4116969933,723.7000122070312,0.007307397746256994,2026-08-12
QQQ260814P00693000,2026-08-12 19:42:35+00:00,693.0,0.08,0.06,0.08,-0.23,-74.19355,225.0,1007,0.22217574707031246,False,REGULAR,USD,QQQ,put,2026-08-14,0.005479452054794521,0.07,0.0009818208482530542,-0.003939229851741666,-517820.07138236763,723.7000122070312,0.007307397746256994,2026-08-12
QQQ260814P00694000,2026-08-12 20:10:26+00:00,694.0,0.07,0.07,0.09,-0.28,-80.0,645.0,2384,0.21973436523437498,False,REGULAR,USD,QQQ,put,2026-08-14,0.005479452054794521,0.08,0.0011601444161180039,-0.0046894534574229985,-1448556.5860529698,723.7000122070312,0.007307397746256994,2026-08-12
QQQ260814P00695000,2026-08-12 20:13:40+00:00,695.0,0.08,0.08,0.1,-0.31,-79.48718,1424.0,4093,0.21680470703125,False,REGULAR,USD,QQQ,put,2026-08-14,0.005479452054794521,0.09,0.001353800588092611,-0.005493821992126557,-2902108.21776281,723.7000122070312,0.007307397746256994,2026-08-12
QQQ260814P00696000,2026-08-12 20:08:10+00:00,696.0,0.1,0.09,0.1,-0.33,-76.74419,446.0,804,0.20996883789062498,False,REGULAR,USD,QQQ,put,2026-08-14,0.005479452054794521,0.095,0.0014346371507018819,-0.005656748005785417,-604108.9661993437,723.7000122070312,0.007307397746256994,2026-08-12
QQQ260814P00697000,2026-08-12 20:13:14+00:00,697.0,0.1,0.1,0.11,-0.39000002,-79.591835,415.0,1037,0.20606262695312497,False,REGULAR,USD,QQQ,put,2026-08-14,0.005479452054794521,0.10500000000000001,0.001642385491673382,-0.006451063882208841,-892012.6559950957,723.7000122070312,0.007307397746256994,2026-08-12
QQQ260814P00698000,2026-08-12 20:13:14+00:00,698.0,0.11,0.11,0.12,-0.44,-80.0,672.0,3226,0.20264469238281246,False,REGULAR,USD,QQQ,put,2026-08-14,0.005479452054794521,0.11499999999999999,0.0019068026040725318,-0.0074961336356201835,-3221716.039892682,723.7000122070312,0.007307397746256994,2026-08-12
QQQ260814P00699000,2026-08-12 20:14:15+00:00,699.0,0.13,0.12,0.14,-0.45999998,-77.966095,609.0,1126,0.20069158691406247,False,REGULAR,USD,QQQ,put,2026-08-14,0.005479452054794521,0.13,0.0022925142982975874,-0.009144236889870094,-1351971.7079787697,723.7000122070312,0.007307397746256994,2026-08-12
QQQ260814P00700000,2026-08-12 20:14:42+00:00,700.0,0.15,0.14,0.15,-0.52,-77.611946,13556.0,17816,0.196297099609375,False,REGULAR,USD,QQQ,put,2026-08-14,0.005479452054794521,0.14500000000000002,0.0026091317695411923,-0.010338303009712169,-24345762.265561376,723.7000122070312,0.007307397746256994,2026-08-12
QQQ260814P00701000,2026-08-12 20:06:06+00:00,701.0,0.15,0.15,0.17,-0.66999996,-81.70731,1384.0,1648,0.19336744140625,False,REGULAR,USD,QQQ,put,2026-08-14,0.005479452054794521,0.16,0.0030713168696048275,-0.01225807261659384,-2650934.470944169,723.7000122070312,0.007307397746256994,2026-08-12
QQQ260814P00702000,2026-08-12 20:08:50+00:00,702.0,0.18,0.17,0.19,-0.71999997,-80.0,543.0,2494,0.18994950683593753,False,REGULAR,USD,QQQ,put,2026-08-14,0.005479452054794521,0.18,0.0035809916748805247,-0.014343124850954458,-4677533.649201446,723.7000122070312,0.007307397746256994,2026-08-12
QQQ260814P00703000,2026-08-12 20:10:02+00:00,703.0,0.2,0.2,0.22,-0.79,-79.79798,759.0,886,0.18799640136718748,False,REGULAR,USD,QQQ,put,2026-08-14,0.005479452054794521,0.21000000000000002,0.004293831151425227,-0.01751270558726481,-1992488.5952830953,723.7000122070312,0.007307397746256994,2026-08-12
QQQ260814P00704000,2026-08-12 20:14:16+00:00,704.0,0.24,0.22,0.24,-0.86,-78.181816,786.0,1393,0.18360191406249998,False,REGULAR,USD,QQQ,put,2026-08-14,0.005479452054794521,0.22999999999999998,0.004924194008734369,-0.02000713652667696,-3592555.0501822764,723.7000122070312,0.007307397746256994,2026-08-12
QQQ260814P00705000,2026-08-12 20:13:32+00:00,705.0,0.27,0.26,0.28,-0.94000006,-77.68595,6383.0,13150,0.18164880859375,False,REGULAR,USD,QQQ,put,2026-08-14,0.005479452054794521,0.27,0.005889079665689568,-0.024420778760477213,-40559289.82525551,723.7000122070312,0.007307397746256994,2026-08-12
QQQ260814P00706000,2026-08-12 20:13:01+00:00,706.0,0.32,0.29,0.31,-1.1200001,-77.77779,1625.0,1079,0.17774259765625,False,REGULAR,USD,QQQ,put,2026-08-14,0.005479452054794521,0.3,0.006822734003601806,-0.02837431326850992,-3855645.0362971704,723.7000122070312,0.007307397746256994,2026-08-12
QQQ260814P00707000,2026-08-12 20:14:28+00:00,707.0,0.35,0.34,0.36,-1.13,-76.35135,1153.0,1020,0.17554535400390625,False,REGULAR,USD,QQQ,put,2026-08-14,0.005479452054794521,0.35,0.008096831145190978,-0.03437950465700912,-4325461.134099182,723.7000122070312,0.007307397746256994,2026-08-12
QQQ260814P00708000,2026-08-12 20:12:34+00:00,708.0,0.4,0.39,0.41,-1.28,-76.190475,1508.0,1156,0.1726156958007813,False,REGULAR,USD,QQQ,put,2026-08-14,0.005479452054794521,0.4,0.00949353005691846,-0.040924871175807565,-5747814.236247019,723.7000122070312,0.007307397746256994,2026-08-12
QQQ260814P00709000,2026-08-12 20:12:43+00:00,709.0,0.46,0.45,0.47,-1.4599999,-76.041664,1125.0,1287,0.16993017578125003,False,REGULAR,USD,QQQ,put,2026-08-14,0.005479452054794521,0.45999999999999996,0.011138761834523172,-0.04894760787163033,-7508144.5440041935,723.7000122070312,0.007307397746256994,2026-08-12
QQQ260814P00710000,2026-08-12 20:14:56+00:00,710.0,0.52,0.51,0.53,-1.5699999,-75.11962,15602.0,13741,0.16651224121093755,False,REGULAR,USD,QQQ,put,2026-08-14,0.005479452054794521,0.52,0.012948162946453786,-0.05768431641785188,-93184494.93849108,723.7000122070312,0.007307397746256994,2026-08-12
QQQ260814P00711000,2026-08-12 20:14:15+00:00,711.0,0.6,0.59,0.61,-1.7499999,-74.46808,1671.0,989,0.16407085937500002,False,REGULAR,USD,QQQ,put,2026-08-14,0.005479452054794521,0.6,0.01513934635136831,-0.06918696611245356,-7841886.932828316,723.7000122070312,0.007307397746256994,2026-08-12
QQQ260814P00712000,2026-08-12 20:14:45+00:00,712.0,0.69,0.69,0.71,-1.8699999,-73.04687,1146.0,2283,0.16199568481445312,False,REGULAR,USD,QQQ,put,2026-08-14,0.005479452054794521,0.7,0.017654156505310385,-0.08325657020466037,-21109115.86645203,723.7000122070312,0.007307397746256994,2026-08-12
QQQ260814P00712500,2026-08-12 20:14:22+00:00,712.5,0.76,0.74,0.76,-2.04,-72.85715,556.0,672,0.1606529248046875,False,REGULAR,USD,QQQ,put,2026-08-14,0.005479452054794521,0.75,0.018991140480883045,-0.09078646876653473,-6684015.9765316555,723.7000122070312,0.007307397746256994,2026-08-12
QQQ260814P00713000,2026-08-12 20:13:56+00:00,713.0,0.8,0.79,0.82,-2.0800002,-72.22222,2817.0,1743,0.1596763720703125,False,REGULAR,USD,QQQ,put,2026-08-14,0.005479452054794521,0.8049999999999999,0.020434530191477347,-0.09945293816067124,-18654310.631137025,723.7000122070312,0.007307397746256994,2026-08-12
QQQ260814P00714000,2026-08-12 20:14:20+00:00,714.0,0.93,0.91,0.94,-2.27,-70.9375,1805.0,1939,0.15699085205078128,False,REGULAR,USD,QQQ,put,2026-08-14,0.005479452054794521,0.925,0.023482775686085332,-0.11784155330366142,-23847584.625895154,723.7000122070312,0.007307397746256994,2026-08-12
QQQ260814P00715000,2026-08-12 20:14:57+00:00,715.0,1.05,1.05,1.08,-2.47,-70.170456,9938.0,14839,0.1544274011230469,False,REGULAR,USD,QQQ,put,2026-08-14,0.005479452054794521,1.065,0.026829576233720964,-0.13942538370162894,-208514186.4303512,723.7000122070312,0.007307397746256994,2026-08-12
QQQ260814P00716000,2026-08-12 20:13:43+00:00,716.0,1.23,1.21,1.23,-2.72,-68.860756,2987.0,1244,0.15137567382812503,False,REGULAR,USD,QQQ,put,2026-08-14,0.005479452054794521,1.22,0.030441957576984455,-0.1635975560675842,-19833991.220598865,723.7000122070312,0.007307397746256994,2026-08-12
QQQ260814P00717000,2026-08-12 20:13:35+00:00,717.0,1.4,1.4,1.43,-2.8399997,-66.981125,1935.0,967,0.1496056719970703,False,REGULAR,USD,QQQ,put,2026-08-14,0.005479452054794521,1.415,0.03423580157076386,-0.1934614279018676,-17339003.511193994,723.7000122070312,0.007307397746256994,2026-08-12
QQQ260814P00717500,2026-08-12 20:12:36+00:00,717.5,1.55,1.5,1.53,-3.16,-67.09129,1100.0,499,0.14832394653320313,False,REGULAR,USD,QQQ,put,2026-08-14,0.005479452054794521,1.5150000000000001,0.03619241757306683,-0.20922867187761995,-9458783.813599583,723.7000122070312,0.007307397746256994,2026-08-12
QQQ260814P00718000,2026-08-12 20:14:45+00:00,718.0,1.63,1.61,1.65,-3.0899997,-65.466095,5367.0,1534,0.1475915319824219,False,REGULAR,USD,QQQ,put,2026-08-14,0.005479452054794521,1.63,0.03810697973723184,-0.22683864306446022,-30615901.26031426,723.7000122070312,0.007307397746256994,2026-08-12
QQQ260814P00719000,2026-08-12 20:13:49+00:00,719.0,1.89,1.85,1.89,-3.2600002,-63.300976,2298.0,2279,0.14508911560058596,False,REGULAR,USD,QQQ,put,2026-08-14,0.005479452054794521,1.87,0.04202346898373806,-0.2635478505482901,-50159521.52613786,723.7000122070312,0.007307397746256994,2026-08-12
QQQ260814P00720000,2026-08-12 20:14:51+00:00,720.0,2.16,2.13,2.15,-3.51,-61.904762,15315.0,5558,0.1420984228515625,False,REGULAR,USD,QQQ,put,2026-08-14,0.005479452054794521,2.1399999999999997,0.045936525354384874,-0.303835856994797,-133719222.98957579,723.7000122070312,0.007307397746256994,2026-08-12
QQQ260814P00721000,2026-08-12 20:14:28+00:00,721.0,2.44,2.44,2.49,-4.06,-62.46154,1985.0,2725,0.14099980102539064,False,REGULAR,USD,QQQ,put,2026-08-14,0.005479452054794521,2.465,0.049055525423900743,-0.3503630134361838,-70011857.1878376,723.7000122070312,0.007307397746256994,2026-08-12
QQQ260814P00722000,2026-08-12 20:14:52+00:00,722.0,2.81,2.8,2.84,-4.08,-59.216255,3164.0,1665,0.13874152282714847,False,REGULAR,USD,QQQ,put,2026-08-14,0.005479452054794521,2.82,0.05195221058061183,-0.39917889295273823,-45303883.24525715,723.7000122070312,0.007307397746256994,2026-08-12
QQQ260814P00722500,2026-08-12 20:14:23+00:00,722.5,3.04,2.99,3.04,-4.45,-59.412548,1637.0,862,0.13794807373046875,False,REGULAR,USD,QQQ,put,2026-08-14,0.005479452054794521,3.015,0.05302776242471001,-0.4250117493718478,-23940197.429385494,723.7000122070312,0.007307397746256994,2026-08-12
QQQ260814P00723000,2026-08-12 20:14:59+00:00,723.0,3.23,3.19,3.23,-4.29,-57.04787,9006.0,1204,0.1364222100830078,False,REGULAR,USD,QQQ,put,2026-08-14,0.005479452054794521,3.21,0.054179477373645056,-0.45121832443258436,-34164766.60830991,723.7000122070312,0.007307397746256994,2026-08-12
QQQ260814P00724000,2026-08-12 20:14:53+00:00,724.0,3.65,3.65,3.69,-4.43,-54.82673,10080.0,1393,0.13514048461914066,True,REGULAR,USD,QQQ,put,2026-08-14,0.005479452054794521,3.67,0.05510001116394388,-0.5057911852150532,-40199436.297800146,723.7000122070312,0.007307397746256994,2026-08-12
QQQ260814P00725000,2026-08-12 20:14:44+00:00,725.0,4.12,4.12,4.18,-4.63,-52.914288,15160.0,1235,0.1333094482421875,True,REGULAR,USD,QQQ,put,2026-08-14,0.005479452054794521,4.15,0.05519802143114489,-0.5614810074421817,-35703239.91527088,723.7000122070312,0.007307397746256994,2026-08-12
QQQ260814P00726000,2026-08-12 20:14:58+00:00,726.0,4.71,4.61,4.71,-4.88,-50.886337,2077.0,400,0.1311732391357422,True,REGULAR,USD,QQQ,put,2026-08-14,0.005479452054794521,4.66,0.05428475528371466,-0.6176668318886409,-11372476.173062809,723.7000122070312,0.007307397746256994,2026-08-12
QQQ260814P00727000,2026-08-12 20:14:30+00:00,727.0,5.35,5.21,5.35,-4.93,-47.957195,1368.0,281,0.13160048095703125,True,REGULAR,USD,QQQ,put,2026-08-14,0.005479452054794521,5.279999999999999,0.051374997508345156,-0.6699061667888484,-7560931.328341842,723.7000122070312,0.007307397746256994,2026-08-12
QQQ260814P00727500,2026-08-12 19:59:58+00:00,727.5,5.51,5.53,5.68,-4.99,-47.523808,832.0,403,0.13160048095703125,True,REGULAR,USD,QQQ,put,2026-08-14,0.005479452054794521,5.605,0.049681461032654084,-0.6950550418700969,-10486162.056004582,723.7000122070312,0.007307397746256994,2026-08-12
QQQ260814P00728000,2026-08-12 20:13:03+00:00,728.0,6.05,5.85,6.01,-5.05,-45.495495,453.0,307,0.13111220458984374,True,REGULAR,USD,QQQ,put,2026-08-14,0.005479452054794521,5.93,0.04792306246694439,-0.7200390960875934,-7705487.1179538565,723.7000122070312,0.007307397746256994,2026-08-12
QQQ260814P00729000,2026-08-12 19:54:22+00:00,729.0,6.57,6.29,7.0,-5.27,-44.510136,389.0,344,0.14362428649902342,True,REGULAR,USD,QQQ,put,2026-08-14,0.005479452054794521,6.645,0.0416918171039399,-0.7455016213881636,-7511495.759121555,723.7000122070312,0.007307397746256994,2026-08-12
QQQ260814P00730000,2026-08-12 20:12:19+00:00,730.0,7.49,7.17,7.82,-5.5600004,-42.60537,3266.0,519,0.14777463562011722,True,REGULAR,USD,QQQ,put,2026-08-14,0.005479452054794521,7.495,0.037556262031836665,-0.7784193703119235,-10208616.240492854,723.7000122070312,0.007307397746256994,2026-08-12
QQQ260814P00731000,2026-08-12 19:54:49+00:00,731.0,8.03,8.01,8.92,-5.4400005,-40.386047,135.0,133,0.16443706665039062,True,REGULAR,USD,QQQ,put,2026-08-14,0.005479452054794521,8.465,0.03287395368939053,-0.7882754690755589,-2289922.265531658,723.7000122070312,0.007307397746256994,2026-08-12
QQQ260814P00732000,2026-08-12 18:07:41+00:00,732.0,8.12,8.59,9.49,-6.91,-45.974716,185.0,112,0.15424429748535157,True,REGULAR,USD,QQQ,put,2026-08-14,0.005479452054794521,9.04,0.030049098337250987,-0.8349365010957015,-1762652.2006295137,723.7000122070312,0.007307397746256994,2026-08-12
QQQ260814P00732500,2026-08-12 19:54:16+00:00,732.5,9.12,9.25,9.81,-6.7300005,-42.46057,660.0,324,0.14978877563476564,True,REGULAR,USD,QQQ,put,2026-08-14,0.005479452054794521,9.530000000000001,0.028205140899148964,-0.8565040733080258,-4786195.60569411,723.7000122070312,0.007307397746256994,2026-08-12
QQQ260814P00733000,2026-08-12 19:09:12+00:00,733.0,8.82,9.42,10.28,-6.41,-42.087986,65.0,196,0.15320671020507814,True,REGULAR,USD,QQQ,put,2026-08-14,0.005479452054794521,9.85,0.02651690749905816,-0.8645317163303066,-2722050.0414660745,723.7000122070312,0.007307397746256994,2026-08-12
QQQ260814P00734000,2026-08-12 16:27:21+00:00,734.0,10.45,10.29,11.48,-6.080001,-36.781612,42.0,165,0.1749350085449219,True,REGULAR,USD,QQQ,put,2026-08-14,0.005479452054794521,10.885,0.024068578380660965,-0.8572263204393813,-2079943.5264695145,723.7000122070312,0.007307397746256994,2026-08-12
QQQ260814P00735000,2026-08-12 20:01:58+00:00,735.0,11.18,11.31,12.45,-6.3199997,-36.114285,1090.0,286,0.1834798449707031,True,REGULAR,USD,QQQ,put,2026-08-14,0.005479452054794521,11.879999999999999,0.021729990076425745,-0.8681802037780266,-3254938.003530313,723.7000122070312,0.007307397746256994,2026-08-12
QQQ260814P00736000,2026-08-12 18:56:10+00:00,736.0,11.39,12.25,13.17,-4.6500006,-28.990026,34.0,23,0.17603363037109376,True,REGULAR,USD,QQQ,put,2026-08-14,0.005479452054794521,12.71,0.018886034497805657,-0.897960820704808,-227502.29105622094,723.7000122070312,0.007307397746256994,2026-08-12
QQQ260814P00737000,2026-08-12 16:06:26+00:00,737.0,13.48,13.2,14.35,-4.450001,-24.818743,30.0,75,0.19727365234375,True,REGULAR,USD,QQQ,put,2026-08-14,0.005479452054794521,13.774999999999999,0.017831160363030427,-0.8896690550006932,-700419.1783682747,723.7000122070312,0.007307397746256994,2026-08-12
QQQ260814P00737500,2026-08-11 14:03:55+00:00,737.5,16.54,13.69,14.82,0.0,0.0,6.0,4,0.2000812414550781,True,REGULAR,USD,QQQ,put,2026-08-14,0.005479452054794521,14.254999999999999,0.01697312427240348,-0.8949277824689261,-35558.13236359016,723.7000122070312,0.007307397746256994,2026-08-12
QQQ260814P00738000,2026-08-12 14:59:58+00:00,738.0,14.12,14.19,15.27,-5.9800005,-29.751245,5.0,22,0.20154607055664062,True,REGULAR,USD,QQQ,put,2026-08-14,0.005479452054794521,14.73,0.016091675218869603,-0.9013669535419889,-185413.39208429315,723.7000122070312,0.007307397746256994,2026-08-12
QQQ260814P00739000,2026-08-11 19:16:46+00:00,739.0,21.36,13.77,17.4,0.0,0.0,12.0,8,0.2779613220214844,True,REGULAR,USD,QQQ,put,2026-08-14,0.005479452054794521,15.584999999999999,0.016317458868469987,-0.8403370043156939,-68369.07018065827,723.7000122070312,0.007307397746256994,2026-08-12
QQQ260814P00740000,2026-08-12 19:57:18+00:00,740.0,16.89,16.04,17.23,-5.450001,-24.395706,17.0,224,0.2172929833984375,True,REGULAR,USD,QQQ,put,2026-08-14,0.005479452054794521,16.634999999999998,0.013535816374573526,-0.9135702840925668,-1587996.8345261002,723.7000122070312,0.007307397746256994,2026-08-12
QQQ260814P00741000,2026-08-11 15:53:18+00:00,741.0,22.0,15.77,18.26,0.0,0.0,6.0,7,0.22852333984375,True,REGULAR,USD,QQQ,put,2026-08-14,0.005479452054794521,17.015,0.012660288490332933,-0.9154510846626391,-46415.04779451599,723.7000122070312,0.007307397746256994,2026-08-12
QQQ260814P00742000,2026-08-12 13:59:15+00:00,742.0,17.24,16.77,19.24,-3.1200008,-15.324169,13.0,1,0.23596955444335935,True,REGULAR,USD,QQQ,put,2026-08-14,0.005479452054794521,18.005,0.011705958329896998,-0.9204909503643381,-6130.898605596054,723.7000122070312,0.007307397746256994,2026-08-12
QQQ260814P00742500,2026-08-11 13:39:07+00:00,742.5,22.8,17.27,19.75,0.0,0.0,1.0,1,0.241218525390625,True,REGULAR,USD,QQQ,put,2026-08-14,0.005479452054794521,18.509999999999998,0.011343512895551234,-0.9214769771773315,-5941.070814875169,723.7000122070312,0.007307397746256994,2026-08-12
QQQ260814P00743000,2026-08-12 13:59:15+00:00,743.0,18.15,17.77,20.25,-3.75,-17.123287,2.0,0,0.2456130126953125,True,REGULAR,USD,QQQ,put,2026-08-14,0.005479452054794521,19.009999999999998,0.010961798038631421,-0.9231324588962687,-0.0,723.7000122070312,0.007307397746256994,2026-08-12
QQQ260814P00744000,2026-08-12 13:38:51+00:00,744.0,19.51,20.01,21.15,-3.9300003,-16.766212,2.0,0,0.24646749633789064,True,REGULAR,USD,QQQ,put,2026-08-14,0.005479452054794521,20.58,0.009880539484392818,-0.9325655049109113,-0.0,723.7000122070312,0.007307397746256994,2026-08-12
QQQ260814P00745000,2026-08-12 19:42:12+00:00,745.0,21.5,19.8,22.28,-1.8099995,-7.7649055,7.0,1,0.26538820556640624,True,REGULAR,USD,QQQ,put,2026-08-14,0.005479452054794521,21.04,0.009727843873473132,-0.9272482449701721,-5094.877562224958,723.7000122070312,0.007307397746256994,2026-08-12
QQQ260814P00746000,2026-08-10 19:52:40+00:00,746.0,25.36,20.51,23.27,0.0,0.0,19.0,15,0.27332269653320307,True,REGULAR,USD,QQQ,put,2026-08-14,0.005479452054794521,21.89,0.009125770671069488,-0.9304383500433292,-71693.20072584985,723.7000122070312,0.007307397746256994,2026-08-12
QQQ260814P00747000,2026-08-10 16:32:36+00:00,747.0,27.46,21.5,24.27,0.0,0.0,15.0,1,0.28186753295898437,True,REGULAR,USD,QQQ,put,2026-08-14,0.005479452054794521,22.884999999999998,0.008605672067022006,-0.932908169069977,-4507.149384016847,723.7000122070312,0.007307397746256994,2026-08-12
QQQ260814P00749000,2026-08-12 14:00:48+00:00,749.0,24.43,23.5,26.26,-28.59,-53.923046,2.0,0,0.29798065307617183,True,REGULAR,USD,QQQ,put,2026-08-14,0.005479452054794521,24.880000000000003,0.007671820334494669,-0.937837663272396,-0.0,723.7000122070312,0.007307397746256994,2026-08-12
QQQ260814P00750000,2026-08-12 14:00:48+00:00,750.0,25.34,24.56,27.26,-4.8199997,-15.981431,2.0,4,0.3062813513183594,True,REGULAR,USD,QQQ,put,2026-08-14,0.005479452054794521,25.91,0.007274986855309992,-0.9398437475314452,-15240.856155462538,723.7000122070312,0.007307397746256994,2026-08-12
QQQ260814P00751000,2026-08-10 16:22:33+00:00,751.0,28.28,25.5,28.26,0.0,0.0,20.0,0,0.3145820495605468,True,REGULAR,USD,QQQ,put,2026-08-14,0.005479452054794521,26.880000000000003,0.006912346293672088,-0.9416860977610682,-0.0,723.7000122070312,0.007307397746256994,2026-08-12
QQQ260814P00753000,2026-08-07 14:29:22+00:00,753.0,32.06,27.5,30.26,0.0,0.0,1.0,0,0.3309393078613281,True,REGULAR,USD,QQQ,put,2026-08-14,0.005479452054794521,28.880000000000003,0.006267435430071011,-0.9450804851775123,-0.0,723.7000122070312,0.007307397746256994,2026-08-12
QQQ260814P00754000,2026-08-11 13:46:01+00:00,754.0,34.84,28.5,31.26,0.0,0.0,1.0,0,0.3391179370117187,True,REGULAR,USD,QQQ,put,2026-08-14,0.005479452054794521,29.880000000000003,0.005983113678339287,-0.9465870924619508,-0.0,723.7000122070312,0.007307397746256994,2026-08-12
QQQ260814P00755000,2026-08-07 16:24:04+00:00,755.0,34.0,29.5,32.25,0.0,0.0,10.0,1,0.3461979443359374,True,REGULAR,USD,QQQ,put,2026-08-14,0.005479452054794521,30.875,0.005690108801392925,-0.948538638695414,-2980.1473004608492,723.7000122070312,0.007307397746256994,2026-08-12
QQQ260814P00756000,2026-08-10 18:51:23+00:00,756.0,35.1,30.5,33.25,0.0,0.0,14.0,0,0.35425450439453116,True,REGULAR,USD,QQQ,put,2026-08-14,0.005479452054794521,31.875,0.005445409306776666,-0.9498750469205323,-0.0,723.7000122070312,0.007307397746256994,2026-08-12
QQQ260814P00758000,2026-08-05 16:02:22+00:00,758.0,37.93,32.5,35.26,0.0,0.0,0.0,0,0.37085590087890624,True,REGULAR,USD,QQQ,put,2026-08-14,0.005479452054794521,33.879999999999995,0.005020195835852673,-0.9520541131694111,-0.0,723.7000122070312,0.007307397746256994,2026-08-12
QQQ260814P00759000,2026-08-12 14:13:13+00:00,759.0,33.92,33.5,36.26,-4.960003,-12.757209,2.0,0,0.37879039184570307,True,REGULAR,USD,QQQ,put,2026-08-14,0.005479452054794521,34.879999999999995,0.004821018120455198,-0.9531959526822306,-0.0,723.7000122070312,0.007307397746256994,2026-08-12
QQQ260814P00760000,2026-08-12 14:13:13+00:00,760.0,34.83,34.5,38.21,-29.46,-45.823612,2.0,0,0.46582565429687506,True,REGULAR,USD,QQQ,put,2026-08-14,0.005479452054794521,36.355000000000004,0.006035846283871815,-0.918603335966125,-0.0,723.7000122070312,0.007307397746256994,2026-08-12
QQQ260814P00765000,2026-08-05 16:13:25+00:00,765.0,45.5,39.5,43.21,0.0,0.0,0.0,0,0.5086719055175781,True,REGULAR,USD,QQQ,put,2026-08-14,0.005479452054794521,41.355000000000004,0.00512203795252666,-0.9263710947689912,-0.0,723.7000122070312,0.007307397746256994,2026-08-12
QQQ260814P00770000,2026-08-03 18:44:11+00:00,770.0,69.79,44.5,48.21,0.0,0.0,0.0,0,0.5502974658203126,True,REGULAR,USD,QQQ,put,2026-08-14,0.005479452054794521,46.355000000000004,0.004415719205810217,-0.932754330756658,-0.0,723.7000122070312,0.007307397746256994,2026-08-12
QQQ260814P00775000,2026-07-15 15:45:18+00:00,775.0,60.05,49.5,53.17,0.0,0.0,10.0,0,0.5874064697265625,True,REGULAR,USD,QQQ,put,2026-08-14,0.005479452054794521,51.335,0.0038239431262056004,-0.9392214257165736,-0.0,723.7000122070312,0.007307397746256994,2026-08-12
QQQ260814P00780000,2026-07-07 14:14:14+00:00,780.0,72.0,54.5,58.17,0.0,0.0,0.0,0,0.6269568554687501,True,REGULAR,USD,QQQ,put,2026-08-14,0.005479452054794521,56.335,0.0033752327145726395,-0.9436682447850768,-0.0,723.7000122070312,0.007307397746256994,2026-08-12
QQQ260814P00790000,2026-08-05 14:45:15+00:00,790.0,66.9,64.5,68.17,0.0,0.0,0.0,0,0.7036162451171876,True,REGULAR,USD,QQQ,put,2026-08-14,0.005479452054794521,66.33500000000001,0.002700915005066353,-0.950806361297345,-0.0,723.7000122070312,0.007307397746256994,2026-08-12
QQQ260814P00800000,2026-08-06 20:14:49+00:00,800.0,84.45,74.5,78.17,0.0,0.0,2.0,0,0.7773459765625,True,REGULAR,USD,QQQ,put,2026-08-14,0.005479452054794521,76.33500000000001,0.0022226785083124304,-0.9563087138895735,-0.0,723.7000122070312,0.007307397746256994,2026-08-12
QQQ260814P00830000,2026-08-05 18:04:14+00:00,830.0,108.77,104.5,108.21,0.0,0.0,0.0,0,0.57617611328125,True,REGULAR,USD,QQQ,put,2026-08-14,0.005479452054794521,106.35499999999999,8.055592060633725e-05,-0.9992808073708899,-0.0,723.7000122070312,0.007307397746256994,2026-08-12
QQQ260814P00840000,2026-08-07 19:44:34+00:00,840.0,118.09,114.5,118.19,0.0,0.0,21.0,0,0.6093789062500001,True,REGULAR,USD,QQQ,put,2026-08-14,0.005479452054794521,116.345,5.704261191003214e-05,-0.9994741250856576,-0.0,723.7000122070312,0.007307397746256994,2026-08-12
QQQ260814P00845000,2026-08-07 19:44:34+00:00,845.0,123.11,119.5,123.21,0.0,0.0,9.0,0,0.6445348046875,True,REGULAR,USD,QQQ,put,2026-08-14,0.005479452054794521,121.35499999999999,6.486697725170237e-05,-0.9993578362426501,-0.0,723.7000122070312,0.007307397746256994,2026-08-12
QQQ260814P00900000,2026-08-05 18:56:00+00:00,900.0,179.81,174.5,178.26,0.0,0.0,0.0,0,0.9062509375,True,REGULAR,USD,QQQ,put,2026-08-14,0.005479452054794521,176.38,4.708309618561918e-05,-0.9993435107508776,-0.0,723.7000122070312,0.007307397746256994,2026-08-12
QQQ260817C00540000,2026-08-07 13:56:54+00:00,540.0,180.06,182.14,185.77,0.0,0.0,1.0,1,0.975586181640625,True,REGULAR,USD,QQQ,call,2026-08-17,0.0136986301369863,183.95499999999998,0.00015347743705377786,0.995683399238785,80.38253497112376,723.7000122070312,0.007307397746256994,2026-08-12
QQQ260817C00600000,2026-08-07 18:19:36+00:00,600.0,121.04,122.11,125.74,0.0,0.0,6.0,6,0.64648791015625,True,REGULAR,USD,QQQ,call,2026-08-17,0.0136986301369863,123.925,0.00030260118936631034,0.9941718761254223,950.9091819673054,723.7000122070312,0.007307397746256994,2026-08-12
QQQ260817C00605000,2026-08-10 18:05:47+00:00,605.0,116.65,117.19,120.74,0.0,0.0,30.0,39,0.6352575537109376,True,REGULAR,USD,QQQ,call,2026-08-17,0.0136986301369863,118.965,0.00036504102953919366,0.9929368056516973,7456.301275016452,723.7000122070312,0.007307397746256994,2026-08-12
QQQ260817C00640000,2026-08-10 18:08:31+00:00,640.0,81.92,82.14,85.53,0.0,0.0,30.0,41,0.6560092993164064,True,REGULAR,USD,QQQ,call,2026-08-17,0.0136986301369863,83.83500000000001,0.0018516381437712907,0.9501506980770099,39760.98505951595,723.7000122070312,0.007307397746256994,2026-08-12
QQQ260817C00645000,2026-08-11 13:32:23+00:00,645.0,76.9,77.22,80.77,0.0,0.0,1.0,31,0.6420934228515626,True,REGULAR,USD,QQQ,call,2026-08-17,0.0136986301369863,78.995,0.0021160392278683966,0.942578917808793,34355.99795961437,723.7000122070312,0.007307397746256994,2026-08-12
QQQ260817C00650000,2026-08-11 19:30:28+00:00,650.0,68.55,72.04,75.54,0.0,0.0,3.0,8,0.5915568188476563,True,REGULAR,USD,QQQ,call,2026-08-17,0.0136986301369863,73.79,0.0022357161230648803,0.9445100197513021,9367.502241247224,723.7000122070312,0.007307397746256994,2026-08-12
QQQ260817C00652000,2026-08-04 15:29:23+00:00,652.0,67.51,70.15,73.78,0.0,0.0,0.0,1,0.5961954443359375,True,REGULAR,USD,QQQ,call,2026-08-17,0.0136986301369863,71.965,0.002421196604107735,0.9379655461041723,1268.081644036455,723.7000122070312,0.007307397746256994,2026-08-12
QQQ260817C00655000,2026-08-04 14:00:28+00:00,655.0,59.86,67.23,70.79,0.0,0.0,0.0,3,0.5769085278320312,True,REGULAR,USD,QQQ,call,2026-08-17,0.0136986301369863,69.01,0.0025753517711449097,0.9356249183927119,4046.457403399262,723.7000122070312,0.007307397746256994,2026-08-12
QQQ260817C00660000,2026-08-06 13:32:51+00:00,660.0,51.47,62.18,65.77,0.0,0.0,0.0,17,0.5419967675781252,True,REGULAR,USD,QQQ,call,2026-08-17,0.0136986301369863,63.974999999999994,0.0028517683796182654,0.9322551862738224,25391.03069727505,723.7000122070312,0.007307397746256994,2026-08-12
QQQ260817C00665000,2026-08-03 13:46:57+00:00,665.0,29.15,57.19,60.81,0.0,0.0,0.0,2,0.5111132873535156,True,REGULAR,USD,QQQ,call,2026-08-17,0.0136986301369863,59.0,0.003206125369701327,0.926903968431416,3358.363152253073,723.7000122070312,0.007307397746256994,2026-08-12
QQQ260817C00670000,2026-08-11 13:32:23+00:00,670.0,51.96,52.25,55.88,0.0,0.0,1.0,33,0.481450498046875,True,REGULAR,USD,QQQ,call,2026-08-17,0.0136986301369863,54.065,0.0036401273107490263,0.9201574403161563,62914.05429745536,723.7000122070312,0.007307397746256994,2026-08-12
QQQ260817C00671000,2026-08-12 19:12:28+00:00,671.0,54.09,51.2,54.82,-3.579998,-6.207731,1.0,3,0.47095255615234377,True,REGULAR,USD,QQQ,call,2026-08-17,0.0136986301369863,53.010000000000005,0.003705357063649387,0.9206083603778252,5821.950108111329,723.7000122070312,0.007307397746256994,2026-08-12
QQQ260817C00672000,2026-08-07 16:02:58+00:00,672.0,51.23,50.19,53.83,0.0,0.0,3.0,3,0.4647270324707031,True,REGULAR,USD,QQQ,call,2026-08-17,0.0136986301369863,52.01,0.00380401843518947,0.9192344195899202,5976.969333745276,723.7000122070312,0.007307397746256994,2026-08-12
QQQ260817C00675000,2026-08-11 18:38:53+00:00,675.0,42.16,47.21,50.84,0.0,0.0,10.0,47,0.44482977050781247,True,REGULAR,USD,QQQ,call,2026-08-17,0.0136986301369863,49.025000000000006,0.00411623694556181,0.9153757705785567,101324.7134507172,723.7000122070312,0.007307397746256994,2026-08-12
QQQ260817C00680000,2026-08-12 16:51:33+00:00,680.0,45.25,42.24,45.86,5.9799995,15.227907,1.0,25,0.41138283935546877,True,REGULAR,USD,QQQ,call,2026-08-17,0.0136986301369863,44.05,0.004733835019012442,0.9080815212927698,61982.670916958,723.7000122070312,0.007307397746256994,2026-08-12
QQQ260817C00682000,2026-08-07 16:30:27+00:00,682.0,38.51,40.27,43.63,0.0,0.0,1.0,4,0.3846497082519531,True,REGULAR,USD,QQQ,call,2026-08-17,0.0136986301369863,41.95,0.004903178357263742,0.9119608002006916,10271.996023345331,723.7000122070312,0.007307397746256994,2026-08-12
QQQ260817C00683000,2026-08-12 18:48:46+00:00,683.0,42.34,39.24,42.88,3.0099983,7.653186,1.0,5,0.39160764648437496,True,REGULAR,USD,QQQ,call,2026-08-17,0.0136986301369863,41.06,0.0051815935315077605,0.9028099521009115,13569.083223178532,723.7000122070312,0.007307397746256994,2026-08-12
QQQ260817C00684000,2026-08-05 14:44:10+00:00,684.0,41.7,38.26,41.88,0.0,0.0,0.0,0,0.3845276391601562,True,REGULAR,USD,QQQ,call,2026-08-17,0.0136986301369863,40.07,0.0053418767827197134,0.9011756612055656,0.0,723.7000122070312,0.007307397746256994,2026-08-12
QQQ260817C00685000,2026-08-12 13:58:31+00:00,685.0,42.09,37.26,40.89,2.4300003,6.127081,1.0,54,0.37805797729492185,True,REGULAR,USD,QQQ,call,2026-08-17,0.0136986301369863,39.075,0.005515668576752841,0.8991186430430811,155994.42668337622,723.7000122070312,0.007307397746256994,2026-08-12
QQQ260817C00687000,2026-08-05 14:10:28+00:00,687.0,41.74,35.3,38.91,0.0,0.0,0.0,2,0.3649355499267578,True,REGULAR,USD,QQQ,call,2026-08-17,0.0136986301369863,37.105,0.005889476591654889,0.8948292134816395,6169.129054773473,723.7000122070312,0.007307397746256994,2026-08-12
QQQ260817C00690000,2026-08-12 18:48:46+00:00,690.0,35.36,33.66,34.32,7.5200005,27.011496,3.0,55,0.24451439086914065,True,REGULAR,USD,QQQ,call,2026-08-17,0.0136986301369863,33.989999999999995,0.004543229708710285,0.9554075569028997,130871.33872834957,723.7000122070312,0.007307397746256994,2026-08-12
QQQ260817C00692000,2026-08-07 14:54:11+00:00,692.0,29.31,31.69,32.35,0.0,0.0,2.0,8,0.23535920898437498,True,REGULAR,USD,QQQ,call,2026-08-17,0.0136986301369863,32.02,0.005048368855447651,0.9515092342237421,21152.33060233926,723.7000122070312,0.007307397746256994,2026-08-12
QQQ260817C00693000,2026-08-04 13:30:36+00:00,693.0,22.09,30.7,31.36,0.0,0.0,0.0,1,0.23023230712890624,True,REGULAR,USD,QQQ,call,2026-08-17,0.0136986301369863,31.03,0.005309774626431877,0.949749438963534,2780.9504301820753,723.7000122070312,0.007307397746256994,2026-08-12
QQQ260817C00694000,2026-08-10 16:31:59+00:00,694.0,29.76,29.39,30.42,0.0,0.0,1.0,2,0.22901161621093752,True,REGULAR,USD,QQQ,call,2026-08-17,0.0136986301369863,29.905,0.005743442627289012,0.9448942709593181,6016.160899024315,723.7000122070312,0.007307397746256994,2026-08-12
QQQ260817C00695000,2026-08-11 14:13:34+00:00,695.0,27.02,28.75,29.5,0.0,0.0,5.0,36,0.22888954711914064,True,REGULAR,USD,QQQ,call,2026-08-17,0.0136986301369863,29.125,0.006244513767707574,0.9387461384309644,117738.44295330084,723.7000122070312,0.007307397746256994,2026-08-12
QQQ260817C00696000,2026-08-11 19:45:47+00:00,696.0,23.52,27.43,28.45,0.0,0.0,164.0,173,0.21912401977539062,True,REGULAR,USD,QQQ,call,2026-08-17,0.0136986301369863,27.939999999999998,0.0064066272157236315,0.9401372391459109,580487.2929559873,723.7000122070312,0.007307397746256994,2026-08-12
QQQ260817C00697000,2026-08-10 14:54:30+00:00,697.0,27.0,26.79,27.44,0.0,0.0,9.0,11,0.2122881506347656,True,REGULAR,USD,QQQ,call,2026-08-17,0.0136986301369863,27.115000000000002,0.006700678606021188,0.9391203306541493,38603.673412205375,723.7000122070312,0.007307397746256994,2026-08-12
QQQ260817C00698000,2026-08-06 13:30:43+00:00,698.0,19.29,25.49,26.5,0.0,0.0,0.0,2,0.21033504516601562,True,REGULAR,USD,QQQ,call,2026-08-17,0.0136986301369863,25.994999999999997,0.007233469714601677,0.933623333634406,7576.9395613871,723.7000122070312,0.007307397746256994,2026-08-12
QQQ260817C00699000,2026-08-11 19:50:00+00:00,699.0,20.43,24.67,25.5,0.0,0.0,8.0,19,0.20410952148437497,True,REGULAR,USD,QQQ,call,2026-08-17,0.0136986301369863,25.085,0.0076211403967952895,0.9316927537623015,75838.67263017394,723.7000122070312,0.007307397746256994,2026-08-12
QQQ260817C00700000,2026-08-12 19:39:47+00:00,700.0,24.4,23.9,24.65,4.24,21.031744,14.0,89,0.20716124877929684,True,REGULAR,USD,QQQ,call,2026-08-17,0.0136986301369863,24.275,0.008437776479524208,0.9204319931709619,393310.17614565685,723.7000122070312,0.007307397746256994,2026-08-12
QQQ260817C00701000,2026-08-12 18:05:42+00:00,701.0,24.52,22.61,23.57,6.76,38.06306,2.0,17,0.1958088232421875,True,REGULAR,USD,QQQ,call,2026-08-17,0.0136986301369863,23.09,0.008702497726835547,0.9230595450584674,77483.63734737317,723.7000122070312,0.007307397746256994,2026-08-12
QQQ260817C00702000,2026-08-12 14:35:11+00:00,702.0,23.13,21.66,22.61,4.2599983,22.575506,1.0,7,0.19178054321289065,True,REGULAR,USD,QQQ,call,2026-08-17,0.0136986301369863,22.134999999999998,0.009321722337308404,0.9180272334684032,34175.22342747174,723.7000122070312,0.007307397746256994,2026-08-12
QQQ260817C00703000,2026-08-12 15:39:51+00:00,703.0,21.39,20.7,21.72,4.959999,30.188673,7.0,2,0.19147537048339847,True,REGULAR,USD,QQQ,call,2026-08-17,0.0136986301369863,21.21,0.010149597457551472,0.9083376119882327,10631.535009130877,723.7000122070312,0.007307397746256994,2026-08-12
QQQ260817C00704000,2026-08-12 19:44:55+00:00,704.0,20.38,19.91,20.77,3.1899986,18.557293,1.0,139,0.187508125,True,REGULAR,USD,QQQ,call,2026-08-17,0.0136986301369863,20.34,0.010881145679097544,0.9020809008201967,792148.4648910123,723.7000122070312,0.007307397746256994,2026-08-12
QQQ260817C00705000,2026-08-12 19:29:39+00:00,705.0,20.0,18.83,19.83,4.4799995,28.865974,11.0,234,0.18372398315429686,True,REGULAR,USD,QQQ,call,2026-08-17,0.0136986301369863,19.33,0.011682928652088784,0.8950215243642415,1431807.8586584122,723.7000122070312,0.007307397746256994,2026-08-12
QQQ260817C00706000,2026-08-12 19:59:18+00:00,706.0,18.63,18.23,18.9,2.959999,18.889591,31.0,80,0.18024501403808596,True,REGULAR,USD,QQQ,call,2026-08-17,0.0136986301369863,18.564999999999998,0.012562517963929631,0.8869144581907393,526361.168883534,723.7000122070312,0.007307397746256994,2026-08-12
QQQ260817C00707000,2026-08-12 19:39:06+00:00,707.0,17.97,17.13,17.96,4.7599993,36.033302,14.0,50,0.17603363037109376,True,REGULAR,USD,QQQ,call,2026-08-17,0.0136986301369863,17.545,0.013494150202585988,0.8790069885663994,353372.4635318522,723.7000122070312,0.007307397746256994,2026-08-12
QQQ260817C00708000,2026-08-12 19:53:26+00:00,708.0,16.78,16.41,17.05,3.460001,25.975983,9.0,14,0.17292086853027344,True,REGULAR,USD,QQQ,call,2026-08-17,0.0136986301369863,16.73,0.014532519657676313,0.8688335361293862,106558.01327131542,723.7000122070312,0.007307397746256994,2026-08-12
QQQ260817C00709000,2026-08-12 19:05:10+00:00,709.0,16.82,15.36,16.15,5.0199995,42.542366,25.0,48,0.16986914123535157,True,REGULAR,USD,QQQ,call,2026-08-17,0.0136986301369863,15.754999999999999,0.015647163331373243,0.8576181264832297,393363.4580803531,723.7000122070312,0.007307397746256994,2026-08-12
QQQ260817C00710000,2026-08-12 20:06:58+00:00,710.0,15.6,14.6,15.2,4.17,36.482937,111.0,267,0.16443706665039062,True,REGULAR,USD,QQQ,call,2026-08-17,0.0136986301369863,14.899999999999999,0.016831910443832993,0.8487613901038709,2353758.1296198936,723.7000122070312,0.007307397746256994,2026-08-12
QQQ260817C00711000,2026-08-12 19:14:48+00:00,711.0,14.79,13.53,15.79,3.8100004,34.69946,26.0,116,0.2142412561035156,True,REGULAR,USD,QQQ,call,2026-08-17,0.0136986301369863,14.66,0.016713016079684874,0.7704869634319237,1015383.2154962866,723.7000122070312,0.007307397746256994,2026-08-12
QQQ260817C00712000,2026-08-12 18:57:26+00:00,712.0,14.32,12.9,13.59,4.08,39.84375,66.0,112,0.16376568664550784,True,REGULAR,USD,QQQ,call,2026-08-17,0.0136986301369863,13.245000000000001,0.019380123170668312,0.8128713437169677,1136820.026073856,723.7000122070312,0.007307397746256994,2026-08-12
QQQ260817C00713000,2026-08-12 19:12:49+00:00,713.0,13.13,12.08,12.73,3.58,37.48691,38.0,253,0.16053085571289064,True,REGULAR,USD,QQQ,call,2026-08-17,0.0136986301369863,12.405000000000001,0.020767048467024696,0.7971119237302969,2751772.0651203417,723.7000122070312,0.007307397746256994,2026-08-12
QQQ260817C00714000,2026-08-12 19:13:06+00:00,714.0,12.33,11.24,11.8,3.4300003,38.53933,28.0,986,0.15448843566894532,True,REGULAR,USD,QQQ,call,2026-08-17,0.0136986301369863,11.52,0.022391838672107797,0.7839585098182652,11563354.266430808,723.7000122070312,0.007307397746256994,2026-08-12
QQQ260817C00715000,2026-08-12 19:53:09+00:00,715.0,10.94,10.24,11.02,2.8399992,35.061714,129.0,625,0.1530846411132813,True,REGULAR,USD,QQQ,call,2026-08-17,0.0136986301369863,10.629999999999999,0.02383458003389753,0.7625587988050933,7801977.280321255,723.7000122070312,0.007307397746256994,2026-08-12
QQQ260817C00716000,2026-08-12 19:29:19+00:00,716.0,10.27,9.37,10.29,2.6500006,34.776913,25.0,323,0.15265739929199224,True,REGULAR,USD,QQQ,call,2026-08-17,0.0136986301369863,9.829999999999998,0.025166784056452163,0.7383557565446509,4257428.910014608,723.7000122070312,0.007307397746256994,2026-08-12
QQQ260817C00717000,2026-08-12 20:06:04+00:00,717.0,9.94,8.74,9.45,2.8699994,40.59405,437.0,584,0.14814084289550783,True,REGULAR,USD,QQQ,call,2026-08-17,0.0136986301369863,9.094999999999999,0.026922504596323074,0.7179332335344546,8234656.102682239,723.7000122070312,0.007307397746256994,2026-08-12
QQQ260817C00718000,2026-08-12 19:47:35+00:00,718.0,8.57,8.35,8.56,2.0199995,30.839687,886.0,237,0.141610146484375,True,REGULAR,USD,QQQ,call,2026-08-17,0.0136986301369863,8.455,0.029077318774291625,0.6979233268967503,3609274.0876564183,723.7000122070312,0.007307397746256994,2026-08-12
QQQ260817C00719000,2026-08-12 19:17:12+00:00,719.0,8.6,7.67,7.8,2.6200004,43.812714,316.0,308,0.1384973846435547,True,REGULAR,USD,QQQ,call,2026-08-17,0.0136986301369863,7.734999999999999,0.03081702811992728,0.671428175774924,4971170.183301655,723.7000122070312,0.007307397746256994,2026-08-12
QQQ260817C00720000,2026-08-12 20:08:48+00:00,720.0,7.26,6.98,7.11,1.8600001,34.444447,677.0,1196,0.13663583099365234,True,REGULAR,USD,QQQ,call,2026-08-17,0.0136986301369863,7.045,0.03227527089174777,0.6416149445097425,20217070.968798008,723.7000122070312,0.007307397746256994,2026-08-12
QQQ260817C00721000,2026-08-12 20:01:20+00:00,721.0,6.87,6.33,6.47,2.0,41.067764,250.0,441,0.13544565734863284,True,REGULAR,USD,QQQ,call,2026-08-17,0.0136986301369863,6.4,0.03345280618459275,0.6095995281642294,7726597.758302457,723.7000122070312,0.007307397746256994,2026-08-12
QQQ260817C00722000,2026-08-12 20:14:53+00:00,722.0,5.82,5.69,5.82,1.1800003,25.431042,272.0,374,0.13312634460449219,True,REGULAR,USD,QQQ,call,2026-08-17,0.0136986301369863,5.755000000000001,0.0347204277594866,0.5768715651791507,6801016.511024074,723.7000122070312,0.007307397746256994,2026-08-12
QQQ260817C00723000,2026-08-12 20:12:22+00:00,723.0,5.0,5.12,5.23,1.06,26.903551,1025.0,722,0.1316615155029297,True,REGULAR,USD,QQQ,call,2026-08-17,0.0136986301369863,5.175000000000001,0.03557224651554598,0.5422338625628205,13451343.115943182,723.7000122070312,0.007307397746256994,2026-08-12
QQQ260817C00724000,2026-08-12 20:12:59+00:00,724.0,4.45,4.6,4.67,0.8399999,23.268696,2396.0,351,0.13013565185546871,False,REGULAR,USD,QQQ,call,2026-08-17,0.0136986301369863,4.635,0.03618748104453578,0.5065348851839874,6652465.484588269,723.7000122070312,0.007307397746256994,2026-08-12
QQQ260817C00725000,2026-08-12 20:13:47+00:00,725.0,4.03,4.08,4.15,0.7700002,23.619638,9047.0,1421,0.1287928918457031,False,REGULAR,USD,QQQ,call,2026-08-17,0.0136986301369863,4.115,0.036466491594585454,0.47003921278746436,27139711.086784817,723.7000122070312,0.007307397746256994,2026-08-12
QQQ260817C00726000,2026-08-12 20:14:27+00:00,726.0,3.6,3.6,3.66,0.65999985,22.448975,2253.0,280,0.12732806274414063,False,REGULAR,USD,QQQ,call,2026-08-17,0.0136986301369863,3.63,0.03646774160622206,0.4330164577363889,5347909.633823341,723.7000122070312,0.007307397746256994,2026-08-12
QQQ260817C00727000,2026-08-12 20:14:29+00:00,727.0,3.16,3.15,3.2,0.58000016,22.480627,1172.0,326,0.12574116455078127,False,REGULAR,USD,QQQ,call,2026-08-17,0.0136986301369863,3.175,0.0361691738659342,0.39567998528532805,6175517.392673557,723.7000122070312,0.007307397746256994,2026-08-12
QQQ260817C00728000,2026-08-12 20:07:50+00:00,728.0,2.87,2.73,2.82,0.52,22.12766,453.0,273,0.12543599182128906,False,REGULAR,USD,QQQ,call,2026-08-17,0.0136986301369863,2.775,0.0352068833998699,0.35985270683842063,5033932.512754269,723.7000122070312,0.007307397746256994,2026-08-12
QQQ260817C00729000,2026-08-12 20:11:56+00:00,729.0,2.43,2.36,2.45,0.32000017,15.165885,1386.0,186,0.12445943908691406,False,REGULAR,USD,QQQ,call,2026-08-17,0.0136986301369863,2.4050000000000002,0.034105870667690885,0.32418916673861464,3322456.0517729702,723.7000122070312,0.007307397746256994,2026-08-12
QQQ260817C00730000,2026-08-12 20:14:17+00:00,730.0,2.04,2.07,2.11,0.24000001,13.333334,2052.0,1004,0.12342185180664064,False,REGULAR,USD,QQQ,call,2026-08-17,0.0136986301369863,2.09,0.03271644737822816,0.28949282593674674,17203507.89079331,723.7000122070312,0.007307397746256994,2026-08-12
QQQ260817C00731000,2026-08-12 20:14:43+00:00,731.0,1.76,1.73,1.8,0.16999996,10.691821,314.0,719,0.12226219543457033,False,REGULAR,USD,QQQ,call,2026-08-17,0.0136986301369863,1.7650000000000001,0.031066639978401294,0.2559344603277612,11698773.55806871,723.7000122070312,0.007307397746256994,2026-08-12
QQQ260817C00732000,2026-08-12 20:06:30+00:00,732.0,1.71,1.47,1.53,0.31000006,22.142862,515.0,477,0.12134667724609374,False,REGULAR,USD,QQQ,call,2026-08-17,0.0136986301369863,1.5,0.029138677450956302,0.22445280218356511,7279564.107872733,723.7000122070312,0.007307397746256994,2026-08-12
QQQ260817C00733000,2026-08-12 20:00:19+00:00,733.0,1.33,1.23,1.3,0.07000005,5.5555596,369.0,390,0.12085840087890626,False,REGULAR,USD,QQQ,call,2026-08-17,0.0136986301369863,1.2650000000000001,0.02699612714353414,0.1957588018787224,5514209.114929851,723.7000122070312,0.007307397746256994,2026-08-12
QQQ260817C00734000,2026-08-12 20:12:25+00:00,734.0,0.97,1.03,1.09,-0.07999992,-7.6190405,323.0,354,0.12006495178222655,False,REGULAR,USD,QQQ,call,2026-08-17,0.0136986301369863,1.06,0.024752757014500512,0.1686180620852522,4589274.134810015,723.7000122070312,0.007307397746256994,2026-08-12
QQQ260817C00735000,2026-08-12 20:11:14+00:00,735.0,0.94,0.85,0.91,0.04000002,4.4444466,1556.0,1406,0.11939357177734375,False,REGULAR,USD,QQQ,call,2026-08-17,0.0136986301369863,0.88,0.022432228025226396,0.14399421073432195,16518662.938312858,723.7000122070312,0.007307397746256994,2026-08-12
QQQ260817C00736000,2026-08-12 20:14:43+00:00,736.0,0.71,0.7,0.74,-0.08000004,-10.126587,267.0,327,0.118172880859375,False,REGULAR,USD,QQQ,call,2026-08-17,0.0136986301369863,0.72,0.02005591475073435,0.12060537412072009,3434846.926211653,723.7000122070312,0.007307397746256994,2026-08-12
QQQ260817C00737000,2026-08-12 20:13:14+00:00,737.0,0.58,0.57,0.61,-0.110000014,-15.942032,171.0,260,0.1176846044921875,False,REGULAR,USD,QQQ,call,2026-08-17,0.0136986301369863,0.59,0.017743441287876444,0.10107302380741917,2416174.862407129,723.7000122070312,0.007307397746256994,2026-08-12
QQQ260817C00738000,2026-08-12 20:04:13+00:00,738.0,0.52,0.47,0.5,-0.060000002,-10.344828,137.0,236,0.11731839721679688,False,REGULAR,USD,QQQ,call,2026-08-17,0.0136986301369863,0.485,0.015529910702765336,0.08406543270867434,1919544.2205315724,723.7000122070312,0.007307397746256994,2026-08-12
QQQ260817C00739000,2026-08-12 20:01:41+00:00,739.0,0.42,0.37,0.4,-0.08000001,-16.000002,117.0,585,0.11646391357421876,False,REGULAR,USD,QQQ,call,2026-08-17,0.0136986301369863,0.385,0.013371022409108545,0.0684036812689738,4096732.834244535,723.7000122070312,0.007307397746256994,2026-08-12
QQQ260817C00740000,2026-08-12 20:12:21+00:00,740.0,0.31,0.3,0.32,-0.120000005,-27.906977,3199.0,2333,0.11597563720703125,False,REGULAR,USD,QQQ,call,2026-08-17,0.0136986301369863,0.31,0.011405071267182222,0.05549833961833927,13935735.733126583,723.7000122070312,0.007307397746256994,2026-08-12
QQQ260817C00741000,2026-08-12 19:58:59+00:00,741.0,0.22,0.24,0.26,-0.19,-46.341465,412.0,210,0.11597563720703125,False,REGULAR,USD,QQQ,call,2026-08-17,0.0136986301369863,0.25,0.009684751461401736,0.04520707916546444,1065184.7364352176,723.7000122070312,0.007307397746256994,2026-08-12
QQQ260817C00742000,2026-08-12 19:42:17+00:00,742.0,0.23,0.19,0.2,-0.08999999,-28.124998,90.0,174,0.11499908447265625,False,REGULAR,USD,QQQ,call,2026-08-17,0.0136986301369863,0.195,0.007990358282454393,0.035310438167429924,728169.7971619709,723.7000122070312,0.007307397746256994,2026-08-12
QQQ260817C00743000,2026-08-12 20:13:04+00:00,743.0,0.14,0.15,0.16,-0.11,-44.0,183.0,128,0.11499908447265625,False,REGULAR,USD,QQQ,call,2026-08-17,0.0136986301369863,0.155,0.0066347825569096726,0.028197548137844877,444788.78033468995,723.7000122070312,0.007307397746256994,2026-08-12
QQQ260817C00744000,2026-08-12 19:59:49+00:00,744.0,0.1,0.11,0.13,-0.12,-54.545456,124.0,79,0.11548736083984376,False,REGULAR,USD,QQQ,call,2026-08-17,0.0136986301369863,0.12,0.005526533130402488,0.022785173651246122,228663.59603706104,723.7000122070312,0.007307397746256994,2026-08-12
QQQ260817C00745000,2026-08-12 20:12:07+00:00,745.0,0.1,0.09,0.11,-0.1,-50.0,653.0,1171,0.1167080517578125,False,REGULAR,USD,QQQ,call,2026-08-17,0.0136986301369863,0.1,0.004671844789482169,0.018917879760774466,2865249.6025342946,723.7000122070312,0.007307397746256994,2026-08-12
QQQ260817C00746000,2026-08-12 19:57:02+00:00,746.0,0.06,0.07,0.09,-0.120000005,-66.666664,144.0,87,0.11744046630859376,False,REGULAR,USD,QQQ,call,2026-08-17,0.0136986301369863,0.08,0.0038811873927793086,0.015340672074249391,176848.35502017045,723.7000122070312,0.007307397746256994,2026-08-12
QQQ260817C00747000,2026-08-12 20:11:24+00:00,747.0,0.07,0.06,0.08,-0.07,-50.0,225.0,38,0.11963770996093749,False,REGULAR,USD,QQQ,call,2026-08-17,0.0136986301369863,0.07,0.0033724171183015183,0.013314898817191721,67118.46901936384,723.7000122070312,0.007307397746256994,2026-08-12
QQQ260817C00748000,2026-08-12 19:53:14+00:00,748.0,0.04,0.05,0.07,-0.07,-63.636364,393.0,93,0.1215908154296875,False,REGULAR,USD,QQQ,call,2026-08-17,0.0136986301369863,0.060000000000000005,0.0029118596360706204,0.011450869823041717,141830.79746064253,723.7000122070312,0.007307397746256994,2026-08-12
QQQ260817C00749000,2026-08-12 19:53:30+00:00,749.0,0.03,0.04,0.06,-0.08,-72.72727,114.0,49,0.12305564453125001,False,REGULAR,USD,QQQ,call,2026-08-17,0.0136986301369863,0.05,0.0024734971403634074,0.009626930995381108,63478.20719414186,723.7000122070312,0.007307397746256994,2026-08-12
QQQ260817C00750000,2026-08-12 20:01:47+00:00,750.0,0.02,0.03,0.05,-0.07000001,-77.77779,738.0,2225,0.124032197265625,False,REGULAR,USD,QQQ,call,2026-08-17,0.0136986301369863,0.04,0.002061260021235247,0.007890413970076265,2402038.451721793,723.7000122070312,0.007307397746256994,2026-08-12
QQQ260817C00751000,2026-08-12 19:30:09+00:00,751.0,0.05,0.03,0.05,-0.029999997,-37.499996,11.0,14,0.127938408203125,False,REGULAR,USD,QQQ,call,2026-08-17,0.0136986301369863,0.04,0.0019278372639022043,0.0075749393400624965,14135.642929842375,723.7000122070312,0.007307397746256994,2026-08-12
QQQ260817C00752000,2026-08-12 19:27:10+00:00,752.0,0.05,0.02,0.04,-0.040000003,-44.444447,50.0,200,0.127938408203125,False,REGULAR,USD,QQQ,call,2026-08-17,0.0136986301369863,0.03,0.0015474627703071391,0.005907176540483802,162094.1587748045,723.7000122070312,0.007307397746256994,2026-08-12
QQQ260817C00753000,2026-08-12 14:29:44+00:00,753.0,0.08,0.02,0.04,-0.060000002,-42.857143,8.0,82,0.131844619140625,False,REGULAR,USD,QQQ,call,2026-08-17,0.0136986301369863,0.03,0.0014602305122057848,0.005724004715336232,62712.25700828398,723.7000122070312,0.007307397746256994,2026-08-12
QQQ260817C00754000,2026-08-12 19:31:15+00:00,754.0,0.03,0.02,0.04,-0.03,-50.0,38.0,55,0.13575083007812502,False,REGULAR,USD,QQQ,call,2026-08-17,0.0136986301369863,0.03,0.0013816264928465873,0.005557979384192588,39798.848029789915,723.7000122070312,0.007307397746256994,2026-08-12
QQQ260817C00755000,2026-08-12 19:53:17+00:00,755.0,0.02,0.01,0.03,-0.030000001,-60.0,250.0,774,0.13477427734375003,False,REGULAR,USD,QQQ,call,2026-08-17,0.0136986301369863,0.02,0.001067037288337641,0.004126176920600706,432551.395011864,723.7000122070312,0.007307397746256994,2026-08-12
QQQ260817C00756000,2026-08-12 19:23:22+00:00,756.0,0.04,0.01,0.03,-0.030000001,-42.857143,18.0,12,0.13868048828125001,False,REGULAR,USD,QQQ,call,2026-08-17,0.0136986301369863,0.02,0.0010187892837604776,0.004045378674525084,6402.989270772443,723.7000122070312,0.007307397746256994,2026-08-12
QQQ260817C00757000,2026-08-12 18:51:35+00:00,757.0,0.03,0.01,0.03,-0.049999997,-62.499996,17.0,34,0.14258669921875,False,REGULAR,USD,QQQ,call,2026-08-17,0.0136986301369863,0.02,0.0009747032929887295,0.003971693991338273,17356.75408275951,723.7000122070312,0.007307397746256994,2026-08-12
QQQ260817C00758000,2026-08-12 13:49:17+00:00,758.0,0.07,0.01,0.03,-0.15,-68.18182,3.0,2,0.145516357421875,False,REGULAR,USD,QQQ,call,2026-08-17,0.0136986301369863,0.02,0.000896521343203666,0.003700983960494499,939.0912385014137,723.7000122070312,0.007307397746256994,2026-08-12
QQQ260817C00759000,2026-08-12 19:23:48+00:00,759.0,0.02,0.01,0.03,-0.030000001,-60.0,1.0,4,0.149422568359375,False,REGULAR,USD,QQQ,call,2026-08-17,0.0136986301369863,0.02,0.0008616425821220687,0.00364696208644697,1805.1126294418846,723.7000122070312,0.007307397746256994,2026-08-12
QQQ260817C00760000,2026-08-12 19:54:40+00:00,760.0,0.01,0.01,0.03,-0.02,-66.66667,69.0,187,0.15332877929687502,False,REGULAR,USD,QQQ,call,2026-08-17,0.0136986301369863,0.02,0.0008294672836384919,0.003597515553424224,81237.77636694483,723.7000122070312,0.007307397746256994,2026-08-12
QQQ260817C00765000,2026-08-12 17:40:50+00:00,765.0,0.03,0.0,0.02,0.0,0.0,1.0,220,0.16407085937500002,False,REGULAR,USD,QQQ,call,2026-08-17,0.0136986301369863,0.01,0.0004917681482347524,0.002172441217227027,56663.08774135332,723.7000122070312,0.007307397746256994,2026-08-12
QQQ260817C00770000,2026-08-12 15:12:58+00:00,770.0,0.02,0.0,0.02,0.0,0.0,12.0,152,0.18164880859375,False,REGULAR,USD,QQQ,call,2026-08-17,0.0136986301369863,0.01,0.0004093582669087898,0.001985500233332084,32588.49565936947,723.7000122070312,0.007307397746256994,2026-08-12
QQQ260817C00775000,2026-08-12 18:19:28+00:00,775.0,0.01,0.0,0.02,0.0,0.0,17.0,147,0.19727365234375,False,REGULAR,USD,QQQ,call,2026-08-17,0.0136986301369863,0.01,0.00032556045419750634,0.0016899957288383132,25064.909469915918,723.7000122070312,0.007307397746256994,2026-08-12
QQQ260817C00780000,2026-08-12 18:02:12+00:00,780.0,0.01,0.0,0.02,-0.01,-50.0,5.0,230,0.2148516015625,False,REGULAR,USD,QQQ,call,2026-08-17,0.0136986301369863,0.01,0.00028690005679471887,0.001615507013249156,34560.15090544399,723.7000122070312,0.007307397746256994,2026-08-12
QQQ260817C00785000,2026-08-12 13:40:38+00:00,785.0,0.01,0.0,0.01,0.0,0.0,1.0,83,0.2148516015625,False,REGULAR,USD,QQQ,call,2026-08-17,0.0136986301369863,0.005,0.00013144017439425845,0.0006896154181450254,5713.778215659567,723.7000122070312,0.007307397746256994,2026-08-12
QQQ260817C00790000,2026-08-07 19:38:52+00:00,790.0,0.03,0.0,0.02,0.0,0.0,5.0,76,0.2461012890625,False,REGULAR,USD,QQQ,call,2026-08-17,0.0136986301369863,0.01,0.00020645732222690272,0.001307248782407318,8217.903598286895,723.7000122070312,0.007307397746256994,2026-08-12
QQQ260817C00795000,2026-08-12 15:12:36+00:00,795.0,0.02,0.0,0.02,-0.01,-33.333336,13.0,4,0.2617261328125,False,REGULAR,USD,QQQ,call,2026-08-17,0.0136986301369863,0.01,0.0001802739755705843,0.0012055842141442646,377.66799925407827,723.7000122070312,0.007307397746256994,2026-08-12
QQQ260817C00800000,2026-08-11 13:34:44+00:00,800.0,0.02,0.0,0.02,0.0,0.0,1.0,102,0.27735097656249996,False,REGULAR,USD,QQQ,call,2026-08-17,0.0136986301369863,0.01,0.0001598621291620938,0.0011264428796326775,8540.099380924788,723.7000122070312,0.007307397746256994,2026-08-12
QQQ260817C00805000,2026-08-05 19:34:05+00:00,805.0,0.06,0.0,0.01,0.0,0.0,0.0,23,0.27735097656249996,False,REGULAR,USD,QQQ,call,2026-08-17,0.0136986301369863,0.005,8.732034473658727e-05,0.0005838944134236549,1051.8660487303875,723.7000122070312,0.007307397746256994,2026-08-12
QQQ260817C00810000,2026-08-07 16:22:39+00:00,810.0,0.02,0.0,0.02,0.0,0.0,1.0,1,0.3086006640625,False,REGULAR,USD,QQQ,call,2026-08-17,0.0136986301369863,0.01,0.00013057602503452608,0.0010149209303653727,68.3881103321419,723.7000122070312,0.007307397746256994,2026-08-12
QQQ260817C00825000,2026-08-05 14:23:52+00:00,825.0,0.12,0.0,0.02,0.0,0.0,0.0,1,0.35547519531249994,False,REGULAR,USD,QQQ,call,2026-08-17,0.0136986301369863,0.01,0.00010361248835354187,0.0009202710199108364,54.266181586062146,723.7000122070312,0.007307397746256994,2026-08-12
QQQ260817C00835000,2026-08-04 18:39:46+00:00,835.0,0.1,0.0,0.02,0.0,0.0,0.0,4,0.38281867187499996,False,REGULAR,USD,QQQ,call,2026-08-17,0.0136986301369863,0.01,8.398442489696877e-05,0.0007938419808431297,175.94458445236683,723.7000122070312,0.007307397746256994,2026-08-12
QQQ260817C00850000,2026-08-04 15:20:23+00:00,850.0,0.03,0.0,0.02,0.0,0.0,0.0,2,0.42578699218750005,False,REGULAR,USD,QQQ,call,2026-08-17,0.0136986301369863,0.01,6.782686931870828e-05,0.0007065712685578704,71.04752072557112,723.7000122070312,0.007307397746256994,2026-08-12
QQQ260817C00930000,2026-08-04 19:39:06+00:00,930.0,0.04,0.0,0.01,0.0,0.0,0.0,1,0.57812921875,False,REGULAR,USD,QQQ,call,2026-08-17,0.0136986301369863,0.005,9.879215483783814e-06,0.00012382271633363287,5.174157187901598,723.7000122070312,0.007307397746256994,2026-08-12
QQQ260817P00495000,2026-08-11 19:08:38+00:00,495.0,0.02,0.0,0.01,0.0,0.0,16.0,21,0.85937640625,False,REGULAR,USD,QQQ,put,2026-08-17,0.0136986301369863,0.005,3.550532322852144e-06,-6.356881821245608e-05,-39.05079909995535,723.7000122070312,0.007307397746256994,2026-08-12
QQQ260817P00500000,2026-08-12 19:41:15+00:00,500.0,0.01,0.0,0.02,0.0,0.0,168.0,6,0.8828136718749999,False,REGULAR,USD,QQQ,put,2026-08-17,0.0136986301369863,0.01,7.193012330395496e-06,-0.00013864319602041597,-22.603683367209634,723.7000122070312,0.007307397746256994,2026-08-12
QQQ260817P00515000,2026-08-05 17:54:45+00:00,515.0,0.04,0.0,0.02,0.0,0.0,0.0,2,0.8125018749999999,False,REGULAR,USD,QQQ,put,2026-08-17,0.0136986301369863,0.01,7.952881891517038e-06,-0.00014124593174658084,-8.33051188549737,723.7000122070312,0.007307397746256994,2026-08-12
QQQ260817P00560000,2026-08-11 14:03:22+00:00,560.0,0.03,0.01,0.02,0.0,0.0,10.0,2241,0.648441015625,False,REGULAR,USD,QQQ,put,2026-08-17,0.0136986301369863,0.015,2.0665113376378645e-05,-0.00030844223610626553,-24254.7503441202,723.7000122070312,0.007307397746256994,2026-08-12
QQQ260817P00570000,2026-08-12 14:22:43+00:00,570.0,0.02,0.01,0.02,-0.030000001,-60.0,1.0,1189,0.6093789062500001,False,REGULAR,USD,QQQ,put,2026-08-17,0.0136986301369863,0.015,2.4639706121250768e-05,-0.0003485878309812396,-15343.856853107058,723.7000122070312,0.007307397746256994,2026-08-12
QQQ260817P00575000,2026-08-12 20:04:21+00:00,575.0,0.02,0.01,0.03,-0.02,-50.0,6.0,4048,0.6015664843750002,False,REGULAR,USD,QQQ,put,2026-08-17,0.0136986301369863,0.02,3.273339214959913e-05,-0.00046688419781104606,-69398.27525855547,723.7000122070312,0.007307397746256994,2026-08-12
QQQ260817P00580000,2026-08-10 16:56:00+00:00,580.0,0.04,0.01,0.03,0.0,0.0,434.0,435,0.57812921875,False,REGULAR,USD,QQQ,put,2026-08-17,0.0136986301369863,0.02,3.367646331228833e-05,-0.00046120666281279643,-7672.429255484237,723.7000122070312,0.007307397746256994,2026-08-12
QQQ260817P00585000,2026-08-10 16:59:07+00:00,585.0,0.05,0.01,0.03,0.0,0.0,3219.0,3220,0.5585981640625001,False,REGULAR,USD,QQQ,put,2026-08-17,0.0136986301369863,0.02,3.696231035516789e-05,-0.0004913975710795215,-62335.02541421456,723.7000122070312,0.007307397746256994,2026-08-12
QQQ260817P00590000,2026-08-10 17:12:30+00:00,590.0,0.06,0.01,0.03,0.0,0.0,1702.0,1702,0.5390671093750001,False,REGULAR,USD,QQQ,put,2026-08-17,0.0136986301369863,0.02,4.0611880925340576e-05,-0.0005234973564204326,-36201.771246426986,723.7000122070312,0.007307397746256994,2026-08-12
QQQ260817P00595000,2026-08-10 18:45:19+00:00,595.0,0.06,0.01,0.03,0.0,0.0,10.0,14,0.5195360546875,False,REGULAR,USD,QQQ,put,2026-08-17,0.0136986301369863,0.02,4.467688012569802e-05,-0.0005576712854235,-327.5880368646485,723.7000122070312,0.007307397746256994,2026-08-12
QQQ260817P00600000,2026-08-12 14:10:00+00:00,600.0,0.01,0.01,0.03,-0.03,-75.0,1.0,134,0.51562984375,False,REGULAR,USD,QQQ,put,2026-08-17,0.0136986301369863,0.02,6.493928709425594e-05,-0.0008296893037454955,-4557.529357747388,723.7000122070312,0.007307397746256994,2026-08-12
QQQ260817P00605000,2026-08-10 17:12:30+00:00,605.0,0.07,0.01,0.03,0.0,0.0,820.0,821,0.49609878906250005,False,REGULAR,USD,QQQ,put,2026-08-17,0.0136986301369863,0.02,7.218543051486527e-05,-0.0008925582763642526,-31039.15345089004,723.7000122070312,0.007307397746256994,2026-08-12
QQQ260817P00610000,2026-08-11 15:20:10+00:00,610.0,0.05,0.01,0.03,0.0,0.0,3.0,550,0.47461462890625,False,REGULAR,USD,QQQ,put,2026-08-17,0.0136986301369863,0.02,7.768149424512527e-05,-0.0009212800570429502,-22376.771147598633,723.7000122070312,0.007307397746256994,2026-08-12
QQQ260817P00615000,2026-08-11 13:36:02+00:00,615.0,0.07,0.01,0.04,0.0,0.0,1.0,321,0.46680220703125,False,REGULAR,USD,QQQ,put,2026-08-17,0.0136986301369863,0.025,0.0001067271624301304,-0.0012794475009648698,-17943.086684150665,723.7000122070312,0.007307397746256994,2026-08-12
QQQ260817P00620000,2026-08-12 16:42:37+00:00,620.0,0.03,0.01,0.04,-0.04,-57.142857,1.0,172,0.445318046875,False,REGULAR,USD,QQQ,put,2026-08-17,0.0136986301369863,0.025,0.00011613477862888649,-0.0013328132795157321,-10461.835891952096,723.7000122070312,0.007307397746256994,2026-08-12
QQQ260817P00625000,2026-08-11 15:21:03+00:00,625.0,0.07,0.02,0.04,0.0,0.0,1.0,166,0.42578699218750005,False,REGULAR,USD,QQQ,put,2026-08-17,0.0136986301369863,0.03,0.00013117689979637108,-0.0014499616078291755,-11404.66704199691,723.7000122070312,0.007307397746256994,2026-08-12
QQQ260817P00630000,2026-08-12 16:42:37+00:00,630.0,0.03,0.02,0.04,-0.04,-57.142857,3.0,353,0.40430283203125,False,REGULAR,USD,QQQ,put,2026-08-17,0.0136986301369863,0.03,0.00014346735901251613,-0.0015112661617865397,-26524.36338017628,723.7000122070312,0.007307397746256994,2026-08-12
QQQ260817P00635000,2026-08-11 17:18:48+00:00,635.0,0.07,0.02,0.04,0.0,0.0,27.0,403,0.38281867187499996,False,REGULAR,USD,QQQ,put,2026-08-17,0.0136986301369863,0.03,0.00015727258222376738,-0.00157431503351535,-33195.19494567142,723.7000122070312,0.007307397746256994,2026-08-12
QQQ260817P00640000,2026-08-12 15:00:19+00:00,640.0,0.04,0.02,0.05,-0.04,-50.0,7.0,302,0.3711000390625,False,REGULAR,USD,QQQ,put,2026-08-17,0.0136986301369863,0.035,0.00021000375190530728,-0.002090867830863874,-33216.292539179936,723.7000122070312,0.007307397746256994,2026-08-12
QQQ260817P00645000,2026-08-12 18:09:03+00:00,645.0,0.03,0.03,0.05,-0.060000002,-66.666664,1.0,742,0.34961587890624996,False,REGULAR,USD,QQQ,put,2026-08-17,0.0136986301369863,0.04,0.00023384469824211645,-0.0022042753688493733,-90875.87241721353,723.7000122070312,0.007307397746256994,2026-08-12
QQQ260817P00650000,2026-08-12 17:20:30+00:00,650.0,0.04,0.03,0.05,-0.04,-50.0,63.0,901,0.32910827148437494,False,REGULAR,USD,QQQ,put,2026-08-17,0.0136986301369863,0.04,0.0002670536895000854,-0.0023875734859790665,-126020.30699552094,723.7000122070312,0.007307397746256994,2026-08-12
QQQ260817P00651000,2026-08-11 15:10:07+00:00,651.0,0.1,0.03,0.05,0.0,0.0,1.0,31,0.3242255078124999,False,REGULAR,USD,QQQ,put,2026-08-17,0.0136986301369863,0.04,0.0002699989421808753,-0.0023770991460030366,-4383.700918441149,723.7000122070312,0.007307397746256994,2026-08-12
QQQ260817P00652000,2026-08-10 20:11:57+00:00,652.0,0.14,0.03,0.05,0.0,0.0,37.0,145,0.32031929687499994,False,REGULAR,USD,QQQ,put,2026-08-17,0.0136986301369863,0.04,0.0002787180890951417,-0.0024293144844959036,-21166.56175141292,723.7000122070312,0.007307397746256994,2026-08-12
QQQ260817P00653000,2026-08-11 14:07:31+00:00,653.0,0.12,0.03,0.05,0.0,0.0,1.0,93,0.31641308593749995,False,REGULAR,USD,QQQ,put,2026-08-17,0.0136986301369863,0.04,0.0002878308808608013,-0.002483359780118155,-14019.660446742964,723.7000122070312,0.007307397746256994,2026-08-12
QQQ260817P00654000,2026-08-11 19:57:57+00:00,654.0,0.08,0.03,0.05,0.0,0.0,6.0,790,0.31250687499999996,False,REGULAR,USD,QQQ,put,2026-08-17,0.0136986301369863,0.04,0.0002973612340482635,-0.0025393326680189787,-123034.97960672148,723.7000122070312,0.007307397746256994,2026-08-12
QQQ260817P00655000,2026-08-12 17:32:03+00:00,655.0,0.04,0.03,0.05,-0.07,-63.636364,80.0,574,0.30762411132812495,False,REGULAR,USD,QQQ,put,2026-08-17,0.0136986301369863,0.04,0.0003008449535895871,-0.0025278403967630148,-90442.3385487212,723.7000122070312,0.007307397746256994,2026-08-12
QQQ260817P00656000,2026-08-11 17:23:24+00:00,656.0,0.11,0.03,0.06,0.0,0.0,57.0,104,0.31055376953124997,False,REGULAR,USD,QQQ,put,2026-08-17,0.0136986301369863,0.045,0.0003598367883463636,-0.00311534381094547,-19599.9995370876,723.7000122070312,0.007307397746256994,2026-08-12
QQQ260817P00657000,2026-08-11 19:17:38+00:00,657.0,0.1,0.03,0.06,0.0,0.0,33.0,218,0.305671005859375,False,REGULAR,USD,QQQ,put,2026-08-17,0.0136986301369863,0.045,0.00036504307599537135,-0.003110216838013824,-41679.045910770954,723.7000122070312,0.007307397746256994,2026-08-12
QQQ260817P00658000,2026-08-12 16:36:08+00:00,658.0,0.05,0.04,0.06,-0.11,-68.75,7.0,149,0.301764794921875,False,REGULAR,USD,QQQ,put,2026-08-17,0.0136986301369863,0.05,0.00037804918839623794,-0.0031876949448913505,-29502.01899948467,723.7000122070312,0.007307397746256994,2026-08-12
QQQ260817P00659000,2026-08-11 14:48:42+00:00,659.0,0.12,0.04,0.06,0.0,0.0,36.0,114,0.29688203124999996,False,REGULAR,USD,QQQ,put,2026-08-17,0.0136986301369863,0.05,0.00038365542820914414,-0.0031820586965327635,-22906.743800424454,723.7000122070312,0.007307397746256994,2026-08-12
QQQ260817P00660000,2026-08-12 16:04:54+00:00,660.0,0.05,0.04,0.06,-0.05,-50.0,46.0,6191,0.2929758203124999,False,REGULAR,USD,QQQ,put,2026-08-17,0.0136986301369863,0.05,0.00039766394742803693,-0.0032630700733753404,-1289419.3496515288,723.7000122070312,0.007307397746256994,2026-08-12
QQQ260817P00661000,2026-08-11 19:17:26+00:00,661.0,0.11,0.04,0.06,0.0,0.0,21.0,126,0.2890696093749999,False,REGULAR,USD,QQQ,put,2026-08-17,0.0136986301369863,0.05,0.00041239693490313634,-0.0033474495895697842,-27214.673840349176,723.7000122070312,0.007307397746256994,2026-08-12
QQQ260817P00662000,2026-08-12 18:57:25+00:00,662.0,0.04,0.04,0.06,-0.12,-75.0,2.0,130,0.2841868457031249,False,REGULAR,USD,QQQ,put,2026-08-17,0.0136986301369863,0.05,0.0004188407856553115,-0.003341753283506055,-28517.370481640442,723.7000122070312,0.007307397746256994,2026-08-12
QQQ260817P00663000,2026-08-12 15:17:04+00:00,663.0,0.05,0.04,0.06,-0.06,-54.545456,16.0,47,0.2802806347656249,False,REGULAR,USD,QQQ,put,2026-08-17,0.0136986301369863,0.05,0.0004347710647999503,-0.003430241079829699,-10702.263776388492,723.7000122070312,0.007307397746256994,2026-08-12
QQQ260817P00664000,2026-08-10 18:40:20+00:00,664.0,0.17,0.04,0.06,0.0,0.0,39.0,82,0.27539787109374997,False,REGULAR,USD,QQQ,put,2026-08-17,0.0136986301369863,0.05,0.0004417641389870401,-0.0034240694932030635,-18972.36497226016,723.7000122070312,0.007307397746256994,2026-08-12
QQQ260817P00665000,2026-08-12 19:59:45+00:00,665.0,0.05,0.04,0.06,-0.06999999,-58.333332,72.0,259,0.27149166015625,False,REGULAR,USD,QQQ,put,2026-08-17,0.0136986301369863,0.05,0.0004590340867835115,-0.0035170350697162345,-62267.56179091701,723.7000122070312,0.007307397746256994,2026-08-12
QQQ260817P00666000,2026-08-12 18:21:56+00:00,666.0,0.05,0.04,0.06,-0.13000001,-72.22222,4.0,189,0.26758544921875,False,REGULAR,USD,QQQ,put,2026-08-17,0.0136986301369863,0.05,0.0004772724818897441,-0.0036142223140317453,-47243.85838605041,723.7000122070312,0.007307397746256994,2026-08-12
QQQ260817P00667000,2026-08-12 13:31:53+00:00,667.0,0.06,0.04,0.07,-0.099999994,-62.499996,4.0,49,0.26758544921875,False,REGULAR,USD,QQQ,put,2026-08-17,0.0136986301369863,0.05500000000000001,0.000542194362290711,-0.004167058601789786,-13914.520258523009,723.7000122070312,0.007307397746256994,2026-08-12
QQQ260817P00668000,2026-08-11 18:20:46+00:00,668.0,0.15,0.05,0.07,0.0,0.0,10.0,27,0.26367923828125,False,REGULAR,USD,QQQ,put,2026-08-17,0.0136986301369863,0.060000000000000005,0.0005647905786105543,-0.0042905859541939595,-7986.718317146788,723.7000122070312,0.007307397746256994,2026-08-12
QQQ260817P00669000,2026-08-11 18:40:23+00:00,669.0,0.14,0.05,0.07,0.0,0.0,5.0,115,0.25928475097656256,False,REGULAR,USD,QQQ,put,2026-08-17,0.0136986301369863,0.060000000000000005,0.0005823591325958901,-0.004357469374694278,-35075.66315694069,723.7000122070312,0.007307397746256994,2026-08-12
QQQ260817P00670000,2026-08-12 19:24:27+00:00,670.0,0.06,0.05,0.07,-0.06,-50.0,135.0,7740,0.25489026367187506,False,REGULAR,USD,QQQ,put,2026-08-17,0.0136986301369863,0.060000000000000005,0.0006007838570700936,-0.004426551428299952,-2435434.0594894667,723.7000122070312,0.007307397746256994,2026-08-12
QQQ260817P00671000,2026-08-12 13:35:07+00:00,671.0,0.07,0.05,0.07,-0.11000001,-61.111115,2.0,45,0.25098405273437496,False,REGULAR,USD,QQQ,put,2026-08-17,0.0136986301369863,0.060000000000000005,0.0006270881392159123,-0.0045645177715587515,-14779.44958012097,723.7000122070312,0.007307397746256994,2026-08-12
QQQ260817P00672000,2026-08-12 19:24:31+00:00,672.0,0.07,0.05,0.07,-0.16,-69.56522,33.0,144,0.2461012890625,False,REGULAR,USD,QQQ,put,2026-08-17,0.0136986301369863,0.060000000000000005,0.0006404487027465347,-0.004571865060523761,-48301.876404074625,723.7000122070312,0.007307397746256994,2026-08-12
QQQ260817P00673000,2026-08-12 18:08:14+00:00,673.0,0.06,0.05,0.08,-0.17999999,-75.0,68.0,38,0.2461012890625,False,REGULAR,USD,QQQ,put,2026-08-17,0.0136986301369863,0.065,0.0007317233100723825,-0.005309259040868541,-14562.892606408772,723.7000122070312,0.007307397746256994,2026-08-12
QQQ260817P00674000,2026-08-12 19:24:29+00:00,674.0,0.07,0.06,0.08,-0.080000006,-53.333336,5.0,65,0.2417068017578125,False,REGULAR,USD,QQQ,put,2026-08-17,0.0136986301369863,0.07,0.0007575860752222428,-0.005410025556439546,-25790.66260827821,723.7000122070312,0.007307397746256994,2026-08-12
QQQ260817P00675000,2026-08-12 20:12:16+00:00,675.0,0.08,0.06,0.08,-0.09,-52.941177,77.0,690,0.23731231445312498,False,REGULAR,USD,QQQ,put,2026-08-17,0.0136986301369863,0.07,0.0007848955229872448,-0.005514915359221106,-283646.9398699599,723.7000122070312,0.007307397746256994,2026-08-12
QQQ260817P00676000,2026-08-12 19:24:31+00:00,676.0,0.08,0.06,0.08,-0.11,-57.894737,10.0,581,0.23242955078125,False,REGULAR,USD,QQQ,put,2026-08-17,0.0136986301369863,0.07,0.0008046487034911359,-0.005540208756578124,-244849.71798904103,723.7000122070312,0.007307397746256994,2026-08-12
QQQ260817P00677000,2026-08-12 19:24:31+00:00,677.0,0.08,0.06,0.09,-0.09,-52.941177,99.0,136,0.23194127441406248,False,REGULAR,USD,QQQ,put,2026-08-17,0.0136986301369863,0.075,0.0009124919096263238,-0.00636937774244295,-64995.76965346256,723.7000122070312,0.007307397746256994,2026-08-12
QQQ260817P00678000,2026-08-12 19:24:29+00:00,678.0,0.08,0.07,0.09,-0.15,-65.21739,15.0,186,0.22754678710937498,False,REGULAR,USD,QQQ,put,2026-08-17,0.0136986301369863,0.08,0.0009484143326949947,-0.006511195853554197,-92390.69044602253,723.7000122070312,0.007307397746256994,2026-08-12
QQQ260817P00679000,2026-08-12 19:24:29+00:00,679.0,0.08,0.07,0.09,-0.17,-68.0,107.0,427,0.22315229980468748,False,REGULAR,USD,QQQ,put,2026-08-17,0.0136986301369863,0.08,0.000986583408575907,-0.0066598104343470466,-220637.2534034177,723.7000122070312,0.007307397746256994,2026-08-12
QQQ260817P00680000,2026-08-12 20:14:05+00:00,680.0,0.1,0.07,0.1,-0.15,-60.000004,166.0,1137,0.22168747070312497,False,REGULAR,USD,QQQ,put,2026-08-17,0.0136986301369863,0.085,0.0010970114336135873,-0.00745473906361338,-653264.0794680491,723.7000122070312,0.007307397746256994,2026-08-12
QQQ260817P00681000,2026-08-12 19:24:31+00:00,681.0,0.1,0.08,0.1,-0.20000002,-66.66667,61.0,185,0.2172929833984375,False,REGULAR,USD,QQQ,put,2026-08-17,0.0136986301369863,0.09,0.0011441237370600809,-0.00764353618856084,-110856.68416889478,723.7000122070312,0.007307397746256994,2026-08-12
QQQ260817P00682000,2026-08-12 19:24:31+00:00,682.0,0.1,0.08,0.1,-0.22,-68.75,46.0,231,0.21289849609375,False,REGULAR,USD,QQQ,put,2026-08-17,0.0136986301369863,0.09,0.0011944488544694614,-0.007842495949309858,-144509.59971813016,723.7000122070312,0.007307397746256994,2026-08-12
QQQ260817P00683000,2026-08-12 19:24:29+00:00,683.0,0.1,0.08,0.11,-0.19,-65.51724,4.0,55,0.21094539062499998,False,REGULAR,USD,QQQ,put,2026-08-17,0.0136986301369863,0.095,0.001317981089807096,-0.00868078911532244,-37965.49166576665,723.7000122070312,0.007307397746256994,2026-08-12
QQQ260817P00684000,2026-08-12 19:24:31+00:00,684.0,0.11,0.09,0.11,-0.17,-60.714287,204.0,61,0.20655090332031245,False,REGULAR,USD,QQQ,put,2026-08-17,0.0136986301369863,0.1,0.0013797487236320279,-0.008929370987981966,-44080.54911277316,723.7000122070312,0.007307397746256994,2026-08-12
QQQ260817P00685000,2026-08-12 19:59:45+00:00,685.0,0.11,0.1,0.12,-0.19000001,-63.333336,214.0,636,0.20410952148437497,False,REGULAR,USD,QQQ,put,2026-08-17,0.0136986301369863,0.11,0.0015093334296549133,-0.009760670871638566,-502758.55197712005,723.7000122070312,0.007307397746256994,2026-08-12
QQQ260817P00686000,2026-08-12 19:45:50+00:00,686.0,0.13,0.1,0.13,-0.29,-69.04762,51.0,54,0.20215641601562498,False,REGULAR,USD,QQQ,put,2026-08-17,0.0136986301369863,0.115,0.0016691948711114238,-0.010835031738761658,-47208.256500275675,723.7000122070312,0.007307397746256994,2026-08-12
QQQ260817P00687000,2026-08-12 15:02:06+00:00,687.0,0.15,0.11,0.13,-0.22999999,-60.52631,31.0,119,0.19727365234375,False,REGULAR,USD,QQQ,put,2026-08-17,0.0136986301369863,0.12,0.0017375290324959862,-0.011031957211817156,-108291.95428975343,723.7000122070312,0.007307397746256994,2026-08-12
QQQ260817P00688000,2026-08-12 20:00:06+00:00,688.0,0.12,0.12,0.14,-0.35999998,-75.0,125.0,116,0.1948322705078125,False,REGULAR,USD,QQQ,put,2026-08-17,0.0136986301369863,0.13,0.0019065643431752516,-0.0121019236915626,-115831.48272543002,723.7000122070312,0.007307397746256994,2026-08-12
QQQ260817P00689000,2026-08-12 20:01:30+00:00,689.0,0.13,0.13,0.15,-0.28,-68.29269,27.0,503,0.19214675048828128,False,REGULAR,USD,QQQ,put,2026-08-17,0.0136986301369863,0.14,0.002083195008827063,-0.013193148424653578,-548801.2239987348,723.7000122070312,0.007307397746256994,2026-08-12
QQQ260817P00690000,2026-08-12 19:51:00+00:00,690.0,0.16,0.14,0.16,-0.29,-64.44444,393.0,1335,0.18946123046875002,False,REGULAR,USD,QQQ,put,2026-08-17,0.0136986301369863,0.15000000000000002,0.00227831353837393,-0.014399323135696918,-1592985.8439614899,723.7000122070312,0.007307397746256994,2026-08-12
QQQ260817P00691000,2026-08-12 19:56:35+00:00,691.0,0.18,0.15,0.18,-0.32999998,-64.70589,147.0,180,0.18799640136718748,False,REGULAR,USD,QQQ,put,2026-08-17,0.0136986301369863,0.16499999999999998,0.002552384177746696,-0.016287780152062448,-240622.20861822102,723.7000122070312,0.007307397746256994,2026-08-12
QQQ260817P00692000,2026-08-12 18:29:48+00:00,692.0,0.18,0.17,0.19,-0.48000002,-72.72727,92.0,121,0.1848226049804687,False,REGULAR,USD,QQQ,put,2026-08-17,0.0136986301369863,0.18,0.002769948803369654,-0.017569592931743205,-175539.26368815367,723.7000122070312,0.007307397746256994,2026-08-12
QQQ260817P00693000,2026-08-12 19:30:24+00:00,693.0,0.18,0.18,0.2,-0.49,-73.13432,105.0,189,0.18140467041015623,False,REGULAR,USD,QQQ,put,2026-08-17,0.0136986301369863,0.19,0.0029969469220736266,-0.018853384819241592,-296659.3326653693,723.7000122070312,0.007307397746256994,2026-08-12
QQQ260817P00694000,2026-08-12 19:40:20+00:00,694.0,0.21,0.2,0.21,-0.49,-70.0,43.0,420,0.17798673583984376,False,REGULAR,USD,QQQ,put,2026-08-17,0.0136986301369863,0.20500000000000002,0.003247641321310184,-0.0202648206293492,-714388.588837409,723.7000122070312,0.007307397746256994,2026-08-12
QQQ260817P00695000,2026-08-12 20:02:03+00:00,695.0,0.21,0.22,0.24,-0.53000003,-71.62163,255.0,884,0.17701018310546873,False,REGULAR,USD,QQQ,put,2026-08-17,0.0136986301369863,0.22999999999999998,0.0036736218987618425,-0.023295759609348154,-1700841.6418218184,723.7000122070312,0.007307397746256994,2026-08-12
QQQ260817P00696000,2026-08-12 20:08:43+00:00,696.0,0.26,0.24,0.27,-0.52,-66.66667,629.0,617,0.1757894921875,False,REGULAR,USD,QQQ,put,2026-08-17,0.0136986301369863,0.255,0.004130388847776464,-0.026569662833743513,-1334729.5125254942,723.7000122070312,0.007307397746256994,2026-08-12
QQQ260817P00697000,2026-08-12 20:14:32+00:00,697.0,0.28,0.26,0.29,-0.62,-68.88889,78.0,588,0.17285983398437502,False,REGULAR,USD,QQQ,put,2026-08-17,0.0136986301369863,0.275,0.004522014020003307,-0.02902964536786612,-1392599.9988230949,723.7000122070312,0.007307397746256994,2026-08-12
QQQ260817P00698000,2026-08-12 20:13:50+00:00,698.0,0.31,0.3,0.32,-0.65,-67.708336,133.0,321,0.17078465942382814,False,REGULAR,USD,QQQ,put,2026-08-17,0.0136986301369863,0.31,0.005015791966409917,-0.03242361552444373,-843260.4033849201,723.7000122070312,0.007307397746256994,2026-08-12
QQQ260817P00699000,2026-08-12 19:35:36+00:00,699.0,0.32,0.32,0.35,-0.82,-71.929825,108.0,630,0.16846534667968754,False,REGULAR,USD,QQQ,put,2026-08-17,0.0136986301369863,0.33499999999999996,0.005544292892353778,-0.03602142732201141,-1829379.779170938,723.7000122070312,0.007307397746256994,2026-08-12
QQQ260817P00700000,2026-08-12 20:14:58+00:00,700.0,0.38,0.36,0.38,-0.82000005,-68.333336,2088.0,2002,0.16577982666015628,False,REGULAR,USD,QQQ,put,2026-08-17,0.0136986301369863,0.37,0.006101415333431315,-0.03971596389461818,-6397522.503223504,723.7000122070312,0.007307397746256994,2026-08-12
QQQ260817P00701000,2026-08-12 19:12:58+00:00,701.0,0.37,0.4,0.43,-0.95000005,-71.9697,62.0,217,0.1645591357421875,False,REGULAR,USD,QQQ,put,2026-08-17,0.0136986301369863,0.41500000000000004,0.006830995472346255,-0.04525248244248803,-776355.9597263818,723.7000122070312,0.007307397746256994,2026-08-12
QQQ260817P00702000,2026-08-12 20:08:36+00:00,702.0,0.42,0.44,0.47,-1.0,-70.42254,133.0,845,0.16211775390625,False,REGULAR,USD,QQQ,put,2026-08-17,0.0136986301369863,0.45499999999999996,0.007535918027992376,-0.05021056896566356,-3335109.0174215524,723.7000122070312,0.007307397746256994,2026-08-12
QQQ260817P00703000,2026-08-12 20:12:22+00:00,703.0,0.52,0.49,0.52,-0.99,-65.56291,230.0,307,0.16004257934570312,False,REGULAR,USD,QQQ,put,2026-08-17,0.0136986301369863,0.505,0.008342026895298171,-0.05615693647816711,-1341303.6953488165,723.7000122070312,0.007307397746256994,2026-08-12
QQQ260817P00704000,2026-08-12 19:54:28+00:00,704.0,0.55,0.55,0.58,-1.1400001,-67.45562,202.0,239,0.15833361206054689,False,REGULAR,USD,QQQ,put,2026-08-17,0.0136986301369863,0.565,0.009254956940959116,-0.06324252263419139,-1158482.4616847765,723.7000122070312,0.007307397746256994,2026-08-12
QQQ260817P00705000,2026-08-12 20:14:18+00:00,705.0,0.62,0.61,0.64,-1.23,-66.48649,1143.0,497,0.15613636840820314,False,REGULAR,USD,QQQ,put,2026-08-17,0.0136986301369863,0.625,0.010214118102832787,-0.07055337066610834,-2658731.149779958,723.7000122070312,0.007307397746256994,2026-08-12
QQQ260817P00706000,2026-08-12 20:03:21+00:00,706.0,0.63,0.68,0.71,-1.4,-68.965515,2151.0,198,0.15418326293945314,False,REGULAR,USD,QQQ,put,2026-08-17,0.0136986301369863,0.6950000000000001,0.011280201483726118,-0.07904155822293446,-1169766.5736103344,723.7000122070312,0.007307397746256994,2026-08-12
QQQ260817P00707000,2026-08-12 20:14:44+00:00,707.0,0.77,0.76,0.79,-1.51,-66.22807,201.0,515,0.15223015747070315,False,REGULAR,USD,QQQ,put,2026-08-17,0.0136986301369863,0.775,0.012438541112932733,-0.08851019994245057,-3355010.1231467267,723.7000122070312,0.007307397746256994,2026-08-12
QQQ260817P00708000,2026-08-12 20:13:09+00:00,708.0,0.86,0.84,0.89,-1.58,-64.7541,751.0,1265,0.15100946655273442,False,REGULAR,USD,QQQ,put,2026-08-17,0.0136986301369863,0.865,0.013734040666368701,-0.10013464094987645,-9099258.738416854,723.7000122070312,0.007307397746256994,2026-08-12
QQQ260817P00709000,2026-08-12 20:12:12+00:00,709.0,0.96,0.94,0.99,-1.6299999,-62.93436,178.0,312,0.1491173956298828,False,REGULAR,USD,QQQ,put,2026-08-17,0.0136986301369863,0.965,0.015080966296686546,-0.1120035103905439,-2464341.684953323,723.7000122070312,0.007307397746256994,2026-08-12
QQQ260817P00710000,2026-08-12 20:13:47+00:00,710.0,1.07,1.05,1.1,-1.89,-63.85135,875.0,1759,0.14722532470703126,False,REGULAR,USD,QQQ,put,2026-08-17,0.0136986301369863,1.0750000000000002,0.01652256386739457,-0.12516445220819383,-15221604.678532898,723.7000122070312,0.007307397746256994,2026-08-12
QQQ260817P00711000,2026-08-12 19:51:44+00:00,711.0,1.27,1.18,1.22,-2.01,-61.280487,131.0,180,0.1452111846923828,False,REGULAR,USD,QQQ,put,2026-08-17,0.0136986301369863,1.2,0.018054438584717166,-0.139527316510748,-1702055.2491639096,723.7000122070312,0.007307397746256994,2026-08-12
QQQ260817P00712000,2026-08-12 20:05:41+00:00,712.0,1.14,1.31,1.36,-2.3400002,-67.24139,178.0,203,0.14344118286132812,False,REGULAR,USD,QQQ,put,2026-08-17,0.0136986301369863,1.335,0.019678999768290156,-0.1557984069123326,-2092262.7276018464,723.7000122070312,0.007307397746256994,2026-08-12
QQQ260817P00713000,2026-08-12 20:03:20+00:00,713.0,1.39,1.47,1.52,-2.37,-63.031914,819.0,440,0.14191531921386719,False,REGULAR,USD,QQQ,put,2026-08-17,0.0136986301369863,1.495,0.02137448947342759,-0.17410190236016676,-4925673.111635948,723.7000122070312,0.007307397746256994,2026-08-12
QQQ260817P00714000,2026-08-12 20:06:27+00:00,714.0,1.48,1.64,1.69,-2.56,-63.366337,196.0,411,0.1401453173828125,False,REGULAR,USD,QQQ,put,2026-08-17,0.0136986301369863,1.665,0.02313302327902969,-0.19371902146757924,-4979564.666549899,723.7000122070312,0.007307397746256994,2026-08-12
QQQ260817P00715000,2026-08-12 20:14:18+00:00,715.0,1.86,1.82,1.89,-2.71,-59.299778,1443.0,851,0.13868048828125001,False,REGULAR,USD,QQQ,put,2026-08-17,0.0136986301369863,1.855,0.024917386683825066,-0.21564025446412027,-11105783.729210965,723.7000122070312,0.007307397746256994,2026-08-12
QQQ260817P00716000,2026-08-12 20:07:24+00:00,716.0,1.96,2.02,2.1,-2.98,-60.323887,215.0,332,0.13697152099609378,False,REGULAR,USD,QQQ,put,2026-08-17,0.0136986301369863,2.06,0.02673569706713119,-0.23902592863211525,-4648863.079698423,723.7000122070312,0.007307397746256994,2026-08-12
QQQ260817P00717000,2026-08-12 20:10:22+00:00,717.0,2.2,2.25,2.34,-3.14,-58.801495,837.0,355,0.13544565734863284,False,REGULAR,USD,QQQ,put,2026-08-17,0.0136986301369863,2.295,0.028528410397362557,-0.26460515651756444,-5304239.0243963385,723.7000122070312,0.007307397746256994,2026-08-12
QQQ260817P00718000,2026-08-12 20:12:08+00:00,718.0,2.58,2.51,2.6,-3.0900002,-54.497353,443.0,276,0.13385875915527345,False,REGULAR,USD,QQQ,put,2026-08-17,0.0136986301369863,2.5549999999999997,0.030287886845231565,-0.2920091080255919,-4378196.163525401,723.7000122070312,0.007307397746256994,2026-08-12
QQQ260817P00719000,2026-08-12 20:07:22+00:00,719.0,2.7,2.79,2.88,-3.6499999,-57.480316,1360.0,297,0.13208875732421876,False,REGULAR,USD,QQQ,put,2026-08-17,0.0136986301369863,2.835,0.032008822682940107,-0.32109930615660764,-4979013.56936871,723.7000122070312,0.007307397746256994,2026-08-12
QQQ260817P00720000,2026-08-12 20:14:56+00:00,720.0,3.15,3.13,3.19,-3.4699998,-52.416916,1884.0,956,0.13044082458496092,False,REGULAR,USD,QQQ,put,2026-08-17,0.0136986301369863,3.16,0.03360193950922724,-0.35224519602958526,-16824392.74363534,723.7000122070312,0.007307397746256994,2026-08-12
QQQ260817P00721000,2026-08-12 20:02:30+00:00,721.0,3.33,3.43,3.54,-4.01,-54.632156,994.0,199,0.1290980645751953,False,REGULAR,USD,QQQ,put,2026-08-17,0.0136986301369863,3.4850000000000003,0.03496874721513097,-0.38545044891379565,-3644603.684914381,723.7000122070312,0.007307397746256994,2026-08-12
QQQ260817P00722000,2026-08-12 20:11:29+00:00,722.0,3.7,3.81,3.92,-4.1499996,-52.86624,824.0,317,0.12769427001953126,False,REGULAR,USD,QQQ,put,2026-08-17,0.0136986301369863,3.865,0.03614308567682587,-0.42015554630229657,-6000696.32785384,723.7000122070312,0.007307397746256994,2026-08-12
QQQ260817P00723000,2026-08-12 20:14:32+00:00,723.0,4.24,4.23,4.32,-4.1800003,-49.643707,4388.0,318,0.125985302734375,False,REGULAR,USD,QQQ,put,2026-08-17,0.0136986301369863,4.275,0.037158466708596426,-0.4561402797622086,-6188737.541039974,723.7000122070312,0.007307397746256994,2026-08-12
QQQ260817P00724000,2026-08-12 20:14:56+00:00,724.0,4.71,4.7,4.78,-4.49,-48.804344,8356.0,417,0.12500875,True,REGULAR,USD,QQQ,put,2026-08-17,0.0136986301369863,4.74,0.037671577698529204,-0.4934413927070346,-8227483.573141737,723.7000122070312,0.007307397746256994,2026-08-12
QQQ260817P00725000,2026-08-12 20:14:30+00:00,725.0,5.26,5.17,5.26,-4.45,-45.82904,7207.0,356,0.12366598999023437,True,REGULAR,USD,QQQ,put,2026-08-17,0.0136986301369863,5.215,0.03796739870010007,-0.5314440035487922,-7079099.242207366,723.7000122070312,0.007307397746256994,2026-08-12
QQQ260817P00726000,2026-08-12 19:59:24+00:00,726.0,5.66,5.65,5.79,-4.63,-44.99514,1250.0,176,0.12268943725585937,True,REGULAR,USD,QQQ,put,2026-08-17,0.0136986301369863,5.720000000000001,0.03780137229258866,-0.5697080643392958,-3484475.3287047422,723.7000122070312,0.007307397746256994,2026-08-12
QQQ260817P00727000,2026-08-12 20:02:30+00:00,727.0,5.99,6.22,6.35,-6.33,-51.37987,513.0,87,0.12156029815673827,True,REGULAR,USD,QQQ,put,2026-08-17,0.0136986301369863,6.285,0.03731657583700554,-0.6080120088479206,-1700349.502329511,723.7000122070312,0.007307397746256994,2026-08-12
QQQ260817P00728000,2026-08-12 19:54:50+00:00,728.0,6.75,6.81,6.95,-5.21,-43.561874,170.0,182,0.12055322814941406,True,REGULAR,USD,QQQ,put,2026-08-17,0.0136986301369863,6.88,0.03643050802496898,-0.6457867488664384,-3472592.120129257,723.7000122070312,0.007307397746256994,2026-08-12
QQQ260817P00729000,2026-08-12 20:14:09+00:00,729.0,7.56,7.44,7.58,-4.5400004,-37.520664,341.0,215,0.11939357177734375,True,REGULAR,USD,QQQ,put,2026-08-17,0.0136986301369863,7.51,0.03522392332363304,-0.6829522837811657,-3966371.116745009,723.7000122070312,0.007307397746256994,2026-08-12
QQQ260817P00730000,2026-08-12 20:12:16+00:00,730.0,8.29,7.95,8.44,-4.76,-36.475098,238.0,212,0.12439840454101564,True,REGULAR,USD,QQQ,put,2026-08-17,0.0136986301369863,8.195,0.03253989362495189,-0.7089765529999006,-3613009.884350236,723.7000122070312,0.007307397746256994,2026-08-12
QQQ260817P00731000,2026-08-12 20:13:01+00:00,731.0,8.89,8.6,9.17,-5.5699997,-38.520054,110.0,116,0.12458150817871094,True,REGULAR,USD,QQQ,put,2026-08-17,0.0136986301369863,8.885,0.030736491007635255,-0.7400339602826389,-1867365.9454167078,723.7000122070312,0.007307397746256994,2026-08-12
QQQ260817P00732000,2026-08-12 19:09:23+00:00,732.0,8.9,9.32,9.92,-3.7300005,-29.532864,311.0,153,0.1245204736328125,True,REGULAR,USD,QQQ,put,2026-08-17,0.0136986301369863,9.620000000000001,0.028816477743259447,-0.7696131417586057,-2309135.8631234537,723.7000122070312,0.007307397746256994,2026-08-12
QQQ260817P00734000,2026-08-11 13:54:21+00:00,734.0,16.0,10.83,11.52,0.0,0.0,1.0,21,0.1253139227294922,True,REGULAR,USD,QQQ,put,2026-08-17,0.0136986301369863,11.175,0.024642350338413856,-0.820911169798108,-271030.75959131034,723.7000122070312,0.007307397746256994,2026-08-12
QQQ260817P00735000,2026-08-12 19:31:01+00:00,735.0,11.81,11.67,12.35,-5.6400003,-32.32092,171.0,155,0.1256190954589844,True,REGULAR,USD,QQQ,put,2026-08-17,0.0136986301369863,12.01,0.022532361320650375,-0.8435548480329483,-1829176.2963614187,723.7000122070312,0.007307397746256994,2026-08-12
QQQ260817P00736000,2026-08-06 13:45:01+00:00,736.0,24.23,12.24,13.23,0.0,0.0,0.0,1,0.12720599365234375,True,REGULAR,USD,QQQ,put,2026-08-17,0.0136986301369863,12.735,0.020492243603564417,-0.8616412743927346,-10732.642658888846,723.7000122070312,0.007307397746256994,2026-08-12
QQQ260817P00740000,2026-08-12 17:30:17+00:00,740.0,15.34,16.0,16.9,-8.200001,-34.834328,4.0,8,0.1355066918945313,True,REGULAR,USD,QQQ,put,2026-08-17,0.0136986301369863,16.45,0.013749744743257875,-0.9133850099121175,-57610.51833471417,723.7000122070312,0.007307397746256994,2026-08-12
QQQ260817P00745000,2026-08-12 14:00:01+00:00,745.0,19.99,21.07,23.39,-8.01,-28.607143,2.0,1,0.23975369628906246,True,REGULAR,USD,QQQ,put,2026-08-17,0.0136986301369863,22.23,0.011913238934492457,-0.8413840256832164,-6239.46010341343,723.7000122070312,0.007307397746256994,2026-08-12
QQQ260817P00750000,2026-08-12 15:04:48+00:00,750.0,26.34,25.79,28.21,-4.24,-13.865271,2.0,0,0.26587648193359376,True,REGULAR,USD,QQQ,put,2026-08-17,0.0136986301369863,27.0,0.009525400945019127,-0.8673474905644436,-0.0,723.7000122070312,0.007307397746256994,2026-08-12
QQQ260817P00755000,2026-08-12 14:41:25+00:00,755.0,29.61,31.07,33.21,-7.59,-20.403225,2.0,0,0.29822479125976553,True,REGULAR,USD,QQQ,put,2026-08-17,0.0136986301369863,32.14,0.007873500847172065,-0.8809787321353966,-0.0,723.7000122070312,0.007307397746256994,2026-08-12
QQQ260818C00605000,2026-08-07 19:55:11+00:00,605.0,118.61,117.06,120.58,0.0,0.0,18.0,0,0.5312546875,True,REGULAR,USD,QQQ,call,2026-08-18,0.01643835616438356,118.82,0.00022678498681326877,0.9962508616310756,0.0,723.7000122070312,0.007307397746256994,2026-08-12
QQQ260818C00625000,2026-08-12 14:37:46+00:00,625.0,100.1,97.22,100.83,2.2699966,2.3203483,1.0,1,0.508793974609375,True,REGULAR,USD,QQQ,call,2026-08-18,0.01643835616438356,99.025,0.0006134045802961133,0.9890007446121373,321.2655623759397,723.7000122070312,0.007307397746256994,2026-08-12
QQQ260818C00665000,2026-08-11 16:06:05+00:00,665.0,54.9,57.14,60.91,0.0,0.0,15.0,31,0.47913118530273435,True,REGULAR,USD,QQQ,call,2026-08-18,0.01643835616438356,59.025,0.0032815923808769075,0.9219662330333032,53279.91072040035,723.7000122070312,0.007307397746256994,2026-08-12
QQQ260818C00675000,2026-08-12 19:29:43+00:00,675.0,49.88,48.81,50.72,2.7800026,5.902341,23.0,32,0.40515731567382807,True,REGULAR,USD,QQQ,call,2026-08-18,0.01643835616438356,49.765,0.004096678702183469,0.9161633818764903,68659.2479760182,723.7000122070312,0.007307397746256994,2026-08-12
QQQ260818C00680000,2026-08-11 14:54:01+00:00,680.0,42.66,43.85,46.04,0.0,0.0,10.0,32,0.3900817828369141,True,REGULAR,USD,QQQ,call,2026-08-18,0.01643835616438356,44.945,0.004836598444931049,0.900342855960205,81060.10652335334,723.7000122070312,0.007307397746256994,2026-08-12
QQQ260818C00683000,2026-08-11 13:32:54+00:00,683.0,39.27,39.32,42.81,0.0,0.0,1.0,4,0.3590151989746094,True,REGULAR,USD,QQQ,call,2026-08-18,0.01643835616438356,41.065,0.005179287036684982,0.9023024997492199,10850.434548393981,723.7000122070312,0.007307397746256994,2026-08-12
QQQ260818C00685000,2026-08-07 13:43:47+00:00,685.0,38.0,37.4,41.04,0.0,0.0,400.0,392,0.3572451971435546,True,REGULAR,USD,QQQ,call,2026-08-18,0.01643835616438356,39.22,0.0055990257551547015,0.8919811441653855,1149517.7776314835,723.7000122070312,0.007307397746256994,2026-08-12
QQQ260818C00690000,2026-08-12 13:33:43+00:00,690.0,35.9,33.86,34.65,6.4800014,22.025837,2.0,34,0.2503737072753906,True,REGULAR,USD,QQQ,call,2026-08-18,0.01643835616438356,34.254999999999995,0.005392691049627272,0.9359973405100079,96028.82545484653,723.7000122070312,0.007307397746256994,2026-08-12
QQQ260818C00692000,2026-08-12 14:37:46+00:00,692.0,33.29,31.91,32.69,6.3200016,23.433453,1.0,21,0.24134059448242187,True,REGULAR,USD,QQQ,call,2026-08-18,0.01643835616438356,32.3,0.005921179623254727,0.9311304905180088,65124.54327319716,723.7000122070312,0.007307397746256994,2026-08-12
QQQ260818C00695000,2026-08-11 16:57:28+00:00,695.0,24.65,29.0,29.77,0.0,0.0,10.0,41,0.22852333984375,True,REGULAR,USD,QQQ,call,2026-08-18,0.01643835616438356,29.384999999999998,0.0068826968823554185,0.921930667917572,147794.97215969692,723.7000122070312,0.007307397746256994,2026-08-12
QQQ260818C00697000,2026-08-12 14:12:19+00:00,697.0,29.34,27.07,27.83,6.450001,28.178247,165.0,175,0.21985643432617186,True,REGULAR,USD,QQQ,call,2026-08-18,0.01643835616438356,27.45,0.007640447802947285,0.9148139466686076,700283.7064417815,723.7000122070312,0.007307397746256994,2026-08-12
QQQ260818C00699000,2026-08-11 17:34:33+00:00,699.0,20.69,25.16,26.11,0.0,0.0,2.0,2,0.22168747070312497,True,REGULAR,USD,QQQ,call,2026-08-18,0.01643835616438356,25.634999999999998,0.008778608434723716,0.8960044847361518,9195.44674510984,723.7000122070312,0.007307397746256994,2026-08-12
QQQ260818C00700000,2026-08-12 19:19:40+00:00,700.0,25.59,24.22,24.97,5.2199993,25.625916,53.0,66,0.20850400878906244,True,REGULAR,USD,QQQ,call,2026-08-18,0.01643835616438356,24.595,0.009048688311455291,0.9003414937639769,312785.58091447933,723.7000122070312,0.007307397746256994,2026-08-12
QQQ260818C00702000,2026-08-10 14:45:10+00:00,702.0,24.94,22.34,23.07,0.0,0.0,5.0,5,0.2005695178222656,True,REGULAR,USD,QQQ,call,2026-08-18,0.01643835616438356,22.705,0.010156429531439788,0.8892009670762357,26596.728733053114,723.7000122070312,0.007307397746256994,2026-08-12
QQQ260818C00703000,2026-08-07 16:57:20+00:00,703.0,21.79,21.4,22.11,0.0,0.0,3.0,9,0.19586985778808597,True,REGULAR,USD,QQQ,call,2026-08-18,0.01643835616438356,21.755,0.010757561180007575,0.8838243373094664,50707.65116488564,723.7000122070312,0.007307397746256994,2026-08-12
QQQ260818C00705000,2026-08-12 19:38:01+00:00,705.0,20.0,19.55,20.25,3.8099995,23.533041,37.0,77,0.1886677813720703,True,REGULAR,USD,QQQ,call,2026-08-18,0.01643835616438356,19.9,0.012150391323573118,0.8689688663711803,490002.33594991075,723.7000122070312,0.007307397746256994,2026-08-12
QQQ260818C00706000,2026-08-11 18:38:09+00:00,706.0,14.14,18.66,19.4,0.0,0.0,2.0,12,0.18793536682128903,True,REGULAR,USD,QQQ,call,2026-08-18,0.01643835616438356,19.03,0.01294799907702476,0.8570098780371265,81376.88576988665,723.7000122070312,0.007307397746256994,2026-08-12
QQQ260818C00707000,2026-08-12 19:12:47+00:00,707.0,18.96,17.77,18.49,5.549999,41.38702,31.0,18,0.1844563977050781,True,REGULAR,USD,QQQ,call,2026-08-18,0.01643835616438356,18.13,0.013758910651192342,0.8477438490363245,129710.07648203762,723.7000122070312,0.007307397746256994,2026-08-12
QQQ260818C00708000,2026-08-12 19:14:04+00:00,708.0,18.08,16.88,17.56,4.74,35.53223,26.0,17,0.1800008758544922,True,REGULAR,USD,QQQ,call,2026-08-18,0.01643835616438356,17.22,0.01462683913572362,0.8390102020495375,130231.65701450706,723.7000122070312,0.007307397746256994,2026-08-12
QQQ260818C00709000,2026-08-12 13:32:18+00:00,709.0,17.64,16.01,17.0,5.2,41.800644,1.0,98,0.18836260864257812,True,REGULAR,USD,QQQ,call,2026-08-18,0.01643835616438356,16.505000000000003,0.015374363234783308,0.8130085060429606,789115.1349802545,723.7000122070312,0.007307397746256994,2026-08-12
QQQ260818C00710000,2026-08-12 20:12:46+00:00,710.0,15.25,15.15,16.15,2.9399996,23.883018,53.0,65,0.18579915771484373,True,REGULAR,USD,QQQ,call,2026-08-18,0.01643835616438356,15.649999999999999,0.01623677924831492,0.8000517406273927,552752.1018856346,723.7000122070312,0.007307397746256994,2026-08-12
QQQ260818C00711000,2026-08-12 19:12:44+00:00,711.0,15.45,14.31,15.29,3.9099998,33.88215,29.0,209,0.1825032922363281,True,REGULAR,USD,QQQ,call,2026-08-18,0.01643835616438356,14.8,0.01715592951888028,0.787109497345824,1877922.6469773327,723.7000122070312,0.007307397746256994,2026-08-12
QQQ260818C00712000,2026-08-12 20:11:04+00:00,712.0,14.27,13.47,14.15,3.4000006,31.278755,241.0,250,0.17011327941894533,True,REGULAR,USD,QQQ,call,2026-08-18,0.01643835616438356,13.81,0.01852367474227219,0.7847547198245478,2425405.260453176,723.7000122070312,0.007307397746256994,2026-08-12
QQQ260818C00713000,2026-08-12 19:12:46+00:00,713.0,13.74,12.66,13.24,3.42,33.139534,829.0,178,0.16492534301757814,True,REGULAR,USD,QQQ,call,2026-08-18,0.01643835616438356,12.95,0.01973586341970356,0.7721969160803408,1839896.0761349625,723.7000122070312,0.007307397746256994,2026-08-12
QQQ260818C00714000,2026-08-12 19:13:11+00:00,714.0,12.98,11.86,12.51,3.3099995,34.22957,633.0,231,0.1648643084716797,True,REGULAR,USD,QQQ,call,2026-08-18,0.01643835616438356,12.184999999999999,0.020695113407046467,0.7517680861549411,2503784.522361946,723.7000122070312,0.007307397746256994,2026-08-12
QQQ260818C00715000,2026-08-12 19:56:57+00:00,715.0,11.21,11.09,11.72,2.2399998,24.972126,70.0,350,0.16248396118164063,True,REGULAR,USD,QQQ,call,2026-08-18,0.01643835616438356,11.405000000000001,0.02179997315355034,0.7332054913275744,3996144.308298441,723.7000122070312,0.007307397746256994,2026-08-12
QQQ260818C00716000,2026-08-12 19:12:30+00:00,716.0,11.44,10.32,10.95,3.2999992,40.54053,43.0,231,0.16022568298339845,True,REGULAR,USD,QQQ,call,2026-08-18,0.01643835616438356,10.635,0.022901551813397966,0.7132774146516359,2770729.004506549,723.7000122070312,0.007307397746256994,2026-08-12
QQQ260818C00717000,2026-08-12 20:11:04+00:00,717.0,10.26,9.76,9.99,2.5100002,32.3871,1974.0,225,0.15223015747070315,True,REGULAR,USD,QQQ,call,2026-08-18,0.01643835616438356,9.875,0.024672107504319654,0.6984662581927115,2907407.63612073,723.7000122070312,0.007307397746256994,2026-08-12
QQQ260818C00718000,2026-08-12 20:12:40+00:00,718.0,8.9,9.08,9.22,1.8399997,26.062319,162.0,192,0.1491173956298828,True,REGULAR,USD,QQQ,call,2026-08-18,0.01643835616438356,9.15,0.02596775350488387,0.6763610164564406,2611275.948472597,723.7000122070312,0.007307397746256994,2026-08-12
QQQ260818C00719000,2026-08-12 19:49:42+00:00,719.0,8.88,8.38,8.52,2.2800002,34.545456,163.0,176,0.14734739379882814,True,REGULAR,USD,QQQ,call,2026-08-18,0.01643835616438356,8.45,0.0270518348072925,0.6514148320910926,2493598.6517264037,723.7000122070312,0.007307397746256994,2026-08-12
QQQ260818C00720000,2026-08-12 20:02:41+00:00,720.0,8.2,7.69,7.83,2.0899997,34.206215,177.0,369,0.14524170196533204,True,REGULAR,USD,QQQ,call,2026-08-18,0.01643835616438356,7.76,0.028126274280473963,0.6254691284568035,5435703.1782205235,723.7000122070312,0.007307397746256994,2026-08-12
QQQ260818C00721000,2026-08-12 19:59:05+00:00,721.0,7.01,7.06,7.2,1.5800004,29.097616,252.0,387,0.14405152832031248,True,REGULAR,USD,QQQ,call,2026-08-18,0.01643835616438356,7.13,0.028948967319701202,0.5976302971329555,5867609.471173104,723.7000122070312,0.007307397746256994,2026-08-12
QQQ260818C00722000,2026-08-12 19:44:46+00:00,722.0,6.63,6.44,6.59,1.52,29.745596,177.0,315,0.14270876831054688,True,REGULAR,USD,QQQ,call,2026-08-18,0.01643835616438356,6.515000000000001,0.029677402703610772,0.5689183580469472,4896137.474913383,723.7000122070312,0.007307397746256994,2026-08-12
QQQ260818C00723000,2026-08-12 20:02:32+00:00,723.0,6.2,5.87,5.99,1.5899997,34.49023,257.0,221,0.14093876647949222,True,REGULAR,USD,QQQ,call,2026-08-18,0.01643835616438356,5.93,0.030357396467380098,0.5394220376482349,3513775.061228884,723.7000122070312,0.007307397746256994,2026-08-12
QQQ260818C00724000,2026-08-12 20:00:53+00:00,724.0,5.54,5.31,5.43,1.3400002,31.904766,669.0,231,0.1394739373779297,False,REGULAR,USD,QQQ,call,2026-08-18,0.01643835616438356,5.369999999999999,0.030819029053108987,0.5089896601917904,3728619.719045551,723.7000122070312,0.007307397746256994,2026-08-12
QQQ260818C00725000,2026-08-12 20:14:10+00:00,725.0,4.8,4.79,4.9,0.9600003,25.000008,1285.0,746,0.13807014282226562,False,REGULAR,USD,QQQ,call,2026-08-18,0.01643835616438356,4.845000000000001,0.03109255208527341,0.4779150528454916,12148211.878384013,723.7000122070312,0.007307397746256994,2026-08-12
QQQ260818C00726000,2026-08-12 20:12:22+00:00,726.0,4.2,4.3,4.41,0.77999973,22.807009,550.0,287,0.13691048645019532,False,REGULAR,USD,QQQ,call,2026-08-18,0.01643835616438356,4.355,0.031121152199280716,0.4464923445166222,4677940.829071377,723.7000122070312,0.007307397746256994,2026-08-12
QQQ260818C00727000,2026-08-12 20:12:22+00:00,727.0,3.76,3.84,3.94,0.53,16.408667,856.0,939,0.1355066918945313,False,REGULAR,USD,QQQ,call,2026-08-18,0.01643835616438356,3.8899999999999997,0.031002238570383363,0.41475490466287546,15246698.282803245,723.7000122070312,0.007307397746256994,2026-08-12
QQQ260818C00728000,2026-08-12 19:48:33+00:00,728.0,3.62,3.42,3.51,0.6799998,23.129246,288.0,261,0.1343775527954102,False,REGULAR,USD,QQQ,call,2026-08-18,0.01643835616438356,3.465,0.030614870624706948,0.3832072270718481,4184948.286089588,723.7000122070312,0.007307397746256994,2026-08-12
QQQ260818C00729000,2026-08-12 20:13:20+00:00,729.0,3.0,3.03,3.12,0.47000003,18.577076,119.0,134,0.1334925518798828,False,REGULAR,USD,QQQ,call,2026-08-18,0.01643835616438356,3.075,0.029972007425959405,0.3522127625619861,2103477.10710417,723.7000122070312,0.007307397746256994,2026-08-12
QQQ260818C00730000,2026-08-12 20:12:46+00:00,730.0,2.56,2.66,2.75,0.27999997,12.280701,527.0,393,0.13239393005371097,False,REGULAR,USD,QQQ,call,2026-08-18,0.01643835616438356,2.705,0.029169184242917437,0.32153913827806585,6003907.518105803,723.7000122070312,0.007307397746256994,2026-08-12
QQQ260818C00731000,2026-08-12 19:54:50+00:00,731.0,2.5,2.34,2.41,0.5,25.0,83.0,105,0.13129530822753904,False,REGULAR,USD,QQQ,call,2026-08-18,0.01643835616438356,2.375,0.02817000535926363,0.29159232417319025,1549149.7047484843,723.7000122070312,0.007307397746256994,2026-08-12
QQQ260818C00732000,2026-08-12 19:59:18+00:00,732.0,2.1,2.03,2.1,0.31999993,17.977524,96.0,220,0.13019668640136717,False,REGULAR,USD,QQQ,call,2026-08-18,0.01643835616438356,2.065,0.02698679357598521,0.26258197321681165,3109504.057436182,723.7000122070312,0.007307397746256994,2026-08-12
QQQ260818C00733000,2026-08-12 20:13:36+00:00,733.0,1.76,1.76,1.82,0.17999995,11.392401,215.0,211,0.1292201336669922,False,REGULAR,USD,QQQ,call,2026-08-18,0.01643835616438356,1.79,0.025625147035713197,0.23492157510118122,2831822.194493084,723.7000122070312,0.007307397746256994,2026-08-12
QQQ260818C00734000,2026-08-12 20:03:54+00:00,734.0,1.62,1.52,1.58,0.120000005,8.0,132.0,140,0.12867082275390623,False,REGULAR,USD,QQQ,call,2026-08-18,0.01643835616438356,1.55,0.024098412069829708,0.20939266584694544,1766988.0885371082,723.7000122070312,0.007307397746256994,2026-08-12
QQQ260818C00735000,2026-08-12 20:14:38+00:00,735.0,1.34,1.3,1.35,0.100000024,8.064518,508.0,257,0.12757220092773439,False,REGULAR,USD,QQQ,call,2026-08-18,0.01643835616438356,1.3250000000000002,0.0225017979181136,0.18436016333647437,3028778.4272815413,723.7000122070312,0.007307397746256994,2026-08-12
QQQ260818C00736000,2026-08-12 20:01:36+00:00,736.0,1.23,1.1,1.16,0.13999999,12.844034,212.0,177,0.12708392456054687,False,REGULAR,USD,QQQ,call,2026-08-18,0.01643835616438356,1.13,0.020811010498823293,0.16210734363503815,1929228.1693219028,723.7000122070312,0.007307397746256994,2026-08-12
QQQ260818C00737000,2026-08-12 20:03:24+00:00,737.0,1.05,0.93,0.99,0.089999974,9.374997,344.0,45,0.12659564819335936,False,REGULAR,USD,QQQ,call,2026-08-18,0.01643835616438356,0.96,0.019091137801997667,0.14155673615757886,449947.1301188442,723.7000122070312,0.007307397746256994,2026-08-12
QQQ260818C00738000,2026-08-12 20:01:53+00:00,738.0,0.88,0.78,0.84,0.00999999,1.1494242,184.0,215,0.12604633728027342,False,REGULAR,USD,QQQ,call,2026-08-18,0.01643835616438356,0.81,0.01736556200558244,0.12261714471865587,1955439.8563766382,723.7000122070312,0.007307397746256994,2026-08-12
QQQ260818C00739000,2026-08-12 20:01:36+00:00,739.0,0.74,0.65,0.7,0.050000012,7.2463784,177.0,75,0.12513081909179688,False,REGULAR,USD,QQQ,call,2026-08-18,0.01643835616438356,0.675,0.01563262724586616,0.10473481777000282,614059.4166820796,723.7000122070312,0.007307397746256994,2026-08-12
QQQ260818C00740000,2026-08-12 20:11:49+00:00,740.0,0.57,0.55,0.58,-0.060000002,-9.523809,311.0,12761,0.12427633544921876,False,REGULAR,USD,QQQ,call,2026-08-18,0.01643835616438356,0.565,0.013934278914635072,0.08872755542584998,93129306.27533694,723.7000122070312,0.007307397746256994,2026-08-12
QQQ260818C00741000,2026-08-12 20:09:24+00:00,741.0,0.5,0.45,0.48,-0.110000014,-18.03279,74.0,147,0.1235439208984375,False,REGULAR,USD,QQQ,call,2026-08-18,0.01643835616438356,0.46499999999999997,0.012305147383369141,0.07465435428589577,947373.678840637,723.7000122070312,0.007307397746256994,2026-08-12
QQQ260818C00742000,2026-08-12 20:13:47+00:00,742.0,0.39,0.37,0.4,-0.100000024,-20.408167,145.0,29,0.12329978271484376,False,REGULAR,USD,QQQ,call,2026-08-18,0.01643835616438356,0.385,0.010814954111868169,0.06298688849941071,164263.0335122693,723.7000122070312,0.007307397746256994,2026-08-12
QQQ260818C00743000,2026-08-12 20:08:42+00:00,743.0,0.32,0.3,0.33,-0.099999994,-23.809523,108.0,50,0.12305564453125001,False,REGULAR,USD,QQQ,call,2026-08-18,0.01643835616438356,0.315,0.009428032042187246,0.05276621221129027,246892.68008640403,723.7000122070312,0.007307397746256994,2026-08-12
QQQ260818C00744000,2026-08-12 20:08:42+00:00,744.0,0.27,0.24,0.27,-0.09,-24.999998,62.0,93,0.12256736816406251,False,REGULAR,USD,QQQ,call,2026-08-18,0.01643835616438356,0.255,0.00812015975217839,0.04356792389881033,395516.56916863256,723.7000122070312,0.007307397746256994,2026-08-12
QQQ260818C00745000,2026-08-12 20:09:29+00:00,745.0,0.22,0.2,0.22,-0.099999994,-31.249998,415.0,5587,0.12232322998046877,False,REGULAR,USD,QQQ,call,2026-08-18,0.01643835616438356,0.21000000000000002,0.006958536292685478,0.035946644213246545,20361685.628652103,723.7000122070312,0.007307397746256994,2026-08-12
QQQ260818C00746000,2026-08-12 19:57:19+00:00,746.0,0.15,0.16,0.18,-0.15,-50.0,70.0,155,0.12207909179687501,False,REGULAR,USD,QQQ,call,2026-08-18,0.01643835616438356,0.16999999999999998,0.005913275675444434,0.029437600581617245,480039.51052660064,723.7000122070312,0.007307397746256994,2026-08-12
QQQ260818C00747000,2026-08-12 20:13:47+00:00,747.0,0.13,0.12,0.15,-0.11,-45.833336,39.0,96,0.12256736816406251,False,REGULAR,USD,QQQ,call,2026-08-18,0.01643835616438356,0.135,0.0050707603533648934,0.02460427135299529,254953.79391828852,723.7000122070312,0.007307397746256994,2026-08-12
QQQ260818C00748000,2026-08-12 19:57:46+00:00,748.0,0.09,0.1,0.13,-0.11,-55.0,93.0,28,0.12378805908203125,False,REGULAR,USD,QQQ,call,2026-08-18,0.01643835616438356,0.115,0.004411234797507927,0.02110109398080076,64689.73408165302,723.7000122070312,0.007307397746256994,2026-08-12
QQQ260818C00749000,2026-08-12 19:51:05+00:00,749.0,0.09,0.08,0.11,-0.11,-55.0,232.0,215,0.1245204736328125,False,REGULAR,USD,QQQ,call,2026-08-18,0.01643835616438356,0.095,0.0037816114775583065,0.017725838124983347,425826.3453939304,723.7000122070312,0.007307397746256994,2026-08-12
QQQ260818C00750000,2026-08-12 20:09:29+00:00,750.0,0.07,0.07,0.09,-0.080000006,-53.333336,403.0,400,0.1245204736328125,False,REGULAR,USD,QQQ,call,2026-08-18,0.01643835616438356,0.08,0.0031610165926770537,0.014381017721804393,662222.4912868033,723.7000122070312,0.007307397746256994,2026-08-12
QQQ260818C00752000,2026-08-12 18:54:54+00:00,752.0,0.12,0.05,0.07,0.009999998,9.090907,69.0,101,0.127938408203125,False,REGULAR,USD,QQQ,call,2026-08-18,0.01643835616438356,0.060000000000000005,0.0024403211140524928,0.011003883753542353,129087.89270085769,723.7000122070312,0.007307397746256994,2026-08-12
QQQ260818C00753000,2026-08-12 19:30:19+00:00,753.0,0.07,0.04,0.06,-0.04,-36.363636,17.0,39,0.1289149609375,False,REGULAR,USD,QQQ,call,2026-08-18,0.01643835616438356,0.05,0.0020926422786724454,0.009307284332366429,42744.157582273605,723.7000122070312,0.007307397746256994,2026-08-12
QQQ260818C00754000,2026-08-12 18:45:02+00:00,754.0,0.1,0.03,0.06,-0.10999999,-52.38095,16.0,13,0.132821171875,False,REGULAR,USD,QQQ,call,2026-08-18,0.01643835616438356,0.045,0.001992055771118184,0.00910316313139729,13563.194987371158,723.7000122070312,0.007307397746256994,2026-08-12
QQQ260818C00755000,2026-08-12 19:43:30+00:00,755.0,0.02,0.03,0.05,-0.16000001,-88.88889,27.0,176,0.132821171875,False,REGULAR,USD,QQQ,call,2026-08-18,0.01643835616438356,0.04,0.0016526039797320157,0.0073594099925537735,152334.62295823806,723.7000122070312,0.007307397746256994,2026-08-12
QQQ260818C00756000,2026-08-12 19:26:17+00:00,756.0,0.05,0.02,0.04,-0.18,-78.26087,13.0,79,0.132821171875,False,REGULAR,USD,QQQ,call,2026-08-18,0.01643835616438356,0.03,0.001363069486549764,0.00591876415964541,56397.8109039509,723.7000122070312,0.007307397746256994,2026-08-12
QQQ260818C00757000,2026-08-12 19:33:56+00:00,757.0,0.04,0.02,0.04,-0.21000001,-84.0,2.0,32,0.1362391064453125,False,REGULAR,USD,QQQ,call,2026-08-18,0.01643835616438356,0.03,0.001288921282379749,0.005718587107579526,21601.9786714812,723.7000122070312,0.007307397746256994,2026-08-12
QQQ260818C00759000,2026-08-10 16:15:22+00:00,759.0,0.23,0.01,0.04,0.0,0.0,3.0,49,0.143563251953125,False,REGULAR,USD,QQQ,call,2026-08-18,0.01643835616438356,0.025,0.0011822775861297407,0.005503796352951978,30341.19601298886,723.7000122070312,0.007307397746256994,2026-08-12
QQQ260818C00760000,2026-08-12 17:33:41+00:00,760.0,0.04,0.01,0.03,-0.010000002,-20.000002,21.0,255,0.141610146484375,False,REGULAR,USD,QQQ,call,2026-08-18,0.01643835616438356,0.02,0.0009058844217876609,0.0040210850969675214,120984.61077441722,723.7000122070312,0.007307397746256994,2026-08-12
QQQ260818C00765000,2026-08-12 17:30:15+00:00,765.0,0.04,0.01,0.03,0.0,0.0,22.0,382,0.15821154296875,False,REGULAR,USD,QQQ,call,2026-08-18,0.01643835616438356,0.02,0.0007225294513839711,0.0035358705038597265,144555.9849266831,723.7000122070312,0.007307397746256994,2026-08-12
QQQ260818C00770000,2026-08-12 19:38:44+00:00,770.0,0.02,0.0,0.03,-0.02,-50.0,13.0,177,0.174812939453125,False,REGULAR,USD,QQQ,call,2026-08-18,0.01643835616438356,0.015,0.0005982207097677637,0.00320248333862733,55456.425089063705,723.7000122070312,0.007307397746256994,2026-08-12
QQQ260818C00775000,2026-08-12 13:46:49+00:00,775.0,0.03,0.0,0.03,0.0,0.0,1.0,28,0.1914143359375,False,REGULAR,USD,QQQ,call,2026-08-18,0.01643835616438356,0.015,0.0005098335714820032,0.0029657611793300646,7476.590949931398,723.7000122070312,0.007307397746256994,2026-08-12
QQQ260818C00780000,2026-08-12 14:41:16+00:00,780.0,0.02,0.0,0.03,0.0,0.0,1.0,107,0.20703917968749996,False,REGULAR,USD,QQQ,call,2026-08-18,0.01643835616438356,0.015,0.00043058897076764165,0.0026827815088205278,24130.362105276137,723.7000122070312,0.007307397746256994,2026-08-12
QQQ260818C00785000,2026-08-10 14:51:27+00:00,785.0,0.04,0.0,0.02,0.0,0.0,1.0,9,0.21289849609375,False,REGULAR,USD,QQQ,call,2026-08-18,0.01643835616438356,0.01,0.0002673638221158557,0.0016360367866792161,1260.2662628735152,723.7000122070312,0.007307397746256994,2026-08-12
QQQ260818C00790000,2026-08-12 19:09:22+00:00,790.0,0.01,0.0,0.02,-0.03,-75.0,5.0,4,0.22852333984375,False,REGULAR,USD,QQQ,call,2026-08-18,0.01643835616438356,0.01,0.00023923550285423042,0.001565198363846543,501.19044319918686,723.7000122070312,0.007307397746256994,2026-08-12
QQQ260818C00795000,2026-08-07 16:24:58+00:00,795.0,0.06,0.0,0.02,0.0,0.0,50.0,0,0.242195078125,False,REGULAR,USD,QQQ,call,2026-08-18,0.01643835616438356,0.01,0.00020361910435841282,0.001397983990473084,0.0,723.7000122070312,0.007307397746256994,2026-08-12
QQQ260818C00800000,2026-08-05 17:46:12+00:00,800.0,0.1,0.0,0.01,0.0,0.0,0.0,21,0.242195078125,False,REGULAR,USD,QQQ,call,2026-08-18,0.01643835616438356,0.005,0.00010910496297413035,0.0007083492304097434,1199.9992120866712,723.7000122070312,0.007307397746256994,2026-08-12
QQQ260818C00805000,2026-08-05 17:46:12+00:00,805.0,0.07,0.0,0.02,0.0,0.0,0.0,11,0.27149166015625,False,REGULAR,USD,QQQ,call,2026-08-18,0.01643835616438356,0.01,0.00016450261993374018,0.0012542915223994037,947.7257138803549,723.7000122070312,0.007307397746256994,2026-08-12
QQQ260818C00810000,2026-08-10 18:22:46+00:00,810.0,0.02,0.0,0.02,0.0,0.0,2.0,83,0.28516339843749994,False,REGULAR,USD,QQQ,call,2026-08-18,0.01643835616438356,0.01,0.00014617252910124607,0.0011632023571433118,6354.201950473421,723.7000122070312,0.007307397746256994,2026-08-12
QQQ260818C00835000,2026-08-05 15:57:19+00:00,835.0,0.07,0.0,0.02,0.0,0.0,0.0,10,0.35547519531249994,False,REGULAR,USD,QQQ,call,2026-08-18,0.01643835616438356,0.01,9.855802845064142e-05,0.0009624342735123891,516.1895012517533,723.7000122070312,0.007307397746256994,2026-08-12
QQQ260818C00850000,2026-08-06 17:44:02+00:00,850.0,0.04,0.0,0.02,0.0,0.0,0.0,1,0.39453730468750003,False,REGULAR,USD,QQQ,call,2026-08-18,0.01643835616438356,0.01,7.834256078194649e-05,0.0008397816426183023,41.031266567056555,723.7000122070312,0.007307397746256994,2026-08-12
QQQ260818C00880000,2026-08-05 15:55:46+00:00,880.0,0.05,0.0,0.02,0.0,0.0,0.0,2,0.4726615234375,False,REGULAR,USD,QQQ,call,2026-08-18,0.01643835616438356,0.01,5.6915901907721195e-05,0.0007222384940198873,59.61846331728059,723.7000122070312,0.007307397746256994,2026-08-12
QQQ260818P00500000,2026-08-10 16:35:04+00:00,500.0,0.01,0.0,0.02,0.0,0.0,4.0,6,0.8125018749999999,False,REGULAR,USD,QQQ,put,2026-08-18,0.01643835616438356,0.01,7.886506876012543e-06,-0.0001542971269828941,-24.782955472691032,723.7000122070312,0.007307397746256994,2026-08-12
QQQ260818P00505000,2026-08-05 17:54:11+00:00,505.0,0.03,0.0,0.02,0.0,0.0,0.0,2,0.79687703125,False,REGULAR,USD,QQQ,put,2026-08-18,0.01643835616438356,0.01,8.91379487430683e-06,-0.0001722533671132398,-9.3370522985516,723.7000122070312,0.007307397746256994,2026-08-12
QQQ260818P00560000,2026-08-05 15:55:46+00:00,560.0,0.04,0.01,0.02,0.0,0.0,0.0,1,0.6015664843750002,False,REGULAR,USD,QQQ,put,2026-08-18,0.01643835616438356,0.015,2.427542257374228e-05,-0.0003731922344827332,-12.714051273145197,723.7000122070312,0.007307397746256994,2026-08-12
QQQ260818P00565000,2026-08-06 19:57:43+00:00,565.0,0.06,0.01,0.03,0.0,0.0,0.0,5,0.5937540625000001,False,REGULAR,USD,QQQ,put,2026-08-18,0.01643835616438356,0.02,3.141752194289507e-05,-0.00048594239867372213,-82.27333296541545,723.7000122070312,0.007307397746256994,2026-08-12
QQQ260818P00585000,2026-08-11 17:01:24+00:00,585.0,0.06,0.01,0.02,0.0,0.0,1.0,27,0.507817421875,False,REGULAR,USD,QQQ,put,2026-08-18,0.01643835616438356,0.015,3.5309205954881306e-05,-0.000465622904782359,-499.30840322712345,723.7000122070312,0.007307397746256994,2026-08-12
QQQ260818P00590000,2026-08-10 14:01:27+00:00,590.0,0.05,0.01,0.03,0.0,0.0,10.0,23,0.500005,False,REGULAR,USD,QQQ,put,2026-08-18,0.01643835616438356,0.02,4.689368355742356e-05,-0.0006222655410997868,-564.884091820273,723.7000122070312,0.007307397746256994,2026-08-12
QQQ260818P00595000,2026-08-07 17:36:51+00:00,595.0,0.07,0.01,0.04,0.0,0.0,2.0,2,0.5117236328125,False,REGULAR,USD,QQQ,put,2026-08-18,0.01643835616438356,0.025,8.594039878400736e-05,-0.0012333295735520444,-90.02114243368844,723.7000122070312,0.007307397746256994,2026-08-12
QQQ260818P00600000,2026-08-11 19:50:25+00:00,600.0,0.06,0.01,0.04,0.0,0.0,6.0,7,0.49219257812500006,False,REGULAR,USD,QQQ,put,2026-08-18,0.01643835616438356,0.025,9.349948325725846e-05,-0.0012960725273495344,-342.78705319092404,723.7000122070312,0.007307397746256994,2026-08-12
QQQ260818P00605000,2026-08-12 14:18:27+00:00,605.0,0.03,0.01,0.04,-0.03,-50.0,10.0,30,0.4726615234375,False,REGULAR,USD,QQQ,put,2026-08-18,0.01643835616438356,0.025,0.00010185861437055092,-0.0013616884478773184,-1600.4281389352557,723.7000122070312,0.007307397746256994,2026-08-12
QQQ260818P00615000,2026-08-11 15:32:21+00:00,615.0,0.06,0.02,0.05,0.0,0.0,21.0,173,0.44336494140625,False,REGULAR,USD,QQQ,put,2026-08-18,0.01643835616438356,0.035,0.00014338566479335974,-0.0018472535985496474,-12991.79015759086,723.7000122070312,0.007307397746256994,2026-08-12
QQQ260818P00620000,2026-08-11 17:12:49+00:00,620.0,0.08,0.02,0.05,0.0,0.0,1.0,128,0.42188078125,False,REGULAR,USD,QQQ,put,2026-08-18,0.01643835616438356,0.035,0.00015274790693391757,-0.0018750575491206511,-10240.057551405129,723.7000122070312,0.007307397746256994,2026-08-12
QQQ260818P00625000,2026-08-11 14:19:37+00:00,625.0,0.09,0.02,0.05,0.0,0.0,3.0,130,0.4023497265625,False,REGULAR,USD,QQQ,put,2026-08-18,0.01643835616438356,0.035,0.00016850482062233737,-0.0019828363161046303,-11472.890325404305,723.7000122070312,0.007307397746256994,2026-08-12
QQQ260818P00630000,2026-08-11 16:33:52+00:00,630.0,0.09,0.03,0.05,0.0,0.0,19.0,228,0.38281867187499996,False,REGULAR,USD,QQQ,put,2026-08-18,0.01643835616438356,0.04,0.00018646141440373286,-0.0020986020519644377,-22265.937267451813,723.7000122070312,0.007307397746256994,2026-08-12
QQQ260818P00635000,2026-08-12 19:37:15+00:00,635.0,0.05,0.03,0.05,-0.040000003,-44.444447,2.0,236,0.3632876171875,False,REGULAR,USD,QQQ,put,2026-08-18,0.01643835616438356,0.04,0.00020706319877660656,-0.0022235433302351115,-25593.64146412253,723.7000122070312,0.007307397746256994,2026-08-12
QQQ260818P00640000,2026-08-12 17:09:02+00:00,640.0,0.03,0.04,0.06,-0.060000002,-66.666664,6.0,184,0.3505924316406249,False,REGULAR,USD,QQQ,put,2026-08-18,0.01643835616438356,0.05,0.0002634778990598472,-0.0027904924396602304,-25390.963120716326,723.7000122070312,0.007307397746256994,2026-08-12
QQQ260818P00645000,2026-08-12 15:40:46+00:00,645.0,0.04,0.04,0.06,-0.060000002,-60.0,16.0,92,0.33008482421874996,False,REGULAR,USD,QQQ,put,2026-08-18,0.01643835616438356,0.05,0.00029121986352618405,-0.0029165021203474417,-14032.206953976438,723.7000122070312,0.007307397746256994,2026-08-12
QQQ260818P00650000,2026-08-12 16:34:14+00:00,650.0,0.05,0.04,0.07,-0.05,-50.0,101.0,474,0.31641308593749995,False,REGULAR,USD,QQQ,put,2026-08-18,0.01643835616438356,0.05500000000000001,0.00037055807182564656,-0.0036372234885425625,-91992.36401361179,723.7000122070312,0.007307397746256994,2026-08-12
QQQ260818P00655000,2026-08-12 18:50:24+00:00,655.0,0.05,0.05,0.07,-0.09,-64.28571,52.0,173,0.295905478515625,False,REGULAR,USD,QQQ,put,2026-08-18,0.01643835616438356,0.060000000000000005,0.00041654690520601454,-0.0038456912858043646,-37742.196829993365,723.7000122070312,0.007307397746256994,2026-08-12
QQQ260818P00656000,2026-08-11 13:48:39+00:00,656.0,0.18,0.05,0.07,0.0,0.0,2.0,3,0.2919992675781249,False,REGULAR,USD,QQQ,put,2026-08-18,0.01643835616438356,0.060000000000000005,0.0004284577736946729,-0.003910192063007578,-673.2036181760201,723.7000122070312,0.007307397746256994,2026-08-12
QQQ260818P00657000,2026-08-12 14:26:18+00:00,657.0,0.06,0.05,0.08,-0.06999999,-53.84615,41.0,34,0.2929758203124999,False,REGULAR,USD,QQQ,put,2026-08-18,0.01643835616438356,0.065,0.0004862588641585754,-0.004521344385896797,-8658.917628033447,723.7000122070312,0.007307397746256994,2026-08-12
QQQ260818P00658000,2026-08-12 19:33:46+00:00,658.0,0.08,0.05,0.08,-0.47000003,-85.45455,30.0,5,0.2890696093749999,False,REGULAR,USD,QQQ,put,2026-08-18,0.01643835616438356,0.065,0.0005009473574435931,-0.004604852890275568,-1311.8351221975424,723.7000122070312,0.007307397746256994,2026-08-12
QQQ260818P00659000,2026-08-12 19:22:20+00:00,659.0,0.06,0.05,0.08,-0.14,-70.0,43.0,30,0.28516339843749994,False,REGULAR,USD,QQQ,put,2026-08-18,0.01643835616438356,0.065,0.0005162898328810245,-0.004691123429872657,-8112.075561749105,723.7000122070312,0.007307397746256994,2026-08-12
QQQ260818P00660000,2026-08-12 19:33:44+00:00,660.0,0.08,0.06,0.08,-0.049999997,-38.461536,29.0,541,0.28076891113281244,False,REGULAR,USD,QQQ,put,2026-08-18,0.01643835616438356,0.07,0.000527141896591235,-0.00471892587678191,-149362.63263341694,723.7000122070312,0.007307397746256994,2026-08-12
QQQ260818P00661000,2026-08-07 18:29:46+00:00,661.0,0.32,0.06,0.08,0.0,0.0,22.0,99,0.27637442382812494,False,REGULAR,USD,QQQ,put,2026-08-18,0.01643835616438356,0.07,0.0005383388889808543,-0.004746748269881973,-27913.102372898087,723.7000122070312,0.007307397746256994,2026-08-12
QQQ260818P00662000,2026-08-12 19:29:29+00:00,662.0,0.08,0.06,0.08,-0.10000001,-55.555557,40.0,2,0.27246821289062495,False,REGULAR,USD,QQQ,put,2026-08-18,0.01643835616438356,0.07,0.000555463123291776,-0.004838550325026114,-581.838409479379,723.7000122070312,0.007307397746256994,2026-08-12
QQQ260818P00663000,2026-08-12 19:29:31+00:00,663.0,0.08,0.06,0.08,-0.10000001,-55.555557,61.0,1,0.26856200195312496,False,REGULAR,USD,QQQ,put,2026-08-18,0.01643835616438356,0.07,0.0005733999020210908,-0.0049336209754377025,-300.31344386145213,723.7000122070312,0.007307397746256994,2026-08-12
QQQ260818P00664000,2026-08-12 19:44:03+00:00,664.0,0.09,0.06,0.09,-0.11,-55.0,15.0,8,0.26856200195312496,False,REGULAR,USD,QQQ,put,2026-08-18,0.01643835616438356,0.075,0.0006413490935274236,-0.005595517405877604,-2687.2101556453595,723.7000122070312,0.007307397746256994,2026-08-12
QQQ260818P00665000,2026-08-12 19:33:44+00:00,665.0,0.09,0.06,0.09,-0.060000002,-40.0,143.0,2475,0.264655791015625,False,REGULAR,USD,QQQ,put,2026-08-18,0.01643835616438356,0.075,0.0006631530796319087,-0.005715131891986358,-859619.2927707304,723.7000122070312,0.007307397746256994,2026-08-12
QQQ260818P00666000,2026-08-12 19:32:39+00:00,666.0,0.09,0.07,0.09,-0.11,-55.0,34.0,633,0.2602613037109375,False,REGULAR,USD,QQQ,put,2026-08-18,0.01643835616438356,0.08,0.0006792999429839732,-0.005762416657054459,-225207.29179570498,723.7000122070312,0.007307397746256994,2026-08-12
QQQ260818P00667000,2026-08-12 19:24:31+00:00,667.0,0.09,0.07,0.09,-0.11,-55.0,25.0,134,0.25586681640625003,False,REGULAR,USD,QQQ,put,2026-08-18,0.01643835616438356,0.08,0.0006960694139799935,-0.00581039486645929,-48851.118193510985,723.7000122070312,0.007307397746256994,2026-08-12
QQQ260818P00668000,2026-08-12 19:26:52+00:00,668.0,0.09,0.07,0.09,-0.11999999,-57.142853,1.0,31,0.25196060546875,False,REGULAR,USD,QQQ,put,2026-08-18,0.01643835616438356,0.08,0.0007208140514755957,-0.005939865661814592,-11703.131849168676,723.7000122070312,0.007307397746256994,2026-08-12
QQQ260818P00669000,2026-08-12 19:33:44+00:00,669.0,0.1,0.07,0.1,-0.10999999,-52.38095,273.0,293,0.25098405273437496,False,REGULAR,USD,QQQ,put,2026-08-18,0.01643835616438356,0.085,0.0007933168749912328,-0.006589900230212442,-121739.48850522288,723.7000122070312,0.007307397746256994,2026-08-12
QQQ260818P00670000,2026-08-12 19:24:31+00:00,670.0,0.09,0.07,0.1,-0.13,-59.090908,145.0,345,0.247077841796875,False,REGULAR,USD,QQQ,put,2026-08-18,0.01643835616438356,0.085,0.0008229184136732159,-0.006747944200527489,-148693.85986091464,723.7000122070312,0.007307397746256994,2026-08-12
QQQ260818P00671000,2026-08-12 19:30:10+00:00,671.0,0.1,0.08,0.1,-0.10999999,-52.38095,160.0,195,0.243171630859375,False,REGULAR,USD,QQQ,put,2026-08-18,0.01643835616438356,0.09,0.0008541813588866358,-0.006913036610670775,-87237.22869456073,723.7000122070312,0.007307397746256994,2026-08-12
QQQ260818P00672000,2026-08-12 19:33:41+00:00,672.0,0.11,0.09,0.11,-0.14999999,-57.692307,70.0,177,0.2417068017578125,False,REGULAR,USD,QQQ,put,2026-08-18,0.01643835616438356,0.1,0.0009323103532584535,-0.007582245204994509,-86427.297519184,723.7000122070312,0.007307397746256994,2026-08-12
QQQ260818P00673000,2026-08-12 19:24:31+00:00,673.0,0.1,0.09,0.11,-0.17000002,-62.962967,466.0,124,0.23780059082031246,False,REGULAR,USD,QQQ,put,2026-08-18,0.01643835616438356,0.1,0.0009694297285841027,-0.007780750587897067,-62958.616907637654,723.7000122070312,0.007307397746256994,2026-08-12
QQQ260818P00674000,2026-08-12 20:12:14+00:00,674.0,0.1,0.1,0.11,-0.13,-56.52174,38.0,29,0.233406103515625,False,REGULAR,USD,QQQ,put,2026-08-18,0.01643835616438356,0.10500000000000001,0.0009988191446878361,-0.007880556359668112,-15170.5740902319,723.7000122070312,0.007307397746256994,2026-08-12
QQQ260818P00675000,2026-08-12 19:58:40+00:00,675.0,0.12,0.09,0.12,-0.12,-50.0,7638.0,681,0.23194127441406248,False,REGULAR,USD,QQQ,put,2026-08-18,0.01643835616438356,0.105,0.0010925549387095276,-0.008665593590429399,-389679.4973278288,723.7000122070312,0.007307397746256994,2026-08-12
QQQ260818P00676000,2026-08-12 19:22:20+00:00,676.0,0.1,0.1,0.12,-0.15,-60.000004,201.0,260,0.22754678710937498,False,REGULAR,USD,QQQ,put,2026-08-18,0.01643835616438356,0.11,0.0011279224011795865,-0.008792327484362428,-153592.40117293884,723.7000122070312,0.007307397746256994,2026-08-12
QQQ260818P00677000,2026-08-12 19:24:31+00:00,677.0,0.12,0.1,0.13,-0.16,-57.142857,19.0,122,0.2260819580078125,False,REGULAR,USD,QQQ,put,2026-08-18,0.01643835616438356,0.115,0.001235154481307896,-0.009682000614561037,-78922.03390749448,723.7000122070312,0.007307397746256994,2026-08-12
QQQ260818P00678000,2026-08-12 19:22:20+00:00,678.0,0.11,0.11,0.13,-0.17999999,-62.068966,8.0,158,0.22168747070312497,False,REGULAR,USD,QQQ,put,2026-08-18,0.01643835616438356,0.12,0.0012778444404778274,-0.009842354312533885,-105743.14784369923,723.7000122070312,0.007307397746256994,2026-08-12
QQQ260818P00679000,2026-08-12 18:13:09+00:00,679.0,0.12,0.11,0.14,-0.22,-64.70588,106.0,170,0.21973436523437498,False,REGULAR,USD,QQQ,put,2026-08-18,0.01643835616438356,0.125,0.0013878657587227327,-0.010710848159369513,-123570.14102296392,723.7000122070312,0.007307397746256994,2026-08-12
QQQ260818P00680000,2026-08-12 19:44:03+00:00,680.0,0.14,0.12,0.15,-0.22000001,-61.111115,225.0,403,0.21778125976562498,False,REGULAR,USD,QQQ,put,2026-08-18,0.01643835616438356,0.135,0.0015076303949174924,-0.011660281491948199,-318212.39377948403,723.7000122070312,0.007307397746256994,2026-08-12
QQQ260818P00681000,2026-08-12 18:52:26+00:00,681.0,0.12,0.13,0.16,-0.26,-68.42105,2.0,23,0.2153398779296875,False,REGULAR,USD,QQQ,put,2026-08-18,0.01643835616438356,0.14500000000000002,0.001623424085071476,-0.012535193731618488,-19555.862759465064,723.7000122070312,0.007307397746256994,2026-08-12
QQQ260818P00682000,2026-08-11 15:43:18+00:00,682.0,0.42,0.14,0.16,0.0,0.0,8.0,59,0.21094539062499998,False,REGULAR,USD,QQQ,put,2026-08-18,0.01643835616438356,0.15000000000000002,0.0016877346020006444,-0.012802070269322341,-52152.283150034724,723.7000122070312,0.007307397746256994,2026-08-12
QQQ260818P00683000,2026-08-12 19:32:46+00:00,683.0,0.17,0.15,0.17,-0.27999997,-62.222214,12.0,164,0.20850400878906244,False,REGULAR,USD,QQQ,put,2026-08-18,0.01643835616438356,0.16,0.001820867617898849,-0.013791166759066886,-156400.94776439242,723.7000122070312,0.007307397746256994,2026-08-12
QQQ260818P00684000,2026-08-12 18:53:03+00:00,684.0,0.15,0.16,0.18,-0.28,-65.11628,116.0,40,0.20581848876953124,False,REGULAR,USD,QQQ,put,2026-08-18,0.01643835616438356,0.16999999999999998,0.0019571529448808743,-0.014772639685588063,-41001.70502081036,723.7000122070312,0.007307397746256994,2026-08-12
QQQ260818P00685000,2026-08-12 18:17:22+00:00,685.0,0.17,0.17,0.2,-0.3,-63.82979,290.0,494,0.2048419360351562,False,REGULAR,USD,QQQ,put,2026-08-18,0.01643835616438356,0.185,0.0021683449591712732,-0.016554612491989307,-561012.4297149429,723.7000122070312,0.007307397746256994,2026-08-12
QQQ260818P00686000,2026-08-12 17:59:18+00:00,686.0,0.19,0.18,0.21,-0.43,-69.354836,11.0,99,0.20191227783203125,False,REGULAR,USD,QQQ,put,2026-08-18,0.01643835616438356,0.195,0.002323413188947213,-0.01764811744996142,-120469.97072866427,723.7000122070312,0.007307397746256994,2026-08-12
QQQ260818P00687000,2026-08-12 19:54:50+00:00,687.0,0.21,0.19,0.22,-0.34000003,-61.818188,74.0,54,0.19873848144531248,False,REGULAR,USD,QQQ,put,2026-08-18,0.01643835616438356,0.20500000000000002,0.0024819210215335863,-0.018717814141834044,-70193.81992227708,723.7000122070312,0.007307397746256994,2026-08-12
QQQ260818P00688000,2026-08-12 19:56:23+00:00,688.0,0.24,0.21,0.24,-0.36,-59.999996,16.0,89,0.19702951416015624,False,REGULAR,USD,QQQ,put,2026-08-18,0.01643835616438356,0.22499999999999998,0.002717187915508425,-0.020613911936825602,-126656.31286427852,723.7000122070312,0.007307397746256994,2026-08-12
QQQ260818P00689000,2026-08-12 17:41:55+00:00,689.0,0.23,0.23,0.25,-0.41999996,-64.61538,9.0,33,0.19385571777343752,False,REGULAR,USD,QQQ,put,2026-08-18,0.01643835616438356,0.24,0.002907863855595855,-0.021910283647738726,-50257.99618610619,723.7000122070312,0.007307397746256994,2026-08-12
QQQ260818P00690000,2026-08-12 19:56:38+00:00,690.0,0.28,0.25,0.27,-0.44000003,-61.111115,92.0,1793,0.19165847412109377,False,REGULAR,USD,QQQ,put,2026-08-18,0.01643835616438356,0.26,0.003161745458441951,-0.023873772582001962,-2969096.772351956,723.7000122070312,0.007307397746256994,2026-08-12
QQQ260818P00691000,2026-08-12 19:56:35+00:00,691.0,0.3,0.27,0.29,-0.57,-65.51724,45.0,153,0.18921709228515626,False,REGULAR,USD,QQQ,put,2026-08-18,0.01643835616438356,0.28,0.003426659372613343,-0.025879116023991178,-274586.7180058274,723.7000122070312,0.007307397746256994,2026-08-12
QQQ260818P00692000,2026-08-12 17:07:16+00:00,692.0,0.29,0.29,0.32,-0.52,-64.19753,17.0,344,0.18799640136718748,False,REGULAR,USD,QQQ,put,2026-08-18,0.01643835616438356,0.305,0.003778659361680035,-0.028873388955256818,-680790.2783335941,723.7000122070312,0.007307397746256994,2026-08-12
QQQ260818P00693000,2026-08-12 19:56:05+00:00,693.0,0.34,0.31,0.34,-0.59000003,-63.44086,84.0,244,0.18518881225585934,False,REGULAR,USD,QQQ,put,2026-08-18,0.01643835616438356,0.325,0.0040771437869173855,-0.031076466708659822,-521030.3408462682,723.7000122070312,0.007307397746256994,2026-08-12
QQQ260818P00694000,2026-08-12 18:07:01+00:00,694.0,0.33,0.34,0.37,-0.61,-64.893616,43.0,288,0.18323570678710935,False,REGULAR,USD,QQQ,put,2026-08-18,0.01643835616438356,0.355,0.004450416963685728,-0.03411730277179059,-671290.2663544607,723.7000122070312,0.007307397746256994,2026-08-12
QQQ260818P00695000,2026-08-12 20:04:47+00:00,695.0,0.35,0.37,0.4,-0.68999994,-66.346146,138.0,218,0.1810384631347656,False,REGULAR,USD,QQQ,put,2026-08-18,0.01643835616438356,0.385,0.0048429867593760886,-0.03727132172049874,-552951.3659145567,723.7000122070312,0.007307397746256994,2026-08-12
QQQ260818P00696000,2026-08-12 20:05:29+00:00,696.0,0.34,0.41,0.43,-0.77,-69.36937,943.0,488,0.178719150390625,False,REGULAR,USD,QQQ,put,2026-08-18,0.01643835616438356,0.42,0.0052634753006460195,-0.040635131571342575,-1345270.3526087732,723.7000122070312,0.007307397746256994,2026-08-12
QQQ260818P00697000,2026-08-12 20:00:06+00:00,697.0,0.44,0.44,0.47,-0.77000004,-63.636368,48.0,202,0.176766044921875,False,REGULAR,USD,QQQ,put,2026-08-18,0.01643835616438356,0.45499999999999996,0.005743664508745657,-0.044657428923018716,-607655.7249332024,723.7000122070312,0.007307397746256994,2026-08-12
QQQ260818P00698000,2026-08-12 19:53:02+00:00,698.0,0.48,0.48,0.51,-0.87,-64.44444,82.0,68,0.17469087036132813,False,REGULAR,USD,QQQ,put,2026-08-18,0.01643835616438356,0.495,0.006257961225910291,-0.048969658558779994,-222873.76033072482,723.7000122070312,0.007307397746256994,2026-08-12
QQQ260818P00699000,2026-08-12 20:13:39+00:00,699.0,0.54,0.53,0.56,-0.86999995,-61.702126,85.0,205,0.1729819030761719,False,REGULAR,USD,QQQ,put,2026-08-18,0.01643835616438356,0.545,0.006839038867421295,-0.0540814533285261,-734287.4285230071,723.7000122070312,0.007307397746256994,2026-08-12
QQQ260818P00700000,2026-08-12 19:58:20+00:00,700.0,0.59,0.58,0.61,-0.99000007,-62.65823,290.0,659,0.1710287976074219,False,REGULAR,USD,QQQ,put,2026-08-18,0.01643835616438356,0.595,0.007452584201623381,-0.05945033469707761,-2572228.027182488,723.7000122070312,0.007307397746256994,2026-08-12
QQQ260818P00701000,2026-08-12 20:12:28+00:00,701.0,0.63,0.63,0.66,-1.1,-63.583813,498.0,234,0.1687094848632813,False,REGULAR,USD,QQQ,put,2026-08-18,0.01643835616438356,0.645,0.008094307630090038,-0.06494371220128348,-992002.40113506,723.7000122070312,0.007307397746256994,2026-08-12
QQQ260818P00702000,2026-08-12 20:05:00+00:00,702.0,0.64,0.7,0.72,-1.2,-65.21739,171.0,228,0.1667563793945313,False,REGULAR,USD,QQQ,put,2026-08-18,0.01643835616438356,0.71,0.008811807605305231,-0.07141159429374788,-1052245.345129449,723.7000122070312,0.007307397746256994,2026-08-12
QQQ260818P00703000,2026-08-12 20:01:49+00:00,703.0,0.7,0.76,0.79,-1.3699999,-66.18357,105.0,97,0.16492534301757814,False,REGULAR,USD,QQQ,put,2026-08-18,0.01643835616438356,0.775,0.009592401232345685,-0.07867037690952694,-487322.238400765,723.7000122070312,0.007307397746256994,2026-08-12
QQQ260818P00704000,2026-08-12 19:58:39+00:00,704.0,0.85,0.84,0.87,-1.39,-62.05357,379.0,104,0.16339947937011723,False,REGULAR,USD,QQQ,put,2026-08-18,0.01643835616438356,0.855,0.010446987512674588,-0.08703694565187559,-569038.4003074407,723.7000122070312,0.007307397746256994,2026-08-12
QQQ260818P00705000,2026-08-12 20:14:48+00:00,705.0,0.96,0.92,0.96,-1.44,-59.999996,355.0,314,0.16187361572265624,False,REGULAR,USD,QQQ,put,2026-08-18,0.01643835616438356,0.94,0.01135836585986688,-0.09621024457734473,-1867938.8785757122,723.7000122070312,0.007307397746256994,2026-08-12
QQQ260818P00706000,2026-08-12 20:07:04+00:00,706.0,0.95,1.01,1.05,-1.5999999,-62.745094,263.0,130,0.16004257934570312,False,REGULAR,USD,QQQ,put,2026-08-18,0.01643835616438356,1.03,0.012314286622467446,-0.10582323905149449,-838435.7155680921,723.7000122070312,0.007307397746256994,2026-08-12
QQQ260818P00707000,2026-08-12 20:11:04+00:00,707.0,1.06,1.11,1.16,-1.76,-62.41135,301.0,244,0.15863878479003907,False,REGULAR,USD,QQQ,put,2026-08-18,0.01643835616438356,1.135,0.013345622627134898,-0.11695786325483004,-1705476.8410508016,723.7000122070312,0.007307397746256994,2026-08-12
QQQ260818P00708000,2026-08-12 19:53:46+00:00,708.0,1.23,1.22,1.27,-1.8,-59.40594,319.0,183,0.15680774841308598,False,REGULAR,USD,QQQ,put,2026-08-18,0.01643835616438356,1.245,0.014419973927642922,-0.1284618117660392,-1382078.543799895,723.7000122070312,0.007307397746256994,2026-08-12
QQQ260818P00709000,2026-08-12 20:13:39+00:00,709.0,1.37,1.35,1.39,-2.02,-59.587025,284.0,120,0.1549156774902344,False,REGULAR,USD,QQQ,put,2026-08-18,0.01643835616438356,1.37,0.01555285693110752,-0.1409115378653032,-977481.5817865741,723.7000122070312,0.007307397746256994,2026-08-12
QQQ260818P00710000,2026-08-12 20:12:36+00:00,710.0,1.54,1.48,1.53,-1.94,-55.747128,353.0,489,0.15338981384277345,False,REGULAR,USD,QQQ,put,2026-08-18,0.01643835616438356,1.505,0.016744888112534405,-0.1550350689092186,-4288528.188145473,723.7000122070312,0.007307397746256994,2026-08-12
QQQ260818P00711000,2026-08-12 19:35:26+00:00,711.0,1.56,1.63,1.67,-2.1100001,-57.49319,241.0,76,0.15137567382812503,False,REGULAR,USD,QQQ,put,2026-08-18,0.01643835616438356,1.65,0.017988279016216344,-0.16958607453590302,-716012.1097177065,723.7000122070312,0.007307397746256994,2026-08-12
QQQ260818P00712000,2026-08-12 20:11:04+00:00,712.0,1.72,1.79,1.84,-2.45,-58.753,191.0,159,0.14997187927246097,False,REGULAR,USD,QQQ,put,2026-08-18,0.01643835616438356,1.815,0.019268156756667393,-0.18633763762922584,-1604554.4344143197,723.7000122070312,0.007307397746256994,2026-08-12
QQQ260818P00713000,2026-08-12 20:07:38+00:00,713.0,1.91,1.97,2.02,-2.3700004,-55.373837,321.0,255,0.14832394653320313,False,REGULAR,USD,QQQ,put,2026-08-18,0.01643835616438356,1.995,0.02058579036428232,-0.20401585009789835,-2749317.434768994,723.7000122070312,0.007307397746256994,2026-08-12
QQQ260818P00714000,2026-08-12 20:14:18+00:00,714.0,2.2,2.15,2.2,-2.4999998,-53.191486,203.0,151,0.14618773742675778,False,REGULAR,USD,QQQ,put,2026-08-18,0.01643835616438356,2.175,0.02195991467217261,-0.22231448216551186,-1736699.8048092509,723.7000122070312,0.007307397746256994,2026-08-12
QQQ260818P00715000,2026-08-12 20:03:26+00:00,715.0,2.27,2.38,2.43,-2.75,-54.780876,613.0,642,0.14508911560058596,False,REGULAR,USD,QQQ,put,2026-08-18,0.01643835616438356,2.4050000000000002,0.023278634435285078,-0.24358744583176606,-7827258.704351264,723.7000122070312,0.007307397746256994,2026-08-12
QQQ260818P00716000,2026-08-12 19:52:31+00:00,716.0,2.64,2.59,2.67,-3.0199997,-53.356888,191.0,118,0.14368532104492188,False,REGULAR,USD,QQQ,put,2026-08-18,0.01643835616438356,2.63,0.024605790534996598,-0.2658049843642226,-1520675.2928931145,723.7000122070312,0.007307397746256994,2026-08-12
QQQ260818P00717000,2026-08-12 19:59:45+00:00,717.0,2.85,2.84,2.93,-3.1800003,-52.73632,160.0,185,0.14222049194335937,False,REGULAR,USD,QQQ,put,2026-08-18,0.01643835616438356,2.885,0.025912525802112805,-0.28935713171837363,-2510722.045016281,723.7000122070312,0.007307397746256994,2026-08-12
QQQ260818P00718000,2026-08-12 20:06:04+00:00,718.0,2.85,3.13,3.21,-3.4900002,-55.04732,248.0,216,0.14075566284179689,False,REGULAR,USD,QQQ,put,2026-08-18,0.01643835616438356,3.17,0.027174862953800446,-0.3143263459085004,-3074243.571881224,723.7000122070312,0.007307397746256994,2026-08-12
QQQ260818P00719000,2026-08-12 19:56:38+00:00,719.0,3.65,3.41,3.51,-3.19,-46.637424,74.0,147,0.13916876464843753,False,REGULAR,USD,QQQ,put,2026-08-18,0.01643835616438356,3.46,0.02839303436775374,-0.3405609517258523,-2185980.596931511,723.7000122070312,0.007307397746256994,2026-08-12
QQQ260818P00720000,2026-08-12 20:02:17+00:00,720.0,3.6,3.77,3.84,-3.77,-51.153324,574.0,795,0.13776497009277344,False,REGULAR,USD,QQQ,put,2026-08-18,0.01643835616438356,3.8049999999999997,0.029493858445141637,-0.3683402722449841,-12280495.21129323,723.7000122070312,0.007307397746256994,2026-08-12
QQQ260818P00721000,2026-08-12 20:07:46+00:00,721.0,4.0,4.09,4.2,-3.67,-47.848763,308.0,354,0.1364222100830078,False,REGULAR,USD,QQQ,put,2026-08-18,0.01643835616438356,4.145,0.030468687981683288,-0.39741718332618403,-5649033.826576249,723.7000122070312,0.007307397746256994,2026-08-12
QQQ260818P00722000,2026-08-12 19:57:10+00:00,722.0,4.73,4.48,4.59,-3.3700004,-41.60494,182.0,466,0.13517100189208986,False,REGULAR,USD,QQQ,put,2026-08-18,0.01643835616438356,4.535,0.03128394279623145,-0.4276698841039933,-7635272.820178475,723.7000122070312,0.007307397746256994,2026-08-12
QQQ260818P00723000,2026-08-12 20:00:27+00:00,723.0,4.86,4.89,5.0,-5.44,-52.815533,712.0,104,0.13370617279052732,False,REGULAR,USD,QQQ,put,2026-08-18,0.01643835616438356,4.945,0.03198527708797122,-0.4588309301167326,-1742210.458799494,723.7000122070312,0.007307397746256994,2026-08-12
QQQ260818P00724000,2026-08-12 20:00:47+00:00,724.0,5.22,5.33,5.44,-5.2900004,-50.33302,624.0,92,0.13227186096191407,True,REGULAR,USD,QQQ,put,2026-08-18,0.01643835616438356,5.385,0.03249689050530308,-0.4908992583203292,-1565837.877298932,723.7000122070312,0.007307397746256994,2026-08-12
QQQ260818P00725000,2026-08-12 20:06:29+00:00,725.0,5.41,5.83,5.93,-4.8900003,-47.47573,592.0,244,0.13132582550048827,True,REGULAR,USD,QQQ,put,2026-08-18,0.01643835616438356,5.88,0.03268234627084949,-0.5235710991032563,-4176574.3145475974,723.7000122070312,0.007307397746256994,2026-08-12
QQQ260818P00726000,2026-08-12 20:13:56+00:00,726.0,6.35,6.31,6.46,-5.23,-45.164078,138.0,219,0.13062392822265623,True,REGULAR,USD,QQQ,put,2026-08-18,0.01643835616438356,6.385,0.03258603908840063,-0.5563922110797292,-3737600.2390698995,723.7000122070312,0.007307397746256994,2026-08-12
QQQ260818P00727000,2026-08-12 19:59:04+00:00,727.0,7.07,6.84,7.0,-4.4599996,-38.681698,107.0,240,0.1294032373046875,True,REGULAR,USD,QQQ,put,2026-08-18,0.01643835616438356,6.92,0.032386043408263405,-0.5895111267155686,-4070861.203024477,723.7000122070312,0.007307397746256994,2026-08-12
QQQ260818P00728000,2026-08-12 19:26:05+00:00,728.0,7.22,7.42,7.57,-4.9500003,-40.67379,33.0,119,0.1281215118408203,True,REGULAR,USD,QQQ,put,2026-08-18,0.01643835616438356,7.495,0.031960138056409335,-0.6226299768487678,-1991924.0166750334,723.7000122070312,0.007307397746256994,2026-08-12
QQQ260818P00729000,2026-08-12 18:21:20+00:00,729.0,7.43,8.02,8.18,-5.57,-42.846153,50.0,220,0.12708392456054687,True,REGULAR,USD,QQQ,put,2026-08-18,0.01643835616438356,8.1,0.031239576205324443,-0.6551734299136531,-3599523.177495416,723.7000122070312,0.007307397746256994,2026-08-12
QQQ260818P00730000,2026-08-12 20:08:58+00:00,730.0,8.53,8.67,8.82,-5.45,-38.984264,95.0,171,0.125985302734375,True,REGULAR,USD,QQQ,put,2026-08-18,0.01643835616438356,8.745000000000001,0.03029908554261079,-0.6871591824830434,-2713581.0112924175,723.7000122070312,0.007307397746256994,2026-08-12
QQQ260818P00731000,2026-08-12 19:56:48+00:00,731.0,9.61,9.13,9.75,-2.04,-17.51073,591.0,400,0.1324854818725586,True,REGULAR,USD,QQQ,put,2026-08-18,0.01643835616438356,9.440000000000001,0.02799453290842303,-0.7066613848109088,-5864761.78833532,723.7000122070312,0.007307397746256994,2026-08-12
QQQ260818P00732000,2026-08-12 19:21:35+00:00,732.0,9.83,9.8,10.66,-5.16,-34.42295,135.0,61,0.13807014282226562,True,REGULAR,USD,QQQ,put,2026-08-18,0.01643835616438356,10.23,0.02603875577333755,-0.7251436961201914,-831892.5272716722,723.7000122070312,0.007307397746256994,2026-08-12
QQQ260818P00735000,2026-08-12 16:05:41+00:00,735.0,12.59,12.1,12.97,-5.16,-29.070423,81.0,38,0.13892462646484377,True,REGULAR,USD,QQQ,put,2026-08-18,0.01643835616438356,12.535,0.022039240338733303,-0.7950371032192219,-438629.03608750156,723.7000122070312,0.007307397746256994,2026-08-12
QQQ260818P00738000,2026-08-10 16:33:00+00:00,738.0,17.72,14.58,15.56,0.0,0.0,2.0,2,0.14411256286621094,True,REGULAR,USD,QQQ,put,2026-08-18,0.01643835616438356,15.07,0.01783937668339201,-0.8447470028076705,-18686.45121580118,723.7000122070312,0.007307397746256994,2026-08-12
QQQ260818P00740000,2026-08-10 16:33:01+00:00,740.0,19.44,16.37,17.08,0.0,0.0,68.0,39,0.13501841552734378,True,REGULAR,USD,QQQ,put,2026-08-18,0.01643835616438356,16.725,0.014761720534619174,-0.8925146068541308,-301521.8201161131,723.7000122070312,0.007307397746256994,2026-08-12
QQQ260818P00744000,2026-08-10 19:17:35+00:00,744.0,22.74,20.15,21.14,0.0,0.0,75.0,38,0.16089706298828127,True,REGULAR,USD,QQQ,put,2026-08-18,0.01643835616438356,20.645,0.011496050198007327,-0.9030009769735046,-228796.5165615732,723.7000122070312,0.007307397746256994,2026-08-12
QQQ260818P00745000,2026-08-10 16:33:02+00:00,745.0,23.86,21.13,23.4,0.0,0.0,2.0,5,0.22235885070800776,True,REGULAR,USD,QQQ,put,2026-08-18,0.01643835616438356,22.265,0.011960621068843892,-0.8364951677374501,-31321.380516858135,723.7000122070312,0.007307397746256994,2026-08-12
QQQ260818P00750000,2026-08-04 17:24:45+00:00,750.0,30.53,24.51,28.39,0.0,0.0,0.0,0,0.2536695727539063,True,REGULAR,USD,QQQ,put,2026-08-18,0.01643835616438356,26.450000000000003,0.009653241503085584,-0.8556715852937752,-0.0,723.7000122070312,0.007307397746256994,2026-08-12
QQQ260818P00760000,2026-08-04 19:28:14+00:00,760.0,37.22,34.5,38.23,0.0,0.0,0.0,1,0.30591514404296877,True,REGULAR,USD,QQQ,put,2026-08-18,0.01643835616438356,36.364999999999995,0.006747519087559713,-0.8871346817221657,-3533.957169444034,723.7000122070312,0.007307397746256994,2026-08-12
QQQ260819C00665000,2026-08-12 19:54:49+00:00,665.0,59.42,57.44,61.08,2.2799988,3.9901974,1.0,2,0.45740288696289066,True,REGULAR,USD,QQQ,call,2026-08-19,0.019178082191780823,59.26,0.003361972564150053,0.9160834376239331,3521.6105037649013,723.7000122070312,0.007307397746256994,2026-08-12
QQQ260819C00675000,2026-08-07 14:14:30+00:00,675.0,43.96,47.38,51.14,0.0,0.0,3.0,38,0.40015248291015626,True,REGULAR,USD,QQQ,call,2026-08-19,0.019178082191780823,49.260000000000005,0.0042804169211794986,0.9029741324093352,85189.64897759739,723.7000122070312,0.007307397746256994,2026-08-12
QQQ260819C00678000,2026-08-07 20:14:39+00:00,678.0,46.0,44.41,48.17,0.0,0.0,1.0,1,0.38318487915039057,True,REGULAR,USD,QQQ,call,2026-08-19,0.019178082191780823,46.29,0.004636404575308999,0.897997208295447,2428.2784497141834,723.7000122070312,0.007307397746256994,2026-08-12
QQQ260819C00680000,2026-08-11 18:40:38+00:00,680.0,37.7,42.5,46.19,0.0,0.0,14.0,34,0.37183245361328127,True,REGULAR,USD,QQQ,call,2026-08-19,0.019178082191780823,44.345,0.004900018452156632,0.8943876744007129,87255.69707914183,723.7000122070312,0.007307397746256994,2026-08-12
QQQ260819C00683000,2026-08-07 15:32:04+00:00,683.0,41.9,39.54,43.23,0.0,0.0,1.0,1,0.3549869189453124,True,REGULAR,USD,QQQ,call,2026-08-19,0.019178082191780823,41.385,0.00534324948040956,0.8883118152189443,2798.4826073682993,723.7000122070312,0.007307397746256994,2026-08-12
QQQ260819C00685000,2026-08-11 15:45:59+00:00,685.0,40.38,37.53,41.27,4.6399994,12.98265,5.0,39,0.3442448388671875,True,REGULAR,USD,QQQ,call,2026-08-19,0.019178082191780823,39.400000000000006,0.005677498670232521,0.8835161019215949,115968.17110448603,723.7000122070312,0.007307397746256994,2026-08-12
QQQ260819C00690000,2026-08-12 13:58:12+00:00,690.0,35.02,32.72,35.18,5.42,18.31081,5.0,44,0.26355716918945316,True,REGULAR,USD,QQQ,call,2026-08-19,0.019178082191780823,33.95,0.006106665281131773,0.9108103386514766,140725.8733099839,723.7000122070312,0.007307397746256994,2026-08-12
QQQ260819C00695000,2026-08-11 18:09:15+00:00,695.0,30.68,29.25,30.04,5.8999996,23.80952,5.0,16,0.22766885620117186,True,REGULAR,USD,QQQ,call,2026-08-19,0.019178082191780823,29.645,0.00728216088892951,0.9071707841491605,61023.54207175027,723.7000122070312,0.007307397746256994,2026-08-12
QQQ260819C00697000,2026-08-12 18:07:27+00:00,697.0,28.81,27.35,28.13,7.1499996,33.010155,2.0,2,0.22022264160156246,True,REGULAR,USD,QQQ,call,2026-08-19,0.019178082191780823,27.740000000000002,0.008038716844073961,0.8984931606193977,8420.422574756973,723.7000122070312,0.007307397746256994,2026-08-12
QQQ260819C00699000,2026-08-11 18:09:15+00:00,699.0,21.26,25.47,26.54,0.0,0.0,1.0,4,0.22583781982421874,True,REGULAR,USD,QQQ,call,2026-08-19,0.019178082191780823,26.005,0.00909325765652928,0.8750333626572246,19050.07317319967,723.7000122070312,0.007307397746256994,2026-08-12
QQQ260819C00700000,2026-08-12 14:31:19+00:00,700.0,25.79,24.53,25.28,4.92,23.574509,2.0,10,0.2087481469726562,True,REGULAR,USD,QQQ,call,2026-08-19,0.019178082191780823,24.905,0.009362311343649095,0.8835231995107145,49034.32930846545,723.7000122070312,0.007307397746256994,2026-08-12
QQQ260819C00701000,2026-08-12 17:49:16+00:00,701.0,24.84,23.61,24.36,-1.0300007,-3.9814482,8.0,5,0.2059405578613281,True,REGULAR,USD,QQQ,call,2026-08-19,0.019178082191780823,23.985,0.009879129548471307,0.8766903144644469,25870.560899971388,723.7000122070312,0.007307397746256994,2026-08-12
QQQ260819C00702000,2026-08-11 17:13:07+00:00,702.0,18.42,22.7,23.43,0.0,0.0,1.0,2,0.20252262329101559,True,REGULAR,USD,QQQ,call,2026-08-19,0.019178082191780823,23.064999999999998,0.010417041814183884,0.8700967664477017,10911.678537228781,723.7000122070312,0.007307397746256994,2026-08-12
QQQ260819C00703000,2026-08-11 16:03:38+00:00,703.0,19.07,21.78,22.4,0.0,0.0,8.0,8,0.1950153741455078,True,REGULAR,USD,QQQ,call,2026-08-19,0.019178082191780823,22.09,0.01094485826197114,0.867887171597711,45858.2300505119,723.7000122070312,0.007307397746256994,2026-08-12
QQQ260819C00705000,2026-08-12 13:54:07+00:00,705.0,22.11,19.98,20.71,5.8600006,36.061543,1.0,19,0.19367261413574222,True,REGULAR,USD,QQQ,call,2026-08-19,0.019178082191780823,20.345,0.012240680946337536,0.8456826300349541,121808.1476953318,723.7000122070312,0.007307397746256994,2026-08-12
QQQ260819C00706000,2026-08-12 15:55:00+00:00,706.0,19.4,19.1,19.82,3.92,25.322998,7.0,54,0.1909260595703125,True,REGULAR,USD,QQQ,call,2026-08-19,0.019178082191780823,19.46,0.012914254660089797,0.8361469630424803,365241.6246028011,723.7000122070312,0.007307397746256994,2026-08-12
QQQ260819C00707000,2026-08-12 18:50:15+00:00,707.0,19.4,18.23,19.22,1.2600002,6.945977,6.0,8,0.1974567559814453,True,REGULAR,USD,QQQ,call,2026-08-19,0.019178082191780823,18.725,0.013500248515610828,0.8147403195380646,56565.145692116566,723.7000122070312,0.007307397746256994,2026-08-12
QQQ260819C00708000,2026-08-11 19:10:19+00:00,708.0,13.65,17.37,18.35,0.0,0.0,160.0,41,0.19446606323242188,True,REGULAR,USD,QQQ,call,2026-08-19,0.019178082191780823,17.86,0.014185849592548025,0.8041038282347048,304618.5647034886,723.7000122070312,0.007307397746256994,2026-08-12
QQQ260819C00709000,2026-08-11 19:21:14+00:00,709.0,13.25,16.51,17.48,0.0,0.0,183.0,38,0.19129226684570313,True,REGULAR,USD,QQQ,call,2026-08-19,0.019178082191780823,16.995,0.014905919586385763,0.792994963736141,296660.36758461053,723.7000122070312,0.007307397746256994,2026-08-12
QQQ260819C00710000,2026-08-12 19:19:53+00:00,710.0,16.83,15.67,16.65,4.2,33.254154,11.0,154,0.1889729541015625,True,REGULAR,USD,QQQ,call,2026-08-19,0.019178082191780823,16.16,0.015627786565466272,0.7801506389737761,1260478.2379228235,723.7000122070312,0.007307397746256994,2026-08-12
QQQ260819C00711000,2026-08-11 19:22:10+00:00,711.0,11.9,14.85,15.79,0.0,0.0,204.0,72,0.18555501953124998,True,REGULAR,USD,QQQ,call,2026-08-19,0.019178082191780823,15.32,0.016414342858376528,0.7678196740867927,618975.0690409201,723.7000122070312,0.007307397746256994,2026-08-12
QQQ260819C00712000,2026-08-11 19:19:18+00:00,712.0,11.23,14.04,14.97,0.0,0.0,320.0,82,0.18293053405761717,True,REGULAR,USD,QQQ,call,2026-08-19,0.019178082191780823,14.504999999999999,0.01719387392097574,0.7537495930254554,738422.2088822547,723.7000122070312,0.007307397746256994,2026-08-12
QQQ260819C00713000,2026-08-12 19:46:51+00:00,713.0,13.61,13.24,14.17,-0.39000034,-2.7857168,7.0,50,0.1805501867675781,True,REGULAR,USD,QQQ,call,2026-08-19,0.019178082191780823,13.705,0.01797658223919303,0.7385628064297945,470754.2939998708,723.7000122070312,0.007307397746256994,2026-08-12
QQQ260819C00714000,2026-08-12 19:28:47+00:00,714.0,13.14,12.46,13.1,2.7200003,26.10365,105.0,79,0.170479486694336,True,REGULAR,USD,QQQ,call,2026-08-19,0.019178082191780823,12.780000000000001,0.019315931099157357,0.7310074603619414,799208.1403872359,723.7000122070312,0.007307397746256994,2026-08-12
QQQ260819C00715000,2026-08-12 19:03:55+00:00,715.0,12.95,11.7,12.33,3.38,35.318707,114.0,155,0.16834327758789067,True,REGULAR,USD,QQQ,call,2026-08-19,0.019178082191780823,12.015,0.020176210046777367,0.7134002935284824,1637904.0191473824,723.7000122070312,0.007307397746256994,2026-08-12
QQQ260819C00716000,2026-08-12 17:51:06+00:00,716.0,12.57,11.14,11.34,3.6599998,41.077442,544.0,19,0.16010361389160155,True,REGULAR,USD,QQQ,call,2026-08-19,0.019178082191780823,11.24,0.02162620453685199,0.7012961513076155,215204.36059584573,723.7000122070312,0.007307397746256994,2026-08-12
QQQ260819C00717000,2026-08-12 19:59:46+00:00,717.0,10.67,10.42,10.6,2.3199997,27.784426,2848.0,44,0.15805895660400393,True,REGULAR,USD,QQQ,call,2026-08-19,0.019178082191780823,10.51,0.022541074405537667,0.6811499789693329,519450.83528087434,723.7000122070312,0.007307397746256994,2026-08-12
QQQ260819C00718000,2026-08-12 19:52:57+00:00,718.0,9.94,9.72,9.89,2.1499996,27.599483,4482.0,195,0.15631947204589847,True,REGULAR,USD,QQQ,call,2026-08-19,0.019178082191780823,9.805,0.02339698214944686,0.6596592202828961,2389525.200121743,723.7000122070312,0.007307397746256994,2026-08-12
QQQ260819C00719000,2026-08-12 19:59:24+00:00,719.0,9.21,9.04,9.2,2.0700002,28.9916,2898.0,97,0.15454947021484378,True,REGULAR,USD,QQQ,call,2026-08-19,0.019178082191780823,9.12,0.024217704158267434,0.6371951225838585,1230330.707971067,723.7000122070312,0.007307397746256994,2026-08-12
QQQ260819C00720000,2026-08-12 20:05:51+00:00,720.0,9.08,8.39,8.53,2.17,31.403763,972.0,283,0.15277946838378909,True,REGULAR,USD,QQQ,call,2026-08-19,0.019178082191780823,8.46,0.024988196341886235,0.6137478349142028,3703723.0564941373,723.7000122070312,0.007307397746256994,2026-08-12
QQQ260819C00721000,2026-08-12 19:56:13+00:00,721.0,7.62,7.76,7.9,1.4000001,22.508041,101.0,188,0.15140619110107423,True,REGULAR,USD,QQQ,call,2026-08-19,0.019178082191780823,7.83,0.02563180361880301,0.5891416907989996,2523795.584411673,723.7000122070312,0.007307397746256994,2026-08-12
QQQ260819C00722000,2026-08-12 20:08:48+00:00,722.0,7.57,7.15,7.29,1.81,31.42361,55.0,247,0.14997187927246097,True,REGULAR,USD,QQQ,call,2026-08-19,0.019178082191780823,7.220000000000001,0.0262024087498271,0.5637794377563284,3389653.6930043586,723.7000122070312,0.007307397746256994,2026-08-12
QQQ260819C00723000,2026-08-12 20:08:08+00:00,723.0,6.86,6.59,6.7,1.69,32.688587,236.0,116,0.1484765328979492,True,REGULAR,USD,QQQ,call,2026-08-19,0.019178082191780823,6.645,0.026689815804895562,0.5377051640887187,1621514.0860134594,723.7000122070312,0.007307397746256994,2026-08-12
QQQ260819C00724000,2026-08-12 20:12:50+00:00,724.0,5.86,6.02,6.14,1.0,20.576132,1459.0,327,0.14710325561523438,False,REGULAR,USD,QQQ,call,2026-08-19,0.019178082191780823,6.08,0.027049697494596143,0.5109689775359476,4632626.905779336,723.7000122070312,0.007307397746256994,2026-08-12
QQQ260819C00725000,2026-08-12 20:11:13+00:00,725.0,5.71,5.51,5.59,1.2200003,27.171501,2463.0,1254,0.1453332537841797,False,REGULAR,USD,QQQ,call,2026-08-19,0.019178082191780823,5.55,0.027366484356974505,0.48365091409113137,17973543.43950495,723.7000122070312,0.007307397746256994,2026-08-12
QQQ260819C00726000,2026-08-12 19:53:50+00:00,726.0,4.98,5.01,5.1,0.80999994,19.424458,239.0,150,0.14438721832275392,False,REGULAR,USD,QQQ,call,2026-08-19,0.019178082191780823,5.055,0.027401671677662897,0.45607532306071985,2152709.747614435,723.7000122070312,0.007307397746256994,2026-08-12
QQQ260819C00727000,2026-08-12 19:42:34+00:00,727.0,4.53,4.53,4.62,0.9300003,25.833342,142.0,80,0.1430749755859375,False,REGULAR,USD,QQQ,call,2026-08-19,0.019178082191780823,4.575,0.027369822328788266,0.428187389516755,1146777.398804947,723.7000122070312,0.007307397746256994,2026-08-12
QQQ260819C00728000,2026-08-12 20:12:22+00:00,728.0,4.02,4.09,4.17,0.52,14.857142,246.0,97,0.1417932501220703,False,REGULAR,USD,QQQ,call,2026-08-19,0.019178082191780823,4.13,0.02719037323244719,0.4002087070323769,1381351.053363746,723.7000122070312,0.007307397746256994,2026-08-12
QQQ260819C00729000,2026-08-12 20:12:22+00:00,729.0,3.59,3.69,3.75,0.29999995,9.11854,140.0,39,0.14063359375,False,REGULAR,USD,QQQ,call,2026-08-19,0.019178082191780823,3.7199999999999998,0.02684405267650913,0.3723881298146798,548314.6495919395,723.7000122070312,0.007307397746256994,2026-08-12
QQQ260819C00730000,2026-08-12 20:13:26+00:00,730.0,3.24,3.3,3.37,0.46000004,16.546764,703.0,399,0.1397791101074219,False,REGULAR,USD,QQQ,call,2026-08-19,0.019178082191780823,3.335,0.02630450797135179,0.3451457903073949,5496930.401793438,723.7000122070312,0.007307397746256994,2026-08-12
QQQ260819C00731000,2026-08-12 19:42:59+00:00,731.0,2.92,2.94,3.0,-0.75,-20.435966,545.0,50,0.13852790191650394,False,REGULAR,USD,QQQ,call,2026-08-19,0.019178082191780823,2.9699999999999998,0.02568669553251742,0.3178961639390532,672659.6891280203,723.7000122070312,0.007307397746256994,2026-08-12
QQQ260819C00732000,2026-08-12 19:34:15+00:00,732.0,2.74,2.62,2.67,0.3800001,16.1017,272.0,81,0.1376429010009766,False,REGULAR,USD,QQQ,call,2026-08-19,0.019178082191780823,2.645,0.024881211630466585,0.2916824996191849,1055537.5897242685,723.7000122070312,0.007307397746256994,2026-08-12
QQQ260819C00733000,2026-08-12 20:13:26+00:00,733.0,2.28,2.32,2.36,0.30999994,15.736037,282.0,31,0.13660531372070314,False,REGULAR,USD,QQQ,call,2026-08-19,0.019178082191780823,2.34,0.02397019496660892,0.26600173329063787,389179.9161936861,723.7000122070312,0.007307397746256994,2026-08-12
QQQ260819C00734000,2026-08-12 19:17:16+00:00,734.0,2.51,2.04,2.08,0.65,34.946236,180.0,104,0.1356897955322266,False,REGULAR,USD,QQQ,call,2026-08-19,0.019178082191780823,2.06,0.022931763016337606,0.24138741817345177,1249073.3550906028,723.7000122070312,0.007307397746256994,2026-08-12
QQQ260819C00735000,2026-08-12 20:14:54+00:00,735.0,1.82,1.79,1.83,0.20000005,12.345681,239.0,117,0.13501841552734378,False,REGULAR,USD,QQQ,call,2026-08-19,0.019178082191780823,1.81,0.021778998143032736,0.21821277713820836,1334568.6524125943,723.7000122070312,0.007307397746256994,2026-08-12
QQQ260819C00736000,2026-08-12 20:04:55+00:00,736.0,1.68,1.56,1.6,-0.1400001,-7.692313,186.0,87,0.13422496643066406,False,REGULAR,USD,QQQ,call,2026-08-19,0.019178082191780823,1.58,0.020557361450514806,0.19597164817497043,936707.0404387793,723.7000122070312,0.007307397746256994,2026-08-12
QQQ260819C00737000,2026-08-12 20:03:45+00:00,737.0,1.45,1.35,1.39,0.2800001,23.931633,187.0,100,0.13337048278808594,False,REGULAR,USD,QQQ,call,2026-08-19,0.019178082191780823,1.37,0.01927374961927993,0.17483869072057662,1009446.6538775946,723.7000122070312,0.007307397746256994,2026-08-12
QQQ260819C00738000,2026-08-12 20:04:23+00:00,738.0,1.26,1.16,1.21,0.13999999,12.499998,56.0,77,0.13288220642089843,False,REGULAR,USD,QQQ,call,2026-08-19,0.019178082191780823,1.185,0.017943824474055445,0.1556727811082615,723640.5539551537,723.7000122070312,0.007307397746256994,2026-08-12
QQQ260819C00739000,2026-08-12 20:03:25+00:00,739.0,1.11,1.0,1.05,0.17000002,18.085108,56.0,57,0.1324549645996094,False,REGULAR,USD,QQQ,call,2026-08-19,0.019178082191780823,1.025,0.016599759752579914,0.13795608401603376,495557.23162303277,723.7000122070312,0.007307397746256994,2026-08-12
QQQ260819C00740000,2026-08-12 20:08:44+00:00,740.0,0.9,0.85,0.9,0.029999971,3.4482725,1712.0,158,0.13172255004882813,False,REGULAR,USD,QQQ,call,2026-08-19,0.019178082191780823,0.875,0.015244657374111193,0.1210328651611719,1261513.5359781305,723.7000122070312,0.007307397746256994,2026-08-12
QQQ260819C00741000,2026-08-12 19:37:31+00:00,741.0,0.84,0.72,0.77,0.13,18.30986,23.0,173,0.13111220458984374,False,REGULAR,USD,QQQ,call,2026-08-19,0.019178082191780823,0.745,0.013904380657219944,0.10569636246802017,1259838.6040208426,723.7000122070312,0.007307397746256994,2026-08-12
QQQ260819C00742000,2026-08-12 19:10:42+00:00,742.0,0.87,0.61,0.65,0.09000003,11.538466,35.0,56,0.1302577209472656,False,REGULAR,USD,QQQ,call,2026-08-19,0.019178082191780823,0.63,0.012571890734986286,0.09129473756036866,368727.7172411265,723.7000122070312,0.007307397746256994,2026-08-12
QQQ260819C00743000,2026-08-12 19:51:59+00:00,743.0,0.54,0.51,0.56,-0.07999998,-12.903223,51.0,66,0.1302577209472656,False,REGULAR,USD,QQQ,call,2026-08-19,0.019178082191780823,0.535,0.01134940586766664,0.07964167389787746,392314.37587017275,723.7000122070312,0.007307397746256994,2026-08-12
QQQ260819C00744000,2026-08-12 19:39:45+00:00,744.0,0.51,0.43,0.47,-0.06999999,-12.068964,44.0,7,0.12952530639648438,False,REGULAR,USD,QQQ,call,2026-08-19,0.019178082191780823,0.44999999999999996,0.010119595134131971,0.06804256476646163,37100.37825524582,723.7000122070312,0.007307397746256994,2026-08-12
QQQ260819C00745000,2026-08-12 19:58:49+00:00,745.0,0.35,0.36,0.4,-0.120000005,-25.531916,183.0,102,0.1294032373046875,False,REGULAR,USD,QQQ,call,2026-08-19,0.019178082191780823,0.38,0.009012924994863138,0.05856845151754262,481485.3622455287,723.7000122070312,0.007307397746256994,2026-08-12
QQQ260819C00747000,2026-08-12 20:08:47+00:00,747.0,0.26,0.25,0.28,-0.08000001,-23.529415,36.0,81,0.12867082275390623,False,REGULAR,USD,QQQ,call,2026-08-19,0.019178082191780823,0.265,0.006970832998683404,0.04213940008904371,295724.19426676835,723.7000122070312,0.007307397746256994,2026-08-12
QQQ260819C00748000,2026-08-12 19:38:35+00:00,748.0,0.26,0.2,0.23,-0.050000012,-16.129036,41.0,51,0.127938408203125,False,REGULAR,USD,QQQ,call,2026-08-19,0.019178082191780823,0.21500000000000002,0.006026689387399159,0.03500291170077072,160977.85815853396,723.7000122070312,0.007307397746256994,2026-08-12
QQQ260819C00749000,2026-08-12 18:46:52+00:00,749.0,0.34,0.17,0.2,0.08000001,30.769236,38.0,104,0.1289149609375,False,REGULAR,USD,QQQ,call,2026-08-19,0.019178082191780823,0.185,0.0053455082189355985,0.030544716043489267,291165.2227058747,723.7000122070312,0.007307397746256994,2026-08-12
QQQ260819C00750000,2026-08-12 19:59:51+00:00,750.0,0.14,0.13,0.17,-0.11,-44.0,157.0,275,0.12915909912109375,False,REGULAR,USD,QQQ,call,2026-08-19,0.019178082191780823,0.15000000000000002,0.004659153649738992,0.025955732505832323,671053.0994211067,723.7000122070312,0.007307397746256994,2026-08-12
QQQ260819C00751000,2026-08-12 18:43:44+00:00,751.0,0.26,0.11,0.14,0.059999987,29.999992,12.0,39,0.1289149609375,False,REGULAR,USD,QQQ,call,2026-08-19,0.019178082191780823,0.125,0.003996239871146709,0.021576943489008907,81626.90228031896,723.7000122070312,0.007307397746256994,2026-08-12
QQQ260819C00753000,2026-08-12 18:54:10+00:00,753.0,0.19,0.08,0.11,-0.049999997,-20.833332,9.0,62,0.1313563427734375,False,REGULAR,USD,QQQ,call,2026-08-19,0.019178082191780823,0.095,0.003132265075548064,0.016565113452920534,101710.86729134434,723.7000122070312,0.007307397746256994,2026-08-12
QQQ260819C00754000,2026-08-11 15:08:27+00:00,754.0,0.24,0.06,0.09,0.0,0.0,56.0,58,0.1313563427734375,False,REGULAR,USD,QQQ,call,2026-08-19,0.019178082191780823,0.075,0.002674229897084337,0.01378124468026068,81235.1325138256,723.7000122070312,0.007307397746256994,2026-08-12
QQQ260819C00755000,2026-08-12 18:44:57+00:00,755.0,0.14,0.05,0.08,0.030000001,27.272728,81.0,145,0.13233289550781252,False,REGULAR,USD,QQQ,call,2026-08-19,0.019178082191780823,0.065,0.0023430612543548857,0.011929731674300814,177938.04086650565,723.7000122070312,0.007307397746256994,2026-08-12
QQQ260819C00756000,2026-08-12 13:56:04+00:00,756.0,0.17,0.04,0.07,-0.060000002,-26.086956,1.0,13,0.133797724609375,False,REGULAR,USD,QQQ,call,2026-08-19,0.019178082191780823,0.05500000000000001,0.0020840482978641012,0.010558597235959291,14189.539187029513,723.7000122070312,0.007307397746256994,2026-08-12
QQQ260819C00757000,2026-08-12 19:32:37+00:00,757.0,0.07,0.04,0.07,-0.21000001,-75.0,5.0,45,0.13721565917968753,False,REGULAR,USD,QQQ,call,2026-08-19,0.019178082191780823,0.05500000000000001,0.0019780976742417764,0.010237127400488695,46620.551422907614,723.7000122070312,0.007307397746256994,2026-08-12
QQQ260819C00758000,2026-08-12 18:44:29+00:00,758.0,0.1,0.03,0.06,-0.029999994,-23.076918,1.0,122,0.13770393554687502,False,REGULAR,USD,QQQ,call,2026-08-19,0.019178082191780823,0.045,0.0017082917199736398,0.008692037932326932,109153.84195901535,723.7000122070312,0.007307397746256994,2026-08-12
QQQ260819C00759000,2026-08-12 15:58:26+00:00,759.0,0.08,0.03,0.05,-0.26,-76.4706,3.0,33,0.13770393554687502,False,REGULAR,USD,QQQ,call,2026-08-19,0.019178082191780823,0.04,0.0014458084298898655,0.007190224951268916,24988.595809054976,723.7000122070312,0.007307397746256994,2026-08-12
QQQ260819C00760000,2026-08-12 20:11:13+00:00,760.0,0.03,0.02,0.04,-0.04,-57.142857,88.0,311,0.13721565917968753,False,REGULAR,USD,QQQ,call,2026-08-19,0.019178082191780823,0.03,0.001194940090483407,0.005773671633540289,194636.2286644482,723.7000122070312,0.007307397746256994,2026-08-12
QQQ260819C00765000,2026-08-12 19:28:39+00:00,765.0,0.05,0.01,0.03,0.0,0.0,14.0,210,0.148446015625,False,REGULAR,USD,QQQ,call,2026-08-19,0.019178082191780823,0.02,0.0007962648162004864,0.003999760396248703,87577.7898645621,723.7000122070312,0.007307397746256994,2026-08-12
QQQ260819C00770000,2026-08-12 14:19:58+00:00,770.0,0.04,0.01,0.03,-0.02,-33.333336,2.0,133,0.16407085937500002,False,REGULAR,USD,QQQ,call,2026-08-19,0.019178082191780823,0.02,0.0006613081541595164,0.0036353387891327107,46065.170039959194,723.7000122070312,0.007307397746256994,2026-08-12
QQQ260819C00775000,2026-08-12 19:11:36+00:00,775.0,0.03,0.0,0.03,0.0,0.0,9.0,127,0.178719150390625,False,REGULAR,USD,QQQ,call,2026-08-19,0.019178082191780823,0.015,0.0005455045647459909,0.0032272307693268975,36284.34351968748,723.7000122070312,0.007307397746256994,2026-08-12
QQQ260819C00780000,2026-08-12 17:59:00+00:00,780.0,0.02,0.0,0.03,-0.02,-50.0,1.0,66,0.19336744140625,False,REGULAR,USD,QQQ,call,2026-08-19,0.019178082191780823,0.015,0.00046203164214967584,0.00292905851324418,15971.025922917965,723.7000122070312,0.007307397746256994,2026-08-12
QQQ260819C00785000,2026-08-12 18:17:38+00:00,785.0,0.02,0.0,0.03,-0.08,-80.00001,40.0,29,0.20801573242187496,False,REGULAR,USD,QQQ,call,2026-08-19,0.019178082191780823,0.015,0.0003998787112549845,0.0027060224127883332,6073.561613695477,723.7000122070312,0.007307397746256994,2026-08-12
QQQ260819C00800000,2026-08-12 15:39:16+00:00,800.0,0.02,0.0,0.03,-0.01,-33.333336,2.0,1,0.2500075,False,REGULAR,USD,QQQ,call,2026-08-19,0.019178082191780823,0.015,0.0002699269603723487,0.002147599786484354,141.37200717116988,723.7000122070312,0.007307397746256994,2026-08-12
QQQ260819C00810000,2026-08-07 13:51:06+00:00,810.0,0.05,0.0,0.03,0.0,0.0,1.0,1,0.27930408203124996,False,REGULAR,USD,QQQ,call,2026-08-19,0.019178082191780823,0.015,0.00022960894218162844,0.0020302829303674606,120.25577947415414,723.7000122070312,0.007307397746256994,2026-08-12
QQQ260819C00850000,2026-08-11 13:46:11+00:00,850.0,0.02,0.0,0.02,0.0,0.0,1.0,2,0.36914693359375,False,REGULAR,USD,QQQ,call,2026-08-19,0.019178082191780823,0.01,8.66571279749282e-05,0.0009480061153422754,90.77190437446586,723.7000122070312,0.007307397746256994,2026-08-12
QQQ260819P00505000,2026-08-06 16:18:37+00:00,505.0,0.04,0.0,0.02,0.0,0.0,0.0,6,0.7500025,False,REGULAR,USD,QQQ,put,2026-08-19,0.019178082191780823,0.01,1.0685088591513813e-05,-0.00021283135138228104,-33.57735927304917,723.7000122070312,0.007307397746256994,2026-08-12
QQQ260819P00560000,2026-08-12 14:19:48+00:00,560.0,0.02,0.01,0.03,-0.02,-50.0,10.0,15,0.5742230078125,False,REGULAR,USD,QQQ,put,2026-08-19,0.019178082191780823,0.02,3.258026055546751e-05,-0.0005297926434630895,-255.95461949405745,723.7000122070312,0.007307397746256994,2026-08-12
QQQ260819P00570000,2026-08-06 14:40:09+00:00,570.0,0.08,0.01,0.03,0.0,0.0,0.0,1,0.5390671093750001,False,REGULAR,USD,QQQ,put,2026-08-19,0.019178082191780823,0.02,3.8094872071826155e-05,-0.0005859760520273705,-19.951873352309647,723.7000122070312,0.007307397746256994,2026-08-12
QQQ260819P00585000,2026-08-11 14:02:53+00:00,585.0,0.07,0.01,0.04,0.0,0.0,2.0,2,0.51562984375,False,REGULAR,USD,QQQ,put,2026-08-19,0.019178082191780823,0.025,7.928417047839158e-05,-0.001238820073437119,-83.04885367485979,723.7000122070312,0.007307397746256994,2026-08-12
QQQ260819P00600000,2026-08-12 15:54:46+00:00,600.0,0.03,0.02,0.05,-0.04,-57.142857,50.0,13,0.47070841796875,False,REGULAR,USD,QQQ,put,2026-08-19,0.019178082191780823,0.035,0.000119067716138607,-0.0017505171189345914,-810.689476722023,723.7000122070312,0.007307397746256994,2026-08-12
QQQ260819P00610000,2026-08-12 13:30:03+00:00,610.0,0.01,0.02,0.05,-0.16,-94.117645,1.0,1,0.432622861328125,False,REGULAR,USD,QQQ,put,2026-08-19,0.019178082191780823,0.035,0.00013905356783675156,-0.0018922374038300438,-72.82815307621192,723.7000122070312,0.007307397746256994,2026-08-12
QQQ260819P00615000,2026-08-12 14:44:29+00:00,615.0,0.04,0.03,0.06,-0.13,-76.4706,14.0,5,0.42188078125,False,REGULAR,USD,QQQ,put,2026-08-19,0.019178082191780823,0.045,0.00017298163163546876,-0.002341359811382504,-452.98847574018214,723.7000122070312,0.007307397746256994,2026-08-12
QQQ260819P00620000,2026-08-11 18:51:34+00:00,620.0,0.05,0.03,0.06,-0.040000003,-44.444447,3.0,9,0.4023497265625,False,REGULAR,USD,QQQ,put,2026-08-19,0.019178082191780823,0.045,0.00018699797512758165,-0.0024216377218576612,-881.4477494147698,723.7000122070312,0.007307397746256994,2026-08-12
QQQ260819P00625000,2026-08-12 14:05:32+00:00,625.0,0.05,0.04,0.05,-0.05,-50.0,6.0,20,0.37695935546875,False,REGULAR,USD,QQQ,put,2026-08-19,0.019178082191780823,0.045,0.0001821575581106331,-0.0021891359801042842,-1908.070210991584,723.7000122070312,0.007307397746256994,2026-08-12
QQQ260819P00635000,2026-08-12 15:10:09+00:00,635.0,0.05,0.04,0.07,-0.06,-54.545456,22.0,76,0.352545537109375,False,REGULAR,USD,QQQ,put,2026-08-19,0.019178082191780823,0.05500000000000001,0.0002807132306310958,-0.0032814516336229227,-11173.613234965329,723.7000122070312,0.007307397746256994,2026-08-12
QQQ260819P00640000,2026-08-12 14:22:36+00:00,640.0,0.07,0.05,0.07,-0.049999997,-41.666664,20.0,65,0.33399103515625,False,REGULAR,USD,QQQ,put,2026-08-19,0.019178082191780823,0.060000000000000005,0.000313817622982225,-0.00349792221973233,-10683.359554215831,723.7000122070312,0.007307397746256994,2026-08-12
QQQ260819P00645000,2026-08-12 19:37:40+00:00,645.0,0.08,0.05,0.08,-0.049999997,-38.461536,116.0,183,0.3198310205078124,False,REGULAR,USD,QQQ,put,2026-08-19,0.019178082191780823,0.065,0.00038285952292499756,-0.004160698665411688,-36695.068561098036,723.7000122070312,0.007307397746256994,2026-08-12
QQQ260819P00650000,2026-08-12 19:30:30+00:00,650.0,0.07,0.06,0.09,-0.080000006,-53.333336,244.0,866,0.304694453125,False,REGULAR,USD,QQQ,put,2026-08-19,0.019178082191780823,0.075,0.00046282964895675633,-0.004873525015185454,-209921.1631498408,723.7000122070312,0.007307397746256994,2026-08-12
QQQ260819P00655000,2026-08-12 16:24:12+00:00,655.0,0.07,0.07,0.09,-0.12,-63.157894,324.0,167,0.28613995117187496,False,REGULAR,USD,QQQ,put,2026-08-19,0.019178082191780823,0.08,0.000530207740550016,-0.0052904309068542155,-46374.54854493485,723.7000122070312,0.007307397746256994,2026-08-12
QQQ260819P00660000,2026-08-12 19:45:42+00:00,660.0,0.09,0.08,0.1,-0.11999999,-57.142853,95.0,110,0.2700268310546875,False,REGULAR,USD,QQQ,put,2026-08-19,0.019178082191780823,0.09,0.0006426559441391179,-0.006155132526888818,-37024.42937893769,723.7000122070312,0.007307397746256994,2026-08-12
QQQ260819P00665000,2026-08-12 20:12:39+00:00,665.0,0.1,0.1,0.12,-0.12,-54.545456,82.0,363,0.256843369140625,False,REGULAR,USD,QQQ,put,2026-08-19,0.019178082191780823,0.11,0.0008339795602622413,-0.007812741403541046,-158554.72609599767,723.7000122070312,0.007307397746256994,2026-08-12
QQQ260819P00670000,2026-08-12 19:37:59+00:00,670.0,0.13,0.11,0.14,-0.16,-55.172417,76.0,696,0.242195078125,False,REGULAR,USD,QQQ,put,2026-08-19,0.019178082191780823,0.125,0.001067719115486769,-0.009684770260588338,-389209.4868672853,723.7000122070312,0.007307397746256994,2026-08-12
QQQ260819P00671000,2026-08-12 18:56:32+00:00,671.0,0.11,0.12,0.14,-0.59999996,-84.50704,15.0,46,0.23828886718749998,False,REGULAR,USD,QQQ,put,2026-08-19,0.019178082191780823,0.13,0.0011041567044255017,-0.009878460035878889,-26601.474223831854,723.7000122070312,0.007307397746256994,2026-08-12
QQQ260819P00672000,2026-08-12 18:41:10+00:00,672.0,0.13,0.12,0.15,-0.18,-58.064514,1.0,39,0.23633576171874998,False,REGULAR,USD,QQQ,put,2026-08-19,0.019178082191780823,0.135,0.0011838274394860551,-0.010599458820146124,-24180.77238490694,723.7000122070312,0.007307397746256994,2026-08-12
QQQ260819P00673000,2026-08-12 14:22:11+00:00,673.0,0.16,0.13,0.16,-0.22,-57.894737,8.0,29,0.23438265625,False,REGULAR,USD,QQQ,put,2026-08-19,0.019178082191780823,0.14500000000000002,0.0012695150948877421,-0.011376942226901998,-19282.0421075143,723.7000122070312,0.007307397746256994,2026-08-12
QQQ260819P00674000,2026-08-11 14:51:07+00:00,674.0,0.36,0.13,0.16,0.0,0.0,4.0,42,0.2304764453125,False,REGULAR,USD,QQQ,put,2026-08-19,0.019178082191780823,0.14500000000000002,0.0013161133790990493,-0.011631797754888429,-28950.745683494868,723.7000122070312,0.007307397746256994,2026-08-12
QQQ260819P00675000,2026-08-12 16:24:44+00:00,675.0,0.17,0.14,0.17,-0.23,-57.5,139.0,427,0.22827920166015625,False,REGULAR,USD,QQQ,put,2026-08-19,0.019178082191780823,0.15500000000000003,0.0014070434342414858,-0.012425371161260301,-314667.97034269036,723.7000122070312,0.007307397746256994,2026-08-12
QQQ260819P00676000,2026-08-10 18:24:51+00:00,676.0,0.53,0.15,0.18,0.0,0.0,9.0,25,0.2260819580078125,False,REGULAR,USD,QQQ,put,2026-08-19,0.019178082191780823,0.16499999999999998,0.0015048288368627483,-0.013279723116732645,-19703.540619180847,723.7000122070312,0.007307397746256994,2026-08-12
QQQ260819P00677000,2026-08-12 14:50:22+00:00,677.0,0.2,0.16,0.19,-0.23,-53.488373,242.0,94,0.22364057617187497,False,REGULAR,USD,QQQ,put,2026-08-19,0.019178082191780823,0.175,0.00160346022335448,-0.014114976514692179,-78941.1055824634,723.7000122070312,0.007307397746256994,2026-08-12
QQQ260819P00678000,2026-08-12 19:49:49+00:00,678.0,0.18,0.17,0.2,-0.38,-67.85714,200.0,117,0.22144333251953124,False,REGULAR,USD,QQQ,put,2026-08-19,0.019178082191780823,0.185,0.0017163329790107953,-0.015101822639632667,-105173.07434651209,723.7000122070312,0.007307397746256994,2026-08-12
QQQ260819P00679000,2026-08-12 20:03:06+00:00,679.0,0.19,0.18,0.21,-0.3,-61.22449,221.0,82,0.21875781249999998,False,REGULAR,USD,QQQ,put,2026-08-19,0.019178082191780823,0.195,0.0018234429816433495,-0.01597671298586756,-78311.07756543999,723.7000122070312,0.007307397746256994,2026-08-12
QQQ260819P00680000,2026-08-12 20:07:34+00:00,680.0,0.2,0.19,0.22,-0.31,-60.784313,290.0,347,0.21631643066406248,False,REGULAR,USD,QQQ,put,2026-08-19,0.019178082191780823,0.20500000000000002,0.0019460638888675655,-0.017014213207749096,-353674.48406243394,723.7000122070312,0.007307397746256994,2026-08-12
QQQ260819P00681000,2026-08-12 20:06:53+00:00,681.0,0.18,0.2,0.23,-0.38,-67.85714,22.0,63,0.2133867724609375,False,REGULAR,USD,QQQ,put,2026-08-19,0.019178082191780823,0.21500000000000002,0.0020622758451287245,-0.017921649625302516,-68046.29198710113,723.7000122070312,0.007307397746256994,2026-08-12
QQQ260819P00682000,2026-08-11 18:47:51+00:00,682.0,0.67,0.22,0.24,0.0,0.0,7.0,13,0.21070125244140625,False,REGULAR,USD,QQQ,put,2026-08-19,0.019178082191780823,0.22999999999999998,0.0021954249290624477,-0.01900311230588414,-14947.862818265883,723.7000122070312,0.007307397746256994,2026-08-12
QQQ260819P00683000,2026-08-12 18:37:47+00:00,683.0,0.23,0.23,0.26,-0.44,-65.67164,210.0,13,0.20899228515624996,False,REGULAR,USD,QQQ,put,2026-08-19,0.019178082191780823,0.245,0.002373281141499924,-0.020630835007014237,-16158.8221317447,723.7000122070312,0.007307397746256994,2026-08-12
QQQ260819P00684000,2026-08-12 19:52:35+00:00,684.0,0.27,0.25,0.28,-0.37999997,-58.461536,24.0,11,0.20728331787109372,False,REGULAR,USD,QQQ,put,2026-08-19,0.019178082191780823,0.265,0.002565252756279574,-0.02240082731583304,-14778.828450925888,723.7000122070312,0.007307397746256994,2026-08-12
QQQ260819P00685000,2026-08-12 19:37:40+00:00,685.0,0.27,0.27,0.29,-0.53,-66.25,386.0,838,0.20410952148437497,False,REGULAR,USD,QQQ,put,2026-08-19,0.019178082191780823,0.28,0.0027162675210831142,-0.023539729894830663,-1192157.7304002545,723.7000122070312,0.007307397746256994,2026-08-12
QQQ260819P00686000,2026-08-12 20:00:26+00:00,686.0,0.29,0.28,0.31,-0.45000002,-60.81081,242.0,102,0.20215641601562498,False,REGULAR,USD,QQQ,put,2026-08-19,0.019178082191780823,0.29500000000000004,0.002927756366557788,-0.025446044968983728,-156405.5881439337,723.7000122070312,0.007307397746256994,2026-08-12
QQQ260819P00687000,2026-08-12 19:14:00+00:00,687.0,0.28,0.3,0.34,-0.57000005,-67.05882,36.0,35,0.20093572509765623,False,REGULAR,USD,QQQ,put,2026-08-19,0.019178082191780823,0.32,0.003186248586136678,-0.0279552977528158,-58406.99464458008,723.7000122070312,0.007307397746256994,2026-08-12
QQQ260819P00688000,2026-08-12 19:28:55+00:00,688.0,0.33,0.33,0.36,-0.53999996,-62.068962,60.0,69,0.19849434326171872,False,REGULAR,USD,QQQ,put,2026-08-19,0.019178082191780823,0.345,0.0034126336307327763,-0.02991866624848294,-123326.3610130686,723.7000122070312,0.007307397746256994,2026-08-12
QQQ260819P00689000,2026-08-12 19:00:39+00:00,689.0,0.34,0.36,0.38,-0.65,-65.65656,75.0,46,0.1959308923339844,False,REGULAR,USD,QQQ,put,2026-08-19,0.019178082191780823,0.37,0.0036514652653940423,-0.03196076977604445,-87971.53406511847,723.7000122070312,0.007307397746256994,2026-08-12
QQQ260819P00690000,2026-08-12 19:22:09+00:00,690.0,0.4,0.38,0.41,-0.6,-60.000004,406.0,1047,0.19409985595703128,False,REGULAR,USD,QQQ,put,2026-08-19,0.019178082191780823,0.395,0.003942831640205683,-0.03468566059604594,-2162081.568976204,723.7000122070312,0.007307397746256994,2026-08-12
QQQ260819P00691000,2026-08-12 20:03:03+00:00,691.0,0.39,0.41,0.44,-0.65999997,-62.857147,43.0,52,0.19214675048828128,False,REGULAR,USD,QQQ,put,2026-08-19,0.019178082191780823,0.425,0.004251042405292257,-0.03755798155915768,-115775.3068533772,723.7000122070312,0.007307397746256994,2026-08-12
QQQ260819P00692000,2026-08-12 19:28:55+00:00,692.0,0.43,0.44,0.47,-0.69,-61.607143,70.0,109,0.18994950683593753,False,REGULAR,USD,QQQ,put,2026-08-19,0.019178082191780823,0.45499999999999996,0.004571357653585265,-0.040487065931557153,-260968.96235986997,723.7000122070312,0.007307397746256994,2026-08-12
QQQ260819P00693000,2026-08-12 19:33:16+00:00,693.0,0.46,0.48,0.51,-0.93999994,-67.14285,1566.0,41,0.18824053955078124,False,REGULAR,USD,QQQ,put,2026-08-19,0.019178082191780823,0.495,0.004940620451638073,-0.04407180767854901,-106091.96868358777,723.7000122070312,0.007307397746256994,2026-08-12
QQQ260819P00694000,2026-08-12 16:01:35+00:00,694.0,0.61,0.52,0.55,-0.65,-51.587303,31.0,204,0.186531572265625,False,REGULAR,USD,QQQ,put,2026-08-19,0.019178082191780823,0.535,0.005337444866392377,-0.04797264069605778,-570270.2677377592,723.7000122070312,0.007307397746256994,2026-08-12
QQQ260819P00695000,2026-08-12 20:04:35+00:00,695.0,0.54,0.56,0.59,-0.81,-60.0,519.0,148,0.18433432861328125,False,REGULAR,USD,QQQ,put,2026-08-19,0.019178082191780823,0.575,0.005739050556594781,-0.051765584004618836,-444855.460558171,723.7000122070312,0.007307397746256994,2026-08-12
QQQ260819P00696000,2026-08-12 19:10:26+00:00,696.0,0.57,0.6,0.64,-1.04,-64.596275,55.0,36,0.18274743041992186,False,REGULAR,USD,QQQ,put,2026-08-19,0.019178082191780823,0.62,0.00620189772768052,-0.05647486802105073,-116934.93024049871,723.7000122070312,0.007307397746256994,2026-08-12
QQQ260819P00697000,2026-08-12 19:36:43+00:00,697.0,0.66,0.65,0.69,-0.96999997,-59.5092,803.0,83,0.18079432495117187,False,REGULAR,USD,QQQ,put,2026-08-19,0.019178082191780823,0.6699999999999999,0.006678977026673251,-0.06122393679378746,-290338.88317454426,723.7000122070312,0.007307397746256994,2026-08-12
QQQ260819P00698000,2026-08-12 19:40:43+00:00,698.0,0.69,0.71,0.74,-0.96,-58.18182,50.0,31,0.17859708129882812,False,REGULAR,USD,QQQ,put,2026-08-19,0.019178082191780823,0.725,0.007178407297141867,-0.06612222242077082,-116548.57018048866,723.7000122070312,0.007307397746256994,2026-08-12
QQQ260819P00699000,2026-08-12 19:54:43+00:00,699.0,0.77,0.77,0.8,-1.04,-57.458565,127.0,31,0.176766044921875,False,REGULAR,USD,QQQ,put,2026-08-19,0.019178082191780823,0.785,0.007732245139505496,-0.07184808617325422,-125540.67747774784,723.7000122070312,0.007307397746256994,2026-08-12
QQQ260819P00700000,2026-08-12 20:01:37+00:00,700.0,0.79,0.83,0.87,-1.27,-61.650486,324.0,308,0.17517914672851562,False,REGULAR,USD,QQQ,put,2026-08-19,0.019178082191780823,0.85,0.008335163024504063,-0.07834967108876356,-1344565.5349738125,723.7000122070312,0.007307397746256994,2026-08-12
QQQ260819P00701000,2026-08-12 19:52:11+00:00,701.0,0.92,0.9,0.94,-1.1299999,-55.121944,536.0,27,0.1733481103515625,False,REGULAR,USD,QQQ,put,2026-08-19,0.019178082191780823,0.9199999999999999,0.008965488210226425,-0.08510977515530638,-126781.20284324602,723.7000122070312,0.007307397746256994,2026-08-12
QQQ260819P00702000,2026-08-12 19:40:43+00:00,702.0,1.01,0.98,1.02,-1.54,-60.39216,57.0,66,0.17163914306640626,False,REGULAR,USD,QQQ,put,2026-08-19,0.019178082191780823,1.0,0.009641303555227418,-0.09259489088005113,-333270.48401887517,723.7000122070312,0.007307397746256994,2026-08-12
QQQ260819P00703000,2026-08-12 20:11:58+00:00,703.0,1.08,1.06,1.11,-1.3100001,-54.811714,2154.0,2838,0.17011327941894533,False,REGULAR,USD,QQQ,put,2026-08-19,0.019178082191780823,1.085,0.010364555100144756,-0.10094392882991654,-15405656.696566368,723.7000122070312,0.007307397746256994,2026-08-12
QQQ260819P00704000,2026-08-12 20:00:26+00:00,704.0,1.15,1.16,1.2,-1.5200001,-56.928844,775.0,101,0.1682212084960938,False,REGULAR,USD,QQQ,put,2026-08-19,0.019178082191780823,1.18,0.011115750066562093,-0.10948629515697728,-587999.9741095769,723.7000122070312,0.007307397746256994,2026-08-12
QQQ260819P00705000,2026-08-12 20:00:41+00:00,705.0,1.25,1.26,1.31,-1.55,-55.357143,256.0,147,0.16687844848632816,False,REGULAR,USD,QQQ,put,2026-08-19,0.019178082191780823,1.2850000000000001,0.011924715392424002,-0.11948839866087879,-918084.208054007,723.7000122070312,0.007307397746256994,2026-08-12
QQQ260819P00706000,2026-08-12 19:23:14+00:00,706.0,1.29,1.37,1.42,-1.8,-58.25243,44.0,115,0.16510844665527347,False,REGULAR,USD,QQQ,put,2026-08-19,0.019178082191780823,1.395,0.012761957502551179,-0.1296739102112454,-768656.4827915197,723.7000122070312,0.007307397746256994,2026-08-12
QQQ260819P00707000,2026-08-12 19:56:27+00:00,707.0,1.6,1.49,1.54,-1.6899999,-51.367783,1437.0,78,0.16339947937011723,False,REGULAR,USD,QQQ,put,2026-08-19,0.019178082191780823,1.5150000000000001,0.013641120591570464,-0.14075312373591498,-557265.0558649567,723.7000122070312,0.007307397746256994,2026-08-12
QQQ260819P00708000,2026-08-12 20:05:18+00:00,708.0,1.44,1.62,1.67,-2.1399999,-59.776535,73.0,63,0.16169051208496094,False,REGULAR,USD,QQQ,put,2026-08-19,0.019178082191780823,1.645,0.01455929025533199,-0.15269016007715952,-480394.3750684032,723.7000122070312,0.007307397746256994,2026-08-12
QQQ260819P00709000,2026-08-12 20:03:25+00:00,709.0,1.71,1.76,1.81,-1.97,-53.532608,35.0,120,0.15992051025390625,False,REGULAR,USD,QQQ,put,2026-08-19,0.019178082191780823,1.7850000000000001,0.01551486896904052,-0.16544317105802886,-975094.0761717164,723.7000122070312,0.007307397746256994,2026-08-12
QQQ260819P00710000,2026-08-12 19:59:51+00:00,710.0,1.91,1.91,1.97,-2.17,-53.186275,385.0,345,0.15845568115234376,False,REGULAR,USD,QQQ,put,2026-08-19,0.019178082191780823,1.94,0.016500235227322243,-0.17960144116054821,-2981442.1743367,723.7000122070312,0.007307397746256994,2026-08-12
QQQ260819P00711000,2026-08-12 20:03:25+00:00,711.0,1.97,2.08,2.14,-2.28,-53.64706,650.0,76,0.15692981750488283,False,REGULAR,USD,QQQ,put,2026-08-19,0.019178082191780823,2.1100000000000003,0.017511896590569603,-0.19466731615479183,-697050.0074892351,723.7000122070312,0.007307397746256994,2026-08-12
QQQ260819P00712000,2026-08-12 20:10:28+00:00,712.0,2.2,2.26,2.32,-3.28,-59.854015,539.0,100,0.1552208502197266,False,REGULAR,USD,QQQ,put,2026-08-19,0.019178082191780823,2.29,0.018552131384792336,-0.21050214877491602,-971652.4972360719,723.7000122070312,0.007307397746256994,2026-08-12
QQQ260819P00713000,2026-08-12 20:03:06+00:00,713.0,2.4,2.46,2.53,-2.54,-51.417004,293.0,86,0.1540001593017578,False,REGULAR,USD,QQQ,put,2026-08-19,0.019178082191780823,2.495,0.01958303865927619,-0.2281120400134844,-882055.0533522185,723.7000122070312,0.007307397746256994,2026-08-12
QQQ260819P00714000,2026-08-12 20:06:27+00:00,714.0,2.48,2.67,2.74,-3.3200002,-57.241383,55.0,50,0.15229119201660157,False,REGULAR,USD,QQQ,put,2026-08-19,0.019178082191780823,2.705,0.02064728270793468,-0.24612117887920237,-540692.1552083557,723.7000122070312,0.007307397746256994,2026-08-12
QQQ260819P00715000,2026-08-12 20:01:53+00:00,715.0,2.77,2.91,2.98,-2.94,-51.488617,306.0,512,0.150948432006836,False,REGULAR,USD,QQQ,put,2026-08-19,0.019178082191780823,2.9450000000000003,0.021682161963197055,-0.26575048721617434,-5814196.496665034,723.7000122070312,0.007307397746256994,2026-08-12
QQQ260819P00716000,2026-08-12 20:00:29+00:00,716.0,3.17,3.16,3.23,-2.8600001,-47.429516,142.0,113,0.149422568359375,False,REGULAR,USD,QQQ,put,2026-08-19,0.019178082191780823,3.1950000000000003,0.02271814055733541,-0.28625729444561043,-1344523.46355225,723.7000122070312,0.007307397746256994,2026-08-12
QQQ260819P00717000,2026-08-12 19:53:37+00:00,717.0,3.42,3.43,3.5,-2.9099998,-45.971565,204.0,95,0.14789670471191407,False,REGULAR,USD,QQQ,put,2026-08-19,0.019178082191780823,3.465,0.023730556063294207,-0.30789747816360435,-1180724.7858686182,723.7000122070312,0.007307397746256994,2026-08-12
QQQ260819P00718000,2026-08-12 20:14:39+00:00,718.0,3.77,3.72,3.8,-3.06,-44.80234,1884.0,2854,0.14658446197509767,False,REGULAR,USD,QQQ,put,2026-08-19,0.019178082191780823,3.76,0.024677609777475025,-0.3308848269615353,-36887075.20913129,723.7000122070312,0.007307397746256994,2026-08-12
QQQ260819P00719000,2026-08-12 20:00:37+00:00,719.0,3.97,4.03,4.11,-3.49,-46.78284,85.0,85,0.1450280810546875,False,REGULAR,USD,QQQ,put,2026-08-19,0.019178082191780823,4.07,0.025605999317012667,-0.35470387933783243,-1139929.0337522128,723.7000122070312,0.007307397746256994,2026-08-12
QQQ260819P00720000,2026-08-12 20:11:57+00:00,720.0,4.4,4.38,4.45,-3.4499998,-43.94904,163.0,585,0.14362428649902342,False,REGULAR,USD,QQQ,put,2026-08-19,0.019178082191780823,4.415,0.0264459306833357,-0.37971825123826375,-8102739.584728556,723.7000122070312,0.007307397746256994,2026-08-12
QQQ260819P00721000,2026-08-12 20:14:31+00:00,721.0,4.78,4.74,4.82,-4.3699994,-47.75956,205.0,251,0.1424035955810547,False,REGULAR,USD,QQQ,put,2026-08-19,0.019178082191780823,4.78,0.02717046846192102,-0.4058253341585578,-3571807.195150017,723.7000122070312,0.007307397746256994,2026-08-12
QQQ260819P00722000,2026-08-12 20:06:46+00:00,722.0,4.86,5.12,5.21,-3.9599996,-44.897957,351.0,184,0.14106083557128907,False,REGULAR,USD,QQQ,put,2026-08-19,0.019178082191780823,5.165,0.027816919426909496,-0.4327299045102787,-2680674.082421485,723.7000122070312,0.007307397746256994,2026-08-12
QQQ260819P00723000,2026-08-12 20:13:50+00:00,723.0,5.6,5.54,5.62,-3.9600005,-41.4226,382.0,64,0.13959600646972659,False,REGULAR,USD,QQQ,put,2026-08-19,0.019178082191780823,5.58,0.02837462486223911,-0.46040774429032594,-951102.3667072625,723.7000122070312,0.007307397746256994,2026-08-12
QQQ260819P00724000,2026-08-12 20:08:12+00:00,724.0,5.82,5.98,6.06,-4.61,-44.199425,388.0,111,0.13825324645996095,True,REGULAR,USD,QQQ,put,2026-08-19,0.019178082191780823,6.02,0.02878083493015857,-0.4888334427593136,-1673183.3234234208,723.7000122070312,0.007307397746256994,2026-08-12
QQQ260819P00725000,2026-08-12 20:13:38+00:00,725.0,6.56,6.46,6.56,-4.77,-42.100616,1145.0,107,0.1376429010009766,True,REGULAR,USD,QQQ,put,2026-08-19,0.019178082191780823,6.51,0.028891323455435113,-0.5176983057734155,-1619080.2459185931,723.7000122070312,0.007307397746256994,2026-08-12
QQQ260819P00726000,2026-08-12 20:14:31+00:00,726.0,7.0,6.95,7.06,-4.3199997,-38.162544,320.0,90,0.13639169281005858,True,REGULAR,USD,QQQ,put,2026-08-19,0.019178082191780823,7.005,0.02898283259332524,-0.5469398169965209,-1366156.6411947461,723.7000122070312,0.007307397746256994,2026-08-12
QQQ260819P00727000,2026-08-12 19:44:42+00:00,727.0,7.45,7.48,7.62,-5.0299997,-40.304485,85.0,19,0.13593393371582033,True,REGULAR,USD,QQQ,put,2026-08-19,0.019178082191780823,7.550000000000001,0.0287512407826234,-0.5759384452911284,-286106.25495648524,723.7000122070312,0.007307397746256994,2026-08-12
QQQ260819P00728000,2026-08-12 20:05:02+00:00,728.0,7.6,8.04,8.19,-5.5400004,-42.161343,2749.0,114,0.13501841552734378,True,REGULAR,USD,QQQ,put,2026-08-19,0.019178082191780823,8.114999999999998,0.028453713343264957,-0.6050551324860516,-1698873.1914137804,723.7000122070312,0.007307397746256994,2026-08-12
QQQ260819P00729000,2026-08-12 19:57:43+00:00,729.0,8.91,8.62,8.78,-5.6500006,-38.804947,159.0,124,0.13395031097412108,True,REGULAR,USD,QQQ,put,2026-08-19,0.019178082191780823,8.7,0.02802198270408039,-0.6340975859011724,-1819858.853137688,723.7000122070312,0.007307397746256994,2026-08-12
QQQ260819P00730000,2026-08-12 19:59:51+00:00,730.0,9.22,9.24,9.4,-5.1899996,-36.01665,1111.0,88,0.13294324096679688,True,REGULAR,USD,QQQ,put,2026-08-19,0.019178082191780823,9.32,0.02741527722182666,-0.6627276747708115,-1263550.1215360013,723.7000122070312,0.007307397746256994,2026-08-12
QQQ260819P00732000,2026-08-12 19:38:04+00:00,732.0,10.59,10.45,11.17,-4.96,-31.897106,800.0,5,0.1430749755859375,True,REGULAR,USD,QQQ,put,2026-08-19,0.019178082191780823,10.809999999999999,0.02421568315943873,-0.700873476963814,-63413.816251413715,723.7000122070312,0.007307397746256994,2026-08-12
QQQ260819P00735000,2026-08-12 18:15:24+00:00,735.0,11.81,12.54,13.26,-6.05,-33.87458,136.0,16,0.13910773010253907,True,REGULAR,USD,QQQ,put,2026-08-19,0.019178082191780823,12.899999999999999,0.021521937661758483,-0.7748177718480709,-180350.9821328555,723.7000122070312,0.007307397746256994,2026-08-12
QQQ260819P00737000,2026-08-12 13:46:53+00:00,737.0,14.0,14.06,15.0,-5.5200005,-28.27869,2.0,2,0.14405152832031248,True,REGULAR,USD,QQQ,put,2026-08-19,0.019178082191780823,14.530000000000001,0.019017947919800233,-0.8063288491516205,-19920.985039731917,723.7000122070312,0.007307397746256994,2026-08-12
QQQ260819P00740000,2026-08-12 18:03:03+00:00,740.0,15.91,16.59,17.59,-5.9799995,-27.318409,6.0,4,0.14789670471191407,True,REGULAR,USD,QQQ,put,2026-08-19,0.019178082191780823,17.09,0.015675458776842566,-0.8507805029158089,-32839.56619308012,723.7000122070312,0.007307397746256994,2026-08-12
QQQ260819P00745000,2026-08-05 13:50:27+00:00,745.0,23.2,21.18,22.22,0.0,0.0,0.0,4,0.1596763720703125,True,REGULAR,USD,QQQ,put,2026-08-19,0.019178082191780823,21.7,0.011185423136009289,-0.8972505498318142,-23433.090456991104,723.7000122070312,0.007307397746256994,2026-08-12
QQQ260819P00760000,2026-08-10 14:53:10+00:00,760.0,37.39,34.5,38.38,0.0,0.0,1.0,0,0.29279271667480455,True,REGULAR,USD,QQQ,put,2026-08-19,0.019178082191780823,36.44,0.006874469997380142,-0.8785615949536006,-0.0,723.7000122070312,0.007307397746256994,2026-08-12
QQQ260819P00765000,2026-08-05 13:52:15+00:00,765.0,39.5,39.5,43.2,0.0,0.0,0.0,0,0.3110420458984374,True,REGULAR,USD,QQQ,put,2026-08-19,0.019178082191780823,41.35,0.005865862827653785,-0.8941836384956516,-0.0,723.7000122070312,0.007307397746256994,2026-08-12
QQQ260819P00770000,2026-08-05 16:35:21+00:00,770.0,48.44,44.5,48.21,0.0,0.0,0.0,0,0.33704276245117193,True,REGULAR,USD,QQQ,put,2026-08-19,0.019178082191780823,46.355000000000004,0.0051470431139010835,-0.9012734363251551,-0.0,723.7000122070312,0.007307397746256994,2026-08-12
QQQ260820C00665000,2026-08-06 14:20:47+00:00,665.0,55.28,57.51,61.2,0.0,0.0,0.0,1,0.4371394177246094,True,REGULAR,USD,QQQ,call,2026-08-20,0.021917808219178082,59.355000000000004,0.003410621807369233,0.9119688402544714,1786.284889602842,723.7000122070312,0.007307397746256994,2026-08-12
QQQ260820C00675000,2026-08-10 17:37:30+00:00,675.0,48.07,47.53,51.29,0.0,0.0,3.0,38,0.38403936279296874,True,REGULAR,USD,QQQ,call,2026-08-20,0.021917808219178082,49.41,0.0043333186088108265,0.8978024758995113,86242.50814590325,723.7000122070312,0.007307397746256994,2026-08-12
QQQ260820C00683000,2026-08-07 18:26:43+00:00,683.0,39.08,39.69,43.42,0.0,0.0,2.0,1,0.3425358715820312,True,REGULAR,USD,QQQ,call,2026-08-20,0.021917808219178082,41.555,0.005392779846850703,0.8818030955185098,2824.423726069628,723.7000122070312,0.007307397746256994,2026-08-12
QQQ260820C00685000,2026-08-10 17:37:30+00:00,685.0,41.4,37.76,41.46,2.9300003,7.616325,6.0,39,0.3321599987792969,True,REGULAR,USD,QQQ,call,2026-08-20,0.021917808219178082,39.61,0.005720115159196168,0.8769786254124043,116838.65237996755,723.7000122070312,0.007307397746256994,2026-08-12
QQQ260820C00688000,2026-08-07 16:23:42+00:00,688.0,36.31,34.87,38.55,0.0,0.0,2.0,2,0.3174506732177734,True,REGULAR,USD,QQQ,call,2026-08-20,0.021917808219178082,36.709999999999994,0.006274662985837479,0.8683346234119848,6572.605414493163,723.7000122070312,0.007307397746256994,2026-08-12
QQQ260820C00690000,2026-08-12 13:58:12+00:00,690.0,35.24,34.31,36.55,6.680002,23.389364,13.0,17,0.30524376403808595,True,REGULAR,USD,QQQ,call,2026-08-20,0.021917808219178082,35.43,0.0066817507560045465,0.8637246716024898,59491.69636980205,723.7000122070312,0.007307397746256994,2026-08-12
QQQ260820C00700000,2026-08-12 16:16:24+00:00,700.0,25.68,24.58,25.55,5.34,26.253687,2.0,4,0.20734435241699217,True,REGULAR,USD,QQQ,call,2026-08-20,0.021917808219178082,25.064999999999998,0.009498782713803267,0.8704684498705353,19899.634717195782,723.7000122070312,0.007307397746256994,2026-08-12
QQQ260820C00702000,2026-08-10 18:39:40+00:00,702.0,22.79,23.1,23.69,0.0,0.0,1.0,1,0.2004474487304687,True,REGULAR,USD,QQQ,call,2026-08-20,0.021917808219178082,23.395000000000003,0.010476579956232393,0.8577489248373265,5487.021876802284,723.7000122070312,0.007307397746256994,2026-08-12
QQQ260820C00703000,2026-08-12 19:21:03+00:00,703.0,23.25,21.88,24.07,1.3199997,6.0191503,50.0,1,0.23889921264648437,True,REGULAR,USD,QQQ,call,2026-08-20,0.021917808219178082,22.975,0.01074037487834567,0.8059270361582829,5625.182279784159,723.7000122070312,0.007307397746256994,2026-08-12
QQQ260820C00705000,2026-08-12 18:50:54+00:00,705.0,22.23,20.12,21.0,4.99,28.944315,2.0,28,0.19226881958007813,True,REGULAR,USD,QQQ,call,2026-08-20,0.021917808219178082,20.560000000000002,0.012160221799452826,0.8326616226561045,178326.8292644334,723.7000122070312,0.007307397746256994,2026-08-12
QQQ260820C00706000,2026-08-07 15:30:02+00:00,706.0,22.14,19.26,21.54,0.0,0.0,1.0,1,0.23169713623046873,True,REGULAR,USD,QQQ,call,2026-08-20,0.021917808219178082,20.4,0.011997491317037071,0.7777403435001611,6283.586590122482,723.7000122070312,0.007307397746256994,2026-08-12
QQQ260820C00708000,2026-08-12 16:17:00+00:00,708.0,18.86,17.87,18.55,-0.099998474,-0.52741814,8.0,8,0.18927812683105472,True,REGULAR,USD,QQQ,call,2026-08-20,0.021917808219178082,18.21,0.013963041119180897,0.7961645959037777,58504.2160000375,723.7000122070312,0.007307397746256994,2026-08-12
QQQ260820C00709000,2026-08-12 19:24:14+00:00,709.0,17.78,17.03,17.7,0.7200012,4.220406,55.0,7,0.18665364135742188,True,REGULAR,USD,QQQ,call,2026-08-20,0.021917808219178082,17.365000000000002,0.014622472332860738,0.7847023782756264,53608.79040963076,723.7000122070312,0.007307397746256994,2026-08-12
QQQ260820C00710000,2026-08-12 16:38:26+00:00,710.0,17.17,15.92,16.86,4.04,30.76923,7.0,40,0.18402915588378904,True,REGULAR,USD,QQQ,call,2026-08-20,0.021917808219178082,16.39,0.01530389721343412,0.772555769863756,320611.57042186114,723.7000122070312,0.007307397746256994,2026-08-12
QQQ260820C00711000,2026-08-12 14:38:38+00:00,711.0,17.54,15.12,16.06,3.1900005,22.229969,1.0,9,0.18225915405273438,True,REGULAR,USD,QQQ,call,2026-08-20,0.021917808219178082,15.59,0.015966697607028974,0.7586987110835834,75261.82923478102,723.7000122070312,0.007307397746256994,2026-08-12
QQQ260820C00714000,2026-08-11 18:54:51+00:00,714.0,16.1,12.93,13.67,5.79,56.159065,1.0,15,0.17517914672851562,True,REGULAR,USD,QQQ,call,2026-08-20,0.021917808219178082,13.3,0.01809841887060242,0.7146697156196405,142183.4520808251,723.7000122070312,0.007307397746256994,2026-08-12
QQQ260820C00715000,2026-08-12 16:07:10+00:00,715.0,12.97,12.1,12.93,3.6999998,39.913696,10.0,283,0.17356173126220703,True,REGULAR,USD,QQQ,call,2026-08-20,0.021917808219178082,12.515,0.01876337015408782,0.697650306615184,2781086.1458912008,723.7000122070312,0.007307397746256994,2026-08-12
QQQ260820C00716000,2026-08-12 17:26:00+00:00,716.0,13.2,11.76,11.96,3.71,39.093784,5.0,8,0.16602396484375004,True,REGULAR,USD,QQQ,call,2026-08-20,0.021917808219178082,11.86,0.019956842840251857,0.6855066923365554,83617.84759059624,723.7000122070312,0.007307397746256994,2026-08-12
QQQ260820C00717000,2026-08-12 19:31:32+00:00,717.0,11.43,11.05,11.25,2.38,26.298344,52.0,15,0.16449810119628905,True,REGULAR,USD,QQQ,call,2026-08-20,0.021917808219178082,11.15,0.02063587945648498,0.6664382605844466,162118.06118669818,723.7000122070312,0.007307397746256994,2026-08-12
QQQ260820C00719000,2026-08-12 20:11:42+00:00,719.0,9.91,9.69,9.89,1.98,24.968475,35.0,73,0.1615379257202148,True,REGULAR,USD,QQQ,call,2026-08-20,0.021917808219178082,9.79,0.021892456892922837,0.625918857714461,837017.471345497,723.7000122070312,0.007307397746256994,2026-08-12
QQQ260820C00720000,2026-08-12 19:57:47+00:00,720.0,9.05,9.04,9.23,1.8000002,24.827589,172.0,263,0.1598594757080078,True,REGULAR,USD,QQQ,call,2026-08-20,0.021917808219178082,9.135,0.022486018724238,0.604671841677954,3097315.7173131933,723.7000122070312,0.007307397746256994,2026-08-12
QQQ260820C00721000,2026-08-12 17:12:17+00:00,721.0,9.5,8.41,8.6,3.12,48.90282,41.0,124,0.1583946466064453,True,REGULAR,USD,QQQ,call,2026-08-20,0.021917808219178082,8.504999999999999,0.023002327477818156,0.5825840025411524,1493862.505924113,723.7000122070312,0.007307397746256994,2026-08-12
QQQ260820C00722000,2026-08-12 19:27:11+00:00,722.0,8.27,7.8,7.99,2.2300005,36.920536,54.0,94,0.15692981750488283,True,REGULAR,USD,QQQ,call,2026-08-20,0.021917808219178082,7.895,0.023459771639302733,0.5598465105313932,1154964.920828763,723.7000122070312,0.007307397746256994,2026-08-12
QQQ260820C00723000,2026-08-12 20:07:32+00:00,723.0,7.49,7.27,7.38,1.8999996,33.98926,54.0,124,0.15500722930908206,True,REGULAR,USD,QQQ,call,2026-08-20,0.021917808219178082,7.324999999999999,0.023920436208610826,0.5365906953474436,1553488.1334009564,723.7000122070312,0.007307397746256994,2026-08-12
QQQ260820C00724000,2026-08-12 20:01:26+00:00,724.0,7.13,6.71,6.82,1.96,37.911026,194.0,101,0.15366446929931643,False,REGULAR,USD,QQQ,call,2026-08-20,0.021917808219178082,6.765000000000001,0.0242192852393614,0.5126424127896962,1281149.6307870322,723.7000122070312,0.007307397746256994,2026-08-12
QQQ260820C00725000,2026-08-12 20:00:49+00:00,725.0,6.38,6.18,6.28,1.3299999,26.336632,293.0,358,0.15229119201660157,False,REGULAR,USD,QQQ,call,2026-08-20,0.021917808219178082,6.23,0.0244393640762906,0.48825580779601474,4582369.310681836,723.7000122070312,0.007307397746256994,2026-08-12
QQQ260820C00726000,2026-08-12 20:01:26+00:00,726.0,6.08,5.68,5.78,1.8600001,44.075836,53.0,46,0.15125360473632815,False,REGULAR,USD,QQQ,call,2026-08-20,0.021917808219178082,5.73,0.024515176103150956,0.46360605952898815,590622.5290186328,723.7000122070312,0.007307397746256994,2026-08-12
QQQ260820C00727000,2026-08-12 20:14:46+00:00,727.0,5.28,5.2,5.29,1.3700001,35.038364,247.0,25,0.14991084472656252,False,REGULAR,USD,QQQ,call,2026-08-20,0.021917808219178082,5.245,0.02454391400395671,0.43865069616506835,321366.7858325012,723.7000122070312,0.007307397746256994,2026-08-12
QQQ260820C00728000,2026-08-12 19:36:24+00:00,728.0,4.98,4.74,4.84,1.0899999,28.020563,145.0,68,0.14896480926513672,False,REGULAR,USD,QQQ,call,2026-08-20,0.021917808219178082,4.79,0.024409823995889392,0.4137767697697392,869342.1174375644,723.7000122070312,0.007307397746256994,2026-08-12
QQQ260820C00729000,2026-08-12 19:50:32+00:00,729.0,4.43,4.32,4.4,1.1899998,36.72839,141.0,95,0.14768308380126954,False,REGULAR,USD,QQQ,call,2026-08-20,0.021917808219178082,4.36,0.0242252006152185,0.3887017326183275,1205336.0541884222,723.7000122070312,0.007307397746256994,2026-08-12
QQQ260820C00730000,2026-08-12 20:14:42+00:00,730.0,3.99,3.92,3.99,0.78999996,24.6875,1084.0,248,0.14652342742919922,False,REGULAR,USD,QQQ,call,2026-08-20,0.021917808219178082,3.955,0.02391674123716698,0.3638047377445297,3106496.334559774,723.7000122070312,0.007307397746256994,2026-08-12
QQQ260820C00731000,2026-08-12 18:55:20+00:00,731.0,4.19,3.55,3.63,1.1500001,37.82895,78.0,102,0.14600463378906248,False,REGULAR,USD,QQQ,call,2026-08-20,0.021917808219178082,3.59,0.023418345543031828,0.33982069339713983,1251046.7571187043,723.7000122070312,0.007307397746256994,2026-08-12
QQQ260820C00732000,2026-08-12 19:33:18+00:00,732.0,3.42,3.2,3.27,0.5,17.123287,303.0,76,0.14490601196289063,False,REGULAR,USD,QQQ,call,2026-08-20,0.021917808219178082,3.2350000000000003,0.02290034278690383,0.3156242489974158,911533.7124428595,723.7000122070312,0.007307397746256994,2026-08-12
QQQ260820C00733000,2026-08-12 19:39:05+00:00,733.0,3.04,2.87,2.95,0.56999993,23.07692,142.0,42,0.1442346319580078,False,REGULAR,USD,QQQ,call,2026-08-20,0.021917808219178082,2.91,0.022237814273068153,0.2924515214348732,489168.57453200966,723.7000122070312,0.007307397746256994,2026-08-12
QQQ260820C00734000,2026-08-12 20:12:57+00:00,734.0,2.5,2.57,2.64,0.26999998,12.107622,138.0,123,0.1432275619506836,False,REGULAR,USD,QQQ,call,2026-08-20,0.021917808219178082,2.605,0.021524022355149372,0.2694352254151758,1386582.4715741375,723.7000122070312,0.007307397746256994,2026-08-12
QQQ260820C00735000,2026-08-12 20:13:47+00:00,735.0,2.29,2.3,2.36,0.20000005,9.56938,406.0,569,0.14246463012695312,False,REGULAR,USD,QQQ,call,2026-08-20,0.021917808219178082,2.33,0.02070637695236269,0.24746865976229926,6170687.344829958,723.7000122070312,0.007307397746256994,2026-08-12
QQQ260820C00736000,2026-08-12 19:34:02+00:00,736.0,2.2,2.04,2.1,0.29000008,15.18325,128.0,166,0.141610146484375,False,REGULAR,USD,QQQ,call,2026-08-20,0.021917808219178082,2.0700000000000003,0.019824394219168567,0.2261535667053467,1723555.105585446,723.7000122070312,0.007307397746256994,2026-08-12
QQQ260820C00737000,2026-08-12 19:33:18+00:00,737.0,1.99,1.81,1.86,0.36,22.08589,48.0,114,0.14075566284179689,False,REGULAR,USD,QQQ,call,2026-08-20,0.021917808219178082,1.835,0.018878642554719882,0.20570325874603257,1127178.703868139,723.7000122070312,0.007307397746256994,2026-08-12
QQQ260820C00738000,2026-08-12 18:10:48+00:00,738.0,2.01,1.59,1.65,0.53999996,36.73469,60.0,89,0.14020635192871095,False,REGULAR,USD,QQQ,call,2026-08-20,0.021917808219178082,1.62,0.017871692756119016,0.18672098535584675,833053.4285884035,723.7000122070312,0.007307397746256994,2026-08-12
QQQ260820C00739000,2026-08-12 19:56:57+00:00,739.0,1.41,1.4,1.46,0.100000024,7.6335897,51.0,37,0.13971807556152344,False,REGULAR,USD,QQQ,call,2026-08-20,0.021917808219178082,1.43,0.016831502969410387,0.16885726898542502,326168.32398955105,723.7000122070312,0.007307397746256994,2026-08-12
QQQ260820C00740000,2026-08-12 20:12:22+00:00,740.0,1.21,1.22,1.28,-0.01999998,-1.6260147,2054.0,350,0.13898566101074222,False,REGULAR,USD,QQQ,call,2026-08-20,0.021917808219178082,1.25,0.015768970032261673,0.15160574156670403,2890603.552504309,723.7000122070312,0.007307397746256994,2026-08-12
QQQ260820C00741000,2026-08-12 20:06:06+00:00,741.0,1.19,1.07,1.12,0.17000008,16.666674,62.0,56,0.1383753155517578,False,REGULAR,USD,QQQ,call,2026-08-20,0.021917808219178082,1.0950000000000002,0.014692221991780214,0.1356393153673079,430916.04838346574,723.7000122070312,0.007307397746256994,2026-08-12
QQQ260820C00742000,2026-08-12 19:53:01+00:00,742.0,0.97,0.93,0.98,0.100000024,11.494255,65.0,71,0.13794807373046875,False,REGULAR,USD,QQQ,call,2026-08-20,0.021917808219178082,0.9550000000000001,0.013619877603049026,0.12107526753634174,506464.1547379952,723.7000122070312,0.007307397746256994,2026-08-12
QQQ260820C00744000,2026-08-12 19:49:39+00:00,744.0,0.79,0.7,0.74,0.060000002,8.219178,5.0,41,0.13697152099609378,False,REGULAR,USD,QQQ,call,2026-08-20,0.021917808219178082,0.72,0.011513019015041173,0.09495324361819402,247223.77781364042,723.7000122070312,0.007307397746256994,2026-08-12
QQQ260820C00745000,2026-08-12 19:40:14+00:00,745.0,0.68,0.61,0.64,-0.060000002,-8.108108,82.0,118,0.13654427917480472,False,REGULAR,USD,QQQ,call,2026-08-20,0.021917808219178082,0.625,0.010501834764051225,0.08356787529337262,649029.3670111867,723.7000122070312,0.007307397746256994,2026-08-12
QQQ260820C00746000,2026-08-12 19:40:14+00:00,746.0,0.59,0.52,0.56,0.029999971,5.3571377,36.0,45,0.13660531372070314,False,REGULAR,USD,QQQ,call,2026-08-20,0.021917808219178082,0.54,0.009565686502257208,0.07392521469472216,225447.70426709854,723.7000122070312,0.007307397746256994,2026-08-12
QQQ260820C00747000,2026-08-12 19:40:14+00:00,747.0,0.51,0.45,0.48,-0.35000002,-40.697678,7.0,16,0.13611703735351563,False,REGULAR,USD,QQQ,call,2026-08-20,0.021917808219178082,0.46499999999999997,0.00863110001839363,0.06439322780404372,72327.4730030517,723.7000122070312,0.007307397746256994,2026-08-12
QQQ260820C00748000,2026-08-12 19:45:17+00:00,748.0,0.44,0.38,0.42,0.0,0.0,14.0,111,0.13648324462890626,False,REGULAR,USD,QQQ,call,2026-08-20,0.021917808219178082,0.4,0.007818299310864583,0.056940930566459026,454519.4069670226,723.7000122070312,0.007307397746256994,2026-08-12
QQQ260820C00749000,2026-08-12 19:26:14+00:00,749.0,0.43,0.33,0.36,-0.030000001,-6.521739,25.0,135,0.1362391064453125,False,REGULAR,USD,QQQ,call,2026-08-20,0.021917808219178082,0.345,0.00700491402333189,0.049462197692003954,495283.3604078266,723.7000122070312,0.007307397746256994,2026-08-12
QQQ260820C00750000,2026-08-12 20:09:07+00:00,750.0,0.29,0.28,0.31,-0.07000002,-19.44445,78.0,189,0.13611703735351563,False,REGULAR,USD,QQQ,call,2026-08-20,0.021917808219178082,0.29500000000000004,0.0062557035679908415,0.04291677122411246,619234.4723103978,723.7000122070312,0.007307397746256994,2026-08-12
QQQ260820C00751000,2026-08-12 15:12:34+00:00,751.0,0.46,0.23,0.27,0.099999994,27.777775,5.0,82,0.13648324462890626,False,REGULAR,USD,QQQ,call,2026-08-20,0.021917808219178082,0.25,0.005605018411827417,0.03761351013810911,240717.7169909381,723.7000122070312,0.007307397746256994,2026-08-12
QQQ260820C00752000,2026-08-12 16:20:23+00:00,752.0,0.37,0.2,0.23,-0.120000005,-24.489796,4.0,57,0.1362391064453125,False,REGULAR,USD,QQQ,call,2026-08-20,0.021917808219178082,0.21500000000000002,0.004952784955808648,0.03228123745692134,147856.86287678234,723.7000122070312,0.007307397746256994,2026-08-12
QQQ260820C00753000,2026-08-12 15:49:40+00:00,753.0,0.29,0.17,0.2,0.030000001,11.538462,7.0,132,0.13672738281250002,False,REGULAR,USD,QQQ,call,2026-08-20,0.021917808219178082,0.185,0.00441772809071187,0.02824386997764242,305414.7959602539,723.7000122070312,0.007307397746256994,2026-08-12
QQQ260820C00754000,2026-08-12 13:55:20+00:00,754.0,0.37,0.14,0.17,0.110000014,42.3077,1.0,16,0.13672738281250002,False,REGULAR,USD,QQQ,call,2026-08-20,0.021917808219178082,0.15500000000000003,0.003890080526943092,0.02425818992599474,32598.358690383793,723.7000122070312,0.007307397746256994,2026-08-12
QQQ260820C00755000,2026-08-12 20:09:07+00:00,755.0,0.13,0.12,0.15,-0.060000002,-31.578947,56.0,138,0.1374597973632813,False,REGULAR,USD,QQQ,call,2026-08-20,0.021917808219178082,0.135,0.003469697174456646,0.021314572244208123,250777.0670074436,723.7000122070312,0.007307397746256994,2026-08-12
QQQ260820C00756000,2026-08-12 16:26:37+00:00,756.0,0.23,0.1,0.13,-0.31,-57.407406,3.0,82,0.13794807373046875,False,REGULAR,USD,QQQ,call,2026-08-20,0.021917808219178082,0.115,0.0030714967651961377,0.01853969794540892,131911.01879396132,723.7000122070312,0.007307397746256994,2026-08-12
QQQ260820C00757000,2026-08-12 14:14:56+00:00,757.0,0.23,0.09,0.11,0.010000005,4.545457,4.0,40,0.13770393554687502,False,REGULAR,USD,QQQ,call,2026-08-20,0.021917808219178082,0.1,0.0026607768683327144,0.015641201801852286,55742.39282981223,723.7000122070312,0.007307397746256994,2026-08-12
QQQ260820C00758000,2026-08-12 14:14:56+00:00,758.0,0.21,0.07,0.1,0.059999987,39.99999,1.0,30,0.13916876464843753,False,REGULAR,USD,QQQ,call,2026-08-20,0.021917808219178082,0.085,0.002407249438523186,0.01409424991430503,37823.30795148205,723.7000122070312,0.007307397746256994,2026-08-12
QQQ260820C00759000,2026-08-10 16:45:48+00:00,759.0,0.36,0.06,0.09,0.0,0.0,1.0,5,0.14063359375,False,REGULAR,USD,QQQ,call,2026-08-20,0.021917808219178082,0.075,0.002179020735146926,0.012711949748840864,5706.22020435414,723.7000122070312,0.007307397746256994,2026-08-12
QQQ260820C00760000,2026-08-12 16:20:23+00:00,760.0,0.13,0.05,0.08,0.009999998,8.333331,3.0,63,0.141610146484375,False,REGULAR,USD,QQQ,call,2026-08-20,0.021917808219178082,0.065,0.001944972240552518,0.011240331890127764,64175.774205987436,723.7000122070312,0.007307397746256994,2026-08-12
QQQ260820C00765000,2026-08-12 16:23:28+00:00,765.0,0.08,0.03,0.05,0.0,0.0,58.0,40,0.148446015625,False,REGULAR,USD,QQQ,call,2026-08-20,0.021917808219178082,0.04,0.0011744120410983766,0.006672206410825959,24603.542716450484,723.7000122070312,0.007307397746256994,2026-08-12
QQQ260820C00770000,2026-08-12 19:34:58+00:00,770.0,0.04,0.01,0.04,-0.12,-75.0,2.0,22,0.159188095703125,False,REGULAR,USD,QQQ,call,2026-08-20,0.021917808219178082,0.025,0.0008336407274569373,0.004906371273663065,9605.473199965969,723.7000122070312,0.007307397746256994,2026-08-12
QQQ260820C00775000,2026-08-11 17:22:11+00:00,775.0,0.04,0.01,0.04,0.0,0.0,11.0,89,0.17383638671875,False,REGULAR,USD,QQQ,call,2026-08-20,0.021917808219178082,0.025,0.0007028208420354219,0.004472129360191672,32760.59633134273,723.7000122070312,0.007307397746256994,2026-08-12
QQQ260820C00780000,2026-08-12 17:59:00+00:00,780.0,0.04,0.01,0.04,0.01,33.333336,14.0,46,0.188484677734375,False,REGULAR,USD,QQQ,call,2026-08-20,0.021917808219178082,0.025,0.0006066621509947332,0.004152770001717626,14615.776463230846,723.7000122070312,0.007307397746256994,2026-08-12
QQQ260820C00785000,2026-08-06 14:12:24+00:00,785.0,0.16,0.01,0.03,0.0,0.0,0.0,1,0.196297099609375,False,REGULAR,USD,QQQ,call,2026-08-20,0.021917808219178082,0.02,0.00042872189139117167,0.0029518218198461383,224.53953551206308,723.7000122070312,0.007307397746256994,2026-08-12
QQQ260820C00790000,2026-08-12 19:04:07+00:00,790.0,0.02,0.0,0.03,-0.030000001,-60.0,20.0,17,0.20996883789062498,False,REGULAR,USD,QQQ,call,2026-08-20,0.021917808219178082,0.015,0.0003760806724591282,0.002750612316215706,3348.475271452374,723.7000122070312,0.007307397746256994,2026-08-12
QQQ260820C00800000,2026-08-07 13:55:50+00:00,800.0,0.07,0.0,0.03,0.0,0.0,4.0,4,0.23633576171874998,False,REGULAR,USD,QQQ,call,2026-08-20,0.021917808219178082,0.015,0.00029366920990338063,0.0023846016487128387,615.2272539377726,723.7000122070312,0.007307397746256994,2026-08-12
QQQ260820P00500000,2026-08-07 13:41:17+00:00,500.0,0.03,0.01,0.02,0.0,0.0,5.0,5,0.7421900781249999,False,REGULAR,USD,QQQ,put,2026-08-20,0.021917808219178082,0.015,1.4075316785973782e-05,-0.00030384043166276076,-36.85915224730205,723.7000122070312,0.007307397746256994,2026-08-12
QQQ260820P00515000,2026-08-07 13:35:53+00:00,515.0,0.05,0.01,0.03,0.0,0.0,5.0,5,0.70312796875,False,REGULAR,USD,QQQ,put,2026-08-20,0.021917808219178082,0.02,2.079010659343041e-05,-0.00043624271969089357,-54.44322964926248,723.7000122070312,0.007307397746256994,2026-08-12
QQQ260820P00520000,2026-08-07 13:53:21+00:00,520.0,0.03,0.01,0.03,0.0,0.0,5.0,5,0.6875031250000001,False,REGULAR,USD,QQQ,put,2026-08-20,0.021917808219178082,0.02,2.2843496086022188e-05,-0.0004713411399597245,-59.8204582460549,723.7000122070312,0.007307397746256994,2026-08-12
QQQ260820P00590000,2026-08-07 14:55:45+00:00,590.0,0.09,0.02,0.05,0.0,0.0,1.0,1,0.4804739453125,False,REGULAR,USD,QQQ,put,2026-08-20,0.021917808219178082,0.035,0.00010929968423163107,-0.0017537924151201922,-57.244803267097595,723.7000122070312,0.007307397746256994,2026-08-12
QQQ260820P00605000,2026-08-07 16:51:25+00:00,605.0,0.12,0.03,0.06,0.0,0.0,31.0,31,0.4335994140625,False,REGULAR,USD,QQQ,put,2026-08-20,0.021917808219178082,0.045,0.00015371324409328726,-0.002280291585414207,-2495.6871455329765,723.7000122070312,0.007307397746256994,2026-08-12
QQQ260820P00615000,2026-08-10 19:57:54+00:00,615.0,0.12,0.04,0.07,0.0,0.0,75.0,203,0.40430283203125,False,REGULAR,USD,QQQ,put,2026-08-20,0.021917808219178082,0.05500000000000001,0.00020215055406379043,-0.0028575583174239583,-21492.559307473362,723.7000122070312,0.007307397746256994,2026-08-12
QQQ260820P00620000,2026-08-10 19:03:16+00:00,620.0,0.13,0.04,0.07,0.0,0.0,370.0,607,0.38672488281249995,False,REGULAR,USD,QQQ,put,2026-08-20,0.021917808219178082,0.05500000000000001,0.00022236907050770394,-0.003023484341281746,-70693.62172925391,723.7000122070312,0.007307397746256994,2026-08-12
QQQ260820P00630000,2026-08-12 15:12:15+00:00,630.0,0.07,0.05,0.08,-0.080000006,-53.333336,3.0,30,0.35547519531249994,False,REGULAR,USD,QQQ,put,2026-08-20,0.021917808219178082,0.065,0.00029052971113167886,-0.0037065687815568404,-4564.8758110958715,723.7000122070312,0.007307397746256994,2026-08-12
QQQ260820P00635000,2026-08-12 19:24:27+00:00,635.0,0.06,0.06,0.08,-0.05,-45.454544,30.0,24,0.33789724609375,False,REGULAR,USD,QQQ,put,2026-08-20,0.021917808219178082,0.07,0.0003235936314345225,-0.0039502396019952535,-4067.5075468356995,723.7000122070312,0.007307397746256994,2026-08-12
QQQ260820P00640000,2026-08-12 15:18:57+00:00,640.0,0.07,0.06,0.09,-0.13,-65.00001,10.0,266,0.3242255078124999,False,REGULAR,USD,QQQ,put,2026-08-20,0.021917808219178082,0.075,0.0003881361509628674,-0.00462278170920527,-54073.302076499036,723.7000122070312,0.007307397746256994,2026-08-12
QQQ260820P00645000,2026-08-12 19:32:16+00:00,645.0,0.08,0.07,0.1,-0.09,-52.941177,2.0,4,0.309577216796875,False,REGULAR,USD,QQQ,put,2026-08-20,0.021917808219178082,0.085,0.0004610773979250626,-0.005324981494177261,-965.9418550264039,723.7000122070312,0.007307397746256994,2026-08-12
QQQ260820P00650000,2026-08-12 14:05:32+00:00,650.0,0.1,0.08,0.1,-0.080000006,-44.444447,14.0,53,0.2915109912109374,False,REGULAR,USD,QQQ,put,2026-08-20,0.021917808219178082,0.09,0.0005196711328708256,-0.0056937903461201644,-14425.192667455702,723.7000122070312,0.007307397746256994,2026-08-12
QQQ260820P00655000,2026-08-12 19:29:31+00:00,655.0,0.11,0.09,0.12,-0.14,-56.0,92.0,125,0.27930408203124996,False,REGULAR,USD,QQQ,put,2026-08-20,0.021917808219178082,0.105,0.0006564175903339323,-0.007063672923158015,-42974.15871313843,723.7000122070312,0.007307397746256994,2026-08-12
QQQ260820P00660000,2026-08-12 19:31:00+00:00,660.0,0.13,0.11,0.13,-0.15,-53.57143,33.0,123,0.26367923828125,False,REGULAR,USD,QQQ,put,2026-08-20,0.021917808219178082,0.12,0.0007884504412563059,-0.008147536194674898,-50792.15880340973,723.7000122070312,0.007307397746256994,2026-08-12
QQQ260820P00661000,2026-08-12 19:29:28+00:00,661.0,0.13,0.11,0.14,-0.39999998,-75.471695,45.0,3,0.26270268554687504,False,REGULAR,USD,QQQ,put,2026-08-20,0.021917808219178082,0.125,0.0008504253598610439,-0.008843757631013194,-1336.209690654556,723.7000122070312,0.007307397746256994,2026-08-12
QQQ260820P00665000,2026-08-12 19:26:30+00:00,665.0,0.15,0.13,0.16,-0.4,-72.72727,18.0,4,0.25196060546875,False,REGULAR,USD,QQQ,put,2026-08-20,0.021917808219178082,0.14500000000000002,0.0010257412591378186,-0.010447856203613548,-2148.8939147473384,723.7000122070312,0.007307397746256994,2026-08-12
QQQ260820P00668000,2026-08-12 18:07:21+00:00,668.0,0.16,0.15,0.18,-0.20000002,-55.555557,21.0,11,0.24463645996093752,False,REGULAR,USD,QQQ,put,2026-08-20,0.021917808219178082,0.16499999999999998,0.0012010651262757928,-0.012109491914057302,-6919.526902823865,723.7000122070312,0.007307397746256994,2026-08-12
QQQ260820P00670000,2026-08-12 18:09:37+00:00,670.0,0.18,0.16,0.19,-0.29999998,-62.499996,268.0,170,0.2387771435546875,False,REGULAR,USD,QQQ,put,2026-08-20,0.021917808219178082,0.175,0.0013164445688596412,-0.013091330546001312,-117211.07751272044,723.7000122070312,0.007307397746256994,2026-08-12
QQQ260820P00672000,2026-08-12 18:07:30+00:00,672.0,0.2,0.18,0.21,-0.24999999,-55.555553,85.0,125,0.23438265625,False,REGULAR,USD,QQQ,put,2026-08-20,0.021917808219178082,0.195,0.0014803272754587227,-0.014679747073489846,-96913.64189461825,723.7000122070312,0.007307397746256994,2026-08-12
QQQ260820P00673000,2026-08-12 18:45:47+00:00,673.0,0.19,0.19,0.22,-0.74,-79.56989,1.0,2,0.23194127441406248,False,REGULAR,USD,QQQ,put,2026-08-20,0.021917808219178082,0.20500000000000002,0.0015647005841687655,-0.015468198925585375,-1638.9979118847639,723.7000122070312,0.007307397746256994,2026-08-12
QQQ260820P00675000,2026-08-12 19:22:16+00:00,675.0,0.22,0.22,0.25,-0.39000002,-63.934425,52.0,121,0.22876747802734376,False,REGULAR,USD,QQQ,put,2026-08-20,0.021917808219178082,0.235,0.0017954655189596652,-0.017875890860155397,-113783.58141213191,723.7000122070312,0.007307397746256994,2026-08-12
QQQ260820P00676000,2026-08-12 16:07:46+00:00,676.0,0.28,0.23,0.26,-0.27,-49.09091,4.0,2,0.2260819580078125,False,REGULAR,USD,QQQ,put,2026-08-20,0.021917808219178082,0.245,0.0018931035876945854,-0.018760389749499895,-1982.9946116248902,723.7000122070312,0.007307397746256994,2026-08-12
QQQ260820P00677000,2026-08-10 15:15:57+00:00,677.0,0.66,0.24,0.27,0.0,0.0,10.0,12,0.22339643798828124,False,REGULAR,USD,QQQ,put,2026-08-20,0.021917808219178082,0.255,0.0019972143073829643,-0.01970108811862914,-12552.293183143544,723.7000122070312,0.007307397746256994,2026-08-12
QQQ260820P00680000,2026-08-12 19:30:36+00:00,680.0,0.3,0.29,0.32,-0.39,-56.52174,13.0,656,0.2172929833984375,False,REGULAR,USD,QQQ,put,2026-08-20,0.021917808219178082,0.305,0.002415824253205501,-0.023881980383700818,-830015.7553892753,723.7000122070312,0.007307397746256994,2026-08-12
QQQ260820P00682000,2026-08-12 14:16:28+00:00,682.0,0.4,0.33,0.36,-0.49999997,-55.555553,57.0,8,0.21326470336914063,False,REGULAR,USD,QQQ,put,2026-08-20,0.021917808219178082,0.345,0.002746913640434616,-0.027225453312940573,-11509.385926872033,723.7000122070312,0.007307397746256994,2026-08-12
QQQ260820P00683000,2026-08-12 18:45:47+00:00,683.0,0.35,0.35,0.38,-0.52,-59.770115,99.0,54,0.21106745971679686,False,REGULAR,USD,QQQ,put,2026-08-20,0.021917808219178082,0.365,0.0029234601470286667,-0.02897760653625925,-82681.45252409553,723.7000122070312,0.007307397746256994,2026-08-12
QQQ260820P00684000,2026-08-12 14:16:24+00:00,684.0,0.45,0.38,0.4,-0.3,-40.000004,19.0,36,0.2087481469726562,False,REGULAR,USD,QQQ,put,2026-08-20,0.021917808219178082,0.39,0.003107866194652785,-0.03078247957787872,-58597.88932773071,723.7000122070312,0.007307397746256994,2026-08-12
QQQ260820P00685000,2026-08-12 19:00:31+00:00,685.0,0.39,0.4,0.43,-0.63,-61.764706,148.0,511,0.20728331787109372,False,REGULAR,USD,QQQ,put,2026-08-20,0.021917808219178082,0.41500000000000004,0.0033370444298179217,-0.033267446395444655,-893099.9169497975,723.7000122070312,0.007307397746256994,2026-08-12
QQQ260820P00686000,2026-08-12 16:12:33+00:00,686.0,0.49,0.43,0.46,-0.49,-50.0,21.0,24,0.2054522814941406,False,REGULAR,USD,QQQ,put,2026-08-20,0.021917808219178082,0.445,0.0035677837131715844,-0.03570020183083267,-44846.33122867668,723.7000122070312,0.007307397746256994,2026-08-12
QQQ260820P00688000,2026-08-12 20:01:26+00:00,688.0,0.46,0.49,0.52,-0.63,-57.798164,75.0,63,0.20142400146484374,False,REGULAR,USD,QQQ,put,2026-08-20,0.021917808219178082,0.505,0.004062926929080535,-0.040863608568455057,-134059.23014203442,723.7000122070312,0.007307397746256994,2026-08-12
QQQ260820P00690000,2026-08-12 19:40:26+00:00,690.0,0.55,0.55,0.59,-0.7,-56.0,1356.0,217,0.19751779052734375,False,REGULAR,USD,QQQ,put,2026-08-20,0.021917808219178082,0.5700000000000001,0.004633146235700021,-0.046935170339433174,-526566.1069358172,723.7000122070312,0.007307397746256994,2026-08-12
QQQ260820P00691000,2026-08-12 19:54:38+00:00,691.0,0.6,0.59,0.62,-0.8299999,-58.041954,2135.0,10,0.19495433959960937,False,REGULAR,USD,QQQ,put,2026-08-20,0.021917808219178082,0.605,0.004921876475459059,-0.04980004131357785,-25777.91990190135,723.7000122070312,0.007307397746256994,2026-08-12
QQQ260820P00692000,2026-08-12 16:49:47+00:00,692.0,0.66,0.63,0.67,-0.99999994,-60.24096,22.0,12,0.19361157958984376,False,REGULAR,USD,QQQ,put,2026-08-20,0.021917808219178082,0.65,0.0052826936420706655,-0.05396522470102294,-33201.2038702487,723.7000122070312,0.007307397746256994,2026-08-12
QQQ260820P00693000,2026-08-12 19:32:16+00:00,693.0,0.65,0.67,0.71,-0.6700001,-50.75758,2166.0,10,0.1914143359375,False,REGULAR,USD,QQQ,put,2026-08-20,0.021917808219178082,0.69,0.005629886590453669,-0.05765894930356186,-29486.06416863953,723.7000122070312,0.007307397746256994,2026-08-12
QQQ260820P00694000,2026-08-10 16:53:31+00:00,694.0,1.9,0.72,0.76,0.0,0.0,8.0,123,0.1895832995605469,False,REGULAR,USD,QQQ,put,2026-08-20,0.021917808219178082,0.74,0.006015975071766745,-0.0619882292537538,-387550.498057492,723.7000122070312,0.007307397746256994,2026-08-12
QQQ260820P00695000,2026-08-12 18:57:54+00:00,695.0,0.75,0.77,0.81,-1.01,-57.386364,93.0,178,0.187508125,False,REGULAR,USD,QQQ,put,2026-08-20,0.021917808219178082,0.79,0.006416568472683741,-0.06640126750063857,-598191.1662073841,723.7000122070312,0.007307397746256994,2026-08-12
QQQ260820P00696000,2026-08-12 16:49:29+00:00,696.0,0.84,0.83,0.87,-1.1200001,-57.142864,13.0,47,0.18579915771484373,False,REGULAR,USD,QQQ,put,2026-08-20,0.021917808219178082,0.85,0.006858310671668445,-0.0715365780999766,-168823.21711632045,723.7000122070312,0.007307397746256994,2026-08-12
QQQ260820P00697000,2026-08-12 19:57:31+00:00,697.0,0.95,0.89,0.93,-0.99000007,-51.03093,299.0,89,0.1839070867919922,False,REGULAR,USD,QQQ,put,2026-08-20,0.021917808219178082,0.91,0.007319554392035978,-0.07686286965668976,-341186.47658248007,723.7000122070312,0.007307397746256994,2026-08-12
QQQ260820P00698000,2026-08-12 18:36:07+00:00,698.0,0.88,0.96,1.0,-1.2700001,-59.069767,77.0,23,0.18225915405273438,False,REGULAR,USD,QQQ,put,2026-08-20,0.021917808219178082,0.98,0.007818373159466702,-0.08287137232799613,-94180.5865237514,723.7000122070312,0.007307397746256994,2026-08-12
QQQ260820P00699000,2026-08-12 19:53:20+00:00,699.0,1.02,1.03,1.07,-1.21,-54.26009,49.0,68,0.18030604858398439,False,REGULAR,USD,QQQ,put,2026-08-20,0.021917808219178082,1.05,0.008334656050555063,-0.08897331601843472,-296834.07550679246,723.7000122070312,0.007307397746256994,2026-08-12
QQQ260820P00700000,2026-08-12 19:59:02+00:00,700.0,1.15,1.11,1.15,-1.2600001,-52.282158,269.0,535,0.17859708129882812,False,REGULAR,USD,QQQ,put,2026-08-20,0.021917808219178082,1.13,0.008889762785515173,-0.09583198450023156,-2490927.6549984715,723.7000122070312,0.007307397746256994,2026-08-12
QQQ260820P00701000,2026-08-12 17:55:55+00:00,701.0,1.1,1.19,1.25,-1.43,-56.52174,6.0,98,0.17749845947265624,False,REGULAR,USD,QQQ,put,2026-08-20,0.021917808219178082,1.22,0.009493295432077168,-0.10396716241242965,-487259.40657773154,723.7000122070312,0.007307397746256994,2026-08-12
QQQ260820P00702000,2026-08-12 19:54:43+00:00,702.0,1.28,1.29,1.34,-1.46,-53.28467,6.0,106,0.17566742309570313,False,REGULAR,USD,QQQ,put,2026-08-20,0.021917808219178082,1.315,0.010103816420510968,-0.11174386845066486,-560929.7470009833,723.7000122070312,0.007307397746256994,2026-08-12
QQQ260820P00703000,2026-08-12 19:52:37+00:00,703.0,1.4,1.38,1.44,-1.6899999,-54.69256,22.0,66,0.1739584558105469,False,REGULAR,USD,QQQ,put,2026-08-20,0.021917808219178082,1.41,0.01074860295121124,-0.12024995360014523,-371546.44987136114,723.7000122070312,0.007307397746256994,2026-08-12
QQQ260820P00704000,2026-08-12 20:01:53+00:00,704.0,1.44,1.49,1.55,-1.8599999,-56.363632,32.0,84,0.17237155761718753,False,REGULAR,USD,QQQ,put,2026-08-20,0.021917808219178082,1.52,0.011426041480402894,-0.12953208334874533,-502680.7360542944,723.7000122070312,0.007307397746256994,2026-08-12
QQQ260820P00705000,2026-08-12 19:55:19+00:00,705.0,1.69,1.61,1.67,-1.7,-50.14749,180.0,215,0.17078465942382814,False,REGULAR,USD,QQQ,put,2026-08-20,0.021917808219178082,1.6400000000000001,0.012132427650389683,-0.1394671057625455,-1366165.5507925067,723.7000122070312,0.007307397746256994,2026-08-12
QQQ260820P00706000,2026-08-12 20:01:01+00:00,706.0,1.71,1.74,1.8,-1.8,-51.28205,66.0,84,0.1692587957763672,False,REGULAR,USD,QQQ,put,2026-08-20,0.021917808219178082,1.77,0.012867087695322708,-0.15017463490784888,-566078.5605105212,723.7000122070312,0.007307397746256994,2026-08-12
QQQ260820P00707000,2026-08-12 19:43:30+00:00,707.0,1.92,1.88,1.94,-1.82,-48.6631,116.0,65,0.16773293212890628,False,REGULAR,USD,QQQ,put,2026-08-20,0.021917808219178082,1.91,0.013627592930020575,-0.1616057427931139,-463927.0215176721,723.7000122070312,0.007307397746256994,2026-08-12
QQQ260820P00708000,2026-08-12 16:53:45+00:00,708.0,1.96,2.03,2.09,-2.01,-50.629723,18.0,52,0.16620706848144534,False,REGULAR,USD,QQQ,put,2026-08-20,0.021917808219178082,2.0599999999999996,0.01441204701277616,-0.17379332555344806,-392505.8859004125,723.7000122070312,0.007307397746256994,2026-08-12
QQQ260820P00709000,2026-08-12 19:42:26+00:00,709.0,2.2,2.19,2.25,-2.0600002,-48.356808,50.0,91,0.16462017028808595,False,REGULAR,USD,QQQ,put,2026-08-20,0.021917808219178082,2.2199999999999998,0.01521933782032831,-0.18668308623798602,-725361.1801437713,723.7000122070312,0.007307397746256994,2026-08-12
QQQ260820P00710000,2026-08-12 19:43:38+00:00,710.0,2.27,2.36,2.43,-2.1799998,-48.98876,54.0,279,0.16327741027832032,False,REGULAR,USD,QQQ,put,2026-08-20,0.021917808219178082,2.395,0.016038823157360767,-0.20073479401862948,-2343655.9756105584,723.7000122070312,0.007307397746256994,2026-08-12
QQQ260820P00711000,2026-08-12 19:33:18+00:00,711.0,2.5,2.55,2.62,-2.44,-49.39271,15.0,72,0.16187361572265624,False,REGULAR,USD,QQQ,put,2026-08-20,0.021917808219178082,2.585,0.016872037788973025,-0.21554244446519633,-636234.47160793,723.7000122070312,0.007307397746256994,2026-08-12
QQQ260820P00712000,2026-08-12 19:49:45+00:00,712.0,2.62,2.75,2.82,-2.5100002,-48.92788,48.0,422,0.1603477520751953,False,REGULAR,USD,QQQ,put,2026-08-20,0.021917808219178082,2.785,0.01771965285573498,-0.23104914883456495,-3916379.965792964,723.7000122070312,0.007307397746256994,2026-08-12
QQQ260820P00713000,2026-08-12 18:10:40+00:00,713.0,2.68,2.96,3.04,-2.8700001,-51.711708,22.0,94,0.15894395751953128,False,REGULAR,USD,QQQ,put,2026-08-20,0.021917808219178082,3.0,0.01856510371501171,-0.24760759614112526,-913991.9975377716,723.7000122070312,0.007307397746256994,2026-08-12
QQQ260820P00714000,2026-08-12 19:08:07+00:00,714.0,2.95,3.2,3.27,-2.8999999,-49.57265,12.0,73,0.1574486111450195,False,REGULAR,USD,QQQ,put,2026-08-20,0.021917808219178082,3.2350000000000003,0.01941464542099485,-0.26494766101012235,-742282.9468995689,723.7000122070312,0.007307397746256994,2026-08-12
QQQ260820P00715000,2026-08-12 20:00:22+00:00,715.0,3.45,3.45,3.52,-2.7699997,-44.53376,217.0,265,0.15601429931640626,False,REGULAR,USD,QQQ,put,2026-08-20,0.021917808219178082,3.4850000000000003,0.020251618458012623,-0.28327739651233086,-2810753.567076138,723.7000122070312,0.007307397746256994,2026-08-12
QQQ260820P00716000,2026-08-12 19:54:09+00:00,716.0,3.77,3.71,3.79,-3.1100001,-45.203487,63.0,109,0.15467153930664065,False,REGULAR,USD,QQQ,put,2026-08-20,0.021917808219178082,3.75,0.021063468213791854,-0.30262228672566915,-1202468.0324765658,723.7000122070312,0.007307397746256994,2026-08-12
QQQ260820P00717000,2026-08-12 17:03:28+00:00,717.0,3.82,4.0,4.08,-3.3500001,-46.722454,45.0,48,0.15338981384277345,False,REGULAR,USD,QQQ,put,2026-08-20,0.021917808219178082,4.04,0.021842353644160657,-0.3229223819164685,-549108.0766603706,723.7000122070312,0.007307397746256994,2026-08-12
QQQ260820P00718000,2026-08-12 20:12:33+00:00,718.0,4.41,4.3,4.38,-3.0900002,-41.2,39.0,134,0.1518639501953125,False,REGULAR,USD,QQQ,put,2026-08-20,0.021917808219178082,4.34,0.022616035425990676,-0.34386331569006745,-1587224.7759696234,723.7000122070312,0.007307397746256994,2026-08-12
QQQ260820P00719000,2026-08-12 19:49:45+00:00,719.0,4.45,4.63,4.71,-3.54,-44.30538,80.0,105,0.15058222473144534,False,REGULAR,USD,QQQ,put,2026-08-20,0.021917808219178082,4.67,0.02331688461963885,-0.3658963977784102,-1282262.621660794,723.7000122070312,0.007307397746256994,2026-08-12
QQQ260820P00720000,2026-08-12 20:11:56+00:00,720.0,4.97,4.98,5.06,-3.4500003,-40.973873,277.0,342,0.14926998199462893,False,REGULAR,USD,QQQ,put,2026-08-20,0.021917808219178082,5.02,0.02396791275136354,-0.388715972971558,-4293124.479347523,723.7000122070312,0.007307397746256994,2026-08-12
QQQ260820P00721000,2026-08-12 20:13:13+00:00,721.0,5.44,5.35,5.43,-3.4100003,-38.531075,1656.0,177,0.14795773925781253,False,REGULAR,USD,QQQ,put,2026-08-20,0.021917808219178082,5.39,0.024555583254641616,-0.4123060500877248,-2276358.6098648324,723.7000122070312,0.007307397746256994,2026-08-12
QQQ260820P00722000,2026-08-12 20:12:08+00:00,722.0,5.74,5.74,5.84,-4.7200003,-45.124287,89.0,84,0.1469811865234375,False,REGULAR,USD,QQQ,put,2026-08-20,0.021917808219178082,5.79,0.025014062316208077,-0.43673611539945845,-1100476.247910146,723.7000122070312,0.007307397746256994,2026-08-12
QQQ260820P00723000,2026-08-12 19:59:36+00:00,723.0,6.19,6.15,6.24,-4.03,-39.432487,237.0,57,0.1453332537841797,False,REGULAR,USD,QQQ,put,2026-08-20,0.021917808219178082,6.195,0.02550154808104195,-0.46156881418272977,-761304.7873887882,723.7000122070312,0.007307397746256994,2026-08-12
QQQ260820P00724000,2026-08-12 20:03:31+00:00,724.0,6.4,6.6,6.68,-4.5099998,-41.33822,395.0,52,0.14399049377441403,True,REGULAR,USD,QQQ,put,2026-08-20,0.021917808219178082,6.64,0.025845916374318705,-0.4870987579781991,-703902.3876633745,723.7000122070312,0.007307397746256994,2026-08-12
QQQ260820P00725000,2026-08-12 19:42:52+00:00,725.0,6.96,7.06,7.17,-3.9300003,-36.088158,621.0,52,0.14325807922363282,True,REGULAR,USD,QQQ,put,2026-08-20,0.021917808219178082,7.115,0.025977772652671177,-0.513034538622917,-707493.4365477135,723.7000122070312,0.007307397746256994,2026-08-12
QQQ260820P00726000,2026-08-12 19:42:52+00:00,726.0,7.69,7.55,7.66,-4.1600003,-35.105488,218.0,21,0.1419763537597656,True,REGULAR,USD,QQQ,put,2026-08-20,0.021917808219178082,7.605,0.02609875448140352,-0.5393279073699333,-287049.13104231167,723.7000122070312,0.007307397746256994,2026-08-12
QQQ260820P00728000,2026-08-12 15:21:24+00:00,728.0,8.84,8.59,8.78,-4.09,-31.631863,21.0,6,0.1408166973876953,True,REGULAR,USD,QQQ,put,2026-08-20,0.021917808219178082,8.684999999999999,0.025742019051467786,-0.591609223481093,-80893.0141010982,723.7000122070312,0.007307397746256994,2026-08-12
QQQ260820P00730000,2026-08-12 19:27:38+00:00,730.0,9.67,9.76,9.96,-4.7799997,-33.079582,112.0,2,0.13874152282714847,True,REGULAR,USD,QQQ,put,2026-08-20,0.021917808219178082,9.86,0.025071193690140107,-0.6439465326120107,-26261.65959312126,723.7000122070312,0.007307397746256994,2026-08-12
QQQ260820P00732000,2026-08-12 19:50:47+00:00,732.0,11.05,11.04,11.25,-3.3400002,-23.210562,2.0,7,0.13691048645019532,True,REGULAR,USD,QQQ,put,2026-08-20,0.021917808219178082,11.145,0.023889613975978514,-0.6947005303395,-87583.9105352346,723.7000122070312,0.007307397746256994,2026-08-12
QQQ260820P00735000,2026-08-12 18:06:07+00:00,735.0,12.4,12.88,13.53,-9.85,-44.269665,7.0,1,0.13886359191894532,True,REGULAR,USD,QQQ,put,2026-08-20,0.021917808219178082,13.205,0.020977069940761896,-0.7582596356772773,-10986.566432655298,723.7000122070312,0.007307397746256994,2026-08-12
QQQ260820P00740000,2026-08-12 20:01:17+00:00,740.0,16.6,16.57,19.16,-3.4899998,-17.371824,25.0,56,0.18946123046875002,True,REGULAR,USD,QQQ,put,2026-08-20,0.021917808219178082,17.865000000000002,0.014848346839772394,-0.7730108390891665,-435495.1176752923,723.7000122070312,0.007307397746256994,2026-08-12
QQQ260821C00315000,2026-07-23 13:30:07+00:00,315.0,381.07,407.14,410.85,0.0,0.0,10.0,11,1.994140654296875,True,REGULAR,USD,QQQ,call,2026-08-21,0.024657534246575342,408.995,3.338514853662522e-05,0.9975694665989195,192.33714175870904,723.7000122070312,0.007307397746256994,2026-08-12
QQQ260821C00320000,2026-07-01 17:09:38+00:00,320.0,409.59,402.1,405.85,0.0,0.0,1.0,10,1.9433596582031252,True,REGULAR,USD,QQQ,call,2026-08-21,0.024657534246575342,403.975,3.2939171065665455e-05,0.9976726014302463,172.51617703115062,723.7000122070312,0.007307397746256994,2026-08-12
QQQ260821C00325000,2026-07-21 18:36:01+00:00,325.0,385.5,397.1,400.86,0.0,0.0,4.0,14,1.9130863720703126,True,REGULAR,USD,QQQ,call,2026-08-21,0.024657534246575342,398.98,3.45766227746737e-05,0.9975866752567838,253.52907240381938,723.7000122070312,0.007307397746256994,2026-08-12
QQQ260821C00330000,2026-08-06 15:38:45+00:00,330.0,386.75,392.17,395.86,0.0,0.0,1.0,19,1.9042973535156251,True,REGULAR,USD,QQQ,call,2026-08-21,0.024657534246575342,394.015,3.878918675865163e-05,0.99727323983827,385.99478332889134,723.7000122070312,0.007307397746256994,2026-08-12
QQQ260821C00335000,2026-08-11 15:15:08+00:00,335.0,385.81,387.12,390.87,0.0,0.0,1.0,32,1.8564460302734376,True,REGULAR,USD,QQQ,call,2026-08-21,0.024657534246575342,388.995,3.8434775763056554e-05,0.9973758200349182,644.156642943919,723.7000122070312,0.007307397746256994,2026-08-12
QQQ260821C00340000,2026-08-10 18:40:14+00:00,340.0,381.58,382.23,385.87,0.0,0.0,3.0,22,1.859375703125,True,REGULAR,USD,QQQ,call,2026-08-21,0.024657534246575342,384.05,4.463521809171987e-05,0.9968970709548493,514.3011576012503,723.7000122070312,0.007307397746256994,2026-08-12
QQQ260821C00345000,2026-08-12 14:51:51+00:00,345.0,379.82,377.17,380.88,5.9900208,1.6023382,4.0,17,1.8105478222656248,True,REGULAR,USD,QQQ,call,2026-08-21,0.024657534246575342,379.025,4.4028524828568475e-05,0.997032822423825,392.01277125723783,723.7000122070312,0.007307397746256994,2026-08-12
QQQ260821C00350000,2026-08-10 19:54:24+00:00,350.0,371.54,372.23,375.88,0.0,0.0,4.0,29,1.7968760156249999,True,REGULAR,USD,QQQ,call,2026-08-21,0.024657534246575342,374.055,4.84502299775063e-05,0.9967277092015014,735.8867793751101,723.7000122070312,0.007307397746256994,2026-08-12
QQQ260821C00355000,2026-08-12 19:52:17+00:00,355.0,369.01,367.05,370.89,115.57001,45.60054,2.0,0,1.7089858300781249,True,REGULAR,USD,QQQ,call,2026-08-21,0.024657534246575342,368.97,4.167911929289448e-05,0.9973808295104849,0.0,723.7000122070312,0.007307397746256994,2026-08-12
QQQ260821C00360000,2026-07-24 14:37:38+00:00,360.0,326.48,362.12,365.9,0.0,0.0,2.0,3,1.7041030419921874,True,REGULAR,USD,QQQ,call,2026-08-21,0.024657534246575342,364.01,4.735089380042064e-05,0.9969925173611466,74.39891393598019,723.7000122070312,0.007307397746256994,2026-08-12
QQQ260821C00365000,2026-08-12 19:52:44+00:00,365.0,359.0,357.17,360.9,2.4299927,0.681491,2.0,2,1.6884781201171877,True,REGULAR,USD,QQQ,call,2026-08-21,0.024657534246575342,359.03499999999997,5.1739630942093074e-05,0.9967150774820903,54.19640532749514,723.7000122070312,0.007307397746256994,2026-08-12
QQQ260821C00370000,2026-08-07 17:47:01+00:00,370.0,351.53,352.2,355.91,0.0,0.0,35.0,36,1.6689469677734377,True,REGULAR,USD,QQQ,call,2026-08-21,0.024657534246575342,354.055,5.57361787133994e-05,0.9964774183457484,1050.8890110577242,723.7000122070312,0.007307397746256994,2026-08-12
QQQ260821C00385000,2026-07-31 15:21:49+00:00,385.0,299.82,337.18,340.92,0.0,0.0,1.0,11,1.5751974365234374,True,REGULAR,USD,QQQ,call,2026-08-21,0.024657534246575342,339.05,6.1555912129739e-05,0.9963106962450886,354.6333838951089,723.7000122070312,0.007307397746256994,2026-08-12
QQQ260821C00390000,2026-05-13 19:13:15+00:00,390.0,329.48,346.36,349.85,0.0,0.0,3.0,6,3.075197624511718,True,REGULAR,USD,QQQ,call,2026-08-21,0.024657534246575342,348.105,0.00035753759025453216,0.9362156225976024,1123.544088453443,723.7000122070312,0.007307397746256994,2026-08-12
QQQ260821C00400000,2026-08-12 14:59:01+00:00,400.0,324.5,322.16,325.94,6.279999,1.9734771,2.0,194,1.4873072509765624,True,REGULAR,USD,QQQ,call,2026-08-21,0.024657534246575342,324.05,6.868381806160434e-05,0.9960896977401179,6978.680551190211,723.7000122070312,0.007307397746256994,2026-08-12
QQQ260821C00405000,2026-08-11 15:38:03+00:00,405.0,314.93,317.25,320.95,0.0,0.0,1.0,5,1.482424462890625,True,REGULAR,USD,QQQ,call,2026-08-21,0.024657534246575342,319.1,7.76687096795623e-05,0.9955300652972934,203.39171319989794,723.7000122070312,0.007307397746256994,2026-08-12
QQQ260821C00410000,2026-07-31 14:26:30+00:00,410.0,273.6,312.26,315.95,0.0,0.0,1.0,6,1.4560574072265624,True,REGULAR,USD,QQQ,call,2026-08-21,0.024657534246575342,314.105,8.12717031711804e-05,0.9953907615673877,255.3922836239879,723.7000122070312,0.007307397746256994,2026-08-12
QQQ260821C00415000,2026-07-23 13:30:07+00:00,415.0,281.13,307.22,310.96,0.0,0.0,10.0,11,1.4213896118164064,True,REGULAR,USD,QQQ,call,2026-08-21,0.024657534246575342,309.09000000000003,8.245731600311669e-05,0.9954401437406095,475.0496904255293,723.7000122070312,0.007307397746256994,2026-08-12
QQQ260821C00425000,2026-07-29 19:49:07+00:00,425.0,241.17,297.24,300.97,0.0,0.0,2.0,3,1.3720734521484375,True,REGULAR,USD,QQQ,call,2026-08-21,0.024657534246575342,299.105,9.107019270472127e-05,0.99510071842029,143.0917747345986,723.7000122070312,0.007307397746256994,2026-08-12
QQQ260821C00430000,2026-07-17 15:51:04+00:00,430.0,268.4,292.33,295.97,0.0,0.0,1.0,6,1.36328443359375,True,REGULAR,USD,QQQ,call,2026-08-21,0.024657534246575342,294.15,0.00010138914251707213,0.9945124273643839,318.6103358455916,723.7000122070312,0.007307397746256994,2026-08-12
QQQ260821C00435000,2026-07-01 20:01:18+00:00,435.0,291.89,287.24,290.98,0.0,0.0,2.0,14,1.319827619628906,True,REGULAR,USD,QQQ,call,2026-08-21,0.024657534246575342,289.11,9.925123665934262e-05,0.994834036969332,727.7481704663841,723.7000122070312,0.007307397746256994,2026-08-12
QQQ260821C00440000,2026-07-20 16:41:29+00:00,440.0,262.32,282.28,285.99,0.0,0.0,1.0,17,1.3027378613281246,True,REGULAR,USD,QQQ,call,2026-08-21,0.024657534246575342,284.135,0.00010715783930439128,0.9944508868584445,954.0915057048483,723.7000122070312,0.007307397746256994,2026-08-12
QQQ260821C00445000,2026-08-07 15:38:06+00:00,445.0,278.53,277.35,280.99,0.0,0.0,2.0,15,1.2890660546875,True,REGULAR,USD,QQQ,call,2026-08-21,0.024657534246575342,279.17,0.00011712193820107972,0.9939385160432409,920.1246587830951,723.7000122070312,0.007307397746256994,2026-08-12
QQQ260821C00450000,2026-08-03 18:51:18+00:00,450.0,251.48,272.3,276.0,0.0,0.0,1.0,117,1.2548865380859375,True,REGULAR,USD,QQQ,call,2026-08-21,0.024657534246575342,274.15,0.00011845809790126691,0.9940437777470222,7258.849238390118,723.7000122070312,0.007307397746256994,2026-08-12
QQQ260821C00460000,2026-07-30 18:12:27+00:00,460.0,223.63,262.24,266.01,0.0,0.0,3.0,44,1.193363408203125,True,REGULAR,USD,QQQ,call,2026-08-21,0.024657534246575342,264.125,0.000123800886702579,0.9940849721239331,2852.9462637490283,723.7000122070312,0.007307397746256994,2026-08-12
QQQ260821C00465000,2026-07-30 17:55:29+00:00,465.0,218.68,257.3,261.01,0.0,0.0,1.0,31,1.1787150439453122,True,REGULAR,USD,QQQ,call,2026-08-21,0.024657534246575342,259.155,0.0001349225810756946,0.9935719726157266,2190.602073484225,723.7000122070312,0.007307397746256994,2026-08-12
QQQ260821C00470000,2026-07-29 20:01:53+00:00,470.0,192.37,252.25,256.02,0.0,0.0,1.0,18,1.1460003637695313,True,REGULAR,USD,QQQ,call,2026-08-21,0.024657534246575342,254.135,0.0001365886918020252,0.9936862370947926,1287.669504466679,723.7000122070312,0.007307397746256994,2026-08-12
QQQ260821C00475000,2026-08-07 19:11:51+00:00,475.0,247.99,247.39,251.03,0.0,0.0,12.0,29,1.1450238061523437,True,REGULAR,USD,QQQ,call,2026-08-21,0.024657534246575342,249.20999999999998,0.000157287698850169,0.992599737719221,2388.965711739857,723.7000122070312,0.007307397746256994,2026-08-12
QQQ260821C00480000,2026-08-04 15:03:47+00:00,480.0,245.61,242.37,246.03,8.2400055,3.4713762,1.0,40,1.1167036352539061,True,REGULAR,USD,QQQ,call,2026-08-21,0.024657534246575342,244.2,0.00016222612582017016,0.9925502724789378,3398.583526619756,723.7000122070312,0.007307397746256994,2026-08-12
QQQ260821C00485000,2026-08-04 14:03:42+00:00,485.0,230.53,237.27,241.04,0.0,0.0,1.0,16,1.0776413305664065,True,REGULAR,USD,QQQ,call,2026-08-21,0.024657534246575342,239.155,0.000159780858518697,0.992967262952475,1338.9423950930325,723.7000122070312,0.007307397746256994,2026-08-12
QQQ260821C00490000,2026-07-24 14:19:07+00:00,490.0,197.28,232.39,236.04,0.0,0.0,11.0,35,1.070805427246094,True,REGULAR,USD,QQQ,call,2026-08-21,0.024657534246575342,234.21499999999997,0.00018001240122620207,0.9920059810217459,3299.800084689869,723.7000122070312,0.007307397746256994,2026-08-12
QQQ260821C00495000,2026-08-03 18:55:00+00:00,495.0,206.61,227.36,231.05,0.0,0.0,6.0,24,1.0429735351562504,True,REGULAR,USD,QQQ,call,2026-08-21,0.024657534246575342,229.205,0.00018576594596314243,0.9919592289471252,2335.040970369182,723.7000122070312,0.007307397746256994,2026-08-12
QQQ260821C00500000,2026-08-12 18:23:46+00:00,500.0,225.6,222.37,226.05,3.6500092,1.6445187,21.0,49,1.0200244311523439,True,REGULAR,USD,QQQ,call,2026-08-21,0.024657534246575342,224.21,0.00019560842217535205,0.9916858186975573,5019.966164158118,723.7000122070312,0.007307397746256994,2026-08-12
QQQ260821C00505000,2026-08-11 14:23:07+00:00,505.0,217.0,217.34,221.06,0.0,0.0,1.0,104,0.9926758544921875,True,REGULAR,USD,QQQ,call,2026-08-21,0.024657534246575342,219.2,0.00020206354667194872,0.9916355795454359,11006.227127117189,723.7000122070312,0.007307397746256994,2026-08-12
QQQ260821C00510000,2026-07-31 17:48:25+00:00,510.0,180.05,212.37,216.06,0.0,0.0,1.0,105,0.9726565234375,True,REGULAR,USD,QQQ,call,2026-08-21,0.024657534246575342,214.215,0.0002154866215280153,0.9912059282649146,11850.229769572874,723.7000122070312,0.007307397746256994,2026-08-12
QQQ260821C00515000,2026-07-17 18:36:36+00:00,515.0,184.93,207.39,211.07,0.0,0.0,5.0,287,0.9526371923828124,True,REGULAR,USD,QQQ,call,2026-08-21,0.024657534246575342,209.23,0.00022985652997228079,0.9907554033511708,34550.62458808491,723.7000122070312,0.007307397746256994,2026-08-12
QQQ260821C00520000,2026-08-12 16:34:27+00:00,520.0,204.56,202.43,206.08,3.4100037,1.6952542,2.0,103,0.9345709667968749,True,REGULAR,USD,QQQ,call,2026-08-21,0.024657534246575342,204.255,0.00024737411441961237,0.990163015020663,13344.694535267314,723.7000122070312,0.007307397746256994,2026-08-12
QQQ260821C00525000,2026-08-07 15:01:53+00:00,525.0,196.32,197.4,201.08,0.0,0.0,1.0,23,0.9072274902343749,True,REGULAR,USD,QQQ,call,2026-08-21,0.024657534246575342,199.24,0.00025556224570215207,0.9901306352505769,3078.517960531512,723.7000122070312,0.007307397746256994,2026-08-12
QQQ260821C00530000,2026-08-11 18:06:18+00:00,530.0,188.7,192.37,196.09,0.0,0.0,4.0,81,0.8813488427734374,True,REGULAR,USD,QQQ,call,2026-08-21,0.024657534246575342,194.23000000000002,0.00026562831405887435,0.9900204627056899,11268.770771633335,723.7000122070312,0.007307397746256994,2026-08-12
QQQ260821C00535000,2026-08-12 16:58:57+00:00,535.0,190.48,187.28,191.1,1.6199951,0.8577757,1.0,38,0.8481460498046874,True,REGULAR,USD,QQQ,call,2026-08-21,0.024657534246575342,189.19,0.0002663521105546523,0.9904198705954219,5300.98895047367,723.7000122070312,0.007307397746256994,2026-08-12
QQQ260821C00540000,2026-08-10 16:34:33+00:00,540.0,182.47,182.43,186.1,0.0,0.0,2.0,39,0.842775009765625,True,REGULAR,USD,QQQ,call,2026-08-21,0.024657534246575342,184.265,0.00030528903617685734,0.9888783678583232,6235.811444449262,723.7000122070312,0.007307397746256994,2026-08-12
QQQ260821C00545000,2026-08-12 19:47:59+00:00,545.0,179.16,177.43,181.11,6.980011,4.0539036,4.0,20,0.8203142968749999,True,REGULAR,USD,QQQ,call,2026-08-21,0.024657534246575342,179.27,0.00032273693155653786,0.9885067384182668,3380.615833221982,723.7000122070312,0.007307397746256994,2026-08-12
QQQ260821C00550000,2026-08-12 17:52:05+00:00,550.0,175.9,172.47,176.11,6.439987,3.8002992,7.0,118,0.8012715185546875,True,REGULAR,USD,QQQ,call,2026-08-21,0.024657534246575342,174.29000000000002,0.00034693709952574503,0.9878415488033222,21441.24061718031,723.7000122070312,0.007307397746256994,2026-08-12
QQQ260821C00555000,2026-08-10 16:35:24+00:00,555.0,167.45,167.45,171.12,0.0,0.0,252.0,286,0.7773459765625,True,REGULAR,USD,QQQ,call,2026-08-21,0.024657534246575342,169.285,0.00036462733475397575,0.9875659715639372,54617.5752884606,723.7000122070312,0.007307397746256994,2026-08-12
QQQ260821C00560000,2026-08-12 16:16:31+00:00,560.0,164.97,162.49,166.13,8.619995,5.513268,1.0,211,0.7592797509765626,True,REGULAR,USD,QQQ,call,2026-08-21,0.024657534246575342,164.31,0.00039446442455134164,0.9867475439016029,43592.06645041372,723.7000122070312,0.007307397746256994,2026-08-12
QQQ260821C00565000,2026-08-03 19:52:20+00:00,565.0,137.08,157.39,161.13,0.0,0.0,28.0,194,0.7270535107421875,True,REGULAR,USD,QQQ,call,2026-08-21,0.024657534246575342,159.26,0.00039814155824684927,0.9872599513011919,40453.527884337156,723.7000122070312,0.007307397746256994,2026-08-12
QQQ260821C00570000,2026-08-12 17:08:20+00:00,570.0,155.92,152.44,156.14,6.9599915,4.6723895,1.0,273,0.709963837890625,True,REGULAR,USD,QQQ,call,2026-08-21,0.024657534246575342,154.29,0.00043384602749842156,0.9863106184202283,62031.94979086553,723.7000122070312,0.007307397746256994,2026-08-12
QQQ260821C00575000,2026-08-10 17:36:20+00:00,575.0,147.81,147.33,151.15,0.0,0.0,2.0,161,0.6782258740234376,True,REGULAR,USD,QQQ,call,2026-08-21,0.024657534246575342,149.24,0.0004382170513169362,0.9868651887964854,36951.52003257306,723.7000122070312,0.007307397746256994,2026-08-12
QQQ260821C00580000,2026-08-04 19:14:36+00:00,580.0,146.09,142.51,146.15,0.0,0.0,10.0,298,0.672122419433594,True,REGULAR,USD,QQQ,call,2026-08-21,0.024657534246575342,144.32999999999998,0.0005074383966218159,0.9845898290804989,79198.46241020961,723.7000122070312,0.007307397746256994,2026-08-12
QQQ260821C00585000,2026-08-10 13:43:59+00:00,585.0,137.28,137.5,141.16,0.0,0.0,2.0,1057,0.6496617065429688,True,REGULAR,USD,QQQ,call,2026-08-21,0.024657534246575342,139.32999999999998,0.0005399682599206648,0.9840758967942731,298923.72075425833,723.7000122070312,0.007307397746256994,2026-08-12
QQQ260821C00590000,2026-08-10 14:03:15+00:00,590.0,133.4,132.42,136.17,0.0,0.0,3.0,481,0.6215858154296876,True,REGULAR,USD,QQQ,call,2026-08-21,0.024657534246575342,134.295,0.000558035724874761,0.9842837043085577,140580.22665672403,723.7000122070312,0.007307397746256994,2026-08-12
QQQ260821C00595000,2026-08-07 19:39:28+00:00,595.0,128.0,127.48,131.18,0.0,0.0,4.0,297,0.6049844189453126,True,REGULAR,USD,QQQ,call,2026-08-21,0.024657534246575342,129.33,0.0006144634852517602,0.982959831299552,95580.5860545036,723.7000122070312,0.007307397746256994,2026-08-12
QQQ260821C00600000,2026-08-12 19:58:34+00:00,600.0,124.09,122.55,126.19,5.919998,5.0097303,164.0,1353,0.5888712988281251,True,REGULAR,USD,QQQ,call,2026-08-21,0.024657534246575342,124.37,0.0006795724559276172,0.9814218197811763,481560.3533608257,723.7000122070312,0.007307397746256994,2026-08-12
QQQ260821C00605000,2026-08-12 14:06:07+00:00,605.0,120.27,117.47,121.2,4.359993,3.761533,1.0,564,0.5617719604492188,True,REGULAR,USD,QQQ,call,2026-08-21,0.024657534246575342,119.33500000000001,0.0007092452253633477,0.9815170139893419,209504.17629494972,723.7000122070312,0.007307397746256994,2026-08-12
QQQ260821C00610000,2026-08-12 17:04:15+00:00,610.0,116.0,112.48,116.21,6.300003,5.742938,36.0,1734,0.5410202148437502,True,REGULAR,USD,QQQ,call,2026-08-21,0.024657534246575342,114.345,0.0007679653961554795,0.9805836443459398,697441.6908941157,723.7000122070312,0.007307397746256994,2026-08-12
QQQ260821C00615000,2026-08-12 15:28:43+00:00,615.0,109.35,107.46,111.22,3.449997,3.2577875,3.0,3055,0.5185595019531251,True,REGULAR,USD,QQQ,call,2026-08-21,0.024657534246575342,109.34,0.0008252889184758882,0.9798949450712001,1320487.7849587805,723.7000122070312,0.007307397746256994,2026-08-12
QQQ260821C00620000,2026-08-12 18:14:53+00:00,620.0,104.59,102.58,106.23,1.6199951,1.573269,9.0,2106,0.5051319018554687,True,REGULAR,USD,QQQ,call,2026-08-21,0.024657534246575342,104.405,0.0009369834555545378,0.9773522485329655,1033492.7855357893,723.7000122070312,0.007307397746256994,2026-08-12
QQQ260821C00625000,2026-08-12 13:49:16+00:00,625.0,101.97,97.57,101.24,4.330002,4.43466,1.0,3260,0.6302527209472657,True,REGULAR,USD,QQQ,call,2026-08-21,0.024657534246575342,99.405,0.0016990254980629564,0.9383428089345729,2900912.681272445,723.7000122070312,0.007307397746256994,2026-08-12
QQQ260821C00630000,2026-08-12 13:49:16+00:00,630.0,97.0,92.58,96.26,7.9300003,8.90311,1.0,3511,0.6047402807617189,True,REGULAR,USD,QQQ,call,2026-08-21,0.024657534246575342,94.42,0.0018340738190726934,0.9354953541789603,3372599.729462898,723.7000122070312,0.007307397746256994,2026-08-12
QQQ260821C00635000,2026-08-12 19:33:15+00:00,635.0,89.8,87.51,91.28,5.4300003,6.435937,53.0,2482,0.5792278405761719,True,REGULAR,USD,QQQ,call,2026-08-21,0.024657534246575342,89.39500000000001,0.0019857667310412314,0.9323957819366582,2581351.6274094195,723.7000122070312,0.007307397746256994,2026-08-12
QQQ260821C00640000,2026-08-12 19:06:42+00:00,640.0,85.76,82.64,86.3,6.4000015,8.064518,5.0,6165,0.5537154003906251,True,REGULAR,USD,QQQ,call,2026-08-21,0.024657534246575342,84.47,0.0021571317420238803,0.9290023743755413,6965092.850669041,723.7000122070312,0.007307397746256994,2026-08-12
QQQ260821C00645000,2026-08-12 18:57:02+00:00,645.0,80.55,77.63,81.32,6.8700027,9.324107,152.0,2804,0.5279588220214844,True,REGULAR,USD,QQQ,call,2026-08-21,0.024657534246575342,79.475,0.002350892744267645,0.9253523359864,3452454.667520454,723.7000122070312,0.007307397746256994,2026-08-12
QQQ260821C00650000,2026-08-12 19:50:58+00:00,650.0,74.64,72.65,76.35,4.9300003,7.0721564,24.0,3220,0.5026905200195313,True,REGULAR,USD,QQQ,call,2026-08-21,0.024657534246575342,74.5,0.002574910959086395,0.9211156487536112,4342454.20623575,723.7000122070312,0.007307397746256994,2026-08-12
QQQ260821C00651000,2026-08-07 14:18:56+00:00,651.0,69.62,71.65,75.35,0.0,0.0,1.0,48,0.4973194799804688,True,REGULAR,USD,QQQ,call,2026-08-21,0.024657534246575342,73.5,0.00262215776833474,0.9203365268664316,65920.00259345988,723.7000122070312,0.007307397746256994,2026-08-12
QQQ260821C00652000,2026-08-12 16:25:14+00:00,652.0,73.25,70.65,74.36,5.6500015,8.35799,8.0,54,0.4924367163085938,True,REGULAR,USD,QQQ,call,2026-08-21,0.024657534246575342,72.505,0.0026730586652060806,0.9193440263404167,75599.58474070198,723.7000122070312,0.007307397746256994,2026-08-12
QQQ260821C00653000,2026-08-04 13:33:39+00:00,653.0,60.57,69.66,73.36,0.0,0.0,7.0,26,0.4870656762695313,True,REGULAR,USD,QQQ,call,2026-08-21,0.024657534246575342,71.50999999999999,0.0027231679911006107,0.9185270991091257,37082.15300210501,723.7000122070312,0.007307397746256994,2026-08-12
QQQ260821C00654000,2026-08-07 14:19:55+00:00,654.0,67.34,68.69,72.37,0.0,0.0,1.0,62,0.4821829125976563,True,REGULAR,USD,QQQ,call,2026-08-21,0.024657534246575342,70.53,0.002777102338499761,0.917489357119895,90178.02791042771,723.7000122070312,0.007307397746256994,2026-08-12
QQQ260821C00655000,2026-08-12 16:59:22+00:00,655.0,69.83,67.75,71.37,5.9300003,9.280125,2.0,2892,0.47681187255859375,True,REGULAR,USD,QQQ,call,2026-08-21,0.024657534246575342,69.56,0.002830320417062949,0.9166315317342211,4286976.00580835,723.7000122070312,0.007307397746256994,2026-08-12
QQQ260821C00656000,2026-08-04 15:25:08+00:00,656.0,64.66,66.71,70.38,0.0,0.0,5.0,33,0.47186807434082034,True,REGULAR,USD,QQQ,call,2026-08-21,0.024657534246575342,68.54499999999999,0.0028872510365440017,0.915571086750247,49901.735015453596,723.7000122070312,0.007307397746256994,2026-08-12
QQQ260821C00657000,2026-08-07 14:21:21+00:00,657.0,64.95,65.71,69.38,0.0,0.0,1.0,81,0.4664359997558594,True,REGULAR,USD,QQQ,call,2026-08-21,0.024657534246575342,67.54499999999999,0.0029435484245670337,0.9146958247336681,124874.38535749033,723.7000122070312,0.007307397746256994,2026-08-12
QQQ260821C00658000,2026-07-31 14:16:05+00:00,658.0,33.15,64.71,68.39,0.0,0.0,4.0,37,0.46155323608398446,True,REGULAR,USD,QQQ,call,2026-08-21,0.024657534246575342,66.55,0.0030043483500713716,0.9135574571226086,58219.593805999815,723.7000122070312,0.007307397746256994,2026-08-12
QQQ260821C00659000,2026-08-10 13:43:36+00:00,659.0,63.72,63.7,67.4,0.0,0.0,10.0,83,0.45654840332031255,True,REGULAR,USD,QQQ,call,2026-08-21,0.024657534246575342,65.55000000000001,0.0030664556818995074,0.9124441196758077,133300.5510321984,723.7000122070312,0.007307397746256994,2026-08-12
QQQ260821C00660000,2026-08-12 17:40:32+00:00,660.0,66.0,62.77,66.41,7.2400017,12.32131,24.0,2194,0.4516046051025391,True,REGULAR,USD,QQQ,call,2026-08-21,0.024657534246575342,64.59,0.0031308586911372306,0.9112739479445209,3597636.2425384675,723.7000122070312,0.007307397746256994,2026-08-12
QQQ260821C00661000,2026-08-10 16:12:54+00:00,661.0,63.15,61.71,65.41,0.0,0.0,1.0,79,0.4461725305175781,True,REGULAR,USD,QQQ,call,2026-08-21,0.024657534246575342,63.56,0.0031948735319241224,0.9102981312237558,132189.79303218093,723.7000122070312,0.007307397746256994,2026-08-12
QQQ260821C00662000,2026-08-07 18:32:46+00:00,662.0,59.61,60.72,64.42,0.0,0.0,16.0,64,0.44116769775390624,True,REGULAR,USD,QQQ,call,2026-08-21,0.024657534246575342,62.57,0.0032632080729799724,0.9090965219432604,109381.00279168168,723.7000122070312,0.007307397746256994,2026-08-12
QQQ260821C00663000,2026-08-03 14:51:24+00:00,663.0,39.14,59.74,63.43,0.0,0.0,1.0,81,0.4361628649902344,True,REGULAR,USD,QQQ,call,2026-08-21,0.024657534246575342,61.585,0.0033338139889102715,0.9078620181280586,141430.6519596694,723.7000122070312,0.007307397746256994,2026-08-12
QQQ260821C00664000,2026-08-07 13:57:24+00:00,664.0,60.83,58.74,62.44,3.9100037,6.869297,1.0,49,0.43115803222656257,True,REGULAR,USD,QQQ,call,2026-08-21,0.024657534246575342,60.59,0.003406795831462816,0.9065931839346759,87429.77225595771,723.7000122070312,0.007307397746256994,2026-08-12
QQQ260821C00665000,2026-08-12 18:23:07+00:00,665.0,60.24,57.76,61.45,2.1599998,3.719008,21.0,1269,0.42615319946289065,True,REGULAR,USD,QQQ,call,2026-08-21,0.024657534246575342,59.605000000000004,0.0034822642211282265,0.9052885014386518,2314411.0953428876,723.7000122070312,0.007307397746256994,2026-08-12
QQQ260821C00666000,2026-08-03 15:56:21+00:00,666.0,36.6,56.76,60.46,0.0,0.0,3.0,142,0.4211483666992188,True,REGULAR,USD,QQQ,call,2026-08-21,0.024657534246575342,58.61,0.0035603362672002414,0.9039463648875269,264786.91669695004,723.7000122070312,0.007307397746256994,2026-08-12
QQQ260821C00667000,2026-08-11 14:14:11+00:00,667.0,56.0,55.79,59.47,0.0,0.0,1.0,108,0.41602146484374997,True,REGULAR,USD,QQQ,call,2026-08-21,0.024657534246575342,57.629999999999995,0.0036404992308179895,0.9026272542860276,205921.5786627464,723.7000122070312,0.007307397746256994,2026-08-12
QQQ260821C00668000,2026-08-12 13:48:53+00:00,668.0,59.24,54.75,58.48,9.66,19.483662,11.0,545,0.4110166320800781,True,REGULAR,USD,QQQ,call,2026-08-21,0.024657534246575342,56.614999999999995,0.003724157382856899,0.901206054375308,1063020.6182913426,723.7000122070312,0.007307397746256994,2026-08-12
QQQ260821C00669000,2026-08-10 15:37:46+00:00,669.0,54.15,53.78,57.49,0.0,0.0,16.0,460,0.4058897302246094,True,REGULAR,USD,QQQ,call,2026-08-21,0.024657534246575342,55.635000000000005,0.0038101761937886025,0.899806320646025,917952.1656761707,723.7000122070312,0.007307397746256994,2026-08-12
QQQ260821C00670000,2026-08-12 18:11:57+00:00,670.0,55.78,52.82,56.5,5.6299973,11.2263155,12.0,4115,0.400823862915039,True,REGULAR,USD,QQQ,call,2026-08-21,0.024657534246575342,54.66,0.003899662632801612,0.8983312208727232,8404541.702700505,723.7000122070312,0.007307397746256994,2026-08-12
QQQ260821C00671000,2026-08-07 19:58:08+00:00,671.0,53.58,51.8,55.52,0.0,0.0,2.0,162,0.3961242028808594,True,REGULAR,USD,QQQ,call,2026-08-21,0.024657534246575342,53.66,0.003994364675253683,0.8966106926137034,338906.4909230041,723.7000122070312,0.007307397746256994,2026-08-12
QQQ260821C00672000,2026-08-04 13:31:39+00:00,672.0,41.1,50.82,54.53,0.0,0.0,1.0,238,0.3909973010253906,True,REGULAR,USD,QQQ,call,2026-08-21,0.024657534246575342,52.675,0.004090311289308529,0.8950719999881975,509859.45545480825,723.7000122070312,0.007307397746256994,2026-08-12
QQQ260821C00673000,2026-08-10 16:25:39+00:00,673.0,51.85,49.85,53.55,0.0,0.0,4.0,156,0.38623660644531244,True,REGULAR,USD,QQQ,call,2026-08-21,0.024657534246575342,51.7,0.004191796690537144,0.8932774116213599,342485.3260765422,723.7000122070312,0.007307397746256994,2026-08-12
QQQ260821C00674000,2026-08-11 14:29:17+00:00,674.0,48.86,48.87,52.56,0.0,0.0,1.0,126,0.38104867004394527,True,REGULAR,USD,QQQ,call,2026-08-21,0.024657534246575342,50.715,0.004294922896371199,0.8916688227099863,283428.2117582758,723.7000122070312,0.007307397746256994,2026-08-12
QQQ260821C00675000,2026-08-12 17:32:14+00:00,675.0,50.89,47.89,51.58,7.8899994,18.348835,21.0,4074,0.37628797546386716,True,REGULAR,USD,QQQ,call,2026-08-21,0.024657534246575342,49.735,0.0044042564613699705,0.8897574013428287,9397466.467557473,723.7000122070312,0.007307397746256994,2026-08-12
QQQ260821C00676000,2026-08-11 14:29:17+00:00,676.0,46.94,46.91,50.6,0.0,0.0,1.0,210,0.3714662463378906,True,REGULAR,USD,QQQ,call,2026-08-21,0.024657534246575342,48.754999999999995,0.004517501863060729,0.887817236198664,496860.8694325212,723.7000122070312,0.007307397746256994,2026-08-12
QQQ260821C00677000,2026-08-12 14:49:09+00:00,677.0,49.06,45.93,49.62,3.460003,7.587726,1.0,288,0.36664451721191404,True,REGULAR,USD,QQQ,call,2026-08-21,0.024657534246575342,47.775,0.0046351897897346575,0.8858100541804139,699160.9581627918,723.7000122070312,0.007307397746256994,2026-08-12
QQQ260821C00678000,2026-08-10 19:44:50+00:00,678.0,45.57,44.99,48.64,0.0,0.0,9.0,1718,0.36176175354003903,True,REGULAR,USD,QQQ,call,2026-08-21,0.024657534246575342,46.815,0.004757266759810388,0.88376991113849,4280532.750548831,723.7000122070312,0.007307397746256994,2026-08-12
QQQ260821C00679000,2026-08-11 19:35:57+00:00,679.0,40.72,43.98,47.66,0.0,0.0,3.0,274,0.356878989868164,True,REGULAR,USD,QQQ,call,2026-08-21,0.024657534246575342,45.81999999999999,0.004884285531760283,0.8816569111823234,700920.5083695847,723.7000122070312,0.007307397746256994,2026-08-12
QQQ260821C00680000,2026-08-12 18:56:00+00:00,680.0,45.91,43.15,45.78,6.1899986,15.584085,213.0,7640,0.31519239501953117,True,REGULAR,USD,QQQ,call,2026-08-21,0.024657534246575342,44.465,0.004765082644719601,0.9037294966735392,19066938.064464536,723.7000122070312,0.007307397746256994,2026-08-12
QQQ260821C00681000,2026-08-12 17:28:20+00:00,681.0,45.09,42.01,45.71,2.8100014,6.6461716,179.0,377,0.3473576007080078,True,REGULAR,USD,QQQ,call,2026-08-21,0.024657534246575342,43.86,0.005155269885603552,0.8770382607585374,1017911.2547234216,723.7000122070312,0.007307397746256994,2026-08-12
QQQ260821C00682000,2026-08-12 16:01:06+00:00,682.0,41.95,41.05,44.73,5.41,14.805692,1.0,479,0.3423527679443359,True,REGULAR,USD,QQQ,call,2026-08-21,0.024657534246575342,42.89,0.005298259385989245,0.8747598485424657,1329186.401455962,723.7000122070312,0.007307397746256994,2026-08-12
QQQ260821C00683000,2026-08-12 19:24:34+00:00,683.0,42.32,40.06,43.76,5.5999985,15.250541,1.0,213,0.3377141424560547,True,REGULAR,USD,QQQ,call,2026-08-21,0.024657534246575342,41.91,0.005448803744682235,0.8721482935062657,607852.1107119035,723.7000122070312,0.007307397746256994,2026-08-12
QQQ260821C00684000,2026-08-12 13:41:23+00:00,684.0,41.52,39.13,42.79,5.700001,15.9129,1.0,2120,0.33301448242187504,True,REGULAR,USD,QQQ,call,2026-08-21,0.024657534246575342,40.96,0.005605471370465368,0.8694773173281669,6223936.59345086,723.7000122070312,0.007307397746256994,2026-08-12
QQQ260821C00685000,2026-08-12 19:54:36+00:00,685.0,39.7,38.16,41.82,5.1500015,14.905937,32.0,2978,0.32831482238769527,True,REGULAR,USD,QQQ,call,2026-08-21,0.024657534246575342,39.989999999999995,0.005768858121894699,0.8667010669999147,8997704.196885254,723.7000122070312,0.007307397746256994,2026-08-12
QQQ260821C00686000,2026-08-12 18:15:04+00:00,686.0,40.35,37.16,40.86,6.049999,17.638483,8.0,385,0.3238593005371093,True,REGULAR,USD,QQQ,call,2026-08-21,0.024657534246575342,39.01,0.00594000185087256,0.8636411110904576,1197745.2844779696,723.7000122070312,0.007307397746256994,2026-08-12
QQQ260821C00687000,2026-08-11 16:23:27+00:00,687.0,34.59,36.2,39.89,0.0,0.0,4.0,914,0.31903757141113276,True,REGULAR,USD,QQQ,call,2026-08-21,0.024657534246575342,38.045,0.006117592583413413,0.8607206044420871,2928491.085221542,723.7000122070312,0.007307397746256994,2026-08-12
QQQ260821C00688000,2026-08-12 20:06:24+00:00,688.0,37.11,35.28,37.74,4.830002,14.9628315,16.0,589,0.27033200378417965,True,REGULAR,USD,QQQ,call,2026-08-21,0.024657534246575342,36.510000000000005,0.006048461205122555,0.8918051029414904,1865852.6947986705,723.7000122070312,0.007307397746256994,2026-08-12
QQQ260821C00689000,2026-08-12 16:38:35+00:00,689.0,35.6,34.31,36.79,-2.3400002,-6.1676335,3.0,292,0.2668530346679688,True,REGULAR,USD,QQQ,call,2026-08-21,0.024657534246575342,35.55,0.006272529521748997,0.8882149561337662,959274.1143515161,723.7000122070312,0.007307397746256994,2026-08-12
QQQ260821C00690000,2026-08-12 20:01:38+00:00,690.0,35.01,34.73,35.84,4.569998,15.013133,96.0,11109,0.2633130310058594,True,REGULAR,USD,QQQ,call,2026-08-21,0.024657534246575342,35.285,0.006506529695997485,0.8845056831748358,37856594.47991328,723.7000122070312,0.007307397746256994,2026-08-12
QQQ260821C00691000,2026-08-12 19:37:30+00:00,691.0,35.35,32.43,34.89,5.449999,18.22742,17.0,924,0.2597119927978516,True,REGULAR,USD,QQQ,call,2026-08-21,0.024657534246575342,33.66,0.006751140831413571,0.8806701457375812,3267129.1216454273,723.7000122070312,0.007307397746256994,2026-08-12
QQQ260821C00692000,2026-08-12 19:50:23+00:00,692.0,33.2,31.49,33.95,5.7400017,20.90314,6.0,905,0.2563550927734375,True,REGULAR,USD,QQQ,call,2026-08-21,0.024657534246575342,32.72,0.007009559821061709,0.8764288584143153,3322434.941771794,723.7000122070312,0.007307397746256994,2026-08-12
QQQ260821C00693000,2026-08-12 16:38:35+00:00,693.0,31.79,31.9,33.0,3.8300018,13.698147,4.0,4255,0.2525709509277344,True,REGULAR,USD,QQQ,call,2026-08-21,0.024657534246575342,32.45,0.007276983598326948,0.8723664966763098,16216910.519050537,723.7000122070312,0.007307397746256994,2026-08-12
QQQ260821C00694000,2026-08-12 17:06:49+00:00,694.0,32.92,30.96,32.06,3.7999973,13.04944,7.0,467,0.249030947265625,True,REGULAR,USD,QQQ,call,2026-08-21,0.024657534246575342,31.51,0.00755942125134012,0.8678716806549376,1848939.0191407008,723.7000122070312,0.007307397746256994,2026-08-12
QQQ260821C00695000,2026-08-12 19:54:36+00:00,695.0,30.16,28.68,31.12,4.0599995,15.555553,50.0,4429,0.2454299090576172,True,REGULAR,USD,QQQ,call,2026-08-21,0.024657534246575342,29.9,0.007855293407472017,0.8632056527400264,18221547.245971657,723.7000122070312,0.007307397746256994,2026-08-12
QQQ260821C00696000,2026-08-12 14:30:49+00:00,696.0,30.95,29.1,30.1,7.17,30.151386,5.0,7725,0.2389602471923828,True,REGULAR,USD,QQQ,call,2026-08-21,0.024657534246575342,29.6,0.008153774836853783,0.8610678972520341,32989395.86780875,723.7000122070312,0.007307397746256994,2026-08-12
QQQ260821C00697000,2026-08-12 19:49:03+00:00,697.0,28.95,28.18,29.17,4.9300003,20.524563,8.0,753,0.2355423126220703,True,REGULAR,USD,QQQ,call,2026-08-21,0.024657534246575342,28.675,0.008484420025609455,0.8557725309933135,3346064.4084902303,723.7000122070312,0.007307397746256994,2026-08-12
QQQ260821C00698000,2026-08-12 17:19:20+00:00,698.0,28.82,27.26,28.02,6.539999,29.353674,6.0,757,0.22461712890624996,True,REGULAR,USD,QQQ,call,2026-08-21,0.024657534246575342,27.64,0.008810010055571764,0.8578575582157055,3492926.4712886466,723.7000122070312,0.007307397746256994,2026-08-12
QQQ260821C00699000,2026-08-12 16:18:43+00:00,699.0,27.43,26.35,27.11,-1.0900002,-3.8218799,5.0,544,0.22180953979492185,True,REGULAR,USD,QQQ,call,2026-08-21,0.024657534246575342,26.73,0.009189388514782593,0.8514677735176326,2618199.1220396617,723.7000122070312,0.007307397746256994,2026-08-12
QQQ260821C00700000,2026-08-12 20:10:47+00:00,700.0,26.19,25.46,26.0,4.290001,19.589046,177.0,44266,0.21222711608886718,True,REGULAR,USD,QQQ,call,2026-08-21,0.024657534246575342,25.73,0.009577815930586181,0.852079669241375,222051609.7781962,723.7000122070312,0.007307397746256994,2026-08-12
QQQ260821C00701000,2026-08-12 16:46:58+00:00,701.0,25.89,24.55,25.61,4.74,22.411346,16.0,939,0.22565471618652344,True,REGULAR,USD,QQQ,call,2026-08-21,0.024657534246575342,25.08,0.009954887837381842,0.8276568544773525,4895748.7683068225,723.7000122070312,0.007307397746256994,2026-08-12
QQQ260821C00702000,2026-08-12 18:56:26+00:00,702.0,25.27,23.67,24.71,4.970001,24.482765,39.0,871,0.22248091979980467,True,REGULAR,USD,QQQ,call,2026-08-21,0.024657534246575342,24.19,0.010361896667499008,0.820460195246228,4726879.943583743,723.7000122070312,0.007307397746256994,2026-08-12
QQQ260821C00703000,2026-08-12 16:06:33+00:00,703.0,23.26,21.45,23.82,2.92,14.355948,12.0,528,0.2194291925048828,True,REGULAR,USD,QQQ,call,2026-08-21,0.024657534246575342,22.634999999999998,0.010785028485367285,0.8127511081454922,2982444.5567026264,723.7000122070312,0.007307397746256994,2026-08-12
QQQ260821C00704000,2026-08-12 19:37:28+00:00,704.0,22.53,21.91,22.96,3.7300014,19.840435,5.0,578,0.21704884521484374,True,REGULAR,USD,QQQ,call,2026-08-21,0.024657534246575342,22.435000000000002,0.011215156350093848,0.8039283708327878,3395082.4900916643,723.7000122070312,0.007307397746256994,2026-08-12
QQQ260821C00705000,2026-08-12 20:01:25+00:00,705.0,21.9,21.06,21.78,4.289999,24.361153,108.0,13240,0.2054522814941406,True,REGULAR,USD,QQQ,call,2026-08-21,0.024657534246575342,21.42,0.011823529613073614,0.8046001210435522,81988376.81450947,723.7000122070312,0.007307397746256994,2026-08-12
QQQ260821C00706000,2026-08-12 20:01:25+00:00,706.0,21.02,18.87,21.22,3.92,22.923977,8.0,549,0.2111895288085937,True,REGULAR,USD,QQQ,call,2026-08-21,0.024657534246575342,20.045,0.012138109447100122,0.7861114334710086,3490121.5591602772,723.7000122070312,0.007307397746256994,2026-08-12
QQQ260821C00707000,2026-08-12 19:17:56+00:00,707.0,20.81,19.36,20.36,4.33,26.274273,25.0,782,0.20819883605957026,True,REGULAR,USD,QQQ,call,2026-08-21,0.024657534246575342,19.86,0.012626060542056762,0.7765593477690527,5171205.30636811,723.7000122070312,0.007307397746256994,2026-08-12
QQQ260821C00708000,2026-08-12 20:00:42+00:00,708.0,19.12,18.53,19.47,3.420001,21.783445,18.0,576,0.20429262512207028,True,REGULAR,USD,QQQ,call,2026-08-21,0.024657534246575342,19.0,0.013159856976503683,0.7674542926305777,3970002.7961548977,723.7000122070312,0.007307397746256994,2026-08-12
QQQ260821C00709000,2026-08-12 20:00:42+00:00,709.0,18.29,17.71,18.67,3.0100012,19.698961,21.0,1056,0.20246158874511716,True,REGULAR,USD,QQQ,call,2026-08-21,0.024657534246575342,18.19,0.013643524980982787,0.755660245695237,7545841.324197982,723.7000122070312,0.007307397746256994,2026-08-12
QQQ260821C00710000,2026-08-12 20:14:59+00:00,710.0,17.4,16.99,17.4,3.17,22.27688,733.0,17436,0.18857622955322267,True,REGULAR,USD,QQQ,call,2026-08-21,0.024657534246575342,17.195,0.014636711502064807,0.7560134593503072,133661870.04127301,723.7000122070312,0.007307397746256994,2026-08-12
QQQ260821C00711000,2026-08-12 19:51:55+00:00,711.0,16.33,16.11,16.76,2.46,17.736122,53.0,715,0.19049881774902344,True,REGULAR,USD,QQQ,call,2026-08-21,0.024657534246575342,16.435000000000002,0.015017591502665947,0.7388441941863704,5623717.398351605,723.7000122070312,0.007307397746256994,2026-08-12
QQQ260821C00712000,2026-08-12 19:37:28+00:00,712.0,15.83,15.33,15.95,2.8999996,22.428457,31.0,1531,0.18781329772949218,True,REGULAR,USD,QQQ,call,2026-08-21,0.024657534246575342,15.64,0.015604680778055212,0.7260310495310434,12512590.724387592,723.7000122070312,0.007307397746256994,2026-08-12
QQQ260821C00713000,2026-08-12 19:51:55+00:00,713.0,14.78,14.56,15.07,2.5599995,20.949259,55.0,803,0.18323570678710935,True,REGULAR,USD,QQQ,call,2026-08-21,0.024657534246575342,14.815000000000001,0.01631978190351153,0.7144244422996537,6863522.405666298,723.7000122070312,0.007307397746256994,2026-08-12
QQQ260821C00714000,2026-08-12 20:05:23+00:00,714.0,15.07,13.81,14.41,3.6599998,32.077126,30.0,641,0.18357139678955076,True,REGULAR,USD,QQQ,call,2026-08-21,0.024657534246575342,14.11,0.016733473045886068,0.6973356089599966,5617735.376645217,723.7000122070312,0.007307397746256994,2026-08-12
QQQ260821C00715000,2026-08-12 20:05:23+00:00,715.0,14.32,13.09,13.99,3.5,32.347504,330.0,7108,0.1889729541015625,True,REGULAR,USD,QQQ,call,2026-08-21,0.024657534246575342,13.54,0.01674530410049217,0.6756801227909603,62338682.284957804,723.7000122070312,0.007307397746256994,2026-08-12
QQQ260821C00716000,2026-08-12 18:51:35+00:00,716.0,13.97,12.53,12.72,3.79,37.229862,247.0,1104,0.17475190490722659,True,REGULAR,USD,QQQ,call,2026-08-21,0.024657534246575342,12.625,0.01823958589404619,0.6698419244549598,10546326.377097834,723.7000122070312,0.007307397746256994,2026-08-12
QQQ260821C00717000,2026-08-12 19:37:00+00:00,717.0,12.08,11.82,12.02,2.4700003,25.702398,813.0,769,0.17322604125976562,True,REGULAR,USD,QQQ,call,2026-08-21,0.024657534246575342,11.92,0.018768525874073665,0.6523962333421311,7559162.179822656,723.7000122070312,0.007307397746256994,2026-08-12
QQQ260821C00718000,2026-08-12 19:43:17+00:00,718.0,11.06,11.14,11.33,1.8900003,20.610691,92.0,1211,0.17151707397460939,True,REGULAR,USD,QQQ,call,2026-08-21,0.024657534246575342,11.235,0.01929390757642076,0.6344579326569686,12237184.187124787,723.7000122070312,0.007307397746256994,2026-08-12
QQQ260821C00719000,2026-08-12 20:11:42+00:00,719.0,10.51,10.47,10.67,1.9899998,23.356802,81.0,2700,0.17011327941894533,True,REGULAR,USD,QQQ,call,2026-08-21,0.024657534246575342,10.57,0.01976260072727237,0.615695862489408,27946345.282753114,723.7000122070312,0.007307397746256994,2026-08-12
QQQ260821C00720000,2026-08-12 20:14:59+00:00,720.0,9.9,9.84,10.01,1.7799997,21.921179,4180.0,17327,0.16834327758789067,True,REGULAR,USD,QQQ,call,2026-08-21,0.024657534246575342,9.925,0.02023983437580007,0.5965519928523348,183673917.77342358,723.7000122070312,0.007307397746256994,2026-08-12
QQQ260821C00721000,2026-08-12 19:39:18+00:00,721.0,9.45,9.2,9.39,2.1,28.571426,348.0,1465,0.16700051757812504,True,REGULAR,USD,QQQ,call,2026-08-21,0.024657534246575342,9.295,0.02063234392381256,0.5766221031647764,15830817.893395644,723.7000122070312,0.007307397746256994,2026-08-12
QQQ260821C00722000,2026-08-12 20:14:06+00:00,722.0,8.54,8.59,8.78,1.44,20.28169,1285.0,2589,0.1655051712036133,True,REGULAR,USD,QQQ,call,2026-08-21,0.024657534246575342,8.684999999999999,0.02100008580327338,0.5562384126340254,28475429.250657663,723.7000122070312,0.007307397746256994,2026-08-12
QQQ260821C00723000,2026-08-12 19:59:04+00:00,723.0,7.98,8.06,8.17,1.3299999,20.0,786.0,2205,0.16358258300781253,True,REGULAR,USD,QQQ,call,2026-08-21,0.024657534246575342,8.115,0.02137582424728002,0.5354251905717407,24685880.580471206,723.7000122070312,0.007307397746256994,2026-08-12
QQQ260821C00724000,2026-08-12 20:14:35+00:00,724.0,7.59,7.48,7.6,1.3900003,22.419361,830.0,2033,0.16211775390625,False,REGULAR,USD,QQQ,call,2026-08-21,0.024657534246575342,7.54,0.021640990988235083,0.5140369211983987,23042610.707633797,723.7000122070312,0.007307397746256994,2026-08-12
QQQ260821C00725000,2026-08-12 20:14:59+00:00,725.0,7.01,6.96,7.05,1.2600002,21.913048,7531.0,10674,0.16059189025878906,False,REGULAR,USD,QQQ,call,2026-08-21,0.024657534246575342,7.005,0.021856011904409153,0.4922416542663944,122184263.94478138,723.7000122070312,0.007307397746256994,2026-08-12
QQQ260821C00726000,2026-08-12 20:01:07+00:00,726.0,6.75,6.44,6.54,1.5300002,29.310349,1237.0,3237,0.15949326843261719,False,REGULAR,USD,QQQ,call,2026-08-21,0.024657534246575342,6.49,0.02194924756372858,0.4701903376592485,37211698.73024718,723.7000122070312,0.007307397746256994,2026-08-12
QQQ260821C00727000,2026-08-12 19:59:51+00:00,727.0,6.05,5.95,6.06,1.21,25.0,742.0,3542,0.15857775024414064,False,REGULAR,USD,QQQ,call,2026-08-21,0.024657534246575342,6.005,0.021949676857754147,0.4480281695629168,40718694.712968946,723.7000122070312,0.007307397746256994,2026-08-12
QQQ260821C00728000,2026-08-12 20:02:43+00:00,728.0,5.79,5.49,5.57,1.2399998,27.25274,472.0,2115,0.15699085205078128,False,REGULAR,USD,QQQ,call,2026-08-21,0.024657534246575342,5.53,0.02196997146238695,0.42544806209429054,24336438.634956475,723.7000122070312,0.007307397746256994,2026-08-12
QQQ260821C00729000,2026-08-12 20:05:08+00:00,729.0,5.47,5.03,5.14,1.4199996,35.061714,1198.0,1519,0.1562279202270508,False,REGULAR,USD,QQQ,call,2026-08-21,0.024657534246575342,5.085,0.021806559744627477,0.4032406118605399,17348506.350479625,723.7000122070312,0.007307397746256994,2026-08-12
QQQ260821C00730000,2026-08-12 20:14:30+00:00,730.0,4.65,4.62,4.7,0.8000002,20.779224,7245.0,35450,0.1547630911254883,False,REGULAR,USD,QQQ,call,2026-08-21,0.024657534246575342,4.66,0.021659645087079443,0.3805926505411379,402146909.4664192,723.7000122070312,0.007307397746256994,2026-08-12
QQQ260821C00731000,2026-08-12 20:12:22+00:00,731.0,4.14,4.21,4.32,0.6099999,17.28045,245.0,869,0.15415274566650394,False,REGULAR,USD,QQQ,call,2026-08-21,0.024657534246575342,4.265000000000001,0.021330676984374537,0.3587594242657522,9708263.949693382,723.7000122070312,0.007307397746256994,2026-08-12
QQQ260821C00732000,2026-08-12 19:52:19+00:00,732.0,3.86,3.86,3.94,0.63999987,19.87577,2300.0,1430,0.1530846411132813,False,REGULAR,USD,QQQ,call,2026-08-21,0.024657534246575342,3.9,0.020984357931071795,0.3367538647547542,15716248.343718316,723.7000122070312,0.007307397746256994,2026-08-12
QQQ260821C00733000,2026-08-12 20:09:09+00:00,733.0,3.6,3.51,3.58,0.6999998,24.137924,606.0,5598,0.15192498474121097,False,REGULAR,USD,QQQ,call,2026-08-21,0.024657534246575342,3.545,0.020573429300300008,0.31491611056919955,60319362.44228956,723.7000122070312,0.007307397746256994,2026-08-12
QQQ260821C00734000,2026-08-12 20:14:52+00:00,734.0,3.25,3.17,3.25,0.5899999,22.180447,199.0,4582,0.15100946655273442,False,REGULAR,USD,QQQ,call,2026-08-21,0.024657534246575342,3.21,0.020065929685974062,0.2937291414517868,48153907.12952696,723.7000122070312,0.007307397746256994,2026-08-12
QQQ260821C00735000,2026-08-12 20:12:50+00:00,735.0,2.83,2.88,2.94,0.31999993,12.749001,15993.0,24022,0.15009394836425782,False,REGULAR,USD,QQQ,call,2026-08-21,0.024657534246575342,2.91,0.019492266029183945,0.2730075602411052,245238500.79418567,723.7000122070312,0.007307397746256994,2026-08-12
QQQ260821C00736000,2026-08-12 19:46:52+00:00,736.0,2.62,2.59,2.67,0.30999994,13.419911,240.0,738,0.14966670654296876,False,REGULAR,USD,QQQ,call,2026-08-21,0.024657534246575342,2.63,0.018823028167842936,0.25354213217424304,7275502.828094738,723.7000122070312,0.007307397746256994,2026-08-12
QQQ260821C00737000,2026-08-12 19:58:34+00:00,737.0,2.33,2.33,2.4,0.19999981,9.389662,460.0,1262,0.14869015380859374,False,REGULAR,USD,QQQ,call,2026-08-21,0.024657534246575342,2.365,0.018139536316340302,0.23390463637618486,11989544.83901219,723.7000122070312,0.007307397746256994,2026-08-12
QQQ260821C00738000,2026-08-12 20:02:26+00:00,738.0,2.21,2.09,2.14,0.32000005,16.93122,1910.0,3569,0.14753049743652347,False,REGULAR,USD,QQQ,call,2026-08-21,0.024657534246575342,2.115,0.01741055100316805,0.21462713866169586,32544396.586723533,723.7000122070312,0.007307397746256994,2026-08-12
QQQ260821C00739000,2026-08-12 20:00:10+00:00,739.0,1.92,1.86,1.93,0.15999997,9.090907,232.0,739,0.14722532470703126,False,REGULAR,USD,QQQ,call,2026-08-21,0.024657534246575342,1.895,0.01660491729413987,0.19746046761544772,6426852.239362143,723.7000122070312,0.007307397746256994,2026-08-12
QQQ260821C00740000,2026-08-12 20:14:59+00:00,740.0,1.69,1.66,1.71,0.18000007,11.920535,7555.0,29305,0.14612670288085935,False,REGULAR,USD,QQQ,call,2026-08-21,0.024657534246575342,1.685,0.015789093661246485,0.17977335227601898,242334968.5210619,723.7000122070312,0.007307397746256994,2026-08-12
QQQ260821C00741000,2026-08-12 19:53:40+00:00,741.0,1.52,1.47,1.54,0.120000005,8.571428,433.0,1214,0.14606566833496093,False,REGULAR,USD,QQQ,call,2026-08-21,0.024657534246575342,1.505,0.014934523310584131,0.1646562799694839,9495704.94866625,723.7000122070312,0.007307397746256994,2026-08-12
QQQ260821C00742000,2026-08-12 20:13:11+00:00,742.0,1.32,1.31,1.36,0.07000005,5.600004,500.0,1692,0.14515015014648439,False,REGULAR,USD,QQQ,call,2026-08-21,0.024657534246575342,1.335,0.014068774380896439,0.14894569445614136,12467339.431037579,723.7000122070312,0.007307397746256994,2026-08-12
QQQ260821C00743000,2026-08-12 19:58:17+00:00,743.0,1.17,1.15,1.2,-0.03000009,-2.5000074,174.0,700,0.14441773559570312,False,REGULAR,USD,QQQ,call,2026-08-21,0.024657534246575342,1.1749999999999998,0.013190279731950744,0.1344174283446838,4835809.742005565,723.7000122070312,0.007307397746256994,2026-08-12
QQQ260821C00744000,2026-08-12 20:11:56+00:00,744.0,1.04,1.01,1.07,0.029999971,2.9702942,2166.0,8271,0.14429566650390624,False,REGULAR,USD,QQQ,call,2026-08-21,0.024657534246575342,1.04,0.012327277193836179,0.12179429757724775,53400133.462694496,723.7000122070312,0.007307397746256994,2026-08-12
QQQ260821C00745000,2026-08-12 20:14:57+00:00,745.0,0.92,0.91,0.94,0.02000004,2.2222269,978.0,12275,0.14362428649902342,False,REGULAR,USD,QQQ,call,2026-08-21,0.024657534246575342,0.925,0.011455062404559077,0.10912825695217526,73643788.1774836,723.7000122070312,0.007307397746256994,2026-08-12
QQQ260821C00746000,2026-08-12 20:05:02+00:00,746.0,0.86,0.78,0.83,0.04000002,4.8780513,114.0,495,0.14331911376953127,False,REGULAR,USD,QQQ,call,2026-08-21,0.024657534246575342,0.8049999999999999,0.010611628027545486,0.09792761161652275,2751087.331223122,723.7000122070312,0.007307397746256994,2026-08-12
QQQ260821C00747000,2026-08-12 20:05:02+00:00,747.0,0.78,0.69,0.73,-0.02000004,-2.500005,210.0,865,0.1430749755859375,False,REGULAR,USD,QQQ,call,2026-08-21,0.024657534246575342,0.71,0.009793454863355127,0.08765755270326459,4436793.269603049,723.7000122070312,0.007307397746256994,2026-08-12
QQQ260821C00748000,2026-08-12 20:01:36+00:00,748.0,0.67,0.6,0.64,0.02000004,3.0769293,332.0,1299,0.14270876831054688,False,REGULAR,USD,QQQ,call,2026-08-21,0.024657534246575342,0.62,0.008994159858878685,0.07801430611898247,6119091.019948343,723.7000122070312,0.007307397746256994,2026-08-12
QQQ260821C00749000,2026-08-12 19:30:14+00:00,749.0,0.63,0.53,0.57,0.00999999,1.6129017,315.0,909,0.1430749755859375,False,REGULAR,USD,QQQ,call,2026-08-21,0.024657534246575342,0.55,0.008275779097381038,0.07019591399648537,3939942.9451650847,723.7000122070312,0.007307397746256994,2026-08-12
QQQ260821C00750000,2026-08-12 20:10:47+00:00,750.0,0.51,0.46,0.5,-0.030000031,-5.555561,6954.0,29168,0.14283083740234376,False,REGULAR,USD,QQQ,call,2026-08-21,0.024657534246575342,0.48,0.007550686015115049,0.062222580170856974,115348040.78463708,723.7000122070312,0.007307397746256994,2026-08-12
QQQ260821C00755000,2026-08-12 20:08:15+00:00,755.0,0.25,0.23,0.26,-0.060000002,-19.35484,1323.0,7273,0.14331911376953127,False,REGULAR,USD,QQQ,call,2026-08-21,0.024657534246575342,0.245,0.004621601249793197,0.03390127876778198,17604480.730394673,723.7000122070312,0.007307397746256994,2026-08-12
QQQ260821C00760000,2026-08-12 20:14:41+00:00,760.0,0.12,0.12,0.14,-0.050000004,-29.411768,855.0,22456,0.145516357421875,False,REGULAR,USD,QQQ,call,2026-08-21,0.024657534246575342,0.13,0.0027316341193403303,0.01843197751437098,32127141.652137246,723.7000122070312,0.007307397746256994,2026-08-12
QQQ260821C00765000,2026-08-12 19:50:58+00:00,765.0,0.09,0.07,0.09,-0.019999996,-18.181814,142.0,7401,0.1518639501953125,False,REGULAR,USD,QQQ,call,2026-08-21,0.024657534246575342,0.08,0.0017418409017940946,0.011482122684815304,6751745.264832186,723.7000122070312,0.007307397746256994,2026-08-12
QQQ260821C00770000,2026-08-12 20:01:02+00:00,770.0,0.06,0.04,0.06,-0.010000002,-14.285716,285.0,14663,0.15869981933593752,False,REGULAR,USD,QQQ,call,2026-08-21,0.024657534246575342,0.05,0.001136980723927211,0.007416140195295573,8731585.204895992,723.7000122070312,0.007307397746256994,2026-08-12
QQQ260821C00775000,2026-08-12 19:43:08+00:00,775.0,0.04,0.03,0.05,-0.04,-50.0,218.0,6795,0.16895362304687503,False,REGULAR,USD,QQQ,call,2026-08-21,0.024657534246575342,0.04,0.0008444772230081596,0.005687121697068273,3005346.5717704613,723.7000122070312,0.007307397746256994,2026-08-12
QQQ260821C00780000,2026-08-12 20:13:18+00:00,780.0,0.04,0.03,0.04,-0.02,-33.333336,140.0,10371,0.178719150390625,False,REGULAR,USD,QQQ,call,2026-08-21,0.024657534246575342,0.035,0.000634194128021417,0.004391983150539924,3444768.258721255,723.7000122070312,0.007307397746256994,2026-08-12
QQQ260821C00785000,2026-08-12 20:13:03+00:00,785.0,0.04,0.01,0.04,-0.010000002,-20.000002,35.0,16155,0.192390888671875,False,REGULAR,USD,QQQ,call,2026-08-21,0.024657534246575342,0.025,0.0005541865072104049,0.004101725017386282,4688998.243537369,723.7000122070312,0.007307397746256994,2026-08-12
QQQ260821C00790000,2026-08-12 17:10:57+00:00,790.0,0.03,0.02,0.04,-0.020000001,-40.000004,17.0,6492,0.20508607421874997,False,REGULAR,USD,QQQ,call,2026-08-21,0.024657534246575342,0.03,0.0004780008398667446,0.0037346631532367653,1625265.553092866,723.7000122070312,0.007307397746256994,2026-08-12
QQQ260821C00795000,2026-08-12 15:27:35+00:00,795.0,0.03,0.02,0.03,0.01,50.0,2.0,1711,0.21192194335937498,False,REGULAR,USD,QQQ,call,2026-08-21,0.024657534246575342,0.025,0.00035004971426285774,0.002739729825103773,313687.27168498957,723.7000122070312,0.007307397746256994,2026-08-12
QQQ260821C00800000,2026-08-12 20:10:37+00:00,800.0,0.02,0.01,0.03,-0.01,-33.333336,181.0,12651,0.22461712890624996,False,REGULAR,USD,QQQ,call,2026-08-21,0.024657534246575342,0.02,0.00031337104417676766,0.002584985418607255,2076351.520994807,723.7000122070312,0.007307397746256994,2026-08-12
QQQ260821C00805000,2026-08-12 19:33:28+00:00,805.0,0.02,0.0,0.03,0.0,0.0,24.0,3218,0.23633576171874998,False,REGULAR,USD,QQQ,call,2026-08-21,0.024657534246575342,0.015,0.00027572850446653515,0.002373703647176061,464713.0462230326,723.7000122070312,0.007307397746256994,2026-08-12
QQQ260821C00810000,2026-08-12 14:29:24+00:00,810.0,0.01,0.0,0.03,-0.02,-66.66667,33.0,6748,0.249030947265625,False,REGULAR,USD,QQQ,call,2026-08-21,0.024657534246575342,0.015,0.0002526106994520268,0.0022830835788577317,892779.0184495008,723.7000122070312,0.007307397746256994,2026-08-12
QQQ260821C00815000,2026-08-12 20:00:41+00:00,815.0,0.02,0.0,0.02,-0.01,-33.333336,10.0,1145,0.2500075,False,REGULAR,USD,QQQ,call,2026-08-21,0.024657534246575342,0.01,0.00016478181001661427,0.0014334110913441435,98817.05702356696,723.7000122070312,0.007307397746256994,2026-08-12
QQQ260821C00820000,2026-08-12 17:23:52+00:00,820.0,0.01,0.0,0.03,0.0,0.0,50.0,4187,0.273444765625,False,REGULAR,USD,QQQ,call,2026-08-21,0.024657534246575342,0.015,0.00021187572288497466,0.002084874551325152,464623.6562645904,723.7000122070312,0.007307397746256994,2026-08-12
QQQ260821C00825000,2026-08-12 20:00:31+00:00,825.0,0.01,0.01,0.03,-0.01,-50.0,582.0,10615,0.28516339843749994,False,REGULAR,USD,QQQ,call,2026-08-21,0.024657534246575342,0.02,0.00019391822599935238,0.001980534859232463,1078091.9119716436,723.7000122070312,0.007307397746256994,2026-08-12
QQQ260821C00830000,2026-08-10 14:00:40+00:00,830.0,0.01,0.0,0.03,0.0,0.0,1.0,9960,0.29688203124999996,False,REGULAR,USD,QQQ,call,2026-08-21,0.024657534246575342,0.015,0.00017884177708139598,0.0018938371203054269,932922.3014014758,723.7000122070312,0.007307397746256994,2026-08-12
QQQ260821C00835000,2026-08-10 16:01:22+00:00,835.0,0.02,0.0,0.03,0.0,0.0,1.0,683,0.3086006640625,False,REGULAR,USD,QQQ,call,2026-08-21,0.024657534246575342,0.015,0.00016607153416009287,0.001821567805299392,59406.37621605513,723.7000122070312,0.007307397746256994,2026-08-12
QQQ260821C00840000,2026-08-10 14:00:58+00:00,840.0,0.02,0.0,0.02,0.0,0.0,1.0,2803,0.3086006640625,False,REGULAR,USD,QQQ,call,2026-08-21,0.024657534246575342,0.01,0.00011519429344916695,0.0012198747919635817,169110.75286913276,723.7000122070312,0.007307397746256994,2026-08-12
QQQ260821C00845000,2026-08-04 19:58:24+00:00,845.0,0.16,0.0,0.03,0.0,0.0,56.0,1152,0.3320379296875,False,REGULAR,USD,QQQ,call,2026-08-21,0.024657534246575342,0.015,0.00014579266575472436,0.00171089195646687,87964.07008655916,723.7000122070312,0.007307397746256994,2026-08-12
QQQ260821C00850000,2026-08-12 19:14:20+00:00,850.0,0.02,0.0,0.02,-0.01,-33.333336,4.0,15617,0.33008482421874996,False,REGULAR,USD,QQQ,call,2026-08-21,0.024657534246575342,0.01,9.895667025862091e-05,0.0011121871597431115,809393.7447793083,723.7000122070312,0.007307397746256994,2026-08-12
QQQ260821C00855000,2026-08-11 18:10:16+00:00,855.0,0.02,0.0,0.03,0.0,0.0,1.0,468,0.35352208984374994,False,REGULAR,USD,QQQ,call,2026-08-21,0.024657534246575342,0.015,0.00012507685106354218,0.0015490081790008022,30657.726948800424,723.7000122070312,0.007307397746256994,2026-08-12
QQQ260821C00860000,2026-08-07 19:56:35+00:00,860.0,0.02,0.0,0.02,0.0,0.0,102.0,1556,0.35156898437499995,False,REGULAR,USD,QQQ,call,2026-08-21,0.024657534246575342,0.01,8.692609110146613e-05,0.0010343008062851605,70839.73097772647,723.7000122070312,0.007307397746256994,2026-08-12
QQQ260821C00865000,2026-08-04 15:01:36+00:00,865.0,0.04,0.0,0.02,0.0,0.0,18.0,590,0.3632876171875,False,REGULAR,USD,QQQ,call,2026-08-21,0.024657534246575342,0.01,8.400488166083237e-05,0.0010327298231374766,25958.147502383297,723.7000122070312,0.007307397746256994,2026-08-12
QQQ260821C00870000,2026-08-10 13:55:10+00:00,870.0,0.01,0.0,0.01,0.0,0.0,10.0,3498,0.35156898437499995,False,REGULAR,USD,QQQ,call,2026-08-21,0.024657534246575342,0.005,4.4616217508304005e-05,0.0005016227825738602,81739.07406837758,723.7000122070312,0.007307397746256994,2026-08-12
QQQ260821C00875000,2026-08-05 15:40:04+00:00,875.0,0.07,0.0,0.02,0.0,0.0,22.0,7757,0.38281867187499996,False,REGULAR,USD,QQQ,call,2026-08-21,0.024657534246575342,0.01,7.241148729849108e-05,0.0009300449536890434,294183.5735091527,723.7000122070312,0.007307397746256994,2026-08-12
QQQ260821C00880000,2026-08-07 20:11:20+00:00,880.0,0.02,0.0,0.02,0.0,0.0,5.0,735,0.39453730468750003,False,REGULAR,USD,QQQ,call,2026-08-21,0.024657534246575342,0.01,7.075730554070083e-05,0.0009372028877988773,27238.035744920493,723.7000122070312,0.007307397746256994,2026-08-12
QQQ260821C00885000,2026-08-06 14:39:59+00:00,885.0,0.02,0.0,0.02,0.0,0.0,4.0,1674,0.40430283203125,False,REGULAR,USD,QQQ,call,2026-08-21,0.024657534246575342,0.01,6.638531798464298e-05,0.0008979347540119006,58202.90391422362,723.7000122070312,0.007307397746256994,2026-08-12
QQQ260821C00890000,2026-08-07 15:55:18+00:00,890.0,0.01,0.0,0.02,0.0,0.0,200.0,696,0.414068359375,False,REGULAR,USD,QQQ,call,2026-08-21,0.024657534246575342,0.01,6.252949176708141e-05,0.0008634809411335863,22793.51474722144,723.7000122070312,0.007307397746256994,2026-08-12
QQQ260821C00895000,2026-08-05 15:40:38+00:00,895.0,0.05,0.0,0.02,0.0,0.0,15.0,139,0.42578699218750005,False,REGULAR,USD,QQQ,call,2026-08-21,0.024657534246575342,0.01,6.162651177609189e-05,0.0008761202503172775,4486.416057621232,723.7000122070312,0.007307397746256994,2026-08-12
QQQ260821C00900000,2026-08-07 19:09:11+00:00,900.0,0.02,0.0,0.02,0.0,0.0,91.0,36394,0.4335994140625,False,REGULAR,USD,QQQ,call,2026-08-21,0.024657534246575342,0.01,5.6081806320311234e-05,0.0008065621202328708,1068978.4345263978,723.7000122070312,0.007307397746256994,2026-08-12
QQQ260821C00905000,2026-08-04 14:56:15+00:00,905.0,0.02,0.0,0.02,0.0,0.0,2.0,396,0.445318046875,False,REGULAR,USD,QQQ,call,2026-08-21,0.024657534246575342,0.01,5.557338785058202e-05,0.000822100018633853,11526.016017298985,723.7000122070312,0.007307397746256994,2026-08-12
QQQ260821C00910000,2026-08-04 19:09:37+00:00,910.0,0.05,0.0,0.02,0.0,0.0,20.0,248,0.45313046875,False,REGULAR,USD,QQQ,call,2026-08-21,0.024657534246575342,0.01,5.095774038248393e-05,0.0007624761107845199,6618.7961037783125,723.7000122070312,0.007307397746256994,2026-08-12
QQQ260821C00915000,2026-08-12 14:02:34+00:00,915.0,0.01,0.0,0.02,-0.04,-80.00001,10.0,349,0.46484910156250003,False,REGULAR,USD,QQQ,call,2026-08-21,0.024657534246575342,0.01,5.073198972879189e-05,0.0007801406325385641,9273.090167957658,723.7000122070312,0.007307397746256994,2026-08-12
QQQ260821C00920000,2026-07-28 14:17:40+00:00,920.0,0.01,0.0,0.02,0.0,0.0,1.0,893,0.4726615234375,False,REGULAR,USD,QQQ,call,2026-08-21,0.024657534246575342,0.01,4.6836711297304135e-05,0.0007283964546824071,21905.592866687155,723.7000122070312,0.007307397746256994,2026-08-12
QQQ260821C00925000,2026-08-04 19:28:44+00:00,925.0,0.06,0.0,0.02,0.0,0.0,1.0,1217,0.48438015625,False,REGULAR,USD,QQQ,call,2026-08-21,0.024657534246575342,0.01,4.681669590234895e-05,0.0007476680491800782,29840.66506755727,723.7000122070312,0.007307397746256994,2026-08-12
QQQ260821C00930000,2026-08-05 15:05:11+00:00,930.0,0.03,0.0,0.02,0.0,0.0,1.0,430,0.49219257812500006,False,REGULAR,USD,QQQ,call,2026-08-21,0.024657534246575342,0.01,4.348897378465957e-05,0.0007022723885929768,9794.10543973234,723.7000122070312,0.007307397746256994,2026-08-12
QQQ260821C00935000,2026-06-29 14:38:29+00:00,935.0,0.06,0.0,0.02,0.0,0.0,1.0,176,0.5039112109375,False,REGULAR,USD,QQQ,call,2026-08-21,0.024657534246575342,0.01,4.362086388560173e-05,0.0007227980995814254,4020.907570489636,723.7000122070312,0.007307397746256994,2026-08-12
QQQ260821C00940000,2026-07-07 14:16:55+00:00,940.0,0.02,0.0,0.02,0.0,0.0,51.0,497,0.5117236328125,False,REGULAR,USD,QQQ,call,2026-08-21,0.024657534246575342,0.01,4.074682480952752e-05,0.0006825906035500481,10606.383369081272,723.7000122070312,0.007307397746256994,2026-08-12
QQQ260821C00945000,2026-07-06 18:01:13+00:00,945.0,0.06,0.0,0.02,0.0,0.0,12.0,652,0.523442265625,False,REGULAR,USD,QQQ,call,2026-08-21,0.024657534246575342,0.01,4.0992360106773566e-05,0.0007041294406982435,13998.054461760617,723.7000122070312,0.007307397746256994,2026-08-12
QQQ260821C00950000,2026-08-04 18:35:36+00:00,950.0,0.03,0.0,0.02,0.0,0.0,1339.0,6902,0.500005,False,REGULAR,USD,QQQ,call,2026-08-21,0.024657534246575342,0.01,2.0704366227139225e-05,0.0003205560425091669,74843.4943358137,723.7000122070312,0.007307397746256994,2026-08-12
QQQ260821P00315000,2026-08-04 14:10:55+00:00,315.0,0.01,0.0,0.01,0.0,0.0,2.0,3184,1.40625296875,False,REGULAR,USD,QQQ,put,2026-08-21,0.024657534246575342,0.005,1.3344891252666154e-06,-5.1850287574928267e-05,-2225.385520849479,723.7000122070312,0.007307397746256994,2026-08-12
QQQ260821P00320000,2026-08-07 13:56:06+00:00,320.0,0.02,0.0,0.01,0.0,0.0,5.0,1513,1.3750031249999999,False,REGULAR,USD,QQQ,put,2026-08-21,0.024657534246575342,0.005,1.3111546753245767e-06,-4.969297104273629e-05,-1038.9867660606985,723.7000122070312,0.007307397746256994,2026-08-12
QQQ260821P00325000,2026-07-29 14:35:57+00:00,325.0,0.03,0.0,0.02,0.0,0.0,1.0,974,1.421877890625,False,REGULAR,USD,QQQ,put,2026-08-21,0.024657534246575342,0.01,2.6135843156096463e-06,-0.00010713245904447888,-1333.2531916654768,723.7000122070312,0.007307397746256994,2026-08-12
QQQ260821P00330000,2026-08-11 13:56:28+00:00,330.0,0.01,0.0,0.02,0.0,0.0,25.0,420,1.40625296875,False,REGULAR,USD,QQQ,put,2026-08-21,0.024657534246575342,0.01,2.9568582420983612e-06,-0.00012075597298111251,-650.4245937210623,723.7000122070312,0.007307397746256994,2026-08-12
QQQ260821P00335000,2026-07-31 15:13:32+00:00,335.0,0.02,0.0,0.02,0.0,0.0,141.0,698,1.3750031249999999,False,REGULAR,USD,QQQ,put,2026-08-21,0.024657534246575342,0.01,2.927568438370189e-06,-0.00011665385912507098,-1070.2362058733404,723.7000122070312,0.007307397746256994,2026-08-12
QQQ260821P00340000,2026-07-31 13:30:26+00:00,340.0,0.03,0.0,0.02,0.0,0.0,3.0,1060,1.3437532812499997,False,REGULAR,USD,QQQ,put,2026-08-21,0.024657534246575342,0.01,2.8829821833125586e-06,-0.00011198502397025134,-1600.5342925778077,723.7000122070312,0.007307397746256994,2026-08-12
QQQ260821P00345000,2026-07-31 13:30:44+00:00,345.0,0.03,0.0,0.02,0.0,0.0,2.0,556,1.3281283593749997,False,REGULAR,USD,QQQ,put,2026-08-21,0.024657534246575342,0.01,3.245649973462998e-06,-0.00012548457116479117,-945.1345363351497,723.7000122070312,0.007307397746256994,2026-08-12
QQQ260821P00350000,2026-08-03 19:24:46+00:00,350.0,0.02,0.0,0.02,0.0,0.0,2.0,859,1.2968785156249998,False,REGULAR,USD,QQQ,put,2026-08-21,0.024657534246575342,0.01,3.1737463671437834e-06,-0.00011945239652844108,-1427.8498508075904,723.7000122070312,0.007307397746256994,2026-08-12
QQQ260821P00355000,2026-07-31 19:57:59+00:00,355.0,0.03,0.0,0.02,0.0,0.0,111.0,247,1.2812535937499998,False,REGULAR,USD,QQQ,put,2026-08-21,0.024657534246575342,0.01,3.561298561652795e-06,-0.00013333203635512714,-460.70454577872204,723.7000122070312,0.007307397746256994,2026-08-12
QQQ260821P00360000,2026-08-03 14:40:32+00:00,360.0,0.02,0.0,0.02,0.0,0.0,1.0,662,1.2500037499999999,False,REGULAR,USD,QQQ,put,2026-08-21,0.024657534246575342,0.01,3.4567131065249726e-06,-0.00012580319711408272,-1198.5012343693384,723.7000122070312,0.007307397746256994,2026-08-12
QQQ260821P00365000,2026-08-03 14:14:36+00:00,365.0,0.02,0.0,0.02,0.0,0.0,11.0,379,1.21875390625,False,REGULAR,USD,QQQ,put,2026-08-21,0.024657534246575342,0.01,3.3331984960431857e-06,-0.00011779478041074043,-661.6335924076092,723.7000122070312,0.007307397746256994,2026-08-12
QQQ260821P00370000,2026-08-03 13:30:01+00:00,370.0,0.03,0.0,0.02,0.0,0.0,1.0,424,1.203128984375,False,REGULAR,USD,QQQ,put,2026-08-21,0.024657534246575342,0.01,3.723883875524435e-06,-0.00013075862925948645,-826.9497992535089,723.7000122070312,0.007307397746256994,2026-08-12
QQQ260821P00375000,2026-08-06 18:16:04+00:00,375.0,0.02,0.0,0.01,0.0,0.0,3.0,170,1.125004375,False,REGULAR,USD,QQQ,put,2026-08-21,0.024657534246575342,0.005,2.15228544549227e-06,-6.793972680718685e-05,-191.6310812840549,723.7000122070312,0.007307397746256994,2026-08-12
QQQ260821P00380000,2026-08-11 19:39:38+00:00,380.0,0.01,0.0,0.02,0.0,0.0,530.0,3272,1.15625421875,False,REGULAR,USD,QQQ,put,2026-08-21,0.024657534246575342,0.01,3.966233848873454e-06,-0.0001340506058565838,-6796.866995278086,723.7000122070312,0.007307397746256994,2026-08-12
QQQ260821P00385000,2026-08-03 13:30:01+00:00,385.0,0.03,0.0,0.02,0.0,0.0,1.0,589,1.140629296875,False,REGULAR,USD,QQQ,put,2026-08-21,0.024657534246575342,0.01,4.411188493601543e-06,-0.0001479939573281186,-1360.7804793524433,723.7000122070312,0.007307397746256994,2026-08-12
QQQ260821P00390000,2026-08-03 19:45:17+00:00,390.0,0.02,0.0,0.02,0.0,0.0,2.0,326,1.109379453125,False,REGULAR,USD,QQQ,put,2026-08-21,0.024657534246575342,0.01,4.173812536375676e-06,-0.0001354346098053627,-712.6359039243481,723.7000122070312,0.007307397746256994,2026-08-12
QQQ260821P00395000,2026-08-06 19:01:13+00:00,395.0,0.02,0.0,0.02,0.0,0.0,2.0,530,1.09375453125,False,REGULAR,USD,QQQ,put,2026-08-21,0.024657534246575342,0.01,4.629129738359863e-06,-0.00014898655320116916,-1284.9682065193397,723.7000122070312,0.007307397746256994,2026-08-12
QQQ260821P00400000,2026-08-10 14:19:01+00:00,400.0,0.01,0.0,0.02,0.0,0.0,1.0,1025,1.0625046875000002,False,REGULAR,USD,QQQ,put,2026-08-21,0.024657534246575342,0.01,4.335932613526646e-06,-0.00013470475265364712,-2327.681470127397,723.7000122070312,0.007307397746256994,2026-08-12
QQQ260821P00405000,2026-08-03 14:57:46+00:00,405.0,0.03,0.0,0.02,0.0,0.0,1.0,631,1.0468797656250002,False,REGULAR,USD,QQQ,put,2026-08-21,0.024657534246575342,0.01,4.795554821123265e-06,-0.00014764348228069046,-1584.839836947898,723.7000122070312,0.007307397746256994,2026-08-12
QQQ260821P00410000,2026-08-10 17:35:09+00:00,410.0,0.01,0.0,0.02,0.0,0.0,1.0,440,1.0312548437500002,False,REGULAR,USD,QQQ,put,2026-08-21,0.024657534246575342,0.01,5.2971299759025564e-06,-0.0001615770168912345,-1220.7042757012305,723.7000122070312,0.007307397746256994,2026-08-12
QQQ260821P00415000,2026-08-05 15:12:37+00:00,415.0,0.02,0.0,0.02,0.0,0.0,100.0,402,1.000005,False,REGULAR,USD,QQQ,put,2026-08-21,0.024657534246575342,0.01,4.898309481015666e-06,-0.00014381543971708766,-1031.310486854847,723.7000122070312,0.007307397746256994,2026-08-12
QQQ260821P00420000,2026-08-05 14:13:20+00:00,420.0,0.03,0.0,0.02,0.0,0.0,11.0,708,0.98437515625,False,REGULAR,USD,QQQ,put,2026-08-21,0.024657534246575342,0.01,5.3953283074046845e-06,-0.0001567893224139194,-2000.6369904956841,723.7000122070312,0.007307397746256994,2026-08-12
QQQ260821P00425000,2026-08-06 19:12:47+00:00,425.0,0.02,0.0,0.02,0.0,0.0,29.0,813,0.9687503125,False,REGULAR,USD,QQQ,put,2026-08-21,0.024657534246575342,0.01,5.936344987633121e-06,-0.00017070130094987146,-2527.7076179003625,723.7000122070312,0.007307397746256994,2026-08-12
QQQ260821P00430000,2026-08-10 17:35:07+00:00,430.0,0.01,0.0,0.02,0.0,0.0,182.0,694,0.945313046875,False,REGULAR,USD,QQQ,put,2026-08-21,0.024657534246575342,0.01,5.948061219074871e-06,-0.0001666418346700782,-2161.98193169519,723.7000122070312,0.007307397746256994,2026-08-12
QQQ260821P00435000,2026-08-05 13:30:45+00:00,435.0,0.02,0.0,0.02,0.0,0.0,2.0,512,0.92187578125,False,REGULAR,USD,QQQ,put,2026-08-21,0.024657534246575342,0.01,5.9344235493584864e-06,-0.0001618333363235802,-1591.3498233696873,723.7000122070312,0.007307397746256994,2026-08-12
QQQ260821P00440000,2026-08-06 17:02:39+00:00,440.0,0.02,0.0,0.02,0.0,0.0,1.0,601,0.9062509375,False,REGULAR,USD,QQQ,put,2026-08-21,0.024657534246575342,0.01,6.503963913569107e-06,-0.00017525513915561675,-2047.2446971907304,723.7000122070312,0.007307397746256994,2026-08-12
QQQ260821P00445000,2026-08-11 19:24:47+00:00,445.0,0.01,0.0,0.02,0.0,0.0,20.0,451,0.8906260937499999,False,REGULAR,USD,QQQ,put,2026-08-21,0.024657534246575342,0.01,7.121204150381258e-06,-0.00018954178623653561,-1682.0819016917496,723.7000122070312,0.007307397746256994,2026-08-12
QQQ260821P00450000,2026-08-12 19:23:02+00:00,450.0,0.01,0.0,0.02,-0.01,-50.0,60.0,2151,0.867188828125,False,REGULAR,USD,QQQ,put,2026-08-21,0.024657534246575342,0.01,7.0509821381710466e-06,-0.00018226880385896482,-7943.413758864598,723.7000122070312,0.007307397746256994,2026-08-12
QQQ260821P00455000,2026-08-05 18:31:17+00:00,455.0,0.02,0.0,0.02,0.0,0.0,2.0,394,0.8437515624999999,False,REGULAR,USD,QQQ,put,2026-08-21,0.024657534246575342,0.01,6.945842493066459e-06,-0.00017418541133240595,-1433.3039989548158,723.7000122070312,0.007307397746256994,2026-08-12
QQQ260821P00460000,2026-08-11 15:16:13+00:00,460.0,0.02,0.01,0.02,0.0,0.0,50.0,646,0.85937640625,False,REGULAR,USD,QQQ,put,2026-08-21,0.024657534246575342,0.015,1.127955933107623e-05,-0.000298681788284183,-3816.293880110382,723.7000122070312,0.007307397746256994,2026-08-12
QQQ260821P00465000,2026-07-29 20:01:36+00:00,465.0,0.23,0.0,0.02,0.0,0.0,150.0,854,0.8125018749999999,False,REGULAR,USD,QQQ,put,2026-08-21,0.024657534246575342,0.01,8.252520525710744e-06,-0.00020116946065351637,-3691.149570569847,723.7000122070312,0.007307397746256994,2026-08-12
QQQ260821P00470000,2026-08-12 19:55:56+00:00,470.0,0.02,0.0,0.02,0.0,0.0,20000.0,1309,0.79687703125,False,REGULAR,USD,QQQ,put,2026-08-21,0.024657534246575342,0.01,8.984194170137374e-06,-0.00021579199884513844,-6159.364930470805,723.7000122070312,0.007307397746256994,2026-08-12
QQQ260821P00475000,2026-08-11 15:14:51+00:00,475.0,0.02,0.0,0.03,0.0,0.0,102.0,511,0.79687703125,False,REGULAR,USD,QQQ,put,2026-08-21,0.024657534246575342,0.015,1.2056071821803355e-05,-0.00029582992767474003,-3226.5907659434015,723.7000122070312,0.007307397746256994,2026-08-12
QQQ260821P00480000,2026-08-11 13:30:01+00:00,480.0,0.01,0.0,0.03,0.0,0.0,2.0,2124,0.7812521875,False,REGULAR,USD,QQQ,put,2026-08-21,0.024657534246575342,0.015,1.3129957239388965e-05,-0.0003174120242440681,-14606.124024388053,723.7000122070312,0.007307397746256994,2026-08-12
QQQ260821P00485000,2026-08-07 19:43:09+00:00,485.0,0.02,0.01,0.03,0.0,0.0,1.0,1131,0.7812521875,False,REGULAR,USD,QQQ,put,2026-08-21,0.024657534246575342,0.02,1.7459910004134303e-05,-0.0004314145965902405,-10342.410364953555,723.7000122070312,0.007307397746256994,2026-08-12
QQQ260821P00490000,2026-08-12 18:42:44+00:00,490.0,0.01,0.01,0.03,-0.01,-50.0,10.0,4050,0.7578149218750001,False,REGULAR,USD,QQQ,put,2026-08-21,0.024657534246575342,0.02,1.722874566532577e-05,-0.0004115211597938151,-36544.82133676015,723.7000122070312,0.007307397746256994,2026-08-12
QQQ260821P00495000,2026-08-12 18:58:25+00:00,495.0,0.02,0.01,0.03,-0.01,-33.333336,11.0,1424,0.7421900781249999,False,REGULAR,USD,QQQ,put,2026-08-21,0.024657534246575342,0.02,1.875312720336404e-05,-0.00044089810726088974,-13986.235888633882,723.7000122070312,0.007307397746256994,2026-08-12
QQQ260821P00500000,2026-08-12 20:12:22+00:00,500.0,0.02,0.01,0.02,-0.01,-33.333336,126.0,11661,0.70312796875,False,REGULAR,USD,QQQ,put,2026-08-21,0.024657534246575342,0.015,1.4743968328353515e-05,-0.00032104244257835646,-90046.6052413338,723.7000122070312,0.007307397746256994,2026-08-12
QQQ260821P00505000,2026-08-12 18:21:32+00:00,505.0,0.02,0.01,0.03,0.01,100.0,3.0,542,0.70312796875,False,REGULAR,USD,QQQ,put,2026-08-21,0.024657534246575342,0.02,1.9972860264367155e-05,-0.00044517420718659384,-5669.656008500655,723.7000122070312,0.007307397746256994,2026-08-12
QQQ260821P00510000,2026-08-12 16:51:36+00:00,510.0,0.02,0.01,0.02,-0.02,-50.0,28.0,1631,0.6718782812500002,False,REGULAR,USD,QQQ,put,2026-08-21,0.024657534246575342,0.015,1.7316455206548747e-05,-0.0003634635936209385,-14792.109557467405,723.7000122070312,0.007307397746256994,2026-08-12
QQQ260821P00515000,2026-08-11 14:31:40+00:00,515.0,0.04,0.01,0.03,0.0,0.0,1.0,784,0.6718782812500002,False,REGULAR,USD,QQQ,put,2026-08-21,0.024657534246575342,0.02,2.356746899643019e-05,-0.0005067650969026172,-9677.120902769193,723.7000122070312,0.007307397746256994,2026-08-12
QQQ260821P00520000,2026-08-12 19:41:28+00:00,520.0,0.03,0.01,0.03,0.0,0.0,18.0,1622,0.6523472265625001,False,REGULAR,USD,QQQ,put,2026-08-21,0.024657534246575342,0.02,2.419580003374534e-05,-0.0005050224924773028,-20554.551096743002,723.7000122070312,0.007307397746256994,2026-08-12
QQQ260821P00525000,2026-08-11 17:55:30+00:00,525.0,0.02,0.01,0.02,0.0,0.0,1.0,4971,0.6171913281250001,False,REGULAR,USD,QQQ,put,2026-08-21,0.024657534246575342,0.015,1.940912488497544e-05,-0.00037506693721633955,-50532.04537990031,723.7000122070312,0.007307397746256994,2026-08-12
QQQ260821P00530000,2026-08-12 19:49:22+00:00,530.0,0.02,0.01,0.04,-0.01,-33.333336,2.0,13611,0.6289099609375001,False,REGULAR,USD,QQQ,put,2026-08-21,0.024657534246575342,0.025,3.193397223898634e-05,-0.0006553995333271612,-227646.05956662376,723.7000122070312,0.007307397746256994,2026-08-12
QQQ260821P00535000,2026-08-11 18:23:46+00:00,535.0,0.04,0.01,0.04,0.0,0.0,1.0,2816,0.6093789062500001,False,REGULAR,USD,QQQ,put,2026-08-21,0.024657534246575342,0.025,3.277210054271135e-05,-0.0006514058653614985,-48334.150380375584,723.7000122070312,0.007307397746256994,2026-08-12
QQQ260821P00540000,2026-08-12 17:27:44+00:00,540.0,0.02,0.01,0.03,-0.02,-50.0,51.0,2193,0.5820354296875,False,REGULAR,USD,QQQ,put,2026-08-21,0.024657534246575342,0.02,2.9671292257302348e-05,-0.0005565940943124126,-34079.424553323704,723.7000122070312,0.007307397746256994,2026-08-12
QQQ260821P00545000,2026-08-12 14:47:59+00:00,545.0,0.02,0.01,0.04,-0.02,-50.0,1.0,2210,0.5742230078125,False,REGULAR,USD,QQQ,put,2026-08-21,0.024657534246575342,0.025,3.6401503766316855e-05,-0.00068441748934156,-42133.618494837945,723.7000122070312,0.007307397746256994,2026-08-12
QQQ260821P00550000,2026-08-12 18:10:49+00:00,550.0,0.02,0.01,0.04,-0.01,-33.333336,38.0,11326,0.5585981640625001,False,REGULAR,USD,QQQ,put,2026-08-21,0.024657534246575342,0.025,3.95146226533407e-05,-0.0007260721245880841,-234396.73404819428,723.7000122070312,0.007307397746256994,2026-08-12
QQQ260821P00555000,2026-08-12 19:41:38+00:00,555.0,0.02,0.01,0.04,-0.030000001,-60.0,24.0,2103,0.5429733203125001,False,REGULAR,USD,QQQ,put,2026-08-21,0.024657534246575342,0.025,4.290719446381625e-05,-0.000769898817852166,-47259.220191356784,723.7000122070312,0.007307397746256994,2026-08-12
QQQ260821P00560000,2026-08-12 19:44:05+00:00,560.0,0.03,0.02,0.05,-0.03,-50.0,11.0,5142,0.5410202148437502,False,REGULAR,USD,QQQ,put,2026-08-21,0.024657534246575342,0.035,5.7817639202451574e-05,-0.0010608969760582676,-155707.5197369272,723.7000122070312,0.007307397746256994,2026-08-12
QQQ260821P00565000,2026-08-12 19:52:40+00:00,565.0,0.03,0.02,0.05,-0.020000001,-40.000004,34.0,2036,0.523442265625,False,REGULAR,USD,QQQ,put,2026-08-21,0.024657534246575342,0.035,6.120092982108789e-05,-0.00108884268324827,-65260.88425262214,723.7000122070312,0.007307397746256994,2026-08-12
QQQ260821P00570000,2026-08-12 19:53:47+00:00,570.0,0.04,0.02,0.05,-0.010000002,-20.000002,16.0,10303,0.507817421875,False,REGULAR,USD,QQQ,put,2026-08-21,0.024657534246575342,0.035,6.678939655165046e-05,-0.0011588273232068236,-360402.9850001162,723.7000122070312,0.007307397746256994,2026-08-12
QQQ260821P00575000,2026-08-12 17:27:25+00:00,575.0,0.04,0.03,0.05,-0.04,-50.0,27.0,2738,0.507817421875,False,REGULAR,USD,QQQ,put,2026-08-21,0.024657534246575342,0.04,9.26826250742416e-05,-0.0016588422169184769,-132907.3288249104,723.7000122070312,0.007307397746256994,2026-08-12
QQQ260821P00580000,2026-08-12 17:14:48+00:00,580.0,0.04,0.03,0.06,-0.010000002,-20.000002,14.0,10438,0.49805189453125004,False,REGULAR,USD,QQQ,put,2026-08-21,0.024657534246575342,0.045,0.00011079297554119072,-0.0019758920505709154,-605684.8052430628,723.7000122070312,0.007307397746256994,2026-08-12
QQQ260821P00585000,2026-08-12 19:33:44+00:00,585.0,0.04,0.03,0.06,-0.02,-33.333336,64.0,10882,0.4804739453125,False,REGULAR,USD,QQQ,put,2026-08-21,0.024657534246575342,0.045,0.0001185878284523264,-0.0020469162742098312,-675874.4013751573,723.7000122070312,0.007307397746256994,2026-08-12
QQQ260821P00590000,2026-08-12 20:10:38+00:00,590.0,0.04,0.04,0.07,-0.04,-50.0,46.0,3642,0.47070841796875,False,REGULAR,USD,QQQ,put,2026-08-21,0.024657534246575342,0.05500000000000001,0.00014239073210254766,-0.0024486936896286338,-271605.66521305754,723.7000122070312,0.007307397746256994,2026-08-12
QQQ260821P00595000,2026-08-12 20:07:36+00:00,595.0,0.05,0.04,0.07,-0.040000003,-44.444447,92.0,3315,0.45313046875,False,REGULAR,USD,QQQ,put,2026-08-21,0.024657534246575342,0.05500000000000001,0.00015309614729770138,-0.002543734027328104,-265806.1067207746,723.7000122070312,0.007307397746256994,2026-08-12
QQQ260821P00600000,2026-08-12 20:03:12+00:00,600.0,0.05,0.05,0.06,-0.040000003,-44.444447,574.0,23387,0.428716650390625,False,REGULAR,USD,QQQ,put,2026-08-21,0.024657534246575342,0.055,0.00014816420946938124,-0.0023076437449829346,-1814825.963249396,723.7000122070312,0.007307397746256994,2026-08-12
QQQ260821P00605000,2026-08-12 19:35:00+00:00,605.0,0.07,0.05,0.07,-0.020000003,-22.222223,13.0,3201,0.41797457031249996,False,REGULAR,USD,QQQ,put,2026-08-21,0.024657534246575342,0.060000000000000005,0.00017749665253736962,-0.0027399700592198872,-297572.642097047,723.7000122070312,0.007307397746256994,2026-08-12
QQQ260821P00610000,2026-08-12 19:53:11+00:00,610.0,0.07,0.05,0.08,-0.020000003,-22.222223,28.0,5607,0.407232490234375,False,REGULAR,USD,QQQ,put,2026-08-21,0.024657534246575342,0.065,0.00021317163481984853,-0.00326190153244843,-626004.0339956647,723.7000122070312,0.007307397746256994,2026-08-12
QQQ260821P00615000,2026-08-12 20:03:30+00:00,615.0,0.06,0.06,0.08,-0.05,-45.454544,31.0,4423,0.389654541015625,False,REGULAR,USD,QQQ,put,2026-08-21,0.024657534246575342,0.07,0.0002311168910208503,-0.0033978191083328113,-535384.4905358618,723.7000122070312,0.007307397746256994,2026-08-12
QQQ260821P00620000,2026-08-12 19:54:11+00:00,620.0,0.09,0.06,0.09,-0.019999996,-18.181814,64.0,9487,0.37695935546875,False,REGULAR,USD,QQQ,put,2026-08-21,0.024657534246575342,0.075,0.0002714900498434324,-0.0039182834803578315,-1348962.8134297812,723.7000122070312,0.007307397746256994,2026-08-12
QQQ260821P00625000,2026-08-12 17:07:40+00:00,625.0,0.06,0.07,0.09,-0.06,-50.0,625.0,15099,0.35938140625,False,REGULAR,USD,QQQ,put,2026-08-21,0.024657534246575342,0.08,0.00029640339351006523,-0.0040974881929682905,-2343950.935263402,723.7000122070312,0.007307397746256994,2026-08-12
QQQ260821P00630000,2026-08-12 19:35:00+00:00,630.0,0.1,0.07,0.09,-0.029999994,-23.076918,105.0,16282,0.34180345703125,False,REGULAR,USD,QQQ,put,2026-08-21,0.024657534246575342,0.08,0.0003244916379662155,-0.00428675118805899,-2767122.71837607,723.7000122070312,0.007307397746256994,2026-08-12
QQQ260821P00635000,2026-08-12 19:50:41+00:00,635.0,0.1,0.08,0.1,-0.050000004,-33.333336,77.0,14229,0.32910827148437494,False,REGULAR,USD,QQQ,put,2026-08-21,0.024657534246575342,0.09,0.0003874436774547641,-0.00501190892441461,-2887354.5602125814,723.7000122070312,0.007307397746256994,2026-08-12
QQQ260821P00640000,2026-08-12 19:39:24+00:00,640.0,0.12,0.09,0.11,-0.050000004,-29.411768,7836.0,24040,0.3154365332031249,False,REGULAR,USD,QQQ,put,2026-08-21,0.024657534246575342,0.1,0.0004579696383783299,-0.005767249912997152,-5766181.52316832,723.7000122070312,0.007307397746256994,2026-08-12
QQQ260821P00645000,2026-08-12 19:33:44+00:00,645.0,0.12,0.1,0.12,-0.07,-36.842106,5482.0,12088,0.3007882421875,False,REGULAR,USD,QQQ,put,2026-08-21,0.024657534246575342,0.11,0.0005363491045760361,-0.006532858896394544,-3395620.690087678,723.7000122070312,0.007307397746256994,2026-08-12
QQQ260821P00650000,2026-08-12 20:12:06+00:00,650.0,0.12,0.11,0.13,-0.1,-45.454544,4793.0,35402,0.28613995117187496,False,REGULAR,USD,QQQ,put,2026-08-21,0.024657534246575342,0.12,0.0006331154143320359,-0.007449779295985781,-11738911.946069816,723.7000122070312,0.007307397746256994,2026-08-12
QQQ260821P00651000,2026-08-12 19:24:27+00:00,651.0,0.12,0.11,0.14,-0.12,-50.0,270.0,706,0.28516339843749994,False,REGULAR,USD,QQQ,put,2026-08-21,0.024657534246575342,0.125,0.0006768102651450582,-0.00800549467125411,-250258.47740843755,723.7000122070312,0.007307397746256994,2026-08-12
QQQ260821P00652000,2026-08-12 16:40:57+00:00,652.0,0.12,0.11,0.14,-0.13,-52.0,20.0,584,0.28174546386718746,False,REGULAR,USD,QQQ,put,2026-08-21,0.024657534246575342,0.125,0.0006950030499543406,-0.008138351625242679,-212577.2171832375,723.7000122070312,0.007307397746256994,2026-08-12
QQQ260821P00653000,2026-08-12 14:37:51+00:00,653.0,0.15,0.12,0.14,-0.13,-46.42857,14.0,558,0.2778392529296875,False,REGULAR,USD,QQQ,put,2026-08-21,0.024657534246575342,0.13,0.000708109924268441,-0.008182204205298915,-206943.61913196105,723.7000122070312,0.007307397746256994,2026-08-12
QQQ260821P00654000,2026-08-11 19:42:58+00:00,654.0,0.25,0.12,0.15,0.0,0.0,3.0,686,0.27686270019531245,False,REGULAR,USD,QQQ,put,2026-08-21,0.024657534246575342,0.135,0.0007577080950198442,-0.00880300606061124,-272234.5254775361,723.7000122070312,0.007307397746256994,2026-08-12
QQQ260821P00655000,2026-08-12 20:07:36+00:00,655.0,0.14,0.13,0.15,-0.11999999,-46.153843,176.0,8321,0.273444765625,False,REGULAR,USD,QQQ,put,2026-08-21,0.024657534246575342,0.14,0.0007790030981041372,-0.008958000129382637,-3394938.151575142,723.7000122070312,0.007307397746256994,2026-08-12
QQQ260821P00656000,2026-08-12 15:41:55+00:00,656.0,0.16,0.13,0.16,-0.13,-44.827587,3.0,421,0.27197993652343744,False,REGULAR,USD,QQQ,put,2026-08-21,0.024657534246575342,0.14500000000000002,0.000827196204138137,-0.00953528373869339,-182392.8412160451,723.7000122070312,0.007307397746256994,2026-08-12
QQQ260821P00657000,2026-08-11 13:38:18+00:00,657.0,0.18,0.14,0.16,-0.19999999,-52.631573,5.0,761,0.26856200195312496,False,REGULAR,USD,QQQ,put,2026-08-21,0.024657534246575342,0.15000000000000002,0.0008512172323708024,-0.009711218203455774,-339267.4727946922,723.7000122070312,0.007307397746256994,2026-08-12
QQQ260821P00658000,2026-08-12 18:22:11+00:00,658.0,0.15,0.14,0.17,-0.15,-50.0,55.0,622,0.26709717285156254,False,REGULAR,USD,QQQ,put,2026-08-21,0.024657534246575342,0.15500000000000003,0.0009043280801327272,-0.010343537623028753,-294600.5551143387,723.7000122070312,0.007307397746256994,2026-08-12
QQQ260821P00659000,2026-08-12 16:47:00+00:00,659.0,0.16,0.15,0.18,-0.25,-60.97561,1.0,572,0.26563234375,False,REGULAR,USD,QQQ,put,2026-08-21,0.024657534246575342,0.16499999999999998,0.0009606929555676602,-0.01101738522253759,-287804.6423218044,723.7000122070312,0.007307397746256994,2026-08-12
QQQ260821P00660000,2026-08-12 19:59:01+00:00,660.0,0.17,0.15,0.18,-0.17,-50.0,1252.0,21402,0.2617261328125,False,REGULAR,USD,QQQ,put,2026-08-21,0.024657534246575342,0.16499999999999998,0.0009825071988108357,-0.011114566062642939,-11013041.11937343,723.7000122070312,0.007307397746256994,2026-08-12
QQQ260821P00661000,2026-08-12 19:21:15+00:00,661.0,0.17,0.16,0.19,-0.21999998,-56.410255,13.0,461,0.2602613037109375,False,REGULAR,USD,QQQ,put,2026-08-21,0.024657534246575342,0.175,0.0010444332487090952,-0.011848033558846005,-252173.109736548,723.7000122070312,0.007307397746256994,2026-08-12
QQQ260821P00662000,2026-08-12 19:24:31+00:00,662.0,0.18,0.17,0.19,-0.22999999,-56.097557,5.0,1032,0.2563550927734375,False,REGULAR,USD,QQQ,put,2026-08-21,0.024657534246575342,0.18,0.001069262572927622,-0.011962940183208426,-577937.9628795956,723.7000122070312,0.007307397746256994,2026-08-12
QQQ260821P00663000,2026-08-12 18:22:11+00:00,663.0,0.18,0.17,0.2,-0.19999999,-52.631573,10.0,1681,0.25440198730468755,False,REGULAR,USD,QQQ,put,2026-08-21,0.024657534246575342,0.185,0.001128933663016947,-0.012624809655670588,-993924.272426189,723.7000122070312,0.007307397746256994,2026-08-12
QQQ260821P00664000,2026-08-12 19:59:28+00:00,664.0,0.21,0.18,0.21,-0.26999998,-56.25,4.0,295,0.25269302001953126,False,REGULAR,USD,QQQ,put,2026-08-21,0.024657534246575342,0.195,0.001196593048121368,-0.013399178933534484,-184878.17749015044,723.7000122070312,0.007307397746256994,2026-08-12
QQQ260821P00665000,2026-08-12 20:00:41+00:00,665.0,0.21,0.19,0.22,-0.19000001,-47.500004,228.0,6245,0.25049577636718745,False,REGULAR,USD,QQQ,put,2026-08-21,0.024657534246575342,0.20500000000000002,0.0012592333757739692,-0.014072426320757336,-4118658.925938187,723.7000122070312,0.007307397746256994,2026-08-12
QQQ260821P00666000,2026-08-12 13:53:05+00:00,666.0,0.23,0.2,0.23,-0.24999999,-52.083332,14.0,653,0.2485426708984375,False,REGULAR,USD,QQQ,put,2026-08-21,0.024657534246575342,0.21500000000000002,0.001330326716050661,-0.014863723954718466,-454976.1736719376,723.7000122070312,0.007307397746256994,2026-08-12
QQQ260821P00667000,2026-08-12 14:12:56+00:00,667.0,0.25,0.21,0.24,-0.19,-43.18182,18.0,399,0.24634542724609376,False,REGULAR,USD,QQQ,put,2026-08-21,0.024657534246575342,0.22499999999999998,0.0014007800642307324,-0.015621734276114019,-292725.13022034586,723.7000122070312,0.007307397746256994,2026-08-12
QQQ260821P00668000,2026-08-12 19:48:27+00:00,668.0,0.24,0.22,0.25,-0.21,-46.666668,90.0,3487,0.24414818359375,False,REGULAR,USD,QQQ,put,2026-08-21,0.024657534246575342,0.235,0.0014754313100165922,-0.016424694559345476,-2694561.5146144736,723.7000122070312,0.007307397746256994,2026-08-12
QQQ260821P00669000,2026-08-12 18:07:14+00:00,669.0,0.23,0.23,0.26,-0.27999997,-54.901955,28.0,1251,0.2417068017578125,False,REGULAR,USD,QQQ,put,2026-08-21,0.024657534246575342,0.245,0.0015492410578369538,-0.017186219024245664,-1015064.098684238,723.7000122070312,0.007307397746256994,2026-08-12
QQQ260821P00670000,2026-08-12 19:58:03+00:00,670.0,0.27,0.24,0.27,-0.24999997,-48.076916,1078.0,29652,0.23926541992187497,False,REGULAR,USD,QQQ,put,2026-08-21,0.024657534246575342,0.255,0.001627421851651297,-0.017991376725535857,-25273843.642935462,723.7000122070312,0.007307397746256994,2026-08-12
QQQ260821P00671000,2026-08-12 17:25:41+00:00,671.0,0.26,0.25,0.28,-0.26999998,-50.943394,17.0,508,0.2368240380859375,False,REGULAR,USD,QQQ,put,2026-08-21,0.024657534246575342,0.265,0.001710269916530209,-0.018843140534045455,-455035.76082202094,723.7000122070312,0.007307397746256994,2026-08-12
QQQ260821P00672000,2026-08-12 19:50:58+00:00,672.0,0.29,0.26,0.29,-0.34,-53.968254,109.0,1059,0.23438265625,False,REGULAR,USD,QQQ,put,2026-08-21,0.024657534246575342,0.275,0.0017981035837714107,-0.019744715271141633,-997304.610179435,723.7000122070312,0.007307397746256994,2026-08-12
QQQ260821P00673000,2026-08-12 19:25:02+00:00,673.0,0.29,0.28,0.31,-0.31000003,-51.66667,98.0,656,0.2329178271484375,False,REGULAR,USD,QQQ,put,2026-08-21,0.024657534246575342,0.29500000000000004,0.0019158032785445399,-0.02112179833187977,-658221.2689141055,723.7000122070312,0.007307397746256994,2026-08-12
QQQ260821P00674000,2026-08-12 18:55:27+00:00,674.0,0.29,0.29,0.32,-0.41,-58.57143,71.0,736,0.23023230712890624,False,REGULAR,USD,QQQ,put,2026-08-21,0.024657534246575342,0.305,0.002009193917979877,-0.022041002009795863,-774491.809078936,723.7000122070312,0.007307397746256994,2026-08-12
QQQ260821P00675000,2026-08-12 20:14:05+00:00,675.0,0.33,0.32,0.34,-0.35,-51.47059,596.0,23124,0.22852333984375,False,REGULAR,USD,QQQ,put,2026-08-21,0.024657534246575342,0.33,0.002134521865795251,-0.023473305852832693,-25851201.249840986,723.7000122070312,0.007307397746256994,2026-08-12
QQQ260821P00676000,2026-08-12 19:25:02+00:00,676.0,0.36,0.33,0.36,-0.32999998,-47.826088,69.0,585,0.2268143725585937,False,REGULAR,USD,QQQ,put,2026-08-21,0.024657534246575342,0.345,0.0022676923351077835,-0.025002762011912205,-694795.7577927728,723.7000122070312,0.007307397746256994,2026-08-12
QQQ260821P00677000,2026-08-12 19:20:31+00:00,677.0,0.33,0.35,0.38,-0.4,-54.794518,256.0,898,0.22486126708984372,False,REGULAR,USD,QQQ,put,2026-08-21,0.024657534246575342,0.365,0.002402198188749953,-0.02650938592380747,-1129801.98061751,723.7000122070312,0.007307397746256994,2026-08-12
QQQ260821P00678000,2026-08-12 20:01:10+00:00,678.0,0.38,0.36,0.4,-0.39,-50.649353,174.0,790,0.22290816162109373,False,REGULAR,USD,QQQ,put,2026-08-21,0.024657534246575342,0.38,0.002545090132795579,-0.0281153380678697,-1053046.1833331927,723.7000122070312,0.007307397746256994,2026-08-12
QQQ260821P00679000,2026-08-12 20:12:00+00:00,679.0,0.41,0.39,0.42,-0.46,-52.87356,1038.0,1234,0.22071091796874998,False,REGULAR,USD,QQQ,put,2026-08-21,0.024657534246575342,0.405,0.0026894915156109043,-0.029689395912876004,-1738211.0168660185,723.7000122070312,0.007307397746256994,2026-08-12
QQQ260821P00680000,2026-08-12 20:10:29+00:00,680.0,0.4,0.41,0.44,-0.45000002,-52.941174,1699.0,70169,0.21851367431640623,False,REGULAR,USD,QQQ,put,2026-08-21,0.024657534246575342,0.425,0.0028429351137469823,-0.031365056766185506,-104479093.25233617,723.7000122070312,0.007307397746256994,2026-08-12
QQQ260821P00681000,2026-08-12 18:12:23+00:00,681.0,0.42,0.44,0.46,-0.48,-53.333336,89.0,655,0.2161943615722656,False,REGULAR,USD,QQQ,put,2026-08-21,0.024657534246575342,0.45,0.003002097062726959,-0.03307450277396062,-1029871.8546534952,723.7000122070312,0.007307397746256994,2026-08-12
QQQ260821P00682000,2026-08-12 19:50:58+00:00,682.0,0.46,0.46,0.49,-0.55999994,-54.901955,109.0,1901,0.21460746337890624,False,REGULAR,USD,QQQ,put,2026-08-21,0.024657534246575342,0.475,0.003195434882589194,-0.03536504445762634,-3181480.3746083295,723.7000122070312,0.007307397746256994,2026-08-12
QQQ260821P00683000,2026-08-12 16:56:52+00:00,683.0,0.51,0.49,0.52,-0.53,-50.961536,62.0,1938,0.21289849609375,False,REGULAR,USD,QQQ,put,2026-08-21,0.024657534246575342,0.505,0.0033965381930983274,-0.0377334771586314,-3447525.0865972126,723.7000122070312,0.007307397746256994,2026-08-12
QQQ260821P00684000,2026-08-12 20:00:45+00:00,684.0,0.52,0.52,0.55,-0.76,-59.375,209.0,2646,0.21094539062499998,False,REGULAR,USD,QQQ,put,2026-08-21,0.024657534246575342,0.535,0.0036016295126037067,-0.04009389201950275,-4991212.222633192,723.7000122070312,0.007307397746256994,2026-08-12
QQQ260821P00685000,2026-08-12 20:09:23+00:00,685.0,0.55,0.55,0.58,-0.60999995,-52.586205,588.0,7397,0.20887021606445308,False,REGULAR,USD,QQQ,put,2026-08-21,0.024657534246575342,0.565,0.0038151755410403164,-0.04252478289715411,-14780437.991944693,723.7000122070312,0.007307397746256994,2026-08-12
QQQ260821P00686000,2026-08-12 20:01:17+00:00,686.0,0.56,0.58,0.61,-0.66,-54.09836,103.0,880,0.20667297241210933,False,REGULAR,USD,QQQ,put,2026-08-21,0.024657534246575342,0.595,0.0040377006596638955,-0.04502619183753731,-1860946.7699208537,723.7000122070312,0.007307397746256994,2026-08-12
QQQ260821P00687000,2026-08-12 19:24:31+00:00,687.0,0.6,0.62,0.65,-0.66999996,-52.7559,141.0,1460,0.20508607421874997,False,REGULAR,USD,QQQ,put,2026-08-21,0.024657534246575342,0.635,0.004296170100615385,-0.048180705192153006,-3285121.8587984852,723.7000122070312,0.007307397746256994,2026-08-12
QQQ260821P00688000,2026-08-12 19:21:43+00:00,688.0,0.63,0.65,0.69,-0.76,-54.676258,106.0,1017,0.20325503784179685,False,REGULAR,USD,QQQ,put,2026-08-21,0.024657534246575342,0.6699999999999999,0.004561111897018217,-0.05135320252158149,-2429454.8908860283,723.7000122070312,0.007307397746256994,2026-08-12
QQQ260821P00689000,2026-08-12 20:07:04+00:00,689.0,0.69,0.7,0.73,-0.79,-53.378376,82.0,632,0.20130193237304686,False,REGULAR,USD,QQQ,put,2026-08-21,0.024657534246575342,0.715,0.004837543701840968,-0.054638824119284,-1601249.9883721224,723.7000122070312,0.007307397746256994,2026-08-12
QQQ260821P00690000,2026-08-12 20:14:33+00:00,690.0,0.74,0.74,0.77,-0.83000004,-52.866245,2877.0,29913,0.1991046887207031,False,REGULAR,USD,QQQ,put,2026-08-21,0.024657534246575342,0.755,0.005121778963321952,-0.057930529930048213,-80241301.25085068,723.7000122070312,0.007307397746256994,2026-08-12
QQQ260821P00691000,2026-08-12 19:58:49+00:00,691.0,0.82,0.79,0.82,-1.0799999,-56.842106,48.0,1600,0.19739572143554687,False,REGULAR,USD,QQQ,put,2026-08-21,0.024657534246575342,0.8049999999999999,0.005441470428360866,-0.061901261526340456,-4559880.023003411,723.7000122070312,0.007307397746256994,2026-08-12
QQQ260821P00692000,2026-08-12 19:49:28+00:00,692.0,0.81,0.84,0.88,-1.02,-55.73771,188.0,764,0.19605296142578127,False,REGULAR,USD,QQQ,put,2026-08-21,0.024657534246575342,0.86,0.005792712864365818,-0.06650181321773818,-2317888.3902986194,723.7000122070312,0.007307397746256994,2026-08-12
QQQ260821P00693000,2026-08-12 20:03:54+00:00,693.0,0.88,0.9,0.93,-1.03,-53.926704,668.0,4264,0.1939777868652344,False,REGULAR,USD,QQQ,put,2026-08-21,0.024657534246575342,0.915,0.0061368446340652975,-0.07068633082619558,-13705014.02628759,723.7000122070312,0.007307397746256994,2026-08-12
QQQ260821P00694000,2026-08-12 20:00:45+00:00,694.0,0.95,0.95,0.99,-1.1199999,-54.106274,254.0,1332,0.19226881958007813,False,REGULAR,USD,QQQ,put,2026-08-21,0.024657534246575342,0.97,0.006514050545084921,-0.07553808807658369,-4544357.701820133,723.7000122070312,0.007307397746256994,2026-08-12
QQQ260821P00695000,2026-08-12 20:06:34+00:00,695.0,0.98,1.02,1.06,-1.19,-54.83871,913.0,22360,0.19080399047851562,False,REGULAR,USD,QQQ,put,2026-08-21,0.024657534246575342,1.04,0.006920028729070867,-0.08098537726969879,-81039519.35984813,723.7000122070312,0.007307397746256994,2026-08-12
QQQ260821P00696000,2026-08-12 20:01:17+00:00,696.0,1.06,1.09,1.13,-1.3,-55.084747,231.0,1446,0.18909502319335939,False,REGULAR,USD,QQQ,put,2026-08-21,0.024657534246575342,1.1099999999999999,0.007338882715121722,-0.08653256543647159,-5557959.784252358,723.7000122070312,0.007307397746256994,2026-08-12
QQQ260821P00697000,2026-08-12 19:49:28+00:00,697.0,1.11,1.17,1.21,-1.32,-54.320988,205.0,789,0.18763019409179688,False,REGULAR,USD,QQQ,put,2026-08-21,0.024657534246575342,1.19,0.007786907078199963,-0.0927356284554588,-3217800.800357124,723.7000122070312,0.007307397746256994,2026-08-12
QQQ260821P00698000,2026-08-12 20:13:03+00:00,698.0,1.28,1.25,1.29,-1.23,-49.003983,333.0,1547,0.18586019226074219,False,REGULAR,USD,QQQ,put,2026-08-21,0.024657534246575342,1.27,0.008247939053822803,-0.09899450435392321,-6682714.642377113,723.7000122070312,0.007307397746256994,2026-08-12
QQQ260821P00699000,2026-08-12 19:47:40+00:00,699.0,1.31,1.33,1.38,-1.3400002,-50.56604,188.0,831,0.18433432861328125,False,REGULAR,USD,QQQ,put,2026-08-21,0.024657534246575342,1.355,0.008738222964654072,-0.10596837145315186,-3803131.1803388866,723.7000122070312,0.007307397746256994,2026-08-12
QQQ260821P00700000,2026-08-12 20:14:48+00:00,700.0,1.46,1.44,1.46,-1.4200001,-49.305553,4372.0,62999,0.1821370849609375,False,REGULAR,USD,QQQ,put,2026-08-21,0.024657534246575342,1.45,0.009235978855099894,-0.11256794648500135,-304743004.99892867,723.7000122070312,0.007307397746256994,2026-08-12
QQQ260821P00701000,2026-08-12 19:51:59+00:00,701.0,1.52,1.53,1.58,-1.5899999,-51.1254,581.0,1628,0.18128260131835935,False,REGULAR,USD,QQQ,put,2026-08-21,0.024657534246575342,1.5550000000000002,0.00978522631899428,-0.12131905297636947,-8343387.899554341,723.7000122070312,0.007307397746256994,2026-08-12
QQQ260821P00702000,2026-08-12 20:05:14+00:00,702.0,1.5,1.63,1.69,-1.97,-56.772335,93.0,465,0.17975673767089845,False,REGULAR,USD,QQQ,put,2026-08-21,0.024657534246575342,1.66,0.010341797356671775,-0.1297458644006142,-2518640.2326941513,723.7000122070312,0.007307397746256994,2026-08-12
QQQ260821P00703000,2026-08-12 19:39:56+00:00,703.0,1.72,1.75,1.81,-1.73,-50.144928,72.0,501,0.17829190856933597,False,REGULAR,USD,QQQ,put,2026-08-21,0.024657534246575342,1.78,0.010920573063946282,-0.1387878098294819,-2865499.35219992,723.7000122070312,0.007307397746256994,2026-08-12
QQQ260821P00704000,2026-08-12 20:01:01+00:00,704.0,1.84,1.87,1.94,-1.63,-46.974064,158.0,553,0.17688811401367188,False,REGULAR,USD,QQQ,put,2026-08-21,0.024657534246575342,1.905,0.011520037209157199,-0.1484737777216466,-3336538.750061472,723.7000122070312,0.007307397746256994,2026-08-12
QQQ260821P00705000,2026-08-12 20:14:39+00:00,705.0,2.02,2.01,2.06,-1.9000001,-48.46939,4064.0,32642,0.17487397399902344,False,REGULAR,USD,QQQ,put,2026-08-21,0.024657534246575342,2.035,0.012139400792196055,-0.15792923716523255,-207534914.57287762,723.7000122070312,0.007307397746256994,2026-08-12
QQQ260821P00706000,2026-08-12 19:43:39+00:00,706.0,2.12,2.15,2.22,-2.06,-49.2823,796.0,1064,0.17389742126464847,False,REGULAR,USD,QQQ,put,2026-08-21,0.024657534246575342,2.185,0.012775731441821899,-0.16939074612463623,-7119419.139784819,723.7000122070312,0.007307397746256994,2026-08-12
QQQ260821P00707000,2026-08-12 20:14:54+00:00,707.0,2.32,2.3,2.37,-2.01,-46.420322,233.0,1139,0.17224948852539065,False,REGULAR,USD,QQQ,put,2026-08-21,0.024657534246575342,2.335,0.013432513230096397,-0.18058530552936536,-8013055.688429797,723.7000122070312,0.007307397746256994,2026-08-12
QQQ260821P00708000,2026-08-12 19:37:27+00:00,708.0,2.43,2.47,2.54,-2.14,-46.827133,279.0,1274,0.1708456939697266,False,REGULAR,USD,QQQ,put,2026-08-21,0.024657534246575342,2.505,0.014101636227482046,-0.19277039531403817,-9409273.559304852,723.7000122070312,0.007307397746256994,2026-08-12
QQQ260821P00709000,2026-08-12 20:13:10+00:00,709.0,2.69,2.65,2.72,-2.08,-43.60587,702.0,699,0.16947241668701174,False,REGULAR,USD,QQQ,put,2026-08-21,0.024657534246575342,2.685,0.014781883166678994,-0.20567804919022192,-5411580.223858182,723.7000122070312,0.007307397746256994,2026-08-12
QQQ260821P00710000,2026-08-12 20:13:11+00:00,710.0,2.89,2.84,2.91,-2.2,-43.222004,3169.0,21155,0.16803810485839848,False,REGULAR,USD,QQQ,put,2026-08-21,0.024657534246575342,2.875,0.015473378136191526,-0.2192052204142314,-171441251.54813266,723.7000122070312,0.007307397746256994,2026-08-12
QQQ260821P00711000,2026-08-12 20:13:45+00:00,711.0,3.09,3.04,3.11,-2.3999999,-43.715847,348.0,398,0.16651224121093755,False,REGULAR,USD,QQQ,put,2026-08-21,0.024657534246575342,3.075,0.01617610414221154,-0.23333390236842744,-3371895.9619321413,723.7000122070312,0.007307397746256994,2026-08-12
QQQ260821P00712000,2026-08-12 20:02:36+00:00,712.0,3.16,3.25,3.33,-2.61,-45.23397,263.0,529,0.1651694812011719,False,REGULAR,USD,QQQ,put,2026-08-21,0.024657534246575342,3.29,0.01687357362481102,-0.24843361889285387,-4674981.566041093,723.7000122070312,0.007307397746256994,2026-08-12
QQQ260821P00713000,2026-08-12 19:59:24+00:00,713.0,3.48,3.48,3.56,-2.52,-42.0,675.0,2630,0.1637046520996094,False,REGULAR,USD,QQQ,put,2026-08-21,0.024657534246575342,3.52,0.017576989247802623,-0.2641257692011151,-24211260.218146496,723.7000122070312,0.007307397746256994,2026-08-12
QQQ260821P00714000,2026-08-12 20:01:05+00:00,714.0,3.6,3.72,3.81,-2.6600003,-42.492016,427.0,852,0.1624229266357422,False,REGULAR,USD,QQQ,put,2026-08-21,0.024657534246575342,3.765,0.018262279619218513,-0.2807887271736047,-8149139.321662488,723.7000122070312,0.007307397746256994,2026-08-12
QQQ260821P00715000,2026-08-12 20:14:10+00:00,715.0,4.07,3.99,4.07,-2.71,-39.9705,2860.0,12304,0.1609580975341797,False,REGULAR,USD,QQQ,put,2026-08-21,0.024657534246575342,4.03,0.018950747125126528,-0.2979944745443832,-122120850.11579819,723.7000122070312,0.007307397746256994,2026-08-12
QQQ260821P00716000,2026-08-12 19:33:55+00:00,716.0,4.24,4.26,4.35,-2.8900003,-40.532963,194.0,810,0.15961533752441404,False,REGULAR,USD,QQQ,put,2026-08-21,0.024657534246575342,4.305,0.019613249695348407,-0.3160890491597633,-8320544.279579393,723.7000122070312,0.007307397746256994,2026-08-12
QQQ260821P00717000,2026-08-12 19:59:23+00:00,717.0,4.59,4.55,4.65,-3.0099998,-39.60526,175.0,3119,0.15833361206054689,False,REGULAR,USD,QQQ,put,2026-08-21,0.024657534246575342,4.6,0.020246938291780984,-0.33498074099110076,-33074393.866269175,723.7000122070312,0.007307397746256994,2026-08-12
QQQ260821P00718000,2026-08-12 20:00:46+00:00,718.0,4.84,4.87,4.96,-3.17,-39.57553,714.0,3066,0.1568687829589844,False,REGULAR,USD,QQQ,put,2026-08-21,0.024657534246575342,4.915,0.020872229224104276,-0.3544368740128421,-33516460.290500417,723.7000122070312,0.007307397746256994,2026-08-12
QQQ260821P00719000,2026-08-12 20:13:01+00:00,719.0,5.33,5.21,5.3,-3.2300005,-37.73365,342.0,1069,0.15567860931396482,False,REGULAR,USD,QQQ,put,2026-08-21,0.024657534246575342,5.255,0.02143070389522474,-0.3748245000004976,-11998620.042990984,723.7000122070312,0.007307397746256994,2026-08-12
QQQ260821P00720000,2026-08-12 20:14:10+00:00,720.0,5.67,5.56,5.65,-3.4799995,-38.032784,13007.0,18370,0.1542748147583008,False,REGULAR,USD,QQQ,put,2026-08-21,0.024657534246575342,5.605,0.021973538930434473,-0.3957310519004482,-211410388.21010107,723.7000122070312,0.007307397746256994,2026-08-12
QQQ260821P00721000,2026-08-12 20:05:16+00:00,721.0,5.42,5.93,6.03,-4.0299997,-42.6455,644.0,693,0.1530846411132813,False,REGULAR,USD,QQQ,put,2026-08-21,0.024657534246575342,5.98,0.022438885608881687,-0.4174025695525372,-8144260.925012193,723.7000122070312,0.007307397746256994,2026-08-12
QQQ260821P00722000,2026-08-12 20:05:31+00:00,722.0,5.85,6.32,6.43,-3.8200002,-39.503624,320.0,922,0.1518639501953125,False,REGULAR,USD,QQQ,put,2026-08-21,0.024657534246575342,6.375,0.0228513170932379,-0.43963073091585614,-11034669.185608728,723.7000122070312,0.007307397746256994,2026-08-12
QQQ260821P00723000,2026-08-12 20:12:35+00:00,723.0,6.89,6.74,6.85,-3.56,-34.066986,471.0,990,0.1506432592773438,False,REGULAR,USD,QQQ,put,2026-08-21,0.024657534246575342,6.795,0.02320013605150743,-0.4623826218042194,-12029370.08501947,723.7000122070312,0.007307397746256994,2026-08-12
QQQ260821P00724000,2026-08-12 20:08:45+00:00,724.0,7.1,7.17,7.29,-4.15,-36.88889,973.0,741,0.14936153381347655,True,REGULAR,USD,QQQ,put,2026-08-21,0.024657534246575342,7.23,0.023488471665224168,-0.4855974752856963,-9115702.165005805,723.7000122070312,0.007307397746256994,2026-08-12
QQQ260821P00725000,2026-08-12 20:14:18+00:00,725.0,7.7,7.64,7.75,-3.8600006,-33.391006,7237.0,6984,0.1480798083496094,True,REGULAR,USD,QQQ,put,2026-08-21,0.024657534246575342,7.695,0.02370088431383682,-0.5092305290704837,-86693381.10048962,723.7000122070312,0.007307397746256994,2026-08-12
QQQ260821P00726000,2026-08-12 20:14:01+00:00,726.0,8.2,8.13,8.24,-4.25,-34.136547,321.0,264,0.14692015197753905,True,REGULAR,USD,QQQ,put,2026-08-21,0.024657534246575342,8.185,0.023811695297125426,-0.5331739011446192,-3292390.980752925,723.7000122070312,0.007307397746256994,2026-08-12
QQQ260821P00727000,2026-08-12 20:05:33+00:00,727.0,8.02,8.61,8.8,-3.58,-30.862068,154.0,66,0.14673704833984375,True,REGULAR,USD,QQQ,put,2026-08-21,0.024657534246575342,8.705,0.023680393115084502,-0.5569027854688469,-818559.0288714124,723.7000122070312,0.007307397746256994,2026-08-12
QQQ260821P00728000,2026-08-12 19:40:29+00:00,728.0,9.29,9.15,9.34,-4.3199997,-31.741365,78.0,225,0.1456689437866211,True,REGULAR,USD,QQQ,put,2026-08-21,0.024657534246575342,9.245000000000001,0.023601225870946832,-0.5809921130846565,-2781212.9266616995,723.7000122070312,0.007307397746256994,2026-08-12
QQQ260821P00729000,2026-08-12 17:17:00+00:00,729.0,9.42,9.7,9.9,-5.25,-35.78732,6.0,165,0.14450928741455077,True,REGULAR,USD,QQQ,put,2026-08-21,0.024657534246575342,9.8,0.023443903325804857,-0.6051683354777199,-2025960.7437747577,723.7000122070312,0.007307397746256994,2026-08-12
QQQ260821P00730000,2026-08-12 20:13:23+00:00,730.0,10.45,10.3,10.49,-4.63,-30.702917,2415.0,6380,0.14350221740722657,True,REGULAR,USD,QQQ,put,2026-08-21,0.024657534246575342,10.395,0.023170015310974228,-0.6291533451991904,-77421959.60059975,723.7000122070312,0.007307397746256994,2026-08-12
QQQ260821P00731000,2026-08-12 20:05:25+00:00,731.0,9.97,10.9,11.09,-5.1399994,-34.017204,326.0,61,0.14222049194335937,True,REGULAR,USD,QQQ,put,2026-08-21,0.024657534246575342,10.995000000000001,0.022839751878507158,-0.6532397575891823,-729689.9697459649,723.7000122070312,0.007307397746256994,2026-08-12
QQQ260821P00732000,2026-08-12 16:47:19+00:00,732.0,11.31,11.53,11.73,-2.87,-20.239775,8.0,48,0.1412744564819336,True,REGULAR,USD,QQQ,put,2026-08-21,0.024657534246575342,11.629999999999999,0.02236995456625325,-0.6767010865247919,-562371.7538397734,723.7000122070312,0.007307397746256994,2026-08-12
QQQ260821P00733000,2026-08-12 20:05:17+00:00,733.0,11.42,12.19,12.39,-5.6000004,-32.90247,14.0,167,0.14026738647460937,True,REGULAR,USD,QQQ,put,2026-08-21,0.024657534246575342,12.29,0.021817927243814712,-0.6998348226380179,-1908302.0649010993,723.7000122070312,0.007307397746256994,2026-08-12
QQQ260821P00734000,2026-08-12 16:32:38+00:00,734.0,13.12,12.69,13.53,-3.2799997,-19.999998,15.0,844,0.15058222473144534,True,REGULAR,USD,QQQ,put,2026-08-21,0.024657534246575342,13.11,0.020105305791271955,-0.7068237996849018,-8887309.186939798,723.7000122070312,0.007307397746256994,2026-08-12
QQQ260821P00735000,2026-08-12 19:59:01+00:00,735.0,13.86,13.46,14.2,-4.9000006,-26.119406,72.0,1643,0.1491173956298828,True,REGULAR,USD,QQQ,put,2026-08-21,0.024657534246575342,13.83,0.019571156761322414,-0.7283564462672643,-16841129.636873864,723.7000122070312,0.007307397746256994,2026-08-12
QQQ260821P00736000,2026-08-10 16:37:34+00:00,736.0,17.36,12.63,16.17,0.0,0.0,7.0,25,0.1798788067626953,True,REGULAR,USD,QQQ,put,2026-08-21,0.024657534246575342,14.400000000000002,0.016798764546473215,-0.7080229139831458,-219955.3407572554,723.7000122070312,0.007307397746256994,2026-08-12
QQQ260821P00737000,2026-08-11 14:20:03+00:00,737.0,18.81,13.39,17.02,0.0,0.0,1.0,11,0.18293053405761717,True,REGULAR,USD,QQQ,put,2026-08-21,0.024657534246575342,15.205,0.01616989949782671,-0.7208186450791644,-93157.35853400998,723.7000122070312,0.007307397746256994,2026-08-12
QQQ260821P00738000,2026-08-07 19:58:08+00:00,738.0,18.35,14.17,17.67,0.0,0.0,2.0,96,0.180672255859375,True,REGULAR,USD,QQQ,put,2026-08-21,0.024657534246575342,15.920000000000002,0.015824700890199835,-0.7391546279332495,-795653.3632872785,723.7000122070312,0.007307397746256994,2026-08-12
QQQ260821P00739000,2026-08-11 17:02:59+00:00,739.0,22.38,14.96,17.33,0.0,0.0,1.0,41,0.15024653472900396,True,REGULAR,USD,QQQ,put,2026-08-21,0.024657534246575342,16.145,0.01651359239039002,-0.7976201546325201,-354603.14020963205,723.7000122070312,0.007307397746256994,2026-08-12
QQQ260821P00740000,2026-08-12 20:10:40+00:00,740.0,17.18,17.31,18.14,-5.4799995,-24.18358,106.0,2634,0.15021601745605473,True,REGULAR,USD,QQQ,put,2026-08-21,0.024657534246575342,17.725,0.01571829563875546,-0.813442422756597,-21683949.316628862,723.7000122070312,0.007307397746256994,2026-08-12
QQQ260821P00741000,2026-08-06 16:46:23+00:00,741.0,27.74,16.71,18.99,0.0,0.0,5.0,133,0.15100946655273442,True,REGULAR,USD,QQQ,put,2026-08-21,0.024657534246575342,17.85,0.014905843804485272,-0.827108304377821,-1038306.0077572544,723.7000122070312,0.007307397746256994,2026-08-12
QQQ260821P00742000,2026-08-07 15:15:34+00:00,742.0,22.99,17.47,19.84,0.0,0.0,1.0,103,0.15143670837402345,True,REGULAR,USD,QQQ,put,2026-08-21,0.024657534246575342,18.655,0.014105611574332438,-0.8405657575709283,-760932.8006458291,723.7000122070312,0.007307397746256994,2026-08-12
QQQ260821P00743000,2026-08-05 14:07:35+00:00,743.0,22.69,18.35,20.72,0.0,0.0,46.0,192,0.15253533020019533,True,REGULAR,USD,QQQ,put,2026-08-21,0.024657534246575342,19.535,0.013322165620630273,-0.8521417672777373,-1339655.764222255,723.7000122070312,0.007307397746256994,2026-08-12
QQQ260821P00744000,2026-08-05 13:53:01+00:00,744.0,23.41,19.23,21.61,0.0,0.0,13.0,57,0.1536339520263672,True,REGULAR,USD,QQQ,put,2026-08-21,0.024657534246575342,20.42,0.01256351511602906,-0.8629711094237982,-375062.10108768946,723.7000122070312,0.007307397746256994,2026-08-12
QQQ260821P00745000,2026-08-12 20:13:18+00:00,745.0,21.9,21.49,22.51,-1.5,-6.4102564,36.0,224,0.15479360839843753,True,REGULAR,USD,QQQ,put,2026-08-21,0.024657534246575342,22.0,0.011833067149101994,-0.8729921370893641,-1388233.4582202688,723.7000122070312,0.007307397746256994,2026-08-12
QQQ260821P00746000,2026-08-10 18:02:40+00:00,746.0,26.25,21.05,24.69,0.0,0.0,2.0,67,0.20075262145996092,True,REGULAR,USD,QQQ,put,2026-08-21,0.024657534246575342,22.87,0.011498600049464954,-0.8200819961559151,-403493.8605221265,723.7000122070312,0.007307397746256994,2026-08-12
QQQ260821P00747000,2026-08-05 13:57:51+00:00,747.0,25.12,21.79,25.63,0.0,0.0,35.0,33,0.20429262512207028,True,REGULAR,USD,QQQ,put,2026-08-21,0.024657534246575342,23.71,0.011036640724646295,-0.8266521554834317,-190751.51898163315,723.7000122070312,0.007307397746256994,2026-08-12
QQQ260821P00748000,2026-08-07 15:57:35+00:00,748.0,27.76,22.73,26.57,0.0,0.0,3.0,20,0.20777159423828123,True,REGULAR,USD,QQQ,put,2026-08-21,0.024657534246575342,24.65,0.010599225284996712,-0.8329087813362457,-111025.12701453734,723.7000122070312,0.007307397746256994,2026-08-12
QQQ260821P00749000,2026-08-12 14:56:26+00:00,749.0,25.17,23.68,27.52,-9.49,-27.380266,4.0,12,0.21143366699218746,True,REGULAR,USD,QQQ,put,2026-08-21,0.024657534246575342,25.6,0.010184720929915101,-0.838587019643739,-64009.95758352494,723.7000122070312,0.007307397746256994,2026-08-12
QQQ260821P00750000,2026-08-12 17:33:15+00:00,750.0,25.71,24.6,27.0,-8.290001,-24.382357,9.0,261,0.15479360839843753,True,REGULAR,USD,QQQ,put,2026-08-21,0.024657534246575342,25.8,0.008323957602763781,-0.9215887722505373,-1137856.5838215796,723.7000122070312,0.007307397746256994,2026-08-12
QQQ260821P00755000,2026-08-06 16:14:49+00:00,755.0,40.12,29.56,32.12,0.0,0.0,8.0,3,0.1828694995117187,True,REGULAR,USD,QQQ,put,2026-08-21,0.024657534246575342,30.839999999999996,0.006947086815588234,-0.923035283221082,-10915.437336351615,723.7000122070312,0.007307397746256994,2026-08-12
QQQ260821P00760000,2026-08-12 15:34:04+00:00,760.0,36.79,34.51,38.2,-5.049999,-12.069788,16.0,27,0.25476819458007816,True,REGULAR,USD,QQQ,put,2026-08-21,0.024657534246575342,36.355000000000004,0.006879168247469673,-0.8807433295790564,-97278.49778224665,723.7000122070312,0.007307397746256994,2026-08-12
QQQ260821P00765000,2026-08-06 13:30:59+00:00,765.0,54.05,39.5,43.25,0.0,0.0,1.0,1,0.2802806347656249,True,REGULAR,USD,QQQ,put,2026-08-21,0.024657534246575342,41.375,0.005975677028200465,-0.8881194169690598,-3129.7112912248826,723.7000122070312,0.007307397746256994,2026-08-12
QQQ260821P00770000,2026-08-10 16:26:28+00:00,770.0,46.94,44.5,48.21,0.0,0.0,1.0,0,0.3013985876464844,True,REGULAR,USD,QQQ,put,2026-08-21,0.024657534246575342,46.355000000000004,0.005227735682393978,-0.8972069165217498,-0.0,723.7000122070312,0.007307397746256994,2026-08-12
QQQ260821P00775000,2026-08-06 19:39:22+00:00,775.0,59.95,49.5,53.23,0.0,0.0,1.0,0,0.32459171508789053,True,REGULAR,USD,QQQ,put,2026-08-21,0.024657534246575342,51.364999999999995,0.004652889664490064,-0.9029982245363565,-0.0,723.7000122070312,0.007307397746256994,2026-08-12
QQQ260821P00780000,2026-08-04 19:50:00+00:00,780.0,56.0,54.5,58.21,0.0,0.0,3.0,0,0.34534346069335936,True,REGULAR,USD,QQQ,put,2026-08-21,0.024657534246575342,56.355000000000004,0.004163124863061879,-0.9092593665801163,-0.0,723.7000122070312,0.007307397746256994,2026-08-12
QQQ260821P00785000,2026-07-24 19:49:27+00:00,785.0,101.43,59.5,63.3,0.0,0.0,2.0,0,0.37103900451660154,True,REGULAR,USD,QQQ,put,2026-08-21,0.024657534246575342,61.4,0.00380653596712621,-0.9114034119391421,-0.0,723.7000122070312,0.007307397746256994,2026-08-12
QQQ260821P00790000,2026-07-20 19:41:58+00:00,790.0,91.84,64.5,68.21,0.0,0.0,1502.0,0,0.3874572973632812,True,REGULAR,USD,QQQ,put,2026-08-21,0.024657534246575342,66.35499999999999,0.0034286593460949783,-0.9183561961206587,-0.0,723.7000122070312,0.007307397746256994,2026-08-12
QQQ260821P00795000,2026-07-30 19:50:28+00:00,795.0,111.41,69.5,73.3,0.0,0.0,2.0,0,0.41260353027343744,True,REGULAR,USD,QQQ,put,2026-08-21,0.024657534246575342,71.4,0.0031812690760693522,-0.9196447628707435,-0.0,723.7000122070312,0.007307397746256994,2026-08-12
QQQ260821P00800000,2026-08-12 19:46:23+00:00,800.0,76.42,74.5,78.3,-5.8199997,-7.0768485,2.0,2,0.43286699951171875,True,REGULAR,USD,QQQ,put,2026-08-21,0.024657534246575342,76.4,0.002933344329050439,-0.923088066647456,-3072.6295361529233,723.7000122070312,0.007307397746256994,2026-08-12
QQQ260821P00805000,2026-08-12 19:46:23+00:00,805.0,81.44,79.5,83.23,-1.7599945,-2.1153781,2.0,0,0.44885805053710937,True,REGULAR,USD,QQQ,put,2026-08-21,0.024657534246575342,81.36500000000001,0.002688971394886018,-0.9280303543330108,-0.0,723.7000122070312,0.007307397746256994,2026-08-12
QQQ260821P00810000,2026-07-01 19:57:49+00:00,810.0,85.09,84.5,88.3,0.0,0.0,2.0,0,0.4722953161621094,True,REGULAR,USD,QQQ,put,2026-08-21,0.024657534246575342,86.4,0.002528025416920577,-0.9290381645572137,-0.0,723.7000122070312,0.007307397746256994,2026-08-12
QQQ260821P00815000,2026-06-30 14:27:50+00:00,815.0,82.66,89.5,93.23,0.0,0.0,1.0,0,0.48743188354492195,True,REGULAR,USD,QQQ,put,2026-08-21,0.024657534246575342,91.36500000000001,0.002334278909454075,-0.9333374995045033,-0.0,723.7000122070312,0.007307397746256994,2026-08-12
QQQ260821P00820000,2026-07-16 19:47:00+00:00,820.0,118.44,94.5,98.3,0.0,0.0,2.0,0,0.5105029418945313,True,REGULAR,USD,QQQ,put,2026-08-21,0.024657534246575342,96.4,0.0022123698523544267,-0.9339709115012095,-0.0,723.7000122070312,0.007307397746256994,2026-08-12
QQQ260821P00825000,2026-07-17 19:29:33+00:00,825.0,128.52,99.5,103.21,0.0,0.0,5.0,0,0.5236864038085938,True,REGULAR,USD,QQQ,put,2026-08-21,0.024657534246575342,101.35499999999999,0.002047941409051605,-0.9382200858056097,-0.0,723.7000122070312,0.007307397746256994,2026-08-12
QQQ260821P00830000,2026-06-22 19:37:59+00:00,830.0,94.09,134.04,137.14,0.0,0.0,14.0,0,1.3690217095947266,True,REGULAR,USD,QQQ,put,2026-08-21,0.024657534246575342,135.58999999999997,0.002233648781954474,-0.7003611256086542,-0.0,723.7000122070312,0.007307397746256994,2026-08-12
QQQ260821P00835000,2026-06-22 19:24:34+00:00,835.0,99.26,140.15,142.14,0.0,0.0,0.0,0,1.4098845423889161,True,REGULAR,USD,QQQ,put,2026-08-21,0.024657534246575342,141.14499999999998,0.002162531540710513,-0.7022960352589882,-0.0,723.7000122070312,0.007307397746256994,2026-08-12
QQQ260821P00840000,2026-06-22 19:24:34+00:00,840.0,104.21,143.87,147.14,0.0,0.0,0.0,0,1.4219694429016114,True,REGULAR,USD,QQQ,put,2026-08-21,0.024657534246575342,145.505,0.0021206858728439358,-0.7093033393756553,-0.0,723.7000122070312,0.007307397746256994,2026-08-12
QQQ260821P00845000,2026-06-22 19:24:34+00:00,845.0,109.12,150.0,152.14,0.0,0.0,0.0,0,1.4623745143127442,True,REGULAR,USD,QQQ,put,2026-08-21,0.024657534246575342,151.07,0.002057128312006035,-0.7107935282844409,-0.0,723.7000122070312,0.007307397746256994,2026-08-12
QQQ260821P00850000,2026-08-11 18:41:35+00:00,850.0,133.61,124.5,128.23,0.0,0.0,10.0,0,0.6143837390136719,True,REGULAR,USD,QQQ,put,2026-08-21,0.024657534246575342,126.365,0.0015661463521824699,-0.9461818525100961,-0.0,723.7000122070312,0.007307397746256994,2026-08-12
QQQ260821P00900000,2026-07-09 14:48:22+00:00,900.0,180.5,174.5,178.23,0.0,0.0,2.0,0,0.778200460205078,True,REGULAR,USD,QQQ,put,2026-08-21,0.024657534246575342,176.365,0.0010366665854165838,-0.9568233476336002,-0.0,723.7000122070312,0.007307397746256994,2026-08-12
QQQ260821P00915000,2026-07-10 14:32:56+00:00,915.0,194.44,189.5,193.22,0.0,0.0,0.0,0,0.51562984375,True,REGULAR,USD,QQQ,put,2026-08-21,0.024657534246575342,191.36,0.00011926778484390317,-0.9977733282668549,-0.0,723.7000122070312,0.007307397746256994,2026-08-12
QQQ260821P00925000,2026-06-26 13:37:04+00:00,925.0,218.74,199.5,203.26,0.0,0.0,50.0,0,0.551762294921875,True,REGULAR,USD,QQQ,put,2026-08-21,0.024657534246575342,201.38,0.0001342843845428866,-0.9972639586945886,-0.0,723.7000122070312,0.007307397746256994,2026-08-12
QQQ260821P00950000,2026-06-18 20:05:37+00:00,950.0,210.71,253.95,257.14,0.0,0.0,4.0,0,1.9414065429687501,True,REGULAR,USD,QQQ,put,2026-08-21,0.024657534246575342,255.545,0.0013783548956669274,-0.7693927173766016,-0.0,723.7000122070312,0.007307397746256994,2026-08-12
QQQ260828C00360000,2026-07-23 13:30:07+00:00,360.0,336.17,362.46,366.16,0.0,0.0,10.0,10,1.4213896118164064,True,REGULAR,USD,QQQ,call,2026-08-28,0.043835616438356165,364.31,8.11692978344748e-05,0.9938090770938149,425.11746658077436,723.7000122070312,0.007307397746256994,2026-08-12
QQQ260828C00380000,2026-07-23 13:30:08+00:00,380.0,316.11,342.51,346.2,0.0,0.0,10.0,10,1.3330111474609372,True,REGULAR,USD,QQQ,call,2026-08-28,0.043835616438356165,344.355,9.72447875837608e-05,0.9929371081916765,509.31151110975264,723.7000122070312,0.007307397746256994,2026-08-12
QQQ260828C00405000,2026-08-06 19:55:24+00:00,405.0,311.11,317.51,321.24,0.0,0.0,1.0,0,1.2177773486328123,True,REGULAR,USD,QQQ,call,2026-08-28,0.043835616438356165,319.375,0.0001181699237467876,0.9920477275918094,0.0,723.7000122070312,0.007307397746256994,2026-08-12
QQQ260828C00440000,2026-07-15 20:04:27+00:00,440.0,278.92,282.62,286.31,0.0,0.0,12.0,12,1.0791061669921875,True,REGULAR,USD,QQQ,call,2026-08-28,0.043835616438356165,284.46500000000003,0.00016421200617708855,0.9899149725972493,1032.056118418219,723.7000122070312,0.007307397746256994,2026-08-12
QQQ260828C00455000,2026-07-23 13:30:08+00:00,455.0,241.37,267.71,271.34,0.0,0.0,10.0,10,1.0251513586425784,True,REGULAR,USD,QQQ,call,2026-08-28,0.043835616438356165,269.525,0.00019193111710814607,0.9886266445313696,1005.2233102893507,723.7000122070312,0.007307397746256994,2026-08-12
QQQ260828C00460000,2026-07-27 19:44:31+00:00,460.0,224.08,262.67,266.35,0.0,0.0,1.0,1,1.0009815576171874,True,REGULAR,USD,QQQ,call,2026-08-28,0.043835616438356165,264.51,0.00019758553343894667,0.9885586869154545,103.48378469389698,723.7000122070312,0.007307397746256994,2026-08-12
QQQ260828C00475000,2026-07-17 19:23:23+00:00,475.0,222.74,247.77,251.38,0.0,0.0,1.0,1,0.9489751196289062,True,REGULAR,USD,QQQ,call,2026-08-28,0.043835616438356165,249.575,0.0002321940251531065,0.9870396242930076,121.60969524410072,723.7000122070312,0.007307397746256994,2026-08-12
QQQ260828C00485000,2026-07-27 19:44:31+00:00,485.0,199.29,237.6,241.4,0.0,0.0,1.0,1,0.8952647192382811,True,REGULAR,USD,QQQ,call,2026-08-28,0.043835616438356165,239.5,0.00024020769534386892,0.9873990736131176,125.80678855450243,723.7000122070312,0.007307397746256994,2026-08-12
QQQ260828C00490000,2026-07-15 16:46:49+00:00,490.0,226.21,232.74,236.41,0.0,0.0,1.0,1,0.8872081591796874,True,REGULAR,USD,QQQ,call,2026-08-28,0.043835616438356165,234.575,0.00026289667352553226,0.9861571078734069,137.68995273261913,723.7000122070312,0.007307397746256994,2026-08-12
QQQ260828C00500000,2026-08-05 14:26:13+00:00,500.0,226.45,222.76,226.43,0.0,0.0,8.0,9,0.84961087890625,True,REGULAR,USD,QQQ,call,2026-08-28,0.043835616438356165,224.595,0.00028946235828297993,0.9852791773713532,1364.4315884958,723.7000122070312,0.007307397746256994,2026-08-12
QQQ260828C00525000,2026-07-27 14:27:50+00:00,525.0,158.93,197.69,201.49,0.0,0.0,1.0,1,0.7504907763671875,True,REGULAR,USD,QQQ,call,2026-08-28,0.043835616438356165,199.59,0.00036109235576789543,0.9835164518426485,189.11912703590363,723.7000122070312,0.007307397746256994,2026-08-12
QQQ260828C00530000,2026-08-03 14:58:39+00:00,530.0,169.05,192.88,196.5,0.0,0.0,1.0,11,0.7438990454101562,True,REGULAR,USD,QQQ,call,2026-08-28,0.043835616438356165,194.69,0.0003991978420358722,0.9816522064960688,2299.842154339738,723.7000122070312,0.007307397746256994,2026-08-12
QQQ260828C00535000,2026-07-23 13:30:03+00:00,535.0,164.8,187.85,191.51,0.0,0.0,10.0,10,0.7233914379882812,True,REGULAR,USD,QQQ,call,2026-08-28,0.043835616438356165,189.68,0.0004166609506567403,0.9813291896796708,2182.227178157239,723.7000122070312,0.007307397746256994,2026-08-12
QQQ260828C00540000,2026-07-24 18:42:30+00:00,540.0,147.24,182.83,186.53,0.0,0.0,10.0,10,0.7041045214843751,True,REGULAR,USD,QQQ,call,2026-08-28,0.043835616438356165,184.68,0.0004372076214976105,0.980860023869502,2289.8386628882295,723.7000122070312,0.007307397746256994,2026-08-12
QQQ260828C00545000,2026-08-12 19:47:59+00:00,545.0,179.56,177.88,181.54,40.300003,28.938679,2.0,20,0.688601746826172,True,REGULAR,USD,QQQ,call,2026-08-28,0.043835616438356165,179.70999999999998,0.0004664124235656287,0.9798800730320186,4885.592783920923,723.7000122070312,0.007307397746256994,2026-08-12
QQQ260828C00550000,2026-08-04 15:28:51+00:00,550.0,169.73,172.96,176.55,0.0,0.0,0.0,1,0.6745638012695314,True,REGULAR,USD,QQQ,call,2026-08-28,0.043835616438356165,174.755,0.0005009586553445412,0.9786347175036838,262.3729416214441,723.7000122070312,0.007307397746256994,2026-08-12
QQQ260828C00555000,2026-08-05 14:04:13+00:00,555.0,172.55,167.91,171.57,0.0,0.0,0.0,2,0.6539341247558594,True,REGULAR,USD,QQQ,call,2026-08-28,0.043835616438356165,169.74,0.0005236675448648089,0.9782965183906621,548.5330683960868,723.7000122070312,0.007307397746256994,2026-08-12
QQQ260828C00560000,2026-07-23 13:30:03+00:00,560.0,140.4,162.93,166.58,0.0,0.0,20.0,20,0.6367223828125,True,REGULAR,USD,QQQ,call,2026-08-28,0.043835616438356165,164.755,0.000555784865132558,0.977435058647065,5821.75428721618,723.7000122070312,0.007307397746256994,2026-08-12
QQQ260828C00570000,2026-08-10 13:43:44+00:00,570.0,152.57,152.96,156.62,0.0,0.0,1.0,30,0.6025430371093752,True,REGULAR,USD,QQQ,call,2026-08-28,0.043835616438356165,154.79000000000002,0.0006283666896573792,0.9755479703166557,9873.055292493937,723.7000122070312,0.007307397746256994,2026-08-12
QQQ260828C00575000,2026-08-10 13:39:02+00:00,575.0,147.77,147.97,151.64,0.0,0.0,2.0,2,0.5854533642578125,True,REGULAR,USD,QQQ,call,2026-08-28,0.043835616438356165,149.805,0.0006691438522318121,0.9745329372601255,700.9170876874782,723.7000122070312,0.007307397746256994,2026-08-12
QQQ260828C00580000,2026-08-03 16:03:46+00:00,580.0,119.74,142.91,146.66,0.0,0.0,1.0,19,0.5649457568359376,True,REGULAR,USD,QQQ,call,2026-08-28,0.043835616438356165,144.785,0.0007025614374762519,0.9741319823647241,6991.253813110545,723.7000122070312,0.007307397746256994,2026-08-12
QQQ260828C00585000,2026-08-05 17:31:46+00:00,585.0,137.5,137.94,141.68,0.0,0.0,8.0,12,0.5487105676269532,True,REGULAR,USD,QQQ,call,2026-08-28,0.043835616438356165,139.81,0.0007527771963410053,0.9728674998033282,4731.129771666138,723.7000122070312,0.007307397746256994,2026-08-12
QQQ260828C00590000,2026-07-23 13:30:03+00:00,590.0,111.02,132.99,136.7,0.0,0.0,10.0,16,0.53320779296875,True,REGULAR,USD,QQQ,call,2026-08-28,0.043835616438356165,134.845,0.0008103877435551897,0.9713586426431884,6790.941770930925,723.7000122070312,0.007307397746256994,2026-08-12
QQQ260828C00595000,2026-08-04 16:16:19+00:00,595.0,126.05,128.07,131.73,0.0,0.0,1.0,2,0.5194139855957032,True,REGULAR,USD,QQQ,call,2026-08-28,0.043835616438356165,129.89999999999998,0.0008804012994585833,0.9693350559417031,922.2057600239343,723.7000122070312,0.007307397746256994,2026-08-12
QQQ260828C00600000,2026-08-12 18:10:34+00:00,600.0,126.11,123.15,126.75,38.61,44.125713,4.0,6,0.5048877636718749,True,REGULAR,USD,QQQ,call,2026-08-28,0.043835616438356165,124.95,0.0009548042596409671,0.9673132116299785,3000.4248806008623,723.7000122070312,0.007307397746256994,2026-08-12
QQQ260828C00605000,2026-08-05 17:22:33+00:00,605.0,117.97,118.1,121.78,0.0,0.0,13.0,29,0.5918619915771486,True,REGULAR,USD,QQQ,call,2026-08-28,0.043835616438356165,119.94,0.001397409032987932,0.9359719181923012,21224.560404204378,723.7000122070312,0.007307397746256994,2026-08-12
QQQ260828C00610000,2026-08-12 14:25:58+00:00,610.0,116.4,113.13,116.81,3.5299988,3.1274908,6.0,16,0.5720257641601563,True,REGULAR,USD,QQQ,call,2026-08-28,0.043835616438356165,114.97,0.0014906445510181603,0.9334045500876008,12491.403562830912,723.7000122070312,0.007307397746256994,2026-08-12
QQQ260828C00615000,2026-08-11 19:41:22+00:00,615.0,105.09,108.23,111.85,0.0,0.0,19.0,26,0.5526167785644531,True,REGULAR,USD,QQQ,call,2026-08-28,0.043835616438356165,110.03999999999999,0.001594320280309049,0.9305216296083685,21710.312680667383,723.7000122070312,0.007307397746256994,2026-08-12
QQQ260828C00620000,2026-08-05 18:38:14+00:00,620.0,102.74,103.21,106.88,0.0,0.0,1.0,15,0.5326584820556641,True,REGULAR,USD,QQQ,call,2026-08-28,0.043835616438356165,105.04499999999999,0.0017069322115162108,0.9276165052451147,13409.873870006944,723.7000122070312,0.007307397746256994,2026-08-12
QQQ260828C00625000,2026-08-12 14:37:46+00:00,625.0,101.26,98.25,101.92,46.260002,84.10909,1.0,4,0.5131274273681641,True,REGULAR,USD,QQQ,call,2026-08-28,0.043835616438356165,100.08500000000001,0.0018329751926777524,0.9243338328004362,3840.0222301078616,723.7000122070312,0.007307397746256994,2026-08-12
QQQ260828C00630000,2026-08-12 19:09:51+00:00,630.0,95.48,93.28,96.96,2.4800034,2.6666703,3.0,83,0.49347430358886724,True,REGULAR,USD,QQQ,call,2026-08-28,0.043835616438356165,95.12,0.001972672080695687,0.920828471238015,85753.16346971615,723.7000122070312,0.007307397746256994,2026-08-12
QQQ260828C00635000,2026-08-11 19:02:10+00:00,635.0,83.88,88.33,92.01,0.0,0.0,1.0,39,0.47412635253906255,True,REGULAR,USD,QQQ,call,2026-08-28,0.043835616438356165,90.17,0.002129752693278591,0.9168917193903707,43502.172187079785,723.7000122070312,0.007307397746256994,2026-08-12
QQQ260828C00640000,2026-08-07 17:11:59+00:00,640.0,83.25,83.35,87.07,0.0,0.0,13.0,33,0.45508357421875,True,REGULAR,USD,QQQ,call,2026-08-28,0.043835616438356165,85.21,0.0023070929791319363,0.9124518259870606,39874.58694913547,723.7000122070312,0.007307397746256994,2026-08-12
QQQ260828C00645000,2026-08-12 15:47:59+00:00,645.0,80.02,78.48,82.14,1.0899963,1.3809658,10.0,30,0.4361628649902344,True,REGULAR,USD,QQQ,call,2026-08-28,0.043835616438356165,80.31,0.002507461930078117,0.907508252291322,39397.87179518276,723.7000122070312,0.007307397746256994,2026-08-12
QQQ260828C00650000,2026-08-12 18:55:57+00:00,650.0,76.91,73.54,77.23,7.9100037,11.463774,12.0,114,0.4177304321289062,True,REGULAR,USD,QQQ,call,2026-08-28,0.043835616438356165,75.385,0.00273631821808511,0.9017902964009725,163376.13329411944,723.7000122070312,0.007307397746256994,2026-08-12
QQQ260828C00651000,2026-08-11 19:23:15+00:00,651.0,68.67,72.56,76.24,0.0,0.0,1.0,2,0.41370215209960937,True,REGULAR,USD,QQQ,call,2026-08-28,0.043835616438356165,74.4,0.002784471403532846,0.9007441393673388,2916.6876156805574,723.7000122070312,0.007307397746256994,2026-08-12
QQQ260828C00652000,2026-07-30 17:06:04+00:00,652.0,41.34,71.58,75.26,0.0,0.0,0.0,13,0.4100400793457031,True,REGULAR,USD,QQQ,call,2026-08-28,0.043835616438356165,73.42,0.002835270843533324,0.8994876413944936,19304.344712831495,723.7000122070312,0.007307397746256994,2026-08-12
QQQ260828C00653000,2026-07-31 14:10:49+00:00,653.0,39.77,70.6,74.28,0.0,0.0,8.0,13,0.4063780065917969,True,REGULAR,USD,QQQ,call,2026-08-28,0.043835616438356165,72.44,0.002887426340493809,0.8982027615692381,19659.45283038245,723.7000122070312,0.007307397746256994,2026-08-12
QQQ260828C00654000,2026-07-31 14:17:51+00:00,654.0,38.75,69.67,73.3,0.0,0.0,5.0,11,0.40265489929199216,True,REGULAR,USD,QQQ,call,2026-08-28,0.043835616438356165,71.485,0.002940767553945269,0.8969206014979593,16942.228826152157,723.7000122070312,0.007307397746256994,2026-08-12
QQQ260828C00655000,2026-08-07 13:35:22+00:00,655.0,69.67,68.71,72.32,0.0,0.0,6.0,54,0.398992826538086,True,REGULAR,USD,QQQ,call,2026-08-28,0.043835616438356165,70.51499999999999,0.0029957851443503914,0.8955763716757249,84726.95187473296,723.7000122070312,0.007307397746256994,2026-08-12
QQQ260828C00656000,2026-08-04 19:57:20+00:00,656.0,71.66,68.13,71.35,0.0,0.0,9.0,9,0.3955748919677735,True,REGULAR,USD,QQQ,call,2026-08-28,0.043835616438356165,69.74,0.0030531714329356564,0.8940689987076852,14391.658980812443,723.7000122070312,0.007307397746256994,2026-08-12
QQQ260828C00657000,2026-07-31 14:17:00+00:00,657.0,36.45,66.68,70.37,0.0,0.0,4.0,9,0.3918517846679687,True,REGULAR,USD,QQQ,call,2026-08-28,0.043835616438356165,68.525,0.003111040920382029,0.8926923391692163,14664.436958405995,723.7000122070312,0.007307397746256994,2026-08-12
QQQ260828C00658000,2026-07-31 14:18:02+00:00,658.0,36.09,65.76,69.39,0.0,0.0,8.0,10,0.3880676428222656,True,REGULAR,USD,QQQ,call,2026-08-28,0.043835616438356165,67.575,0.0031703267074293254,0.8913165377211169,16604.32323615952,723.7000122070312,0.007307397746256994,2026-08-12
QQQ260828C00659000,2026-08-03 14:27:27+00:00,659.0,42.85,64.73,68.42,0.0,0.0,2.0,7,0.3846497082519531,True,REGULAR,USD,QQQ,call,2026-08-28,0.043835616438356165,66.575,0.0032325469053322738,0.8897021575004844,11851.13745421978,723.7000122070312,0.007307397746256994,2026-08-12
QQQ260828C00660000,2026-08-06 18:56:35+00:00,660.0,59.42,63.79,67.44,0.0,0.0,4.0,21,0.38086556640624997,True,REGULAR,USD,QQQ,call,2026-08-28,0.043835616438356165,65.615,0.0032952672675230017,0.8882558886310331,36243.247024245815,723.7000122070312,0.007307397746256994,2026-08-12
QQQ260828C00661000,2026-07-30 13:43:15+00:00,661.0,30.34,62.79,66.47,0.0,0.0,4.0,15,0.377386597290039,True,REGULAR,USD,QQQ,call,2026-08-28,0.043835616438356165,64.63,0.0033608088537128347,0.8865981787444297,26402.936522862452,723.7000122070312,0.007307397746256994,2026-08-12
QQQ260828C00662000,2026-08-03 17:55:41+00:00,662.0,45.27,61.84,65.5,0.0,0.0,2.0,49,0.37390762817382805,True,REGULAR,USD,QQQ,call,2026-08-28,0.043835616438356165,63.67,0.0034282031907491494,0.8848986601371552,87979.15667451324,723.7000122070312,0.007307397746256994,2026-08-12
QQQ260828C00663000,2026-08-04 13:33:31+00:00,663.0,53.0,60.89,64.53,0.0,0.0,1.0,14,0.37036762451171873,True,REGULAR,USD,QQQ,call,2026-08-28,0.043835616438356165,62.71,0.0034973303632425904,0.8831918069364784,25643.76887415588,723.7000122070312,0.007307397746256994,2026-08-12
QQQ260828C00664000,2026-08-06 14:18:20+00:00,664.0,58.43,59.88,63.56,0.0,0.0,1.0,11,0.3668276208496094,True,REGULAR,USD,QQQ,call,2026-08-28,0.043835616438356165,61.72,0.0035684613938442794,0.8814409175632425,20558.472705770622,723.7000122070312,0.007307397746256994,2026-08-12
QQQ260828C00665000,2026-08-07 16:23:57+00:00,665.0,60.04,58.92,62.59,0.0,0.0,2.0,126,0.36322658264160157,True,REGULAR,USD,QQQ,call,2026-08-28,0.043835616438356165,60.755,0.0036414962810062375,0.8796812743865103,240307.6385660004,723.7000122070312,0.007307397746256994,2026-08-12
QQQ260828C00666000,2026-08-04 16:24:30+00:00,666.0,58.55,57.94,61.62,0.0,0.0,1.0,22,0.3596865789794922,True,REGULAR,USD,QQQ,call,2026-08-28,0.043835616438356165,59.78,0.0037168730858672186,0.8778376980594503,42826.99205793856,723.7000122070312,0.007307397746256994,2026-08-12
QQQ260828C00667000,2026-07-31 14:25:08+00:00,667.0,30.7,57.01,60.66,0.0,0.0,6.0,81,0.35632967895507806,True,REGULAR,USD,QQQ,call,2026-08-28,0.043835616438356165,58.834999999999994,0.0037949744215208065,0.8758311228309061,160994.49711091924,723.7000122070312,0.007307397746256994,2026-08-12
QQQ260828C00668000,2026-08-03 17:53:27+00:00,668.0,40.0,56.02,59.69,0.0,0.0,1.0,126,0.35272864074707033,True,REGULAR,USD,QQQ,call,2026-08-28,0.043835616438356165,57.855000000000004,0.003874745457406916,0.8739239749667486,255700.09113300484,723.7000122070312,0.007307397746256994,2026-08-12
QQQ260828C00669000,2026-08-11 14:08:57+00:00,669.0,55.55,55.06,58.73,0.0,0.0,1.0,81,0.3493717407226562,True,REGULAR,USD,QQQ,call,2026-08-28,0.043835616438356165,56.894999999999996,0.003957521988187434,0.8718090733374741,167890.2652625291,723.7000122070312,0.007307397746256994,2026-08-12
QQQ260828C00670000,2026-08-11 17:36:09+00:00,670.0,51.19,54.14,56.62,0.0,0.0,5.0,270,0.3112861840820312,True,REGULAR,USD,QQQ,call,2026-08-28,0.043835616438356165,55.379999999999995,0.003908963340536763,0.8929681950709333,552767.5265002528,723.7000122070312,0.007307397746256994,2026-08-12
QQQ260828C00671000,2026-08-04 17:43:59+00:00,671.0,56.99,53.18,55.65,0.0,0.0,6.0,46,0.3079292840576171,True,REGULAR,USD,QQQ,call,2026-08-28,0.043835616438356165,54.415,0.004002235584737472,0.8910579135991232,96422.334183526,723.7000122070312,0.007307397746256994,2026-08-12
QQQ260828C00672000,2026-08-07 13:38:39+00:00,672.0,57.06,53.56,54.7,3.9099998,7.356538,1.0,68,0.30524376403808595,True,REGULAR,USD,QQQ,call,2026-08-28,0.043835616438356165,54.13,0.004102424868383695,0.8886059169963467,146105.5484181199,723.7000122070312,0.007307397746256994,2026-08-12
QQQ260828C00673000,2026-08-04 13:30:00+00:00,673.0,41.98,51.26,53.73,0.0,0.0,1.0,53,0.3018258294677735,True,REGULAR,USD,QQQ,call,2026-08-28,0.043835616438356165,52.495,0.00420182024397612,0.886611509339895,116635.43102448518,723.7000122070312,0.007307397746256994,2026-08-12
QQQ260828C00674000,2026-08-04 17:10:02+00:00,674.0,53.04,50.32,52.47,0.0,0.0,7.0,314,0.2893747821044921,True,REGULAR,USD,QQQ,call,2026-08-28,0.043835616438356165,51.394999999999996,0.004251686181697662,0.8913129079944611,699210.6097196328,723.7000122070312,0.007307397746256994,2026-08-12
QQQ260828C00675000,2026-08-12 17:28:02+00:00,675.0,51.95,49.37,51.84,5.8899994,12.787666,6.0,486,0.29651582397460935,True,REGULAR,USD,QQQ,call,2026-08-28,0.043835616438356165,50.605000000000004,0.0044187718612533075,0.8812837874545727,1124747.428519325,723.7000122070312,0.007307397746256994,2026-08-12
QQQ260828C00676000,2026-08-12 19:21:01+00:00,676.0,51.99,48.43,50.89,3.5300026,7.2843633,4.0,64,0.2936472003173828,True,REGULAR,USD,QQQ,call,2026-08-28,0.043835616438356165,49.66,0.004531360406624403,0.8786546417541418,151888.79599530876,723.7000122070312,0.007307397746256994,2026-08-12
QQQ260828C00677000,2026-08-12 19:21:01+00:00,677.0,50.91,48.81,49.93,4.5,9.696186,1.0,121,0.29041236938476556,True,REGULAR,USD,QQQ,call,2026-08-28,0.043835616438356165,49.370000000000005,0.004646072993223408,0.8762225896288418,294434.4066141985,723.7000122070312,0.007307397746256994,2026-08-12
QQQ260828C00678000,2026-08-04 13:41:48+00:00,678.0,42.08,46.54,48.98,0.0,0.0,1.0,121,0.28742167663574214,True,REGULAR,USD,QQQ,call,2026-08-28,0.043835616438356165,47.76,0.0047657971218717085,0.8735187798192312,302021.6534842713,723.7000122070312,0.007307397746256994,2026-08-12
QQQ260828C00679000,2026-08-05 15:50:55+00:00,679.0,48.7,45.61,48.05,0.0,0.0,1.0,92,0.2849802947998046,True,REGULAR,USD,QQQ,call,2026-08-28,0.043835616438356165,46.83,0.0048915323205498485,0.8702898086653494,235694.75314258106,723.7000122070312,0.007307397746256994,2026-08-12
QQQ260828C00680000,2026-08-12 19:38:55+00:00,680.0,46.72,44.63,47.11,5.5300026,13.425595,3.0,277,0.2821727056884765,True,REGULAR,USD,QQQ,call,2026-08-28,0.043835616438356165,45.870000000000005,0.005019894615206521,0.8672492711008679,728268.5053292558,723.7000122070312,0.007307397746256994,2026-08-12
QQQ260828C00681000,2026-08-11 17:24:26+00:00,681.0,39.77,43.68,46.17,0.0,0.0,2.0,60,0.27936511657714835,True,REGULAR,USD,QQQ,call,2026-08-28,0.043835616438356165,44.925,0.005152467302488426,0.8641067599780213,161913.7214226706,723.7000122070312,0.007307397746256994,2026-08-12
QQQ260828C00682000,2026-08-11 17:27:18+00:00,682.0,39.65,42.76,45.24,0.0,0.0,2.0,69,0.27674063110351554,True,REGULAR,USD,QQQ,call,2026-08-28,0.043835616438356165,44.0,0.005289794948245191,0.8607073501857945,191163.55051928412,723.7000122070312,0.007307397746256994,2026-08-12
QQQ260828C00683000,2026-08-12 13:49:22+00:00,683.0,46.2,41.82,44.31,4.4000015,10.5263195,1.0,76,0.2740551110839844,True,REGULAR,USD,QQQ,call,2026-08-28,0.043835616438356165,43.065,0.005431346945314894,0.8572441789851597,216191.34223001014,723.7000122070312,0.007307397746256994,2026-08-12
QQQ260828C00684000,2026-08-07 14:41:14+00:00,684.0,40.85,40.96,43.38,0.0,0.0,1.0,64,0.27136959106445313,True,REGULAR,USD,QQQ,call,2026-08-28,0.043835616438356165,42.17,0.005577429911894322,0.8536629230928559,186952.49065322656,723.7000122070312,0.007307397746256994,2026-08-12
QQQ260828C00685000,2026-08-12 20:06:19+00:00,685.0,42.87,41.36,42.44,5.8099976,15.677273,3.0,267,0.2683178637695312,True,REGULAR,USD,QQQ,call,2026-08-28,0.043835616438356165,41.9,0.005728060207339116,0.850270320346783,801006.4172434132,723.7000122070312,0.007307397746256994,2026-08-12
QQQ260828C00686000,2026-08-05 15:50:55+00:00,686.0,42.73,39.07,41.54,0.0,0.0,1.0,87,0.2662121719360352,True,REGULAR,USD,QQQ,call,2026-08-28,0.043835616438356165,40.305,0.005883704217341524,0.8459424703908587,268094.09259597014,723.7000122070312,0.007307397746256994,2026-08-12
QQQ260828C00687000,2026-08-12 14:11:27+00:00,687.0,41.25,38.2,40.63,-1.0900002,-2.574398,2.0,104,0.26380130737304686,True,REGULAR,USD,QQQ,call,2026-08-28,0.043835616438356165,39.415000000000006,0.0060438006643489355,0.8417361341573649,329200.60999840224,723.7000122070312,0.007307397746256994,2026-08-12
QQQ260828C00688000,2026-08-12 17:37:19+00:00,688.0,39.74,37.27,39.72,0.6500015,1.6628332,1.0,242,0.26129889099121095,True,REGULAR,USD,QQQ,call,2026-08-28,0.043835616438356165,38.495000000000005,0.006208757012090884,0.8374661599782667,786931.9700026591,723.7000122070312,0.007307397746256994,2026-08-12
QQQ260828C00689000,2026-08-07 19:46:00+00:00,689.0,39.19,36.4,38.81,0.0,0.0,3.0,101,0.2587354400634766,True,REGULAR,USD,QQQ,call,2026-08-28,0.043835616438356165,37.605000000000004,0.006378837809399457,0.8331020100703488,337427.20413073426,723.7000122070312,0.007307397746256994,2026-08-12
QQQ260828C00690000,2026-08-12 18:08:35+00:00,690.0,38.19,36.82,37.6,5.2199974,15.832567,3.0,748,0.24890887817382812,True,REGULAR,USD,QQQ,call,2026-08-28,0.043835616438356165,37.21,0.0065779225468450345,0.8351514310829821,2576959.025921408,723.7000122070312,0.007307397746256994,2026-08-12
QQQ260828C00691000,2026-08-11 16:26:58+00:00,691.0,32.63,34.59,37.01,0.0,0.0,1.0,165,0.25391371093750004,True,REGULAR,USD,QQQ,call,2026-08-28,0.043835616438356165,35.8,0.0067331894134520075,0.8236350519541612,581864.6000403279,723.7000122070312,0.007307397746256994,2026-08-12
QQQ260828C00692000,2026-08-12 15:02:47+00:00,692.0,36.0,33.68,36.11,0.11000061,0.30649376,3.0,126,0.25135026000976557,True,REGULAR,USD,QQQ,call,2026-08-28,0.043835616438356165,34.894999999999996,0.006918887181858998,0.818790561057994,456587.4332618211,723.7000122070312,0.007307397746256994,2026-08-12
QQQ260828C00693000,2026-08-12 14:09:01+00:00,693.0,35.7,32.82,34.92,2.2999992,6.8862247,1.0,131,0.2420730090332031,True,REGULAR,USD,QQQ,call,2026-08-28,0.043835616438356165,33.870000000000005,0.007155031511108624,0.8199562973617407,490907.88328850456,723.7000122070312,0.007307397746256994,2026-08-12
QQQ260828C00694000,2026-08-12 19:31:04+00:00,694.0,34.11,31.95,34.35,1.4300003,4.375766,5.0,140,0.2468947381591797,True,REGULAR,USD,QQQ,call,2026-08-28,0.043835616438356165,33.15,0.007301379745828501,0.8079671982752504,535365.1934982548,723.7000122070312,0.007307397746256994,2026-08-12
QQQ260828C00695000,2026-08-12 16:16:42+00:00,695.0,33.43,32.41,33.15,4.6399994,16.116705,5.0,507,0.23743438354492186,True,REGULAR,USD,QQQ,call,2026-08-28,0.043835616438356165,32.78,0.0075678555557786775,0.8089752421100049,2009546.0072310753,723.7000122070312,0.007307397746256994,2026-08-12
QQQ260828C00696000,2026-08-07 14:23:49+00:00,696.0,31.39,30.22,33.6,0.0,0.0,1.0,231,0.26343510009765625,True,REGULAR,USD,QQQ,call,2026-08-28,0.043835616438356165,31.91,0.00744788646632574,0.7784466633739098,901077.587347068,723.7000122070312,0.007307397746256994,2026-08-12
QQQ260828C00697000,2026-08-12 14:52:19+00:00,697.0,32.34,29.38,32.74,2.17,7.1925755,1.0,224,0.26099371826171874,True,REGULAR,USD,QQQ,call,2026-08-28,0.043835616438356165,31.060000000000002,0.007630028849853291,0.772571985600963,895140.8120215136,723.7000122070312,0.007307397746256994,2026-08-12
QQQ260828C00698000,2026-08-12 17:37:19+00:00,698.0,30.91,29.87,30.85,1.2000008,4.039047,13.0,163,0.23731231445312498,True,REGULAR,USD,QQQ,call,2026-08-28,0.043835616438356165,30.36,0.00813446588104542,0.7846109054448593,694438.5253960533,723.7000122070312,0.007307397746256994,2026-08-12
QQQ260828C00699000,2026-08-12 15:13:03+00:00,699.0,30.48,29.02,31.04,4.529999,17.456642,16.0,222,0.2562635409545898,True,REGULAR,USD,QQQ,call,2026-08-28,0.043835616438356165,30.03,0.008003715551603044,0.7601343914650831,930597.282452995,723.7000122070312,0.007307397746256994,2026-08-12
QQQ260828C00700000,2026-08-12 18:46:59+00:00,700.0,29.93,28.16,29.16,5.16,20.831652,68.0,858,0.2331924826049805,True,REGULAR,USD,QQQ,call,2026-08-28,0.043835616438356165,28.66,0.008571785443845022,0.7710490283880531,3851906.526576979,723.7000122070312,0.007307397746256994,2026-08-12
QQQ260828C00701000,2026-08-12 15:13:03+00:00,701.0,28.81,27.36,28.32,1.4099998,5.145985,11.0,199,0.2310562734985352,True,REGULAR,USD,QQQ,call,2026-08-28,0.043835616438356165,27.84,0.008798281638824658,0.7639942932998798,916997.3829631457,723.7000122070312,0.007307397746256994,2026-08-12
QQQ260828C00702000,2026-08-12 15:13:03+00:00,702.0,27.98,26.53,27.22,4.119999,17.267387,10.0,189,0.22364057617187497,True,REGULAR,USD,QQQ,call,2026-08-28,0.043835616438356165,26.875,0.009143317871676005,0.7614689348000705,905071.2770988846,723.7000122070312,0.007307397746256994,2026-08-12
QQQ260828C00703000,2026-08-11 14:03:28+00:00,703.0,25.49,25.7,26.69,0.0,0.0,12.0,192,0.2274247180175781,True,REGULAR,USD,QQQ,call,2026-08-28,0.043835616438356165,26.195,0.009249008766520468,0.7486014162916562,930065.5959586485,723.7000122070312,0.007307397746256994,2026-08-12
QQQ260828C00704000,2026-08-06 19:08:51+00:00,704.0,21.81,24.9,25.58,0.0,0.0,22.0,242,0.21973436523437498,True,REGULAR,USD,QQQ,call,2026-08-28,0.043835616438356165,25.24,0.009630757710372492,0.745697525394206,1220655.1364279392,723.7000122070312,0.007307397746256994,2026-08-12
QQQ260828C00705000,2026-08-12 19:59:24+00:00,705.0,24.47,24.12,24.81,2.9399986,13.655358,26.0,2974,0.21854419158935545,True,REGULAR,USD,QQQ,call,2026-08-28,0.043835616438356165,24.465,0.009858179915148408,0.7367440787758412,15355178.310223313,723.7000122070312,0.007307397746256994,2026-08-12
QQQ260828C00706000,2026-08-11 19:37:24+00:00,706.0,25.0,23.33,24.27,4.0,19.047619,5.0,234,0.22147384979248047,True,REGULAR,USD,QQQ,call,2026-08-28,0.043835616438356165,23.799999999999997,0.009959535791100515,0.7240793293013914,1220596.4821789681,723.7000122070312,0.007307397746256994,2026-08-12
QQQ260828C00707000,2026-08-12 18:19:24+00:00,707.0,23.89,22.53,23.5,3.8999996,19.509754,14.0,330,0.21988695159912108,True,REGULAR,USD,QQQ,call,2026-08-28,0.043835616438356165,23.015,0.01018890653093292,0.71505678914323,1760997.2509090845,723.7000122070312,0.007307397746256994,2026-08-12
QQQ260828C00708000,2026-08-12 13:55:19+00:00,708.0,23.68,21.77,22.72,5.960001,33.63432,1.0,235,0.2179948806762695,True,REGULAR,USD,QQQ,call,2026-08-28,0.043835616438356165,22.244999999999997,0.010429230391208485,0.7060165795301632,1283622.3896684365,723.7000122070312,0.007307397746256994,2026-08-12
QQQ260828C00709000,2026-08-12 13:33:29+00:00,709.0,22.84,21.14,21.65,1.6399994,7.735846,15.0,266,0.21076228698730468,True,REGULAR,USD,QQQ,call,2026-08-28,0.043835616438356165,21.395,0.010873542256480934,0.7008514515082225,1514850.7388906446,723.7000122070312,0.007307397746256994,2026-08-12
QQQ260828C00710000,2026-08-12 18:55:27+00:00,710.0,20.3,20.29,20.8,2.369999,13.218064,38.0,1028,0.2073748696899414,True,REGULAR,USD,QQQ,call,2026-08-28,0.043835616438356165,20.545,0.011191771331734109,0.6922646117606683,6025722.15713259,723.7000122070312,0.007307397746256994,2026-08-12
QQQ260828C00711000,2026-08-12 16:25:01+00:00,711.0,20.59,19.55,20.05,4.120001,25.015186,16.0,167,0.20566590240478516,True,REGULAR,USD,QQQ,call,2026-08-28,0.043835616438356165,19.8,0.011444836845070777,0.6820390117446359,1001021.1116684492,723.7000122070312,0.007307397746256994,2026-08-12
QQQ260828C00712000,2026-08-12 16:26:31+00:00,712.0,19.96,18.98,19.18,3.4499989,20.89642,53.0,299,0.20169865692138672,True,REGULAR,USD,QQQ,call,2026-08-28,0.043835616438356165,19.08,0.011804184087782582,0.6731395318505774,1848520.7159986557,723.7000122070312,0.007307397746256994,2026-08-12
QQQ260828C00713000,2026-08-12 16:26:03+00:00,713.0,19.28,18.26,18.46,3.710001,23.82788,20.0,303,0.2001727932739258,True,REGULAR,USD,QQQ,call,2026-08-28,0.043835616438356165,18.36,0.012051858783823787,0.6621029590513658,1912554.513305747,723.7000122070312,0.007307397746256994,2026-08-12
QQQ260828C00714000,2026-08-12 19:58:52+00:00,714.0,17.58,17.56,17.75,2.5599995,17.043938,146.0,437,0.1986469296264648,True,REGULAR,USD,QQQ,call,2026-08-28,0.043835616438356165,17.655,0.012296073786162917,0.650770873545089,2814265.4402010734,723.7000122070312,0.007307397746256994,2026-08-12
QQQ260828C00715000,2026-08-12 20:05:03+00:00,715.0,17.72,16.89,17.06,3.159999,21.703287,85.0,1207,0.19730416961669922,True,REGULAR,USD,QQQ,call,2026-08-28,0.043835616438356165,16.975,0.012525653017402156,0.639033483987226,7918169.729503099,723.7000122070312,0.007307397746256994,2026-08-12
QQQ260828C00716000,2026-08-12 19:33:16+00:00,716.0,16.54,16.18,16.38,2.8600006,20.906437,54.0,239,0.1959308923339844,True,REGULAR,USD,QQQ,call,2026-08-28,0.043835616438356165,16.28,0.012750817973297737,0.6270355982668383,1596074.3079016027,723.7000122070312,0.007307397746256994,2026-08-12
QQQ260828C00717000,2026-08-12 19:59:02+00:00,717.0,15.46,15.52,15.71,2.0600004,15.373138,48.0,166,0.1945270977783203,True,REGULAR,USD,QQQ,call,2026-08-28,0.043835616438356165,15.615,0.012970894818162517,0.6147753806185804,1127704.167940695,723.7000122070312,0.007307397746256994,2026-08-12
QQQ260828C00718000,2026-08-12 20:09:18+00:00,718.0,15.13,14.86,15.05,2.1599998,16.653814,56.0,623,0.19309278594970702,True,REGULAR,USD,QQQ,call,2026-08-28,0.043835616438356165,14.955,0.01318515704995915,0.6022513501641789,4302199.184925557,723.7000122070312,0.007307397746256994,2026-08-12
QQQ260828C00719000,2026-08-12 19:52:27+00:00,719.0,14.29,14.22,14.41,1.8999996,15.334945,537.0,280,0.19181106048583985,True,REGULAR,USD,QQQ,call,2026-08-28,0.043835616438356165,14.315000000000001,0.013380574432878161,0.5893933843799622,1962230.1728569416,723.7000122070312,0.007307397746256994,2026-08-12
QQQ260828C00720000,2026-08-12 20:12:09+00:00,720.0,13.58,13.64,13.78,1.8599997,15.870304,1218.0,2330,0.19046830047607421,True,REGULAR,USD,QQQ,call,2026-08-28,0.043835616438356165,13.71,0.013569795041140196,0.5763025536815183,16559467.572209507,723.7000122070312,0.007307397746256994,2026-08-12
QQQ260828C00721000,2026-08-12 19:43:57+00:00,721.0,12.99,12.98,13.17,1.8499994,16.606815,86.0,601,0.1892476095581055,True,REGULAR,USD,QQQ,call,2026-08-28,0.043835616438356165,13.075,0.013739128785163927,0.5629291010748272,4324648.617862985,723.7000122070312,0.007307397746256994,2026-08-12
QQQ260828C00722000,2026-08-12 18:09:26+00:00,722.0,13.18,12.41,12.58,2.33,21.474653,70.0,476,0.18814898773193356,True,REGULAR,USD,QQQ,call,2026-08-28,0.043835616438356165,12.495000000000001,0.013886795614824912,0.5493066297345132,3461992.7674911916,723.7000122070312,0.007307397746256994,2026-08-12
QQQ260828C00723000,2026-08-12 19:57:18+00:00,723.0,11.71,11.84,11.98,2.0900002,21.725574,84.0,341,0.18668415863037108,True,REGULAR,USD,QQQ,call,2026-08-28,0.043835616438356165,11.91,0.014047664800365152,0.535523762447141,2508855.6513923868,723.7000122070312,0.007307397746256994,2026-08-12
QQQ260828C00724000,2026-08-12 19:45:41+00:00,724.0,11.35,11.28,11.41,2.1500006,23.369572,157.0,542,0.1854634677124023,False,REGULAR,USD,QQQ,call,2026-08-28,0.043835616438356165,11.344999999999999,0.01417583773748042,0.5214918875229791,4024066.785628353,723.7000122070312,0.007307397746256994,2026-08-12
QQQ260828C00725000,2026-08-12 20:01:02+00:00,725.0,11.0,10.73,10.84,1.8699999,20.481926,996.0,913,0.18402915588378904,False,REGULAR,USD,QQQ,call,2026-08-28,0.043835616438356165,10.785,0.01430472170133345,0.5072579172128197,6840177.166251098,723.7000122070312,0.007307397746256994,2026-08-12
QQQ260828C00726000,2026-08-12 19:32:12+00:00,726.0,10.45,10.2,10.32,1.5500002,17.415733,356.0,420,0.18317467224121092,False,REGULAR,USD,QQQ,call,2026-08-28,0.043835616438356165,10.26,0.014371542560141566,0.49288284548437816,3161330.0217569508,723.7000122070312,0.007307397746256994,2026-08-12
QQQ260828C00727000,2026-08-12 19:55:51+00:00,727.0,9.51,9.68,9.81,1.1300001,13.4844885,165.0,262,0.18228967132568358,False,REGULAR,USD,QQQ,call,2026-08-28,0.043835616438356165,9.745000000000001,0.014422430935939916,0.47839643279521465,1979050.695065324,723.7000122070312,0.007307397746256994,2026-08-12
QQQ260828C00728000,2026-08-12 19:24:13+00:00,728.0,9.58,9.18,9.3,2.06,27.393618,54.0,177,0.18113001495361325,False,REGULAR,USD,QQQ,call,2026-08-28,0.043835616438356165,9.24,0.014476004277077962,0.4637402167152213,1341958.6344518082,723.7000122070312,0.007307397746256994,2026-08-12
QQQ260828C00729000,2026-08-12 19:43:27+00:00,729.0,8.59,8.7,8.82,1.0900002,14.533336,172.0,1071,0.18024501403808596,False,REGULAR,USD,QQQ,call,2026-08-28,0.043835616438356165,8.76,0.014488242110774511,0.4490657212291625,8126851.527370085,723.7000122070312,0.007307397746256994,2026-08-12
QQQ260828C00730000,2026-08-12 20:14:38+00:00,730.0,8.29,8.23,8.34,1.2199998,17.256008,657.0,3579,0.1791158749389648,False,REGULAR,USD,QQQ,call,2026-08-28,0.043835616438356165,8.285,0.01449931631021962,0.4342281228264006,27178556.233251207,723.7000122070312,0.007307397746256994,2026-08-12
QQQ260828C00731000,2026-08-12 19:23:03+00:00,731.0,8.14,7.78,7.9,1.5600004,23.708214,15.0,382,0.17841397766113282,False,REGULAR,USD,QQQ,call,2026-08-28,0.043835616438356165,7.84,0.014456223765178834,0.4195419499648843,2892247.0367030217,723.7000122070312,0.007307397746256994,2026-08-12
QQQ260828C00732000,2026-08-12 19:45:28+00:00,732.0,7.47,7.35,7.46,1.3599997,22.258587,68.0,236,0.1774374249267578,False,REGULAR,USD,QQQ,call,2026-08-28,0.043835616438356165,7.404999999999999,0.01441322173065611,0.4047053741622225,1781518.0654834355,723.7000122070312,0.007307397746256994,2026-08-12
QQQ260828C00733000,2026-08-12 17:54:24+00:00,733.0,7.65,6.93,7.04,1.8699999,32.352936,49.0,207,0.1765829412841797,False,REGULAR,USD,QQQ,call,2026-08-28,0.043835616438356165,6.984999999999999,0.014339388037859096,0.38994648039207613,1554598.0646188767,723.7000122070312,0.007307397746256994,2026-08-12
QQQ260828C00734000,2026-08-12 19:38:42+00:00,734.0,6.66,6.53,6.64,0.8699999,15.025905,347.0,230,0.17582000946044923,False,REGULAR,USD,QQQ,call,2026-08-28,0.043835616438356165,6.585,0.014237352220764764,0.37529300883943195,1715039.887899547,723.7000122070312,0.007307397746256994,2026-08-12
QQQ260828C00735000,2026-08-12 20:08:32+00:00,735.0,6.3,6.15,6.24,1.0600004,20.229017,683.0,12304,0.174812939453125,False,REGULAR,USD,QQQ,call,2026-08-28,0.043835616438356165,6.195,0.014130986463823781,0.36050565880547947,91061743.82164234,723.7000122070312,0.007307397746256994,2026-08-12
QQQ260828C00736000,2026-08-12 19:32:12+00:00,736.0,6.01,5.78,5.88,1.0800004,21.906702,35.0,263,0.17423311126708985,False,REGULAR,USD,QQQ,call,2026-08-28,0.043835616438356165,5.83,0.013973609031782692,0.3461673425685475,1924781.7682850754,723.7000122070312,0.007307397746256994,2026-08-12
QQQ260828C00737000,2026-08-12 19:48:30+00:00,737.0,5.54,5.43,5.54,1.1599998,26.484015,102.0,335,0.17377535217285156,False,REGULAR,USD,QQQ,call,2026-08-28,0.043835616438356165,5.484999999999999,0.01378863615674658,0.3320913493341839,2419264.088796418,723.7000122070312,0.007307397746256994,2026-08-12
QQQ260828C00738000,2026-08-12 18:56:32+00:00,738.0,5.67,5.09,5.19,1.25,28.280542,95.0,328,0.17285983398437502,False,REGULAR,USD,QQQ,call,2026-08-28,0.043835616438356165,5.140000000000001,0.013612407543137793,0.31771337988978304,2338438.467656008,723.7000122070312,0.007307397746256994,2026-08-12
QQQ260828C00739000,2026-08-12 19:55:43+00:00,739.0,4.7,4.77,4.89,0.62999964,15.479105,51.0,264,0.1726156958007813,False,REGULAR,USD,QQQ,call,2026-08-28,0.043835616438356165,4.83,0.0133773127530538,0.3042233800562753,1849651.7490790489,723.7000122070312,0.007307397746256994,2026-08-12
QQQ260828C00740000,2026-08-12 20:12:07+00:00,740.0,4.45,4.47,4.55,0.6299999,16.492144,614.0,5874,0.1713950048828125,False,REGULAR,USD,QQQ,call,2026-08-28,0.043835616438356165,4.51,0.013177183364530677,0.28983036882726276,40539061.60038053,723.7000122070312,0.007307397746256994,2026-08-12
QQQ260828C00741000,2026-08-12 19:16:02+00:00,741.0,4.6,4.17,4.27,0.52,12.745098,57.0,188,0.1710287976074219,False,REGULAR,USD,QQQ,call,2026-08-28,0.043835616438356165,4.22,0.01291356378563011,0.2766387075846737,1271513.9264442343,723.7000122070312,0.007307397746256994,2026-08-12
QQQ260828C00742000,2026-08-12 19:36:15+00:00,742.0,4.07,3.9,3.99,0.72000027,21.492546,120.0,1201,0.17041845214843754,False,REGULAR,USD,QQQ,call,2026-08-28,0.043835616438356165,3.9450000000000003,0.012645587944086444,0.2633979747709099,7954249.210993295,723.7000122070312,0.007307397746256994,2026-08-12
QQQ260828C00743000,2026-08-12 19:41:36+00:00,743.0,3.71,3.64,3.74,0.48000002,14.860681,25.0,318,0.17014379669189456,False,REGULAR,USD,QQQ,call,2026-08-28,0.043835616438356165,3.6900000000000004,0.012348738253164217,0.25085839219396544,2056680.6647636427,723.7000122070312,0.007307397746256994,2026-08-12
QQQ260828C00744000,2026-08-12 19:40:50+00:00,744.0,3.47,3.39,3.47,0.45000005,14.900663,26.0,303,0.16922827850341798,False,REGULAR,USD,QQQ,call,2026-08-28,0.043835616438356165,3.43,0.012061324109355759,0.23774405754221806,1914056.6011903456,723.7000122070312,0.007307397746256994,2026-08-12
QQQ260828C00745000,2026-08-12 20:07:16+00:00,745.0,3.29,3.16,3.23,0.49,17.5,578.0,861,0.16864845031738285,False,REGULAR,USD,QQQ,call,2026-08-28,0.043835616438356165,3.1950000000000003,0.011747371503824707,0.22536668820024813,5297378.622756903,723.7000122070312,0.007307397746256994,2026-08-12
QQQ260828C00746000,2026-08-12 18:45:49+00:00,746.0,3.45,2.94,3.02,1.1100001,47.435905,133.0,354,0.16846534667968754,False,REGULAR,USD,QQQ,call,2026-08-28,0.043835616438356165,2.98,0.01141160043942062,0.21386525936166412,2115762.809885784,723.7000122070312,0.007307397746256994,2026-08-12
QQQ260828C00747000,2026-08-12 19:43:45+00:00,747.0,2.74,2.73,2.8,0.26999998,10.931173,22.0,421,0.16782448394775396,False,REGULAR,USD,QQQ,call,2026-08-28,0.043835616438356165,2.7649999999999997,0.011076717563841319,0.20203671441310533,2442363.707316174,723.7000122070312,0.007307397746256994,2026-08-12
QQQ260828C00748000,2026-08-12 19:42:13+00:00,748.0,2.59,2.54,2.62,0.31999993,14.096913,488.0,1063,0.16785500122070315,False,REGULAR,USD,QQQ,call,2026-08-28,0.043835616438356165,2.58,0.01072219190465919,0.19152874187457525,5969445.621275104,723.7000122070312,0.007307397746256994,2026-08-12
QQQ260828C00749000,2026-08-12 16:30:22+00:00,749.0,2.76,2.35,2.42,0.6400001,30.188684,63.0,249,0.1671225866699219,False,REGULAR,USD,QQQ,call,2026-08-28,0.043835616438356165,2.385,0.010371129893502288,0.1802441222423356,1352516.526937694,723.7000122070312,0.007307397746256994,2026-08-12
QQQ260828C00750000,2026-08-12 20:05:08+00:00,750.0,2.35,2.19,2.24,0.37999988,19.289333,762.0,1910,0.16666482757568363,False,REGULAR,USD,QQQ,call,2026-08-28,0.043835616438356165,2.215,0.010010014604708989,0.16971842588761193,10013484.692855882,723.7000122070312,0.007307397746256994,2026-08-12
QQQ260828C00751000,2026-08-12 19:54:50+00:00,751.0,2.1,2.02,2.09,0.28999996,16.022099,146.0,503,0.16669534484863285,False,REGULAR,USD,QQQ,call,2026-08-28,0.043835616438356165,2.0549999999999997,0.009644460444195913,0.160287929222574,2540756.70983978,723.7000122070312,0.007307397746256994,2026-08-12
QQQ260828C00752000,2026-08-12 19:54:50+00:00,752.0,1.94,1.87,1.95,0.18000007,10.227277,25.0,326,0.16681741394042973,False,REGULAR,USD,QQQ,call,2026-08-28,0.043835616438356165,1.9100000000000001,0.009279972605527579,0.15135904647463877,1584460.636048578,723.7000122070312,0.007307397746256994,2026-08-12
QQQ260828C00753000,2026-08-12 19:20:49+00:00,753.0,1.94,1.73,1.79,0.47000003,31.972792,11.0,317,0.1660849993896485,False,REGULAR,USD,QQQ,call,2026-08-28,0.043835616438356165,1.76,0.008909416937996335,0.14151511627367563,1479195.9375353632,723.7000122070312,0.007307397746256994,2026-08-12
QQQ260828C00754000,2026-08-12 19:43:45+00:00,754.0,1.63,1.6,1.65,0.16999996,11.643833,76.0,250,0.1656577575683594,False,REGULAR,USD,QQQ,call,2026-08-28,0.043835616438356165,1.625,0.008539415957563658,0.13249819932664736,1118112.074026416,723.7000122070312,0.007307397746256994,2026-08-12
QQQ260828C00755000,2026-08-12 20:00:22+00:00,755.0,1.5,1.47,1.52,0.07000005,4.8951087,747.0,1061,0.16529155029296877,False,REGULAR,USD,QQQ,call,2026-08-28,0.043835616438356165,1.495,0.008170613612015194,0.12394209434419551,4540327.884533193,723.7000122070312,0.007307397746256994,2026-08-12
QQQ260828C00756000,2026-08-12 18:17:51+00:00,756.0,1.62,1.36,1.42,0.31000006,23.664127,39.0,216,0.1656577575683594,False,REGULAR,USD,QQQ,call,2026-08-28,0.043835616438356165,1.3900000000000001,0.007819671312527046,0.11681980466711833,884625.4094318557,723.7000122070312,0.007307397746256994,2026-08-12
QQQ260828C00757000,2026-08-12 19:52:43+00:00,757.0,1.29,1.25,1.31,0.14999998,13.157893,31.0,176,0.16547465393066407,False,REGULAR,USD,QQQ,call,2026-08-28,0.043835616438356165,1.28,0.0074626390617296146,0.10924627946843046,687895.1773590338,723.7000122070312,0.007307397746256994,2026-08-12
QQQ260828C00758000,2026-08-12 19:47:17+00:00,758.0,1.2,1.17,1.21,0.17000008,16.504862,407.0,368,0.16535258483886722,False,REGULAR,USD,QQQ,call,2026-08-28,0.043835616438356165,1.19,0.0071121963572833066,0.10211131183516392,1370783.0224807935,723.7000122070312,0.007307397746256994,2026-08-12
QQQ260828C00759000,2026-08-12 19:42:05+00:00,759.0,1.13,1.08,1.12,0.19,20.212767,276.0,196,0.16541361938476565,False,REGULAR,USD,QQQ,call,2026-08-28,0.043835616438356165,1.1,0.006773480722191156,0.09557249564014453,695320.6546187551,723.7000122070312,0.007307397746256994,2026-08-12
QQQ260828C00760000,2026-08-12 20:03:09+00:00,760.0,1.04,0.99,1.03,0.059999943,6.122443,593.0,19141,0.16523051574707032,False,REGULAR,USD,QQQ,call,2026-08-28,0.043835616438356165,1.01,0.006434312174944637,0.08903096888395684,64503593.66548255,723.7000122070312,0.007307397746256994,2026-08-12
QQQ260828C00765000,2026-08-12 20:03:09+00:00,765.0,0.7,0.66,0.69,0.029999971,4.4776077,477.0,1755,0.16559672302246098,False,REGULAR,USD,QQQ,call,2026-08-28,0.043835616438356165,0.675,0.004911203518640173,0.06265959723599099,4514214.716317694,723.7000122070312,0.007307397746256994,2026-08-12
QQQ260828C00770000,2026-08-12 20:09:49+00:00,770.0,0.47,0.44,0.48,0.0,0.0,613.0,1435,0.16785500122070315,False,REGULAR,USD,QQQ,call,2026-08-28,0.043835616438356165,0.45999999999999996,0.0037160696408788346,0.04483842722298256,2792884.046423816,723.7000122070312,0.007307397746256994,2026-08-12
QQQ260828C00775000,2026-08-12 20:08:36+00:00,775.0,0.34,0.3,0.33,0.0,0.0,43.0,996,0.16993017578125003,False,REGULAR,USD,QQQ,call,2026-08-28,0.043835616438356165,0.315,0.002758310412724663,0.0315936253063048,1438863.6370167416,723.7000122070312,0.007307397746256994,2026-08-12
QQQ260828C00780000,2026-08-12 18:49:31+00:00,780.0,0.28,0.21,0.24,0.040000007,16.66667,50.0,1680,0.17359224853515626,False,REGULAR,USD,QQQ,call,2026-08-28,0.043835616438356165,0.22499999999999998,0.0020738500856754467,0.023029070205286446,1824751.799337658,723.7000122070312,0.007307397746256994,2026-08-12
QQQ260828C00785000,2026-08-12 20:09:41+00:00,785.0,0.18,0.15,0.18,-0.019999996,-9.999997,6.0,839,0.1782308740234375,False,REGULAR,USD,QQQ,call,2026-08-28,0.043835616438356165,0.16499999999999998,0.0015839553523344296,0.017291069577667843,696020.5406447685,723.7000122070312,0.007307397746256994,2026-08-12
QQQ260828C00790000,2026-08-12 14:27:03+00:00,790.0,0.19,0.11,0.14,0.03999999,26.666658,9.0,496,0.18335777587890623,False,REGULAR,USD,QQQ,call,2026-08-28,0.043835616438356165,0.125,0.0012258396864233358,0.013261717069296434,318443.59186478145,723.7000122070312,0.007307397746256994,2026-08-12
QQQ260828C00795000,2026-08-12 13:55:04+00:00,795.0,0.14,0.09,0.12,-0.030000001,-17.647058,1.0,553,0.19068192138671874,False,REGULAR,USD,QQQ,call,2026-08-28,0.043835616438356165,0.105,0.001003706705871657,0.011017079644757495,290702.7344647215,723.7000122070312,0.007307397746256994,2026-08-12
QQQ260828C00800000,2026-08-12 15:39:51+00:00,800.0,0.1,0.07,0.1,0.0,0.0,30.0,690,0.19678537597656248,False,REGULAR,USD,QQQ,call,2026-08-28,0.043835616438356165,0.085,0.0008073973135832983,0.008901911412519661,291778.6769702987,723.7000122070312,0.007307397746256994,2026-08-12
QQQ260828C00805000,2026-08-12 15:47:16+00:00,805.0,0.08,0.05,0.09,0.0,0.0,194.0,648,0.20508607421874997,False,REGULAR,USD,QQQ,call,2026-08-28,0.043835616438356165,0.07,0.0006914820152502451,0.007821011886940718,234678.36552499476,723.7000122070312,0.007307397746256994,2026-08-12
QQQ260828C00810000,2026-08-12 16:36:16+00:00,810.0,0.06,0.04,0.07,-0.02,-25.0,5.0,725,0.20899228515624996,False,REGULAR,USD,QQQ,call,2026-08-28,0.043835616438356165,0.05500000000000001,0.0005362060251279294,0.005990840933111205,203604.2579653976,723.7000122070312,0.007307397746256994,2026-08-12
QQQ260828C00815000,2026-08-11 17:13:22+00:00,815.0,0.07,0.03,0.07,0.0,0.0,2.0,402,0.21875781249999998,False,REGULAR,USD,QQQ,call,2026-08-28,0.043835616438356165,0.05,0.00048682654921270916,0.005656541200399841,102498.49002564861,723.7000122070312,0.007307397746256994,2026-08-12
QQQ260828C00820000,2026-08-12 16:36:16+00:00,820.0,0.05,0.03,0.06,-0.02,-28.571428,1.0,112,0.22510540527343748,False,REGULAR,USD,QQQ,call,2026-08-28,0.043835616438356165,0.045,0.00040879048267479816,0.004799963925023259,23979.270053167704,723.7000122070312,0.007307397746256994,2026-08-12
QQQ260828C00825000,2026-08-06 16:54:44+00:00,825.0,0.12,0.02,0.05,0.0,0.0,4.0,67,0.2304764453125,False,REGULAR,USD,QQQ,call,2026-08-28,0.043835616438356165,0.035,0.00033712828508809296,0.003972156380885431,11830.065630270212,723.7000122070312,0.007307397746256994,2026-08-12
QQQ260828C00830000,2026-08-10 16:25:35+00:00,830.0,0.07,0.02,0.05,0.0,0.0,30.0,56,0.23926541992187497,False,REGULAR,USD,QQQ,call,2026-08-28,0.043835616438356165,0.035,0.000306818944151198,0.003728301858217125,8998.85715426776,723.7000122070312,0.007307397746256994,2026-08-12
QQQ260828C00835000,2026-08-10 14:09:30+00:00,835.0,0.07,0.01,0.05,0.0,0.0,2.0,129,0.249030947265625,False,REGULAR,USD,QQQ,call,2026-08-28,0.043835616438356165,0.030000000000000002,0.0002883333565509567,0.0036374275190630854,19480.57438537313,723.7000122070312,0.007307397746256994,2026-08-12
QQQ260828C00840000,2026-08-11 19:51:42+00:00,840.0,0.02,0.01,0.04,0.0,0.0,1.0,41,0.25196060546875,False,REGULAR,USD,QQQ,call,2026-08-28,0.043835616438356165,0.025,0.00022832211540659532,0.0028431058177678914,4902.854399482517,723.7000122070312,0.007307397746256994,2026-08-12
QQQ260828C00845000,2026-08-11 13:46:41+00:00,845.0,0.02,0.01,0.04,0.0,0.0,25.0,32,0.2617261328125,False,REGULAR,USD,QQQ,call,2026-08-28,0.043835616438356165,0.025,0.00021791608384471185,0.0028160619774929684,3652.2157402000666,723.7000122070312,0.007307397746256994,2026-08-12
QQQ260828C00850000,2026-08-07 16:31:13+00:00,850.0,0.06,0.01,0.04,0.0,0.0,31.0,356,0.270515107421875,False,REGULAR,USD,QQQ,call,2026-08-28,0.043835616438356165,0.025,0.00020370026458497954,0.0027106477325953074,37980.33149574632,723.7000122070312,0.007307397746256994,2026-08-12
QQQ260828C00860000,2026-08-07 14:14:42+00:00,860.0,0.04,0.0,0.02,0.0,0.0,108.0,265,0.2695385546875,False,REGULAR,USD,QQQ,call,2026-08-28,0.043835616438356165,0.01,0.0001090349920335465,0.0013569717511784092,15133.135824665562,723.7000122070312,0.007307397746256994,2026-08-12
QQQ260828C00870000,2026-08-07 14:14:08+00:00,870.0,0.03,0.0,0.04,0.0,0.0,1.0,421,0.304694453125,False,REGULAR,USD,QQQ,call,2026-08-28,0.043835616438356165,0.02,0.00015902798113045426,0.0023512622366182304,35064.91587622348,723.7000122070312,0.007307397746256994,2026-08-12
QQQ260828C00880000,2026-08-07 20:11:20+00:00,880.0,0.03,0.0,0.04,0.0,0.0,6.0,19,0.32227240234374993,False,REGULAR,USD,QQQ,call,2026-08-28,0.043835616438356165,0.02,0.00014548639685000933,0.0022673474810847526,1447.7485846463403,723.7000122070312,0.007307397746256994,2026-08-12
QQQ260828C00890000,2026-08-05 14:07:23+00:00,890.0,0.17,0.0,0.03,0.0,0.0,82.0,85,0.33008482421874996,False,REGULAR,USD,QQQ,call,2026-08-28,0.043835616438356165,0.015,0.000108075728929099,0.0016781907972471459,4811.3201802813655,723.7000122070312,0.007307397746256994,2026-08-12
QQQ260828C00895000,2026-08-06 15:48:06+00:00,895.0,0.04,0.0,0.03,0.0,0.0,400.0,424,0.33789724609375,False,REGULAR,USD,QQQ,call,2026-08-28,0.043835616438356165,0.015,0.00010259326186814036,0.0016261948327524688,22782.524950425144,723.7000122070312,0.007307397746256994,2026-08-12
QQQ260828C00900000,2026-08-07 14:06:08+00:00,900.0,0.04,0.0,0.03,0.0,0.0,6.0,134,0.34570966796874997,False,REGULAR,USD,QQQ,call,2026-08-28,0.043835616438356165,0.015,9.769357895136856e-05,0.0015803170923647876,6856.2710503432245,723.7000122070312,0.007307397746256994,2026-08-12
QQQ260828C00920000,2026-07-13 19:00:26+00:00,920.0,0.04,0.0,0.03,0.0,0.0,0.0,1,0.37695935546875,False,REGULAR,USD,QQQ,call,2026-08-28,0.043835616438356165,0.015,8.257360441711354e-05,0.0014450722726846526,43.2472405857587,723.7000122070312,0.007307397746256994,2026-08-12
QQQ260828C00925000,2026-07-14 20:07:21+00:00,925.0,0.05,0.0,0.03,0.0,0.0,0.0,1,0.38477177734374995,False,REGULAR,USD,QQQ,call,2026-08-28,0.043835616438356165,0.015,7.965909861496163e-05,0.0014208677148278123,41.72079233993003,723.7000122070312,0.007307397746256994,2026-08-12
QQQ260828C00940000,2026-07-13 19:15:29+00:00,940.0,0.03,0.0,0.03,0.0,0.0,0.0,1,0.4062559375,False,REGULAR,USD,QQQ,call,2026-08-28,0.043835616438356165,0.015,6.959735387323881e-05,0.0013007568039965377,36.45103696677601,723.7000122070312,0.007307397746256994,2026-08-12
QQQ260828C00945000,2026-08-05 13:30:00+00:00,945.0,0.14,0.0,0.03,0.0,0.0,1.0,2,0.414068359375,False,REGULAR,USD,QQQ,call,2026-08-28,0.043835616438356165,0.015,6.771923235422628e-05,0.001288990502043059,70.93477279039901,723.7000122070312,0.007307397746256994,2026-08-12
QQQ260828C00950000,2026-08-05 15:25:14+00:00,950.0,0.04,0.0,0.03,0.0,0.0,300.0,2466,0.42188078125,False,REGULAR,USD,QQQ,call,2026-08-28,0.043835616438356165,0.015,6.600416850909379e-05,0.0012792163253565214,85247.48919891505,723.7000122070312,0.007307397746256994,2026-08-12
QQQ260828P00360000,2026-08-11 17:16:31+00:00,360.0,0.01,0.0,0.02,0.0,0.0,1.0,37,0.9531254687499999,False,REGULAR,USD,QQQ,put,2026-08-28,0.043835616438356165,0.01,4.120956587629485e-06,-0.00015445787671353184,-79.85772309600783,723.7000122070312,0.007307397746256994,2026-08-12
QQQ260828P00365000,2026-08-05 13:30:40+00:00,365.0,0.02,0.0,0.02,0.0,0.0,2.0,5,0.937500625,False,REGULAR,USD,QQQ,put,2026-08-28,0.043835616438356165,0.01,4.3974406795743725e-06,-0.0001626553331732783,-11.515615454455112,723.7000122070312,0.007307397746256994,2026-08-12
QQQ260828P00370000,2026-08-06 16:35:46+00:00,370.0,0.02,0.0,0.03,0.0,0.0,2.0,53,0.9531254687499999,False,REGULAR,USD,QQQ,put,2026-08-28,0.043835616438356165,0.015,6.699265602959735e-06,-0.000259835739687575,-185.96029477199045,723.7000122070312,0.007307397746256994,2026-08-12
QQQ260828P00375000,2026-08-05 13:33:09+00:00,375.0,0.02,0.0,0.03,0.0,0.0,1.0,20,0.929688203125,False,REGULAR,USD,QQQ,put,2026-08-28,0.043835616438356165,0.015,6.55185251946486e-06,-0.00024702164797674175,-68.6295685387282,723.7000122070312,0.007307397746256994,2026-08-12
QQQ260828P00380000,2026-08-10 15:09:08+00:00,380.0,0.03,0.0,0.03,0.0,0.0,2.0,26,0.914063359375,False,REGULAR,USD,QQQ,put,2026-08-28,0.043835616438356165,0.015,6.9709289666346046e-06,-0.00025925204894472476,-94.92512226653876,723.7000122070312,0.007307397746256994,2026-08-12
QQQ260828P00385000,2026-08-04 13:30:40+00:00,385.0,0.03,0.0,0.03,0.0,0.0,1.0,80,0.8984385156249999,False,REGULAR,USD,QQQ,put,2026-08-28,0.043835616438356165,0.015,7.404233160976852e-06,-0.0002715135377411304,-310.2324575764348,723.7000122070312,0.007307397746256994,2026-08-12
QQQ260828P00390000,2026-08-04 13:30:51+00:00,390.0,0.03,0.0,0.03,0.0,0.0,1.0,75,0.87500125,False,REGULAR,USD,QQQ,put,2026-08-28,0.043835616438356165,0.015,7.161613468040355e-06,-0.0002546519916072354,-281.31267505596577,723.7000122070312,0.007307397746256994,2026-08-12
QQQ260828P00395000,2026-08-07 20:02:47+00:00,395.0,0.02,0.0,0.03,0.0,0.0,1.0,91,0.85937640625,False,REGULAR,USD,QQQ,put,2026-08-28,0.043835616438356165,0.015,7.573096250891269e-06,-0.00026520590200529437,-360.93751901292404,723.7000122070312,0.007307397746256994,2026-08-12
QQQ260828P00400000,2026-08-11 16:55:08+00:00,400.0,0.01,0.0,0.03,0.0,0.0,1.0,83,0.8437515624999999,False,REGULAR,USD,QQQ,put,2026-08-28,0.043835616438356165,0.015,7.99433398657822e-06,-0.00027558952619766153,-347.51818910560434,723.7000122070312,0.007307397746256994,2026-08-12
QQQ260828P00405000,2026-08-11 18:28:08+00:00,405.0,0.05,0.0,0.03,0.0,0.0,2.0,26,0.8281267187499999,False,REGULAR,USD,QQQ,put,2026-08-28,0.043835616438356165,0.015,8.424359496728543e-06,-0.0002857448690499753,-114.71689914956939,723.7000122070312,0.007307397746256994,2026-08-12
QQQ260828P00410000,2026-08-05 13:30:45+00:00,410.0,0.03,0.0,0.03,0.0,0.0,1.0,21,0.8125018749999999,False,REGULAR,USD,QQQ,put,2026-08-28,0.043835616438356165,0.015,8.862058014309061e-06,-0.0002956108929712542,-97.47001735529446,723.7000122070312,0.007307397746256994,2026-08-12
QQQ260828P00415000,2026-07-30 14:53:46+00:00,415.0,0.11,0.0,0.03,0.0,0.0,30.0,31,0.79687703125,False,REGULAR,USD,QQQ,put,2026-08-28,0.043835616438356165,0.015,9.306154828549345e-06,-0.0003051236178569505,-151.09466407367628,723.7000122070312,0.007307397746256994,2026-08-12
QQQ260828P00420000,2026-08-04 13:30:04+00:00,420.0,0.05,0.0,0.03,0.0,0.0,10.0,13,0.7812521875,False,REGULAR,USD,QQQ,put,2026-08-28,0.043835616438356165,0.015,9.755202144831746e-06,-0.0003142162539945259,-66.41968098980729,723.7000122070312,0.007307397746256994,2026-08-12
QQQ260828P00425000,2026-08-03 14:29:56+00:00,425.0,0.07,0.0,0.04,0.0,0.0,1.0,1,0.7812521875,False,REGULAR,USD,QQQ,put,2026-08-28,0.043835616438356165,0.02,1.2460374111278156e-05,-0.00040891916795304795,-6.526017615228656,723.7000122070312,0.007307397746256994,2026-08-12
QQQ260828P00430000,2026-08-12 17:10:59+00:00,430.0,0.02,0.0,0.04,-0.09,-81.818184,1.0,26,0.7656273437500001,False,REGULAR,USD,QQQ,put,2026-08-28,0.043835616438356165,0.02,1.305794323449172e-05,-0.00042083273200244076,-177.81372669503227,723.7000122070312,0.007307397746256994,2026-08-12
QQQ260828P00435000,2026-07-30 19:14:24+00:00,435.0,0.14,0.01,0.04,0.0,0.0,1.0,12,0.7617211328125001,False,REGULAR,USD,QQQ,put,2026-08-28,0.043835616438356165,0.025,1.5808238957787092e-05,-0.000514405035898946,-99.35320880378933,723.7000122070312,0.007307397746256994,2026-08-12
QQQ260828P00440000,2026-08-11 15:39:05+00:00,440.0,0.02,0.01,0.04,0.0,0.0,1.0,312,0.7460962890625,False,REGULAR,USD,QQQ,put,2026-08-28,0.043835616438356165,0.025,1.6553286799108726e-05,-0.0005286795610504047,-2704.929769055572,723.7000122070312,0.007307397746256994,2026-08-12
QQQ260828P00445000,2026-08-03 19:55:19+00:00,445.0,0.09,0.01,0.04,0.0,0.0,2.0,6,0.7304714453125,False,REGULAR,USD,QQQ,put,2026-08-28,0.043835616438356165,0.025,1.7306969754298304e-05,-0.000542200248522251,-54.3862913620952,723.7000122070312,0.007307397746256994,2026-08-12
QQQ260828P00450000,2026-08-10 15:59:13+00:00,450.0,0.03,0.01,0.04,0.0,0.0,2.0,31,0.7148466015625,False,REGULAR,USD,QQQ,put,2026-08-28,0.043835616438356165,0.025,1.8066774832703068e-05,-0.0005548591758445243,-293.3320285911837,723.7000122070312,0.007307397746256994,2026-08-12
QQQ260828P00455000,2026-08-11 16:23:23+00:00,455.0,0.04,0.01,0.04,0.0,0.0,1.0,2,0.6992217578125001,False,REGULAR,USD,QQQ,put,2026-08-28,0.043835616438356165,0.025,1.8829845598846517e-05,-0.0005665442756699335,-19.723950978146515,723.7000122070312,0.007307397746256994,2026-08-12
QQQ260828P00460000,2026-08-12 15:45:39+00:00,460.0,0.02,0.01,0.04,-0.01,-33.333336,2.0,419,0.6835969140625001,False,REGULAR,USD,QQQ,put,2026-08-28,0.043835616438356165,0.025,1.959294879933004e-05,-0.0005771396312390653,-4299.629029754718,723.7000122070312,0.007307397746256994,2026-08-12
QQQ260828P00465000,2026-08-10 18:49:31+00:00,465.0,0.04,0.01,0.04,0.0,0.0,3.0,78,0.6679720703125002,False,REGULAR,USD,QQQ,put,2026-08-28,0.043835616438356165,0.025,2.0352438412344318e-05,-0.0005865258586417177,-831.4348262452686,723.7000122070312,0.007307397746256994,2026-08-12
QQQ260828P00470000,2026-08-12 18:19:32+00:00,470.0,0.02,0.01,0.05,-0.04,-66.66667,2.0,324,0.6640658593750002,False,REGULAR,USD,QQQ,put,2026-08-28,0.043835616438356165,0.030000000000000002,2.472222448149549e-05,-0.0007195358095712923,-4195.1714618056485,723.7000122070312,0.007307397746256994,2026-08-12
QQQ260828P00475000,2026-07-30 19:13:53+00:00,475.0,0.24,0.01,0.05,0.0,0.0,1.0,107,0.648441015625,False,REGULAR,USD,QQQ,put,2026-08-28,0.043835616438356165,0.030000000000000002,2.5680821355784484e-05,-0.000730732299601744,-1439.162543739165,723.7000122070312,0.007307397746256994,2026-08-12
QQQ260828P00480000,2026-08-05 16:06:33+00:00,480.0,0.08,0.02,0.05,0.0,0.0,1.0,161,0.64062859375,False,REGULAR,USD,QQQ,put,2026-08-28,0.043835616438356165,0.035,2.958322361087761e-05,-0.0008409392446034891,-2494.5288564201164,723.7000122070312,0.007307397746256994,2026-08-12
QQQ260828P00485000,2026-08-05 16:31:19+00:00,485.0,0.09,0.02,0.05,0.0,0.0,179.0,375,0.6250037500000001,False,REGULAR,USD,QQQ,put,2026-08-28,0.043835616438356165,0.035,3.070329986329816e-05,-0.0008524176345463541,-6030.224513047682,723.7000122070312,0.007307397746256994,2026-08-12
QQQ260828P00490000,2026-08-12 13:45:36+00:00,490.0,0.05,0.02,0.05,-0.040000003,-44.444447,10.0,97,0.6113320117187502,False,REGULAR,USD,QQQ,put,2026-08-28,0.043835616438356165,0.035,3.2679985948529115e-05,-0.000890584603237432,-1660.2395497845907,723.7000122070312,0.007307397746256994,2026-08-12
QQQ260828P00495000,2026-08-12 17:41:55+00:00,495.0,0.04,0.02,0.06,-0.030000001,-42.857143,75.0,137,0.6035195898437502,False,REGULAR,USD,QQQ,put,2026-08-28,0.043835616438356165,0.04,3.76590025435477e-05,-0.001024838410262574,-2702.1318712710367,723.7000122070312,0.007307397746256994,2026-08-12
QQQ260828P00500000,2026-08-12 15:16:45+00:00,500.0,0.04,0.04,0.06,-0.010000002,-20.000002,3.0,106,0.6015664843750002,False,REGULAR,USD,QQQ,put,2026-08-28,0.043835616438356165,0.05,4.679430746012239e-05,-0.0012944962170289287,-2597.861832822696,723.7000122070312,0.007307397746256994,2026-08-12
QQQ260828P00505000,2026-08-12 15:16:09+00:00,505.0,0.03,0.03,0.06,-0.060000002,-66.666664,1.0,153,0.5800823242187501,False,REGULAR,USD,QQQ,put,2026-08-28,0.043835616438356165,0.045,4.4982834201597106e-05,-0.0011915092221255197,-3604.5861192782672,723.7000122070312,0.007307397746256994,2026-08-12
QQQ260828P00510000,2026-08-12 15:16:14+00:00,510.0,0.03,0.03,0.06,-0.04,-57.142857,1.0,296,0.5664105859375,False,REGULAR,USD,QQQ,put,2026-08-28,0.043835616438356165,0.045,4.7869719609825076e-05,-0.0012425003067338958,-7421.125133441766,723.7000122070312,0.007307397746256994,2026-08-12
QQQ260828P00515000,2026-08-12 19:07:33+00:00,515.0,0.03,0.03,0.07,-0.089999996,-75.0,309.0,60,0.5566450585937501,False,REGULAR,USD,QQQ,put,2026-08-28,0.043835616438356165,0.05,5.374604630963334e-05,-0.0013836971810005094,-1688.9427644781208,723.7000122070312,0.007307397746256994,2026-08-12
QQQ260828P00520000,2026-08-12 19:08:34+00:00,520.0,0.03,0.04,0.07,-0.07,-70.0,395.0,76,0.5468795312500001,False,REGULAR,USD,QQQ,put,2026-08-28,0.043835616438356165,0.05500000000000001,6.035280540320222e-05,-0.0015409493987029732,-2402.305383698597,723.7000122070312,0.007307397746256994,2026-08-12
QQQ260828P00525000,2026-08-11 17:12:23+00:00,525.0,0.08,0.04,0.07,0.0,0.0,1.0,88,0.53320779296875,False,REGULAR,USD,QQQ,put,2026-08-28,0.043835616438356165,0.05500000000000001,6.427276078435921e-05,-0.0016058578300688353,-2962.284643099456,723.7000122070312,0.007307397746256994,2026-08-12
QQQ260828P00530000,2026-08-12 20:13:53+00:00,530.0,0.05,0.05,0.07,-0.029999997,-37.499996,288.0,1707,0.5224657128906249,False,REGULAR,USD,QQQ,put,2026-08-28,0.043835616438356165,0.060000000000000005,7.12783621193329e-05,-0.001759311978997924,-63724.78702119648,723.7000122070312,0.007307397746256994,2026-08-12
QQQ260828P00535000,2026-08-12 20:12:17+00:00,535.0,0.06,0.04,0.08,-0.030000005,-33.333336,145.0,620,0.507817421875,False,REGULAR,USD,QQQ,put,2026-08-28,0.043835616438356165,0.06,7.489920428016114e-05,-0.001800619794305014,-24321.259034674127,723.7000122070312,0.007307397746256994,2026-08-12
QQQ260828P00540000,2026-08-12 14:14:37+00:00,540.0,0.06,0.05,0.08,-0.030000005,-33.333336,9.0,150,0.507817421875,False,REGULAR,USD,QQQ,put,2026-08-28,0.043835616438356165,0.065,9.62567770619456e-05,-0.002374105502231272,-7562.053318962805,723.7000122070312,0.007307397746256994,2026-08-12
QQQ260828P00545000,2026-08-12 14:32:59+00:00,545.0,0.07,0.05,0.08,-0.059999995,-46.153843,6.0,343,0.49414568359375005,False,REGULAR,USD,QQQ,put,2026-08-28,0.043835616438356165,0.065,0.00010285936505552185,-0.0024788241498518993,-18478.006649828178,723.7000122070312,0.007307397746256994,2026-08-12
QQQ260828P00550000,2026-08-12 15:37:26+00:00,550.0,0.08,0.06,0.09,-0.020000003,-20.000002,2.0,446,0.485356708984375,False,REGULAR,USD,QQQ,put,2026-08-28,0.043835616438356165,0.075,0.00011735978356483788,-0.0028120682851453527,-27413.93120130853,723.7000122070312,0.007307397746256994,2026-08-12
QQQ260828P00555000,2026-08-12 16:59:17+00:00,555.0,0.07,0.06,0.09,-0.049999997,-41.666664,22.0,259,0.47070841796875,False,REGULAR,USD,QQQ,put,2026-08-28,0.043835616438356165,0.075,0.00012398333698657431,-0.002888726518042395,-16818.228360667596,723.7000122070312,0.007307397746256994,2026-08-12
QQQ260828P00560000,2026-08-12 19:31:18+00:00,560.0,0.08,0.07,0.1,-0.04,-33.333336,17.0,258,0.46094289062500005,False,REGULAR,USD,QQQ,put,2026-08-28,0.043835616438356165,0.085,0.0001399453088829181,-0.0032284448634969376,-18910.160324068544,723.7000122070312,0.007307397746256994,2026-08-12
QQQ260828P00565000,2026-08-07 17:48:58+00:00,565.0,0.18,0.08,0.1,0.0,0.0,148.0,427,0.44727115234375,False,REGULAR,USD,QQQ,put,2026-08-28,0.043835616438356165,0.09,0.0001500473553681249,-0.0033737606561097255,-33556.24682220925,723.7000122070312,0.007307397746256994,2026-08-12
QQQ260828P00570000,2026-08-12 13:32:10+00:00,570.0,0.09,0.08,0.11,-0.049999997,-35.714283,1.0,455,0.4370173486328125,False,REGULAR,USD,QQQ,put,2026-08-28,0.043835616438356165,0.095,0.00016869385862410487,-0.0037459171253296786,-40200.16436298134,723.7000122070312,0.007307397746256994,2026-08-12
QQQ260828P00575000,2026-08-12 17:02:49+00:00,575.0,0.09,0.09,0.12,-0.06999999,-43.749996,6.0,458,0.42676354492187507,False,REGULAR,USD,QQQ,put,2026-08-28,0.043835616438356165,0.105,0.0001899137203972057,-0.004163854579424142,-45555.30719357011,723.7000122070312,0.007307397746256994,2026-08-12
QQQ260828P00580000,2026-08-12 14:19:03+00:00,580.0,0.1,0.1,0.13,-0.07,-41.17647,39.0,792,0.41602146484374997,False,REGULAR,USD,QQQ,put,2026-08-28,0.043835616438356165,0.115,0.0002127300611701649,-0.004594581549388854,-88241.15956366461,723.7000122070312,0.007307397746256994,2026-08-12
QQQ260828P00585000,2026-08-12 14:19:03+00:00,585.0,0.11,0.1,0.13,-0.07000001,-38.888893,17.0,462,0.401373173828125,False,REGULAR,USD,QQQ,put,2026-08-28,0.043835616438356165,0.115,0.00022641853678605033,-0.004733177936252719,-54786.19197010316,723.7000122070312,0.007307397746256994,2026-08-12
QQQ260828P00590000,2026-08-12 19:37:49+00:00,590.0,0.14,0.12,0.15,-0.08,-36.363636,30.0,893,0.3940490283203125,False,REGULAR,USD,QQQ,put,2026-08-28,0.043835616438356165,0.135,0.00026660015286358716,-0.005570275377960288,-124689.25005762406,723.7000122070312,0.007307397746256994,2026-08-12
QQQ260828P00595000,2026-08-12 20:11:15+00:00,595.0,0.14,0.13,0.16,-0.08,-36.363636,61.0,1272,0.38233039550781245,False,REGULAR,USD,QQQ,put,2026-08-28,0.043835616438356165,0.14500000000000002,0.0002964636277287961,-0.0060683473601106375,-197503.90637659363,723.7000122070312,0.007307397746256994,2026-08-12
QQQ260828P00600000,2026-08-12 20:13:53+00:00,600.0,0.17,0.15,0.17,-0.06999999,-29.166664,203.0,1958,0.3706117626953125,False,REGULAR,USD,QQQ,put,2026-08-28,0.043835616438356165,0.16,0.00033043282546976163,-0.006622484440984344,-338854.32356668013,723.7000122070312,0.007307397746256994,2026-08-12
QQQ260828P00605000,2026-08-12 19:33:54+00:00,605.0,0.17,0.16,0.19,-0.10000001,-37.03704,60.0,1497,0.36133451171875,False,REGULAR,USD,QQQ,put,2026-08-28,0.043835616438356165,0.175,0.00038132766024555413,-0.007569226105693327,-298976.648337461,723.7000122070312,0.007307397746256994,2026-08-12
QQQ260828P00610000,2026-08-12 19:44:52+00:00,610.0,0.2,0.18,0.21,-0.08999999,-31.034481,20.0,907,0.35108070800781244,False,REGULAR,USD,QQQ,put,2026-08-28,0.043835616438356165,0.195,0.00043548561290845846,-0.008519979352922702,-206870.35456273673,723.7000122070312,0.007307397746256994,2026-08-12
QQQ260828P00615000,2026-08-12 15:00:07+00:00,615.0,0.2,0.2,0.23,-0.13000001,-39.39394,40.0,960,0.34058276611328125,False,REGULAR,USD,QQQ,put,2026-08-28,0.043835616438356165,0.21500000000000002,0.0004971487986410014,-0.009573091650728172,-249962.45833493763,723.7000122070312,0.007307397746256994,2026-08-12
QQQ260828P00620000,2026-08-12 19:56:02+00:00,620.0,0.25,0.22,0.25,-0.13,-34.210526,99.0,1685,0.32959654785156245,False,REGULAR,USD,QQQ,put,2026-08-28,0.043835616438356165,0.235,0.0005658024398500766,-0.010693483788623448,-499323.3562443489,723.7000122070312,0.007307397746256994,2026-08-12
QQQ260828P00625000,2026-08-12 16:34:47+00:00,625.0,0.28,0.25,0.28,-0.120000005,-30.0,111.0,554,0.3198310205078124,False,REGULAR,USD,QQQ,put,2026-08-28,0.043835616438356165,0.265,0.0006559591379878078,-0.012246169130966655,-190328.45013611682,723.7000122070312,0.007307397746256994,2026-08-12
QQQ260828P00630000,2026-08-12 20:06:08+00:00,630.0,0.31,0.29,0.32,-0.18,-36.73469,39.0,1961,0.3107979077148437,False,REGULAR,USD,QQQ,put,2026-08-28,0.043835616438356165,0.305,0.0007694757869125269,-0.014250494918258472,-790295.8693509569,723.7000122070312,0.007307397746256994,2026-08-12
QQQ260828P00635000,2026-08-12 19:42:13+00:00,635.0,0.35,0.33,0.36,-0.19000003,-35.18519,16.0,541,0.3007882421875,False,REGULAR,USD,QQQ,put,2026-08-28,0.043835616438356165,0.345,0.0008950730798749327,-0.016357942819753002,-253613.8229078936,723.7000122070312,0.007307397746256994,2026-08-12
QQQ260828P00640000,2026-08-12 19:56:29+00:00,640.0,0.4,0.38,0.41,-0.20000002,-33.333336,1464.0,1656,0.2915109912109374,False,REGULAR,USD,QQQ,put,2026-08-28,0.043835616438356165,0.395,0.0010534083466362718,-0.019084428969940892,-913638.1957781906,723.7000122070312,0.007307397746256994,2026-08-12
QQQ260828P00645000,2026-08-12 20:13:20+00:00,645.0,0.45,0.44,0.47,-0.27000004,-37.500004,328.0,1170,0.2819896020507812,False,REGULAR,USD,QQQ,put,2026-08-28,0.043835616438356165,0.45499999999999996,0.0012405412825667694,-0.022258252444278703,-760176.1554247433,723.7000122070312,0.007307397746256994,2026-08-12
QQQ260828P00650000,2026-08-12 20:13:20+00:00,650.0,0.55,0.51,0.55,-0.32999998,-37.5,517.0,1662,0.273444765625,False,REGULAR,USD,QQQ,put,2026-08-28,0.043835616438356165,0.53,0.0014800729021507278,-0.026477844285684893,-1288342.361167237,723.7000122070312,0.007307397746256994,2026-08-12
QQQ260828P00651000,2026-08-12 14:46:01+00:00,651.0,0.59,0.53,0.57,-0.29000002,-32.954548,2.0,91,0.27197993652343744,False,REGULAR,USD,QQQ,put,2026-08-28,0.043835616438356165,0.55,0.00153724069414606,-0.027530064764234252,-73265.65302870466,723.7000122070312,0.007307397746256994,2026-08-12
QQQ260828P00652000,2026-08-12 13:30:39+00:00,652.0,0.59,0.55,0.59,-0.39000005,-39.79592,14.0,133,0.2703930383300781,False,REGULAR,USD,QQQ,put,2026-08-28,0.043835616438356165,0.5700000000000001,0.0015948242661355443,-0.028571585443085024,-111091.70594873087,723.7000122070312,0.007307397746256994,2026-08-12
QQQ260828P00653000,2026-08-07 18:05:15+00:00,653.0,1.2,0.57,0.61,0.0,0.0,43.0,123,0.2688061401367187,False,REGULAR,USD,QQQ,put,2026-08-28,0.043835616438356165,0.59,0.001654648152531266,-0.02965560456742311,-106592.81462665352,723.7000122070312,0.007307397746256994,2026-08-12
QQQ260828P00654000,2026-08-12 19:48:38+00:00,654.0,0.58,0.58,0.63,-0.45999998,-44.230766,2.0,233,0.26709717285156254,False,REGULAR,USD,QQQ,put,2026-08-28,0.043835616438356165,0.605,0.0017149246395847901,-0.030726403529648172,-209275.3713073124,723.7000122070312,0.007307397746256994,2026-08-12
QQQ260828P00655000,2026-08-12 19:56:03+00:00,655.0,0.64,0.6,0.64,-0.38,-37.2549,414.0,1633,0.26453372192382807,False,REGULAR,USD,QQQ,put,2026-08-28,0.043835616438356165,0.62,0.0017641513163242834,-0.031427139147799266,-1508826.0643544877,723.7000122070312,0.007307397746256994,2026-08-12
QQQ260828P00656000,2026-08-12 17:03:01+00:00,656.0,0.64,0.62,0.67,-0.39999998,-38.461536,6.0,102,0.26343510009765625,False,REGULAR,USD,QQQ,put,2026-08-28,0.043835616438356165,0.645,0.0018387364291906209,-0.03287758730109669,-98228.3416524027,723.7000122070312,0.007307397746256994,2026-08-12
QQQ260828P00657000,2026-08-12 20:05:13+00:00,657.0,0.66,0.65,0.69,-0.43,-39.44954,31.0,128,0.2616040637207031,False,REGULAR,USD,QQQ,put,2026-08-28,0.043835616438356165,0.6699999999999999,0.0019043080493234528,-0.03401763505257882,-127662.79035897009,723.7000122070312,0.007307397746256994,2026-08-12
QQQ260828P00658000,2026-08-12 19:41:49+00:00,658.0,0.68,0.67,0.71,-0.39000005,-36.4486,12.0,206,0.25965095825195317,False,REGULAR,USD,QQQ,put,2026-08-28,0.043835616438356165,0.69,0.0019704439857256323,-0.03513923147288456,-212592.7617774906,723.7000122070312,0.007307397746256994,2026-08-12
QQQ260828P00659000,2026-08-12 14:39:46+00:00,659.0,0.77,0.69,0.73,-0.43000007,-35.83334,39.0,114,0.2576978527832031,False,REGULAR,USD,QQQ,put,2026-08-28,0.043835616438356165,0.71,0.002039199386689123,-0.03630502967108529,-121753.56967295764,723.7000122070312,0.007307397746256994,2026-08-12
QQQ260828P00660000,2026-08-12 20:13:33+00:00,660.0,0.74,0.72,0.75,-0.42999995,-36.752136,411.0,2998,0.2556226782226563,False,REGULAR,USD,QQQ,put,2026-08-28,0.043835616438356165,0.735,0.002108598333334358,-0.037449667196767455,-3310873.9538784237,723.7000122070312,0.007307397746256994,2026-08-12
QQQ260828P00661000,2026-08-12 19:37:14+00:00,661.0,0.75,0.74,0.78,-0.55999994,-42.74809,4.0,223,0.25427991821289064,False,REGULAR,USD,QQQ,put,2026-08-28,0.043835616438356165,0.76,0.0021935140846860287,-0.03905446395223733,-256190.163189345,723.7000122070312,0.007307397746256994,2026-08-12
QQQ260828P00662000,2026-08-12 13:33:08+00:00,662.0,0.82,0.77,0.81,-0.46999997,-36.434105,91.0,143,0.2528150891113281,False,REGULAR,USD,QQQ,put,2026-08-28,0.043835616438356165,0.79,0.0022795584488338886,-0.040657549963371564,-170727.67636529182,723.7000122070312,0.007307397746256994,2026-08-12
QQQ260828P00663000,2026-08-12 18:09:30+00:00,663.0,0.79,0.8,0.84,-0.54,-40.601505,17.0,375,0.2512281909179687,False,REGULAR,USD,QQQ,put,2026-08-28,0.043835616438356165,0.8200000000000001,0.0023667699771771525,-0.04225594956338763,-464841.056064449,723.7000122070312,0.007307397746256994,2026-08-12
QQQ260828P00664000,2026-08-12 18:53:45+00:00,664.0,0.81,0.83,0.86,-0.59,-42.142857,6.0,335,0.24890887817382812,False,REGULAR,USD,QQQ,put,2026-08-28,0.043835616438356165,0.845,0.002444191759545182,-0.043471161051178764,-428841.9306144772,723.7000122070312,0.007307397746256994,2026-08-12
QQQ260828P00665000,2026-08-12 19:54:44+00:00,665.0,0.86,0.86,0.9,-0.56999993,-39.860134,239.0,1107,0.24781025634765624,False,REGULAR,USD,QQQ,put,2026-08-28,0.043835616438356165,0.88,0.002547105440433251,-0.045503879065091346,-1476766.0657534304,723.7000122070312,0.007307397746256994,2026-08-12
QQQ260828P00666000,2026-08-12 18:53:45+00:00,666.0,0.86,0.89,0.93,-0.6,-41.09589,25.0,129,0.24597921997070313,False,REGULAR,USD,QQQ,put,2026-08-28,0.043835616438356165,0.91,0.002640396546015934,-0.047151370444040275,-178392.26767526433,723.7000122070312,0.007307397746256994,2026-08-12
QQQ260828P00667000,2026-08-12 19:44:24+00:00,667.0,0.93,0.92,0.96,-0.57,-38.0,60.0,414,0.24414818359375,False,REGULAR,USD,QQQ,put,2026-08-28,0.043835616438356165,0.94,0.0027374085624462625,-0.04886737053950874,-593549.7445238909,723.7000122070312,0.007307397746256994,2026-08-12
QQQ260828P00668000,2026-08-12 19:35:15+00:00,668.0,0.97,0.95,1.0,-0.68999994,-41.56626,20.0,171,0.24280542358398435,False,REGULAR,USD,QQQ,put,2026-08-28,0.043835616438356165,0.975,0.002847430528148532,-0.050988671588954926,-255015.39976484736,723.7000122070312,0.007307397746256994,2026-08-12
QQQ260828P00669000,2026-08-12 19:51:10+00:00,669.0,1.0,0.99,1.03,-0.69000006,-40.828407,11.0,191,0.24085231811523436,False,REGULAR,USD,QQQ,put,2026-08-28,0.043835616438356165,1.01,0.0029501269737921085,-0.052774377634276504,-295114.9669666974,723.7000122070312,0.007307397746256994,2026-08-12
QQQ260828P00670000,2026-08-12 20:05:16+00:00,670.0,0.98,1.03,1.07,-0.71000004,-42.011833,401.0,6162,0.23926541992187497,False,REGULAR,USD,QQQ,put,2026-08-28,0.043835616438356165,1.05,0.0030639169116141404,-0.054897708369173626,-9888168.026880106,723.7000122070312,0.007307397746256994,2026-08-12
QQQ260828P00671000,2026-08-12 19:37:14+00:00,671.0,1.07,1.07,1.11,-0.78999996,-42.473118,37.0,144,0.23767852172851558,False,REGULAR,USD,QQQ,put,2026-08-28,0.043835616438356165,1.09,0.003182103328381335,-0.05711231580899323,-239990.4332904847,723.7000122070312,0.007307397746256994,2026-08-12
QQQ260828P00672000,2026-08-12 19:39:19+00:00,672.0,1.12,1.11,1.15,-0.67999995,-37.777775,3335.0,4798,0.23596955444335935,False,REGULAR,USD,QQQ,put,2026-08-28,0.043835616438356165,1.13,0.003302521897629015,-0.059329958832387786,-8298949.262811578,723.7000122070312,0.007307397746256994,2026-08-12
QQQ260828P00673000,2026-08-12 18:28:08+00:00,673.0,1.11,1.15,1.2,-0.9,-44.77612,95.0,273,0.23462679443359374,False,REGULAR,USD,QQQ,put,2026-08-28,0.043835616438356165,1.1749999999999998,0.0034345940325290827,-0.061926423255015184,-491083.35924229614,723.7000122070312,0.007307397746256994,2026-08-12
QQQ260828P00674000,2026-08-12 19:27:00+00:00,674.0,1.19,1.2,1.24,-0.78,-39.593906,72.0,274,0.2327347235107422,False,REGULAR,USD,QQQ,put,2026-08-28,0.043835616438356165,1.22,0.0035611288661774555,-0.06419991538521186,-511040.60952618555,723.7000122070312,0.007307397746256994,2026-08-12
QQQ260828P00675000,2026-08-12 19:49:38+00:00,675.0,1.22,1.25,1.29,-0.80999994,-39.901474,226.0,971,0.23120885986328127,False,REGULAR,USD,QQQ,put,2026-08-28,0.043835616438356165,1.27,0.0036996337390204454,-0.06686818341157785,-1881460.5699479578,723.7000122070312,0.007307397746256994,2026-08-12
QQQ260828P00676000,2026-08-12 19:18:07+00:00,676.0,1.26,1.29,1.34,-0.9100001,-41.935486,6.0,179,0.22962196166992188,False,REGULAR,USD,QQQ,put,2026-08-28,0.043835616438356165,1.315,0.0038421807398696804,-0.06960138570577734,-360203.54403476627,723.7000122070312,0.007307397746256994,2026-08-12
QQQ260828P00677000,2026-08-12 20:05:13+00:00,677.0,1.33,1.34,1.39,-0.88,-39.819004,52.0,170,0.22797402893066404,False,REGULAR,USD,QQQ,put,2026-08-28,0.043835616438356165,1.365,0.003988963679133352,-0.0724009723275979,-355161.7303532481,723.7000122070312,0.007307397746256994,2026-08-12
QQQ260828P00678000,2026-08-12 19:17:19+00:00,678.0,1.34,1.4,1.45,-0.93999994,-41.228065,74.0,252,0.22657023437499998,False,REGULAR,USD,QQQ,put,2026-08-28,0.043835616438356165,1.4249999999999998,0.004145754587883333,-0.0755347090766898,-547168.7560329542,723.7000122070312,0.007307397746256994,2026-08-12
QQQ260828P00679000,2026-08-12 17:40:15+00:00,679.0,1.42,1.46,1.51,-0.91999996,-39.31624,12.0,170,0.22510540527343748,False,REGULAR,USD,QQQ,put,2026-08-28,0.043835616438356165,1.4849999999999999,0.00430703622138502,-0.07875027745377183,-383481.66594827524,723.7000122070312,0.007307397746256994,2026-08-12
QQQ260828P00680000,2026-08-12 20:03:15+00:00,680.0,1.48,1.52,1.57,-0.99,-40.08097,3892.0,10179,0.2235185070800781,False,REGULAR,USD,QQQ,put,2026-08-28,0.043835616438356165,1.545,0.004471954713461434,-0.08199410358157988,-23840736.68892871,723.7000122070312,0.007307397746256994,2026-08-12
QQQ260828P00681000,2026-08-12 19:07:24+00:00,681.0,1.53,1.58,1.63,-1.1000001,-41.8251,24.0,173,0.22187057434082028,False,REGULAR,USD,QQQ,put,2026-08-28,0.043835616438356165,1.605,0.004641855087826779,-0.08532168504519722,-420586.0281074891,723.7000122070312,0.007307397746256994,2026-08-12
QQQ260828P00682000,2026-08-12 17:03:49+00:00,682.0,1.64,1.64,1.7,-1.34,-44.966442,23.0,125,0.22046677978515622,False,REGULAR,USD,QQQ,put,2026-08-28,0.043835616438356165,1.67,0.004822027540185349,-0.08902558705784491,-315687.11729012564,723.7000122070312,0.007307397746256994,2026-08-12
QQQ260828P00683000,2026-08-12 20:13:33+00:00,683.0,1.74,1.71,1.77,-1.1600001,-40.0,46.0,272,0.21894091613769529,False,REGULAR,USD,QQQ,put,2026-08-28,0.043835616438356165,1.74,0.005006395728689407,-0.092771186075566,-713199.8435125379,723.7000122070312,0.007307397746256994,2026-08-12
QQQ260828P00684000,2026-08-12 19:17:19+00:00,684.0,1.72,1.79,1.84,-1.19,-40.89347,27.0,201,0.21735401794433595,False,REGULAR,USD,QQQ,put,2026-08-28,0.043835616438356165,1.815,0.005196256216742769,-0.09661830547930261,-547020.7169923787,723.7000122070312,0.007307397746256994,2026-08-12
QQQ260828P00685000,2026-08-12 20:03:54+00:00,685.0,1.84,1.87,1.92,-1.1899999,-39.273926,184.0,1044,0.21595022338867187,False,REGULAR,USD,QQQ,put,2026-08-28,0.043835616438356165,1.895,0.005395393893504282,-0.10081614518369852,-2950127.6950263265,723.7000122070312,0.007307397746256994,2026-08-12
QQQ260828P00686000,2026-08-12 19:07:24+00:00,686.0,1.88,1.94,2.01,-1.42,-43.030304,15.0,87,0.21479056701660154,False,REGULAR,USD,QQQ,put,2026-08-28,0.043835616438356165,1.9749999999999999,0.005604258747031088,-0.10544410943083038,-255361.0120355777,723.7000122070312,0.007307397746256994,2026-08-12
QQQ260828P00687000,2026-08-12 17:03:49+00:00,687.0,2.01,2.03,2.1,-1.4300001,-41.569767,6.0,86,0.21344780700683597,False,REGULAR,USD,QQQ,put,2026-08-28,0.043835616438356165,2.065,0.005816924839688499,-0.11007673400196794,-262004.68880690675,723.7000122070312,0.007307397746256994,2026-08-12
QQQ260828P00688000,2026-08-12 19:06:10+00:00,688.0,2.2,2.12,2.19,-1.3799999,-38.54748,55.0,273,0.21198297790527343,False,REGULAR,USD,QQQ,put,2026-08-28,0.043835616438356165,2.1550000000000002,0.00603470826735846,-0.11477627127017143,-862851.5568110467,723.7000122070312,0.007307397746256994,2026-08-12
QQQ260828P00689000,2026-08-12 18:13:21+00:00,689.0,2.06,2.21,2.29,-1.79,-46.493507,5.0,196,0.21076228698730468,False,REGULAR,USD,QQQ,put,2026-08-28,0.043835616438356165,2.25,0.006261709358093875,-0.11993731778434258,-642785.5970178024,723.7000122070312,0.007307397746256994,2026-08-12
QQQ260828P00690000,2026-08-12 19:55:09+00:00,690.0,2.37,2.31,2.38,-1.3200002,-35.77236,736.0,2923,0.2090533197021484,False,REGULAR,USD,QQQ,put,2026-08-28,0.043835616438356165,2.3449999999999998,0.0064907879792928955,-0.12478115585353122,-9936727.919876333,723.7000122070312,0.007307397746256994,2026-08-12
QQQ260828P00691000,2026-08-12 17:53:20+00:00,691.0,2.26,2.41,2.49,-1.76,-43.781094,7.0,152,0.20783262878417966,False,REGULAR,USD,QQQ,put,2026-08-28,0.043835616438356165,2.45,0.006730917398667379,-0.13037132058506729,-535839.850228114,723.7000122070312,0.007307397746256994,2026-08-12
QQQ260828P00692000,2026-08-12 19:43:45+00:00,692.0,2.6,2.52,2.6,-1.6199999,-38.388622,54.0,277,0.20645935150146477,False,REGULAR,USD,QQQ,put,2026-08-28,0.043835616438356165,2.56,0.006976394493322587,-0.1360204312134361,-1012110.5679885413,723.7000122070312,0.007307397746256994,2026-08-12
QQQ260828P00693000,2026-08-12 19:43:32+00:00,693.0,2.65,2.64,2.71,-1.4699998,-35.679607,39.0,108,0.2049640051269531,False,REGULAR,USD,QQQ,put,2026-08-28,0.043835616438356165,2.675,0.007228046380738338,-0.14176490118938123,-408847.9702919085,723.7000122070312,0.007307397746256994,2026-08-12
QQQ260828P00694000,2026-08-12 18:33:05+00:00,694.0,2.58,2.76,2.83,-1.7800002,-40.82569,30.0,458,0.20359072784423826,False,REGULAR,USD,QQQ,put,2026-08-28,0.043835616438356165,2.795,0.007486940120491632,-0.14788661955545224,-1795920.0441943395,723.7000122070312,0.007307397746256994,2026-08-12
QQQ260828P00695000,2026-08-12 19:42:17+00:00,695.0,2.9,2.88,2.96,-1.6799998,-36.68122,523.0,818,0.20233951965332028,False,REGULAR,USD,QQQ,put,2026-08-28,0.043835616438356165,2.92,0.00775230555923785,-0.1543973426157268,-3321248.3051056564,723.7000122070312,0.007307397746256994,2026-08-12
QQQ260828P00696000,2026-08-12 19:01:14+00:00,696.0,2.89,3.01,3.09,-2.0599997,-41.616158,47.0,187,0.20093572509765623,False,REGULAR,USD,QQQ,put,2026-08-28,0.043835616438356165,3.05,0.008023905129847386,-0.1609910510675362,-785858.8559018053,723.7000122070312,0.007307397746256994,2026-08-12
QQQ260828P00697000,2026-08-12 19:19:09+00:00,697.0,3.03,3.15,3.23,-1.9399998,-39.034203,24.0,751,0.19965399963378905,False,REGULAR,USD,QQQ,put,2026-08-28,0.043835616438356165,3.19,0.008301296856351056,-0.167990927250389,-3265149.278947481,723.7000122070312,0.007307397746256994,2026-08-12
QQQ260828P00698000,2026-08-12 17:45:30+00:00,698.0,3.13,3.3,3.38,-2.0499997,-39.575287,24.0,168,0.1984333087158203,False,REGULAR,USD,QQQ,put,2026-08-28,0.043835616438356165,3.34,0.0085838498178512,-0.17533548998767334,-755280.9872111216,723.7000122070312,0.007307397746256994,2026-08-12
QQQ260828P00699000,2026-08-12 19:59:11+00:00,699.0,3.5,3.45,3.53,-2.0900002,-37.388195,24.0,294,0.19706003143310546,False,REGULAR,USD,QQQ,put,2026-08-28,0.043835616438356165,3.49,0.0088729316805282,-0.18278444804063365,-1366254.5707733056,723.7000122070312,0.007307397746256994,2026-08-12
QQQ260828P00700000,2026-08-12 20:13:54+00:00,700.0,3.64,3.61,3.68,-1.8900001,-34.177216,494.0,13126,0.19556468505859376,False,REGULAR,USD,QQQ,put,2026-08-28,0.043835616438356165,3.645,0.009169082869221782,-0.19038075161509327,-63034085.67691722,723.7000122070312,0.007307397746256994,2026-08-12
QQQ260828P00701000,2026-08-12 19:39:19+00:00,701.0,3.71,3.77,3.86,-2.04,-35.47826,3309.0,4826,0.1945270977783203,False,REGULAR,USD,QQQ,put,2026-08-28,0.043835616438356165,3.815,0.009464084381469248,-0.19880411441191392,-23921206.562853776,723.7000122070312,0.007307397746256994,2026-08-12
QQQ260828P00702000,2026-08-12 20:14:35+00:00,702.0,3.99,3.95,4.03,-1.6499999,-29.255318,67.0,117,0.19315382049560548,False,REGULAR,USD,QQQ,put,2026-08-28,0.043835616438356165,3.99,0.009768151695650476,-0.207142433508534,-598570.6486318082,723.7000122070312,0.007307397746256994,2026-08-12
QQQ260828P00703000,2026-08-12 19:30:13+00:00,703.0,4.1,4.13,4.22,-2.17,-34.60925,21.0,1945,0.1920246813964844,False,REGULAR,USD,QQQ,put,2026-08-28,0.043835616438356165,4.175,0.010071344505666472,-0.21607048728714573,-10259453.265484853,723.7000122070312,0.007307397746256994,2026-08-12
QQQ260828P00704000,2026-08-12 18:40:49+00:00,704.0,4.01,4.32,4.41,-2.8599997,-41.630272,42.0,294,0.19071243865966797,False,REGULAR,USD,QQQ,put,2026-08-28,0.043835616438356165,4.365,0.010381469636491716,-0.22510554080412515,-1598539.3388441764,723.7000122070312,0.007307397746256994,2026-08-12
QQQ260828P00705000,2026-08-12 19:59:16+00:00,705.0,4.56,4.52,4.61,-2.0700002,-31.221722,654.0,2780,0.18946123046875002,False,REGULAR,USD,QQQ,put,2026-08-28,0.043835616438356165,4.5649999999999995,0.010692843837678906,-0.23453191393821415,-15568801.45003109,723.7000122070312,0.007307397746256994,2026-08-12
QQQ260828P00706000,2026-08-12 19:41:36+00:00,706.0,4.73,4.73,4.82,-2.65,-35.90786,41.0,331,0.188210022277832,False,REGULAR,USD,QQQ,put,2026-08-28,0.043835616438356165,4.775,0.011006162944850727,-0.24428568033734488,-1908011.95652804,723.7000122070312,0.007307397746256994,2026-08-12
QQQ260828P00707000,2026-08-12 17:28:15+00:00,707.0,4.73,4.95,5.04,-2.6799998,-36.16734,5.0,214,0.1869893313598633,False,REGULAR,USD,QQQ,put,2026-08-28,0.043835616438356165,4.995,0.011319645717312655,-0.25440440174534407,-1268714.1037320755,723.7000122070312,0.007307397746256994,2026-08-12
QQQ260828P00708000,2026-08-12 19:37:04+00:00,708.0,5.12,5.18,5.27,-2.4100003,-32.005314,101.0,420,0.18579915771484373,False,REGULAR,USD,QQQ,put,2026-08-28,0.043835616438356165,5.225,0.011632192914970625,-0.2648900927229454,-2558751.1241105706,723.7000122070312,0.007307397746256994,2026-08-12
QQQ260828P00709000,2026-08-12 18:19:10+00:00,709.0,5.1,5.41,5.51,-3.2900004,-39.213352,10.0,890,0.18457846679687498,False,REGULAR,USD,QQQ,put,2026-08-28,0.043835616438356165,5.46,0.011945264366448355,-0.2756819087149719,-5568047.510473001,723.7000122070312,0.007307397746256994,2026-08-12
QQQ260828P00710000,2026-08-12 19:59:43+00:00,710.0,5.66,5.66,5.76,-2.58,-31.31068,3951.0,1233,0.18335777587890623,False,REGULAR,USD,QQQ,put,2026-08-28,0.043835616438356165,5.71,0.012256876519056685,-0.2868151713942204,-7915166.362006077,723.7000122070312,0.007307397746256994,2026-08-12
QQQ260828P00711000,2026-08-12 18:19:36+00:00,711.0,5.54,5.93,6.03,-3.5200005,-38.8521,141.0,219,0.1823201885986328,False,REGULAR,USD,QQQ,put,2026-08-28,0.043835616438356165,5.98,0.012556724445737005,-0.2984629757590803,-1440249.1865612303,723.7000122070312,0.007307397746256994,2026-08-12
QQQ260828P00712000,2026-08-12 18:25:37+00:00,712.0,5.76,6.19,6.3,-3.1899996,-35.642456,17.0,331,0.18109949768066402,False,REGULAR,USD,QQQ,put,2026-08-28,0.043835616438356165,6.245,0.012861742718470402,-0.3102764855300224,-2229692.492433095,723.7000122070312,0.007307397746256994,2026-08-12
QQQ260828P00713000,2026-08-12 19:58:04+00:00,713.0,6.52,6.47,6.58,-2.8600001,-30.490404,13.0,201,0.17984828948974607,False,REGULAR,USD,QQQ,put,2026-08-28,0.043835616438356165,6.525,0.013164011904825784,-0.3224082616906545,-1385802.9570350724,723.7000122070312,0.007307397746256994,2026-08-12
QQQ260828P00714000,2026-08-12 18:58:32+00:00,714.0,6.52,6.77,6.87,-3.15,-32.574974,8.0,239,0.1785665640258789,False,REGULAR,USD,QQQ,put,2026-08-28,0.043835616438356165,6.82,0.013462735160296857,-0.33486211731350457,-1685188.0207553515,723.7000122070312,0.007307397746256994,2026-08-12
QQQ260828P00715000,2026-08-12 20:05:14+00:00,715.0,6.7,7.09,7.18,-3.3600006,-33.39961,628.0,1136,0.1774374249267578,False,REGULAR,USD,QQQ,put,2026-08-28,0.043835616438356165,7.135,0.013744817653069305,-0.3477767284611675,-8177762.129822644,723.7000122070312,0.007307397746256994,2026-08-12
QQQ260828P00716000,2026-08-12 18:58:32+00:00,716.0,7.13,7.4,7.5,-3.7200003,-34.285717,4.0,233,0.1762472512817383,False,REGULAR,USD,QQQ,put,2026-08-28,0.043835616438356165,7.45,0.014022285850446228,-0.3609774886374433,-1711165.0332576132,723.7000122070312,0.007307397746256994,2026-08-12
QQQ260828P00717000,2026-08-12 19:59:02+00:00,717.0,7.86,7.73,7.84,-2.94,-27.222221,30.0,354,0.17517914672851562,False,REGULAR,USD,QQQ,put,2026-08-28,0.043835616438356165,7.785,0.014280907476679313,-0.3745828378618441,-2647745.431587506,723.7000122070312,0.007307397746256994,2026-08-12
QQQ260828P00718000,2026-08-12 19:41:28+00:00,718.0,8.06,8.07,8.19,-3.2999992,-29.049292,68.0,321,0.17408052490234377,False,REGULAR,USD,QQQ,put,2026-08-28,0.043835616438356165,8.129999999999999,0.014529856575659382,-0.3884783750002654,-2442775.2983314674,723.7000122070312,0.007307397746256994,2026-08-12
QQQ260828P00719000,2026-08-12 19:37:36+00:00,719.0,8.39,8.42,8.55,-4.16,-33.14741,38.0,264,0.17292086853027344,False,REGULAR,USD,QQQ,put,2026-08-28,0.043835616438356165,8.485,0.014770530145483825,-0.40264731196054415,-2042288.867932929,723.7000122070312,0.007307397746256994,2026-08-12
QQQ260828P00720000,2026-08-12 20:05:27+00:00,720.0,8.33,8.81,8.92,-3.8900003,-31.833063,532.0,2540,0.17170017761230472,False,REGULAR,USD,QQQ,put,2026-08-28,0.043835616438356165,8.865,0.015002083229692877,-0.4170934870244236,-19957330.39083132,723.7000122070312,0.007307397746256994,2026-08-12
QQQ260828P00721000,2026-08-12 19:49:41+00:00,721.0,9.01,9.18,9.32,-3.7799997,-29.554337,24.0,210,0.17072362487792972,False,REGULAR,USD,QQQ,put,2026-08-28,0.043835616438356165,9.25,0.015196993488525287,-0.4319161748166266,-1671452.8574323982,723.7000122070312,0.007307397746256994,2026-08-12
QQQ260828P00722000,2026-08-12 18:24:53+00:00,722.0,9.01,9.6,9.72,-4.8899994,-35.17985,117.0,288,0.1695334512329102,False,REGULAR,USD,QQQ,put,2026-08-28,0.043835616438356165,9.66,0.01539281431928184,-0.4469369101122618,-2321815.350932396,723.7000122070312,0.007307397746256994,2026-08-12
QQQ260828P00723000,2026-08-12 20:03:06+00:00,723.0,9.8,10.01,10.15,-4.3899994,-30.937277,405.0,359,0.16858741577148442,False,REGULAR,USD,QQQ,put,2026-08-28,0.043835616438356165,10.08,0.015547610926223513,-0.4622600186632674,-2923312.6945027593,723.7000122070312,0.007307397746256994,2026-08-12
QQQ260828P00724000,2026-08-12 20:01:17+00:00,724.0,10.17,10.46,10.58,-4.17,-29.079498,115.0,230,0.16739724212646484,True,REGULAR,USD,QQQ,put,2026-08-28,0.043835616438356165,10.52,0.015704179113143608,-0.4777790247710719,-1891734.7248373048,723.7000122070312,0.007307397746256994,2026-08-12
QQQ260828P00725000,2026-08-12 20:11:29+00:00,725.0,10.78,10.91,11.04,-3.87,-26.416384,316.0,411,0.16642068939208987,True,REGULAR,USD,QQQ,put,2026-08-28,0.043835616438356165,10.975,0.01581879360605628,-0.4935225667694745,-3405119.3723377134,723.7000122070312,0.007307397746256994,2026-08-12
QQQ260828P00726000,2026-08-12 19:32:12+00:00,726.0,11.23,11.37,11.51,-3.17,-22.01389,288.0,186,0.16538310211181645,True,REGULAR,USD,QQQ,put,2026-08-28,0.043835616438356165,11.44,0.01591567165195697,-0.5094483371727203,-1550440.3952416703,723.7000122070312,0.007307397746256994,2026-08-12
QQQ260828P00727000,2026-08-12 19:43:47+00:00,727.0,11.94,11.86,12.0,-3.46,-22.467533,20.0,69,0.16443706665039062,True,REGULAR,USD,QQQ,put,2026-08-28,0.043835616438356165,11.93,0.0159789682146187,-0.5255154295438113,-577450.7948658034,723.7000122070312,0.007307397746256994,2026-08-12
QQQ260828P00728000,2026-08-12 17:53:30+00:00,728.0,11.57,12.35,12.5,-3.7700005,-24.576275,9.0,122,0.163368962097168,True,REGULAR,USD,QQQ,put,2026-08-28,0.043835616438356165,12.425,0.01602809944300247,-0.5417450496931071,-1024139.269100871,723.7000122070312,0.007307397746256994,2026-08-12
QQQ260828P00729000,2026-08-12 16:48:45+00:00,729.0,12.66,12.86,13.05,-3.380001,-21.072325,1.0,14,0.16285016845703126,True,REGULAR,USD,QQQ,put,2026-08-28,0.043835616438356165,12.955,0.015997442163762456,-0.5578550873696484,-117299.38748046859,723.7000122070312,0.007307397746256994,2026-08-12
QQQ260828P00730000,2026-08-12 20:11:33+00:00,730.0,13.3,13.4,13.58,-4.2,-23.999998,57.0,249,0.16175154663085936,True,REGULAR,USD,QQQ,put,2026-08-28,0.043835616438356165,13.49,0.01599474696084853,-0.5742598409432615,-2085901.905662919,723.7000122070312,0.007307397746256994,2026-08-12
QQQ260828P00731000,2026-08-12 19:07:58+00:00,731.0,13.39,13.95,14.15,-3.7399988,-21.833035,11.0,26,0.16104964935302735,True,REGULAR,USD,QQQ,put,2026-08-28,0.043835616438356165,14.05,0.01592617407079418,-0.5904844863347696,-216871.24171603404,723.7000122070312,0.007307397746256994,2026-08-12
QQQ260828P00732000,2026-08-12 15:01:20+00:00,732.0,14.88,14.52,14.72,-3.6600008,-19.741104,1.0,39,0.16007309661865232,True,REGULAR,USD,QQQ,put,2026-08-28,0.043835616438356165,14.620000000000001,0.015854429024757227,-0.6068745899728312,-323841.40352985344,723.7000122070312,0.007307397746256994,2026-08-12
QQQ260828P00733000,2026-08-11 15:11:14+00:00,733.0,18.43,15.11,15.31,0.0,0.0,1.0,15,0.1591575784301758,True,REGULAR,USD,QQQ,put,2026-08-28,0.043835616438356165,15.21,0.015747585217391034,-0.6232026806920725,-123715.00760116399,723.7000122070312,0.007307397746256994,2026-08-12
QQQ260828P00734000,2026-08-12 19:59:01+00:00,734.0,15.91,15.72,15.92,-4.3999996,-21.664204,9.0,14,0.15833361206054689,True,REGULAR,USD,QQQ,put,2026-08-28,0.043835616438356165,15.82,0.015603252543415878,-0.6393924474282914,-114409.03785179161,723.7000122070312,0.007307397746256994,2026-08-12
QQQ260828P00735000,2026-08-12 18:22:27+00:00,735.0,15.56,16.34,16.54,-5.999999,-27.82931,9.0,28,0.1573570593261719,True,REGULAR,USD,QQQ,put,2026-08-28,0.043835616438356165,16.439999999999998,0.015442136843000531,-0.6556351255912891,-226455.35136568674,723.7000122070312,0.007307397746256994,2026-08-12
QQQ260828P00736000,2026-08-12 16:03:12+00:00,736.0,17.29,16.98,17.18,-3.6399994,-17.391302,2.0,8,0.15650257568359377,True,REGULAR,USD,QQQ,put,2026-08-28,0.043835616438356165,17.08,0.015241372206871977,-0.67163764546617,-63860.33845470153,723.7000122070312,0.007307397746256994,2026-08-12
QQQ260828P00737000,2026-08-12 14:06:41+00:00,737.0,17.47,17.63,17.84,-39.83,-69.511345,2.0,5,0.15567860931396482,True,REGULAR,USD,QQQ,put,2026-08-28,0.043835616438356165,17.735,0.015009451817477159,-0.687445218893511,-39305.37963026458,723.7000122070312,0.007307397746256994,2026-08-12
QQQ260828P00738000,2026-08-12 14:22:30+00:00,738.0,18.13,18.31,18.51,-8.720001,-32.476727,4.0,3,0.1547630911254883,True,REGULAR,USD,QQQ,put,2026-08-28,0.043835616438356165,18.41,0.0147554969839924,-0.7031737963142398,-23184.207563678843,723.7000122070312,0.007307397746256994,2026-08-12
QQQ260828P00739000,2026-08-12 19:12:37+00:00,739.0,18.53,18.78,19.65,-4.25,-18.656715,10.0,6,0.16254499572753905,True,REGULAR,USD,QQQ,put,2026-08-28,0.043835616438356165,19.215,0.013953415772077014,-0.7075376324086788,-43847.91482565359,723.7000122070312,0.007307397746256994,2026-08-12
QQQ260828P00740000,2026-08-12 20:13:17+00:00,740.0,20.0,19.48,20.38,-3.2199993,-13.867353,16.0,22,0.1624229266357422,True,REGULAR,USD,QQQ,put,2026-08-28,0.043835616438356165,19.93,0.013649590208987953,-0.7211988105314395,-157274.91307066008,723.7000122070312,0.007307397746256994,2026-08-12
QQQ260828P00741000,2026-08-11 16:06:26+00:00,741.0,24.5,18.75,20.92,0.0,0.0,4.0,4,0.15824206024169923,True,REGULAR,USD,QQQ,put,2026-08-28,0.043835616438356165,19.835,0.01352644972599283,-0.7400654444811146,-28337.463512732076,723.7000122070312,0.007307397746256994,2026-08-12
QQQ260828P00742000,2026-08-07 15:18:19+00:00,742.0,25.53,19.49,23.16,0.0,0.0,2.0,3,0.1874776077270508,True,REGULAR,USD,QQQ,put,2026-08-28,0.043835616438356165,21.325,0.011925178554743416,-0.7163070062299642,-18737.140141537744,723.7000122070312,0.007307397746256994,2026-08-12
QQQ260828P00743000,2026-08-12 15:35:13+00:00,743.0,22.25,20.24,23.86,-44.15,-66.49096,1.0,0,0.18665364135742188,True,REGULAR,USD,QQQ,put,2026-08-28,0.043835616438356165,22.049999999999997,0.011717857083093062,-0.7287596789844949,-0.0,723.7000122070312,0.007307397746256994,2026-08-12
QQQ260828P00745000,2026-08-12 16:17:34+00:00,745.0,23.44,23.25,24.11,-5.4300003,-18.80845,2.0,27,0.15943223388671873,True,REGULAR,USD,QQQ,put,2026-08-28,0.043835616438356165,23.68,0.01199404112084924,-0.7880795733249588,-169608.0486189405,723.7000122070312,0.007307397746256994,2026-08-12
QQQ260828P00746000,2026-08-11 19:31:02+00:00,746.0,29.67,22.59,24.94,0.0,0.0,2.0,15,0.15988999298095702,True,REGULAR,USD,QQQ,put,2026-08-28,0.043835616438356165,23.765,0.011596389051148067,-0.798832960639721,-91102.68906654132,723.7000122070312,0.007307397746256994,2026-08-12
QQQ260828P00747000,2026-08-10 16:32:04+00:00,747.0,28.5,23.4,25.76,0.0,0.0,13.0,7,0.1598594757080078,True,REGULAR,USD,QQQ,put,2026-08-28,0.043835616438356165,24.58,0.011205665028811432,-0.80993316036803,-41082.118964252884,723.7000122070312,0.007307397746256994,2026-08-12
QQQ260828P00748000,2026-07-10 16:19:06+00:00,748.0,35.12,24.23,26.28,0.0,0.0,0.0,0,0.15192498474121097,True,REGULAR,USD,QQQ,put,2026-08-28,0.043835616438356165,25.255000000000003,0.010855559199581533,-0.8332901810457319,-0.0,723.7000122070312,0.007307397746256994,2026-08-12
QQQ260828P00749000,2026-07-23 19:21:42+00:00,749.0,59.47,25.06,28.73,0.0,0.0,2.0,0,0.1909260595703125,True,REGULAR,USD,QQQ,put,2026-08-28,0.043835616438356165,26.895,0.010047756161228546,-0.7869130659502473,-0.0,723.7000122070312,0.007307397746256994,2026-08-12
QQQ260828P00750000,2026-08-12 20:00:51+00:00,750.0,27.39,27.26,28.28,-5.6100006,-17.000002,19.0,24,0.15992051025390625,True,REGULAR,USD,QQQ,put,2026-08-28,0.043835616438356165,27.770000000000003,0.010015768909746264,-0.8406195120126351,-125896.2218976756,723.7000122070312,0.007307397746256994,2026-08-12
QQQ260828P00751000,2026-07-14 14:34:13+00:00,751.0,38.46,28.1,28.88,0.0,0.0,0.0,0,0.1524742956542969,True,REGULAR,USD,QQQ,put,2026-08-28,0.043835616438356165,28.490000000000002,0.00954346983261248,-0.8619302890795222,-0.0,723.7000122070312,0.007307397746256994,2026-08-12
QQQ260828P00752000,2026-08-05 19:42:33+00:00,752.0,34.0,27.65,30.01,0.0,0.0,0.0,0,0.16010361389160155,True,REGULAR,USD,QQQ,put,2026-08-28,0.043835616438356165,28.83,0.009225022321527011,-0.8588742739620158,-0.0,723.7000122070312,0.007307397746256994,2026-08-12
QQQ260828P00754000,2026-08-07 16:48:45+00:00,754.0,34.63,29.42,31.79,0.0,0.0,2.0,0,0.16083602844238282,True,REGULAR,USD,QQQ,put,2026-08-28,0.043835616438356165,30.605,0.008459143009070625,-0.8747427546514561,-0.0,723.7000122070312,0.007307397746256994,2026-08-12
QQQ260828P00755000,2026-08-12 15:43:41+00:00,755.0,32.17,30.22,33.98,-3.6900024,-10.290024,2.0,26,0.1981281359863281,True,REGULAR,USD,QQQ,put,2026-08-28,0.043835616438356165,32.099999999999994,0.008400979395686936,-0.8308909886769503,-114398.52566439958,723.7000122070312,0.007307397746256994,2026-08-12
QQQ260828P00757000,2026-07-27 13:41:29+00:00,757.0,67.09,31.93,35.81,0.0,0.0,4.0,0,0.20160710510253904,True,REGULAR,USD,QQQ,put,2026-08-28,0.043835616438356165,33.870000000000005,0.00789638912640383,-0.8420980728643016,-0.0,723.7000122070312,0.007307397746256994,2026-08-12
QQQ260828P00760000,2026-08-11 20:13:07+00:00,760.0,42.06,34.75,38.63,0.0,0.0,3.0,4,0.20813780151367184,True,REGULAR,USD,QQQ,put,2026-08-28,0.043835616438356165,36.69,0.007204643450122587,-0.8556684922150104,-15093.489054838275,723.7000122070312,0.007307397746256994,2026-08-12
QQQ260828P00765000,2026-08-11 17:15:00+00:00,765.0,47.66,39.57,42.89,0.0,0.0,1.0,4,0.20307193420410152,True,REGULAR,USD,QQQ,put,2026-08-28,0.043835616438356165,41.230000000000004,0.005989291951755966,-0.8930351586266414,-12547.367978150463,723.7000122070312,0.007307397746256994,2026-08-12
QQQ260828P00770000,2026-08-07 19:14:56+00:00,770.0,48.69,44.51,48.26,0.0,0.0,5.0,0,0.2329178271484375,True,REGULAR,USD,QQQ,put,2026-08-28,0.043835616438356165,46.385,0.005427706244750363,-0.8871134439130051,-0.0,723.7000122070312,0.007307397746256994,2026-08-12
QQQ260828P00775000,2026-07-28 13:50:45+00:00,775.0,103.21,49.51,52.94,0.0,0.0,3.0,0,0.23847197082519528,True,REGULAR,USD,QQQ,put,2026-08-28,0.043835616438356165,51.224999999999994,0.004671406341762871,-0.9051711659597499,-0.0,723.7000122070312,0.007307397746256994,2026-08-12
QQQ260828P00780000,2026-07-14 15:04:19+00:00,780.0,61.68,54.5,58.21,0.0,0.0,0.0,0,0.26496096374511713,True,REGULAR,USD,QQQ,put,2026-08-28,0.043835616438356165,56.355000000000004,0.004317886108058522,-0.9016697021858764,-0.0,723.7000122070312,0.007307397746256994,2026-08-12
QQQ260828P00790000,2026-07-10 16:17:05+00:00,790.0,66.41,64.5,68.24,0.0,0.0,0.0,0,0.2984078948974609,True,REGULAR,USD,QQQ,put,2026-08-28,0.043835616438356165,66.37,0.003577370113151198,-0.910476723883338,-0.0,723.7000122070312,0.007307397746256994,2026-08-12
QQQ260828P00800000,2026-07-20 19:13:06+00:00,800.0,103.0,74.5,78.26,0.0,0.0,0.0,0,0.3303899969482421,True,REGULAR,USD,QQQ,put,2026-08-28,0.043835616438356165,76.38,0.003036727624801873,-0.9175983591286836,-0.0,723.7000122070312,0.007307397746256994,2026-08-12
QQQ260828P00805000,2026-07-22 19:51:07+00:00,805.0,98.48,79.5,83.21,0.0,0.0,0.0,0,0.3435124243164062,True,REGULAR,USD,QQQ,put,2026-08-28,0.043835616438356165,81.35499999999999,0.002796788429083549,-0.9221914778521758,-0.0,723.7000122070312,0.007307397746256994,2026-08-12
QQQ260828P00810000,2026-07-23 15:10:02+00:00,810.0,120.0,84.5,88.23,0.0,0.0,10.0,0,0.35925933715820313,True,REGULAR,USD,QQQ,put,2026-08-28,0.043835616438356165,86.36500000000001,0.0026105819881471156,-0.9246160035895434,-0.0,723.7000122070312,0.007307397746256994,2026-08-12
QQQ260828P00815000,2026-08-04 18:44:14+00:00,815.0,91.87,89.5,93.2,0.0,0.0,0.0,0,0.37256486816406253,True,REGULAR,USD,QQQ,put,2026-08-28,0.043835616438356165,91.35,0.0024283310197825174,-0.9280836460299038,-0.0,723.7000122070312,0.007307397746256994,2026-08-12
QQQ260828P00825000,2026-07-14 20:06:33+00:00,825.0,105.16,99.5,103.23,0.0,0.0,0.0,0,0.4027159338378906,True,REGULAR,USD,QQQ,put,2026-08-28,0.043835616438356165,101.36500000000001,0.0021519758611691377,-0.9319920429781053,-0.0,723.7000122070312,0.007307397746256994,2026-08-12
QQQ260831C00500000,2026-07-23 13:30:03+00:00,500.0,199.35,222.83,226.5,0.0,0.0,10.0,14,0.7924825439453125,True,REGULAR,USD,QQQ,call,2026-08-31,0.052054794520547946,224.66500000000002,0.00030420564194266265,0.9841033708132103,2230.552553508011,723.7000122070312,0.007307397746256994,2026-08-12
QQQ260831C00505000,2026-08-10 16:32:00+00:00,505.0,218.82,217.83,221.51,0.0,0.0,1.0,1,0.7746604565429689,True,REGULAR,USD,QQQ,call,2026-08-31,0.052054794520547946,219.67000000000002,0.0003186336134799314,0.9836596219194792,166.88171284455044,723.7000122070312,0.007307397746256994,2026-08-12
QQQ260831C00510000,2026-08-04 17:20:20+00:00,510.0,213.27,212.77,216.53,0.0,0.0,1.0,3,0.7536645727539062,True,REGULAR,USD,QQQ,call,2026-08-31,0.052054794520547946,214.65,0.00032936717251462526,0.9835513698271304,517.5099761482235,723.7000122070312,0.007307397746256994,2026-08-12
QQQ260831C00515000,2026-07-27 17:51:07+00:00,515.0,166.0,207.87,211.54,0.0,0.0,1.0,0,0.7419459399414061,True,REGULAR,USD,QQQ,call,2026-08-31,0.052054794520547946,209.70499999999998,0.0003540039424045106,0.9824282585296836,0.0,723.7000122070312,0.007307397746256994,2026-08-12
QQQ260831C00520000,2026-07-31 13:45:33+00:00,520.0,171.04,202.88,206.55,0.0,0.0,6.0,2,0.7248562670898437,True,REGULAR,USD,QQQ,call,2026-08-31,0.052054794520547946,204.715,0.00037214472385539786,0.9818701232052715,389.815426343665,723.7000122070312,0.007307397746256994,2026-08-12
QQQ260831C00525000,2026-08-06 15:07:09+00:00,525.0,194.58,197.96,201.56,0.0,0.0,1.0,0,0.711916943359375,True,REGULAR,USD,QQQ,call,2026-08-31,0.052054794520547946,199.76,0.00039818689559230423,0.9807816705424529,0.0,723.7000122070312,0.007307397746256994,2026-08-12
QQQ260831C00535000,2026-08-12 18:07:22+00:00,535.0,190.92,187.92,191.59,8.4900055,4.653843,2.0,12,0.6750520776367189,True,REGULAR,USD,QQQ,call,2026-08-31,0.052054794520547946,189.755,0.00043589157660683004,0.9799185821987362,2739.5351842842874,723.7000122070312,0.007307397746256994,2026-08-12
QQQ260831C00550000,2026-08-06 14:10:05+00:00,550.0,168.06,172.94,176.64,0.0,0.0,6.0,30,0.6253699572753908,True,REGULAR,USD,QQQ,call,2026-08-31,0.052054794520547946,174.79,0.0005129963768946755,0.9777585183483702,8060.327953876465,723.7000122070312,0.007307397746256994,2026-08-12
QQQ260831C00555000,2026-08-12 18:33:29+00:00,555.0,171.16,167.98,171.66,7.180008,4.3785877,1.0,7,0.610599597167969,True,REGULAR,USD,QQQ,call,2026-08-31,0.052054794520547946,169.82,0.0005465836282041581,0.9766907108925706,2003.8804997348677,723.7000122070312,0.007307397746256994,2026-08-12
QQQ260831C00560000,2026-08-07 13:32:45+00:00,560.0,162.8,163.07,166.68,0.0,0.0,1.0,16,0.5981485498046876,True,REGULAR,USD,QQQ,call,2026-08-31,0.052054794520547946,164.875,0.0005887389009824408,0.9751524269738282,4933.553877942309,723.7000122070312,0.007307397746256994,2026-08-12
QQQ260831C00565000,2026-08-04 18:01:35+00:00,565.0,159.4,158.04,161.7,0.0,0.0,2.0,20,0.5800823242187501,True,REGULAR,USD,QQQ,call,2026-08-31,0.052054794520547946,159.87,0.0006193491268469627,0.9745518227198593,6487.579386755922,723.7000122070312,0.007307397746256994,2026-08-12
QQQ260831C00570000,2026-07-27 20:14:44+00:00,570.0,115.74,153.06,156.72,0.0,0.0,2.0,4,0.5643354113769532,True,REGULAR,USD,QQQ,call,2026-08-31,0.052054794520547946,154.89,0.0006587775516547837,0.9734900185753235,1380.1171195092868,723.7000122070312,0.007307397746256994,2026-08-12
QQQ260831C00575000,2026-07-27 20:00:44+00:00,575.0,111.71,148.08,151.74,0.0,0.0,2.0,15,0.5485884985351563,True,REGULAR,USD,QQQ,call,2026-08-31,0.052054794520547946,149.91000000000003,0.0007014377192384065,0.9723728916546466,5510.582833454864,723.7000122070312,0.007307397746256994,2026-08-12
QQQ260831C00580000,2026-08-03 16:18:27+00:00,580.0,120.75,143.08,146.76,0.0,0.0,2.0,6,0.5319871020507813,True,REGULAR,USD,QQQ,call,2026-08-31,0.052054794520547946,144.92000000000002,0.0007448541775860279,0.9713824359395693,2340.667193597343,723.7000122070312,0.007307397746256994,2026-08-12
QQQ260831C00585000,2026-08-03 16:22:11+00:00,585.0,116.07,138.12,141.79,0.0,0.0,1.0,14,0.5173388110351562,True,REGULAR,USD,QQQ,call,2026-08-31,0.052054794520547946,139.95499999999998,0.0007988805371563157,0.9698940849477291,5857.698794546804,723.7000122070312,0.007307397746256994,2026-08-12
QQQ260831C00590000,2026-08-10 14:39:58+00:00,590.0,136.11,133.12,136.81,0.0,0.0,1.0,9,0.5008594836425782,True,REGULAR,USD,QQQ,call,2026-08-31,0.052054794520547946,134.965,0.0008509845425076083,0.9687528326403356,4011.26487743156,723.7000122070312,0.007307397746256994,2026-08-12
QQQ260831C00595000,2026-07-30 19:33:05+00:00,595.0,93.18,128.17,131.84,0.0,0.0,1.0,5,0.5876506079101562,True,REGULAR,USD,QQQ,call,2026-08-31,0.052054794520547946,130.005,0.001250174387300614,0.9385912265678381,3273.842342440954,723.7000122070312,0.007307397746256994,2026-08-12
QQQ260831C00600000,2026-08-12 16:21:35+00:00,600.0,125.42,123.2,126.87,2.949997,2.4087505,1.0,45,0.5692181750488281,True,REGULAR,USD,QQQ,call,2026-08-31,0.052054794520547946,125.035,0.0013282946788530589,0.9362846861778671,31305.74955252417,723.7000122070312,0.007307397746256994,2026-08-12
QQQ260831C00605000,2026-08-11 14:37:10+00:00,605.0,119.18,118.22,121.9,0.0,0.0,2.0,16,0.5507857421875001,True,REGULAR,USD,QQQ,call,2026-08-31,0.052054794520547946,120.06,0.0014134750090299768,0.9338392133243917,11844.733039616767,723.7000122070312,0.007307397746256994,2026-08-12
QQQ260831C00610000,2026-08-12 14:20:06+00:00,610.0,115.56,113.17,116.94,1.699997,1.4930589,8.0,48,0.5327805511474608,True,REGULAR,USD,QQQ,call,2026-08-31,0.052054794520547946,115.055,0.0015078871803105647,0.9310935003716171,37907.68352578704,723.7000122070312,0.007307397746256994,2026-08-12
QQQ260831C00615000,2026-08-04 17:02:59+00:00,615.0,108.16,108.34,111.97,0.0,0.0,5.0,26,0.5142870837402342,True,REGULAR,USD,QQQ,call,2026-08-31,0.052054794520547946,110.155,0.0016100317303833953,0.9283321337891828,21924.259964656416,723.7000122070312,0.007307397746256994,2026-08-12
QQQ260831C00620000,2026-08-12 17:17:28+00:00,620.0,105.76,103.35,107.02,6.9900055,7.0770535,1.0,36,0.49658706542968756,True,REGULAR,USD,QQQ,call,2026-08-31,0.052054794520547946,105.185,0.0017250731728423738,0.9250757263460936,32525.7396983103,723.7000122070312,0.007307397746256994,2026-08-12
QQQ260831C00625000,2026-08-04 14:42:03+00:00,625.0,93.12,98.44,102.07,0.0,0.0,1.0,37,0.47876497802734375,True,REGULAR,USD,QQQ,call,2026-08-31,0.052054794520547946,100.255,0.0018518556316942647,0.9216120665348375,35886.07914326314,723.7000122070312,0.007307397746256994,2026-08-12
QQQ260831C00630000,2026-08-12 17:07:01+00:00,630.0,96.65,93.42,97.12,3.0,3.2034168,6.0,79,0.46082082153320314,True,REGULAR,USD,QQQ,call,2026-08-31,0.052054794520547946,95.27000000000001,0.0019921799062879654,0.9179139856926537,82427.62878206163,723.7000122070312,0.007307397746256994,2026-08-12
QQQ260831C00635000,2026-08-04 14:10:42+00:00,635.0,83.23,88.57,92.18,0.0,0.0,2.0,24,0.44312080322265623,True,REGULAR,USD,QQQ,call,2026-08-31,0.052054794520547946,90.375,0.002149511603809664,0.9137846203649715,27018.933072778505,723.7000122070312,0.007307397746256994,2026-08-12
QQQ260831C00640000,2026-08-12 13:52:38+00:00,640.0,86.83,83.59,87.25,-2.0099945,-2.2624884,2.0,48,0.42566492309570314,True,REGULAR,USD,QQQ,call,2026-08-31,0.052054794520547946,85.42,0.0023265946314116664,0.9091541514325785,58489.662974774925,723.7000122070312,0.007307397746256994,2026-08-12
QQQ260831C00645000,2026-08-05 14:26:26+00:00,645.0,83.39,78.65,82.34,0.0,0.0,3.0,14,0.408636284790039,True,REGULAR,USD,QQQ,call,2026-08-31,0.052054794520547946,80.495,0.002527354506039203,0.9038462896299873,18531.533508271594,723.7000122070312,0.007307397746256994,2026-08-12
QQQ260831C00650000,2026-08-12 14:04:17+00:00,650.0,76.1,73.75,77.43,2.3099976,3.1305022,5.0,254,0.3913635083007812,True,REGULAR,USD,QQQ,call,2026-08-31,0.052054794520547946,75.59,0.002753299028717081,0.8981030745223528,366272.45389563596,723.7000122070312,0.007307397746256994,2026-08-12
QQQ260831C00651000,2026-07-29 14:40:28+00:00,651.0,32.23,72.76,76.46,0.0,0.0,2.0,2,0.38825074645996094,True,REGULAR,USD,QQQ,call,2026-08-31,0.052054794520547946,74.61,0.002803214407609112,0.896694256300971,2936.320601604038,723.7000122070312,0.007307397746256994,2026-08-12
QQQ260831C00652000,2026-07-30 14:53:38+00:00,652.0,40.67,71.79,75.48,0.0,0.0,0.0,8,0.38483281188964835,True,REGULAR,USD,QQQ,call,2026-08-31,0.052054794520547946,73.635,0.002853326665199225,0.8954220520918978,11955.24944133909,723.7000122070312,0.007307397746256994,2026-08-12
QQQ260831C00653000,2026-07-29 14:40:29+00:00,653.0,30.95,70.87,74.5,0.0,0.0,2.0,3,0.3813538427734374,True,REGULAR,USD,QQQ,call,2026-08-31,0.052054794520547946,72.685,0.0029045447748920843,0.8941556629476608,4563.693721204424,723.7000122070312,0.007307397746256994,2026-08-12
QQQ260831C00655000,2026-08-12 15:12:40+00:00,655.0,71.2,68.92,72.55,-2.9300003,-3.9525163,1.0,26,0.37476211181640623,True,REGULAR,USD,QQQ,call,2026-08-31,0.052054794520547946,70.735,0.003012358383221511,0.8913277855018903,41020.14081718351,723.7000122070312,0.007307397746256994,2026-08-12
QQQ260831C00656000,2026-07-31 14:10:54+00:00,656.0,38.24,67.93,71.58,0.0,0.0,2.0,13,0.37152728088378906,True,REGULAR,USD,QQQ,call,2026-08-31,0.052054794520547946,69.755,0.003068615349114393,0.8898296577353247,20893.103960596545,723.7000122070312,0.007307397746256994,2026-08-12
QQQ260831C00657000,2026-08-03 15:45:38+00:00,657.0,47.38,66.97,70.6,0.0,0.0,2.0,6,0.36804831176757813,True,REGULAR,USD,QQQ,call,2026-08-31,0.052054794520547946,68.785,0.0031255751073303046,0.8884394384566348,9821.96426495517,723.7000122070312,0.007307397746256994,2026-08-12
QQQ260831C00658000,2026-08-04 18:41:56+00:00,658.0,69.46,65.99,69.63,0.0,0.0,1.0,50,0.364813480834961,True,REGULAR,USD,QQQ,call,2026-08-31,0.052054794520547946,67.81,0.003184885842318359,0.8868719052171394,83402.87748924548,723.7000122070312,0.007307397746256994,2026-08-12
QQQ260831C00659000,2026-08-11 15:56:17+00:00,659.0,63.22,65.03,68.66,0.0,0.0,1.0,82,0.36157864990234373,True,REGULAR,USD,QQQ,call,2026-08-31,0.052054794520547946,66.845,0.0032457965324979698,0.8852669532330139,139396.6395313372,723.7000122070312,0.007307397746256994,2026-08-12
QQQ260831C00660000,2026-08-12 13:54:21+00:00,660.0,67.6,63.99,67.69,5.3499985,8.594376,3.0,135,0.3582827844238281,True,REGULAR,USD,QQQ,call,2026-08-31,0.052054794520547946,65.84,0.003308179442002767,0.8836603296623005,233905.25928080874,723.7000122070312,0.007307397746256994,2026-08-12
QQQ260831C00661000,2026-08-11 15:29:17+00:00,661.0,62.41,63.08,66.72,0.0,0.0,1.0,31,0.3550479534912109,True,REGULAR,USD,QQQ,call,2026-08-31,0.052054794520547946,64.9,0.0033724669715552123,0.8819769912164604,54755.349932871715,723.7000122070312,0.007307397746256994,2026-08-12
QQQ260831C00662000,2026-08-11 15:29:17+00:00,662.0,61.44,62.11,65.76,0.0,0.0,1.0,62,0.351996226196289,True,REGULAR,USD,QQQ,call,2026-08-31,0.052054794520547946,63.935,0.003439047287513548,0.880138202740949,111672.69494512511,723.7000122070312,0.007307397746256994,2026-08-12
QQQ260831C00663000,2026-08-07 19:03:26+00:00,663.0,61.2,61.14,64.79,0.0,0.0,1.0,190,0.34870036071777344,True,REGULAR,USD,QQQ,call,2026-08-31,0.052054794520547946,62.965,0.0035067667306341536,0.8784073261383765,348961.5992204802,723.7000122070312,0.007307397746256994,2026-08-12
QQQ260831C00664000,2026-08-03 14:00:50+00:00,664.0,38.22,60.19,63.82,0.0,0.0,2.0,17,0.34534346069335936,True,REGULAR,USD,QQQ,call,2026-08-31,0.052054794520547946,62.004999999999995,0.003576247111637742,0.8766716834384858,31841.50607799016,723.7000122070312,0.007307397746256994,2026-08-12
QQQ260831C00665000,2026-08-11 18:57:36+00:00,665.0,55.5,59.21,62.86,0.0,0.0,2.0,127,0.34229173339843744,True,REGULAR,USD,QQQ,call,2026-08-31,0.052054794520547946,61.035,0.003648485315657841,0.8746947780320606,242679.7190624928,723.7000122070312,0.007307397746256994,2026-08-12
QQQ260831C00666000,2026-08-05 13:44:10+00:00,666.0,65.6,59.22,61.9,0.0,0.0,0.0,47,0.3391789715576171,True,REGULAR,USD,QQQ,call,2026-08-31,0.052054794520547946,60.56,0.003722577297610724,0.8727069226414481,91634.44256658816,723.7000122070312,0.007307397746256994,2026-08-12
QQQ260831C00667000,2026-08-12 13:52:38+00:00,667.0,61.18,58.62,60.94,3.3300018,5.7562695,2.0,41,0.33600517517089845,True,REGULAR,USD,QQQ,call,2026-08-31,0.052054794520547946,59.78,0.0037986216286505377,0.870707695737253,81569.35972160651,723.7000122070312,0.007307397746256994,2026-08-12
QQQ260831C00668000,2026-08-04 18:04:52+00:00,668.0,59.7,57.31,59.98,0.0,0.0,66.0,112,0.3328618960571289,True,REGULAR,USD,QQQ,call,2026-08-31,0.052054794520547946,58.644999999999996,0.0038769041611321094,0.8686354400652172,227415.59745164722,723.7000122070312,0.007307397746256994,2026-08-12
QQQ260831C00669000,2026-08-06 17:09:42+00:00,669.0,52.06,56.36,59.03,0.0,0.0,300.0,461,0.32993223785400383,True,REGULAR,USD,QQQ,call,2026-08-31,0.052054794520547946,57.695,0.003957811753105427,0.8663636854092103,955593.570738996,723.7000122070312,0.007307397746256994,2026-08-12
QQQ260831C00670000,2026-08-12 15:34:14+00:00,670.0,55.68,55.41,58.02,2.0600014,3.8418527,5.0,14222,0.3254461987304687,True,REGULAR,USD,QQQ,call,2026-08-31,0.052054794520547946,56.715,0.004038443216683462,0.8650972537414553,30080968.507341906,723.7000122070312,0.007307397746256994,2026-08-12
QQQ260831C00671000,2026-08-11 15:21:27+00:00,671.0,52.7,54.81,57.12,0.0,0.0,1.0,41,0.3237372314453124,True,REGULAR,USD,QQQ,call,2026-08-31,0.052054794520547946,55.965,0.004125967493174209,0.8618685879732986,88598.59168704376,723.7000122070312,0.007307397746256994,2026-08-12
QQQ260831C00672000,2026-08-10 15:37:28+00:00,672.0,50.96,53.51,56.17,0.0,0.0,1.0,47,0.320746538696289,True,REGULAR,USD,QQQ,call,2026-08-31,0.052054794520547946,54.84,0.004213829762493207,0.8594539584028281,103727.04459472101,723.7000122070312,0.007307397746256994,2026-08-12
QQQ260831C00673000,2026-08-06 13:38:19+00:00,673.0,48.3,52.91,55.17,0.0,0.0,50.0,135,0.3164436032104492,True,REGULAR,USD,QQQ,call,2026-08-31,0.052054794520547946,54.04,0.004303037763085936,0.8579021619040562,304246.84673706564,723.7000122070312,0.007307397746256994,2026-08-12
QQQ260831C00674000,2026-08-04 14:19:09+00:00,674.0,48.18,51.61,54.28,0.0,0.0,2.0,46,0.31482618774414056,True,REGULAR,USD,QQQ,call,2026-08-31,0.052054794520547946,52.945,0.004397192228891671,0.8543793872219975,105937.67647768487,723.7000122070312,0.007307397746256994,2026-08-12
QQQ260831C00675000,2026-08-12 15:28:29+00:00,675.0,52.51,51.02,53.33,6.8099976,14.901526,1.0,343,0.3117134259033203,True,REGULAR,USD,QQQ,call,2026-08-31,0.052054794520547946,52.175,0.004492788174985979,0.8518455739751232,807099.768979214,723.7000122070312,0.007307397746256994,2026-08-12
QQQ260831C00676000,2026-08-04 19:57:29+00:00,676.0,53.11,49.74,52.39,0.0,0.0,6.0,18,0.30884480224609373,True,REGULAR,USD,QQQ,call,2026-08-31,0.052054794520547946,51.065,0.004591213329747727,0.8490612764367398,43282.97837266064,723.7000122070312,0.007307397746256994,2026-08-12
QQQ260831C00677000,2026-08-12 18:42:27+00:00,677.0,51.19,48.8,51.46,-2.460003,-4.5852804,6.0,143,0.3061287649536133,True,REGULAR,USD,QQQ,call,2026-08-31,0.052054794520547946,50.129999999999995,0.004692350446855038,0.8460857337572923,351433.8879501029,723.7000122070312,0.007307397746256994,2026-08-12
QQQ260831C00678000,2026-08-12 18:42:27+00:00,678.0,50.23,47.88,50.48,17.529999,53.60856,17.0,114,0.3022225540161133,True,REGULAR,USD,QQQ,call,2026-08-31,0.052054794520547946,49.18,0.004797221172235511,0.8439120469605574,286425.5482043291,723.7000122070312,0.007307397746256994,2026-08-12
QQQ260831C00679000,2026-08-12 17:09:35+00:00,679.0,49.1,46.94,49.59,17.039997,53.150333,2.0,80,0.30036100036621094,True,REGULAR,USD,QQQ,call,2026-08-31,0.052054794520547946,48.265,0.004903399969316773,0.8401313378745244,205449.20586491417,723.7000122070312,0.007307397746256994,2026-08-12
QQQ260831C00680000,2026-08-12 16:57:06+00:00,680.0,47.98,46.01,48.37,5.66,13.374291,12.0,452,0.29087012847900384,True,REGULAR,USD,QQQ,call,2026-08-31,0.052054794520547946,47.19,0.005022638439149513,0.8420906129488632,1189015.485370873,723.7000122070312,0.007307397746256994,2026-08-12
QQQ260831C00681000,2026-08-12 19:50:30+00:00,681.0,46.88,44.04,47.68,3.1900024,7.301448,15.0,95,0.2935251312255859,True,REGULAR,USD,QQQ,call,2026-08-31,0.052054794520547946,45.86,0.005129014642179498,0.8346423430788955,255196.4942984031,723.7000122070312,0.007307397746256994,2026-08-12
QQQ260831C00682000,2026-08-12 19:50:30+00:00,682.0,45.93,43.11,46.76,3.0800018,7.187869,7.0,67,0.29087012847900384,True,REGULAR,USD,QQQ,call,2026-08-31,0.052054794520547946,44.935,0.00524548082103772,0.8311785876520033,184067.56454441324,723.7000122070312,0.007307397746256994,2026-08-12
QQQ260831C00683000,2026-08-12 15:31:36+00:00,683.0,44.52,43.59,44.35,6.5200005,17.157896,5.0,127,0.2536695727539063,True,REGULAR,USD,QQQ,call,2026-08-31,0.052054794520547946,43.97,0.0054019410728661085,0.8565664712755023,359311.17396286374,723.7000122070312,0.007307397746256994,2026-08-12
QQQ260831C00684000,2026-08-05 19:35:31+00:00,684.0,42.75,42.33,44.93,0.0,0.0,3.0,257,0.285590640258789,True,REGULAR,USD,QQQ,call,2026-08-31,0.052054794520547946,43.629999999999995,0.005487871544501732,0.8239186115168919,738676.3940448951,723.7000122070312,0.007307397746256994,2026-08-12
QQQ260831C00685000,2026-08-12 19:55:39+00:00,685.0,42.41,41.42,42.46,4.279999,11.224754,7.0,615,0.24781025634765624,True,REGULAR,USD,QQQ,call,2026-08-31,0.052054794520547946,41.94,0.005694146684965425,0.8501629972961735,1834091.196726563,723.7000122070312,0.007307397746256994,2026-08-12
QQQ260831C00686000,2026-08-05 13:44:17+00:00,686.0,48.34,40.5,42.92,0.0,0.0,2.0,281,0.27625235473632803,True,REGULAR,USD,QQQ,call,2026-08-31,0.052054794520547946,41.71,0.005763203988808405,0.819474148766968,848178.91394599,723.7000122070312,0.007307397746256994,2026-08-12
QQQ260831C00687000,2026-08-07 13:54:32+00:00,687.0,40.24,39.96,40.7,0.0,0.0,8.0,207,0.24481956359863283,True,REGULAR,USD,QQQ,call,2026-08-31,0.052054794520547946,40.33,0.0060043092036578295,0.8405984828481491,650954.3812284896,723.7000122070312,0.007307397746256994,2026-08-12
QQQ260831C00688000,2026-08-12 15:34:25+00:00,688.0,39.16,39.02,41.3,-0.88000107,-2.197805,10.0,243,0.27503166381835936,True,REGULAR,USD,QQQ,call,2026-08-31,0.052054794520547946,40.16,0.006013101455371696,0.8080529631327136,765282.8219826738,723.7000122070312,0.007307397746256994,2026-08-12
QQQ260831C00689000,2026-08-10 15:22:25+00:00,689.0,39.14,37.93,38.92,0.0,0.0,1.0,243,0.24100490447998046,True,REGULAR,USD,QQQ,call,2026-08-31,0.052054794520547946,38.425,0.006330055192915276,0.8312094677684692,805621.2816786467,723.7000122070312,0.007307397746256994,2026-08-12
QQQ260831C00690000,2026-08-12 20:05:02+00:00,690.0,38.22,37.21,37.95,3.8899994,11.331195,26.0,546,0.23722076263427733,True,REGULAR,USD,QQQ,call,2026-08-31,0.052054794520547946,37.58,0.006507273997183347,0.8280750833983628,1860839.414371039,723.7000122070312,0.007307397746256994,2026-08-12
QQQ260831C00691000,2026-08-07 19:31:43+00:00,691.0,36.81,36.39,38.45,0.0,0.0,6.0,100,0.2639844110107422,True,REGULAR,USD,QQQ,call,2026-08-31,0.052054794520547946,37.42,0.006472839312492993,0.7973997443029985,339009.5914988602,723.7000122070312,0.007307397746256994,2026-08-12
QQQ260831C00692000,2026-08-11 15:23:01+00:00,692.0,34.0,35.49,37.76,0.0,0.0,2.0,119,0.2653576882934571,True,REGULAR,USD,QQQ,call,2026-08-31,0.052054794520547946,36.625,0.006587968796839969,0.789442409864102,410596.88929909363,723.7000122070312,0.007307397746256994,2026-08-12
QQQ260831C00693000,2026-08-11 14:37:10+00:00,693.0,34.17,34.31,36.7,0.0,0.0,2.0,132,0.259345785522461,True,REGULAR,USD,QQQ,call,2026-08-31,0.052054794520547946,35.505,0.0067793595626907,0.7873745957784561,468683.60276259884,723.7000122070312,0.007307397746256994,2026-08-12
QQQ260831C00694000,2026-08-11 19:55:49+00:00,694.0,30.79,33.76,35.83,0.0,0.0,1.0,201,0.25702647277832036,True,REGULAR,USD,QQQ,call,2026-08-31,0.052054794520547946,34.795,0.0069378936796326025,0.7821335150212014,730366.520961988,723.7000122070312,0.007307397746256994,2026-08-12
QQQ260831C00695000,2026-08-12 19:50:23+00:00,695.0,33.68,32.65,33.55,3.8099995,12.75527,17.0,12590,0.22705851074218747,True,REGULAR,USD,QQQ,call,2026-08-31,0.052054794520547946,33.099999999999994,0.007432314517851917,0.8015599073157932,49007998.89763616,723.7000122070312,0.007307397746256994,2026-08-12
QQQ260831C00696000,2026-08-12 19:01:50+00:00,696.0,34.22,32.03,34.11,2.2000008,6.870708,2.0,85,0.2525404336547852,True,REGULAR,USD,QQQ,call,2026-08-31,0.052054794520547946,33.07,0.0072634685322044935,0.7710434359989625,323355.4200754951,723.7000122070312,0.007307397746256994,2026-08-12
QQQ260831C00697000,2026-08-11 13:55:40+00:00,697.0,29.41,30.89,33.44,0.0,0.0,6.0,149,0.2536695727539063,True,REGULAR,USD,QQQ,call,2026-08-31,0.052054794520547946,32.165,0.007379341038039181,0.7625203190849983,575865.4328328543,723.7000122070312,0.007307397746256994,2026-08-12
QQQ260831C00698000,2026-08-12 19:03:00+00:00,698.0,32.53,30.37,32.42,1.0899982,3.4669154,5.0,177,0.24826801544189453,True,REGULAR,USD,QQQ,call,2026-08-31,0.052054794520547946,31.395000000000003,0.007598988567121909,0.7591031450838961,704443.5830194595,723.7000122070312,0.007307397746256994,2026-08-12
QQQ260831C00699000,2026-08-12 14:06:07+00:00,699.0,31.17,29.24,31.59,5.92,23.445545,18.0,320,0.24625387542724608,True,REGULAR,USD,QQQ,call,2026-08-31,0.052054794520547946,30.415,0.007769134395902882,0.7527696402672426,1302086.3089970953,723.7000122070312,0.007307397746256994,2026-08-12
QQQ260831C00700000,2026-08-12 19:52:10+00:00,700.0,28.81,28.38,29.4,3.17,12.363495,51.0,48571,0.21945970977783202,True,REGULAR,USD,QQQ,call,2026-08-31,0.052054794520547946,28.89,0.008424371317954529,0.7677967384946617,214304704.89281282,723.7000122070312,0.007307397746256994,2026-08-12
QQQ260831C00701000,2026-08-12 13:52:14+00:00,701.0,29.78,27.9,28.55,1.4300003,5.0440927,2.0,208,0.21723194885253905,True,REGULAR,USD,QQQ,call,2026-08-31,0.052054794520547946,28.225,0.00864560570912954,0.7610856447810281,941837.373968955,723.7000122070312,0.007307397746256994,2026-08-12
QQQ260831C00702000,2026-08-10 18:01:23+00:00,702.0,27.1,26.76,27.76,0.0,0.0,7.0,112,0.2160112579345703,True,REGULAR,USD,QQQ,call,2026-08-31,0.052054794520547946,27.26,0.008848524522727455,0.7532038551471144,519046.23051450367,723.7000122070312,0.007307397746256994,2026-08-12
QQQ260831C00703000,2026-08-12 19:03:00+00:00,703.0,27.59,26.22,26.85,1.2399998,4.7058816,13.0,118,0.21250177154541017,True,REGULAR,USD,QQQ,call,2026-08-31,0.052054794520547946,26.535,0.009109935411543783,0.7472129975198363,563007.8692445721,723.7000122070312,0.007307397746256994,2026-08-12
QQQ260831C00704000,2026-08-10 15:22:05+00:00,704.0,26.39,25.27,26.15,0.0,0.0,1.0,79,0.21262384063720702,True,REGULAR,USD,QQQ,call,2026-08-31,0.052054794520547946,25.71,0.009282166936941595,0.7376408036492977,384055.1790309812,723.7000122070312,0.007307397746256994,2026-08-12
QQQ260831C00705000,2026-08-12 20:04:37+00:00,705.0,25.32,24.57,25.12,3.2999992,14.986373,83.0,31199,0.20685607604980466,True,REGULAR,USD,QQQ,call,2026-08-31,0.052054794520547946,24.845,0.009623431526356018,0.733165417211057,157248964.59835684,723.7000122070312,0.007307397746256994,2026-08-12
QQQ260831C00706000,2026-08-12 19:52:10+00:00,706.0,24.02,23.6,24.57,2.5200005,11.720932,6.0,141,0.20929745788574217,True,REGULAR,USD,QQQ,call,2026-08-31,0.052054794520547946,24.085,0.009722618603629083,0.7210707191083727,717991.8627368067,723.7000122070312,0.007307397746256994,2026-08-12
QQQ260831C00707000,2026-08-11 17:12:27+00:00,707.0,19.88,22.83,23.81,0.0,0.0,70.0,120,0.20795469787597654,True,REGULAR,USD,QQQ,call,2026-08-31,0.052054794520547946,23.32,0.00993425693405693,0.7121475190356994,624358.1629272227,723.7000122070312,0.007307397746256994,2026-08-12
QQQ260831C00708000,2026-08-12 18:11:41+00:00,708.0,23.81,22.37,23.03,3.5499992,17.522207,3.0,146,0.2061236614990234,True,REGULAR,USD,QQQ,call,2026-08-31,0.052054794520547946,22.700000000000003,0.010163278019026068,0.7033868352414195,777148.1574383253,723.7000122070312,0.007307397746256994,2026-08-12
QQQ260831C00709000,2026-08-12 14:56:18+00:00,709.0,22.43,21.33,22.25,2.3500004,11.703189,10.0,150,0.2041705560302734,True,REGULAR,USD,QQQ,call,2026-08-31,0.052054794520547946,21.79,0.010398563285937043,0.694458815058508,816924.1939012785,723.7000122070312,0.007307397746256994,2026-08-12
QQQ260831C00710000,2026-08-12 20:04:37+00:00,710.0,21.47,20.76,21.47,2.9099998,15.67888,53.0,5571,0.20209538146972655,True,REGULAR,USD,QQQ,call,2026-08-31,0.052054794520547946,21.115000000000002,0.010640647163487511,0.6853482157864366,31046908.439406883,723.7000122070312,0.007307397746256994,2026-08-12
QQQ260831C00711000,2026-08-12 19:17:56+00:00,711.0,21.31,20.34,20.54,3.1000004,17.023617,67.0,222,0.19748727325439452,True,REGULAR,USD,QQQ,call,2026-08-31,0.052054794520547946,20.439999999999998,0.010997636739629323,0.677841089895345,1278702.4722854432,723.7000122070312,0.007307397746256994,2026-08-12
QQQ260831C00712000,2026-08-12 16:29:19+00:00,712.0,20.46,19.62,19.82,3.4199982,20.07041,70.0,127,0.1961445132446289,True,REGULAR,USD,QQQ,call,2026-08-31,0.052054794520547946,19.72,0.011215283396707064,0.6675350700720982,745986.7831284859,723.7000122070312,0.007307397746256994,2026-08-12
QQQ260831C00713000,2026-08-12 18:52:26+00:00,713.0,20.31,18.91,19.11,5.0199995,32.831913,134.0,126,0.19480175323486326,True,REGULAR,USD,QQQ,call,2026-08-31,0.052054794520547946,19.009999999999998,0.011430056462259858,0.6569731982195681,754286.0585766487,723.7000122070312,0.007307397746256994,2026-08-12
QQQ260831C00714000,2026-08-12 18:39:50+00:00,714.0,19.45,18.21,18.41,4.0200005,26.053146,155.0,160,0.1934589932250977,True,REGULAR,USD,QQQ,call,2026-08-31,0.052054794520547946,18.310000000000002,0.01164131790111745,0.6461554141020541,975526.9947268212,723.7000122070312,0.007307397746256994,2026-08-12
QQQ260831C00715000,2026-08-12 20:12:42+00:00,715.0,17.35,17.55,17.71,1.8000002,11.575563,75.0,1097,0.19196364685058598,True,REGULAR,USD,QQQ,call,2026-08-31,0.052054794520547946,17.630000000000003,0.011856830000218302,0.6351723303247991,6812278.281858273,723.7000122070312,0.007307397746256994,2026-08-12
QQQ260831C00716000,2026-08-12 20:04:52+00:00,716.0,17.21,16.85,17.05,2.5599995,17.4744,124.0,186,0.19089554229736327,True,REGULAR,USD,QQQ,call,2026-08-31,0.052054794520547946,16.950000000000003,0.012043528885575002,0.6236889067297895,1173231.8995886925,723.7000122070312,0.007307397746256994,2026-08-12
QQQ260831C00717000,2026-08-12 17:12:28+00:00,717.0,17.27,16.19,16.39,3.2200003,22.918152,100.0,130,0.18967485137939455,True,REGULAR,USD,QQQ,call,2026-08-31,0.052054794520547946,16.29,0.012232436185628796,0.6120559845831837,832862.812184865,723.7000122070312,0.007307397746256994,2026-08-12
QQQ260831C00718000,2026-08-12 18:39:33+00:00,718.0,16.68,15.54,15.73,3.2800007,24.477617,118.0,125,0.1883015740966797,True,REGULAR,USD,QQQ,call,2026-08-31,0.052054794520547946,15.635,0.012423885185794716,0.6002531541044964,813363.3553856215,723.7000122070312,0.007307397746256994,2026-08-12
QQQ260831C00719000,2026-08-12 18:39:18+00:00,719.0,16.02,14.9,15.09,3.040001,23.420654,200.0,196,0.18705036590576174,True,REGULAR,USD,QQQ,call,2026-08-31,0.052054794520547946,14.995000000000001,0.01260036588816869,0.5881554010604801,1293470.0809133018,723.7000122070312,0.007307397746256994,2026-08-12
QQQ260831C00720000,2026-08-12 19:54:46+00:00,720.0,14.6,14.31,14.47,2.1500006,17.269081,427.0,1334,0.1859212268066406,True,REGULAR,USD,QQQ,call,2026-08-31,0.052054794520547946,14.39,0.012760256857661686,0.575789019266078,8915227.008371111,723.7000122070312,0.007307397746256994,2026-08-12
QQQ260831C00721000,2026-08-12 18:54:40+00:00,721.0,14.8,13.67,13.86,3.3000002,28.695654,56.0,281,0.1847463117980957,True,REGULAR,USD,QQQ,call,2026-08-31,0.052054794520547946,13.765,0.012913536328225431,0.5632251633626646,1900503.4767719484,723.7000122070312,0.007307397746256994,2026-08-12
QQQ260831C00722000,2026-08-12 17:08:53+00:00,722.0,14.4,13.08,13.27,3.0,26.31579,59.0,174,0.18369346588134766,True,REGULAR,USD,QQQ,call,2026-08-31,0.052054794520547946,13.175,0.013047842256168132,0.5504317206524838,1189063.6581263426,723.7000122070312,0.007307397746256994,2026-08-12
QQQ260831C00723000,2026-08-12 20:02:18+00:00,723.0,12.97,12.52,12.68,2.1100006,19.429104,105.0,602,0.18247277496337888,True,REGULAR,USD,QQQ,call,2026-08-31,0.052054794520547946,12.6,0.013182605668885808,0.5374752464729171,4156376.8035343667,723.7000122070312,0.007307397746256994,2026-08-12
QQQ260831C00724000,2026-08-12 20:01:35+00:00,724.0,12.36,11.95,12.11,2.1599998,21.17647,172.0,176,0.18134363586425778,False,REGULAR,USD,QQQ,call,2026-08-31,0.052054794520547946,12.03,0.013298752309105374,0.5243188401181516,1225859.578984601,723.7000122070312,0.007307397746256994,2026-08-12
QQQ260831C00725000,2026-08-12 20:11:57+00:00,725.0,11.37,11.4,11.57,1.5699997,16.020405,696.0,6072,0.1804891522216797,False,REGULAR,USD,QQQ,call,2026-08-31,0.052054794520547946,11.485,0.01338150443989114,0.5109979585428671,42555320.46215933,723.7000122070312,0.007307397746256994,2026-08-12
QQQ260831C00726000,2026-08-12 19:27:46+00:00,726.0,11.16,10.87,11.03,1.6399994,17.226883,180.0,252,0.179421047668457,False,REGULAR,USD,QQQ,call,2026-08-31,0.052054794520547946,10.95,0.013466025588421644,0.4975344637878246,1777285.2477711472,723.7000122070312,0.007307397746256994,2026-08-12
QQQ260831C00727000,2026-08-12 19:13:12+00:00,727.0,10.91,10.35,10.5,2.5699997,30.815344,8.0,243,0.17829190856933597,False,REGULAR,USD,QQQ,call,2026-08-31,0.052054794520547946,10.425,0.013540557428800887,0.48392074953415687,1723296.384941947,723.7000122070312,0.007307397746256994,2026-08-12
QQQ260831C00728000,2026-08-12 19:19:31+00:00,728.0,10.47,9.84,10.0,2.25,27.372261,24.0,342,0.1774374249267578,False,REGULAR,USD,QQQ,call,2026-08-31,0.052054794520547946,9.92,0.013578928841205843,0.47024292111664856,2432253.1718237516,723.7000122070312,0.007307397746256994,2026-08-12
QQQ260831C00729000,2026-08-12 19:15:30+00:00,729.0,10.0,9.35,9.51,1.8400002,22.549023,12.0,253,0.17652190673828128,False,REGULAR,USD,QQQ,call,2026-08-31,0.052054794520547946,9.43,0.013605875760171297,0.4564667420633439,1802869.045054117,723.7000122070312,0.007307397746256994,2026-08-12
QQQ260831C00730000,2026-08-12 20:06:56+00:00,730.0,9.28,8.88,9.0,1.6299996,21.307186,1802.0,10825,0.17508759490966797,False,REGULAR,USD,QQQ,call,2026-08-31,0.052054794520547946,8.940000000000001,0.013655507520039403,0.4424032626671062,77419954.3090395,723.7000122070312,0.007307397746256994,2026-08-12
QQQ260831C00731000,2026-08-12 18:49:25+00:00,731.0,9.34,8.42,8.58,2.21,30.995792,6.0,285,0.174812939453125,False,REGULAR,USD,QQQ,call,2026-08-31,0.052054794520547946,8.5,0.013600399645660404,0.4287759149321523,2030082.5125866232,723.7000122070312,0.007307397746256994,2026-08-12
QQQ260831C00732000,2026-08-12 17:21:15+00:00,732.0,8.87,7.98,8.13,2.1599998,32.190758,13.0,393,0.17386690399169924,False,REGULAR,USD,QQQ,call,2026-08-31,0.052054794520547946,8.055,0.01357853433926193,0.4148266054382975,2794876.391654573,723.7000122070312,0.007307397746256994,2026-08-12
QQQ260831C00733000,2026-08-12 15:53:47+00:00,733.0,8.0,7.55,7.71,1.5799999,24.610592,5.0,144,0.17319552398681642,False,REGULAR,USD,QQQ,call,2026-08-31,0.052054794520547946,7.63,0.013518814200934162,0.40102997656646805,1019572.824275978,723.7000122070312,0.007307397746256994,2026-08-12
QQQ260831C00734000,2026-08-12 18:14:00+00:00,734.0,7.87,7.14,7.28,2.33,42.057762,57.0,252,0.17212741943359378,False,REGULAR,USD,QQQ,call,2026-08-31,0.052054794520547946,7.21,0.013469772693875046,0.38698065322149594,1777779.8016542098,723.7000122070312,0.007307397746256994,2026-08-12
QQQ260831C00735000,2026-08-12 19:59:58+00:00,735.0,6.84,6.75,6.88,0.9500003,16.129038,3538.0,3571,0.17133397033691405,False,REGULAR,USD,QQQ,call,2026-08-31,0.052054794520547946,6.8149999999999995,0.013382814852140318,0.3731442332706912,25029632.88383669,723.7000122070312,0.007307397746256994,2026-08-12
QQQ260831C00736000,2026-08-12 20:01:17+00:00,736.0,6.66,6.37,6.5,1.6599998,33.199997,37.0,304,0.17063207305908207,False,REGULAR,USD,QQQ,call,2026-08-31,0.052054794520547946,6.4350000000000005,0.0132716696387204,0.3594412526734103,2113081.7837392916,723.7000122070312,0.007307397746256994,2026-08-12
QQQ260831C00737000,2026-08-12 19:32:28+00:00,737.0,6.27,6.0,6.13,1.1500001,22.46094,18.0,402,0.16986914123535157,False,REGULAR,USD,QQQ,call,2026-08-31,0.052054794520547946,6.0649999999999995,0.01314681845960116,0.3457658736614657,2767985.93447636,723.7000122070312,0.007307397746256994,2026-08-12
QQQ260831C00738000,2026-08-12 14:07:00+00:00,738.0,6.85,5.66,5.8,1.8600001,37.274555,2.0,144,0.1695334512329102,False,REGULAR,USD,QQQ,call,2026-08-31,0.052054794520547946,5.73,0.012978078051894241,0.33261828076669697,978791.1496061204,723.7000122070312,0.007307397746256994,2026-08-12
QQQ260831C00739000,2026-08-12 15:03:52+00:00,739.0,6.01,5.32,5.47,1.7800002,42.080383,3.0,242,0.16901465759277345,False,REGULAR,USD,QQQ,call,2026-08-31,0.052054794520547946,5.395,0.012805028260413796,0.3194431120511847,1622979.6230201777,723.7000122070312,0.007307397746256994,2026-08-12
QQQ260831C00740000,2026-08-12 20:14:53+00:00,740.0,5.08,5.03,5.11,0.69000006,15.717542,421.0,4965,0.16773293212890628,False,REGULAR,USD,QQQ,call,2026-08-31,0.052054794520547946,5.07,0.012657874734010229,0.3055613156434671,32915253.65071714,723.7000122070312,0.007307397746256994,2026-08-12
QQQ260831C00741000,2026-08-12 18:26:55+00:00,741.0,5.22,4.7,4.84,1.1999998,29.850742,4.0,201,0.16779396667480473,False,REGULAR,USD,QQQ,call,2026-08-31,0.052054794520547946,4.77,0.012421952629788909,0.2933763261269272,1307684.8312633676,723.7000122070312,0.007307397746256994,2026-08-12
QQQ260831C00742000,2026-08-12 17:36:19+00:00,742.0,5.07,4.41,4.53,1.1000001,27.707811,23.0,1877,0.16690896575927738,False,REGULAR,USD,QQQ,call,2026-08-31,0.052054794520547946,4.470000000000001,0.012220153781362769,0.28026762067718025,12013183.301085265,723.7000122070312,0.007307397746256994,2026-08-12
QQQ260831C00743000,2026-08-12 19:52:27+00:00,743.0,4.18,4.13,4.24,0.4699998,12.668457,1008.0,272,0.16617655120849611,False,REGULAR,USD,QQQ,call,2026-08-31,0.052054794520547946,4.1850000000000005,0.011994955554417035,0.2675294934596848,1708774.3134899137,723.7000122070312,0.007307397746256994,2026-08-12
QQQ260831C00744000,2026-08-12 19:30:00+00:00,744.0,4.1,3.87,4.0,0.76,22.754492,6.0,243,0.16614603393554692,False,REGULAR,USD,QQQ,call,2026-08-31,0.052054794520547946,3.935,0.011727681883500521,0.2559429078268748,1492573.1012076489,723.7000122070312,0.007307397746256994,2026-08-12
QQQ260831C00745000,2026-08-12 20:14:54+00:00,745.0,3.72,3.62,3.72,0.68000007,22.368423,11587.0,3107,0.16510844665527347,False,REGULAR,USD,QQQ,call,2026-08-31,0.052054794520547946,3.67,0.011486467518397037,0.24323954914091128,18691532.145599086,723.7000122070312,0.007307397746256994,2026-08-12
QQQ260831C00746000,2026-08-12 14:13:46+00:00,746.0,4.32,3.39,3.51,1.2300003,39.805832,6.0,233,0.16523051574707032,False,REGULAR,USD,QQQ,call,2026-08-31,0.052054794520547946,3.45,0.011194599974958993,0.23240182981802493,1366097.3854592177,723.7000122070312,0.007307397746256994,2026-08-12
QQQ260831C00747000,2026-08-12 14:39:37+00:00,747.0,4.16,3.16,3.28,1.1799998,39.59731,21.0,1789,0.1647422393798828,False,REGULAR,USD,QQQ,call,2026-08-31,0.052054794520547946,3.2199999999999998,0.010913010813175463,0.2209829593517138,10225206.466264276,723.7000122070312,0.007307397746256994,2026-08-12
QQQ260831C00748000,2026-08-12 16:45:48+00:00,748.0,3.43,2.95,3.07,0.78,29.433962,3.0,342,0.16443706665039062,False,REGULAR,USD,QQQ,call,2026-08-31,0.052054794520547946,3.01,0.010618015778387422,0.21011206421882334,1901895.418811552,723.7000122070312,0.007307397746256994,2026-08-12
QQQ260831C00749000,2026-08-12 16:22:36+00:00,749.0,3.22,2.75,2.84,0.20000005,6.622518,17.0,362,0.16346051391601565,False,REGULAR,USD,QQQ,call,2026-08-31,0.052054794520547946,2.795,0.01032674924763671,0.19852692899725055,1957894.8413948764,723.7000122070312,0.007307397746256994,2026-08-12
QQQ260831C00750000,2026-08-12 20:01:41+00:00,750.0,2.73,2.56,2.66,0.4100001,17.672417,6182.0,11656,0.16333844482421878,False,REGULAR,USD,QQQ,call,2026-08-31,0.052054794520547946,2.6100000000000003,0.010013553578333069,0.18852154630846474,61130074.42742368,723.7000122070312,0.007307397746256994,2026-08-12
QQQ260831C00751000,2026-08-12 19:59:28+00:00,751.0,2.43,2.39,2.48,0.16000009,7.0484614,92.0,212,0.16303327209472657,False,REGULAR,USD,QQQ,call,2026-08-31,0.052054794520547946,2.435,0.009698192291352997,0.17855074138858218,1076821.7318977006,723.7000122070312,0.007307397746256994,2026-08-12
QQQ260831C00752000,2026-08-12 15:58:23+00:00,752.0,2.45,2.22,2.31,0.6,32.432434,17.0,299,0.16272809936523439,False,REGULAR,USD,QQQ,call,2026-08-31,0.052054794520547946,2.265,0.009378729540004242,0.1688953258307987,1468697.5156876852,723.7000122070312,0.007307397746256994,2026-08-12
QQQ260831C00753000,2026-08-12 20:13:56+00:00,753.0,2.1,2.07,2.16,0.24999988,13.513507,30.0,201,0.16266706481933596,False,REGULAR,USD,QQQ,call,2026-08-31,0.052054794520547946,2.115,0.009056518416893526,0.1599362362099338,953398.5606601243,723.7000122070312,0.007307397746256994,2026-08-12
QQQ260831C00754000,2026-08-12 20:05:41+00:00,754.0,2.1,1.92,2.01,0.20999992,11.111107,36.0,1072,0.1624229266357422,False,REGULAR,USD,QQQ,call,2026-08-31,0.052054794520547946,1.9649999999999999,0.008733115832619135,0.15101644032476252,4903217.583402238,723.7000122070312,0.007307397746256994,2026-08-12
QQQ260831C00755000,2026-08-12 19:47:17+00:00,755.0,1.84,1.78,1.87,0.16000009,9.523814,150.0,1081,0.16223982299804687,False,REGULAR,USD,QQQ,call,2026-08-31,0.052054794520547946,1.8250000000000002,0.008409528008550063,0.142513176292817,4761178.625234312,723.7000122070312,0.007307397746256994,2026-08-12
QQQ260831C00756000,2026-08-12 19:41:09+00:00,756.0,1.75,1.66,1.74,0.15999997,10.06289,18.0,159,0.16205671936035154,False,REGULAR,USD,QQQ,call,2026-08-31,0.052054794520547946,1.7,0.00808653117639212,0.13433195646820217,673405.3299426147,723.7000122070312,0.007307397746256994,2026-08-12
QQQ260831C00757000,2026-08-12 19:50:49+00:00,757.0,1.59,1.54,1.62,0.14999998,10.416665,14.0,156,0.16199568481445312,False,REGULAR,USD,QQQ,call,2026-08-31,0.052054794520547946,1.58,0.007766999403374357,0.12665630490163354,634592.6388333751,723.7000122070312,0.007307397746256994,2026-08-12
QQQ260831C00758000,2026-08-12 18:55:17+00:00,758.0,1.69,1.43,1.5,0.31000006,22.463772,6.0,192,0.16175154663085936,False,REGULAR,USD,QQQ,call,2026-08-31,0.052054794520547946,1.4649999999999999,0.007446844715946502,0.11902162353228812,748842.8483081565,723.7000122070312,0.007307397746256994,2026-08-12
QQQ260831C00759000,2026-08-12 18:55:17+00:00,759.0,1.61,1.32,1.39,0.45000005,38.793106,2.0,157,0.1615074084472656,False,REGULAR,USD,QQQ,call,2026-08-31,0.052054794520547946,1.355,0.007129267298048141,0.11170519931705236,586221.4567694254,723.7000122070312,0.007307397746256994,2026-08-12
QQQ260831C00760000,2026-08-12 20:12:27+00:00,760.0,1.24,1.24,1.29,0.060000062,5.084751,315.0,8757,0.16144637390136718,False,REGULAR,USD,QQQ,call,2026-08-31,0.052054794520547946,1.2650000000000001,0.00681982268036684,0.10497032819847407,31278476.57438606,723.7000122070312,0.007307397746256994,2026-08-12
QQQ260831C00761000,2026-08-11 19:15:45+00:00,761.0,1.09,1.15,1.2,0.0,0.0,49.0,168,0.1615074084472656,False,REGULAR,USD,QQQ,call,2026-08-31,0.052054794520547946,1.1749999999999998,0.006518922080263694,0.09871203045776894,573590.8722557863,723.7000122070312,0.007307397746256994,2026-08-12
QQQ260831C00762000,2026-08-12 18:35:16+00:00,762.0,1.27,1.07,1.12,-0.07000005,-5.2238846,8.0,120,0.16175154663085936,False,REGULAR,USD,QQQ,call,2026-08-31,0.052054794520547946,1.0950000000000002,0.006229830682734353,0.09299953639060371,391538.6592312769,723.7000122070312,0.007307397746256994,2026-08-12
QQQ260831C00763000,2026-08-12 15:32:07+00:00,763.0,1.24,0.99,1.04,-0.00999999,-0.79999924,21.0,94,0.16175154663085936,False,REGULAR,USD,QQQ,call,2026-08-31,0.052054794520547946,1.0150000000000001,0.005940062648123638,0.0872247066712658,292439.5041686739,723.7000122070312,0.007307397746256994,2026-08-12
QQQ260831C00764000,2026-08-12 16:21:44+00:00,764.0,1.15,0.92,0.97,-0.18000007,-13.53384,24.0,121,0.16199568481445312,False,REGULAR,USD,QQQ,call,2026-08-31,0.052054794520547946,0.9450000000000001,0.005665447339719811,0.08205516249197731,359034.95879367925,723.7000122070312,0.007307397746256994,2026-08-12
QQQ260831C00765000,2026-08-12 19:33:20+00:00,765.0,0.93,0.85,0.9,0.060000002,6.8965516,12090.0,609,0.16205671936035154,False,REGULAR,USD,QQQ,call,2026-08-31,0.052054794520547946,0.875,0.00539205974119803,0.07690255947255907,1719844.365213586,723.7000122070312,0.007307397746256994,2026-08-12
QQQ260831C00766000,2026-08-12 19:41:09+00:00,766.0,0.85,0.79,0.84,-0.089999974,-9.574465,4.0,519,0.16236189208984375,False,REGULAR,USD,QQQ,call,2026-08-31,0.052054794520547946,0.815,0.005135333395476129,0.07231923330250443,1395896.3183546392,723.7000122070312,0.007307397746256994,2026-08-12
QQQ260831C00767000,2026-08-12 19:53:09+00:00,767.0,0.77,0.74,0.78,0.03999996,5.479447,29.0,588,0.16248396118164063,False,REGULAR,USD,QQQ,call,2026-08-31,0.052054794520547946,0.76,0.004879857449887474,0.06774450806242105,1502801.5059018326,723.7000122070312,0.007307397746256994,2026-08-12
QQQ260831C00768000,2026-08-12 13:44:54+00:00,768.0,0.97,0.68,0.72,0.29000002,42.64706,1.0,119,0.16248396118164063,False,REGULAR,USD,QQQ,call,2026-08-31,0.052054794520547946,0.7,0.0046275693920287825,0.06326267175715845,288414.4803925172,723.7000122070312,0.007307397746256994,2026-08-12
QQQ260831C00769000,2026-08-12 19:54:50+00:00,769.0,0.67,0.63,0.67,0.06999999,11.666665,86.0,180,0.16272809936523439,False,REGULAR,USD,QQQ,call,2026-08-31,0.052054794520547946,0.65,0.0043930854312208365,0.0593033645434329,414151.5718225839,723.7000122070312,0.007307397746256994,2026-08-12
QQQ260831C00770000,2026-08-12 20:14:20+00:00,770.0,0.62,0.59,0.62,0.0,0.0,9130.0,14491,0.16285016845703126,False,REGULAR,USD,QQQ,call,2026-08-31,0.052054794520547946,0.605,0.004161997043599509,0.05542021870476235,31587647.561474886,723.7000122070312,0.007307397746256994,2026-08-12
QQQ260831C00771000,2026-08-12 19:36:07+00:00,771.0,0.6,0.55,0.58,-0.37,-38.14433,5.0,338,0.1632163757324219,False,REGULAR,USD,QQQ,call,2026-08-31,0.052054794520547946,0.565,0.00394926559531162,0.05201541309882438,699117.5461405803,723.7000122070312,0.007307397746256994,2026-08-12
QQQ260831C00772000,2026-08-12 15:31:32+00:00,772.0,0.68,0.51,0.55,0.13999999,25.92592,1.0,512,0.1641929284667969,False,REGULAR,USD,QQQ,call,2026-08-31,0.052054794520547946,0.53,0.0037700589095186064,0.04943791918140904,1010962.9907363617,723.7000122070312,0.007307397746256994,2026-08-12
QQQ260831C00773000,2026-08-11 19:42:04+00:00,773.0,0.52,0.47,0.51,0.0,0.0,1.0,232,0.16431499755859375,False,REGULAR,USD,QQQ,call,2026-08-31,0.052054794520547946,0.49,0.0035639789554894525,0.046129105034993276,433052.2264242577,723.7000122070312,0.007307397746256994,2026-08-12
QQQ260831C00774000,2026-08-12 18:46:24+00:00,774.0,0.57,0.44,0.48,0.16,39.02439,60.0,383,0.165047412109375,False,REGULAR,USD,QQQ,call,2026-08-31,0.052054794520547946,0.45999999999999996,0.003391021927901412,0.04360536259974976,680215.5126446832,723.7000122070312,0.007307397746256994,2026-08-12
QQQ260831C00775000,2026-08-12 18:46:24+00:00,775.0,0.53,0.41,0.44,0.109999985,26.190472,152.0,1013,0.16492534301757814,False,REGULAR,USD,QQQ,call,2026-08-31,0.052054794520547946,0.425,0.003191014353535684,0.04041371212570118,1692993.7817026363,723.7000122070312,0.007307397746256994,2026-08-12
QQQ260831C00780000,2026-08-12 20:14:00+00:00,780.0,0.29,0.28,0.31,-0.030000001,-9.375,157.0,41215,0.16687844848632816,False,REGULAR,USD,QQQ,call,2026-08-31,0.052054794520547946,0.29500000000000004,0.0024088944403083848,0.029116967530597674,51998430.27303524,723.7000122070312,0.007307397746256994,2026-08-12
QQQ260831C00785000,2026-08-12 20:14:29+00:00,785.0,0.22,0.2,0.22,-0.019999996,-8.333331,467.0,10651,0.16919776123046876,False,REGULAR,USD,QQQ,call,2026-08-31,0.052054794520547946,0.21000000000000002,0.0018082727418763087,0.021027766469302392,10087219.710404376,723.7000122070312,0.007307397746256994,2026-08-12
QQQ260831C00790000,2026-08-12 17:30:35+00:00,790.0,0.22,0.15,0.18,-0.03999999,-15.384612,376.0,1906,0.17505707763671874,False,REGULAR,USD,QQQ,call,2026-08-31,0.052054794520547946,0.16499999999999998,0.0014508385538353034,0.016894579706695802,1448302.0452706013,723.7000122070312,0.007307397746256994,2026-08-12
QQQ260831C00795000,2026-08-11 18:20:43+00:00,795.0,0.13,0.11,0.14,0.0,0.0,50.0,567,0.17945156494140624,False,REGULAR,USD,QQQ,call,2026-08-31,0.052054794520547946,0.125,0.0011360785949537286,0.013084081975359988,337371.65848888905,723.7000122070312,0.007307397746256994,2026-08-12
QQQ260831C00800000,2026-08-12 20:14:00+00:00,800.0,0.1,0.09,0.12,-0.009999998,-9.090907,40.0,33493,0.1860432958984375,False,REGULAR,USD,QQQ,call,2026-08-31,0.052054794520547946,0.105,0.0009410759292963994,0.010977469194796067,16508053.762555325,723.7000122070312,0.007307397746256994,2026-08-12
QQQ260831C00805000,2026-08-11 15:22:47+00:00,805.0,0.13,0.07,0.1,0.0,0.0,60.0,442,0.1914143359375,False,REGULAR,USD,QQQ,call,2026-08-31,0.052054794520547946,0.085,0.0007641618734301796,0.008934641560333158,176898.7624802488,723.7000122070312,0.007307397746256994,2026-08-12
QQQ260831C00810000,2026-08-12 19:10:52+00:00,810.0,0.08,0.06,0.09,-0.010000005,-11.111116,9.0,748,0.19873848144531248,False,REGULAR,USD,QQQ,call,2026-08-31,0.052054794520547946,0.075,0.0006567311417581782,0.007847038385289749,257280.20226828597,723.7000122070312,0.007307397746256994,2026-08-12
QQQ260831C00815000,2026-08-11 20:12:13+00:00,815.0,0.06,0.04,0.08,0.0,0.0,2.0,806,0.20508607421874997,False,REGULAR,USD,QQQ,call,2026-08-31,0.052054794520547946,0.06,0.0005559431019922289,0.006731735934639181,234683.49522075083,723.7000122070312,0.007307397746256994,2026-08-12
QQQ260831C00820000,2026-08-11 18:43:02+00:00,820.0,0.06,0.04,0.07,0.0,0.0,2.0,269,0.21094539062499998,False,REGULAR,USD,QQQ,call,2026-08-31,0.052054794520547946,0.05500000000000001,0.0004685792481057582,0.005729368670047887,66016.49931126519,723.7000122070312,0.007307397746256994,2026-08-12
QQQ260831C00825000,2026-08-12 18:30:53+00:00,825.0,0.06,0.03,0.06,0.009999998,19.999994,1.0,2900,0.21680470703125,False,REGULAR,USD,QQQ,call,2026-08-31,0.052054794520547946,0.045,0.00039792580312838604,0.004916690791404056,604389.9850018295,723.7000122070312,0.007307397746256994,2026-08-12
QQQ260831C00830000,2026-08-11 17:56:20+00:00,830.0,0.04,0.02,0.06,0.0,0.0,5.0,417,0.225593681640625,False,REGULAR,USD,QQQ,call,2026-08-31,0.052054794520547946,0.04,0.000367999538564612,0.004709176456868887,80371.20671434725,723.7000122070312,0.007307397746256994,2026-08-12
QQQ260831C00835000,2026-08-10 16:57:33+00:00,835.0,0.08,0.02,0.05,0.0,0.0,16.0,375,0.229499892578125,False,REGULAR,USD,QQQ,call,2026-08-31,0.052054794520547946,0.035,0.00030118023110072695,0.0038367425504345198,59152.74320725324,723.7000122070312,0.007307397746256994,2026-08-12
QQQ260831C00840000,2026-08-07 13:55:14+00:00,840.0,0.09,0.01,0.05,0.0,0.0,1.0,376,0.23828886718749998,False,REGULAR,USD,QQQ,call,2026-08-31,0.052054794520547946,0.030000000000000002,0.0002827977724424074,0.0037295889457774276,55690.48358719716,723.7000122070312,0.007307397746256994,2026-08-12
QQQ260831C00845000,2026-08-07 15:27:56+00:00,845.0,0.08,0.01,0.05,0.0,0.0,2.0,602,0.2461012890625,False,REGULAR,USD,QQQ,call,2026-08-31,0.052054794520547946,0.030000000000000002,0.0002601979235362107,0.0035234266217341837,82038.45589239427,723.7000122070312,0.007307397746256994,2026-08-12
QQQ260831C00850000,2026-08-11 19:29:01+00:00,850.0,0.02,0.01,0.05,0.0,0.0,4.0,2030,0.25489026367187506,False,REGULAR,USD,QQQ,call,2026-08-31,0.052054794520547946,0.030000000000000002,0.00024681611907065055,0.0034546346800644495,262413.82823479245,723.7000122070312,0.007307397746256994,2026-08-12
QQQ260831C00855000,2026-08-07 14:28:45+00:00,855.0,0.05,0.01,0.04,0.0,0.0,1.0,795,0.257819921875,False,REGULAR,USD,QQQ,call,2026-08-31,0.052054794520547946,0.025,0.00020240192008081642,0.002806816494295134,84275.0301705086,723.7000122070312,0.007307397746256994,2026-08-12
QQQ260831C00860000,2026-08-12 13:57:19+00:00,860.0,0.05,0.01,0.04,0.010000002,25.000004,2.0,642,0.26563234375,False,REGULAR,USD,QQQ,call,2026-08-31,0.052054794520547946,0.025,0.00018948539476651427,0.0026967907701257766,63712.98151774389,723.7000122070312,0.007307397746256994,2026-08-12
QQQ260831C00865000,2026-08-10 15:02:12+00:00,865.0,0.03,0.0,0.04,0.0,0.0,1.0,303,0.273444765625,False,REGULAR,USD,QQQ,call,2026-08-31,0.052054794520547946,0.02,0.00017818061579190055,0.002601399146129848,28276.147856444983,723.7000122070312,0.007307397746256994,2026-08-12
QQQ260831C00870000,2026-08-06 18:24:58+00:00,870.0,0.05,0.0,0.04,0.0,0.0,1.0,690,0.28125718749999995,False,REGULAR,USD,QQQ,call,2026-08-31,0.052054794520547946,0.02,0.0001682383247822654,0.0025185687673624385,60798.2649865535,723.7000122070312,0.007307397746256994,2026-08-12
QQQ260831C00875000,2026-08-10 16:57:33+00:00,875.0,0.03,0.0,0.04,0.0,0.0,29.0,382,0.2890696093749999,False,REGULAR,USD,QQQ,call,2026-08-31,0.052054794520547946,0.02,0.0001594551390846784,0.0024465928946793203,31902.083213155354,723.7000122070312,0.007307397746256994,2026-08-12
QQQ260831C00880000,2026-07-10 17:53:46+00:00,880.0,0.23,0.0,0.04,0.0,0.0,1.0,514,0.29688203124999996,False,REGULAR,USD,QQQ,call,2026-08-31,0.052054794520547946,0.02,0.00015166392858731873,0.0023840566796657302,40828.42062431504,723.7000122070312,0.007307397746256994,2026-08-12
QQQ260831C00885000,2026-08-05 14:32:40+00:00,885.0,0.16,0.0,0.04,0.0,0.0,25.0,151,0.304694453125,False,REGULAR,USD,QQQ,call,2026-08-31,0.052054794520547946,0.02,0.00014472643441846162,0.002329779776480312,11445.689755970901,723.7000122070312,0.007307397746256994,2026-08-12
QQQ260831C00890000,2026-08-05 16:49:01+00:00,890.0,0.07,0.0,0.04,0.0,0.0,3.0,133,0.31250687499999996,False,REGULAR,USD,QQQ,call,2026-08-31,0.052054794520547946,0.02,0.00013852755972888447,0.002282771600460951,9649.50387197617,723.7000122070312,0.007307397746256994,2026-08-12
QQQ260831C00895000,2026-07-23 19:38:38+00:00,895.0,0.02,0.0,0.04,0.0,0.0,501.0,525,0.3193427441406249,False,REGULAR,USD,QQQ,call,2026-08-31,0.052054794520547946,0.02,0.00013003608838493824,0.0021802957555519583,35755.29456935834,723.7000122070312,0.007307397746256994,2026-08-12
QQQ260831C00900000,2026-07-29 19:30:21+00:00,900.0,0.02,0.0,0.04,0.0,0.0,52.0,162,0.327155166015625,False,REGULAR,USD,QQQ,call,2026-08-31,0.052054794520547946,0.02,0.00012520494999486624,0.002147620295046474,10623.158799654515,723.7000122070312,0.007307397746256994,2026-08-12
QQQ260831C00905000,2026-08-10 14:03:35+00:00,905.0,0.04,0.0,0.04,0.0,0.0,1.0,168,0.33399103515625,False,REGULAR,USD,QQQ,call,2026-08-31,0.052054794520547946,0.02,0.00011826005263313405,0.002063177028904681,10405.537281726596,723.7000122070312,0.007307397746256994,2026-08-12
QQQ260831C00910000,2026-08-06 17:50:01+00:00,910.0,0.02,0.0,0.04,0.0,0.0,270.0,353,0.34180345703125,False,REGULAR,USD,QQQ,call,2026-08-31,0.052054794520547946,0.02,0.00011445832811168915,0.0020415712774483432,21161.14987839871,723.7000122070312,0.007307397746256994,2026-08-12
QQQ260831C00915000,2026-07-17 14:12:11+00:00,915.0,0.03,0.0,0.04,0.0,0.0,1.0,136,0.34961587890624996,False,REGULAR,USD,QQQ,call,2026-08-31,0.052054794520547946,0.02,0.00011101632229137013,0.0020238023045049294,7907.567437369745,723.7000122070312,0.007307397746256994,2026-08-12
QQQ260831C00920000,2026-08-04 14:41:03+00:00,920.0,0.03,0.0,0.03,0.0,0.0,4.0,1146,0.34766277343749996,False,REGULAR,USD,QQQ,call,2026-08-31,0.052054794520547946,0.015,8.704790216869914e-05,0.001539565509685803,52246.84700268682,723.7000122070312,0.007307397746256994,2026-08-12
QQQ260831C00925000,2026-08-11 14:38:49+00:00,925.0,0.01,0.0,0.03,0.0,0.0,2.0,512,0.35352208984374994,False,REGULAR,USD,QQQ,call,2026-08-31,0.052054794520547946,0.015,8.143690812299397e-05,0.0014575896219785624,21837.775527718968,723.7000122070312,0.007307397746256994,2026-08-12
QQQ260831C00930000,2026-07-27 14:06:11+00:00,930.0,0.02,0.0,0.03,0.0,0.0,2.0,1955,0.36133451171875,False,REGULAR,USD,QQQ,call,2026-08-31,0.052054794520547946,0.015,7.984902109119094e-05,0.0014610549112932447,81758.61350412203,723.7000122070312,0.007307397746256994,2026-08-12
QQQ260831C00935000,2026-08-04 14:55:44+00:00,935.0,0.03,0.0,0.03,0.0,0.0,2.0,407,0.36914693359375,False,REGULAR,USD,QQQ,call,2026-08-31,0.052054794520547946,0.015,7.841029390170223e-05,0.0014662000853430158,16714.1636793333,723.7000122070312,0.007307397746256994,2026-08-12
QQQ260831C00940000,2026-07-09 17:06:31+00:00,940.0,0.07,0.0,0.03,0.0,0.0,3.0,442,0.37500625,False,REGULAR,USD,QQQ,call,2026-08-31,0.052054794520547946,0.015,7.391239176087197e-05,0.0013982416698539468,17110.263007185,723.7000122070312,0.007307397746256994,2026-08-12
QQQ260831C00945000,2026-06-23 20:02:42+00:00,945.0,0.22,0.0,0.17,0.0,0.0,1.0,272,0.454107021484375,False,REGULAR,USD,QQQ,call,2026-08-31,0.052054794520547946,0.085,0.00023185300239317563,0.006152145917353685,33029.255773197314,723.7000122070312,0.007307397746256994,2026-08-12
QQQ260831C00950000,2026-08-07 13:52:47+00:00,950.0,0.01,0.0,0.03,0.0,0.0,29.0,36788,0.38867798828125,False,REGULAR,USD,QQQ,call,2026-08-31,0.052054794520547946,0.015,6.897699010484815e-05,0.0013481923438729193,1329007.9448951904,723.7000122070312,0.007307397746256994,2026-08-12
QQQ260831P00490000,2026-08-12 18:57:57+00:00,490.0,0.04,0.03,0.06,-0.02,-33.333336,26.0,420,0.57617611328125,False,REGULAR,USD,QQQ,put,2026-08-31,0.052054794520547946,0.045,4.027958703965807e-05,-0.0011515109611848207,-8860.361874138925,723.7000122070312,0.007307397746256994,2026-08-12
QQQ260831P00495000,2026-08-12 14:10:02+00:00,495.0,0.05,0.03,0.07,-0.029999997,-37.499996,4.0,150,0.56836369140625,False,REGULAR,USD,QQQ,put,2026-08-31,0.052054794520547946,0.05,4.5840513535883856e-05,-0.001306667526106975,-3601.2883259524256,723.7000122070312,0.007307397746256994,2026-08-12
QQQ260831P00500000,2026-08-12 16:40:58+00:00,500.0,0.05,0.03,0.07,-0.029999997,-37.499996,10.0,200,0.5546919531250001,False,REGULAR,USD,QQQ,put,2026-08-31,0.052054794520547946,0.05,4.816928374234836e-05,-0.0013432006163163202,-5045.652584876798,723.7000122070312,0.007307397746256994,2026-08-12
QQQ260831P00505000,2026-08-10 15:45:49+00:00,505.0,0.08,0.04,0.07,0.0,0.0,2.0,18,0.5449264257812501,False,REGULAR,USD,QQQ,put,2026-08-31,0.052054794520547946,0.05500000000000001,5.3388497906215116e-05,-0.00147441089859901,-503.3120951385892,723.7000122070312,0.007307397746256994,2026-08-12
QQQ260831P00510000,2026-08-11 17:56:34+00:00,510.0,0.06,0.05,0.07,0.0,0.0,2.0,331,0.5351608984375,False,REGULAR,USD,QQQ,put,2026-08-31,0.052054794520547946,0.060000000000000005,5.917838773388303e-05,-0.0016182448818999884,-10259.076839956102,723.7000122070312,0.007307397746256994,2026-08-12
QQQ260831P00515000,2026-08-07 14:33:57+00:00,515.0,0.09,0.04,0.08,0.0,0.0,3.0,80,0.5214891601562499,False,REGULAR,USD,QQQ,put,2026-08-31,0.052054794520547946,0.06,6.216937327776594e-05,-0.0016604005082332396,-2604.855498013991,723.7000122070312,0.007307397746256994,2026-08-12
QQQ260831P00520000,2026-08-07 14:33:57+00:00,520.0,0.13,0.05,0.08,0.0,0.0,1.0,247,0.5127001855468749,False,REGULAR,USD,QQQ,put,2026-08-31,0.052054794520547946,0.065,6.989131318755095e-05,-0.0018534432906587295,-9041.433942849608,723.7000122070312,0.007307397746256994,2026-08-12
QQQ260831P00525000,2026-08-11 17:27:50+00:00,525.0,0.09,0.05,0.07,0.0,0.0,32.0,139,0.5019581054687501,False,REGULAR,USD,QQQ,put,2026-08-31,0.052054794520547946,0.060000000000000005,7.649884031534376e-05,-0.002000044516810462,-5569.1230233366505,723.7000122070312,0.007307397746256994,2026-08-12
QQQ260831P00530000,2026-08-07 14:29:38+00:00,530.0,0.12,0.05,0.09,0.0,0.0,18.0,3421,0.5019581054687501,False,REGULAR,USD,QQQ,put,2026-08-31,0.052054794520547946,0.07,9.674361689599032e-05,-0.0025918687432852083,-173337.5102145402,723.7000122070312,0.007307397746256994,2026-08-12
QQQ260831P00535000,2026-08-11 15:12:57+00:00,535.0,0.1,0.06,0.09,0.0,0.0,4.0,284,0.48828636718750007,False,REGULAR,USD,QQQ,put,2026-08-31,0.052054794520547946,0.075,0.00010203275469825407,-0.0026664140495534783,-15176.62180819363,723.7000122070312,0.007307397746256994,2026-08-12
QQQ260831P00540000,2026-08-07 19:42:11+00:00,540.0,0.08,0.06,0.1,-0.049999997,-38.461536,15.0,401,0.47949739257812496,False,REGULAR,USD,QQQ,put,2026-08-31,0.052054794520547946,0.08,0.00011478619104306685,-0.0029777141457690837,-24107.44460117509,723.7000122070312,0.007307397746256994,2026-08-12
QQQ260831P00545000,2026-08-10 16:49:11+00:00,545.0,0.13,0.07,0.1,0.0,0.0,15.0,285,0.46582565429687506,False,REGULAR,USD,QQQ,put,2026-08-31,0.052054794520547946,0.085,0.0001211668743038909,-0.0030620851404580263,-18086.1415133192,723.7000122070312,0.007307397746256994,2026-08-12
QQQ260831P00550000,2026-08-12 13:46:03+00:00,550.0,0.09,0.07,0.11,-0.060000002,-40.0,2.0,327,0.45703667968750006,False,REGULAR,USD,QQQ,put,2026-08-31,0.052054794520547946,0.09,0.00013654623502046785,-0.003423819835659647,-23385.391365839096,723.7000122070312,0.007307397746256994,2026-08-12
QQQ260831P00555000,2026-08-10 14:31:45+00:00,555.0,0.13,0.08,0.11,0.0,0.0,15.0,409,0.44336494140625,False,REGULAR,USD,QQQ,put,2026-08-31,0.052054794520547946,0.095,0.00014431394773871278,-0.0035202833674626843,-30913.542472481415,723.7000122070312,0.007307397746256994,2026-08-12
QQQ260831P00560000,2026-08-12 16:32:52+00:00,560.0,0.1,0.08,0.12,-0.07,-41.17647,10.0,287,0.4335994140625,False,REGULAR,USD,QQQ,put,2026-08-31,0.052054794520547946,0.1,0.0001608650567002293,-0.003875794467316007,-24180.249236603686,723.7000122070312,0.007307397746256994,2026-08-12
QQQ260831P00565000,2026-08-12 15:47:41+00:00,565.0,0.1,0.09,0.12,-0.059999995,-37.499996,2.0,417,0.4204159521484375,False,REGULAR,USD,QQQ,put,2026-08-31,0.052054794520547946,0.105,0.00017138750296605444,-0.004018938302814523,-37431.080709689704,723.7000122070312,0.007307397746256994,2026-08-12
QQQ260831P00570000,2026-08-12 14:37:26+00:00,570.0,0.13,0.1,0.13,-0.040000007,-23.529415,3.0,786,0.4106504248046875,False,REGULAR,USD,QQQ,put,2026-08-31,0.052054794520547946,0.115,0.00019152882535157097,-0.004432565229136487,-78844.94436908927,723.7000122070312,0.007307397746256994,2026-08-12
QQQ260831P00575000,2026-08-10 18:43:20+00:00,575.0,0.14,0.11,0.14,-0.060000002,-30.0,2.0,451,0.40039662109375,False,REGULAR,USD,QQQ,put,2026-08-31,0.052054794520547946,0.125,0.00021290504300080327,-0.00485114605550685,-50289.770107402626,723.7000122070312,0.007307397746256994,2026-08-12
QQQ260831P00580000,2026-08-12 19:53:33+00:00,580.0,0.14,0.12,0.15,-0.040000007,-22.222223,14.0,1322,0.39014281738281253,False,REGULAR,USD,QQQ,put,2026-08-31,0.052054794520547946,0.135,0.00023702871462819993,-0.005315525534446475,-164115.49101843103,723.7000122070312,0.007307397746256994,2026-08-12
QQQ260831P00585000,2026-08-12 19:44:56+00:00,585.0,0.15,0.13,0.16,-0.08999999,-37.499996,4.0,340,0.379889013671875,False,REGULAR,USD,QQQ,put,2026-08-31,0.052054794520547946,0.14500000000000002,0.0002643289483942828,-0.00583209171200838,-47069.63223819791,723.7000122070312,0.007307397746256994,2026-08-12
QQQ260831P00590000,2026-08-12 19:50:04+00:00,590.0,0.17,0.14,0.17,-0.060000002,-26.086956,13.0,1088,0.36865865722656255,False,REGULAR,USD,QQQ,put,2026-08-31,0.052054794520547946,0.15500000000000003,0.00029143571023378226,-0.006294468281314081,-166069.0957701109,723.7000122070312,0.007307397746256994,2026-08-12
QQQ260831P00595000,2026-08-12 17:26:47+00:00,595.0,0.17,0.16,0.19,-0.08999999,-34.615383,11.0,1649,0.36035795898437495,False,REGULAR,USD,QQQ,put,2026-08-31,0.052054794520547946,0.175,0.00033494279110276003,-0.007180385091940855,-289273.3669732247,723.7000122070312,0.007307397746256994,2026-08-12
QQQ260831P00600000,2026-08-12 19:32:44+00:00,600.0,0.2,0.18,0.21,-0.08999999,-31.034481,75.0,10381,0.35108070800781244,False,REGULAR,USD,QQQ,put,2026-08-31,0.052054794520547946,0.195,0.0003806193605659501,-0.008060045469028498,-2069413.2538510489,723.7000122070312,0.007307397746256994,2026-08-12
QQQ260831P00605000,2026-08-12 18:42:33+00:00,605.0,0.2,0.19,0.23,-0.11999999,-37.499996,10.0,696,0.3415593188476562,False,REGULAR,USD,QQQ,put,2026-08-31,0.052054794520547946,0.21000000000000002,0.000432063791694137,-0.00902561831229931,-157497.72034618273,723.7000122070312,0.007307397746256994,2026-08-12
QQQ260831P00610000,2026-08-12 19:17:46+00:00,610.0,0.23,0.22,0.25,-0.11,-32.35294,52.0,772,0.3315496533203125,False,REGULAR,USD,QQQ,put,2026-08-31,0.052054794520547946,0.235,0.0004885707501194562,-0.010040521564125049,-197543.1265759746,723.7000122070312,0.007307397746256994,2026-08-12
QQQ260831P00615000,2026-08-12 18:58:57+00:00,615.0,0.25,0.24,0.28,-0.16,-39.02439,38.0,10060,0.3227606787109374,False,REGULAR,USD,QQQ,put,2026-08-31,0.052054794520547946,0.26,0.0005624987999618672,-0.011445493075526225,-2963717.0654580714,723.7000122070312,0.007307397746256994,2026-08-12
QQQ260831P00620000,2026-08-12 20:07:14+00:00,620.0,0.3,0.27,0.31,-0.14999998,-33.33333,108.0,786,0.31323928955078123,False,REGULAR,USD,QQQ,put,2026-08-31,0.052054794520547946,0.29000000000000004,0.0006433610558735468,-0.012910153547483372,-264846.6441877662,723.7000122070312,0.007307397746256994,2026-08-12
QQQ260831P00625000,2026-08-12 18:56:15+00:00,625.0,0.32,0.31,0.35,-0.18,-36.0,18.0,630,0.304694453125,False,REGULAR,USD,QQQ,put,2026-08-31,0.052054794520547946,0.32999999999999996,0.0007465521067725804,-0.014856598948054023,-246330.29941667005,723.7000122070312,0.007307397746256994,2026-08-12
QQQ260831P00630000,2026-08-12 19:56:16+00:00,630.0,0.39,0.36,0.39,-0.19999999,-33.898304,84.0,1562,0.2954172021484375,False,REGULAR,USD,QQQ,put,2026-08-31,0.052054794520547946,0.375,0.0008611702948233355,-0.01692764371822042,-704510.1108560393,723.7000122070312,0.007307397746256994,2026-08-12
QQQ260831P00635000,2026-08-12 18:53:47+00:00,635.0,0.41,0.41,0.44,-0.26000002,-38.805973,20.0,3864,0.2863840893554687,False,REGULAR,USD,QQQ,put,2026-08-31,0.052054794520547946,0.425,0.0009991610233702237,-0.01943134754611453,-2022040.0895790039,723.7000122070312,0.007307397746256994,2026-08-12
QQQ260831P00640000,2026-08-12 19:56:29+00:00,640.0,0.51,0.48,0.51,-0.28000003,-35.443043,77.0,2904,0.27857166748046874,False,REGULAR,USD,QQQ,put,2026-08-31,0.052054794520547946,0.495,0.0011776636062530894,-0.022838956174240588,-1791162.6559669531,723.7000122070312,0.007307397746256994,2026-08-12
QQQ260831P00645000,2026-08-12 19:52:55+00:00,645.0,0.56,0.55,0.59,-0.31,-35.632183,40.0,1452,0.270515107421875,False,REGULAR,USD,QQQ,put,2026-08-31,0.052054794520547946,0.5700000000000001,0.0013872220619593465,-0.026808456603442,-1054944.866989914,723.7000122070312,0.007307397746256994,2026-08-12
QQQ260831P00650000,2026-08-12 20:07:36+00:00,650.0,0.64,0.64,0.68,-0.39,-37.86408,2168.0,5048,0.2622144091796875,False,REGULAR,USD,QQQ,put,2026-08-31,0.052054794520547946,0.66,0.0016338483209988595,-0.03144186682894479,-4319646.845022058,723.7000122070312,0.007307397746256994,2026-08-12
QQQ260831P00651000,2026-08-10 14:43:43+00:00,651.0,1.04,0.66,0.71,0.0,0.0,6.0,91,0.2612378564453125,False,REGULAR,USD,QQQ,put,2026-08-31,0.052054794520547946,0.685,0.0016988366699092258,-0.03281441217205949,-80967.39728787282,723.7000122070312,0.007307397746256994,2026-08-12
QQQ260831P00652000,2026-08-10 19:50:11+00:00,652.0,1.15,0.68,0.73,0.0,0.0,1.0,48,0.2594068200683594,False,REGULAR,USD,QQQ,put,2026-08-31,0.052054794520547946,0.7050000000000001,0.0017532681948643346,-0.033805451144232945,-44076.46456219392,723.7000122070312,0.007307397746256994,2026-08-12
QQQ260831P00653000,2026-08-11 13:42:48+00:00,653.0,1.2,0.71,0.74,0.0,0.0,10.0,99,0.2569654382324219,False,REGULAR,USD,QQQ,put,2026-08-31,0.052054794520547946,0.725,0.0018003073996104694,-0.034512600049579345,-93346.71110821454,723.7000122070312,0.007307397746256994,2026-08-12
QQQ260831P00654000,2026-08-12 16:34:47+00:00,654.0,0.79,0.73,0.77,-0.43,-35.2459,3.0,73,0.25586681640625003,False,REGULAR,USD,QQQ,put,2026-08-31,0.052054794520547946,0.75,0.0018700975208916838,-0.035962062765253267,-71499.70904418018,723.7000122070312,0.007307397746256994,2026-08-12
QQQ260831P00655000,2026-08-12 19:44:18+00:00,655.0,0.75,0.76,0.79,-0.45000005,-37.5,173.0,1293,0.25403578002929694,False,REGULAR,USD,QQQ,put,2026-08-31,0.052054794520547946,0.775,0.0019307884326465739,-0.03706673600233912,-1307526.119103041,723.7000122070312,0.007307397746256994,2026-08-12
QQQ260831P00656000,2026-08-12 16:13:32+00:00,656.0,0.85,0.78,0.81,-0.39,-31.451612,7.0,723,0.2520826745605469,False,REGULAR,USD,QQQ,put,2026-08-31,0.052054794520547946,0.795,0.0019917598956264303,-0.03814314927663687,-754210.2680676756,723.7000122070312,0.007307397746256994,2026-08-12
QQQ260831P00657000,2026-08-07 20:12:23+00:00,657.0,1.51,0.8,0.84,0.0,0.0,17.0,94,0.2507399145507812,False,REGULAR,USD,QQQ,put,2026-08-31,0.052054794520547946,0.8200000000000001,0.002064986329647983,-0.03961153287698771,-101662.8298605743,723.7000122070312,0.007307397746256994,2026-08-12
QQQ260831P00658000,2026-08-12 14:45:12+00:00,658.0,0.88,0.83,0.87,-0.40999997,-31.782944,1.0,98,0.24927508544921873,False,REGULAR,USD,QQQ,put,2026-08-31,0.052054794520547946,0.85,0.0021388427402557887,-0.041065872858929486,-109779.71262315322,723.7000122070312,0.007307397746256994,2026-08-12
QQQ260831P00659000,2026-08-12 19:06:38+00:00,659.0,0.85,0.86,0.89,-0.51,-37.5,5.0,314,0.24732197998046873,False,REGULAR,USD,QQQ,put,2026-08-31,0.052054794520547946,0.875,0.002207222720144586,-0.04228015938009877,-362988.5833490868,723.7000122070312,0.007307397746256994,2026-08-12
QQQ260831P00660000,2026-08-12 20:01:53+00:00,660.0,0.87,0.89,0.92,-0.53999996,-38.29787,7188.0,16469,0.24573508178710937,False,REGULAR,USD,QQQ,put,2026-08-31,0.052054794520547946,0.905,0.0022843971287431967,-0.04376735851036573,-19704072.422165327,723.7000122070312,0.007307397746256994,2026-08-12
QQQ260831P00661000,2026-08-10 16:34:49+00:00,661.0,1.53,0.91,0.95,0.0,0.0,11.0,67,0.24414818359375,False,REGULAR,USD,QQQ,put,2026-08-31,0.052054794520547946,0.9299999999999999,0.0023644145328068785,-0.04531248191736159,-82968.94783824227,723.7000122070312,0.007307397746256994,2026-08-12
QQQ260831P00662000,2026-08-11 18:55:17+00:00,662.0,1.58,0.94,0.98,0.0,0.0,1.0,123,0.2425612854003906,False,REGULAR,USD,QQQ,put,2026-08-31,0.052054794520547946,0.96,0.0024473795709828773,-0.04691797806139719,-157660.7549657946,723.7000122070312,0.007307397746256994,2026-08-12
QQQ260831P00663000,2026-08-12 20:14:20+00:00,663.0,0.99,0.98,1.02,-0.65,-39.634148,5.0,96,0.24134059448242187,False,REGULAR,USD,QQQ,put,2026-08-31,0.052054794520547946,1.0,0.0025397793775771634,-0.04883219011555895,-127698.08527808591,723.7000122070312,0.007307397746256994,2026-08-12
QQQ260831P00664000,2026-08-10 13:36:55+00:00,664.0,1.74,1.01,1.05,0.0,0.0,2.0,43,0.2395095581054687,False,REGULAR,USD,QQQ,put,2026-08-31,0.052054794520547946,1.03,0.0026247335489481835,-0.05040433434083336,-59111.3445373349,723.7000122070312,0.007307397746256994,2026-08-12
QQQ260831P00665000,2026-08-12 19:26:06+00:00,665.0,1.04,1.05,1.09,-0.64,-38.095238,93.0,1062,0.23822783264160152,False,REGULAR,USD,QQQ,put,2026-08-31,0.052054794520547946,1.07,0.0027226048389984124,-0.05242374599911215,-1514350.0935598065,723.7000122070312,0.007307397746256994,2026-08-12
QQQ260831P00666000,2026-08-12 13:45:15+00:00,666.0,1.14,1.08,1.12,-0.69000006,-37.70492,1.0,236,0.23633576171874998,False,REGULAR,USD,QQQ,put,2026-08-31,0.052054794520547946,1.1,0.0028130977433993352,-0.05408455253897726,-347707.4413680352,723.7000122070312,0.007307397746256994,2026-08-12
QQQ260831P00667000,2026-08-12 19:30:53+00:00,667.0,1.14,1.12,1.16,-0.62,-35.227272,1.0,92,0.2348709326171875,False,REGULAR,USD,QQQ,put,2026-08-31,0.052054794520547946,1.1400000000000001,0.0029146753443303262,-0.056124826944101924,-140441.40787676166,723.7000122070312,0.007307397746256994,2026-08-12
QQQ260831P00668000,2026-08-11 18:09:44+00:00,668.0,1.88,1.16,1.2,0.0,0.0,7.0,101,0.2332840344238281,False,REGULAR,USD,QQQ,put,2026-08-31,0.052054794520547946,1.18,0.0030177233172560673,-0.058154619805891206,-159631.26390851202,723.7000122070312,0.007307397746256994,2026-08-12
QQQ260831P00669000,2026-08-12 17:14:37+00:00,669.0,1.21,1.2,1.24,-0.96000004,-44.23963,22.0,127,0.23169713623046873,False,REGULAR,USD,QQQ,put,2026-08-31,0.052054794520547946,1.22,0.0031245384579046795,-0.0602652737940057,-207829.2906675831,723.7000122070312,0.007307397746256994,2026-08-12
QQQ260831P00670000,2026-08-12 20:05:14+00:00,670.0,1.2,1.25,1.29,-0.78999996,-39.698494,165.0,6795,0.23041541076660155,False,REGULAR,USD,QQQ,put,2026-08-31,0.052054794520547946,1.27,0.0032407054693903508,-0.06270186009414602,-11533103.329722334,723.7000122070312,0.007307397746256994,2026-08-12
QQQ260831P00671000,2026-08-12 17:32:31+00:00,671.0,1.28,1.29,1.33,-0.94000006,-42.342346,2.0,307,0.22864540893554688,False,REGULAR,USD,QQQ,put,2026-08-31,0.052054794520547946,1.31,0.003352176193011459,-0.06484195246105529,-538992.0665061444,723.7000122070312,0.007307397746256994,2026-08-12
QQQ260831P00672000,2026-08-12 18:01:39+00:00,672.0,1.29,1.33,1.38,-0.85000014,-39.71963,4.0,296,0.22724161437988277,False,REGULAR,USD,QQQ,put,2026-08-31,0.052054794520547946,1.355,0.0034743312016678,-0.06737035480047548,-538617.0383439198,723.7000122070312,0.007307397746256994,2026-08-12
QQQ260831P00673000,2026-08-12 13:46:07+00:00,673.0,1.49,1.38,1.43,-0.8900001,-37.39496,3.0,105,0.2257767852783203,False,REGULAR,USD,QQQ,put,2026-08-31,0.052054794520547946,1.4049999999999998,0.0035996685581883925,-0.06994942961846806,-197956.1385591344,723.7000122070312,0.007307397746256994,2026-08-12
QQQ260831P00674000,2026-08-12 18:18:11+00:00,674.0,1.37,1.43,1.48,-1.0100001,-42.436977,15.0,78,0.2241898870849609,False,REGULAR,USD,QQQ,put,2026-08-31,0.052054794520547946,1.455,0.0037272771574710065,-0.0725270919016382,-152266.17926578483,723.7000122070312,0.007307397746256994,2026-08-12
QQQ260831P00675000,2026-08-12 20:03:32+00:00,675.0,1.46,1.49,1.54,-0.94000006,-39.166668,228.0,9534,0.22290816162109373,False,REGULAR,USD,QQQ,put,2026-08-31,0.052054794520547946,1.5150000000000001,0.0038647121813452263,-0.0754784671507105,-19297873.868851118,723.7000122070312,0.007307397746256994,2026-08-12
QQQ260831P00676000,2026-08-12 18:58:04+00:00,676.0,1.53,1.54,1.59,-1.02,-40.0,19.0,269,0.2211991943359375,False,REGULAR,USD,QQQ,put,2026-08-31,0.052054794520547946,1.565,0.003999479444821831,-0.07816393635613805,-563472.7382440714,723.7000122070312,0.007307397746256994,2026-08-12
QQQ260831P00677000,2026-08-12 18:14:17+00:00,677.0,1.53,1.6,1.65,-1.21,-44.160583,2.0,162,0.21973436523437498,False,REGULAR,USD,QQQ,put,2026-08-31,0.052054794520547946,1.625,0.0041432359611964405,-0.08118276139929681,-351537.6473696424,723.7000122070312,0.007307397746256994,2026-08-12
QQQ260831P00678000,2026-08-12 13:33:07+00:00,678.0,1.73,1.66,1.72,-1.1299999,-39.510487,3.0,193,0.21857470886230468,False,REGULAR,USD,QQQ,put,2026-08-31,0.052054794520547946,1.69,0.004296855664232301,-0.08461078935642297,-434335.40697565227,723.7000122070312,0.007307397746256994,2026-08-12
QQQ260831P00679000,2026-08-12 16:44:11+00:00,679.0,1.79,1.73,1.78,-0.96000004,-34.909092,23.0,289,0.21692677612304687,False,REGULAR,USD,QQQ,put,2026-08-31,0.052054794520547946,1.755,0.0044475648659333695,-0.08770934652735729,-673189.4379587008,723.7000122070312,0.007307397746256994,2026-08-12
QQQ260831P00680000,2026-08-12 19:52:50+00:00,680.0,1.8,1.8,1.85,-1.0699999,-37.28223,448.0,13155,0.21558401611328126,False,REGULAR,USD,QQQ,put,2026-08-31,0.052054794520547946,1.8250000000000002,0.004608263229231438,-0.0912316885488077,-31750114.136049453,723.7000122070312,0.007307397746256994,2026-08-12
QQQ260831P00681000,2026-08-12 19:49:20+00:00,681.0,1.84,1.86,1.92,-1.2199999,-39.869278,16.0,97,0.21411918701171873,False,REGULAR,USD,QQQ,put,2026-08-31,0.052054794520547946,1.8900000000000001,0.004772322689937639,-0.09477468601721573,-242448.05021176787,723.7000122070312,0.007307397746256994,2026-08-12
QQQ260831P00682000,2026-08-11 18:33:13+00:00,682.0,1.93,1.94,1.99,-1.34,-40.978592,6.0,1001,0.2125933233642578,False,REGULAR,USD,QQQ,put,2026-08-31,0.052054794520547946,1.9649999999999999,0.0049409307570772625,-0.09839899497387261,-2590359.283695432,723.7000122070312,0.007307397746256994,2026-08-12
QQQ260831P00683000,2026-08-12 19:59:51+00:00,683.0,2.02,2.02,2.07,-1.26,-38.414635,7.0,828,0.21125056335449216,False,REGULAR,USD,QQQ,put,2026-08-31,0.052054794520547946,2.045,0.00511758021547567,-0.1023587661573444,-2219280.28657997,723.7000122070312,0.007307397746256994,2026-08-12
QQQ260831P00684000,2026-08-12 19:27:39+00:00,684.0,2.09,2.1,2.17,-1.46,-41.126762,16.0,648,0.21039607971191404,False,REGULAR,USD,QQQ,put,2026-08-31,0.052054794520547946,2.135,0.00530568155382676,-0.10698882784275487,-1800666.752840377,723.7000122070312,0.007307397746256994,2026-08-12
QQQ260831P00685000,2026-08-12 19:58:43+00:00,685.0,2.21,2.19,2.26,-1.19,-35.0,127.0,2097,0.20911435424804684,False,REGULAR,USD,QQQ,put,2026-08-31,0.052054794520547946,2.2249999999999996,0.005493516694228962,-0.11134523940401819,-6033454.459091752,723.7000122070312,0.007307397746256994,2026-08-12
QQQ260831P00686000,2026-08-12 14:26:45+00:00,686.0,2.38,2.27,2.35,-1.0999999,-31.609194,3.0,2142,0.20777159423828123,False,REGULAR,USD,QQQ,put,2026-08-31,0.052054794520547946,2.31,0.005686140818906141,-0.11580830111340079,-6379024.017634729,723.7000122070312,0.007307397746256994,2026-08-12
QQQ260831P00687000,2026-08-12 18:00:06+00:00,687.0,2.23,2.36,2.44,-1.74,-43.828716,15.0,237,0.2063067651367187,False,REGULAR,USD,QQQ,put,2026-08-31,0.052054794520547946,2.4,0.005883238616546331,-0.12031449647914272,-730267.4931972839,723.7000122070312,0.007307397746256994,2026-08-12
QQQ260831P00688000,2026-08-12 18:18:11+00:00,688.0,2.32,2.46,2.54,-1.46,-38.62434,119.0,541,0.2049640051269531,False,REGULAR,USD,QQQ,put,2026-08-31,0.052054794520547946,2.5,0.006087237027645878,-0.12513542217224716,-1724783.6944704766,723.7000122070312,0.007307397746256994,2026-08-12
QQQ260831P00689000,2026-08-12 18:11:37+00:00,689.0,2.4,2.56,2.64,-1.53,-38.931297,23.0,274,0.20356021057128904,False,REGULAR,USD,QQQ,put,2026-08-31,0.052054794520547946,2.6,0.006296510043427384,-0.13007732815587603,-903582.1087639724,723.7000122070312,0.007307397746256994,2026-08-12
QQQ260831P00690000,2026-08-12 19:44:24+00:00,690.0,2.68,2.68,2.75,-1.51,-36.038185,271.0,3880,0.20227848510742186,False,REGULAR,USD,QQQ,put,2026-08-31,0.052054794520547946,2.715,0.006512296311215887,-0.1353522666695659,-13233753.420611307,723.7000122070312,0.007307397746256994,2026-08-12
QQQ260831P00691000,2026-08-12 18:00:50+00:00,691.0,2.61,2.78,2.87,-1.8399999,-41.348312,34.0,167,0.20117986328124998,False,REGULAR,USD,QQQ,put,2026-08-31,0.052054794520547946,2.825,0.006734272142741137,-0.141041137132488,-589012.2050545417,723.7000122070312,0.007307397746256994,2026-08-12
QQQ260831P00692000,2026-08-12 18:06:25+00:00,692.0,2.76,2.9,2.98,-2.16,-43.902443,33.0,109,0.19965399963378905,False,REGULAR,USD,QQQ,put,2026-08-31,0.052054794520547946,2.94,0.006960281843063426,-0.14645072099957313,-397347.49891903764,723.7000122070312,0.007307397746256994,2026-08-12
QQQ260831P00693000,2026-08-12 16:44:11+00:00,693.0,3.08,3.02,3.11,-1.71,-35.699375,55.0,326,0.19852486053466795,False,REGULAR,USD,QQQ,put,2026-08-31,0.052054794520547946,3.065,0.007192661076770093,-0.15253524973568755,-1228073.489979132,723.7000122070312,0.007307397746256994,2026-08-12
QQQ260831P00694000,2026-08-12 14:29:01+00:00,694.0,3.31,3.16,3.24,-1.4500003,-30.46219,1.0,237,0.19727365234375,False,REGULAR,USD,QQQ,put,2026-08-31,0.052054794520547946,3.2,0.007430033856419233,-0.15870317973159254,-922266.2129389243,723.7000122070312,0.007307397746256994,2026-08-12
QQQ260831P00695000,2026-08-12 19:44:22+00:00,695.0,3.28,3.3,3.37,-1.72,-34.4,321.0,3016,0.19586985778808597,False,REGULAR,USD,QQQ,put,2026-08-31,0.052054794520547946,3.335,0.007673102438129139,-0.16492259187642744,-12120470.902567247,723.7000122070312,0.007307397746256994,2026-08-12
QQQ260831P00696000,2026-08-12 14:38:27+00:00,696.0,3.58,3.42,3.52,-1.6700001,-31.809525,2.0,124,0.19480175323486326,False,REGULAR,USD,QQQ,put,2026-08-31,0.052054794520547946,3.4699999999999998,0.007919853863861038,-0.17177511073353258,-514346.76560575794,723.7000122070312,0.007307397746256994,2026-08-12
QQQ260831P00697000,2026-08-12 19:43:04+00:00,697.0,3.64,3.57,3.67,-2.1299999,-36.915077,22.0,200,0.19358106231689454,False,REGULAR,USD,QQQ,put,2026-08-31,0.052054794520547946,3.62,0.008171864634041934,-0.17869246699460528,-855989.2676537189,723.7000122070312,0.007307397746256994,2026-08-12
QQQ260831P00698000,2026-08-12 19:54:12+00:00,698.0,3.7,3.73,3.82,-2.1000001,-36.206898,13.0,119,0.19226881958007813,False,REGULAR,USD,QQQ,put,2026-08-31,0.052054794520547946,3.775,0.008429331654328338,-0.18575246351515762,-525360.3140618629,723.7000122070312,0.007307397746256994,2026-08-12
QQQ260831P00699000,2026-08-12 19:17:33+00:00,699.0,3.74,3.89,3.98,-2.34,-38.48684,14.0,165,0.19098709411621095,False,REGULAR,USD,QQQ,put,2026-08-31,0.052054794520547946,3.935,0.00869111397076237,-0.1931060674602676,-751063.3139770644,723.7000122070312,0.007307397746256994,2026-08-12
QQQ260831P00700000,2026-08-12 20:12:40+00:00,700.0,4.15,4.07,4.15,-1.8499999,-30.83333,6125.0,15957,0.18979692047119145,False,REGULAR,USD,QQQ,put,2026-08-31,0.052054794520547946,4.11,0.008955775877385183,-0.20083153082404936,-74846521.5501678,723.7000122070312,0.007307397746256994,2026-08-12
QQQ260831P00701000,2026-08-12 19:43:17+00:00,701.0,4.32,4.22,4.33,-1.8399997,-29.870125,19.0,262,0.1886677813720703,False,REGULAR,USD,QQQ,put,2026-08-31,0.052054794520547946,4.275,0.009222835801111407,-0.20889773406834666,-1265560.5482692064,723.7000122070312,0.007307397746256994,2026-08-12
QQQ260831P00702000,2026-08-12 19:00:10+00:00,702.0,4.27,4.41,4.52,-2.69,-38.649426,2.0,139,0.18756915954589842,False,REGULAR,USD,QQQ,put,2026-08-31,0.052054794520547946,4.465,0.009492060624187365,-0.21727313189288933,-691022.9376440132,723.7000122070312,0.007307397746256994,2026-08-12
QQQ260831P00703000,2026-08-12 18:55:12+00:00,703.0,4.39,4.61,4.71,-2.52,-36.468887,28.0,271,0.18631795135498047,False,REGULAR,USD,QQQ,put,2026-08-31,0.052054794520547946,4.66,0.009767225622658866,-0.22575182675095018,-1386301.4286612999,723.7000122070312,0.007307397746256994,2026-08-12
QQQ260831P00704000,2026-08-12 14:47:03+00:00,704.0,4.9,4.8,4.91,-2.3399997,-32.32044,2.0,145,0.18512777770996092,False,REGULAR,USD,QQQ,put,2026-08-31,0.052054794520547946,4.855,0.01004341126947665,-0.23458665889368202,-762722.2385183877,723.7000122070312,0.007307397746256994,2026-08-12
QQQ260831P00705000,2026-08-12 20:04:01+00:00,705.0,5.0,5.02,5.12,-2.3200002,-31.69399,90.0,698,0.18396812133789062,False,REGULAR,USD,QQQ,put,2026-08-31,0.052054794520547946,5.07,0.010320504219906403,-0.24374573523333432,-3772884.395885043,723.7000122070312,0.007307397746256994,2026-08-12
QQQ260831P00706000,2026-08-12 15:20:06+00:00,706.0,5.48,5.23,5.34,-2.27,-29.290323,3.0,188,0.1828389822387695,False,REGULAR,USD,QQQ,put,2026-08-31,0.052054794520547946,5.285,0.010597674218291534,-0.25323155412030884,-1043483.4705715739,723.7000122070312,0.007307397746256994,2026-08-12
QQQ260831P00707000,2026-08-12 18:57:53+00:00,707.0,5.3,5.46,5.57,-2.7399998,-34.079597,12.0,196,0.18170984313964844,False,REGULAR,USD,QQQ,put,2026-08-31,0.052054794520547946,5.515000000000001,0.01087516836310381,-0.2630131106940481,-1116372.7329360982,723.7000122070312,0.007307397746256994,2026-08-12
QQQ260831P00708000,2026-08-12 18:36:58+00:00,708.0,5.4,5.69,5.81,-2.85,-34.545456,9.0,411,0.18061122131347657,False,REGULAR,USD,QQQ,put,2026-08-31,0.052054794520547946,5.75,0.011151102769771005,-0.2731250011504648,-2400362.316487821,723.7000122070312,0.007307397746256994,2026-08-12
QQQ260831P00709000,2026-08-12 19:59:16+00:00,709.0,5.99,5.95,6.06,-2.5,-29.44641,69.0,159,0.1795125994873047,False,REGULAR,USD,QQQ,put,2026-08-31,0.052054794520547946,6.005,0.011425822254272328,-0.28353611556718605,-951484.5657760472,723.7000122070312,0.007307397746256994,2026-08-12
QQQ260831P00710000,2026-08-12 20:06:06+00:00,710.0,6.01,6.21,6.31,-2.79,-31.704544,1318.0,6197,0.1782308740234375,False,REGULAR,USD,QQQ,put,2026-08-31,0.052054794520547946,6.26,0.011707347870104285,-0.2940708700459248,-37997688.58859671,723.7000122070312,0.007307397746256994,2026-08-12
QQQ260831P00711000,2026-08-12 19:41:28+00:00,711.0,6.46,6.46,6.59,-3.3000002,-33.811478,86.0,252,0.17731535583496094,False,REGULAR,USD,QQQ,put,2026-08-31,0.052054794520547946,6.525,0.011968610067676735,-0.30526148801353314,-1579651.9893662515,723.7000122070312,0.007307397746256994,2026-08-12
QQQ260831P00712000,2026-08-12 19:29:43+00:00,712.0,6.59,6.74,6.86,-3.4300003,-34.231537,1015.0,333,0.17603363037109376,False,REGULAR,USD,QQQ,put,2026-08-31,0.052054794520547946,6.800000000000001,0.012245123792720719,-0.3164149228097528,-2135622.9212551313,723.7000122070312,0.007307397746256994,2026-08-12
QQQ260831P00713000,2026-08-12 20:00:02+00:00,713.0,7.0,7.03,7.15,-3.1099997,-30.76162,53.0,244,0.1749350085449219,False,REGULAR,USD,QQQ,put,2026-08-31,0.052054794520547946,7.09,0.012507763833931103,-0.3280400245096,-1598404.3718372302,723.7000122070312,0.007307397746256994,2026-08-12
QQQ260831P00714000,2026-08-12 20:05:00+00:00,714.0,7.2,7.32,7.46,-3.17,-30.568949,14.0,2031,0.1739584558105469,False,REGULAR,USD,QQQ,put,2026-08-31,0.052054794520547946,7.390000000000001,0.012757430756553481,-0.34006138213666515,-13570326.695465717,723.7000122070312,0.007307397746256994,2026-08-12
QQQ260831P00715000,2026-08-12 19:53:07+00:00,715.0,7.59,7.65,7.77,-3.0299997,-28.53107,336.0,683,0.1727987994384766,False,REGULAR,USD,QQQ,put,2026-08-31,0.052054794520547946,7.71,0.013011884890748174,-0.35223358989101383,-4654554.033050772,723.7000122070312,0.007307397746256994,2026-08-12
QQQ260831P00716000,2026-08-12 19:14:12+00:00,716.0,7.73,7.96,8.1,-3.9100003,-33.59107,26.0,266,0.17176121215820314,False,REGULAR,USD,QQQ,put,2026-08-31,0.052054794520547946,8.03,0.013250952251668915,-0.3647891150693884,-1846060.3118989225,723.7000122070312,0.007307397746256994,2026-08-12
QQQ260831P00717000,2026-08-12 19:34:51+00:00,717.0,8.22,8.31,8.44,-3.3000002,-28.645834,21.0,205,0.17069310760498052,False,REGULAR,USD,QQQ,put,2026-08-31,0.052054794520547946,8.375,0.013483374624069809,-0.37760849396489105,-1447670.1584024918,723.7000122070312,0.007307397746256994,2026-08-12
QQQ260831P00718000,2026-08-12 19:47:12+00:00,718.0,8.64,8.66,8.79,-3.3099995,-27.69874,34.0,385,0.1695944857788086,False,REGULAR,USD,QQQ,put,2026-08-31,0.052054794520547946,8.725,0.01370836615926303,-0.39069173498220333,-2764162.59411481,723.7000122070312,0.007307397746256994,2026-08-12
QQQ260831P00719000,2026-08-12 19:43:03+00:00,719.0,9.11,8.99,9.15,-3.0600004,-25.143799,49.0,190,0.16846534667968754,False,REGULAR,USD,QQQ,put,2026-08-31,0.052054794520547946,9.07,0.01392508753932902,-0.40403839500224537,-1385698.334183378,723.7000122070312,0.007307397746256994,2026-08-12
QQQ260831P00720000,2026-08-12 20:07:56+00:00,720.0,9.28,9.4,9.53,-3.38,-26.698263,2446.0,2968,0.16742775939941407,False,REGULAR,USD,QQQ,put,2026-08-31,0.052054794520547946,9.465,0.014122702338034959,-0.41769582672246885,-21953251.974585924,723.7000122070312,0.007307397746256994,2026-08-12
QQQ260831P00721000,2026-08-12 19:09:51+00:00,721.0,9.43,9.79,9.92,-3.63,-27.794792,25.0,280,0.16632913757324225,False,REGULAR,USD,QQQ,put,2026-08-31,0.052054794520547946,9.855,0.014312099414554868,-0.4315854817201893,-2098836.1485559144,723.7000122070312,0.007307397746256994,2026-08-12
QQQ260831P00722000,2026-08-12 20:00:47+00:00,722.0,10.1,10.17,10.32,-3.3499994,-24.907059,51.0,199,0.1651999984741211,False,REGULAR,USD,QQQ,put,2026-08-31,0.052054794520547946,10.245000000000001,0.014489919305278456,-0.44571854580765635,-1510206.0411040122,723.7000122070312,0.007307397746256994,2026-08-12
QQQ260831P00723000,2026-08-12 19:56:28+00:00,723.0,10.88,10.6,10.75,-3.37,-23.649122,46.0,158,0.16431499755859375,False,REGULAR,USD,QQQ,put,2026-08-31,0.052054794520547946,10.675,0.014630801829507871,-0.46013276484709376,-1210716.259289748,723.7000122070312,0.007307397746256994,2026-08-12
QQQ260831P00724000,2026-08-12 20:14:21+00:00,724.0,11.04,11.03,11.19,-3.7200003,-25.203253,217.0,145,0.16333844482421878,True,REGULAR,USD,QQQ,put,2026-08-31,0.052054794520547946,11.11,0.014762512068246188,-0.47472978792556253,-1121102.7756144227,723.7000122070312,0.007307397746256994,2026-08-12
QQQ260831P00725000,2026-08-12 19:55:59+00:00,725.0,11.79,11.5,11.64,-4.21,-26.3125,750.0,3024,0.16233137481689452,True,REGULAR,USD,QQQ,put,2026-08-31,0.052054794520547946,11.57,0.014878826216461584,-0.48951667761492446,-23565009.436552484,723.7000122070312,0.007307397746256994,2026-08-12
QQQ260831P00726000,2026-08-12 20:00:58+00:00,726.0,11.85,11.95,12.11,-3.46,-22.599607,13.0,270,0.16138533935546873,True,REGULAR,USD,QQQ,put,2026-08-31,0.052054794520547946,12.03,0.014970273063669794,-0.5044743513029047,-2116950.222229972,723.7000122070312,0.007307397746256994,2026-08-12
QQQ260831P00727000,2026-08-10 19:12:32+00:00,727.0,15.05,12.42,12.59,0.0,0.0,1.0,336,0.16037826934814453,True,REGULAR,USD,QQQ,put,2026-08-31,0.052054794520547946,12.504999999999999,0.015047050117082583,-0.5195937735634191,-2647937.95516108,723.7000122070312,0.007307397746256994,2026-08-12
QQQ260831P00728000,2026-08-12 18:41:15+00:00,728.0,12.12,12.93,13.09,-3.71,-23.436514,1.0,86,0.15943223388671873,True,REGULAR,USD,QQQ,put,2026-08-31,0.052054794520547946,13.01,0.015096806404005987,-0.5348354093966068,-679987.136308181,723.7000122070312,0.007307397746256994,2026-08-12
QQQ260831P00729000,2026-08-12 18:41:15+00:00,729.0,12.62,13.44,13.6,-2.8900003,-18.633142,3.0,43,0.15842516387939454,True,REGULAR,USD,QQQ,put,2026-08-31,0.052054794520547946,13.52,0.015129999848517886,-0.5502106408295073,-340741.114180509,723.7000122070312,0.007307397746256994,2026-08-12
QQQ260831P00730000,2026-08-12 19:40:26+00:00,730.0,14.0,13.96,14.13,-3.67,-20.769667,27.0,624,0.15747912841796874,True,REGULAR,USD,QQQ,put,2026-08-31,0.052054794520547946,14.045000000000002,0.01513433327256617,-0.56565413408477,-4946124.48882075,723.7000122070312,0.007307397746256994,2026-08-12
QQQ260831P00731000,2026-08-12 17:33:14+00:00,731.0,13.83,14.51,14.71,-4.84,-25.923943,2.0,34,0.1570518865966797,True,REGULAR,USD,QQQ,put,2026-08-31,0.052054794520547946,14.61,0.015067278453153539,-0.5808512321181161,-268306.3129970067,723.7000122070312,0.007307397746256994,2026-08-12
QQQ260831P00732000,2026-08-11 19:32:47+00:00,732.0,19.26,15.07,15.27,0.0,0.0,25.0,81,0.15610585113525394,True,REGULAR,USD,QQQ,put,2026-08-31,0.052054794520547946,15.17,0.015023933364702414,-0.5963488042147846,-637361.5018224345,723.7000122070312,0.007307397746256994,2026-08-12
QQQ260831P00733000,2026-08-11 19:40:41+00:00,733.0,19.65,15.65,15.85,0.0,0.0,3.0,131,0.1552208502197266,True,REGULAR,USD,QQQ,put,2026-08-31,0.052054794520547946,15.75,0.014950327589922109,-0.6118138294097795,-1025744.4233814738,723.7000122070312,0.007307397746256994,2026-08-12
QQQ260831P00734000,2026-08-11 19:40:41+00:00,734.0,20.32,16.25,16.45,0.0,0.0,2.0,95,0.1544274011230469,True,REGULAR,USD,QQQ,put,2026-08-31,0.052054794520547946,16.35,0.014843876728180746,-0.6271766079098887,-738563.9478735582,723.7000122070312,0.007307397746256994,2026-08-12
QQQ260831P00735000,2026-08-12 18:03:03+00:00,735.0,16.15,16.86,17.03,-4.8500004,-23.09524,13.0,156,0.15302360656738284,True,REGULAR,USD,QQQ,put,2026-08-31,0.052054794520547946,16.945,0.014762727452686473,-0.6430704778707871,-1206169.5494025878,723.7000122070312,0.007307397746256994,2026-08-12
QQQ260831P00736000,2026-08-12 15:58:37+00:00,736.0,18.08,17.49,17.69,-2.8199997,-13.492822,2.0,97,0.15268791656494146,True,REGULAR,USD,QQQ,put,2026-08-31,0.052054794520547946,17.59,0.014568630505101071,-0.6578452842061928,-740129.3436558442,723.7000122070312,0.007307397746256994,2026-08-12
QQQ260831P00737000,2026-08-12 17:09:36+00:00,737.0,17.41,18.13,18.33,-3.5699997,-17.016205,4.0,54,0.15180291564941406,True,REGULAR,USD,QQQ,put,2026-08-31,0.052054794520547946,18.229999999999997,0.01439420174179986,-0.6730552028697157,-407097.5652418251,723.7000122070312,0.007307397746256994,2026-08-12
QQQ260831P00738000,2026-08-12 15:58:35+00:00,738.0,19.39,18.79,18.99,-5.120001,-20.889435,6.0,15,0.150948432006836,True,REGULAR,USD,QQQ,put,2026-08-31,0.052054794520547946,18.89,0.014192384491088793,-0.6880993642649846,-111497.1553387526,723.7000122070312,0.007307397746256994,2026-08-12
QQQ260831P00739000,2026-08-11 14:48:35+00:00,739.0,22.17,19.46,19.67,0.0,0.0,6.0,9,0.15021601745605473,True,REGULAR,USD,QQQ,put,2026-08-31,0.052054794520547946,19.565,0.013957976893473894,-0.7028235142324543,-65793.37188406396,723.7000122070312,0.007307397746256994,2026-08-12
QQQ260831P00740000,2026-08-12 14:35:51+00:00,740.0,20.17,19.93,20.55,-4.3999996,-17.908016,6.0,26,0.15277946838378909,True,REGULAR,USD,QQQ,put,2026-08-31,0.052054794520547946,20.240000000000002,0.013505665735111182,-0.7128798292962352,-183910.49131796902,723.7000122070312,0.007307397746256994,2026-08-12
QQQ260831P00741000,2026-08-11 13:45:24+00:00,741.0,24.56,19.2,22.9,0.0,0.0,23.0,16,0.1810079458618164,True,REGULAR,USD,QQQ,put,2026-08-31,0.052054794520547946,21.049999999999997,0.011774090832979684,-0.6918013722773222,-98665.31902573293,723.7000122070312,0.007307397746256994,2026-08-12
QQQ260831P00742000,2026-08-12 15:58:33+00:00,742.0,22.16,21.07,23.57,-3.9300003,-15.063244,1.0,3,0.18006191040039063,True,REGULAR,USD,QQQ,put,2026-08-31,0.052054794520547946,22.32,0.011618898506518958,-0.7042414054570724,-18255.905235092177,723.7000122070312,0.007307397746256994,2026-08-12
QQQ260831P00743000,2026-08-12 15:58:30+00:00,743.0,22.89,22.04,22.72,-44.42,-65.99317,1.0,13,0.1508263629150391,True,REGULAR,USD,QQQ,put,2026-08-31,0.052054794520547946,22.38,0.0126509569954285,-0.7539942345356754,-86135.83966553718,723.7000122070312,0.007307397746256994,2026-08-12
QQQ260831P00744000,2026-08-10 13:36:28+00:00,744.0,26.0,21.42,25.01,0.0,0.0,3.0,4,0.17929897857666016,True,REGULAR,USD,QQQ,put,2026-08-31,0.052054794520547946,23.215000000000003,0.011222480378898789,-0.7273765210313811,-23510.724151680828,723.7000122070312,0.007307397746256994,2026-08-12
QQQ260831P00745000,2026-08-12 15:58:26+00:00,745.0,24.44,23.57,24.23,-2.1999989,-8.258254,15.0,93,0.14948360290527346,True,REGULAR,USD,QQQ,put,2026-08-31,0.052054794520547946,23.9,0.011994247838795295,-0.780064855708696,-584215.5696119096,723.7000122070312,0.007307397746256994,2026-08-12
QQQ260831P00746000,2026-08-05 13:51:03+00:00,746.0,27.69,22.97,26.41,0.0,0.0,6.0,6,0.1769491485595703,True,REGULAR,USD,QQQ,put,2026-08-31,0.052054794520547946,24.689999999999998,0.01083611828522503,-0.7517370692916678,-34051.96257120691,723.7000122070312,0.007307397746256994,2026-08-12
QQQ260831P00747000,2026-08-11 16:10:04+00:00,747.0,29.6,23.76,27.17,0.0,0.0,5.0,27,0.1765829412841797,True,REGULAR,USD,QQQ,put,2026-08-31,0.052054794520547946,25.465000000000003,0.010598668783670408,-0.7626058566964071,-149876.05196984156,723.7000122070312,0.007307397746256994,2026-08-12
QQQ260831P00748000,2026-07-02 14:33:50+00:00,748.0,39.39,24.57,27.89,0.0,0.0,2.0,0,0.17520966400146482,True,REGULAR,USD,QQQ,put,2026-08-31,0.052054794520547946,26.23,0.01037722487990385,-0.774603031422346,-0.0,723.7000122070312,0.007307397746256994,2026-08-12
QQQ260831P00749000,2026-08-06 19:38:42+00:00,749.0,36.18,25.39,28.7,0.0,0.0,4.0,2,0.17542328491210937,True,REGULAR,USD,QQQ,put,2026-08-31,0.052054794520547946,27.045,0.010109009480983646,-0.7842142726538648,-10589.019776813999,723.7000122070312,0.007307397746256994,2026-08-12
QQQ260831P00750000,2026-08-12 18:00:36+00:00,750.0,26.61,27.56,28.24,-3.5100002,-11.653387,5.0,19,0.14643187561035154,True,REGULAR,USD,QQQ,put,2026-08-31,0.052054794520547946,27.9,0.010113596788852422,-0.8387729433021296,-100641.33660441205,723.7000122070312,0.007307397746256994,2026-08-12
QQQ260831P00751000,2026-08-10 16:32:01+00:00,751.0,32.28,27.06,30.73,0.0,0.0,1.0,1,0.18405967315673827,True,REGULAR,USD,QQQ,put,2026-08-31,0.052054794520547946,28.895,0.009446642604411122,-0.7913682588754307,-4947.600729367883,723.7000122070312,0.007307397746256994,2026-08-12
QQQ260831P00752000,2026-07-13 14:02:30+00:00,752.0,43.22,27.7,31.58,0.0,0.0,2.0,0,0.1848226049804687,True,REGULAR,USD,QQQ,put,2026-08-31,0.052054794520547946,29.64,0.009192513041248095,-0.7993248350222295,-0.0,723.7000122070312,0.007307397746256994,2026-08-12
QQQ260831P00753000,2026-07-24 17:12:52+00:00,753.0,64.8,28.78,32.16,0.0,0.0,2.0,0,0.17939053039550779,True,REGULAR,USD,QQQ,put,2026-08-31,0.052054794520547946,30.47,0.00899655821061554,-0.8155006995052636,-0.0,723.7000122070312,0.007307397746256994,2026-08-12
QQQ260831P00754000,2026-06-18 15:40:07+00:00,754.0,39.19,58.43,60.71,0.0,0.0,3.0,19,0.6198463308715821,True,REGULAR,USD,QQQ,put,2026-08-31,0.052054794520547946,59.57,0.003817227163192299,-0.5810534595104951,-37985.580387166345,723.7000122070312,0.007307397746256994,2026-08-12
QQQ260831P00755000,2026-08-04 14:19:33+00:00,755.0,42.7,31.94,32.58,0.0,0.0,1.0,1,0.14527221923828126,True,REGULAR,USD,QQQ,put,2026-08-31,0.052054794520547946,32.26,0.00811438199765365,-0.8845536531402436,-4249.840284125309,723.7000122070312,0.007307397746256994,2026-08-12
QQQ260831P00756000,2026-06-18 16:03:58+00:00,756.0,38.98,60.27,62.53,0.0,0.0,4.0,6,0.6281165118408205,True,REGULAR,USD,QQQ,put,2026-08-31,0.052054794520547946,61.400000000000006,0.0037558934825505153,-0.5864824472811236,-11802.708398231014,723.7000122070312,0.007307397746256994,2026-08-12
QQQ260831P00757000,2026-07-24 14:54:43+00:00,757.0,71.58,33.62,36.0,0.0,0.0,1.0,0,0.19049881774902344,True,REGULAR,USD,QQQ,put,2026-08-31,0.052054794520547946,34.81,0.007958792382665706,-0.8328283734461797,-0.0,723.7000122070312,0.007307397746256994,2026-08-12
QQQ260831P00760000,2026-08-12 19:50:55+00:00,760.0,37.0,36.39,38.76,-7.4000015,-16.666668,1.0,10,0.19525951232910155,True,REGULAR,USD,QQQ,put,2026-08-31,0.052054794520547946,37.575,0.007283299502222718,-0.8483948614033432,-38145.6771875495,723.7000122070312,0.007307397746256994,2026-08-12
QQQ260831P00761000,2026-07-13 14:16:50+00:00,761.0,51.5,37.32,39.7,0.0,0.0,1.0,0,0.19721261779785154,True,REGULAR,USD,QQQ,put,2026-08-31,0.052054794520547946,38.510000000000005,0.007073284203019117,-0.8527169446816453,-0.0,723.7000122070312,0.007307397746256994,2026-08-12
QQQ260831P00762000,2026-06-12 15:23:32+00:00,762.0,52.86,47.38,50.02,0.0,0.0,25.0,22,0.3836731555175781,True,REGULAR,USD,QQQ,put,2026-08-31,0.052054794520547946,48.7,0.005496543492401904,-0.6990125514459065,-63332.91964965942,723.7000122070312,0.007307397746256994,2026-08-12
QQQ260831P00765000,2026-08-04 17:01:50+00:00,765.0,46.16,39.64,43.52,0.0,0.0,1.0,1,0.20600159240722654,True,REGULAR,USD,QQQ,put,2026-08-31,0.052054794520547946,41.58,0.006313164221098032,-0.8671494205712731,-3306.4674099492886,723.7000122070312,0.007307397746256994,2026-08-12
QQQ260831P00766000,2026-07-01 19:44:38+00:00,766.0,48.15,40.61,44.49,0.0,0.0,4.0,0,0.20850400878906244,True,REGULAR,USD,QQQ,put,2026-08-31,0.052054794520547946,42.55,0.006143572718040476,-0.8700339968738213,-0.0,723.7000122070312,0.007307397746256994,2026-08-12
QQQ260831P00769000,2026-07-10 14:41:25+00:00,769.0,52.36,43.54,47.42,0.0,0.0,0.0,0,0.21631643066406248,True,REGULAR,USD,QQQ,put,2026-08-31,0.052054794520547946,45.480000000000004,0.005677613470372155,-0.8776491539006694,-0.0,723.7000122070312,0.007307397746256994,2026-08-12
QQQ260831P00770000,2026-07-28 13:46:33+00:00,770.0,100.25,44.53,48.32,0.0,0.0,1.0,0,0.21656056884765623,True,REGULAR,USD,QQQ,put,2026-08-31,0.052054794520547946,46.425,0.005507360786908719,-0.8826324400625392,-0.0,723.7000122070312,0.007307397746256994,2026-08-12
QQQ260831P00772000,2026-07-29 19:51:37+00:00,772.0,107.99,46.51,50.26,0.0,0.0,0.0,0,0.22113815979003904,True,REGULAR,USD,QQQ,put,2026-08-31,0.052054794520547946,48.385,0.005228887155952797,-0.8876324468214423,-0.0,723.7000122070312,0.007307397746256994,2026-08-12
QQQ260831P00773000,2026-07-29 19:51:37+00:00,773.0,108.97,47.51,51.22,0.0,0.0,1.0,1,0.2230302307128906,True,REGULAR,USD,QQQ,put,2026-08-31,0.052054794520547946,49.364999999999995,0.005092209110462368,-0.8904159871207725,-2667.002295318436,723.7000122070312,0.007307397746256994,2026-08-12
QQQ260831P00774000,2026-07-23 18:38:53+00:00,774.0,81.33,48.51,52.24,0.0,0.0,20.0,0,0.2267533380126953,True,REGULAR,USD,QQQ,put,2026-08-31,0.052054794520547946,50.375,0.0049841749214347445,-0.8911590083774283,-0.0,723.7000122070312,0.007307397746256994,2026-08-12
QQQ260831P00775000,2026-07-28 13:47:01+00:00,775.0,105.25,49.51,53.24,0.0,0.0,1.0,0,0.2298660998535156,True,REGULAR,USD,QQQ,put,2026-08-31,0.052054794520547946,51.375,0.004872983871577442,-0.8925004951436488,-0.0,723.7000122070312,0.007307397746256994,2026-08-12
QQQ260831P00780000,2026-08-06 14:10:18+00:00,780.0,63.35,54.5,58.23,0.0,0.0,1.0,28,0.2449416326904297,True,REGULAR,USD,QQQ,put,2026-08-31,0.052054794520547946,56.364999999999995,0.004373792466997526,-0.8989093894104094,-64140.65099827612,723.7000122070312,0.007307397746256994,2026-08-12
QQQ260831P00785000,2026-07-01 19:36:24+00:00,785.0,61.19,59.5,63.24,0.0,0.0,4.0,0,0.2603833728027344,True,REGULAR,USD,QQQ,put,2026-08-31,0.052054794520547946,61.370000000000005,0.003965904843717175,-0.9038606095627619,-0.0,723.7000122070312,0.007307397746256994,2026-08-12
QQQ260831P00790000,2026-07-06 14:35:51+00:00,790.0,67.27,64.5,68.23,0.0,0.0,1.0,0,0.2747875256347656,True,REGULAR,USD,QQQ,put,2026-08-31,0.052054794520547946,66.36500000000001,0.003613553762998239,-0.9088312666079181,-0.0,723.7000122070312,0.007307397746256994,2026-08-12
QQQ260831P00795000,2026-06-26 15:54:02+00:00,795.0,84.6,69.5,72.6,0.0,0.0,3.0,0,0.26367923828125,True,REGULAR,USD,QQQ,put,2026-08-31,0.052054794520547946,71.05,0.002987192588879607,-0.9328339879967916,-0.0,723.7000122070312,0.007307397746256994,2026-08-12
QQQ260831P00800000,2026-07-08 16:32:00+00:00,800.0,92.69,74.5,78.3,0.0,0.0,3.0,0,0.3061592822265625,True,REGULAR,USD,QQQ,put,2026-08-31,0.052054794520547946,76.4,0.0030865572983771227,-0.914692134766039,-0.0,723.7000122070312,0.007307397746256994,2026-08-12
QQQ260831P00810000,2026-06-30 19:09:35+00:00,810.0,74.53,84.5,88.15,0.0,0.0,1.0,0,0.3280096496582031,True,REGULAR,USD,QQQ,put,2026-08-31,0.052054794520547946,86.325,0.0026114378619019026,-0.9250840052535128,-0.0,723.7000122070312,0.007307397746256994,2026-08-12
QQQ260831P00815000,2026-06-26 15:54:04+00:00,815.0,103.19,89.5,93.22,0.0,0.0,4.0,0,0.3443669079589844,True,REGULAR,USD,QQQ,put,2026-08-31,0.052054794520547946,91.36,0.0024649681944374476,-0.925967594071951,-0.0,723.7000122070312,0.007307397746256994,2026-08-12
QQQ260831P00820000,2026-06-22 19:43:22+00:00,820.0,85.42,123.86,127.14,0.0,0.0,0.0,0,0.9265144067382812,True,REGULAR,USD,QQQ,put,2026-08-31,0.052054794520547946,125.5,0.0023290809477218,-0.6827627914506839,-0.0,723.7000122070312,0.007307397746256994,2026-08-12
QQQ260831P00825000,2026-07-07 15:13:45+00:00,825.0,116.23,99.5,103.22,0.0,0.0,2.0,0,0.37085590087890624,True,REGULAR,USD,QQQ,put,2026-08-31,0.052054794520547946,101.36,0.002174610376284219,-0.9307489303561929,-0.0,723.7000122070312,0.007307397746256994,2026-08-12
QQQ260831P00830000,2026-07-02 13:30:46+00:00,830.0,105.0,104.5,108.23,0.0,0.0,1.0,0,0.3842835009765625,True,REGULAR,USD,QQQ,put,2026-08-31,0.052054794520547946,106.36500000000001,0.002054906807985122,-0.9326126267429073,-0.0,723.7000122070312,0.007307397746256994,2026-08-12
QQQ260831P00835000,2026-06-22 18:49:13+00:00,835.0,98.5,138.39,142.14,0.0,0.0,10.0,0,0.9822084298706054,True,REGULAR,USD,QQQ,put,2026-08-31,0.052054794520547946,140.265,0.002152141969223675,-0.6974304308914675,-0.0,723.7000122070312,0.007307397746256994,2026-08-12
QQQ260831P00840000,2026-06-22 18:39:30+00:00,840.0,102.99,144.65,147.14,0.0,0.0,0.0,0,1.0120899005126953,True,REGULAR,USD,QQQ,put,2026-08-31,0.052054794520547946,145.89499999999998,0.0020844076109336404,-0.6987807607728204,-0.0,723.7000122070312,0.007307397746256994,2026-08-12
QQQ260831P00850000,2026-07-13 14:16:48+00:00,850.0,136.4,124.5,128.22,0.0,0.0,0.0,0,0.4340266558837891,True,REGULAR,USD,QQQ,put,2026-08-31,0.052054794520547946,126.36,0.0016645226898338494,-0.9398941205707106,-0.0,723.7000122070312,0.007307397746256994,2026-08-12
QQQ260831P00875000,2026-07-15 16:46:50+00:00,875.0,161.76,149.5,153.22,0.0,0.0,1.0,0,0.4935353381347657,True,REGULAR,USD,QQQ,put,2026-08-31,0.052054794520547946,151.36,0.001336897854796878,-0.9464316047263076,-0.0,723.7000122070312,0.007307397746256994,2026-08-12
QQQ260831P00900000,2026-06-26 17:13:14+00:00,900.0,185.26,174.5,178.21,0.0,0.0,247.0,0,0.5492598785400393,True,REGULAR,USD,QQQ,put,2026-08-31,0.052054794520547946,176.35500000000002,0.001108250462572869,-0.9515894034391078,-0.0,723.7000122070312,0.007307397746256994,2026-08-12
