contractSymbol,oi,iv,mid,volume,public_gex,gamma,delta,spot,oi_prev,iv_prev,mid_prev,volume_prev,public_gex_prev,gamma_prev,delta_prev,spot_prev,oi_change,iv_change,mid_change,new_public_gex,flow_class,confidence,flow_reason,inferred_dealer_new_gex,ticker
SPY260717C00757000,23962,0.1367273828125,0.005,9660.0,39947260.22527622,0.0030175007073074,0.0056229740948955,743.2899780273438,11162.0,0.0832611206054687,0.185,73831.0,129994351.60046177,0.0206645772794039,0.0297696641201025,750.719970703125,12800.0,0.053466262207031295,-0.18,-90047091.37518555,LIKELY_CUSTOMER_BUY,65.0,IV up; option price down; volume confirms,90047091.37518555,SPY
SPY260717C00753000,23599,0.1015714843749999,0.005,62509.0,70752489.83913533,0.0054266470148952,0.0078031433034882,743.2899780273438,12039.0,0.0919280261230468,1.085,111677.0,623995692.8778366,0.0919676817417024,0.2725717524299851,750.719970703125,11560.0,0.009643458251953091,-1.08,-553243203.0387013,LIKELY_CUSTOMER_BUY,65.0,IV up; option price down; volume confirms,553243203.0387013,SPY
SPY260717C00752000,24075,0.0937590625,0.005,103829.0,92146201.42862128,0.0069277879617825,0.0094091015322299,743.2899780273438,12831.0,0.0931487170410156,1.48,116110.0,747743078.447803,0.1034036712758107,0.3727796694203352,750.719970703125,11244.0,0.0006103454589844043,-1.475,-655596877.0191817,LIKELY_CUSTOMER_BUY,65.0,IV up; option price down; volume confirms,655596877.0191817,SPY
SPY260717P00742000,17338,0.0365086584472656,0.135,573831.0,-1685191103.7614682,0.1759274488215021,-0.1667025520163297,743.2899780273438,6919.0,0.12500875,0.335,29909.0,-62044202.783992775,0.0159111635447439,-0.0354909577835398,750.719970703125,10419.0,-0.0885000915527344,-0.2,-1623146900.9774754,LIKELY_CUSTOMER_SELL,95.0,IV down; option price down; volume confirms,-1623146900.9774754,SPY
SPY260717P00743000,15744,0.0532321240234375,0.655,699972.0,-1648391202.5307903,0.189508481922714,-0.4282746542168857,743.2899780273438,5732.0,0.1242763354492187,0.44,34872.0,-72306508.57126352,0.0223828441854596,-0.0537915181649264,750.719970703125,10012.0,-0.07104421142578121,0.21500000000000002,-1576084693.9595268,LIKELY_CUSTOMER_SELL,65.0,IV down; option price up; volume confirms,-1576084693.9595268,SPY
SPY260717C00759000,14151,0.1562584375,0.005,8040.0,20393099.37190192,0.0026084321849242,0.0055465317185996,743.2899780273438,4709.0,0.0854583642578125,0.075,42653.0,16642711.260574844,0.0062710382506765,0.0076437303794991,750.719970703125,9442.0,0.07080007324218751,-0.06999999999999999,3750388.1113270745,LIKELY_CUSTOMER_BUY,65.0,IV up; option price down; volume confirms,-3750388.1113270745,SPY
SPY260724P00745000,12974,0.1389856610107422,6.890000000000001,16370.0,-199392271.62318525,0.0278174856912146,-0.5278679231118902,743.2899780273438,3687.0,0.1239711627197265,3.37,16560.0,-53779994.62512864,0.0258816332342542,-0.3178653408046527,750.719970703125,9287.0,0.015014498291015699,3.5200000000000005,-145612276.9980566,LIKELY_CUSTOMER_BUY,95.0,IV up; option price up; volume confirms,145612276.9980566,SPY
SPY260717C00754000,20019,0.1113370117187499,0.005,39854.0,52778356.56412301,0.0047719614764333,0.0074839998866631,743.2899780273438,11132.0,0.0887542297363281,0.745,103182.0,473255508.6405288,0.0754338965488501,0.1807435437158511,750.719970703125,8887.0,0.022582781982421807,-0.74,-420477152.07640576,LIKELY_CUSTOMER_BUY,65.0,IV up; option price down; volume confirms,420477152.07640576,SPY
SPY260720P00736000,11219,0.1147549462890625,1.02,18770.0,-197018832.67797905,0.0317860849171503,-0.1625146060447674,743.2899780273438,3025.0,0.1219570227050781,0.39,14376.0,-19990190.9627678,0.011725614869618,-0.0557160443436764,750.719970703125,8194.0,-0.007202076416015599,0.63,-177028641.71521124,LIKELY_CUSTOMER_SELL,65.0,IV down; option price up; volume confirms,-177028641.71521124,SPY
SPY260717P00730000,57914,0.148446015625,0.015,28111.0,-143042432.83701974,0.0044705892743912,-0.0096430520296657,743.2899780273438,49981.0,0.168953623046875,0.035,14606.0,-10724825.875395397,0.0003807407582622,-0.0007321520844661,750.719970703125,7933.0,-0.02050760742187499,-0.020000000000000004,-132317606.96162434,LIKELY_CUSTOMER_SELL,95.0,IV down; option price down; volume confirms,-132317606.96162434,SPY
SPY260717C00758000,18102,0.148446015625,0.005,10701.0,30038872.282582328,0.0030035890304457,0.006137149757794,743.2899780273438,10496.0,0.0837493969726562,0.1149999999999999,56407.0,67447936.70208633,0.0114022066665801,0.0148402383622935,750.719970703125,7606.0,0.06469661865234382,-0.10999999999999989,-37409064.419504,LIKELY_CUSTOMER_BUY,65.0,IV up; option price down; volume confirms,37409064.419504,SPY
SPY260720C00800000,7567,0.242195078125,0.005,1.0,409414.7599417409,9.793168055116708e-05,0.000445896849405,743.2899780273438,2.0,0.2011798632812499,0.015,7567.0,327.968032372119,0.0002909682354716,0.0014061855300966,750.719970703125,7565.0,0.04101521484375009,-0.009999999999999998,409086.79190936877,LIKELY_CUSTOMER_BUY,65.0,IV up; option price down,-409086.79190936877,SPY
SPY260717C00756000,16835,0.1289149609375,0.005,16746.0,33069635.390634995,0.0035554922114676,0.0063315574573092,743.2899780273438,9575.0,0.0844818115234375,0.305,81537.0,192679867.935624,0.0357060343977749,0.0596204259871187,750.719970703125,7260.0,0.044433149414062484,-0.3,-159610232.54498902,LIKELY_CUSTOMER_BUY,65.0,IV up; option price down; volume confirms,159610232.54498902,SPY
SPY260717P00683000,9320,0.51562984375,0.005,8.0,-713132.1573858261,0.0001384961031817,-0.0008113044673663,743.2899780273438,3030.0,0.429693203125,0.005,9501.0,-5492.651474633174,3.2164994079059662e-06,-1.2244963921603793e-05,750.719970703125,6290.0,0.085936640625,0.0,-707639.505911193,LIKELY_CUSTOMER_BUY,80.0,IV up,707639.505911193,SPY
SPY260717C00760000,66361,0.164070859375,0.005,14269.0,83930754.34593187,0.0022892417110099,0.0050594874990019,743.2899780273438,60153.0,0.088876298828125,0.055,67384.0,126771226.78784658,0.0037394476959881,0.0044604135036827,750.719970703125,6208.0,0.07519456054687498,-0.05,-42840472.44191471,LIKELY_CUSTOMER_BUY,65.0,IV up; option price down; volume confirms,42840472.44191471,SPY
SPY260717C00755000,33139,0.1211025390625,0.005,27736.0,77930773.48871684,0.0042565038785556,0.0072316410052824,743.2899780273438,27182.0,0.0861907788085937,0.485,144284.0,843160280.192624,0.0550392862156446,0.108677040387256,750.719970703125,5957.0,0.0349117602539063,-0.48,-765229506.7039071,LIKELY_CUSTOMER_BUY,65.0,IV up; option price down; volume confirms,765229506.7039071,SPY
SPY260717C00751000,16517,0.08399353515625,0.005,173637.0,75513351.40354377,0.0082751528112209,0.0101676732516228,743.2899780273438,10565.0,0.0959563061523437,1.985,65207.0,629200775.3473018,0.1056729446308319,0.4800918614715653,750.719970703125,5952.0,-0.011962770996093705,-1.9800000000000002,-553687423.943758,LIKELY_CUSTOMER_SELL,95.0,IV down; option price down; volume confirms,-553687423.943758,SPY
SPY260717P00746000,13102,0.1316004809570312,3.535,441997.0,-495495049.94709176,0.0684518469771598,-0.6946188925705354,743.2899780273438,7295.0,0.115670464477539,0.85,39859.0,-205132485.02565116,0.0498945610989625,-0.1439237938300028,750.719970703125,5807.0,0.0159300164794922,2.685,-290362564.9214406,LIKELY_CUSTOMER_BUY,95.0,IV up; option price up; volume confirms,290362564.9214406,SPY
SPY260717P00753000,14297,0.2653882055664062,10.535,5862.0,-199977854.75728685,0.0253174775629885,-0.8210845611881185,743.2899780273438,8903.0,0.1013273461914062,3.53,75137.0,-432538591.6704131,0.0862050186575119,-0.7083113831194282,750.719970703125,5394.0,0.16406085937499998,7.005000000000001,232560736.91312623,LIKELY_CUSTOMER_BUY,95.0,IV up; option price up; volume confirms,-232560736.91312623,SPY
SPY260717C00778000,11874,0.3125068749999999,0.005,99.0,4575060.251831484,0.0006974020490853,0.0027573688882761,743.2899780273438,6595.0,0.1914143359375,0.015,3516.0,365899.5493394911,9.844442720693364e-05,0.0001950922217843,750.719970703125,5279.0,0.1210925390624999,-0.009999999999999998,4209160.702491993,LIKELY_CUSTOMER_BUY,65.0,IV up; option price down,-4209160.702491993,SPY
SPY260724P00740000,11193,0.1459130819702148,4.859999999999999,22207.0,-158477677.93981916,0.0256274291265104,-0.3945033927380044,743.2899780273438,6131.0,0.1317225500488281,2.205,13399.0,-68797431.80837932,0.0199106286280268,-0.2141127268512019,750.719970703125,5062.0,0.014190531921386695,2.6549999999999994,-89680246.13143983,LIKELY_CUSTOMER_BUY,95.0,IV up; option price up; volume confirms,89680246.13143983,SPY
SPY260720C00760000,8642,0.088876298828125,0.015,12833.0,7990880.061581488,0.001673646740176,0.0033201877899092,743.2899780273438,3731.0,0.0723969714355468,0.205,17154.0,43706965.543025605,0.0207859303781539,0.0594481505982084,750.719970703125,4911.0,0.016479327392578208,-0.19,-35716085.48144412,LIKELY_CUSTOMER_BUY,65.0,IV up; option price down; volume confirms,35716085.48144412,SPY
SPY260717P00708000,30099,0.335944140625,0.005,33.0,-10610953.991897138,0.0006380956885849,-0.0027072586764768,743.2899780273438,25621.0,0.2988351367187499,0.015,7214.0,-416838.42629373306,2.8867935937178308e-05,-8.479248070669687e-05,750.719970703125,4478.0,0.037109003906250104,-0.009999999999999998,-10194115.565603405,LIKELY_CUSTOMER_BUY,65.0,IV up; option price down,10194115.565603405,SPY
SPY260717P00734000,8905,0.10938390625,0.015,63154.0,-39348008.57135744,0.0079978320370497,-0.0132522614934533,743.2899780273438,4428.0,0.1518639501953125,0.065,8417.0,-2863415.0389736,0.0011474156024525,-0.0021769593826675,750.719970703125,4477.0,-0.04248004394531252,-0.05,-36484593.53238384,LIKELY_CUSTOMER_SELL,95.0,IV down; option price down; volume confirms,-36484593.53238384,SPY
SPY260717P00707000,30945,0.3437565625,0.005,5.0,-10203084.886578552,0.0005967940142263,-0.0025787498703571,743.2899780273438,26605.0,0.304694453125,0.015,6266.0,-398757.52003508114,2.659436865987935e-05,-7.933318519759425e-05,750.719970703125,4340.0,0.03906210937499999,-0.009999999999999998,-9804327.366543472,LIKELY_CUSTOMER_BUY,65.0,IV up; option price down,9804327.366543472,SPY
SPY260723C00765000,7466,0.0922942333984375,0.035,2352.0,11242347.411250569,0.0027255393835005,0.0088590282700334,743.2899780273438,3176.0,0.086923193359375,0.3,4697.0,25822666.366009947,0.0144266219767235,0.0673769481136428,750.719970703125,4290.0,0.005371040039062497,-0.265,-14580318.954759378,LIKELY_CUSTOMER_BUY,65.0,IV up; option price down; volume confirms,14580318.954759378,SPY
SPY260717C00786000,15030,0.37500625,0.005,4492.0,4128891.3553173216,0.0004972306833528,0.0023203603430032,743.2899780273438,10793.0,0.2226640234374999,0.005,4492.0,125170.27112382476,2.0577995957447597e-05,4.333988950807408e-05,750.719970703125,4237.0,0.1523422265625001,0.0,4003721.084193497,LIKELY_CUSTOMER_BUY,80.0,IV up; volume confirms,-4003721.084193497,SPY
SPY260722P00734000,10793,0.1456384265136718,2.05,15229.0,-138670410.25211623,0.0232554672107031,-0.2181306816922408,743.2899780273438,6732.0,0.1369715209960937,0.8,20019.0,-47485394.62026314,0.0125158400954637,-0.0919587863726343,750.719970703125,4061.0,0.008666905517578094,1.2499999999999998,-91185015.6318531,LIKELY_CUSTOMER_BUY,95.0,IV up; option price up; volume confirms,91185015.6318531,SPY
SPY260717P00741000,15039,0.0383396948242187,0.035,410053.0,-624598850.9644744,0.0751736551486209,-0.0555573337007816,743.2899780273438,11057.0,0.1286708227539062,0.275,21031.0,-72787857.51746406,0.0116806144303271,-0.025313052142118,750.719970703125,3982.0,-0.0903311279296875,-0.24000000000000002,-551810993.4470104,LIKELY_CUSTOMER_SELL,95.0,IV down; option price down; volume confirms,-551810993.4470104,SPY
SPY260724C00755000,11725,0.1075528698730468,1.02,14515.0,142922687.24489182,0.0220633659091237,0.1609567240739961,743.2899780273438,7750.0,0.1096280444335937,3.29,15878.0,137195613.23062316,0.0314110594234963,0.3866176218414387,750.719970703125,3975.0,-0.0020751745605468996,-2.27,5727074.0142686665,LIKELY_CUSTOMER_SELL,95.0,IV down; option price down; volume confirms,5727074.0142686665,SPY
SPY260717P00744000,11761,0.0847259497070312,1.555,709729.0,-772569763.1561388,0.118898644222315,-0.5747056455287973,743.2899780273438,8156.0,0.1243984045410156,0.595,31093.0,-140594834.94481197,0.0305869526529901,-0.080604410655626,750.719970703125,3605.0,-0.03967245483398439,0.96,-631974928.2113268,LIKELY_CUSTOMER_SELL,65.0,IV down; option price up; volume confirms,-631974928.2113268,SPY
SPY260722P00745000,5225,0.1276332354736328,5.67,7176.0,-103095578.32069395,0.0357138927521594,-0.543668696024676,743.2899780273438,1653.0,0.1142056353759765,2.39,5452.0,-28665284.70001456,0.0307699979715099,-0.2827898065463784,750.719970703125,3572.0,0.013427600097656311,3.28,-74430293.6206794,LIKELY_CUSTOMER_BUY,95.0,IV up; option price up; volume confirms,74430293.6206794,SPY
SPY260717P00748000,21605,0.174812939453125,5.555,54280.0,-557971114.277352,0.0467456164690767,-0.7497780552363378,743.2899780273438,18169.0,0.1103604589843749,1.31,66098.0,-762510494.4155732,0.074466143348924,-0.2577758110845373,750.719970703125,3436.0,0.06445248046875011,4.244999999999999,204539380.13822126,LIKELY_CUSTOMER_BUY,95.0,IV up; option price up; volume confirms,-204539380.13822126,SPY
SPY260717P00747000,13540,0.1544274011230469,4.545,174366.0,-415298530.93589216,0.055516895987616,-0.7252032531379142,743.2899780273438,10105.0,0.1131680480957031,1.065,47058.0,-352952349.0270282,0.0619760396032083,-0.1948732820584712,750.719970703125,3435.0,0.04125935302734379,3.48,-62346181.90886396,LIKELY_CUSTOMER_BUY,95.0,IV up; option price up; volume confirms,62346181.90886396,SPY
SPY260721P00733000,3661,0.137154624633789,1.25,2473.0,-45463266.00892356,0.0224773106783361,-0.1565749365482386,743.2899780273438,249.0,0.1341639318847656,0.475,3725.0,-1397925.509089188,0.0099615918683012,-0.0589146609423056,750.719970703125,3412.0,0.002990692749023388,0.775,-44065340.49983437,LIKELY_CUSTOMER_BUY,95.0,IV up; option price up; volume confirms,44065340.49983437,SPY
SPY260717C00781000,5663,0.335944140625,0.005,4.0,1898053.1526247703,0.0006066598511866,0.0025600070929965,743.2899780273438,2266.0,0.195320546875,0.005,4435.0,39821.57779986485,3.1181903250405615e-05,5.8590232262245454e-05,750.719970703125,3397.0,0.14062359375,0.0,1858231.5748249055,LIKELY_CUSTOMER_BUY,80.0,IV up,-1858231.5748249055,SPY
SPY260720P00737000,4167,0.1129239099121093,1.2,21576.0,-82858333.08540998,0.0359911842890165,-0.1928776473366851,743.2899780273438,997.0,0.1191494335937499,0.445,4365.0,-7539029.887539284,0.0134172764599764,-0.0642373685353278,750.719970703125,3170.0,-0.006225523681640602,0.7549999999999999,-75319303.1978707,LIKELY_CUSTOMER_SELL,65.0,IV down; option price up; volume confirms,-75319303.1978707,SPY
SPY260720C00755000,7708,0.07227490234375,0.035,31375.0,22990836.512367222,0.0053987909714463,0.0098462369544702,743.2899780273438,4640.0,0.0780731842041015,1.11,19831.0,138730052.98723543,0.0530513736257136,0.2617820412637146,750.719970703125,3068.0,-0.005798281860351501,-1.0750000000000002,-115739216.47486821,LIKELY_CUSTOMER_SELL,95.0,IV down; option price down; volume confirms,-115739216.47486821,SPY
SPY260722C00778000,3121,0.1367273828125,0.015,7.0,1116374.1011034136,0.0006474398544405,0.0024787029345637,743.2899780273438,111.0,0.1069425244140625,0.025,3010.0,94270.65186971924,0.0015069456635536,0.005410546636423,750.719970703125,3010.0,0.02978485839843749,-0.010000000000000002,1022103.4492336944,LIKELY_CUSTOMER_BUY,65.0,IV up; option price down,-1022103.4492336944,SPY
SPY260720C00753000,4768,0.069345244140625,0.075,28077.0,29889422.027816955,0.0113465731195724,0.0222666013577605,743.2899780273438,1842.0,0.0825287060546875,1.89,15938.0,61118143.1042304,0.05887414143468,0.3836348318208804,750.719970703125,2926.0,-0.0131834619140625,-1.815,-31228721.07641344,LIKELY_CUSTOMER_SELL,95.0,IV down; option price down; volume confirms,-31228721.07641344,SPY
SPY260722P00754000,4295,0.1276942700195312,11.8,122.0,-56166943.855849184,0.023670153337376,-0.8194009640466524,743.2899780273438,1371.0,0.1017545880126953,5.955,5606.0,-30286630.726410914,0.0391974278423604,-0.6092051443350495,750.719970703125,2924.0,0.025939682006835912,5.845000000000001,-25880313.12943827,LIKELY_CUSTOMER_BUY,95.0,IV up; option price up,25880313.12943827,SPY
SPY260722C00755000,4488,0.0899749206542968,0.345,5638.0,45649567.1260308,0.0184105711223971,0.0767803526445016,743.2899780273438,1604.0,0.0948576843261718,2.165,7349.0,36355265.1955165,0.0402167540093813,0.3418936230835534,750.719970703125,2884.0,-0.004882763671874998,-1.82,9294301.930514306,LIKELY_CUSTOMER_SELL,95.0,IV down; option price down; volume confirms,9294301.930514306,SPY
SPY260717P00739000,13596,0.055673505859375,0.015,184209.0,-177907157.3970237,0.0236845812337844,-0.0214135782015991,743.2899780273438,10715.0,0.1389246264648437,0.205,14737.0,-40770948.03871518,0.0067515376904998,-0.0145340785903453,750.719970703125,2881.0,-0.08325112060546869,-0.19,-137136209.35830852,LIKELY_CUSTOMER_SELL,95.0,IV down; option price down; volume confirms,-137136209.35830852,SPY
SPY260720C00757000,4793,0.079110771484375,0.025,5696.0,8730672.396837432,0.0032970361513477,0.0062289396930709,743.2899780273438,1959.0,0.0755707678222656,0.615,15341.0,45267401.66748284,0.0410010701858652,0.1601959247488569,750.719970703125,2834.0,0.003540003662109395,-0.59,-36536729.27064541,LIKELY_CUSTOMER_BUY,65.0,IV up; option price down; volume confirms,36536729.27064541,SPY
SPY260717P00680000,27420,0.5468795312500001,0.005,24.0,-2137875.262152686,0.0001411231810347,-0.0008827465334612,743.2899780273438,24645.0,0.45313046875,0.005,11443.0,-48352.04274429678,3.481208744739976e-06,-1.40710040805736e-05,750.719970703125,2775.0,0.09374906250000009,0.0,-2089523.219408389,LIKELY_CUSTOMER_BUY,80.0,IV up,2089523.219408389,SPY
SPY260722C00754000,4027,0.0913176806640625,0.4649999999999999,5557.0,49126381.67028815,0.0220808910113605,0.0999354848398749,743.2899780273438,1262.0,0.0974211352539062,2.605,6551.0,29012438.73962911,0.0407914312074251,0.3858513660704965,750.719970703125,2765.0,-0.006103454589843696,-2.14,20113942.930659045,LIKELY_CUSTOMER_SELL,95.0,IV down; option price down; volume confirms,20113942.930659045,SPY
SPY260721P00739000,3353,0.1254970263671875,2.515,5249.0,-67428624.9065059,0.0363993975249176,-0.3154264384841215,743.2899780273438,603.0,0.1211635736083984,0.93,3863.0,-6533867.505473869,0.0192263601417979,-0.1239862338631201,750.719970703125,2750.0,0.004333452758789089,1.585,-60894757.40103203,LIKELY_CUSTOMER_BUY,95.0,IV up; option price up; volume confirms,60894757.40103203,SPY
SPY260723C00794000,2872,0.1757894921875,0.015,408.0,584098.7641715177,0.0003681165113236,0.0019398841872481,743.2899780273438,208.0,0.14258669921875,0.015,3009.0,64395.6596608663,0.000549335066874,0.0026366294929089,750.719970703125,2664.0,0.033202792968750006,0.0,519703.1045106514,LIKELY_CUSTOMER_BUY,80.0,IV up,-519703.1045106514,SPY
SPY260724C00860000,3352,0.3164130859374999,0.005,205.0,101558.70221255418,5.4839890416252295e-05,0.0005027159328483,743.2899780273438,739.0,0.2968820312499999,0.015,2787.0,48080.50825018246,0.0001154432841566,0.0011440091393378,750.719970703125,2613.0,0.019531054687499994,-0.009999999999999998,53478.193962371726,LIKELY_CUSTOMER_BUY,65.0,IV up; option price down,-53478.193962371726,SPY
SPY260724C00752000,5129,0.1135952899169921,1.8,4080.0,76517794.78956802,0.0270030730945849,0.2470066677373122,743.2899780273438,2522.0,0.1154873608398437,4.800000000000001,11652.0,44142392.2260024,0.0310566669560284,0.4841202038859923,750.719970703125,2607.0,-0.0018920709228516103,-3.000000000000001,32375402.56356562,LIKELY_CUSTOMER_SELL,95.0,IV down; option price down; volume confirms,32375402.56356562,SPY
SPY260717C00750000,39688,0.0742280078125,0.005,317579.0,223655791.5813624,0.0102000988469683,0.0112171065670333,743.2899780273438,37082.0,0.0993742407226562,2.58,64796.0,2089377102.5324063,0.0999764572489039,0.5824386746628235,750.719970703125,2606.0,-0.025146232910156205,-2.575,-1865721310.9510438,LIKELY_CUSTOMER_SELL,95.0,IV down; option price down; volume confirms,-1865721310.9510438,SPY
SPY260721P00736000,4737,0.1308680664062499,1.77,5414.0,-76912681.01390629,0.029388540000946,-0.2241422801697485,743.2899780273438,2225.0,0.1294032373046875,0.69,3178.0,-17658568.87349769,0.0140821689343234,-0.0883091062706674,750.719970703125,2512.0,0.0014648291015623982,1.08,-59254112.14040859,LIKELY_CUSTOMER_BUY,95.0,IV up; option price up; volume confirms,59254112.14040859,SPY
SPY260720P00740000,5982,0.107858042602539,1.935,75354.0,-160711829.1825121,0.0486278290398214,-0.311299060258708,743.2899780273438,3566.0,0.1123135644531249,0.67,8895.0,-40736797.81999916,0.0202698068557139,-0.1026808216611476,750.719970703125,2416.0,-0.004455521850585897,1.2650000000000001,-119975031.36251295,LIKELY_CUSTOMER_SELL,65.0,IV down; option price up; volume confirms,-119975031.36251295,SPY
SPY260723C00752000,2791,0.1051725225830078,1.295,2035.0,44265642.7989777,0.0287071702154406,0.2094122237322269,743.2899780273438,406.0,0.1091397680664062,4.210000000000001,6550.0,8033147.525823697,0.0351078125452054,0.4783066429371733,750.719970703125,2385.0,-0.003967245483398399,-2.915000000000001,36232495.273154005,LIKELY_CUSTOMER_SELL,95.0,IV down; option price down; volume confirms,36232495.273154005,SPY
SPY260717P00678000,5447,0.5625043750000001,0.005,15943.0,-395185.64170919993,0.0001313188973516,-0.0008416573668995,743.2899780273438,3105.0,0.460942890625,0.005,15943.0,-4820.178832718438,2.7545179600765447e-06,-1.120036202550967e-05,750.719970703125,2342.0,0.10156148437500007,0.0,-390365.46287648147,LIKELY_CUSTOMER_BUY,80.0,IV up; volume confirms,390365.46287648147,SPY
SPY260723C00771000,4600,0.1045011425781249,0.015,141.0,2836013.9434427656,0.0011159223498959,0.0037245538041231,743.2899780273438,2283.0,0.0852142260742187,0.055,3124.0,5290977.137099088,0.0041121981665113,0.014339216191907,750.719970703125,2317.0,0.019286916503906196,-0.04,-2454963.1936563225,LIKELY_CUSTOMER_BUY,65.0,IV up; option price down,2454963.1936563225,SPY
SPY260722P00753000,3506,0.1265956481933593,10.96,780.0,-49655154.22063426,0.0256351503574183,-0.7971736600834913,743.2899780273438,1256.0,0.1014494152832031,5.385,6088.0,-28475135.16720021,0.0402272381504702,-0.569887893221724,750.719970703125,2250.0,0.025146232910156205,5.575000000000001,-21180019.053434048,LIKELY_CUSTOMER_BUY,95.0,IV up; option price up,21180019.053434048,SPY
SPY260717P00749000,12300,0.1942219250488281,6.545,23995.0,-273465354.8124328,0.0402421011085385,-0.769411909121384,743.2899780273438,10062.0,0.1070645935058593,1.6,63447.0,-489905465.4844346,0.0863917026283292,-0.3329952400207646,750.719970703125,2238.0,0.0871573315429688,4.945,216440110.67200178,LIKELY_CUSTOMER_BUY,95.0,IV up; option price up; volume confirms,-216440110.67200178,SPY
SPY260720P00713000,2330,0.17383638671875,0.045,256.0,-1245702.3905896451,0.0009677024099056,-0.0038078466461338,743.2899780273438,112.0,0.187508125,0.045,2371.0,-49900.94916409969,0.0007905600161709,-0.0039256890428747,750.719970703125,2218.0,-0.013671738281249984,0.0,-1195801.4414255454,LIKELY_CUSTOMER_SELL,80.0,IV down,-1195801.4414255454,SPY
SPY260720P00712000,2261,0.178719150390625,0.045,703.0,-1132104.479927228,0.0009062946000492,-0.0036504494944418,743.2899780273438,73.0,0.186531572265625,0.035,2216.0,-25939.11835822817,0.0006304874008264,-0.0030339872690376,750.719970703125,2188.0,-0.007812421875000003,0.009999999999999995,-1106165.361569,LIKELY_CUSTOMER_SELL,65.0,IV down; option price up,-1106165.361569,SPY
SPY260720P00745000,7140,0.1030363134765624,4.09,74432.0,-221888576.3819804,0.0562496957496675,-0.5816579772915074,743.2899780273438,4966.0,0.1013273461914062,1.38,17737.0,-104427015.95304751,0.0373121448312607,-0.2213389225263959,750.719970703125,2174.0,0.0017089672851562099,2.71,-117461560.42893288,LIKELY_CUSTOMER_BUY,95.0,IV up; option price up; volume confirms,117461560.42893288,SPY
SPY260723C00766000,2657,0.0922942333984375,0.025,745.0,3060671.194129076,0.002085012041351,0.0065350497093614,743.2899780273438,570.0,0.084970087890625,0.215,2315.0,3772600.113520324,0.0117438360462825,0.0503693303732131,750.719970703125,2087.0,0.007324145507812491,-0.19,-711928.9193912484,LIKELY_CUSTOMER_BUY,65.0,IV up; option price down,711928.9193912484,SPY
SPY260724P00735000,8578,0.1554039538574219,3.41,9200.0,-100610222.44203354,0.0212294876470303,-0.2851679768360875,743.2899780273438,6551.0,0.1430749755859375,1.54,4993.0,-53314602.47194474,0.0144405135240939,-0.1466161354419997,750.719970703125,2027.0,0.012328978271484381,1.87,-47295619.9700888,LIKELY_CUSTOMER_BUY,95.0,IV up; option price up; volume confirms,47295619.9700888,SPY
SPY260717P00681000,4036,0.5312546875,0.005,2139.0,-287163.31366993266,0.0001287838025866,-0.0007744044581762,743.2899780273438,2030.0,0.445318046875,0.005,2139.0,-3885.955120757892,3.396610942350658e-06,-1.3463078441855458e-05,750.719970703125,2006.0,0.08593664062500006,0.0,-283277.35854917474,LIKELY_CUSTOMER_BUY,80.0,IV up; volume confirms,283277.35854917474,SPY
SPY260724C00782000,2639,0.1308680664062499,0.015,8.0,984498.8043238636,0.0006752416905767,0.0029806751095058,743.2899780273438,676.0,0.106454248046875,0.025,2161.0,527800.2488177147,0.0013853737563507,0.00575714927955,750.719970703125,1963.0,0.024413818359374895,-0.010000000000000002,456698.55550614884,LIKELY_CUSTOMER_BUY,65.0,IV up; option price down,-456698.55550614884,SPY
SPY260721P00734000,2436,0.1348963464355469,1.4,2626.0,-33232262.59723616,0.0246925574406341,-0.1765120011860711,743.2899780273438,492.0,0.1335535864257812,0.55,3150.0,-3135227.834621887,0.0113070175198223,-0.068929967692446,750.719970703125,1944.0,0.0013427600097657144,0.8499999999999999,-30097034.762614273,LIKELY_CUSTOMER_BUY,95.0,IV up; option price up; volume confirms,30097034.762614273,SPY
SPY260724C00760000,11490,0.0988859643554687,0.3,13420.0,73619037.64945088,0.0115972108470774,0.059308227483318,743.2899780273438,9562.0,0.0988249298095703,1.42,11519.0,145242258.20384854,0.0269518334955383,0.2199138211860297,750.719970703125,1928.0,6.103454589839741e-05,-1.1199999999999999,-71623220.55439766,LIKELY_CUSTOMER_BUY,65.0,IV up; option price down; volume confirms,71623220.55439766,SPY
SPY260724C00781000,2461,0.127938408203125,0.015,28.0,962193.0390289665,0.0007076753081816,0.0030620819701044,743.2899780273438,539.0,0.1069425244140625,0.035,2203.0,526858.5785741289,0.0017344003494276,0.0074611099259349,750.719970703125,1922.0,0.02099588378906249,-0.020000000000000004,435334.46045483754,LIKELY_CUSTOMER_BUY,65.0,IV up; option price down,-435334.46045483754,SPY
SPY260724P00728000,31331,0.1682212084960938,2.06,31942.0,-257154478.04281217,0.014856047542899,-0.1744319848147456,743.2899780273438,29431.0,0.1546715393066406,0.875,10661.0,-146130028.58819085,0.0088100528208379,-0.081989700307681,750.719970703125,1900.0,0.01354966918945319,1.185,-111024449.45462132,LIKELY_CUSTOMER_BUY,95.0,IV up; option price up; volume confirms,111024449.45462132,SPY
SPY260717P00679000,2517,0.5468795312500001,0.005,11.0,-166879.36778679234,0.0001200059767154,-0.0007402053152409,743.2899780273438,649.0,0.45313046875,0.005,13017.0,-980.028185782805,2.679402332829434e-06,-1.0686062436593424e-05,750.719970703125,1868.0,0.09374906250000009,0.0,-165899.33960100953,LIKELY_CUSTOMER_BUY,80.0,IV up,165899.33960100953,SPY
SPY260722P00735000,4237,0.1438684246826171,2.26,5267.0,-58112628.59549087,0.0248253569650072,-0.2397717056621875,743.2899780273438,2407.0,0.1352625537109375,0.895,4794.0,-18631811.32679332,0.013734822432975,-0.1026042284590291,750.719970703125,1830.0,0.008605870971679586,1.3649999999999998,-39480817.26869755,LIKELY_CUSTOMER_BUY,95.0,IV up; option price up; volume confirms,39480817.26869755,SPY
SPY260720P00743000,2811,0.1038297625732421,3.06,62759.0,-88260301.94981563,0.0568313547628642,-0.4676868511055548,743.2899780273438,982.0,0.1063932135009765,1.05,5338.0,-16448336.937118571,0.0297203943512177,-0.165276387131993,750.719970703125,1829.0,-0.002563450927734398,2.01,-71811965.01269706,LIKELY_CUSTOMER_SELL,65.0,IV down; option price up; volume confirms,-71811965.01269706,SPY
SPY260717P00750000,60205,0.2130205651855468,7.545,42868.0,-1171380202.6050344,0.0352167086797866,-0.7854116137728175,743.2899780273438,58464.0,0.1057218334960937,1.99,166941.0,-3103985089.192723,0.0942052621343299,-0.4223200184009972,750.719970703125,1741.0,0.1072987316894531,5.555,1932604886.5876884,LIKELY_CUSTOMER_BUY,95.0,IV up; option price up; volume confirms,-1932604886.5876884,SPY
SPY260717P00752000,8829,0.249030947265625,9.56,5169.0,-136508057.30691278,0.0279853159902503,-0.8102551994948954,743.2899780273438,7113.0,0.1029142443847656,2.94,93735.0,-378827687.160881,0.0945002517596564,-0.6153235863719575,750.719970703125,1716.0,0.1461167028808594,6.620000000000001,242319629.8539682,LIKELY_CUSTOMER_BUY,95.0,IV up; option price up; volume confirms,-242319629.8539682,SPY
SPY260717C00749000,8685,0.06446248046875,0.005,263176.0,62956997.210327744,0.0131207188250606,0.0127447690273655,743.2899780273438,7038.0,0.0990080334472656,3.14,23968.0,364828617.0132308,0.0919779437030655,0.6795152272180429,750.719970703125,1647.0,-0.034545552978515595,-3.1350000000000002,-301871619.80290306,LIKELY_CUSTOMER_SELL,95.0,IV down; option price down; volume confirms,-301871619.80290306,SPY
SPY260720P00747000,3192,0.1035245898437499,5.37,18891.0,-89407192.6516199,0.0506982561688235,-0.6882054561492015,743.2899780273438,1566.0,0.0969938934326172,1.84,11389.0,-39978083.13660108,0.0452975038698822,-0.2954690196140644,750.719970703125,1626.0,0.0065306964111327,3.5300000000000002,-49429109.51501881,LIKELY_CUSTOMER_BUY,95.0,IV up; option price up; volume confirms,49429109.51501881,SPY
SPY260722C00760000,3208,0.0864349169921875,0.065,5156.0,9556690.813442014,0.0053920836583145,0.0162418693764226,743.2899780273438,1609.0,0.0869842279052734,0.725,4523.0,25236171.454878427,0.0278298898201597,0.1498485312572314,750.719970703125,1599.0,-0.0005493109130858959,-0.6599999999999999,-15679480.641436413,LIKELY_CUSTOMER_SELL,95.0,IV down; option price down; volume confirms,-15679480.641436413,SPY
SPY260721P00735000,2483,0.1330653100585937,1.58,4262.0,-37030990.64553671,0.0269942991574986,-0.19944945396671,743.2899780273438,904.0,0.1287928918457031,0.575,3115.0,-6297639.875020997,0.0123609956470094,-0.0738408449743168,750.719970703125,1579.0,0.004272418212890594,1.0050000000000001,-30733350.770515718,LIKELY_CUSTOMER_BUY,95.0,IV up; option price up; volume confirms,30733350.770515718,SPY
SPY260717P00745000,28266,0.1101163208007812,2.56,626761.0,-1354557902.1019766,0.0867394502481937,-0.6468381534131782,743.2899780273438,26699.0,0.1169521899414062,0.665,68618.0,-582860676.4538686,0.0387359152889213,-0.1019714443350165,750.719970703125,1567.0,-0.006835869140625006,1.895,-771697225.648108,LIKELY_CUSTOMER_SELL,65.0,IV down; option price up; volume confirms,-771697225.648108,SPY
SPY260720C00761000,3429,0.085946640625,0.005,1242.0,1557854.5624289066,0.0008223238211977,0.0014605988593281,743.2899780273438,1893.0,0.0727631787109375,0.14,4474.0,16835352.019587513,0.0157803143201873,0.0423392885216103,750.719970703125,1536.0,0.0131834619140625,-0.135,-15277497.457158606,LIKELY_CUSTOMER_BUY,65.0,IV up; option price down; volume confirms,15277497.457158606,SPY
SPY260720P00746000,2715,0.1030363134765624,4.695,44268.0,-81072478.73423758,0.0540489253419368,-0.6367310771787488,743.2899780273438,1185.0,0.1016935534667968,1.67,8897.0,-27181729.241140045,0.0407007857394187,-0.2614272453016041,750.719970703125,1530.0,0.0013427600097656034,3.0250000000000004,-53890749.493097536,LIKELY_CUSTOMER_BUY,95.0,IV up; option price up; volume confirms,53890749.493097536,SPY
SPY260724C00850000,1684,0.2929758203124999,0.005,203.0,59182.68729987581,6.361155904879367e-05,0.0005430543722852,743.2899780273438,166.0,0.273444765625,0.015,1878.0,12608.007313917096,0.0001347666477761,0.0012383303007246,750.719970703125,1518.0,0.019531054687499938,-0.009999999999999998,46574.67998595872,LIKELY_CUSTOMER_BUY,65.0,IV up; option price down,-46574.67998595872,SPY
SPY260724P00747000,4254,0.1350184155273437,7.845000000000001,8804.0,-65909478.262760125,0.0280436045220404,-0.5854692993353898,743.2899780273438,2746.0,0.1201565036010742,3.95,3155.0,-43673563.78261123,0.0282203347327891,-0.3678965832977149,750.719970703125,1508.0,0.014861911926269497,3.8950000000000005,-22235914.480148897,LIKELY_CUSTOMER_BUY,95.0,IV up; option price up; volume confirms,22235914.480148897,SPY
SPY260724C00770000,12021,0.09961837890625,0.025,4956.0,11449948.684659565,0.0017240362329631,0.0062698076302273,743.2899780273438,10547.0,0.0883880224609375,0.13,5085.0,42461897.63108384,0.0071435570041396,0.0311393161684595,750.719970703125,1474.0,0.011230356445312506,-0.10500000000000001,-31011948.946424276,LIKELY_CUSTOMER_BUY,65.0,IV up; option price down; volume confirms,31011948.946424276,SPY
SPY260720P00750000,7615,0.1156094299316406,7.745,6890.0,-153823796.97047472,0.0365625994988063,-0.7941298310726062,743.2899780273438,6159.0,0.0900969897460937,2.795,17210.0,-193297534.94673225,0.0556878143950849,-0.4392295319463259,750.719970703125,1456.0,0.025512440185546895,4.95,39473737.97625753,LIKELY_CUSTOMER_BUY,95.0,IV up; option price up; volume confirms,-39473737.97625753,SPY
SPY260724C00785000,2239,0.139657041015625,0.015,17.0,733035.6867701123,0.0005925902071848,0.0027716417429673,743.2899780273438,784.0,0.11524322265625,0.025,1485.0,523291.3437945372,0.0011843267803294,0.0052764489078489,750.719970703125,1455.0,0.024413818359375006,-0.010000000000000002,209744.34297557507,LIKELY_CUSTOMER_BUY,65.0,IV up; option price down,-209744.34297557507,SPY
SPY260723P00695000,1618,0.231452998046875,0.145,217.0,-1146272.9953743666,0.0012823098833718,-0.0107054697685976,743.2899780273438,180.0,0.2270585107421874,0.0849999999999999,1546.0,-76703.47798435677,0.0007561128403013,-0.0063379849978189,750.719970703125,1438.0,0.004394487304687583,0.060000000000000095,-1069569.51739001,LIKELY_CUSTOMER_BUY,95.0,IV up; option price up,1069569.51739001,SPY
SPY260720C00759000,2926,0.08399353515625,0.015,2856.0,2978708.0304197706,0.0018426254284622,0.0034700742604337,743.2899780273438,1505.0,0.0720307641601562,0.285,9601.0,22661754.24806572,0.0267178241658301,0.0818433239556873,750.719970703125,1421.0,0.011962770996093788,-0.26999999999999996,-19683046.21764595,LIKELY_CUSTOMER_BUY,65.0,IV up; option price down; volume confirms,19683046.21764595,SPY
SPY260724C00758000,15295,0.1020597607421874,0.51,3049.0,133355966.2816306,0.0157814322415047,0.0925512551086011,743.2899780273438,13875.0,0.1027616580200195,2.05,5010.0,232305315.14263004,0.0297077811880163,0.2846390671729932,750.719970703125,1420.0,-0.0007018972778321114,-1.5399999999999998,-98949348.86099944,LIKELY_CUSTOMER_SELL,95.0,IV down; option price down; volume confirms,-98949348.86099944,SPY
SPY260722P00750000,3710,0.123482886352539,8.64,2703.0,-64458679.19579017,0.0314478484835337,-0.7179236072542012,743.2899780273438,2336.0,0.1040128662109374,3.94,5297.0,-52034466.93607186,0.0395241312739955,-0.4491046322521683,750.719970703125,1374.0,0.019470020141601596,4.700000000000001,-12424212.259718314,LIKELY_CUSTOMER_BUY,95.0,IV up; option price up; volume confirms,12424212.259718314,SPY
SPY260717P00736000,8201,0.08789974609375,0.015,68129.0,-50364921.82874344,0.0111159042717071,-0.0150662126817019,743.2899780273438,6828.0,0.1469811865234375,0.105,19265.0,-9238047.50530565,0.0024006604653891,-0.00476987849327,750.719970703125,1373.0,-0.05908144042968751,-0.09,-41126874.323437795,LIKELY_CUSTOMER_SELL,95.0,IV down; option price down; volume confirms,-41126874.323437795,SPY
SPY260717C00779000,3654,0.3203192968749999,0.005,117.0,1341401.514529042,0.0006644674253229,0.0026859674030899,743.2899780273438,2300.0,0.19727365234375,0.015,1864.0,115827.73155519372,8.93570405138042e-05,0.0001816561194583,750.719970703125,1354.0,0.12304564453124989,-0.009999999999999998,1225573.7829738483,LIKELY_CUSTOMER_BUY,65.0,IV up; option price down,-1225573.7829738483,SPY
SPY260717C00748000,17072,0.054696953125,0.005,418850.0,169110091.6475833,0.017929516100346,0.0151309161352832,743.2899780273438,15719.0,0.0972380316162109,3.755,12827.0,704857263.6311102,0.0795646812580985,0.7695094793743039,750.719970703125,1353.0,-0.0425410784912109,-3.75,-535747171.9835269,LIKELY_CUSTOMER_SELL,95.0,IV down; option price down; volume confirms,-535747171.9835269,SPY
SPY260717P00754000,9029,0.2824778784179687,11.54,1704.0,-115013996.4187867,0.0230565586814552,-0.8296463202491303,743.2899780273438,7694.0,0.1086514916992187,4.365,47401.0,-307112792.8030177,0.0708255224989062,-0.7717060789797516,750.719970703125,1335.0,0.17382638671874998,7.174999999999999,192098796.38423097,LIKELY_CUSTOMER_BUY,95.0,IV up; option price up; volume confirms,-192098796.38423097,SPY
SPY260720C00754000,3754,0.071298349609375,0.055,25345.0,16739767.534668015,0.0080712091262103,0.0154194909292944,743.2899780273438,2475.0,0.0793549096679687,1.44,11462.0,79977851.95818757,0.0573374790053815,0.3199350853274984,750.719970703125,1279.0,-0.00805656005859369,-1.385,-63238084.42351955,LIKELY_CUSTOMER_SELL,95.0,IV down; option price down; volume confirms,-63238084.42351955,SPY
SPY260724C00745000,4319,0.1288539263916015,4.83,16965.0,71559663.06447653,0.0299894519166996,0.4693647560164649,743.2899780273438,3041.0,0.1310511700439453,9.33,4633.0,42439202.65365432,0.0247625210283104,0.6733224077552102,750.719970703125,1278.0,-0.0021972436523437777,-4.5,29120460.410822213,LIKELY_CUSTOMER_SELL,95.0,IV down; option price down; volume confirms,29120460.410822213,SPY
SPY260723C00750000,1918,0.10938390625,1.91,8388.0,34137686.39387557,0.0322158005097303,0.27863079316418,743.2899780273438,651.0,0.1112759771728515,5.285,2889.0,12561777.487921348,0.0342384558187069,0.5476595394460945,750.719970703125,1267.0,-0.0018920709228514992,-3.375,21575908.90595422,LIKELY_CUSTOMER_SELL,95.0,IV down; option price down; volume confirms,21575908.90595422,SPY
SPY260724C00784000,1673,0.1367273828125,0.015,1015.0,571179.0257356428,0.0006179591342966,0.0028360263406635,743.2899780273438,417.0,0.1123135644531249,0.025,1463.0,292616.45208612294,0.0012451072071823,0.0054226177192308,750.719970703125,1256.0,0.02441381835937509,-0.010000000000000002,278562.5736495198,LIKELY_CUSTOMER_BUY,65.0,IV up; option price down; volume confirms,-278562.5736495198,SPY
SPY260723P00727000,1361,0.1661460339355469,1.5,934.0,-10553274.84874295,0.014035004930718,-0.1396732889067866,743.2899780273438,109.0,0.1547936083984375,0.615,1507.0,-462206.9778811548,0.0075240913804825,-0.0612657592988306,750.719970703125,1252.0,0.011352425537109384,0.885,-10091067.870861797,LIKELY_CUSTOMER_BUY,95.0,IV up; option price up; volume confirms,10091067.870861797,SPY
SPY260720P00749000,3080,0.1070645935058593,6.9,3797.0,-71041701.5612902,0.0417490006469781,-0.7732804558411359,743.2899780273438,1836.0,0.0936369934082031,2.475,6826.0,-53884345.29673212,0.0520755655679972,-0.3883517771509872,750.719970703125,1244.0,0.0134276000976562,4.425000000000001,-17157356.264558084,LIKELY_CUSTOMER_BUY,95.0,IV up; option price up; volume confirms,17157356.264558084,SPY
QQQ260717C00720000,31933,0.2461012890625,0.005,9538.0,18373446.43877834,0.0011900602533488,0.0035553832337902,695.3300170898438,22682.0,0.1604087866210937,0.165,40758.0,50215354.3686333,0.0044424198551951,0.0098621541237373,705.9400024414062,9251.0,0.0856925024414063,-0.16,-31841907.92985496,LIKELY_CUSTOMER_BUY,65.0,IV up; option price down; volume confirms,31841907.92985496,QQQ
QQQ260717P00575000,13126,1.09375453125,0.005,2.0,-232850.1489948748,3.669122097758977e-05,-0.0004046110622749,695.3300170898438,3973.0,0.8906260937499999,0.01,9625.0,-1334.5026271606991,6.740083608205033e-07,-4.786801197420587e-06,705.9400024414062,9153.0,0.2031284375000002,-0.005,-231515.6463677141,LIKELY_CUSTOMER_BUY,65.0,IV up; option price down,231515.6463677141,QQQ
QQQ260717C00715000,17395,0.2031329687499999,0.005,57312.0,15131720.268849976,0.0017992102429481,0.0045531706847594,695.3300170898438,8973.0,0.1613853393554687,0.61,52403.0,98227577.41140698,0.0219664654259294,0.0677927985777022,705.9400024414062,8422.0,0.041747629394531194,-0.605,-83095857.142557,LIKELY_CUSTOMER_BUY,65.0,IV up; option price down; volume confirms,83095857.142557,QQQ
QQQ260722P00665000,8999,0.2869944348144531,1.35,1697.0,-29439967.64468497,0.0067664537918772,-0.0867783601573222,695.3300170898438,716.0,0.2993234130859374,0.94,8958.0,-1477162.122528348,0.0041398018701794,-0.0555720938810525,705.9400024414062,8283.0,-0.012328978271484325,0.41000000000000014,-27962805.522156622,LIKELY_CUSTOMER_SELL,65.0,IV down; option price up,-27962805.522156622,QQQ
QQQ260717P00695000,32679,0.0470066003417968,0.5,461991.0,-3580825011.148016,0.2266378198174438,-0.4056625812344935,695.3300170898438,25703.0,0.2299881689453125,1.1549999999999998,44889.0,-254105061.2459209,0.0198378186116094,-0.0946700515132021,705.9400024414062,6976.0,-0.1829815686035157,-0.6549999999999998,-3326719949.902095,LIKELY_CUSTOMER_SELL,95.0,IV down; option price down; volume confirms,-3326719949.902095,QQQ
QQQ260722P00670000,7993,0.2773509765624999,1.84,1328.0,-34197293.76619138,0.0088491176671627,-0.1197421265078615,695.3300170898438,1087.0,0.2878489184570311,1.205,11155.0,-2890236.395218427,0.0053354153912423,-0.0732358466986782,705.9400024414062,6906.0,-0.010497941894531182,0.635,-31307057.37097295,LIKELY_CUSTOMER_SELL,65.0,IV down; option price up,-31307057.37097295,QQQ
QQQ260717C00712000,7888,0.1757894921875,0.005,13298.0,9016331.744075617,0.0023641826426728,0.0052594715685944,695.3300170898438,1254.0,0.1688315539550781,1.285,38751.0,25439818.670782454,0.0407081054395848,0.1709460646435844,705.9400024414062,6634.0,0.006957938232421912,-1.28,-16423486.926706837,LIKELY_CUSTOMER_BUY,65.0,IV up; option price down; volume confirms,16423486.926706837,QQQ
QQQ260717C00710000,21492,0.1562584375,0.005,36238.0,29309561.760021366,0.002820658681358,0.0056189490560493,695.3300170898438,15407.0,0.1743856976318359,1.96,66540.0,394257088.9545501,0.0513482733094873,0.2703674840113554,705.9400024414062,6085.0,-0.01812726013183588,-1.955,-364947527.1945287,LIKELY_CUSTOMER_SELL,95.0,IV down; option price down; volume confirms,-364947527.1945287,QQQ
QQQ260717P00680000,32112,0.1679770703125,0.005,63641.0,-38989067.50954805,0.0025112707433553,-0.0053483093745375,695.3300170898438,26491.0,0.2793040820312499,0.195,9130.0,-18507478.37237472,0.0014018879852702,-0.0050032504040113,705.9400024414062,5621.0,-0.1113270117187499,-0.19,-20481589.137173332,LIKELY_CUSTOMER_SELL,95.0,IV down; option price down; volume confirms,-20481589.137173332,QQQ
QQQ260717C00709000,9294,0.148446015625,0.005,31742.0,15034028.644188344,0.0033457289100105,0.0064293150676784,695.3300170898438,3737.0,0.1776205285644531,2.365,29443.0,102356974.14857176,0.0549615227711635,0.3267904103909659,705.9400024414062,5557.0,-0.029174512939453084,-2.3600000000000003,-87322945.50438341,LIKELY_CUSTOMER_SELL,95.0,IV down; option price down; volume confirms,-87322945.50438341,QQQ
QQQ260717C00713000,7193,0.1836019140624999,0.005,17046.0,7160165.21066721,0.0020588799610498,0.0047285406978761,695.3300170898438,2145.0,0.1666343103027344,1.025,26236.0,36825625.30864353,0.0344498431793858,0.1305072014058168,705.9400024414062,5048.0,0.0169676037597655,-1.02,-29665460.09797632,LIKELY_CUSTOMER_BUY,65.0,IV up; option price down; volume confirms,29665460.09797632,QQQ
QQQ260717P00570000,11117,1.15625421875,0.005,36.0,-208634.3348267195,3.881648626146005e-05,-0.0004564927314197,695.3300170898438,6119.0,0.92187578125,0.01,5105.0,-1718.2778546396385,5.634785073462553e-07,-4.114472839322758e-06,705.9400024414062,4998.0,0.23437843749999998,-0.005,-206916.05697207988,LIKELY_CUSTOMER_BUY,65.0,IV up; option price down,206916.05697207988,QQQ
QQQ260717C00717000,8639,0.2187578124999999,0.005,9151.0,6006407.543677444,0.0014380347014398,0.0038503655239816,695.3300170898438,3649.0,0.1596763720703125,0.365,15600.0,22512172.98953479,0.0123796386938908,0.0326857528036374,705.9400024414062,4990.0,0.05908144042968741,-0.36,-16505765.445857348,LIKELY_CUSTOMER_BUY,65.0,IV up; option price down; volume confirms,16505765.445857348,QQQ
QQQ260717C00714000,6374,0.195320546875,0.005,14414.0,6267800.122520564,0.0020338603189917,0.0049993928558609,695.3300170898438,2095.0,0.1639487902832031,0.795,19791.0,29308847.254421458,0.0280723730181695,0.0957981023872732,705.9400024414062,4279.0,0.03137175659179689,-0.79,-23041047.13190089,LIKELY_CUSTOMER_BUY,65.0,IV up; option price down; volume confirms,23041047.13190089,QQQ
QQQ260723P00615000,4572,0.4204159521484375,0.2249999999999999,190.0,-1607571.7730260494,0.0007272474280344,-0.0102606412430598,695.3300170898438,609.0,0.4335994140625,0.2299999999999999,4169.0,-185069.4019592644,0.0006097920312637,-0.0096556534925646,705.9400024414062,3963.0,-0.0131834619140625,-0.0050000000000000044,-1422502.371066785,LIKELY_CUSTOMER_SELL,95.0,IV down; option price down,-1422502.371066785,QQQ
QQQ260717C00718000,7401,0.2304764453125,0.005,4642.0,5158083.127885886,0.0014415044140143,0.0040923772691169,695.3300170898438,3455.0,0.1574791284179687,0.265,15590.0,14807357.622104906,0.0085999104602214,0.0207940219498936,705.9400024414062,3946.0,0.07299731689453129,-0.26,-9649274.49421902,LIKELY_CUSTOMER_BUY,65.0,IV up; option price down; volume confirms,9649274.49421902,QQQ
QQQ260717C00716000,8133,0.2109453906249999,0.005,8515.0,6304052.555279263,0.0016031977571505,0.0041744341506141,695.3300170898438,4422.0,0.1601646484375,0.475,23471.0,36800175.72458231,0.016699196304877,0.0474018151636474,705.9400024414062,3711.0,0.050780742187499894,-0.47,-30496123.169303045,LIKELY_CUSTOMER_BUY,65.0,IV up; option price down; volume confirms,30496123.169303045,QQQ
QQQ260724C00725000,8726,0.1931233032226562,0.635,10007.0,28495369.034704357,0.0067542498362301,0.0642159603588295,695.3300170898438,5155.0,0.1981281359863281,2.39,6324.0,34085626.663436435,0.0132680478492932,0.1938737694629653,705.9400024414062,3571.0,-0.005004832763671918,-1.7550000000000001,-5590257.628732078,LIKELY_CUSTOMER_SELL,95.0,IV down; option price down; volume confirms,-5590257.628732078,QQQ
QQQ260717C00725000,24187,0.2890696093749999,0.005,3155.0,10196396.958030889,0.0008719323158792,0.0030088074483947,695.3300170898438,20764.0,0.17188328125,0.055,18700.0,8514760.351708617,0.0008228597602104,0.0016171998353292,705.9400024414062,3423.0,0.11718632812499993,-0.05,1681636.6063222717,LIKELY_CUSTOMER_BUY,65.0,IV up; option price down; volume confirms,-1681636.6063222717,QQQ
QQQ260724P00695000,5249,0.2522047436523437,10.17,8505.0,-41630474.72460466,0.016404116100395,-0.4788581987536505,695.3300170898438,1875.0,0.2511061218261718,6.365,4847.0,-12764819.165050156,0.0136608527591737,-0.3219337910536316,705.9400024414062,3374.0,0.001098621826171875,3.8049999999999997,-28865655.559554502,LIKELY_CUSTOMER_BUY,95.0,IV up; option price up; volume confirms,28865655.559554502,QQQ
QQQ260720P00700000,4854,0.1668784484863281,7.505,21343.0,-81718730.2989461,0.0348208911856001,-0.6602501302242452,695.3300170898438,1620.0,0.1951984777832031,3.845,17610.0,-20220714.43209167,0.0250464337373507,-0.3280929517282996,705.9400024414062,3234.0,-0.028320029296874993,3.6599999999999997,-61498015.86685443,LIKELY_CUSTOMER_SELL,65.0,IV down; option price up; volume confirms,-61498015.86685443,QQQ
QQQ260717P00708000,7365,0.4476373596191406,13.025,1545.0,-65606321.88352185,0.0184242994260215,-0.7746638670685656,695.3300170898438,4171.0,0.2011798632812499,5.279999999999999,37528.0,-107815990.14478806,0.0518689434415005,-0.602969081462752,705.9400024414062,3194.0,0.24645749633789069,7.745000000000001,42209668.26126621,LIKELY_CUSTOMER_BUY,95.0,IV up; option price up,-42209668.26126621,QQQ
QQQ260717P00696000,4790,0.0681245532226562,1.295,288078.0,-362262508.5727109,0.1564249124477776,-0.5938936275316572,695.3300170898438,2023.0,0.2304764453125,1.355,8608.0,-23247953.418868247,0.0230596791244754,-0.1169066449612225,705.9400024414062,2767.0,-0.1623518920898438,-0.06000000000000005,-339014555.1538426,LIKELY_CUSTOMER_SELL,95.0,IV down; option price down; volume confirms,-339014555.1538426,QQQ
QQQ260724P00675000,6663,0.2923654748535155,4.32,10856.0,-33884011.74705085,0.0105182394689736,-0.2200297656620781,695.3300170898438,4105.0,0.288947540283203,2.645,5896.0,-14927433.529618535,0.0072968664939639,-0.1379516806431256,705.9400024414062,2558.0,0.0034179345703124753,1.6750000000000003,-18956578.217432316,LIKELY_CUSTOMER_BUY,95.0,IV up; option price up; volume confirms,18956578.217432316,QQQ
QQQ260717P00703000,5238,0.391485577392578,8.2,16289.0,-61948714.56318415,0.0244615993621365,-0.6983883944508066,695.3300170898438,2753.0,0.2122271160888671,3.08,21700.0,-64656631.28587663,0.0471271609701188,-0.3478575586937291,705.9400024414062,2485.0,0.1792584613037109,5.119999999999999,2707916.722692482,LIKELY_CUSTOMER_BUY,95.0,IV up; option price up; volume confirms,-2707916.722692482,QQQ
QQQ260722P00690000,3413,0.2387771435546875,6.025,2879.0,-32298526.25618854,0.0195733184508577,-0.3786894847510202,695.3300170898438,990.0,0.2434157690429687,3.465,3455.0,-6649645.388769464,0.0134780699851517,-0.2211029367039607,705.9400024414062,2423.0,-0.004638625488281201,2.5600000000000005,-25648880.86741908,LIKELY_CUSTOMER_SELL,65.0,IV down; option price up; volume confirms,-25648880.86741908,QQQ
QQQ260717C00723000,6999,0.273444765625,0.005,2653.0,3433724.47207187,0.0010147229758549,0.0033478495174859,695.3300170898438,4612.0,0.167000517578125,0.08,7551.0,3728346.634889753,0.0016221514545375,0.0033151608894152,705.9400024414062,2387.0,0.10644424804687497,-0.075,-294622.16281788284,LIKELY_CUSTOMER_BUY,65.0,IV up; option price down; volume confirms,294622.16281788284,QQQ
QQQ260724P00700000,9721,0.2430190444946289,12.475,13133.0,-79115281.0768914,0.0168332307218505,-0.5632739463914992,695.3300170898438,7406.0,0.240669214477539,7.85,7936.0,-56294968.02524831,0.0152528249074785,-0.3899012095157795,705.9400024414062,2315.0,0.00234983001708991,4.625,-22820313.051643096,LIKELY_CUSTOMER_BUY,95.0,IV up; option price up; volume confirms,22820313.051643096,QQQ
QQQ260717C00711000,31503,0.16602396484375,0.005,19550.0,39186165.17115961,0.0025727577513027,0.005424004849964,695.3300170898438,29250.0,0.1736532830810547,1.635,31009.0,674216321.8974602,0.0462527764295478,0.2208973456992613,705.9400024414062,2253.0,-0.0076293182373047,-1.6300000000000001,-635030156.7263006,LIKELY_CUSTOMER_SELL,95.0,IV down; option price down; volume confirms,-635030156.7263006,QQQ
QQQ260720C00725000,4094,0.1562584375,0.01,3117.0,1130783.19271776,0.0005712806974328,0.0017540245765852,695.3300170898438,1927.0,0.14258669921875,0.265,5043.0,7890609.1087042,0.0082166205357169,0.0402329032056078,705.9400024414062,2167.0,0.013671738281250012,-0.255,-6759825.91598644,LIKELY_CUSTOMER_BUY,65.0,IV up; option price down; volume confirms,6759825.91598644,QQQ
QQQ260727P00690000,5934,0.2482374981689453,9.385,2863.0,-38975105.76115728,0.0135849424884441,-0.4073008972467536,695.3300170898438,3800.0,0.2455214608764648,5.984999999999999,2718.0,-21154357.235776395,0.0111707068073715,-0.2791296424738674,705.9400024414062,2134.0,0.0027160372924805165,3.4000000000000004,-17820748.525380887,LIKELY_CUSTOMER_BUY,95.0,IV up; option price up; volume confirms,17820748.525380887,QQQ
QQQ260717P00707000,5180,0.4426325268554688,12.11,2588.0,-48472829.99379216,0.0193547096215978,-0.7586854802571428,695.3300170898438,3057.0,0.2055743505859374,4.82,28890.0,-79399658.92584951,0.052117984683117,-0.54929315025663,705.9400024414062,2123.0,0.23705817626953138,7.289999999999999,30926828.93205735,LIKELY_CUSTOMER_BUY,95.0,IV up; option price up; volume confirms,-30926828.93205735,QQQ
QQQ260722P00675000,3603,0.2673413110351562,2.49,1696.0,-19731930.349262223,0.0113272205197812,-0.1631708178092558,695.3300170898438,1512.0,0.2752147674560546,1.53,5121.0,-5140731.453473231,0.0068224057073119,-0.0957074611303727,705.9400024414062,2091.0,-0.007873456420898428,0.9600000000000002,-14591198.895788992,LIKELY_CUSTOMER_SELL,65.0,IV down; option price up; volume confirms,-14591198.895788992,QQQ
QQQ260717C00708000,5330,0.1367273828125,0.005,24249.0,8980158.36675882,0.0034847757057825,0.0061348210723373,695.3300170898438,3295.0,0.180122944946289,2.815,27707.0,94298343.84057574,0.0574265944413154,0.3848670568071868,705.9400024414062,2035.0,-0.043395562133789006,-2.81,-85318185.47381692,LIKELY_CUSTOMER_SELL,95.0,IV down; option price down; volume confirms,-85318185.47381692,QQQ
QQQ260717P00702000,7199,0.3796448754882812,7.255,43793.0,-90197417.95901573,0.0259143294469631,-0.6790260092179955,695.3300170898438,5276.0,0.2153398779296875,2.76,16569.0,-115637980.55858262,0.0439804964840334,-0.304356558943858,705.9400024414062,1923.0,0.16430499755859368,4.495,25440562.59956689,LIKELY_CUSTOMER_BUY,95.0,IV up; option price up; volume confirms,-25440562.59956689,QQQ
QQQ260717C00707000,4353,0.1289149609375,0.005,39780.0,8963668.395196266,0.0042590737306015,0.0072023381829182,695.3300170898438,2461.0,0.1824422576904296,3.28,22368.0,71862338.05886076,0.0585941346928197,0.4439864786074033,705.9400024414062,1892.0,-0.05352729675292961,-3.275,-62898669.6636645,LIKELY_CUSTOMER_SELL,95.0,IV down; option price down; volume confirms,-62898669.6636645,QQQ
QQQ260717P00698000,4202,0.1276942700195312,3.245,226184.0,-149612100.73428366,0.0736425327821052,-0.7100959439358266,695.3300170898438,2362.0,0.2286454089355468,1.775,11741.0,-35051503.84551398,0.0297777019126307,-0.1684599376321278,705.9400024414062,1840.0,-0.10095113891601559,1.4700000000000002,-114560596.88876969,LIKELY_CUSTOMER_SELL,65.0,IV down; option price up; volume confirms,-114560596.88876969,QQQ
QQQ260717C00704000,2972,0.0976652734375,0.005,107617.0,9051880.106838085,0.0062995283068483,0.0081964786913803,695.3300170898438,1245.0,0.1919026123046875,5.025,12756.0,33470591.538708556,0.053945901148049,0.614053253755762,705.9400024414062,1727.0,-0.09423733886718749,-5.0200000000000005,-24418711.43187047,LIKELY_CUSTOMER_SELL,95.0,IV down; option price down; volume confirms,-24418711.43187047,QQQ
QQQ260724P00680000,10011,0.2830882238769531,5.385,17399.0,-58887799.54979365,0.0121665069588478,-0.2716474110588742,695.3300170898438,8303.0,0.2786937365722656,3.275,6017.0,-36118110.84110846,0.0087287972172839,-0.1712491883990146,705.9400024414062,1708.0,0.0043944873046875,2.11,-22769688.70868519,LIKELY_CUSTOMER_BUY,95.0,IV up; option price up; volume confirms,22769688.70868519,QQQ
QQQ260717C00722000,5900,0.26563234375,0.005,4764.0,3139880.696353173,0.0011007258835082,0.0035487993668929,695.3300170898438,4202.0,0.1616294775390624,0.095,8613.0,4268821.219881115,0.0020385263731958,0.0041237833552694,705.9400024414062,1698.0,0.1040028662109376,-0.09,-1128940.5235279417,LIKELY_CUSTOMER_BUY,65.0,IV up; option price down; volume confirms,1128940.5235279417,QQQ
QQQ260717P00710000,28547,0.5195360546875,15.335,5623.0,-219787109.43463203,0.0159242792985711,-0.7734139853498856,695.3300170898438,26876.0,0.1989215850830077,6.46,46275.0,-630003795.9314854,0.0470373611753015,-0.7036912547398133,705.9400024414062,1671.0,0.32061446960449225,8.875,410216686.49685335,LIKELY_CUSTOMER_BUY,95.0,IV up; option price up; volume confirms,-410216686.49685335,QQQ
QQQ260720C00719000,2037,0.13477427734375,0.02,3154.0,1186502.663996504,0.0012047466642182,0.0033983683874531,695.3300170898438,375.0,0.1501549829101562,0.945,9060.0,3546484.51702932,0.0189771598693997,0.1291469520986266,705.9400024414062,1662.0,-0.015380705566406194,-0.9249999999999999,-2359981.853032816,LIKELY_CUSTOMER_SELL,95.0,IV down; option price down; volume confirms,-2359981.853032816,QQQ
QQQ260717C00721000,6328,0.257819921875,0.005,2318.0,3667874.458774143,0.001198853280155,0.0037754382973644,695.3300170898438,4697.0,0.1608970629882812,0.125,8866.0,7088753.699299461,0.0030284035216208,0.0064005930615477,705.9400024414062,1631.0,0.09692285888671884,-0.12,-3420879.2405253183,LIKELY_CUSTOMER_BUY,65.0,IV up; option price down; volume confirms,3420879.2405253183,QQQ
QQQ260722P00680000,2507,0.2581861291503906,3.375,1871.0,-17096359.306545246,0.0141048134475795,-0.2203543138762205,695.3300170898438,879.0,0.2655102746582031,2.03,3928.0,-3814026.259387567,0.0087068130501771,-0.1279592465957434,705.9400024414062,1628.0,-0.007324145507812518,1.3450000000000002,-13282333.047157679,LIKELY_CUSTOMER_SELL,65.0,IV down; option price up; volume confirms,-13282333.047157679,QQQ
QQQ260724C00710000,3065,0.2182695361328124,3.52,11819.0,22768116.234061047,0.0153643667336321,0.2577729055622804,695.3300170898438,1453.0,0.224067817993164,8.004999999999999,9181.0,12232169.872925373,0.016892825860097,0.448338358214918,705.9400024414062,1612.0,-0.005798281860351612,-4.484999999999999,10535946.361135675,LIKELY_CUSTOMER_SELL,95.0,IV down; option price down; volume confirms,10535946.361135675,QQQ
QQQ260722C00735000,2994,0.17774259765625,0.03,767.0,1255575.212152291,0.0008673791551653,0.0042649108493486,695.3300170898438,1426.0,0.1604087866210937,0.205,2576.0,3096023.2231226666,0.0043566141722134,0.0274786656879744,705.9400024414062,1568.0,0.0173338110351563,-0.175,-1840448.0109703755,LIKELY_CUSTOMER_BUY,65.0,IV up; option price down,1840448.0109703755,QQQ
QQQ260717C00706000,5378,0.117196328125,0.005,56831.0,11753322.1114633,0.0045202024309344,0.0069160237211705,695.3300170898438,3855.0,0.1861043304443359,3.84,18705.0,111450062.09363908,0.0580123352649237,0.5029506525418894,705.9400024414062,1523.0,-0.06890800231933591,-3.835,-99696739.98217577,LIKELY_CUSTOMER_SELL,95.0,IV down; option price down; volume confirms,-99696739.98217577,QQQ
QQQ260721P00675000,6876,0.2465895654296875,1.54,1544.0,-36857550.15216667,0.0110868619777793,-0.1191180020283373,695.3300170898438,5412.0,0.2667309655761719,1.035,1656.0,-16602553.565539217,0.006155757713544,-0.070947550356884,705.9400024414062,1464.0,-0.020141400146484384,0.5050000000000001,-20254996.586627454,LIKELY_CUSTOMER_SELL,65.0,IV down; option price up; volume confirms,-20254996.586627454,QQQ
QQQ260724C00705000,1835,0.2287369607543945,5.365,7765.0,14857796.79072223,0.0167469756731981,0.3460705261202114,695.3300170898438,442.0,0.2342605871582031,10.79,2595.0,3577472.076238065,0.0162412106422834,0.5322946516087232,705.9400024414062,1393.0,-0.005523626403808601,-5.424999999999999,11280324.714484166,LIKELY_CUSTOMER_SELL,95.0,IV down; option price down; volume confirms,11280324.714484166,QQQ
QQQ260724C00720000,5063,0.2004474487304687,1.225,15566.0,24200861.590392176,0.0098864629755697,0.1122854375578602,695.3300170898438,3684.0,0.2060015924072265,3.815,5015.0,28370446.494905144,0.0154529345456231,0.2733744488925116,705.9400024414062,1379.0,-0.0055541436767578,-2.59,-4169584.904512968,LIKELY_CUSTOMER_SELL,95.0,IV down; option price down; volume confirms,-4169584.904512968,QQQ
QQQ260722P00695000,3306,0.22852333984375,7.93,3718.0,-34241784.53443765,0.0214225706973969,-0.4794201028067624,695.3300170898438,1947.0,0.23438265625,4.605,4662.0,-15628099.930882668,0.0161066285765078,-0.2888862748874585,705.9400024414062,1359.0,-0.005859316406249981,3.3249999999999993,-18613684.60355498,LIKELY_CUSTOMER_SELL,65.0,IV down; option price up; volume confirms,-18613684.60355498,QQQ
QQQ260722C00725000,2632,0.1655356884765625,0.13,1273.0,3993672.525084479,0.0031383733654947,0.0170563400297598,695.3300170898438,1307.0,0.1744467321777344,1.165,9487.0,8489892.23290469,0.0130343988364738,0.1249557190097464,705.9400024414062,1325.0,-0.008911043701171906,-1.0350000000000001,-4496219.707820211,LIKELY_CUSTOMER_SELL,95.0,IV down; option price down; volume confirms,-4496219.707820211,QQQ
QQQ260721C00737000,1473,0.196297099609375,0.015,34.0,393785.39911841817,0.000552936050571,0.0025498479781362,695.3300170898438,153.0,0.14649291015625,0.04,1441.0,118745.5882655051,0.0015573652083505,0.0067415305523081,705.9400024414062,1320.0,0.04980418945312501,-0.025,275039.81085291307,LIKELY_CUSTOMER_BUY,65.0,IV up; option price down,-275039.81085291307,QQQ
QQQ260724P00655000,2842,0.3292303405761718,1.725,6091.0,-6950015.620106945,0.0050580107832758,-0.0884844555125206,695.3300170898438,1549.0,0.3267889587402344,1.1,1510.0,-2545885.750872541,0.0032980095462123,-0.0558758830998288,705.9400024414062,1293.0,0.002441381835937395,0.625,-4404129.869234404,LIKELY_CUSTOMER_BUY,95.0,IV up; option price up; volume confirms,4404129.869234404,QQQ
QQQ260717P00712000,4617,0.389654541015625,16.415,754.0,-32563474.00182033,0.01458776976135,-0.8741082150388233,695.3300170898438,3413.0,0.1945881323242187,7.67,17293.0,-67240602.40502092,0.0395329955091325,-0.7948513762080848,705.9400024414062,1204.0,0.19506640869140632,8.745,34677128.4032006,LIKELY_CUSTOMER_BUY,95.0,IV up; option price up; volume confirms,-34677128.4032006,QQQ
QQQ260724P00670000,3725,0.3013985876464844,3.435,8379.0,-16089890.88478051,0.0089339777314838,-0.176622279484916,695.3300170898438,2531.0,0.2981637567138671,2.125,3795.0,-7619135.410543672,0.0060405705745507,-0.1101622288568253,705.9400024414062,1194.0,0.0032348309326173386,1.31,-8470755.474236839,LIKELY_CUSTOMER_BUY,95.0,IV up; option price up; volume confirms,8470755.474236839,QQQ
QQQ260720C00727000,2332,0.16602396484375,0.01,421.0,587974.8264459963,0.0005214926962663,0.0016961026659514,695.3300170898438,1149.0,0.1399011791992187,0.16,2363.0,3174154.954546161,0.005543352693029,0.0244233318277012,705.9400024414062,1183.0,0.0261227856445313,-0.15,-2586180.1281001647,LIKELY_CUSTOMER_BUY,65.0,IV up; option price down,2586180.1281001647,QQQ
QQQ260724P00685000,21638,0.2736278692626953,6.7,10399.0,-144151415.6329914,0.0137790678629497,-0.3320761482087391,695.3300170898438,20471.0,0.2703320037841796,4.115,3621.0,-105080557.98599412,0.0103002490999746,-0.2135124143279085,705.9400024414062,1167.0,0.0032958654785156805,2.585,-39070857.64699729,LIKELY_CUSTOMER_BUY,95.0,IV up; option price up; volume confirms,39070857.64699729,QQQ
QQQ260717C00705000,5420,0.10938390625,0.005,132623.0,15088776.321103472,0.0057580148129514,0.0084181655081498,695.3300170898438,4258.0,0.1906819213867187,4.44,28094.0,118814359.37701292,0.0559922203232484,0.5594095193594915,705.9400024414062,1162.0,-0.0812980151367187,-4.4350000000000005,-103725583.05590945,LIKELY_CUSTOMER_SELL,95.0,IV down; option price down; volume confirms,-103725583.05590945,QQQ
QQQ260723C00725000,1746,0.1817708776855468,0.3399999999999999,1430.0,4470276.173922746,0.0052955144707517,0.0397940141642945,695.3300170898438,597.0,0.1880574359130859,1.775,1713.0,3992087.832557836,0.0134180736885734,0.163420881588964,705.9400024414062,1149.0,-0.006286558227539096,-1.435,478188.34136491036,LIKELY_CUSTOMER_SELL,95.0,IV down; option price down; volume confirms,478188.34136491036,QQQ
QQQ260717P00674000,4473,0.2265702343749999,0.005,12406.0,-3187898.6966982014,0.0014740888384982,-0.0041164976077785,695.3300170898438,3336.0,0.30664755859375,0.1149999999999999,1755.0,-874703.7195045874,0.0005261376093182,-0.0018689279555964,705.9400024414062,1137.0,-0.08007732421875008,-0.10999999999999989,-2313194.977193614,LIKELY_CUSTOMER_SELL,95.0,IV down; option price down; volume confirms,-2313194.977193614,QQQ
QQQ260724P00705000,3966,0.2332229998779297,15.18,1743.0,-31596339.805240665,0.0164779093666152,-0.6508882928251839,695.3300170898438,2835.0,0.2311478253173828,9.71,4226.0,-23253819.43880358,0.0164590834998946,-0.467455885952448,705.9400024414062,1131.0,0.0020751745605468996,5.469999999999999,-8342520.366437085,LIKELY_CUSTOMER_BUY,95.0,IV up; option price up; volume confirms,8342520.366437085,QQQ
QQQ260720P00708000,1414,0.1945881323242187,13.625,855.0,-13537775.915519657,0.0198023145828044,-0.8404080873469093,695.3300170898438,288.0,0.1788412194824218,6.96,8145.0,-4299730.823954099,0.0299580262047162,-0.548892096010565,705.9400024414062,1126.0,0.015746912841796912,6.665,-9238045.091565557,LIKELY_CUSTOMER_BUY,95.0,IV up; option price up; volume confirms,9238045.091565557,QQQ
QQQ260720C00730000,3143,0.179695703125,0.01,2246.0,672875.3566146946,0.0004428006867794,0.0015459766966827,695.3300170898438,2034.0,0.1403894555664062,0.08,3359.0,3148539.340603512,0.0031061511928938,0.0124410211254452,705.9400024414062,1109.0,0.0393062475585938,-0.07,-2475663.9839888173,LIKELY_CUSTOMER_BUY,65.0,IV up; option price down; volume confirms,2475663.9839888173,QQQ
QQQ260717C00733000,8208,0.35938140625,0.005,106.0,2473212.693166033,0.0006232211204466,0.0026396248581356,695.3300170898438,7108.0,0.2109453906249999,0.025,2460.0,576734.5876527188,0.0001628144678712,0.0003477806431996,705.9400024414062,1100.0,0.14843601562500008,-0.02,1896478.1055133143,LIKELY_CUSTOMER_BUY,65.0,IV up; option price down,-1896478.1055133143,QQQ
QQQ260720C00708000,1705,0.1307459973144531,0.41,14431.0,13154095.108243711,0.0159571246698096,0.0681460027421334,695.3300170898438,629.0,0.1723715576171875,4.695,6528.0,9736715.112821557,0.0310617724235114,0.4490095393723909,705.9400024414062,1076.0,-0.0416255603027344,-4.285,3417379.9954221547,LIKELY_CUSTOMER_SELL,95.0,IV down; option price down; volume confirms,3417379.9954221547,QQQ
QQQ260717P00697000,4600,0.1015714843749999,2.245,291449.0,-219011932.2278884,0.0984754533615049,-0.6656506068324609,695.3300170898438,3550.0,0.2305985144042968,1.565,6795.0,-46677854.01695777,0.0263843830930913,-0.1420806217771375,705.9400024414062,1050.0,-0.12902703002929689,0.6800000000000002,-172334078.21093065,LIKELY_CUSTOMER_SELL,65.0,IV down; option price up; volume confirms,-172334078.21093065,QQQ
QQQ260721P00655000,1679,0.2898020239257812,0.345,579.0,-2081216.5747760327,0.00256380283616,-0.0227961463667016,695.3300170898438,633.0,0.3210517114257812,0.365,1195.0,-608686.3553431605,0.0019295421600404,-0.0213558919387001,705.9400024414062,1046.0,-0.031249687500000012,-0.020000000000000018,-1472530.2194328723,LIKELY_CUSTOMER_SELL,95.0,IV down; option price down; volume confirms,-1472530.2194328723,QQQ
QQQ260717P00660000,15520,0.35938140625,0.005,12742.0,-4703805.753870136,0.0006268674300336,-0.0026567286828729,695.3300170898438,14480.0,0.39258419921875,0.065,2697.0,-884805.2464809064,0.0001226149832255,-0.000500452599234,705.9400024414062,1040.0,-0.033202792968750006,-0.060000000000000005,-3819000.5073892297,LIKELY_CUSTOMER_SELL,95.0,IV down; option price down; volume confirms,-3819000.5073892297,QQQ
QQQ260721C00716000,1236,0.1540611938476562,0.265,915.0,4352014.260369264,0.0072826574506211,0.0374488546967145,695.3300170898438,210.0,0.1729819030761719,2.475,2144.0,2346806.2680781647,0.0224244789442592,0.2540779287896897,705.9400024414062,1026.0,-0.018920709228515686,-2.21,2005207.992291099,LIKELY_CUSTOMER_SELL,95.0,IV down; option price down; volume confirms,2005207.992291099,QQQ
QQQ260717C00719000,3881,0.2382888671874999,0.005,1597.0,2451378.300055636,0.0013064257696953,0.003805676462007,695.3300170898438,2864.0,0.15821154296875,0.205,9133.0,8733334.301657015,0.0061188736705859,0.014038291643176,705.9400024414062,1017.0,0.08007732421874988,-0.19999999999999998,-6281956.001601379,LIKELY_CUSTOMER_BUY,65.0,IV up; option price down; volume confirms,6281956.001601379,QQQ
QQQ260717P00692000,3823,0.0429783203125,0.005,143643.0,-43430282.61131905,0.0234966745321939,-0.0144869894617624,695.3300170898438,2806.0,0.2423171472167968,0.825,4057.0,-17673368.38751071,0.0126385159008293,-0.0562057138187043,705.9400024414062,1017.0,-0.19933882690429683,-0.82,-25756914.22380834,LIKELY_CUSTOMER_SELL,95.0,IV down; option price down; volume confirms,-25756914.22380834,QQQ
QQQ260723P00675000,4814,0.2837596038818358,3.475,1681.0,-25535095.363381773,0.0109710815179552,-0.1971356742282429,695.3300170898438,3808.0,0.284064776611328,2.11,1762.0,-13614318.166005976,0.0071740330303936,-0.1193098288672682,705.9400024414062,1006.0,-0.0003051727294922091,1.3650000000000002,-11920777.197375797,LIKELY_CUSTOMER_SELL,65.0,IV down; option price up; volume confirms,-11920777.197375797,QQQ
QQQ260720P00694000,1393,0.1778036322021484,4.49,19302.0,-23713204.86512028,0.0352092829589863,-0.4414749101063732,695.3300170898438,397.0,0.2110674597167968,2.495,2189.0,-3665862.551336012,0.0185289191553439,-0.2110131872066678,705.9400024414062,996.0,-0.0332638275146484,1.995,-20047342.313784268,LIKELY_CUSTOMER_SELL,65.0,IV down; option price up; volume confirms,-20047342.313784268,QQQ
QQQ260724C00713000,2056,0.212349185180664,2.65,1626.0,13941059.849332722,0.0140246078044679,0.2082328339149142,695.3300170898438,1069.0,0.2178728115844726,6.525,4246.0,9011172.050620751,0.0169148438270586,0.395426055759134,705.9400024414062,987.0,-0.005523626403808601,-3.8750000000000004,4929887.79871197,LIKELY_CUSTOMER_SELL,95.0,IV down; option price down; volume confirms,4929887.79871197,QQQ
QQQ260717C00727000,3931,0.3086006640625,0.005,1863.0,1570664.6729101797,0.0008264155412769,0.0030483663135773,695.3300170898438,2961.0,0.1826253613281249,0.045,3437.0,810541.7116375045,0.0005492896015306,0.0011104553366667,705.9400024414062,970.0,0.12597530273437507,-0.04,760122.9612726752,LIKELY_CUSTOMER_BUY,65.0,IV up; option price down; volume confirms,-760122.9612726752,QQQ
QQQ260720C00720000,2447,0.139657041015625,0.02,7453.0,1321667.096763549,0.0011171362712141,0.0032508055900814,695.3300170898438,1478.0,0.1483239465332031,0.775,6469.0,12518326.61773707,0.0169955905744473,0.1085844487127386,705.9400024414062,969.0,-0.008666905517578094,-0.755,-11196659.52097352,LIKELY_CUSTOMER_SELL,95.0,IV down; option price down; volume confirms,-11196659.52097352,QQQ
QQQ260720P00696000,1174,0.1737753521728515,5.359999999999999,30035.0,-20660414.000785835,0.036398959301604,-0.5129176884888734,695.3300170898438,213.0,0.2050860742187499,2.855,829.0,-2199669.0734176785,0.0207225006138146,-0.2445769662931918,705.9400024414062,961.0,-0.03131072204589838,2.5049999999999994,-18460744.927368157,LIKELY_CUSTOMER_SELL,65.0,IV down; option price up; volume confirms,-18460744.927368157,QQQ
QQQ260717C00724000,4803,0.2812571874999999,0.005,676.0,2180450.2375846487,0.0009389698269812,0.003168875522613,695.3300170898438,3849.0,0.17188328125,0.07,6030.0,2450686.5199492327,0.00127762754569,0.0026263157249895,705.9400024414062,954.0,0.1093739062499999,-0.065,-270236.28236458404,LIKELY_CUSTOMER_BUY,65.0,IV up; option price down; volume confirms,270236.28236458404,QQQ
QQQ260717P00676000,4843,0.2031329687499999,0.005,13035.0,-3603537.4244663264,0.0015389787087167,-0.003823554479314,695.3300170898438,3893.0,0.2973703076171874,0.135,1338.0,-1401180.6022913444,0.0007222276788967,-0.0025624143263388,705.9400024414062,950.0,-0.09423733886718752,-0.13,-2202356.822174982,LIKELY_CUSTOMER_SELL,95.0,IV down; option price down; volume confirms,-2202356.822174982,QQQ
QQQ260721C00715000,1509,0.1545494702148437,0.325,2578.0,6213824.206647265,0.008517021952711,0.0456071361209371,695.3300170898438,568.0,0.1740194903564453,2.78,2078.0,6603138.781266072,0.0233274090694164,0.2779222869480436,705.9400024414062,941.0,-0.019470020141601596,-2.4549999999999996,-389314.57461880706,LIKELY_CUSTOMER_SELL,95.0,IV down; option price down; volume confirms,-389314.57461880706,QQQ
QQQ260717P00671000,2214,0.2539137109375,0.005,9315.0,-1224069.3531097644,0.0011435270755748,-0.0035213536161036,695.3300170898438,1278.0,0.3232489550781249,0.095,1415.0,-225844.63796490143,0.0003546037678585,-0.0012846020511662,705.9400024414062,936.0,-0.06933524414062492,-0.09,-998224.715144863,LIKELY_CUSTOMER_SELL,95.0,IV down; option price down; volume confirms,-998224.715144863,QQQ
QQQ260720P00660000,1917,0.2407302490234374,0.1149999999999999,9611.0,-1318164.6531670564,0.0014222161065786,-0.0078602546613593,695.3300170898438,983.0,0.2973703076171874,0.235,1184.0,-806157.6884169616,0.001645625082459,-0.0142175710188897,705.9400024414062,934.0,-0.056640058593750015,-0.12000000000000009,-512006.9647500948,LIKELY_CUSTOMER_SELL,95.0,IV down; option price down; volume confirms,-512006.9647500948,QQQ
QQQ260717P00668000,1913,0.2812571874999999,0.005,7673.0,-847819.9170365366,0.0009166566398344,-0.0030853370498792,695.3300170898438,1013.0,0.336920693359375,0.075,1961.0,-114198.57852987366,0.0002262120151475,-0.0008233231601276,705.9400024414062,900.0,-0.05566350585937513,-0.06999999999999999,-733621.338506663,LIKELY_CUSTOMER_SELL,95.0,IV down; option price down; volume confirms,-733621.338506663,QQQ
QQQ260717P00651000,1059,0.437505625,0.005,399.0,-195355.04088655204,0.0003815458250919,-0.0019082332740546,695.3300170898438,161.0,0.445318046875,0.045,1860.0,-4371.506427091083,5.448408489874053e-05,-0.0002394480677636,705.9400024414062,898.0,-0.007812421874999975,-0.04,-190983.53445946096,LIKELY_CUSTOMER_SELL,95.0,IV down; option price down,-190983.53445946096,QQQ
QQQ260717P00673000,2445,0.23438265625,0.005,10175.0,-1541501.444426733,0.0013040165892189,-0.0037284826566716,695.3300170898438,1547.0,0.3154365332031249,0.1149999999999999,1572.0,-383487.7397097293,0.0004974226833625,-0.001812520516245,705.9400024414062,898.0,-0.08105387695312494,-0.10999999999999989,-1158013.7047170037,LIKELY_CUSTOMER_SELL,95.0,IV down; option price down; volume confirms,-1158013.7047170037,QQQ
QQQ260727P00675000,1063,0.273872007446289,5.245,1428.0,-5086203.915332319,0.0098964297726108,-0.2415152977058838,695.3300170898438,171.0,0.2706982110595703,3.285,1498.0,-619799.698277906,0.0072731017923717,-0.1579663055220244,705.9400024414062,892.0,0.0031737963867186636,1.96,-4466404.217054414,LIKELY_CUSTOMER_BUY,95.0,IV up; option price up; volume confirms,4466404.217054414,QQQ
QQQ260721C00731000,1069,0.17188328125,0.02,100.0,378859.2090031701,0.0007330239876034,0.0030080124968144,695.3300170898438,187.0,0.148446015625,0.1699999999999999,1078.0,437525.0991848723,0.0046948938902465,0.0245614371127061,705.9400024414062,882.0,0.02343726562499998,-0.1499999999999999,-58665.89018170221,LIKELY_CUSTOMER_BUY,65.0,IV up; option price down,58665.89018170221,QQQ
QQQ260717C00726000,7502,0.2968820312499999,0.005,458.0,2946459.6323423106,0.0008123468101646,0.0028650908167439,695.3300170898438,6621.0,0.174812939453125,0.045,5201.0,1971910.902163189,0.000597624118354,0.0011607942349576,705.9400024414062,881.0,0.12206909179687489,-0.04,974548.7301791217,LIKELY_CUSTOMER_BUY,65.0,IV up; option price down; volume confirms,-974548.7301791217,QQQ
QQQ260717P00693000,3110,0.0361424511718749,0.015,187523.0,-84969889.76759337,0.0565096619946781,-0.0333887174474686,695.3300170898438,2232.0,0.241218525390625,0.955,5354.0,-16645960.373611366,0.0149650813487278,-0.0694034892353397,705.9400024414062,878.0,-0.2050760742187501,-0.94,-68323929.39398201,LIKELY_CUSTOMER_SELL,95.0,IV down; option price down; volume confirms,-68323929.39398201,QQQ
QQQ260717C00735000,13776,0.37500625,0.005,705.0,3742507.874691978,0.0005618981892171,0.0024673000470084,695.3300170898438,12905.0,0.2246171289062499,0.025,5590.0,904235.3521254988,0.0001406008315373,0.0003177769208589,705.9400024414062,871.0,0.15038912109375008,-0.02,2838272.522566479,LIKELY_CUSTOMER_BUY,65.0,IV up; option price down; volume confirms,-2838272.522566479,QQQ
QQQ260717P00685000,36915,0.117196328125,0.005,112741.0,-80808919.9238096,0.0045276669501933,-0.0069289598049592,695.3300170898438,36048.0,0.2602613037109375,0.335,13960.0,-62668347.773057535,0.003488441836153,-0.0130325261203722,705.9400024414062,867.0,-0.14306497558593748,-0.33,-18140572.150752068,LIKELY_CUSTOMER_SELL,95.0,IV down; option price down; volume confirms,-18140572.150752068,QQQ
QQQ260724C00745000,4773,0.195320546875,0.04,2137.0,2102947.018650121,0.0009112865086763,0.0060543952707086,695.3300170898438,3914.0,0.1753012158203125,0.175,2013.0,5429427.902111465,0.0027835412712832,0.021263825044552,705.9400024414062,859.0,0.020019331054687506,-0.13499999999999998,-3326480.883461344,LIKELY_CUSTOMER_BUY,65.0,IV up; option price down; volume confirms,3326480.883461344,QQQ
QQQ260720C00715000,2535,0.129891513671875,0.06,13942.0,3908907.2215956193,0.003189300512574,0.009769313776977,695.3300170898438,1720.0,0.1564415411376953,1.85,15195.0,22431815.317192487,0.0261697991564767,0.2285249340735389,705.9400024414062,815.0,-0.026550027465820303,-1.79,-18522908.09559687,LIKELY_CUSTOMER_SELL,95.0,IV down; option price down; volume confirms,-18522908.09559687,QQQ
QQQ260720C00713000,1367,0.1254970263671875,0.095,6758.0,3157127.5200634515,0.0047768505404324,0.0149630799979977,695.3300170898438,555.0,0.1602867175292968,2.49,3115.0,7969800.246048379,0.0288150162677856,0.2882384858174641,705.9400024414062,812.0,-0.03478969116210931,-2.395,-4812672.725984927,LIKELY_CUSTOMER_SELL,95.0,IV down; option price down; volume confirms,-4812672.725984927,QQQ
QQQ260724P00665000,6001,0.3106758386230468,2.73,13388.0,-21688207.60122178,0.0074751184483686,-0.1409717261878795,695.3300170898438,5216.0,0.3081123876953124,1.71,1756.0,-12915985.383829787,0.0049688327411739,-0.0882269317898829,705.9400024414062,785.0,0.002563450927734412,1.02,-8772222.217391994,LIKELY_CUSTOMER_BUY,95.0,IV up; option price up; volume confirms,8772222.217391994,QQQ
QQQ260720C00709000,1240,0.1292811682128906,0.31,5256.0,7809623.973753253,0.0130264621571115,0.0518495588555808,695.3300170898438,474.0,0.1678550012207031,4.125,4216.0,7427464.876927005,0.0314431958572259,0.4158915085226984,705.9400024414062,766.0,-0.0385738330078125,-3.815,382159.0968262479,LIKELY_CUSTOMER_SELL,95.0,IV down; option price down; volume confirms,382159.0968262479,QQQ
QQQ260720P00675000,3007,0.2103350451660156,0.61,12402.0,-12497410.57599832,0.00859616323027,-0.0567203944261339,695.3300170898438,2249.0,0.252937158203125,0.5700000000000001,1702.0,-5427247.788990573,0.0048423325408946,-0.042499866996983,705.9400024414062,758.0,-0.042602113037109424,0.039999999999999925,-7070162.787007746,LIKELY_CUSTOMER_SELL,65.0,IV down; option price up; volume confirms,-7070162.787007746,QQQ
QQQ260724C00740000,4476,0.1855550195312499,0.065,2208.0,2842930.108088403,0.0013136937958538,0.0086485769976313,695.3300170898438,3731.0,0.17774259765625,0.37,1909.0,8723817.192389404,0.0046918673284517,0.0405628211492445,705.9400024414062,745.0,0.007812421874999892,-0.305,-5880887.084301001,LIKELY_CUSTOMER_BUY,65.0,IV up; option price down; volume confirms,5880887.084301001,QQQ
QQQ260717P00691000,5329,0.054696953125,0.005,101661.0,-43769882.245063335,0.0169882131649885,-0.0131543669485933,695.3300170898438,4593.0,0.2468337036132812,0.745,5200.0,-24803011.149750583,0.0108360843967099,-0.0474038044767055,705.9400024414062,736.0,-0.1921367504882812,-0.74,-18966871.09531275,LIKELY_CUSTOMER_SELL,95.0,IV down; option price down; volume confirms,-18966871.09531275,QQQ
SOXX260717P00517500,2154,0.2628247546386719,0.6,2265.0,-26932916.898250885,0.0459211653595701,-0.2683721918780659,521.8099975585938,41.0,0.5111132873535156,3.05,1759.0,-207561.0782732318,0.0179883481741474,-0.1723638141195286,530.5,2113.0,-0.2482885327148437,-2.4499999999999997,-26725355.819977652,LIKELY_CUSTOMER_SELL,95.0,IV down; option price down; volume confirms,-26725355.819977652,SOXX
SOXX260717C00550000,2024,0.44336494140625,0.025,803.0,1441589.7966763591,0.0026158112322526,0.0121962980214655,521.8099975585938,439.0,0.672122419433594,3.675,2179.0,1593185.5791625243,0.0128952887122494,0.1573560562998747,530.5,1585.0,-0.22875747802734397,-3.65,-151595.78248616518,LIKELY_CUSTOMER_SELL,95.0,IV down; option price down; volume confirms,-151595.78248616518,SOXX
SOXX260717P00487500,1511,0.5585981640625001,0.05,958.0,-688830.9041944937,0.0016742617970835,-0.009525495418994,521.8099975585938,27.0,0.6533237792968751,0.4,1522.0,-7486.563149901858,0.0009852534212758,-0.0063480572005909,530.5,1484.0,-0.09472561523437506,-0.35000000000000003,-681344.3410445919,LIKELY_CUSTOMER_SELL,95.0,IV down; option price down; volume confirms,-681344.3410445919,SOXX
SOXX260717P00520000,7639,0.2299881689453125,0.85,3108.0,-126142950.76158738,0.0606459333831434,-0.3806533025965625,521.8099975585938,6233.0,0.5581098876953126,4.4,3153.0,-35277599.76165193,0.020110882347664,-0.241125734701717,530.5,1406.0,-0.32812171875000007,-3.5500000000000003,-90865350.99993545,LIKELY_CUSTOMER_SELL,95.0,IV down; option price down; volume confirms,-90865350.99993545,SOXX
SOXX260724P00465000,1309,0.756960438232422,4.35,1268.0,-1327519.0996435415,0.0037245717106094,-0.1231650293774866,521.8099975585938,18.0,0.702151416015625,3.1,1576.0,-15170.424515687391,0.0029947077898791,-0.0920651461821606,530.5,1291.0,0.054809022216796954,1.2499999999999996,-1312348.675127854,LIKELY_CUSTOMER_BUY,95.0,IV up; option price up; volume confirms,1312348.675127854,SOXX
SOXX260717P00500000,7668,0.68555001953125,1.05,1836.0,-21372092.630125567,0.0102362327509507,-0.112979110462737,521.8099975585938,6395.0,0.5927775097656252,0.925,3132.0,-6807702.444461669,0.0037825897360097,-0.0269636936289897,530.5,1273.0,0.0927725097656249,0.125,-14564390.185663898,LIKELY_CUSTOMER_BUY,95.0,IV up; option price up; volume confirms,14564390.185663898,SOXX
SOXX260724P00505000,1281,0.6822541540527345,13.35,1351.0,-2603407.8540097047,0.0074639425784449,-0.3438657451105356,521.8099975585938,33.0,0.6333654827880859,10.25,1553.0,-62893.64473598486,0.0067720794843573,-0.2804210522351238,530.5,1248.0,0.048888671264648575,3.0999999999999996,-2540514.2092737197,LIKELY_CUSTOMER_BUY,95.0,IV up; option price up; volume confirms,2540514.2092737197,SOXX
SOXX260724C00587500,1118,0.6741975939941409,3.175,7.0,1191452.4179708485,0.0039139034503014,0.1121687387909577,521.8099975585938,17.0,0.5510298803710938,2.825,1120.0,21480.518988562213,0.0044897801160453,0.1151688849412149,530.5,1101.0,0.12316771362304713,0.34999999999999964,1169971.8989822862,LIKELY_CUSTOMER_BUY,95.0,IV up; option price up,-1169971.8989822862,SOXX
SOXX260821C00650000,1241,0.6124916680908206,7.050000000000001,58.0,790535.1714748843,0.0023395084812818,0.1484425248155895,521.8099975585938,197.0,0.5733074896240236,7.15,1111.0,138150.2457080117,0.0024918084775243,0.1547251286007933,530.5,1044.0,0.039184178466797004,-0.09999999999999964,652384.9257668726,LIKELY_CUSTOMER_BUY,65.0,IV up; option price down,-652384.9257668726,SOXX
SOXX260717P00497500,742,0.6005899316406251,0.45,798.0,-1508477.0988029407,0.0074663788852943,-0.0621697496120974,521.8099975585938,19.0,0.6345251391601563,0.95,740.0,-17957.890974016133,0.003358388647017,-0.0253716633624083,530.5,723.0,-0.03393520751953116,-0.49999999999999994,-1490519.2078289245,LIKELY_CUSTOMER_SELL,95.0,IV down; option price down; volume confirms,-1490519.2078289245,SOXX
SOXX260717C00537500,743,0.5180712255859375,0.5,1242.0,3200938.6728668185,0.015822086279966,0.1412112921568715,521.8099975585938,25.0,0.5754436987304687,4.85,741.0,161066.99110048584,0.0228926337663397,0.3385150260639537,530.5,718.0,-0.0573724731445312,-4.35,3039871.6817663326,LIKELY_CUSTOMER_SELL,95.0,IV down; option price down; volume confirms,3039871.6817663326,SOXX
SOXX260807C00600000,641,0.63321289642334,8.75,9.0,623481.4956271492,0.0035722409750428,0.2037791303833099,521.8099975585938,37.0,0.6027261407470705,10.0,620.0,40193.78392308967,0.0038599918964213,0.2291378055468042,530.5,604.0,0.03048675567626946,-1.25,583287.7117040596,LIKELY_CUSTOMER_BUY,65.0,IV up; option price down,-583287.7117040596,SOXX
SOXX260724P00315000,812,1.375003125,0.175,151.0,-20240.530367095565,9.154635721611864e-05,-0.002980720329971,521.8099975585938,229.0,1.25390998046875,0.1,632.0,-3834.6032458481454,5.9499617898034185e-05,-0.0018337812999549,530.5,583.0,0.1210931445312502,0.07499999999999998,-16405.92712124742,LIKELY_CUSTOMER_BUY,95.0,IV up; option price up,16405.92712124742,SOXX
SOXX260821C00550000,620,0.6180763290405275,28.85,119.0,665860.7287962589,0.0039442725847558,0.4367697307104006,521.8099975585938,66.0,0.6217384017944337,33.55,601.0,71375.79840012663,0.0038426981140478,0.4732754560387948,530.5,554.0,-0.003662072753906287,-4.699999999999996,594484.9303961323,LIKELY_CUSTOMER_SELL,95.0,IV down; option price down,594484.9303961323,SOXX
SOXX260717C00547500,545,0.8344743115234373,1.6,5.0,1456033.255207795,0.0098118296747119,0.1409764219199685,521.8099975585938,11.0,0.5235643347167969,1.8,1774.0,44696.30215274754,0.0144380364076154,0.1285459533925649,530.5,534.0,0.31090997680664045,-0.19999999999999996,1411336.9530550474,LIKELY_CUSTOMER_BUY,65.0,IV up; option price down,-1411336.9530550474,SOXX
SOXX260821P00540000,580,0.6115456326293948,50.35,45.0,-636191.7447562242,0.0040284246476718,-0.5263121056880897,521.8099975585938,95.0,0.6036721762084963,45.9,498.0,-106024.9697195513,0.0039656444637254,-0.4912312636969024,530.5,485.0,0.007873456420898428,4.450000000000003,-530166.775036673,LIKELY_CUSTOMER_BUY,95.0,IV up; option price up,530166.775036673,SOXX
SOXX260821C00750000,589,0.7086210778808593,3.0,6.0,174404.64930526802,0.0010874717207673,0.0635025886641695,521.8099975585938,131.0,0.5943644079589845,1.575,528.0,32658.47933614392,0.0008858371442948,0.0408855951633002,530.5,458.0,0.11425666992187478,1.425,141746.1699691241,LIKELY_CUSTOMER_BUY,95.0,IV up; option price up,-141746.1699691241,SOXX
SOXX260724C00550000,494,0.5877726770019531,7.8,1011.0,1057630.2229507077,0.0078628884156537,0.2754980802718576,521.8099975585938,43.0,0.5993692407226563,12.0,502.0,96378.26020551876,0.0079641576856092,0.3622073855204938,530.5,451.0,-0.011596563720703168,-4.2,961251.9627451889,LIKELY_CUSTOMER_SELL,95.0,IV down; option price down; volume confirms,961251.9627451889,SOXX
SOXX260821P00450000,1653,0.7008086560058593,15.9,2115.0,-1143646.6144516538,0.0025409387932078,-0.2094232883687233,521.8099975585938,1219.0,0.6650424121093752,12.9,556.0,-815493.5643313283,0.002377092358566,-0.1810748567844875,530.5,434.0,0.035766243896484085,3.0,-328153.0501203255,LIKELY_CUSTOMER_BUY,95.0,IV up; option price up; volume confirms,328153.0501203255,SOXX
SOXX260724C00590000,457,0.6077920080566408,1.975,116.0,419476.7537644188,0.0033710632961711,0.079568778975097,521.8099975585938,34.0,0.5654340332031251,2.8,438.0,40962.54614183187,0.004280921361074,0.1116968758248908,530.5,423.0,0.04235797485351567,-0.8249999999999997,378514.207622587,LIKELY_CUSTOMER_BUY,65.0,IV up; option price down,-378514.207622587,SOXX
SOXX261016P00500000,1598,0.591373715209961,50.0,29.0,-1068278.5993971666,0.0024551778766193,-0.3722098089847619,521.8099975585938,1192.0,0.5932047515869141,47.25,554.0,-787593.3587076348,0.0023477671056311,-0.3513859962309764,530.5,406.0,-0.0018310363769531435,2.75,-280685.2406895318,LIKELY_CUSTOMER_SELL,65.0,IV down; option price up,-280685.2406895318,SOXX
SOXX260918P00420000,867,0.6797517376708986,17.0,19.0,-413093.4866348509,0.0017498646531332,-0.1750951503184505,521.8099975585938,463.0,0.6810944976806643,15.85,649.0,-211278.2778747557,0.0016214482069483,-0.1620316147074305,530.5,404.0,-0.0013427600097657422,1.1500000000000004,-201815.2087600952,LIKELY_CUSTOMER_SELL,65.0,IV down; option price up,-201815.2087600952,SOXX
SOXX261016C00630000,531,0.5873759524536133,26.6,471.0,338782.06315488653,0.0023431554204425,0.3221168592621662,521.8099975585938,166.0,0.5754894746398926,28.55,471.0,111535.0054576643,0.0023874392437875,0.3388491703692641,530.5,365.0,0.011886477813720653,-1.9499999999999993,227247.05769722222,LIKELY_CUSTOMER_BUY,65.0,IV up; option price down; volume confirms,-227247.05769722222,SOXX
SOXX260731P00500000,2170,0.6799348413085939,18.5,2112.0,-3133101.31486633,0.0053026127738797,-0.3450469573327952,521.8099975585938,1864.0,0.6512486047363282,15.35,1391.0,-2600733.5946102487,0.0049576878986817,-0.2991098337995792,530.5,306.0,0.028686236572265766,3.1500000000000004,-532367.7202560813,LIKELY_CUSTOMER_BUY,95.0,IV up; option price up; volume confirms,532367.7202560813,SOXX
SOXX260918P00480000,1063,0.6413915255737305,35.15,55.0,-742703.5761369318,0.0025660047691705,-0.3182611999009919,521.8099975585938,801.0,0.6282080636596681,31.75,295.0,-557467.7926353554,0.0024729565667272,-0.2951273420010941,530.5,262.0,0.013183461914062389,3.3999999999999986,-185235.7835015764,LIKELY_CUSTOMER_BUY,95.0,IV up; option price up,185235.7835015764,SOXX
SOXX260731P00485000,270,0.6939727868652343,13.55,7.0,-341765.8878686092,0.0046487924545774,-0.2684550892013855,521.8099975585938,9.0,0.6862213995361328,11.8,267.0,-10520.363581589838,0.0041535310679762,-0.2339284649214486,530.5,261.0,0.007751387329101522,1.75,-331245.5242870194,LIKELY_CUSTOMER_BUY,95.0,IV up; option price up,331245.5242870194,SOXX
SOXX260807P00350000,279,0.9489751196289062,1.75,7.0,-43711.56213047326,0.0005753966547587,-0.0301604772893481,521.8099975585938,20.0,0.8737805590820311,1.05,270.0,-2377.8669791661164,0.0004224611567459,-0.019834147744998,530.5,259.0,0.07519456054687512,0.7,-41333.69515130715,LIKELY_CUSTOMER_BUY,95.0,IV up; option price up,41333.69515130715,SOXX
SOXX260717C00540000,504,0.30664755859375,0.025,42.0,690916.0017997298,0.0050346574061439,0.0170035672877538,521.8099975585938,269.0,0.5461471166992189,3.775,327.0,1660694.269908209,0.0219364643512874,0.2733329329544398,530.5,235.0,-0.2394995581054689,-3.75,-969778.2681084793,LIKELY_CUSTOMER_SELL,95.0,IV down; option price down,-969778.2681084793,SOXX
SOXX261016C00680000,232,0.5829967237854004,17.25,54.0,127119.40748315355,0.002012329453044,0.2327525170448,521.8099975585938,18.0,0.5583540258789064,17.5,229.0,10565.44566406228,0.0020856649331726,0.2389938379487516,530.5,214.0,0.024642697906493982,-0.25,116553.96181909127,LIKELY_CUSTOMER_BUY,65.0,IV up; option price down,-116553.96181909127,SOXX
SOXX260717C00340000,180,4.936527266845703,180.0,1.0,29353.82774403245,0.0005989181093252,0.9630649612082012,521.8099975585938,0.0,2.839846650390625,191.05,3.0,0.0,4.573358923333205e-05,0.998922288495975,530.5,180.0,2.0966806164550778,-11.050000000000011,29353.82774403245,LIKELY_CUSTOMER_BUY,65.0,IV up; option price down,-29353.82774403245,SOXX
SOXX260717P00512500,278,0.3159248095703124,0.3,72.0,-1903563.4912027423,0.0251476715555857,-0.1348870542259677,521.8099975585938,111.0,0.5437057348632813,2.275,985.0,-386925.1342599674,0.0123860602062502,-0.1091552938044453,530.5,167.0,-0.22778092529296895,-1.9749999999999999,-1516638.356942775,LIKELY_CUSTOMER_SELL,95.0,IV down; option price down,-1516638.356942775,SOXX
SOXX260717C00555000,251,0.831056376953125,0.825,9.0,455043.2113522081,0.0066581584595154,0.0817608410024183,521.8099975585938,95.0,0.5275926147460939,0.9,271.0,196932.0587627236,0.0073658359028839,0.0529271756214475,530.5,156.0,0.3034637622070311,-0.07500000000000007,258111.1525894845,LIKELY_CUSTOMER_BUY,65.0,IV up; option price down,-258111.1525894845,SOXX
SOXX261120P00495000,138,0.5855754333496093,57.1,136.0,-78104.52937674521,0.0020786067925378,-0.3573811287369336,521.8099975585938,4.0,0.580784221496582,53.650000000000006,136.0,-2268.0377062096777,0.0020147422906827,-0.3394029059300097,530.5,134.0,0.004791211853027222,3.4499999999999957,-75836.49167053553,LIKELY_CUSTOMER_BUY,95.0,IV up; option price up; volume confirms,75836.49167053553,SOXX
SOXX260717P00400000,4096,1.765626171875,0.025,13.0,-128406.62326679273,0.0001151337595163,-0.0017283378962338,521.8099975585938,3964.0,1.41015919921875,0.05,673.0,-6514.47675510574,5.839492654664928e-06,-5.582547875382371e-05,530.5,132.0,0.3554669726562498,-0.025,-121892.14651168698,LIKELY_CUSTOMER_BUY,65.0,IV up; option price down,121892.14651168698,SOXX
SOXX260918C00600000,525,0.6055032125854494,25.8,89.0,400757.27102620335,0.002803479055467,0.3439090610499388,521.8099975585938,395.0,0.5909769906616212,28.0,195.0,318252.1069504425,0.0028628817853922,0.3648937883045883,530.5,130.0,0.014526221923828131,-2.1999999999999993,82505.16407576087,LIKELY_CUSTOMER_BUY,65.0,IV up; option price down; volume confirms,-82505.16407576087,SOXX
SOXX260918C00620000,207,0.5897868170166016,20.05,49.0,150930.69740530825,0.0026778265429042,0.2901449007973439,521.8099975585938,79.0,0.582584740600586,22.4,173.0,60832.631180974175,0.0027361426360111,0.3126563726984181,530.5,128.0,0.007202076416015668,-2.349999999999998,90098.06622433408,LIKELY_CUSTOMER_BUY,65.0,IV up; option price down,-90098.06622433408,SOXX
SOXX260724P00532500,135,0.6262854754638674,25.3,1.0,-318727.4268216737,0.008670834097083,-0.5720549716688943,521.8099975585938,10.0,0.6079751116943359,21.25,1007.0,-23511.19706212923,0.0083541826303779,-0.4948385345860029,530.5,125.0,0.018310363769531435,4.050000000000001,-295216.2297595445,LIKELY_CUSTOMER_BUY,95.0,IV up; option price up,295216.2297595445,SOXX
SOXX260814P00505000,128,0.6515537774658204,29.75,205.0,-141629.10706483095,0.0040636636680492,-0.3864105394701911,521.8099975585938,4.0,0.636569796447754,26.25,125.0,-4386.062668447253,0.003896225324434,-0.3512418080188382,530.5,124.0,0.014983981018066417,3.5,-137243.0443963837,LIKELY_CUSTOMER_BUY,95.0,IV up; option price up; volume confirms,137243.0443963837,SOXX
SOXX260717P00495000,1388,0.6162147753906251,0.35,2113.0,-2278076.208929833,0.0060277327807875,-0.0489782984784851,521.8099975585938,1268.0,0.6401403173828125,0.7749999999999999,327.0,-907084.784356216,0.0025418964350023,-0.0184371728784703,530.5,120.0,-0.023925541992187438,-0.42499999999999993,-1370991.424573617,LIKELY_CUSTOMER_SELL,95.0,IV down; option price down; volume confirms,-1370991.424573617,SOXX
SOXX260731P00400000,137,0.8579115771484375,2.1750000000000003,42.0,-41716.55675451517,0.0011183122868499,-0.0469346634025715,521.8099975585938,19.0,0.860352958984375,2.075,129.0,-5292.954321776602,0.0009898599857385,-0.0431238842635512,530.5,118.0,-0.0024413818359375616,0.10000000000000009,-36423.60243273857,LIKELY_CUSTOMER_SELL,65.0,IV down; option price up,-36423.60243273857,SOXX
SOXX260717C00570000,795,1.1069380590820312,0.875,31.0,936108.2503207204,0.0043244825889312,0.0676268626588913,521.8099975585938,683.0,0.6225623681640625,0.65,329.0,408328.7027627784,0.002124312618412,0.0144730404700931,530.5,112.0,0.4843756909179687,0.22499999999999998,527779.547557942,LIKELY_CUSTOMER_BUY,95.0,IV up; option price up,-527779.547557942,SOXX
SOXX260717C00617500,153,2.77197572631836,5.0,96.0,121566.56495452295,0.0029180848986865,0.1384798846937454,521.8099975585938,62.0,0.8808605664062499,0.125,96.0,1363.92718844135,7.816794967855011e-05,0.0005410924220002,530.5,91.0,1.89111515991211,4.875,120202.6377660816,LIKELY_CUSTOMER_BUY,95.0,IV up; option price up; volume confirms,-120202.6377660816,SOXX
SOXX261120P00340000,87,0.6964446859741212,13.1,1.0,-19380.06471773899,0.000818109016408,-0.0993641917116761,521.8099975585938,0.0,0.6768220794677735,11.3,1.0,-0.0,0.0007584926500179,-0.0887017722266112,530.5,87.0,0.01962260650634773,1.799999999999999,-19380.06471773899,LIKELY_CUSTOMER_BUY,95.0,IV up; option price up,19380.06471773899,SOXX
SOXX260724C00580000,126,0.6491734301757812,3.625,19.0,155384.50883535505,0.0045291049341463,0.130818380428114,521.8099975585938,40.0,0.5477340148925782,3.7,110.0,60235.19858770066,0.0053508105994025,0.147145756303364,530.5,86.0,0.101439415283203,-0.07500000000000018,95149.31024765439,LIKELY_CUSTOMER_BUY,65.0,IV up; option price down,-95149.31024765439,SOXX
SOXX260918C00900000,232,0.6243934045410158,1.2,85.0,28085.01727975697,0.0004445922820148,0.0258889026056056,521.8099975585938,149.0,0.5710492114257812,0.825,85.0,15748.6844965699,0.0003755668379802,0.0196227932120517,530.5,83.0,0.05334419311523453,0.375,12336.332783187068,LIKELY_CUSTOMER_BUY,95.0,IV up; option price up; volume confirms,-12336.332783187068,SOXX
SOXX260717C00542500,86,1.1491741760253906,5.0,4.0,246416.2100578268,0.0105231565463396,0.2694236884179094,521.8099975585938,5.0,0.5131884619140624,3.025,1363.0,28257.003744924543,0.0200809996401769,0.2074761117443277,530.5,81.0,0.6359857141113282,1.975,218159.20631290227,LIKELY_CUSTOMER_BUY,95.0,IV up; option price up,-218159.20631290227,SOXX
SOXX260724C00630000,179,0.73437765625,1.05,10.0,73260.31075742914,0.0015031105887892,0.0363850608098481,521.8099975585938,99.0,0.6748079394531252,1.35,111.0,52708.63844376726,0.0018918026378862,0.0482624374906846,530.5,80.0,0.05956971679687473,-0.30000000000000004,20551.672313661875,LIKELY_CUSTOMER_BUY,65.0,IV up; option price down,-20551.672313661875,SOXX
SOXX260724P00550000,303,0.6126747717285157,36.65,177.0,-632432.3670882431,0.0076656090925228,-0.7152046293791604,521.8099975585938,225.0,0.5802654278564454,30.9,118.0,-518200.58227522805,0.0081836039267314,-0.6432079773405073,530.5,78.0,0.032409343872070284,5.75,-114231.78481301508,LIKELY_CUSTOMER_BUY,95.0,IV up; option price up; volume confirms,114231.78481301508,SOXX
SOXX260821P00380000,223,0.8065204895019531,5.65,129.0,-68784.46595745806,0.001132819497863,-0.0792641686037993,521.8099975585938,147.0,0.7072783178710937,3.075,79.0,-37045.59565725519,0.0008954647015068,-0.0514549282485248,530.5,76.0,0.09924217163085935,2.575,-31738.87030020287,LIKELY_CUSTOMER_BUY,95.0,IV up; option price up; volume confirms,31738.87030020287,SOXX
SOXX260724P00450000,411,0.7187528125,1.925,125.0,-260611.3700027978,0.0023287707954259,-0.0611816242982869,521.8099975585938,337.0,0.7349880017089843,1.95,94.0,-189649.56388159303,0.0019996370319004,-0.057639389609122,530.5,74.0,-0.016235189208984258,-0.02499999999999991,-70961.80612120478,LIKELY_CUSTOMER_SELL,95.0,IV down; option price down; volume confirms,-70961.80612120478,SOXX
SOXX260724C00602500,99,0.6499058447265625,1.6,95.0,69520.6489895689,0.0025790147844045,0.0612895271474528,521.8099975585938,27.0,0.5764202514648438,1.85,85.0,23797.87527278844,0.0031318693988334,0.0751587569918777,530.5,72.0,0.07348559326171877,-0.25,45722.77371678046,LIKELY_CUSTOMER_BUY,65.0,IV up; option price down; volume confirms,-45722.77371678046,SOXX
SOXX260724C00540000,84,0.6070595935058594,11.3,496.0,195200.3900515832,0.0085344709362246,0.3607586609375725,521.8099975585938,12.0,0.6070595935058594,15.95,116.0,27971.694956339827,0.0082826013894916,0.4432240885131123,530.5,72.0,0.0,-4.649999999999999,167228.69509524337,LIKELY_CUSTOMER_SELL,65.0,option price down; volume confirms,167228.69509524337,SOXX
SOXX260821P00480000,424,0.6741060421752932,24.55,149.0,-368818.4866957223,0.003194640798043,-0.3005426545915826,521.8099975585938,353.0,0.6519810192871094,21.25,98.0,-302885.4312256273,0.0030488278465994,-0.270866510115191,530.5,71.0,0.022125022888183854,3.3000000000000007,-65933.05547009502,LIKELY_CUSTOMER_BUY,95.0,IV up; option price up; volume confirms,65933.05547009502,SOXX
SOXX260918C00580000,169,0.6083108016967774,31.45,18.0,134415.76651329323,0.0029210481579569,0.3956372984267481,521.8099975585938,99.0,0.5987894125366212,34.5,75.0,81867.8789074192,0.0029383773485334,0.4197849378028329,530.5,70.0,0.009521389160156213,-3.0500000000000007,52547.88760587403,LIKELY_CUSTOMER_BUY,65.0,IV up; option price down,-52547.88760587403,SOXX
SOXX260717C00610000,344,2.29834409790039,3.1,117.0,276981.7638751157,0.0029571131512158,0.1080472961613575,521.8099975585938,275.0,0.9697268652343748,0.4,117.0,28099.093384577023,0.0003630687227064,0.0032292681094554,530.5,69.0,1.3286172326660153,2.7,248882.6704905387,LIKELY_CUSTOMER_BUY,95.0,IV up; option price up; volume confirms,-248882.6704905387,SOXX
SOXX260717P00475000,2103,0.97460962890625,0.325,54.0,-1493360.0769329052,0.0026079572784306,-0.030735861212142,521.8099975585938,2034.0,0.7763694238281251,0.3,88.0,-246597.11364081735,0.0004307906452751,-0.0030501885959237,530.5,69.0,0.1982402050781249,0.025000000000000022,-1246762.963292088,LIKELY_CUSTOMER_BUY,95.0,IV up; option price up; volume confirms,1246762.963292088,SOXX
SOXX260724P00485000,88,0.7034941760253908,7.45,20.0,-135724.05065084028,0.0056643404600602,-0.2096949757943027,521.8099975585938,19.0,0.6659579302978518,5.75,72.0,-25536.33801516418,0.0047756692476085,-0.1665977011559027,530.5,69.0,0.037536245727539,1.7000000000000002,-110187.7126356761,LIKELY_CUSTOMER_BUY,95.0,IV up; option price up,110187.7126356761,SOXX
SOXX260724C00570000,156,0.5671430004882813,3.45,22.0,231853.428022473,0.0054583845849554,0.1410447630715312,521.8099975585938,91.0,0.5644574804687501,5.75,119.0,166397.6149803701,0.0064973300473723,0.2097978770617379,530.5,65.0,0.0026855200195311513,-2.3,65455.813042102905,LIKELY_CUSTOMER_BUY,65.0,IV up; option price down,-65455.813042102905,SOXX
SOXX260918C00675000,301,0.5861857788085938,11.0,32.0,170549.12061925905,0.0020809334797482,0.1822407309646088,521.8099975585938,243.0,0.5748333532714844,12.2,160.0,148713.84680755407,0.0021745748338202,0.1973046204930487,530.5,58.0,0.011352425537109356,-1.1999999999999993,21835.273811704974,LIKELY_CUSTOMER_BUY,65.0,IV up; option price down; volume confirms,-21835.273811704974,SOXX
SOXX260717P00537500,74,0.6232947827148438,17.4,1.0,-318219.6647228196,0.0157932133681456,-0.812834161492378,521.8099975585938,17.0,0.5554243676757813,10.6,80.0,-112701.20910931748,0.0235563976821375,-0.6673468586025153,530.5,57.0,0.06787041503906255,6.799999999999999,-205518.4556135021,LIKELY_CUSTOMER_BUY,95.0,IV up; option price up,205518.4556135021,SOXX
SOXX260821C00560000,158,0.6306494454956054,26.25,21.0,163468.15040232372,0.0037997171623213,0.4034594574047546,521.8099975585938,104.0,0.6114540808105471,29.15,63.0,113065.47296822732,0.0038630104948202,0.4343716222771784,530.5,54.0,0.019195364685058336,-2.8999999999999986,50402.677434096404,LIKELY_CUSTOMER_BUY,65.0,IV up; option price down,-50402.677434096404,SOXX
SOXX260918C00800000,194,0.6145058081054688,3.325,5.0,49899.65953777754,0.0009446502878023,0.0643736746737858,521.8099975585938,140.0,0.5661664477539063,2.7,95.0,35610.195048998925,0.0009038066663561,0.0565263043086375,530.5,54.0,0.0483393603515625,0.625,14289.464488778613,LIKELY_CUSTOMER_BUY,95.0,IV up; option price up,-14289.464488778613,SOXX
SOXX260731P00315000,344,1.1557659399414062,0.525,42.0,-20008.46883513747,0.0002136144470318,-0.0093920459821692,521.8099975585938,295.0,1.1162153564453123,0.425,56.0,-14618.904706899511,0.0001760848706773,-0.0076763689205793,530.5,49.0,0.03955058349609386,0.10000000000000003,-5389.56412823796,LIKELY_CUSTOMER_BUY,95.0,IV up; option price up; volume confirms,5389.56412823796,SOXX
SOXX260731C00650000,326,0.6881134704589844,2.0,7.0,151191.68038519353,0.0017032778649003,0.0604215158643075,521.8099975585938,281.0,0.5766643896484375,1.35,62.0,127142.60823461229,0.0016077333477404,0.0479277872864789,530.5,45.0,0.11144908081054694,0.6499999999999999,24049.07215058124,LIKELY_CUSTOMER_BUY,95.0,IV up; option price up,-24049.07215058124,SOXX
SOXX260724P00515000,90,0.6723055230712893,17.35,668.0,-197407.36302554232,0.0080555657450282,-0.4223491019107469,521.8099975585938,47.0,0.6190833990478517,13.45,59.0,-101010.4430062446,0.0076365577681681,-0.3523708469742398,530.5,43.0,0.05322212402343762,3.900000000000002,-96396.92001929772,LIKELY_CUSTOMER_BUY,95.0,IV up; option price up; volume confirms,96396.92001929772,SOXX
SOXX260717C00582500,60,0.88476677734375,0.075,77.0,17037.357270014185,0.0010428604296211,0.0093794569914449,521.8099975585938,23.0,0.7939473730468749,0.775,77.0,9817.441150414374,0.0015167000257055,0.0129829116582192,530.5,37.0,0.09081940429687507,-0.7000000000000001,7219.916119599811,LIKELY_CUSTOMER_BUY,65.0,IV up; option price down; volume confirms,-7219.916119599811,SOXX
SOXX260724P00500000,921,0.6846955358886719,11.55,154.0,-1779233.959714783,0.0070949385398202,-0.306505913688942,521.8099975585938,884.0,0.6426427337646485,8.95,122.0,-1561433.0566217264,0.0062762513522574,-0.2485233797013841,530.5,37.0,0.0420528021240234,2.6000000000000014,-217800.90309305652,LIKELY_CUSTOMER_BUY,95.0,IV up; option price up; volume confirms,217800.90309305652,SOXX
SOXX260717C00545000,162,0.8974619628906249,2.4,12.0,478904.3993613045,0.0108569795740347,0.1841079468132315,521.8099975585938,127.0,0.5631147204589844,2.5,69.0,610175.4970912312,0.0170718374203174,0.1850134138769538,530.5,35.0,0.3343472424316405,-0.10000000000000009,-131271.0977299267,LIKELY_CUSTOMER_BUY,65.0,IV up; option price down,131271.0977299267,SOXX
SOXX260717P00490000,302,0.6269568554687501,0.175,239.0,-293833.3436499962,0.0035732988771078,-0.0264084882432521,521.8099975585938,270.0,0.6850617431640625,0.6499999999999999,194.0,-130918.70343360472,0.001722928103113,-0.0126858713882072,530.5,32.0,-0.05810488769531241,-0.4749999999999999,-162914.64021639148,LIKELY_CUSTOMER_SELL,95.0,IV down; option price down; volume confirms,-162914.64021639148,SOXX
SOXX260717P00467500,80,0.98437515625,0.15,12.0,-31296.77233279412,0.0014367617989459,-0.0153502122045192,521.8099975585938,49.0,0.8447281152343749,0.25,31.0,-3667.355396739891,0.0002659415172625,-0.0019645116838833,530.5,31.0,0.1396470410156252,-0.1,-27629.41693605423,LIKELY_CUSTOMER_BUY,65.0,IV up; option price down,27629.41693605423,SOXX
SOXX260724P00430000,75,0.8500991552734375,1.6,53.0,-30779.255033621,0.0015072040396441,-0.0437085538795258,521.8099975585938,44.0,0.8037129003906249,1.2,33.0,-14612.083306988425,0.0011800181481257,-0.0334718054340676,530.5,31.0,0.04638625488281256,0.40000000000000013,-16167.171726632576,LIKELY_CUSTOMER_BUY,95.0,IV up; option price up; volume confirms,16167.171726632576,SOXX
SOXX260717C00605000,1704,2.3759806225585933,4.0,66.0,1512489.901815309,0.0032598536424923,0.1300017171223779,521.8099975585938,1674.0,0.648441015625,0.025,66.0,6273.15824716162,1.3315577697534651e-05,5.870298047481538e-05,530.5,30.0,1.7275396069335933,3.975,1506216.7435681473,LIKELY_CUSTOMER_BUY,95.0,IV up; option price up; volume confirms,-1506216.7435681473,SOXX
SOXX260724P00460000,596,0.6813996704101564,2.5,1997.0,-499431.0484489668,0.0030775455310172,-0.0820538554309506,521.8099975585938,568.0,0.7266873034667969,2.85,34.0,-426814.4559171101,0.0026700537744699,-0.0826658750301668,530.5,28.0,-0.04528763305664052,-0.3500000000000001,-72616.59253185673,LIKELY_CUSTOMER_SELL,95.0,IV down; option price down; volume confirms,-72616.59253185673,SOXX
SOXX260724P00495000,56,0.6553379193115236,9.1,24.0,-104997.10067200629,0.0068859598884737,-0.2627069949636906,521.8099975585938,28.0,0.646365841064453,7.65,36.0,-45655.16451941037,0.0057937680472477,-0.2174573825744217,530.5,28.0,0.00897207824707058,1.4499999999999993,-59341.93615259592,LIKELY_CUSTOMER_BUY,95.0,IV up; option price up; volume confirms,59341.93615259592,SOXX
SOXX260724P00520000,505,0.6549717120361329,19.25,39.0,-1154106.9724403948,0.0083932449021371,-0.463302226413972,521.8099975585938,477.0,0.6100502862548829,15.25,233.0,-1075926.9861059375,0.0080148176331475,-0.3911925991780487,530.5,28.0,0.044921425781250024,4.0,-78179.9863344573,LIKELY_CUSTOMER_BUY,95.0,IV up; option price up; volume confirms,78179.9863344573,SOXX
SOXX260717P00435000,176,1.25000375,0.025,25.0,-10639.934627425226,0.0002220248066334,-0.0024357122279698,521.8099975585938,150.0,1.0234423828125,0.05,25.0,-556.4644538438368,1.318182045329377e-05,-9.430022001510884e-05,530.5,26.0,0.22656136718749997,-0.025,-10083.470173581389,LIKELY_CUSTOMER_BUY,65.0,IV up; option price down; volume confirms,10083.470173581389,SOXX
SOXX260717C00525000,124,0.3654848608398438,1.3,4013.0,1288683.200670799,0.0381680252267625,0.3808322094412575,521.8099975585938,99.0,0.5034229345703125,10.9,34.0,730187.4714006955,0.0262076696597094,0.6601376939891439,530.5,25.0,-0.13793807373046874,-9.6,558495.7292701035,LIKELY_CUSTOMER_SELL,95.0,IV down; option price down; volume confirms,558495.7292701035,SOXX
SOXX260724C00460000,26,0.6408727319335938,63.8,7.0,20591.875935528697,0.0029086922494217,0.929703432676241,521.8099975585938,1.0,0.7370631762695312,73.5,25.0,759.4718634622462,0.0026986148911222,0.914555966442716,530.5,25.0,-0.09619044433593738,-9.700000000000003,19832.40407206645,LIKELY_CUSTOMER_SELL,95.0,IV down; option price down,19832.40407206645,SOXX
SOXX260731P00490000,1047,0.6872589868164063,15.0,61.0,-1395068.697422498,0.0048935510256465,-0.292532288788681,521.8099975585938,1023.0,0.6803620831298829,13.1,30.0,-1265306.2797725906,0.0043949025859943,-0.2556978370431024,530.5,24.0,0.0068969036865234035,1.9000000000000004,-129762.4176499073,LIKELY_CUSTOMER_BUY,95.0,IV up; option price up; volume confirms,129762.4176499073,SOXX
SOXX260724P00420000,67,0.909913010253906,1.4249999999999998,74.0,-22238.626899994917,0.0012190131054178,-0.036600490574181,521.8099975585938,43.0,0.7631859619140625,0.55,35.0,-8308.627303758274,0.00068657825797,-0.0165265503522149,530.5,24.0,0.1467270483398435,0.8749999999999998,-13929.999596236643,LIKELY_CUSTOMER_BUY,95.0,IV up; option price up; volume confirms,13929.999596236643,SOXX
SOXX260724P00510000,64,0.6753572503662111,15.2,171.0,-136193.73181944643,0.0078154205908731,-0.3821884176320171,521.8099975585938,41.0,0.624027197265625,11.7,40.0,-83613.17870256156,0.0072463632534658,-0.3148114075446865,530.5,23.0,0.051330053100586026,3.5,-52580.55311688487,LIKELY_CUSTOMER_BUY,95.0,IV up; option price up; volume confirms,52580.55311688487,SOXX
SOXX260918C00530000,62,0.6191596922302247,50.25,7.0,49949.53196421717,0.002958795451175,0.5378084544916113,521.8099975585938,40.0,0.6195106408691409,55.400000000000006,29.0,32216.460702444725,0.0028618512670941,0.5637084911533996,530.5,22.0,-0.0003509486389161598,-5.150000000000006,17733.071261772442,LIKELY_CUSTOMER_SELL,95.0,IV down; option price down,17733.071261772442,SOXX
SOXX260814P00520000,134,0.6342199664306643,36.2,1.0,-157564.19537761374,0.0043184505044682,-0.4502303990556096,521.8099975585938,112.0,0.62540047454834,32.5,45.0,-131260.32943930244,0.004164325715294,-0.4131016759315244,530.5,22.0,0.008819491882324226,3.700000000000003,-26303.865938311297,LIKELY_CUSTOMER_BUY,95.0,IV up; option price up,26303.865938311297,SOXX
SOXX260731C00600000,385,0.6521641229248047,5.525,80.0,374007.3609168901,0.0035677517587326,0.1545037393757931,521.8099975585938,363.0,0.5904581970214844,5.85,34.0,406822.107072764,0.0039822373680572,0.1698099022933618,530.5,22.0,0.06170592590332036,-0.3249999999999993,-32814.74615587393,LIKELY_CUSTOMER_BUY,65.0,IV up; option price down; volume confirms,32814.74615587393,SOXX
SOXX260724P00490000,593,0.7106962524414062,9.0,103.0,-984412.5323944406,0.0060967396449569,-0.2431897518412773,521.8099975585938,572.0,0.6564975756835938,6.65,54.0,-849608.7021057194,0.0052777904961752,-0.190867527524181,530.5,21.0,0.054198676757812425,2.3499999999999996,-134803.83028872125,LIKELY_CUSTOMER_BUY,95.0,IV up; option price up; volume confirms,134803.83028872125,SOXX
SOXX260731P00520000,240,0.6805451867675782,27.75,11.0,-372821.0339933775,0.0057051146125584,-0.4584962197041802,521.8099975585938,219.0,0.64883774017334,23.5,76.0,-343156.49787561275,0.0055677193472764,-0.4089488833806839,530.5,21.0,0.0317074465942383,4.25,-29664.536117764772,LIKELY_CUSTOMER_BUY,95.0,IV up; option price up; volume confirms,29664.536117764772,SOXX
SOXX260807P00580000,29,0.6249121981811524,70.45,20.0,-33334.89827291902,0.0042215928432619,-0.7307332625730361,521.8099975585938,9.0,0.5979654461669923,63.65,20.0,-11346.644516097913,0.0044797539694699,-0.6977145657248837,530.5,20.0,0.02694675201416008,6.800000000000004,-21988.253756821105,LIKELY_CUSTOMER_BUY,95.0,IV up; option price up; volume confirms,21988.253756821105,SOXX
SOXX260918C00585000,57,0.5942728561401368,28.85,22.0,45783.29785713995,0.0029499008941649,0.3776815564408822,521.8099975585938,37.0,0.5958902716064454,32.7,22.0,30498.526785756072,0.0029289122534735,0.405534867412201,530.5,20.0,-0.0016174154663085583,-3.8500000000000014,15284.771071383879,LIKELY_CUSTOMER_SELL,95.0,IV down; option price down; volume confirms,15284.771071383879,SOXX
SOXX260724P00405000,28,0.986572399902344,1.125,44.0,-6641.119120731649,0.0008710808124652,-0.0268807073585488,521.8099975585938,9.0,0.91992267578125,0.8,21.0,-1687.686777221883,0.0006663134223298,-0.0198650815994513,530.5,19.0,0.06664972412109404,0.32499999999999996,-4953.432343509766,LIKELY_CUSTOMER_BUY,95.0,IV up; option price up; volume confirms,4953.432343509766,SOXX
SOXX260717P00265000,174,4.2187547265625,0.025,90.0,-1046.999912721618,2.2098999184248667e-05,-0.0007380193943125,521.8099975585938,155.0,3.06250234375,0.025,90.0,-12.19941476407162,2.796639725249432e-07,-5.149165458795402e-06,530.5,19.0,1.1562523828124998,0.0,-1034.8004979575464,LIKELY_CUSTOMER_BUY,80.0,IV up; volume confirms,1034.8004979575464,SOXX
SOXX260724C00520000,25,0.6383092810058593,20.55,144.0,58625.07306946195,0.0086122890425587,0.5367244014710633,521.8099975585938,7.0,0.6224402990722657,26.15,19.0,15490.632324130624,0.0078632182392468,0.6073927162517571,530.5,18.0,0.01586898193359354,-5.599999999999998,43134.440745331325,LIKELY_CUSTOMER_BUY,65.0,IV up; option price down; volume confirms,-43134.440745331325,SOXX
SOXX260807P00455000,42,0.7399928344726561,11.5,2.0,-33632.70999259838,0.0029409509464858,-0.1911699379182346,521.8099975585938,24.0,0.7037383142089844,9.2,26.0,-18028.876660501373,0.002669234008027,-0.1613511381196424,530.5,18.0,0.03625452026367171,2.3000000000000007,-15603.833332097005,LIKELY_CUSTOMER_BUY,95.0,IV up; option price up,15603.833332097005,SOXX
SOXX260724C00535000,64,0.619693744506836,13.45,2082.0,150874.30032721136,0.0086578589018625,0.4055386026953764,521.8099975585938,46.0,0.610599597167969,18.2,30.0,107615.69446159089,0.0083127937339011,0.4846270750775169,530.5,18.0,0.009094147338867042,-4.75,43258.60586562047,LIKELY_CUSTOMER_BUY,65.0,IV up; option price down; volume confirms,-43258.60586562047,SOXX
SOXX260821C00535000,24,0.6425816992187501,36.2,56.0,25107.76483688352,0.0038421296815063,0.4973325239971761,521.8099975585938,6.0,0.6270178900146486,40.150000000000006,25.0,6430.14734288723,0.0038080171687817,0.530130783447997,530.5,18.0,0.015563809204101497,-3.950000000000003,18677.61749399629,LIKELY_CUSTOMER_BUY,65.0,IV up; option price down; volume confirms,-18677.61749399629,SOXX
SOXX260731P00535000,44,0.6608310284423828,35.3,2.0,-70295.77331400366,0.0058674817181529,-0.5462992490997167,521.8099975585938,26.0,0.6272925454711916,30.2,22.0,-43269.052854961286,0.005913345635643,-0.4959763726281171,530.5,18.0,0.03353848297119122,5.099999999999998,-27026.72045904237,LIKELY_CUSTOMER_BUY,95.0,IV up; option price up,27026.72045904237,SOXX
SOXX260821P00400000,560,0.7601342346191409,7.25,82.0,-222968.51039099583,0.0014622805859576,-0.1032282686095062,521.8099975585938,543.0,0.7318142053222656,5.85,39.0,-198146.1182890392,0.0012966267074447,-0.0868163036237831,530.5,17.0,0.02832002929687527,1.4000000000000004,-24822.39210195662,LIKELY_CUSTOMER_BUY,95.0,IV up; option price up; volume confirms,24822.39210195662,SOXX
SOXX260814C00630000,20,0.6168861553955078,7.05,39.0,14789.06577460229,0.0027157260207031,0.1588075270535291,521.8099975585938,3.0,0.5866740551757812,7.75,17.0,2473.852056801733,0.0029300949427691,0.1742245316807154,530.5,17.0,0.030212100219726645,-0.7000000000000002,12315.213717800558,LIKELY_CUSTOMER_BUY,65.0,IV up; option price down; volume confirms,-12315.213717800558,SOXX
SOXX260731C00532500,18,0.6696200030517578,23.5,11.0,28487.16799527747,0.0058123529730228,0.4691667696955148,521.8099975585938,1.0,0.6478306701660157,27.75,18.0,1609.5410974708625,0.0057191474529509,0.5197510053936767,530.5,17.0,0.02178933288574214,-4.25,26877.626897806607,LIKELY_CUSTOMER_BUY,65.0,IV up; option price down; volume confirms,-26877.626897806607,SOXX
SOXX260717C00600000,2847,0.9687503125,0.025,22.0,284447.8874847772,0.0003669361114394,0.0032044957789178,521.8099975585938,2831.0,0.6093789062500001,0.025,224.0,11785.13541706985,1.4791898950177118e-05,6.144306364253886e-05,530.5,16.0,0.35937140624999986,0.0,272662.75206770736,LIKELY_CUSTOMER_BUY,80.0,IV up; volume confirms,-272662.75206770736,SOXX
SOXX260821C00605000,78,0.6032144171142579,13.2,5.0,69078.24422487871,0.003252534384752,0.2488886905222696,521.8099975585938,62.0,0.5795940478515625,14.6,19.0,59876.756278449786,0.0034315932047936,0.2711815974951417,530.5,16.0,0.023620369262695395,-1.4000000000000004,9201.487946428926,LIKELY_CUSTOMER_BUY,65.0,IV up; option price down,-9201.487946428926,SOXX
SMH260731P00500000,91358,0.6937896832275392,9.525,2330.0,-102463549.25733462,0.0036211424194121,-0.1928232115338736,556.530029296875,3787.0,0.6517979156494143,6.7,107975.0,-3725559.062214956,0.0030394413743802,-0.1455318169890054,568.9199829101562,87571.0,0.04199176757812495,2.825,-98737990.19511966,LIKELY_CUSTOMER_BUY,95.0,IV up; option price up,98737990.19511966,SMH
SMH260720P00552500,10150,0.4618584088134766,8.05,5187.0,-52729033.273564845,0.0167728383274881,-0.4198186901480006,556.530029296875,92.0,0.4547173669433594,4.975,10108.0,-355528.4508669854,0.0119394454743125,-0.2584136416182205,568.9199829101562,10058.0,0.007141041870117215,3.075000000000001,-52373504.82269786,LIKELY_CUSTOMER_BUY,95.0,IV up; option price up; volume confirms,52373504.82269786,SMH
SMH260731P00565000,2657,0.6102944244384767,32.099999999999994,160.0,-4928392.92300318,0.0059887552536664,-0.5214423487450889,556.530029296875,313.0,0.5676312768554688,24.95,2583.0,-612014.7412172708,0.0060410880912305,-0.4475292698761647,568.9199829101562,2344.0,0.04266314758300793,7.149999999999995,-4316378.181785909,LIKELY_CUSTOMER_BUY,95.0,IV up; option price up,4316378.181785909,SMH
SMH260821C00650000,9567,0.5352219329833985,9.7,1140.0,9076152.979096271,0.0030630129106201,0.2030668820424688,556.530029296875,7557.0,0.5359543475341797,12.875,2952.0,8064901.656118584,0.0032972150772598,0.2470031604329934,568.9199829101562,2010.0,-0.000732414550781213,-3.1750000000000007,1011251.3229776872,LIKELY_CUSTOMER_SELL,95.0,IV down; option price down; volume confirms,1011251.3229776872,SMH
SMH260717C00600000,8909,0.507817421875,0.005,493.0,1427356.948468845,0.0005172808830009,0.0024612493218099,556.530029296875,6900.0,0.4262752685546875,0.295,6072.0,4254209.492403172,0.0019048790477757,0.0089467082266187,568.9199829101562,2009.0,0.0815421533203125,-0.29,-2826852.5439343266,LIKELY_CUSTOMER_BUY,65.0,IV up; option price down,2826852.5439343266,SMH
SMH260717P00555000,10478,0.1191494335937499,0.54,7696.0,-335241910.4653898,0.1033005673608273,-0.3219970090782157,556.530029296875,9061.0,0.4718070397949219,2.54,3267.0,-49505909.7623491,0.0168802369600205,-0.1538950871387066,568.9199829101562,1417.0,-0.352657606201172,-2.0,-285736000.7030407,LIKELY_CUSTOMER_SELL,95.0,IV down; option price down; volume confirms,-285736000.7030407,SMH
SMH260731C00575000,1419,0.5827678442382812,18.425,99.0,2696987.172890777,0.0061364793831782,0.4146694120750868,556.530029296875,12.0,0.5703473141479493,24.3,5013.0,23551.458471926333,0.0060636508202077,0.4920568289007692,568.9199829101562,1407.0,0.01242053009033195,-5.875,2673435.7144188504,LIKELY_CUSTOMER_BUY,65.0,IV up; option price down,-2673435.7144188504,SMH
SMH260731C00565000,1420,0.5934488897705079,22.875,33.0,2707941.3397063124,0.0061570644817683,0.4766169177829662,556.530029296875,22.0,0.5783123223876954,29.375,5043.0,42224.1334806505,0.0059297405045914,0.5523556650457486,568.9199829101562,1398.0,0.015136567382812549,-6.5,2665717.206225662,LIKELY_CUSTOMER_BUY,65.0,IV up; option price down,-2665717.206225662,SMH
SMH260731P00530000,8826,0.6516758465576173,17.275,76.0,-13821535.382139295,0.0050560942471601,-0.3232823654153361,556.530029296875,7506.0,0.6098061480712893,12.7,1902.0,-11168719.064477572,0.0045971897551804,-0.2583839723015344,568.9199829101562,1320.0,0.041869698486328044,4.574999999999999,-2652816.317661723,LIKELY_CUSTOMER_BUY,95.0,IV up; option price up,2652816.317661723,SMH
SMH260724P00500000,4015,0.671023797607422,3.75,2676.0,-4628004.002057397,0.0037216109444315,-0.1136429110119878,556.530029296875,2705.0,0.6342810009765626,2.435,1657.0,-2346958.6216770085,0.0026806232909966,-0.0761512269867699,568.9199829101562,1310.0,0.03674279663085944,1.315,-2281045.3803803883,LIKELY_CUSTOMER_BUY,95.0,IV up; option price up; volume confirms,2281045.3803803883,SMH
SMH260731P00555000,7437,0.6213416772460938,27.15,132.0,-13506536.491954416,0.0058636630876477,-0.4617302570870658,556.530029296875,6141.0,0.5786785296630859,20.75,1345.0,-11412225.367500069,0.0057415462221581,-0.3882697748952517,568.9199829101562,1296.0,0.04266314758300793,6.399999999999999,-2094311.1244543474,LIKELY_CUSTOMER_BUY,95.0,IV up; option price up,2094311.1244543474,SMH
SMH260720P00547500,1298,0.4510552941894531,5.125,6483.0,-6429149.800597302,0.0159919582227657,-0.3341339001031995,556.530029296875,17.0,0.4625297888183594,3.8,119.0,-56660.87722357304,0.0102975046315494,-0.2044421708597394,568.9199829101562,1281.0,-0.011474494628906262,1.3250000000000002,-6372488.923373729,LIKELY_CUSTOMER_SELL,65.0,IV down; option price up; volume confirms,-6372488.923373729,SMH
SMH260724P00477500,1306,0.7406031799316406,2.085,49.0,-847745.9437910726,0.0020957782915368,-0.060323207169502,556.530029296875,103.0,0.681887946777344,1.19,1215.0,-46290.57686454541,0.0013885227237918,-0.0363738416223174,568.9199829101562,1203.0,0.05871523315429661,0.895,-801455.3669265271,LIKELY_CUSTOMER_BUY,95.0,IV up; option price up,801455.3669265271,SMH
SMH260731C00795000,1155,0.6689486230468751,0.12,1152.0,59250.35833600623,0.0001656272499632,0.0040865240492522,556.530029296875,5.0,0.6674837939453127,0.26,1152.0,478.7554110881438,0.0002958293876789,0.008355729254244,568.9199829101562,1150.0,0.001464829101562426,-0.14,58771.60292491809,LIKELY_CUSTOMER_BUY,65.0,IV up; option price down; volume confirms,-58771.60292491809,SMH
SMH260717P00405000,1989,2.2343794140624995,0.055,1319.0,-79871.67104655437,0.0001296524660154,-0.0027428124567192,556.530029296875,940.0,1.375003125,0.005,1319.0,-35.70623564115654,1.1735830719680885e-07,-9.699330697499065e-07,568.9199829101562,1049.0,0.8593762890624994,0.05,-79835.96481091321,LIKELY_CUSTOMER_BUY,95.0,IV up; option price up; volume confirms,79835.96481091321,SMH
SMH260729C00585000,961,0.5489547058105471,12.025,57.0,1947309.395675793,0.0065423589106956,0.3306017147712058,556.530029296875,1.0,0.5249070947265625,16.475,967.0,2237.619174265837,0.0069132744492352,0.4139300998527932,568.9199829101562,960.0,0.024047611083984566,-4.450000000000001,1945071.7765015273,LIKELY_CUSTOMER_BUY,65.0,IV up; option price down,-1945071.7765015273,SMH
SMH260717P00550000,22319,0.1562584375,0.08,7944.0,-208519106.50001037,0.0301643462361751,-0.0720671855578045,556.530029296875,21412.0,0.505742247314453,2.09,2959.0,-79371120.71972619,0.0114525685837846,-0.0976564889620547,568.9199829101562,907.0,-0.34948380981445304,-2.01,-129147985.78028418,LIKELY_CUSTOMER_SELL,95.0,IV down; option price down; volume confirms,-129147985.78028418,SMH
SMH260724C00637500,1041,0.5266160620117188,0.7649999999999999,46.0,609775.6086051043,0.0018912202649695,0.0347180411499378,556.530029296875,144.0,0.5124560473632812,1.7200000000000002,904.0,150412.46968547738,0.0032271486720061,0.0734335359214748,568.9199829101562,897.0,0.014160014648437635,-0.9550000000000003,459363.1389196269,LIKELY_CUSTOMER_BUY,65.0,IV up; option price down,-459363.1389196269,SMH
SMH260724C00647500,1074,0.5192919165039063,0.425,70.0,398406.1302286058,0.0011976902796443,0.0197647402908717,556.530029296875,268.0,0.5111132873535156,1.1,993.0,202548.0195795368,0.0023350212139628,0.0484179849304808,568.9199829101562,806.0,0.008178629150390693,-0.675,195858.110649069,LIKELY_CUSTOMER_BUY,65.0,IV up; option price down,-195858.110649069,SMH
SMH260731C00800000,1077,0.7509790527343749,0.29,1126.0,94965.7195367701,0.0002846911415502,0.0085773023325436,556.530029296875,284.0,0.647464462890625,0.175,852.0,20579.046627790343,0.0002238744513347,0.0058865478523652,568.9199829101562,793.0,0.10351458984374995,0.11499999999999999,74386.67290897976,LIKELY_CUSTOMER_BUY,95.0,IV up; option price up; volume confirms,-74386.67290897976,SMH
SMH260731C00600000,1802,0.5712933496093751,10.4,1408.0,2982240.1817330867,0.0053433131208438,0.2734101555041582,556.530029296875,1088.0,0.5516097085571289,14.175,991.0,2034383.3319315696,0.0057769886850926,0.3427206074445259,568.9199829101562,714.0,0.01968364105224618,-3.7750000000000004,947856.8498015171,LIKELY_CUSTOMER_BUY,65.0,IV up; option price down; volume confirms,-947856.8498015171,SMH
SMH260731P00505000,895,0.6869538140869142,10.575,224.0,-1071767.7327865912,0.0038663435068886,-0.2116040921660297,556.530029296875,263.0,0.6452061846923829,7.5,871.0,-279804.26028629753,0.0032869734611258,-0.1612924577697732,568.9199829101562,632.0,0.04174762939453136,3.0749999999999993,-791963.4725002936,LIKELY_CUSTOMER_BUY,95.0,IV up; option price up,791963.4725002936,SMH
SMH260724C00615000,815,0.5269822692871093,2.165,1145.0,1034929.4786700635,0.0040999252876914,0.0931008474777876,556.530029296875,220.0,0.5053760400390624,4.05,859.0,408097.3821097022,0.0057311100951842,0.160643986655786,568.9199829101562,595.0,0.021606229248046893,-1.8849999999999998,626832.0965603613,LIKELY_CUSTOMER_BUY,65.0,IV up; option price down; volume confirms,-626832.0965603613,SMH
SMH260821P00400000,16189,0.7259548889160157,3.525,633.0,-4455701.739320674,0.0008886257274984,-0.0549578273078916,556.530029296875,15601.0,0.72070591796875,2.9450000000000003,722.0,-3770171.738510018,0.0007466315197123,-0.0458022881688254,568.9199829101562,588.0,0.005248970947265619,0.5799999999999996,-685530.0008106558,LIKELY_CUSTOMER_BUY,95.0,IV up; option price up; volume confirms,685530.0008106558,SMH
SMH260821C00575000,858,0.5568891967773439,30.875,1541.0,1101056.8836944136,0.0041432893395286,0.4677762503404264,556.530029296875,275.0,0.5587507504272461,37.575,699.0,355251.4577313941,0.0039911752537261,0.5197965249827016,568.9199829101562,583.0,-0.0018615536499021479,-6.700000000000003,745805.4259630195,LIKELY_CUSTOMER_SELL,95.0,IV down; option price down; volume confirms,745805.4259630195,SMH
SMH260731P00540000,834,0.632938240966797,20.55,1409.0,-1420307.9249844835,0.0054984370039555,-0.3753950183781231,556.530029296875,282.0,0.596683720703125,15.525,937.0,-465700.8708169857,0.005102177521449,-0.3066482559094343,568.9199829101562,552.0,0.03625452026367193,5.025,-954607.0541674978,LIKELY_CUSTOMER_BUY,95.0,IV up; option price up; volume confirms,954607.0541674978,SMH
SMH260724P00540000,1790,0.6060830407714846,12.45,1385.0,-4352645.860615609,0.0078509660004514,-0.3407769810769844,556.530029296875,1240.0,0.56836369140625,8.55,1028.0,-2667781.9765582043,0.0066470090847575,-0.2506310632132982,568.9199829101562,550.0,0.03771934936523458,3.8999999999999986,-1684863.884057405,LIKELY_CUSTOMER_BUY,95.0,IV up; option price up; volume confirms,1684863.884057405,SMH
SMH260722P00445000,1063,0.930664755859375,0.7,884.0,-232578.97340193373,0.0007064151077209,-0.0173135693852277,556.530029296875,524.0,0.8950205810546874,0.555,543.0,-91363.84196494518,0.0005386922038111,-0.0137644476832391,568.9199829101562,539.0,0.03564417480468762,0.1449999999999999,-141215.13143698854,LIKELY_CUSTOMER_BUY,95.0,IV up; option price up; volume confirms,141215.13143698854,SMH
SMH260724C00720000,782,0.7602563037109377,0.27,531.0,95696.9653259842,0.0003951065295305,0.0085135542719321,556.530029296875,271.0,0.9566654724121092,2.405,595.0,123500.06942152962,0.0014079769149146,0.0563872146346937,568.9199829101562,511.0,-0.19640916870117153,-2.135,-27803.104095545423,LIKELY_CUSTOMER_SELL,95.0,IV down; option price down; volume confirms,-27803.104095545423,SMH
SMH260724P00550000,67441,0.6144447735595704,16.975,2085.0,-172812837.95015866,0.008273224225825,-0.4245491832645948,556.530029296875,66955.0,0.5525557440185547,11.35,1201.0,-166726195.10836482,0.0076934023917199,-0.3209424891877064,568.9199829101562,486.0,0.061889029541015717,5.625000000000002,-6086642.841793835,LIKELY_CUSTOMER_BUY,95.0,IV up; option price up; volume confirms,6086642.841793835,SMH
SMH260731P00570000,1361,0.6028176925659182,34.7,183.0,-2537772.791757409,0.006020289913228,-0.5519313867829397,556.530029296875,887.0,0.5597273031616211,27.15,615.0,-1771593.333429125,0.0061707512644021,-0.4782656160069776,568.9199829101562,474.0,0.0430903894042971,7.550000000000004,-766179.4583282841,LIKELY_CUSTOMER_BUY,95.0,IV up; option price up,766179.4583282841,SMH
SMH260724P00515000,2087,0.6500279138183593,6.125,3625.0,-3386574.7679473124,0.005239152177283,-0.1800794634046363,556.530029296875,1629.0,0.6124306335449221,4.05,806.0,-2097210.662336933,0.0039775770034513,-0.124411218136979,568.9199829101562,458.0,0.03759728027343723,2.075,-1289364.1056103795,LIKELY_CUSTOMER_BUY,95.0,IV up; option price up; volume confirms,1289364.1056103795,SMH
SMH260729C00607500,412,0.5384567639160158,6.35,410.0,660999.8247010919,0.0051799661564332,0.2017819985436899,556.530029296875,10.0,0.5096484582519532,9.0,410.0,19480.15465517867,0.0060185243759803,0.2678717728122576,568.9199829101562,402.0,0.028808305664062672,-2.6500000000000004,641519.6700459132,LIKELY_CUSTOMER_BUY,65.0,IV up; option price down; volume confirms,-641519.6700459132,SMH
SMH260724C00855000,563,1.2021524267578123,0.32,461.0,33711.63873796518,0.0001933277797762,0.0063634279792924,556.530029296875,163.0,0.945313046875,0.095,644.0,4758.91136147215,9.020230484315062e-05,0.002294748310214,568.9199829101562,400.0,0.25683937988281236,0.225,28952.72737649303,LIKELY_CUSTOMER_BUY,95.0,IV up; option price up; volume confirms,-28952.72737649303,SMH
SMH260717P00510000,7962,0.6523472265625001,0.03,662.0,-1869365.402883156,0.0007580447102279,-0.0049787863017285,556.530029296875,7568.0,0.6777375976562501,0.14,834.0,-393143.55681067513,0.000160497274732,-0.0009586887131752,568.9199829101562,394.0,-0.025390371093749975,-0.11000000000000001,-1476221.8460724808,LIKELY_CUSTOMER_SELL,95.0,IV down; option price down; volume confirms,-1476221.8460724808,SMH
SMH260724C00600000,879,0.534184345703125,4.175,5076.0,1649211.3060223863,0.0060577343226707,0.166198690999881,556.530029296875,490.0,0.5100757000732423,7.1,611.0,1188404.184945641,0.0074931722452914,0.2562357204818046,568.9199829101562,389.0,0.024108645629882686,-2.925,460807.1210767452,LIKELY_CUSTOMER_BUY,65.0,IV up; option price down; volume confirms,-460807.1210767452,SMH
SMH260731P00495000,422,0.6977569287109376,8.475,30.0,-442048.8153550108,0.0033820542845459,-0.1743978623475521,556.530029296875,55.0,0.6574741284179688,5.95,502.0,-49840.74480963245,0.0027997513167403,-0.1306704839365813,568.9199829101562,367.0,0.04028280029296882,2.5249999999999995,-392208.0705453784,LIKELY_CUSTOMER_BUY,95.0,IV up; option price up,392208.0705453784,SMH
SMH260724P00520000,970,0.6521030883789063,7.375,448.0,-1724163.3261116317,0.0057389106460716,-0.2102808923817655,556.530029296875,613.0,0.5953409606933593,4.550000000000001,577.0,-886590.0959266768,0.0044684821182786,-0.141382326836991,568.9199829101562,357.0,0.056762127685547004,2.8249999999999993,-837573.2301849549,LIKELY_CUSTOMER_BUY,95.0,IV up; option price up; volume confirms,837573.2301849549,SMH
SMH260717C00602500,641,0.500005,0.005,46.0,57694.55742728442,0.0002906026770437,0.0012836782424155,556.530029296875,291.0,0.4626518579101563,0.245,450.0,171791.42524058864,0.0018239213924568,0.0093485051671668,568.9199829101562,350.0,0.03735314208984375,-0.24,-114096.86781330421,LIKELY_CUSTOMER_BUY,65.0,IV up; option price down,114096.86781330421,SMH
SMH260720C00585000,362,0.3829407409667968,0.865,237.0,856467.9817938367,0.0076388037987237,0.079236117570826,556.530029296875,30.0,0.4482477050781249,4.3100000000000005,365.0,123964.89338155728,0.0127665949576083,0.2873409131899768,568.9199829101562,332.0,-0.06530696411132808,-3.4450000000000003,732503.0884122794,LIKELY_CUSTOMER_SELL,95.0,IV down; option price down; volume confirms,732503.0884122794,SMH
SMH260724P00530000,3213,0.6256140954589844,9.525,724.0,-6811098.552328595,0.0068443030796793,-0.2689654014962541,556.530029296875,2882.0,0.5782512878417969,6.2,744.0,-5184112.354825052,0.0055574818403673,-0.1892123679487291,568.9199829101562,331.0,0.047362807617187475,3.325,-1626986.1975035425,LIKELY_CUSTOMER_BUY,95.0,IV up; option price up; volume confirms,1626986.1975035425,SMH
SMH260724C00910000,384,1.109379453125,0.045,217.0,4285.676147235047,3.603387100690936e-05,0.000907819810152,556.530029296875,63.0,0.9804689453125,0.0349999999999999,341.0,674.3371303132631,3.306999637730139e-05,0.0007962854191175,568.9199829101562,321.0,0.12891050781250013,0.010000000000000099,3611.339016921784,LIKELY_CUSTOMER_BUY,95.0,IV up; option price up; volume confirms,-3611.339016921784,SMH
SMH260717P00515000,2349,0.523442265625,0.01,439.0,-329494.62403315614,0.0004528851811211,-0.0021974721773544,556.530029296875,2041.0,0.6728548339843752,0.2299999999999999,426.0,-227900.5026462127,0.0003449847532635,-0.0021998570113546,568.9199829101562,308.0,-0.14941256835937522,-0.2199999999999999,-101594.12138694344,LIKELY_CUSTOMER_SELL,95.0,IV down; option price down; volume confirms,-101594.12138694344,SMH
SMH260724C00745000,377,0.764650791015625,0.115,302.0,20976.709152301904,0.0001796465165596,0.0035285484364082,556.530029296875,76.0,0.7500025,0.29,302.0,9478.004780577934,0.0003853017260069,0.009014009950367,568.9199829101562,301.0,0.014648291015625037,-0.175,11498.70437172397,LIKELY_CUSTOMER_BUY,65.0,IV up; option price down; volume confirms,-11498.70437172397,SMH
SMH260724P00400000,1951,1.0991255981445316,0.6,6421.0,-225975.8784638215,0.0003739621155329,-0.0121973482333096,556.530029296875,1660.0,1.0009815576171874,0.325,361.0,-124217.10179189211,0.0002311910021205,-0.0070018785179712,568.9199829101562,291.0,0.09814404052734416,0.27499999999999997,-101758.77667192937,LIKELY_CUSTOMER_BUY,95.0,IV up; option price up; volume confirms,101758.77667192937,SMH
SMH260717P00557500,1074,0.3867248828124999,2.925,663.0,-11750821.399832793,0.0353253715256372,-0.5280990862892057,556.530029296875,790.0,0.4984181018066406,3.32,405.0,-5012699.501523126,0.0196038875469845,-0.2134527163009041,568.9199829101562,284.0,-0.1116932189941407,-0.395,-6738121.898309667,LIKELY_CUSTOMER_SELL,95.0,IV down; option price down; volume confirms,-6738121.898309667,SMH
SMH260717C00610000,6721,0.6601596484375001,0.025,439.0,1343604.6558677924,0.0006454467207696,0.0042138408241977,556.530029296875,6440.0,0.459966337890625,0.1149999999999999,697.0,961869.0687520552,0.0004614532564849,0.0019931947983111,568.9199829101562,281.0,0.20019331054687506,-0.08999999999999989,381735.58711573726,LIKELY_CUSTOMER_BUY,65.0,IV up; option price down; volume confirms,-381735.58711573726,SMH
SMH260724C00575000,501,0.5428512512207033,10.375,1889.0,1373139.1503761571,0.0088491104927935,0.3495621634189892,556.530029296875,225.0,0.5307053765869141,16.125,753.0,647631.8322725359,0.0088928976139812,0.466188378807167,568.9199829101562,276.0,0.012145874633789244,-5.75,725507.3181036212,LIKELY_CUSTOMER_BUY,65.0,IV up; option price down; volume confirms,-725507.3181036212,SMH
SMH260731P00520000,3281,0.6539341247558594,13.825,4106.0,-4733420.406015419,0.0046579158931597,-0.2722145532574642,556.530029296875,3008.0,0.633914793701172,10.7,487.0,-3929276.470184066,0.0040358254900084,-0.2186682940225254,568.9199829101562,273.0,0.02001933105468745,3.125,-804143.9358313535,LIKELY_CUSTOMER_BUY,95.0,IV up; option price up; volume confirms,804143.9358313535,SMH
SMH260731P00535000,6363,0.6452061846923829,18.975,301.0,-10371201.304368269,0.0052624736555575,-0.3491723606943208,556.530029296875,6092.0,0.603092348022461,14.05,2163.0,-9572989.316280143,0.0048549560517654,-0.2818404609805547,568.9199829101562,271.0,0.042113836669921856,4.925000000000001,-798211.9880881254,LIKELY_CUSTOMER_BUY,95.0,IV up; option price up; volume confirms,798211.9880881254,SMH
SMH260717P00572500,381,0.5710492114257812,17.525,52.0,-1840047.5971355557,0.0155928993473676,-0.8232728873099948,556.530029296875,118.0,0.4766898034667969,8.95,970.0,-1044259.8887696428,0.0273416180822103,-0.5927177928336218,568.9199829101562,263.0,0.09435940795898434,8.575,-795787.7083659129,LIKELY_CUSTOMER_BUY,95.0,IV up; option price up,795787.7083659129,SMH
SMH260821C00620000,1406,0.5393417648315432,15.75,692.0,1615369.7605994493,0.0037094491498092,0.294539328175839,556.530029296875,1148.0,0.534581070251465,19.8,786.0,1429956.2645607782,0.0038483847942971,0.3428549517914501,568.9199829101562,258.0,0.0047606945800782174,-4.050000000000001,185413.49603867112,LIKELY_CUSTOMER_BUY,65.0,IV up; option price down; volume confirms,-185413.49603867112,SMH
SMH260731P00470000,311,0.7452418054199219,5.1,89.0,-218953.5015851881,0.0022730777973431,-0.1072453075582453,556.530029296875,61.0,0.7149686706542968,3.7,301.0,-35767.66570434123,0.0018115836239916,-0.0805094331606046,568.9199829101562,250.0,0.030273134765625098,1.3999999999999995,-183185.83588084686,LIKELY_CUSTOMER_BUY,95.0,IV up; option price up,183185.83588084686,SMH
SMH260724P00470000,524,0.7639183764648438,1.715,2619.0,-278415.36651678686,0.0017154762448894,-0.048706795914591,556.530029296875,275.0,0.709963837890625,1.02,351.0,-101785.90167057508,0.0011435431525602,-0.0301806547221699,568.9199829101562,249.0,0.053954538574218835,0.6950000000000001,-176629.46484621178,LIKELY_CUSTOMER_BUY,95.0,IV up; option price up; volume confirms,176629.46484621178,SMH
SMH260724C00795000,320,1.112797404785156,0.59,298.0,38180.54171314956,0.0003852253883307,0.0128041228245293,556.530029296875,72.0,0.9321295849609376,0.375,298.0,7497.410876768885,0.0003217187990469,0.0094037228324432,568.9199829101562,248.0,0.18066781982421853,0.21499999999999997,30683.13083638068,LIKELY_CUSTOMER_BUY,95.0,IV up; option price up; volume confirms,-30683.13083638068,SMH
SMH260717C00565000,649,0.1211025390625,0.005,2836.0,1395494.5111796383,0.0069423456024653,0.0090779455720285,556.530029296875,402.0,0.4740042834472656,9.25,383.0,3520387.7213716405,0.0270559051555313,0.6161929056063075,568.9199829101562,247.0,-0.35290174438476557,-9.245,-2124893.2101920024,LIKELY_CUSTOMER_SELL,95.0,IV down; option price down; volume confirms,-2124893.2101920024,SMH
SMH260720P00445000,443,0.8554701953125,0.09,1109.0,-17507.514376836665,0.0001275979095716,-0.0017130331266469,556.530029296875,205.0,0.8359391406249999,0.095,243.0,-9003.00194609404,0.0001356847710981,-0.0021447661436047,568.9199829101562,238.0,0.01953105468750016,-0.0050000000000000044,-8504.512430742625,LIKELY_CUSTOMER_BUY,65.0,IV up; option price down; volume confirms,8504.512430742625,SMH
SMH260720C00572500,233,0.3936828210449219,2.6,189.0,1081203.560470177,0.01498215687467,0.2219508623107535,556.530029296875,3.0,0.4411066632080078,8.9,268.0,14666.949858193566,0.0151048416205039,0.4588768960840073,568.9199829101562,230.0,-0.04742384216308587,-6.300000000000001,1066536.6106119836,LIKELY_CUSTOMER_SELL,95.0,IV down; option price down; volume confirms,1066536.6106119836,SMH
SMH260724C00865000,342,1.2294960400390624,0.32,120.0,19571.32334315861,0.0001847637975834,0.0062015243924748,556.530029296875,120.0,0.9648441015625,0.09,261.0,3231.981030315975,8.321185054731045e-05,0.0021472268385173,568.9199829101562,222.0,0.26465193847656243,0.23,16339.342312842633,LIKELY_CUSTOMER_BUY,95.0,IV up; option price up; volume confirms,-16339.342312842633,SMH
SMH260724C00560000,286,0.5546309185791016,16.6,593.0,826281.8452868434,0.0093279234117386,0.487023515054391,556.530029296875,67.0,0.5369919348144532,23.775,231.0,185415.466279006,0.0085500524380743,0.5985354785132829,568.9199829101562,219.0,0.017638983764648453,-7.174999999999997,640866.3790078374,LIKELY_CUSTOMER_BUY,65.0,IV up; option price down; volume confirms,-640866.3790078374,SMH
SMH260807C00600000,340,0.5743450769042968,15.275,80.0,492862.8841901462,0.0046802601211014,0.3226378043220151,556.530029296875,122.0,0.5512740185546876,19.05,273.0,195143.24779377488,0.0049418700532201,0.3792243044134526,568.9199829101562,218.0,0.023071058349609208,-3.7750000000000004,297719.6363963713,LIKELY_CUSTOMER_BUY,65.0,IV up; option price down,-297719.6363963713,SMH
SMH260724P00525000,730,0.6317785845947266,8.2,705.0,-1430404.6717432204,0.0063264321366781,-0.2360325143649785,556.530029296875,512.0,0.5902140588378908,5.4,501.0,-828260.4231613639,0.0049979806720037,-0.1652316105454601,568.9199829101562,218.0,0.04156452575683578,2.799999999999999,-602144.2485818565,LIKELY_CUSTOMER_BUY,95.0,IV up; option price up; volume confirms,602144.2485818565,SMH
SMH260727P00555000,221,0.5622602368164062,20.875,46.0,-525197.4713128413,0.0076727870805372,-0.4649821537961398,556.530029296875,4.0,0.5137988073730468,14.65,221.0,-9620.266084921415,0.0074306142533786,-0.3684971940202156,568.9199829101562,217.0,0.048461429443359405,6.225,-515577.20522791985,LIKELY_CUSTOMER_BUY,95.0,IV up; option price up,515577.20522791985,SMH
SMH260720P00562500,440,0.4930470617675782,13.25,50.0,-2138274.829906331,0.0156903864876746,-0.5827760643010554,556.530029296875,225.0,0.4693656579589844,8.375,628.0,-1003603.7431210324,0.0137808935383335,-0.3957142671504826,568.9199829101562,215.0,0.023681403808593793,4.875,-1134671.0867852985,LIKELY_CUSTOMER_BUY,95.0,IV up; option price up,1134671.0867852985,SMH
SMH260724P00545000,928,0.6060220062255861,14.475,296.0,-2346604.398287487,0.008164219982114,-0.3818764767488245,556.530029296875,716.0,0.5598188549804688,9.85,484.0,-1666500.112342583,0.0071910109211058,-0.2842406472724004,568.9199829101562,212.0,0.04620315124511731,4.625,-680104.2859449042,LIKELY_CUSTOMER_BUY,95.0,IV up; option price up; volume confirms,680104.2859449042,SMH
SMH260724P00490000,1882,0.7071562487792968,2.965,160.0,-1699482.8790033853,0.0029155464750905,-0.087412726254756,556.530029296875,1671.0,0.6560092993164064,1.785,520.0,-1094087.4342198165,0.0020228943601529,-0.0553320558885483,568.9199829101562,211.0,0.051146949462890445,1.18,-605395.4447835688,LIKELY_CUSTOMER_BUY,95.0,IV up; option price up; volume confirms,605395.4447835688,SMH
SMH260724C00565000,302,0.5611005804443359,14.65,73.0,853797.7353049202,0.0091278994952501,0.4420940874159841,556.530029296875,94.0,0.5435836657714845,21.325000000000003,228.0,262630.8390098076,0.0086320806801437,0.5545031366451965,568.9199829101562,208.0,0.017516914672851325,-6.6750000000000025,591166.8962951126,LIKELY_CUSTOMER_BUY,65.0,IV up; option price down,-591166.8962951126,SMH
SMH260724C00605000,275,0.52539537109375,3.26,400.0,457839.9836605716,0.0053753137381014,0.1354926136630506,556.530029296875,69.0,0.5128222546386718,6.050000000000001,284.0,154487.19526518672,0.0069173702408353,0.2235112678944815,568.9199829101562,206.0,0.012573116455078193,-2.790000000000001,303352.7883953849,LIKELY_CUSTOMER_BUY,65.0,IV up; option price down; volume confirms,-303352.7883953849,SMH
SMH260717P00500000,20098,0.6562534375000001,0.005,2137.0,-942905.9504720562,0.0001514740818002,-0.0008486112787653,556.530029296875,19892.0,0.7753928710937501,0.13,551.0,-654888.3552562841,0.0001017153366872,-0.0006760626200631,568.9199829101562,206.0,-0.11913943359375001,-0.125,-288017.59521577205,LIKELY_CUSTOMER_SELL,95.0,IV down; option price down; volume confirms,-288017.59521577205,SMH
SMH260731P00567500,235,0.6102944244384767,33.55,234.0,-434733.09948837454,0.0059727954159228,-0.5361393155722506,556.530029296875,29.0,0.5629926513671876,26.0,244.0,-57420.168129957376,0.0061173606515377,-0.462806883046704,568.9199829101562,206.0,0.04730177307128913,7.549999999999997,-377312.93135841715,LIKELY_CUSTOMER_BUY,95.0,IV up; option price up; volume confirms,377312.93135841715,SMH
SMH260731C00595000,263,0.5788005987548828,11.95,18.0,450110.4741892932,0.0055256855220642,0.3017292505850252,556.530029296875,62.0,0.551060397644043,15.725,242.0,119265.05703945844,0.0059431836979285,0.3704524841692359,568.9199829101562,201.0,0.027740201110839746,-3.7750000000000004,330845.4171498348,LIKELY_CUSTOMER_BUY,65.0,IV up; option price down,-330845.4171498348,SMH
SMH260717P00465000,1477,1.171879140625,0.015,105.0,-66550.85318954478,0.0001454775325074,-0.0015291652814223,556.530029296875,1281.0,0.976562734375,0.03,409.0,-2119.0023306013672,5.110694581297489e-06,-3.538174289829943e-05,568.9199829101562,196.0,0.19531640625000002,-0.015,-64431.85085894341,LIKELY_CUSTOMER_BUY,65.0,IV up; option price down; volume confirms,64431.85085894341,SMH
SMH260724P00575000,1015,0.5802654278564454,30.0,80.0,-2631644.417932657,0.0083711275585911,-0.6392922813480924,556.530029296875,819.0,0.5249681292724608,22.0,519.0,-2382779.106714278,0.0089887128108418,-0.5345196810446338,568.9199829101562,196.0,0.05529729858398458,8.0,-248865.31121837907,LIKELY_CUSTOMER_BUY,95.0,IV up; option price up,248865.31121837907,SMH
SMH260724C00590000,1921,0.5482222912597658,6.425000000000001,1118.0,4331402.785508994,0.0072798763133841,0.2353996082653017,556.530029296875,1725.0,0.5170336383056642,10.075,429.0,4671998.57423068,0.0083677987284661,0.3352050962298896,568.9199829101562,196.0,0.03118865295410167,-3.6499999999999986,-340595.78872168623,LIKELY_CUSTOMER_BUY,65.0,IV up; option price down; volume confirms,340595.78872168623,SMH
SMH260724P00410000,1022,0.991211025390625,0.475,312.0,-117302.53711615205,0.0003705777189117,-0.0107166106071606,556.530029296875,827.0,0.948242705078125,0.35,404.0,-73287.46391063018,0.0002737926637907,-0.0079782217080105,568.9199829101562,195.0,0.042968320312499975,0.125,-44015.07320552187,LIKELY_CUSTOMER_BUY,95.0,IV up; option price up; volume confirms,44015.07320552187,SMH
SMH260717P00522500,1244,0.6035195898437502,0.145,67.0,-1144404.3542783917,0.0029701741580516,-0.0218670129159183,556.530029296875,1053.0,0.6196327099609377,0.31,223.0,-223602.47523654008,0.0006560634734932,-0.0040976228540322,568.9199829101562,191.0,-0.016113120117187463,-0.165,-920801.8790418516,LIKELY_CUSTOMER_SELL,95.0,IV down; option price down,-920801.8790418516,SMH
SMH260731C00725000,294,0.6059609716796877,0.435,3.0,53819.23838303508,0.0005910347433645,0.015538794215017,556.530029296875,109.0,0.5810588769531251,0.675,229.0,29270.461719092407,0.0008296610438301,0.0235574083897023,568.9199829101562,185.0,0.024902094726562574,-0.24000000000000005,24548.776663942674,LIKELY_CUSTOMER_BUY,65.0,IV up; option price down,-24548.776663942674,SMH
SMH260814C00680000,366,0.5405319384765627,4.125,285.0,250670.07791481764,0.0022112823761257,0.1069270269271153,556.530029296875,187.0,0.5262498547363281,5.449999999999999,283.0,155083.4587608299,0.0025622499607541,0.1341964562885326,568.9199829101562,179.0,0.014282083740234541,-1.3249999999999993,95586.61915398773,LIKELY_CUSTOMER_BUY,65.0,IV up; option price down; volume confirms,-95586.61915398773,SMH
SMH260717P00567500,393,0.6665072412109377,12.6,288.0,-2163031.6917887228,0.0177702331621978,-0.7050330823692772,556.530029296875,217.0,0.440313214111328,6.2,693.0,-2120452.009799472,0.0301902241461352,-0.450376187022075,568.9199829101562,176.0,0.22619402709960973,6.3999999999999995,-42579.681989250705,LIKELY_CUSTOMER_BUY,95.0,IV up; option price up; volume confirms,42579.681989250705,SMH
SMH260717P00552500,374,0.2280350634765625,0.55,624.0,-5726000.956978017,0.0494313655471587,-0.2662995776215261,556.530029296875,199.0,0.5194139855957032,2.265,1064.0,-912353.9181975318,0.0141647165558858,-0.1367957220137342,568.9199829101562,175.0,-0.2913789221191407,-1.715,-4813647.038780485,LIKELY_CUSTOMER_SELL,95.0,IV down; option price down; volume confirms,-4813647.038780485,SMH
SMH260821P00525000,2340,0.602787175292969,26.925,739.0,-2541523.785542335,0.0035067202003859,-0.3349323929774908,556.530029296875,2168.0,0.5730328341674805,21.575,248.0,-2339606.437219565,0.0033341194351351,-0.2883073201121224,568.9199829101562,172.0,0.02975434112548847,5.350000000000001,-201917.3483227701,LIKELY_CUSTOMER_BUY,95.0,IV up; option price up; volume confirms,201917.3483227701,SMH
SMH260720C00600000,208,0.4348201049804688,0.275,188.0,200179.6755423424,0.0031072732052118,0.0300679801341862,556.530029296875,39.0,0.3967345483398438,1.48,270.0,97653.99825856942,0.0077361172912624,0.1057643475845384,568.9199829101562,169.0,0.03808555664062502,-1.205,102525.67728377297,LIKELY_CUSTOMER_BUY,65.0,IV up; option price down; volume confirms,-102525.67728377297,SMH
SMH260731P00460000,315,0.762697685546875,4.1,83.0,-185631.1830395182,0.0019026686948672,-0.0868740562216581,556.530029296875,146.0,0.7261990270996093,2.86,324.0,-70008.93496036601,0.0014814883422606,-0.0632162728191126,568.9199829101562,169.0,0.03649865844726574,1.2399999999999998,-115622.24807915218,LIKELY_CUSTOMER_BUY,95.0,IV up; option price up,115622.24807915218,SMH
SMH260717C00605000,2594,0.51562984375,0.005,144.0,187872.6523168517,0.0002338387004977,0.0010471081958231,556.530029296875,2429.0,0.4653373779296875,0.175,401.0,975219.729340174,0.0012404309315275,0.0060740718974127,568.9199829101562,165.0,0.05029246582031249,-0.16999999999999998,-787347.0770233223,LIKELY_CUSTOMER_BUY,65.0,IV up; option price down; volume confirms,787347.0770233223,SMH
SMH260731P00510000,1964,0.6788972540283205,11.675,343.0,-2503863.674517968,0.0041161575561328,-0.2312656833532144,556.530029296875,1800.0,0.6423375610351563,8.5,328.0,-2059879.659455508,0.0035356312791909,-0.1794840668912289,568.9199829101562,164.0,0.036559692993164195,3.1750000000000007,-443984.0150624602,LIKELY_CUSTOMER_BUY,95.0,IV up; option price up; volume confirms,443984.0150624602,SMH
SMH260821C00685000,263,0.533909690246582,5.35,43.0,182233.94470378928,0.0022371562707845,0.1249925829462527,556.530029296875,101.0,0.5216112292480468,6.85,204.0,82543.7509745607,0.002524994578039,0.152096698042925,568.9199829101562,162.0,0.012298460998535155,-1.5,99690.19372922859,LIKELY_CUSTOMER_BUY,65.0,IV up; option price down,-99690.19372922859,SMH
SMH260717P00400000,14070,1.875000625,0.005,376.0,-93327.1771610507,2.1415924475240065e-05,-0.0003185868168185,556.530029296875,13911.0,1.40625296875,0.005,484.0,-379.0856212564623,8.419311629871665e-08,-7.028012429799446e-07,568.9199829101562,159.0,0.4687476562499999,0.0,-92948.09153979423,LIKELY_CUSTOMER_BUY,80.0,IV up; volume confirms,92948.09153979423,SMH
SMH260729P00480000,174,0.6618686157226563,3.735,225.0,-137621.41339265776,0.002553639335787,-0.0961754279261435,556.530029296875,20.0,0.6815217395019533,3.3550000000000004,179.0,-13305.93971642842,0.0020554796393097,-0.0812429197731312,568.9199829101562,154.0,-0.019653123779296955,0.37999999999999945,-124315.47367622935,LIKELY_CUSTOMER_SELL,65.0,IV down; option price up; volume confirms,-124315.47367622935,SMH
SMH260821C00725000,457,0.538639867553711,2.715,225.0,203742.85435195928,0.0014394247971868,0.0695598349401129,556.530029296875,306.0,0.5228319201660157,3.45,223.0,165405.9586372934,0.0016700418236972,0.0852907522437312,568.9199829101562,151.0,0.01580794738769531,-0.7350000000000003,38336.89571466588,LIKELY_CUSTOMER_BUY,65.0,IV up; option price down; volume confirms,-38336.89571466588,SMH
SMH260821C00680000,777,0.5343674493408204,5.85,57.0,566183.3596362694,0.0023526584163162,0.1345830491235408,556.530029296875,628.0,0.5234117483520507,7.525,294.0,537066.6721692517,0.0026422030074856,0.1638355580926756,568.9199829101562,149.0,0.010955700988769634,-1.6750000000000007,29116.687467017677,LIKELY_CUSTOMER_BUY,65.0,IV up; option price down,-29116.687467017677,SMH
SMH260731P00485000,222,0.7180203979492188,6.975,67.0,-199952.2436754128,0.0029080113770258,-0.144678904947743,556.530029296875,73.0,0.6783479431152344,4.875,327.0,-55767.0622919543,0.0023602202408713,-0.1072582310187846,568.9199829101562,149.0,0.039672454833984405,2.0999999999999996,-144185.18138345852,LIKELY_CUSTOMER_BUY,95.0,IV up; option price up,144185.18138345852,SMH
SMH260720P00502500,145,0.5639692041015626,0.53,23.0,-80313.85430759487,0.0017883201096043,-0.0212091610191393,556.530029296875,2.0,0.5998575170898439,0.58,212.0,-948.6578255842624,0.0014654709751561,-0.021935369400963,568.9199829101562,143.0,-0.03588831298828132,-0.04999999999999993,-79365.19648201061,LIKELY_CUSTOMER_SELL,95.0,IV down; option price down,-79365.19648201061,SMH
SMH260821C00660000,3439,0.5354660711669923,8.25,163.0,3009416.8270054944,0.0028253546055294,0.1781760255378494,556.530029296875,3298.0,0.5247850256347657,10.475,271.0,3312001.652776265,0.0031026837911957,0.2133972336878509,568.9199829101562,141.0,0.010681045532226596,-2.2249999999999996,-302584.82577077067,LIKELY_CUSTOMER_BUY,65.0,IV up; option price down; volume confirms,302584.82577077067,SMH
SMH260717C00570000,888,0.179695703125,0.005,2430.0,862125.847838455,0.0031345881994853,0.0057639330018956,556.530029296875,747.0,0.4536187451171874,6.5,884.0,7126310.41607327,0.0294741817663029,0.4747279983613575,568.9199829101562,141.0,-0.2739230419921874,-6.495,-6264184.568234815,LIKELY_CUSTOMER_SELL,95.0,IV down; option price down; volume confirms,-6264184.568234815,SMH
SMH260814P00480000,165,0.6617465466308594,11.7,12.0,-131446.9922960452,0.0025721097935855,-0.179959421283554,556.530029296875,27.0,0.6438634246826171,9.3,146.0,-19565.126260419285,0.0022388062678038,-0.1480798251350723,568.9199829101562,138.0,0.017883121948242264,2.3999999999999986,-111881.86603562592,LIKELY_CUSTOMER_BUY,95.0,IV up; option price up,111881.86603562592,SMH
SMH260731C00650000,3010,0.5623823059082032,2.73,183.0,2470451.4820817285,0.0026499191732882,0.0900305449853913,556.530029296875,2872.0,0.5309495147705079,3.8,304.0,3059035.719286249,0.0032907715644046,0.1212558876283553,568.9199829101562,138.0,0.03143279113769526,-1.0699999999999998,-588584.2372045205,LIKELY_CUSTOMER_BUY,65.0,IV up; option price down; volume confirms,588584.2372045205,SMH
SMH260731P00490000,534,0.7108183215332031,7.775,364.0,-519047.9852477355,0.003138260904759,-0.1598259213770783,556.530029296875,397.0,0.6674227593994142,5.375,354.0,-330588.8767450848,0.0025727367693556,-0.118301207941424,568.9199829101562,137.0,0.04339556213378892,2.4000000000000004,-188459.1085026507,LIKELY_CUSTOMER_BUY,95.0,IV up; option price up; volume confirms,188459.1085026507,SMH
SMH260731P00420000,795,0.8520522607421875,1.805,21.0,-217207.87194728927,0.0008821272253435,-0.0375912535847057,556.530029296875,660.0,0.8331315515136717,1.41,282.0,-148365.1867451238,0.0006945215013249,-0.0293066697480068,568.9199829101562,135.0,0.018920709228515853,0.395,-68842.68520216548,LIKELY_CUSTOMER_BUY,95.0,IV up; option price up,68842.68520216548,SMH
SMH260717P00440000,72407,1.375003125,0.005,715.0,-958219.143400998,4.272746066311183e-05,-0.0004800423088737,556.530029296875,72273.0,1.2421912890624998,0.035,674.0,-89380.24944281923,3.820877405387284e-06,-3.3551214640326066e-05,568.9199829101562,134.0,0.13281183593750034,-0.030000000000000002,-868838.8939581787,LIKELY_CUSTOMER_BUY,65.0,IV up; option price down; volume confirms,868838.8939581787,SMH
SMH260717P00547500,316,0.1845784667968749,0.05,382.0,-1684772.0662371374,0.017213804432904,-0.0436890317983641,556.530029296875,183.0,0.5239305419921875,1.5,238.0,-554880.9331561407,0.0093679882092395,-0.0782230084187598,568.9199829101562,133.0,-0.3393520751953126,-1.45,-1129891.1330809966,LIKELY_CUSTOMER_SELL,95.0,IV down; option price down; volume confirms,-1129891.1330809966,SMH
MU260724P00500000,12464,1.6035176074218749,0.69,37735.0,-838448.1980915129,9.333715467878266e-05,-0.0062367379872811,848.9500122070312,1471.0,1.509768076171875,0.645,14618.0,-96834.86275205595,9.043100609577412e-05,-0.0060967109450997,853.2000122070312,10993.0,0.09374953124999985,0.04499999999999993,-741613.3353394569,LIKELY_CUSTOMER_BUY,95.0,IV up; option price up; volume confirms,741613.3353394569,MU
MU260724P00475000,6991,1.7119155029296875,0.6000000000000001,636.0,-366373.5499341126,7.271442473009846e-05,-0.0050680339183574,848.9500122070312,165.0,1.5585959570312498,0.43,6975.0,-7126.688029541668,5.933379104038949e-05,-0.0039374988097766,853.2000122070312,6826.0,0.15331954589843777,0.1700000000000001,-359246.8619045709,LIKELY_CUSTOMER_BUY,95.0,IV up; option price up,359246.8619045709,MU
MU260717C00900000,9385,0.3828186718749999,0.005,89285.0,2375450.797367214,0.0003511943533667,0.0018732701990188,848.9500122070312,4753.0,0.71679970703125,3.825,30498.0,16146715.849049464,0.0046667515707459,0.0805146207333357,853.2000122070312,4632.0,-0.33398103515625005,-3.8200000000000003,-13771265.051682249,LIKELY_CUSTOMER_SELL,95.0,IV down; option price down; volume confirms,-13771265.051682249,MU
MU260724P00800000,14253,1.0930526304626464,32.225,8376.0,-28513733.20022879,0.0027757705177147,-0.3180743083875725,848.9500122070312,11076.0,1.0434618139648442,31.475,5578.0,-21540275.519443847,0.0026715702644135,-0.3086499737018545,853.2000122070312,3177.0,0.04959081649780228,0.75,-6973457.680784944,LIKELY_CUSTOMER_BUY,95.0,IV up; option price up; volume confirms,6973457.680784944,MU
MU260724P00815000,14140,1.0557298190307618,36.6,4029.0,-30727979.869264327,0.0030152294229466,-0.3603601277554618,848.9500122070312,11165.0,1.028569310302735,36.725,4186.0,-23194431.59488749,0.0028537984696514,-0.3509698622630208,853.2000122070312,2975.0,0.02716050872802689,-0.125,-7533548.274376836,LIKELY_CUSTOMER_BUY,65.0,IV up; option price down; volume confirms,7533548.274376836,MU
MU260717C00850000,5276,0.2540357800292969,3.5,20907.0,133975412.27267884,0.0352335235667596,0.4688871729417166,848.9500122070312,2640.0,0.7698387274169922,21.0,21992.0,22150499.52048872,0.0115259807969439,0.5462214122150624,853.2000122070312,2636.0,-0.5158029473876953,-17.5,111824912.75219011,LIKELY_CUSTOMER_SELL,95.0,IV down; option price down; volume confirms,111824912.75219011,MU
MU260821C01500000,7519,1.0159961309814454,5.3,856.0,2110108.9013598925,0.0003893861919282,0.0505276175451372,848.9500122070312,5015.0,0.9721682470703124,4.675,3678.0,1357766.8910898117,0.0003719226014768,0.0462414482195621,853.2000122070312,2504.0,0.043827883911133014,0.625,752342.0102700808,LIKELY_CUSTOMER_BUY,95.0,IV up; option price up,-752342.0102700808,MU
MU260717P00680000,3974,1.25000375,0.005,449.0,-58140.93983192166,2.029971530433629e-05,-0.0003062606523244,848.9500122070312,1641.0,1.3203158984375,0.255,3031.0,-32727.909013297605,2.7397313046333304e-05,-0.0004510542995909,853.2000122070312,2333.0,-0.0703121484375,-0.25,-25413.030818624058,LIKELY_CUSTOMER_SELL,95.0,IV down; option price down,-25413.030818624058,MU
MU260724P00820000,8343,1.0572556903076171,38.85,2231.0,-18362345.14141492,0.0030538075521922,-0.3762221326259194,848.9500122070312,6627.0,1.0175220022583007,38.3,2125.0,-14110668.336350763,0.0029250204553465,-0.3651928237435076,853.2000122070312,1716.0,0.03973368804931643,0.5500000000000043,-4251676.8050641585,LIKELY_CUSTOMER_BUY,95.0,IV up; option price up; volume confirms,4251676.8050641585,MU
MU260717C00880000,2471,0.2500075,0.005,31742.0,1539335.8991997216,0.0008643634903792,0.0031655153623552,848.9500122070312,857.0,0.7273586834716796,8.2,12049.0,5606155.440512256,0.0089863350562298,0.2146338823980712,853.2000122070312,1614.0,-0.47735118347167965,-8.194999999999999,-4066819.5413125344,LIKELY_CUSTOMER_SELL,95.0,IV down; option price down; volume confirms,-4066819.5413125344,MU
MU260717P00800000,16200,0.46680220703125,0.04,28485.0,-11239473.125295796,0.0009626462000851,-0.0071961782260604,848.9500122070312,14624.0,0.8419205261230469,4.025,17607.0,-37473696.0964411,0.0035201295428159,-0.068706766421832,853.2000122070312,1576.0,-0.3751183190917969,-3.9850000000000003,26234222.971145302,LIKELY_CUSTOMER_SELL,95.0,IV down; option price down; volume confirms,26234222.971145302,MU
MU260717P00845000,2627,0.2503737072753906,2.45,9213.0,-63380684.4076367,0.0334759271393081,-0.3554004255184058,848.9500122070312,1068.0,0.733279034423828,14.575,6156.0,-9123198.464381091,0.0117347587042445,-0.3921726344394912,853.2000122070312,1559.0,-0.4829053271484374,-12.125,-54257485.94325561,LIKELY_CUSTOMER_SELL,95.0,IV down; option price down; volume confirms,-54257485.94325561,MU
MU260717C00870000,2195,0.1914143359375,0.015,29603.0,3886522.085803484,0.0024567579924696,0.0075770006766354,848.9500122070312,656.0,0.7523218127441407,11.9,11683.0,5070913.046262229,0.0106189265824085,0.3182121451953884,853.2000122070312,1539.0,-0.5609074768066407,-11.885,-1184390.9604587448,LIKELY_CUSTOMER_SELL,95.0,IV down; option price down; volume confirms,-1184390.9604587448,MU
MU260717C00950000,7244,0.6562534375000001,0.005,8548.0,358993.7774767356,6.876132574344276e-05,0.0005696825078257,848.9500122070312,5723.0,0.7480493945312501,0.495,11646.0,1223234.3383758434,0.000293619038459,0.0032412065569621,853.2000122070312,1521.0,-0.09179595703124999,-0.49,-864240.5608991077,LIKELY_CUSTOMER_SELL,95.0,IV down; option price down; volume confirms,-864240.5608991077,MU
MU260724P00790000,7302,1.0787704753112792,27.875,1542.0,-14139192.292702002,0.0026866960355286,-0.2872072633269529,848.9500122070312,5803.0,1.0496873687744142,28.125,2313.0,-10751376.495358009,0.0025451289670718,-0.2814365677863525,853.2000122070312,1499.0,0.029083106536865078,-0.25,-3387815.7973439936,LIKELY_CUSTOMER_BUY,65.0,IV up; option price down; volume confirms,3387815.7973439936,MU
MU260717C00890000,3369,0.3203192968749999,0.005,29535.0,1344550.002216949,0.0005537474112861,0.0025431481278302,848.9500122070312,1962.0,0.727541787109375,5.8,5033.0,9713894.86186329,0.006801311869193,0.1385275025654821,853.2000122070312,1407.0,-0.4072224902343751,-5.795,-8369344.859646342,LIKELY_CUSTOMER_SELL,95.0,IV down; option price down; volume confirms,-8369344.859646342,MU
MU260717C00875000,1510,0.2500075,0.02,33057.0,2808960.399614126,0.0025810976267794,0.0108752777681995,848.9500122070312,109.0,0.7335231726074218,9.8,8216.0,789842.6608579187,0.0099543380002196,0.2626902908192058,853.2000122070312,1401.0,-0.48351567260742184,-9.780000000000001,2019117.7387562073,LIKELY_CUSTOMER_SELL,95.0,IV down; option price down; volume confirms,2019117.7387562073,MU
MU260717C00920000,2635,0.51562984375,0.005,31221.0,413322.131607434,0.0002176425487284,0.0015361176844307,848.9500122070312,1273.0,0.7202176416015625,1.6800000000000002,6165.0,1625719.083561929,0.0017543465781426,0.0239747703767143,853.2000122070312,1362.0,-0.20458779785156256,-1.6750000000000003,-1212396.951954495,LIKELY_CUSTOMER_SELL,95.0,IV down; option price down; volume confirms,-1212396.951954495,MU
MU260717P00590000,3544,2.000005,0.005,899.0,-22625.404405617017,8.858055549986358e-06,-0.0002083159349118,848.9500122070312,2196.0,1.8125009375,0.0849999999999999,1864.0,-3397.23831176664,2.1251616558454794e-06,-4.129755623838438e-05,853.2000122070312,1348.0,0.18750406249999974,-0.07999999999999989,-19228.166093850377,LIKELY_CUSTOMER_BUY,65.0,IV up; option price down; volume confirms,19228.166093850377,MU
MU260717C01175000,1661,1.75000125,0.005,242.0,13372.386373993131,1.1170562584141653e-05,0.0002314795359571,848.9500122070312,346.0,1.5800802246093748,0.11,1880.0,940.6793387421015,3.734769473740247e-06,6.489853066384963e-05,853.2000122070312,1315.0,0.16992102539062515,-0.105,12431.707035251029,LIKELY_CUSTOMER_BUY,65.0,IV up; option price down,-12431.707035251029,MU
MU260717C00930000,5551,0.5468795312500001,0.005,11371.0,435502.3898213689,0.0001088566781638,0.0007692069942238,848.9500122070312,4399.0,0.7263210961914062,1.105,4836.0,3167133.5739174183,0.000989032839907,0.0123762087799694,853.2000122070312,1152.0,-0.17944156494140606,-1.1,-2731631.1840960495,LIKELY_CUSTOMER_SELL,95.0,IV down; option price down; volume confirms,-2731631.1840960495,MU
MU260717C00860000,1457,0.2107012524414062,0.44,17927.0,22907364.39673739,0.0218148049776564,0.123606917139218,848.9500122070312,381.0,0.7404811108398437,15.525,8981.0,3290616.6203373973,0.0118645318155507,0.4275521475177373,853.2000122070312,1076.0,-0.5297798583984374,-15.085,19616747.776399992,LIKELY_CUSTOMER_SELL,95.0,IV down; option price down; volume confirms,19616747.776399992,MU
MU260717P00785000,1646,0.5273484765625001,0.015,2480.0,-342950.77246554993,0.0002890930937039,-0.0021514787632611,848.9500122070312,579.0,0.8592543371582031,2.3200000000000003,2014.0,-752318.7265403162,0.0017849317000501,-0.0302401745472521,853.2000122070312,1067.0,-0.33190586059570304,-2.305,409367.9540747663,LIKELY_CUSTOMER_SELL,95.0,IV down; option price down; volume confirms,409367.9540747663,MU
MU260717C02000000,7427,4.312504609374999,0.005,2953.0,12641.049045602467,2.361595184608318e-06,0.0001153238624368,848.9500122070312,6364.0,3.0000025,0.005,2953.0,8.583777431147976,1.8528769186200134e-09,4.4956291322109086e-08,853.2000122070312,1063.0,1.3125021093749991,0.0,12632.46526817132,LIKELY_CUSTOMER_BUY,80.0,IV up; volume confirms,-12632.46526817132,MU
MU260724P00700000,4380,1.1935465127563476,9.475,2278.0,-4086083.277919612,0.0012944010762188,-0.1048377378713425,848.9500122070312,3348.0,1.1375775543212892,9.3,1747.0,-3041712.076038252,0.0012480470172616,-0.1030126123751677,853.2000122070312,1032.0,0.05596895843505845,0.17499999999999893,-1044371.2018813598,LIKELY_CUSTOMER_BUY,95.0,IV up; option price up; volume confirms,1044371.2018813598,MU
MU260720C00940000,1140,0.6650424121093752,1.98,1211.0,1630304.9521277735,0.0019842653954626,0.0490479942049117,848.9500122070312,138.0,0.7194852270507812,4.675,1435.0,288076.59599031584,0.0028676568681585,0.1069600457282837,853.2000122070312,1002.0,-0.054442814941406015,-2.695,1342228.3561374578,LIKELY_CUSTOMER_SELL,95.0,IV down; option price down; volume confirms,1342228.3561374578,MU
MU260717P00850000,8305,0.2313309289550781,4.35,41779.0,-231420513.1979912,0.0386632161774787,-0.5346549030538658,848.9500122070312,7327.0,0.7369411071777343,16.975,26206.0,-64194463.99684504,0.0120356535921589,-0.4524223268285864,853.2000122070312,978.0,-0.5056101782226562,-12.625000000000002,-167226049.20114616,LIKELY_CUSTOMER_SELL,95.0,IV down; option price down; volume confirms,-167226049.20114616,MU
MU260717P00815000,13243,0.3740296972656249,0.0849999999999999,5558.0,-25256832.64985073,0.0026462341500165,-0.0178634227330596,848.9500122070312,12266.0,0.7949239257812499,6.125,6048.0,-53332040.587623104,0.0059728764945162,-0.1304379102236145,853.2000122070312,977.0,-0.420894228515625,-6.04,28075207.937772375,LIKELY_CUSTOMER_SELL,95.0,IV down; option price down; volume confirms,28075207.937772375,MU
MU260717P00650000,9892,1.5781271093749998,0.01,2395.0,-189941.11488519155,2.6642233932754464e-05,-0.000527755448772,848.9500122070312,8918.0,1.439455927734375,0.135,3066.0,-51645.51302010118,7.95542566081715e-06,-0.000131378115297,853.2000122070312,974.0,0.13867118164062475,-0.125,-138295.60186509037,LIKELY_CUSTOMER_BUY,65.0,IV up; option price down; volume confirms,138295.60186509037,MU
MU260717P00700000,11572,1.09375453125,0.005,2171.0,-211207.1374916945,2.5324211255951057e-05,-0.0003365152112489,848.9500122070312,10628.0,1.197269638671875,0.305,4583.0,-354790.55028213083,4.585838882800504e-05,-0.0007083803501087,853.2000122070312,944.0,-0.10351510742187497,-0.3,143583.41279043633,LIKELY_CUSTOMER_SELL,95.0,IV down; option price down; volume confirms,143583.41279043633,MU
MU260717C01100000,9403,1.4375028125,0.005,1150.0,128963.0829280364,1.9029822291678013e-05,0.0003320346231801,848.9500122070312,8470.0,1.21484767578125,0.06,3481.0,17688.633225894195,2.868858714270918e-06,3.715159481447624e-05,853.2000122070312,933.0,0.22265513671874992,-0.055,111274.4497021422,LIKELY_CUSTOMER_BUY,65.0,IV up; option price down; volume confirms,-111274.4497021422,MU
MU260717C00840000,1389,0.4373835559082031,11.0,14749.0,18319758.767682634,0.018300091747629,0.6840925371661797,848.9500122070312,495.0,0.7704490728759765,26.575000000000003,3798.0,3841946.372932712,0.0106621403160925,0.658921536318818,853.2000122070312,894.0,-0.3330655169677734,-15.575000000000003,14477812.394749923,LIKELY_CUSTOMER_SELL,95.0,IV down; option price down; volume confirms,14477812.394749923,MU
MU260717C01155000,1897,1.6875015625,0.005,104.0,19596.55394242561,1.4333364282163882e-05,0.0002908941658219,848.9500122070312,1038.0,1.2656286718749998,0.015,952.0,180.78977814468567,2.392625969943338e-07,2.8531042091190583e-06,853.2000122070312,859.0,0.4218728906250002,-0.009999999999999998,19415.764164280925,LIKELY_CUSTOMER_BUY,65.0,IV up; option price down,-19415.764164280925,MU
MU260717P00610000,2192,1.8125009375,0.005,845.0,-15257.490685572213,9.657802632090408e-06,-0.0002056558336862,848.9500122070312,1337.0,1.60547072265625,0.06,1040.0,-1571.0059401444155,1.6141530605805372e-06,-2.716642620370635e-05,853.2000122070312,855.0,0.20703021484375017,-0.055,-13686.484745427797,LIKELY_CUSTOMER_BUY,65.0,IV up; option price down; volume confirms,13686.484745427797,MU
MU260724C00900000,1541,1.0177051068115237,30.875,9676.0,3497042.707900919,0.0031487201228864,0.3675236456755653,848.9500122070312,746.0,0.9783327362060548,33.475,2342.0,1680834.7006759804,0.0030951697482761,0.3858245985679667,853.2000122070312,795.0,0.03937237060546894,-2.6000000000000014,1816208.0072249386,LIKELY_CUSTOMER_BUY,65.0,IV up; option price down; volume confirms,-1816208.0072249386,MU
MU260717P00630000,7755,1.65625171875,0.005,465.0,-69766.17761827886,1.2482422816559556e-05,-0.0002457970434874,848.9500122070312,6968.0,1.5761739941406248,0.125,1346.0,-28569.75461851625,5.632441144654235e-06,-0.0001001660173632,853.2000122070312,787.0,0.08007772460937534,-0.12,-41196.42299976261,LIKELY_CUSTOMER_BUY,65.0,IV up; option price down; volume confirms,41196.42299976261,MU
MU260731P00595000,11560,1.3231845364379882,8.175,39.0,-4852897.925804031,0.0005824774069911,-0.0658938084903338,848.9500122070312,10840.0,1.2302284582519531,6.699999999999999,2096.0,-4269732.424575641,0.0005410902038629,-0.0574524184483632,853.2000122070312,720.0,0.09295607818603502,1.4750000000000014,-583165.5012283903,LIKELY_CUSTOMER_BUY,95.0,IV up; option price up,583165.5012283903,MU
MU260717P00770000,2307,0.6757844921875001,0.025,3029.0,-463046.7688614367,0.0002784921934112,-0.0027155031173744,848.9500122070312,1609.0,0.9016123120117188,1.455,1893.0,-1031785.201011414,0.0008809100087123,-0.0139011598030075,853.2000122070312,698.0,-0.22582781982421862,-1.4300000000000002,568738.4321499774,LIKELY_CUSTOMER_SELL,95.0,IV down; option price down; volume confirms,568738.4321499774,MU
MU260717C00855000,767,0.233406103515625,1.445,10297.0,18114026.473081224,0.0327684120701052,0.2856383386430451,848.9500122070312,80.0,0.7687401055908205,18.5,5631.0,676438.6320803994,0.0116154679185954,0.4882197202316185,853.2000122070312,687.0,-0.5353340020751955,-17.055,17437587.841000825,LIKELY_CUSTOMER_SELL,95.0,IV down; option price down; volume confirms,17437587.841000825,MU
MU260821P00700000,9558,1.0207873667907716,41.275000000000006,2704.0,-7551876.105356928,0.0010962853041925,-0.2175486023989874,848.9500122070312,8918.0,0.992034991760254,39.150000000000006,1666.0,-7054039.461778773,0.001086597523483,-0.2107884586199978,853.2000122070312,640.0,0.02875237503051764,2.125,-497836.64357815497,LIKELY_CUSTOMER_BUY,95.0,IV up; option price up; volume confirms,497836.64357815497,MU
MU260724P00650000,2556,1.2503699591064452,4.574999999999999,2495.0,-1317536.982991901,0.0007152168330818,-0.0512219050281455,848.9500122070312,1929.0,1.2071572845458982,4.775,1593.0,-994971.1283425076,0.0007085598588028,-0.053008697253942,853.2000122070312,627.0,0.043212674560547004,-0.20000000000000107,-322565.85464939335,LIKELY_CUSTOMER_BUY,65.0,IV up; option price down; volume confirms,322565.85464939335,MU
MU260724C00905000,730,1.015080608215332,29.175,192.0,1636851.3825797385,0.0031111586041392,0.3523181524038034,848.9500122070312,117.0,0.9703982452392576,31.425,786.0,262310.19277223194,0.0030798360550557,0.3698184550682121,853.2000122070312,613.0,0.04468236297607453,-2.25,1374541.1898075065,LIKELY_CUSTOMER_BUY,65.0,IV up; option price down,-1374541.1898075065,MU
MU260724P00850000,7336,1.023930661621094,51.85,4435.0,-17481805.302126598,0.0033064557779869,-0.4730549891991716,848.9500122070312,6730.0,0.9956055126953124,51.475,3118.0,-15455736.7033983,0.0031548080512059,-0.4581325188180369,853.2000122070312,606.0,0.02832514892578153,0.375,-2026068.5987282973,LIKELY_CUSTOMER_BUY,95.0,IV up; option price up; volume confirms,2026068.5987282973,MU
MU260717C00865000,655,0.190437783203125,0.08,11471.0,3924559.764181335,0.0083135288685342,0.0312339206895986,848.9500122070312,49.0,0.7417018017578124,13.5,5602.0,406631.801992021,0.0113999659735761,0.3701073071910039,853.2000122070312,606.0,-0.5512640185546874,-13.42,3517927.962189314,LIKELY_CUSTOMER_SELL,95.0,IV down; option price down; volume confirms,3517927.962189314,MU
MU260724C00930000,877,1.002568463745117,21.7,649.0,1806218.703546178,0.0028576333385684,0.2803475336653018,848.9500122070312,299.0,0.9468083932495116,23.05,893.0,628044.5312205711,0.0028854765154056,0.2950980060405493,853.2000122070312,578.0,0.055760070495605496,-1.3500000000000014,1178174.172325607,LIKELY_CUSTOMER_BUY,65.0,IV up; option price down; volume confirms,-1178174.172325607,MU
MU260720C00930000,792,0.6543003320312502,2.59,2813.0,1463679.9434208614,0.0025642283793645,0.0665495710259374,848.9500122070312,236.0,0.7277248907470704,6.175,1132.0,583706.2828463002,0.0033976658022699,0.1383998976992512,853.2000122070312,556.0,-0.07342455871582021,-3.585,879973.6605745612,LIKELY_CUSTOMER_SELL,95.0,IV down; option price down; volume confirms,879973.6605745612,MU
MU260717C00940000,2391,0.6093789062500001,0.005,2780.0,164462.4207104169,9.543833725831024e-05,0.0007499614813716,848.9500122070312,1836.0,0.7414576635742187,0.765,2869.0,754366.3110262575,0.0005644271582574,0.0066765966859218,853.2000122070312,555.0,-0.1320787573242186,-0.76,-589903.8903158406,LIKELY_CUSTOMER_SELL,95.0,IV down; option price down; volume confirms,-589903.8903158406,MU
MU260720C00900000,856,0.6541782629394532,6.550000000000001,7842.0,3114764.319006945,0.0050487886229558,0.1712070400265718,848.9500122070312,321.0,0.7369411071777343,12.35,1947.0,1148112.4145491354,0.004913349690332,0.2585106357340127,853.2000122070312,535.0,-0.08276284423828106,-5.799999999999999,1966651.9044578096,LIKELY_CUSTOMER_SELL,95.0,IV down; option price down; volume confirms,1966651.9044578096,MU
MU260821P00800000,7534,0.9783937707519532,78.05,1842.0,-7893112.006420385,0.0014536451779214,-0.3593614416907098,848.9500122070312,7023.0,0.9538426246643066,75.375,2895.0,-7430122.732783016,0.0014533546792113,-0.3527623926869325,853.2000122070312,511.0,0.024551146087646636,2.674999999999997,-462989.2736373693,LIKELY_CUSTOMER_BUY,95.0,IV up; option price up; volume confirms,462989.2736373693,MU
MU260717C01180000,1602,1.78125109375,0.005,100.0,13469.908842688066,1.1666428052896471e-05,0.00024715903294,848.9500122070312,1093.0,1.484377578125,0.0499999999999999,706.0,933.7505655396616,1.1735700292720398e-06,1.787211327831667e-05,853.2000122070312,509.0,0.296873515625,-0.0449999999999999,12536.158277148405,LIKELY_CUSTOMER_BUY,65.0,IV up; option price down,-12536.158277148405,MU
MU260724P00630000,771,1.291019169921875,3.55,177.0,-309252.5386527884,0.0005565377880155,-0.0390309912910392,848.9500122070312,263.0,1.2561072351074216,3.875,667.0,-108067.34769089814,0.0005644650257209,-0.0419465158092018,853.2000122070312,508.0,0.034911934814453316,-0.3250000000000002,-201185.19096189024,LIKELY_CUSTOMER_BUY,65.0,IV up; option price down,201185.19096189024,MU
MU260717C01110000,4206,1.46875265625,0.005,237.0,48612.71935873985,1.6036751873294097e-05,0.0002827193071386,848.9500122070312,3732.0,1.21875390625,0.045,1256.0,4622.146987489191,1.7013764266943694e-06,2.1473147719738405e-05,853.2000122070312,474.0,0.24999875000000005,-0.04,43990.57237125066,LIKELY_CUSTOMER_BUY,65.0,IV up; option price down; volume confirms,-43990.57237125066,MU
MU260724P00840000,1379,1.0149585385131834,46.225,411.0,-3285074.7189953914,0.0033053446328087,-0.4399329394781357,848.9500122070312,917.0,1.0063526245117185,46.975,898.0,-2059430.1416587147,0.0030851481446183,-0.426601922663619,853.2000122070312,462.0,0.008605914001464932,-0.75,-1225644.5773366767,LIKELY_CUSTOMER_BUY,65.0,IV up; option price down; volume confirms,1225644.5773366767,MU
MU260724P00805000,1837,1.062687792053223,32.8,799.0,-3837533.004044218,0.0028985362051878,-0.3299662183131826,848.9500122070312,1386.0,1.029545867919922,32.725,862.0,-2779924.7178384745,0.002755294966652,-0.3215090196529007,853.2000122070312,451.0,0.03314192413330086,0.07499999999999574,-1057608.2862057434,LIKELY_CUSTOMER_BUY,95.0,IV up; option price up; volume confirms,1057608.2862057434,MU
MU260717C01000000,9938,0.937500625,0.005,4937.0,286220.9593580342,3.996117070206423e-05,0.0004659263440208,848.9500122070312,9495.0,0.867188828125,0.13,14177.0,171395.2279780905,2.47971660938505e-05,0.0002577711162214,853.2000122070312,443.0,0.070311796875,-0.125,114825.7313799437,LIKELY_CUSTOMER_BUY,65.0,IV up; option price down; volume confirms,-114825.7313799437,MU
MU260717P00780000,3601,0.5937540625000001,0.025,4142.0,-907799.3996625178,0.0003497860877312,-0.0030289854535818,848.9500122070312,3161.0,0.8833019482421874,2.08,4907.0,-3371663.496384077,0.0014652712290281,-0.0246716067168363,853.2000122070312,440.0,-0.28954788574218737,-2.055,2463864.096721559,LIKELY_CUSTOMER_SELL,95.0,IV down; option price down; volume confirms,2463864.096721559,MU
MU260717P00775000,1495,0.632816171875,0.025,2246.0,-328503.255693424,0.0003048837289906,-0.0027912972550404,848.9500122070312,1063.0,0.8903819555664061,1.725,5151.0,-877098.661588302,0.0011334789985397,-0.0183835333135489,853.2000122070312,432.0,-0.25756578369140604,-1.7000000000000002,548595.405894878,LIKELY_CUSTOMER_SELL,95.0,IV down; option price down; volume confirms,548595.405894878,MU
MU260717P00795000,1226,0.5097705273437501,0.03,2785.0,-721927.3994790224,0.0008170315306048,-0.0066031043100082,848.9500122070312,796.0,0.8502212243652343,3.4,1234.0,-1659622.6400074882,0.0028641422052086,-0.0534479605904302,853.2000122070312,430.0,-0.3404506970214842,-3.37,937695.2405284658,LIKELY_CUSTOMER_SELL,95.0,IV down; option price down; volume confirms,937695.2405284658,MU
MU260717C00905000,1795,0.42188078125,0.005,15189.0,436107.09576873714,0.0003371044319453,0.0019928479226919,848.9500122070312,1376.0,0.7175321215820312,3.14,2552.0,3764964.661638087,0.0037587268330613,0.0608518586744687,853.2000122070312,419.0,-0.29565134033203117,-3.1350000000000002,-3328857.56586935,LIKELY_CUSTOMER_SELL,95.0,IV down; option price down; volume confirms,-3328857.56586935,MU
MU260717P00450000,5594,3.3750015625,0.005,81.0,-12198.76347530929,3.025722612201653e-06,-0.0001156548384338,848.9500122070312,5202.0,2.6250034375,0.015,735.0,-182.3593389737545,4.8156615367896e-08,-1.147072660856452e-06,853.2000122070312,392.0,0.7499981249999998,-0.009999999999999998,-12016.404136335535,LIKELY_CUSTOMER_BUY,65.0,IV up; option price down,12016.404136335535,MU
MU260724P00530000,941,1.5168481188964842,0.975,404.0,-95572.22075199329,0.0001409216814011,-0.0093494755762297,848.9500122070312,551.0,1.4477566674804687,1.0,429.0,-57609.46224320231,0.0001436284641448,-0.0098340175109257,853.2000122070312,390.0,0.06909145141601547,-0.025000000000000022,-37962.758508790976,LIKELY_CUSTOMER_BUY,65.0,IV up; option price down; volume confirms,37962.758508790976,MU
MU260724P00600000,1815,1.3569368090820313,2.4400000000000004,1826.0,-493446.09020965896,0.0003772235909825,-0.0258879558370842,848.9500122070312,1426.0,1.2833287786865233,2.34,613.0,-379657.93427100405,0.0003657389796113,-0.0254303072992384,853.2000122070312,389.0,0.073608030395508,0.10000000000000053,-113788.1559386549,LIKELY_CUSTOMER_BUY,95.0,IV up; option price up; volume confirms,113788.1559386549,MU
MU260722C01000000,551,0.9067392138671876,3.85,1201.0,583972.8503786304,0.0014705399248924,0.0687982803898726,848.9500122070312,163.0,0.8735974554443358,4.95,1618.0,197645.98054820517,0.0016657072510976,0.0876188974734109,853.2000122070312,388.0,0.03314175842285183,-1.1,386326.86983042525,LIKELY_CUSTOMER_BUY,65.0,IV up; option price down; volume confirms,-386326.86983042525,MU
MU260724P00620000,563,1.2752721783447265,2.72,158.0,-187137.3445801515,0.0004611984404059,-0.0305890682614465,848.9500122070312,176.0,1.2675817871093749,3.32,487.0,-63193.07080683747,0.0004932363624209,-0.0359431969106993,853.2000122070312,387.0,0.007690391235351646,-0.5999999999999996,-123944.27377331402,LIKELY_CUSTOMER_BUY,65.0,IV up; option price down,123944.27377331402,MU
MU260724C00950000,988,1.0031788122558591,17.25,6734.0,1839121.3234484568,0.0025827906014761,0.2313134438901521,848.9500122070312,614.0,0.9475713250732424,18.4,1433.0,1174441.4301923455,0.002627612299725,0.2451982225345875,853.2000122070312,374.0,0.055607487182616766,-1.1499999999999986,664679.8932561113,LIKELY_CUSTOMER_BUY,65.0,IV up; option price down; volume confirms,-664679.8932561113,MU
MU260717P00612500,463,1.8125009375,0.005,76.0,-3749.4093627225407,1.1236152649283176e-05,-0.0002418662588095,848.9500122070312,90.0,1.6328143359374998,0.08,440.0,-163.68432298162682,2.4984051763673817e-06,-4.388401081401039e-05,853.2000122070312,373.0,0.17968660156250027,-0.075,-3585.725039740914,LIKELY_CUSTOMER_BUY,65.0,IV up; option price down,3585.725039740914,MU
MU260717P00490000,1684,3.3437516406249994,0.025,65.0,-17779.7972113925,1.4649421614566898e-05,-0.0006225972327765,848.9500122070312,1316.0,2.2187544531249994,0.01,586.0,-32.45099272729607,3.3874304866896486e-08,-6.677616032346734e-07,853.2000122070312,368.0,1.1249971875,0.015000000000000001,-17747.346218665203,LIKELY_CUSTOMER_BUY,95.0,IV up; option price up,17747.346218665203,MU
MU260821P00750000,3350,0.9975891354370116,57.65,1336.0,-3125577.383245042,0.001294557099578,-0.2850030002315338,848.9500122070312,2985.0,0.969055485229492,55.05,1590.0,-2807269.928446289,0.001291927468273,-0.2780163105004174,853.2000122070312,365.0,0.028533650207519523,2.6000000000000014,-318307.4547987529,LIKELY_CUSTOMER_BUY,95.0,IV up; option price up; volume confirms,318307.4547987529,MU
MU260720C00860000,377,0.6682772430419923,18.725,2108.0,2074451.697177489,0.0076348013016053,0.4294669837109031,848.9500122070312,26.0,0.7654442401123047,27.325000000000003,948.0,110284.595434445,0.0058269299940634,0.4786537403421509,853.2000122070312,351.0,-0.0971669970703124,-8.600000000000001,1964167.101743044,LIKELY_CUSTOMER_SELL,95.0,IV down; option price down; volume confirms,1964167.101743044,MU
MU260731C00945000,431,1.0689438642883302,38.6,310.0,643659.3217797746,0.0020721183433106,0.34458387918989,848.9500122070312,82.0,1.0210620236206056,39.175,382.0,125341.01748494344,0.0020997986757719,0.3511340562906667,853.2000122070312,349.0,0.04788184066772461,-0.5749999999999957,518318.3042948312,LIKELY_CUSTOMER_BUY,65.0,IV up; option price down; volume confirms,-518318.3042948312,MU
MU260717C00960000,2205,0.7187528125,0.005,1413.0,102305.43196449368,6.437627771027479e-05,0.000585349392081,848.9500122070312,1857.0,0.75586181640625,0.32,2267.0,200867.2528873014,0.0001485920349534,0.0015459423677822,853.2000122070312,348.0,-0.03710900390625005,-0.315,-98561.82092280773,LIKELY_CUSTOMER_SELL,95.0,IV down; option price down; volume confirms,-98561.82092280773,MU
MU260717C01215000,472,2.1718795703125,0.025,7.0,11667.936639245185,3.429950287986122e-05,0.0009816190604958,848.9500122070312,129.0,1.74609501953125,0.125,415.0,324.54489654180645,3.456076666979939e-06,6.645651101266263e-05,853.2000122070312,343.0,0.4257845507812501,-0.1,11343.391742703378,LIKELY_CUSTOMER_BUY,65.0,IV up; option price down,-11343.391742703378,MU
MU260814P00800000,2575,0.9999084481811524,69.95,1127.0,-2947178.028798639,0.001588052660306,-0.3579311652547772,848.9500122070312,2234.0,0.9713290220642088,67.35,432.0,-2580257.7915090257,0.0015866393588839,-0.3506172993308502,853.2000122070312,341.0,0.02857942611694364,2.6000000000000085,-366920.2372896131,LIKELY_CUSTOMER_BUY,95.0,IV up; option price up; volume confirms,366920.2372896131,MU
MU260717P00805000,3016,0.4335994140625,0.04,4975.0,-2789374.8837914253,0.0012832501126931,-0.0091771826192582,848.9500122070312,2676.0,0.8177508459472655,4.5,1751.0,-8182899.14014808,0.0042006779117481,-0.0834013526731429,853.2000122070312,340.0,-0.3841514318847655,-4.46,5393524.256356655,LIKELY_CUSTOMER_SELL,95.0,IV down; option price down; volume confirms,5393524.256356655,MU
MU260717C00845000,377,0.3520572607421874,6.275,3762.0,6684085.134396935,0.0246000723726508,0.6057438925396387,848.9500122070312,40.0,0.7869284002685546,24.1,3758.0,319749.3794005062,0.0109811547782089,0.6016870481113018,853.2000122070312,337.0,-0.4348711395263672,-17.825000000000003,6364335.754996428,LIKELY_CUSTOMER_SELL,95.0,IV down; option price down; volume confirms,6364335.754996428,MU
MU260731P00625000,636,1.2720983660888667,10.75,59.0,-342922.8370049308,0.000748126527575,-0.0869205676567178,848.9500122070312,300.0,1.1947061749267578,9.3,495.0,-155374.5632735726,0.0007114706028421,-0.0788296595281596,853.2000122070312,336.0,0.07739219116210894,1.4499999999999993,-187548.27373135823,LIKELY_CUSTOMER_BUY,95.0,IV up; option price up,187548.27373135823,MU
MU260821C00890000,1796,1.00369760848999,89.575,310.0,1956832.8829180305,0.001511761105168,0.506308337790184,848.9500122070312,1465.0,0.9651034983825684,89.025,387.0,1644680.213016795,0.0015422051065516,0.5100694222479205,853.2000122070312,331.0,0.03859411010742164,0.5499999999999972,312152.6699012355,LIKELY_CUSTOMER_BUY,95.0,IV up; option price up; volume confirms,-312152.6699012355,MU
MU260731C01110000,553,1.0455980337524418,10.05,296.0,445498.5944471849,0.0011177816326979,0.1151827837536397,848.9500122070312,224.0,1.0013477667236328,10.175,472.0,185769.7428443328,0.0011392663122076,0.1176918512135157,853.2000122070312,329.0,0.044250267028808965,-0.125,259728.85160285208,LIKELY_CUSTOMER_BUY,65.0,IV up; option price down; volume confirms,-259728.85160285208,MU
MU260821P00105000,450,2.3203166992187496,0.125,509.0,-999.4392005311594,3.0816238593887065e-06,-0.0005312454748671,848.9500122070312,131.0,2.462894467773437,0.255,1552.0,-471.45397763012784,4.943861578285626e-06,-0.0009662518779293,853.2000122070312,319.0,-0.14257776855468718,-0.13,-527.9852229010315,LIKELY_CUSTOMER_SELL,95.0,IV down; option price down; volume confirms,-527.9852229010315,MU
MU260717P00627500,350,1.6875015625,0.005,593.0,-3288.870047489448,1.3038103715774377e-05,-0.0002627698191131,848.9500122070312,32.0,1.822266513671875,0.385,385.0,-543.9489608255133,2.33510528678348e-05,-0.0005375319218002,853.2000122070312,318.0,-0.13476495117187492,-0.38,-2744.921086663935,LIKELY_CUSTOMER_SELL,95.0,IV down; option price down; volume confirms,-2744.921086663935,MU
MU260717P00632500,405,1.625001875,0.005,279.0,-3477.286865958779,1.1913003219297176e-05,-0.0002290711137092,848.9500122070312,88.0,1.5566428417968747,0.125,345.0,-369.4062316453234,5.766600154922597e-06,-0.0001013533886918,853.2000122070312,317.0,0.0683590332031252,-0.12,-3107.8806343134556,LIKELY_CUSTOMER_BUY,65.0,IV up; option price down; volume confirms,3107.8806343134556,MU
MU260720P00800000,804,0.7259548889160157,7.775,3584.0,-2659172.093932324,0.0045890855927045,-0.1735417912801136,848.9500122070312,493.0,0.8145770495605469,11.725,1198.0,-1425768.461807331,0.0039728336304212,-0.2110498595551371,853.2000122070312,311.0,-0.08862216064453121,-3.9499999999999993,-1233403.632124993,LIKELY_CUSTOMER_SELL,95.0,IV down; option price down; volume confirms,-1233403.632124993,MU
MU260731C00900000,1030,1.080540485992432,53.425,966.0,1626709.4618444256,0.0021913337633356,0.4353070496574406,848.9500122070312,723.0,1.0394640312194827,54.825,740.0,1156428.5939865457,0.0021972466867622,0.4442284354517605,853.2000122070312,307.0,0.04107645477294919,-1.4000000000000057,470280.86785787996,LIKELY_CUSTOMER_BUY,65.0,IV up; option price down; volume confirms,-470280.86785787996,MU
MU260717P00637500,363,1.5937520312499998,0.005,219.0,-3495.90774883808,1.3362542544415756e-05,-0.000253744000356,848.9500122070312,57.0,1.484377578125,0.0999999999999999,361.0,-188.88106541947465,4.552100714020553e-06,-7.493322742291308e-05,853.2000122070312,306.0,0.10937445312499983,-0.09499999999999989,-3307.0266834186054,LIKELY_CUSTOMER_BUY,65.0,IV up; option price down; volume confirms,3307.0266834186054,MU
MU260717C00910000,3603,0.45313046875,0.005,25563.0,742556.7040126979,0.000285957257605,0.0017988116605819,848.9500122070312,3299.0,0.7192410888671875,2.575,6662.0,7148913.50521312,0.0029768436214681,0.045490407321974,853.2000122070312,304.0,-0.2661106201171875,-2.5700000000000003,-6406356.801200422,LIKELY_CUSTOMER_SELL,95.0,IV down; option price down; volume confirms,-6406356.801200422,MU
MU260731P00250000,1555,2.031254921875,0.08,116.0,-6187.697001959704,5.5212118052896574e-06,-0.0005266405232439,848.9500122070312,1259.0,2.048833002929688,0.12,297.0,-6846.5849778978645,7.47044661877274e-06,-0.0007698240728837,853.2000122070312,296.0,-0.017578081054688166,-0.039999999999999994,658.8879759381607,LIKELY_CUSTOMER_SELL,95.0,IV down; option price down,658.8879759381607,MU
MU260724C01300000,2549,1.1328168359375002,0.31,963.0,171902.44606690045,9.357244622128076e-05,0.004232770122968,848.9500122070312,2253.0,1.0639695239257816,0.3299999999999999,520.0,170471.13519153983,0.0001039412548182,0.0048099872882464,853.2000122070312,296.0,0.06884731201171856,-0.019999999999999907,1431.3108753606211,LIKELY_CUSTOMER_BUY,65.0,IV up; option price down; volume confirms,-1431.3108753606211,MU
MU260727P00780000,361,1.0211840933227545,29.475,24.0,-607021.8702822507,0.0023330975560603,-0.2768795285147156,848.9500122070312,65.0,0.9838563626098632,28.6,322.0,-107042.29456937053,0.0022622487008365,-0.2684062036766431,853.2000122070312,296.0,0.037327730712891305,0.875,-499979.5757128802,LIKELY_CUSTOMER_BUY,95.0,IV up; option price up,499979.5757128802,MU
MU260722P01100000,293,1.4653957394409178,250.6,294.0,-210652.1029209211,0.0009975483183424,-0.92241880919058,848.9500122070312,2.0,1.0799606549072267,249.45,294.0,-1043.0261478679668,0.0007164130600616,-0.9608762307475284,853.2000122070312,291.0,0.38543508453369113,1.1500000000000057,-209609.07677305315,LIKELY_CUSTOMER_BUY,95.0,IV up; option price up; volume confirms,209609.07677305315,MU
MU260720C00870000,303,0.6575351629638673,14.55,2618.0,1604262.4823008704,0.0073462983281912,0.3536251897819171,848.9500122070312,13.0,0.7550073327636719,22.700000000000003,1109.0,54858.05478433504,0.00579689381966,0.4200981398224255,853.2000122070312,290.0,-0.09747216979980466,-8.150000000000002,1549404.4275165354,LIKELY_CUSTOMER_SELL,95.0,IV down; option price down; volume confirms,1549404.4275165354,MU
MU260724P00760000,715,1.1296430236816408,20.425,419.0,-1132440.8175241656,0.0021975827377532,-0.2145790564565808,848.9500122070312,427.0,1.0675705801391606,19.575000000000003,651.0,-658932.0195154519,0.0021198787954146,-0.2071176046962096,853.2000122070312,288.0,0.062072443542480205,0.8499999999999979,-473508.79800871375,LIKELY_CUSTOMER_BUY,95.0,IV up; option price up; volume confirms,473508.79800871375,MU
MU260724C00880000,351,1.045414929199219,39.225,1667.0,809282.7000769445,0.003199108003643,0.4323337771733799,848.9500122070312,69.0,0.98202532623291,40.925,467.0,160099.23009958913,0.0031874137862794,0.4466984292357597,853.2000122070312,282.0,0.06338960296630902,-1.6999999999999957,649183.4699773554,LIKELY_CUSTOMER_BUY,65.0,IV up; option price down; volume confirms,-649183.4699773554,MU
MU260722C00995000,298,0.911011632080078,4.3,142.0,340328.0482456479,0.0015845912052614,0.0763114289851042,848.9500122070312,19.0,0.8706677972412109,5.325,309.0,24383.403980579,0.0017629460701697,0.0941543617206163,853.2000122070312,279.0,0.040343834838867054,-1.0250000000000004,315944.6442650689,LIKELY_CUSTOMER_BUY,65.0,IV up; option price down; volume confirms,-315944.6442650689,MU
MU260724C00800000,475,1.1194502035522458,82.375,458.0,931140.455927916,0.00271992762964,0.6792301747572362,848.9500122070312,199.0,1.0617417518615724,85.55,399.0,381466.25405717245,0.0026333060824068,0.6892623989529746,853.2000122070312,276.0,0.0577084516906734,-3.174999999999997,549674.2018707435,LIKELY_CUSTOMER_BUY,65.0,IV up; option price down; volume confirms,-549674.2018707435,MU
MU260717P00750000,5499,0.79687703125,0.015,4804.0,-504104.8739186118,0.0001271958491307,-0.0013739756134827,848.9500122070312,5223.0,0.9692385888671876,0.825,3022.0,-1293549.541727068,0.0003402211706771,-0.0051036642964849,853.2000122070312,276.0,-0.17236155761718763,-0.8099999999999999,789444.6678084561,LIKELY_CUSTOMER_SELL,95.0,IV down; option price down; volume confirms,789444.6678084561,MU
MU260720C00950000,466,0.6589389575195312,1.34,6122.0,479737.1113154231,0.0014284109186267,0.032361164105302,848.9500122070312,191.0,0.7286404089355469,3.8,875.0,335730.43981183885,0.0024146581000945,0.086123189536765,853.2000122070312,275.0,-0.06970145141601569,-2.46,144006.67150358425,LIKELY_CUSTOMER_SELL,95.0,IV down; option price down; volume confirms,144006.67150358425,MU
MU260717P00470000,3778,3.56250109375,0.025,18.0,-33271.56253086805,1.2219319083262872e-05,-0.0005479558879317,848.9500122070312,3505.0,2.3750040624999995,0.01,486.0,-71.50041020570131,2.8023269608786146e-08,-5.884878424566864e-07,853.2000122070312,273.0,1.1874970312500004,0.015000000000000001,-33200.06212066235,LIKELY_CUSTOMER_BUY,95.0,IV up; option price up,33200.06212066235,MU
MU260720C00850000,301,0.6864045031738282,23.825000000000003,1832.0,1637966.410786789,0.0075504747260066,0.5065962182846285,848.9500122070312,30.0,0.7754233883666993,32.45,1278.0,125259.49031359825,0.0057357165296232,0.5367615676482563,853.2000122070312,271.0,-0.08901888519287116,-8.625,1512706.9204731907,LIKELY_CUSTOMER_SELL,95.0,IV down; option price down; volume confirms,1512706.9204731907,MU
MU260814P00750000,452,1.011998348236084,49.55,267.0,-458036.3017940481,0.0014060385460096,-0.2765142970445315,848.9500122070312,183.0,0.9914551635742188,48.075,420.0,-184775.26533820675,0.0013870465577361,-0.2701303757907174,853.2000122070312,269.0,0.02054318466186511,1.4749999999999943,-273261.0364558414,LIKELY_CUSTOMER_BUY,95.0,IV up; option price up; volume confirms,273261.0364558414,MU
MU260729P00720000,269,1.1066023674011232,19.950000000000003,27.0,-295202.7487597218,0.0015226632963915,-0.1767137263504077,848.9500122070312,3.0,1.0709274969482423,19.375,327.0,-3223.75137345036,0.0014761774931226,-0.1715744799097955,853.2000122070312,266.0,0.03567487045288087,0.5750000000000028,-291978.9973862714,LIKELY_CUSTOMER_BUY,95.0,IV up; option price up,291978.9973862714,MU
DRAM260717C00055000,13485,0.4062559375,0.005,35986.0,1896076.01733006,0.0505887526141531,0.0241196944213358,52.720001220703125,1776.0,0.8632826171875,0.43,16897.0,461972.7284590178,0.0949523981966001,0.1418495444621366,52.34000015258789,11709.0,-0.4570266796875,-0.425,1434103.2888710422,LIKELY_CUSTOMER_SELL,95.0,IV down; option price down; volume confirms,1434103.2888710422,DRAM
DRAM260821C00070000,27832,1.0144092248535157,1.965,6204.0,1424236.578639177,0.0184114035223146,0.231706280089577,52.720001220703125,19903.0,0.9951172363281252,1.85,12364.0,995165.637995051,0.0182519550161029,0.2232080749561243,52.34000015258789,7929.0,0.01929198852539049,0.11499999999999999,429070.9406441259,LIKELY_CUSTOMER_BUY,95.0,IV up; option price up; volume confirms,-429070.9406441259,DRAM
DRAM260731C00060000,9883,1.0595750146484375,2.025,2225.0,878540.8441525699,0.0319832312654274,0.3042638670548362,52.720001220703125,2971.0,1.0537156689453124,2.015,8489.0,253043.0365670072,0.0310902561100783,0.2998248280591664,52.34000015258789,6912.0,0.005859345703125074,0.009999999999999787,625497.8075855627,LIKELY_CUSTOMER_BUY,95.0,IV up; option price up,-625497.8075855627,DRAM
DRAM260717P00045000,17712,1.1875040625,0.005,1014.0,-214822.50460454103,0.0043637649418014,-0.0049379002428755,52.720001220703125,11227.0,1.375003125,0.15,8003.0,-332078.51659765537,0.0107971620257234,-0.0163012663872753,52.34000015258789,6485.0,-0.18749906250000015,-0.145,117256.01199311434,LIKELY_CUSTOMER_SELL,95.0,IV down; option price down,117256.01199311434,DRAM
DRAM260717C00060000,21684,0.9687503125,0.005,281.0,372596.59186281945,0.0061822797937376,0.0058109257042444,52.720001220703125,15665.0,0.937500625,0.035,19658.0,149196.67368399617,0.0034766526466079,0.0029201234609285,52.34000015258789,6019.0,0.031249687500000012,-0.030000000000000002,223399.91817882328,LIKELY_CUSTOMER_BUY,65.0,IV up; option price down,-223399.91817882328,DRAM
DRAM260731C00059000,5177,1.0864303491210938,2.38,176.0,469446.7359602703,0.032625511971853,0.3389498462135827,52.720001220703125,69.0,1.0678757543945316,2.3150000000000004,5265.0,6048.0894009676185,0.0319964408765549,0.3308907762893064,52.34000015258789,5108.0,0.01855459472656218,0.0649999999999995,463398.64655930264,LIKELY_CUSTOMER_BUY,95.0,IV up; option price up,-463398.64655930264,DRAM
DRAM260731C00069000,5285,1.0664109179687502,0.665,45.0,266316.81552877463,0.0181302074823473,0.1196487776830181,52.720001220703125,381.0,1.0312548437500002,0.615,5194.0,18312.793341517343,0.0175453557998232,0.1132403811398209,52.34000015258789,4904.0,0.03515607421875,0.050000000000000044,248004.0221872573,LIKELY_CUSTOMER_BUY,95.0,IV up; option price up,-248004.0221872573,DRAM
DRAM260918P00050000,14803,0.9370123486328124,6.699999999999999,1078.0,-752662.3128118615,0.0182936180906049,-0.3637500494182388,52.720001220703125,9926.0,0.9426275268554688,6.949999999999999,5400.0,-497099.3419419091,0.0182810643851164,-0.3703213852059125,52.34000015258789,4877.0,-0.005615178222656447,-0.25,-255562.9708699524,LIKELY_CUSTOMER_SELL,95.0,IV down; option price down,-255562.9708699524,DRAM
DRAM260731P00050000,7972,1.0932662524414063,3.3,1369.0,-733520.9907465229,0.0331050640904239,-0.3588166748986477,52.720001220703125,4426.0,1.0971724829101563,3.6,5525.0,-394232.4076205944,0.0325142300035065,-0.3728788789745834,52.34000015258789,3546.0,-0.0039062304687500493,-0.30000000000000027,-339288.58312592853,LIKELY_CUSTOMER_SELL,95.0,IV down; option price down,-339288.58312592853,DRAM
DRAM260918P00048000,3628,0.975586181640625,6.0,72.0,-170049.5124990774,0.0168638717044487,-0.3259581372926891,52.720001220703125,283.0,0.9489751196289062,5.975,3559.0,-13533.164915808367,0.0174560307996225,-0.3320835927722152,52.34000015258789,3345.0,0.02661106201171881,0.025000000000000355,-156516.34758326903,LIKELY_CUSTOMER_BUY,95.0,IV up; option price up,156516.34758326903,DRAM
DRAM260821C00076000,3181,1.0263720556640623,1.295,33.0,130259.84033376,0.0147331648802777,0.1636022314258967,52.720001220703125,449.0,1.0053760668945313,1.205,3097.0,17813.74527576797,0.0144824306579929,0.1560350484847996,52.34000015258789,2732.0,0.020995988769531015,0.08999999999999986,112446.09505799203,LIKELY_CUSTOMER_BUY,95.0,IV up; option price up,-112446.09505799203,DRAM
DRAM260731C00070000,18396,1.0078174609375,0.4649999999999999,1479.0,809607.1107707268,0.0158343445107208,0.0917810010760351,52.720001220703125,15674.0,1.052739111328125,0.5800000000000001,12693.0,703961.3833797787,0.016394627534752,0.1060333883065844,52.34000015258789,2722.0,-0.04492165039062512,-0.11500000000000016,105645.7273909481,LIKELY_CUSTOMER_SELL,95.0,IV down; option price down; volume confirms,105645.7273909481,DRAM
DRAM260717P00043000,4539,1.5937520312499998,0.01,98.0,-52066.852554785655,0.0041271506257248,-0.0064594402108472,52.720001220703125,1855.0,1.4765651171875,0.075,3134.0,-17817.182074746725,0.0035061271761357,-0.0048927101794307,52.34000015258789,2684.0,0.1171869140624997,-0.065,-34249.67048003893,LIKELY_CUSTOMER_BUY,65.0,IV up; option price down,34249.67048003893,DRAM
DRAM260731P00052500,3511,1.0498094384765626,4.35,71.0,-356110.1667173789,0.0364924246477063,-0.4480449363094929,52.720001220703125,830.0,1.0800827246093752,4.800000000000001,3306.0,-78733.56515223572,0.0346269616337496,-0.4589634958501111,52.34000015258789,2681.0,-0.03027328613281255,-0.45000000000000107,-277376.60156514315,LIKELY_CUSTOMER_SELL,95.0,IV down; option price down,-277376.60156514315,DRAM
DRAM260717C00058000,4887,0.7500025,0.005,389.0,143845.99590908104,0.0105902110482179,0.007999252920293,52.720001220703125,2372.0,0.8398453515625,0.07,5226.0,77932.84705257186,0.0119932922994886,0.0104064654739798,52.34000015258789,2515.0,-0.08984285156249994,-0.065,65913.14885650919,LIKELY_CUSTOMER_SELL,95.0,IV down; option price down,65913.14885650919,DRAM
DRAM260717P00048000,6123,0.7500025,0.005,4449.0,-179056.8073319427,0.0105214538315656,-0.0079402139208646,52.720001220703125,3614.0,1.1328168359375002,0.33,4274.0,-418571.3978914975,0.0422779539272785,-0.0679375379517245,52.34000015258789,2509.0,-0.38281433593750014,-0.325,239514.59055955478,LIKELY_CUSTOMER_SELL,95.0,IV down; option price down; volume confirms,239514.59055955478,DRAM
DRAM260717P00047000,3801,0.87500125,0.005,1294.0,-70599.41454314212,0.0066827067939735,-0.0056562491999364,52.720001220703125,1422.0,1.1464886425781249,0.205,3129.0,-93565.09855320868,0.0240185532266536,-0.0339938373991696,52.34000015258789,2379.0,-0.27148739257812493,-0.19999999999999998,22965.684010066558,LIKELY_CUSTOMER_SELL,95.0,IV down; option price down; volume confirms,22965.684010066558,DRAM
DRAM260731C00068000,3113,1.0654343603515626,0.755,3097.0,169829.1071753794,0.0196282771911984,0.1339199873483936,52.720001220703125,763.0,1.0346727954101564,0.71,2649.0,39878.59814227893,0.0190786616460373,0.1281486899677428,52.34000015258789,2350.0,0.03076156494140614,0.04500000000000004,129950.50903310048,LIKELY_CUSTOMER_BUY,95.0,IV up; option price up; volume confirms,-129950.50903310048,DRAM
DRAM260724P00053500,2303,0.9794923925781251,3.475,357.0,-356872.311383614,0.0557529809046132,-0.5138786126719359,52.720001220703125,273.0,0.9619144433593748,3.8,2234.0,-39911.52718364138,0.0533664433504469,-0.5305166209869767,52.34000015258789,2030.0,0.017577949218750333,-0.32499999999999973,-316960.78419997264,LIKELY_CUSTOMER_BUY,65.0,IV up; option price down,316960.78419997264,DRAM
DRAM260821C00085000,6735,1.0751999365234377,0.7949999999999999,129.0,193171.90126535328,0.0103194257594226,0.1044434983502303,52.720001220703125,4778.0,1.0346727954101564,0.6799999999999999,3656.0,128881.23924250124,0.0098463692615212,0.0938159773552114,52.34000015258789,1957.0,0.04052714111328126,0.11499999999999999,64290.66202285205,LIKELY_CUSTOMER_BUY,95.0,IV up; option price up,-64290.66202285205,DRAM
DRAM260724P00052000,4273,1.0234423828125,2.815,3309.0,-624641.3627381959,0.0525953104613972,-0.4312073619609053,52.720001220703125,2379.0,1.0161182006835938,3.15,2641.0,-327670.0704146869,0.0502776410769751,-0.4505122617279551,52.34000015258789,1894.0,0.007324182128906287,-0.33499999999999996,-296971.292323509,LIKELY_CUSTOMER_BUY,65.0,IV up; option price down; volume confirms,296971.292323509,DRAM
DRAM260717P00042500,1968,2.5781285546875,0.15,102.0,-76675.4841136647,0.0140178242069248,-0.0479405302643424,52.720001220703125,163.0,1.5546897265624997,0.075,1812.0,-1419.5128532304668,0.0031789543080627,-0.0046446249630107,52.34000015258789,1805.0,1.0234388281250002,0.075,-75255.97126043423,LIKELY_CUSTOMER_BUY,95.0,IV up; option price up,75255.97126043423,DRAM
DRAM260717C00053000,2155,0.1914143359375,0.07,7211.0,3966572.871061557,0.6622429436167563,0.3040653849926434,52.720001220703125,380.0,0.86132951171875,1.035,4612.0,170454.25649633777,0.1637407649367946,0.4001437488386952,52.34000015258789,1775.0,-0.66991517578125,-0.9649999999999999,3796118.6145652193,LIKELY_CUSTOMER_SELL,95.0,IV down; option price down; volume confirms,3796118.6145652193,DRAM
DRAM260731C00052500,1696,1.1162153564453123,4.85,51.0,161682.0267996458,0.034299285525786,0.5538723974182327,52.720001220703125,7.0,1.1054732226562505,4.75,1769.0,648.5825559849928,0.0338220389021763,0.5421162595598614,52.34000015258789,1689.0,0.010742133789061858,0.09999999999999964,161033.4442436608,LIKELY_CUSTOMER_BUY,95.0,IV up; option price up,-161033.4442436608,DRAM
DRAM260731C00053000,1643,1.0756882153320313,4.45,2467.0,163402.0424205014,0.0357823693230712,0.534852814929711,52.720001220703125,29.0,1.081547561035156,4.425,1936.0,2756.8681957972226,0.0347016852387534,0.5239104182299491,52.34000015258789,1614.0,-0.00585934570312463,0.025000000000000355,160645.17422470418,LIKELY_CUSTOMER_SELL,65.0,IV down; option price up; volume confirms,160645.17422470418,DRAM
DRAM260821C00060000,23468,1.0273486132812502,4.15,20131.0,1509093.2048364694,0.0231360471527669,0.4069216303072296,52.720001220703125,21865.0,0.99804689453125,3.9,2097.0,1405792.399789741,0.0234695233906984,0.3949469598321616,52.34000015258789,1603.0,0.029301718750000205,0.25000000000000044,103300.80504672835,LIKELY_CUSTOMER_BUY,95.0,IV up; option price up; volume confirms,-103300.80504672835,DRAM
DRAM260821C00062000,37297,1.045659068603516,3.725,218.0,2296483.7985211257,0.0221533118988787,0.3718367211253518,52.720001220703125,35702.0,1.0297900073242188,3.575,2041.0,2168260.9879468195,0.0221692791076674,0.3632415869627716,52.34000015258789,1595.0,0.015869061279297325,0.1499999999999999,128222.81057430618,LIKELY_CUSTOMER_BUY,95.0,IV up; option price up,-128222.81057430618,DRAM
DRAM260731P00047000,1927,1.09375453125,2.115,162.0,-153132.8446279823,0.0285914257253182,-0.2577126743440996,52.720001220703125,726.0,1.1030318286132816,2.38,1330.0,-56612.48077097809,0.0284647993202858,-0.2741151090369095,52.34000015258789,1201.0,-0.009277297363281534,-0.2649999999999997,-96520.36385700421,LIKELY_CUSTOMER_SELL,95.0,IV down; option price down,-96520.36385700421,DRAM
DRAM260717P00046000,2528,1.0312548437500002,0.005,2103.0,-37652.35536734823,0.0053587593720166,-0.0053079025854789,52.720001220703125,1333.0,1.3398470507812497,0.22,1293.0,-68079.15927814417,0.0186430341614278,-0.0302075425602678,52.34000015258789,1195.0,-0.30859220703124945,-0.215,30426.80391079594,LIKELY_CUSTOMER_SELL,95.0,IV down; option price down; volume confirms,30426.80391079594,DRAM
DRAM260821P00050000,32380,1.0336962377929688,5.35,3823.0,-2009762.2832707304,0.0223314551866127,-0.367863124182831,52.720001220703125,31256.0,1.0048877880859377,5.4,2809.0,-1967785.118250888,0.0229814186576548,-0.3762956938920977,52.34000015258789,1124.0,0.028808449707031114,-0.05000000000000071,-41977.16501984233,LIKELY_CUSTOMER_BUY,65.0,IV up; option price down; volume confirms,41977.16501984233,DRAM
DRAM260717C00054000,1455,0.3632876171875,0.03,6288.0,740217.5172753173,0.1830398039165684,0.1063278085664739,52.720001220703125,344.0,0.8281267187499999,0.635,4906.0,130054.67448656776,0.1380066725181899,0.2431768168654086,52.34000015258789,1111.0,-0.46483910156249986,-0.605,610162.8427887496,LIKELY_CUSTOMER_SELL,95.0,IV down; option price down; volume confirms,610162.8427887496,DRAM
DRAM260724P00046000,1306,1.1025435498046878,0.905,1125.0,-111907.25725317784,0.0308293417112031,-0.1649287207059474,52.720001220703125,244.0,1.09375453125,1.1,1188.0,-21291.75815722867,0.0318532873277932,-0.1884095339902475,52.34000015258789,1062.0,0.008789018554687722,-0.19500000000000006,-90615.49909594917,LIKELY_CUSTOMER_BUY,65.0,IV up; option price down; volume confirms,90615.49909594917,DRAM
DRAM260807P00049500,1065,1.0166064794921876,3.625,50.0,-85137.87277231943,0.0287622173463638,-0.3483379130297321,52.720001220703125,36.0,1.0473680444335938,4.025,1066.0,-2744.9275724793465,0.0278330596117927,-0.3613307881093732,52.34000015258789,1029.0,-0.03076156494140614,-0.40000000000000036,-82392.94519984009,LIKELY_CUSTOMER_SELL,95.0,IV down; option price down,-82392.94519984009,DRAM
DRAM260717C00056500,1384,0.5625043750000001,0.005,406.0,64968.16649796009,0.0168893796081692,0.0098128604734839,52.720001220703125,364.0,0.8164080859374999,0.16,1227.0,37412.38605498928,0.0375185965414581,0.0387154680188011,52.34000015258789,1020.0,-0.25390371093749986,-0.155,27555.780442970812,LIKELY_CUSTOMER_SELL,95.0,IV down; option price down,27555.780442970812,DRAM
DRAM260717C00051000,1515,0.8632826171875,2.035,4450.0,528655.1318568616,0.125547768032943,0.7760961269240945,52.720001220703125,496.0,0.9062509375,2.155,1076.0,185303.21989647276,0.1363747131844792,0.7166024332130297,52.34000015258789,1019.0,-0.042968320312499975,-0.11999999999999966,343351.9119603889,LIKELY_CUSTOMER_SELL,95.0,IV down; option price down; volume confirms,343351.9119603889,DRAM
DRAM260724P00051500,1108,1.0122119702148438,2.54,1252.0,-161425.59839823443,0.0524181659372091,-0.4041626871654252,52.720001220703125,94.0,1.0366259106445317,2.965,1097.0,-12565.70333501316,0.0487968187319882,-0.4254894050388708,52.34000015258789,1014.0,-0.02441394042968792,-0.4249999999999998,-148859.89506322128,LIKELY_CUSTOMER_SELL,95.0,IV down; option price down; volume confirms,-148859.89506322128,DRAM
DRAM260731P00066000,7573,0.9023447265625,13.85,1309.0,-452337.118595608,0.021490347945969,-0.8798465909443535,52.720001220703125,6580.0,1.059086735839844,14.65,1034.0,-401691.2563774351,0.0222843025303386,-0.8327476914963862,52.34000015258789,993.0,-0.15674200927734394,-0.8000000000000007,-50645.86221817287,LIKELY_CUSTOMER_SELL,95.0,IV down; option price down; volume confirms,-50645.86221817287,DRAM
DRAM260717C00056000,3708,0.500005,0.005,4277.0,217028.25466047,0.0210584173741083,0.0110416202887511,52.720001220703125,2759.0,0.85937640625,0.255,8058.0,429831.2146128956,0.0568694216275011,0.0697443780859626,52.34000015258789,949.0,-0.35937140624999997,-0.25,-212802.95995242562,LIKELY_CUSTOMER_SELL,95.0,IV down; option price down; volume confirms,-212802.95995242562,DRAM
DRAM260724P00052500,1231,1.0224658251953125,3.065,315.0,-181829.2856391084,0.0531440877202766,-0.4578908911413553,52.720001220703125,320.0,1.0273486132812502,3.45,1251.0,-43847.97402907932,0.0500186670915885,-0.475383402610762,52.34000015258789,911.0,-0.004882788085937673,-0.38500000000000023,-137981.31161002908,LIKELY_CUSTOMER_SELL,95.0,IV down; option price down,-137981.31161002908,DRAM
DRAM260724P00045000,2801,1.1162153564453123,0.725,1524.0,-206618.56330504944,0.0265402741909319,-0.1342478236896289,52.720001220703125,1901.0,1.1142622412109375,0.91,1207.0,-145398.79030744798,0.0279197314906205,-0.1577494351696595,52.34000015258789,900.0,0.0019531152343748026,-0.18500000000000005,-61219.77299760145,LIKELY_CUSTOMER_BUY,65.0,IV up; option price down; volume confirms,61219.77299760145,DRAM
DRAM260731C00052000,906,1.1435589697265625,5.199999999999999,1668.0,83711.25601404066,0.0332433542229996,0.5715145215180275,52.720001220703125,9.0,1.0932662524414063,4.925,1094.0,838.7413557438271,0.0340187309674006,0.5586854241915064,52.34000015258789,897.0,0.05029271728515616,0.27499999999999947,82872.51465829683,LIKELY_CUSTOMER_BUY,95.0,IV up; option price up; volume confirms,-82872.51465829683,DRAM
DRAM260731C00057000,1253,1.0991255981445316,3.02,253.0,118722.1645602404,0.0340902284704334,0.4021232166797841,52.720001220703125,380.0,1.08203583984375,2.945,1137.0,34862.72311449855,0.0334896239488763,0.3929418962569954,52.34000015258789,873.0,0.017089758300781632,0.07500000000000018,83859.44144574186,LIKELY_CUSTOMER_BUY,95.0,IV up; option price up,-83859.44144574186,DRAM
DRAM260717C00052000,1154,0.6113320117187502,0.74,16266.0,685726.1520174443,0.2137932949788634,0.6733447674711492,52.720001220703125,288.0,0.911133701171875,1.58,1850.0,124435.84631306597,0.1577195680406928,0.5646612278240152,52.34000015258789,866.0,-0.2998016894531248,-0.8400000000000001,561290.3057043783,LIKELY_CUSTOMER_SELL,95.0,IV down; option price down; volume confirms,561290.3057043783,DRAM
DRAM260724C00057000,1243,1.0068409033203125,1.5550000000000002,2751.0,166724.5141793402,0.0482589100201188,0.3139809573932533,52.720001220703125,379.0,1.036137631835938,1.69,1180.0,46117.0920235419,0.0444176180590842,0.3178932702781633,52.34000015258789,864.0,-0.029296728515625592,-0.1349999999999998,120607.42215579831,LIKELY_CUSTOMER_SELL,95.0,IV down; option price down; volume confirms,120607.42215579831,DRAM
DRAM260724C00057500,979,0.9970703417968748,1.395,1842.0,127909.89590120586,0.0470078762051488,0.2898041078750314,52.720001220703125,124.0,0.9970703417968748,1.445,950.0,15018.227971551214,0.0442109216084573,0.2886893039439577,52.34000015258789,855.0,0.0,-0.050000000000000044,112891.66792965465,LIKELY_CUSTOMER_SELL,65.0,option price down; volume confirms,112891.66792965465,DRAM
DRAM260821C00050000,2179,1.0664109179687502,8.275,1013.0,131113.96915282405,0.0216491530768549,0.6319940109920024,52.720001220703125,1350.0,1.0341845166015626,7.925000000000001,951.0,82580.65398368932,0.0223294029142174,0.6237577020329573,52.34000015258789,829.0,0.032226401367187574,0.34999999999999964,48533.31516913473,LIKELY_CUSTOMER_BUY,95.0,IV up; option price up; volume confirms,-48533.31516913473,DRAM
DRAM260821P00049000,913,1.027592752685547,4.825,437.0,-55681.35687948583,0.0219426062054815,-0.3441670977638527,52.720001220703125,112.0,1.0283251708984378,5.05,949.0,-6742.492391206381,0.021975309643377,-0.3527623859101017,52.34000015258789,801.0,-0.0007324182128907175,-0.22499999999999964,-48938.86448827945,LIKELY_CUSTOMER_SELL,95.0,IV down; option price down; volume confirms,-48938.86448827945,DRAM
DRAM260724C00067500,977,1.0546922265625,0.2249999999999999,164.0,38262.851839505805,0.0140906799005556,0.0532936336816689,52.720001220703125,176.0,1.017583037109375,0.2249999999999999,804.0,6703.370477699888,0.0139031470247754,0.0539921288733463,52.34000015258789,801.0,0.037109189453125024,0.0,31559.481361805916,LIKELY_CUSTOMER_BUY,80.0,IV up,-31559.481361805916,DRAM
DRAM260821C00066000,1486,1.0419969775390627,2.8,63.0,84478.31378391726,0.020453875300931,0.3004734422362972,52.720001220703125,723.0,1.001958115234375,2.54,1002.0,40850.69430408994,0.0206249880610128,0.2853325291996145,52.34000015258789,763.0,0.04003886230468767,0.2599999999999998,43627.61947982731,LIKELY_CUSTOMER_BUY,95.0,IV up; option price up,-43627.61947982731,DRAM
DRAM260724C00060000,3175,1.00391123046875,0.885,6165.0,333162.4977882918,0.0377538769937421,0.1961748739773325,52.720001220703125,2445.0,1.0078174609375,0.95,3727.0,241470.63357568972,0.0360510583673899,0.2018763981643789,52.34000015258789,730.0,-0.0039062304687498273,-0.06499999999999995,91691.86421260206,LIKELY_CUSTOMER_SELL,95.0,IV down; option price down; volume confirms,91691.86421260206,DRAM
DRAM260724P00050000,5802,1.0312548437500002,1.95,10324.0,-772985.8383792893,0.0479339247407969,-0.3271865219344253,52.720001220703125,5074.0,1.0190478735351562,2.225,3230.0,-652247.8397404747,0.0469239698807491,-0.3503364623067921,52.34000015258789,728.0,0.01220697021484396,-0.27500000000000013,-120737.99863881455,LIKELY_CUSTOMER_BUY,65.0,IV up; option price down; volume confirms,120737.99863881455,DRAM
DRAM260717P00051000,3075,0.437505625,0.02,1255.0,-966176.5135732642,0.1130473881329976,-0.0715054843937053,52.720001220703125,2362.0,0.9345709667968748,0.855,1133.0,-863409.6484325778,0.1334349401243301,-0.2888043725246005,52.34000015258789,713.0,-0.4970653417968748,-0.835,-102766.8651406864,LIKELY_CUSTOMER_SELL,95.0,IV down; option price down; volume confirms,-102766.8651406864,DRAM
DRAM260724P00043000,1031,1.15625421875,0.4649999999999999,309.0,-53886.207373492194,0.0188047744844818,-0.0872976487827303,52.720001220703125,343.0,1.0966842041015623,0.515,1177.0,-19017.09166012571,0.0202386966306482,-0.0972769320885129,52.34000015258789,688.0,0.0595700146484377,-0.0500000000000001,-34869.11571336648,LIKELY_CUSTOMER_BUY,65.0,IV up; option price down,34869.11571336648,DRAM
DRAM260821P00045000,23708,1.0539598083496091,3.2750000000000004,2257.0,-1228739.84510999,0.0186472245137949,-0.2546051139761154,52.720001220703125,23029.0,1.0258837768554687,3.3,1931.0,-1214301.3065677097,0.0192479261358025,-0.2603328277052621,52.34000015258789,679.0,0.028076031494140397,-0.024999999999999467,-14438.53854228044,LIKELY_CUSTOMER_BUY,65.0,IV up; option price down; volume confirms,14438.53854228044,DRAM
DRAM260724C00063000,1210,1.0273486132812502,0.52,542.0,89630.80975693373,0.0266514674382629,0.1198821014156918,52.720001220703125,535.0,1.0166064794921876,0.5549999999999999,1012.0,38288.58477823508,0.0261245063713408,0.1249484778895783,52.34000015258789,675.0,0.010742133789062525,-0.03499999999999992,51342.22497869864,LIKELY_CUSTOMER_BUY,65.0,IV up; option price down; volume confirms,-51342.22497869864,DRAM
DRAM260724C00058000,1315,1.0048877880859377,1.295,3120.0,164923.47842209603,0.0451238253750082,0.2706709575921701,52.720001220703125,663.0,1.0004932788085936,1.335,1548.0,77442.34284927328,0.0426380677751826,0.2698526409195946,52.34000015258789,652.0,0.004394509277344083,-0.040000000000000036,87481.13557282275,LIKELY_CUSTOMER_BUY,65.0,IV up; option price down; volume confirms,-87481.13557282275,DRAM
DRAM260731P00065000,6936,0.9799806689453124,13.15,1360.0,-466983.9551185194,0.024223787684406,-0.8381897725010112,52.720001220703125,6328.0,1.057133620605469,13.775,1102.0,-412710.1698628551,0.0238073612054464,-0.814878232226905,52.34000015258789,608.0,-0.07715295166015645,-0.625,-54273.78525566432,LIKELY_CUSTOMER_SELL,95.0,IV down; option price down; volume confirms,-54273.78525566432,DRAM
DRAM260717P00052500,1235,0.36524072265625,0.175,1217.0,-1321985.1439650108,0.3851312807047801,-0.4074810891069423,52.720001220703125,636.0,0.868165380859375,1.425,2764.0,-291985.41764921683,0.1675855648993612,-0.5167650511719668,52.34000015258789,599.0,-0.502924658203125,-1.25,-1029999.7263157939,LIKELY_CUSTOMER_SELL,95.0,IV down; option price down; volume confirms,-1029999.7263157939,DRAM
DRAM260724C00060500,1517,1.0439500927734378,0.89,765.0,150562.5217415044,0.0357092292111432,0.1909169571991504,52.720001220703125,932.0,0.98242205078125,0.81,750.0,87843.99047765168,0.0344055658380208,0.179469877022233,52.34000015258789,585.0,0.061528041992187754,0.07999999999999996,62718.531263852725,LIKELY_CUSTOMER_BUY,95.0,IV up; option price up; volume confirms,-62718.531263852725,DRAM
DRAM260724C00054000,581,0.9741213525390624,2.47,7145.0,90087.80589501096,0.055787776719885,0.4583107560188771,52.720001220703125,10.0,1.0253954980468751,2.645,1012.0,1364.944558291809,0.0498250303938938,0.450658002521428,52.34000015258789,571.0,-0.05127414550781273,-0.17499999999999982,88722.86133671914,LIKELY_CUSTOMER_SELL,95.0,IV down; option price down; volume confirms,88722.86133671914,DRAM
DRAM260821C00055000,1741,1.0542039477539062,6.0,911.0,112053.8635136902,0.0231567304721582,0.5180573867474625,52.720001220703125,1201.0,1.0127002490234376,5.625,1413.0,78840.33978654582,0.0239628263613457,0.5062070688191005,52.34000015258789,540.0,0.04150369873046866,0.375,33213.52372714438,LIKELY_CUSTOMER_BUY,95.0,IV up; option price up; volume confirms,-33213.52372714438,DRAM
DRAM260724C00062000,1377,1.0185595947265624,0.6200000000000001,1071.0,115394.47307932348,0.0301508975396245,0.1415212992419755,52.720001220703125,874.0,1.0517625537109376,0.745,1055.0,70784.07940899479,0.0295635590757444,0.1576255007391419,52.34000015258789,503.0,-0.0332029589843752,-0.12499999999999989,44610.39367032869,LIKELY_CUSTOMER_SELL,95.0,IV down; option price down; volume confirms,44610.39367032869,DRAM
DRAM260821P00060000,51102,0.9680178979492188,11.05,286.0,-3458264.879310452,0.0243483498483729,-0.6059730633473692,52.720001220703125,50612.0,0.9770510107421876,11.425,1965.0,-3312773.921986958,0.0238930097463789,-0.6098157245850682,52.34000015258789,490.0,-0.009033112792968812,-0.375,-145490.9573234939,LIKELY_CUSTOMER_SELL,95.0,IV down; option price down; volume confirms,-145490.9573234939,DRAM
DRAM260731C00055000,611,1.076176494140625,3.625,2324.0,60734.5435616815,0.0357638066640081,0.4648527625072464,52.720001220703125,130.0,1.08203583984375,3.625,761.0,12301.969834464357,0.034543303337482,0.4566707494865945,52.34000015258789,481.0,-0.005859345703124852,0.0,48432.57372721715,LIKELY_CUSTOMER_SELL,80.0,IV down; volume confirms,48432.57372721715,DRAM
DRAM260717P00051500,823,0.3398503515625,0.025,1658.0,-401156.9661821025,0.1753733830053044,-0.0915546409823673,52.720001220703125,351.0,0.86914193359375,0.955,1678.0,-149837.06625915648,0.1558277161401053,-0.3516777525151797,52.34000015258789,472.0,-0.52929158203125,-0.9299999999999999,-251319.89992294603,LIKELY_CUSTOMER_SELL,95.0,IV down; option price down; volume confirms,-251319.89992294603,DRAM
DRAM260821C00115000,1686,1.1484417578125,0.15,958.0,13372.844893316951,0.0028537466444796,0.0225069934262831,52.720001220703125,1230.0,1.171879140625,0.18,958.0,10544.630266806502,0.0031293836256945,0.0259405175957376,52.34000015258789,456.0,-0.023437382812500074,-0.03,2828.2146265104493,LIKELY_CUSTOMER_SELL,95.0,IV down; option price down; volume confirms,2828.2146265104493,DRAM
DRAM260828P00045000,824,1.036137631835938,3.7,326.0,-40194.31389998788,0.0175503824501205,-0.2613099625458095,52.720001220703125,377.0,0.999023447265625,3.65,517.0,-18874.2336370842,0.0182751326248572,-0.2657086994427811,52.34000015258789,447.0,0.037114184570313125,0.050000000000000266,-21320.08026290368,LIKELY_CUSTOMER_BUY,95.0,IV up; option price up; volume confirms,21320.08026290368,DRAM
DRAM260724P00048000,1136,1.0722702636718753,1.365,2641.0,-124959.43012416124,0.0395767275590198,-0.238526633436376,52.720001220703125,715.0,1.0830123974609376,1.66,661.0,-76570.02289847954,0.039091766501715,-0.2658212948297741,52.34000015258789,421.0,-0.010742133789062303,-0.29499999999999993,-48389.4072256817,LIKELY_CUSTOMER_SELL,95.0,IV down; option price down; volume confirms,-48389.4072256817,DRAM
DRAM260807C00070000,2152,1.1220747021484376,1.31,903.0,111131.52351509572,0.0185799344686106,0.1813539805470421,52.720001220703125,1732.0,1.0322314013671878,1.025,1173.0,85603.5585484585,0.0180416599058078,0.1560043318311393,52.34000015258789,420.0,0.0898433007812498,0.28500000000000014,25527.964966637213,LIKELY_CUSTOMER_BUY,95.0,IV up; option price up; volume confirms,-25527.964966637213,DRAM
DRAM260821C00100000,8297,1.0810592822265626,0.28,293.0,116023.90315608466,0.0050312460654975,0.0415046329293446,52.720001220703125,7891.0,1.0234423828125,0.205,2176.0,94108.91014979428,0.0043534269503036,0.0327921035591016,52.34000015258789,406.0,0.05761689941406245,0.07500000000000004,21914.993006290388,LIKELY_CUSTOMER_BUY,95.0,IV up; option price up; volume confirms,-21914.993006290388,DRAM
DRAM260724C00052000,414,1.020024431152344,3.525,884.0,60721.569375204745,0.0527705746091962,0.5688345226842674,52.720001220703125,9.0,1.0268603344726563,3.5250000000000004,569.0,1226.5986994106463,0.0497499388511837,0.5495989735263755,52.34000015258789,405.0,-0.006835903320312253,-4.440892098500626e-16,59494.970675794095,LIKELY_CUSTOMER_SELL,95.0,IV down; option price down; volume confirms,59494.970675794095,DRAM
DRAM260717C00050000,1595,1.001958115234375,2.94,5037.0,373092.2360030741,0.0841598011842588,0.8504490214767533,52.720001220703125,1190.0,1.015629921875,2.98,1227.0,314832.6181621784,0.0965751342351008,0.813002598496249,52.34000015258789,405.0,-0.01367180664062495,-0.040000000000000036,58259.61784089572,LIKELY_CUSTOMER_SELL,95.0,IV down; option price down; volume confirms,58259.61784089572,DRAM
DRAM260717P00053000,7598,0.3183661914062499,0.41,5000.0,-9159531.162986582,0.433733665081515,-0.6190404198388426,52.720001220703125,7196.0,0.8085956640624999,1.615,7818.0,-3420946.7431810587,0.1735352554349148,-0.6073133306620697,52.34000015258789,402.0,-0.49022947265625005,-1.205,-5738584.419805523,LIKELY_CUSTOMER_SELL,95.0,IV down; option price down; volume confirms,-5738584.419805523,DRAM
DRAM260821C00057000,938,1.031987261962891,5.125,1881.0,61572.37919082818,0.0236174102494882,0.4711137111056081,52.720001220703125,542.0,1.021977546386719,4.975,624.0,35109.132010064954,0.0236457648868424,0.462964563525771,52.34000015258789,396.0,0.010009715576172029,0.15000000000000036,26463.247180763225,LIKELY_CUSTOMER_BUY,95.0,IV up; option price up; volume confirms,-26463.247180763225,DRAM
DRAM260731P00038000,437,1.1777384863281248,0.415,63.0,-12146.439351489616,0.0100003851326508,-0.0616045883331364,52.720001220703125,60.0,1.1962930810546877,0.53,399.0,-1810.075136624995,0.0110122969402799,-0.0737711442231274,52.34000015258789,377.0,-0.018554594726562845,-0.11500000000000005,-10336.364214864621,LIKELY_CUSTOMER_SELL,95.0,IV down; option price down,-10336.364214864621,DRAM
DRAM260717P00043500,600,2.660159599609376,0.255,47.0,-31629.129779562645,0.018966411529231,-0.0733885591471608,52.720001220703125,235.0,1.453127734375,0.09,458.0,-3040.727711208828,0.0047232641096579,-0.006722583261187,52.34000015258789,365.0,1.2070318652343761,0.165,-28588.40206835382,LIKELY_CUSTOMER_BUY,95.0,IV up; option price up,28588.40206835382,DRAM
DRAM260731P00049000,521,1.0717819848632817,2.785,504.0,-46943.66394193441,0.0324181656128761,-0.3224462000810258,52.720001220703125,157.0,1.0966842041015623,3.15,408.0,-13528.090174908975,0.0314535303601955,-0.3390141422484254,52.34000015258789,364.0,-0.02490221923828062,-0.36499999999999977,-33415.57376702543,LIKELY_CUSTOMER_SELL,95.0,IV down; option price down; volume confirms,-33415.57376702543,DRAM
DRAM260731P00045000,3472,1.1098677319335937,1.55,668.0,-235253.54514636236,0.0243784246026984,-0.199290186862914,52.720001220703125,3133.0,1.125004375,1.795,698.0,-210988.15931949817,0.024582737818094,-0.2165874242637285,52.34000015258789,339.0,-0.015136643066406386,-0.24499999999999988,-24265.385826864192,LIKELY_CUSTOMER_SELL,95.0,IV down; option price down; volume confirms,-24265.385826864192,DRAM
DRAM260807C00060000,4250,1.0690964514160155,2.94,1266.0,325845.7426699601,0.0275849561401824,0.3567278513883061,52.720001220703125,3912.0,1.0288134497070316,2.725,633.0,297946.6405646653,0.027801754736973,0.3427700587557348,52.34000015258789,338.0,0.04028300170898391,0.21499999999999986,27899.10210529476,LIKELY_CUSTOMER_BUY,95.0,IV up; option price up; volume confirms,-27899.10210529476,DRAM
DRAM260717P00044500,391,1.25000375,0.005,30.0,-4007.740365120628,0.0036878393841269,-0.0043311363803906,52.720001220703125,58.0,1.3476595117187498,0.105,377.0,-1118.1907958512388,0.007037533584967,-0.0097129989436524,52.34000015258789,333.0,-0.09765576171874968,-0.09999999999999999,-2889.5495692693894,LIKELY_CUSTOMER_SELL,95.0,IV down; option price down,-2889.5495692693894,DRAM
DRAM260807P00048000,467,1.0127002490234376,2.97,50.0,-35375.66055216645,0.0272544143433174,-0.3025584950592757,52.720001220703125,143.0,1.0722702636718753,3.475,441.0,-10158.400839925444,0.0259311554726645,-0.3193219997930165,52.34000015258789,324.0,-0.0595700146484377,-0.5049999999999999,-25217.259712241008,LIKELY_CUSTOMER_SELL,95.0,IV down; option price down,-25217.259712241008,DRAM
DRAM260724P00047000,496,1.1064497802734377,1.16,2517.0,-48197.76805176149,0.0349618518018948,-0.2029457186886755,52.720001220703125,182.0,1.070805427246094,1.315,384.0,-17909.550840393924,0.0359207889724992,-0.2225473747027146,52.34000015258789,314.0,0.03564435302734359,-0.15500000000000003,-30288.21721136757,LIKELY_CUSTOMER_BUY,65.0,IV up; option price down; volume confirms,30288.21721136757,DRAM
DRAM260724P00047500,420,1.0517625537109376,1.17,2176.0,-44252.5410206545,0.037908630884678,-0.213615591740657,52.720001220703125,110.0,1.083988955078125,1.5,362.0,-11277.946347577794,0.0374256972320479,-0.2449930137634454,52.34000015258789,310.0,-0.03222640136718735,-0.33000000000000007,-32974.5946730767,LIKELY_CUSTOMER_SELL,95.0,IV down; option price down; volume confirms,-32974.5946730767,DRAM
DRAM260828C00060000,404,1.0498094384765626,4.925,1040.0,23509.091068954167,0.0209364791973886,0.4316228809648508,52.720001220703125,94.0,0.9934082690429688,4.45,378.0,5623.407779923743,0.0218375687199608,0.4143889375321206,52.34000015258789,310.0,0.056401169433593856,0.47499999999999964,17885.683289030425,LIKELY_CUSTOMER_BUY,95.0,IV up; option price up; volume confirms,-17885.683289030425,DRAM
DRAM260724C00059500,363,1.039555583496094,1.06,83.0,39637.56518447564,0.0392870591675223,0.2227151068971546,52.720001220703125,57.0,0.9711916943359374,0.95,513.0,5944.6066938555,0.0380698206978559,0.2078945248769986,52.34000015258789,306.0,0.06836388916015645,0.1100000000000001,33692.95849062014,LIKELY_CUSTOMER_BUY,95.0,IV up; option price up,-33692.95849062014,DRAM
DRAM260724P00048500,365,1.0302782861328126,1.415,763.0,-43232.56864623774,0.0426154768119094,-0.2541565810911044,52.720001220703125,67.0,1.059086735839844,1.765,523.0,-7584.8659680773635,0.0413243155322698,-0.284353304557181,52.34000015258789,298.0,-0.028808449707031336,-0.34999999999999987,-35647.70267816038,LIKELY_CUSTOMER_SELL,95.0,IV down; option price down; volume confirms,-35647.70267816038,DRAM
DRAM260821C00065000,18305,1.0173388977050783,2.86,5177.0,1081183.6090839608,0.0212509767723174,0.310306602956756,52.720001220703125,18008.0,0.9975586181640624,2.71,4686.0,1047239.1802595056,0.0212281897489722,0.3007568798415679,52.34000015258789,297.0,0.01978027954101591,0.1499999999999999,33944.42882445513,LIKELY_CUSTOMER_BUY,95.0,IV up; option price up; volume confirms,-33944.42882445513,DRAM
DRAM260717P00048500,525,0.6562534375000001,0.005,297.0,-16014.56080676004,0.0109750095321368,-0.0071581476910327,52.720001220703125,230.0,1.12109814453125,0.405,403.0,-33809.01424782804,0.0536583400355572,-0.0918075911715088,52.34000015258789,295.0,-0.4648447070312499,-0.4,17794.453441068,LIKELY_CUSTOMER_SELL,95.0,IV down; option price down; volume confirms,17794.453441068,DRAM
DRAM260821C00064000,1012,1.0258837768554687,3.125,25.0,60834.72253471432,0.0216281909799862,0.3301790752303919,52.720001220703125,722.0,1.0014698364257812,2.94,359.0,42927.83838355161,0.0217037302758759,0.3192975370558401,52.34000015258789,290.0,0.024413940429687475,0.18500000000000005,17906.88415116271,LIKELY_CUSTOMER_BUY,95.0,IV up; option price up,-17906.88415116271,DRAM
DRAM260717C00052500,309,0.2031329687499999,0.275,1961.0,562210.6643542948,0.6546207639555192,0.6587018376264239,52.720001220703125,23.0,0.877930908203125,1.2799999999999998,898.0,10442.19061742321,0.1657281725987605,0.4836239369083115,52.34000015258789,286.0,-0.6747979394531252,-1.005,551768.4737368716,LIKELY_CUSTOMER_SELL,95.0,IV down; option price down; volume confirms,551768.4737368716,DRAM
DRAM260731P00048000,758,1.0351610742187505,2.26,356.0,-66786.11010557598,0.0317005005821906,-0.2838029881383306,52.720001220703125,481.0,1.1030318286132816,2.76,606.0,-39513.61290025804,0.0299870832540136,-0.3063367222470098,52.34000015258789,277.0,-0.06787075439453116,-0.5,-27272.497205317937,LIKELY_CUSTOMER_SELL,95.0,IV down; option price down; volume confirms,-27272.497205317937,DRAM
DRAM260731P00040000,8398,1.1728556982421874,0.6599999999999999,743.0,-320241.3197791935,0.0137198913876944,-0.0928185756815473,52.720001220703125,8123.0,1.1845743896484375,0.8,479.0,-324746.75879569305,0.014593549408777,-0.1062705578115588,52.34000015258789,275.0,-0.011718691406250148,-0.14000000000000012,4505.439016499557,LIKELY_CUSTOMER_SELL,95.0,IV down; option price down; volume confirms,4505.439016499557,DRAM
DRAM260828P00040000,796,1.0703171484375005,2.185,393.0,-29233.63437080568,0.0132135319713005,-0.16986121895443,52.720001220703125,524.0,1.0376024682617189,2.155,484.0,-19633.94601928325,0.0136775674927528,-0.1719997350842621,52.34000015258789,272.0,0.03271468017578161,0.03000000000000025,-9599.688351522433,LIKELY_CUSTOMER_BUY,95.0,IV up; option price up; volume confirms,9599.688351522433,DRAM
DRAM260821P00035000,1177,1.1435589697265625,0.965,646.0,-28305.063242911598,0.00865240507656,-0.0893604901255677,52.720001220703125,910.0,1.1005904345703126,0.925,671.0,-22146.15649643824,0.0088836109978401,-0.0887530986686542,52.34000015258789,267.0,0.042968535156249876,0.039999999999999925,-6158.906746473356,LIKELY_CUSTOMER_BUY,95.0,IV up; option price up; volume confirms,6158.906746473356,DRAM
DRAM260724C00053000,310,1.0058643457031249,3.0,3518.0,46774.140757896224,0.0542866823403876,0.5148089244871435,52.720001220703125,45.0,1.0224658251953125,3.05,409.0,6207.3833542146085,0.0503533784026368,0.4994795832498858,52.34000015258789,265.0,-0.0166014794921876,-0.04999999999999982,40566.757403681615,LIKELY_CUSTOMER_SELL,95.0,IV down; option price down; volume confirms,40566.757403681615,DRAM
DRAM261120P00030000,767,0.9436040795898436,1.755,118.0,-12191.032119678091,0.0057186601542341,-0.093576556824664,52.720001220703125,503.0,0.963867548828125,1.925,379.0,-8062.898198647526,0.0058513456340771,-0.0989312825476156,52.34000015258789,264.0,-0.020263469238281373,-0.17000000000000015,-4128.133921030565,LIKELY_CUSTOMER_SELL,95.0,IV down; option price down,-4128.133921030565,DRAM
DRAM260724C00061500,438,1.0078174609375,0.665,1317.0,38896.002256032494,0.0319506746518938,0.1518735858242528,52.720001220703125,175.0,1.0078174609375,0.72,340.0,14847.930130165669,0.0309713707743246,0.1585504209253933,52.34000015258789,263.0,0.0,-0.05499999999999994,24048.072125866827,LIKELY_CUSTOMER_SELL,65.0,option price down; volume confirms,24048.072125866827,DRAM
DRAM260717P00040500,280,3.519532451171875,0.29,97.0,-10006.832477677195,0.0128584249617671,-0.0637416439541065,52.720001220703125,26.0,2.2734418164062498,0.215,264.0,-391.962572098014,0.0055030544730281,-0.0133600013772429,52.34000015258789,254.0,1.246090634765625,0.07499999999999998,-9614.86990557918,LIKELY_CUSTOMER_BUY,95.0,IV up; option price up,9614.86990557918,DRAM
DRAM260724P00044000,408,1.1347699511718752,0.5800000000000001,2225.0,-25502.14290711486,0.0224887692706342,-0.1086027431357272,52.720001220703125,162.0,1.1181684716796876,0.715,306.0,-10711.28240697722,0.0241356509318961,-0.127857943982904,52.34000015258789,246.0,0.0166014794921876,-0.1349999999999999,-14790.86050013764,LIKELY_CUSTOMER_BUY,65.0,IV up; option price down; volume confirms,14790.86050013764,DRAM
DRAM261120P00050000,4881,0.87695435546875,9.175,139.0,-184849.2080264593,0.0136256730342877,-0.3492923813570201,52.720001220703125,4636.0,0.8874522973632811,9.475,2478.0,-172320.25621910408,0.0135683008697615,-0.3535699797371467,52.34000015258789,245.0,-0.010497941894531126,-0.29999999999999893,-12528.951807355217,LIKELY_CUSTOMER_SELL,95.0,IV down; option price down; volume confirms,-12528.951807355217,DRAM
